date,corridor_id,tanker_count,vessel_count,rolling_median_28d,rolling_std_28d,anomaly_flag,anomaly_type,data_availability
2023-11-21,BAB_EL_MANDEB,27.0,86.0,,,False,NORMAL,OBSERVED
2023-11-22,BAB_EL_MANDEB,26.0,84.0,,,False,NORMAL,OBSERVED
2023-11-23,BAB_EL_MANDEB,25.0,75.0,,,False,NORMAL,OBSERVED
2023-11-24,BAB_EL_MANDEB,25.0,84.0,,,False,NORMAL,OBSERVED
2023-11-25,BAB_EL_MANDEB,31.0,73.0,,,False,NORMAL,OBSERVED
2023-11-26,BAB_EL_MANDEB,33.0,88.0,,,False,NORMAL,OBSERVED
2023-11-27,BAB_EL_MANDEB,30.0,65.0,27.0,3.184785258515421,False,NORMAL,OBSERVED
2023-11-28,BAB_EL_MANDEB,26.0,77.0,26.5,3.0443155458751545,False,NORMAL,OBSERVED
2023-11-29,BAB_EL_MANDEB,40.0,88.0,27.0,4.944132324730441,True,CONGESTION,OBSERVED
2023-11-30,BAB_EL_MANDEB,26.0,72.0,26.5,4.771442828607157,False,NORMAL,OBSERVED
2023-12-01,BAB_EL_MANDEB,24.0,64.0,26.0,4.761588734102019,False,NORMAL,OBSERVED
2023-12-02,BAB_EL_MANDEB,22.0,67.0,26.0,4.907477288111819,False,NORMAL,OBSERVED
2023-12-03,BAB_EL_MANDEB,35.0,90.0,26.0,5.092729860879863,False,NORMAL,OBSERVED
2023-12-04,BAB_EL_MANDEB,28.0,84.0,26.5,4.894491184591505,False,NORMAL,OBSERVED
2023-12-05,BAB_EL_MANDEB,32.0,72.0,27.0,4.805750523616274,False,NORMAL,OBSERVED
2023-12-06,BAB_EL_MANDEB,27.0,66.0,27.0,4.661455423648999,False,NORMAL,OBSERVED
2023-12-07,BAB_EL_MANDEB,29.0,74.0,27.0,4.514681931340952,False,NORMAL,OBSERVED
2023-12-08,BAB_EL_MANDEB,31.0,81.0,27.5,4.4166204215114995,False,NORMAL,OBSERVED
2023-12-09,BAB_EL_MANDEB,25.0,77.0,27.0,4.376305152023305,False,NORMAL,OBSERVED
2023-12-10,BAB_EL_MANDEB,26.0,63.0,27.0,4.296877691386717,False,NORMAL,OBSERVED
2023-12-11,BAB_EL_MANDEB,23.0,61.0,27.0,4.350697809383161,False,NORMAL,OBSERVED
2023-12-12,BAB_EL_MANDEB,23.0,83.0,26.5,4.385138222386751,False,NORMAL,OBSERVED
2023-12-13,BAB_EL_MANDEB,35.0,81.0,27.0,4.53227337837035,False,NORMAL,OBSERVED
2023-12-14,BAB_EL_MANDEB,34.0,91.0,27.0,4.587119648174295,False,NORMAL,OBSERVED
2023-12-15,BAB_EL_MANDEB,27.0,76.0,27.0,4.5,False,NORMAL,OBSERVED
2023-12-16,BAB_EL_MANDEB,27.0,65.0,27.0,4.417622054384533,False,NORMAL,OBSERVED
2023-12-17,BAB_EL_MANDEB,26.0,57.0,27.0,4.3553026265302135,False,NORMAL,OBSERVED
2023-12-18,BAB_EL_MANDEB,22.0,52.0,27.0,4.43456242659227,False,NORMAL,OBSERVED
2023-12-19,BAB_EL_MANDEB,23.0,56.0,26.5,4.532510429513737,False,NORMAL,OBSERVED
2023-12-20,BAB_EL_MANDEB,18.0,63.0,26.5,4.893981834974279,False,NORMAL,OBSERVED
2023-12-21,BAB_EL_MANDEB,25.0,53.0,26.5,4.893981834974279,False,NORMAL,OBSERVED
2023-12-22,BAB_EL_MANDEB,21.0,50.0,26.5,5.0294108546601715,False,NORMAL,OBSERVED
2023-12-23,BAB_EL_MANDEB,17.0,50.0,26.0,5.350542671384548,False,NORMAL,OBSERVED
2023-12-24,BAB_EL_MANDEB,27.0,69.0,26.0,5.218379200621731,False,NORMAL,OBSERVED
2023-12-25,BAB_EL_MANDEB,22.0,60.0,26.0,5.252739270254127,False,NORMAL,OBSERVED
2023-12-26,BAB_EL_MANDEB,28.0,57.0,26.0,5.259785538911633,False,NORMAL,OBSERVED
2023-12-27,BAB_EL_MANDEB,21.0,45.0,26.0,4.648490680690414,False,NORMAL,OBSERVED
2023-12-28,BAB_EL_MANDEB,17.0,45.0,25.5,4.940251477008501,False,NORMAL,OBSERVED
2023-12-29,BAB_EL_MANDEB,25.0,68.0,25.5,4.932346533653363,False,NORMAL,OBSERVED
2023-12-30,BAB_EL_MANDEB,21.0,44.0,25.5,4.9626914953789845,False,NORMAL,OBSERVED
2023-12-31,BAB_EL_MANDEB,15.0,49.0,25.0,4.989274210028665,True,TRAFFIC_DROP,OBSERVED
2024-01-01,BAB_EL_MANDEB,16.0,35.0,25.0,5.216350971734693,False,NORMAL,OBSERVED
2024-01-02,BAB_EL_MANDEB,18.0,51.0,24.0,5.13044136224444,False,NORMAL,OBSERVED
2024-01-03,BAB_EL_MANDEB,12.0,41.0,23.0,5.559205150447491,False,NORMAL,OBSERVED
2024-01-04,BAB_EL_MANDEB,21.0,54.0,23.0,5.463200604642013,False,NORMAL,OBSERVED
2024-01-05,BAB_EL_MANDEB,18.0,45.0,22.5,5.314824032586076,False,NORMAL,OBSERVED
2024-01-06,BAB_EL_MANDEB,18.0,45.0,22.0,5.362519347901112,False,NORMAL,OBSERVED
2024-01-07,BAB_EL_MANDEB,14.0,43.0,21.5,5.537271499698717,False,NORMAL,OBSERVED
2024-01-08,BAB_EL_MANDEB,22.0,51.0,21.5,5.533328552302392,False,NORMAL,OBSERVED
2024-01-09,BAB_EL_MANDEB,13.0,53.0,21.0,5.776594811742263,False,NORMAL,OBSERVED
2024-01-10,BAB_EL_MANDEB,12.0,43.0,21.0,5.415048598373918,False,NORMAL,OBSERVED
2024-01-11,BAB_EL_MANDEB,23.0,55.0,21.0,4.776900990054438,False,NORMAL,OBSERVED
2024-01-12,BAB_EL_MANDEB,8.0,35.0,21.0,5.1295388985920845,True,TRAFFIC_DROP,OBSERVED
2024-01-13,BAB_EL_MANDEB,13.0,43.0,19.5,5.0677943607194305,False,NORMAL,OBSERVED
2024-01-14,BAB_EL_MANDEB,9.0,27.0,18.0,5.231543521662378,False,NORMAL,OBSERVED
2024-01-15,BAB_EL_MANDEB,10.0,29.0,18.0,5.4251764655667785,False,NORMAL,OBSERVED
2024-01-16,BAB_EL_MANDEB,10.0,37.0,18.0,5.545864563493568,False,NORMAL,OBSERVED
2024-01-17,BAB_EL_MANDEB,18.0,46.0,18.0,5.545864563493568,False,NORMAL,OBSERVED
2024-01-18,BAB_EL_MANDEB,11.0,32.0,17.5,5.488805346064303,False,NORMAL,OBSERVED
2024-01-19,BAB_EL_MANDEB,12.0,36.0,17.0,5.518008037182679,False,NORMAL,OBSERVED
2024-01-20,BAB_EL_MANDEB,13.0,39.0,16.5,5.5647939060607765,False,NORMAL,OBSERVED
2024-01-21,BAB_EL_MANDEB,17.0,40.0,16.5,5.185832348124753,False,NORMAL,OBSERVED
2024-01-22,BAB_EL_MANDEB,17.0,45.0,16.5,5.067794360719426,False,NORMAL,OBSERVED
2024-01-23,BAB_EL_MANDEB,11.0,35.0,15.5,4.5905066520757,False,NORMAL,OBSERVED
2024-01-24,BAB_EL_MANDEB,12.0,31.0,14.5,4.5080762330234885,False,NORMAL,OBSERVED
2024-01-25,BAB_EL_MANDEB,13.0,33.0,13.5,4.512768481218517,False,NORMAL,OBSERVED
2024-01-26,BAB_EL_MANDEB,12.0,29.0,13.0,4.103650459036077,False,NORMAL,OBSERVED
2024-01-27,BAB_EL_MANDEB,11.0,32.0,13.0,3.959283511688173,False,NORMAL,OBSERVED
2024-01-28,BAB_EL_MANDEB,11.0,31.0,13.0,4.003140301704672,False,NORMAL,OBSERVED
2024-01-29,BAB_EL_MANDEB,11.0,35.0,12.5,4.02702510756155,False,NORMAL,OBSERVED
2024-01-30,BAB_EL_MANDEB,6.0,27.0,12.0,4.211975871338845,False,NORMAL,OBSERVED
2024-01-31,BAB_EL_MANDEB,10.0,36.0,12.0,4.255093430915471,False,NORMAL,OBSERVED
2024-02-01,BAB_EL_MANDEB,10.0,32.0,12.0,4.032113156638387,False,NORMAL,OBSERVED
2024-02-02,BAB_EL_MANDEB,16.0,39.0,12.0,3.957946931850374,False,NORMAL,OBSERVED
2024-02-03,BAB_EL_MANDEB,10.0,28.0,12.0,3.868711829140429,False,NORMAL,OBSERVED
2024-02-04,BAB_EL_MANDEB,8.0,27.0,11.5,3.957946931850373,False,NORMAL,OBSERVED
2024-02-05,BAB_EL_MANDEB,17.0,50.0,11.5,3.6092180630234703,False,NORMAL,OBSERVED
2024-02-06,BAB_EL_MANDEB,11.0,37.0,11.0,3.614345316027776,False,NORMAL,OBSERVED
2024-02-07,BAB_EL_MANDEB,8.0,28.0,11.0,3.7011366765377036,False,NORMAL,OBSERVED
2024-02-08,BAB_EL_MANDEB,8.0,29.0,11.0,3.0969775332200413,False,NORMAL,OBSERVED
2024-02-09,BAB_EL_MANDEB,13.0,30.0,11.0,3.0289607416741187,False,NORMAL,OBSERVED
2024-02-10,BAB_EL_MANDEB,10.0,32.0,11.0,3.0348504840135555,False,NORMAL,OBSERVED
2024-02-11,BAB_EL_MANDEB,7.0,38.0,11.0,3.1208040613626866,False,NORMAL,OBSERVED
2024-02-12,BAB_EL_MANDEB,8.0,27.0,11.0,3.1795893382303646,False,NORMAL,OBSERVED
2024-02-13,BAB_EL_MANDEB,14.0,41.0,11.0,3.2011489339539247,False,NORMAL,OBSERVED
2024-02-14,BAB_EL_MANDEB,8.0,32.0,11.0,3.0138568866708284,False,NORMAL,OBSERVED
2024-02-15,BAB_EL_MANDEB,7.0,33.0,11.0,3.1191082024892665,False,NORMAL,OBSERVED
2024-02-16,BAB_EL_MANDEB,12.0,37.0,11.0,3.1191082024892665,False,NORMAL,OBSERVED
2024-02-17,BAB_EL_MANDEB,12.0,33.0,11.0,3.1023118193273973,False,NORMAL,OBSERVED
2024-02-18,BAB_EL_MANDEB,17.0,43.0,11.0,3.1023118193273973,False,NORMAL,OBSERVED
2024-02-19,BAB_EL_MANDEB,15.0,36.0,11.0,2.981423969999693,False,NORMAL,OBSERVED
2024-02-20,BAB_EL_MANDEB,10.0,31.0,11.0,2.987407433645939,False,NORMAL,OBSERVED
2024-02-21,BAB_EL_MANDEB,17.0,31.0,11.0,3.1939095480395254,False,NORMAL,OBSERVED
2024-02-22,BAB_EL_MANDEB,14.0,37.0,11.0,3.220922014631597,False,NORMAL,OBSERVED
2024-02-23,BAB_EL_MANDEB,22.0,45.0,11.0,3.8150010228350726,True,CONGESTION,OBSERVED
2024-02-24,BAB_EL_MANDEB,12.0,26.0,11.0,3.8144809018088424,False,NORMAL,OBSERVED
2024-02-25,BAB_EL_MANDEB,14.0,44.0,11.0,3.839883981933418,False,NORMAL,OBSERVED
2024-02-26,BAB_EL_MANDEB,12.0,38.0,11.5,3.837988891354244,False,NORMAL,OBSERVED
2024-02-27,BAB_EL_MANDEB,17.0,40.0,12.0,3.7941405674411297,False,NORMAL,OBSERVED
2024-02-28,BAB_EL_MANDEB,8.0,27.0,12.0,3.8536384236885737,False,NORMAL,OBSERVED
2024-02-29,BAB_EL_MANDEB,13.0,35.0,12.0,3.836610055710193,False,NORMAL,OBSERVED
2024-03-01,BAB_EL_MANDEB,6.0,21.0,12.0,3.928595478521845,False,NORMAL,OBSERVED
2024-03-02,BAB_EL_MANDEB,17.0,29.0,12.0,4.032113156638385,False,NORMAL,OBSERVED
2024-03-03,BAB_EL_MANDEB,19.0,53.0,12.0,4.158245458243795,False,NORMAL,OBSERVED
2024-03-04,BAB_EL_MANDEB,9.0,37.0,12.0,4.107033584927779,False,NORMAL,OBSERVED
2024-03-05,BAB_EL_MANDEB,9.0,28.0,12.0,4.144863590022479,False,NORMAL,OBSERVED
2024-03-06,BAB_EL_MANDEB,14.0,35.0,12.0,4.081186672535883,False,NORMAL,OBSERVED
2024-03-07,BAB_EL_MANDEB,11.0,30.0,12.0,4.003140301704667,False,NORMAL,OBSERVED
2024-03-08,BAB_EL_MANDEB,8.0,29.0,12.0,4.085721685714966,False,NORMAL,OBSERVED
2024-03-09,BAB_EL_MANDEB,14.0,29.0,12.0,4.075348526011667,False,NORMAL,OBSERVED
2024-03-10,BAB_EL_MANDEB,14.0,33.0,12.5,3.9472380002588756,False,NORMAL,OBSERVED
2024-03-11,BAB_EL_MANDEB,14.0,26.0,13.5,3.8495172513943783,False,NORMAL,OBSERVED
2024-03-12,BAB_EL_MANDEB,13.0,35.0,13.0,3.8428109200422056,False,NORMAL,OBSERVED
2024-03-13,BAB_EL_MANDEB,12.0,33.0,13.0,3.7310367085616805,False,NORMAL,OBSERVED
2024-03-14,BAB_EL_MANDEB,14.0,35.0,13.5,3.5491634009384105,False,NORMAL,OBSERVED
2024-03-15,BAB_EL_MANDEB,12.0,38.0,13.5,3.5491634009384105,False,NORMAL,OBSERVED
2024-03-16,BAB_EL_MANDEB,11.0,24.0,13.5,3.566451558563018,False,NORMAL,OBSERVED
2024-03-17,BAB_EL_MANDEB,15.0,39.0,13.5,3.5058530047629137,False,NORMAL,OBSERVED
2024-03-18,BAB_EL_MANDEB,5.0,22.0,13.0,3.799192339677249,True,TRAFFIC_DROP,OBSERVED
2024-03-19,BAB_EL_MANDEB,13.0,34.0,13.0,3.761929877352349,False,NORMAL,OBSERVED
2024-03-20,BAB_EL_MANDEB,12.0,29.0,13.0,3.673874589225162,False,NORMAL,OBSERVED
2024-03-21,BAB_EL_MANDEB,9.0,26.0,12.5,3.726602492561555,False,NORMAL,OBSERVED
2024-03-22,BAB_EL_MANDEB,13.0,40.0,12.5,3.2285105580252136,False,NORMAL,OBSERVED
2024-03-23,BAB_EL_MANDEB,10.0,32.0,12.5,3.2538133915916934,False,NORMAL,OBSERVED
2024-03-24,BAB_EL_MANDEB,14.0,32.0,12.5,3.2538133915916934,False,NORMAL,OBSERVED
2024-03-25,BAB_EL_MANDEB,12.0,29.0,12.5,3.2538133915916934,False,NORMAL,OBSERVED
2024-03-26,BAB_EL_MANDEB,19.0,46.0,12.5,3.3853090642240207,False,NORMAL,OBSERVED
2024-03-27,BAB_EL_MANDEB,16.0,36.0,13.0,3.3602091141780366,False,NORMAL,OBSERVED
2024-03-28,BAB_EL_MANDEB,12.0,33.0,12.5,3.359224841297675,False,NORMAL,OBSERVED
2024-03-29,BAB_EL_MANDEB,14.0,32.0,13.0,3.127578301457197,False,NORMAL,OBSERVED
2024-03-30,BAB_EL_MANDEB,11.0,25.0,12.5,3.024371901209448,False,NORMAL,OBSERVED
2024-03-31,BAB_EL_MANDEB,13.0,37.0,12.5,2.743679605525695,False,NORMAL,OBSERVED
2024-04-01,BAB_EL_MANDEB,15.0,34.0,13.0,2.7145989794161998,False,NORMAL,OBSERVED
2024-04-02,BAB_EL_MANDEB,11.0,29.0,13.0,2.6455013227509645,False,NORMAL,OBSERVED
2024-04-03,BAB_EL_MANDEB,10.0,23.0,12.5,2.671374812010333,False,NORMAL,OBSERVED
2024-04-04,BAB_EL_MANDEB,10.0,31.0,12.5,2.6972453123755966,False,NORMAL,OBSERVED
2024-04-05,BAB_EL_MANDEB,7.0,30.0,12.5,2.7628966472884464,False,NORMAL,OBSERVED
2024-04-06,BAB_EL_MANDEB,9.0,33.0,12.0,2.8115408417381667,False,NORMAL,OBSERVED
2024-04-07,BAB_EL_MANDEB,13.0,27.0,12.0,2.7933689432135362,False,NORMAL,OBSERVED
2024-04-08,BAB_EL_MANDEB,9.0,27.0,12.0,2.8274916436143274,False,NORMAL,OBSERVED
2024-04-09,BAB_EL_MANDEB,16.0,38.0,12.0,2.9247620081354757,False,NORMAL,OBSERVED
2024-04-10,BAB_EL_MANDEB,18.0,34.0,12.0,3.134337900430317,False,NORMAL,OBSERVED
2024-04-11,BAB_EL_MANDEB,16.0,40.0,12.0,3.1978415339397803,False,NORMAL,OBSERVED
2024-04-12,BAB_EL_MANDEB,10.0,31.0,12.0,3.2274861218394912,False,NORMAL,OBSERVED
2024-04-13,BAB_EL_MANDEB,13.0,32.0,12.5,3.2209220146315984,False,NORMAL,OBSERVED
2024-04-14,BAB_EL_MANDEB,10.0,30.0,12.0,3.20548471765693,False,NORMAL,OBSERVED
2024-04-15,BAB_EL_MANDEB,14.0,28.0,12.5,2.899324862116094,False,NORMAL,OBSERVED
2024-04-16,BAB_EL_MANDEB,9.0,41.0,12.0,2.9696435928883655,False,NORMAL,OBSERVED
2024-04-17,BAB_EL_MANDEB,13.0,31.0,12.5,2.97164732609502,False,NORMAL,OBSERVED
2024-04-18,BAB_EL_MANDEB,15.0,40.0,13.0,2.93672242888879,False,NORMAL,OBSERVED
2024-04-19,BAB_EL_MANDEB,8.0,27.0,12.5,3.059160932096489,False,NORMAL,OBSERVED
2024-04-20,BAB_EL_MANDEB,12.0,27.0,12.5,3.0243719012094474,False,NORMAL,OBSERVED
2024-04-21,BAB_EL_MANDEB,11.0,34.0,12.0,3.0210898905831947,False,NORMAL,OBSERVED
2024-04-22,BAB_EL_MANDEB,10.0,29.0,12.0,3.0533180841096748,False,NORMAL,OBSERVED
2024-04-23,BAB_EL_MANDEB,7.0,18.0,11.5,2.9150222121545406,False,NORMAL,OBSERVED
2024-04-24,BAB_EL_MANDEB,9.0,32.0,11.0,2.84591046050402,False,NORMAL,OBSERVED
2024-04-25,BAB_EL_MANDEB,14.0,40.0,11.0,2.881017971180396,False,NORMAL,OBSERVED
2024-04-26,BAB_EL_MANDEB,21.0,47.0,11.0,3.354693466468748,True,CONGESTION,OBSERVED
2024-04-27,BAB_EL_MANDEB,16.0,40.0,11.5,3.435536355928999,False,NORMAL,OBSERVED
2024-04-28,BAB_EL_MANDEB,12.0,30.0,11.5,3.4311057652725636,False,NORMAL,OBSERVED
2024-04-29,BAB_EL_MANDEB,4.0,26.0,11.0,3.7023873322049665,False,NORMAL,OBSERVED
2024-04-30,BAB_EL_MANDEB,17.0,35.0,11.5,3.8329882522385574,False,NORMAL,OBSERVED
2024-05-01,BAB_EL_MANDEB,16.0,35.0,12.0,3.8905325324746016,False,NORMAL,OBSERVED
2024-05-02,BAB_EL_MANDEB,18.0,38.0,12.5,4.0216017236022115,False,NORMAL,OBSERVED
2024-05-03,BAB_EL_MANDEB,14.0,28.0,13.0,3.889342377187174,False,NORMAL,OBSERVED
2024-05-04,BAB_EL_MANDEB,13.0,33.0,13.0,3.82348631736109,False,NORMAL,OBSERVED
2024-05-05,BAB_EL_MANDEB,10.0,29.0,13.0,3.8591264740685807,False,NORMAL,OBSERVED
2024-05-06,BAB_EL_MANDEB,8.0,32.0,13.0,3.898853446983876,False,NORMAL,OBSERVED
2024-05-07,BAB_EL_MANDEB,11.0,27.0,12.5,3.8536384236885732,False,NORMAL,OBSERVED
2024-05-08,BAB_EL_MANDEB,12.0,35.0,12.0,3.698097609031673,False,NORMAL,OBSERVED
2024-05-09,BAB_EL_MANDEB,12.0,36.0,12.0,3.6243955890938886,False,NORMAL,OBSERVED
2024-05-10,BAB_EL_MANDEB,10.0,30.0,12.0,3.6243955890938886,False,NORMAL,OBSERVED
2024-05-11,BAB_EL_MANDEB,11.0,30.0,12.0,3.6258551262874867,False,NORMAL,OBSERVED
2024-05-12,BAB_EL_MANDEB,18.0,35.0,12.0,3.77176225075101,False,NORMAL,OBSERVED
2024-05-13,BAB_EL_MANDEB,6.0,25.0,12.0,3.9391871962621448,False,NORMAL,OBSERVED
2024-05-14,BAB_EL_MANDEB,12.0,27.0,12.0,3.8941008158522314,False,NORMAL,OBSERVED
2024-05-15,BAB_EL_MANDEB,10.0,29.0,12.0,3.9108788711712092,False,NORMAL,OBSERVED
2024-05-16,BAB_EL_MANDEB,19.0,36.0,12.0,4.092029935705363,False,NORMAL,OBSERVED
2024-05-17,BAB_EL_MANDEB,7.0,35.0,12.0,4.133998922344675,False,NORMAL,OBSERVED
2024-05-18,BAB_EL_MANDEB,13.0,36.0,12.0,4.137037510716964,False,NORMAL,OBSERVED
2024-05-19,BAB_EL_MANDEB,15.0,31.0,12.0,4.163808543545373,False,NORMAL,OBSERVED
2024-05-20,BAB_EL_MANDEB,17.0,35.0,12.0,4.228900316110293,False,NORMAL,OBSERVED
2024-05-21,BAB_EL_MANDEB,15.0,41.0,12.5,4.107033584927779,False,NORMAL,OBSERVED
2024-05-22,BAB_EL_MANDEB,9.0,31.0,12.5,4.107033584927779,False,NORMAL,OBSERVED
2024-05-23,BAB_EL_MANDEB,12.0,33.0,12.0,4.103811623511694,False,NORMAL,OBSERVED
2024-05-24,BAB_EL_MANDEB,10.0,33.0,12.0,3.8038896828873163,False,NORMAL,OBSERVED
2024-05-25,BAB_EL_MANDEB,7.0,25.0,12.0,3.867514958946094,False,NORMAL,OBSERVED
2024-05-26,BAB_EL_MANDEB,13.0,28.0,12.0,3.871446142992963,False,NORMAL,OBSERVED
2024-05-27,BAB_EL_MANDEB,9.0,25.0,12.0,3.5886357962750592,False,NORMAL,OBSERVED
2024-05-28,BAB_EL_MANDEB,9.0,35.0,12.0,3.5171537314098487,False,NORMAL,OBSERVED
2024-05-29,BAB_EL_MANDEB,9.0,39.0,11.5,3.4707774772082622,False,NORMAL,OBSERVED
2024-05-30,BAB_EL_MANDEB,11.0,31.0,11.0,3.248931448269632,False,NORMAL,OBSERVED
2024-05-31,BAB_EL_MANDEB,3.0,26.0,11.0,3.5832871905482184,True,TRAFFIC_DROP,OBSERVED
2024-06-01,BAB_EL_MANDEB,14.0,29.0,11.0,3.60775179521442,False,NORMAL,OBSERVED
2024-06-02,BAB_EL_MANDEB,6.0,28.0,11.0,3.7317456941659066,False,NORMAL,OBSERVED
2024-06-03,BAB_EL_MANDEB,9.0,27.0,11.0,3.7066720908947217,False,NORMAL,OBSERVED
2024-06-04,BAB_EL_MANDEB,10.0,26.0,10.5,3.711842908553329,False,NORMAL,OBSERVED
2024-06-05,BAB_EL_MANDEB,9.0,33.0,10.0,3.725182428685069,False,NORMAL,OBSERVED
2024-06-06,BAB_EL_MANDEB,13.0,43.0,10.0,3.740950279636025,False,NORMAL,OBSERVED
2024-06-07,BAB_EL_MANDEB,12.0,34.0,10.5,3.7416573867739227,False,NORMAL,OBSERVED
2024-06-08,BAB_EL_MANDEB,16.0,41.0,10.5,3.8591264740685816,False,NORMAL,OBSERVED
2024-06-09,BAB_EL_MANDEB,12.0,25.0,10.5,3.6258551262874885,False,NORMAL,OBSERVED
2024-06-10,BAB_EL_MANDEB,13.0,32.0,11.5,3.510377660986234,False,NORMAL,OBSERVED
2024-06-11,BAB_EL_MANDEB,9.0,28.0,10.5,3.5312287832391402,False,NORMAL,OBSERVED
2024-06-12,BAB_EL_MANDEB,7.0,32.0,10.5,3.6106837353937404,False,NORMAL,OBSERVED
2024-06-13,BAB_EL_MANDEB,10.0,37.0,10.0,3.255235912581561,False,NORMAL,OBSERVED
2024-06-14,BAB_EL_MANDEB,19.0,44.0,10.5,3.5312287832391402,True,CONGESTION,OBSERVED
2024-06-15,BAB_EL_MANDEB,9.0,29.0,10.0,3.532726812273854,False,NORMAL,OBSERVED
2024-06-16,BAB_EL_MANDEB,11.0,27.0,10.0,3.443228151868529,False,NORMAL,OBSERVED
2024-06-17,BAB_EL_MANDEB,16.0,31.0,10.0,3.3813994785979213,False,NORMAL,OBSERVED
2024-06-18,BAB_EL_MANDEB,16.0,37.0,10.0,3.4324548113188453,False,NORMAL,OBSERVED
2024-06-19,BAB_EL_MANDEB,14.0,37.0,10.5,3.4641016151377344,False,NORMAL,OBSERVED
2024-06-20,BAB_EL_MANDEB,10.0,26.0,10.0,3.463337840105821,False,NORMAL,OBSERVED
2024-06-21,BAB_EL_MANDEB,14.0,29.0,10.5,3.5058530047629133,False,NORMAL,OBSERVED
2024-06-22,BAB_EL_MANDEB,14.0,33.0,11.0,3.453967889238989,False,NORMAL,OBSERVED
2024-06-23,BAB_EL_MANDEB,12.0,30.0,11.0,3.441114621931344,False,NORMAL,OBSERVED
2024-06-24,BAB_EL_MANDEB,10.0,29.0,11.0,3.421647550182779,False,NORMAL,OBSERVED
2024-06-25,BAB_EL_MANDEB,10.0,25.0,11.0,3.401680257083024,False,NORMAL,OBSERVED
2024-06-26,BAB_EL_MANDEB,11.0,27.0,11.0,3.3712133372243325,False,NORMAL,OBSERVED
2024-06-27,BAB_EL_MANDEB,12.0,28.0,11.5,3.37180183567295,False,NORMAL,OBSERVED
2024-06-28,BAB_EL_MANDEB,10.0,28.0,11.5,2.9546842014263697,False,NORMAL,OBSERVED
2024-06-29,BAB_EL_MANDEB,8.0,31.0,11.0,2.999999999999976,False,NORMAL,OBSERVED
2024-06-30,BAB_EL_MANDEB,11.0,27.0,11.0,2.802823595201803,False,NORMAL,OBSERVED
2024-07-01,BAB_EL_MANDEB,4.0,17.0,11.0,3.1210159789306746,True,TRAFFIC_DROP,OBSERVED
2024-07-02,BAB_EL_MANDEB,9.0,33.0,11.0,3.14445005327895,False,NORMAL,OBSERVED
2024-07-03,BAB_EL_MANDEB,9.0,27.0,11.0,3.14445005327895,False,NORMAL,OBSERVED
2024-07-04,BAB_EL_MANDEB,15.0,30.0,11.0,3.2028013531807376,False,NORMAL,OBSERVED
2024-07-05,BAB_EL_MANDEB,18.0,33.0,11.0,3.4278273002005006,True,CONGESTION,OBSERVED
2024-07-06,BAB_EL_MANDEB,11.0,34.0,11.0,3.3269780685755843,False,NORMAL,OBSERVED
2024-07-07,BAB_EL_MANDEB,9.0,29.0,11.0,3.3607995395401673,False,NORMAL,OBSERVED
2024-07-08,BAB_EL_MANDEB,13.0,33.0,11.0,3.3607995395401673,False,NORMAL,OBSERVED
2024-07-09,BAB_EL_MANDEB,6.0,28.0,11.0,3.487695681108233,False,NORMAL,OBSERVED
2024-07-10,BAB_EL_MANDEB,15.0,32.0,11.0,3.444956439162145,False,NORMAL,OBSERVED
2024-07-11,BAB_EL_MANDEB,7.0,28.0,11.0,3.5431952816959806,False,NORMAL,OBSERVED
2024-07-12,BAB_EL_MANDEB,13.0,28.0,11.0,3.243838277794784,False,NORMAL,OBSERVED
2024-07-13,BAB_EL_MANDEB,21.0,35.0,11.0,3.6880688512894806,True,CONGESTION,OBSERVED
2024-07-14,BAB_EL_MANDEB,10.0,39.0,11.0,3.7004218263762243,False,NORMAL,OBSERVED
2024-07-15,BAB_EL_MANDEB,14.0,35.0,11.0,3.633326052126076,False,NORMAL,OBSERVED
2024-07-16,BAB_EL_MANDEB,9.0,28.0,11.0,3.5625551142121012,False,NORMAL,OBSERVED
2024-07-17,BAB_EL_MANDEB,8.0,22.0,10.5,3.5803328153654834,False,NORMAL,OBSERVED
2024-07-18,BAB_EL_MANDEB,10.0,29.0,10.5,3.5803328153654834,False,NORMAL,OBSERVED
2024-07-19,BAB_EL_MANDEB,14.0,30.0,10.5,3.5803328153654834,False,NORMAL,OBSERVED
2024-07-20,BAB_EL_MANDEB,12.0,31.0,10.5,3.5417016804991714,False,NORMAL,OBSERVED
2024-07-21,BAB_EL_MANDEB,13.0,27.0,10.5,3.556051552705965,False,NORMAL,OBSERVED
2024-07-22,BAB_EL_MANDEB,10.0,28.0,10.5,3.556051552705965,False,NORMAL,OBSERVED
2024-07-23,BAB_EL_MANDEB,12.0,29.0,11.0,3.552329886011078,False,NORMAL,OBSERVED
2024-07-24,BAB_EL_MANDEB,8.0,19.0,10.5,3.603900003897874,False,NORMAL,OBSERVED
2024-07-25,BAB_EL_MANDEB,10.0,22.0,10.0,3.605367838193089,False,NORMAL,OBSERVED
2024-07-26,BAB_EL_MANDEB,11.0,30.0,10.5,3.599676646265858,False,NORMAL,OBSERVED
2024-07-27,BAB_EL_MANDEB,13.0,32.0,11.0,3.5655242199377666,False,NORMAL,OBSERVED
2024-07-28,BAB_EL_MANDEB,11.0,23.0,11.0,3.5655242199377666,False,NORMAL,OBSERVED
2024-07-29,BAB_EL_MANDEB,9.0,21.0,11.0,3.304638394837592,False,NORMAL,OBSERVED
2024-07-30,BAB_EL_MANDEB,15.0,35.0,11.0,3.335713435980972,False,NORMAL,OBSERVED
2024-07-31,BAB_EL_MANDEB,9.0,25.0,11.0,3.335713435980972,False,NORMAL,OBSERVED
2024-08-01,BAB_EL_MANDEB,13.0,36.0,11.0,3.282146671385456,False,NORMAL,OBSERVED
2024-08-02,BAB_EL_MANDEB,10.0,40.0,11.0,3.0411637983964472,False,NORMAL,OBSERVED
2024-08-03,BAB_EL_MANDEB,10.0,27.0,10.5,3.050500869620498,False,NORMAL,OBSERVED
2024-08-04,BAB_EL_MANDEB,15.0,28.0,11.0,3.0969775332200418,False,NORMAL,OBSERVED
2024-08-05,BAB_EL_MANDEB,11.0,36.0,11.0,3.0832797078133556,False,NORMAL,OBSERVED
2024-08-06,BAB_EL_MANDEB,5.0,22.0,11.0,3.1530618360252305,False,NORMAL,OBSERVED
2024-08-07,BAB_EL_MANDEB,9.0,23.0,10.5,3.0997525076149977,False,NORMAL,OBSERVED
2024-08-08,BAB_EL_MANDEB,9.0,31.0,10.5,3.022840739696022,False,NORMAL,OBSERVED
2024-08-09,BAB_EL_MANDEB,11.0,30.0,10.5,3.0026443372255853,False,NORMAL,OBSERVED
2024-08-10,BAB_EL_MANDEB,14.0,39.0,10.5,2.377974328028325,False,NORMAL,OBSERVED
2024-08-11,BAB_EL_MANDEB,11.0,30.0,11.0,2.3715688107956057,False,NORMAL,OBSERVED
2024-08-12,BAB_EL_MANDEB,17.0,39.0,11.0,2.574549839934495,True,CONGESTION,OBSERVED
2024-08-13,BAB_EL_MANDEB,13.0,33.0,11.0,2.568377084183844,False,NORMAL,OBSERVED
2024-08-14,BAB_EL_MANDEB,9.0,29.0,11.0,2.529194614264638,False,NORMAL,OBSERVED
2024-08-15,BAB_EL_MANDEB,8.0,27.0,11.0,2.5922146360933493,False,NORMAL,OBSERVED
2024-08-16,BAB_EL_MANDEB,10.0,28.0,11.0,2.5385910352879413,False,NORMAL,OBSERVED
2024-08-17,BAB_EL_MANDEB,9.0,27.0,10.5,2.5580560575661067,False,NORMAL,OBSERVED
2024-08-18,BAB_EL_MANDEB,11.0,34.0,10.5,2.52474525929617,False,NORMAL,OBSERVED
2024-08-19,BAB_EL_MANDEB,8.0,31.0,10.5,2.5766041389566907,False,NORMAL,OBSERVED
2024-08-20,BAB_EL_MANDEB,15.0,34.0,10.5,2.690370836538171,False,NORMAL,OBSERVED
2024-08-21,BAB_EL_MANDEB,8.0,29.0,10.5,2.690370836538171,False,NORMAL,OBSERVED
2024-08-22,BAB_EL_MANDEB,12.0,28.0,11.0,2.6933191890245967,False,NORMAL,OBSERVED
2024-08-23,BAB_EL_MANDEB,8.0,26.0,10.5,2.749458821208943,False,NORMAL,OBSERVED
2024-08-24,BAB_EL_MANDEB,6.0,23.0,10.0,2.8600514295889927,False,NORMAL,OBSERVED
2024-08-25,BAB_EL_MANDEB,10.0,36.0,10.0,2.8607450836910124,False,NORMAL,OBSERVED
2024-08-26,BAB_EL_MANDEB,13.0,31.0,10.0,2.8810179711803974,False,NORMAL,OBSERVED
2024-08-27,BAB_EL_MANDEB,13.0,42.0,10.0,2.7933689432135376,False,NORMAL,OBSERVED
2024-08-28,BAB_EL_MANDEB,15.0,30.0,10.5,2.893844955131232,False,NORMAL,OBSERVED
2024-08-29,BAB_EL_MANDEB,7.0,29.0,10.0,2.9481857034113035,False,NORMAL,OBSERVED
2024-08-30,BAB_EL_MANDEB,14.0,36.0,10.5,3.013856886670831,False,NORMAL,OBSERVED
2024-08-31,BAB_EL_MANDEB,8.0,31.0,10.5,3.0556998522926704,False,NORMAL,OBSERVED
2024-09-01,BAB_EL_MANDEB,8.0,26.0,10.0,2.9743168705705703,False,NORMAL,OBSERVED
2024-09-02,BAB_EL_MANDEB,7.0,33.0,9.5,3.0411637983964486,False,NORMAL,OBSERVED
2024-09-03,BAB_EL_MANDEB,10.0,22.0,10.0,2.8607450836910124,False,NORMAL,OBSERVED
2024-09-04,BAB_EL_MANDEB,7.0,26.0,10.0,2.9229524104320714,False,NORMAL,OBSERVED
2024-09-05,BAB_EL_MANDEB,17.0,44.0,10.0,3.16290503397875,True,CONGESTION,OBSERVED
2024-09-06,BAB_EL_MANDEB,10.0,31.0,10.0,3.164786409202504,False,NORMAL,OBSERVED
2024-09-07,BAB_EL_MANDEB,5.0,34.0,10.0,3.266593779556128,False,NORMAL,OBSERVED
2024-09-08,BAB_EL_MANDEB,12.0,31.0,10.0,3.279727695497543,False,NORMAL,OBSERVED
2024-09-09,BAB_EL_MANDEB,7.0,25.0,9.5,3.0671497204093705,False,NORMAL,OBSERVED
2024-09-10,BAB_EL_MANDEB,9.0,30.0,9.0,3.014953911745081,False,NORMAL,OBSERVED
2024-09-11,BAB_EL_MANDEB,11.0,38.0,9.5,3.0175851447506794,False,NORMAL,OBSERVED
2024-09-12,BAB_EL_MANDEB,14.0,34.0,10.0,3.0877810049275523,False,NORMAL,OBSERVED
2024-09-13,BAB_EL_MANDEB,11.0,30.0,10.0,3.0918479602858353,False,NORMAL,OBSERVED
2024-09-14,BAB_EL_MANDEB,10.0,26.0,10.0,3.083494204297517,False,NORMAL,OBSERVED
2024-09-15,BAB_EL_MANDEB,9.0,25.0,10.0,3.0877810049275523,False,NORMAL,OBSERVED
2024-09-16,BAB_EL_MANDEB,5.0,23.0,10.0,3.21434450269576,False,NORMAL,OBSERVED
2024-09-17,BAB_EL_MANDEB,12.0,35.0,10.0,3.0903502310036677,False,NORMAL,OBSERVED
2024-09-18,BAB_EL_MANDEB,12.0,31.0,10.0,3.0903502310036677,False,NORMAL,OBSERVED
2024-09-19,BAB_EL_MANDEB,13.0,38.0,10.0,3.1191082024892705,False,NORMAL,OBSERVED
2024-09-20,BAB_EL_MANDEB,16.0,30.0,10.0,3.2811389814929943,False,NORMAL,OBSERVED
2024-09-21,BAB_EL_MANDEB,8.0,28.0,10.0,3.2028013531807398,False,NORMAL,OBSERVED
2024-09-22,BAB_EL_MANDEB,10.0,33.0,10.0,3.2028013531807398,False,NORMAL,OBSERVED
2024-09-23,BAB_EL_MANDEB,12.0,30.0,10.0,3.178965257095455,False,NORMAL,OBSERVED
2024-09-24,BAB_EL_MANDEB,14.0,30.0,10.0,3.2143445026957593,False,NORMAL,OBSERVED
2024-09-25,BAB_EL_MANDEB,8.0,29.0,10.0,3.119320235268992,False,NORMAL,OBSERVED
2024-09-26,BAB_EL_MANDEB,16.0,38.0,10.0,3.2373073271097685,False,NORMAL,OBSERVED
2024-09-27,BAB_EL_MANDEB,14.0,32.0,10.0,3.2373073271097685,False,NORMAL,OBSERVED
2024-09-28,BAB_EL_MANDEB,8.0,26.0,10.0,3.2373073271097685,False,NORMAL,OBSERVED
2024-09-29,BAB_EL_MANDEB,10.0,27.0,10.0,3.201148933953926,False,NORMAL,OBSERVED
2024-09-30,BAB_EL_MANDEB,13.0,28.0,10.5,3.151173460775214,False,NORMAL,OBSERVED
2024-10-01,BAB_EL_MANDEB,12.0,32.0,11.0,3.1545297908021186,False,NORMAL,OBSERVED
2024-10-02,BAB_EL_MANDEB,9.0,25.0,11.0,3.0849952621026215,False,NORMAL,OBSERVED
2024-10-03,BAB_EL_MANDEB,10.0,33.0,10.5,2.852641957478365,False,NORMAL,OBSERVED
2024-10-04,BAB_EL_MANDEB,7.0,26.0,10.5,2.9355961690472228,False,NORMAL,OBSERVED
2024-10-05,BAB_EL_MANDEB,10.0,39.0,10.5,2.726511036812852,False,NORMAL,OBSERVED
2024-10-06,BAB_EL_MANDEB,10.0,33.0,10.0,2.7197105354844764,False,NORMAL,OBSERVED
2024-10-07,BAB_EL_MANDEB,11.0,37.0,10.5,2.6206344399257073,False,NORMAL,OBSERVED
2024-10-08,BAB_EL_MANDEB,13.0,42.0,11.0,2.624669291337243,False,NORMAL,OBSERVED
2024-10-09,BAB_EL_MANDEB,4.0,27.0,10.5,2.9391986814247093,True,TRAFFIC_DROP,OBSERVED
2024-10-10,BAB_EL_MANDEB,13.0,23.0,10.5,2.9041112984633175,False,NORMAL,OBSERVED
2024-10-11,BAB_EL_MANDEB,6.0,23.0,10.0,3.036593399008062,False,NORMAL,OBSERVED
2024-10-12,BAB_EL_MANDEB,21.0,45.0,10.5,3.6201961418989392,True,CONGESTION,OBSERVED
2024-10-13,BAB_EL_MANDEB,14.0,35.0,11.5,3.644775923755998,False,NORMAL,OBSERVED
2024-10-14,BAB_EL_MANDEB,9.0,25.0,11.5,3.4707774772082622,False,NORMAL,OBSERVED
2024-10-15,BAB_EL_MANDEB,9.0,25.0,10.5,3.4930013170707594,False,NORMAL,OBSERVED
2024-10-16,BAB_EL_MANDEB,6.0,28.0,10.0,3.6201961418989392,False,NORMAL,OBSERVED
2024-10-17,BAB_EL_MANDEB,8.0,30.0,10.0,3.6375103410823924,False,NORMAL,OBSERVED
2024-10-18,BAB_EL_MANDEB,9.0,35.0,10.0,3.501322501464143,False,NORMAL,OBSERVED
2024-10-19,BAB_EL_MANDEB,11.0,29.0,10.0,3.467727249241517,False,NORMAL,OBSERVED
2024-10-20,BAB_EL_MANDEB,12.0,38.0,10.0,3.475347799579517,False,NORMAL,OBSERVED
2024-10-21,BAB_EL_MANDEB,18.0,33.0,10.0,3.7351115379675157,True,CONGESTION,OBSERVED
2024-10-22,BAB_EL_MANDEB,13.0,28.0,10.0,3.70899093509456,False,NORMAL,OBSERVED
2024-10-23,BAB_EL_MANDEB,8.0,32.0,10.0,3.70899093509456,False,NORMAL,OBSERVED
2024-10-24,BAB_EL_MANDEB,7.0,27.0,10.0,3.6360554823736306,False,NORMAL,OBSERVED
2024-10-25,BAB_EL_MANDEB,10.0,32.0,10.0,3.572936189728678,False,NORMAL,OBSERVED
2024-10-26,BAB_EL_MANDEB,4.0,29.0,10.0,3.7478388834495227,False,NORMAL,OBSERVED
2024-10-27,BAB_EL_MANDEB,10.0,28.0,10.0,3.7478388834495227,False,NORMAL,OBSERVED
2024-10-28,BAB_EL_MANDEB,12.0,36.0,10.0,3.7253599662726216,False,NORMAL,OBSERVED
2024-10-29,BAB_EL_MANDEB,14.0,38.0,10.0,3.779644730092255,False,NORMAL,OBSERVED
2024-10-30,BAB_EL_MANDEB,12.0,28.0,10.0,3.784366336842727,False,NORMAL,OBSERVED
2024-10-31,BAB_EL_MANDEB,9.0,36.0,10.0,3.7929201660782756,False,NORMAL,OBSERVED
2024-11-01,BAB_EL_MANDEB,8.0,34.0,10.0,3.764741747222549,False,NORMAL,OBSERVED
2024-11-02,BAB_EL_MANDEB,8.0,30.0,10.0,3.7913505013831803,False,NORMAL,OBSERVED
2024-11-03,BAB_EL_MANDEB,16.0,35.0,10.0,3.9391871962621465,False,NORMAL,OBSERVED
2024-11-04,BAB_EL_MANDEB,10.0,28.0,10.0,3.9393550891635023,False,NORMAL,OBSERVED
2024-11-05,BAB_EL_MANDEB,17.0,47.0,10.0,4.102522130432412,False,NORMAL,OBSERVED
2024-11-06,BAB_EL_MANDEB,17.0,43.0,10.0,4.058272627556775,False,NORMAL,OBSERVED
2024-11-07,BAB_EL_MANDEB,12.0,32.0,10.0,4.045377530599489,False,NORMAL,OBSERVED
2024-11-08,BAB_EL_MANDEB,12.0,32.0,10.5,3.923878871324298,False,NORMAL,OBSERVED
2024-11-09,BAB_EL_MANDEB,9.0,29.0,10.0,3.4503277967117505,False,NORMAL,OBSERVED
2024-11-10,BAB_EL_MANDEB,13.0,31.0,10.0,3.4216475501827794,False,NORMAL,OBSERVED
2024-11-11,BAB_EL_MANDEB,7.0,28.0,10.0,3.4814322297540463,False,NORMAL,OBSERVED
2024-11-12,BAB_EL_MANDEB,16.0,39.0,10.5,3.6004114991154577,False,NORMAL,OBSERVED
2024-11-13,BAB_EL_MANDEB,14.0,36.0,11.5,3.5050983275386347,False,NORMAL,OBSERVED
2024-11-14,BAB_EL_MANDEB,10.0,31.0,11.5,3.455690805294766,False,NORMAL,OBSERVED
2024-11-15,BAB_EL_MANDEB,9.0,27.0,11.5,3.455690805294766,False,NORMAL,OBSERVED
2024-11-16,BAB_EL_MANDEB,17.0,39.0,12.0,3.615077187112733,False,NORMAL,OBSERVED
2024-11-17,BAB_EL_MANDEB,11.0,36.0,11.5,3.6156259932065935,False,NORMAL,OBSERVED
2024-11-18,BAB_EL_MANDEB,8.0,28.0,10.5,3.4432281518685275,False,NORMAL,OBSERVED
2024-11-19,BAB_EL_MANDEB,12.0,30.0,10.5,3.4287918800378665,False,NORMAL,OBSERVED
2024-11-20,BAB_EL_MANDEB,13.0,29.0,11.5,3.389018993078909,False,NORMAL,OBSERVED
2024-11-21,BAB_EL_MANDEB,7.0,24.0,11.5,3.389018993078909,False,NORMAL,OBSERVED
2024-11-22,BAB_EL_MANDEB,11.0,33.0,11.5,3.3798343780842677,False,NORMAL,OBSERVED
2024-11-23,BAB_EL_MANDEB,9.0,29.0,11.5,3.0969775332200404,False,NORMAL,OBSERVED
2024-11-24,BAB_EL_MANDEB,8.0,44.0,11.5,3.1562066173874066,False,NORMAL,OBSERVED
2024-11-25,BAB_EL_MANDEB,12.0,35.0,11.5,3.1562066173874066,False,NORMAL,OBSERVED
2024-11-26,BAB_EL_MANDEB,16.0,38.0,11.5,3.2373073271097654,False,NORMAL,OBSERVED
2024-11-27,BAB_EL_MANDEB,7.0,29.0,11.0,3.346798201424467,False,NORMAL,OBSERVED
2024-11-28,BAB_EL_MANDEB,13.0,31.0,11.5,3.3277731404159625,False,NORMAL,OBSERVED
2024-11-29,BAB_EL_MANDEB,10.0,34.0,11.5,3.2708428116331945,False,NORMAL,OBSERVED
2024-11-30,BAB_EL_MANDEB,9.0,30.0,11.5,3.2356725297187543,False,NORMAL,OBSERVED
2024-12-01,BAB_EL_MANDEB,16.0,30.0,11.5,3.2356725297187543,False,NORMAL,OBSERVED
2024-12-02,BAB_EL_MANDEB,8.0,20.0,11.5,3.2940141318046807,False,NORMAL,OBSERVED
2024-12-03,BAB_EL_MANDEB,12.0,32.0,11.5,3.117623569255366,False,NORMAL,OBSERVED
2024-12-04,BAB_EL_MANDEB,13.0,29.0,11.5,2.935821455580613,False,NORMAL,OBSERVED
2024-12-05,BAB_EL_MANDEB,11.0,29.0,11.0,2.9319892302941186,False,NORMAL,OBSERVED
2024-12-06,BAB_EL_MANDEB,14.0,40.0,11.0,2.976761849915267,False,NORMAL,OBSERVED
2024-12-07,BAB_EL_MANDEB,7.0,30.0,11.0,3.055699852292669,False,NORMAL,OBSERVED
2024-12-08,BAB_EL_MANDEB,7.0,25.0,11.0,3.132649368105521,False,NORMAL,OBSERVED
2024-12-09,BAB_EL_MANDEB,13.0,31.0,11.0,3.055699852292669,False,NORMAL,OBSERVED
2024-12-10,BAB_EL_MANDEB,8.0,40.0,11.0,2.9607217052389228,False,NORMAL,OBSERVED
2024-12-11,BAB_EL_MANDEB,13.0,38.0,11.0,2.927700218845575,False,NORMAL,OBSERVED
2024-12-12,BAB_EL_MANDEB,18.0,41.0,11.0,3.217018238867508,True,CONGESTION,OBSERVED
2024-12-13,BAB_EL_MANDEB,9.0,34.0,11.0,3.217018238867508,False,NORMAL,OBSERVED
2024-12-14,BAB_EL_MANDEB,9.0,38.0,11.0,3.027213432188259,False,NORMAL,OBSERVED
2024-12-15,BAB_EL_MANDEB,11.0,43.0,11.0,3.027213432188259,False,NORMAL,OBSERVED
2024-12-16,BAB_EL_MANDEB,9.0,28.0,11.0,2.998015216454896,False,NORMAL,OBSERVED
2024-12-17,BAB_EL_MANDEB,8.0,22.0,10.5,3.0383353141944918,False,NORMAL,OBSERVED
2024-12-18,BAB_EL_MANDEB,11.0,36.0,10.5,3.006826448434487,False,NORMAL,OBSERVED
2024-12-19,BAB_EL_MANDEB,8.0,22.0,10.5,2.9671927480756395,False,NORMAL,OBSERVED
2024-12-20,BAB_EL_MANDEB,11.0,27.0,10.5,2.9671927480756395,False,NORMAL,OBSERVED
2024-12-21,BAB_EL_MANDEB,8.0,31.0,10.5,2.9944834641271734,False,NORMAL,OBSERVED
2024-12-22,BAB_EL_MANDEB,9.0,27.0,10.5,2.9671927480756395,False,NORMAL,OBSERVED
2024-12-23,BAB_EL_MANDEB,11.0,23.0,10.5,2.9571454131829324,False,NORMAL,OBSERVED
2024-12-24,BAB_EL_MANDEB,11.0,31.0,10.5,2.768874620972667,False,NORMAL,OBSERVED
2024-12-25,BAB_EL_MANDEB,16.0,31.0,11.0,2.8681336224434064,False,NORMAL,OBSERVED
2024-12-26,BAB_EL_MANDEB,19.0,37.0,11.0,3.2373073271097677,True,CONGESTION,OBSERVED
2024-12-27,BAB_EL_MANDEB,9.0,29.0,11.0,3.254626336861491,False,NORMAL,OBSERVED
2024-12-28,BAB_EL_MANDEB,11.0,33.0,11.0,3.2309678796226518,False,NORMAL,OBSERVED
2024-12-29,BAB_EL_MANDEB,14.0,36.0,11.0,3.138765975961207,False,NORMAL,OBSERVED
2024-12-30,BAB_EL_MANDEB,17.0,39.0,11.0,3.2779122921013077,False,NORMAL,OBSERVED
2024-12-31,BAB_EL_MANDEB,10.0,34.0,11.0,3.2843625008571897,False,NORMAL,OBSERVED
2025-01-01,BAB_EL_MANDEB,16.0,46.0,11.0,3.3907749110423637,False,NORMAL,OBSERVED
2025-01-02,BAB_EL_MANDEB,7.0,36.0,11.0,3.4892124003280496,False,NORMAL,OBSERVED
2025-01-03,BAB_EL_MANDEB,4.0,21.0,10.5,3.698991711607305,False,NORMAL,OBSERVED
2025-01-04,BAB_EL_MANDEB,5.0,25.0,10.5,3.794314878449765,False,NORMAL,OBSERVED
2025-01-05,BAB_EL_MANDEB,9.0,27.0,10.5,3.7388281558311602,False,NORMAL,OBSERVED
2025-01-06,BAB_EL_MANDEB,10.0,31.0,10.0,3.7180739737226762,False,NORMAL,OBSERVED
2025-01-07,BAB_EL_MANDEB,10.0,26.0,10.0,3.6823258695454517,False,NORMAL,OBSERVED
2025-01-08,BAB_EL_MANDEB,13.0,40.0,10.0,3.6823258695454517,False,NORMAL,OBSERVED
2025-01-09,BAB_EL_MANDEB,9.0,27.0,10.0,3.415650255319845,False,NORMAL,OBSERVED
2025-01-10,BAB_EL_MANDEB,15.0,34.0,10.0,3.505098327538636,False,NORMAL,OBSERVED
2025-01-11,BAB_EL_MANDEB,9.0,29.0,10.0,3.505098327538636,False,NORMAL,OBSERVED
2025-01-12,BAB_EL_MANDEB,13.0,44.0,10.0,3.5314160716204666,False,NORMAL,OBSERVED
2025-01-13,BAB_EL_MANDEB,15.0,50.0,10.5,3.600411499115458,False,NORMAL,OBSERVED
2025-01-14,BAB_EL_MANDEB,8.0,22.0,10.5,3.600411499115458,False,NORMAL,OBSERVED
2025-01-15,BAB_EL_MANDEB,11.0,39.0,10.5,3.600411499115458,False,NORMAL,OBSERVED
2025-01-16,BAB_EL_MANDEB,11.0,30.0,11.0,3.552143700320234,False,NORMAL,OBSERVED
2025-01-17,BAB_EL_MANDEB,9.0,30.0,10.5,3.574416739337326,False,NORMAL,OBSERVED
2025-01-18,BAB_EL_MANDEB,6.0,19.0,10.5,3.6563708262493666,False,NORMAL,OBSERVED
2025-01-19,BAB_EL_MANDEB,16.0,34.0,11.0,3.755067123305382,False,NORMAL,OBSERVED
2025-01-20,BAB_EL_MANDEB,8.0,28.0,10.5,3.803889682887317,False,NORMAL,OBSERVED
2025-01-21,BAB_EL_MANDEB,9.0,34.0,10.0,3.8246969655525302,False,NORMAL,OBSERVED
2025-01-22,BAB_EL_MANDEB,11.0,29.0,10.0,3.6989917116073046,False,NORMAL,OBSERVED
2025-01-23,BAB_EL_MANDEB,12.0,39.0,10.0,3.348181216767891,False,NORMAL,OBSERVED
2025-01-24,BAB_EL_MANDEB,15.0,38.0,10.5,3.432454811318845,False,NORMAL,OBSERVED
2025-01-25,BAB_EL_MANDEB,10.0,27.0,10.0,3.4357288606979246,False,NORMAL,OBSERVED
2025-01-26,BAB_EL_MANDEB,9.0,28.0,10.0,3.392139996611816,False,NORMAL,OBSERVED
2025-01-27,BAB_EL_MANDEB,15.0,38.0,10.0,3.2714493657064003,False,NORMAL,OBSERVED
2025-01-28,BAB_EL_MANDEB,11.0,29.0,10.0,3.2708428116331967,False,NORMAL,OBSERVED
2025-01-29,BAB_EL_MANDEB,10.0,35.0,10.0,3.093772546815365,False,NORMAL,OBSERVED
2025-01-30,BAB_EL_MANDEB,9.0,27.0,10.0,3.035939923142597,False,NORMAL,OBSERVED
2025-01-31,BAB_EL_MANDEB,11.0,31.0,10.0,2.7628966472884473,False,NORMAL,OBSERVED
2025-02-01,BAB_EL_MANDEB,9.0,34.0,10.0,2.55391596817253,False,NORMAL,OBSERVED
2025-02-02,BAB_EL_MANDEB,10.0,37.0,10.0,2.5344191490912236,False,NORMAL,OBSERVED
2025-02-03,BAB_EL_MANDEB,7.0,21.0,10.0,2.6334739765536024,False,NORMAL,OBSERVED
2025-02-04,BAB_EL_MANDEB,10.0,29.0,10.0,2.6334739765536024,False,NORMAL,OBSERVED
2025-02-05,BAB_EL_MANDEB,9.0,27.0,10.0,2.6153292507726342,False,NORMAL,OBSERVED
2025-02-06,BAB_EL_MANDEB,13.0,37.0,10.0,2.6334739765536024,False,NORMAL,OBSERVED
2025-02-07,BAB_EL_MANDEB,12.0,37.0,10.0,2.51240309508032,False,NORMAL,OBSERVED
2025-02-08,BAB_EL_MANDEB,10.0,32.0,10.0,2.495233551431676,False,NORMAL,OBSERVED
2025-02-09,BAB_EL_MANDEB,11.0,32.0,10.0,2.4546144860511467,False,NORMAL,OBSERVED
2025-02-10,BAB_EL_MANDEB,11.0,36.0,10.0,2.301080951416835,False,NORMAL,OBSERVED
2025-02-11,BAB_EL_MANDEB,11.0,30.0,10.5,2.251395804558347,False,NORMAL,OBSERVED
2025-02-12,BAB_EL_MANDEB,6.0,20.0,10.0,2.4089230068455723,False,NORMAL,OBSERVED
2025-02-13,BAB_EL_MANDEB,17.0,39.0,10.0,2.712649186397951,True,CONGESTION,OBSERVED
2025-02-14,BAB_EL_MANDEB,16.0,36.0,10.5,2.876652963972563,False,NORMAL,OBSERVED
2025-02-15,BAB_EL_MANDEB,7.0,32.0,10.5,2.819762082349867,False,NORMAL,OBSERVED
2025-02-16,BAB_EL_MANDEB,9.0,27.0,10.0,2.655731547598498,False,NORMAL,OBSERVED
2025-02-17,BAB_EL_MANDEB,9.0,38.0,10.0,2.625425135641274,False,NORMAL,OBSERVED
2025-02-18,BAB_EL_MANDEB,11.0,30.0,10.5,2.605194241709607,False,NORMAL,OBSERVED
2025-02-19,BAB_EL_MANDEB,11.0,32.0,10.5,2.605194241709607,False,NORMAL,OBSERVED
2025-02-20,BAB_EL_MANDEB,14.0,37.0,10.5,2.6674106105133535,False,NORMAL,OBSERVED
2025-02-21,BAB_EL_MANDEB,10.0,32.0,10.0,2.541715456206166,False,NORMAL,OBSERVED
2025-02-22,BAB_EL_MANDEB,14.0,32.0,10.5,2.615582122830346,False,NORMAL,OBSERVED
2025-02-23,BAB_EL_MANDEB,9.0,24.0,10.5,2.615582122830346,False,NORMAL,OBSERVED
2025-02-24,BAB_EL_MANDEB,11.0,32.0,10.5,2.4827446836154987,False,NORMAL,OBSERVED
2025-02-25,BAB_EL_MANDEB,9.0,34.0,10.0,2.5007935248572832,False,NORMAL,OBSERVED
2025-02-26,BAB_EL_MANDEB,13.0,33.0,10.5,2.5393725009168224,False,NORMAL,OBSERVED
2025-02-27,BAB_EL_MANDEB,11.0,30.0,11.0,2.518450434809558,False,NORMAL,OBSERVED
2025-02-28,BAB_EL_MANDEB,6.0,30.0,10.5,2.6726124191242175,False,NORMAL,OBSERVED
2025-03-01,BAB_EL_MANDEB,10.0,22.0,10.5,2.657474235466672,False,NORMAL,OBSERVED
2025-03-02,BAB_EL_MANDEB,16.0,41.0,11.0,2.842189706554119,False,NORMAL,OBSERVED
2025-03-03,BAB_EL_MANDEB,13.0,25.0,11.0,2.7686357498493326,False,NORMAL,OBSERVED
2025-03-04,BAB_EL_MANDEB,11.0,33.0,11.0,2.7612204954219943,False,NORMAL,OBSERVED
2025-03-05,BAB_EL_MANDEB,4.0,29.0,11.0,3.0470299529855946,True,TRAFFIC_DROP,OBSERVED
2025-03-06,BAB_EL_MANDEB,14.0,38.0,11.0,3.0783421635988315,False,NORMAL,OBSERVED
2025-03-07,BAB_EL_MANDEB,9.0,35.0,11.0,3.0918479602858335,False,NORMAL,OBSERVED
2025-03-08,BAB_EL_MANDEB,8.0,35.0,11.0,3.1343379004303182,False,NORMAL,OBSERVED
2025-03-09,BAB_EL_MANDEB,15.0,30.0,11.0,3.235672529718757,False,NORMAL,OBSERVED
2025-03-10,BAB_EL_MANDEB,10.0,32.0,11.0,3.239962113567743,False,NORMAL,OBSERVED
2025-03-11,BAB_EL_MANDEB,14.0,38.0,11.0,3.2940141318046834,False,NORMAL,OBSERVED
2025-03-12,BAB_EL_MANDEB,8.0,19.0,11.0,3.2028013531807384,False,NORMAL,OBSERVED
2025-03-13,BAB_EL_MANDEB,15.0,38.0,11.0,3.0849952621026224,False,NORMAL,OBSERVED
2025-03-14,BAB_EL_MANDEB,8.0,33.0,10.5,2.969643592888367,False,NORMAL,OBSERVED
2025-03-15,BAB_EL_MANDEB,15.0,42.0,11.0,2.987407433645943,False,NORMAL,OBSERVED
2025-03-16,BAB_EL_MANDEB,14.0,31.0,11.0,3.0149539117450788,False,NORMAL,OBSERVED
2025-03-17,BAB_EL_MANDEB,15.0,35.0,11.0,3.0697362139572006,False,NORMAL,OBSERVED
2025-03-18,BAB_EL_MANDEB,13.0,37.0,11.0,3.084352041065899,False,NORMAL,OBSERVED
2025-03-19,BAB_EL_MANDEB,17.0,41.0,12.0,3.257063955231072,False,NORMAL,OBSERVED
2025-03-20,BAB_EL_MANDEB,12.0,24.0,11.5,3.2252312168457427,False,NORMAL,OBSERVED
2025-03-21,BAB_EL_MANDEB,11.0,35.0,11.5,3.212698020578411,False,NORMAL,OBSERVED
2025-03-22,BAB_EL_MANDEB,10.0,29.0,11.0,3.1912164504875413,False,NORMAL,OBSERVED
2025-03-23,BAB_EL_MANDEB,16.0,36.0,11.5,3.264365888818918,False,NORMAL,OBSERVED
2025-03-24,BAB_EL_MANDEB,11.0,26.0,11.5,3.264365888818918,False,NORMAL,OBSERVED
2025-03-25,BAB_EL_MANDEB,13.0,35.0,12.5,3.2285105580252162,False,NORMAL,OBSERVED
2025-03-26,BAB_EL_MANDEB,10.0,25.0,11.5,3.238941299366293,False,NORMAL,OBSERVED
2025-03-27,BAB_EL_MANDEB,8.0,32.0,11.5,3.3134326579599964,False,NORMAL,OBSERVED
2025-03-28,BAB_EL_MANDEB,13.0,40.0,12.5,3.1309599251523363,False,NORMAL,OBSERVED
2025-03-29,BAB_EL_MANDEB,11.0,24.0,12.5,3.1142274641413996,False,NORMAL,OBSERVED
2025-03-30,BAB_EL_MANDEB,13.0,35.0,12.5,3.0191189716669395,False,NORMAL,OBSERVED
2025-03-31,BAB_EL_MANDEB,10.0,41.0,11.5,3.0289607416741218,False,NORMAL,OBSERVED
2025-04-01,BAB_EL_MANDEB,9.0,24.0,11.5,3.0697362139572015,False,NORMAL,OBSERVED
2025-04-02,BAB_EL_MANDEB,11.0,33.0,11.5,2.6852034299690093,False,NORMAL,OBSERVED
2025-04-03,BAB_EL_MANDEB,19.0,41.0,11.5,2.9805365093549443,True,CONGESTION,OBSERVED
2025-04-04,BAB_EL_MANDEB,15.0,38.0,12.5,2.9671927480756417,False,NORMAL,OBSERVED
2025-04-05,BAB_EL_MANDEB,15.0,38.0,13.0,2.88652222960615,False,NORMAL,OBSERVED
2025-04-06,BAB_EL_MANDEB,6.0,26.0,12.5,3.0954822858498896,True,TRAFFIC_DROP,OBSERVED
2025-04-07,BAB_EL_MANDEB,19.0,38.0,13.0,3.3164253720952517,False,NORMAL,OBSERVED
2025-04-08,BAB_EL_MANDEB,15.0,37.0,13.0,3.3380918415851024,False,NORMAL,OBSERVED
2025-04-09,BAB_EL_MANDEB,10.0,34.0,13.0,3.257063955231074,False,NORMAL,OBSERVED
2025-04-10,BAB_EL_MANDEB,10.0,31.0,12.5,3.2601084151154787,False,NORMAL,OBSERVED
2025-04-11,BAB_EL_MANDEB,14.0,25.0,13.0,3.151173460775217,False,NORMAL,OBSERVED
2025-04-12,BAB_EL_MANDEB,11.0,31.0,12.5,3.1326493681055245,False,NORMAL,OBSERVED
2025-04-13,BAB_EL_MANDEB,16.0,40.0,12.5,3.1895580294580475,False,NORMAL,OBSERVED
2025-04-14,BAB_EL_MANDEB,11.0,28.0,11.5,3.1679195516480787,False,NORMAL,OBSERVED
2025-04-15,BAB_EL_MANDEB,6.0,28.0,11.0,3.392334963994031,False,NORMAL,OBSERVED
2025-04-16,BAB_EL_MANDEB,16.0,35.0,11.0,3.34501919862253,False,NORMAL,OBSERVED
2025-04-17,BAB_EL_MANDEB,9.0,23.0,11.0,3.3985680146591775,False,NORMAL,OBSERVED
2025-04-18,BAB_EL_MANDEB,13.0,32.0,11.0,3.396231961216932,False,NORMAL,OBSERVED
2025-04-19,BAB_EL_MANDEB,13.0,44.0,12.0,3.373370662946707,False,NORMAL,OBSERVED
2025-04-20,BAB_EL_MANDEB,5.0,20.0,11.0,3.556051552705967,False,NORMAL,OBSERVED
2025-04-21,BAB_EL_MANDEB,13.0,43.0,12.0,3.558282684298078,False,NORMAL,OBSERVED
2025-04-22,BAB_EL_MANDEB,8.0,35.0,11.0,3.627314076201188,False,NORMAL,OBSERVED
2025-04-23,BAB_EL_MANDEB,9.0,32.0,11.0,3.650034427611772,False,NORMAL,OBSERVED
2025-04-24,BAB_EL_MANDEB,17.0,32.0,12.0,3.7066720908947235,False,NORMAL,OBSERVED
2025-04-25,BAB_EL_MANDEB,12.0,32.0,11.5,3.7018513886572455,False,NORMAL,OBSERVED
2025-04-26,BAB_EL_MANDEB,11.0,36.0,11.5,3.7018513886572455,False,NORMAL,OBSERVED
2025-04-27,BAB_EL_MANDEB,5.0,27.0,11.0,3.923878871324301,False,NORMAL,OBSERVED
2025-04-28,BAB_EL_MANDEB,11.0,32.0,11.0,3.9122315314351512,False,NORMAL,OBSERVED
2025-04-29,BAB_EL_MANDEB,11.0,39.0,11.0,3.878273493579993,False,NORMAL,OBSERVED
2025-04-30,BAB_EL_MANDEB,10.0,28.0,11.0,3.8907025249389102,False,NORMAL,OBSERVED
2025-05-01,BAB_EL_MANDEB,8.0,26.0,11.0,3.6851984791443324,False,NORMAL,OBSERVED
2025-05-02,BAB_EL_MANDEB,6.0,22.0,11.0,3.7508376489502893,False,NORMAL,OBSERVED
2025-05-03,BAB_EL_MANDEB,20.0,41.0,11.0,4.05174859371439,True,CONGESTION,OBSERVED
2025-05-04,BAB_EL_MANDEB,12.0,33.0,11.0,3.9203376919657686,False,NORMAL,OBSERVED
2025-05-05,BAB_EL_MANDEB,11.0,26.0,11.0,3.63168740933926,False,NORMAL,OBSERVED
2025-05-06,BAB_EL_MANDEB,12.0,31.0,11.0,3.558282684298077,False,NORMAL,OBSERVED
2025-05-07,BAB_EL_MANDEB,9.0,29.0,11.0,3.5744167393373276,False,NORMAL,OBSERVED
2025-05-08,BAB_EL_MANDEB,13.0,39.0,11.0,3.5871611153842444,False,NORMAL,OBSERVED
2025-05-09,BAB_EL_MANDEB,9.0,35.0,11.0,3.5640399762602013,False,NORMAL,OBSERVED
2025-05-10,BAB_EL_MANDEB,16.0,36.0,11.0,3.688965384557773,False,NORMAL,OBSERVED
2025-05-11,BAB_EL_MANDEB,8.0,28.0,11.0,3.607751795214422,False,NORMAL,OBSERVED
2025-05-12,BAB_EL_MANDEB,8.0,33.0,11.0,3.6476781047065296,False,NORMAL,OBSERVED
2025-05-13,BAB_EL_MANDEB,7.0,32.0,11.0,3.6040835158772135,False,NORMAL,OBSERVED
2025-05-14,BAB_EL_MANDEB,6.0,29.0,10.5,3.5634832254989726,False,NORMAL,OBSERVED
2025-05-15,BAB_EL_MANDEB,17.0,35.0,11.0,3.759995497014059,False,NORMAL,OBSERVED
2025-05-16,BAB_EL_MANDEB,16.0,39.0,11.0,3.868711829140429,False,NORMAL,OBSERVED
2025-05-17,BAB_EL_MANDEB,12.0,33.0,11.0,3.852436870510626,False,NORMAL,OBSERVED
2025-05-18,BAB_EL_MANDEB,10.0,35.0,11.0,3.6866339445718923,False,NORMAL,OBSERVED
2025-05-19,BAB_EL_MANDEB,9.0,33.0,10.5,3.6823258695454526,False,NORMAL,OBSERVED
2025-05-20,BAB_EL_MANDEB,10.0,36.0,10.5,3.6447759237559993,False,NORMAL,OBSERVED
2025-05-21,BAB_EL_MANDEB,15.0,38.0,11.0,3.7052443885438713,False,NORMAL,OBSERVED
2025-05-22,BAB_EL_MANDEB,9.0,28.0,10.5,3.538712586872044,False,NORMAL,OBSERVED
2025-05-23,BAB_EL_MANDEB,15.0,40.0,10.5,3.62019614189894,False,NORMAL,OBSERVED
2025-05-24,BAB_EL_MANDEB,10.0,29.0,10.0,3.6243955890938904,False,NORMAL,OBSERVED
2025-05-25,BAB_EL_MANDEB,15.0,38.0,10.5,3.513202611947176,False,NORMAL,OBSERVED
2025-05-26,BAB_EL_MANDEB,8.0,32.0,10.0,3.5664515585630188,False,NORMAL,OBSERVED
2025-05-27,BAB_EL_MANDEB,16.0,39.0,10.0,3.6823258695454535,False,NORMAL,OBSERVED
2025-05-28,BAB_EL_MANDEB,9.0,23.0,10.0,3.700421826376226,False,NORMAL,OBSERVED
2025-05-29,BAB_EL_MANDEB,10.0,39.0,10.0,3.6536565724225123,False,NORMAL,OBSERVED
2025-05-30,BAB_EL_MANDEB,13.0,37.0,10.5,3.5101892500873006,False,NORMAL,OBSERVED
2025-05-31,BAB_EL_MANDEB,8.0,27.0,10.0,3.1629050339787512,False,NORMAL,OBSERVED
2025-06-01,BAB_EL_MANDEB,12.0,39.0,10.0,3.1629050339787512,False,NORMAL,OBSERVED
2025-06-02,BAB_EL_MANDEB,10.0,40.0,10.0,3.170632437371119,False,NORMAL,OBSERVED
2025-06-03,BAB_EL_MANDEB,10.0,30.0,10.0,3.1731345809440454,False,NORMAL,OBSERVED
2025-06-04,BAB_EL_MANDEB,15.0,43.0,10.0,3.2301489801342456,False,NORMAL,OBSERVED
2025-06-05,BAB_EL_MANDEB,11.0,31.0,10.0,3.212903876985926,False,NORMAL,OBSERVED
2025-06-06,BAB_EL_MANDEB,11.0,32.0,10.0,3.1839544810763254,False,NORMAL,OBSERVED
2025-06-07,BAB_EL_MANDEB,11.0,40.0,10.0,3.0470299529855964,False,NORMAL,OBSERVED
2025-06-08,BAB_EL_MANDEB,12.0,30.0,10.5,2.9891780116254467,False,NORMAL,OBSERVED
2025-06-09,BAB_EL_MANDEB,19.0,45.0,11.0,3.2570639552310734,True,CONGESTION,OBSERVED
2025-06-10,BAB_EL_MANDEB,11.0,29.0,11.0,3.1311711553718493,False,NORMAL,OBSERVED
2025-06-11,BAB_EL_MANDEB,11.0,35.0,11.0,2.9247620081354797,False,NORMAL,OBSERVED
2025-06-12,BAB_EL_MANDEB,11.0,44.0,11.0,2.757145598594991,False,NORMAL,OBSERVED
2025-06-13,BAB_EL_MANDEB,7.0,24.0,11.0,2.7679190127920177,False,NORMAL,OBSERVED
2025-06-14,BAB_EL_MANDEB,14.0,36.0,11.0,2.808716591058764,False,NORMAL,OBSERVED
2025-06-15,BAB_EL_MANDEB,12.0,35.0,11.0,2.7945525240230658,False,NORMAL,OBSERVED
2025-06-16,BAB_EL_MANDEB,14.0,35.0,11.0,2.7838821814149894,False,NORMAL,OBSERVED
2025-06-17,BAB_EL_MANDEB,8.0,23.0,11.0,2.8551911323265697,False,NORMAL,OBSERVED
2025-06-18,BAB_EL_MANDEB,9.0,26.0,11.0,2.8216378597616116,False,NORMAL,OBSERVED
2025-06-19,BAB_EL_MANDEB,12.0,22.0,11.0,2.7812676490135955,False,NORMAL,OBSERVED
2025-06-20,BAB_EL_MANDEB,13.0,27.0,11.0,2.7148426050823367,False,NORMAL,OBSERVED
2025-06-21,BAB_EL_MANDEB,11.0,24.0,11.0,2.7009208698096696,False,NORMAL,OBSERVED
2025-06-22,BAB_EL_MANDEB,15.0,25.0,11.0,2.7009208698096696,False,NORMAL,OBSERVED
2025-06-23,BAB_EL_MANDEB,9.0,29.0,11.0,2.6587183131695142,False,NORMAL,OBSERVED
2025-06-24,BAB_EL_MANDEB,15.0,32.0,11.0,2.603162504811197,False,NORMAL,OBSERVED
2025-06-25,BAB_EL_MANDEB,10.0,27.0,11.0,2.5737790550741733,False,NORMAL,OBSERVED
2025-06-26,BAB_EL_MANDEB,9.0,29.0,11.0,2.603162504811197,False,NORMAL,OBSERVED
2025-06-27,BAB_EL_MANDEB,14.0,33.0,11.0,2.6307099651300976,False,NORMAL,OBSERVED
2025-06-28,BAB_EL_MANDEB,9.0,31.0,11.0,2.5868511634415343,False,NORMAL,OBSERVED
2025-06-29,BAB_EL_MANDEB,6.0,19.0,11.0,2.7933689432135402,False,NORMAL,OBSERVED
2025-06-30,BAB_EL_MANDEB,15.0,32.0,11.0,2.860051429588996,False,NORMAL,OBSERVED
2025-07-01,BAB_EL_MANDEB,15.0,43.0,11.0,2.9138875648762803,False,NORMAL,OBSERVED
2025-07-02,BAB_EL_MANDEB,15.0,34.0,11.0,2.9138875648762803,False,NORMAL,OBSERVED
2025-07-03,BAB_EL_MANDEB,10.0,29.0,11.0,2.929506883762259,False,NORMAL,OBSERVED
2025-07-04,BAB_EL_MANDEB,14.0,30.0,11.5,2.957145413182935,False,NORMAL,OBSERVED
2025-07-05,BAB_EL_MANDEB,7.0,25.0,11.5,3.0918479602858366,False,NORMAL,OBSERVED
2025-07-06,BAB_EL_MANDEB,7.0,30.0,11.0,3.2145502536643,False,NORMAL,OBSERVED
2025-07-07,BAB_EL_MANDEB,10.0,36.0,11.0,2.8681336224434095,False,NORMAL,OBSERVED
2025-07-08,BAB_EL_MANDEB,13.0,35.0,11.0,2.8883546514568588,False,NORMAL,OBSERVED
2025-07-09,BAB_EL_MANDEB,13.0,27.0,11.5,2.9066153337537766,False,NORMAL,OBSERVED
2025-07-10,BAB_EL_MANDEB,16.0,36.0,12.0,3.03681119304808,False,NORMAL,OBSERVED
2025-07-11,BAB_EL_MANDEB,14.0,37.0,12.5,2.939198681424713,False,NORMAL,OBSERVED
2025-07-12,BAB_EL_MANDEB,8.0,39.0,12.0,2.9874074336459455,False,NORMAL,OBSERVED
2025-07-13,BAB_EL_MANDEB,15.0,34.0,12.5,3.057647191748294,False,NORMAL,OBSERVED
2025-07-14,BAB_EL_MANDEB,8.0,26.0,11.5,3.096336801335001,False,NORMAL,OBSERVED
2025-07-15,BAB_EL_MANDEB,10.0,33.0,11.5,3.0368111930480794,False,NORMAL,OBSERVED
2025-07-16,BAB_EL_MANDEB,11.0,26.0,11.5,2.9991180361414376,False,NORMAL,OBSERVED
2025-07-17,BAB_EL_MANDEB,13.0,35.0,12.0,3.01034371993784,False,NORMAL,OBSERVED
2025-07-18,BAB_EL_MANDEB,10.0,25.0,11.0,3.0123203803835263,False,NORMAL,OBSERVED
2025-07-19,BAB_EL_MANDEB,7.0,24.0,10.5,3.1294809144090765,False,NORMAL,OBSERVED
2025-07-20,BAB_EL_MANDEB,9.0,23.0,10.0,3.0757629070390546,False,NORMAL,OBSERVED
2025-07-21,BAB_EL_MANDEB,7.0,36.0,10.0,3.14970394174354,False,NORMAL,OBSERVED
2025-07-22,BAB_EL_MANDEB,20.0,45.0,10.0,3.5026445035884524,True,CONGESTION,OBSERVED
2025-07-23,BAB_EL_MANDEB,5.0,18.0,10.0,3.691116175947121,False,NORMAL,OBSERVED
2025-07-24,BAB_EL_MANDEB,12.0,34.0,10.5,3.672254040157027,False,NORMAL,OBSERVED
2025-07-25,BAB_EL_MANDEB,13.0,30.0,10.5,3.648584562836551,False,NORMAL,OBSERVED
2025-07-26,BAB_EL_MANDEB,7.0,31.0,10.5,3.7111301206622556,False,NORMAL,OBSERVED
2025-07-27,BAB_EL_MANDEB,10.0,31.0,10.5,3.5834717581236375,False,NORMAL,OBSERVED
2025-07-28,BAB_EL_MANDEB,5.0,25.0,10.0,3.688965384557773,False,NORMAL,OBSERVED
2025-07-29,BAB_EL_MANDEB,13.0,26.0,10.0,3.624578063384207,False,NORMAL,OBSERVED
2025-07-30,BAB_EL_MANDEB,7.0,25.0,10.0,3.5952643749696342,False,NORMAL,OBSERVED
2025-07-31,BAB_EL_MANDEB,9.0,31.0,10.0,3.6053678381930907,False,NORMAL,OBSERVED
2025-08-01,BAB_EL_MANDEB,11.0,37.0,10.0,3.5403942625633387,False,NORMAL,OBSERVED
2025-08-02,BAB_EL_MANDEB,20.0,41.0,10.0,3.916286709026991,True,CONGESTION,OBSERVED
2025-08-03,BAB_EL_MANDEB,7.0,30.0,10.0,3.916286709026991,False,NORMAL,OBSERVED
2025-08-04,BAB_EL_MANDEB,11.0,32.0,10.5,3.913076706655414,False,NORMAL,OBSERVED
2025-08-05,BAB_EL_MANDEB,12.0,29.0,10.5,3.897326447598829,False,NORMAL,OBSERVED
2025-08-06,BAB_EL_MANDEB,17.0,38.0,10.5,4.050442525957445,False,NORMAL,OBSERVED
2025-08-07,BAB_EL_MANDEB,16.0,27.0,10.5,4.050442525957445,False,NORMAL,OBSERVED
2025-08-08,BAB_EL_MANDEB,17.0,47.0,10.5,4.171584399495745,False,NORMAL,OBSERVED
2025-08-09,BAB_EL_MANDEB,9.0,36.0,10.5,4.148531964480608,False,NORMAL,OBSERVED
2025-08-10,BAB_EL_MANDEB,17.0,39.0,10.5,4.234370576590345,False,NORMAL,OBSERVED
2025-08-11,BAB_EL_MANDEB,11.0,36.0,11.0,4.188672050301076,False,NORMAL,OBSERVED
2025-08-12,BAB_EL_MANDEB,8.0,39.0,11.0,4.228274692863125,False,NORMAL,OBSERVED
2025-08-13,BAB_EL_MANDEB,15.0,46.0,11.0,4.287918304520652,False,NORMAL,OBSERVED
2025-08-14,BAB_EL_MANDEB,7.0,40.0,10.5,4.3522177038607355,False,NORMAL,OBSERVED
2025-08-15,BAB_EL_MANDEB,13.0,33.0,11.0,4.359960924051858,False,NORMAL,OBSERVED
2025-08-16,BAB_EL_MANDEB,7.0,25.0,11.0,4.359960924051858,False,NORMAL,OBSERVED
2025-08-17,BAB_EL_MANDEB,7.0,23.0,11.0,4.414232632683693,False,NORMAL,OBSERVED
2025-08-18,BAB_EL_MANDEB,10.0,27.0,11.0,4.344917361504906,False,NORMAL,OBSERVED
2025-08-19,BAB_EL_MANDEB,7.0,32.0,10.5,4.064786190254863,False,NORMAL,OBSERVED
2025-08-20,BAB_EL_MANDEB,9.0,34.0,10.5,3.920337691965769,False,NORMAL,OBSERVED
2025-08-21,BAB_EL_MANDEB,11.0,27.0,10.5,3.9151043827773226,False,NORMAL,OBSERVED
2025-08-22,BAB_EL_MANDEB,6.0,27.0,10.0,4.000496000993893,False,NORMAL,OBSERVED
2025-08-23,BAB_EL_MANDEB,8.0,33.0,10.0,3.9707928386149334,False,NORMAL,OBSERVED
2025-08-24,BAB_EL_MANDEB,10.0,35.0,10.0,3.9707928386149334,False,NORMAL,OBSERVED
2025-08-25,BAB_EL_MANDEB,8.0,30.0,10.0,3.84951725139438,False,NORMAL,OBSERVED
2025-08-26,BAB_EL_MANDEB,11.0,33.0,10.0,3.826080094416316,False,NORMAL,OBSERVED
2025-08-27,BAB_EL_MANDEB,17.0,42.0,10.5,3.928427125776875,False,NORMAL,OBSERVED
2025-08-28,BAB_EL_MANDEB,15.0,34.0,11.0,3.972624577246874,False,NORMAL,OBSERVED
2025-08-29,BAB_EL_MANDEB,15.0,43.0,11.0,4.032113156638387,False,NORMAL,OBSERVED
2025-08-30,BAB_EL_MANDEB,10.0,48.0,10.5,3.6751345222472653,False,NORMAL,OBSERVED
2025-08-31,BAB_EL_MANDEB,12.0,33.0,11.0,3.5886357962750624,False,NORMAL,OBSERVED
2025-09-01,BAB_EL_MANDEB,9.0,29.0,10.5,3.614345316027778,False,NORMAL,OBSERVED
2025-09-02,BAB_EL_MANDEB,7.0,29.0,10.0,3.696666595102105,False,NORMAL,OBSERVED
2025-09-03,BAB_EL_MANDEB,10.0,37.0,10.0,3.510377660986236,False,NORMAL,OBSERVED
2025-09-04,BAB_EL_MANDEB,12.0,30.0,10.0,3.368858315395028,False,NORMAL,OBSERVED
2025-09-05,BAB_EL_MANDEB,10.0,46.0,10.0,3.1309599251523377,False,NORMAL,OBSERVED
2025-09-06,BAB_EL_MANDEB,11.0,34.0,10.0,3.120804061362691,False,NORMAL,OBSERVED
2025-09-07,BAB_EL_MANDEB,11.0,32.0,10.0,2.849626356273792,False,NORMAL,OBSERVED
2025-09-08,BAB_EL_MANDEB,6.0,33.0,10.0,2.9555794246559532,False,NORMAL,OBSERVED
2025-09-09,BAB_EL_MANDEB,11.0,35.0,10.0,2.9319892302941235,False,NORMAL,OBSERVED
2025-09-10,BAB_EL_MANDEB,6.0,29.0,10.0,2.8766529639725675,False,NORMAL,OBSERVED
2025-09-11,BAB_EL_MANDEB,12.0,31.0,10.0,2.8477690144722487,False,NORMAL,OBSERVED
2025-09-12,BAB_EL_MANDEB,13.0,39.0,10.0,2.8477690144722487,False,NORMAL,OBSERVED
2025-09-13,BAB_EL_MANDEB,17.0,42.0,10.0,3.0712439959305673,True,CONGESTION,OBSERVED
2025-09-14,BAB_EL_MANDEB,15.0,39.0,10.5,3.1157137156150645,False,NORMAL,OBSERVED
2025-09-15,BAB_EL_MANDEB,12.0,35.0,11.0,3.1224989991991787,False,NORMAL,OBSERVED
2025-09-16,BAB_EL_MANDEB,11.0,40.0,11.0,3.034850484013558,False,NORMAL,OBSERVED
2025-09-17,BAB_EL_MANDEB,10.0,28.0,11.0,3.0175851447506785,False,NORMAL,OBSERVED
2025-09-18,BAB_EL_MANDEB,10.0,36.0,11.0,3.0226219390197073,False,NORMAL,OBSERVED
2025-09-19,BAB_EL_MANDEB,8.0,34.0,11.0,2.924762008135478,False,NORMAL,OBSERVED
2025-09-20,BAB_EL_MANDEB,15.0,33.0,11.0,2.9609450800708266,False,NORMAL,OBSERVED
2025-09-21,BAB_EL_MANDEB,9.0,30.0,11.0,2.9820893921639926,False,NORMAL,OBSERVED
2025-09-22,BAB_EL_MANDEB,12.0,33.0,11.0,2.919329849894773,False,NORMAL,OBSERVED
2025-09-23,BAB_EL_MANDEB,11.0,28.0,11.0,2.919329849894773,False,NORMAL,OBSERVED
2025-09-24,BAB_EL_MANDEB,8.0,24.0,11.0,2.7621784210346547,False,NORMAL,OBSERVED
2025-09-25,BAB_EL_MANDEB,13.0,43.0,11.0,2.679532455465701,False,NORMAL,OBSERVED
2025-09-26,BAB_EL_MANDEB,10.0,26.0,11.0,2.5621894572444655,False,NORMAL,OBSERVED
2025-09-27,BAB_EL_MANDEB,15.0,42.0,11.0,2.679532455465701,False,NORMAL,OBSERVED
2025-09-28,BAB_EL_MANDEB,16.0,34.0,11.0,2.840560344154466,False,NORMAL,OBSERVED
2025-09-29,BAB_EL_MANDEB,10.0,28.0,11.0,2.819762082349869,False,NORMAL,OBSERVED
2025-09-30,BAB_EL_MANDEB,7.0,26.0,11.0,2.819762082349869,False,NORMAL,OBSERVED
2025-10-01,BAB_EL_MANDEB,7.0,23.0,11.0,2.9186501192363545,False,NORMAL,OBSERVED
2025-10-02,BAB_EL_MANDEB,17.0,45.0,11.0,3.127578301457199,False,NORMAL,OBSERVED
2025-10-03,BAB_EL_MANDEB,11.0,33.0,11.0,3.1193202352689915,False,NORMAL,OBSERVED
2025-10-04,BAB_EL_MANDEB,17.0,45.0,11.0,3.304638394837593,False,NORMAL,OBSERVED
2025-10-05,BAB_EL_MANDEB,11.0,31.0,11.0,3.304638394837593,False,NORMAL,OBSERVED
2025-10-06,BAB_EL_MANDEB,18.0,39.0,11.0,3.3523268393900816,True,CONGESTION,OBSERVED
2025-10-07,BAB_EL_MANDEB,18.0,31.0,11.5,3.54170168049917,False,NORMAL,OBSERVED
2025-10-08,BAB_EL_MANDEB,12.0,31.0,12.0,3.333928518291779,False,NORMAL,OBSERVED
2025-10-09,BAB_EL_MANDEB,11.0,40.0,11.5,3.3428435761493573,False,NORMAL,OBSERVED
2025-10-10,BAB_EL_MANDEB,14.0,34.0,11.5,3.3560732282277996,False,NORMAL,OBSERVED
2025-10-11,BAB_EL_MANDEB,15.0,34.0,11.5,3.2730662937011856,False,NORMAL,OBSERVED
2025-10-12,BAB_EL_MANDEB,9.0,27.0,11.0,3.282751136844656,False,NORMAL,OBSERVED
2025-10-13,BAB_EL_MANDEB,8.0,32.0,11.0,3.370232278117558,False,NORMAL,OBSERVED
2025-10-14,BAB_EL_MANDEB,13.0,42.0,11.0,3.37180183567295,False,NORMAL,OBSERVED
2025-10-15,BAB_EL_MANDEB,6.0,28.0,11.0,3.5387125868720437,False,NORMAL,OBSERVED
2025-10-16,BAB_EL_MANDEB,10.0,32.0,11.0,3.5387125868720437,False,NORMAL,OBSERVED
2025-10-17,BAB_EL_MANDEB,10.0,41.0,11.0,3.4783913450338226,False,NORMAL,OBSERVED
2025-10-18,BAB_EL_MANDEB,18.0,46.0,11.0,3.6209268304000517,False,NORMAL,OBSERVED
2025-10-19,BAB_EL_MANDEB,13.0,41.0,11.5,3.57682132537406,False,NORMAL,OBSERVED
2025-10-20,BAB_EL_MANDEB,16.0,41.0,11.5,3.650034427611769,False,NORMAL,OBSERVED
2025-10-21,BAB_EL_MANDEB,14.0,51.0,12.5,3.654923475049164,False,NORMAL,OBSERVED
2025-10-22,BAB_EL_MANDEB,10.0,30.0,12.5,3.584763465073944,False,NORMAL,OBSERVED
2025-10-23,BAB_EL_MANDEB,14.0,35.0,12.5,3.5952643749696316,False,NORMAL,OBSERVED
2025-10-24,BAB_EL_MANDEB,8.0,29.0,12.5,3.6659450949452705,False,NORMAL,OBSERVED
2025-10-25,BAB_EL_MANDEB,13.0,42.0,12.5,3.633326052126075,False,NORMAL,OBSERVED
2025-10-26,BAB_EL_MANDEB,10.0,29.0,11.5,3.587161115384242,False,NORMAL,OBSERVED
2025-10-27,BAB_EL_MANDEB,10.0,24.0,11.5,3.587161115384242,False,NORMAL,OBSERVED
2025-10-28,BAB_EL_MANDEB,12.0,32.0,12.0,3.4432281518685275,False,NORMAL,OBSERVED
2025-10-29,BAB_EL_MANDEB,12.0,40.0,12.0,3.282952600598678,False,NORMAL,OBSERVED
2025-10-30,BAB_EL_MANDEB,13.0,38.0,12.0,3.1647864092025015,False,NORMAL,OBSERVED
2025-10-31,BAB_EL_MANDEB,14.0,41.0,12.5,3.1679195516480734,False,NORMAL,OBSERVED
2025-11-01,BAB_EL_MANDEB,6.0,25.0,12.0,3.26517620678816,False,NORMAL,OBSERVED
2025-11-02,BAB_EL_MANDEB,11.0,42.0,12.0,3.26517620678816,False,NORMAL,OBSERVED
2025-11-03,BAB_EL_MANDEB,15.0,43.0,12.0,3.1089136230110626,False,NORMAL,OBSERVED
2025-11-04,BAB_EL_MANDEB,12.0,33.0,12.0,2.875503176579428,False,NORMAL,OBSERVED
2025-11-05,BAB_EL_MANDEB,14.0,31.0,12.0,2.9066153337537735,False,NORMAL,OBSERVED
2025-11-06,BAB_EL_MANDEB,21.0,49.0,12.5,3.37807277325038,True,CONGESTION,OBSERVED
2025-11-07,BAB_EL_MANDEB,13.0,36.0,12.5,3.363356851743384,False,NORMAL,OBSERVED
2025-11-08,BAB_EL_MANDEB,19.0,42.0,12.5,3.5679347990341106,False,NORMAL,OBSERVED
2025-11-09,BAB_EL_MANDEB,14.0,44.0,13.0,3.522227229479169,False,NORMAL,OBSERVED
2025-11-10,BAB_EL_MANDEB,9.0,32.0,13.0,3.480102169636828,False,NORMAL,OBSERVED
2025-11-11,BAB_EL_MANDEB,18.0,41.0,13.0,3.6316874093392566,False,NORMAL,OBSERVED
2025-11-12,BAB_EL_MANDEB,8.0,26.0,13.0,3.513202611947172,False,NORMAL,OBSERVED
2025-11-13,BAB_EL_MANDEB,10.0,34.0,13.0,3.513202611947172,False,NORMAL,OBSERVED
2025-11-14,BAB_EL_MANDEB,13.0,28.0,13.0,3.47173012385898,False,NORMAL,OBSERVED
2025-11-15,BAB_EL_MANDEB,10.0,37.0,13.0,3.3602091141780353,False,NORMAL,OBSERVED
2025-11-16,BAB_EL_MANDEB,11.0,38.0,12.5,3.371997978998537,False,NORMAL,OBSERVED
2025-11-17,BAB_EL_MANDEB,12.0,40.0,12.0,3.3022358947782267,False,NORMAL,OBSERVED
2025-11-18,BAB_EL_MANDEB,9.0,40.0,12.0,3.345019198622527,False,NORMAL,OBSERVED
2025-11-19,BAB_EL_MANDEB,11.0,38.0,12.0,3.326182806685754,False,NORMAL,OBSERVED
2025-11-20,BAB_EL_MANDEB,14.0,47.0,12.0,3.326182806685754,False,NORMAL,OBSERVED
2025-11-21,BAB_EL_MANDEB,18.0,39.0,12.0,3.3931147214951864,False,NORMAL,OBSERVED
2025-11-22,BAB_EL_MANDEB,15.0,33.0,12.0,3.423386732400615,False,NORMAL,OBSERVED
2025-11-23,BAB_EL_MANDEB,12.0,47.0,12.0,3.3868716348422936,False,NORMAL,OBSERVED
2025-11-24,BAB_EL_MANDEB,8.0,30.0,12.0,3.4663919305053863,False,NORMAL,OBSERVED
2025-11-25,BAB_EL_MANDEB,15.0,45.0,12.5,3.4920544732928045,False,NORMAL,OBSERVED
2025-11-26,BAB_EL_MANDEB,12.0,38.0,12.5,3.4920544732928045,False,NORMAL,OBSERVED
2025-11-27,BAB_EL_MANDEB,13.0,32.0,12.5,3.4920544732928045,False,NORMAL,OBSERVED
2025-11-28,BAB_EL_MANDEB,16.0,37.0,12.5,3.538712586872041,False,NORMAL,OBSERVED
2025-11-29,BAB_EL_MANDEB,15.0,33.0,13.0,3.2966232523181507,False,NORMAL,OBSERVED
2025-11-30,BAB_EL_MANDEB,10.0,47.0,13.0,3.325983961502091,False,NORMAL,OBSERVED
2025-12-01,BAB_EL_MANDEB,12.0,28.0,12.5,3.3110365390558285,False,NORMAL,OBSERVED
2025-12-02,BAB_EL_MANDEB,11.0,42.0,12.5,3.3275743902655517,False,NORMAL,OBSERVED
2025-12-03,BAB_EL_MANDEB,16.0,41.0,12.5,3.371801835672947,False,NORMAL,OBSERVED
2025-12-04,BAB_EL_MANDEB,10.0,26.0,12.0,3.033324611883477,False,NORMAL,OBSERVED
2025-12-05,BAB_EL_MANDEB,9.0,39.0,12.0,3.109126351029581,False,NORMAL,OBSERVED
2025-12-06,BAB_EL_MANDEB,9.0,40.0,12.0,2.902288824924267,False,NORMAL,OBSERVED
2025-12-07,BAB_EL_MANDEB,13.0,38.0,12.0,2.8846886437583574,False,NORMAL,OBSERVED
2025-12-08,BAB_EL_MANDEB,5.0,19.0,12.0,3.132649368105522,True,TRAFFIC_DROP,OBSERVED
2025-12-09,BAB_EL_MANDEB,5.0,13.0,11.5,3.1681283176407034,True,TRAFFIC_DROP,OBSERVED
2025-12-10,BAB_EL_MANDEB,12.0,26.0,12.0,3.093772546815367,False,NORMAL,OBSERVED
2025-12-11,BAB_EL_MANDEB,8.0,24.0,12.0,3.155577911836726,False,NORMAL,OBSERVED
2025-12-12,BAB_EL_MANDEB,14.0,30.0,12.0,3.1779248495214962,False,NORMAL,OBSERVED
2025-12-13,BAB_EL_MANDEB,10.0,27.0,12.0,3.1779248495214962,False,NORMAL,OBSERVED
2025-12-14,BAB_EL_MANDEB,15.0,37.0,12.0,3.238941299366293,False,NORMAL,OBSERVED
2025-12-15,BAB_EL_MANDEB,8.0,25.0,12.0,3.314829594126237,False,NORMAL,OBSERVED
2025-12-16,BAB_EL_MANDEB,14.0,35.0,12.0,3.3038377556023817,False,NORMAL,OBSERVED
2025-12-17,BAB_EL_MANDEB,14.0,40.0,12.0,3.3259839615020965,False,NORMAL,OBSERVED
2025-12-18,BAB_EL_MANDEB,17.0,34.0,12.0,3.4426518632954615,False,NORMAL,OBSERVED
2025-12-19,BAB_EL_MANDEB,10.0,29.0,12.0,3.2530002431617575,False,NORMAL,OBSERVED
2025-12-20,BAB_EL_MANDEB,11.0,23.0,12.0,3.1905946436195958,False,NORMAL,OBSERVED
2025-12-21,BAB_EL_MANDEB,14.0,39.0,12.0,3.2227695211173972,False,NORMAL,OBSERVED
2025-12-22,BAB_EL_MANDEB,6.0,24.0,12.0,3.326978068575587,False,NORMAL,OBSERVED
2025-12-23,BAB_EL_MANDEB,9.0,34.0,11.5,3.2910010377828374,False,NORMAL,OBSERVED
2025-12-24,BAB_EL_MANDEB,12.0,29.0,11.5,3.2910010377828374,False,NORMAL,OBSERVED
2025-12-25,BAB_EL_MANDEB,17.0,43.0,11.5,3.4480268109295156,False,NORMAL,OBSERVED
2025-12-26,BAB_EL_MANDEB,11.0,29.0,11.0,3.3339285182917835,False,NORMAL,OBSERVED
2025-12-27,BAB_EL_MANDEB,11.0,37.0,11.0,3.255235912581565,False,NORMAL,OBSERVED
2025-12-28,BAB_EL_MANDEB,12.0,43.0,11.0,3.2503561058466652,False,NORMAL,OBSERVED
2025-12-29,BAB_EL_MANDEB,18.0,42.0,11.0,3.490538989019076,True,CONGESTION,OBSERVED
2025-12-30,BAB_EL_MANDEB,13.0,34.0,11.5,3.501133603268573,False,NORMAL,OBSERVED
2025-12-31,BAB_EL_MANDEB,12.0,34.0,11.5,3.39213999661182,False,NORMAL,OBSERVED
2026-01-01,BAB_EL_MANDEB,10.0,29.0,11.5,3.39213999661182,False,NORMAL,OBSERVED
2026-01-02,BAB_EL_MANDEB,4.0,26.0,11.5,3.6449573777637196,True,TRAFFIC_DROP,OBSERVED
2026-01-03,BAB_EL_MANDEB,11.0,35.0,11.5,3.619465305888286,False,NORMAL,OBSERVED
2026-01-04,BAB_EL_MANDEB,8.0,31.0,11.0,3.65492347504917,False,NORMAL,OBSERVED
2026-01-05,BAB_EL_MANDEB,11.0,27.0,11.0,3.453967889238993,False,NORMAL,OBSERVED
2026-01-06,BAB_EL_MANDEB,10.0,26.0,11.0,3.2375116187407516,False,NORMAL,OBSERVED
2026-01-07,BAB_EL_MANDEB,17.0,41.0,11.0,3.399929971267597,False,NORMAL,OBSERVED
2026-01-08,BAB_EL_MANDEB,10.0,31.0,11.0,3.3402705590127395,False,NORMAL,OBSERVED
2026-01-09,BAB_EL_MANDEB,14.0,36.0,11.0,3.3402705590127395,False,NORMAL,OBSERVED
2026-01-10,BAB_EL_MANDEB,11.0,35.0,11.0,3.326182806685756,False,NORMAL,OBSERVED
2026-01-11,BAB_EL_MANDEB,18.0,38.0,11.0,3.478391345033825,True,CONGESTION,OBSERVED
2026-01-12,BAB_EL_MANDEB,14.0,39.0,11.5,3.4139071318302974,False,NORMAL,OBSERVED
2026-01-13,BAB_EL_MANDEB,10.0,31.0,11.0,3.4154566188642748,False,NORMAL,OBSERVED
2026-01-14,BAB_EL_MANDEB,5.0,23.0,11.0,3.633326052126079,False,NORMAL,OBSERVED
2026-01-15,BAB_EL_MANDEB,12.0,39.0,11.0,3.4799121195496077,False,NORMAL,OBSERVED
2026-01-16,BAB_EL_MANDEB,11.0,37.0,11.0,3.4694433324435376,False,NORMAL,OBSERVED
2026-01-17,BAB_EL_MANDEB,10.0,27.0,11.0,3.4799121195496077,False,NORMAL,OBSERVED
2026-01-18,BAB_EL_MANDEB,9.0,34.0,11.0,3.4732538150115015,False,NORMAL,OBSERVED
2026-01-19,BAB_EL_MANDEB,10.0,33.0,11.0,3.3269780685755883,False,NORMAL,OBSERVED
2026-01-20,BAB_EL_MANDEB,12.0,36.0,11.0,3.294014131804686,False,NORMAL,OBSERVED
2026-01-21,BAB_EL_MANDEB,8.0,30.0,11.0,3.3592248412976793,False,NORMAL,OBSERVED
2026-01-22,BAB_EL_MANDEB,5.0,30.0,11.0,3.382768347540456,False,NORMAL,OBSERVED
2026-01-23,BAB_EL_MANDEB,13.0,33.0,11.0,3.404595400524082,False,NORMAL,OBSERVED
2026-01-24,BAB_EL_MANDEB,16.0,35.0,11.0,3.531416071620471,False,NORMAL,OBSERVED
2026-01-25,BAB_EL_MANDEB,14.0,40.0,11.0,3.567934799034116,False,NORMAL,OBSERVED
2026-01-26,BAB_EL_MANDEB,15.0,42.0,11.0,3.3999299712675994,False,NORMAL,OBSERVED
2026-01-27,BAB_EL_MANDEB,13.0,32.0,11.0,3.3999299712675994,False,NORMAL,OBSERVED
2026-01-28,BAB_EL_MANDEB,12.0,36.0,11.0,3.3999299712675994,False,NORMAL,OBSERVED
2026-01-29,BAB_EL_MANDEB,10.0,31.0,11.0,3.3999299712675994,False,NORMAL,OBSERVED
2026-01-30,BAB_EL_MANDEB,11.0,34.0,11.0,3.0963368013350023,False,NORMAL,OBSERVED
2026-01-31,BAB_EL_MANDEB,19.0,31.0,11.0,3.408672412985369,True,CONGESTION,OBSERVED
2026-02-01,BAB_EL_MANDEB,13.0,37.0,11.5,3.3371010452551872,False,NORMAL,OBSERVED
2026-02-02,BAB_EL_MANDEB,11.0,22.0,11.5,3.3371010452551872,False,NORMAL,OBSERVED
2026-02-03,BAB_EL_MANDEB,11.0,33.0,11.5,3.321407236661278,False,NORMAL,OBSERVED
2026-02-04,BAB_EL_MANDEB,12.0,44.0,11.5,3.1695892945768502,False,NORMAL,OBSERVED
2026-02-05,BAB_EL_MANDEB,12.0,30.0,12.0,3.151173460775216,False,NORMAL,OBSERVED
2026-02-06,BAB_EL_MANDEB,10.0,32.0,11.5,3.1393980483239114,False,NORMAL,OBSERVED
2026-02-07,BAB_EL_MANDEB,13.0,30.0,12.0,3.1461322521705957,False,NORMAL,OBSERVED
2026-02-08,BAB_EL_MANDEB,16.0,43.0,12.0,3.01911897166694,False,NORMAL,OBSERVED
2026-02-09,BAB_EL_MANDEB,18.0,32.0,12.0,3.220922014631602,False,NORMAL,OBSERVED
2026-02-10,BAB_EL_MANDEB,13.0,32.0,12.0,3.207959677272325,False,NORMAL,OBSERVED
2026-02-11,BAB_EL_MANDEB,16.0,40.0,12.0,2.994483464127174,False,NORMAL,OBSERVED
2026-02-12,BAB_EL_MANDEB,9.0,34.0,12.0,3.059377119576504,False,NORMAL,OBSERVED
2026-02-13,BAB_EL_MANDEB,18.0,42.0,12.0,3.2373073271097677,False,NORMAL,OBSERVED
2026-02-14,BAB_EL_MANDEB,10.0,31.0,12.0,3.2373073271097677,False,NORMAL,OBSERVED
2026-02-15,BAB_EL_MANDEB,10.0,34.0,12.0,3.2030078456443274,False,NORMAL,OBSERVED
2026-02-16,BAB_EL_MANDEB,13.0,30.0,12.5,3.1662489281691246,False,NORMAL,OBSERVED
2026-02-17,BAB_EL_MANDEB,16.0,50.0,13.0,3.2274861218394912,False,NORMAL,OBSERVED
2026-02-18,BAB_EL_MANDEB,17.0,41.0,13.0,3.1847852585153977,False,NORMAL,OBSERVED
2026-02-19,BAB_EL_MANDEB,9.0,26.0,13.0,2.884917905721264,False,NORMAL,OBSERVED
2026-02-20,BAB_EL_MANDEB,19.0,48.0,13.0,3.0843520410658947,False,NORMAL,OBSERVED
2026-02-21,BAB_EL_MANDEB,19.0,38.0,13.0,3.22584634725284,False,NORMAL,OBSERVED
2026-02-22,BAB_EL_MANDEB,14.0,47.0,13.0,3.22584634725284,False,NORMAL,OBSERVED
2026-02-23,BAB_EL_MANDEB,13.0,37.0,13.0,3.214344502695754,False,NORMAL,OBSERVED
2026-02-24,BAB_EL_MANDEB,13.0,43.0,13.0,3.214344502695754,False,NORMAL,OBSERVED
2026-02-25,BAB_EL_MANDEB,14.0,37.0,13.0,3.2028013531807336,False,NORMAL,OBSERVED
2026-02-26,BAB_EL_MANDEB,18.0,46.0,13.0,3.2324004545248606,False,NORMAL,OBSERVED
2026-02-27,BAB_EL_MANDEB,14.0,36.0,13.0,3.184785258515394,False,NORMAL,OBSERVED
2026-02-28,BAB_EL_MANDEB,13.0,25.0,13.0,3.0289607416741147,False,NORMAL,OBSERVED
2026-03-01,BAB_EL_MANDEB,14.0,31.0,13.0,3.026120851421376,False,NORMAL,OBSERVED
2026-03-02,BAB_EL_MANDEB,11.0,28.0,13.0,3.026120851421376,False,NORMAL,OBSERVED
2026-03-03,BAB_EL_MANDEB,17.0,43.0,13.5,3.0365933990080554,False,NORMAL,OBSERVED
2026-03-04,BAB_EL_MANDEB,8.0,28.0,13.5,3.220922014631595,False,NORMAL,OBSERVED
2026-03-05,BAB_EL_MANDEB,9.0,32.0,13.5,3.3317456536369834,False,NORMAL,OBSERVED
2026-03-06,BAB_EL_MANDEB,12.0,34.0,13.5,3.270033897855116,False,NORMAL,OBSERVED
2026-03-07,BAB_EL_MANDEB,16.0,34.0,14.0,3.292407491478981,False,NORMAL,OBSERVED
2026-03-08,BAB_EL_MANDEB,19.0,47.0,14.0,3.410224278493931,False,NORMAL,OBSERVED
2026-03-09,BAB_EL_MANDEB,10.0,25.0,13.5,3.3977895086325427,False,NORMAL,OBSERVED
2026-03-10,BAB_EL_MANDEB,12.0,21.0,13.5,3.4108060460245633,False,NORMAL,OBSERVED
2026-03-11,BAB_EL_MANDEB,20.0,40.0,13.5,3.590662493587635,False,NORMAL,OBSERVED
2026-03-12,BAB_EL_MANDEB,16.0,32.0,14.0,3.4846602621858223,False,NORMAL,OBSERVED
2026-03-13,BAB_EL_MANDEB,10.0,39.0,13.5,3.478581478207594,False,NORMAL,OBSERVED
2026-03-14,BAB_EL_MANDEB,14.0,29.0,14.0,3.3985680146591704,False,NORMAL,OBSERVED
2026-03-15,BAB_EL_MANDEB,16.0,26.0,14.0,3.33015721700146,False,NORMAL,OBSERVED
2026-03-16,BAB_EL_MANDEB,21.0,49.0,14.0,3.563483225498966,False,NORMAL,OBSERVED
2026-03-17,BAB_EL_MANDEB,18.0,33.0,14.0,3.615808910060636,False,NORMAL,OBSERVED
2026-03-18,BAB_EL_MANDEB,22.0,42.0,14.0,3.859126474068575,True,CONGESTION,OBSERVED
2026-03-19,BAB_EL_MANDEB,20.0,44.0,14.0,3.819332610195319,False,NORMAL,OBSERVED
2026-03-20,BAB_EL_MANDEB,14.0,32.0,14.0,3.745014322420153,False,NORMAL,OBSERVED
2026-03-21,BAB_EL_MANDEB,19.0,41.0,14.0,3.745014322420153,False,NORMAL,OBSERVED
2026-03-22,BAB_EL_MANDEB,13.0,38.0,14.0,3.758588049651615,False,NORMAL,OBSERVED
2026-03-23,BAB_EL_MANDEB,20.0,26.0,14.0,3.861867574635485,False,NORMAL,OBSERVED
2026-03-24,BAB_EL_MANDEB,12.0,29.0,14.0,3.886620653706753,False,NORMAL,OBSERVED
2026-03-25,BAB_EL_MANDEB,14.0,44.0,14.0,3.886620653706753,False,NORMAL,OBSERVED
2026-03-26,BAB_EL_MANDEB,16.0,38.0,14.0,3.8490017945974797,False,NORMAL,OBSERVED
2026-03-27,BAB_EL_MANDEB,14.0,37.0,14.0,3.8490017945974797,False,NORMAL,OBSERVED
2026-03-28,BAB_EL_MANDEB,12.0,35.0,14.0,3.87281257598106,False,NORMAL,OBSERVED
2026-03-29,BAB_EL_MANDEB,16.0,38.0,15.0,3.87281257598106,False,NORMAL,OBSERVED
2026-03-30,BAB_EL_MANDEB,13.0,47.0,15.0,3.8136138757942706,False,NORMAL,OBSERVED
2026-03-31,BAB_EL_MANDEB,16.0,34.0,15.0,3.7998886087822683,False,NORMAL,OBSERVED
2026-04-01,BAB_EL_MANDEB,19.0,42.0,16.0,3.60536783819308,False,NORMAL,OBSERVED
2026-04-02,BAB_EL_MANDEB,15.0,40.0,16.0,3.3780727732503713,False,NORMAL,OBSERVED
2026-04-03,BAB_EL_MANDEB,13.0,28.0,16.0,3.3428435761493485,False,NORMAL,OBSERVED
2026-04-04,BAB_EL_MANDEB,20.0,39.0,16.0,3.439576693531868,False,NORMAL,OBSERVED
2026-04-05,BAB_EL_MANDEB,16.0,36.0,16.0,3.3843320912261983,False,NORMAL,OBSERVED
2026-04-06,BAB_EL_MANDEB,20.0,40.0,16.0,3.281138981492981,False,NORMAL,OBSERVED
2026-04-07,BAB_EL_MANDEB,21.0,38.0,16.0,3.3046383948375797,False,NORMAL,OBSERVED
2026-04-08,BAB_EL_MANDEB,15.0,31.0,16.0,3.238941299366279,False,NORMAL,OBSERVED
2026-04-09,BAB_EL_MANDEB,11.0,37.0,16.0,3.3876526498728077,False,NORMAL,OBSERVED
2026-04-10,BAB_EL_MANDEB,11.0,32.0,16.0,3.325983961502083,False,NORMAL,OBSERVED
2026-04-11,BAB_EL_MANDEB,18.0,38.0,16.0,3.3180203825864356,False,NORMAL,OBSERVED
2026-04-12,BAB_EL_MANDEB,11.0,33.0,16.0,3.4633378401058095,False,NORMAL,OBSERVED
2026-04-13,BAB_EL_MANDEB,15.0,34.0,15.5,3.3301572170014544,False,NORMAL,OBSERVED
2026-04-14,BAB_EL_MANDEB,16.0,34.0,15.5,3.3038377556023693,False,NORMAL,OBSERVED
2026-04-15,BAB_EL_MANDEB,16.0,41.0,15.5,3.0723205300152565,False,NORMAL,OBSERVED
2026-04-16,BAB_EL_MANDEB,16.0,48.0,15.5,2.949307155657493,False,NORMAL,OBSERVED
2026-04-17,BAB_EL_MANDEB,11.0,26.0,15.5,3.0556998522926593,False,NORMAL,OBSERVED
2026-04-18,BAB_EL_MANDEB,6.0,22.0,15.0,3.4395766935318703,True,TRAFFIC_DROP,OBSERVED
2026-04-19,BAB_EL_MANDEB,17.0,42.0,15.5,3.4426518632954526,False,NORMAL,OBSERVED
2026-04-20,BAB_EL_MANDEB,15.0,51.0,15.0,3.300432872042234,False,NORMAL,OBSERVED
2026-04-21,BAB_EL_MANDEB,14.0,36.0,15.0,3.2584850571584134,False,NORMAL,OBSERVED
2026-04-22,BAB_EL_MANDEB,12.0,35.0,15.0,3.300432872042234,False,NORMAL,OBSERVED
2026-04-23,BAB_EL_MANDEB,9.0,28.0,15.0,3.4686807336141277,False,NORMAL,OBSERVED
2026-04-24,BAB_EL_MANDEB,16.0,46.0,15.0,3.477060121704383,False,NORMAL,OBSERVED
2026-04-25,BAB_EL_MANDEB,13.0,39.0,15.0,3.4539678892389816,False,NORMAL,OBSERVED
2026-04-26,BAB_EL_MANDEB,18.0,38.0,15.0,3.5026445035884417,False,NORMAL,OBSERVED
2026-04-27,BAB_EL_MANDEB,8.0,33.0,15.0,3.7161167647860065,False,NORMAL,OBSERVED
2026-04-28,BAB_EL_MANDEB,19.0,36.0,15.0,3.8011067728245287,False,NORMAL,OBSERVED
2026-04-29,BAB_EL_MANDEB,11.0,27.0,15.0,3.7647417472225415,False,NORMAL,OBSERVED
2026-04-30,BAB_EL_MANDEB,15.0,41.0,15.0,3.7647417472225415,False,NORMAL,OBSERVED
2026-05-01,BAB_EL_MANDEB,13.0,42.0,15.0,3.7647417472225415,False,NORMAL,OBSERVED
2026-05-02,BAB_EL_MANDEB,12.0,28.0,15.0,3.624395589093885,False,NORMAL,OBSERVED
2026-05-03,BAB_EL_MANDEB,18.0,35.0,15.0,3.6823258695454464,False,NORMAL,OBSERVED
2026-05-04,BAB_EL_MANDEB,13.0,44.0,14.5,3.505853004762909,False,NORMAL,OBSERVED
2026-05-05,BAB_EL_MANDEB,16.0,32.0,14.5,3.250356105846657,False,NORMAL,OBSERVED
2026-05-06,BAB_EL_MANDEB,14.0,31.0,14.0,3.2415947476414044,False,NORMAL,OBSERVED
2026-05-07,BAB_EL_MANDEB,8.0,25.0,14.0,3.3812038806524987,False,NORMAL,OBSERVED
2026-05-08,BAB_EL_MANDEB,14.0,44.0,14.0,3.3428435761493547,False,NORMAL,OBSERVED
2026-05-09,BAB_EL_MANDEB,13.0,29.0,14.0,3.237307327109764,False,NORMAL,OBSERVED
2026-05-10,BAB_EL_MANDEB,12.0,32.0,14.0,3.2137271707539457,False,NORMAL,OBSERVED
2026-05-11,BAB_EL_MANDEB,8.0,28.0,13.5,3.367090968076364,False,NORMAL,OBSERVED
2026-05-12,BAB_EL_MANDEB,20.0,45.0,13.5,3.564039976260197,False,NORMAL,OBSERVED
2026-05-13,BAB_EL_MANDEB,16.0,38.0,13.5,3.564039976260197,False,NORMAL,OBSERVED
2026-05-14,BAB_EL_MANDEB,13.0,38.0,13.0,3.52991748633269,False,NORMAL,OBSERVED
2026-05-15,BAB_EL_MANDEB,7.0,24.0,13.0,3.7054228814210353,False,NORMAL,OBSERVED
2026-05-16,BAB_EL_MANDEB,13.0,38.0,13.0,3.4262834076325066,False,NORMAL,OBSERVED
2026-05-17,BAB_EL_MANDEB,10.0,32.0,13.0,3.4141008561676225,False,NORMAL,OBSERVED
2026-05-18,BAB_EL_MANDEB,19.0,45.0,13.0,3.571640205369739,False,NORMAL,OBSERVED
2026-05-19,BAB_EL_MANDEB,15.0,45.0,13.0,3.5832871905482153,False,NORMAL,OBSERVED
2026-05-20,BAB_EL_MANDEB,17.0,37.0,13.0,3.635509760257982,False,NORMAL,OBSERVED
2026-05-21,BAB_EL_MANDEB,17.0,34.0,13.5,3.5768213253740564,False,NORMAL,OBSERVED
2026-05-22,BAB_EL_MANDEB,12.0,38.0,13.0,3.567934799034108,False,NORMAL,OBSERVED
2026-05-23,BAB_EL_MANDEB,13.0,42.0,13.0,3.567934799034108,False,NORMAL,OBSERVED
2026-05-24,BAB_EL_MANDEB,23.0,46.0,13.0,3.900040699828309,True,CONGESTION,OBSERVED
2026-05-25,BAB_EL_MANDEB,15.0,37.0,13.5,3.7289089429431934,False,NORMAL,OBSERVED
2026-05-26,BAB_EL_MANDEB,14.0,26.0,13.5,3.605367838193084,False,NORMAL,OBSERVED
2026-05-27,BAB_EL_MANDEB,12.0,40.0,13.5,3.5797785985748667,False,NORMAL,OBSERVED
2026-05-28,BAB_EL_MANDEB,17.0,40.0,13.5,3.6201961418989343,False,NORMAL,OBSERVED
2026-05-29,BAB_EL_MANDEB,13.0,30.0,13.5,3.6201961418989343,False,NORMAL,OBSERVED
2026-05-30,BAB_EL_MANDEB,10.0,32.0,13.5,3.681787005729063,False,NORMAL,OBSERVED
2026-05-31,BAB_EL_MANDEB,13.0,33.0,13.0,3.60096254033988,False,NORMAL,OBSERVED
2026-06-01,BAB_EL_MANDEB,20.0,41.0,13.5,3.780344599504801,False,NORMAL,OBSERVED
2026-06-02,BAB_EL_MANDEB,10.0,37.0,13.0,3.8366100557101896,False,NORMAL,OBSERVED
2026-06-03,BAB_EL_MANDEB,10.0,30.0,13.0,3.904955473328355,False,NORMAL,OBSERVED
2026-06-04,BAB_EL_MANDEB,16.0,47.0,13.0,3.7614024177357,False,NORMAL,OBSERVED
2026-06-05,BAB_EL_MANDEB,10.0,28.0,13.0,3.8366100557101896,False,NORMAL,OBSERVED
2026-06-06,BAB_EL_MANDEB,17.0,40.0,13.0,3.877761859247788,False,NORMAL,OBSERVED
2026-06-07,BAB_EL_MANDEB,18.0,37.0,13.5,3.928595478521841,False,NORMAL,OBSERVED
2026-06-08,BAB_EL_MANDEB,10.0,31.0,13.5,3.8283266130366247,False,NORMAL,OBSERVED
2026-06-09,BAB_EL_MANDEB,13.0,38.0,13.0,3.66648628704943,False,NORMAL,OBSERVED
2026-06-10,BAB_EL_MANDEB,15.0,32.0,13.0,3.6514837167010827,False,NORMAL,OBSERVED
2026-06-11,BAB_EL_MANDEB,16.0,40.0,13.5,3.665042930517936,False,NORMAL,OBSERVED
2026-06-12,BAB_EL_MANDEB,15.0,41.0,14.5,3.39213999661181,False,NORMAL,OBSERVED
2026-06-13,BAB_EL_MANDEB,19.0,37.0,15.0,3.4890228464829853,False,NORMAL,OBSERVED
2026-06-14,BAB_EL_MANDEB,8.0,33.0,15.0,3.6053678381930823,False,NORMAL,OBSERVED
2026-06-15,BAB_EL_MANDEB,16.0,35.0,15.0,3.511131203478751,False,NORMAL,OBSERVED
2026-06-16,BAB_EL_MANDEB,12.0,25.0,14.5,3.538712586872038,False,NORMAL,OBSERVED
2026-06-17,BAB_EL_MANDEB,14.0,42.0,14.0,3.4998110304239383,False,NORMAL,OBSERVED
2026-06-18,BAB_EL_MANDEB,14.0,40.0,14.0,3.4570302574692664,False,NORMAL,OBSERVED
2026-06-19,BAB_EL_MANDEB,15.0,39.0,14.0,3.4357288606979197,False,NORMAL,OBSERVED
2026-06-20,BAB_EL_MANDEB,21.0,39.0,14.5,3.6565517048676037,False,NORMAL,OBSERVED
2026-06-21,BAB_EL_MANDEB,13.0,37.0,14.0,3.2627446491416494,False,NORMAL,OBSERVED
2026-06-22,BAB_EL_MANDEB,12.0,29.0,14.0,3.282751136844651,False,NORMAL,OBSERVED
2026-06-23,BAB_EL_MANDEB,11.0,30.0,13.5,3.3325395880349165,False,NORMAL,OBSERVED
2026-06-24,BAB_EL_MANDEB,12.0,36.0,13.5,3.3325395880349165,False,NORMAL,OBSERVED
2026-06-25,BAB_EL_MANDEB,15.0,46.0,13.5,3.2853692020305147,False,NORMAL,OBSERVED
2026-06-26,BAB_EL_MANDEB,16.0,36.0,14.0,3.3052387469898448,False,NORMAL,OBSERVED
2026-06-27,BAB_EL_MANDEB,6.0,32.0,14.0,3.559583531908578,True,TRAFFIC_DROP,OBSERVED
2026-06-28,BAB_EL_MANDEB,14.0,37.0,14.0,3.55605155270596,False,NORMAL,OBSERVED
2026-06-29,BAB_EL_MANDEB,11.0,35.0,14.0,3.3827683475404466,False,NORMAL,OBSERVED
2026-06-30,BAB_EL_MANDEB,13.0,37.0,14.0,3.3134326579599906,False,NORMAL,OBSERVED
2026-07-01,BAB_EL_MANDEB,12.0,31.0,14.0,3.2530002431617513,False,NORMAL,OBSERVED
2026-07-02,BAB_EL_MANDEB,11.0,39.0,13.5,3.2601084151154716,False,NORMAL,OBSERVED
2026-07-03,BAB_EL_MANDEB,7.0,31.0,13.5,3.4257042685336354,False,NORMAL,OBSERVED
2026-07-04,BAB_EL_MANDEB,15.0,31.0,13.5,3.368858315395022,False,NORMAL,OBSERVED
2026-07-05,BAB_EL_MANDEB,13.0,34.0,13.0,3.243838277794781,False,NORMAL,OBSERVED
2026-07-06,BAB_EL_MANDEB,13.0,28.0,13.0,3.1839544810763196,False,NORMAL,OBSERVED
2026-07-07,BAB_EL_MANDEB,6.0,27.0,13.0,3.4692526984516605,True,TRAFFIC_DROP,OBSERVED
2026-07-08,BAB_EL_MANDEB,10.0,31.0,13.0,3.4930013170707577,False,NORMAL,OBSERVED
2026-07-09,BAB_EL_MANDEB,10.0,28.0,13.0,3.4770601217043886,False,NORMAL,OBSERVED
2026-07-10,BAB_EL_MANDEB,11.0,27.0,12.5,3.45875164806073,False,NORMAL,OBSERVED
2026-07-11,BAB_EL_MANDEB,21.0,44.0,12.5,3.6150771871127345,True,CONGESTION,OBSERVED
2026-07-12,BAB_EL_MANDEB,14.0,41.0,13.0,3.5103776609862325,False,NORMAL,OBSERVED
2026-07-13,BAB_EL_MANDEB,22.0,44.0,13.0,3.8777618592477907,True,CONGESTION,OBSERVED
2026-07-14,BAB_EL_MANDEB,14.0,45.0,13.0,3.877079575111385,False,NORMAL,OBSERVED
2026-07-15,BAB_EL_MANDEB,15.0,40.0,13.0,3.8905325324746007,False,NORMAL,OBSERVED
2026-07-16,BAB_EL_MANDEB,10.0,33.0,13.0,3.929773745792694,False,NORMAL,OBSERVED
2026-07-17,BAB_EL_MANDEB,16.0,46.0,13.0,3.9534326388126906,False,NORMAL,OBSERVED
2026-07-18,BAB_EL_MANDEB,11.0,40.0,12.5,3.64350549267215,False,NORMAL,OBSERVED
2026-07-19,BAB_EL_MANDEB,18.0,33.0,12.5,3.781569059301231,False,NORMAL,OBSERVED
2026-07-20,BAB_EL_MANDEB,12.0,35.0,12.5,3.781569059301231,False,NORMAL,OBSERVED
2026-07-21,BAB_EL_MANDEB,8.0,25.0,12.5,3.876397170886244,False,NORMAL,OBSERVED
2026-07-22,BAB_EL_MANDEB,7.0,31.0,12.5,4.022917154735142,False,NORMAL,OBSERVED
2026-07-23,BAB_EL_MANDEB,14.0,34.0,12.5,4.004626953542226,False,NORMAL,OBSERVED
2026-07-24,BAB_EL_MANDEB,7.0,30.0,12.0,4.073887682123883,False,NORMAL,OBSERVED
2026-07-25,BAB_EL_MANDEB,5.0,22.0,12.0,4.133998922344676,False,NORMAL,OBSERVED
2026-07-26,BAB_EL_MANDEB,6.0,20.0,11.5,4.274942370972051,False,NORMAL,OBSERVED
2026-07-27,BAB_EL_MANDEB,12.0,32.0,12.0,4.271692228772381,False,NORMAL,OBSERVED
2026-07-28,BAB_EL_MANDEB,13.0,33.0,12.0,4.271692228772381,False,NORMAL,OBSERVED
2026-07-29,BAB_EL_MANDEB,5.0,31.0,11.5,4.465624137989987,False,NORMAL,OBSERVED
2026-07-30,BAB_EL_MANDEB,14.0,37.0,12.0,4.485573583207641,False,NORMAL,OBSERVED
2026-07-31,BAB_EL_MANDEB,7.0,27.0,12.0,4.485573583207641,False,NORMAL,OBSERVED
2026-08-01,BAB_EL_MANDEB,5.0,20.0,11.5,4.613501006219832,False,NORMAL,OBSERVED
2026-08-02,BAB_EL_MANDEB,6.0,30.0,11.0,4.711799889751057,False,NORMAL,OBSERVED
2026-08-03,BAB_EL_MANDEB,5.0,17.0,10.5,4.835932524988666,False,NORMAL,OBSERVED
2026-08-04,BAB_EL_MANDEB,9.0,27.0,10.5,4.756921996239454,False,NORMAL,OBSERVED
2026-08-05,BAB_EL_MANDEB,4.0,14.0,10.5,4.9338212971886675,False,NORMAL,OBSERVED
2026-08-06,BAB_EL_MANDEB,13.0,31.0,11.0,4.9494802249685135,False,NORMAL,OBSERVED
2026-08-07,BAB_EL_MANDEB,13.0,28.0,11.5,4.9660221164807075,False,NORMAL,OBSERVED
2026-08-08,BAB_EL_MANDEB,8.0,25.0,10.5,4.5824313686816,False,NORMAL,OBSERVED
2026-08-09,BAB_EL_MANDEB,9.0,34.0,9.5,4.536740083144554,False,NORMAL,OBSERVED
2026-08-10,BAB_EL_MANDEB,13.0,29.0,9.5,3.957946931850375,False,NORMAL,OBSERVED
2026-08-11,BAB_EL_MANDEB,6.0,24.0,9.0,3.9445562246625028,False,NORMAL,OBSERVED
2026-08-12,BAB_EL_MANDEB,6.0,25.0,8.5,3.860668582611281,False,NORMAL,OBSERVED
2026-08-13,BAB_EL_MANDEB,7.0,20.0,8.0,3.8837267325770015,False,NORMAL,OBSERVED
2026-08-14,BAB_EL_MANDEB,7.0,31.0,7.5,3.6709931185158027,False,NORMAL,OBSERVED
2026-08-15,BAB_EL_MANDEB,10.0,40.0,7.5,3.6549234750491713,False,NORMAL,OBSERVED
2026-08-16,BAB_EL_MANDEB,13.0,36.0,7.5,3.298227839053389,False,NORMAL,OBSERVED
2023-11-21,HORMUZ,42.0,68.0,,,False,NORMAL,OBSERVED
2023-11-22,HORMUZ,37.0,61.0,,,False,NORMAL,OBSERVED
2023-11-23,HORMUZ,20.0,38.0,,,False,NORMAL,OBSERVED
2023-11-24,HORMUZ,47.0,79.0,,,False,NORMAL,OBSERVED
2023-11-25,HORMUZ,36.0,60.0,,,False,NORMAL,OBSERVED
2023-11-26,HORMUZ,41.0,54.0,,,False,NORMAL,OBSERVED
2023-11-27,HORMUZ,36.0,59.0,37.0,8.48528137423857,False,NORMAL,OBSERVED
2023-11-28,HORMUZ,39.0,65.0,38.0,7.887603293414656,False,NORMAL,OBSERVED
2023-11-29,HORMUZ,37.0,68.0,37.0,7.378647873726218,False,NORMAL,OBSERVED
2023-11-30,HORMUZ,41.0,59.0,38.0,7.058485830702094,False,NORMAL,OBSERVED
2023-12-01,HORMUZ,31.0,51.0,37.0,6.985699678629192,False,NORMAL,OBSERVED
2023-12-02,HORMUZ,25.0,42.0,37.0,7.507571935295483,False,NORMAL,OBSERVED
2023-12-03,HORMUZ,52.0,84.0,37.0,8.447424125671349,False,NORMAL,OBSERVED
2023-12-04,HORMUZ,50.0,86.0,38.0,8.804344581880216,False,NORMAL,OBSERVED
2023-12-05,HORMUZ,53.0,85.0,39.0,9.311027767934004,False,NORMAL,OBSERVED
2023-12-06,HORMUZ,54.0,80.0,40.0,9.732890971682908,False,NORMAL,OBSERVED
2023-12-07,HORMUZ,47.0,83.0,41.0,9.572862992979317,False,NORMAL,OBSERVED
2023-12-08,HORMUZ,26.0,43.0,40.0,9.893551078413477,False,NORMAL,OBSERVED
2023-12-09,HORMUZ,33.0,51.0,39.0,9.735688251530764,False,NORMAL,OBSERVED
2023-12-10,HORMUZ,45.0,72.0,40.0,9.560885226577582,False,NORMAL,OBSERVED
2023-12-11,HORMUZ,38.0,61.0,39.0,9.325336710376991,False,NORMAL,OBSERVED
2023-12-12,HORMUZ,45.0,75.0,40.0,9.175182978228973,False,NORMAL,OBSERVED
2023-12-13,HORMUZ,28.0,53.0,39.0,9.294267007649724,False,NORMAL,OBSERVED
2023-12-14,HORMUZ,31.0,59.0,38.5,9.245053514866942,False,NORMAL,OBSERVED
2023-12-15,HORMUZ,45.0,70.0,39.0,9.131812525451888,False,NORMAL,OBSERVED
2023-12-16,HORMUZ,16.0,31.0,38.5,10.034172381647394,True,TRAFFIC_DROP,OBSERVED
2023-12-17,HORMUZ,32.0,54.0,38.0,9.913011967500404,False,NORMAL,OBSERVED
2023-12-18,HORMUZ,33.0,56.0,37.5,9.774169608431782,False,NORMAL,OBSERVED
2023-12-19,HORMUZ,33.0,57.0,37.0,9.780866214980342,False,NORMAL,OBSERVED
2023-12-20,HORMUZ,43.0,73.0,37.5,9.834274907839568,False,NORMAL,OBSERVED
2023-12-21,HORMUZ,26.0,57.0,37.5,9.492617571554662,False,NORMAL,OBSERVED
2023-12-22,HORMUZ,31.0,60.0,36.5,9.409763588616388,False,NORMAL,OBSERVED
2023-12-23,HORMUZ,55.0,77.0,37.5,9.9737751366366,False,NORMAL,OBSERVED
2023-12-24,HORMUZ,39.0,67.0,37.5,9.95917592902069,False,NORMAL,OBSERVED
2023-12-25,HORMUZ,51.0,84.0,38.5,10.246886222100702,False,NORMAL,OBSERVED
2023-12-26,HORMUZ,37.0,50.0,37.5,10.250500052326778,False,NORMAL,OBSERVED
2023-12-27,HORMUZ,42.0,71.0,38.5,10.267583962319488,False,NORMAL,OBSERVED
2023-12-28,HORMUZ,59.0,95.0,38.5,10.960728357986348,False,NORMAL,OBSERVED
2023-12-29,HORMUZ,33.0,55.0,38.5,10.911136973428114,False,NORMAL,OBSERVED
2023-12-30,HORMUZ,29.0,51.0,38.5,10.741060020797311,False,NORMAL,OBSERVED
2023-12-31,HORMUZ,45.0,68.0,38.5,10.518502216993104,False,NORMAL,OBSERVED
2024-01-01,HORMUZ,39.0,60.0,38.5,10.305389764635697,False,NORMAL,OBSERVED
2024-01-02,HORMUZ,47.0,72.0,38.5,10.059873667251402,False,NORMAL,OBSERVED
2024-01-03,HORMUZ,38.0,74.0,38.0,9.599107101332764,False,NORMAL,OBSERVED
2024-01-04,HORMUZ,47.0,79.0,38.0,9.599107101332764,False,NORMAL,OBSERVED
2024-01-05,HORMUZ,48.0,76.0,38.5,9.47399671504132,False,NORMAL,OBSERVED
2024-01-06,HORMUZ,45.0,72.0,39.0,9.470645262764394,False,NORMAL,OBSERVED
2024-01-07,HORMUZ,41.0,66.0,39.0,9.4112394811432,False,NORMAL,OBSERVED
2024-01-08,HORMUZ,43.0,68.0,40.0,9.436154157865653,False,NORMAL,OBSERVED
2024-01-09,HORMUZ,34.0,48.0,39.0,9.419949561194565,False,NORMAL,OBSERVED
2024-01-10,HORMUZ,34.0,60.0,39.0,9.228435466752808,False,NORMAL,OBSERVED
2024-01-11,HORMUZ,52.0,74.0,40.0,9.394006307074445,False,NORMAL,OBSERVED
2024-01-12,HORMUZ,49.0,75.0,40.0,9.504315366296012,False,NORMAL,OBSERVED
2024-01-13,HORMUZ,44.0,69.0,41.5,8.27527393686509,False,NORMAL,OBSERVED
2024-01-14,HORMUZ,52.0,85.0,42.5,8.329443536613327,False,NORMAL,OBSERVED
2024-01-15,HORMUZ,68.0,100.0,43.0,9.510228411791399,True,CONGESTION,OBSERVED
2024-01-16,HORMUZ,54.0,87.0,43.5,9.520445834565143,False,NORMAL,OBSERVED
2024-01-17,HORMUZ,40.0,74.0,43.5,9.546045470611588,False,NORMAL,OBSERVED
2024-01-18,HORMUZ,42.0,63.0,43.5,8.908411101862567,False,NORMAL,OBSERVED
2024-01-19,HORMUZ,32.0,57.0,43.5,8.85531855252348,False,NORMAL,OBSERVED
2024-01-20,HORMUZ,43.0,85.0,43.0,8.60255591402742,False,NORMAL,OBSERVED
2024-01-21,HORMUZ,44.0,68.0,43.5,8.550503558920433,False,NORMAL,OBSERVED
2024-01-22,HORMUZ,42.0,75.0,43.0,8.4461412246837,False,NORMAL,OBSERVED
2024-01-23,HORMUZ,43.0,91.0,43.0,8.345942840971402,False,NORMAL,OBSERVED
2024-01-24,HORMUZ,54.0,85.0,43.5,8.550735603740723,False,NORMAL,OBSERVED
2024-01-25,HORMUZ,31.0,47.0,43.0,8.40658283255657,False,NORMAL,OBSERVED
2024-01-26,HORMUZ,51.0,82.0,43.5,8.275273936865089,False,NORMAL,OBSERVED
2024-01-27,HORMUZ,40.0,67.0,43.5,7.785143904159093,False,NORMAL,OBSERVED
2024-01-28,HORMUZ,40.0,84.0,43.0,7.827082950450149,False,NORMAL,OBSERVED
2024-01-29,HORMUZ,34.0,62.0,43.0,8.004628290812382,False,NORMAL,OBSERVED
2024-01-30,HORMUZ,34.0,56.0,43.0,8.198835250869442,False,NORMAL,OBSERVED
2024-01-31,HORMUZ,48.0,71.0,43.0,8.166504695510731,False,NORMAL,OBSERVED
2024-02-01,HORMUZ,49.0,82.0,43.0,8.203351360570474,False,NORMAL,OBSERVED
2024-02-02,HORMUZ,32.0,58.0,43.0,8.464913579284895,False,NORMAL,OBSERVED
2024-02-03,HORMUZ,33.0,64.0,42.5,8.681534865393765,False,NORMAL,OBSERVED
2024-02-04,HORMUZ,32.0,61.0,42.5,8.920281866142375,False,NORMAL,OBSERVED
2024-02-05,HORMUZ,42.0,65.0,42.0,8.92080085141955,False,NORMAL,OBSERVED
2024-02-06,HORMUZ,22.0,49.0,42.0,9.61115698677004,True,TRAFFIC_DROP,OBSERVED
2024-02-07,HORMUZ,45.0,79.0,42.5,9.488505995769088,False,NORMAL,OBSERVED
2024-02-08,HORMUZ,51.0,78.0,42.5,9.453520382325705,False,NORMAL,OBSERVED
2024-02-09,HORMUZ,35.0,67.0,42.0,9.469178629392513,False,NORMAL,OBSERVED
2024-02-10,HORMUZ,44.0,77.0,42.0,9.469178629392513,False,NORMAL,OBSERVED
2024-02-11,HORMUZ,48.0,78.0,42.0,9.342611601388098,False,NORMAL,OBSERVED
2024-02-12,HORMUZ,48.0,74.0,42.0,7.930501695533334,False,NORMAL,OBSERVED
2024-02-13,HORMUZ,32.0,62.0,42.0,7.699635805308683,False,NORMAL,OBSERVED
2024-02-14,HORMUZ,43.0,66.0,42.0,7.714824594151086,False,NORMAL,OBSERVED
2024-02-15,HORMUZ,55.0,93.0,42.5,8.185271971576583,False,NORMAL,OBSERVED
2024-02-16,HORMUZ,56.0,88.0,43.0,8.463663384350646,False,NORMAL,OBSERVED
2024-02-17,HORMUZ,30.0,48.0,42.5,8.748393654516896,False,NORMAL,OBSERVED
2024-02-18,HORMUZ,35.0,65.0,42.0,8.812794330707138,False,NORMAL,OBSERVED
2024-02-19,HORMUZ,39.0,65.0,41.0,8.818871059976255,False,NORMAL,OBSERVED
2024-02-20,HORMUZ,28.0,49.0,40.0,9.13819532274364,False,NORMAL,OBSERVED
2024-02-21,HORMUZ,42.0,70.0,40.0,8.749527576059908,False,NORMAL,OBSERVED
2024-02-22,HORMUZ,35.0,56.0,40.0,8.629575697540215,False,NORMAL,OBSERVED
2024-02-23,HORMUZ,25.0,56.0,39.5,8.810993013480255,False,NORMAL,OBSERVED
2024-02-24,HORMUZ,54.0,79.0,39.5,9.245834182779275,False,NORMAL,OBSERVED
2024-02-25,HORMUZ,31.0,52.0,37.0,9.389569807186119,False,NORMAL,OBSERVED
2024-02-26,HORMUZ,42.0,77.0,40.5,9.34211604911501,False,NORMAL,OBSERVED
2024-02-27,HORMUZ,41.0,62.0,41.5,9.278965801704754,False,NORMAL,OBSERVED
2024-02-28,HORMUZ,41.0,75.0,41.0,9.145791526461919,False,NORMAL,OBSERVED
2024-02-29,HORMUZ,36.0,67.0,40.0,8.98168330106528,False,NORMAL,OBSERVED
2024-03-01,HORMUZ,42.0,76.0,41.0,8.883952002042962,False,NORMAL,OBSERVED
2024-03-02,HORMUZ,29.0,58.0,41.0,9.023997987729144,False,NORMAL,OBSERVED
2024-03-03,HORMUZ,52.0,91.0,41.5,9.206838383281905,False,NORMAL,OBSERVED
2024-03-04,HORMUZ,64.0,88.0,41.5,10.253596607349213,True,CONGESTION,OBSERVED
2024-03-05,HORMUZ,44.0,72.0,42.0,9.57254396091226,False,NORMAL,OBSERVED
2024-03-06,HORMUZ,28.0,47.0,41.5,9.887997106213506,False,NORMAL,OBSERVED
2024-03-07,HORMUZ,38.0,68.0,41.0,9.708107668199526,False,NORMAL,OBSERVED
2024-03-08,HORMUZ,61.0,101.0,41.5,10.372621165417627,False,NORMAL,OBSERVED
2024-03-09,HORMUZ,34.0,59.0,41.0,10.456447847491111,False,NORMAL,OBSERVED
2024-03-10,HORMUZ,35.0,64.0,40.0,10.430926747141536,False,NORMAL,OBSERVED
2024-03-11,HORMUZ,60.0,100.0,40.0,10.973754162695661,False,NORMAL,OBSERVED
2024-03-12,HORMUZ,68.0,110.0,41.0,11.93013169784987,True,CONGESTION,OBSERVED
2024-03-13,HORMUZ,46.0,84.0,41.0,11.948910202460093,False,NORMAL,OBSERVED
2024-03-14,HORMUZ,37.0,57.0,40.0,11.735792942057042,False,NORMAL,OBSERVED
2024-03-15,HORMUZ,62.0,104.0,40.0,12.05339751001316,False,NORMAL,OBSERVED
2024-03-16,HORMUZ,69.0,123.0,41.0,12.830807832308514,True,CONGESTION,OBSERVED
2024-03-17,HORMUZ,65.0,99.0,41.5,13.33730099696328,False,NORMAL,OBSERVED
2024-03-18,HORMUZ,59.0,105.0,42.0,13.561539142565778,False,NORMAL,OBSERVED
2024-03-19,HORMUZ,38.0,84.0,42.0,13.216752236557191,False,NORMAL,OBSERVED
2024-03-20,HORMUZ,60.0,103.0,42.0,13.468363872305545,False,NORMAL,OBSERVED
2024-03-21,HORMUZ,53.0,91.0,43.0,13.338689400410924,False,NORMAL,OBSERVED
2024-03-22,HORMUZ,61.0,99.0,45.0,12.873622595453018,False,NORMAL,OBSERVED
2024-03-23,HORMUZ,49.0,95.0,45.0,12.824981821825656,False,NORMAL,OBSERVED
2024-03-24,HORMUZ,56.0,92.0,47.5,12.460095033905963,False,NORMAL,OBSERVED
2024-03-25,HORMUZ,61.0,102.0,50.5,12.585527507637591,False,NORMAL,OBSERVED
2024-03-26,HORMUZ,45.0,78.0,50.5,12.506664889836399,False,NORMAL,OBSERVED
2024-03-27,HORMUZ,59.0,94.0,52.5,12.502856816401138,False,NORMAL,OBSERVED
2024-03-28,HORMUZ,51.0,82.0,52.5,12.180520488266469,False,NORMAL,OBSERVED
2024-03-29,HORMUZ,64.0,94.0,54.5,12.292295517946553,False,NORMAL,OBSERVED
2024-03-30,HORMUZ,54.0,92.0,55.0,11.46117208702781,False,NORMAL,OBSERVED
2024-03-31,HORMUZ,68.0,105.0,57.5,11.822933055369376,False,NORMAL,OBSERVED
2024-04-01,HORMUZ,59.0,94.0,57.5,11.690451944500113,False,NORMAL,OBSERVED
2024-04-02,HORMUZ,44.0,84.0,57.5,11.690451944500113,False,NORMAL,OBSERVED
2024-04-03,HORMUZ,47.0,79.0,57.5,10.694593897121033,False,NORMAL,OBSERVED
2024-04-04,HORMUZ,42.0,60.0,57.5,10.502393277261348,False,NORMAL,OBSERVED
2024-04-05,HORMUZ,36.0,68.0,55.0,10.923737562210203,False,NORMAL,OBSERVED
2024-04-06,HORMUZ,70.0,122.0,57.5,10.730217431979929,False,NORMAL,OBSERVED
2024-04-07,HORMUZ,43.0,73.0,57.5,10.297428661420135,False,NORMAL,OBSERVED
2024-04-08,HORMUZ,65.0,115.0,57.5,10.438722681292528,False,NORMAL,OBSERVED
2024-04-09,HORMUZ,66.0,107.0,57.5,10.350663910408995,False,NORMAL,OBSERVED
2024-04-10,HORMUZ,67.0,108.0,59.0,10.464098360458696,False,NORMAL,OBSERVED
2024-04-11,HORMUZ,61.0,95.0,59.0,9.870859255093364,False,NORMAL,OBSERVED
2024-04-12,HORMUZ,37.0,75.0,59.0,10.442270121530335,True,TRAFFIC_DROP,OBSERVED
2024-04-13,HORMUZ,61.0,89.0,59.0,10.159768672115488,False,NORMAL,OBSERVED
2024-04-14,HORMUZ,62.0,97.0,59.0,10.066183106224631,False,NORMAL,OBSERVED
2024-04-15,HORMUZ,55.0,93.0,57.5,10.034596239666124,False,NORMAL,OBSERVED
2024-04-16,HORMUZ,48.0,78.0,57.5,9.582832975205593,False,NORMAL,OBSERVED
2024-04-17,HORMUZ,42.0,68.0,55.5,9.845096542234906,False,NORMAL,OBSERVED
2024-04-18,HORMUZ,48.0,75.0,55.5,9.918383871596138,False,NORMAL,OBSERVED
2024-04-19,HORMUZ,32.0,53.0,54.5,10.680051126445592,True,TRAFFIC_DROP,OBSERVED
2024-04-20,HORMUZ,65.0,104.0,55.5,10.868623837771914,False,NORMAL,OBSERVED
2024-04-21,HORMUZ,66.0,104.0,57.0,11.103410029613157,False,NORMAL,OBSERVED
2024-04-22,HORMUZ,49.0,77.0,54.5,11.063309875296142,False,NORMAL,OBSERVED
2024-04-23,HORMUZ,64.0,108.0,57.0,11.087136833944234,False,NORMAL,OBSERVED
2024-04-24,HORMUZ,45.0,79.0,54.5,11.190214451515182,False,NORMAL,OBSERVED
2024-04-25,HORMUZ,36.0,65.0,54.5,11.685472371721403,False,NORMAL,OBSERVED
2024-04-26,HORMUZ,49.0,93.0,51.5,11.525621332056105,False,NORMAL,OBSERVED
2024-04-27,HORMUZ,69.0,102.0,52.0,11.920814573921524,False,NORMAL,OBSERVED
2024-04-28,HORMUZ,43.0,64.0,49.0,11.723613849539797,False,NORMAL,OBSERVED
2024-04-29,HORMUZ,44.0,81.0,48.5,11.759944570290113,False,NORMAL,OBSERVED
2024-04-30,HORMUZ,72.0,123.0,49.0,12.235346488910862,False,NORMAL,OBSERVED
2024-05-01,HORMUZ,47.0,78.0,49.0,12.235346488910862,False,NORMAL,OBSERVED
2024-05-02,HORMUZ,37.0,65.0,49.0,12.436664943650873,False,NORMAL,OBSERVED
2024-05-03,HORMUZ,44.0,77.0,49.0,12.123864698935522,False,NORMAL,OBSERVED
2024-05-04,HORMUZ,55.0,84.0,49.0,11.672787510015242,False,NORMAL,OBSERVED
2024-05-05,HORMUZ,70.0,109.0,52.0,11.9643982463317,False,NORMAL,OBSERVED
2024-05-06,HORMUZ,59.0,102.0,52.0,11.804122228581898,False,NORMAL,OBSERVED
2024-05-07,HORMUZ,69.0,106.0,52.0,11.936339073442499,False,NORMAL,OBSERVED
2024-05-08,HORMUZ,32.0,64.0,49.0,12.289874095815824,False,NORMAL,OBSERVED
2024-05-09,HORMUZ,63.0,102.0,49.0,12.348714133088524,False,NORMAL,OBSERVED
2024-05-10,HORMUZ,49.0,92.0,49.0,12.003251323205804,False,NORMAL,OBSERVED
2024-05-11,HORMUZ,52.0,87.0,49.0,11.892152051806265,False,NORMAL,OBSERVED
2024-05-12,HORMUZ,53.0,96.0,49.0,11.742553646356727,False,NORMAL,OBSERVED
2024-05-13,HORMUZ,77.0,124.0,49.0,12.649267498711847,True,CONGESTION,OBSERVED
2024-05-14,HORMUZ,55.0,85.0,50.5,12.61958669109127,False,NORMAL,OBSERVED
2024-05-15,HORMUZ,63.0,109.0,52.5,12.561120413074056,False,NORMAL,OBSERVED
2024-05-16,HORMUZ,63.0,105.0,54.0,12.623359550817131,False,NORMAL,OBSERVED
2024-05-17,HORMUZ,61.0,102.0,55.0,11.889426630770107,False,NORMAL,OBSERVED
2024-05-18,HORMUZ,29.0,56.0,54.0,12.728909312079022,False,NORMAL,OBSERVED
2024-05-19,HORMUZ,63.0,99.0,54.0,12.63739307387815,False,NORMAL,OBSERVED
2024-05-20,HORMUZ,32.0,59.0,54.0,13.278607930480826,False,NORMAL,OBSERVED
2024-05-21,HORMUZ,69.0,102.0,54.0,13.458932243787277,False,NORMAL,OBSERVED
2024-05-22,HORMUZ,59.0,105.0,55.0,13.388576035335797,False,NORMAL,OBSERVED
2024-05-23,HORMUZ,67.0,105.0,57.0,13.117852047040406,False,NORMAL,OBSERVED
2024-05-24,HORMUZ,46.0,88.0,57.0,13.182279270766745,False,NORMAL,OBSERVED
2024-05-25,HORMUZ,43.0,72.0,55.0,13.080135591420559,False,NORMAL,OBSERVED
2024-05-26,HORMUZ,69.0,113.0,57.0,13.182279270766745,False,NORMAL,OBSERVED
2024-05-27,HORMUZ,63.0,102.0,59.0,13.079882772155614,False,NORMAL,OBSERVED
2024-05-28,HORMUZ,71.0,120.0,59.0,13.035157993493742,False,NORMAL,OBSERVED
2024-05-29,HORMUZ,58.0,108.0,59.0,12.928118323493305,False,NORMAL,OBSERVED
2024-05-30,HORMUZ,42.0,69.0,59.0,12.68670094833093,False,NORMAL,OBSERVED
2024-05-31,HORMUZ,51.0,90.0,59.0,12.503279992946272,False,NORMAL,OBSERVED
2024-06-01,HORMUZ,36.0,64.0,59.0,13.091456885551098,False,NORMAL,OBSERVED
2024-06-02,HORMUZ,77.0,112.0,59.0,13.433896557573183,False,NORMAL,OBSERVED
2024-06-03,HORMUZ,64.0,105.0,60.0,13.5068080031465,False,NORMAL,OBSERVED
2024-06-04,HORMUZ,61.0,105.0,60.0,13.31109256166394,False,NORMAL,OBSERVED
2024-06-05,HORMUZ,38.0,68.0,60.0,12.953927311986613,False,NORMAL,OBSERVED
2024-06-06,HORMUZ,43.0,87.0,58.5,13.116288996398215,False,NORMAL,OBSERVED
2024-06-07,HORMUZ,51.0,86.0,58.5,13.08498877404681,False,NORMAL,OBSERVED
2024-06-08,HORMUZ,48.0,74.0,58.5,13.147112262643866,False,NORMAL,OBSERVED
2024-06-09,HORMUZ,33.0,50.0,58.5,13.810508996056535,False,NORMAL,OBSERVED
2024-06-10,HORMUZ,67.0,119.0,58.5,13.33392855814259,False,NORMAL,OBSERVED
2024-06-11,HORMUZ,35.0,64.0,58.5,13.824868322229468,False,NORMAL,OBSERVED
2024-06-12,HORMUZ,38.0,75.0,54.5,14.00429828196936,False,NORMAL,OBSERVED
2024-06-13,HORMUZ,41.0,85.0,51.0,14.025062600658169,False,NORMAL,OBSERVED
2024-06-14,HORMUZ,55.0,99.0,51.0,13.927391077377763,False,NORMAL,OBSERVED
2024-06-15,HORMUZ,66.0,113.0,53.0,13.435521110594376,False,NORMAL,OBSERVED
2024-06-16,HORMUZ,52.0,94.0,51.5,13.294536810085134,False,NORMAL,OBSERVED
2024-06-17,HORMUZ,66.0,96.0,53.5,12.882199276562133,False,NORMAL,OBSERVED
2024-06-18,HORMUZ,35.0,69.0,51.5,13.007273097738553,False,NORMAL,OBSERVED
2024-06-19,HORMUZ,59.0,103.0,51.5,13.007273097738553,False,NORMAL,OBSERVED
2024-06-20,HORMUZ,44.0,75.0,51.0,12.793847727815868,False,NORMAL,OBSERVED
2024-06-21,HORMUZ,52.0,84.0,51.5,12.742255662365237,False,NORMAL,OBSERVED
2024-06-22,HORMUZ,56.0,102.0,52.0,12.635875273021,False,NORMAL,OBSERVED
2024-06-23,HORMUZ,56.0,94.0,52.0,12.241182983950546,False,NORMAL,OBSERVED
2024-06-24,HORMUZ,66.0,117.0,52.0,12.352998050941334,False,NORMAL,OBSERVED
2024-06-25,HORMUZ,48.0,75.0,51.5,11.80776356569185,False,NORMAL,OBSERVED
2024-06-26,HORMUZ,55.0,95.0,51.5,11.758763477446003,False,NORMAL,OBSERVED
2024-06-27,HORMUZ,79.0,117.0,52.0,12.72043724914845,True,CONGESTION,OBSERVED
2024-06-28,HORMUZ,57.0,96.0,53.5,12.743501300538442,False,NORMAL,OBSERVED
2024-06-29,HORMUZ,41.0,67.0,53.5,12.532866843733357,False,NORMAL,OBSERVED
2024-06-30,HORMUZ,50.0,78.0,52.0,11.62054374962878,False,NORMAL,OBSERVED
2024-07-01,HORMUZ,32.0,64.0,51.5,11.965116847069257,False,NORMAL,OBSERVED
2024-07-02,HORMUZ,34.0,54.0,50.5,12.203033277182378,False,NORMAL,OBSERVED
2024-07-03,HORMUZ,62.0,106.0,51.5,12.17959739041451,False,NORMAL,OBSERVED
2024-07-04,HORMUZ,73.0,110.0,52.0,12.777449961288323,False,NORMAL,OBSERVED
2024-07-05,HORMUZ,53.0,88.0,52.5,12.778278113047586,False,NORMAL,OBSERVED
2024-07-06,HORMUZ,60.0,108.0,54.0,12.843945313529277,False,NORMAL,OBSERVED
2024-07-07,HORMUZ,68.0,102.0,55.0,12.594615461550946,False,NORMAL,OBSERVED
2024-07-08,HORMUZ,60.0,99.0,55.0,12.385934589742318,False,NORMAL,OBSERVED
2024-07-09,HORMUZ,76.0,127.0,55.5,12.562015475401724,False,NORMAL,OBSERVED
2024-07-10,HORMUZ,60.0,95.0,56.0,12.154647248499208,False,NORMAL,OBSERVED
2024-07-11,HORMUZ,70.0,130.0,56.5,12.102461597525375,False,NORMAL,OBSERVED
2024-07-12,HORMUZ,62.0,96.0,58.0,12.14027361249503,False,NORMAL,OBSERVED
2024-07-13,HORMUZ,57.0,105.0,57.0,12.00765849089081,False,NORMAL,OBSERVED
2024-07-14,HORMUZ,69.0,109.0,58.0,12.198100294457763,False,NORMAL,OBSERVED
2024-07-15,HORMUZ,64.0,97.0,58.0,12.150075663317425,False,NORMAL,OBSERVED
2024-07-16,HORMUZ,64.0,107.0,59.5,11.412596308349574,False,NORMAL,OBSERVED
2024-07-17,HORMUZ,68.0,119.0,60.0,11.564404426318267,False,NORMAL,OBSERVED
2024-07-18,HORMUZ,33.0,55.0,60.0,12.239832190985783,True,TRAFFIC_DROP,OBSERVED
2024-07-19,HORMUZ,51.0,84.0,60.0,12.259538991997053,False,NORMAL,OBSERVED
2024-07-20,HORMUZ,58.0,95.0,60.0,12.253279444412298,False,NORMAL,OBSERVED
2024-07-21,HORMUZ,59.0,100.0,60.0,12.247610716134314,False,NORMAL,OBSERVED
2024-07-22,HORMUZ,49.0,80.0,59.5,12.266873704256934,False,NORMAL,OBSERVED
2024-07-23,HORMUZ,46.0,83.0,59.5,12.330329964645587,False,NORMAL,OBSERVED
2024-07-24,HORMUZ,43.0,71.0,59.5,12.625455096831804,False,NORMAL,OBSERVED
2024-07-25,HORMUZ,67.0,104.0,59.5,12.043791348778415,False,NORMAL,OBSERVED
2024-07-26,HORMUZ,42.0,78.0,59.5,12.356852307193716,False,NORMAL,OBSERVED
2024-07-27,HORMUZ,51.0,78.0,59.5,12.044615034227995,False,NORMAL,OBSERVED
2024-07-28,HORMUZ,59.0,102.0,59.5,11.985661627798626,False,NORMAL,OBSERVED
2024-07-29,HORMUZ,61.0,100.0,60.0,10.974899211309983,False,NORMAL,OBSERVED
2024-07-30,HORMUZ,50.0,94.0,60.0,10.067694155488903,False,NORMAL,OBSERVED
2024-07-31,HORMUZ,64.0,93.0,60.0,10.101272904229155,False,NORMAL,OBSERVED
2024-08-01,HORMUZ,46.0,92.0,59.5,9.949874371066189,False,NORMAL,OBSERVED
2024-08-02,HORMUZ,44.0,62.0,59.5,10.24172139549094,False,NORMAL,OBSERVED
2024-08-03,HORMUZ,39.0,75.0,59.0,10.782113348224826,False,NORMAL,OBSERVED
2024-08-04,HORMUZ,57.0,99.0,58.5,10.54261947510319,False,NORMAL,OBSERVED
2024-08-05,HORMUZ,48.0,88.0,57.5,10.61912769561948,False,NORMAL,OBSERVED
2024-08-06,HORMUZ,46.0,70.0,57.0,9.97954256673468,False,NORMAL,OBSERVED
2024-08-07,HORMUZ,30.0,48.0,54.0,10.935779343113564,True,TRAFFIC_DROP,OBSERVED
2024-08-08,HORMUZ,61.0,89.0,54.0,10.557476851043385,False,NORMAL,OBSERVED
2024-08-09,HORMUZ,55.0,91.0,53.0,10.421982770458044,False,NORMAL,OBSERVED
2024-08-10,HORMUZ,42.0,79.0,51.0,10.587253991944584,False,NORMAL,OBSERVED
2024-08-11,HORMUZ,51.0,95.0,51.0,10.073276501263075,False,NORMAL,OBSERVED
2024-08-12,HORMUZ,67.0,97.0,51.0,10.223623954962651,False,NORMAL,OBSERVED
2024-08-13,HORMUZ,34.0,60.0,50.5,10.469090306796058,False,NORMAL,OBSERVED
2024-08-14,HORMUZ,33.0,62.0,49.5,10.422553891903311,False,NORMAL,OBSERVED
2024-08-15,HORMUZ,27.0,41.0,49.5,10.828142834700532,True,TRAFFIC_DROP,OBSERVED
2024-08-16,HORMUZ,35.0,68.0,48.5,11.15167199839502,False,NORMAL,OBSERVED
2024-08-17,HORMUZ,38.0,60.0,47.0,11.175369742826769,False,NORMAL,OBSERVED
2024-08-18,HORMUZ,35.0,52.0,46.0,11.220729116450546,False,NORMAL,OBSERVED
2024-08-19,HORMUZ,37.0,65.0,46.0,11.375272541650354,False,NORMAL,OBSERVED
2024-08-20,HORMUZ,33.0,59.0,45.0,11.667063485314952,False,NORMAL,OBSERVED
2024-08-21,HORMUZ,37.0,65.0,45.0,11.783485439398998,False,NORMAL,OBSERVED
2024-08-22,HORMUZ,40.0,82.0,43.0,11.088628046682377,False,NORMAL,OBSERVED
2024-08-23,HORMUZ,45.0,92.0,44.5,11.0723331257039,False,NORMAL,OBSERVED
2024-08-24,HORMUZ,61.0,91.0,44.5,11.422791196995496,False,NORMAL,OBSERVED
2024-08-25,HORMUZ,54.0,95.0,44.5,11.242163643455937,False,NORMAL,OBSERVED
2024-08-26,HORMUZ,64.0,115.0,44.5,11.409814303215523,False,NORMAL,OBSERVED
2024-08-27,HORMUZ,54.0,88.0,44.5,11.493441884361943,False,NORMAL,OBSERVED
2024-08-28,HORMUZ,50.0,84.0,44.5,10.955598216214911,False,NORMAL,OBSERVED
2024-08-29,HORMUZ,48.0,79.0,44.5,10.968147726497104,False,NORMAL,OBSERVED
2024-08-30,HORMUZ,46.0,79.0,45.5,10.96670043898882,False,NORMAL,OBSERVED
2024-08-31,HORMUZ,51.0,79.0,46.0,10.947868290485559,False,NORMAL,OBSERVED
2024-09-01,HORMUZ,43.0,84.0,45.5,10.72916955617155,False,NORMAL,OBSERVED
2024-09-02,HORMUZ,51.0,88.0,45.5,10.773276756098449,False,NORMAL,OBSERVED
2024-09-03,HORMUZ,52.0,87.0,45.5,10.847426730181944,False,NORMAL,OBSERVED
2024-09-04,HORMUZ,61.0,95.0,47.0,10.788674739999427,False,NORMAL,OBSERVED
2024-09-05,HORMUZ,51.0,84.0,47.0,10.454929725041419,False,NORMAL,OBSERVED
2024-09-06,HORMUZ,55.0,104.0,47.0,10.454929725041419,False,NORMAL,OBSERVED
2024-09-07,HORMUZ,45.0,65.0,47.0,10.425091830892367,False,NORMAL,OBSERVED
2024-09-08,HORMUZ,36.0,68.0,45.5,10.562174198976404,False,NORMAL,OBSERVED
2024-09-09,HORMUZ,56.0,91.0,45.5,9.93097873446206,False,NORMAL,OBSERVED
2024-09-10,HORMUZ,63.0,110.0,47.0,10.203420424533503,False,NORMAL,OBSERVED
2024-09-11,HORMUZ,56.0,98.0,49.0,10.0031740994292,False,NORMAL,OBSERVED
2024-09-12,HORMUZ,59.0,104.0,50.5,9.41011501259489,False,NORMAL,OBSERVED
2024-09-13,HORMUZ,45.0,77.0,50.5,9.065020859027427,False,NORMAL,OBSERVED
2024-09-14,HORMUZ,52.0,90.0,51.0,8.83116175762947,False,NORMAL,OBSERVED
2024-09-15,HORMUZ,28.0,55.0,51.0,9.335246402576882,True,TRAFFIC_DROP,OBSERVED
2024-09-16,HORMUZ,53.0,91.0,51.0,9.056772729572687,False,NORMAL,OBSERVED
2024-09-17,HORMUZ,37.0,71.0,51.0,8.813394687969282,False,NORMAL,OBSERVED
2024-09-18,HORMUZ,46.0,84.0,51.0,8.489333487900115,False,NORMAL,OBSERVED
2024-09-19,HORMUZ,55.0,87.0,51.5,8.301446931952311,False,NORMAL,OBSERVED
2024-09-20,HORMUZ,54.0,88.0,52.0,8.250380783259786,False,NORMAL,OBSERVED
2024-09-21,HORMUZ,53.0,92.0,52.0,8.024103899267672,False,NORMAL,OBSERVED
2024-09-22,HORMUZ,39.0,75.0,51.5,8.288051576926762,False,NORMAL,OBSERVED
2024-09-23,HORMUZ,40.0,62.0,51.0,8.035223383006475,False,NORMAL,OBSERVED
2024-09-24,HORMUZ,54.0,89.0,51.0,8.035223383006475,False,NORMAL,OBSERVED
2024-09-25,HORMUZ,32.0,54.0,51.0,8.668116484348982,True,TRAFFIC_DROP,OBSERVED
2024-09-26,HORMUZ,38.0,64.0,51.0,8.897044869360082,False,NORMAL,OBSERVED
2024-09-27,HORMUZ,39.0,89.0,51.0,9.059474271395288,False,NORMAL,OBSERVED
2024-09-28,HORMUZ,40.0,74.0,51.0,9.162481006859293,False,NORMAL,OBSERVED
2024-09-29,HORMUZ,41.0,78.0,51.0,9.207413047455518,False,NORMAL,OBSERVED
2024-09-30,HORMUZ,32.0,46.0,48.5,9.63294611184189,False,NORMAL,OBSERVED
2024-10-01,HORMUZ,31.0,61.0,45.5,10.027145695243973,False,NORMAL,OBSERVED
2024-10-02,HORMUZ,52.0,104.0,45.5,9.66995018125406,False,NORMAL,OBSERVED
2024-10-03,HORMUZ,47.0,83.0,45.5,9.61947979541464,False,NORMAL,OBSERVED
2024-10-04,HORMUZ,52.0,87.0,45.5,9.52766786923505,False,NORMAL,OBSERVED
2024-10-05,HORMUZ,46.0,77.0,46.0,9.527459617992916,False,NORMAL,OBSERVED
2024-10-06,HORMUZ,27.0,48.0,46.0,10.00231454695838,False,NORMAL,OBSERVED
2024-10-07,HORMUZ,52.0,85.0,46.0,9.870792252020026,False,NORMAL,OBSERVED
2024-10-08,HORMUZ,53.0,93.0,46.0,9.367496997597538,False,NORMAL,OBSERVED
2024-10-09,HORMUZ,28.0,64.0,45.5,9.61335876094643,False,NORMAL,OBSERVED
2024-10-10,HORMUZ,38.0,76.0,43.0,9.189365834726745,False,NORMAL,OBSERVED
2024-10-11,HORMUZ,40.0,67.0,40.5,9.197638873458752,False,NORMAL,OBSERVED
2024-10-12,HORMUZ,41.0,77.0,40.5,9.024364434083552,False,NORMAL,OBSERVED
2024-10-13,HORMUZ,30.0,50.0,40.5,8.91316130474722,False,NORMAL,OBSERVED
2024-10-14,HORMUZ,45.0,77.0,40.5,8.6895302812025,False,NORMAL,OBSERVED
2024-10-15,HORMUZ,32.0,62.0,40.5,8.850537304706945,False,NORMAL,OBSERVED
2024-10-16,HORMUZ,46.0,72.0,40.5,8.850537304706945,False,NORMAL,OBSERVED
2024-10-17,HORMUZ,48.0,85.0,40.5,8.565032887256594,False,NORMAL,OBSERVED
2024-10-18,HORMUZ,43.0,71.0,40.5,8.229753093430848,False,NORMAL,OBSERVED
2024-10-19,HORMUZ,55.0,97.0,40.5,8.342138205596243,False,NORMAL,OBSERVED
2024-10-20,HORMUZ,55.0,105.0,41.0,8.707094352508808,False,NORMAL,OBSERVED
2024-10-21,HORMUZ,46.0,75.0,42.0,8.728942916782257,False,NORMAL,OBSERVED
2024-10-22,HORMUZ,38.0,68.0,41.0,8.450525170743788,False,NORMAL,OBSERVED
2024-10-23,HORMUZ,34.0,66.0,41.0,8.373790681069657,False,NORMAL,OBSERVED
2024-10-24,HORMUZ,29.0,46.0,41.0,8.689834723009762,False,NORMAL,OBSERVED
2024-10-25,HORMUZ,57.0,98.0,42.0,9.156776771689891,False,NORMAL,OBSERVED
2024-10-26,HORMUZ,40.0,82.0,42.0,9.156776771689891,False,NORMAL,OBSERVED
2024-10-27,HORMUZ,47.0,87.0,44.0,9.200874124564653,False,NORMAL,OBSERVED
2024-10-28,HORMUZ,38.0,59.0,44.0,9.02055266435317,False,NORMAL,OBSERVED
2024-10-29,HORMUZ,38.0,70.0,44.0,8.783928927729672,False,NORMAL,OBSERVED
2024-10-30,HORMUZ,38.0,70.0,42.0,8.63509205595479,False,NORMAL,OBSERVED
2024-10-31,HORMUZ,19.0,38.0,40.5,9.628757082976056,True,TRAFFIC_DROP,OBSERVED
2024-11-01,HORMUZ,47.0,80.0,40.5,9.467013183910606,False,NORMAL,OBSERVED
2024-11-02,HORMUZ,42.0,70.0,40.5,9.419949561194493,False,NORMAL,OBSERVED
2024-11-03,HORMUZ,44.0,67.0,41.5,9.028687377863651,False,NORMAL,OBSERVED
2024-11-04,HORMUZ,45.0,85.0,41.5,8.822769964204465,False,NORMAL,OBSERVED
2024-11-05,HORMUZ,33.0,61.0,40.5,8.64710857873806,False,NORMAL,OBSERVED
2024-11-06,HORMUZ,52.0,90.0,41.5,8.543694107042201,False,NORMAL,OBSERVED
2024-11-07,HORMUZ,44.0,81.0,42.5,8.529748751083611,False,NORMAL,OBSERVED
2024-11-08,HORMUZ,29.0,52.0,42.5,8.85531855252341,False,NORMAL,OBSERVED
2024-11-09,HORMUZ,39.0,65.0,42.5,8.86547014244363,False,NORMAL,OBSERVED
2024-11-10,HORMUZ,37.0,71.0,42.5,8.634249507065638,False,NORMAL,OBSERVED
2024-11-11,HORMUZ,50.0,83.0,42.5,8.76161360799891,False,NORMAL,OBSERVED
2024-11-12,HORMUZ,43.0,78.0,43.0,8.559162298920262,False,NORMAL,OBSERVED
2024-11-13,HORMUZ,32.0,58.0,42.5,8.72416821886819,False,NORMAL,OBSERVED
2024-11-14,HORMUZ,35.0,69.0,41.0,8.711346976074639,False,NORMAL,OBSERVED
2024-11-15,HORMUZ,36.0,59.0,39.5,8.753230696094224,False,NORMAL,OBSERVED
2024-11-16,HORMUZ,25.0,48.0,38.5,8.784907693004044,False,NORMAL,OBSERVED
2024-11-17,HORMUZ,32.0,67.0,38.0,8.368102071266259,False,NORMAL,OBSERVED
2024-11-18,HORMUZ,48.0,81.0,38.0,8.439247565446689,False,NORMAL,OBSERVED
2024-11-19,HORMUZ,27.0,53.0,38.0,8.736592146142607,False,NORMAL,OBSERVED
2024-11-20,HORMUZ,31.0,58.0,38.0,8.812794330707046,False,NORMAL,OBSERVED
2024-11-21,HORMUZ,24.0,48.0,38.0,9.058890222510172,False,NORMAL,OBSERVED
2024-11-22,HORMUZ,37.0,73.0,38.0,8.283980844034884,False,NORMAL,OBSERVED
2024-11-23,HORMUZ,38.0,63.0,38.0,8.270877063976087,False,NORMAL,OBSERVED
2024-11-24,HORMUZ,25.0,48.0,37.5,8.379238641525758,False,NORMAL,OBSERVED
2024-11-25,HORMUZ,35.0,63.0,37.0,8.381369488177496,False,NORMAL,OBSERVED
2024-11-26,HORMUZ,22.0,47.0,36.5,8.81699597308608,False,NORMAL,OBSERVED
2024-11-27,HORMUZ,28.0,46.0,35.5,8.936208374127041,False,NORMAL,OBSERVED
2024-11-28,HORMUZ,30.0,53.0,35.5,8.401624937314194,False,NORMAL,OBSERVED
2024-11-29,HORMUZ,39.0,58.0,35.5,8.148424718730826,False,NORMAL,OBSERVED
2024-11-30,HORMUZ,25.0,58.0,35.0,8.300172115254915,False,NORMAL,OBSERVED
2024-12-01,HORMUZ,32.0,54.0,34.0,8.135996831639165,False,NORMAL,OBSERVED
2024-12-02,HORMUZ,42.0,68.0,34.0,8.01486713789401,False,NORMAL,OBSERVED
2024-12-03,HORMUZ,14.0,36.0,33.5,8.913087102296247,True,TRAFFIC_DROP,OBSERVED
2024-12-04,HORMUZ,35.0,60.0,33.5,8.18858412992796,False,NORMAL,OBSERVED
2024-12-05,HORMUZ,25.0,47.0,32.0,8.060206648525158,False,NORMAL,OBSERVED
2024-12-06,HORMUZ,23.0,41.0,32.0,8.239391126628476,False,NORMAL,OBSERVED
2024-12-07,HORMUZ,27.0,46.0,32.0,8.198835250869319,False,NORMAL,OBSERVED
2024-12-08,HORMUZ,20.0,35.0,31.5,8.443400102506287,False,NORMAL,OBSERVED
2024-12-09,HORMUZ,26.0,53.0,30.5,7.671151207384631,False,NORMAL,OBSERVED
2024-12-10,HORMUZ,29.0,51.0,29.5,7.277202206732321,False,NORMAL,OBSERVED
2024-12-11,HORMUZ,26.0,53.0,28.5,7.306589039096231,False,NORMAL,OBSERVED
2024-12-12,HORMUZ,42.0,77.0,28.5,7.602822505682206,False,NORMAL,OBSERVED
2024-12-13,HORMUZ,26.0,48.0,27.5,7.550447619794276,False,NORMAL,OBSERVED
2024-12-14,HORMUZ,27.0,46.0,27.5,7.513215869280644,False,NORMAL,OBSERVED
2024-12-15,HORMUZ,35.0,65.0,27.5,7.566635200270068,False,NORMAL,OBSERVED
2024-12-16,HORMUZ,43.0,63.0,27.5,7.173123706147935,True,CONGESTION,OBSERVED
2024-12-17,HORMUZ,34.0,63.0,28.5,7.195677714974148,False,NORMAL,OBSERVED
2024-12-18,HORMUZ,18.0,34.0,27.5,7.539928985111655,False,NORMAL,OBSERVED
2024-12-19,HORMUZ,32.0,54.0,28.5,7.473675140506034,False,NORMAL,OBSERVED
2024-12-20,HORMUZ,43.0,64.0,28.5,7.767368317648416,False,NORMAL,OBSERVED
2024-12-21,HORMUZ,33.0,54.0,28.5,7.633815053767682,False,NORMAL,OBSERVED
2024-12-22,HORMUZ,33.0,60.0,29.5,7.594902216785777,False,NORMAL,OBSERVED
2024-12-23,HORMUZ,29.0,50.0,29.0,7.537209285240899,False,NORMAL,OBSERVED
2024-12-24,HORMUZ,25.0,50.0,29.0,7.441038074022027,False,NORMAL,OBSERVED
2024-12-25,HORMUZ,27.0,63.0,29.0,7.453559924999153,False,NORMAL,OBSERVED
2024-12-26,HORMUZ,32.0,54.0,29.0,7.463136920786763,False,NORMAL,OBSERVED
2024-12-27,HORMUZ,30.0,52.0,29.0,7.255266286559487,False,NORMAL,OBSERVED
2024-12-28,HORMUZ,37.0,70.0,29.5,7.318437251867481,False,NORMAL,OBSERVED
2024-12-29,HORMUZ,37.0,55.0,29.5,7.424754819317738,False,NORMAL,OBSERVED
2024-12-30,HORMUZ,23.0,48.0,29.0,7.18565222395265,False,NORMAL,OBSERVED
2024-12-31,HORMUZ,28.0,58.0,29.0,6.509557482988875,False,NORMAL,OBSERVED
2025-01-01,HORMUZ,41.0,74.0,29.0,6.7677847227071215,False,NORMAL,OBSERVED
2025-01-02,HORMUZ,22.0,44.0,29.0,6.879153387063641,False,NORMAL,OBSERVED
2025-01-03,HORMUZ,37.0,67.0,29.5,6.838654529013265,False,NORMAL,OBSERVED
2025-01-04,HORMUZ,40.0,76.0,31.0,7.011234371164989,False,NORMAL,OBSERVED
2025-01-05,HORMUZ,38.0,56.0,32.0,6.762309958796177,False,NORMAL,OBSERVED
2025-01-06,HORMUZ,25.0,54.0,32.0,6.797136029318244,False,NORMAL,OBSERVED
2025-01-07,HORMUZ,34.0,63.0,32.5,6.784962364354888,False,NORMAL,OBSERVED
2025-01-08,HORMUZ,30.0,65.0,32.5,6.69468319405639,False,NORMAL,OBSERVED
2025-01-09,HORMUZ,37.0,64.0,32.5,6.486453119700477,False,NORMAL,OBSERVED
2025-01-10,HORMUZ,41.0,67.0,33.0,6.591139635383225,False,NORMAL,OBSERVED
2025-01-11,HORMUZ,49.0,79.0,33.5,7.190804680817721,True,CONGESTION,OBSERVED
2025-01-12,HORMUZ,53.0,91.0,33.5,8.094269316448145,True,CONGESTION,OBSERVED
2025-01-13,HORMUZ,37.0,63.0,33.5,7.923827171073027,False,NORMAL,OBSERVED
2025-01-14,HORMUZ,33.0,71.0,33.0,7.9249121638180275,False,NORMAL,OBSERVED
2025-01-15,HORMUZ,33.0,66.0,33.0,7.306136436559875,False,NORMAL,OBSERVED
2025-01-16,HORMUZ,42.0,73.0,33.5,7.435347438713928,False,NORMAL,OBSERVED
2025-01-17,HORMUZ,46.0,76.0,33.5,7.580956369146159,False,NORMAL,OBSERVED
2025-01-18,HORMUZ,43.0,75.0,35.5,7.73126682843666,False,NORMAL,OBSERVED
2025-01-19,HORMUZ,32.0,65.0,35.5,7.74349018283348,False,NORMAL,OBSERVED
2025-01-20,HORMUZ,45.0,72.0,37.0,7.870899453115669,False,NORMAL,OBSERVED
2025-01-21,HORMUZ,38.0,71.0,37.0,7.600821453795975,False,NORMAL,OBSERVED
2025-01-22,HORMUZ,35.0,59.0,37.0,7.3947643425965985,False,NORMAL,OBSERVED
2025-01-23,HORMUZ,41.0,62.0,37.0,7.393959353460997,False,NORMAL,OBSERVED
2025-01-24,HORMUZ,30.0,67.0,37.0,7.393959353460997,False,NORMAL,OBSERVED
2025-01-25,HORMUZ,52.0,87.0,37.0,7.941252550038348,False,NORMAL,OBSERVED
2025-01-26,HORMUZ,54.0,79.0,37.5,8.550735603740648,False,NORMAL,OBSERVED
2025-01-27,HORMUZ,40.0,72.0,38.0,8.048135608480104,False,NORMAL,OBSERVED
2025-01-28,HORMUZ,33.0,60.0,38.0,7.861482687948165,False,NORMAL,OBSERVED
2025-01-29,HORMUZ,48.0,82.0,38.0,8.04945034108848,False,NORMAL,OBSERVED
2025-01-30,HORMUZ,37.0,74.0,38.0,7.355216268010417,False,NORMAL,OBSERVED
2025-01-31,HORMUZ,46.0,78.0,39.0,7.442904365691136,False,NORMAL,OBSERVED
2025-02-01,HORMUZ,30.0,59.0,38.0,7.665286280147173,False,NORMAL,OBSERVED
2025-02-02,HORMUZ,40.0,59.0,39.0,7.661488934822749,False,NORMAL,OBSERVED
2025-02-03,HORMUZ,44.0,78.0,40.0,7.161312137757321,False,NORMAL,OBSERVED
2025-02-04,HORMUZ,45.0,79.0,40.5,7.115450065148969,False,NORMAL,OBSERVED
2025-02-05,HORMUZ,35.0,62.0,40.5,6.901709779728262,False,NORMAL,OBSERVED
2025-02-06,HORMUZ,32.0,75.0,40.5,7.063206700138948,False,NORMAL,OBSERVED
2025-02-07,HORMUZ,29.0,56.0,40.0,7.388321973716384,False,NORMAL,OBSERVED
2025-02-08,HORMUZ,32.0,59.0,39.0,7.325663377151768,False,NORMAL,OBSERVED
2025-02-09,HORMUZ,45.0,75.0,39.0,6.923141929781079,False,NORMAL,OBSERVED
2025-02-10,HORMUZ,45.0,66.0,40.0,6.994612439199323,False,NORMAL,OBSERVED
2025-02-11,HORMUZ,49.0,92.0,40.5,7.099724266201008,False,NORMAL,OBSERVED
2025-02-12,HORMUZ,59.0,100.0,41.5,7.810164994971369,True,CONGESTION,OBSERVED
2025-02-13,HORMUZ,63.0,127.0,42.0,8.85210643631149,True,CONGESTION,OBSERVED
2025-02-14,HORMUZ,47.0,75.0,42.0,8.872032628601065,False,NORMAL,OBSERVED
2025-02-15,HORMUZ,38.0,70.0,40.5,8.89622712968009,False,NORMAL,OBSERVED
2025-02-16,HORMUZ,40.0,66.0,40.5,8.703827534861471,False,NORMAL,OBSERVED
2025-02-17,HORMUZ,32.0,63.0,40.0,8.87501397271418,False,NORMAL,OBSERVED
2025-02-18,HORMUZ,29.0,59.0,40.0,9.16082064667974,False,NORMAL,OBSERVED
2025-02-19,HORMUZ,43.0,76.0,40.5,9.088919936299611,False,NORMAL,OBSERVED
2025-02-20,HORMUZ,44.0,66.0,41.5,9.102226601251367,False,NORMAL,OBSERVED
2025-02-21,HORMUZ,39.0,77.0,41.5,8.837450373299307,False,NORMAL,OBSERVED
2025-02-22,HORMUZ,48.0,86.0,41.5,8.697442304810167,False,NORMAL,OBSERVED
2025-02-23,HORMUZ,30.0,64.0,40.0,8.616767215648574,False,NORMAL,OBSERVED
2025-02-24,HORMUZ,38.0,60.0,40.0,8.631797988132908,False,NORMAL,OBSERVED
2025-02-25,HORMUZ,38.0,63.0,40.0,8.517256060119928,False,NORMAL,OBSERVED
2025-02-26,HORMUZ,20.0,37.0,39.5,9.262986022493436,True,TRAFFIC_DROP,OBSERVED
2025-02-27,HORMUZ,38.0,70.0,39.5,9.253342024605885,False,NORMAL,OBSERVED
2025-02-28,HORMUZ,35.0,59.0,38.5,9.21947272075122,False,NORMAL,OBSERVED
2025-03-01,HORMUZ,36.0,65.0,38.5,9.05794106275234,False,NORMAL,OBSERVED
2025-03-02,HORMUZ,34.0,59.0,38.0,9.122548956892373,False,NORMAL,OBSERVED
2025-03-03,HORMUZ,54.0,74.0,38.0,9.492060174124745,False,NORMAL,OBSERVED
2025-03-04,HORMUZ,39.0,74.0,38.0,9.440078355875976,False,NORMAL,OBSERVED
2025-03-05,HORMUZ,40.0,71.0,38.5,9.395484674838814,False,NORMAL,OBSERVED
2025-03-06,HORMUZ,68.0,105.0,39.0,10.658727203961291,True,CONGESTION,OBSERVED
2025-03-07,HORMUZ,56.0,82.0,39.5,10.74050583578188,False,NORMAL,OBSERVED
2025-03-08,HORMUZ,53.0,80.0,40.0,10.741798889675904,False,NORMAL,OBSERVED
2025-03-09,HORMUZ,36.0,63.0,39.5,10.809742323502821,False,NORMAL,OBSERVED
2025-03-10,HORMUZ,46.0,80.0,39.5,10.819832857710056,False,NORMAL,OBSERVED
2025-03-11,HORMUZ,29.0,58.0,39.0,11.03769395438589,False,NORMAL,OBSERVED
2025-03-12,HORMUZ,45.0,73.0,39.0,10.538164453684947,False,NORMAL,OBSERVED
2025-03-13,HORMUZ,44.0,79.0,39.0,9.668787397365223,False,NORMAL,OBSERVED
2025-03-14,HORMUZ,27.0,65.0,38.5,9.919984105636631,False,NORMAL,OBSERVED
2025-03-15,HORMUZ,44.0,75.0,39.0,9.940763706515806,False,NORMAL,OBSERVED
2025-03-16,HORMUZ,62.0,107.0,39.0,10.76166771757477,True,CONGESTION,OBSERVED
2025-03-17,HORMUZ,35.0,75.0,39.0,10.683766056164655,False,NORMAL,OBSERVED
2025-03-18,HORMUZ,46.0,83.0,39.5,10.45290521880049,False,NORMAL,OBSERVED
2025-03-19,HORMUZ,44.0,80.0,39.5,10.459293733174551,False,NORMAL,OBSERVED
2025-03-20,HORMUZ,57.0,86.0,39.5,10.845902354511448,False,NORMAL,OBSERVED
2025-03-21,HORMUZ,55.0,91.0,42.0,11.090953938199293,False,NORMAL,OBSERVED
2025-03-22,HORMUZ,40.0,61.0,40.0,11.053680945000247,False,NORMAL,OBSERVED
2025-03-23,HORMUZ,40.0,79.0,40.0,10.794558201820301,False,NORMAL,OBSERVED
2025-03-24,HORMUZ,41.0,74.0,40.5,10.759762393867533,False,NORMAL,OBSERVED
2025-03-25,HORMUZ,36.0,60.0,40.5,10.80025474910207,False,NORMAL,OBSERVED
2025-03-26,HORMUZ,23.0,55.0,40.5,10.577691909748804,False,NORMAL,OBSERVED
2025-03-27,HORMUZ,34.0,64.0,40.5,10.673794741322943,False,NORMAL,OBSERVED
2025-03-28,HORMUZ,64.0,115.0,42.5,11.276702583823894,False,NORMAL,OBSERVED
2025-03-29,HORMUZ,68.0,109.0,44.0,12.046207333061748,False,NORMAL,OBSERVED
2025-03-30,HORMUZ,66.0,98.0,44.0,12.474312229877258,False,NORMAL,OBSERVED
2025-03-31,HORMUZ,45.0,79.0,44.0,12.379952645839449,False,NORMAL,OBSERVED
2025-04-01,HORMUZ,61.0,115.0,44.5,12.626659878310631,False,NORMAL,OBSERVED
2025-04-02,HORMUZ,42.0,83.0,44.5,12.593512649239711,False,NORMAL,OBSERVED
2025-04-03,HORMUZ,45.0,67.0,44.5,11.88124661658114,False,NORMAL,OBSERVED
2025-04-04,HORMUZ,59.0,103.0,44.5,11.989137499812806,False,NORMAL,OBSERVED
2025-04-05,HORMUZ,41.0,83.0,44.0,11.942709360873959,False,NORMAL,OBSERVED
2025-04-06,HORMUZ,58.0,103.0,44.5,12.01558731915916,False,NORMAL,OBSERVED
2025-04-07,HORMUZ,54.0,95.0,44.5,12.102461597525377,False,NORMAL,OBSERVED
2025-04-08,HORMUZ,68.0,105.0,45.0,12.244424279071922,False,NORMAL,OBSERVED
2025-04-09,HORMUZ,59.0,111.0,45.0,12.402210077837536,False,NORMAL,OBSERVED
2025-04-10,HORMUZ,55.0,99.0,45.5,12.428579030588208,False,NORMAL,OBSERVED
2025-04-11,HORMUZ,59.0,109.0,50.0,11.796051262894112,False,NORMAL,OBSERVED
2025-04-12,HORMUZ,49.0,98.0,51.5,11.739004762084102,False,NORMAL,OBSERVED
2025-04-13,HORMUZ,58.0,94.0,51.5,11.613939808850322,False,NORMAL,OBSERVED
2025-04-14,HORMUZ,51.0,94.0,52.5,11.232275867517751,False,NORMAL,OBSERVED
2025-04-15,HORMUZ,28.0,51.0,52.5,11.996913183228688,True,TRAFFIC_DROP,OBSERVED
2025-04-16,HORMUZ,60.0,100.0,54.5,12.081294299770718,False,NORMAL,OBSERVED
2025-04-17,HORMUZ,31.0,58.0,52.5,12.558645497010298,False,NORMAL,OBSERVED
2025-04-18,HORMUZ,17.0,38.0,50.0,13.935983647078533,True,TRAFFIC_DROP,OBSERVED
2025-04-19,HORMUZ,31.0,60.0,50.0,14.234757001027692,False,NORMAL,OBSERVED
2025-04-20,HORMUZ,49.0,78.0,50.0,14.149616256691921,False,NORMAL,OBSERVED
2025-04-21,HORMUZ,61.0,106.0,52.5,14.272480642961261,False,NORMAL,OBSERVED
2025-04-22,HORMUZ,59.0,121.0,54.5,14.157980530372718,False,NORMAL,OBSERVED
2025-04-23,HORMUZ,56.0,90.0,55.5,13.182479955523478,False,NORMAL,OBSERVED
2025-04-24,HORMUZ,55.0,105.0,55.5,12.770408502993705,False,NORMAL,OBSERVED
2025-04-25,HORMUZ,30.0,43.0,55.0,13.172592598543241,False,NORMAL,OBSERVED
2025-04-26,HORMUZ,67.0,110.0,55.0,13.124757493350483,False,NORMAL,OBSERVED
2025-04-27,HORMUZ,59.0,93.0,55.0,12.883020694783603,False,NORMAL,OBSERVED
2025-04-28,HORMUZ,41.0,74.0,55.0,12.965307800017966,False,NORMAL,OBSERVED
2025-04-29,HORMUZ,42.0,72.0,54.5,12.870950845270754,False,NORMAL,OBSERVED
2025-04-30,HORMUZ,41.0,80.0,54.5,12.893694369627147,False,NORMAL,OBSERVED
2025-05-01,HORMUZ,58.0,101.0,55.0,12.963522285741263,False,NORMAL,OBSERVED
2025-05-02,HORMUZ,62.0,96.0,55.0,13.053968157464034,False,NORMAL,OBSERVED
2025-05-03,HORMUZ,36.0,71.0,55.0,13.214350064193392,False,NORMAL,OBSERVED
2025-05-04,HORMUZ,48.0,77.0,54.5,13.118910781990262,False,NORMAL,OBSERVED
2025-05-05,HORMUZ,66.0,109.0,55.0,13.465220730168875,False,NORMAL,OBSERVED
2025-05-06,HORMUZ,53.0,103.0,54.0,13.007273097738576,False,NORMAL,OBSERVED
2025-05-07,HORMUZ,30.0,63.0,52.0,13.35791385036835,False,NORMAL,OBSERVED
2025-05-08,HORMUZ,19.0,30.0,50.0,14.38105749987861,True,TRAFFIC_DROP,OBSERVED
2025-05-09,HORMUZ,57.0,95.0,50.0,14.324101862940452,False,NORMAL,OBSERVED
2025-05-10,HORMUZ,41.0,71.0,50.0,14.360992139754662,False,NORMAL,OBSERVED
2025-05-11,HORMUZ,57.0,90.0,50.0,14.332918044925103,False,NORMAL,OBSERVED
2025-05-12,HORMUZ,66.0,109.0,51.0,14.776643947432934,False,NORMAL,OBSERVED
2025-05-13,HORMUZ,53.0,97.0,53.0,14.325533130424837,False,NORMAL,OBSERVED
2025-05-14,HORMUZ,63.0,108.0,53.0,14.429173857191492,False,NORMAL,OBSERVED
2025-05-15,HORMUZ,46.0,79.0,53.0,14.042405543180758,False,NORMAL,OBSERVED
2025-05-16,HORMUZ,48.0,97.0,53.0,12.600285543081798,False,NORMAL,OBSERVED
2025-05-17,HORMUZ,55.0,103.0,54.0,12.080637356604967,False,NORMAL,OBSERVED
2025-05-18,HORMUZ,63.0,102.0,55.0,12.297889869327006,False,NORMAL,OBSERVED
2025-05-19,HORMUZ,41.0,76.0,54.0,12.284975983722369,False,NORMAL,OBSERVED
2025-05-20,HORMUZ,67.0,113.0,54.0,12.581165060745162,False,NORMAL,OBSERVED
2025-05-21,HORMUZ,50.0,90.0,53.0,12.53882858253604,False,NORMAL,OBSERVED
2025-05-22,HORMUZ,58.0,101.0,53.0,12.591411787152833,False,NORMAL,OBSERVED
2025-05-23,HORMUZ,47.0,80.0,53.0,11.954720570358159,False,NORMAL,OBSERVED
2025-05-24,HORMUZ,51.0,97.0,52.0,11.547692685086787,False,NORMAL,OBSERVED
2025-05-25,HORMUZ,45.0,83.0,50.5,11.475301289401518,False,NORMAL,OBSERVED
2025-05-26,HORMUZ,49.0,109.0,50.5,11.338000906256138,False,NORMAL,OBSERVED
2025-05-27,HORMUZ,52.0,96.0,51.5,11.219550208377669,False,NORMAL,OBSERVED
2025-05-28,HORMUZ,44.0,82.0,51.5,11.136657140952702,False,NORMAL,OBSERVED
2025-05-29,HORMUZ,73.0,112.0,51.5,11.830370744726158,False,NORMAL,OBSERVED
2025-05-30,HORMUZ,65.0,107.0,51.5,11.942709360874002,False,NORMAL,OBSERVED
2025-05-31,HORMUZ,51.0,94.0,51.5,11.549983394019105,False,NORMAL,OBSERVED
2025-06-01,HORMUZ,47.0,98.0,51.5,11.564575996958066,False,NORMAL,OBSERVED
2025-06-02,HORMUZ,46.0,89.0,51.0,11.284383084037078,False,NORMAL,OBSERVED
2025-06-03,HORMUZ,50.0,88.0,50.5,11.282097069504182,False,NORMAL,OBSERVED
2025-06-04,HORMUZ,67.0,108.0,51.0,10.864424250079477,False,NORMAL,OBSERVED
2025-06-05,HORMUZ,49.0,85.0,51.0,8.697974586348407,False,NORMAL,OBSERVED
2025-06-06,HORMUZ,43.0,70.0,50.5,8.895855404976194,False,NORMAL,OBSERVED
2025-06-07,HORMUZ,45.0,77.0,50.5,8.724698869896379,False,NORMAL,OBSERVED
2025-06-08,HORMUZ,60.0,106.0,50.5,8.79062752453618,False,NORMAL,OBSERVED
2025-06-09,HORMUZ,46.0,88.0,50.0,8.53408974822087,False,NORMAL,OBSERVED
2025-06-10,HORMUZ,44.0,89.0,49.5,8.68823628450852,False,NORMAL,OBSERVED
2025-06-11,HORMUZ,40.0,75.0,49.0,8.728412523774628,False,NORMAL,OBSERVED
2025-06-12,HORMUZ,56.0,88.0,49.5,8.69957123555755,False,NORMAL,OBSERVED
2025-06-13,HORMUZ,42.0,69.0,49.5,8.87031790199992,False,NORMAL,OBSERVED
2025-06-14,HORMUZ,47.0,88.0,49.0,8.887003768359532,False,NORMAL,OBSERVED
2025-06-15,HORMUZ,63.0,99.0,49.0,8.887003768359532,False,NORMAL,OBSERVED
2025-06-16,HORMUZ,21.0,42.0,49.0,10.421538543250996,True,TRAFFIC_DROP,OBSERVED
2025-06-17,HORMUZ,42.0,73.0,48.0,10.031893584408143,False,NORMAL,OBSERVED
2025-06-18,HORMUZ,59.0,108.0,48.0,10.183241757830023,False,NORMAL,OBSERVED
2025-06-19,HORMUZ,53.0,98.0,48.0,10.082398618620585,False,NORMAL,OBSERVED
2025-06-20,HORMUZ,48.0,85.0,48.5,10.073539123674006,False,NORMAL,OBSERVED
2025-06-21,HORMUZ,44.0,77.0,47.5,10.132651919445141,False,NORMAL,OBSERVED
2025-06-22,HORMUZ,39.0,67.0,47.5,10.297364433956615,False,NORMAL,OBSERVED
2025-06-23,HORMUZ,39.0,83.0,47.0,10.485755013400729,False,NORMAL,OBSERVED
2025-06-24,HORMUZ,37.0,66.0,46.5,10.71319218405453,False,NORMAL,OBSERVED
2025-06-25,HORMUZ,34.0,52.0,46.5,11.03313911496447,False,NORMAL,OBSERVED
2025-06-26,HORMUZ,39.0,67.0,46.0,10.029585863463792,False,NORMAL,OBSERVED
2025-06-27,HORMUZ,46.0,85.0,46.0,9.38893585035687,False,NORMAL,OBSERVED
2025-06-28,HORMUZ,37.0,69.0,45.5,9.502645134396243,False,NORMAL,OBSERVED
2025-06-29,HORMUZ,55.0,102.0,45.5,9.658384519907642,False,NORMAL,OBSERVED
2025-06-30,HORMUZ,49.0,92.0,45.5,9.673779539663423,False,NORMAL,OBSERVED
2025-07-01,HORMUZ,43.0,83.0,44.5,9.662766043894868,False,NORMAL,OBSERVED
2025-07-02,HORMUZ,44.0,72.0,44.0,8.74204097584085,False,NORMAL,OBSERVED
2025-07-03,HORMUZ,34.0,62.0,44.0,8.953953340468129,False,NORMAL,OBSERVED
2025-07-04,HORMUZ,56.0,94.0,44.0,9.201161647388641,False,NORMAL,OBSERVED
2025-07-05,HORMUZ,45.0,69.0,44.0,9.201161647388641,False,NORMAL,OBSERVED
2025-07-06,HORMUZ,44.0,75.0,44.0,8.724168218868263,False,NORMAL,OBSERVED
2025-07-07,HORMUZ,25.0,55.0,44.0,9.461911951491498,True,TRAFFIC_DROP,OBSERVED
2025-07-08,HORMUZ,42.0,76.0,43.5,9.46750219876382,False,NORMAL,OBSERVED
2025-07-09,HORMUZ,60.0,90.0,44.0,9.923183799546225,False,NORMAL,OBSERVED
2025-07-10,HORMUZ,48.0,82.0,44.0,9.689013578635548,False,NORMAL,OBSERVED
2025-07-11,HORMUZ,39.0,60.0,44.0,9.729679679550944,False,NORMAL,OBSERVED
2025-07-12,HORMUZ,60.0,104.0,44.0,10.177979654198065,False,NORMAL,OBSERVED
2025-07-13,HORMUZ,46.0,78.0,44.0,9.516902257112262,False,NORMAL,OBSERVED
2025-07-14,HORMUZ,56.0,98.0,44.0,8.663842641240045,False,NORMAL,OBSERVED
2025-07-15,HORMUZ,53.0,108.0,44.5,8.766518798921945,False,NORMAL,OBSERVED
2025-07-16,HORMUZ,66.0,109.0,44.5,9.252126882606607,True,CONGESTION,OBSERVED
2025-07-17,HORMUZ,46.0,90.0,44.5,9.142898478742536,False,NORMAL,OBSERVED
2025-07-18,HORMUZ,42.0,81.0,44.0,9.152442065765603,False,NORMAL,OBSERVED
2025-07-19,HORMUZ,52.0,86.0,44.5,9.235312950355569,False,NORMAL,OBSERVED
2025-07-20,HORMUZ,63.0,109.0,45.5,9.704632614370016,False,NORMAL,OBSERVED
2025-07-21,HORMUZ,46.0,83.0,46.0,9.595730421809607,False,NORMAL,OBSERVED
2025-07-22,HORMUZ,32.0,77.0,46.0,9.826268648655786,False,NORMAL,OBSERVED
2025-07-23,HORMUZ,59.0,99.0,46.0,9.784111404661953,False,NORMAL,OBSERVED
2025-07-24,HORMUZ,46.0,87.0,46.0,9.650232335388836,False,NORMAL,OBSERVED
2025-07-25,HORMUZ,48.0,82.0,46.0,9.645022292688347,False,NORMAL,OBSERVED
2025-07-26,HORMUZ,47.0,69.0,46.5,9.416016974356824,False,NORMAL,OBSERVED
2025-07-27,HORMUZ,59.0,102.0,46.5,9.554355775546275,False,NORMAL,OBSERVED
2025-07-28,HORMUZ,55.0,95.0,46.5,9.639534995041778,False,NORMAL,OBSERVED
2025-07-29,HORMUZ,54.0,98.0,47.5,9.634250519307836,False,NORMAL,OBSERVED
2025-07-30,HORMUZ,45.0,77.0,47.5,9.617554496718732,False,NORMAL,OBSERVED
2025-07-31,HORMUZ,54.0,101.0,48.0,9.207197552593678,False,NORMAL,OBSERVED
2025-08-01,HORMUZ,38.0,53.0,47.5,9.368697175834376,False,NORMAL,OBSERVED
2025-08-02,HORMUZ,60.0,103.0,48.0,9.562589695951717,False,NORMAL,OBSERVED
2025-08-03,HORMUZ,42.0,77.0,48.0,9.612257936900305,False,NORMAL,OBSERVED
2025-08-04,HORMUZ,21.0,40.0,48.0,10.009717500731211,True,TRAFFIC_DROP,OBSERVED
2025-08-05,HORMUZ,40.0,76.0,48.0,10.070321527209341,False,NORMAL,OBSERVED
2025-08-06,HORMUZ,33.0,70.0,47.5,10.286118451788942,False,NORMAL,OBSERVED
2025-08-07,HORMUZ,39.0,69.0,46.5,10.432638548801892,False,NORMAL,OBSERVED
2025-08-08,HORMUZ,43.0,75.0,46.5,10.333269329038858,False,NORMAL,OBSERVED
2025-08-09,HORMUZ,38.0,61.0,46.0,10.225693854933018,False,NORMAL,OBSERVED
2025-08-10,HORMUZ,24.0,44.0,46.0,11.130479151301895,False,NORMAL,OBSERVED
2025-08-11,HORMUZ,41.0,73.0,46.0,11.014900922298045,False,NORMAL,OBSERVED
2025-08-12,HORMUZ,66.0,125.0,46.0,11.583319059029689,False,NORMAL,OBSERVED
2025-08-13,HORMUZ,38.0,67.0,45.5,11.023003844534106,False,NORMAL,OBSERVED
2025-08-14,HORMUZ,52.0,98.0,45.5,11.093338961384406,False,NORMAL,OBSERVED
2025-08-15,HORMUZ,38.0,61.0,45.5,11.1670220270393,False,NORMAL,OBSERVED
2025-08-16,HORMUZ,36.0,63.0,44.0,11.229390292852335,False,NORMAL,OBSERVED
2025-08-17,HORMUZ,42.0,71.0,42.5,10.6622014463496,False,NORMAL,OBSERVED
2025-08-18,HORMUZ,47.0,90.0,42.5,10.670324273695712,False,NORMAL,OBSERVED
2025-08-19,HORMUZ,53.0,105.0,44.0,10.519571077823256,False,NORMAL,OBSERVED
2025-08-20,HORMUZ,44.0,69.0,43.5,10.151953965230986,False,NORMAL,OBSERVED
2025-08-21,HORMUZ,44.0,75.0,43.5,10.147262252298944,False,NORMAL,OBSERVED
2025-08-22,HORMUZ,73.0,113.0,43.5,11.49349942796053,True,CONGESTION,OBSERVED
2025-08-23,HORMUZ,52.0,87.0,43.5,11.560915271065774,False,NORMAL,OBSERVED
2025-08-24,HORMUZ,55.0,103.0,43.5,11.410278017841826,False,NORMAL,OBSERVED
2025-08-25,HORMUZ,32.0,62.0,42.5,11.50983016713063,False,NORMAL,OBSERVED
2025-08-26,HORMUZ,32.0,60.0,42.0,11.58291937138565,False,NORMAL,OBSERVED
2025-08-27,HORMUZ,42.0,81.0,42.0,11.583775828021803,False,NORMAL,OBSERVED
2025-08-28,HORMUZ,55.0,90.0,42.0,11.61872234777597,False,NORMAL,OBSERVED
2025-08-29,HORMUZ,50.0,98.0,42.0,11.626916409142408,False,NORMAL,OBSERVED
2025-08-30,HORMUZ,52.0,83.0,42.0,11.313240826103623,False,NORMAL,OBSERVED
2025-08-31,HORMUZ,52.0,93.0,42.5,11.414508543560038,False,NORMAL,OBSERVED
2025-09-01,HORMUZ,57.0,93.0,43.5,10.726271955013539,False,NORMAL,OBSERVED
2025-09-02,HORMUZ,45.0,80.0,44.0,10.675281739216071,False,NORMAL,OBSERVED
2025-09-03,HORMUZ,39.0,86.0,44.0,10.47262746047647,False,NORMAL,OBSERVED
2025-09-04,HORMUZ,26.0,41.0,44.0,11.054937368055963,False,NORMAL,OBSERVED
2025-09-05,HORMUZ,75.0,120.0,44.5,12.384065542667294,True,CONGESTION,OBSERVED
2025-09-06,HORMUZ,43.0,72.0,44.5,12.293748142297508,False,NORMAL,OBSERVED
2025-09-07,HORMUZ,54.0,99.0,46.0,11.53434026249466,False,NORMAL,OBSERVED
2025-09-08,HORMUZ,58.0,98.0,48.5,11.616900660347453,False,NORMAL,OBSERVED
2025-09-09,HORMUZ,42.0,83.0,46.0,11.13695407334277,False,NORMAL,OBSERVED
2025-09-10,HORMUZ,44.0,85.0,46.0,11.005770492200181,False,NORMAL,OBSERVED
2025-09-11,HORMUZ,33.0,69.0,44.5,11.308738485682928,False,NORMAL,OBSERVED
2025-09-12,HORMUZ,40.0,59.0,44.5,11.25621521437739,False,NORMAL,OBSERVED
2025-09-13,HORMUZ,31.0,58.0,44.5,11.4753012894015,False,NORMAL,OBSERVED
2025-09-14,HORMUZ,24.0,41.0,44.5,12.236427531357291,False,NORMAL,OBSERVED
2025-09-15,HORMUZ,29.0,61.0,44.0,12.659145636810099,False,NORMAL,OBSERVED
2025-09-16,HORMUZ,37.0,59.0,44.0,12.672513270562886,False,NORMAL,OBSERVED
2025-09-17,HORMUZ,55.0,105.0,44.0,12.81012124646782,False,NORMAL,OBSERVED
2025-09-18,HORMUZ,43.0,76.0,43.5,12.815541160563418,False,NORMAL,OBSERVED
2025-09-19,HORMUZ,26.0,52.0,43.0,12.119936350610793,False,NORMAL,OBSERVED
2025-09-20,HORMUZ,46.0,63.0,43.0,12.019989963812716,False,NORMAL,OBSERVED
2025-09-21,HORMUZ,51.0,73.0,43.0,11.900991466411424,False,NORMAL,OBSERVED
2025-09-22,HORMUZ,22.0,44.0,43.0,12.39319449703221,False,NORMAL,OBSERVED
2025-09-23,HORMUZ,52.0,87.0,43.5,12.313959472224912,False,NORMAL,OBSERVED
2025-09-24,HORMUZ,52.0,90.0,44.5,12.408127989815384,False,NORMAL,OBSERVED
2025-09-25,HORMUZ,26.0,62.0,43.5,12.666666666666652,False,NORMAL,OBSERVED
2025-09-26,HORMUZ,24.0,49.0,43.0,13.080742337719968,False,NORMAL,OBSERVED
2025-09-27,HORMUZ,42.0,68.0,42.5,12.935329579208672,False,NORMAL,OBSERVED
2025-09-28,HORMUZ,54.0,86.0,42.5,12.999592993221652,False,NORMAL,OBSERVED
2025-09-29,HORMUZ,43.0,77.0,42.5,12.657473689944595,False,NORMAL,OBSERVED
2025-09-30,HORMUZ,56.0,99.0,42.5,12.94447850666543,False,NORMAL,OBSERVED
2025-10-01,HORMUZ,50.0,85.0,43.0,13.026834331425736,False,NORMAL,OBSERVED
2025-10-02,HORMUZ,56.0,94.0,43.0,12.889025724506245,False,NORMAL,OBSERVED
2025-10-03,HORMUZ,54.0,100.0,43.0,11.503105170840962,False,NORMAL,OBSERVED
2025-10-04,HORMUZ,71.0,116.0,43.5,12.711439250953743,True,CONGESTION,OBSERVED
2025-10-05,HORMUZ,72.0,119.0,43.5,13.68557538231306,True,CONGESTION,OBSERVED
2025-10-06,HORMUZ,29.0,64.0,43.0,13.686976778431857,False,NORMAL,OBSERVED
2025-10-07,HORMUZ,11.0,25.0,43.0,14.964994427030629,True,TRAFFIC_DROP,OBSERVED
2025-10-08,HORMUZ,25.0,53.0,42.5,15.293080359375162,False,NORMAL,OBSERVED
2025-10-09,HORMUZ,27.0,46.0,42.5,15.453634356189946,False,NORMAL,OBSERVED
2025-10-10,HORMUZ,26.0,59.0,42.5,15.711519718087468,False,NORMAL,OBSERVED
2025-10-11,HORMUZ,24.0,42.0,42.5,15.922555629602215,False,NORMAL,OBSERVED
2025-10-12,HORMUZ,23.0,55.0,42.5,15.961428374904145,False,NORMAL,OBSERVED
2025-10-13,HORMUZ,37.0,70.0,42.5,15.824266409771,False,NORMAL,OBSERVED
2025-10-14,HORMUZ,63.0,117.0,43.0,16.364886917101607,False,NORMAL,OBSERVED
2025-10-15,HORMUZ,29.0,43.0,42.5,16.30382822575159,False,NORMAL,OBSERVED
2025-10-16,HORMUZ,20.0,39.0,39.5,16.746594062626944,False,NORMAL,OBSERVED
2025-10-17,HORMUZ,24.0,58.0,39.5,16.81123805279445,False,NORMAL,OBSERVED
2025-10-18,HORMUZ,41.0,69.0,39.0,16.767315144138504,False,NORMAL,OBSERVED
2025-10-19,HORMUZ,34.0,61.0,35.5,16.640097870591276,False,NORMAL,OBSERVED
2025-10-20,HORMUZ,33.0,60.0,35.5,16.35566985812369,False,NORMAL,OBSERVED
2025-10-21,HORMUZ,39.0,69.0,35.5,16.162657005625057,False,NORMAL,OBSERVED
2025-10-22,HORMUZ,47.0,76.0,35.5,16.03798401348905,False,NORMAL,OBSERVED
2025-10-23,HORMUZ,45.0,78.0,38.0,15.88762621245433,False,NORMAL,OBSERVED
2025-10-24,HORMUZ,62.0,102.0,40.0,16.15741839874702,False,NORMAL,OBSERVED
2025-10-25,HORMUZ,60.0,98.0,40.0,16.56776209210949,False,NORMAL,OBSERVED
2025-10-26,HORMUZ,39.0,73.0,39.0,16.381690644124244,False,NORMAL,OBSERVED
2025-10-27,HORMUZ,43.0,74.0,39.0,16.381690644124244,False,NORMAL,OBSERVED
2025-10-28,HORMUZ,50.0,99.0,39.0,16.212706493730504,False,NORMAL,OBSERVED
2025-10-29,HORMUZ,51.0,88.0,39.0,16.235494136036305,False,NORMAL,OBSERVED
2025-10-30,HORMUZ,39.0,78.0,39.0,15.951148969248353,False,NORMAL,OBSERVED
2025-10-31,HORMUZ,42.0,78.0,39.0,15.718590079077492,False,NORMAL,OBSERVED
2025-11-01,HORMUZ,47.0,72.0,39.0,14.548041196171457,False,NORMAL,OBSERVED
2025-11-02,HORMUZ,35.0,60.0,38.0,13.004425376197073,False,NORMAL,OBSERVED
2025-11-03,HORMUZ,12.0,25.0,38.0,13.780977611016674,False,NORMAL,OBSERVED
2025-11-04,HORMUZ,33.0,51.0,38.0,12.856760723304113,False,NORMAL,OBSERVED
2025-11-05,HORMUZ,31.0,49.0,38.0,12.689619971711291,False,NORMAL,OBSERVED
2025-11-06,HORMUZ,37.0,66.0,38.0,12.516444209973324,False,NORMAL,OBSERVED
2025-11-07,HORMUZ,35.0,75.0,38.0,12.308802287656297,False,NORMAL,OBSERVED
2025-11-08,HORMUZ,62.0,106.0,39.0,12.750090776728381,False,NORMAL,OBSERVED
2025-11-09,HORMUZ,43.0,68.0,39.0,12.330276326413522,False,NORMAL,OBSERVED
2025-11-10,HORMUZ,41.0,65.0,40.0,12.311810907851344,False,NORMAL,OBSERVED
2025-11-11,HORMUZ,52.0,84.0,40.0,11.73269298396937,False,NORMAL,OBSERVED
2025-11-12,HORMUZ,29.0,54.0,40.0,11.73269298396937,False,NORMAL,OBSERVED
2025-11-13,HORMUZ,33.0,65.0,40.0,11.145680350529974,False,NORMAL,OBSERVED
2025-11-14,HORMUZ,38.0,66.0,40.0,10.673794741322963,False,NORMAL,OBSERVED
2025-11-15,HORMUZ,38.0,67.0,39.0,10.690697137745733,False,NORMAL,OBSERVED
2025-11-16,HORMUZ,22.0,47.0,39.0,11.212474156918988,False,NORMAL,OBSERVED
2025-11-17,HORMUZ,26.0,45.0,39.0,11.464403154222165,False,NORMAL,OBSERVED
2025-11-18,HORMUZ,28.0,43.0,39.0,11.699952516522801,False,NORMAL,OBSERVED
2025-11-19,HORMUZ,38.0,64.0,38.5,11.62390121108566,False,NORMAL,OBSERVED
2025-11-20,HORMUZ,42.0,65.0,38.5,11.58680146778944,False,NORMAL,OBSERVED
2025-11-21,HORMUZ,31.0,46.0,38.0,10.82001623486538,False,NORMAL,OBSERVED
2025-11-22,HORMUZ,29.0,50.0,38.0,10.09662314547779,False,NORMAL,OBSERVED
2025-11-23,HORMUZ,27.0,58.0,37.5,10.27737021928944,False,NORMAL,OBSERVED
2025-11-24,HORMUZ,22.0,45.0,36.0,10.579692537115285,False,NORMAL,OBSERVED
2025-11-25,HORMUZ,35.0,64.0,35.0,10.227828000531892,False,NORMAL,OBSERVED
2025-11-26,HORMUZ,30.0,48.0,35.0,9.821892725924835,False,NORMAL,OBSERVED
2025-11-27,HORMUZ,29.0,48.0,34.0,9.84879064904294,False,NORMAL,OBSERVED
2025-11-28,HORMUZ,26.0,50.0,33.0,9.863821447338342,False,NORMAL,OBSERVED
2025-11-29,HORMUZ,21.0,40.0,32.0,9.81488719150703,False,NORMAL,OBSERVED
2025-11-30,HORMUZ,32.0,53.0,31.5,9.809022949148877,False,NORMAL,OBSERVED
2025-12-01,HORMUZ,35.0,64.0,32.5,8.913680704608057,False,NORMAL,OBSERVED
2025-12-02,HORMUZ,28.0,56.0,31.5,8.979105669516139,False,NORMAL,OBSERVED
2025-12-03,HORMUZ,25.0,49.0,31.5,9.113336932919152,False,NORMAL,OBSERVED
2025-12-04,HORMUZ,30.0,43.0,30.5,9.105713654844376,False,NORMAL,OBSERVED
2025-12-05,HORMUZ,26.0,43.0,30.0,9.1948340683762,False,NORMAL,OBSERVED
2025-12-06,HORMUZ,38.0,66.0,30.0,7.292454605953481,False,NORMAL,OBSERVED
2025-12-07,HORMUZ,28.0,44.0,29.5,6.993855958197813,False,NORMAL,OBSERVED
2025-12-08,HORMUZ,25.0,56.0,29.0,6.8315909509156585,False,NORMAL,OBSERVED
2025-12-09,HORMUZ,46.0,82.0,29.0,6.208353307733747,True,CONGESTION,OBSERVED
2025-12-10,HORMUZ,30.0,50.0,29.5,6.201638288413411,False,NORMAL,OBSERVED
2025-12-11,HORMUZ,30.0,50.0,29.5,6.185300033784478,False,NORMAL,OBSERVED
2025-12-12,HORMUZ,22.0,40.0,29.0,6.20920548896801,False,NORMAL,OBSERVED
2025-12-13,HORMUZ,26.0,45.0,28.5,6.046009659620997,False,NORMAL,OBSERVED
2025-12-14,HORMUZ,36.0,48.0,29.0,5.978245393877343,False,NORMAL,OBSERVED
2025-12-15,HORMUZ,18.0,46.0,29.0,6.357410374253364,False,NORMAL,OBSERVED
2025-12-16,HORMUZ,31.0,53.0,29.5,6.352102514066031,False,NORMAL,OBSERVED
2025-12-17,HORMUZ,26.0,35.0,29.0,6.184979244424821,False,NORMAL,OBSERVED
2025-12-18,HORMUZ,33.0,55.0,29.0,5.724148234966538,False,NORMAL,OBSERVED
2025-12-19,HORMUZ,17.0,30.0,28.5,6.148407115091477,False,NORMAL,OBSERVED
2025-12-20,HORMUZ,19.0,47.0,28.0,6.409628174342933,False,NORMAL,OBSERVED
2025-12-21,HORMUZ,28.0,53.0,28.0,6.4051896948062685,False,NORMAL,OBSERVED
2025-12-22,HORMUZ,26.0,44.0,28.0,6.303606089806624,False,NORMAL,OBSERVED
2025-12-23,HORMUZ,9.0,22.0,28.0,7.156970184527772,True,TRAFFIC_DROP,OBSERVED
2025-12-24,HORMUZ,29.0,63.0,28.0,7.146520224749145,False,NORMAL,OBSERVED
2025-12-25,HORMUZ,23.0,53.0,27.0,7.188596937227956,False,NORMAL,OBSERVED
2025-12-26,HORMUZ,32.0,56.0,28.0,7.239204697760791,False,NORMAL,OBSERVED
2025-12-27,HORMUZ,39.0,64.0,28.0,7.440326982630735,False,NORMAL,OBSERVED
2025-12-28,HORMUZ,18.0,38.0,28.0,7.6368467688847765,False,NORMAL,OBSERVED
2025-12-29,HORMUZ,25.0,49.0,27.0,7.511102892828981,False,NORMAL,OBSERVED
2025-12-30,HORMUZ,34.0,64.0,27.0,7.61811750275037,False,NORMAL,OBSERVED
2025-12-31,HORMUZ,44.0,67.0,28.0,8.213423005076192,False,NORMAL,OBSERVED
2026-01-01,HORMUZ,29.0,64.0,28.0,8.207220333856217,False,NORMAL,OBSERVED
2026-01-02,HORMUZ,20.0,47.0,28.0,8.341503930987814,False,NORMAL,OBSERVED
2026-01-03,HORMUZ,25.0,45.0,27.0,8.116871188062253,False,NORMAL,OBSERVED
2026-01-04,HORMUZ,23.0,46.0,26.0,8.158726298559845,False,NORMAL,OBSERVED
2026-01-05,HORMUZ,30.0,61.0,27.0,8.162373345071632,False,NORMAL,OBSERVED
2026-01-06,HORMUZ,30.0,59.0,27.0,7.331890189890387,False,NORMAL,OBSERVED
2026-01-07,HORMUZ,37.0,63.0,27.0,7.558851988644875,False,NORMAL,OBSERVED
2026-01-08,HORMUZ,37.0,61.0,27.0,7.7708586003247175,False,NORMAL,OBSERVED
2026-01-09,HORMUZ,40.0,73.0,28.5,8.050764858993968,False,NORMAL,OBSERVED
2026-01-10,HORMUZ,33.0,62.0,29.0,8.094922963053767,False,NORMAL,OBSERVED
2026-01-11,HORMUZ,31.0,62.0,29.0,7.97184197975988,False,NORMAL,OBSERVED
2026-01-12,HORMUZ,33.0,51.0,29.5,7.771454345584236,False,NORMAL,OBSERVED
2026-01-13,HORMUZ,24.0,51.0,29.0,7.804150299985215,False,NORMAL,OBSERVED
2026-01-14,HORMUZ,34.0,60.0,29.5,7.860893765574514,False,NORMAL,OBSERVED
2026-01-15,HORMUZ,35.0,62.0,29.5,7.910879254672521,False,NORMAL,OBSERVED
2026-01-16,HORMUZ,28.0,50.0,29.5,7.573537192650681,False,NORMAL,OBSERVED
2026-01-17,HORMUZ,23.0,38.0,29.5,7.411827385009905,False,NORMAL,OBSERVED
2026-01-18,HORMUZ,20.0,53.0,29.5,7.6132542458292916,False,NORMAL,OBSERVED
2026-01-19,HORMUZ,29.0,58.0,29.5,7.591069662724494,False,NORMAL,OBSERVED
2026-01-20,HORMUZ,31.0,55.0,30.0,6.4962341553438385,False,NORMAL,OBSERVED
2026-01-21,HORMUZ,27.0,53.0,30.0,6.516970114316709,False,NORMAL,OBSERVED
2026-01-22,HORMUZ,36.0,62.0,30.5,6.478597241858764,False,NORMAL,OBSERVED
2026-01-23,HORMUZ,24.0,47.0,30.0,6.574260374437354,False,NORMAL,OBSERVED
2026-01-24,HORMUZ,21.0,44.0,29.5,6.537943789503438,False,NORMAL,OBSERVED
2026-01-25,HORMUZ,41.0,62.0,30.0,6.507626783183258,False,NORMAL,OBSERVED
2026-01-26,HORMUZ,19.0,41.0,30.0,6.776476586001948,False,NORMAL,OBSERVED
2026-01-27,HORMUZ,28.0,58.0,29.5,6.737716630789918,False,NORMAL,OBSERVED
2026-01-28,HORMUZ,28.0,51.0,29.0,6.132574142108936,False,NORMAL,OBSERVED
2026-01-29,HORMUZ,39.0,69.0,29.5,6.4089058406308075,False,NORMAL,OBSERVED
2026-01-30,HORMUZ,37.0,68.0,30.0,6.279533396880488,False,NORMAL,OBSERVED
2026-01-31,HORMUZ,40.0,70.0,30.5,6.464800909049607,False,NORMAL,OBSERVED
2026-02-01,HORMUZ,19.0,48.0,30.5,6.680541118025352,False,NORMAL,OBSERVED
2026-02-02,HORMUZ,41.0,67.0,31.0,6.967327378101926,False,NORMAL,OBSERVED
2026-02-03,HORMUZ,32.0,60.0,31.5,6.968086739143729,False,NORMAL,OBSERVED
2026-02-04,HORMUZ,19.0,41.0,31.0,7.216511783960454,False,NORMAL,OBSERVED
2026-02-05,HORMUZ,36.0,66.0,31.0,7.184639700015957,False,NORMAL,OBSERVED
2026-02-06,HORMUZ,33.0,57.0,31.0,6.952122739279586,False,NORMAL,OBSERVED
2026-02-07,HORMUZ,38.0,58.0,31.0,7.093853066052966,False,NORMAL,OBSERVED
2026-02-08,HORMUZ,31.0,57.0,31.0,7.093853066052966,False,NORMAL,OBSERVED
2026-02-09,HORMUZ,33.0,52.0,31.0,7.093853066052966,False,NORMAL,OBSERVED
2026-02-10,HORMUZ,38.0,60.0,31.5,7.132903117125924,False,NORMAL,OBSERVED
2026-02-11,HORMUZ,47.0,76.0,31.5,7.751002665980722,False,NORMAL,OBSERVED
2026-02-12,HORMUZ,31.0,61.0,31.0,7.714738865781114,False,NORMAL,OBSERVED
2026-02-13,HORMUZ,51.0,97.0,31.5,8.557925872435055,True,CONGESTION,OBSERVED
2026-02-14,HORMUZ,53.0,91.0,32.5,9.257343717201547,True,CONGESTION,OBSERVED
2026-02-15,HORMUZ,40.0,72.0,33.0,8.990588847827834,False,NORMAL,OBSERVED
2026-02-16,HORMUZ,27.0,41.0,33.0,9.036668393903476,False,NORMAL,OBSERVED
2026-02-17,HORMUZ,37.0,70.0,34.5,9.044569243708139,False,NORMAL,OBSERVED
2026-02-18,HORMUZ,36.0,72.0,36.0,8.953953340468047,False,NORMAL,OBSERVED
2026-02-19,HORMUZ,48.0,88.0,36.0,9.327308145905539,False,NORMAL,OBSERVED
2026-02-20,HORMUZ,53.0,88.0,36.5,9.716075154202708,False,NORMAL,OBSERVED
2026-02-21,HORMUZ,50.0,79.0,37.0,9.650712066279997,False,NORMAL,OBSERVED
2026-02-22,HORMUZ,68.0,125.0,37.0,11.31183769144833,True,CONGESTION,OBSERVED
2026-02-23,HORMUZ,58.0,88.0,37.5,11.341442010534033,False,NORMAL,OBSERVED
2026-02-24,HORMUZ,20.0,42.0,37.5,11.722259835943536,False,NORMAL,OBSERVED
2026-02-25,HORMUZ,57.0,112.0,38.0,12.021145390849243,False,NORMAL,OBSERVED
2026-02-26,HORMUZ,44.0,86.0,38.0,12.047250449220474,False,NORMAL,OBSERVED
2026-02-27,HORMUZ,30.0,53.0,38.0,12.181389222344178,False,NORMAL,OBSERVED
2026-02-28,HORMUZ,33.0,51.0,37.5,12.245450510334752,False,NORMAL,OBSERVED
2026-03-01,HORMUZ,5.0,18.0,37.5,13.345381461359795,True,TRAFFIC_DROP,OBSERVED
2026-03-02,HORMUZ,1.0,4.0,36.5,15.132702245424522,True,TRAFFIC_DROP,OBSERVED
2026-03-03,HORMUZ,1.0,4.0,36.5,16.609266235078653,True,TRAFFIC_DROP,OBSERVED
2026-03-04,HORMUZ,0.0,0.0,36.5,17.69715099780618,True,TRAFFIC_DROP,OBSERVED
2026-03-05,HORMUZ,1.0,3.0,36.5,18.870766282952548,False,NORMAL,OBSERVED
2026-03-06,HORMUZ,0.0,0.0,36.5,19.96223285959612,False,NORMAL,OBSERVED
2026-03-07,HORMUZ,0.0,2.0,34.5,20.897172032162562,False,NORMAL,OBSERVED
2026-03-08,HORMUZ,0.0,1.0,34.5,21.750022806045283,False,NORMAL,OBSERVED
2026-03-09,HORMUZ,0.0,1.0,34.5,22.506524627175306,False,NORMAL,OBSERVED
2026-03-10,HORMUZ,1.0,2.0,32.0,23.074528433618312,False,NORMAL,OBSERVED
2026-03-11,HORMUZ,0.0,1.0,30.5,23.37035045572226,False,NORMAL,OBSERVED
2026-03-12,HORMUZ,0.0,1.0,28.5,23.883203457815377,False,NORMAL,OBSERVED
2026-03-13,HORMUZ,0.0,0.0,23.5,23.81106741028062,False,NORMAL,OBSERVED
2026-03-14,HORMUZ,0.0,0.0,12.5,23.498395757468202,False,NORMAL,OBSERVED
2026-03-15,HORMUZ,2.0,7.0,3.5,23.504812070641762,False,NORMAL,OBSERVED
2026-03-16,HORMUZ,0.0,2.0,1.5,23.777490355776482,False,NORMAL,OBSERVED
2026-03-17,HORMUZ,1.0,1.0,1.0,23.767474774213035,False,NORMAL,OBSERVED
2026-03-18,HORMUZ,0.0,0.0,1.0,23.74141448828939,False,NORMAL,OBSERVED
2026-03-19,HORMUZ,0.0,0.0,1.0,23.137357273191267,False,NORMAL,OBSERVED
2026-03-20,HORMUZ,2.0,3.0,1.0,22.030642440682506,False,NORMAL,OBSERVED
2026-03-21,HORMUZ,0.0,0.0,1.0,20.950432809864086,False,NORMAL,OBSERVED
2026-03-22,HORMUZ,0.0,2.0,0.5,17.88381077485115,False,NORMAL,OBSERVED
2026-03-23,HORMUZ,2.0,4.0,0.5,15.138164392158485,False,NORMAL,OBSERVED
2026-03-24,HORMUZ,1.0,2.0,0.5,14.965347981641925,False,NORMAL,OBSERVED
2026-03-25,HORMUZ,1.0,1.0,0.5,11.239751357659298,False,NORMAL,OBSERVED
2026-03-26,HORMUZ,0.0,4.0,0.0,8.161968198156499,False,NORMAL,OBSERVED
2026-03-27,HORMUZ,0.0,2.0,0.0,6.206648594247927,False,NORMAL,OBSERVED
2026-03-28,HORMUZ,0.0,5.0,0.0,1.0959280090640044,False,NORMAL,OBSERVED
2026-03-29,HORMUZ,2.0,5.0,0.0,0.7444681351310999,True,CONGESTION,OBSERVED
2026-03-30,HORMUZ,3.0,6.0,0.0,0.8751417118763116,True,CONGESTION,OBSERVED
2026-03-31,HORMUZ,2.0,5.0,0.0,0.9114207758662418,True,CONGESTION,OBSERVED
2026-04-01,HORMUZ,1.0,6.0,0.0,0.9048663264680956,False,NORMAL,OBSERVED
2026-04-02,HORMUZ,0.0,1.0,0.0,0.9114207758662418,False,NORMAL,OBSERVED
2026-04-03,HORMUZ,2.0,3.0,0.0,0.9371802805755581,True,CONGESTION,OBSERVED
2026-04-04,HORMUZ,3.0,10.0,0.0,1.0202966681304573,True,CONGESTION,OBSERVED
2026-04-05,HORMUZ,4.0,4.0,0.5,1.1700630833593824,True,CONGESTION,OBSERVED
2026-04-06,HORMUZ,0.0,5.0,0.5,1.1700630833593824,False,NORMAL,OBSERVED
2026-04-07,HORMUZ,2.0,3.0,0.5,1.1863420280004664,False,NORMAL,OBSERVED
2026-04-08,HORMUZ,0.0,3.0,0.5,1.1863420280004664,False,NORMAL,OBSERVED
2026-04-09,HORMUZ,5.0,7.0,1.0,1.3892063129308987,True,CONGESTION,OBSERVED
2026-04-10,HORMUZ,0.0,3.0,1.0,1.3892063129308987,False,NORMAL,OBSERVED
2026-04-11,HORMUZ,3.0,6.0,1.0,1.41046729469736,False,NORMAL,OBSERVED
2026-04-12,HORMUZ,3.0,12.0,1.0,1.4415416497747244,False,NORMAL,OBSERVED
2026-04-13,HORMUZ,3.0,5.0,1.0,1.4511444124597075,False,NORMAL,OBSERVED
2026-04-14,HORMUZ,2.0,4.0,1.5,1.4525110532389385,False,NORMAL,OBSERVED
2026-04-15,HORMUZ,4.0,7.0,2.0,1.4991179064194555,False,NORMAL,OBSERVED
2026-04-16,HORMUZ,1.0,3.0,2.0,1.4710612373433418,False,NORMAL,OBSERVED
2026-04-17,HORMUZ,3.0,8.0,2.0,1.492042384177957,False,NORMAL,OBSERVED
2026-04-18,HORMUZ,12.0,20.0,2.0,2.424249188300816,True,CONGESTION,OBSERVED
2026-04-19,HORMUZ,1.0,2.0,2.0,2.3992944289117166,False,NORMAL,OBSERVED
2026-04-20,HORMUZ,2.0,3.0,2.0,2.3992944289117166,False,NORMAL,OBSERVED
2026-04-21,HORMUZ,2.0,2.0,2.0,2.38907345170989,False,NORMAL,OBSERVED
2026-04-22,HORMUZ,2.0,5.0,2.0,2.3782524374165397,False,NORMAL,OBSERVED
2026-04-23,HORMUZ,0.0,1.0,2.0,2.3782524374165397,False,NORMAL,OBSERVED
2026-04-24,HORMUZ,2.0,5.0,2.0,2.338995397792082,False,NORMAL,OBSERVED
2026-04-25,HORMUZ,1.0,3.0,2.0,2.31026006919019,False,NORMAL,OBSERVED
2026-04-26,HORMUZ,1.0,2.0,2.0,2.32310684145574,False,NORMAL,OBSERVED
2026-04-27,HORMUZ,0.0,0.0,2.0,2.3578642474741542,False,NORMAL,OBSERVED
2026-04-28,HORMUZ,2.0,5.0,2.0,2.3578642474741542,False,NORMAL,OBSERVED
2026-04-29,HORMUZ,3.0,5.0,2.0,2.3511226632761715,False,NORMAL,OBSERVED
2026-04-30,HORMUZ,4.0,6.0,2.0,2.330780916888751,False,NORMAL,OBSERVED
2026-05-01,HORMUZ,2.0,5.0,2.0,2.330780916888751,False,NORMAL,OBSERVED
2026-05-02,HORMUZ,4.0,6.0,2.0,2.348026301645832,False,NORMAL,OBSERVED
2026-05-03,HORMUZ,1.0,6.0,2.0,2.342103698695429,False,NORMAL,OBSERVED
2026-05-04,HORMUZ,0.0,2.0,2.0,2.342103698695429,False,NORMAL,OBSERVED
2026-05-05,HORMUZ,0.0,0.0,2.0,2.3824201824864955,False,NORMAL,OBSERVED
2026-05-06,HORMUZ,0.0,0.0,2.0,2.3824201824864955,False,NORMAL,OBSERVED
2026-05-07,HORMUZ,0.0,0.0,2.0,2.3558999448740563,False,NORMAL,OBSERVED
2026-05-08,HORMUZ,0.0,0.0,2.0,2.3558999448740563,False,NORMAL,OBSERVED
2026-05-09,HORMUZ,1.0,1.0,2.0,2.3570226039536775,False,NORMAL,OBSERVED
2026-05-10,HORMUZ,2.0,5.0,2.0,2.348871168708233,False,NORMAL,OBSERVED
2026-05-11,HORMUZ,4.0,6.0,2.0,2.372684056005487,False,NORMAL,OBSERVED
2026-05-12,HORMUZ,1.0,3.0,1.5,2.38019829328082,False,NORMAL,OBSERVED
2026-05-13,HORMUZ,2.0,3.0,1.5,2.3466175139137517,False,NORMAL,OBSERVED
2026-05-14,HORMUZ,3.0,6.0,2.0,2.348871168708233,False,NORMAL,OBSERVED
2026-05-15,HORMUZ,2.0,2.0,2.0,2.3401261667233846,False,NORMAL,OBSERVED
2026-05-16,HORMUZ,1.0,6.0,1.5,1.26145544561145,False,NORMAL,OBSERVED
2026-05-17,HORMUZ,1.0,2.0,1.5,1.26145544561145,False,NORMAL,OBSERVED
2026-05-18,HORMUZ,1.0,4.0,1.0,1.2619796323972614,False,NORMAL,OBSERVED
2026-05-19,HORMUZ,3.0,4.0,1.0,1.2904820476615921,False,NORMAL,OBSERVED
2026-05-20,HORMUZ,3.0,7.0,1.0,1.3173646934097945,False,NORMAL,OBSERVED
2026-05-21,HORMUZ,2.0,4.0,1.5,1.2827714704870872,False,NORMAL,OBSERVED
2026-05-22,HORMUZ,0.0,2.0,1.0,1.3173646934097945,False,NORMAL,OBSERVED
2026-05-23,HORMUZ,1.0,3.0,1.0,1.3173646934097945,False,NORMAL,OBSERVED
2026-05-24,HORMUZ,2.0,5.0,1.5,1.3148520748848256,False,NORMAL,OBSERVED
2026-05-25,HORMUZ,0.0,4.0,1.5,1.3148520748848256,False,NORMAL,OBSERVED
2026-05-26,HORMUZ,2.0,3.0,1.5,1.3148520748848256,False,NORMAL,OBSERVED
2026-05-27,HORMUZ,1.0,1.0,1.0,1.290482047661592,False,NORMAL,OBSERVED
2026-05-28,HORMUZ,0.0,2.0,1.0,1.2274419565122712,False,NORMAL,OBSERVED
2026-05-29,HORMUZ,0.0,1.0,1.0,1.2488089563727165,False,NORMAL,OBSERVED
2026-05-30,HORMUZ,0.0,3.0,1.0,1.1564175661474823,False,NORMAL,OBSERVED
2026-05-31,HORMUZ,0.0,2.0,1.0,1.17738837527651,False,NORMAL,OBSERVED
2026-06-01,HORMUZ,1.0,2.0,1.0,1.1564175661474823,False,NORMAL,OBSERVED
2026-06-02,HORMUZ,3.0,5.0,1.0,1.1818736805675532,False,NORMAL,OBSERVED
2026-06-03,HORMUZ,3.0,8.0,1.0,1.1968874978595936,False,NORMAL,OBSERVED
2026-06-04,HORMUZ,1.0,3.0,1.0,1.1683661091765232,False,NORMAL,OBSERVED
2026-06-05,HORMUZ,0.0,0.0,1.0,1.1683661091765232,False,NORMAL,OBSERVED
2026-06-06,HORMUZ,0.0,2.0,1.0,1.1968874978595936,False,NORMAL,OBSERVED
2026-06-07,HORMUZ,0.0,0.0,1.0,1.218790275413551,False,NORMAL,OBSERVED
2026-06-08,HORMUZ,1.0,7.0,1.0,1.100745298256185,False,NORMAL,OBSERVED
2026-06-09,HORMUZ,2.0,4.0,1.0,1.1097213530766963,False,NORMAL,OBSERVED
2026-06-10,HORMUZ,0.0,3.0,1.0,1.1239339452211563,False,NORMAL,OBSERVED
2026-06-11,HORMUZ,2.0,2.0,1.0,1.078898124946947,False,NORMAL,OBSERVED
2026-06-12,HORMUZ,1.0,1.0,1.0,1.065947177976589,False,NORMAL,OBSERVED
2026-06-13,HORMUZ,0.0,0.0,1.0,1.0862293403729442,False,NORMAL,OBSERVED
2026-06-14,HORMUZ,0.0,0.0,1.0,1.1049431980388522,False,NORMAL,OBSERVED
2026-06-15,HORMUZ,1.0,6.0,1.0,1.1049431980388522,False,NORMAL,OBSERVED
2026-06-16,HORMUZ,2.0,5.0,1.0,1.0540925533860679,False,NORMAL,OBSERVED
2026-06-17,HORMUZ,0.0,8.0,1.0,0.994029797384399,False,NORMAL,OBSERVED
2026-06-18,HORMUZ,10.0,19.0,1.0,1.9823960703873127,True,CONGESTION,OBSERVED
2026-06-19,HORMUZ,3.0,9.0,1.0,1.9973527453634439,False,NORMAL,OBSERVED
2026-06-20,HORMUZ,12.0,23.0,1.0,2.8421897065529054,True,CONGESTION,OBSERVED
2026-06-21,HORMUZ,1.0,6.0,1.0,2.844283229557149,False,NORMAL,OBSERVED
2026-06-22,HORMUZ,8.0,10.0,1.0,3.0662870710534276,True,CONGESTION,OBSERVED
2026-06-23,HORMUZ,4.0,11.0,1.0,3.091206165164105,False,NORMAL,OBSERVED
2026-06-24,HORMUZ,18.0,44.0,1.0,4.314826168887686,True,CONGESTION,OBSERVED
2026-06-25,HORMUZ,21.0,43.0,1.0,5.505648854782019,True,CONGESTION,OBSERVED
2026-06-26,HORMUZ,17.0,27.0,1.0,6.0337454914901745,True,CONGESTION,OBSERVED
2026-06-27,HORMUZ,9.0,24.0,1.5,6.054426864376022,False,NORMAL,OBSERVED
2026-06-28,HORMUZ,6.0,11.0,2.0,6.003085626328387,False,NORMAL,OBSERVED
2026-06-29,HORMUZ,12.0,24.0,2.0,6.12426434411573,False,NORMAL,OBSERVED
2026-06-30,HORMUZ,5.0,14.0,2.0,6.113022789016997,False,NORMAL,OBSERVED
2026-07-01,HORMUZ,17.0,27.0,2.0,6.506305447948489,True,CONGESTION,OBSERVED
2026-07-02,HORMUZ,14.0,25.0,2.5,6.638432274925817,False,NORMAL,OBSERVED
2026-07-03,HORMUZ,17.0,23.0,3.5,6.850153514673739,False,NORMAL,OBSERVED
2026-07-04,HORMUZ,6.0,15.0,4.5,6.7309401687690995,False,NORMAL,OBSERVED
2026-07-05,HORMUZ,15.0,20.0,5.5,6.770618128447637,False,NORMAL,OBSERVED
2026-07-06,HORMUZ,14.0,23.0,6.0,6.769348127705363,False,NORMAL,OBSERVED
2026-07-07,HORMUZ,10.0,24.0,7.0,6.685983918046395,False,NORMAL,OBSERVED
2026-07-08,HORMUZ,4.0,11.0,7.0,6.549263862668173,False,NORMAL,OBSERVED
2026-07-09,HORMUZ,2.0,7.0,7.0,6.549263862668173,False,NORMAL,OBSERVED
2026-07-10,HORMUZ,3.0,4.0,7.0,6.478597241858481,False,NORMAL,OBSERVED
2026-07-11,HORMUZ,3.0,6.0,7.0,6.360842511830613,False,NORMAL,OBSERVED
2026-07-12,HORMUZ,1.0,3.0,7.0,6.31482257288186,False,NORMAL,OBSERVED
2026-07-13,HORMUZ,2.0,7.0,7.0,6.274159654095001,False,NORMAL,OBSERVED
2026-07-14,HORMUZ,3.0,5.0,7.0,6.238958500791403,False,NORMAL,OBSERVED
2026-07-15,HORMUZ,3.0,8.0,7.0,6.112698206608398,False,NORMAL,OBSERVED
2026-07-16,HORMUZ,1.0,4.0,6.0,6.269414291267539,False,NORMAL,OBSERVED
2026-07-17,HORMUZ,1.0,1.0,6.0,6.342412039294245,False,NORMAL,OBSERVED
2026-07-18,HORMUZ,2.0,5.0,5.5,6.400541478416123,False,NORMAL,OBSERVED
2026-07-19,HORMUZ,2.0,4.0,5.5,6.36375317696629,False,NORMAL,OBSERVED
2026-07-20,HORMUZ,1.0,3.0,4.5,6.494095812603509,False,NORMAL,OBSERVED
2026-07-21,HORMUZ,1.0,4.0,4.5,6.579992119774177,False,NORMAL,OBSERVED
2026-07-22,HORMUZ,1.0,3.0,3.5,6.3557456404025885,False,NORMAL,OBSERVED
2026-07-23,HORMUZ,0.0,0.0,3.0,5.848167080466488,False,NORMAL,OBSERVED
2026-07-24,HORMUZ,0.0,3.0,3.0,5.554325260598511,False,NORMAL,OBSERVED
2026-07-25,HORMUZ,0.0,1.0,3.0,5.6065909815016814,False,NORMAL,OBSERVED
2026-07-26,HORMUZ,2.0,3.0,2.5,5.636708860006902,False,NORMAL,OBSERVED
2026-07-27,HORMUZ,0.0,4.0,2.0,5.545864563492983,False,NORMAL,OBSERVED
2026-07-28,HORMUZ,1.0,4.0,2.0,5.587684871412815,False,NORMAL,OBSERVED
2026-07-29,HORMUZ,2.0,6.0,2.0,5.036769561836331,False,NORMAL,OBSERVED
2026-07-30,HORMUZ,1.0,2.0,2.0,4.662696724078673,False,NORMAL,OBSERVED
2026-07-31,HORMUZ,1.0,6.0,2.0,3.8579266301461757,False,NORMAL,OBSERVED
2026-08-01,HORMUZ,2.0,3.0,2.0,3.813787296765075,False,NORMAL,OBSERVED
2026-08-02,HORMUZ,0.0,2.0,1.5,3.0015428131633035,False,NORMAL,OBSERVED
2026-08-03,HORMUZ,3.0,6.0,1.5,1.9381985854413126,False,NORMAL,OBSERVED
2026-08-04,HORMUZ,4.0,6.0,1.5,1.1930131697820159,True,CONGESTION,OBSERVED
2026-08-05,HORMUZ,0.0,4.0,1.0,1.138550085103497,False,NORMAL,OBSERVED
2026-08-06,HORMUZ,0.0,2.0,1.0,1.1683661091765014,False,NORMAL,OBSERVED
2026-08-07,HORMUZ,2.0,4.0,1.0,1.1333099904193906,False,NORMAL,OBSERVED
2026-08-08,HORMUZ,1.0,8.0,1.0,1.0904831218988633,False,NORMAL,OBSERVED
2026-08-09,HORMUZ,0.0,1.0,1.0,1.1174422797934997,False,NORMAL,OBSERVED
2026-08-10,HORMUZ,2.0,4.0,1.0,1.1174422797934997,False,NORMAL,OBSERVED
2026-08-11,HORMUZ,2.0,8.0,1.0,1.07582870727651,False,NORMAL,OBSERVED
2026-08-12,HORMUZ,0.0,1.0,1.0,1.0440053112603929,False,NORMAL,OBSERVED
2026-08-13,HORMUZ,1.0,4.0,1.0,1.0440053112603929,False,NORMAL,OBSERVED
2026-08-14,HORMUZ,1.0,6.0,1.0,1.0440053112603929,False,NORMAL,OBSERVED
2026-08-15,HORMUZ,1.0,1.0,1.0,1.0306159867584654,False,NORMAL,OBSERVED
2026-08-16,HORMUZ,1.0,1.0,1.0,1.0157490003631993,False,NORMAL,OBSERVED
2019-01-01,RED_SEA,21.0,50.0,,,False,NORMAL,OBSERVED
2019-01-02,RED_SEA,18.0,59.0,,,False,NORMAL,OBSERVED
2019-01-03,RED_SEA,18.0,58.0,,,False,NORMAL,OBSERVED
2019-01-04,RED_SEA,18.0,47.0,,,False,NORMAL,OBSERVED
2019-01-05,RED_SEA,22.0,74.0,,,False,NORMAL,OBSERVED
2019-01-06,RED_SEA,18.0,51.0,,,False,NORMAL,OBSERVED
2019-01-07,RED_SEA,17.0,61.0,18.0,1.8644544714716085,False,NORMAL,OBSERVED
2019-01-08,RED_SEA,16.0,50.0,18.0,1.999999999999999,False,NORMAL,OBSERVED
2019-01-09,RED_SEA,17.0,48.0,18.0,1.9364916731037072,False,NORMAL,OBSERVED
2019-01-10,RED_SEA,11.0,40.0,18.0,2.9514591494904856,True,TRAFFIC_DROP,OBSERVED
2019-01-11,RED_SEA,20.0,56.0,18.0,2.8919952219248835,False,NORMAL,OBSERVED
2019-01-12,RED_SEA,13.0,40.0,18.0,3.088345639315453,False,NORMAL,OBSERVED
2019-01-13,RED_SEA,12.0,49.0,18.0,3.3166247903553976,False,NORMAL,OBSERVED
2019-01-14,RED_SEA,18.0,48.0,18.0,3.1976983480739256,False,NORMAL,OBSERVED
2019-01-15,RED_SEA,18.0,49.0,18.0,3.090692633113319,False,NORMAL,OBSERVED
2019-01-16,RED_SEA,21.0,64.0,18.0,3.1384709652950415,False,NORMAL,OBSERVED
2019-01-17,RED_SEA,18.0,45.0,18.0,3.042589841101896,False,NORMAL,OBSERVED
2019-01-18,RED_SEA,17.0,49.0,18.0,2.9533408577782234,False,NORMAL,OBSERVED
2019-01-19,RED_SEA,14.0,56.0,18.0,2.9735677667001106,False,NORMAL,OBSERVED
2019-01-20,RED_SEA,21.0,53.0,18.0,3.015748139700206,False,NORMAL,OBSERVED
2019-01-21,RED_SEA,13.0,40.0,18.0,3.0922329734198155,False,NORMAL,OBSERVED
2019-01-22,RED_SEA,21.0,49.0,18.0,3.1250974010794863,False,NORMAL,OBSERVED
2019-01-23,RED_SEA,18.0,48.0,18.0,3.0561284247584544,False,NORMAL,OBSERVED
2019-01-24,RED_SEA,13.0,41.0,18.0,3.1204677278542237,False,NORMAL,OBSERVED
2019-01-25,RED_SEA,9.0,33.0,18.0,3.4679484809706524,True,TRAFFIC_DROP,OBSERVED
2019-01-26,RED_SEA,24.0,70.0,18.0,3.6736064861910025,False,NORMAL,OBSERVED
2019-01-27,RED_SEA,12.0,44.0,18.0,3.7363235887853645,False,NORMAL,OBSERVED
2019-01-28,RED_SEA,18.0,51.0,18.0,3.6717136981907332,False,NORMAL,OBSERVED
2019-01-29,RED_SEA,18.0,53.0,18.0,3.5936083765515066,False,NORMAL,OBSERVED
2019-01-30,RED_SEA,11.0,46.0,18.0,3.7536578280321553,False,NORMAL,OBSERVED
2019-01-31,RED_SEA,22.0,64.0,18.0,3.8811714808150453,False,NORMAL,OBSERVED
2019-02-01,RED_SEA,13.0,48.0,17.5,3.93784379535473,False,NORMAL,OBSERVED
2019-02-02,RED_SEA,10.0,55.0,17.0,3.981936728003107,False,NORMAL,OBSERVED
2019-02-03,RED_SEA,28.0,58.0,17.0,4.55811968101486,True,CONGESTION,OBSERVED
2019-02-04,RED_SEA,14.0,55.0,17.0,4.581998362582529,False,NORMAL,OBSERVED
2019-02-05,RED_SEA,18.0,51.0,17.5,4.590650724469687,False,NORMAL,OBSERVED
2019-02-06,RED_SEA,19.0,52.0,18.0,4.614217733376404,False,NORMAL,OBSERVED
2019-02-07,RED_SEA,18.0,50.0,18.0,4.489110869884636,False,NORMAL,OBSERVED
2019-02-08,RED_SEA,12.0,39.0,18.0,4.533677624647874,False,NORMAL,OBSERVED
2019-02-09,RED_SEA,17.0,53.0,18.0,4.480852857218402,False,NORMAL,OBSERVED
2019-02-10,RED_SEA,19.0,65.0,18.0,4.404783354731125,False,NORMAL,OBSERVED
2019-02-11,RED_SEA,19.0,55.0,18.0,4.417827041340091,False,NORMAL,OBSERVED
2019-02-12,RED_SEA,16.0,48.0,18.0,4.416629230149814,False,NORMAL,OBSERVED
2019-02-13,RED_SEA,15.0,61.0,17.5,4.355104042032888,False,NORMAL,OBSERVED
2019-02-14,RED_SEA,12.0,42.0,17.0,4.434562426592268,False,NORMAL,OBSERVED
2019-02-15,RED_SEA,18.0,55.0,17.5,4.443055338473822,False,NORMAL,OBSERVED
2019-02-16,RED_SEA,22.0,71.0,18.0,4.532656345342488,False,NORMAL,OBSERVED
2019-02-17,RED_SEA,22.0,58.0,18.0,4.570870501650328,False,NORMAL,OBSERVED
2019-02-18,RED_SEA,15.0,54.0,18.0,4.524331632360375,False,NORMAL,OBSERVED
2019-02-19,RED_SEA,19.0,55.0,18.0,4.472579597275853,False,NORMAL,OBSERVED
2019-02-20,RED_SEA,13.0,52.0,17.5,4.523308242903356,False,NORMAL,OBSERVED
2019-02-21,RED_SEA,11.0,42.0,17.5,4.5981362684088785,False,NORMAL,OBSERVED
2019-02-22,RED_SEA,17.0,49.0,17.5,4.352217703860748,False,NORMAL,OBSERVED
2019-02-23,RED_SEA,11.0,52.0,17.0,4.254316202306352,False,NORMAL,OBSERVED
2019-02-24,RED_SEA,27.0,58.0,17.5,4.610202626129163,True,CONGESTION,OBSERVED
2019-02-25,RED_SEA,12.0,53.0,17.0,4.697179160250549,False,NORMAL,OBSERVED
2019-02-26,RED_SEA,18.0,48.0,17.0,4.697179160250549,False,NORMAL,OBSERVED
2019-02-27,RED_SEA,13.0,46.0,17.0,4.621665106840645,False,NORMAL,OBSERVED
2019-02-28,RED_SEA,20.0,48.0,17.0,4.553038406400579,False,NORMAL,OBSERVED
2019-03-01,RED_SEA,16.0,47.0,17.0,4.497353719265415,False,NORMAL,OBSERVED
2019-03-02,RED_SEA,16.0,52.0,17.0,4.29885551398959,False,NORMAL,OBSERVED
2019-03-03,RED_SEA,20.0,54.0,17.0,3.777369258957682,False,NORMAL,OBSERVED
2019-03-04,RED_SEA,15.0,34.0,17.0,3.7550671233053996,False,NORMAL,OBSERVED
2019-03-05,RED_SEA,15.0,44.0,16.5,3.7619298773523666,False,NORMAL,OBSERVED
2019-03-06,RED_SEA,18.0,61.0,16.5,3.7437779068573245,False,NORMAL,OBSERVED
2019-03-07,RED_SEA,14.0,41.0,16.0,3.7663225014840647,False,NORMAL,OBSERVED
2019-03-08,RED_SEA,17.0,48.0,16.5,3.6621545108550038,False,NORMAL,OBSERVED
2019-03-09,RED_SEA,20.0,59.0,16.5,3.715404796819963,False,NORMAL,OBSERVED
2019-03-10,RED_SEA,27.0,60.0,16.5,4.171584399495757,True,CONGESTION,OBSERVED
2019-03-11,RED_SEA,19.0,57.0,16.5,4.171584399495757,False,NORMAL,OBSERVED
2019-03-12,RED_SEA,26.0,53.0,17.0,4.492203710863315,True,CONGESTION,OBSERVED
2019-03-13,RED_SEA,13.0,40.0,17.0,4.547806029564106,False,NORMAL,OBSERVED
2019-03-14,RED_SEA,25.0,61.0,17.5,4.643223428774857,False,NORMAL,OBSERVED
2019-03-15,RED_SEA,25.0,60.0,17.5,4.837573400178681,False,NORMAL,OBSERVED
2019-03-16,RED_SEA,22.0,74.0,17.5,4.837573400178681,False,NORMAL,OBSERVED
2019-03-17,RED_SEA,18.0,50.0,17.5,4.77593172161451,False,NORMAL,OBSERVED
2019-03-18,RED_SEA,24.0,48.0,18.0,4.873397172404473,False,NORMAL,OBSERVED
2019-03-19,RED_SEA,10.0,37.0,17.5,5.113008619478073,False,NORMAL,OBSERVED
2019-03-20,RED_SEA,15.0,58.0,17.5,5.05525029603436,False,NORMAL,OBSERVED
2019-03-21,RED_SEA,20.0,46.0,18.0,4.876653158852487,False,NORMAL,OBSERVED
2019-03-22,RED_SEA,15.0,50.0,18.0,4.911249369597342,False,NORMAL,OBSERVED
2019-03-23,RED_SEA,16.0,60.0,18.0,4.7252557949853085,False,NORMAL,OBSERVED
2019-03-24,RED_SEA,15.0,52.0,17.5,4.455541701280752,False,NORMAL,OBSERVED
2019-03-25,RED_SEA,23.0,55.0,18.0,4.391399723822855,False,NORMAL,OBSERVED
2019-03-26,RED_SEA,25.0,61.0,18.0,4.564064836380803,False,NORMAL,OBSERVED
2019-03-27,RED_SEA,17.0,48.0,18.0,4.441864330453893,False,NORMAL,OBSERVED
2019-03-28,RED_SEA,8.0,42.0,17.5,4.877873593447323,False,NORMAL,OBSERVED
2019-03-29,RED_SEA,14.0,47.0,17.5,4.9280538030458025,False,NORMAL,OBSERVED
2019-03-30,RED_SEA,18.0,51.0,18.0,4.908151086707397,False,NORMAL,OBSERVED
2019-03-31,RED_SEA,11.0,44.0,17.5,5.087982521350291,False,NORMAL,OBSERVED
2019-04-01,RED_SEA,17.0,53.0,17.5,5.057735444908892,False,NORMAL,OBSERVED
2019-04-02,RED_SEA,18.0,54.0,18.0,5.02111941818158,False,NORMAL,OBSERVED
2019-04-03,RED_SEA,16.0,49.0,17.5,5.038476296088263,False,NORMAL,OBSERVED
2019-04-04,RED_SEA,11.0,54.0,17.5,5.1602622877434055,False,NORMAL,OBSERVED
2019-04-05,RED_SEA,16.0,43.0,17.5,5.171145012542258,False,NORMAL,OBSERVED
2019-04-06,RED_SEA,11.0,53.0,17.0,5.31979929605098,False,NORMAL,OBSERVED
2019-04-07,RED_SEA,25.0,71.0,17.0,5.202131227888168,False,NORMAL,OBSERVED
2019-04-08,RED_SEA,20.0,51.0,17.0,5.215463373570765,False,NORMAL,OBSERVED
2019-04-09,RED_SEA,16.0,45.0,16.5,4.958024867022204,False,NORMAL,OBSERVED
2019-04-10,RED_SEA,17.0,55.0,17.0,4.887084804215888,False,NORMAL,OBSERVED
2019-04-11,RED_SEA,21.0,64.0,17.0,4.712922682544259,False,NORMAL,OBSERVED
2019-04-12,RED_SEA,20.0,55.0,17.0,4.499706045660591,False,NORMAL,OBSERVED
2019-04-13,RED_SEA,12.0,63.0,16.5,4.493822920904253,False,NORMAL,OBSERVED
2019-04-14,RED_SEA,19.0,64.0,16.5,4.508076233023496,False,NORMAL,OBSERVED
2019-04-15,RED_SEA,15.0,41.0,16.0,4.290231305662279,False,NORMAL,OBSERVED
2019-04-16,RED_SEA,21.0,48.0,16.5,4.1785544701867225,False,NORMAL,OBSERVED
2019-04-17,RED_SEA,14.0,46.0,16.5,4.199237774120188,False,NORMAL,OBSERVED
2019-04-18,RED_SEA,21.0,57.0,16.5,4.231401884099629,False,NORMAL,OBSERVED
2019-04-19,RED_SEA,16.0,56.0,16.5,4.219349482196282,False,NORMAL,OBSERVED
2019-04-20,RED_SEA,18.0,65.0,17.0,4.220603281936368,False,NORMAL,OBSERVED
2019-04-21,RED_SEA,18.0,53.0,17.0,4.206948145439004,False,NORMAL,OBSERVED
2019-04-22,RED_SEA,14.0,61.0,17.0,4.0790794168401385,False,NORMAL,OBSERVED
2019-04-23,RED_SEA,15.0,52.0,16.5,3.754890990322671,False,NORMAL,OBSERVED
2019-04-24,RED_SEA,20.0,47.0,16.5,3.815174380753201,False,NORMAL,OBSERVED
2019-04-25,RED_SEA,24.0,69.0,17.0,3.6911161759471347,False,NORMAL,OBSERVED
2019-04-26,RED_SEA,19.0,47.0,17.5,3.657817604751444,False,NORMAL,OBSERVED
2019-04-27,RED_SEA,20.0,63.0,17.5,3.6923702256948503,False,NORMAL,OBSERVED
2019-04-28,RED_SEA,17.0,59.0,17.5,3.4799121195496165,False,NORMAL,OBSERVED
2019-04-29,RED_SEA,17.0,50.0,17.5,3.4799121195496165,False,NORMAL,OBSERVED
2019-04-30,RED_SEA,14.0,45.0,17.0,3.5417016804991843,False,NORMAL,OBSERVED
2019-05-01,RED_SEA,19.0,51.0,17.5,3.5433819375782085,False,NORMAL,OBSERVED
2019-05-02,RED_SEA,12.0,50.0,17.5,3.4799121195496165,False,NORMAL,OBSERVED
2019-05-03,RED_SEA,18.0,49.0,18.0,3.467727249241528,False,NORMAL,OBSERVED
2019-05-04,RED_SEA,12.0,56.0,18.0,3.401680257083036,False,NORMAL,OBSERVED
2019-05-05,RED_SEA,26.0,63.0,18.0,3.4859885831878934,True,CONGESTION,OBSERVED
2019-05-06,RED_SEA,20.0,45.0,18.0,3.4859885831878934,False,NORMAL,OBSERVED
2019-05-07,RED_SEA,16.0,51.0,18.0,3.4859885831878934,False,NORMAL,OBSERVED
2019-05-08,RED_SEA,17.0,52.0,18.0,3.4859885831878934,False,NORMAL,OBSERVED
2019-05-09,RED_SEA,12.0,54.0,17.5,3.5819949512370597,False,NORMAL,OBSERVED
2019-05-10,RED_SEA,15.0,37.0,17.0,3.569973248458447,False,NORMAL,OBSERVED
2019-05-11,RED_SEA,17.0,58.0,17.0,3.4233867324006315,False,NORMAL,OBSERVED
2019-05-12,RED_SEA,17.0,51.0,17.0,3.4086724129853803,False,NORMAL,OBSERVED
2019-05-13,RED_SEA,17.0,49.0,17.0,3.3798343780842837,False,NORMAL,OBSERVED
2019-05-14,RED_SEA,14.0,54.0,17.0,3.3592248412976917,False,NORMAL,OBSERVED
2019-05-15,RED_SEA,18.0,55.0,17.0,3.306839153207356,False,NORMAL,OBSERVED
2019-05-16,RED_SEA,22.0,48.0,17.0,3.3539047763282137,False,NORMAL,OBSERVED
2019-05-17,RED_SEA,11.0,44.0,17.0,3.5521437003202494,False,NORMAL,OBSERVED
2019-05-18,RED_SEA,27.0,62.0,17.0,4.013205714366017,True,CONGESTION,OBSERVED
2019-05-19,RED_SEA,18.0,61.0,17.0,4.013205714366017,False,NORMAL,OBSERVED
2019-05-20,RED_SEA,12.0,46.0,17.0,4.093484305162743,False,NORMAL,OBSERVED
2019-05-21,RED_SEA,24.0,52.0,17.0,4.251828116004017,False,NORMAL,OBSERVED
2019-05-22,RED_SEA,21.0,61.0,17.0,4.276179870598782,False,NORMAL,OBSERVED
2019-05-23,RED_SEA,14.0,45.0,17.0,4.147415846169535,False,NORMAL,OBSERVED
2019-05-24,RED_SEA,20.0,51.0,17.0,4.166349194254553,False,NORMAL,OBSERVED
2019-05-25,RED_SEA,14.0,61.0,17.0,4.181560681784936,False,NORMAL,OBSERVED
2019-05-26,RED_SEA,17.0,56.0,17.0,4.181560681784936,False,NORMAL,OBSERVED
2019-05-27,RED_SEA,17.0,46.0,17.0,4.181560681784936,False,NORMAL,OBSERVED
2019-05-28,RED_SEA,18.0,47.0,17.0,4.137037510716977,False,NORMAL,OBSERVED
2019-05-29,RED_SEA,11.0,46.0,17.0,4.290231305662275,False,NORMAL,OBSERVED
2019-05-30,RED_SEA,15.0,42.0,17.0,4.196244226503693,False,NORMAL,OBSERVED
2019-05-31,RED_SEA,18.0,46.0,17.0,4.196244226503693,False,NORMAL,OBSERVED
2019-06-01,RED_SEA,12.0,35.0,17.0,4.196244226503693,False,NORMAL,OBSERVED
2019-06-02,RED_SEA,22.0,58.0,17.0,3.9440531887330743,False,NORMAL,OBSERVED
2019-06-03,RED_SEA,20.0,48.0,17.0,3.9440531887330743,False,NORMAL,OBSERVED
2019-06-04,RED_SEA,20.0,59.0,17.0,3.9787796911475,False,NORMAL,OBSERVED
2019-06-05,RED_SEA,16.0,45.0,17.0,3.984593345246676,False,NORMAL,OBSERVED
2019-06-06,RED_SEA,13.0,49.0,17.0,3.9413692461366137,False,NORMAL,OBSERVED
2019-06-07,RED_SEA,12.0,48.0,17.0,4.041288232978508,False,NORMAL,OBSERVED
2019-06-08,RED_SEA,17.0,58.0,17.0,4.041288232978508,False,NORMAL,OBSERVED
2019-06-09,RED_SEA,18.0,47.0,17.0,4.045377530599503,False,NORMAL,OBSERVED
2019-06-10,RED_SEA,13.0,51.0,17.0,4.117969397369526,False,NORMAL,OBSERVED
2019-06-11,RED_SEA,18.0,57.0,17.5,4.081834840041379,False,NORMAL,OBSERVED
2019-06-12,RED_SEA,17.0,47.0,17.0,4.077782102847926,False,NORMAL,OBSERVED
2019-06-13,RED_SEA,16.0,40.0,17.0,3.963290546713923,False,NORMAL,OBSERVED
2019-06-14,RED_SEA,15.0,50.0,17.0,3.81500102283509,False,NORMAL,OBSERVED
2019-06-15,RED_SEA,18.0,52.0,17.0,3.2797276954975625,False,NORMAL,OBSERVED
2019-06-16,RED_SEA,19.0,52.0,17.0,3.300432872042262,False,NORMAL,OBSERVED
2019-06-17,RED_SEA,13.0,38.0,17.0,3.253000243161776,False,NORMAL,OBSERVED
2019-06-18,RED_SEA,13.0,44.0,17.0,2.9944834641271996,False,NORMAL,OBSERVED
2019-06-19,RED_SEA,22.0,50.0,17.0,3.057647191748316,False,NORMAL,OBSERVED
2019-06-20,RED_SEA,17.0,51.0,17.0,3.024371901209473,False,NORMAL,OBSERVED
2019-06-21,RED_SEA,17.0,48.0,17.0,2.9466149532199992,False,NORMAL,OBSERVED
2019-06-22,RED_SEA,20.0,71.0,17.0,2.986743196298423,False,NORMAL,OBSERVED
2019-06-23,RED_SEA,14.0,50.0,17.0,3.024371901209473,False,NORMAL,OBSERVED
2019-06-24,RED_SEA,15.0,58.0,17.0,3.034850484013582,False,NORMAL,OBSERVED
2019-06-25,RED_SEA,24.0,67.0,17.0,3.3481812167679124,True,CONGESTION,OBSERVED
2019-06-26,RED_SEA,17.0,55.0,17.0,3.162905033978769,False,NORMAL,OBSERVED
2019-06-27,RED_SEA,22.0,60.0,17.0,3.2877840272018743,False,NORMAL,OBSERVED
2019-06-28,RED_SEA,11.0,39.0,17.0,3.4753477995795343,False,NORMAL,OBSERVED
2019-06-29,RED_SEA,11.0,37.0,17.0,3.5314160716204848,False,NORMAL,OBSERVED
2019-06-30,RED_SEA,13.0,51.0,17.0,3.4478349927985454,False,NORMAL,OBSERVED
2019-07-01,RED_SEA,17.0,45.0,17.0,3.3798343780842925,False,NORMAL,OBSERVED
2019-07-02,RED_SEA,17.0,49.0,17.0,3.306839153207365,False,NORMAL,OBSERVED
2019-07-03,RED_SEA,14.0,47.0,17.0,3.3339285182918044,False,NORMAL,OBSERVED
2019-07-04,RED_SEA,17.0,61.0,17.0,3.2779122921013317,False,NORMAL,OBSERVED
2019-07-05,RED_SEA,15.0,51.0,17.0,3.1789652570954767,False,NORMAL,OBSERVED
2019-07-06,RED_SEA,18.0,50.0,17.0,3.1912164504875626,False,NORMAL,OBSERVED
2019-07-07,RED_SEA,16.0,48.0,17.0,3.177924849521517,False,NORMAL,OBSERVED
2019-07-08,RED_SEA,10.0,44.0,17.0,3.342843576149382,True,TRAFFIC_DROP,OBSERVED
2019-07-09,RED_SEA,16.0,46.0,16.5,3.3261828066857784,False,NORMAL,OBSERVED
2019-07-10,RED_SEA,19.0,50.0,16.5,3.3649296163146323,False,NORMAL,OBSERVED
2019-07-11,RED_SEA,14.0,44.0,16.5,3.392334963994052,False,NORMAL,OBSERVED
2019-07-12,RED_SEA,25.0,53.0,17.0,3.765620025957767,True,CONGESTION,OBSERVED
2019-07-13,RED_SEA,22.0,71.0,17.0,3.8954593021366755,False,NORMAL,OBSERVED
2019-07-14,RED_SEA,21.0,53.0,17.0,3.956777054129362,False,NORMAL,OBSERVED
2019-07-15,RED_SEA,21.0,73.0,17.0,3.9621222467779376,False,NORMAL,OBSERVED
2019-07-16,RED_SEA,13.0,49.0,17.0,3.9621222467779376,False,NORMAL,OBSERVED
2019-07-17,RED_SEA,12.0,40.0,17.0,3.952094080237413,False,NORMAL,OBSERVED
2019-07-18,RED_SEA,15.0,58.0,16.5,3.964792140778216,False,NORMAL,OBSERVED
2019-07-19,RED_SEA,17.0,56.0,16.5,3.964792140778216,False,NORMAL,OBSERVED
2019-07-20,RED_SEA,13.0,50.0,16.0,3.9659596542118263,False,NORMAL,OBSERVED
2019-07-21,RED_SEA,14.0,58.0,16.0,3.9659596542118263,False,NORMAL,OBSERVED
2019-07-22,RED_SEA,14.0,54.0,16.0,3.9834312932100238,False,NORMAL,OBSERVED
2019-07-23,RED_SEA,16.0,52.0,16.0,3.6911161759471427,False,NORMAL,OBSERVED
2019-07-24,RED_SEA,17.0,49.0,16.0,3.6911161759471427,False,NORMAL,OBSERVED
2019-07-25,RED_SEA,11.0,41.0,15.5,3.6214747500264908,False,NORMAL,OBSERVED
2019-07-26,RED_SEA,14.0,39.0,15.5,3.5209125801169012,False,NORMAL,OBSERVED
2019-07-27,RED_SEA,13.0,69.0,15.5,3.4395766935319068,False,NORMAL,OBSERVED
2019-07-28,RED_SEA,26.0,69.0,16.0,3.8878116421811617,True,CONGESTION,OBSERVED
2019-07-29,RED_SEA,17.0,55.0,16.0,3.8878116421811617,False,NORMAL,OBSERVED
2019-07-30,RED_SEA,12.0,64.0,15.5,3.969460134150964,False,NORMAL,OBSERVED
2019-07-31,RED_SEA,17.0,55.0,16.0,3.949917955078545,False,NORMAL,OBSERVED
2019-08-01,RED_SEA,17.0,49.0,16.0,3.949917955078545,False,NORMAL,OBSERVED
2019-08-02,RED_SEA,19.0,51.0,16.0,3.9752874176479445,False,NORMAL,OBSERVED
2019-08-03,RED_SEA,20.0,64.0,16.0,4.02291715473516,False,NORMAL,OBSERVED
2019-08-04,RED_SEA,10.0,48.0,16.0,4.204274720558345,False,NORMAL,OBSERVED
2019-08-05,RED_SEA,17.0,60.0,16.5,4.0230815533848165,False,NORMAL,OBSERVED
2019-08-06,RED_SEA,19.0,55.0,17.0,4.049136036922277,False,NORMAL,OBSERVED
2019-08-07,RED_SEA,15.0,62.0,16.5,4.032113156638403,False,NORMAL,OBSERVED
2019-08-08,RED_SEA,22.0,46.0,17.0,4.133198922545747,False,NORMAL,OBSERVED
2019-08-09,RED_SEA,16.0,57.0,16.5,3.8047589248453684,False,NORMAL,OBSERVED
2019-08-10,RED_SEA,13.0,63.0,16.0,3.6952350269992214,False,NORMAL,OBSERVED
2019-08-11,RED_SEA,13.0,47.0,15.5,3.611233209169043,False,NORMAL,OBSERVED
2019-08-12,RED_SEA,15.0,41.0,15.0,3.467727249241547,False,NORMAL,OBSERVED
2019-08-13,RED_SEA,17.0,65.0,15.5,3.4386151389875157,False,NORMAL,OBSERVED
2019-08-14,RED_SEA,17.0,53.0,16.0,3.3657157229989543,False,NORMAL,OBSERVED
2019-08-15,RED_SEA,17.0,47.0,16.5,3.3665016461206987,False,NORMAL,OBSERVED
2019-08-16,RED_SEA,12.0,42.0,16.0,3.4432281518685572,False,NORMAL,OBSERVED
2019-08-17,RED_SEA,15.0,62.0,16.0,3.4030409681177627,False,NORMAL,OBSERVED
2019-08-18,RED_SEA,13.0,49.0,16.0,3.428791880037896,False,NORMAL,OBSERVED
2019-08-19,RED_SEA,13.0,56.0,16.0,3.4539678892390175,False,NORMAL,OBSERVED
2019-08-20,RED_SEA,23.0,65.0,16.5,3.7111301206622773,False,NORMAL,OBSERVED
2019-08-21,RED_SEA,21.0,58.0,16.5,3.8234863173611133,False,NORMAL,OBSERVED
2019-08-22,RED_SEA,18.0,54.0,17.0,3.6966665951021236,False,NORMAL,OBSERVED
2019-08-23,RED_SEA,21.0,57.0,17.0,3.7599954970140765,False,NORMAL,OBSERVED
2019-08-24,RED_SEA,15.0,57.0,17.0,3.7054228814210557,False,NORMAL,OBSERVED
2019-08-25,RED_SEA,16.0,39.0,17.0,3.236694374850751,False,NORMAL,OBSERVED
2019-08-26,RED_SEA,16.0,47.0,16.5,3.2356725297187814,False,NORMAL,OBSERVED
2019-08-27,RED_SEA,13.0,53.0,16.5,3.190594643619618,False,NORMAL,OBSERVED
2019-08-28,RED_SEA,11.0,50.0,16.0,3.348378743756484,False,NORMAL,OBSERVED
2019-08-29,RED_SEA,13.0,52.0,16.0,3.398568014659203,False,NORMAL,OBSERVED
2019-08-30,RED_SEA,21.0,68.0,16.0,3.48238196167281,False,NORMAL,OBSERVED
2019-08-31,RED_SEA,20.0,63.0,16.0,3.48238196167281,False,NORMAL,OBSERVED
2019-09-01,RED_SEA,15.0,52.0,16.0,3.277912292101334,False,NORMAL,OBSERVED
2019-09-02,RED_SEA,25.0,54.0,16.0,3.6650429305179615,True,CONGESTION,OBSERVED
2019-09-03,RED_SEA,20.0,54.0,16.0,3.6939819498073683,False,NORMAL,OBSERVED
2019-09-04,RED_SEA,19.0,52.0,16.0,3.705422881421056,False,NORMAL,OBSERVED
2019-09-05,RED_SEA,12.0,55.0,16.0,3.6659450949452936,False,NORMAL,OBSERVED
2019-09-06,RED_SEA,16.0,46.0,16.0,3.6659450949452936,False,NORMAL,OBSERVED
2019-09-07,RED_SEA,14.0,54.0,16.0,3.6360554823736515,False,NORMAL,OBSERVED
2019-09-08,RED_SEA,20.0,62.0,16.0,3.6296836190780004,False,NORMAL,OBSERVED
2019-09-09,RED_SEA,12.0,43.0,16.0,3.725182428685088,False,NORMAL,OBSERVED
2019-09-10,RED_SEA,16.0,57.0,16.0,3.7260700320307847,False,NORMAL,OBSERVED
2019-09-11,RED_SEA,16.0,41.0,16.0,3.7266024925615757,False,NORMAL,OBSERVED
2019-09-12,RED_SEA,15.0,56.0,16.0,3.7365278282973122,False,NORMAL,OBSERVED
2019-09-13,RED_SEA,20.0,61.0,16.0,3.6880688512894992,False,NORMAL,OBSERVED
2019-09-14,RED_SEA,11.0,52.0,16.0,3.832988252238578,False,NORMAL,OBSERVED
2019-09-15,RED_SEA,22.0,50.0,16.0,3.8961383676525347,False,NORMAL,OBSERVED
2019-09-16,RED_SEA,23.0,49.0,16.0,3.980109275041301,False,NORMAL,OBSERVED
2019-09-17,RED_SEA,10.0,54.0,16.0,4.0465217933848585,False,NORMAL,OBSERVED
2019-09-18,RED_SEA,17.0,54.0,16.0,3.963290546713924,False,NORMAL,OBSERVED
2019-09-19,RED_SEA,19.0,51.0,16.0,3.9801092750413067,False,NORMAL,OBSERVED
2019-09-20,RED_SEA,21.0,59.0,16.0,3.9801092750413067,False,NORMAL,OBSERVED
2019-09-21,RED_SEA,16.0,63.0,16.0,3.9686269665968847,False,NORMAL,OBSERVED
2019-09-22,RED_SEA,18.0,47.0,16.0,3.9726245772468882,False,NORMAL,OBSERVED
2019-09-23,RED_SEA,19.0,51.0,16.5,3.990067032097944,False,NORMAL,OBSERVED
2019-09-24,RED_SEA,16.0,52.0,16.5,3.920337691965781,False,NORMAL,OBSERVED
2019-09-25,RED_SEA,20.0,56.0,17.5,3.7733400639347607,False,NORMAL,OBSERVED
2019-09-26,RED_SEA,15.0,50.0,17.5,3.7061367669649856,False,NORMAL,OBSERVED
2019-09-27,RED_SEA,14.0,52.0,16.5,3.6923702256948503,False,NORMAL,OBSERVED
2019-09-28,RED_SEA,17.0,54.0,16.5,3.6507591440743243,False,NORMAL,OBSERVED
2019-09-29,RED_SEA,16.0,62.0,16.5,3.6346000413136825,False,NORMAL,OBSERVED
2019-09-30,RED_SEA,12.0,56.0,16.0,3.4125507535423765,False,NORMAL,OBSERVED
2019-10-01,RED_SEA,21.0,62.0,16.0,3.4539678892390087,False,NORMAL,OBSERVED
2019-10-02,RED_SEA,16.0,42.0,16.0,3.4257042685336594,False,NORMAL,OBSERVED
2019-10-03,RED_SEA,21.0,56.0,16.0,3.403040968117752,False,NORMAL,OBSERVED
2019-10-04,RED_SEA,21.0,50.0,16.5,3.4846602621858422,False,NORMAL,OBSERVED
2019-10-05,RED_SEA,14.0,53.0,16.5,3.4846602621858422,False,NORMAL,OBSERVED
2019-10-06,RED_SEA,24.0,57.0,16.5,3.6853779428995517,True,CONGESTION,OBSERVED
2019-10-07,RED_SEA,15.0,48.0,16.5,3.569973248458444,False,NORMAL,OBSERVED
2019-10-08,RED_SEA,17.0,53.0,17.0,3.5612553520548933,False,NORMAL,OBSERVED
2019-10-09,RED_SEA,19.0,56.0,17.0,3.5640399762602106,False,NORMAL,OBSERVED
2019-10-10,RED_SEA,14.0,44.0,17.0,3.594528469860109,False,NORMAL,OBSERVED
2019-10-11,RED_SEA,14.0,47.0,17.0,3.6143453160277885,False,NORMAL,OBSERVED
2019-10-12,RED_SEA,18.0,60.0,17.0,3.4045954005240877,False,NORMAL,OBSERVED
2019-10-13,RED_SEA,10.0,55.0,17.0,3.564039976260215,False,NORMAL,OBSERVED
2019-10-14,RED_SEA,20.0,54.0,17.0,3.420294241496288,False,NORMAL,OBSERVED
2019-10-15,RED_SEA,15.0,51.0,17.0,3.1662489281691406,False,NORMAL,OBSERVED
2019-10-16,RED_SEA,22.0,59.0,17.0,3.298227839053394,False,NORMAL,OBSERVED
2019-10-17,RED_SEA,18.0,56.0,17.0,3.2843625008572035,False,NORMAL,OBSERVED
2019-10-18,RED_SEA,23.0,49.0,17.0,3.389018993078923,False,NORMAL,OBSERVED
2019-10-19,RED_SEA,21.0,57.0,17.5,3.4480268109295236,False,NORMAL,OBSERVED
2019-10-20,RED_SEA,18.0,55.0,17.5,3.4480268109295236,False,NORMAL,OBSERVED
2019-10-21,RED_SEA,22.0,60.0,17.5,3.54170168049918,False,NORMAL,OBSERVED
2019-10-22,RED_SEA,19.0,56.0,18.0,3.536656119548015,False,NORMAL,OBSERVED
2019-10-23,RED_SEA,21.0,64.0,18.0,3.5655242199377746,False,NORMAL,OBSERVED
2019-10-24,RED_SEA,18.0,47.0,18.0,3.524667420237025,False,NORMAL,OBSERVED
2019-10-25,RED_SEA,14.0,44.0,18.0,3.524667420237025,False,NORMAL,OBSERVED
2019-10-26,RED_SEA,27.0,73.0,18.0,3.91915658781175,True,CONGESTION,OBSERVED
2019-10-27,RED_SEA,12.0,50.0,18.0,4.0727511079492045,False,NORMAL,OBSERVED
2019-10-28,RED_SEA,15.0,56.0,18.0,3.944556224662502,False,NORMAL,OBSERVED
2019-10-29,RED_SEA,20.0,54.0,18.0,3.92253022757547,False,NORMAL,OBSERVED
2019-10-30,RED_SEA,17.0,50.0,18.0,3.906818080385545,False,NORMAL,OBSERVED
2019-10-31,RED_SEA,24.0,63.0,18.0,4.026368116757344,False,NORMAL,OBSERVED
2019-11-01,RED_SEA,15.0,46.0,18.0,4.036211750020702,False,NORMAL,OBSERVED
2019-11-02,RED_SEA,14.0,51.0,18.0,4.036211750020702,False,NORMAL,OBSERVED
2019-11-03,RED_SEA,17.0,59.0,18.0,3.8687118291404334,False,NORMAL,OBSERVED
2019-11-04,RED_SEA,24.0,63.0,18.0,3.997353621939878,False,NORMAL,OBSERVED
2019-11-05,RED_SEA,20.0,47.0,18.0,4.0057828568578415,False,NORMAL,OBSERVED
2019-11-06,RED_SEA,18.0,70.0,18.0,4.003305512505248,False,NORMAL,OBSERVED
2019-11-07,RED_SEA,19.0,43.0,18.0,3.9189878295888434,False,NORMAL,OBSERVED
2019-11-08,RED_SEA,12.0,46.0,18.0,4.018969569692743,False,NORMAL,OBSERVED
2019-11-09,RED_SEA,17.0,53.0,18.0,4.026368116757344,False,NORMAL,OBSERVED
2019-11-10,RED_SEA,18.0,57.0,18.0,3.686095710545433,False,NORMAL,OBSERVED
2019-11-11,RED_SEA,18.0,49.0,18.0,3.6767538017276022,False,NORMAL,OBSERVED
2019-11-12,RED_SEA,18.0,50.0,18.0,3.6141623250995742,False,NORMAL,OBSERVED
2019-11-13,RED_SEA,17.0,58.0,18.0,3.5634832254989726,False,NORMAL,OBSERVED
2019-11-14,RED_SEA,15.0,48.0,18.0,3.6214747500264632,False,NORMAL,OBSERVED
2019-11-15,RED_SEA,20.0,63.0,18.0,3.520912580116876,False,NORMAL,OBSERVED
2019-11-16,RED_SEA,19.0,54.0,18.0,3.4823819616727874,False,NORMAL,OBSERVED
2019-11-17,RED_SEA,18.0,56.0,18.0,3.4823819616727874,False,NORMAL,OBSERVED
2019-11-18,RED_SEA,28.0,60.0,18.0,3.8893423771871767,True,CONGESTION,OBSERVED
2019-11-19,RED_SEA,24.0,66.0,18.0,4.032113156638386,False,NORMAL,OBSERVED
2019-11-20,RED_SEA,18.0,48.0,18.0,4.003966287538632,False,NORMAL,OBSERVED
2019-11-21,RED_SEA,24.0,58.0,18.0,4.1384760633576185,False,NORMAL,OBSERVED
2019-11-22,RED_SEA,23.0,61.0,18.0,4.113952257209968,False,NORMAL,OBSERVED
2019-11-23,RED_SEA,15.0,49.0,18.0,3.8632373955793904,False,NORMAL,OBSERVED
2019-11-24,RED_SEA,17.0,55.0,18.0,3.660167400109623,False,NORMAL,OBSERVED
2019-11-25,RED_SEA,22.0,53.0,18.0,3.636055482373625,False,NORMAL,OBSERVED
2019-11-26,RED_SEA,17.0,47.0,18.0,3.648584562836545,False,NORMAL,OBSERVED
2019-11-27,RED_SEA,15.0,56.0,18.0,3.705422881421035,False,NORMAL,OBSERVED
2019-11-28,RED_SEA,12.0,41.0,18.0,3.7733400639347505,False,NORMAL,OBSERVED
2019-11-29,RED_SEA,19.0,48.0,18.0,3.71682859637281,False,NORMAL,OBSERVED
2019-11-30,RED_SEA,20.0,56.0,18.0,3.61946530588828,False,NORMAL,OBSERVED
2019-12-01,RED_SEA,19.0,55.0,18.0,3.604083515877209,False,NORMAL,OBSERVED
2019-12-02,RED_SEA,25.0,50.0,18.0,3.6621545108549824,False,NORMAL,OBSERVED
2019-12-03,RED_SEA,21.0,55.0,18.0,3.6789117323457714,False,NORMAL,OBSERVED
2019-12-04,RED_SEA,14.0,43.0,18.0,3.789431139338489,False,NORMAL,OBSERVED
2019-12-05,RED_SEA,22.0,54.0,18.0,3.8398839819334163,False,NORMAL,OBSERVED
2019-12-06,RED_SEA,15.0,46.0,18.0,3.6810683979334553,False,NORMAL,OBSERVED
2019-12-07,RED_SEA,20.0,54.0,18.5,3.6664862870494295,False,NORMAL,OBSERVED
2019-12-08,RED_SEA,13.0,49.0,18.5,3.83661005571019,False,NORMAL,OBSERVED
2019-12-09,RED_SEA,15.0,53.0,18.5,3.902753064374086,False,NORMAL,OBSERVED
2019-12-10,RED_SEA,19.0,58.0,19.0,3.9002102778747774,False,NORMAL,OBSERVED
2019-12-11,RED_SEA,25.0,52.0,19.0,4.054522590780974,False,NORMAL,OBSERVED
2019-12-12,RED_SEA,11.0,42.0,19.0,4.268129709478268,False,NORMAL,OBSERVED
2019-12-13,RED_SEA,15.0,47.0,19.0,4.325848236237929,False,NORMAL,OBSERVED
2019-12-14,RED_SEA,16.0,57.0,18.5,4.356470587394781,False,NORMAL,OBSERVED
2019-12-15,RED_SEA,21.0,70.0,19.0,4.376917569181221,False,NORMAL,OBSERVED
2019-12-16,RED_SEA,25.0,62.0,19.0,4.174120317298038,False,NORMAL,OBSERVED
2019-12-17,RED_SEA,19.0,59.0,19.0,4.041288232978495,False,NORMAL,OBSERVED
2019-12-18,RED_SEA,17.0,55.0,19.0,4.04995264195969,False,NORMAL,OBSERVED
2019-12-19,RED_SEA,17.0,50.0,18.0,3.9068180803855457,False,NORMAL,OBSERVED
2019-12-20,RED_SEA,23.0,60.0,18.0,3.9068180803855457,False,NORMAL,OBSERVED
2019-12-21,RED_SEA,21.0,61.0,19.0,3.8905325324746043,False,NORMAL,OBSERVED
2019-12-22,RED_SEA,10.0,51.0,19.0,4.1962442265036834,True,TRAFFIC_DROP,OBSERVED
2019-12-23,RED_SEA,16.0,39.0,18.0,4.144863590022485,False,NORMAL,OBSERVED
2019-12-24,RED_SEA,28.0,77.0,19.0,4.554635989265099,False,NORMAL,OBSERVED
2019-12-25,RED_SEA,23.0,49.0,19.0,4.589353910102071,False,NORMAL,OBSERVED
2019-12-26,RED_SEA,23.0,61.0,19.0,4.47213595499956,False,NORMAL,OBSERVED
2019-12-27,RED_SEA,21.0,58.0,19.5,4.488079449258555,False,NORMAL,OBSERVED
2019-12-28,RED_SEA,18.0,51.0,19.0,4.488668861494237,False,NORMAL,OBSERVED
2019-12-29,RED_SEA,19.0,53.0,19.0,4.488668861494237,False,NORMAL,OBSERVED
2019-12-30,RED_SEA,19.0,49.0,19.0,4.3321121600433665,False,NORMAL,OBSERVED
2019-12-31,RED_SEA,15.0,51.0,19.0,4.366781774806581,False,NORMAL,OBSERVED
2020-01-01,RED_SEA,15.0,46.0,19.0,4.3319594891772555,False,NORMAL,OBSERVED
2020-01-02,RED_SEA,24.0,50.0,19.0,4.405834275296281,False,NORMAL,OBSERVED
2020-01-03,RED_SEA,17.0,59.0,19.0,4.359960924051855,False,NORMAL,OBSERVED
2020-01-04,RED_SEA,18.0,66.0,18.5,4.355104042032872,False,NORMAL,OBSERVED
2020-01-05,RED_SEA,16.0,62.0,18.5,4.245757297167946,False,NORMAL,OBSERVED
2020-01-06,RED_SEA,19.0,50.0,19.0,4.180453381654949,False,NORMAL,OBSERVED
2020-01-07,RED_SEA,15.0,55.0,18.5,4.245757297167946,False,NORMAL,OBSERVED
2020-01-08,RED_SEA,16.0,44.0,18.0,4.095907106668178,False,NORMAL,OBSERVED
2020-01-09,RED_SEA,14.0,41.0,18.0,3.9292688173696244,False,NORMAL,OBSERVED
2020-01-10,RED_SEA,24.0,67.0,18.5,3.9938775896436822,False,NORMAL,OBSERVED
2020-01-11,RED_SEA,17.0,50.0,18.5,3.971459023140815,False,NORMAL,OBSERVED
2020-01-12,RED_SEA,20.0,60.0,18.5,3.956609900503426,False,NORMAL,OBSERVED
2020-01-13,RED_SEA,10.0,44.0,18.0,4.11154008915902,False,NORMAL,OBSERVED
2020-01-14,RED_SEA,13.0,45.0,17.5,4.231401884099615,False,NORMAL,OBSERVED
2020-01-15,RED_SEA,20.0,62.0,18.0,4.239365780658952,False,NORMAL,OBSERVED
2020-01-16,RED_SEA,15.0,44.0,18.0,4.277880848067699,False,NORMAL,OBSERVED
2020-01-17,RED_SEA,13.0,64.0,17.5,4.277880848067702,False,NORMAL,OBSERVED
2020-01-18,RED_SEA,18.0,56.0,17.5,4.232652113668665,False,NORMAL,OBSERVED
2020-01-19,RED_SEA,17.0,51.0,17.5,3.957946931850375,False,NORMAL,OBSERVED
2020-01-20,RED_SEA,20.0,46.0,18.0,3.956609900503432,False,NORMAL,OBSERVED
2020-01-21,RED_SEA,17.0,48.0,17.5,3.451860935110772,False,NORMAL,OBSERVED
2020-01-22,RED_SEA,10.0,52.0,17.0,3.5862391318916584,False,NORMAL,OBSERVED
2020-01-23,RED_SEA,13.0,54.0,17.0,3.4890228464830044,False,NORMAL,OBSERVED
2020-01-24,RED_SEA,26.0,52.0,17.0,3.819332610195336,True,CONGESTION,OBSERVED
2020-01-25,RED_SEA,22.0,56.0,17.0,3.9285954785218546,False,NORMAL,OBSERVED
2020-01-26,RED_SEA,17.0,59.0,17.0,3.913076706655422,False,NORMAL,OBSERVED
2020-01-27,RED_SEA,10.0,47.0,17.0,4.119093494560564,False,NORMAL,OBSERVED
2020-01-28,RED_SEA,18.0,49.0,17.0,4.108965549088703,False,NORMAL,OBSERVED
2020-01-29,RED_SEA,16.0,50.0,17.0,4.0959071066681885,False,NORMAL,OBSERVED
2020-01-30,RED_SEA,24.0,53.0,17.0,4.0959071066681885,False,NORMAL,OBSERVED
2020-01-31,RED_SEA,18.0,51.0,17.0,4.10058713049909,False,NORMAL,OBSERVED
2020-02-01,RED_SEA,12.0,53.0,17.0,4.201914403707506,False,NORMAL,OBSERVED
2020-02-02,RED_SEA,15.0,46.0,17.0,4.213074886588174,False,NORMAL,OBSERVED
2020-02-03,RED_SEA,16.0,47.0,16.5,4.191828786034627,False,NORMAL,OBSERVED
2020-02-04,RED_SEA,16.0,50.0,16.5,4.181560681784935,False,NORMAL,OBSERVED
2020-02-05,RED_SEA,17.0,54.0,17.0,4.1798205070193415,False,NORMAL,OBSERVED
2020-02-06,RED_SEA,17.0,60.0,17.0,4.145980395413536,False,NORMAL,OBSERVED
2020-02-07,RED_SEA,22.0,61.0,17.0,4.033425159652584,False,NORMAL,OBSERVED
2020-02-08,RED_SEA,14.0,60.0,17.0,4.066250303952216,False,NORMAL,OBSERVED
2020-02-09,RED_SEA,17.0,63.0,17.0,4.013700083437765,False,NORMAL,OBSERVED
2020-02-10,RED_SEA,12.0,45.0,17.0,3.9095257428991936,False,NORMAL,OBSERVED
2020-02-11,RED_SEA,22.0,58.0,17.0,3.97145902314083,False,NORMAL,OBSERVED
2020-02-12,RED_SEA,21.0,53.0,17.0,4.00446179725993,False,NORMAL,OBSERVED
2020-02-13,RED_SEA,21.0,63.0,17.0,4.055664273385142,False,NORMAL,OBSERVED
2020-02-14,RED_SEA,13.0,37.0,17.0,4.055664273385142,False,NORMAL,OBSERVED
2020-02-15,RED_SEA,19.0,48.0,17.0,4.067551295924057,False,NORMAL,OBSERVED
2020-02-16,RED_SEA,17.0,51.0,17.0,4.067551295924057,False,NORMAL,OBSERVED
2020-02-17,RED_SEA,19.0,50.0,17.0,4.046521793384851,False,NORMAL,OBSERVED
2020-02-18,RED_SEA,11.0,50.0,17.0,4.211818845750364,False,NORMAL,OBSERVED
2020-02-19,RED_SEA,26.0,67.0,17.0,4.316052233037361,True,CONGESTION,OBSERVED
2020-02-20,RED_SEA,19.0,57.0,17.0,4.230620302999083,False,NORMAL,OBSERVED
2020-02-21,RED_SEA,21.0,48.0,17.0,3.9667933819963004,False,NORMAL,OBSERVED
2020-02-22,RED_SEA,11.0,45.0,17.0,4.055664273385141,False,NORMAL,OBSERVED
2020-02-23,RED_SEA,28.0,66.0,17.0,4.541402715498653,True,CONGESTION,OBSERVED
2020-02-24,RED_SEA,17.0,45.0,17.0,4.295161545089149,False,NORMAL,OBSERVED
2020-02-25,RED_SEA,13.0,55.0,17.0,4.390345348048624,False,NORMAL,OBSERVED
2020-02-26,RED_SEA,14.0,38.0,17.0,4.434114980621902,False,NORMAL,OBSERVED
2020-02-27,RED_SEA,18.0,61.0,17.0,4.253227843643814,False,NORMAL,OBSERVED
2020-02-28,RED_SEA,16.0,54.0,17.0,4.258822153784549,False,NORMAL,OBSERVED
2020-02-29,RED_SEA,20.0,57.0,17.0,4.158245458243801,False,NORMAL,OBSERVED
2020-03-01,RED_SEA,13.0,48.0,17.0,4.220759980716118,False,NORMAL,OBSERVED
2020-03-02,RED_SEA,13.0,42.0,17.0,4.297624543812155,False,NORMAL,OBSERVED
2020-03-03,RED_SEA,29.0,63.0,17.0,4.812901532757664,True,CONGESTION,OBSERVED
2020-03-04,RED_SEA,23.0,56.0,17.5,4.905994605457996,False,NORMAL,OBSERVED
2020-03-05,RED_SEA,18.0,54.0,18.0,4.901543866490656,False,NORMAL,OBSERVED
2020-03-06,RED_SEA,22.0,53.0,18.0,4.901543866490656,False,NORMAL,OBSERVED
2020-03-07,RED_SEA,11.0,50.0,18.0,5.025859056843831,False,NORMAL,OBSERVED
2020-03-08,RED_SEA,17.0,60.0,18.0,5.025859056843831,False,NORMAL,OBSERVED
2020-03-09,RED_SEA,15.0,44.0,18.0,4.9241602834751825,False,NORMAL,OBSERVED
2020-03-10,RED_SEA,14.0,53.0,17.5,4.9220108163422776,False,NORMAL,OBSERVED
2020-03-11,RED_SEA,19.0,46.0,17.5,4.888573222132205,False,NORMAL,OBSERVED
2020-03-12,RED_SEA,14.0,49.0,17.0,4.895197949313477,False,NORMAL,OBSERVED
2020-03-13,RED_SEA,15.0,55.0,17.0,4.841399946209087,False,NORMAL,OBSERVED
2020-03-14,RED_SEA,19.0,62.0,17.0,4.841399946209087,False,NORMAL,OBSERVED
2020-03-15,RED_SEA,18.0,55.0,17.5,4.840716856266186,False,NORMAL,OBSERVED
2020-03-16,RED_SEA,7.0,42.0,17.0,5.228508543294302,False,NORMAL,OBSERVED
2020-03-17,RED_SEA,15.0,43.0,17.0,5.106666459447125,False,NORMAL,OBSERVED
2020-03-18,RED_SEA,22.0,60.0,17.0,4.906938182618795,False,NORMAL,OBSERVED
2020-03-19,RED_SEA,24.0,52.0,17.0,5.064138884894701,False,NORMAL,OBSERVED
2020-03-20,RED_SEA,23.0,75.0,17.0,5.131085881959318,False,NORMAL,OBSERVED
2020-03-21,RED_SEA,20.0,61.0,17.5,4.993514312103759,False,NORMAL,OBSERVED
2020-03-22,RED_SEA,12.0,45.0,17.0,4.682936491123288,False,NORMAL,OBSERVED
2020-03-23,RED_SEA,14.0,51.0,16.5,4.721335117422317,False,NORMAL,OBSERVED
2020-03-24,RED_SEA,19.0,51.0,17.5,4.665532742055903,False,NORMAL,OBSERVED
2020-03-25,RED_SEA,15.0,41.0,17.5,4.643223428774855,False,NORMAL,OBSERVED
2020-03-26,RED_SEA,19.0,52.0,17.5,4.652472745272405,False,NORMAL,OBSERVED
2020-03-27,RED_SEA,17.0,61.0,17.5,4.645501892227333,False,NORMAL,OBSERVED
2020-03-28,RED_SEA,21.0,63.0,17.5,4.670066788550643,False,NORMAL,OBSERVED
2020-03-29,RED_SEA,9.0,42.0,17.5,4.8675580831790395,False,NORMAL,OBSERVED
2020-03-30,RED_SEA,18.0,61.0,18.0,4.795693614971368,False,NORMAL,OBSERVED
2020-03-31,RED_SEA,24.0,60.0,18.0,4.429339411136556,False,NORMAL,OBSERVED
2020-04-01,RED_SEA,15.0,40.0,17.5,4.303314829119342,False,NORMAL,OBSERVED
2020-04-02,RED_SEA,18.0,61.0,17.5,4.303314829119342,False,NORMAL,OBSERVED
2020-04-03,RED_SEA,10.0,55.0,17.0,4.3837120362691655,False,NORMAL,OBSERVED
2020-04-04,RED_SEA,22.0,67.0,17.5,4.358747210917051,False,NORMAL,OBSERVED
2020-04-05,RED_SEA,17.0,55.0,17.5,4.358747210917051,False,NORMAL,OBSERVED
2020-04-06,RED_SEA,26.0,69.0,18.0,4.660426667117147,False,NORMAL,OBSERVED
2020-04-07,RED_SEA,23.0,60.0,18.0,4.730152072009792,False,NORMAL,OBSERVED
2020-04-08,RED_SEA,18.0,56.0,18.0,4.7235759030811835,False,NORMAL,OBSERVED
2020-04-09,RED_SEA,24.0,50.0,18.0,4.815099706671201,False,NORMAL,OBSERVED
2020-04-10,RED_SEA,17.0,59.0,18.0,4.783680370133208,False,NORMAL,OBSERVED
2020-04-11,RED_SEA,15.0,55.0,18.0,4.814550257281991,False,NORMAL,OBSERVED
2020-04-12,RED_SEA,17.0,47.0,18.0,4.817708735521209,False,NORMAL,OBSERVED
2020-04-13,RED_SEA,17.0,57.0,18.0,4.325848236237936,False,NORMAL,OBSERVED
2020-04-14,RED_SEA,26.0,59.0,18.0,4.5151127766915495,False,NORMAL,OBSERVED
2020-04-15,RED_SEA,21.0,55.0,18.0,4.491467513327945,False,NORMAL,OBSERVED
2020-04-16,RED_SEA,23.0,60.0,18.0,4.450789122113482,False,NORMAL,OBSERVED
2020-04-17,RED_SEA,10.0,47.0,18.0,4.645501892227333,False,NORMAL,OBSERVED
2020-04-18,RED_SEA,19.0,58.0,18.0,4.634241089562603,False,NORMAL,OBSERVED
2020-04-19,RED_SEA,25.0,63.0,18.0,4.654604592803111,False,NORMAL,OBSERVED
2020-04-20,RED_SEA,18.0,56.0,18.0,4.570870501650318,False,NORMAL,OBSERVED
2020-04-21,RED_SEA,23.0,54.0,18.0,4.643223428774852,False,NORMAL,OBSERVED
2020-04-22,RED_SEA,25.0,55.0,18.5,4.722315591980742,False,NORMAL,OBSERVED
2020-04-23,RED_SEA,19.0,50.0,18.5,4.722315591980742,False,NORMAL,OBSERVED
2020-04-24,RED_SEA,18.0,59.0,18.5,4.7089917365188745,False,NORMAL,OBSERVED
2020-04-25,RED_SEA,19.0,56.0,18.5,4.696052603294593,False,NORMAL,OBSERVED
2020-04-26,RED_SEA,20.0,45.0,19.0,4.255559699944088,False,NORMAL,OBSERVED
2020-04-27,RED_SEA,27.0,61.0,19.0,4.469769119186788,False,NORMAL,OBSERVED
2020-04-28,RED_SEA,14.0,63.0,19.0,4.525647078759163,False,NORMAL,OBSERVED
2020-04-29,RED_SEA,28.0,60.0,19.0,4.7099747805972685,False,NORMAL,OBSERVED
2020-04-30,RED_SEA,25.0,53.0,19.5,4.786997379918205,False,NORMAL,OBSERVED
2020-05-01,RED_SEA,19.0,56.0,19.5,4.358747210917041,False,NORMAL,OBSERVED
2020-05-02,RED_SEA,17.0,47.0,19.0,4.39877327776804,False,NORMAL,OBSERVED
2020-05-03,RED_SEA,24.0,64.0,19.5,4.39982563387067,False,NORMAL,OBSERVED
2020-05-04,RED_SEA,22.0,52.0,19.5,4.281589726025886,False,NORMAL,OBSERVED
2020-05-05,RED_SEA,21.0,56.0,19.5,4.254316202306334,False,NORMAL,OBSERVED
2020-05-06,RED_SEA,31.0,66.0,20.5,4.672332161853184,True,CONGESTION,OBSERVED
2020-05-07,RED_SEA,22.0,56.0,20.5,4.637664984443823,False,NORMAL,OBSERVED
2020-05-08,RED_SEA,19.0,55.0,20.5,4.592379240649329,False,NORMAL,OBSERVED
2020-05-09,RED_SEA,30.0,71.0,21.0,4.755809591197346,False,NORMAL,OBSERVED
2020-05-10,RED_SEA,16.0,55.0,21.0,4.793624513751133,False,NORMAL,OBSERVED
2020-05-11,RED_SEA,29.0,51.0,21.5,4.9242945940182175,False,NORMAL,OBSERVED
2020-05-12,RED_SEA,12.0,49.0,21.0,5.184429272186736,False,NORMAL,OBSERVED
2020-05-13,RED_SEA,28.0,63.0,21.5,5.336680497290289,False,NORMAL,OBSERVED
2020-05-14,RED_SEA,12.0,40.0,20.5,5.622140660679473,False,NORMAL,OBSERVED
2020-05-15,RED_SEA,17.0,47.0,20.5,5.2517318886904,False,NORMAL,OBSERVED
2020-05-16,RED_SEA,25.0,52.0,21.5,5.2728464848608905,False,NORMAL,OBSERVED
2020-05-17,RED_SEA,13.0,43.0,20.5,5.470822075327801,False,NORMAL,OBSERVED
2020-05-18,RED_SEA,21.0,54.0,21.0,5.435528819256995,False,NORMAL,OBSERVED
2020-05-19,RED_SEA,18.0,54.0,20.5,5.459204159299216,False,NORMAL,OBSERVED
2020-05-20,RED_SEA,12.0,48.0,19.5,5.664798945236001,False,NORMAL,OBSERVED
2020-05-21,RED_SEA,22.0,55.0,20.5,5.660944823639965,False,NORMAL,OBSERVED
2020-05-22,RED_SEA,26.0,54.0,21.0,5.718599562163866,False,NORMAL,OBSERVED
2020-05-23,RED_SEA,18.0,45.0,21.0,5.734883511361734,False,NORMAL,OBSERVED
2020-05-24,RED_SEA,21.0,53.0,21.0,5.731538109489363,False,NORMAL,OBSERVED
2020-05-25,RED_SEA,20.0,50.0,21.0,5.6131930759538555,False,NORMAL,OBSERVED
2020-05-26,RED_SEA,19.0,66.0,21.0,5.4669521799231005,False,NORMAL,OBSERVED
2020-05-27,RED_SEA,20.0,48.0,20.5,5.291877573599758,False,NORMAL,OBSERVED
2020-05-28,RED_SEA,18.0,51.0,20.0,5.245305283129603,False,NORMAL,OBSERVED
2020-05-29,RED_SEA,14.0,49.0,20.0,5.379143536399174,False,NORMAL,OBSERVED
2020-05-30,RED_SEA,17.0,49.0,20.0,5.379143536399174,False,NORMAL,OBSERVED
2020-05-31,RED_SEA,12.0,41.0,19.5,5.544791158800198,False,NORMAL,OBSERVED
2020-06-01,RED_SEA,11.0,34.0,19.0,5.7698358114425705,False,NORMAL,OBSERVED
2020-06-02,RED_SEA,18.0,54.0,18.5,5.767428154145258,False,NORMAL,OBSERVED
2020-06-03,RED_SEA,12.0,42.0,18.0,5.451566446405712,False,NORMAL,OBSERVED
2020-06-04,RED_SEA,20.0,53.0,18.0,5.418955560352867,False,NORMAL,OBSERVED
2020-06-05,RED_SEA,25.0,46.0,18.0,5.553491680129693,False,NORMAL,OBSERVED
2020-06-06,RED_SEA,21.0,53.0,18.0,5.124249848313058,False,NORMAL,OBSERVED
2020-06-07,RED_SEA,10.0,41.0,18.0,5.351531452667431,False,NORMAL,OBSERVED
2020-06-08,RED_SEA,22.0,54.0,18.0,4.981447060324411,False,NORMAL,OBSERVED
2020-06-09,RED_SEA,18.0,51.0,18.0,4.840853481965999,False,NORMAL,OBSERVED
2020-06-10,RED_SEA,23.0,46.0,18.0,4.549986917825243,False,NORMAL,OBSERVED
2020-06-11,RED_SEA,12.0,41.0,18.0,4.549986917825243,False,NORMAL,OBSERVED
2020-06-12,RED_SEA,18.0,55.0,18.0,4.545478595414961,False,NORMAL,OBSERVED
2020-06-13,RED_SEA,16.0,43.0,18.0,4.351457822981294,False,NORMAL,OBSERVED
2020-06-14,RED_SEA,9.0,40.0,18.0,4.573185013097664,False,NORMAL,OBSERVED
2020-06-15,RED_SEA,19.0,55.0,18.0,4.533677624647867,False,NORMAL,OBSERVED
2020-06-16,RED_SEA,12.0,45.0,18.0,4.6511931677364045,False,NORMAL,OBSERVED
2020-06-17,RED_SEA,21.0,50.0,18.0,4.580265928833815,False,NORMAL,OBSERVED
2020-06-18,RED_SEA,11.0,33.0,18.0,4.663689526544399,False,NORMAL,OBSERVED
2020-06-19,RED_SEA,15.0,38.0,18.0,4.352217703860743,False,NORMAL,OBSERVED
2020-06-20,RED_SEA,19.0,51.0,18.0,4.366024428718791,False,NORMAL,OBSERVED
2020-06-21,RED_SEA,17.0,45.0,18.0,4.291464396527903,False,NORMAL,OBSERVED
2020-06-22,RED_SEA,22.0,57.0,18.0,4.3636000379279976,False,NORMAL,OBSERVED
2020-06-23,RED_SEA,12.0,44.0,17.5,4.434114980621906,False,NORMAL,OBSERVED
2020-06-24,RED_SEA,23.0,60.0,17.5,4.5546359892651065,False,NORMAL,OBSERVED
2020-06-25,RED_SEA,19.0,60.0,17.5,4.569278594954221,False,NORMAL,OBSERVED
2020-06-26,RED_SEA,17.0,43.0,17.5,4.538343403331306,False,NORMAL,OBSERVED
2020-06-27,RED_SEA,16.0,55.0,17.5,4.5408201482824175,False,NORMAL,OBSERVED
2020-06-28,RED_SEA,15.0,48.0,17.5,4.458361148110823,False,NORMAL,OBSERVED
2020-06-29,RED_SEA,16.0,52.0,17.5,4.311299292243755,False,NORMAL,OBSERVED
2020-06-30,RED_SEA,11.0,47.0,17.0,4.455986995696917,False,NORMAL,OBSERVED
2020-07-01,RED_SEA,17.0,49.0,17.0,4.35464843161453,False,NORMAL,OBSERVED
2020-07-02,RED_SEA,19.0,51.0,17.0,4.333180705492786,False,NORMAL,OBSERVED
2020-07-03,RED_SEA,20.0,45.0,17.0,4.085721685714976,False,NORMAL,OBSERVED
2020-07-04,RED_SEA,15.0,43.0,17.0,4.013205714366016,False,NORMAL,OBSERVED
2020-07-05,RED_SEA,23.0,64.0,17.0,3.976618169184966,False,NORMAL,OBSERVED
2020-07-06,RED_SEA,16.0,48.0,17.0,3.8591264740685913,False,NORMAL,OBSERVED
2020-07-07,RED_SEA,24.0,63.0,17.0,4.0868546527104295,False,NORMAL,OBSERVED
2020-07-08,RED_SEA,19.0,45.0,17.0,3.937843795354723,False,NORMAL,OBSERVED
2020-07-09,RED_SEA,19.0,49.0,17.0,3.836610055710203,False,NORMAL,OBSERVED
2020-07-10,RED_SEA,18.0,50.0,17.0,3.836610055710203,False,NORMAL,OBSERVED
2020-07-11,RED_SEA,14.0,41.0,17.0,3.8770795751113956,False,NORMAL,OBSERVED
2020-07-12,RED_SEA,14.0,59.0,17.0,3.5965518465865483,False,NORMAL,OBSERVED
2020-07-13,RED_SEA,21.0,56.0,17.0,3.652027051830464,False,NORMAL,OBSERVED
2020-07-14,RED_SEA,15.0,58.0,17.0,3.5321651258385973,False,NORMAL,OBSERVED
2020-07-15,RED_SEA,18.0,44.0,17.0,3.4646743359179046,False,NORMAL,OBSERVED
2020-07-16,RED_SEA,18.0,57.0,17.5,3.2366943748507353,False,NORMAL,OBSERVED
2020-07-17,RED_SEA,15.0,50.0,17.5,3.2366943748507353,False,NORMAL,OBSERVED
2020-07-18,RED_SEA,14.0,45.0,17.0,3.292407491478995,False,NORMAL,OBSERVED
2020-07-19,RED_SEA,19.0,52.0,17.5,3.305238746989859,False,NORMAL,OBSERVED
2020-07-20,RED_SEA,18.0,50.0,17.5,3.1862385978009127,False,NORMAL,OBSERVED
2020-07-21,RED_SEA,15.0,53.0,17.5,3.0481150390044682,False,NORMAL,OBSERVED
2020-07-22,RED_SEA,14.0,56.0,17.0,2.9102537208251533,False,NORMAL,OBSERVED
2020-07-23,RED_SEA,17.0,50.0,17.0,2.8865222296061592,False,NORMAL,OBSERVED
2020-07-24,RED_SEA,15.0,49.0,16.5,2.9120712096648087,False,NORMAL,OBSERVED
2020-07-25,RED_SEA,19.0,65.0,17.0,2.930409798526738,False,NORMAL,OBSERVED
2020-07-26,RED_SEA,20.0,58.0,17.5,2.95177285084115,False,NORMAL,OBSERVED
2020-07-27,RED_SEA,13.0,47.0,17.5,3.051584721447078,False,NORMAL,OBSERVED
2020-07-28,RED_SEA,13.0,44.0,17.5,2.9231786714078005,False,NORMAL,OBSERVED
2020-07-29,RED_SEA,22.0,64.0,18.0,3.059160932096501,False,NORMAL,OBSERVED
2020-07-30,RED_SEA,12.0,61.0,17.5,3.2054847176569417,False,NORMAL,OBSERVED
2020-07-31,RED_SEA,20.0,57.0,17.5,3.2054847176569417,False,NORMAL,OBSERVED
2020-08-01,RED_SEA,23.0,61.0,18.0,3.360209114178047,False,NORMAL,OBSERVED
2020-08-02,RED_SEA,17.0,47.0,17.5,3.178132958283688,False,NORMAL,OBSERVED
2020-08-03,RED_SEA,16.0,43.0,17.5,3.178132958283688,False,NORMAL,OBSERVED
2020-08-04,RED_SEA,15.0,45.0,17.0,2.9102537208251538,False,NORMAL,OBSERVED
2020-08-05,RED_SEA,18.0,57.0,17.0,2.8894993250053345,False,NORMAL,OBSERVED
2020-08-06,RED_SEA,20.0,56.0,17.0,2.9229524104320834,False,NORMAL,OBSERVED
2020-08-07,RED_SEA,11.0,42.0,16.5,3.11762356925538,False,NORMAL,OBSERVED
2020-08-08,RED_SEA,19.0,53.0,17.0,3.1038037765937814,False,NORMAL,OBSERVED
2020-08-09,RED_SEA,15.0,50.0,17.0,3.0757629070390644,False,NORMAL,OBSERVED
2020-08-10,RED_SEA,10.0,50.0,16.5,3.225846347252856,True,TRAFFIC_DROP,OBSERVED
2020-08-11,RED_SEA,16.0,55.0,16.5,3.2145502536643087,False,NORMAL,OBSERVED
2020-08-12,RED_SEA,13.0,50.0,16.0,3.266593779556139,False,NORMAL,OBSERVED
2020-08-13,RED_SEA,21.0,52.0,16.0,3.371213337224345,False,NORMAL,OBSERVED
2020-08-14,RED_SEA,12.0,50.0,16.0,3.4646743359179077,False,NORMAL,OBSERVED
2020-08-15,RED_SEA,16.0,45.0,16.0,3.4355363559290115,False,NORMAL,OBSERVED
2020-08-16,RED_SEA,12.0,54.0,16.0,3.4930013170707706,False,NORMAL,OBSERVED
2020-08-17,RED_SEA,20.0,54.0,16.0,3.552329886011089,False,NORMAL,OBSERVED
2020-08-18,RED_SEA,14.0,51.0,16.0,3.5699732484584437,False,NORMAL,OBSERVED
2020-08-19,RED_SEA,14.0,45.0,16.0,3.5699732484584437,False,NORMAL,OBSERVED
2020-08-20,RED_SEA,15.0,59.0,15.5,3.5729361897286878,False,NORMAL,OBSERVED
2020-08-21,RED_SEA,27.0,67.0,16.0,4.113952257209983,True,CONGESTION,OBSERVED
2020-08-22,RED_SEA,17.0,56.0,16.0,4.08685465271043,False,NORMAL,OBSERVED
2020-08-23,RED_SEA,14.0,57.0,15.5,4.051748593714398,False,NORMAL,OBSERVED
2020-08-24,RED_SEA,9.0,47.0,15.5,4.236868914783432,False,NORMAL,OBSERVED
2020-08-25,RED_SEA,17.0,61.0,16.0,4.195456095807915,False,NORMAL,OBSERVED
2020-08-26,RED_SEA,15.0,55.0,15.5,4.0460314346740205,False,NORMAL,OBSERVED
2020-08-27,RED_SEA,15.0,56.0,15.5,3.9752874176479356,False,NORMAL,OBSERVED
2020-08-28,RED_SEA,14.0,56.0,15.0,3.918987829588853,False,NORMAL,OBSERVED
2020-08-29,RED_SEA,18.0,58.0,15.0,3.6903993847614327,False,NORMAL,OBSERVED
2020-08-30,RED_SEA,21.0,62.0,15.0,3.817254061682103,False,NORMAL,OBSERVED
2020-08-31,RED_SEA,18.0,59.0,15.0,3.8386781234494873,False,NORMAL,OBSERVED
2020-09-01,RED_SEA,20.0,59.0,15.5,3.9095257428991914,False,NORMAL,OBSERVED
2020-09-02,RED_SEA,18.0,45.0,15.5,3.9095257428991914,False,NORMAL,OBSERVED
2020-09-03,RED_SEA,13.0,56.0,15.0,3.8750320019159785,False,NORMAL,OBSERVED
2020-09-04,RED_SEA,16.0,50.0,15.5,3.7562998229359037,False,NORMAL,OBSERVED
2020-09-05,RED_SEA,12.0,57.0,15.0,3.784541098039664,False,NORMAL,OBSERVED
2020-09-06,RED_SEA,25.0,69.0,15.5,4.160789505871362,True,CONGESTION,OBSERVED
2020-09-07,RED_SEA,18.0,55.0,16.0,3.994705490730436,False,NORMAL,OBSERVED
2020-09-08,RED_SEA,22.0,62.0,16.0,4.129516927306388,False,NORMAL,OBSERVED
2020-09-09,RED_SEA,22.0,57.0,16.5,4.185354915320289,False,NORMAL,OBSERVED
2020-09-10,RED_SEA,15.0,48.0,16.0,4.124228322881651,False,NORMAL,OBSERVED
2020-09-11,RED_SEA,14.0,46.0,16.0,4.055664273385142,False,NORMAL,OBSERVED
2020-09-12,RED_SEA,19.0,61.0,16.5,4.072751107949211,False,NORMAL,OBSERVED
2020-09-13,RED_SEA,14.0,61.0,16.5,3.9999999999999916,False,NORMAL,OBSERVED
2020-09-14,RED_SEA,16.0,51.0,16.0,3.960118645007952,False,NORMAL,OBSERVED
2020-09-15,RED_SEA,16.0,62.0,16.0,3.924553019404418,False,NORMAL,OBSERVED
2020-09-16,RED_SEA,16.0,55.0,16.0,3.8873012632301913,False,NORMAL,OBSERVED
2020-09-17,RED_SEA,20.0,51.0,16.5,3.906818080385551,False,NORMAL,OBSERVED
2020-09-18,RED_SEA,12.0,47.0,16.0,3.519409522383453,False,NORMAL,OBSERVED
2020-09-19,RED_SEA,17.0,61.0,16.0,3.519409522383453,False,NORMAL,OBSERVED
2020-09-20,RED_SEA,18.0,62.0,16.5,3.489212400328061,False,NORMAL,OBSERVED
2020-09-21,RED_SEA,13.0,48.0,16.5,3.2309678796226637,False,NORMAL,OBSERVED
2020-09-22,RED_SEA,24.0,54.0,16.5,3.49659698509714,True,CONGESTION,OBSERVED
2020-09-23,RED_SEA,9.0,42.0,16.5,3.805280374710734,False,NORMAL,OBSERVED
2020-09-24,RED_SEA,13.0,51.0,16.5,3.8618675746355025,False,NORMAL,OBSERVED
2020-09-25,RED_SEA,13.0,52.0,16.5,3.8941008158522425,False,NORMAL,OBSERVED
2020-09-26,RED_SEA,13.0,53.0,16.0,3.9539344814498163,False,NORMAL,OBSERVED
2020-09-27,RED_SEA,13.0,50.0,16.0,3.918987829588854,False,NORMAL,OBSERVED
2020-09-28,RED_SEA,21.0,66.0,16.0,4.004626953542237,False,NORMAL,OBSERVED
2020-09-29,RED_SEA,18.0,55.0,16.0,3.9574455980310845,False,NORMAL,OBSERVED
2020-09-30,RED_SEA,22.0,59.0,16.0,4.086369133890457,False,NORMAL,OBSERVED
2020-10-01,RED_SEA,12.0,54.0,16.0,4.1229452153378405,False,NORMAL,OBSERVED
2020-10-02,RED_SEA,11.0,47.0,16.0,4.253227843643818,False,NORMAL,OBSERVED
2020-10-03,RED_SEA,11.0,51.0,16.0,4.2951615450891545,False,NORMAL,OBSERVED
2020-10-04,RED_SEA,18.0,67.0,16.0,3.962122246777938,False,NORMAL,OBSERVED
2020-10-05,RED_SEA,10.0,44.0,15.5,4.103811623511708,False,NORMAL,OBSERVED
2020-10-06,RED_SEA,26.0,67.0,15.5,4.387934394902483,True,CONGESTION,OBSERVED
2020-10-07,RED_SEA,9.0,45.0,14.5,4.409435529988126,False,NORMAL,OBSERVED
2020-10-08,RED_SEA,19.0,66.0,15.0,4.458361148110827,False,NORMAL,OBSERVED
2020-10-09,RED_SEA,16.0,55.0,16.0,4.447667482146794,False,NORMAL,OBSERVED
2020-10-10,RED_SEA,23.0,66.0,16.0,4.619231709635439,False,NORMAL,OBSERVED
2020-10-11,RED_SEA,14.0,53.0,16.0,4.619231709635439,False,NORMAL,OBSERVED
2020-10-12,RED_SEA,17.0,64.0,16.0,4.624526287766494,False,NORMAL,OBSERVED
2020-10-13,RED_SEA,13.0,51.0,15.0,4.6557411790096195,False,NORMAL,OBSERVED
2020-10-14,RED_SEA,13.0,44.0,13.5,4.684207397393811,False,NORMAL,OBSERVED
2020-10-15,RED_SEA,19.0,59.0,13.5,4.653467728991131,False,NORMAL,OBSERVED
2020-10-16,RED_SEA,13.0,48.0,13.5,4.6285289696922485,False,NORMAL,OBSERVED
2020-10-17,RED_SEA,14.0,63.0,13.5,4.630671840362007,False,NORMAL,OBSERVED
2020-10-18,RED_SEA,18.0,44.0,13.5,4.630671840362007,False,NORMAL,OBSERVED
2020-10-19,RED_SEA,16.0,45.0,14.0,4.604460685146325,False,NORMAL,OBSERVED
2020-10-20,RED_SEA,18.0,54.0,14.0,4.332722789711655,False,NORMAL,OBSERVED
2020-10-21,RED_SEA,17.0,61.0,15.0,4.153152687859816,False,NORMAL,OBSERVED
2020-10-22,RED_SEA,13.0,47.0,15.0,4.153152687859816,False,NORMAL,OBSERVED
2020-10-23,RED_SEA,17.0,52.0,16.0,4.125030062420512,False,NORMAL,OBSERVED
2020-10-24,RED_SEA,18.0,51.0,16.5,4.1049395976712075,False,NORMAL,OBSERVED
2020-10-25,RED_SEA,15.0,46.0,16.5,4.067388694684927,False,NORMAL,OBSERVED
2020-10-26,RED_SEA,18.0,81.0,16.5,3.972125095937656,False,NORMAL,OBSERVED
2020-10-27,RED_SEA,15.0,58.0,16.0,3.956609900503443,False,NORMAL,OBSERVED
2020-10-28,RED_SEA,17.0,53.0,16.0,3.7796447300922678,False,NORMAL,OBSERVED
2020-10-29,RED_SEA,12.0,42.0,16.0,3.7796447300922678,False,NORMAL,OBSERVED
2020-10-30,RED_SEA,18.0,53.0,16.5,3.6866339445719043,False,NORMAL,OBSERVED
2020-10-31,RED_SEA,19.0,56.0,17.0,3.5965518465865522,False,NORMAL,OBSERVED
2020-11-01,RED_SEA,15.0,54.0,16.5,3.587161115384257,False,NORMAL,OBSERVED
2020-11-02,RED_SEA,15.0,64.0,16.5,3.3890189930789245,False,NORMAL,OBSERVED
2020-11-03,RED_SEA,13.0,53.0,16.0,2.863748976614075,False,NORMAL,OBSERVED
2020-11-04,RED_SEA,16.0,51.0,16.0,2.5289331041968275,False,NORMAL,OBSERVED
2020-11-05,RED_SEA,19.0,61.0,16.0,2.5289331041968275,False,NORMAL,OBSERVED
2020-11-06,RED_SEA,12.0,52.0,16.0,2.645501322750984,False,NORMAL,OBSERVED
2020-11-07,RED_SEA,17.0,51.0,16.0,2.270992603996625,False,NORMAL,OBSERVED
2020-11-08,RED_SEA,15.0,41.0,16.0,2.250220447754403,False,NORMAL,OBSERVED
2020-11-09,RED_SEA,17.0,69.0,16.0,2.250220447754403,False,NORMAL,OBSERVED
2020-11-10,RED_SEA,16.0,60.0,16.0,2.1830879542228656,False,NORMAL,OBSERVED
2020-11-11,RED_SEA,11.0,45.0,16.0,2.310260069191681,True,TRAFFIC_DROP,OBSERVED
2020-11-12,RED_SEA,14.0,41.0,16.0,2.2478678904486395,False,NORMAL,OBSERVED
2020-11-13,RED_SEA,25.0,60.0,16.0,2.801171334738524,True,CONGESTION,OBSERVED
2020-11-14,RED_SEA,20.0,63.0,16.5,2.865595960989645,False,NORMAL,OBSERVED
2020-11-15,RED_SEA,24.0,59.0,16.5,3.2030078456443425,True,CONGESTION,OBSERVED
2020-11-16,RED_SEA,27.0,66.0,17.0,3.76474174722256,True,CONGESTION,OBSERVED
2020-11-17,RED_SEA,11.0,52.0,16.5,3.917806318490783,False,NORMAL,OBSERVED
2020-11-18,RED_SEA,16.0,66.0,16.0,3.918987829588855,False,NORMAL,OBSERVED
2020-11-19,RED_SEA,8.0,43.0,16.0,4.193721686915041,False,NORMAL,OBSERVED
2020-11-20,RED_SEA,16.0,56.0,16.0,4.192933082066513,False,NORMAL,OBSERVED
2020-11-21,RED_SEA,18.0,63.0,16.0,4.192933082066513,False,NORMAL,OBSERVED
2020-11-22,RED_SEA,14.0,51.0,16.0,4.209462759020048,False,NORMAL,OBSERVED
2020-11-23,RED_SEA,16.0,59.0,16.0,4.19750492781695,False,NORMAL,OBSERVED
2020-11-24,RED_SEA,23.0,60.0,16.0,4.375255094603867,False,NORMAL,OBSERVED
2020-11-25,RED_SEA,20.0,48.0,16.0,4.422615041977288,False,NORMAL,OBSERVED
2020-11-26,RED_SEA,12.0,52.0,16.0,4.422615041977288,False,NORMAL,OBSERVED
2020-11-27,RED_SEA,15.0,48.0,16.0,4.425754352345094,False,NORMAL,OBSERVED
2020-11-28,RED_SEA,21.0,60.0,16.0,4.482181063940528,False,NORMAL,OBSERVED
2020-11-29,RED_SEA,15.0,59.0,16.0,4.482181063940528,False,NORMAL,OBSERVED
2020-11-30,RED_SEA,23.0,64.0,16.0,4.6262421469391715,False,NORMAL,OBSERVED
2020-12-01,RED_SEA,18.0,55.0,16.0,4.565079089122887,False,NORMAL,OBSERVED
2020-12-02,RED_SEA,18.0,61.0,16.5,4.5627604658565,False,NORMAL,OBSERVED
2020-12-03,RED_SEA,18.0,55.0,16.5,4.551876175773752,False,NORMAL,OBSERVED
2020-12-04,RED_SEA,17.0,55.0,17.0,4.4393323774720805,False,NORMAL,OBSERVED
2020-12-05,RED_SEA,14.0,57.0,16.5,4.4833613618053425,False,NORMAL,OBSERVED
2020-12-06,RED_SEA,17.0,45.0,17.0,4.462661080044492,False,NORMAL,OBSERVED
2020-12-07,RED_SEA,16.0,59.0,16.5,4.469029225930636,False,NORMAL,OBSERVED
2020-12-08,RED_SEA,18.0,52.0,17.0,4.464291005287865,False,NORMAL,OBSERVED
2020-12-09,RED_SEA,16.0,46.0,17.0,4.299009360478462,False,NORMAL,OBSERVED
2020-12-10,RED_SEA,21.0,59.0,17.5,4.291464396527906,False,NORMAL,OBSERVED
2020-12-11,RED_SEA,21.0,59.0,17.5,4.103650459036082,False,NORMAL,OBSERVED
2020-12-12,RED_SEA,12.0,53.0,17.0,4.2080484737787796,False,NORMAL,OBSERVED
2020-12-13,RED_SEA,21.0,57.0,17.0,4.06755129592406,False,NORMAL,OBSERVED
2020-12-14,RED_SEA,15.0,51.0,16.5,3.604083515877226,False,NORMAL,OBSERVED
2020-12-15,RED_SEA,17.0,57.0,17.0,3.4210676262979165,False,NORMAL,OBSERVED
2020-12-16,RED_SEA,18.0,54.0,17.0,3.4202942414962862,False,NORMAL,OBSERVED
2020-12-17,RED_SEA,16.0,59.0,17.0,2.934018678956486,False,NORMAL,OBSERVED
2020-12-18,RED_SEA,15.0,48.0,17.0,2.9571454131829484,False,NORMAL,OBSERVED
2020-12-19,RED_SEA,23.0,57.0,17.0,3.1446603773521944,False,NORMAL,OBSERVED
2020-12-20,RED_SEA,18.0,57.0,17.5,3.0697362139572157,False,NORMAL,OBSERVED
2020-12-21,RED_SEA,11.0,57.0,17.5,3.305238746989865,False,NORMAL,OBSERVED
2020-12-22,RED_SEA,19.0,57.0,17.5,3.139398048323924,False,NORMAL,OBSERVED
2020-12-23,RED_SEA,22.0,65.0,17.5,3.224205738705674,False,NORMAL,OBSERVED
2020-12-24,RED_SEA,16.0,57.0,17.5,3.0608900044019185,False,NORMAL,OBSERVED
2020-12-25,RED_SEA,20.0,62.0,18.0,3.0533180841096916,False,NORMAL,OBSERVED
2020-12-26,RED_SEA,11.0,41.0,17.5,3.234241404149885,True,TRAFFIC_DROP,OBSERVED
2020-12-27,RED_SEA,15.0,51.0,17.5,3.234241404149885,False,NORMAL,OBSERVED
2020-12-28,RED_SEA,11.0,48.0,17.0,3.2538133915917107,False,NORMAL,OBSERVED
2020-12-29,RED_SEA,18.0,56.0,17.0,3.2538133915917107,False,NORMAL,OBSERVED
2020-12-30,RED_SEA,21.0,56.0,17.0,3.338686178248168,False,NORMAL,OBSERVED
2020-12-31,RED_SEA,15.0,55.0,17.0,3.3546934664687647,False,NORMAL,OBSERVED
2021-01-01,RED_SEA,15.0,50.0,16.5,3.3743508095992847,False,NORMAL,OBSERVED
2021-01-02,RED_SEA,29.0,65.0,17.0,4.030800726574617,True,CONGESTION,OBSERVED
2021-01-03,RED_SEA,16.0,44.0,16.5,4.0388326670176955,False,NORMAL,OBSERVED
2021-01-04,RED_SEA,18.0,51.0,17.5,4.031621045431752,False,NORMAL,OBSERVED
2021-01-05,RED_SEA,22.0,64.0,17.5,4.122463947047803,False,NORMAL,OBSERVED
2021-01-06,RED_SEA,28.0,65.0,18.0,4.554200340426483,True,CONGESTION,OBSERVED
2021-01-07,RED_SEA,14.0,55.0,17.5,4.575498353751769,False,NORMAL,OBSERVED
2021-01-08,RED_SEA,11.0,63.0,16.5,4.700979296828089,False,NORMAL,OBSERVED
2021-01-09,RED_SEA,23.0,59.0,17.5,4.6932350278304815,False,NORMAL,OBSERVED
2021-01-10,RED_SEA,17.0,53.0,17.0,4.65247274527241,False,NORMAL,OBSERVED
2021-01-11,RED_SEA,17.0,54.0,17.0,4.62567026460224,False,NORMAL,OBSERVED
2021-01-12,RED_SEA,18.0,55.0,17.5,4.623811158517353,False,NORMAL,OBSERVED
2021-01-13,RED_SEA,24.0,72.0,17.5,4.772468441640551,False,NORMAL,OBSERVED
2021-01-14,RED_SEA,24.0,62.0,18.0,4.888573222132211,False,NORMAL,OBSERVED
2021-01-15,RED_SEA,16.0,43.0,18.0,4.867558083179045,False,NORMAL,OBSERVED
2021-01-16,RED_SEA,27.0,52.0,18.0,5.0657058403914075,False,NORMAL,OBSERVED
2021-01-17,RED_SEA,12.0,57.0,17.5,5.209372912123502,False,NORMAL,OBSERVED
2021-01-18,RED_SEA,16.0,43.0,17.5,5.035718976319625,False,NORMAL,OBSERVED
2021-01-19,RED_SEA,23.0,57.0,17.5,5.1097738071061745,False,NORMAL,OBSERVED
2021-01-20,RED_SEA,26.0,70.0,17.5,5.263807743228463,False,NORMAL,OBSERVED
2021-01-21,RED_SEA,13.0,50.0,17.5,5.350171831290897,False,NORMAL,OBSERVED
2021-01-22,RED_SEA,18.0,51.0,17.5,5.343739847293796,False,NORMAL,OBSERVED
2021-01-23,RED_SEA,12.0,52.0,17.5,5.294876229499066,False,NORMAL,OBSERVED
2021-01-24,RED_SEA,16.0,60.0,17.5,5.273473599964617,False,NORMAL,OBSERVED
2021-01-25,RED_SEA,20.0,61.0,18.0,5.065053001179936,False,NORMAL,OBSERVED
2021-01-26,RED_SEA,14.0,59.0,17.5,5.146915653159735,False,NORMAL,OBSERVED
2021-01-27,RED_SEA,26.0,55.0,17.5,5.31196114602989,False,NORMAL,OBSERVED
2021-01-28,RED_SEA,23.0,59.0,18.0,5.307975430859034,False,NORMAL,OBSERVED
2021-01-29,RED_SEA,19.0,52.0,18.0,5.243791996003891,False,NORMAL,OBSERVED
2021-01-30,RED_SEA,20.0,67.0,18.0,4.895062840417902,False,NORMAL,OBSERVED
2021-01-31,RED_SEA,20.0,61.0,18.5,4.861439898178096,False,NORMAL,OBSERVED
2021-02-01,RED_SEA,6.0,36.0,18.5,5.461142195005917,True,TRAFFIC_DROP,OBSERVED
2021-02-02,RED_SEA,14.0,58.0,18.0,5.493984204005541,False,NORMAL,OBSERVED
2021-02-03,RED_SEA,21.0,54.0,18.0,5.195134068473878,False,NORMAL,OBSERVED
2021-02-04,RED_SEA,21.0,61.0,18.5,5.153079933809757,False,NORMAL,OBSERVED
2021-02-05,RED_SEA,16.0,61.0,18.5,4.968152542197114,False,NORMAL,OBSERVED
2021-02-06,RED_SEA,26.0,66.0,18.5,5.096294950473548,False,NORMAL,OBSERVED
2021-02-07,RED_SEA,15.0,52.0,18.5,5.1355952551129445,False,NORMAL,OBSERVED
2021-02-08,RED_SEA,19.0,71.0,19.0,5.125282286715385,False,NORMAL,OBSERVED
2021-02-09,RED_SEA,21.0,61.0,19.5,5.140358005361143,False,NORMAL,OBSERVED
2021-02-10,RED_SEA,20.0,49.0,19.5,5.046870264916609,False,NORMAL,OBSERVED
2021-02-11,RED_SEA,23.0,64.0,19.5,5.011494723640776,False,NORMAL,OBSERVED
2021-02-12,RED_SEA,16.0,54.0,19.5,5.011494723640776,False,NORMAL,OBSERVED
2021-02-13,RED_SEA,24.0,56.0,19.5,4.856675981296421,False,NORMAL,OBSERVED
2021-02-14,RED_SEA,23.0,65.0,20.0,4.749129689135976,False,NORMAL,OBSERVED
2021-02-15,RED_SEA,22.0,68.0,20.0,4.745786212261014,False,NORMAL,OBSERVED
2021-02-16,RED_SEA,21.0,63.0,20.0,4.7009792968280895,False,NORMAL,OBSERVED
2021-02-17,RED_SEA,19.0,58.0,20.0,4.502791609116754,False,NORMAL,OBSERVED
2021-02-18,RED_SEA,22.0,71.0,20.0,4.388989349864896,False,NORMAL,OBSERVED
2021-02-19,RED_SEA,15.0,45.0,20.0,4.454947906155674,False,NORMAL,OBSERVED
2021-02-20,RED_SEA,17.0,54.0,20.0,4.256802834331224,False,NORMAL,OBSERVED
2021-02-21,RED_SEA,10.0,56.0,20.0,4.566237959253665,True,TRAFFIC_DROP,OBSERVED
2021-02-22,RED_SEA,19.0,53.0,20.0,4.562325592810621,False,NORMAL,OBSERVED
2021-02-23,RED_SEA,21.0,62.0,20.0,4.469029225930638,False,NORMAL,OBSERVED
2021-02-24,RED_SEA,15.0,54.0,20.0,4.335164448282298,False,NORMAL,OBSERVED
2021-02-25,RED_SEA,21.0,59.0,20.0,4.280508301913605,False,NORMAL,OBSERVED
2021-02-26,RED_SEA,21.0,61.0,20.0,4.300855089090362,False,NORMAL,OBSERVED
2021-02-27,RED_SEA,19.0,52.0,20.0,4.295161545089156,False,NORMAL,OBSERVED
2021-02-28,RED_SEA,26.0,66.0,20.5,4.500881747828583,False,NORMAL,OBSERVED
2021-03-01,RED_SEA,20.0,48.0,20.5,3.706672090894736,False,NORMAL,OBSERVED
2021-03-02,RED_SEA,19.0,63.0,20.5,3.547112992563184,False,NORMAL,OBSERVED
2021-03-03,RED_SEA,9.0,54.0,20.0,4.072101494561568,True,TRAFFIC_DROP,OBSERVED
2021-03-04,RED_SEA,18.0,58.0,19.5,4.064786190254876,False,NORMAL,OBSERVED
2021-03-05,RED_SEA,27.0,70.0,20.0,4.272466296411034,False,NORMAL,OBSERVED
2021-03-06,RED_SEA,19.0,66.0,19.5,4.082968885582511,False,NORMAL,OBSERVED
2021-03-07,RED_SEA,16.0,60.0,19.5,4.047992513116021,False,NORMAL,OBSERVED
2021-03-08,RED_SEA,17.0,57.0,19.5,4.072101494561568,False,NORMAL,OBSERVED
2021-03-09,RED_SEA,21.0,59.0,19.5,4.072101494561568,False,NORMAL,OBSERVED
2021-03-10,RED_SEA,19.0,65.0,19.0,4.069989534976077,False,NORMAL,OBSERVED
2021-03-11,RED_SEA,13.0,48.0,19.0,4.166349194254555,False,NORMAL,OBSERVED
2021-03-12,RED_SEA,10.0,57.0,19.0,4.464291005287867,True,TRAFFIC_DROP,OBSERVED
2021-03-13,RED_SEA,22.0,62.0,19.0,4.391399723822863,False,NORMAL,OBSERVED
2021-03-14,RED_SEA,18.0,63.0,19.0,4.307001805231168,False,NORMAL,OBSERVED
2021-03-15,RED_SEA,23.0,65.0,19.0,4.341719601785574,False,NORMAL,OBSERVED
2021-03-16,RED_SEA,26.0,66.0,19.0,4.547806029564109,False,NORMAL,OBSERVED
2021-03-17,RED_SEA,26.0,54.0,19.0,4.755809591197364,False,NORMAL,OBSERVED
2021-03-18,RED_SEA,18.0,54.0,19.0,4.71895311679598,False,NORMAL,OBSERVED
2021-03-19,RED_SEA,23.0,66.0,19.0,4.725675674653367,False,NORMAL,OBSERVED
2021-03-20,RED_SEA,21.0,63.0,19.0,4.7223155919807525,False,NORMAL,OBSERVED
2021-03-21,RED_SEA,24.0,57.0,19.5,4.4476674821467945,False,NORMAL,OBSERVED
2021-03-22,RED_SEA,14.0,56.0,19.5,4.574486411164197,False,NORMAL,OBSERVED
2021-03-23,RED_SEA,13.0,44.0,19.0,4.724695897383376,False,NORMAL,OBSERVED
2021-03-24,RED_SEA,17.0,58.0,19.0,4.6734644367182065,False,NORMAL,OBSERVED
2021-03-25,RED_SEA,17.0,42.0,19.0,4.680252333449756,False,NORMAL,OBSERVED
2021-03-26,RED_SEA,13.0,41.0,19.0,4.80520000519719,False,NORMAL,OBSERVED
2021-03-27,RED_SEA,10.0,29.0,18.5,5.0879825213502965,False,NORMAL,OBSERVED
2021-03-28,RED_SEA,14.0,39.0,18.0,4.939180361710092,False,NORMAL,OBSERVED
2021-03-29,RED_SEA,5.0,30.0,18.0,5.507090187026386,True,TRAFFIC_DROP,OBSERVED
2021-03-30,RED_SEA,10.0,28.0,17.5,5.680538576448408,False,NORMAL,OBSERVED
2021-03-31,RED_SEA,12.0,29.0,17.5,5.545864563493573,False,NORMAL,OBSERVED
2021-04-01,RED_SEA,20.0,49.0,17.5,5.5672891962524265,False,NORMAL,OBSERVED
2021-04-02,RED_SEA,17.0,54.0,17.0,5.2417736002416655,False,NORMAL,OBSERVED
2021-04-03,RED_SEA,20.0,66.0,17.0,5.2587795071444,False,NORMAL,OBSERVED
2021-04-04,RED_SEA,20.0,66.0,17.5,5.281869758726368,False,NORMAL,OBSERVED
2021-04-05,RED_SEA,18.0,60.0,18.0,5.283497318570713,False,NORMAL,OBSERVED
2021-04-06,RED_SEA,18.0,64.0,18.0,5.235587422761237,False,NORMAL,OBSERVED
2021-04-07,RED_SEA,19.0,71.0,18.0,5.235587422761237,False,NORMAL,OBSERVED
2021-04-08,RED_SEA,16.0,57.0,18.0,5.177280444812006,False,NORMAL,OBSERVED
2021-04-09,RED_SEA,21.0,73.0,18.0,5.018879699609609,False,NORMAL,OBSERVED
2021-04-10,RED_SEA,12.0,58.0,18.0,5.05564276917622,False,NORMAL,OBSERVED
2021-04-11,RED_SEA,18.0,57.0,18.0,5.05564276917622,False,NORMAL,OBSERVED
2021-04-12,RED_SEA,29.0,80.0,18.0,5.419321693629897,True,CONGESTION,OBSERVED
2021-04-13,RED_SEA,17.0,72.0,17.5,5.159365040297848,False,NORMAL,OBSERVED
2021-04-14,RED_SEA,14.0,54.0,17.0,4.894116973712515,False,NORMAL,OBSERVED
2021-04-15,RED_SEA,20.0,72.0,17.0,4.926980035998956,False,NORMAL,OBSERVED
2021-04-16,RED_SEA,19.0,53.0,17.0,4.798588857826332,False,NORMAL,OBSERVED
2021-04-17,RED_SEA,19.0,55.0,17.0,4.74704029205478,False,NORMAL,OBSERVED
2021-04-18,RED_SEA,17.0,45.0,17.0,4.5243316323603775,False,NORMAL,OBSERVED
2021-04-19,RED_SEA,20.0,61.0,17.0,4.548823907539062,False,NORMAL,OBSERVED
2021-04-20,RED_SEA,16.0,52.0,17.0,4.495735780897295,False,NORMAL,OBSERVED
2021-04-21,RED_SEA,13.0,49.0,17.0,4.5495508238080715,False,NORMAL,OBSERVED
2021-04-22,RED_SEA,17.0,43.0,17.0,4.5495508238080715,False,NORMAL,OBSERVED
2021-04-23,RED_SEA,13.0,54.0,17.0,4.5495508238080715,False,NORMAL,OBSERVED
2021-04-24,RED_SEA,15.0,50.0,17.0,4.37691756918124,False,NORMAL,OBSERVED
2021-04-25,RED_SEA,13.0,55.0,17.0,4.404182716103568,False,NORMAL,OBSERVED
2021-04-26,RED_SEA,19.0,56.0,17.5,3.77474201087667,False,NORMAL,OBSERVED
2021-04-27,RED_SEA,8.0,48.0,17.5,3.9319610196843837,True,TRAFFIC_DROP,OBSERVED
2021-04-28,RED_SEA,25.0,67.0,18.0,4.067388694684931,False,NORMAL,OBSERVED
2021-04-29,RED_SEA,17.0,56.0,17.5,4.04145188432738,False,NORMAL,OBSERVED
2021-04-30,RED_SEA,20.0,61.0,18.0,4.067388694684931,False,NORMAL,OBSERVED
2021-05-01,RED_SEA,15.0,47.0,17.5,4.068201635890796,False,NORMAL,OBSERVED
2021-05-02,RED_SEA,12.0,49.0,17.0,4.160789505871369,False,NORMAL,OBSERVED
2021-05-03,RED_SEA,22.0,65.0,17.0,4.258822153784557,False,NORMAL,OBSERVED
2021-05-04,RED_SEA,20.0,70.0,17.0,4.287918304520667,False,NORMAL,OBSERVED
2021-05-05,RED_SEA,13.0,52.0,17.0,4.352217703860751,False,NORMAL,OBSERVED
2021-05-06,RED_SEA,21.0,60.0,17.0,4.405834275296299,False,NORMAL,OBSERVED
2021-05-07,RED_SEA,21.0,61.0,17.0,4.405834275296299,False,NORMAL,OBSERVED
2021-05-08,RED_SEA,16.0,59.0,17.0,4.290231305662278,False,NORMAL,OBSERVED
2021-05-09,RED_SEA,14.0,47.0,17.0,4.338062132886419,False,NORMAL,OBSERVED
2021-05-10,RED_SEA,20.0,51.0,17.0,3.7317456941659257,False,NORMAL,OBSERVED
2021-05-11,RED_SEA,27.0,70.0,17.0,4.182983922674637,True,CONGESTION,OBSERVED
2021-05-12,RED_SEA,13.0,47.0,17.0,4.216840764333654,False,NORMAL,OBSERVED
2021-05-13,RED_SEA,12.0,48.0,17.0,4.298855513989594,False,NORMAL,OBSERVED
2021-05-14,RED_SEA,23.0,62.0,17.0,4.4309815936875525,False,NORMAL,OBSERVED
2021-05-15,RED_SEA,16.0,62.0,16.5,4.42156810987511,False,NORMAL,OBSERVED
2021-05-16,RED_SEA,12.0,48.0,16.0,4.5243316323603775,False,NORMAL,OBSERVED
2021-05-17,RED_SEA,12.0,53.0,16.0,4.573185013097674,False,NORMAL,OBSERVED
2021-05-18,RED_SEA,20.0,60.0,16.0,4.61579414137541,False,NORMAL,OBSERVED
2021-05-19,RED_SEA,22.0,51.0,16.5,4.658155503889141,False,NORMAL,OBSERVED
2021-05-20,RED_SEA,20.0,53.0,16.5,4.69083875804405,False,NORMAL,OBSERVED
2021-05-21,RED_SEA,16.0,46.0,16.5,4.6256702646022445,False,NORMAL,OBSERVED
2021-05-22,RED_SEA,20.0,61.0,18.0,4.63067184036201,False,NORMAL,OBSERVED
2021-05-23,RED_SEA,17.0,66.0,18.0,4.548823907539061,False,NORMAL,OBSERVED
2021-05-24,RED_SEA,19.0,58.0,18.0,4.548823907539061,False,NORMAL,OBSERVED
2021-05-25,RED_SEA,16.0,52.0,18.0,4.157450124101493,False,NORMAL,OBSERVED
2021-05-26,RED_SEA,14.0,54.0,17.0,3.976784481816284,False,NORMAL,OBSERVED
2021-05-27,RED_SEA,13.0,57.0,16.5,4.066250303952221,False,NORMAL,OBSERVED
2021-05-28,RED_SEA,14.0,54.0,16.0,4.079890028604037,False,NORMAL,OBSERVED
2021-05-29,RED_SEA,16.0,55.0,16.0,4.064786190254879,False,NORMAL,OBSERVED
2021-05-30,RED_SEA,19.0,60.0,16.5,3.948075681556977,False,NORMAL,OBSERVED
2021-05-31,RED_SEA,14.0,51.0,16.0,3.894100815852251,False,NORMAL,OBSERVED
2021-06-01,RED_SEA,19.0,47.0,16.0,3.871446142992983,False,NORMAL,OBSERVED
2021-06-02,RED_SEA,23.0,64.0,16.5,3.9391871962621634,False,NORMAL,OBSERVED
2021-06-03,RED_SEA,16.0,59.0,16.0,3.885939924976852,False,NORMAL,OBSERVED
2021-06-04,RED_SEA,11.0,53.0,16.0,3.990067032097948,False,NORMAL,OBSERVED
2021-06-05,RED_SEA,19.0,62.0,16.0,4.004461797259938,False,NORMAL,OBSERVED
2021-06-06,RED_SEA,16.0,60.0,16.0,3.9659596542118254,False,NORMAL,OBSERVED
2021-06-07,RED_SEA,18.0,61.0,16.0,3.929773745792714,False,NORMAL,OBSERVED
2021-06-08,RED_SEA,16.0,52.0,16.0,3.4125507535423796,False,NORMAL,OBSERVED
2021-06-09,RED_SEA,14.0,40.0,16.0,3.378072773250404,False,NORMAL,OBSERVED
2021-06-10,RED_SEA,16.0,61.0,16.0,3.255235912581584,False,NORMAL,OBSERVED
2021-06-11,RED_SEA,20.0,57.0,16.0,3.0894940597084113,False,NORMAL,OBSERVED
2021-06-12,RED_SEA,18.0,57.0,16.0,3.095482285849912,False,NORMAL,OBSERVED
2021-06-13,RED_SEA,18.0,54.0,16.5,2.956474376811128,False,NORMAL,OBSERVED
2021-06-14,RED_SEA,13.0,54.0,16.5,2.8993248621161203,False,NORMAL,OBSERVED
2021-06-15,RED_SEA,17.0,61.0,16.5,2.8405603441544907,False,NORMAL,OBSERVED
2021-06-16,RED_SEA,22.0,67.0,16.5,2.8405603441544907,False,NORMAL,OBSERVED
2021-06-17,RED_SEA,10.0,41.0,16.0,3.060241716773267,False,NORMAL,OBSERVED
2021-06-18,RED_SEA,12.0,56.0,16.0,3.178965257095481,False,NORMAL,OBSERVED
2021-06-19,RED_SEA,20.0,67.0,16.0,3.178965257095481,False,NORMAL,OBSERVED
2021-06-20,RED_SEA,20.0,56.0,16.0,3.2487278747584925,False,NORMAL,OBSERVED
2021-06-21,RED_SEA,16.0,52.0,16.0,3.2137271707539767,False,NORMAL,OBSERVED
2021-06-22,RED_SEA,19.0,63.0,16.0,3.2487278747584925,False,NORMAL,OBSERVED
2021-06-23,RED_SEA,16.0,60.0,16.0,3.2126980205784355,False,NORMAL,OBSERVED
2021-06-24,RED_SEA,26.0,63.0,16.5,3.589372909520253,True,CONGESTION,OBSERVED
2021-06-25,RED_SEA,22.0,71.0,17.5,3.6536565724225283,False,NORMAL,OBSERVED
2021-06-26,RED_SEA,14.0,65.0,17.5,3.700421826376242,False,NORMAL,OBSERVED
2021-06-27,RED_SEA,17.0,53.0,17.0,3.6853779428995574,False,NORMAL,OBSERVED
2021-06-28,RED_SEA,12.0,60.0,17.0,3.7684291423692975,False,NORMAL,OBSERVED
2021-06-29,RED_SEA,16.0,62.0,16.5,3.7562998229359117,False,NORMAL,OBSERVED
2021-06-30,RED_SEA,18.0,59.0,16.5,3.5768213253740817,False,NORMAL,OBSERVED
2021-07-01,RED_SEA,19.0,51.0,17.0,3.595080412814598,False,NORMAL,OBSERVED
2021-07-02,RED_SEA,14.0,60.0,17.0,3.452627249014136,False,NORMAL,OBSERVED
2021-07-03,RED_SEA,22.0,69.0,17.0,3.559583531908602,False,NORMAL,OBSERVED
2021-07-04,RED_SEA,19.0,58.0,17.5,3.5679347990341306,False,NORMAL,OBSERVED
2021-07-05,RED_SEA,14.0,56.0,17.0,3.6180031909807777,False,NORMAL,OBSERVED
2021-07-06,RED_SEA,14.0,44.0,17.0,3.6608901106310747,False,NORMAL,OBSERVED
2021-07-07,RED_SEA,20.0,59.0,17.5,3.650034427611788,False,NORMAL,OBSERVED
2021-07-08,RED_SEA,16.0,62.0,17.5,3.650034427611788,False,NORMAL,OBSERVED
2021-07-09,RED_SEA,11.0,50.0,17.0,3.7955348313623287,False,NORMAL,OBSERVED
2021-07-10,RED_SEA,19.0,59.0,17.0,3.810317377662722,False,NORMAL,OBSERVED
2021-07-11,RED_SEA,12.0,55.0,16.5,3.919156587811767,False,NORMAL,OBSERVED
2021-07-12,RED_SEA,20.0,58.0,17.0,3.8918922642880798,False,NORMAL,OBSERVED
2021-07-13,RED_SEA,23.0,60.0,17.5,4.051748593714405,False,NORMAL,OBSERVED
2021-07-14,RED_SEA,13.0,48.0,16.5,4.017817460121496,False,NORMAL,OBSERVED
2021-07-15,RED_SEA,16.0,57.0,16.5,3.7880346288288265,False,NORMAL,OBSERVED
2021-07-16,RED_SEA,11.0,53.0,16.5,3.842638808927143,False,NORMAL,OBSERVED
2021-07-17,RED_SEA,13.0,53.0,16.0,3.8750320019159874,False,NORMAL,OBSERVED
2021-07-18,RED_SEA,16.0,62.0,16.0,3.8283266130366504,False,NORMAL,OBSERVED
2021-07-19,RED_SEA,16.0,55.0,16.0,3.8283266130366504,False,NORMAL,OBSERVED
2021-07-20,RED_SEA,18.0,62.0,16.0,3.810838066946271,False,NORMAL,OBSERVED
2021-07-21,RED_SEA,15.0,73.0,16.0,3.8221022498705643,False,NORMAL,OBSERVED
2021-07-22,RED_SEA,18.0,60.0,16.0,3.3688583153950513,False,NORMAL,OBSERVED
2021-07-23,RED_SEA,21.0,67.0,16.0,3.311635731316361,False,NORMAL,OBSERVED
2021-07-24,RED_SEA,13.0,46.0,16.0,3.342843576149385,False,NORMAL,OBSERVED
2021-07-25,RED_SEA,15.0,61.0,16.0,3.348378743756484,False,NORMAL,OBSERVED
2021-07-26,RED_SEA,24.0,73.0,16.0,3.5508401271340877,True,CONGESTION,OBSERVED
2021-07-27,RED_SEA,16.0,53.0,16.0,3.5508401271340877,False,NORMAL,OBSERVED
2021-07-28,RED_SEA,16.0,64.0,16.0,3.542635255041728,False,NORMAL,OBSERVED
2021-07-29,RED_SEA,14.0,57.0,16.0,3.541701680499195,False,NORMAL,OBSERVED
2021-07-30,RED_SEA,14.0,54.0,16.0,3.541701680499195,False,NORMAL,OBSERVED
2021-07-31,RED_SEA,19.0,58.0,16.0,3.408672412985392,False,NORMAL,OBSERVED
2021-08-01,RED_SEA,14.0,47.0,16.0,3.3921399966118435,False,NORMAL,OBSERVED
2021-08-02,RED_SEA,13.0,59.0,16.0,3.4202942414962987,False,NORMAL,OBSERVED
2021-08-03,RED_SEA,20.0,64.0,16.0,3.473253815011523,False,NORMAL,OBSERVED
2021-08-04,RED_SEA,15.0,57.0,16.0,3.4030409681177614,False,NORMAL,OBSERVED
2021-08-05,RED_SEA,21.0,46.0,16.0,3.526168236749697,False,NORMAL,OBSERVED
2021-08-06,RED_SEA,20.0,64.0,16.0,3.4355363559290235,False,NORMAL,OBSERVED
2021-08-07,RED_SEA,18.0,53.0,16.0,3.4148756436180343,False,NORMAL,OBSERVED
2021-08-08,RED_SEA,15.0,49.0,16.0,3.311635731316359,False,NORMAL,OBSERVED
2021-08-09,RED_SEA,15.0,69.0,16.0,3.2603112780269394,False,NORMAL,OBSERVED
2021-08-10,RED_SEA,14.0,51.0,15.5,3.031361647701157,False,NORMAL,OBSERVED
2021-08-11,RED_SEA,14.0,58.0,15.5,2.998235812843617,False,NORMAL,OBSERVED
2021-08-12,RED_SEA,24.0,70.0,15.5,3.338884266959275,True,CONGESTION,OBSERVED
2021-08-13,RED_SEA,24.0,73.0,16.0,3.4478349927985454,True,CONGESTION,OBSERVED
2021-08-14,RED_SEA,21.0,60.0,16.0,3.4386151389875064,False,NORMAL,OBSERVED
2021-08-15,RED_SEA,20.0,74.0,16.0,3.467727249241535,False,NORMAL,OBSERVED
2021-08-16,RED_SEA,22.0,54.0,17.0,3.5625551142121186,False,NORMAL,OBSERVED
2021-08-17,RED_SEA,15.0,54.0,16.0,3.5952643749696502,False,NORMAL,OBSERVED
2021-08-18,RED_SEA,16.0,64.0,16.0,3.5744167393373436,False,NORMAL,OBSERVED
2021-08-19,RED_SEA,11.0,62.0,16.0,3.7796447300922713,False,NORMAL,OBSERVED
2021-08-20,RED_SEA,13.0,57.0,15.5,3.7908271353848852,False,NORMAL,OBSERVED
2021-08-21,RED_SEA,26.0,76.0,16.0,4.068689322648362,True,CONGESTION,OBSERVED
2021-08-22,RED_SEA,16.0,69.0,16.0,4.050605807457372,False,NORMAL,OBSERVED
2021-08-23,RED_SEA,15.0,49.0,16.0,3.868711829140446,False,NORMAL,OBSERVED
2021-08-24,RED_SEA,17.0,57.0,16.0,3.8620388288239553,False,NORMAL,OBSERVED
2021-08-25,RED_SEA,15.0,54.0,15.5,3.8782734935800085,False,NORMAL,OBSERVED
2021-08-26,RED_SEA,12.0,53.0,15.5,3.9566099005034476,False,NORMAL,OBSERVED
2021-08-27,RED_SEA,20.0,70.0,16.0,3.9445562246625157,False,NORMAL,OBSERVED
2021-08-28,RED_SEA,13.0,59.0,15.5,4.012381630553897,False,NORMAL,OBSERVED
2021-08-29,RED_SEA,13.0,53.0,15.5,4.045377530599507,False,NORMAL,OBSERVED
2021-08-30,RED_SEA,20.0,57.0,16.0,4.000496000993907,False,NORMAL,OBSERVED
2021-08-31,RED_SEA,11.0,63.0,15.5,4.136557881996953,False,NORMAL,OBSERVED
2021-09-01,RED_SEA,18.0,62.0,16.0,4.121661708352013,False,NORMAL,OBSERVED
2021-09-02,RED_SEA,23.0,61.0,16.0,4.208048473778784,False,NORMAL,OBSERVED
2021-09-03,RED_SEA,17.0,64.0,16.0,4.171584399495759,False,NORMAL,OBSERVED
2021-09-04,RED_SEA,29.0,61.0,16.0,4.7413245754914,True,CONGESTION,OBSERVED
2021-09-05,RED_SEA,20.0,50.0,16.5,4.7392317373512585,False,NORMAL,OBSERVED
2021-09-06,RED_SEA,17.0,60.0,17.0,4.71292268254426,False,NORMAL,OBSERVED
2021-09-07,RED_SEA,25.0,72.0,17.0,4.848361966336023,False,NORMAL,OBSERVED
2021-09-08,RED_SEA,15.0,55.0,17.0,4.820590756130952,False,NORMAL,OBSERVED
2021-09-09,RED_SEA,16.0,55.0,17.0,4.696052603294602,False,NORMAL,OBSERVED
2021-09-10,RED_SEA,19.0,74.0,17.0,4.546496994460117,False,NORMAL,OBSERVED
2021-09-11,RED_SEA,19.0,59.0,17.0,4.50792952156847,False,NORMAL,OBSERVED
2021-09-12,RED_SEA,15.0,55.0,16.5,4.508663031103821,False,NORMAL,OBSERVED
2021-09-13,RED_SEA,23.0,70.0,16.5,4.54998691782525,False,NORMAL,OBSERVED
2021-09-14,RED_SEA,14.0,54.0,16.5,4.573908057737375,False,NORMAL,OBSERVED
2021-09-15,RED_SEA,18.0,48.0,17.0,4.566382797341,False,NORMAL,OBSERVED
2021-09-16,RED_SEA,11.0,50.0,17.0,4.566382797341,False,NORMAL,OBSERVED
2021-09-17,RED_SEA,15.0,64.0,17.0,4.50866303110382,False,NORMAL,OBSERVED
2021-09-18,RED_SEA,17.0,55.0,17.0,4.195456095807919,False,NORMAL,OBSERVED
2021-09-19,RED_SEA,14.0,48.0,17.0,4.234370576590358,False,NORMAL,OBSERVED
2021-09-20,RED_SEA,23.0,67.0,17.0,4.350241737490359,False,NORMAL,OBSERVED
2021-09-21,RED_SEA,14.0,58.0,17.0,4.398773277768055,False,NORMAL,OBSERVED
2021-09-22,RED_SEA,26.0,69.0,17.0,4.6636895265444025,False,NORMAL,OBSERVED
2021-09-23,RED_SEA,21.0,77.0,17.5,4.561745697594699,False,NORMAL,OBSERVED
2021-09-24,RED_SEA,25.0,80.0,17.5,4.734624237113922,False,NORMAL,OBSERVED
2021-09-25,RED_SEA,25.0,68.0,18.0,4.784648068861182,False,NORMAL,OBSERVED
2021-09-26,RED_SEA,16.0,53.0,18.0,4.685336802448768,False,NORMAL,OBSERVED
2021-09-27,RED_SEA,14.0,62.0,17.5,4.764285119345042,False,NORMAL,OBSERVED
2021-09-28,RED_SEA,16.0,65.0,17.5,4.559280320076507,False,NORMAL,OBSERVED
2021-09-29,RED_SEA,17.0,54.0,17.0,4.569278594954216,False,NORMAL,OBSERVED
2021-09-30,RED_SEA,17.0,56.0,17.0,4.501028689006455,False,NORMAL,OBSERVED
2021-10-01,RED_SEA,21.0,52.0,17.0,4.515112776691551,False,NORMAL,OBSERVED
2021-10-02,RED_SEA,23.0,60.0,17.0,4.131438377706121,False,NORMAL,OBSERVED
2021-10-03,RED_SEA,14.0,62.0,17.0,4.201914403707503,False,NORMAL,OBSERVED
2021-10-04,RED_SEA,31.0,74.0,17.0,4.837026503630644,True,CONGESTION,OBSERVED
2021-10-05,RED_SEA,17.0,56.0,17.0,4.685901402896978,False,NORMAL,OBSERVED
2021-10-06,RED_SEA,12.0,53.0,17.0,4.800104716670795,False,NORMAL,OBSERVED
2021-10-07,RED_SEA,17.0,53.0,17.0,4.785891965429414,False,NORMAL,OBSERVED
2021-10-08,RED_SEA,13.0,68.0,17.0,4.8892496259407565,False,NORMAL,OBSERVED
2021-10-09,RED_SEA,20.0,64.0,17.0,4.899384477050988,False,NORMAL,OBSERVED
2021-10-10,RED_SEA,19.0,65.0,17.0,4.86143989817809,False,NORMAL,OBSERVED
2021-10-11,RED_SEA,11.0,33.0,17.0,4.961625224432495,False,NORMAL,OBSERVED
2021-10-12,RED_SEA,21.0,70.0,17.0,4.934491498544331,False,NORMAL,OBSERVED
2021-10-13,RED_SEA,22.0,63.0,17.0,4.987815842461186,False,NORMAL,OBSERVED
2021-10-14,RED_SEA,12.0,60.0,17.0,4.93703743396164,False,NORMAL,OBSERVED
2021-10-15,RED_SEA,20.0,63.0,17.0,4.902758105091147,False,NORMAL,OBSERVED
2021-10-16,RED_SEA,16.0,52.0,17.0,4.917709063564287,False,NORMAL,OBSERVED
2021-10-17,RED_SEA,16.0,60.0,17.0,4.864703887734978,False,NORMAL,OBSERVED
2021-10-18,RED_SEA,12.0,37.0,17.0,4.934491498544331,False,NORMAL,OBSERVED
2021-10-19,RED_SEA,22.0,60.0,17.0,4.917305581301012,False,NORMAL,OBSERVED
2021-10-20,RED_SEA,14.0,54.0,17.0,4.753166585823868,False,NORMAL,OBSERVED
2021-10-21,RED_SEA,17.0,66.0,17.0,4.71965383001044,False,NORMAL,OBSERVED
2021-10-22,RED_SEA,17.0,63.0,17.0,4.50866303110382,False,NORMAL,OBSERVED
2021-10-23,RED_SEA,18.0,58.0,17.0,4.269214269182381,False,NORMAL,OBSERVED
2021-10-24,RED_SEA,17.0,57.0,17.0,4.261926930863684,False,NORMAL,OBSERVED
2021-10-25,RED_SEA,18.0,72.0,17.0,4.211975871338855,False,NORMAL,OBSERVED
2021-10-26,RED_SEA,17.0,56.0,17.0,4.203016049855613,False,NORMAL,OBSERVED
2021-10-27,RED_SEA,12.0,47.0,17.0,4.330890642421456,False,NORMAL,OBSERVED
2021-10-28,RED_SEA,22.0,63.0,17.0,4.4178270413400895,False,NORMAL,OBSERVED
2021-10-29,RED_SEA,20.0,60.0,17.0,4.392754977949061,False,NORMAL,OBSERVED
2021-10-30,RED_SEA,15.0,62.0,17.0,4.280508301913606,False,NORMAL,OBSERVED
2021-10-31,RED_SEA,20.0,52.0,17.0,4.263788711919735,False,NORMAL,OBSERVED
2021-11-01,RED_SEA,23.0,67.0,17.0,3.524667420237038,False,NORMAL,OBSERVED
2021-11-02,RED_SEA,17.0,65.0,17.0,3.524667420237038,False,NORMAL,OBSERVED
2021-11-03,RED_SEA,26.0,65.0,17.0,3.7536578280321504,True,CONGESTION,OBSERVED
2021-11-04,RED_SEA,16.0,63.0,17.0,3.76474174722256,False,NORMAL,OBSERVED
2021-11-05,RED_SEA,20.0,68.0,17.5,3.678911732345785,False,NORMAL,OBSERVED
2021-11-06,RED_SEA,20.0,65.0,17.5,3.678911732345785,False,NORMAL,OBSERVED
2021-11-07,RED_SEA,17.0,53.0,17.0,3.6753144774204625,False,NORMAL,OBSERVED
2021-11-08,RED_SEA,17.0,46.0,17.0,3.4318767136623216,False,NORMAL,OBSERVED
2021-11-09,RED_SEA,19.0,59.0,17.0,3.387652649872829,False,NORMAL,OBSERVED
2021-11-10,RED_SEA,21.0,61.0,17.0,3.3481812167679017,False,NORMAL,OBSERVED
2021-11-11,RED_SEA,21.0,49.0,17.5,3.189765379240779,False,NORMAL,OBSERVED
2021-11-12,RED_SEA,15.0,59.0,17.0,3.225846347252852,False,NORMAL,OBSERVED
2021-11-13,RED_SEA,21.0,61.0,17.5,3.2473025028434668,False,NORMAL,OBSERVED
2021-11-14,RED_SEA,16.0,53.0,17.5,3.2473025028434668,False,NORMAL,OBSERVED
2021-11-15,RED_SEA,20.0,61.0,18.0,3.024590575292468,False,NORMAL,OBSERVED
2021-11-16,RED_SEA,14.0,50.0,17.5,3.0593771195765087,False,NORMAL,OBSERVED
2021-11-17,RED_SEA,19.0,56.0,18.0,2.948185703411307,False,NORMAL,OBSERVED
2021-11-18,RED_SEA,17.0,64.0,18.0,2.948185703411307,False,NORMAL,OBSERVED
2021-11-19,RED_SEA,27.0,76.0,18.5,3.3513402515234607,True,CONGESTION,OBSERVED
2021-11-20,RED_SEA,21.0,70.0,19.0,3.3743508095992674,False,NORMAL,OBSERVED
2021-11-21,RED_SEA,14.0,66.0,19.0,3.4814322297540454,False,NORMAL,OBSERVED
2021-11-22,RED_SEA,18.0,76.0,19.0,3.4814322297540454,False,NORMAL,OBSERVED
2021-11-23,RED_SEA,12.0,64.0,19.0,3.6961298220402825,False,NORMAL,OBSERVED
2021-11-24,RED_SEA,20.0,65.0,19.5,3.4717301238589813,False,NORMAL,OBSERVED
2021-11-25,RED_SEA,16.0,56.0,19.0,3.455690805294768,False,NORMAL,OBSERVED
2021-11-26,RED_SEA,18.0,58.0,18.5,3.447259474364782,False,NORMAL,OBSERVED
2021-11-27,RED_SEA,17.0,60.0,18.5,3.390774911042365,False,NORMAL,OBSERVED
2021-11-28,RED_SEA,22.0,65.0,18.5,3.441114621931344,False,NORMAL,OBSERVED
2021-11-29,RED_SEA,19.0,63.0,18.5,3.338091841585101,False,NORMAL,OBSERVED
2021-11-30,RED_SEA,19.0,55.0,19.0,3.32459171221218,False,NORMAL,OBSERVED
2021-12-01,RED_SEA,14.0,56.0,18.5,3.107424119119332,False,NORMAL,OBSERVED
2021-12-02,RED_SEA,13.0,55.0,18.5,3.235672529718765,False,NORMAL,OBSERVED
2021-12-03,RED_SEA,17.0,73.0,18.0,3.2203059435976407,False,NORMAL,OBSERVED
2021-12-04,RED_SEA,25.0,72.0,18.0,3.464674335917903,True,CONGESTION,OBSERVED
2021-12-05,RED_SEA,12.0,49.0,18.0,3.6514837167010965,False,NORMAL,OBSERVED
2021-12-06,RED_SEA,22.0,63.0,18.5,3.722340675679755,False,NORMAL,OBSERVED
2021-12-07,RED_SEA,18.0,65.0,18.0,3.7189632736406177,False,NORMAL,OBSERVED
2021-12-08,RED_SEA,17.0,48.0,18.0,3.6817870057290762,False,NORMAL,OBSERVED
2021-12-09,RED_SEA,20.0,63.0,18.0,3.656370826249376,False,NORMAL,OBSERVED
2021-12-10,RED_SEA,12.0,60.0,18.0,3.788034628828818,False,NORMAL,OBSERVED
2021-12-11,RED_SEA,20.0,54.0,18.0,3.761929877352359,False,NORMAL,OBSERVED
2021-12-12,RED_SEA,18.0,57.0,18.0,3.74501432242017,False,NORMAL,OBSERVED
2021-12-13,RED_SEA,17.0,59.0,18.0,3.725359966272631,False,NORMAL,OBSERVED
2021-12-14,RED_SEA,20.0,62.0,18.0,3.671713698190724,False,NORMAL,OBSERVED
2021-12-15,RED_SEA,16.0,61.0,18.0,3.6851984791443404,False,NORMAL,OBSERVED
2021-12-16,RED_SEA,12.0,60.0,18.0,3.8476269055396664,False,NORMAL,OBSERVED
2021-12-17,RED_SEA,13.0,44.0,17.5,3.4892124003280682,False,NORMAL,OBSERVED
2021-12-18,RED_SEA,16.0,68.0,17.0,3.4154566188642943,False,NORMAL,OBSERVED
2021-12-19,RED_SEA,22.0,61.0,17.5,3.4859885831878996,False,NORMAL,OBSERVED
2021-12-20,RED_SEA,16.0,66.0,17.0,3.4920544732928245,False,NORMAL,OBSERVED
2021-12-21,RED_SEA,14.0,62.0,17.0,3.3999299712676123,False,NORMAL,OBSERVED
2021-12-22,RED_SEA,18.0,66.0,17.0,3.3623735003053334,False,NORMAL,OBSERVED
2021-12-23,RED_SEA,17.0,57.0,17.0,3.3539047763282177,False,NORMAL,OBSERVED
2021-12-24,RED_SEA,17.0,59.0,17.0,3.3513402515234803,False,NORMAL,OBSERVED
2021-12-25,RED_SEA,12.0,67.0,17.0,3.495272695646394,False,NORMAL,OBSERVED
2021-12-26,RED_SEA,10.0,58.0,17.0,3.602615158303202,False,NORMAL,OBSERVED
2021-12-27,RED_SEA,21.0,63.0,17.0,3.6702723973704585,False,NORMAL,OBSERVED
2021-12-28,RED_SEA,14.0,44.0,17.0,3.6765739170042266,False,NORMAL,OBSERVED
2021-12-29,RED_SEA,24.0,69.0,17.0,3.9000406998283323,False,NORMAL,OBSERVED
2021-12-30,RED_SEA,15.0,55.0,17.0,3.844015482077957,False,NORMAL,OBSERVED
2021-12-31,RED_SEA,18.0,65.0,17.0,3.849001794597505,False,NORMAL,OBSERVED
2022-01-01,RED_SEA,14.0,58.0,17.0,3.5521437003202583,False,NORMAL,OBSERVED
2022-01-02,RED_SEA,23.0,66.0,17.0,3.631141030748487,False,NORMAL,OBSERVED
2022-01-03,RED_SEA,24.0,62.0,17.0,3.750837648950306,False,NORMAL,OBSERVED
2022-01-04,RED_SEA,13.0,54.0,17.0,3.8233133363255583,False,NORMAL,OBSERVED
2022-01-05,RED_SEA,20.0,62.0,17.0,3.8681989301176016,False,NORMAL,OBSERVED
2022-01-06,RED_SEA,20.0,72.0,17.0,3.8681989301176016,False,NORMAL,OBSERVED
2022-01-07,RED_SEA,18.0,72.0,17.0,3.7451909198938047,False,NORMAL,OBSERVED
2022-01-08,RED_SEA,10.0,47.0,17.0,3.9413692461366194,False,NORMAL,OBSERVED
2022-01-09,RED_SEA,14.0,65.0,16.5,3.970792838614952,False,NORMAL,OBSERVED
2022-01-10,RED_SEA,23.0,65.0,16.5,4.144863590022497,False,NORMAL,OBSERVED
2022-01-11,RED_SEA,15.0,54.0,16.0,4.1152381687072745,False,NORMAL,OBSERVED
2022-01-12,RED_SEA,21.0,67.0,16.5,4.189303587741589,False,NORMAL,OBSERVED
2022-01-13,RED_SEA,19.0,55.0,17.0,4.092029935705379,False,NORMAL,OBSERVED
2022-01-14,RED_SEA,19.0,47.0,17.5,4.021601723602224,False,NORMAL,OBSERVED
2022-01-15,RED_SEA,20.0,71.0,18.0,4.041288232978506,False,NORMAL,OBSERVED
2022-01-16,RED_SEA,14.0,64.0,17.5,3.9965262694272625,False,NORMAL,OBSERVED
2022-01-17,RED_SEA,22.0,58.0,18.0,4.086854652710431,False,NORMAL,OBSERVED
2022-01-18,RED_SEA,15.0,63.0,18.0,4.059739090321129,False,NORMAL,OBSERVED
2022-01-19,RED_SEA,19.0,66.0,18.0,4.068689322648357,False,NORMAL,OBSERVED
2022-01-20,RED_SEA,20.0,59.0,18.5,4.093484305162741,False,NORMAL,OBSERVED
2022-01-21,RED_SEA,17.0,62.0,18.5,4.093484305162741,False,NORMAL,OBSERVED
2022-01-22,RED_SEA,13.0,54.0,18.5,4.046521793384851,False,NORMAL,OBSERVED
2022-01-23,RED_SEA,16.0,60.0,18.5,3.7745667959852565,False,NORMAL,OBSERVED
2022-01-24,RED_SEA,15.0,50.0,18.0,3.761929877352358,False,NORMAL,OBSERVED
2022-01-25,RED_SEA,15.0,54.0,18.0,3.7303275882077487,False,NORMAL,OBSERVED
2022-01-26,RED_SEA,14.0,53.0,17.5,3.5819949512370606,False,NORMAL,OBSERVED
2022-01-27,RED_SEA,10.0,59.0,17.5,3.8205445746072413,False,NORMAL,OBSERVED
2022-01-28,RED_SEA,18.0,72.0,17.5,3.8205445746072413,False,NORMAL,OBSERVED
2022-01-29,RED_SEA,20.0,65.0,18.0,3.8038896828873305,False,NORMAL,OBSERVED
2022-01-30,RED_SEA,17.0,68.0,17.5,3.6418714300792514,False,NORMAL,OBSERVED
2022-01-31,RED_SEA,15.0,57.0,17.0,3.407119840637488,False,NORMAL,OBSERVED
2022-02-01,RED_SEA,18.0,57.0,17.5,3.3275743902655757,False,NORMAL,OBSERVED
2022-02-02,RED_SEA,16.0,56.0,17.0,3.2811389814930156,False,NORMAL,OBSERVED
2022-02-03,RED_SEA,17.0,69.0,17.0,3.2244108604248027,False,NORMAL,OBSERVED
2022-02-04,RED_SEA,19.0,74.0,17.0,3.2438382777948083,False,NORMAL,OBSERVED
2022-02-05,RED_SEA,22.0,63.0,17.0,3.098685503863183,False,NORMAL,OBSERVED
2022-02-06,RED_SEA,15.0,63.0,17.0,3.065424178939249,False,NORMAL,OBSERVED
2022-02-07,RED_SEA,18.0,52.0,17.0,2.8588949654159057,False,NORMAL,OBSERVED
2022-02-08,RED_SEA,23.0,75.0,17.5,3.0348504840135737,False,NORMAL,OBSERVED
2022-02-09,RED_SEA,20.0,65.0,17.5,2.996470587013319,False,NORMAL,OBSERVED
2022-02-10,RED_SEA,15.0,68.0,17.0,3.0105634129664236,False,NORMAL,OBSERVED
2022-02-11,RED_SEA,21.0,71.0,17.0,3.0774826516000773,False,NORMAL,OBSERVED
2022-02-12,RED_SEA,18.0,63.0,17.0,3.0350684031237565,False,NORMAL,OBSERVED
2022-02-13,RED_SEA,21.0,81.0,17.5,3.0487659052432177,False,NORMAL,OBSERVED
2022-02-14,RED_SEA,15.0,56.0,17.0,2.948410027984858,False,NORMAL,OBSERVED
2022-02-15,RED_SEA,14.0,48.0,17.0,2.9820893921640113,False,NORMAL,OBSERVED
2022-02-16,RED_SEA,24.0,58.0,17.0,3.2342414041498855,True,CONGESTION,OBSERVED
2022-02-17,RED_SEA,13.0,62.0,17.0,3.2924074914790054,False,NORMAL,OBSERVED
2022-02-18,RED_SEA,13.0,65.0,16.5,3.3827683475404715,False,NORMAL,OBSERVED
2022-02-19,RED_SEA,17.0,48.0,17.0,3.2924074914790054,False,NORMAL,OBSERVED
2022-02-20,RED_SEA,15.0,54.0,17.0,3.3102374473248815,False,NORMAL,OBSERVED
2022-02-21,RED_SEA,24.0,65.0,17.0,3.531228783239154,False,NORMAL,OBSERVED
2022-02-22,RED_SEA,18.0,75.0,17.5,3.501322501464155,False,NORMAL,OBSERVED
2022-02-23,RED_SEA,12.0,51.0,17.5,3.5945284698601117,False,NORMAL,OBSERVED
2022-02-24,RED_SEA,20.0,65.0,18.0,3.3150291083816916,False,NORMAL,OBSERVED
2022-02-25,RED_SEA,21.0,72.0,18.0,3.3702322781175664,False,NORMAL,OBSERVED
2022-02-26,RED_SEA,18.0,68.0,18.0,3.3450191986225373,False,NORMAL,OBSERVED
2022-02-27,RED_SEA,13.0,53.0,18.0,3.464674335917907,False,NORMAL,OBSERVED
2022-02-28,RED_SEA,14.0,59.0,18.0,3.498298906339362,False,NORMAL,OBSERVED
2022-03-01,RED_SEA,15.0,49.0,17.5,3.532726812273867,False,NORMAL,OBSERVED
2022-03-02,RED_SEA,25.0,74.0,18.0,3.7880346288288167,False,NORMAL,OBSERVED
2022-03-03,RED_SEA,12.0,56.0,18.0,3.944556224662509,False,NORMAL,OBSERVED
2022-03-04,RED_SEA,13.0,55.0,17.5,4.032113156638398,False,NORMAL,OBSERVED
2022-03-05,RED_SEA,16.0,59.0,16.5,3.9405301391789593,False,NORMAL,OBSERVED
2022-03-06,RED_SEA,18.0,55.0,17.5,3.9178063184907845,False,NORMAL,OBSERVED
2022-03-07,RED_SEA,18.0,59.0,17.5,3.9178063184907845,False,NORMAL,OBSERVED
2022-03-08,RED_SEA,15.0,48.0,16.5,3.7803445995048226,False,NORMAL,OBSERVED
2022-03-09,RED_SEA,17.0,63.0,16.5,3.7365278282973096,False,NORMAL,OBSERVED
2022-03-10,RED_SEA,17.0,63.0,17.0,3.7166506512573996,False,NORMAL,OBSERVED
2022-03-11,RED_SEA,23.0,73.0,17.0,3.813613875794294,False,NORMAL,OBSERVED
2022-03-12,RED_SEA,18.0,65.0,17.0,3.813613875794294,False,NORMAL,OBSERVED
2022-03-13,RED_SEA,17.0,62.0,17.0,3.736527828297309,False,NORMAL,OBSERVED
2022-03-14,RED_SEA,17.0,63.0,17.0,3.7166506512573996,False,NORMAL,OBSERVED
2022-03-15,RED_SEA,19.0,60.0,17.0,3.6853779428995552,False,NORMAL,OBSERVED
2022-03-16,RED_SEA,26.0,68.0,17.0,3.8379888913542595,True,CONGESTION,OBSERVED
2022-03-17,RED_SEA,22.0,75.0,17.0,3.842638808927136,False,NORMAL,OBSERVED
2022-03-18,RED_SEA,17.0,56.0,17.0,3.737943582000958,False,NORMAL,OBSERVED
2022-03-19,RED_SEA,24.0,63.0,17.5,3.9157800414902324,False,NORMAL,OBSERVED
2022-03-20,RED_SEA,17.0,58.0,17.5,3.8770795751113925,False,NORMAL,OBSERVED
2022-03-21,RED_SEA,25.0,67.0,17.5,3.937843795354719,False,NORMAL,OBSERVED
2022-03-22,RED_SEA,14.0,57.0,17.0,4.013700083437759,False,NORMAL,OBSERVED
2022-03-23,RED_SEA,18.0,66.0,17.5,3.8398839819334247,False,NORMAL,OBSERVED
2022-03-24,RED_SEA,17.0,60.0,17.0,3.8290175843648937,False,NORMAL,OBSERVED
2022-03-25,RED_SEA,13.0,52.0,17.0,3.9002102778747894,False,NORMAL,OBSERVED
2022-03-26,RED_SEA,17.0,52.0,17.0,3.9027530643740977,False,NORMAL,OBSERVED
2022-03-27,RED_SEA,18.0,58.0,17.0,3.7901292016340657,False,NORMAL,OBSERVED
2022-03-28,RED_SEA,23.0,80.0,17.0,3.8260800944163176,False,NORMAL,OBSERVED
2022-03-29,RED_SEA,14.0,58.0,17.0,3.8620388288239424,False,NORMAL,OBSERVED
2022-03-30,RED_SEA,23.0,63.0,17.0,3.7487211223175767,False,NORMAL,OBSERVED
2022-03-31,RED_SEA,16.0,68.0,17.0,3.5783002674779394,False,NORMAL,OBSERVED
2022-04-01,RED_SEA,22.0,72.0,17.5,3.4890228464829938,False,NORMAL,OBSERVED
2022-04-02,RED_SEA,28.0,66.0,18.0,3.8728125759810648,True,CONGESTION,OBSERVED
2022-04-03,RED_SEA,16.0,54.0,17.5,3.9108788711712092,False,NORMAL,OBSERVED
2022-04-04,RED_SEA,16.0,56.0,17.0,3.9472380002588747,False,NORMAL,OBSERVED
2022-04-05,RED_SEA,26.0,70.0,17.5,4.090251670760439,True,CONGESTION,OBSERVED
2022-04-06,RED_SEA,24.0,68.0,18.0,4.1587225857194845,False,NORMAL,OBSERVED
2022-04-07,RED_SEA,21.0,68.0,18.0,4.137037510716958,False,NORMAL,OBSERVED
2022-04-08,RED_SEA,11.0,56.0,18.0,4.393808775488003,False,NORMAL,OBSERVED
2022-04-09,RED_SEA,28.0,64.0,18.0,4.6851956417056915,True,CONGESTION,OBSERVED
2022-04-10,RED_SEA,22.0,82.0,18.5,4.677425240269124,False,NORMAL,OBSERVED
2022-04-11,RED_SEA,24.0,64.0,20.0,4.7099747805972605,False,NORMAL,OBSERVED
2022-04-12,RED_SEA,22.0,56.0,21.5,4.719653830010422,False,NORMAL,OBSERVED
2022-04-13,RED_SEA,21.0,66.0,21.0,4.58243136868159,False,NORMAL,OBSERVED
2022-04-14,RED_SEA,18.0,61.0,19.5,4.5789661733770215,False,NORMAL,OBSERVED
2022-04-15,RED_SEA,22.0,61.0,21.0,4.5623255928106,False,NORMAL,OBSERVED
2022-04-16,RED_SEA,21.0,69.0,21.0,4.499706045660569,False,NORMAL,OBSERVED
2022-04-17,RED_SEA,26.0,68.0,21.0,4.605609646033843,False,NORMAL,OBSERVED
2022-04-18,RED_SEA,17.0,63.0,21.0,4.545478595414948,False,NORMAL,OBSERVED
2022-04-19,RED_SEA,22.0,67.0,21.0,4.408385467930657,False,NORMAL,OBSERVED
2022-04-20,RED_SEA,17.0,61.0,21.0,4.430981593687527,False,NORMAL,OBSERVED
2022-04-21,RED_SEA,22.0,71.0,21.5,4.398773277768031,False,NORMAL,OBSERVED
2022-04-22,RED_SEA,28.0,65.0,22.0,4.382957615619525,False,NORMAL,OBSERVED
2022-04-23,RED_SEA,19.0,47.0,22.0,4.333180705492763,False,NORMAL,OBSERVED
2022-04-24,RED_SEA,16.0,63.0,22.0,4.399825633870659,False,NORMAL,OBSERVED
2022-04-25,RED_SEA,27.0,69.0,22.0,4.533677624647845,False,NORMAL,OBSERVED
2022-04-26,RED_SEA,17.0,59.0,22.0,4.394561333303819,False,NORMAL,OBSERVED
2022-04-27,RED_SEA,21.0,68.0,21.5,4.379485606768665,False,NORMAL,OBSERVED
2022-04-28,RED_SEA,23.0,59.0,22.0,4.277880848067681,False,NORMAL,OBSERVED
2022-04-29,RED_SEA,16.0,67.0,21.5,4.3913997238228335,False,NORMAL,OBSERVED
2022-04-30,RED_SEA,20.0,65.0,21.0,4.18156068178491,False,NORMAL,OBSERVED
2022-05-01,RED_SEA,26.0,72.0,21.5,4.181560681784907,False,NORMAL,OBSERVED
2022-05-02,RED_SEA,25.0,60.0,22.0,4.1141130181274335,False,NORMAL,OBSERVED
2022-05-03,RED_SEA,23.0,71.0,22.0,4.030800726574585,False,NORMAL,OBSERVED
2022-05-04,RED_SEA,17.0,56.0,21.5,4.0798900286040025,False,NORMAL,OBSERVED
2022-05-05,RED_SEA,23.0,71.0,22.0,4.09477664435992,False,NORMAL,OBSERVED
2022-05-06,RED_SEA,20.0,63.0,22.0,3.5847634650739217,False,NORMAL,OBSERVED
2022-05-07,RED_SEA,23.0,66.0,22.0,3.3688583153950025,False,NORMAL,OBSERVED
2022-05-08,RED_SEA,22.0,71.0,22.0,3.3688583153950025,False,NORMAL,OBSERVED
2022-05-09,RED_SEA,16.0,59.0,21.5,3.4740154099806166,False,NORMAL,OBSERVED
2022-05-10,RED_SEA,16.0,58.0,21.0,3.5974711870699783,False,NORMAL,OBSERVED
2022-05-11,RED_SEA,21.0,71.0,21.0,3.5974711870699783,False,NORMAL,OBSERVED
2022-05-12,RED_SEA,26.0,76.0,21.5,3.678911732345756,False,NORMAL,OBSERVED
2022-05-13,RED_SEA,19.0,61.0,21.0,3.6966665951020845,False,NORMAL,OBSERVED
2022-05-14,RED_SEA,14.0,55.0,21.0,3.9285954785218307,False,NORMAL,OBSERVED
2022-05-15,RED_SEA,19.0,55.0,20.5,3.8052803747107107,False,NORMAL,OBSERVED
2022-05-16,RED_SEA,17.0,56.0,20.5,3.8052803747107107,False,NORMAL,OBSERVED
2022-05-17,RED_SEA,20.0,58.0,20.0,3.7955348313622967,False,NORMAL,OBSERVED
2022-05-18,RED_SEA,13.0,60.0,20.0,4.00049600099388,False,NORMAL,OBSERVED
2022-05-19,RED_SEA,19.0,61.0,20.0,3.994043183589873,False,NORMAL,OBSERVED
2022-05-20,RED_SEA,21.0,65.0,20.0,3.696666595102094,False,NORMAL,OBSERVED
2022-05-21,RED_SEA,23.0,63.0,20.0,3.735111537967505,False,NORMAL,OBSERVED
2022-05-22,RED_SEA,33.0,73.0,20.5,4.370415209168214,True,CONGESTION,OBSERVED
2022-05-23,RED_SEA,25.0,75.0,20.5,4.2792720540027664,False,NORMAL,OBSERVED
2022-05-24,RED_SEA,19.0,62.0,20.5,4.232652113668646,False,NORMAL,OBSERVED
2022-05-25,RED_SEA,22.0,60.0,20.5,4.239365780658938,False,NORMAL,OBSERVED
2022-05-26,RED_SEA,19.0,61.0,20.0,4.228118272586976,False,NORMAL,OBSERVED
2022-05-27,RED_SEA,23.0,75.0,20.5,4.1518785191880285,False,NORMAL,OBSERVED
2022-05-28,RED_SEA,24.0,68.0,21.0,4.189935029992146,False,NORMAL,OBSERVED
2022-05-29,RED_SEA,18.0,52.0,20.5,4.108321661981523,False,NORMAL,OBSERVED
2022-05-30,RED_SEA,24.0,60.0,20.5,4.073887682123869,False,NORMAL,OBSERVED
2022-05-31,RED_SEA,23.0,69.0,20.5,4.073887682123869,False,NORMAL,OBSERVED
2022-06-01,RED_SEA,21.0,60.0,21.0,4.009743424215827,False,NORMAL,OBSERVED
2022-06-02,RED_SEA,27.0,69.0,21.0,4.158722585719475,False,NORMAL,OBSERVED
2022-06-03,RED_SEA,29.0,67.0,21.0,4.420969751646493,False,NORMAL,OBSERVED
2022-06-04,RED_SEA,29.0,69.0,21.0,4.646783036961408,False,NORMAL,OBSERVED
2022-06-05,RED_SEA,18.0,57.0,21.0,4.692107523903594,False,NORMAL,OBSERVED
2022-06-06,RED_SEA,23.0,71.0,21.0,4.581276594803563,False,NORMAL,OBSERVED
2022-06-07,RED_SEA,22.0,59.0,21.5,4.447667482146761,False,NORMAL,OBSERVED
2022-06-08,RED_SEA,26.0,73.0,22.0,4.5133546692421636,False,NORMAL,OBSERVED
2022-06-09,RED_SEA,21.0,70.0,21.5,4.447667482146761,False,NORMAL,OBSERVED
2022-06-10,RED_SEA,15.0,62.0,21.5,4.603167761352298,False,NORMAL,OBSERVED
2022-06-11,RED_SEA,17.0,52.0,21.5,4.450194692845751,False,NORMAL,OBSERVED
2022-06-12,RED_SEA,22.0,69.0,22.0,4.416629230149779,False,NORMAL,OBSERVED
2022-06-13,RED_SEA,19.0,64.0,22.0,4.350241737490325,False,NORMAL,OBSERVED
2022-06-14,RED_SEA,27.0,69.0,22.0,4.433518315749278,False,NORMAL,OBSERVED
2022-06-15,RED_SEA,15.0,62.0,22.0,4.293467413858184,False,NORMAL,OBSERVED
2022-06-16,RED_SEA,29.0,78.0,22.5,4.4239607334862505,False,NORMAL,OBSERVED
2022-06-17,RED_SEA,23.0,63.0,23.0,4.41258421686194,False,NORMAL,OBSERVED
2022-06-18,RED_SEA,22.0,64.0,22.5,4.414232632683665,False,NORMAL,OBSERVED
2022-06-19,RED_SEA,21.0,76.0,22.0,3.9311199045187313,False,NORMAL,OBSERVED
2022-06-20,RED_SEA,22.0,64.0,22.0,3.894100815852207,False,NORMAL,OBSERVED
2022-06-21,RED_SEA,24.0,68.0,22.0,3.8591264740685545,False,NORMAL,OBSERVED
2022-06-22,RED_SEA,21.0,62.0,22.0,3.8668308667926765,False,NORMAL,OBSERVED
2022-06-23,RED_SEA,28.0,72.0,22.5,3.9566099005034014,False,NORMAL,OBSERVED
2022-06-24,RED_SEA,18.0,53.0,22.0,4.049952641959662,False,NORMAL,OBSERVED
2022-06-25,RED_SEA,20.0,67.0,22.0,4.062996001466917,False,NORMAL,OBSERVED
2022-06-26,RED_SEA,23.0,65.0,22.0,3.9766181691849294,False,NORMAL,OBSERVED
2022-06-27,RED_SEA,24.0,70.0,22.0,3.9766181691849294,False,NORMAL,OBSERVED
2022-06-28,RED_SEA,24.0,71.0,22.0,3.9860869143670867,False,NORMAL,OBSERVED
2022-06-29,RED_SEA,21.0,74.0,22.0,3.9860869143670867,False,NORMAL,OBSERVED
2022-06-30,RED_SEA,21.0,70.0,22.0,3.8954593021366333,False,NORMAL,OBSERVED
2022-07-01,RED_SEA,25.0,60.0,22.0,3.708990935094533,False,NORMAL,OBSERVED
2022-07-02,RED_SEA,26.0,73.0,22.0,3.543195281695955,False,NORMAL,OBSERVED
2022-07-03,RED_SEA,18.0,67.0,22.0,3.543195281695955,False,NORMAL,OBSERVED
2022-07-04,RED_SEA,31.0,81.0,22.0,3.9257324999769545,True,CONGESTION,OBSERVED
2022-07-05,RED_SEA,21.0,66.0,22.0,3.9333064298245466,False,NORMAL,OBSERVED
2022-07-06,RED_SEA,18.0,57.0,21.5,3.944053188733036,False,NORMAL,OBSERVED
2022-07-07,RED_SEA,15.0,56.0,21.5,4.157609203101463,False,NORMAL,OBSERVED
2022-07-08,RED_SEA,21.0,71.0,21.5,3.944053188733036,False,NORMAL,OBSERVED
2022-07-09,RED_SEA,21.0,79.0,21.5,3.82694429610653,False,NORMAL,OBSERVED
2022-07-10,RED_SEA,28.0,68.0,21.5,3.983431293209977,False,NORMAL,OBSERVED
2022-07-11,RED_SEA,33.0,76.0,22.0,4.40298119303762,True,CONGESTION,OBSERVED
2022-07-12,RED_SEA,21.0,68.0,21.5,4.339434044974926,False,NORMAL,OBSERVED
2022-07-13,RED_SEA,23.0,60.0,22.0,4.072751107949169,False,NORMAL,OBSERVED
2022-07-14,RED_SEA,35.0,81.0,22.0,4.535573676110681,True,CONGESTION,OBSERVED
2022-07-15,RED_SEA,23.0,80.0,22.0,4.535573676110681,False,NORMAL,OBSERVED
2022-07-16,RED_SEA,24.0,65.0,22.5,4.532656345342444,False,NORMAL,OBSERVED
2022-07-17,RED_SEA,18.0,60.0,22.5,4.621522001296238,False,NORMAL,OBSERVED
2022-07-18,RED_SEA,28.0,68.0,23.0,4.706603488941465,False,NORMAL,OBSERVED
2022-07-19,RED_SEA,20.0,72.0,22.0,4.745786212260973,False,NORMAL,OBSERVED
2022-07-20,RED_SEA,17.0,68.0,22.0,4.87231136006491,False,NORMAL,OBSERVED
2022-07-21,RED_SEA,26.0,71.0,22.0,4.8111147769332,False,NORMAL,OBSERVED
2022-07-22,RED_SEA,20.0,61.0,22.0,4.749129689135937,False,NORMAL,OBSERVED
2022-07-23,RED_SEA,29.0,77.0,23.0,4.839760368373624,False,NORMAL,OBSERVED
2022-07-24,RED_SEA,26.0,61.0,23.0,4.864703887734945,False,NORMAL,OBSERVED
2022-07-25,RED_SEA,22.0,64.0,22.5,4.8712253056942,False,NORMAL,OBSERVED
2022-07-26,RED_SEA,24.0,65.0,22.5,4.8712253056942,False,NORMAL,OBSERVED
2022-07-27,RED_SEA,19.0,62.0,22.5,4.922010816342245,False,NORMAL,OBSERVED
2022-07-28,RED_SEA,24.0,65.0,23.0,4.902218480621361,False,NORMAL,OBSERVED
2022-07-29,RED_SEA,23.0,75.0,23.0,4.8930357593010205,False,NORMAL,OBSERVED
2022-07-30,RED_SEA,25.0,69.0,23.0,4.876653158852453,False,NORMAL,OBSERVED
2022-07-31,RED_SEA,22.0,61.0,23.0,4.77246844164051,False,NORMAL,OBSERVED
2022-08-01,RED_SEA,32.0,77.0,23.0,4.834291092845976,False,NORMAL,OBSERVED
2022-08-02,RED_SEA,15.0,59.0,23.0,5.076139849058077,False,NORMAL,OBSERVED
2022-08-03,RED_SEA,25.0,72.0,23.0,4.977595305612399,False,NORMAL,OBSERVED
2022-08-04,RED_SEA,30.0,77.0,23.5,4.829911213266956,False,NORMAL,OBSERVED
2022-08-05,RED_SEA,29.0,77.0,24.0,4.877873593447286,False,NORMAL,OBSERVED
2022-08-06,RED_SEA,30.0,72.0,24.0,4.9445336178867505,False,NORMAL,OBSERVED
2022-08-07,RED_SEA,22.0,64.0,24.0,4.925234665265814,False,NORMAL,OBSERVED
2022-08-08,RED_SEA,15.0,65.0,23.5,4.944533617886752,False,NORMAL,OBSERVED
2022-08-09,RED_SEA,23.0,77.0,23.5,4.916633037280694,False,NORMAL,OBSERVED
2022-08-10,RED_SEA,21.0,58.0,23.5,4.944533617886752,False,NORMAL,OBSERVED
2022-08-11,RED_SEA,19.0,67.0,23.0,4.5102763321765735,False,NORMAL,OBSERVED
2022-08-12,RED_SEA,24.0,73.0,23.5,4.512182217041764,False,NORMAL,OBSERVED
2022-08-13,RED_SEA,14.0,72.0,23.0,4.837573400178646,False,NORMAL,OBSERVED
2022-08-14,RED_SEA,24.0,65.0,23.5,4.743137621591226,False,NORMAL,OBSERVED
2022-08-15,RED_SEA,18.0,60.0,23.0,4.740348032676404,False,NORMAL,OBSERVED
2022-08-16,RED_SEA,26.0,65.0,23.5,4.745368112013871,False,NORMAL,OBSERVED
2022-08-17,RED_SEA,29.0,73.0,24.0,4.725255794985272,False,NORMAL,OBSERVED
2022-08-18,RED_SEA,23.0,74.0,23.5,4.698727735040826,False,NORMAL,OBSERVED
2022-08-19,RED_SEA,23.0,71.0,23.5,4.6541783014163975,False,NORMAL,OBSERVED
2022-08-20,RED_SEA,22.0,63.0,23.0,4.530175137065491,False,NORMAL,OBSERVED
2022-08-21,RED_SEA,19.0,79.0,23.0,4.5617456975946595,False,NORMAL,OBSERVED
2022-08-22,RED_SEA,28.0,77.0,23.0,4.656451404507434,False,NORMAL,OBSERVED
2022-08-23,RED_SEA,18.0,59.0,23.0,4.75260997634996,False,NORMAL,OBSERVED
2022-08-24,RED_SEA,29.0,79.0,23.0,4.821688215622907,False,NORMAL,OBSERVED
2022-08-25,RED_SEA,26.0,62.0,23.0,4.847406986972938,False,NORMAL,OBSERVED
2022-08-26,RED_SEA,22.0,69.0,23.0,4.85381538683986,False,NORMAL,OBSERVED
2022-08-27,RED_SEA,22.0,68.0,23.0,4.848498376604459,False,NORMAL,OBSERVED
2022-08-28,RED_SEA,29.0,80.0,23.0,4.962691495378938,False,NORMAL,OBSERVED
2022-08-29,RED_SEA,19.0,67.0,23.0,4.73755680118392,False,NORMAL,OBSERVED
2022-08-30,RED_SEA,31.0,80.0,23.0,4.701682688763638,False,NORMAL,OBSERVED
2022-08-31,RED_SEA,27.0,65.0,23.0,4.739231737351216,False,NORMAL,OBSERVED
2022-09-01,RED_SEA,21.0,71.0,23.0,4.595114728173709,False,NORMAL,OBSERVED
2022-09-02,RED_SEA,26.0,77.0,23.0,4.491614762488291,False,NORMAL,OBSERVED
2022-09-03,RED_SEA,25.0,74.0,23.0,4.307462455347972,False,NORMAL,OBSERVED
2022-09-04,RED_SEA,27.0,72.0,23.0,4.3661759084457,False,NORMAL,OBSERVED
2022-09-05,RED_SEA,28.0,69.0,23.5,4.14598039541349,False,NORMAL,OBSERVED
2022-09-06,RED_SEA,26.0,73.0,24.0,4.166507933484337,False,NORMAL,OBSERVED
2022-09-07,RED_SEA,24.0,69.0,24.0,4.130637881994605,False,NORMAL,OBSERVED
2022-09-08,RED_SEA,21.0,73.0,24.0,4.059576176173849,False,NORMAL,OBSERVED
2022-09-09,RED_SEA,20.0,66.0,24.0,4.128075252585017,False,NORMAL,OBSERVED
2022-09-10,RED_SEA,36.0,72.0,24.5,4.280353790450985,True,CONGESTION,OBSERVED
2022-09-11,RED_SEA,25.0,68.0,25.0,4.279272054002744,False,NORMAL,OBSERVED
2022-09-12,RED_SEA,24.0,60.0,25.0,4.07989002860398,False,NORMAL,OBSERVED
2022-09-13,RED_SEA,19.0,61.0,24.5,4.219349482196231,False,NORMAL,OBSERVED
2022-09-14,RED_SEA,24.0,73.0,24.0,4.131438377706077,False,NORMAL,OBSERVED
2022-09-15,RED_SEA,22.0,70.0,24.0,4.148531964480569,False,NORMAL,OBSERVED
2022-09-16,RED_SEA,30.0,85.0,24.5,4.270608298368605,False,NORMAL,OBSERVED
2022-09-17,RED_SEA,25.0,69.0,25.0,4.239365780658915,False,NORMAL,OBSERVED
2022-09-18,RED_SEA,19.0,71.0,25.0,4.239365780658915,False,NORMAL,OBSERVED
2022-09-19,RED_SEA,25.0,67.0,25.0,4.191828786034577,False,NORMAL,OBSERVED
2022-09-20,RED_SEA,17.0,68.0,25.0,4.2543162023063,False,NORMAL,OBSERVED
2022-09-21,RED_SEA,25.0,76.0,25.0,4.167618938800327,False,NORMAL,OBSERVED
2022-09-22,RED_SEA,30.0,77.0,25.0,4.288997860281839,False,NORMAL,OBSERVED
2022-09-23,RED_SEA,17.0,61.0,25.0,4.500440895508773,False,NORMAL,OBSERVED
2022-09-24,RED_SEA,31.0,63.0,25.0,4.639803635691637,False,NORMAL,OBSERVED
2022-09-25,RED_SEA,29.0,66.0,25.0,4.639803635691637,False,NORMAL,OBSERVED
2022-09-26,RED_SEA,19.0,65.0,25.0,4.639803635691637,False,NORMAL,OBSERVED
2022-09-27,RED_SEA,25.0,68.0,25.0,4.476127152540893,False,NORMAL,OBSERVED
2022-09-28,RED_SEA,26.0,74.0,25.0,4.459696053419833,False,NORMAL,OBSERVED
2022-09-29,RED_SEA,31.0,84.0,25.0,4.568120496191449,False,NORMAL,OBSERVED
2022-09-30,RED_SEA,16.0,68.0,25.0,4.85722066542093,False,NORMAL,OBSERVED
2022-10-01,RED_SEA,33.0,69.0,25.0,5.116112115132224,False,NORMAL,OBSERVED
2022-10-02,RED_SEA,24.0,70.0,25.0,5.099408618062275,False,NORMAL,OBSERVED
2022-10-03,RED_SEA,39.0,79.0,25.0,5.747325119718352,True,CONGESTION,OBSERVED
2022-10-04,RED_SEA,18.0,55.0,24.5,5.896371406822616,False,NORMAL,OBSERVED
2022-10-05,RED_SEA,16.0,67.0,24.5,6.12523620103895,False,NORMAL,OBSERVED
2022-10-06,RED_SEA,24.0,66.0,24.5,6.08787067143914,False,NORMAL,OBSERVED
2022-10-07,RED_SEA,25.0,76.0,25.0,6.020687439875682,False,NORMAL,OBSERVED
2022-10-08,RED_SEA,23.0,61.0,24.5,5.611189689847357,False,NORMAL,OBSERVED
2022-10-09,RED_SEA,21.0,77.0,24.0,5.644096039740965,False,NORMAL,OBSERVED
2022-10-10,RED_SEA,20.0,66.0,24.0,5.699136665334345,False,NORMAL,OBSERVED
2022-10-11,RED_SEA,24.0,74.0,24.0,5.613193075953832,False,NORMAL,OBSERVED
2022-10-12,RED_SEA,21.0,73.0,24.0,5.645970609822873,False,NORMAL,OBSERVED
2022-10-13,RED_SEA,21.0,68.0,24.0,5.662930607802166,False,NORMAL,OBSERVED
2022-10-14,RED_SEA,15.0,65.0,24.0,5.789403748849732,False,NORMAL,OBSERVED
2022-10-15,RED_SEA,26.0,73.0,24.0,5.801842436793265,False,NORMAL,OBSERVED
2022-10-16,RED_SEA,24.0,72.0,24.0,5.73246117397324,False,NORMAL,OBSERVED
2022-10-17,RED_SEA,42.0,91.0,24.0,6.690038397245064,True,CONGESTION,OBSERVED
2022-10-18,RED_SEA,22.0,69.0,24.0,6.5516870479749505,False,NORMAL,OBSERVED
2022-10-19,RED_SEA,26.0,64.0,24.0,6.55703507651961,False,NORMAL,OBSERVED
2022-10-20,RED_SEA,27.0,69.0,24.0,6.489205526086217,False,NORMAL,OBSERVED
2022-10-21,RED_SEA,24.0,67.0,24.0,6.323718683608366,False,NORMAL,OBSERVED
2022-10-22,RED_SEA,29.0,73.0,24.0,6.2610748439112065,False,NORMAL,OBSERVED
2022-10-23,RED_SEA,16.0,62.0,24.0,6.406325412512608,False,NORMAL,OBSERVED
2022-10-24,RED_SEA,29.0,84.0,24.0,6.385644448797205,False,NORMAL,OBSERVED
2022-10-25,RED_SEA,26.0,74.0,24.0,6.391131421474634,False,NORMAL,OBSERVED
2022-10-26,RED_SEA,25.0,80.0,24.0,6.385644448797205,False,NORMAL,OBSERVED
2022-10-27,RED_SEA,29.0,78.0,24.0,6.321521985379766,False,NORMAL,OBSERVED
2022-10-28,RED_SEA,20.0,67.0,24.0,6.16645216272143,False,NORMAL,OBSERVED
2022-10-29,RED_SEA,20.0,70.0,24.0,5.998236072282877,False,NORMAL,OBSERVED
2022-10-30,RED_SEA,19.0,58.0,24.0,6.076561788923298,False,NORMAL,OBSERVED
2022-10-31,RED_SEA,27.0,69.0,24.0,5.357460308054601,False,NORMAL,OBSERVED
2022-11-01,RED_SEA,27.0,71.0,24.0,5.282495802626013,False,NORMAL,OBSERVED
2022-11-02,RED_SEA,28.0,91.0,24.0,5.105241626357326,False,NORMAL,OBSERVED
2022-11-03,RED_SEA,22.0,81.0,24.0,5.123346294042282,False,NORMAL,OBSERVED
2022-11-04,RED_SEA,20.0,62.0,24.0,5.181749617699474,False,NORMAL,OBSERVED
2022-11-05,RED_SEA,28.0,84.0,24.0,5.230658501545278,False,NORMAL,OBSERVED
2022-11-06,RED_SEA,28.0,68.0,24.5,5.238618300002513,False,NORMAL,OBSERVED
2022-11-07,RED_SEA,28.0,71.0,25.5,5.204164998665287,False,NORMAL,OBSERVED
2022-11-08,RED_SEA,28.0,75.0,26.0,5.237608202466008,False,NORMAL,OBSERVED
2022-11-09,RED_SEA,26.0,76.0,26.0,5.184939525548722,False,NORMAL,OBSERVED
2022-11-10,RED_SEA,17.0,71.0,26.0,5.353632006533059,False,NORMAL,OBSERVED
2022-11-11,RED_SEA,26.0,74.0,26.0,4.989274210028615,False,NORMAL,OBSERVED
2022-11-12,RED_SEA,30.0,73.0,26.0,5.066097503536961,False,NORMAL,OBSERVED
2022-11-13,RED_SEA,28.0,78.0,26.5,5.079656489656516,False,NORMAL,OBSERVED
2022-11-14,RED_SEA,19.0,73.0,26.0,4.0947766443598965,False,NORMAL,OBSERVED
2022-11-15,RED_SEA,30.0,80.0,26.5,4.1715843994957025,False,NORMAL,OBSERVED
2022-11-16,RED_SEA,23.0,67.0,26.5,4.185354915320239,False,NORMAL,OBSERVED
2022-11-17,RED_SEA,31.0,67.0,26.5,4.323401316301606,False,NORMAL,OBSERVED
2022-11-18,RED_SEA,25.0,74.0,26.5,4.3180438447869145,False,NORMAL,OBSERVED
2022-11-19,RED_SEA,21.0,65.0,26.0,4.3180438447869145,False,NORMAL,OBSERVED
2022-11-20,RED_SEA,9.0,55.0,26.0,4.998809382052366,True,TRAFFIC_DROP,OBSERVED
2022-11-21,RED_SEA,30.0,80.0,26.0,5.034799534162793,False,NORMAL,OBSERVED
2022-11-22,RED_SEA,22.0,71.0,26.0,5.051585742964089,False,NORMAL,OBSERVED
2022-11-23,RED_SEA,27.0,77.0,26.5,5.0730118997937765,False,NORMAL,OBSERVED
2022-11-24,RED_SEA,22.0,59.0,26.0,5.018879699609562,False,NORMAL,OBSERVED
2022-11-25,RED_SEA,30.0,85.0,26.5,5.055642769176174,False,NORMAL,OBSERVED
2022-11-26,RED_SEA,31.0,86.0,27.0,5.105759793486429,False,NORMAL,OBSERVED
2022-11-27,RED_SEA,18.0,65.0,27.0,5.153079933809714,False,NORMAL,OBSERVED
2022-11-28,RED_SEA,22.0,67.0,26.5,5.169098250137662,False,NORMAL,OBSERVED
2022-11-29,RED_SEA,21.0,65.0,26.0,5.201241203108117,False,NORMAL,OBSERVED
2022-11-30,RED_SEA,28.0,82.0,26.0,5.201241203108117,False,NORMAL,OBSERVED
2022-12-01,RED_SEA,27.0,61.0,26.5,5.192969402656899,False,NORMAL,OBSERVED
2022-12-02,RED_SEA,24.0,64.0,26.5,5.109773807106131,False,NORMAL,OBSERVED
2022-12-03,RED_SEA,23.0,70.0,26.0,5.087072525363325,False,NORMAL,OBSERVED
2022-12-04,RED_SEA,16.0,63.0,25.5,5.30697853434708,False,NORMAL,OBSERVED
2022-12-05,RED_SEA,28.0,75.0,25.5,5.30697853434708,False,NORMAL,OBSERVED
2022-12-06,RED_SEA,23.0,62.0,24.5,5.263807743228421,False,NORMAL,OBSERVED
2022-12-07,RED_SEA,20.0,79.0,23.5,5.308847561746519,False,NORMAL,OBSERVED
2022-12-08,RED_SEA,23.0,71.0,23.5,5.135595255112902,False,NORMAL,OBSERVED
2022-12-09,RED_SEA,24.0,62.0,23.5,5.123217201852174,False,NORMAL,OBSERVED
2022-12-10,RED_SEA,29.0,79.0,23.5,5.083951302536284,False,NORMAL,OBSERVED
2022-12-11,RED_SEA,32.0,74.0,23.5,5.251857821953115,False,NORMAL,OBSERVED
2022-12-12,RED_SEA,28.0,69.0,24.0,5.196025139342262,False,NORMAL,OBSERVED
2022-12-13,RED_SEA,22.0,62.0,23.5,5.10355721985125,False,NORMAL,OBSERVED
2022-12-14,RED_SEA,25.0,72.0,24.0,5.099408618062272,False,NORMAL,OBSERVED
2022-12-15,RED_SEA,19.0,71.0,23.5,5.020987697686282,False,NORMAL,OBSERVED
2022-12-16,RED_SEA,25.0,77.0,23.5,5.020987697686282,False,NORMAL,OBSERVED
2022-12-17,RED_SEA,27.0,69.0,24.0,5.020987697686282,False,NORMAL,OBSERVED
2022-12-18,RED_SEA,26.0,75.0,24.5,4.0629960014669,False,NORMAL,OBSERVED
2022-12-19,RED_SEA,24.0,64.0,24.0,3.92994204085047,False,NORMAL,OBSERVED
2022-12-20,RED_SEA,29.0,74.0,24.5,3.9872481924439644,False,NORMAL,OBSERVED
2022-12-21,RED_SEA,28.0,72.0,24.5,4.012546460856075,False,NORMAL,OBSERVED
2022-12-22,RED_SEA,19.0,61.0,24.5,4.1280752525850115,False,NORMAL,OBSERVED
2022-12-23,RED_SEA,29.0,73.0,24.5,4.084426481470709,False,NORMAL,OBSERVED
2022-12-24,RED_SEA,29.0,76.0,24.5,3.9854231749711846,False,NORMAL,OBSERVED
2022-12-25,RED_SEA,35.0,82.0,25.0,4.234370576590301,True,CONGESTION,OBSERVED
2022-12-26,RED_SEA,18.0,61.0,25.0,4.409435529988072,False,NORMAL,OBSERVED
2022-12-27,RED_SEA,18.0,84.0,25.0,4.545478595414917,False,NORMAL,OBSERVED
2022-12-28,RED_SEA,27.0,73.0,25.0,4.524331632360323,False,NORMAL,OBSERVED
2022-12-29,RED_SEA,33.0,78.0,25.0,4.763590971294496,False,NORMAL,OBSERVED
2022-12-30,RED_SEA,29.0,65.0,25.5,4.814000745180943,False,NORMAL,OBSERVED
2022-12-31,RED_SEA,26.0,82.0,26.0,4.794590205439327,False,NORMAL,OBSERVED
2023-01-01,RED_SEA,24.0,77.0,26.0,4.439332377472027,False,NORMAL,OBSERVED
2023-01-02,RED_SEA,31.0,81.0,26.0,4.532656345342434,False,NORMAL,OBSERVED
2023-01-03,RED_SEA,27.0,63.0,26.5,4.504553839283616,False,NORMAL,OBSERVED
2023-01-04,RED_SEA,37.0,76.0,27.0,4.811114776933187,True,CONGESTION,OBSERVED
2023-01-05,RED_SEA,24.0,78.0,27.0,4.787549991450156,False,NORMAL,OBSERVED
2023-01-06,RED_SEA,27.0,94.0,27.0,4.761369017481673,False,NORMAL,OBSERVED
2023-01-07,RED_SEA,24.0,76.0,27.0,4.764840364975848,False,NORMAL,OBSERVED
2023-01-08,RED_SEA,14.0,63.0,26.5,5.190549001964862,True,TRAFFIC_DROP,OBSERVED
2023-01-09,RED_SEA,34.0,77.0,26.5,5.401841739619337,False,NORMAL,OBSERVED
2023-01-10,RED_SEA,17.0,60.0,26.5,5.619669726121573,False,NORMAL,OBSERVED
2023-01-11,RED_SEA,24.0,70.0,26.5,5.628724516490318,False,NORMAL,OBSERVED
2023-01-12,RED_SEA,25.0,64.0,26.5,5.4699757696569735,False,NORMAL,OBSERVED
2023-01-13,RED_SEA,17.0,57.0,26.5,5.7307303061014245,False,NORMAL,OBSERVED
2023-01-14,RED_SEA,25.0,74.0,26.0,5.727497953228119,False,NORMAL,OBSERVED
2023-01-15,RED_SEA,35.0,83.0,26.5,5.990623184407914,False,NORMAL,OBSERVED
2023-01-16,RED_SEA,28.0,87.0,27.0,5.987972954666677,False,NORMAL,OBSERVED
2023-01-17,RED_SEA,22.0,68.0,26.5,6.011892975000189,False,NORMAL,OBSERVED
2023-01-18,RED_SEA,28.0,72.0,26.5,6.011892975000189,False,NORMAL,OBSERVED
2023-01-19,RED_SEA,33.0,72.0,27.0,5.996471625687177,False,NORMAL,OBSERVED
2023-01-20,RED_SEA,21.0,73.0,26.5,6.059668037077295,False,NORMAL,OBSERVED
2023-01-21,RED_SEA,24.0,72.0,25.5,6.046009659621153,False,NORMAL,OBSERVED
2023-01-22,RED_SEA,32.0,78.0,25.5,5.904889911566883,False,NORMAL,OBSERVED
2023-01-23,RED_SEA,19.0,66.0,25.5,5.858449331642977,False,NORMAL,OBSERVED
2023-01-24,RED_SEA,23.0,63.0,25.5,5.6825175134798105,False,NORMAL,OBSERVED
2023-01-25,RED_SEA,18.0,72.0,25.0,5.879184876733704,False,NORMAL,OBSERVED
2023-01-26,RED_SEA,22.0,73.0,24.5,5.742720259496842,False,NORMAL,OBSERVED
2023-01-27,RED_SEA,18.0,57.0,24.0,5.859352402954622,False,NORMAL,OBSERVED
2023-01-28,RED_SEA,26.0,69.0,24.0,5.859352402954622,False,NORMAL,OBSERVED
2023-01-29,RED_SEA,28.0,76.0,24.5,5.883682933989932,False,NORMAL,OBSERVED
2023-01-30,RED_SEA,24.0,56.0,24.0,5.771669542876552,False,NORMAL,OBSERVED
2023-01-31,RED_SEA,28.0,69.0,24.0,5.788489764749807,False,NORMAL,OBSERVED
2023-02-01,RED_SEA,20.0,79.0,24.0,5.346214603063565,False,NORMAL,OBSERVED
2023-02-02,RED_SEA,35.0,93.0,24.0,5.715823205858841,False,NORMAL,OBSERVED
2023-02-03,RED_SEA,25.0,68.0,24.0,5.698208202547204,False,NORMAL,OBSERVED
2023-02-04,RED_SEA,23.0,68.0,24.0,5.705283914956738,False,NORMAL,OBSERVED
2023-02-05,RED_SEA,31.0,87.0,24.5,5.436867095076291,False,NORMAL,OBSERVED
2023-02-06,RED_SEA,28.0,67.0,24.5,5.1888922878204635,False,NORMAL,OBSERVED
2023-02-07,RED_SEA,21.0,75.0,24.5,5.013605826772074,False,NORMAL,OBSERVED
2023-02-08,RED_SEA,28.0,72.0,25.0,5.037819928265512,False,NORMAL,OBSERVED
2023-02-09,RED_SEA,22.0,67.0,24.5,5.0750974135097415,False,NORMAL,OBSERVED
2023-02-10,RED_SEA,19.0,54.0,24.5,4.969217412543066,False,NORMAL,OBSERVED
2023-02-11,RED_SEA,23.0,60.0,24.0,4.986754943620588,False,NORMAL,OBSERVED
2023-02-12,RED_SEA,27.0,64.0,24.0,4.616510512515792,False,NORMAL,OBSERVED
2023-02-13,RED_SEA,30.0,68.0,24.0,4.681947769960108,False,NORMAL,OBSERVED
2023-02-14,RED_SEA,24.0,67.0,24.0,4.650766563656913,False,NORMAL,OBSERVED
2023-02-15,RED_SEA,24.0,72.0,24.0,4.616510512515792,False,NORMAL,OBSERVED
2023-02-16,RED_SEA,24.0,73.0,24.0,4.333180705492738,False,NORMAL,OBSERVED
2023-02-17,RED_SEA,20.0,60.0,24.0,4.36738755711851,False,NORMAL,OBSERVED
2023-02-18,RED_SEA,30.0,67.0,24.0,4.487489959606111,False,NORMAL,OBSERVED
2023-02-19,RED_SEA,26.0,64.0,24.0,4.264409124976718,False,NORMAL,OBSERVED
2023-02-20,RED_SEA,26.0,88.0,24.0,4.13319892254569,False,NORMAL,OBSERVED
2023-02-21,RED_SEA,22.0,73.0,24.0,4.1531526878597615,False,NORMAL,OBSERVED
2023-02-22,RED_SEA,36.0,79.0,24.5,4.45732261203117,True,CONGESTION,OBSERVED
2023-02-23,RED_SEA,30.0,77.0,25.5,4.490436634005725,False,NORMAL,OBSERVED
2023-02-24,RED_SEA,20.0,62.0,25.5,4.378881498122857,False,NORMAL,OBSERVED
2023-02-25,RED_SEA,25.0,60.0,25.0,4.380542596431741,False,NORMAL,OBSERVED
2023-02-26,RED_SEA,24.0,62.0,24.5,4.3672361194181875,False,NORMAL,OBSERVED
2023-02-27,RED_SEA,18.0,70.0,24.5,4.587047557089941,False,NORMAL,OBSERVED
2023-02-28,RED_SEA,19.0,72.0,24.0,4.706181907677142,False,NORMAL,OBSERVED
2023-03-01,RED_SEA,30.0,80.0,24.5,4.692107523903573,False,NORMAL,OBSERVED
2023-03-02,RED_SEA,29.0,82.0,24.5,4.360719323216357,False,NORMAL,OBSERVED
2023-03-03,RED_SEA,17.0,66.0,24.0,4.624526287766446,False,NORMAL,OBSERVED
2023-03-04,RED_SEA,27.0,72.0,24.5,4.626813958590395,False,NORMAL,OBSERVED
2023-03-05,RED_SEA,36.0,72.0,24.5,4.952018454376587,True,CONGESTION,OBSERVED
2023-03-06,RED_SEA,19.0,51.0,24.0,5.053156591121143,False,NORMAL,OBSERVED
2023-03-07,RED_SEA,17.0,72.0,24.0,5.2200265563191115,False,NORMAL,OBSERVED
2023-03-08,RED_SEA,23.0,66.0,24.0,5.188892287820464,False,NORMAL,OBSERVED
2023-03-09,RED_SEA,29.0,87.0,24.0,5.230658501545276,False,NORMAL,OBSERVED
2023-03-10,RED_SEA,15.0,69.0,24.0,5.444768373907393,False,NORMAL,OBSERVED
2023-03-11,RED_SEA,19.0,65.0,24.0,5.541092284351816,False,NORMAL,OBSERVED
2023-03-12,RED_SEA,25.0,70.0,24.0,5.5205244747387905,False,NORMAL,OBSERVED
2023-03-13,RED_SEA,29.0,70.0,24.0,5.486274359636589,False,NORMAL,OBSERVED
2023-03-14,RED_SEA,37.0,72.0,24.5,5.979683416085943,True,CONGESTION,OBSERVED
2023-03-15,RED_SEA,28.0,63.0,25.0,6.006169667439771,False,NORMAL,OBSERVED
2023-03-16,RED_SEA,24.0,74.0,25.0,6.006169667439771,False,NORMAL,OBSERVED
2023-03-17,RED_SEA,33.0,93.0,25.5,6.106961072822801,False,NORMAL,OBSERVED
2023-03-18,RED_SEA,29.0,78.0,25.5,6.082327596792898,False,NORMAL,OBSERVED
2023-03-19,RED_SEA,32.0,84.0,25.5,6.2076075531875405,False,NORMAL,OBSERVED
2023-03-20,RED_SEA,19.0,77.0,25.0,6.332393413963305,False,NORMAL,OBSERVED
2023-03-21,RED_SEA,22.0,73.0,25.0,6.332393413963305,False,NORMAL,OBSERVED
2023-03-22,RED_SEA,20.0,68.0,24.5,6.055628367117192,False,NORMAL,OBSERVED
2023-03-23,RED_SEA,28.0,65.0,24.5,6.003856785125359,False,NORMAL,OBSERVED
2023-03-24,RED_SEA,29.0,82.0,25.0,5.9810105143266785,False,NORMAL,OBSERVED
2023-03-25,RED_SEA,28.0,62.0,26.0,6.006500006496448,False,NORMAL,OBSERVED
2023-03-26,RED_SEA,29.0,62.0,27.5,6.044368580289509,False,NORMAL,OBSERVED
2023-03-27,RED_SEA,26.0,78.0,27.5,5.870291088209931,False,NORMAL,OBSERVED
2023-03-28,RED_SEA,29.0,87.0,28.0,5.754225500543976,False,NORMAL,OBSERVED
2023-03-29,RED_SEA,26.0,80.0,27.5,5.7006450948426854,False,NORMAL,OBSERVED
2023-03-30,RED_SEA,24.0,71.0,26.5,5.676811647059462,False,NORMAL,OBSERVED
2023-03-31,RED_SEA,30.0,75.0,27.5,5.468524655221129,False,NORMAL,OBSERVED
2023-04-01,RED_SEA,31.0,68.0,28.0,5.543478937468618,False,NORMAL,OBSERVED
2023-04-02,RED_SEA,24.0,67.0,27.0,5.219012860502905,False,NORMAL,OBSERVED
2023-04-03,RED_SEA,25.0,72.0,27.0,5.047394424471892,False,NORMAL,OBSERVED
2023-04-04,RED_SEA,20.0,59.0,27.0,4.876653158852442,False,NORMAL,OBSERVED
2023-04-05,RED_SEA,29.0,82.0,28.0,4.863616134602049,False,NORMAL,OBSERVED
2023-04-06,RED_SEA,24.0,83.0,27.0,4.856131236077753,False,NORMAL,OBSERVED
2023-04-07,RED_SEA,28.0,79.0,28.0,4.338062132886357,False,NORMAL,OBSERVED
2023-04-08,RED_SEA,20.0,68.0,28.0,4.276179870598726,False,NORMAL,OBSERVED
2023-04-09,RED_SEA,23.0,60.0,28.0,4.322330353239921,False,NORMAL,OBSERVED
2023-04-10,RED_SEA,29.0,62.0,28.0,4.322330353239921,False,NORMAL,OBSERVED
2023-04-11,RED_SEA,27.0,79.0,27.5,3.818639886400659,False,NORMAL,OBSERVED
2023-04-12,RED_SEA,24.0,64.0,26.5,3.8269442961065043,False,NORMAL,OBSERVED
2023-04-13,RED_SEA,21.0,76.0,26.5,3.929773745792645,False,NORMAL,OBSERVED
2023-04-14,RED_SEA,27.0,79.0,26.5,3.6923702256947837,False,NORMAL,OBSERVED
2023-04-15,RED_SEA,29.0,74.0,26.5,3.6923702256947837,False,NORMAL,OBSERVED
2023-04-16,RED_SEA,30.0,74.0,26.5,3.586239131891594,False,NORMAL,OBSERVED
2023-04-17,RED_SEA,29.0,89.0,27.0,3.3812038806524427,False,NORMAL,OBSERVED
2023-04-18,RED_SEA,19.0,72.0,27.0,3.5590260840103607,True,TRAFFIC_DROP,OBSERVED
2023-04-19,RED_SEA,36.0,91.0,27.5,3.833850896737136,True,CONGESTION,OBSERVED
2023-04-20,RED_SEA,21.0,62.0,27.0,3.963290546713855,False,NORMAL,OBSERVED
2023-04-21,RED_SEA,33.0,78.0,27.0,4.131918600692754,False,NORMAL,OBSERVED
2023-04-22,RED_SEA,27.0,80.0,27.0,4.122463947047741,False,NORMAL,OBSERVED
2023-04-23,RED_SEA,21.0,63.0,26.5,4.213859721990423,False,NORMAL,OBSERVED
2023-04-24,RED_SEA,34.0,82.0,27.0,4.467401029420955,False,NORMAL,OBSERVED
2023-04-25,RED_SEA,28.0,76.0,27.0,4.45004607312211,False,NORMAL,OBSERVED
2023-04-26,RED_SEA,34.0,94.0,27.0,4.675020866886002,False,NORMAL,OBSERVED
2023-04-27,RED_SEA,30.0,74.0,27.5,4.685195641705652,False,NORMAL,OBSERVED
2023-04-28,RED_SEA,24.0,77.0,27.0,4.675020866886002,False,NORMAL,OBSERVED
2023-04-29,RED_SEA,26.0,80.0,27.0,4.598711574794358,False,NORMAL,OBSERVED
2023-04-30,RED_SEA,23.0,70.0,27.0,4.622666721606379,False,NORMAL,OBSERVED
2023-05-01,RED_SEA,30.0,91.0,27.0,4.660426667117096,False,NORMAL,OBSERVED
2023-05-02,RED_SEA,23.0,64.0,27.0,4.534844519364943,False,NORMAL,OBSERVED
2023-05-03,RED_SEA,23.0,78.0,27.0,4.566237959253606,False,NORMAL,OBSERVED
2023-05-04,RED_SEA,24.0,72.0,27.0,4.566237959253606,False,NORMAL,OBSERVED
2023-05-05,RED_SEA,29.0,72.0,27.0,4.58199836258247,False,NORMAL,OBSERVED
2023-05-06,RED_SEA,34.0,77.0,27.0,4.602161902833668,False,NORMAL,OBSERVED
2023-05-07,RED_SEA,33.0,73.0,27.5,4.6621293134628035,False,NORMAL,OBSERVED
2023-05-08,RED_SEA,25.0,87.0,27.0,4.673464436718147,False,NORMAL,OBSERVED
2023-05-09,RED_SEA,25.0,72.0,27.0,4.693235027830426,False,NORMAL,OBSERVED
2023-05-10,RED_SEA,28.0,76.0,27.5,4.6524727452723535,False,NORMAL,OBSERVED
2023-05-11,RED_SEA,28.0,92.0,28.0,4.483213841565642,False,NORMAL,OBSERVED
2023-05-12,RED_SEA,26.0,71.0,28.0,4.492203710863254,False,NORMAL,OBSERVED
2023-05-13,RED_SEA,29.0,82.0,28.0,4.492203710863254,False,NORMAL,OBSERVED
2023-05-14,RED_SEA,19.0,77.0,27.5,4.745786212260957,False,NORMAL,OBSERVED
2023-05-15,RED_SEA,30.0,74.0,27.5,4.763729808996425,False,NORMAL,OBSERVED
2023-05-16,RED_SEA,23.0,79.0,27.5,4.5640648363807514,False,NORMAL,OBSERVED
2023-05-17,RED_SEA,24.0,75.0,26.5,4.276798486134777,False,NORMAL,OBSERVED
2023-05-18,RED_SEA,31.0,82.0,27.5,4.179820507019278,False,NORMAL,OBSERVED
2023-05-19,RED_SEA,25.0,82.0,26.5,4.046031434673957,False,NORMAL,OBSERVED
2023-05-20,RED_SEA,31.0,69.0,27.0,4.116041659385674,False,NORMAL,OBSERVED
2023-05-21,RED_SEA,40.0,82.0,28.0,4.603167761352268,True,CONGESTION,OBSERVED
2023-05-22,RED_SEA,29.0,90.0,28.0,4.449005596046178,False,NORMAL,OBSERVED
2023-05-23,RED_SEA,32.0,94.0,28.0,4.5244778119578495,False,NORMAL,OBSERVED
2023-05-24,RED_SEA,24.0,81.0,27.0,4.408985534014924,False,NORMAL,OBSERVED
2023-05-25,RED_SEA,22.0,64.0,26.0,4.494558732629671,False,NORMAL,OBSERVED
2023-05-26,RED_SEA,16.0,74.0,26.0,4.934491498544281,True,TRAFFIC_DROP,OBSERVED
2023-05-27,RED_SEA,23.0,73.0,25.5,4.9860917672171405,False,NORMAL,OBSERVED
2023-05-28,RED_SEA,21.0,74.0,25.5,5.055642769176165,False,NORMAL,OBSERVED
2023-05-29,RED_SEA,27.0,75.0,25.5,5.014265364224014,False,NORMAL,OBSERVED
2023-05-30,RED_SEA,29.0,83.0,26.5,4.984101708559855,False,NORMAL,OBSERVED
2023-05-31,RED_SEA,20.0,61.0,26.5,5.099408618062264,False,NORMAL,OBSERVED
2023-06-01,RED_SEA,16.0,76.0,26.5,5.465984277967104,False,NORMAL,OBSERVED
2023-06-02,RED_SEA,34.0,99.0,26.5,5.6334225596389595,False,NORMAL,OBSERVED
2023-06-03,RED_SEA,25.0,74.0,25.5,5.447561466007095,False,NORMAL,OBSERVED
2023-06-04,RED_SEA,33.0,95.0,25.5,5.447561466007095,False,NORMAL,OBSERVED
2023-06-05,RED_SEA,28.0,78.0,26.5,5.451566446405671,False,NORMAL,OBSERVED
2023-06-06,RED_SEA,28.0,72.0,27.5,5.4533859197215655,False,NORMAL,OBSERVED
2023-06-07,RED_SEA,20.0,61.0,26.5,5.578089221685039,False,NORMAL,OBSERVED
2023-06-08,RED_SEA,31.0,79.0,26.5,5.642806911570631,False,NORMAL,OBSERVED
2023-06-09,RED_SEA,32.0,86.0,27.5,5.744562646537979,False,NORMAL,OBSERVED
2023-06-10,RED_SEA,24.0,65.0,26.0,5.741683656988658,False,NORMAL,OBSERVED
2023-06-11,RED_SEA,29.0,71.0,27.5,5.578089221685039,False,NORMAL,OBSERVED
2023-06-12,RED_SEA,22.0,62.0,26.0,5.606473016303487,False,NORMAL,OBSERVED
2023-06-13,RED_SEA,19.0,69.0,26.0,5.745368505088138,False,NORMAL,OBSERVED
2023-06-14,RED_SEA,21.0,68.0,26.0,5.816415376388388,False,NORMAL,OBSERVED
2023-06-15,RED_SEA,30.0,67.0,26.0,5.788489764749801,False,NORMAL,OBSERVED
2023-06-16,RED_SEA,20.0,77.0,26.0,5.899959644736839,False,NORMAL,OBSERVED
2023-06-17,RED_SEA,27.0,77.0,26.0,5.8205074416502836,False,NORMAL,OBSERVED
2023-06-18,RED_SEA,26.0,92.0,25.5,5.112491187040384,False,NORMAL,OBSERVED
2023-06-19,RED_SEA,34.0,82.0,25.5,5.329735889899622,False,NORMAL,OBSERVED
2023-06-20,RED_SEA,29.0,79.0,25.5,5.222559935044473,False,NORMAL,OBSERVED
2023-06-21,RED_SEA,24.0,83.0,25.5,5.222559935044473,False,NORMAL,OBSERVED
2023-06-22,RED_SEA,28.0,78.0,26.5,5.202766866656868,False,NORMAL,OBSERVED
2023-06-23,RED_SEA,29.0,84.0,27.0,4.887490781327938,False,NORMAL,OBSERVED
2023-06-24,RED_SEA,29.0,68.0,27.5,4.880991095471647,False,NORMAL,OBSERVED
2023-06-25,RED_SEA,34.0,84.0,28.0,4.9803848048350865,False,NORMAL,OBSERVED
2023-06-26,RED_SEA,27.0,82.0,28.0,4.9803848048350865,False,NORMAL,OBSERVED
2023-06-27,RED_SEA,30.0,86.0,28.0,5.0009258402078585,False,NORMAL,OBSERVED
2023-06-28,RED_SEA,21.0,61.0,28.0,4.954288399454857,False,NORMAL,OBSERVED
2023-06-29,RED_SEA,26.0,72.0,28.0,4.486310747929031,False,NORMAL,OBSERVED
2023-06-30,RED_SEA,20.0,63.0,27.5,4.473910260149665,False,NORMAL,OBSERVED
2023-07-01,RED_SEA,38.0,76.0,28.0,4.946673298245614,True,CONGESTION,OBSERVED
2023-07-02,RED_SEA,23.0,74.0,27.5,4.865791397699386,False,NORMAL,OBSERVED
2023-07-03,RED_SEA,17.0,71.0,27.0,5.194115514583345,False,NORMAL,OBSERVED
2023-07-04,RED_SEA,27.0,85.0,27.0,5.185832348124703,False,NORMAL,OBSERVED
2023-07-05,RED_SEA,30.0,83.0,27.0,5.077572848492226,False,NORMAL,OBSERVED
2023-07-06,RED_SEA,21.0,71.0,27.0,5.1139140002659245,False,NORMAL,OBSERVED
2023-07-07,RED_SEA,33.0,79.0,27.0,5.15833942354175,False,NORMAL,OBSERVED
2023-07-08,RED_SEA,31.0,63.0,27.0,5.209245951790221,False,NORMAL,OBSERVED
2023-07-09,RED_SEA,25.0,63.0,27.0,5.196025139342252,False,NORMAL,OBSERVED
2023-07-10,RED_SEA,22.0,63.0,27.0,5.196025139342252,False,NORMAL,OBSERVED
2023-07-11,RED_SEA,24.0,70.0,27.0,5.012682328552603,False,NORMAL,OBSERVED
2023-07-12,RED_SEA,39.0,82.0,27.0,5.401351976552036,True,CONGESTION,OBSERVED
2023-07-13,RED_SEA,28.0,70.0,27.0,5.3772989423448765,False,NORMAL,OBSERVED
2023-07-14,RED_SEA,24.0,68.0,27.0,5.229646866587242,False,NORMAL,OBSERVED
2023-07-15,RED_SEA,28.0,82.0,27.5,5.230532057875663,False,NORMAL,OBSERVED
2023-07-16,RED_SEA,29.0,80.0,28.0,5.231669940885967,False,NORMAL,OBSERVED
2023-07-17,RED_SEA,33.0,82.0,28.0,5.188892287820454,False,NORMAL,OBSERVED
2023-07-18,RED_SEA,24.0,89.0,27.5,5.220026556319101,False,NORMAL,OBSERVED
2023-07-19,RED_SEA,22.0,60.0,27.5,5.279991181650428,False,NORMAL,OBSERVED
2023-07-20,RED_SEA,25.0,68.0,27.0,5.293876866260839,False,NORMAL,OBSERVED
2023-07-21,RED_SEA,29.0,80.0,27.0,5.293876866260839,False,NORMAL,OBSERVED
2023-07-22,RED_SEA,27.0,68.0,27.0,5.280867934115144,False,NORMAL,OBSERVED
2023-07-23,RED_SEA,21.0,69.0,26.5,5.216984877966452,False,NORMAL,OBSERVED
2023-07-24,RED_SEA,29.0,77.0,26.5,5.2367242072959925,False,NORMAL,OBSERVED
2023-07-25,RED_SEA,30.0,70.0,26.5,5.2367242072959925,False,NORMAL,OBSERVED
2023-07-26,RED_SEA,19.0,66.0,26.5,5.329363601980617,False,NORMAL,OBSERVED
2023-07-27,RED_SEA,25.0,75.0,26.0,5.336680497290254,False,NORMAL,OBSERVED
2023-07-28,RED_SEA,18.0,60.0,26.0,5.439785826783005,False,NORMAL,OBSERVED
2023-07-29,RED_SEA,31.0,81.0,26.0,5.035850311495348,False,NORMAL,OBSERVED
2023-07-30,RED_SEA,28.0,77.0,27.0,5.006213070991759,False,NORMAL,OBSERVED
2023-07-31,RED_SEA,35.0,86.0,27.5,4.910171927721856,False,NORMAL,OBSERVED
2023-08-01,RED_SEA,25.0,71.0,27.5,4.9252346652658,False,NORMAL,OBSERVED
2023-08-02,RED_SEA,26.0,76.0,26.5,4.891819107437804,False,NORMAL,OBSERVED
2023-08-03,RED_SEA,23.0,76.0,26.5,4.817708735521158,False,NORMAL,OBSERVED
2023-08-04,RED_SEA,22.0,68.0,25.5,4.749268949591609,False,NORMAL,OBSERVED
2023-08-05,RED_SEA,20.0,70.0,25.0,4.81770873552116,False,NORMAL,OBSERVED
2023-08-06,RED_SEA,30.0,71.0,25.5,4.867558083178991,False,NORMAL,OBSERVED
2023-08-07,RED_SEA,28.0,68.0,26.5,4.8035480713815595,False,NORMAL,OBSERVED
2023-08-08,RED_SEA,22.0,60.0,26.5,4.856675981296366,False,NORMAL,OBSERVED
2023-08-09,RED_SEA,26.0,82.0,26.0,4.185354915320229,False,NORMAL,OBSERVED
2023-08-10,RED_SEA,16.0,61.0,25.5,4.566237959253606,True,TRAFFIC_DROP,OBSERVED
2023-08-11,RED_SEA,24.0,72.0,25.5,4.566237959253606,False,NORMAL,OBSERVED
2023-08-12,RED_SEA,18.0,70.0,25.0,4.753584000158226,False,NORMAL,OBSERVED
2023-08-13,RED_SEA,34.0,94.0,25.0,4.990467102863352,False,NORMAL,OBSERVED
2023-08-14,RED_SEA,39.0,87.0,25.0,5.439421070968952,True,CONGESTION,OBSERVED
2023-08-15,RED_SEA,22.0,63.0,25.0,5.473843527445993,False,NORMAL,OBSERVED
2023-08-16,RED_SEA,23.0,73.0,25.0,5.4533859197215655,False,NORMAL,OBSERVED
2023-08-17,RED_SEA,24.0,74.0,25.0,5.460294389024666,False,NORMAL,OBSERVED
2023-08-18,RED_SEA,27.0,74.0,25.0,5.425785974322326,False,NORMAL,OBSERVED
2023-08-19,RED_SEA,27.0,75.0,25.0,5.425785974322326,False,NORMAL,OBSERVED
2023-08-20,RED_SEA,25.0,75.0,25.0,5.357089946828608,False,NORMAL,OBSERVED
2023-08-21,RED_SEA,23.0,72.0,25.0,5.334821221026708,False,NORMAL,OBSERVED
2023-08-22,RED_SEA,25.0,80.0,25.0,5.256766866011589,False,NORMAL,OBSERVED
2023-08-23,RED_SEA,21.0,73.0,25.0,5.182770601822016,False,NORMAL,OBSERVED
2023-08-24,RED_SEA,25.0,77.0,25.0,5.182770601822016,False,NORMAL,OBSERVED
2023-08-25,RED_SEA,22.0,68.0,25.0,5.0283587316728875,False,NORMAL,OBSERVED
2023-08-26,RED_SEA,13.0,46.0,24.5,5.420297928124344,True,TRAFFIC_DROP,OBSERVED
2023-08-27,RED_SEA,18.0,64.0,24.0,5.52663105278887,False,NORMAL,OBSERVED
2023-08-28,RED_SEA,31.0,74.0,24.0,5.2888772175407555,False,NORMAL,OBSERVED
2023-08-29,RED_SEA,23.0,75.0,23.5,5.291877573599721,False,NORMAL,OBSERVED
2023-08-30,RED_SEA,28.0,84.0,23.5,5.330728530573103,False,NORMAL,OBSERVED
2023-08-31,RED_SEA,28.0,82.0,24.0,5.370899444837918,False,NORMAL,OBSERVED
2023-09-01,RED_SEA,28.0,68.0,24.5,5.390075143530883,False,NORMAL,OBSERVED
2023-09-02,RED_SEA,26.0,83.0,25.0,5.31743662633902,False,NORMAL,OBSERVED
2023-09-03,RED_SEA,32.0,77.0,25.0,5.401841739619331,False,NORMAL,OBSERVED
2023-09-04,RED_SEA,32.0,75.0,25.0,5.537271499698663,False,NORMAL,OBSERVED
2023-09-05,RED_SEA,35.0,81.0,25.0,5.808564193448964,False,NORMAL,OBSERVED
2023-09-06,RED_SEA,24.0,80.0,25.0,5.814936978462577,False,NORMAL,OBSERVED
2023-09-07,RED_SEA,24.0,70.0,25.0,5.521842151016286,False,NORMAL,OBSERVED
2023-09-08,RED_SEA,24.0,73.0,25.0,5.521842151016286,False,NORMAL,OBSERVED
2023-09-09,RED_SEA,29.0,73.0,25.0,5.338291346241223,False,NORMAL,OBSERVED
2023-09-10,RED_SEA,24.0,69.0,25.0,5.123346294042271,False,NORMAL,OBSERVED
2023-09-11,RED_SEA,24.0,83.0,24.5,4.427397864643664,False,NORMAL,OBSERVED
2023-09-12,RED_SEA,29.0,74.0,25.0,4.434711565216626,False,NORMAL,OBSERVED
2023-09-13,RED_SEA,18.0,70.0,25.0,4.635239986823676,False,NORMAL,OBSERVED
2023-09-14,RED_SEA,34.0,97.0,25.0,4.906938182618745,False,NORMAL,OBSERVED
2023-09-15,RED_SEA,20.0,70.0,25.0,5.014265364224012,False,NORMAL,OBSERVED
2023-09-16,RED_SEA,31.0,71.0,25.0,5.116629181394095,False,NORMAL,OBSERVED
2023-09-17,RED_SEA,23.0,69.0,24.5,5.138813813265356,False,NORMAL,OBSERVED
2023-09-18,RED_SEA,30.0,75.0,25.0,5.182770601822016,False,NORMAL,OBSERVED
2023-09-19,RED_SEA,22.0,79.0,24.5,5.2296468665872435,False,NORMAL,OBSERVED
2023-09-20,RED_SEA,29.0,75.0,25.5,5.184939525548714,False,NORMAL,OBSERVED
2023-09-21,RED_SEA,21.0,65.0,25.0,5.2659432896830705,False,NORMAL,OBSERVED
2023-09-22,RED_SEA,34.0,80.0,27.0,5.43212081124269,False,NORMAL,OBSERVED
2023-09-23,RED_SEA,30.0,83.0,28.0,4.81551175257136,False,NORMAL,OBSERVED
2023-09-24,RED_SEA,26.0,79.0,28.0,4.499706045660533,False,NORMAL,OBSERVED
2023-09-25,RED_SEA,20.0,63.0,27.0,4.625670264602184,False,NORMAL,OBSERVED
2023-09-26,RED_SEA,23.0,72.0,27.0,4.625670264602184,False,NORMAL,OBSERVED
2023-09-27,RED_SEA,17.0,66.0,26.0,4.966954290169616,False,NORMAL,OBSERVED
2023-09-28,RED_SEA,22.0,80.0,25.0,5.020987697686271,False,NORMAL,OBSERVED
2023-09-29,RED_SEA,27.0,77.0,25.0,5.010570836323895,False,NORMAL,OBSERVED
2023-09-30,RED_SEA,29.0,80.0,25.0,5.040969714387807,False,NORMAL,OBSERVED
2023-10-01,RED_SEA,29.0,82.0,25.0,4.943597216516822,False,NORMAL,OBSERVED
2023-10-02,RED_SEA,30.0,72.0,25.0,4.868644955601417,False,NORMAL,OBSERVED
2023-10-03,RED_SEA,27.0,77.0,25.0,4.544896550647118,False,NORMAL,OBSERVED
2023-10-04,RED_SEA,23.0,74.0,25.0,4.5627604658564405,False,NORMAL,OBSERVED
2023-10-05,RED_SEA,25.0,80.0,25.5,4.553038406400516,False,NORMAL,OBSERVED
2023-10-06,RED_SEA,26.0,89.0,26.0,4.540820148282361,False,NORMAL,OBSERVED
2023-10-07,RED_SEA,26.0,78.0,26.0,4.497353719265352,False,NORMAL,OBSERVED
2023-10-08,RED_SEA,25.0,71.0,26.0,4.4874899596060995,False,NORMAL,OBSERVED
2023-10-09,RED_SEA,23.0,71.0,26.0,4.50558148858324,False,NORMAL,OBSERVED
2023-10-10,RED_SEA,30.0,73.0,26.0,4.536740083144504,False,NORMAL,OBSERVED
2023-10-11,RED_SEA,31.0,84.0,26.0,4.380542596431733,False,NORMAL,OBSERVED
2023-10-12,RED_SEA,19.0,80.0,26.0,4.305158711870092,False,NORMAL,OBSERVED
2023-10-13,RED_SEA,27.0,78.0,26.0,4.166349194254489,False,NORMAL,OBSERVED
2023-10-14,RED_SEA,29.0,87.0,26.0,4.092029935705312,False,NORMAL,OBSERVED
2023-10-15,RED_SEA,17.0,77.0,26.0,4.391399723822798,True,TRAFFIC_DROP,OBSERVED
2023-10-16,RED_SEA,40.0,86.0,26.0,5.109773807106121,True,CONGESTION,OBSERVED
2023-10-17,RED_SEA,22.0,80.0,26.0,5.109773807106121,False,NORMAL,OBSERVED
2023-10-18,RED_SEA,31.0,76.0,26.0,5.167434658743193,False,NORMAL,OBSERVED
2023-10-19,RED_SEA,36.0,84.0,26.5,5.398412465054573,False,NORMAL,OBSERVED
2023-10-20,RED_SEA,27.0,87.0,26.5,5.200096661698196,False,NORMAL,OBSERVED
2023-10-21,RED_SEA,34.0,86.0,26.5,5.357460308054591,False,NORMAL,OBSERVED
2023-10-22,RED_SEA,19.0,72.0,26.5,5.540137335222036,False,NORMAL,OBSERVED
2023-10-23,RED_SEA,19.0,62.0,26.5,5.584725010164141,False,NORMAL,OBSERVED
2023-10-24,RED_SEA,21.0,71.0,26.5,5.6394068883978825,False,NORMAL,OBSERVED
2023-10-25,RED_SEA,34.0,86.0,27.0,5.536793716230009,False,NORMAL,OBSERVED
2023-10-26,RED_SEA,34.0,62.0,27.0,5.6221406606794435,False,NORMAL,OBSERVED
2023-10-27,RED_SEA,20.0,95.0,27.0,5.78208783075276,False,NORMAL,OBSERVED
2023-10-28,RED_SEA,29.0,82.0,27.0,5.78208783075276,False,NORMAL,OBSERVED
2023-10-29,RED_SEA,23.0,62.0,26.5,5.812206640489092,False,NORMAL,OBSERVED
2023-10-30,RED_SEA,27.0,84.0,26.5,5.776251324611735,False,NORMAL,OBSERVED
2023-10-31,RED_SEA,26.0,77.0,26.0,5.776594811742215,False,NORMAL,OBSERVED
2023-11-01,RED_SEA,15.0,61.0,26.0,6.144102863722208,False,NORMAL,OBSERVED
2023-11-02,RED_SEA,21.0,94.0,26.0,6.220273220831893,False,NORMAL,OBSERVED
2023-11-03,RED_SEA,28.0,87.0,26.5,6.230472138512659,False,NORMAL,OBSERVED
2023-11-04,RED_SEA,28.0,83.0,27.0,6.239806502223016,False,NORMAL,OBSERVED
2023-11-05,RED_SEA,21.0,68.0,27.0,6.314822572882279,False,NORMAL,OBSERVED
2023-11-06,RED_SEA,17.0,65.0,27.0,6.5225494090616305,False,NORMAL,OBSERVED
2023-11-07,RED_SEA,23.0,66.0,26.5,6.493382875206158,False,NORMAL,OBSERVED
2023-11-08,RED_SEA,25.0,77.0,25.5,6.408493041954753,False,NORMAL,OBSERVED
2023-11-09,RED_SEA,35.0,83.0,26.5,6.526300069150363,False,NORMAL,OBSERVED
2023-11-10,RED_SEA,28.0,70.0,26.5,6.534705881092155,False,NORMAL,OBSERVED
2023-11-11,RED_SEA,22.0,85.0,25.5,6.550980378183356,False,NORMAL,OBSERVED
2023-11-12,RED_SEA,31.0,71.0,26.5,6.387819096079057,False,NORMAL,OBSERVED
2023-11-13,RED_SEA,27.0,83.0,26.5,5.799448067152365,False,NORMAL,OBSERVED
2023-11-14,RED_SEA,20.0,70.0,26.5,5.860255335102048,False,NORMAL,OBSERVED
2023-11-15,RED_SEA,26.0,75.0,26.0,5.769835811442532,False,NORMAL,OBSERVED
2023-11-16,RED_SEA,21.0,75.0,25.5,5.453385919721561,False,NORMAL,OBSERVED
2023-11-17,RED_SEA,35.0,85.0,25.5,5.76100281540921,False,NORMAL,OBSERVED
2023-11-18,RED_SEA,25.0,83.0,25.0,5.504207145111426,False,NORMAL,OBSERVED
2023-11-19,RED_SEA,19.0,59.0,25.0,5.504207145111426,False,NORMAL,OBSERVED
2023-11-20,RED_SEA,24.0,71.0,25.0,5.382093571922604,False,NORMAL,OBSERVED
2023-11-21,RED_SEA,27.0,86.0,25.5,5.32874306431658,False,NORMAL,OBSERVED
2023-11-22,RED_SEA,26.0,84.0,25.5,5.05773544490884,False,NORMAL,OBSERVED
2023-11-23,RED_SEA,25.0,75.0,25.0,4.748154751582231,False,NORMAL,OBSERVED
2023-11-24,RED_SEA,25.0,84.0,25.0,4.6546045928030555,False,NORMAL,OBSERVED
2023-11-25,RED_SEA,31.0,73.0,25.0,4.733506591955275,False,NORMAL,OBSERVED
2023-11-26,RED_SEA,33.0,88.0,25.5,4.946673298245612,False,NORMAL,OBSERVED
2023-11-27,RED_SEA,30.0,65.0,25.5,5.014792931731833,False,NORMAL,OBSERVED
2023-11-28,RED_SEA,26.0,77.0,25.5,5.014792931731833,False,NORMAL,OBSERVED
2023-11-29,RED_SEA,40.0,88.0,26.0,5.293876866260842,True,CONGESTION,OBSERVED
2023-11-30,RED_SEA,26.0,72.0,26.0,5.188509894048036,False,NORMAL,OBSERVED
2023-12-01,RED_SEA,24.0,64.0,26.0,5.202766866656866,False,NORMAL,OBSERVED
2023-12-02,RED_SEA,22.0,67.0,25.5,5.258905271640105,False,NORMAL,OBSERVED
2023-12-03,RED_SEA,35.0,90.0,26.0,5.408204623410314,False,NORMAL,OBSERVED
2023-12-04,RED_SEA,28.0,84.0,26.0,5.065053001179885,False,NORMAL,OBSERVED
2023-12-05,RED_SEA,32.0,72.0,26.0,5.0803074522634235,False,NORMAL,OBSERVED
2023-12-06,RED_SEA,27.0,66.0,26.5,5.0589121945920414,False,NORMAL,OBSERVED
2023-12-07,RED_SEA,29.0,74.0,26.5,4.852316307184952,False,NORMAL,OBSERVED
2023-12-08,RED_SEA,31.0,81.0,26.5,4.901543866490613,False,NORMAL,OBSERVED
2023-12-09,RED_SEA,25.0,77.0,26.5,4.811252243246826,False,NORMAL,OBSERVED
2023-12-10,RED_SEA,26.0,63.0,26.0,4.769141326770308,False,NORMAL,OBSERVED
2023-12-11,RED_SEA,23.0,61.0,26.0,4.838530320394316,False,NORMAL,OBSERVED
2023-12-12,RED_SEA,23.0,83.0,26.0,4.705057506297409,False,NORMAL,OBSERVED
2023-12-13,RED_SEA,35.0,81.0,26.0,4.916633037280685,False,NORMAL,OBSERVED
2023-12-14,RED_SEA,34.0,91.0,26.5,4.883294056941517,False,NORMAL,OBSERVED
2023-12-15,RED_SEA,27.0,76.0,26.5,4.693235027830431,False,NORMAL,OBSERVED
2023-12-16,RED_SEA,27.0,65.0,27.0,4.664398541785772,False,NORMAL,OBSERVED
2023-12-17,RED_SEA,26.0,57.0,27.0,4.349025311954468,False,NORMAL,OBSERVED
2023-12-18,RED_SEA,22.0,52.0,27.0,4.434562426592212,False,NORMAL,OBSERVED
2023-12-19,RED_SEA,23.0,56.0,26.5,4.532510429513679,False,NORMAL,OBSERVED
2023-12-20,RED_SEA,18.0,63.0,26.5,4.893981834974224,False,NORMAL,OBSERVED
2023-12-21,RED_SEA,25.0,53.0,26.5,4.893981834974224,False,NORMAL,OBSERVED
2023-12-22,RED_SEA,21.0,50.0,26.5,5.029410854660117,False,NORMAL,OBSERVED
2023-12-23,RED_SEA,17.0,50.0,26.0,5.3505426713844955,False,NORMAL,OBSERVED
2023-12-24,RED_SEA,27.0,69.0,26.0,5.218379200621677,False,NORMAL,OBSERVED
2023-12-25,RED_SEA,22.0,60.0,26.0,5.252739270254072,False,NORMAL,OBSERVED
2023-12-26,RED_SEA,28.0,57.0,26.0,5.2597855389115775,False,NORMAL,OBSERVED
2023-12-27,RED_SEA,21.0,45.0,26.0,4.648490680690349,False,NORMAL,OBSERVED
2023-12-28,RED_SEA,17.0,45.0,25.5,4.940251477008439,False,NORMAL,OBSERVED
2023-12-29,RED_SEA,25.0,68.0,25.5,4.932346533653301,False,NORMAL,OBSERVED
2023-12-30,RED_SEA,21.0,44.0,25.5,4.962691495378922,False,NORMAL,OBSERVED
2023-12-31,RED_SEA,15.0,49.0,25.0,4.989274210028601,True,TRAFFIC_DROP,OBSERVED
2024-01-01,RED_SEA,16.0,35.0,25.0,5.216350971734631,False,NORMAL,OBSERVED
2024-01-02,RED_SEA,18.0,51.0,24.0,5.130441362244375,False,NORMAL,OBSERVED
2024-01-03,RED_SEA,12.0,41.0,23.0,5.55920515044743,False,NORMAL,OBSERVED
2024-01-04,RED_SEA,21.0,54.0,23.0,5.46320060464195,False,NORMAL,OBSERVED
2024-01-05,RED_SEA,18.0,45.0,22.5,5.314824032586008,False,NORMAL,OBSERVED
2024-01-06,RED_SEA,18.0,45.0,22.0,5.362519347901046,False,NORMAL,OBSERVED
2024-01-07,RED_SEA,14.0,43.0,21.5,5.537271499698651,False,NORMAL,OBSERVED
2024-01-08,RED_SEA,22.0,51.0,21.5,5.533328552302326,False,NORMAL,OBSERVED
2024-01-09,RED_SEA,13.0,53.0,21.0,5.776594811742198,False,NORMAL,OBSERVED
2024-01-10,RED_SEA,12.0,43.0,21.0,5.415048598373846,False,NORMAL,OBSERVED
2024-01-11,RED_SEA,23.0,55.0,21.0,4.776900990054355,False,NORMAL,OBSERVED
2024-01-12,RED_SEA,8.0,35.0,21.0,5.129538898592006,True,TRAFFIC_DROP,OBSERVED
2024-01-13,RED_SEA,13.0,43.0,19.5,5.06779436071935,False,NORMAL,OBSERVED
2024-01-14,RED_SEA,9.0,27.0,18.0,5.231543521662298,False,NORMAL,OBSERVED
2024-01-15,RED_SEA,10.0,29.0,18.0,5.425176465566701,False,NORMAL,OBSERVED
2024-01-16,RED_SEA,10.0,37.0,18.0,5.545864563493492,False,NORMAL,OBSERVED
2024-01-17,RED_SEA,18.0,46.0,18.0,5.545864563493492,False,NORMAL,OBSERVED
2024-01-18,RED_SEA,11.0,32.0,17.5,5.4888053460642245,False,NORMAL,OBSERVED
2024-01-19,RED_SEA,12.0,36.0,17.0,5.5180080371826,False,NORMAL,OBSERVED
2024-01-20,RED_SEA,13.0,39.0,16.5,5.564793906060698,False,NORMAL,OBSERVED
2024-01-21,RED_SEA,17.0,40.0,16.5,5.185832348124667,False,NORMAL,OBSERVED
2024-01-22,RED_SEA,17.0,45.0,16.5,5.067794360719339,False,NORMAL,OBSERVED
2024-01-23,RED_SEA,11.0,35.0,15.5,4.590506652075602,False,NORMAL,OBSERVED
2024-01-24,RED_SEA,12.0,31.0,14.5,4.508076233023387,False,NORMAL,OBSERVED
2024-01-25,RED_SEA,13.0,33.0,13.5,4.512768481218417,False,NORMAL,OBSERVED
2024-01-26,RED_SEA,12.0,29.0,13.0,4.103650459035964,False,NORMAL,OBSERVED
2024-01-27,RED_SEA,11.0,32.0,13.0,3.9592835116880556,False,NORMAL,OBSERVED
2024-01-28,RED_SEA,11.0,31.0,13.0,4.003140301704557,False,NORMAL,OBSERVED
2024-01-29,RED_SEA,11.0,35.0,12.5,4.0270251075614345,False,NORMAL,OBSERVED
2024-01-30,RED_SEA,6.0,27.0,12.0,4.211975871338733,False,NORMAL,OBSERVED
2024-01-31,RED_SEA,10.0,36.0,12.0,4.25509343091536,False,NORMAL,OBSERVED
2024-02-01,RED_SEA,10.0,32.0,12.0,4.03211315663827,False,NORMAL,OBSERVED
2024-02-02,RED_SEA,16.0,39.0,12.0,3.957946931850254,False,NORMAL,OBSERVED
2024-02-03,RED_SEA,10.0,28.0,12.0,3.8687118291403055,False,NORMAL,OBSERVED
2024-02-04,RED_SEA,8.0,27.0,11.5,3.9579469318502514,False,NORMAL,OBSERVED
2024-02-05,RED_SEA,17.0,50.0,11.5,3.609218063023336,False,NORMAL,OBSERVED
2024-02-06,RED_SEA,11.0,37.0,11.0,3.614345316027642,False,NORMAL,OBSERVED
2024-02-07,RED_SEA,8.0,28.0,11.0,3.701136676537572,False,NORMAL,OBSERVED
2024-02-08,RED_SEA,8.0,29.0,11.0,3.0969775332198823,False,NORMAL,OBSERVED
2024-02-09,RED_SEA,13.0,30.0,11.0,3.028960741673957,False,NORMAL,OBSERVED
2024-02-10,RED_SEA,10.0,32.0,11.0,3.034850484013394,False,NORMAL,OBSERVED
2024-02-11,RED_SEA,7.0,38.0,11.0,3.1208040613625294,False,NORMAL,OBSERVED
2024-02-12,RED_SEA,8.0,27.0,11.0,3.17958933823021,False,NORMAL,OBSERVED
2024-02-13,RED_SEA,14.0,41.0,11.0,3.2011489339537715,False,NORMAL,OBSERVED
2024-02-14,RED_SEA,8.0,32.0,11.0,3.0138568866706645,False,NORMAL,OBSERVED
2024-02-15,RED_SEA,7.0,33.0,11.0,3.1191082024891075,False,NORMAL,OBSERVED
2024-02-16,RED_SEA,12.0,37.0,11.0,3.1191082024891075,False,NORMAL,OBSERVED
2024-02-17,RED_SEA,12.0,33.0,11.0,3.102311819327238,False,NORMAL,OBSERVED
2024-02-18,RED_SEA,17.0,43.0,11.0,3.102311819327238,False,NORMAL,OBSERVED
2024-02-19,RED_SEA,15.0,36.0,11.0,2.9814239699995264,False,NORMAL,OBSERVED
2024-02-20,RED_SEA,10.0,31.0,11.0,2.9874074336457728,False,NORMAL,OBSERVED
2024-02-21,RED_SEA,17.0,31.0,11.0,3.19390954803937,False,NORMAL,OBSERVED
2024-02-22,RED_SEA,14.0,37.0,11.0,3.2209220146314435,False,NORMAL,OBSERVED
2024-02-23,RED_SEA,22.0,45.0,11.0,3.8150010228349442,True,CONGESTION,OBSERVED
2024-02-24,RED_SEA,12.0,26.0,11.0,3.814480901808714,False,NORMAL,OBSERVED
2024-02-25,RED_SEA,14.0,44.0,11.0,3.839883981933291,False,NORMAL,OBSERVED
2024-02-26,RED_SEA,12.0,38.0,11.5,3.837988891354117,False,NORMAL,OBSERVED
2024-02-27,RED_SEA,17.0,40.0,12.0,3.794140567441003,False,NORMAL,OBSERVED
2024-02-28,RED_SEA,8.0,27.0,12.0,3.8536384236884484,False,NORMAL,OBSERVED
2024-02-29,RED_SEA,13.0,35.0,12.0,3.8366100557100684,False,NORMAL,OBSERVED
2024-03-01,RED_SEA,6.0,21.0,12.0,3.9285954785217214,False,NORMAL,OBSERVED
2024-03-02,RED_SEA,17.0,29.0,12.0,4.032113156638266,False,NORMAL,OBSERVED
2024-03-03,RED_SEA,19.0,53.0,12.0,4.158245458243681,False,NORMAL,OBSERVED
2024-03-04,RED_SEA,9.0,37.0,12.0,4.107033584927662,False,NORMAL,OBSERVED
2024-03-05,RED_SEA,9.0,28.0,12.0,4.144863590022363,False,NORMAL,OBSERVED
2024-03-06,RED_SEA,14.0,35.0,12.0,4.0811866725357655,False,NORMAL,OBSERVED
2024-03-07,RED_SEA,11.0,30.0,12.0,4.003140301704548,False,NORMAL,OBSERVED
2024-03-08,RED_SEA,8.0,29.0,12.0,4.08572168571485,False,NORMAL,OBSERVED
2024-03-09,RED_SEA,14.0,29.0,12.0,4.07534852601155,False,NORMAL,OBSERVED
2024-03-10,RED_SEA,14.0,33.0,12.5,3.947238000258756,False,NORMAL,OBSERVED
2024-03-11,RED_SEA,14.0,26.0,13.5,3.8495172513942566,False,NORMAL,OBSERVED
2024-03-12,RED_SEA,13.0,35.0,13.0,3.842810920042084,False,NORMAL,OBSERVED
2024-03-13,RED_SEA,12.0,33.0,13.0,3.7310367085615557,False,NORMAL,OBSERVED
2024-03-14,RED_SEA,14.0,35.0,13.5,3.5491634009382813,False,NORMAL,OBSERVED
2024-03-15,RED_SEA,12.0,38.0,13.5,3.5491634009382813,False,NORMAL,OBSERVED
2024-03-16,RED_SEA,11.0,24.0,13.5,3.5664515585628886,False,NORMAL,OBSERVED
2024-03-17,RED_SEA,15.0,39.0,13.5,3.505853004762782,False,NORMAL,OBSERVED
2024-03-18,RED_SEA,5.0,22.0,13.0,3.7991923396771257,True,TRAFFIC_DROP,OBSERVED
2024-03-19,RED_SEA,13.0,34.0,13.0,3.761929877352225,False,NORMAL,OBSERVED
2024-03-20,RED_SEA,12.0,29.0,13.0,3.6738745892250337,False,NORMAL,OBSERVED
2024-03-21,RED_SEA,9.0,26.0,12.5,3.7266024925614274,False,NORMAL,OBSERVED
2024-03-22,RED_SEA,13.0,40.0,12.5,3.2285105580250644,False,NORMAL,OBSERVED
2024-03-23,RED_SEA,10.0,32.0,12.5,3.2538133915915455,False,NORMAL,OBSERVED
2024-03-24,RED_SEA,14.0,32.0,12.5,3.2538133915915455,False,NORMAL,OBSERVED
2024-03-25,RED_SEA,12.0,29.0,12.5,3.2538133915915455,False,NORMAL,OBSERVED
2024-03-26,RED_SEA,19.0,46.0,12.5,3.3853090642238786,False,NORMAL,OBSERVED
2024-03-27,RED_SEA,16.0,36.0,13.0,3.3602091141778954,False,NORMAL,OBSERVED
2024-03-28,RED_SEA,12.0,33.0,12.5,3.3592248412975336,False,NORMAL,OBSERVED
2024-03-29,RED_SEA,14.0,32.0,13.0,3.1275783014570475,False,NORMAL,OBSERVED
2024-03-30,RED_SEA,11.0,25.0,12.5,3.0243719012092916,False,NORMAL,OBSERVED
2024-03-31,RED_SEA,13.0,37.0,12.5,2.7436796055255206,False,NORMAL,OBSERVED
2024-04-01,RED_SEA,15.0,34.0,13.0,2.7145989794160257,False,NORMAL,OBSERVED
2024-04-02,RED_SEA,11.0,29.0,13.0,2.6455013227507864,False,NORMAL,OBSERVED
2024-04-03,RED_SEA,10.0,23.0,12.5,2.671374812010155,False,NORMAL,OBSERVED
2024-04-04,RED_SEA,10.0,31.0,12.5,2.6972453123754203,False,NORMAL,OBSERVED
2024-04-05,RED_SEA,7.0,30.0,12.5,2.762896647288274,False,NORMAL,OBSERVED
2024-04-06,RED_SEA,9.0,33.0,12.0,2.8115408417379957,False,NORMAL,OBSERVED
2024-04-07,RED_SEA,13.0,27.0,12.0,2.7933689432133635,False,NORMAL,OBSERVED
2024-04-08,RED_SEA,9.0,27.0,12.0,2.8274916436141546,False,NORMAL,OBSERVED
2024-04-09,RED_SEA,16.0,38.0,12.0,2.9247620081353096,False,NORMAL,OBSERVED
2024-04-10,RED_SEA,18.0,34.0,12.0,3.1343379004301646,False,NORMAL,OBSERVED
2024-04-11,RED_SEA,16.0,40.0,12.0,3.1978415339396316,False,NORMAL,OBSERVED
2024-04-12,RED_SEA,10.0,31.0,12.0,3.227486121839343,False,NORMAL,OBSERVED
2024-04-13,RED_SEA,13.0,32.0,12.5,3.220922014631451,False,NORMAL,OBSERVED
2024-04-14,RED_SEA,10.0,30.0,12.0,3.2054847176567796,False,NORMAL,OBSERVED
2024-04-15,RED_SEA,14.0,28.0,12.5,2.8993248621159315,False,NORMAL,OBSERVED
2024-04-16,RED_SEA,9.0,41.0,12.0,2.9696435928882052,False,NORMAL,OBSERVED
2024-04-17,RED_SEA,13.0,31.0,12.5,2.9716473260948604,False,NORMAL,OBSERVED
2024-04-18,RED_SEA,15.0,40.0,13.0,2.9367224288886304,False,NORMAL,OBSERVED
2024-04-19,RED_SEA,8.0,27.0,12.5,3.059160932096334,False,NORMAL,OBSERVED
2024-04-20,RED_SEA,12.0,27.0,12.5,3.0243719012092916,False,NORMAL,OBSERVED
2024-04-21,RED_SEA,11.0,34.0,12.0,3.0210898905830375,False,NORMAL,OBSERVED
2024-04-22,RED_SEA,10.0,29.0,12.0,3.0533180841095184,False,NORMAL,OBSERVED
2024-04-23,RED_SEA,7.0,18.0,11.5,2.9150222121543727,False,NORMAL,OBSERVED
2024-04-24,RED_SEA,9.0,32.0,11.0,2.845910460503845,False,NORMAL,OBSERVED
2024-04-25,RED_SEA,14.0,40.0,11.0,2.881017971180224,False,NORMAL,OBSERVED
2024-04-26,RED_SEA,21.0,47.0,11.0,3.3546934664686026,True,CONGESTION,OBSERVED
2024-04-27,RED_SEA,16.0,40.0,11.5,3.4355363559288583,False,NORMAL,OBSERVED
2024-04-28,RED_SEA,12.0,30.0,11.5,3.4311057652724224,False,NORMAL,OBSERVED
2024-04-29,RED_SEA,4.0,26.0,11.0,3.702387332204833,False,NORMAL,OBSERVED
2024-04-30,RED_SEA,17.0,35.0,11.5,3.83298825223843,False,NORMAL,OBSERVED
2024-05-01,RED_SEA,16.0,35.0,12.0,3.8905325324744773,False,NORMAL,OBSERVED
2024-05-02,RED_SEA,18.0,38.0,12.5,4.0216017236020924,False,NORMAL,OBSERVED
2024-05-03,RED_SEA,14.0,28.0,13.0,3.8893423771870532,False,NORMAL,OBSERVED
2024-05-04,RED_SEA,13.0,33.0,13.0,3.823486317360968,False,NORMAL,OBSERVED
2024-05-05,RED_SEA,10.0,29.0,13.0,3.859126474068459,False,NORMAL,OBSERVED
2024-05-06,RED_SEA,8.0,32.0,13.0,3.8988534469837557,False,NORMAL,OBSERVED
2024-05-07,RED_SEA,11.0,27.0,12.5,3.85363842368845,False,NORMAL,OBSERVED
2024-05-08,RED_SEA,12.0,35.0,12.0,3.6980976090315436,False,NORMAL,OBSERVED
2024-05-09,RED_SEA,12.0,36.0,12.0,3.624395589093756,False,NORMAL,OBSERVED
2024-05-10,RED_SEA,10.0,30.0,12.0,3.624395589093756,False,NORMAL,OBSERVED
2024-05-11,RED_SEA,11.0,30.0,12.0,3.6258551262873535,False,NORMAL,OBSERVED
2024-05-12,RED_SEA,18.0,35.0,12.0,3.771762250750884,False,NORMAL,OBSERVED
2024-05-13,RED_SEA,6.0,25.0,12.0,3.939187196262022,False,NORMAL,OBSERVED
2024-05-14,RED_SEA,12.0,27.0,12.0,3.894100815852108,False,NORMAL,OBSERVED
2024-05-15,RED_SEA,10.0,29.0,12.0,3.910878871171086,False,NORMAL,OBSERVED
2024-05-16,RED_SEA,19.0,36.0,12.0,4.092029935705247,False,NORMAL,OBSERVED
2024-05-17,RED_SEA,7.0,35.0,12.0,4.133998922344559,False,NORMAL,OBSERVED
2024-05-18,RED_SEA,13.0,36.0,12.0,4.137037510716848,False,NORMAL,OBSERVED
2024-05-19,RED_SEA,15.0,31.0,12.0,4.163808543545258,False,NORMAL,OBSERVED
2024-05-20,RED_SEA,17.0,35.0,12.0,4.228900316110181,False,NORMAL,OBSERVED
2024-05-21,RED_SEA,15.0,41.0,12.5,4.107033584927666,False,NORMAL,OBSERVED
2024-05-22,RED_SEA,9.0,31.0,12.5,4.107033584927666,False,NORMAL,OBSERVED
2024-05-23,RED_SEA,12.0,33.0,12.0,4.103811623511581,False,NORMAL,OBSERVED
2024-05-24,RED_SEA,10.0,33.0,12.0,3.803889682887191,False,NORMAL,OBSERVED
2024-05-25,RED_SEA,7.0,25.0,12.0,3.8675149589459683,False,NORMAL,OBSERVED
2024-05-26,RED_SEA,13.0,28.0,12.0,3.8714461429928377,False,NORMAL,OBSERVED
2024-05-27,RED_SEA,9.0,25.0,12.0,3.5886357962749256,False,NORMAL,OBSERVED
2024-05-28,RED_SEA,9.0,35.0,12.0,3.5171537314097097,False,NORMAL,OBSERVED
2024-05-29,RED_SEA,9.0,39.0,11.5,3.4707774772081192,False,NORMAL,OBSERVED
2024-05-30,RED_SEA,11.0,31.0,11.0,3.2489314482694773,False,NORMAL,OBSERVED
2024-05-31,RED_SEA,3.0,26.0,11.0,3.5832871905480745,True,TRAFFIC_DROP,OBSERVED
2024-06-01,RED_SEA,14.0,29.0,11.0,3.6077517952142775,False,NORMAL,OBSERVED
2024-06-02,RED_SEA,6.0,28.0,11.0,3.731745694165767,False,NORMAL,OBSERVED
2024-06-03,RED_SEA,9.0,27.0,11.0,3.7066720908945814,False,NORMAL,OBSERVED
2024-06-04,RED_SEA,10.0,26.0,10.5,3.711842908553189,False,NORMAL,OBSERVED
2024-06-05,RED_SEA,9.0,33.0,10.0,3.725182428684928,False,NORMAL,OBSERVED
2024-06-06,RED_SEA,13.0,43.0,10.0,3.7409502796358858,False,NORMAL,OBSERVED
2024-06-07,RED_SEA,12.0,34.0,10.5,3.7416573867737837,False,NORMAL,OBSERVED
2024-06-08,RED_SEA,16.0,41.0,10.5,3.859126474068448,False,NORMAL,OBSERVED
2024-06-09,RED_SEA,12.0,25.0,10.5,3.625855126287344,False,NORMAL,OBSERVED
2024-06-10,RED_SEA,13.0,32.0,11.5,3.5103776609860873,False,NORMAL,OBSERVED
2024-06-11,RED_SEA,9.0,28.0,10.5,3.5312287832389937,False,NORMAL,OBSERVED
2024-06-12,RED_SEA,7.0,32.0,10.5,3.6106837353935965,False,NORMAL,OBSERVED
2024-06-13,RED_SEA,10.0,37.0,10.0,3.255235912581398,False,NORMAL,OBSERVED
2024-06-14,RED_SEA,19.0,44.0,10.5,3.531228783238994,True,CONGESTION,OBSERVED
2024-06-15,RED_SEA,9.0,29.0,10.0,3.532726812273707,False,NORMAL,OBSERVED
2024-06-16,RED_SEA,11.0,27.0,10.0,3.4432281518683765,False,NORMAL,OBSERVED
2024-06-17,RED_SEA,16.0,31.0,10.0,3.3813994785977655,False,NORMAL,OBSERVED
2024-06-18,RED_SEA,16.0,37.0,10.0,3.432454811318692,False,NORMAL,OBSERVED
2024-06-19,RED_SEA,14.0,37.0,10.5,3.464101615137584,False,NORMAL,OBSERVED
2024-06-20,RED_SEA,10.0,26.0,10.0,3.46333784010567,False,NORMAL,OBSERVED
2024-06-21,RED_SEA,14.0,29.0,10.5,3.505853004762766,False,NORMAL,OBSERVED
2024-06-22,RED_SEA,14.0,33.0,11.0,3.4539678892388412,False,NORMAL,OBSERVED
2024-06-23,RED_SEA,12.0,30.0,11.0,3.441114621931195,False,NORMAL,OBSERVED
2024-06-24,RED_SEA,10.0,29.0,11.0,3.4216475501826293,False,NORMAL,OBSERVED
2024-06-25,RED_SEA,10.0,25.0,11.0,3.401680257082874,False,NORMAL,OBSERVED
2024-06-26,RED_SEA,11.0,27.0,11.0,3.3712133372241815,False,NORMAL,OBSERVED
2024-06-27,RED_SEA,12.0,28.0,11.5,3.3718018356727995,False,NORMAL,OBSERVED
2024-06-28,RED_SEA,10.0,28.0,11.5,2.9546842014262,False,NORMAL,OBSERVED
2024-06-29,RED_SEA,8.0,31.0,11.0,2.999999999999807,False,NORMAL,OBSERVED
2024-06-30,RED_SEA,11.0,27.0,11.0,2.8028235952016236,False,NORMAL,OBSERVED
2024-07-01,RED_SEA,4.0,17.0,11.0,3.121015978930512,True,TRAFFIC_DROP,OBSERVED
2024-07-02,RED_SEA,9.0,33.0,11.0,3.144450053278789,False,NORMAL,OBSERVED
2024-07-03,RED_SEA,9.0,27.0,11.0,3.144450053278789,False,NORMAL,OBSERVED
2024-07-04,RED_SEA,15.0,30.0,11.0,3.20280135318058,False,NORMAL,OBSERVED
2024-07-05,RED_SEA,18.0,33.0,11.0,3.4278273002003545,True,CONGESTION,OBSERVED
2024-07-06,RED_SEA,11.0,34.0,11.0,3.326978068575432,False,NORMAL,OBSERVED
2024-07-07,RED_SEA,9.0,29.0,11.0,3.3607995395400163,False,NORMAL,OBSERVED
2024-07-08,RED_SEA,13.0,33.0,11.0,3.3607995395400163,False,NORMAL,OBSERVED
2024-07-09,RED_SEA,6.0,28.0,11.0,3.487695681108087,False,NORMAL,OBSERVED
2024-07-10,RED_SEA,15.0,32.0,11.0,3.4449564391619982,False,NORMAL,OBSERVED
2024-07-11,RED_SEA,7.0,28.0,11.0,3.543195281695838,False,NORMAL,OBSERVED
2024-07-12,RED_SEA,13.0,28.0,11.0,3.2438382777946266,False,NORMAL,OBSERVED
2024-07-13,RED_SEA,21.0,35.0,11.0,3.6880688512893443,True,CONGESTION,OBSERVED
2024-07-14,RED_SEA,10.0,39.0,11.0,3.700421826376088,False,NORMAL,OBSERVED
2024-07-15,RED_SEA,14.0,35.0,11.0,3.633326052125937,False,NORMAL,OBSERVED
2024-07-16,RED_SEA,9.0,28.0,11.0,3.5625551142119587,False,NORMAL,OBSERVED
2024-07-17,RED_SEA,8.0,22.0,10.5,3.58033281536534,False,NORMAL,OBSERVED
2024-07-18,RED_SEA,10.0,29.0,10.5,3.58033281536534,False,NORMAL,OBSERVED
2024-07-19,RED_SEA,14.0,30.0,10.5,3.58033281536534,False,NORMAL,OBSERVED
2024-07-20,RED_SEA,12.0,31.0,10.5,3.541701680499026,False,NORMAL,OBSERVED
2024-07-21,RED_SEA,13.0,27.0,10.5,3.5560515527058207,False,NORMAL,OBSERVED
2024-07-22,RED_SEA,10.0,28.0,10.5,3.5560515527058207,False,NORMAL,OBSERVED
2024-07-23,RED_SEA,12.0,29.0,11.0,3.552329886010934,False,NORMAL,OBSERVED
2024-07-24,RED_SEA,8.0,19.0,10.5,3.6039000038977314,False,NORMAL,OBSERVED
2024-07-25,RED_SEA,10.0,22.0,10.0,3.605367838192946,False,NORMAL,OBSERVED
2024-07-26,RED_SEA,11.0,30.0,10.5,3.5996766462657153,False,NORMAL,OBSERVED
2024-07-27,RED_SEA,13.0,32.0,11.0,3.565524219937623,False,NORMAL,OBSERVED
2024-07-28,RED_SEA,11.0,23.0,11.0,3.565524219937623,False,NORMAL,OBSERVED
2024-07-29,RED_SEA,9.0,21.0,11.0,3.304638394837438,False,NORMAL,OBSERVED
2024-07-30,RED_SEA,15.0,35.0,11.0,3.335713435980821,False,NORMAL,OBSERVED
2024-07-31,RED_SEA,9.0,25.0,11.0,3.335713435980821,False,NORMAL,OBSERVED
2024-08-01,RED_SEA,13.0,36.0,11.0,3.282146671385302,False,NORMAL,OBSERVED
2024-08-02,RED_SEA,10.0,40.0,11.0,3.0411637983962794,False,NORMAL,OBSERVED
2024-08-03,RED_SEA,10.0,27.0,10.5,3.05050086962033,False,NORMAL,OBSERVED
2024-08-04,RED_SEA,15.0,28.0,11.0,3.0969775332198783,False,NORMAL,OBSERVED
2024-08-05,RED_SEA,11.0,36.0,11.0,3.083279707813191,False,NORMAL,OBSERVED
2024-08-06,RED_SEA,5.0,22.0,11.0,3.1530618360250693,False,NORMAL,OBSERVED
2024-08-07,RED_SEA,9.0,23.0,10.5,3.099752507614832,False,NORMAL,OBSERVED
2024-08-08,RED_SEA,9.0,31.0,10.5,3.022840739695853,False,NORMAL,OBSERVED
2024-08-09,RED_SEA,11.0,30.0,10.5,3.0026443372254144,False,NORMAL,OBSERVED
2024-08-10,RED_SEA,14.0,39.0,10.5,2.3779743280281074,False,NORMAL,OBSERVED
2024-08-11,RED_SEA,11.0,30.0,11.0,2.371568810795388,False,NORMAL,OBSERVED
2024-08-12,RED_SEA,17.0,39.0,11.0,2.5745498399342956,True,CONGESTION,OBSERVED
2024-08-13,RED_SEA,13.0,33.0,11.0,2.568377084183645,False,NORMAL,OBSERVED
2024-08-14,RED_SEA,9.0,29.0,11.0,2.5291946142644366,False,NORMAL,OBSERVED
2024-08-15,RED_SEA,8.0,27.0,11.0,2.592214636093152,False,NORMAL,OBSERVED
2024-08-16,RED_SEA,10.0,28.0,11.0,2.5385910352877388,False,NORMAL,OBSERVED
2024-08-17,RED_SEA,9.0,27.0,10.5,2.5580560575659046,False,NORMAL,OBSERVED
2024-08-18,RED_SEA,11.0,34.0,10.5,2.5247452592959645,False,NORMAL,OBSERVED
2024-08-19,RED_SEA,8.0,31.0,10.5,2.576604138956489,False,NORMAL,OBSERVED
2024-08-20,RED_SEA,15.0,34.0,10.5,2.6903708365379786,False,NORMAL,OBSERVED
2024-08-21,RED_SEA,8.0,29.0,10.5,2.6903708365379786,False,NORMAL,OBSERVED
2024-08-22,RED_SEA,12.0,28.0,11.0,2.6933191890244057,False,NORMAL,OBSERVED
2024-08-23,RED_SEA,8.0,26.0,10.5,2.749458821208754,False,NORMAL,OBSERVED
2024-08-24,RED_SEA,6.0,23.0,10.0,2.8600514295888098,False,NORMAL,OBSERVED
2024-08-25,RED_SEA,10.0,36.0,10.0,2.8607450836908286,False,NORMAL,OBSERVED
2024-08-26,RED_SEA,13.0,31.0,10.0,2.8810179711802157,False,NORMAL,OBSERVED
2024-08-27,RED_SEA,13.0,42.0,10.0,2.79336894321335,False,NORMAL,OBSERVED
2024-08-28,RED_SEA,15.0,30.0,10.5,2.893844955131053,False,NORMAL,OBSERVED
2024-08-29,RED_SEA,7.0,29.0,10.0,2.9481857034111263,False,NORMAL,OBSERVED
2024-08-30,RED_SEA,14.0,36.0,10.5,3.0138568866706583,False,NORMAL,OBSERVED
2024-08-31,RED_SEA,8.0,31.0,10.5,3.0556998522924994,False,NORMAL,OBSERVED
2024-09-01,RED_SEA,8.0,26.0,10.0,2.974316870570393,False,NORMAL,OBSERVED
2024-09-02,RED_SEA,7.0,33.0,9.5,3.041163798396274,False,NORMAL,OBSERVED
2024-09-03,RED_SEA,10.0,22.0,10.0,2.8607450836908286,False,NORMAL,OBSERVED
2024-09-04,RED_SEA,7.0,26.0,10.0,2.922952410431891,False,NORMAL,OBSERVED
2024-09-05,RED_SEA,17.0,44.0,10.0,3.1629050339785847,True,CONGESTION,OBSERVED
2024-09-06,RED_SEA,10.0,31.0,10.0,3.1647864092023386,False,NORMAL,OBSERVED
2024-09-07,RED_SEA,5.0,34.0,10.0,3.266593779555965,False,NORMAL,OBSERVED
2024-09-08,RED_SEA,12.0,31.0,10.0,3.279727695497381,False,NORMAL,OBSERVED
2024-09-09,RED_SEA,7.0,25.0,9.5,3.0671497204091946,False,NORMAL,OBSERVED
2024-09-10,RED_SEA,9.0,30.0,9.0,3.0149539117449002,False,NORMAL,OBSERVED
2024-09-11,RED_SEA,11.0,38.0,9.5,3.0175851447504995,False,NORMAL,OBSERVED
2024-09-12,RED_SEA,14.0,34.0,10.0,3.0877810049273786,False,NORMAL,OBSERVED
2024-09-13,RED_SEA,11.0,30.0,10.0,3.0918479602856626,False,NORMAL,OBSERVED
2024-09-14,RED_SEA,10.0,26.0,10.0,3.083494204297344,False,NORMAL,OBSERVED
2024-09-15,RED_SEA,9.0,25.0,10.0,3.087781004927379,False,NORMAL,OBSERVED
2024-09-16,RED_SEA,5.0,23.0,10.0,3.214344502695593,False,NORMAL,OBSERVED
2024-09-17,RED_SEA,12.0,35.0,10.0,3.090350231003493,False,NORMAL,OBSERVED
2024-09-18,RED_SEA,12.0,31.0,10.0,3.090350231003494,False,NORMAL,OBSERVED
2024-09-19,RED_SEA,13.0,38.0,10.0,3.119108202489099,False,NORMAL,OBSERVED
2024-09-20,RED_SEA,16.0,30.0,10.0,3.2811389814928336,False,NORMAL,OBSERVED
2024-09-21,RED_SEA,8.0,28.0,10.0,3.202801353180575,False,NORMAL,OBSERVED
2024-09-22,RED_SEA,10.0,33.0,10.0,3.202801353180575,False,NORMAL,OBSERVED
2024-09-23,RED_SEA,12.0,30.0,10.0,3.1789652570952893,False,NORMAL,OBSERVED
2024-09-24,RED_SEA,14.0,30.0,10.0,3.214344502695596,False,NORMAL,OBSERVED
2024-09-25,RED_SEA,8.0,29.0,10.0,3.119320235268821,False,NORMAL,OBSERVED
2024-09-26,RED_SEA,16.0,38.0,10.0,3.237307327109607,False,NORMAL,OBSERVED
2024-09-27,RED_SEA,14.0,32.0,10.0,3.237307327109607,False,NORMAL,OBSERVED
2024-09-28,RED_SEA,8.0,26.0,10.0,3.237307327109607,False,NORMAL,OBSERVED
2024-09-29,RED_SEA,10.0,27.0,10.0,3.2011489339537635,False,NORMAL,OBSERVED
2024-09-30,RED_SEA,13.0,28.0,10.5,3.1511734607750506,False,NORMAL,OBSERVED
2024-10-01,RED_SEA,12.0,32.0,11.0,3.154529790801956,False,NORMAL,OBSERVED
2024-10-02,RED_SEA,9.0,25.0,11.0,3.0849952621024563,False,NORMAL,OBSERVED
2024-10-03,RED_SEA,10.0,33.0,10.5,2.852641957478183,False,NORMAL,OBSERVED
2024-10-04,RED_SEA,7.0,26.0,10.5,2.935596169047045,False,NORMAL,OBSERVED
2024-10-05,RED_SEA,10.0,39.0,10.5,2.726511036812663,False,NORMAL,OBSERVED
2024-10-06,RED_SEA,10.0,33.0,10.0,2.719710535484286,False,NORMAL,OBSERVED
2024-10-07,RED_SEA,11.0,37.0,10.5,2.6206344399255115,False,NORMAL,OBSERVED
2024-10-08,RED_SEA,13.0,42.0,11.0,2.624669291337049,False,NORMAL,OBSERVED
2024-10-09,RED_SEA,4.0,27.0,10.5,2.9391986814245334,True,TRAFFIC_DROP,OBSERVED
2024-10-10,RED_SEA,13.0,23.0,10.5,2.904111298463139,False,NORMAL,OBSERVED
2024-10-11,RED_SEA,6.0,23.0,10.0,3.0365933990078897,False,NORMAL,OBSERVED
2024-10-12,RED_SEA,21.0,45.0,10.5,3.620196141898798,True,CONGESTION,OBSERVED
2024-10-13,RED_SEA,14.0,35.0,11.5,3.6447759237558595,False,NORMAL,OBSERVED
2024-10-14,RED_SEA,9.0,25.0,11.5,3.470777477208118,False,NORMAL,OBSERVED
2024-10-15,RED_SEA,9.0,25.0,10.5,3.4930013170706147,False,NORMAL,OBSERVED
2024-10-16,RED_SEA,6.0,28.0,10.0,3.620196141898798,False,NORMAL,OBSERVED
2024-10-17,RED_SEA,8.0,30.0,10.0,3.63751034108225,False,NORMAL,OBSERVED
2024-10-18,RED_SEA,9.0,35.0,10.0,3.5013225014639926,False,NORMAL,OBSERVED
2024-10-19,RED_SEA,11.0,29.0,10.0,3.467727249241366,False,NORMAL,OBSERVED
2024-10-20,RED_SEA,12.0,38.0,10.0,3.4753477995793673,False,NORMAL,OBSERVED
2024-10-21,RED_SEA,18.0,33.0,10.0,3.7351115379673785,True,CONGESTION,OBSERVED
2024-10-22,RED_SEA,13.0,28.0,10.0,3.708990935094421,False,NORMAL,OBSERVED
2024-10-23,RED_SEA,8.0,32.0,10.0,3.708990935094421,False,NORMAL,OBSERVED
2024-10-24,RED_SEA,7.0,27.0,10.0,3.6360554823734867,False,NORMAL,OBSERVED
2024-10-25,RED_SEA,10.0,32.0,10.0,3.57293618972853,False,NORMAL,OBSERVED
2024-10-26,RED_SEA,4.0,29.0,10.0,3.7478388834493805,False,NORMAL,OBSERVED
2024-10-27,RED_SEA,10.0,28.0,10.0,3.7478388834493805,False,NORMAL,OBSERVED
2024-10-28,RED_SEA,12.0,36.0,10.0,3.725359966272478,False,NORMAL,OBSERVED
2024-10-29,RED_SEA,14.0,38.0,10.0,3.779644730092114,False,NORMAL,OBSERVED
2024-10-30,RED_SEA,12.0,28.0,10.0,3.784366336842587,False,NORMAL,OBSERVED
2024-10-31,RED_SEA,9.0,36.0,10.0,3.7929201660781358,False,NORMAL,OBSERVED
2024-11-01,RED_SEA,8.0,34.0,10.0,3.7647417472224083,False,NORMAL,OBSERVED
2024-11-02,RED_SEA,8.0,30.0,10.0,3.79135050138304,False,NORMAL,OBSERVED
2024-11-03,RED_SEA,16.0,35.0,10.0,3.9391871962620137,False,NORMAL,OBSERVED
2024-11-04,RED_SEA,10.0,28.0,10.0,3.9393550891633686,False,NORMAL,OBSERVED
2024-11-05,RED_SEA,17.0,47.0,10.0,4.102522130432285,False,NORMAL,OBSERVED
2024-11-06,RED_SEA,17.0,43.0,10.0,4.058272627556652,False,NORMAL,OBSERVED
2024-11-07,RED_SEA,12.0,32.0,10.0,4.045377530599364,False,NORMAL,OBSERVED
2024-11-08,RED_SEA,12.0,32.0,10.5,3.9238788713241712,False,NORMAL,OBSERVED
2024-11-09,RED_SEA,9.0,29.0,10.0,3.450327796711602,False,NORMAL,OBSERVED
2024-11-10,RED_SEA,13.0,31.0,10.0,3.4216475501826293,False,NORMAL,OBSERVED
2024-11-11,RED_SEA,7.0,28.0,10.0,3.481432229753898,False,NORMAL,OBSERVED
2024-11-12,RED_SEA,16.0,39.0,10.5,3.6004114991153173,False,NORMAL,OBSERVED
2024-11-13,RED_SEA,14.0,36.0,11.5,3.5050983275384935,False,NORMAL,OBSERVED
2024-11-14,RED_SEA,10.0,31.0,11.5,3.455690805294624,False,NORMAL,OBSERVED
2024-11-15,RED_SEA,9.0,27.0,11.5,3.455690805294624,False,NORMAL,OBSERVED
2024-11-16,RED_SEA,17.0,39.0,12.0,3.6150771871125995,False,NORMAL,OBSERVED
2024-11-17,RED_SEA,11.0,36.0,11.5,3.6156259932064594,False,NORMAL,OBSERVED
2024-11-18,RED_SEA,8.0,28.0,10.5,3.443228151868383,False,NORMAL,OBSERVED
2024-11-19,RED_SEA,12.0,30.0,10.5,3.428791880037721,False,NORMAL,OBSERVED
2024-11-20,RED_SEA,13.0,29.0,11.5,3.3890189930787638,False,NORMAL,OBSERVED
2024-11-21,RED_SEA,7.0,24.0,11.5,3.3890189930787638,False,NORMAL,OBSERVED
2024-11-22,RED_SEA,11.0,33.0,11.5,3.379834378084123,False,NORMAL,OBSERVED
2024-11-23,RED_SEA,9.0,29.0,11.5,3.096977533219884,False,NORMAL,OBSERVED
2024-11-24,RED_SEA,8.0,44.0,11.5,3.156206617387253,False,NORMAL,OBSERVED
2024-11-25,RED_SEA,12.0,35.0,11.5,3.156206617387253,False,NORMAL,OBSERVED
2024-11-26,RED_SEA,16.0,38.0,11.5,3.2373073271096158,False,NORMAL,OBSERVED
2024-11-27,RED_SEA,7.0,29.0,11.0,3.34679820142432,False,NORMAL,OBSERVED
2024-11-28,RED_SEA,13.0,31.0,11.5,3.327773140415817,False,NORMAL,OBSERVED
2024-11-29,RED_SEA,10.0,34.0,11.5,3.2708428116330466,False,NORMAL,OBSERVED
2024-11-30,RED_SEA,9.0,30.0,11.5,3.2356725297186046,False,NORMAL,OBSERVED
2024-12-01,RED_SEA,16.0,30.0,11.5,3.2356725297186046,False,NORMAL,OBSERVED
2024-12-02,RED_SEA,8.0,20.0,11.5,3.2940141318045337,False,NORMAL,OBSERVED
2024-12-03,RED_SEA,12.0,32.0,11.5,3.117623569255208,False,NORMAL,OBSERVED
2024-12-04,RED_SEA,13.0,29.0,11.5,2.935821455580444,False,NORMAL,OBSERVED
2024-12-05,RED_SEA,11.0,29.0,11.0,2.931989230293949,False,NORMAL,OBSERVED
2024-12-06,RED_SEA,14.0,40.0,11.0,2.9767618499151003,False,NORMAL,OBSERVED
2024-12-07,RED_SEA,7.0,30.0,11.0,3.055699852292506,False,NORMAL,OBSERVED
2024-12-08,RED_SEA,7.0,25.0,11.0,3.1326493681053598,False,NORMAL,OBSERVED
2024-12-09,RED_SEA,13.0,31.0,11.0,3.055699852292506,False,NORMAL,OBSERVED
2024-12-10,RED_SEA,8.0,40.0,11.0,2.960721705238751,False,NORMAL,OBSERVED
2024-12-11,RED_SEA,13.0,38.0,11.0,2.9277002188454015,False,NORMAL,OBSERVED
2024-12-12,RED_SEA,18.0,41.0,11.0,3.2170182388673525,True,CONGESTION,OBSERVED
2024-12-13,RED_SEA,9.0,34.0,11.0,3.2170182388673525,False,NORMAL,OBSERVED
2024-12-14,RED_SEA,9.0,38.0,11.0,3.0272134321880912,False,NORMAL,OBSERVED
2024-12-15,RED_SEA,11.0,43.0,11.0,3.0272134321880912,False,NORMAL,OBSERVED
2024-12-16,RED_SEA,9.0,28.0,11.0,2.9980152164547262,False,NORMAL,OBSERVED
2024-12-17,RED_SEA,8.0,22.0,10.5,3.038335314194323,False,NORMAL,OBSERVED
2024-12-18,RED_SEA,11.0,36.0,10.5,3.0068264484343157,False,NORMAL,OBSERVED
2024-12-19,RED_SEA,8.0,22.0,10.5,2.967192748075466,False,NORMAL,OBSERVED
2024-12-20,RED_SEA,11.0,27.0,10.5,2.967192748075466,False,NORMAL,OBSERVED
2024-12-21,RED_SEA,8.0,31.0,10.5,2.9944834641270015,False,NORMAL,OBSERVED
2024-12-22,RED_SEA,9.0,27.0,10.5,2.967192748075466,False,NORMAL,OBSERVED
2024-12-23,RED_SEA,11.0,23.0,10.5,2.957145413182758,False,NORMAL,OBSERVED
2024-12-24,RED_SEA,11.0,31.0,10.5,2.7688746209724786,False,NORMAL,OBSERVED
2024-12-25,RED_SEA,16.0,31.0,11.0,2.868133622443228,False,NORMAL,OBSERVED
2024-12-26,RED_SEA,19.0,37.0,11.0,3.2373073271096113,True,CONGESTION,OBSERVED
2024-12-27,RED_SEA,9.0,29.0,11.0,3.2546263368613357,False,NORMAL,OBSERVED
2024-12-28,RED_SEA,11.0,33.0,11.0,3.230967879622496,False,NORMAL,OBSERVED
2024-12-29,RED_SEA,14.0,36.0,11.0,3.138765975961046,False,NORMAL,OBSERVED
2024-12-30,RED_SEA,17.0,39.0,11.0,3.277912292101156,False,NORMAL,OBSERVED
2024-12-31,RED_SEA,10.0,34.0,11.0,3.2843625008570374,False,NORMAL,OBSERVED
2025-01-01,RED_SEA,16.0,46.0,11.0,3.390774911042217,False,NORMAL,OBSERVED
2025-01-02,RED_SEA,7.0,36.0,11.0,3.489212400327906,False,NORMAL,OBSERVED
2025-01-03,RED_SEA,4.0,21.0,10.5,3.6989917116071673,False,NORMAL,OBSERVED
2025-01-04,RED_SEA,5.0,25.0,10.5,3.7943148784496303,False,NORMAL,OBSERVED
2025-01-05,RED_SEA,9.0,27.0,10.5,3.7388281558310243,False,NORMAL,OBSERVED
2025-01-06,RED_SEA,10.0,31.0,10.0,3.7180739737225386,False,NORMAL,OBSERVED
2025-01-07,RED_SEA,10.0,26.0,10.0,3.6823258695453127,False,NORMAL,OBSERVED
2025-01-08,RED_SEA,13.0,40.0,10.0,3.6823258695453127,False,NORMAL,OBSERVED
2025-01-09,RED_SEA,9.0,27.0,10.0,3.4156502553196937,False,NORMAL,OBSERVED
2025-01-10,RED_SEA,15.0,34.0,10.0,3.5050983275384895,False,NORMAL,OBSERVED
2025-01-11,RED_SEA,9.0,29.0,10.0,3.5050983275384895,False,NORMAL,OBSERVED
2025-01-12,RED_SEA,13.0,44.0,10.0,3.5314160716203213,False,NORMAL,OBSERVED
2025-01-13,RED_SEA,15.0,50.0,10.5,3.6004114991153173,False,NORMAL,OBSERVED
2025-01-14,RED_SEA,8.0,22.0,10.5,3.6004114991153173,False,NORMAL,OBSERVED
2025-01-15,RED_SEA,11.0,39.0,10.5,3.6004114991153173,False,NORMAL,OBSERVED
2025-01-16,RED_SEA,11.0,30.0,11.0,3.5521437003200917,False,NORMAL,OBSERVED
2025-01-17,RED_SEA,9.0,30.0,10.5,3.5744167393371846,False,NORMAL,OBSERVED
2025-01-18,RED_SEA,6.0,19.0,10.5,3.656370826249228,False,NORMAL,OBSERVED
2025-01-19,RED_SEA,16.0,34.0,11.0,3.7550671233052486,False,NORMAL,OBSERVED
2025-01-20,RED_SEA,8.0,28.0,10.5,3.803889682887185,False,NORMAL,OBSERVED
2025-01-21,RED_SEA,9.0,34.0,10.0,3.8246969655523984,False,NORMAL,OBSERVED
2025-01-22,RED_SEA,11.0,29.0,10.0,3.6989917116071678,False,NORMAL,OBSERVED
2025-01-23,RED_SEA,12.0,39.0,10.0,3.348181216767738,False,NORMAL,OBSERVED
2025-01-24,RED_SEA,15.0,38.0,10.5,3.4324548113186966,False,NORMAL,OBSERVED
2025-01-25,RED_SEA,10.0,27.0,10.0,3.4357288606977763,False,NORMAL,OBSERVED
2025-01-26,RED_SEA,9.0,28.0,10.0,3.3921399966116645,False,NORMAL,OBSERVED
2025-01-27,RED_SEA,15.0,38.0,10.0,3.271449365706242,False,NORMAL,OBSERVED
2025-01-28,RED_SEA,11.0,29.0,10.0,3.2708428116330386,False,NORMAL,OBSERVED
2025-01-29,RED_SEA,10.0,35.0,10.0,3.093772546815196,False,NORMAL,OBSERVED
2025-01-30,RED_SEA,9.0,27.0,10.0,3.035939923142425,False,NORMAL,OBSERVED
2025-01-31,RED_SEA,11.0,31.0,10.0,2.762896647288261,False,NORMAL,OBSERVED
2025-02-01,RED_SEA,9.0,34.0,10.0,2.5539159681723294,False,NORMAL,OBSERVED
2025-02-02,RED_SEA,10.0,37.0,10.0,2.534419149091022,False,NORMAL,OBSERVED
2025-02-03,RED_SEA,7.0,21.0,10.0,2.633473976553407,False,NORMAL,OBSERVED
2025-02-04,RED_SEA,10.0,29.0,10.0,2.633473976553407,False,NORMAL,OBSERVED
2025-02-05,RED_SEA,9.0,27.0,10.0,2.615329250772436,False,NORMAL,OBSERVED
2025-02-06,RED_SEA,13.0,37.0,10.0,2.633473976553407,False,NORMAL,OBSERVED
2025-02-07,RED_SEA,12.0,37.0,10.0,2.512403095080114,False,NORMAL,OBSERVED
2025-02-08,RED_SEA,10.0,32.0,10.0,2.495233551431469,False,NORMAL,OBSERVED
2025-02-09,RED_SEA,11.0,32.0,10.0,2.4546144860509354,False,NORMAL,OBSERVED
2025-02-10,RED_SEA,11.0,36.0,10.0,2.301080951416608,False,NORMAL,OBSERVED
2025-02-11,RED_SEA,11.0,30.0,10.5,2.251395804558117,False,NORMAL,OBSERVED
2025-02-12,RED_SEA,6.0,20.0,10.0,2.408923006845355,False,NORMAL,OBSERVED
2025-02-13,RED_SEA,17.0,39.0,10.0,2.7126491863977606,True,CONGESTION,OBSERVED
2025-02-14,RED_SEA,16.0,36.0,10.5,2.876652963972386,False,NORMAL,OBSERVED
2025-02-15,RED_SEA,7.0,32.0,10.5,2.819762082349686,False,NORMAL,OBSERVED
2025-02-16,RED_SEA,9.0,27.0,10.0,2.655731547598303,False,NORMAL,OBSERVED
2025-02-17,RED_SEA,9.0,38.0,10.0,2.625425135641077,False,NORMAL,OBSERVED
2025-02-18,RED_SEA,11.0,30.0,10.5,2.60519424170941,False,NORMAL,OBSERVED
2025-02-19,RED_SEA,11.0,32.0,10.5,2.60519424170941,False,NORMAL,OBSERVED
2025-02-20,RED_SEA,14.0,37.0,10.5,2.6674106105131616,False,NORMAL,OBSERVED
2025-02-21,RED_SEA,10.0,32.0,10.0,2.5417154562059623,False,NORMAL,OBSERVED
2025-02-22,RED_SEA,14.0,32.0,10.5,2.6155821228301495,False,NORMAL,OBSERVED
2025-02-23,RED_SEA,9.0,24.0,10.5,2.6155821228301495,False,NORMAL,OBSERVED
2025-02-24,RED_SEA,11.0,32.0,10.5,2.4827446836152904,False,NORMAL,OBSERVED
2025-02-25,RED_SEA,9.0,34.0,10.0,2.500793524857075,False,NORMAL,OBSERVED
2025-02-26,RED_SEA,13.0,33.0,10.5,2.539372500916619,False,NORMAL,OBSERVED
2025-02-27,RED_SEA,11.0,30.0,11.0,2.5184504348093535,False,NORMAL,OBSERVED
2025-02-28,RED_SEA,6.0,30.0,10.5,2.672612419124023,False,NORMAL,OBSERVED
2025-03-01,RED_SEA,10.0,22.0,10.5,2.6574742354664767,False,NORMAL,OBSERVED
2025-03-02,RED_SEA,16.0,41.0,11.0,2.842189706553938,False,NORMAL,OBSERVED
2025-03-03,RED_SEA,13.0,25.0,11.0,2.7686357498491487,False,NORMAL,OBSERVED
2025-03-04,RED_SEA,11.0,33.0,11.0,2.7612204954218105,False,NORMAL,OBSERVED
2025-03-05,RED_SEA,4.0,29.0,11.0,3.047029952985427,True,TRAFFIC_DROP,OBSERVED
2025-03-06,RED_SEA,14.0,38.0,11.0,3.078342163598666,False,NORMAL,OBSERVED
2025-03-07,RED_SEA,9.0,35.0,11.0,3.0918479602856674,False,NORMAL,OBSERVED
2025-03-08,RED_SEA,8.0,35.0,11.0,3.1343379004301535,False,NORMAL,OBSERVED
2025-03-09,RED_SEA,15.0,30.0,11.0,3.235672529718599,False,NORMAL,OBSERVED
2025-03-10,RED_SEA,10.0,32.0,11.0,3.239962113567585,False,NORMAL,OBSERVED
2025-03-11,RED_SEA,14.0,38.0,11.0,3.294014131804528,False,NORMAL,OBSERVED
2025-03-12,RED_SEA,8.0,19.0,11.0,3.2028013531805795,False,NORMAL,OBSERVED
2025-03-13,RED_SEA,15.0,38.0,11.0,3.084995262102457,False,NORMAL,OBSERVED
2025-03-14,RED_SEA,8.0,33.0,10.5,2.969643592888193,False,NORMAL,OBSERVED
2025-03-15,RED_SEA,15.0,42.0,11.0,2.987407433645771,False,NORMAL,OBSERVED
2025-03-16,RED_SEA,14.0,31.0,11.0,3.01495391174491,False,NORMAL,OBSERVED
2025-03-17,RED_SEA,15.0,35.0,11.0,3.0697362139570363,False,NORMAL,OBSERVED
2025-03-18,RED_SEA,13.0,37.0,11.0,3.0843520410657357,False,NORMAL,OBSERVED
2025-03-19,RED_SEA,17.0,41.0,12.0,3.257063955230919,False,NORMAL,OBSERVED
2025-03-20,RED_SEA,12.0,24.0,11.5,3.2252312168455872,False,NORMAL,OBSERVED
2025-03-21,RED_SEA,11.0,35.0,11.5,3.212698020578255,False,NORMAL,OBSERVED
2025-03-22,RED_SEA,10.0,29.0,11.0,3.1912164504873832,False,NORMAL,OBSERVED
2025-03-23,RED_SEA,16.0,36.0,11.5,3.2643658888187654,False,NORMAL,OBSERVED
2025-03-24,RED_SEA,11.0,26.0,11.5,3.2643658888187654,False,NORMAL,OBSERVED
2025-03-25,RED_SEA,13.0,35.0,12.5,3.2285105580250626,False,NORMAL,OBSERVED
2025-03-26,RED_SEA,10.0,25.0,11.5,3.238941299366139,False,NORMAL,OBSERVED
2025-03-27,RED_SEA,8.0,32.0,11.5,3.3134326579598454,False,NORMAL,OBSERVED
2025-03-28,RED_SEA,13.0,40.0,12.5,3.130959925152178,False,NORMAL,OBSERVED
2025-03-29,RED_SEA,11.0,24.0,12.5,3.1142274641412397,False,NORMAL,OBSERVED
2025-03-30,RED_SEA,13.0,35.0,12.5,3.019118971666774,False,NORMAL,OBSERVED
2025-03-31,RED_SEA,10.0,41.0,11.5,3.0289607416739566,False,NORMAL,OBSERVED
2025-04-01,RED_SEA,9.0,24.0,11.5,3.0697362139570377,False,NORMAL,OBSERVED
2025-04-02,RED_SEA,11.0,33.0,11.5,2.685203429968824,False,NORMAL,OBSERVED
2025-04-03,RED_SEA,19.0,41.0,11.5,2.9805365093547787,True,CONGESTION,OBSERVED
2025-04-04,RED_SEA,15.0,38.0,12.5,2.9671927480754765,False,NORMAL,OBSERVED
2025-04-05,RED_SEA,15.0,38.0,13.0,2.8865222296059816,False,NORMAL,OBSERVED
2025-04-06,RED_SEA,6.0,26.0,12.5,3.095482285849731,True,TRAFFIC_DROP,OBSERVED
2025-04-07,RED_SEA,19.0,38.0,13.0,3.316425372095105,False,NORMAL,OBSERVED
2025-04-08,RED_SEA,15.0,37.0,13.0,3.3380918415849576,False,NORMAL,OBSERVED
2025-04-09,RED_SEA,10.0,34.0,13.0,3.257063955230926,False,NORMAL,OBSERVED
2025-04-10,RED_SEA,10.0,31.0,12.5,3.2601084151153294,False,NORMAL,OBSERVED
2025-04-11,RED_SEA,14.0,25.0,13.0,3.1511734607750643,False,NORMAL,OBSERVED
2025-04-12,RED_SEA,11.0,31.0,12.5,3.13264936810537,False,NORMAL,OBSERVED
2025-04-13,RED_SEA,16.0,40.0,12.5,3.189558029457896,False,NORMAL,OBSERVED
2025-04-14,RED_SEA,11.0,28.0,11.5,3.1679195516479255,False,NORMAL,OBSERVED
2025-04-15,RED_SEA,6.0,28.0,11.0,3.3923349639938865,False,NORMAL,OBSERVED
2025-04-16,RED_SEA,16.0,35.0,11.0,3.3450191986223836,False,NORMAL,OBSERVED
2025-04-17,RED_SEA,9.0,23.0,11.0,3.3985680146590327,False,NORMAL,OBSERVED
2025-04-18,RED_SEA,13.0,32.0,11.0,3.3962319612167877,False,NORMAL,OBSERVED
2025-04-19,RED_SEA,13.0,44.0,12.0,3.373370662946562,False,NORMAL,OBSERVED
2025-04-20,RED_SEA,5.0,20.0,11.0,3.5560515527058274,False,NORMAL,OBSERVED
2025-04-21,RED_SEA,13.0,43.0,12.0,3.5582826842979394,False,NORMAL,OBSERVED
2025-04-22,RED_SEA,8.0,35.0,11.0,3.6273140762010514,False,NORMAL,OBSERVED
2025-04-23,RED_SEA,9.0,32.0,11.0,3.650034427611635,False,NORMAL,OBSERVED
2025-04-24,RED_SEA,17.0,32.0,12.0,3.7066720908945907,False,NORMAL,OBSERVED
2025-04-25,RED_SEA,12.0,32.0,11.5,3.7018513886571123,False,NORMAL,OBSERVED
2025-04-26,RED_SEA,11.0,36.0,11.5,3.7018513886571123,False,NORMAL,OBSERVED
2025-04-27,RED_SEA,5.0,27.0,11.0,3.923878871324174,False,NORMAL,OBSERVED
2025-04-28,RED_SEA,11.0,32.0,11.0,3.912231531435024,False,NORMAL,OBSERVED
2025-04-29,RED_SEA,11.0,39.0,11.0,3.878273493579865,False,NORMAL,OBSERVED
2025-04-30,RED_SEA,10.0,28.0,11.0,3.8907025249387828,False,NORMAL,OBSERVED
2025-05-01,RED_SEA,8.0,26.0,11.0,3.6851984791441965,False,NORMAL,OBSERVED
2025-05-02,RED_SEA,6.0,22.0,11.0,3.750837648950155,False,NORMAL,OBSERVED
2025-05-03,RED_SEA,20.0,41.0,11.0,4.051748593714266,True,CONGESTION,OBSERVED
2025-05-04,RED_SEA,12.0,33.0,11.0,3.9203376919656407,False,NORMAL,OBSERVED
2025-05-05,RED_SEA,11.0,26.0,11.0,3.631687409339121,False,NORMAL,OBSERVED
2025-05-06,RED_SEA,12.0,31.0,11.0,3.5582826842979345,False,NORMAL,OBSERVED
2025-05-07,RED_SEA,9.0,29.0,11.0,3.574416739337186,False,NORMAL,OBSERVED
2025-05-08,RED_SEA,13.0,39.0,11.0,3.587161115384103,False,NORMAL,OBSERVED
2025-05-09,RED_SEA,9.0,35.0,11.0,3.564039976260059,False,NORMAL,OBSERVED
2025-05-10,RED_SEA,16.0,36.0,11.0,3.6889653845576356,False,NORMAL,OBSERVED
2025-05-11,RED_SEA,8.0,28.0,11.0,3.6077517952142806,False,NORMAL,OBSERVED
2025-05-12,RED_SEA,8.0,33.0,11.0,3.6476781047063898,False,NORMAL,OBSERVED
2025-05-13,RED_SEA,7.0,32.0,11.0,3.604083515877072,False,NORMAL,OBSERVED
2025-05-14,RED_SEA,6.0,29.0,10.5,3.5634832254988287,False,NORMAL,OBSERVED
2025-05-15,RED_SEA,17.0,35.0,11.0,3.7599954970139233,False,NORMAL,OBSERVED
2025-05-16,RED_SEA,16.0,39.0,11.0,3.868711829140297,False,NORMAL,OBSERVED
2025-05-17,RED_SEA,12.0,33.0,11.0,3.852436870510494,False,NORMAL,OBSERVED
2025-05-18,RED_SEA,10.0,35.0,11.0,3.686633944571754,False,NORMAL,OBSERVED
2025-05-19,RED_SEA,9.0,33.0,10.5,3.6823258695453145,False,NORMAL,OBSERVED
2025-05-20,RED_SEA,10.0,36.0,10.5,3.6447759237558603,False,NORMAL,OBSERVED
2025-05-21,RED_SEA,15.0,38.0,11.0,3.7052443885437345,False,NORMAL,OBSERVED
2025-05-22,RED_SEA,9.0,28.0,10.5,3.5387125868719007,False,NORMAL,OBSERVED
2025-05-23,RED_SEA,15.0,40.0,10.5,3.6201961418988,False,NORMAL,OBSERVED
2025-05-24,RED_SEA,10.0,29.0,10.0,3.6243955890937505,False,NORMAL,OBSERVED
2025-05-25,RED_SEA,15.0,38.0,10.5,3.5132026119470323,False,NORMAL,OBSERVED
2025-05-26,RED_SEA,8.0,32.0,10.0,3.566451558562877,False,NORMAL,OBSERVED
2025-05-27,RED_SEA,16.0,39.0,10.0,3.6823258695453163,False,NORMAL,OBSERVED
2025-05-28,RED_SEA,9.0,23.0,10.0,3.7004218263760893,False,NORMAL,OBSERVED
2025-05-29,RED_SEA,10.0,39.0,10.0,3.653656572422374,False,NORMAL,OBSERVED
2025-05-30,RED_SEA,13.0,37.0,10.5,3.510189250087157,False,NORMAL,OBSERVED
2025-05-31,RED_SEA,8.0,27.0,10.0,3.162905033978591,False,NORMAL,OBSERVED
2025-06-01,RED_SEA,12.0,39.0,10.0,3.162905033978591,False,NORMAL,OBSERVED
2025-06-02,RED_SEA,10.0,40.0,10.0,3.1706324373709593,False,NORMAL,OBSERVED
2025-06-03,RED_SEA,10.0,30.0,10.0,3.1731345809438847,False,NORMAL,OBSERVED
2025-06-04,RED_SEA,15.0,43.0,10.0,3.230148980134089,False,NORMAL,OBSERVED
2025-06-05,RED_SEA,11.0,31.0,10.0,3.2129038769857687,False,NORMAL,OBSERVED
2025-06-06,RED_SEA,11.0,32.0,10.0,3.1839544810761664,False,NORMAL,OBSERVED
2025-06-07,RED_SEA,11.0,40.0,10.0,3.0470299529854303,False,NORMAL,OBSERVED
2025-06-08,RED_SEA,12.0,30.0,10.5,2.9891780116252775,False,NORMAL,OBSERVED
2025-06-09,RED_SEA,19.0,45.0,11.0,3.2570639552309184,True,CONGESTION,OBSERVED
2025-06-10,RED_SEA,11.0,29.0,11.0,3.131171155371688,False,NORMAL,OBSERVED
2025-06-11,RED_SEA,11.0,35.0,11.0,2.924762008135307,False,NORMAL,OBSERVED
2025-06-12,RED_SEA,11.0,44.0,11.0,2.757145598594807,False,NORMAL,OBSERVED
2025-06-13,RED_SEA,7.0,24.0,11.0,2.7679190127918343,False,NORMAL,OBSERVED
2025-06-14,RED_SEA,14.0,36.0,11.0,2.808716591058584,False,NORMAL,OBSERVED
2025-06-15,RED_SEA,12.0,35.0,11.0,2.7945525240228846,False,NORMAL,OBSERVED
2025-06-16,RED_SEA,14.0,35.0,11.0,2.7838821814148074,False,NORMAL,OBSERVED
2025-06-17,RED_SEA,8.0,23.0,11.0,2.8551911323263925,False,NORMAL,OBSERVED
2025-06-18,RED_SEA,9.0,26.0,11.0,2.821637859761432,False,NORMAL,OBSERVED
2025-06-19,RED_SEA,12.0,22.0,11.0,2.7812676490134134,False,NORMAL,OBSERVED
2025-06-20,RED_SEA,13.0,27.0,11.0,2.71484260508215,False,NORMAL,OBSERVED
2025-06-21,RED_SEA,11.0,24.0,11.0,2.700920869809482,False,NORMAL,OBSERVED
2025-06-22,RED_SEA,15.0,25.0,11.0,2.700920869809482,False,NORMAL,OBSERVED
2025-06-23,RED_SEA,9.0,29.0,11.0,2.6587183131693237,False,NORMAL,OBSERVED
2025-06-24,RED_SEA,15.0,32.0,11.0,2.6031625048110025,False,NORMAL,OBSERVED
2025-06-25,RED_SEA,10.0,27.0,11.0,2.573779055073976,False,NORMAL,OBSERVED
2025-06-26,RED_SEA,9.0,29.0,11.0,2.6031625048110025,False,NORMAL,OBSERVED
2025-06-27,RED_SEA,14.0,33.0,11.0,2.6307099651299053,False,NORMAL,OBSERVED
2025-06-28,RED_SEA,9.0,31.0,11.0,2.586851163441339,False,NORMAL,OBSERVED
2025-06-29,RED_SEA,6.0,19.0,11.0,2.793368943213359,False,NORMAL,OBSERVED
2025-06-30,RED_SEA,15.0,32.0,11.0,2.860051429588819,False,NORMAL,OBSERVED
2025-07-01,RED_SEA,15.0,43.0,11.0,2.9138875648761076,False,NORMAL,OBSERVED
2025-07-02,RED_SEA,15.0,34.0,11.0,2.9138875648761076,False,NORMAL,OBSERVED
2025-07-03,RED_SEA,10.0,29.0,11.0,2.9295068837620866,False,NORMAL,OBSERVED
2025-07-04,RED_SEA,14.0,30.0,11.5,2.957145413182765,False,NORMAL,OBSERVED
2025-07-05,RED_SEA,7.0,25.0,11.5,3.091847960285673,False,NORMAL,OBSERVED
2025-07-06,RED_SEA,7.0,30.0,11.0,3.2145502536641417,False,NORMAL,OBSERVED
2025-07-07,RED_SEA,10.0,36.0,11.0,2.868133622443232,False,NORMAL,OBSERVED
2025-07-08,RED_SEA,13.0,35.0,11.0,2.8883546514566825,False,NORMAL,OBSERVED
2025-07-09,RED_SEA,13.0,27.0,11.5,2.9066153337536016,False,NORMAL,OBSERVED
2025-07-10,RED_SEA,16.0,36.0,12.0,3.036811193047913,False,NORMAL,OBSERVED
2025-07-11,RED_SEA,14.0,37.0,12.5,2.9391986814245405,False,NORMAL,OBSERVED
2025-07-12,RED_SEA,8.0,39.0,12.0,2.987407433645776,False,NORMAL,OBSERVED
2025-07-13,RED_SEA,15.0,34.0,12.5,3.0576471917481283,False,NORMAL,OBSERVED
2025-07-14,RED_SEA,8.0,26.0,11.5,3.096336801334837,False,NORMAL,OBSERVED
2025-07-15,RED_SEA,10.0,33.0,11.5,3.036811193047913,False,NORMAL,OBSERVED
2025-07-16,RED_SEA,11.0,26.0,11.5,2.999118036141269,False,NORMAL,OBSERVED
2025-07-17,RED_SEA,13.0,35.0,12.0,3.0103437199376715,False,NORMAL,OBSERVED
2025-07-18,RED_SEA,10.0,25.0,11.0,3.012320380383358,False,NORMAL,OBSERVED
2025-07-19,RED_SEA,7.0,24.0,10.5,3.129480914408915,False,NORMAL,OBSERVED
2025-07-20,RED_SEA,9.0,23.0,10.0,3.0757629070388894,False,NORMAL,OBSERVED
2025-07-21,RED_SEA,7.0,36.0,10.0,3.1497039417433794,False,NORMAL,OBSERVED
2025-07-22,RED_SEA,20.0,45.0,10.0,3.5026445035883076,True,CONGESTION,OBSERVED
2025-07-23,RED_SEA,5.0,18.0,10.0,3.6911161759469837,False,NORMAL,OBSERVED
2025-07-24,RED_SEA,12.0,34.0,10.5,3.672254040156889,False,NORMAL,OBSERVED
2025-07-25,RED_SEA,13.0,30.0,10.5,3.6485845628364117,False,NORMAL,OBSERVED
2025-07-26,RED_SEA,7.0,31.0,10.5,3.7111301206621183,False,NORMAL,OBSERVED
2025-07-27,RED_SEA,10.0,31.0,10.5,3.583471758123496,False,NORMAL,OBSERVED
2025-07-28,RED_SEA,5.0,25.0,10.0,3.6889653845576356,False,NORMAL,OBSERVED
2025-07-29,RED_SEA,13.0,26.0,10.0,3.6245780633840674,False,NORMAL,OBSERVED
2025-07-30,RED_SEA,7.0,25.0,10.0,3.595264374969493,False,NORMAL,OBSERVED
2025-07-31,RED_SEA,9.0,31.0,10.0,3.60536783819295,False,NORMAL,OBSERVED
2025-08-01,RED_SEA,11.0,37.0,10.0,3.540394262563195,False,NORMAL,OBSERVED
2025-08-02,RED_SEA,20.0,41.0,10.0,3.916286709026862,True,CONGESTION,OBSERVED
2025-08-03,RED_SEA,7.0,30.0,10.0,3.916286709026862,False,NORMAL,OBSERVED
2025-08-04,RED_SEA,11.0,32.0,10.5,3.913076706655285,False,NORMAL,OBSERVED
2025-08-05,RED_SEA,12.0,29.0,10.5,3.8973264475986995,False,NORMAL,OBSERVED
2025-08-06,RED_SEA,17.0,38.0,10.5,4.050442525957321,False,NORMAL,OBSERVED
2025-08-07,RED_SEA,16.0,27.0,10.5,4.050442525957321,False,NORMAL,OBSERVED
2025-08-08,RED_SEA,17.0,47.0,10.5,4.171584399495624,False,NORMAL,OBSERVED
2025-08-09,RED_SEA,9.0,36.0,10.5,4.148531964480487,False,NORMAL,OBSERVED
2025-08-10,RED_SEA,17.0,39.0,10.5,4.234370576590226,False,NORMAL,OBSERVED
2025-08-11,RED_SEA,11.0,36.0,11.0,4.188672050300956,False,NORMAL,OBSERVED
2025-08-12,RED_SEA,8.0,39.0,11.0,4.228274692863005,False,NORMAL,OBSERVED
2025-08-13,RED_SEA,15.0,46.0,11.0,4.2879183045205345,False,NORMAL,OBSERVED
2025-08-14,RED_SEA,7.0,40.0,10.5,4.352217703860619,False,NORMAL,OBSERVED
2025-08-15,RED_SEA,13.0,33.0,11.0,4.359960924051743,False,NORMAL,OBSERVED
2025-08-16,RED_SEA,7.0,25.0,11.0,4.359960924051743,False,NORMAL,OBSERVED
2025-08-17,RED_SEA,7.0,23.0,11.0,4.414232632683579,False,NORMAL,OBSERVED
2025-08-18,RED_SEA,10.0,27.0,11.0,4.34491736150479,False,NORMAL,OBSERVED
2025-08-19,RED_SEA,7.0,32.0,10.5,4.064786190254739,False,NORMAL,OBSERVED
2025-08-20,RED_SEA,9.0,34.0,10.5,3.92033769196564,False,NORMAL,OBSERVED
2025-08-21,RED_SEA,11.0,27.0,10.5,3.915104382777194,False,NORMAL,OBSERVED
2025-08-22,RED_SEA,6.0,27.0,10.0,4.000496000993766,False,NORMAL,OBSERVED
2025-08-23,RED_SEA,8.0,33.0,10.0,3.9707928386148055,False,NORMAL,OBSERVED
2025-08-24,RED_SEA,10.0,35.0,10.0,3.9707928386148055,False,NORMAL,OBSERVED
2025-08-25,RED_SEA,8.0,30.0,10.0,3.849517251394248,False,NORMAL,OBSERVED
2025-08-26,RED_SEA,11.0,33.0,10.0,3.826080094416183,False,NORMAL,OBSERVED
2025-08-27,RED_SEA,17.0,42.0,10.5,3.928427125776746,False,NORMAL,OBSERVED
2025-08-28,RED_SEA,15.0,34.0,11.0,3.972624577246747,False,NORMAL,OBSERVED
2025-08-29,RED_SEA,15.0,43.0,11.0,4.032113156638262,False,NORMAL,OBSERVED
2025-08-30,RED_SEA,10.0,48.0,10.5,3.675134522247127,False,NORMAL,OBSERVED
2025-08-31,RED_SEA,12.0,33.0,11.0,3.5886357962749216,False,NORMAL,OBSERVED
2025-09-01,RED_SEA,9.0,29.0,10.5,3.6143453160276375,False,NORMAL,OBSERVED
2025-09-02,RED_SEA,7.0,29.0,10.0,3.6966665951019673,False,NORMAL,OBSERVED
2025-09-03,RED_SEA,10.0,37.0,10.0,3.510377660986091,False,NORMAL,OBSERVED
2025-09-04,RED_SEA,12.0,30.0,10.0,3.368858315394876,False,NORMAL,OBSERVED
2025-09-05,RED_SEA,10.0,46.0,10.0,3.130959925152174,False,NORMAL,OBSERVED
2025-09-06,RED_SEA,11.0,34.0,10.0,3.120804061362527,False,NORMAL,OBSERVED
2025-09-07,RED_SEA,11.0,32.0,10.0,2.849626356273612,False,NORMAL,OBSERVED
2025-09-08,RED_SEA,6.0,33.0,10.0,2.955579424655779,False,NORMAL,OBSERVED
2025-09-09,RED_SEA,11.0,35.0,10.0,2.931989230293948,False,NORMAL,OBSERVED
2025-09-10,RED_SEA,6.0,29.0,10.0,2.876652963972388,False,NORMAL,OBSERVED
2025-09-11,RED_SEA,12.0,31.0,10.0,2.8477690144720675,False,NORMAL,OBSERVED
2025-09-12,RED_SEA,13.0,39.0,10.0,2.8477690144720675,False,NORMAL,OBSERVED
2025-09-13,RED_SEA,17.0,42.0,10.0,3.0712439959304008,True,CONGESTION,OBSERVED
2025-09-14,RED_SEA,15.0,39.0,10.5,3.1157137156149006,False,NORMAL,OBSERVED
2025-09-15,RED_SEA,12.0,35.0,11.0,3.1224989991990153,False,NORMAL,OBSERVED
2025-09-16,RED_SEA,11.0,40.0,11.0,3.0348504840133907,False,NORMAL,OBSERVED
2025-09-17,RED_SEA,10.0,28.0,11.0,3.0175851447505107,False,NORMAL,OBSERVED
2025-09-18,RED_SEA,10.0,36.0,11.0,3.0226219390195395,False,NORMAL,OBSERVED
2025-09-19,RED_SEA,8.0,34.0,11.0,2.9247620081353043,False,NORMAL,OBSERVED
2025-09-20,RED_SEA,15.0,33.0,11.0,2.9609450800706556,False,NORMAL,OBSERVED
2025-09-21,RED_SEA,9.0,30.0,11.0,2.982089392163823,False,NORMAL,OBSERVED
2025-09-22,RED_SEA,12.0,33.0,11.0,2.9193298498946,False,NORMAL,OBSERVED
2025-09-23,RED_SEA,11.0,28.0,11.0,2.9193298498946,False,NORMAL,OBSERVED
2025-09-24,RED_SEA,8.0,24.0,11.0,2.762178421034471,False,NORMAL,OBSERVED
2025-09-25,RED_SEA,13.0,43.0,11.0,2.6795324554655116,False,NORMAL,OBSERVED
2025-09-26,RED_SEA,10.0,26.0,11.0,2.562189457244266,False,NORMAL,OBSERVED
2025-09-27,RED_SEA,15.0,42.0,11.0,2.6795324554655116,False,NORMAL,OBSERVED
2025-09-28,RED_SEA,16.0,34.0,11.0,2.8405603441542873,False,NORMAL,OBSERVED
2025-09-29,RED_SEA,10.0,28.0,11.0,2.819762082349689,False,NORMAL,OBSERVED
2025-09-30,RED_SEA,7.0,26.0,11.0,2.819762082349689,False,NORMAL,OBSERVED
2025-10-01,RED_SEA,7.0,23.0,11.0,2.918650119236181,False,NORMAL,OBSERVED
2025-10-02,RED_SEA,17.0,45.0,11.0,3.1275783014570377,False,NORMAL,OBSERVED
2025-10-03,RED_SEA,11.0,33.0,11.0,3.11932023526883,False,NORMAL,OBSERVED
2025-10-04,RED_SEA,17.0,45.0,11.0,3.304638394837442,False,NORMAL,OBSERVED
2025-10-05,RED_SEA,11.0,31.0,11.0,3.304638394837442,False,NORMAL,OBSERVED
2025-10-06,RED_SEA,18.0,39.0,11.0,3.352326839389935,True,CONGESTION,OBSERVED
2025-10-07,RED_SEA,18.0,31.0,11.5,3.5417016804990324,False,NORMAL,OBSERVED
2025-10-08,RED_SEA,12.0,31.0,12.0,3.3339285182916334,False,NORMAL,OBSERVED
2025-10-09,RED_SEA,11.0,40.0,11.5,3.342843576149212,False,NORMAL,OBSERVED
2025-10-10,RED_SEA,14.0,34.0,11.5,3.356073228227655,False,NORMAL,OBSERVED
2025-10-11,RED_SEA,15.0,34.0,11.5,3.273066293701037,False,NORMAL,OBSERVED
2025-10-12,RED_SEA,9.0,27.0,11.0,3.282751136844506,False,NORMAL,OBSERVED
2025-10-13,RED_SEA,8.0,32.0,11.0,3.3702322781174114,False,NORMAL,OBSERVED
2025-10-14,RED_SEA,13.0,42.0,11.0,3.371801835672804,False,NORMAL,OBSERVED
2025-10-15,RED_SEA,6.0,28.0,11.0,3.538712586871904,False,NORMAL,OBSERVED
2025-10-16,RED_SEA,10.0,32.0,11.0,3.538712586871904,False,NORMAL,OBSERVED
2025-10-17,RED_SEA,10.0,41.0,11.0,3.478391345033681,False,NORMAL,OBSERVED
2025-10-18,RED_SEA,18.0,46.0,11.0,3.6209268303999163,False,NORMAL,OBSERVED
2025-10-19,RED_SEA,13.0,41.0,11.5,3.576821325373923,False,NORMAL,OBSERVED
2025-10-20,RED_SEA,16.0,41.0,11.5,3.6500344276116357,False,NORMAL,OBSERVED
2025-10-21,RED_SEA,14.0,51.0,12.5,3.6549234750490314,False,NORMAL,OBSERVED
2025-10-22,RED_SEA,10.0,30.0,12.5,3.584763465073809,False,NORMAL,OBSERVED
2025-10-23,RED_SEA,14.0,35.0,12.5,3.595264374969497,False,NORMAL,OBSERVED
2025-10-24,RED_SEA,8.0,29.0,12.5,3.6659450949451386,False,NORMAL,OBSERVED
2025-10-25,RED_SEA,13.0,42.0,12.5,3.6333260521259416,False,NORMAL,OBSERVED
2025-10-26,RED_SEA,10.0,29.0,11.5,3.5871611153841063,False,NORMAL,OBSERVED
2025-10-27,RED_SEA,10.0,24.0,11.5,3.5871611153841063,False,NORMAL,OBSERVED
2025-10-28,RED_SEA,12.0,32.0,12.0,3.4432281518683867,False,NORMAL,OBSERVED
2025-10-29,RED_SEA,12.0,40.0,12.0,3.2829526005985312,False,NORMAL,OBSERVED
2025-10-30,RED_SEA,13.0,38.0,12.0,3.1647864092023483,False,NORMAL,OBSERVED
2025-10-31,RED_SEA,14.0,41.0,12.5,3.1679195516479215,False,NORMAL,OBSERVED
2025-11-01,RED_SEA,6.0,25.0,12.0,3.2651762067880092,False,NORMAL,OBSERVED
2025-11-02,RED_SEA,11.0,42.0,12.0,3.2651762067880092,False,NORMAL,OBSERVED
2025-11-03,RED_SEA,15.0,43.0,12.0,3.108913623010904,False,NORMAL,OBSERVED
2025-11-04,RED_SEA,12.0,33.0,12.0,2.8755031765792545,False,NORMAL,OBSERVED
2025-11-05,RED_SEA,14.0,31.0,12.0,2.906615333753602,False,NORMAL,OBSERVED
2025-11-06,RED_SEA,21.0,49.0,12.5,3.3780727732502354,True,CONGESTION,OBSERVED
2025-11-07,RED_SEA,13.0,36.0,12.5,3.3633568517432377,False,NORMAL,OBSERVED
2025-11-08,RED_SEA,19.0,42.0,12.5,3.5679347990339743,False,NORMAL,OBSERVED
2025-11-09,RED_SEA,14.0,44.0,13.0,3.5222272294790313,False,NORMAL,OBSERVED
2025-11-10,RED_SEA,9.0,32.0,13.0,3.480102169636689,False,NORMAL,OBSERVED
2025-11-11,RED_SEA,18.0,41.0,13.0,3.6316874093391247,False,NORMAL,OBSERVED
2025-11-12,RED_SEA,8.0,26.0,13.0,3.513202611947036,False,NORMAL,OBSERVED
2025-11-13,RED_SEA,10.0,34.0,13.0,3.513202611947036,False,NORMAL,OBSERVED
2025-11-14,RED_SEA,13.0,28.0,13.0,3.4717301238588436,False,NORMAL,OBSERVED
2025-11-15,RED_SEA,10.0,37.0,13.0,3.3602091141778914,False,NORMAL,OBSERVED
2025-11-16,RED_SEA,11.0,38.0,12.5,3.371997978998393,False,NORMAL,OBSERVED
2025-11-17,RED_SEA,12.0,40.0,12.0,3.3022358947780788,False,NORMAL,OBSERVED
2025-11-18,RED_SEA,9.0,40.0,12.0,3.34501919862238,False,NORMAL,OBSERVED
2025-11-19,RED_SEA,11.0,38.0,12.0,3.326182806685606,False,NORMAL,OBSERVED
2025-11-20,RED_SEA,14.0,47.0,12.0,3.326182806685606,False,NORMAL,OBSERVED
2025-11-21,RED_SEA,18.0,39.0,12.0,3.393114721495045,False,NORMAL,OBSERVED
2025-11-22,RED_SEA,15.0,33.0,12.0,3.423386732400475,False,NORMAL,OBSERVED
2025-11-23,RED_SEA,12.0,47.0,12.0,3.386871634842153,False,NORMAL,OBSERVED
2025-11-24,RED_SEA,8.0,30.0,12.0,3.4663919305052473,False,NORMAL,OBSERVED
2025-11-25,RED_SEA,15.0,45.0,12.5,3.4920544732926673,False,NORMAL,OBSERVED
2025-11-26,RED_SEA,12.0,38.0,12.5,3.4920544732926673,False,NORMAL,OBSERVED
2025-11-27,RED_SEA,13.0,32.0,12.5,3.4920544732926673,False,NORMAL,OBSERVED
2025-11-28,RED_SEA,16.0,37.0,12.5,3.5387125868719065,False,NORMAL,OBSERVED
2025-11-29,RED_SEA,15.0,33.0,13.0,3.2966232523180086,False,NORMAL,OBSERVED
2025-11-30,RED_SEA,10.0,47.0,13.0,3.325983961501951,False,NORMAL,OBSERVED
2025-12-01,RED_SEA,12.0,28.0,12.5,3.3110365390556864,False,NORMAL,OBSERVED
2025-12-02,RED_SEA,11.0,42.0,12.5,3.32757439026541,False,NORMAL,OBSERVED
2025-12-03,RED_SEA,16.0,41.0,12.5,3.3718018356728074,False,NORMAL,OBSERVED
2025-12-04,RED_SEA,10.0,26.0,12.0,3.0333246118833186,False,NORMAL,OBSERVED
2025-12-05,RED_SEA,9.0,39.0,12.0,3.109126351029425,False,NORMAL,OBSERVED
2025-12-06,RED_SEA,9.0,40.0,12.0,2.9022888249240966,False,NORMAL,OBSERVED
2025-12-07,RED_SEA,13.0,38.0,12.0,2.8846886437581856,False,NORMAL,OBSERVED
2025-12-08,RED_SEA,5.0,19.0,12.0,3.1326493681053624,True,TRAFFIC_DROP,OBSERVED
2025-12-09,RED_SEA,5.0,13.0,11.5,3.168128317640541,True,TRAFFIC_DROP,OBSERVED
2025-12-10,RED_SEA,12.0,26.0,12.0,3.093772546815202,False,NORMAL,OBSERVED
2025-12-11,RED_SEA,8.0,24.0,12.0,3.1555779118365637,False,NORMAL,OBSERVED
2025-12-12,RED_SEA,14.0,30.0,12.0,3.177924849521335,False,NORMAL,OBSERVED
2025-12-13,RED_SEA,10.0,27.0,12.0,3.177924849521335,False,NORMAL,OBSERVED
2025-12-14,RED_SEA,15.0,37.0,12.0,3.238941299366137,False,NORMAL,OBSERVED
2025-12-15,RED_SEA,8.0,25.0,12.0,3.3148295941260826,False,NORMAL,OBSERVED
2025-12-16,RED_SEA,14.0,35.0,12.0,3.303837755602229,False,NORMAL,OBSERVED
2025-12-17,RED_SEA,14.0,40.0,12.0,3.325983961501945,False,NORMAL,OBSERVED
2025-12-18,RED_SEA,17.0,34.0,12.0,3.442651863295317,False,NORMAL,OBSERVED
2025-12-19,RED_SEA,10.0,29.0,12.0,3.253000243161601,False,NORMAL,OBSERVED
2025-12-20,RED_SEA,11.0,23.0,12.0,3.190594643619435,False,NORMAL,OBSERVED
2025-12-21,RED_SEA,14.0,39.0,12.0,3.2227695211172387,False,NORMAL,OBSERVED
2025-12-22,RED_SEA,6.0,24.0,12.0,3.326978068575433,False,NORMAL,OBSERVED
2025-12-23,RED_SEA,9.0,34.0,11.5,3.2910010377826793,False,NORMAL,OBSERVED
2025-12-24,RED_SEA,12.0,29.0,11.5,3.2910010377826793,False,NORMAL,OBSERVED
2025-12-25,RED_SEA,17.0,43.0,11.5,3.448026810929366,False,NORMAL,OBSERVED
2025-12-26,RED_SEA,11.0,29.0,11.0,3.3339285182916267,False,NORMAL,OBSERVED
2025-12-27,RED_SEA,11.0,37.0,11.0,3.2552359125814028,False,NORMAL,OBSERVED
2025-12-28,RED_SEA,12.0,43.0,11.0,3.2503561058465036,False,NORMAL,OBSERVED
2025-12-29,RED_SEA,18.0,42.0,11.0,3.490538989018927,True,CONGESTION,OBSERVED
2025-12-30,RED_SEA,13.0,34.0,11.5,3.5011336032684257,False,NORMAL,OBSERVED
2025-12-31,RED_SEA,12.0,34.0,11.5,3.392139996611666,False,NORMAL,OBSERVED
2026-01-01,RED_SEA,10.0,29.0,11.5,3.392139996611666,False,NORMAL,OBSERVED
2026-01-02,RED_SEA,4.0,26.0,11.5,3.644957377763575,True,TRAFFIC_DROP,OBSERVED
2026-01-03,RED_SEA,11.0,35.0,11.5,3.619465305888141,False,NORMAL,OBSERVED
2026-01-04,RED_SEA,8.0,31.0,11.0,3.6549234750490243,False,NORMAL,OBSERVED
2026-01-05,RED_SEA,11.0,27.0,11.0,3.453967889238841,False,NORMAL,OBSERVED
2026-01-06,RED_SEA,10.0,26.0,11.0,3.237511618740591,False,NORMAL,OBSERVED
2026-01-07,RED_SEA,17.0,41.0,11.0,3.399929971267446,False,NORMAL,OBSERVED
2026-01-08,RED_SEA,10.0,31.0,11.0,3.340270559012586,False,NORMAL,OBSERVED
2026-01-09,RED_SEA,14.0,36.0,11.0,3.340270559012586,False,NORMAL,OBSERVED
2026-01-10,RED_SEA,11.0,35.0,11.0,3.3261828066856025,False,NORMAL,OBSERVED
2026-01-11,RED_SEA,18.0,38.0,11.0,3.4783913450336783,True,CONGESTION,OBSERVED
2026-01-12,RED_SEA,14.0,39.0,11.5,3.4139071318301504,False,NORMAL,OBSERVED
2026-01-13,RED_SEA,10.0,31.0,11.0,3.4154566188641264,False,NORMAL,OBSERVED
2026-01-14,RED_SEA,5.0,23.0,11.0,3.633326052125937,False,NORMAL,OBSERVED
2026-01-15,RED_SEA,12.0,39.0,11.0,3.479912119549458,False,NORMAL,OBSERVED
2026-01-16,RED_SEA,11.0,37.0,11.0,3.469443332443388,False,NORMAL,OBSERVED
2026-01-17,RED_SEA,10.0,27.0,11.0,3.479912119549458,False,NORMAL,OBSERVED
2026-01-18,RED_SEA,9.0,34.0,11.0,3.4732538150113506,False,NORMAL,OBSERVED
2026-01-19,RED_SEA,10.0,33.0,11.0,3.3269780685754315,False,NORMAL,OBSERVED
2026-01-20,RED_SEA,12.0,36.0,11.0,3.294014131804529,False,NORMAL,OBSERVED
2026-01-21,RED_SEA,8.0,30.0,11.0,3.359224841297524,False,NORMAL,OBSERVED
2026-01-22,RED_SEA,5.0,30.0,11.0,3.3827683475402983,False,NORMAL,OBSERVED
2026-01-23,RED_SEA,13.0,33.0,11.0,3.404595400523926,False,NORMAL,OBSERVED
2026-01-24,RED_SEA,16.0,35.0,11.0,3.531416071620322,False,NORMAL,OBSERVED
2026-01-25,RED_SEA,14.0,40.0,11.0,3.567934799033969,False,NORMAL,OBSERVED
2026-01-26,RED_SEA,15.0,42.0,11.0,3.3999299712674445,False,NORMAL,OBSERVED
2026-01-27,RED_SEA,13.0,32.0,11.0,3.3999299712674445,False,NORMAL,OBSERVED
2026-01-28,RED_SEA,12.0,36.0,11.0,3.3999299712674445,False,NORMAL,OBSERVED
2026-01-29,RED_SEA,10.0,31.0,11.0,3.3999299712674445,False,NORMAL,OBSERVED
2026-01-30,RED_SEA,11.0,34.0,11.0,3.096336801334834,False,NORMAL,OBSERVED
2026-01-31,RED_SEA,19.0,31.0,11.0,3.408672412985218,True,CONGESTION,OBSERVED
2026-02-01,RED_SEA,13.0,37.0,11.5,3.337101045255034,False,NORMAL,OBSERVED
2026-02-02,RED_SEA,11.0,22.0,11.5,3.337101045255034,False,NORMAL,OBSERVED
2026-02-03,RED_SEA,11.0,33.0,11.5,3.3214072366611247,False,NORMAL,OBSERVED
2026-02-04,RED_SEA,12.0,44.0,11.5,3.169589294576688,False,NORMAL,OBSERVED
2026-02-05,RED_SEA,12.0,30.0,12.0,3.151173460775055,False,NORMAL,OBSERVED
2026-02-06,RED_SEA,10.0,32.0,11.5,3.1393980483237476,False,NORMAL,OBSERVED
2026-02-07,RED_SEA,13.0,30.0,12.0,3.146132252170433,False,NORMAL,OBSERVED
2026-02-08,RED_SEA,16.0,43.0,12.0,3.0191189716667703,False,NORMAL,OBSERVED
2026-02-09,RED_SEA,18.0,32.0,12.0,3.2209220146314443,False,NORMAL,OBSERVED
2026-02-10,RED_SEA,13.0,32.0,12.0,3.2079596772721675,False,NORMAL,OBSERVED
2026-02-11,RED_SEA,16.0,40.0,12.0,2.994483464127008,False,NORMAL,OBSERVED
2026-02-12,RED_SEA,9.0,34.0,12.0,3.0593771195763404,False,NORMAL,OBSERVED
2026-02-13,RED_SEA,18.0,42.0,12.0,3.2373073271096158,False,NORMAL,OBSERVED
2026-02-14,RED_SEA,10.0,31.0,12.0,3.2373073271096158,False,NORMAL,OBSERVED
2026-02-15,RED_SEA,10.0,34.0,12.0,3.203007845644174,False,NORMAL,OBSERVED
2026-02-16,RED_SEA,13.0,30.0,12.5,3.1662489281689705,False,NORMAL,OBSERVED
2026-02-17,RED_SEA,16.0,50.0,13.0,3.2274861218393407,False,NORMAL,OBSERVED
2026-02-18,RED_SEA,17.0,41.0,13.0,3.1847852585152476,False,NORMAL,OBSERVED
2026-02-19,RED_SEA,9.0,26.0,13.0,2.8849179057211005,False,NORMAL,OBSERVED
2026-02-20,RED_SEA,19.0,48.0,13.0,3.084352041065743,False,NORMAL,OBSERVED
2026-02-21,RED_SEA,19.0,38.0,13.0,3.225846347252696,False,NORMAL,OBSERVED
2026-02-22,RED_SEA,14.0,47.0,13.0,3.225846347252696,False,NORMAL,OBSERVED
2026-02-23,RED_SEA,13.0,37.0,13.0,3.2143445026956097,False,NORMAL,OBSERVED
2026-02-24,RED_SEA,13.0,43.0,13.0,3.2143445026956097,False,NORMAL,OBSERVED
2026-02-25,RED_SEA,14.0,37.0,13.0,3.202801353180589,False,NORMAL,OBSERVED
2026-02-26,RED_SEA,18.0,46.0,13.0,3.232400454524719,False,NORMAL,OBSERVED
2026-02-27,RED_SEA,14.0,36.0,13.0,3.1847852585152516,False,NORMAL,OBSERVED
2026-02-28,RED_SEA,13.0,25.0,13.0,3.028960741673963,False,NORMAL,OBSERVED
2026-03-01,RED_SEA,14.0,31.0,13.0,3.0261208514212248,False,NORMAL,OBSERVED
2026-03-02,RED_SEA,11.0,28.0,13.0,3.0261208514212248,False,NORMAL,OBSERVED
2026-03-03,RED_SEA,17.0,43.0,13.5,3.0365933990079057,False,NORMAL,OBSERVED
2026-03-04,RED_SEA,8.0,28.0,13.5,3.2209220146314523,False,NORMAL,OBSERVED
2026-03-05,RED_SEA,9.0,32.0,13.5,3.3317456536368453,False,NORMAL,OBSERVED
2026-03-06,RED_SEA,12.0,34.0,13.5,3.270033897854975,False,NORMAL,OBSERVED
2026-03-07,RED_SEA,16.0,34.0,14.0,3.2924074914788424,False,NORMAL,OBSERVED
2026-03-08,RED_SEA,19.0,47.0,14.0,3.4102242784937986,False,NORMAL,OBSERVED
2026-03-09,RED_SEA,10.0,25.0,13.5,3.397789508632407,False,NORMAL,OBSERVED
2026-03-10,RED_SEA,12.0,21.0,13.5,3.410806046024428,False,NORMAL,OBSERVED
2026-03-11,RED_SEA,20.0,40.0,13.5,3.5906624935875073,False,NORMAL,OBSERVED
2026-03-12,RED_SEA,16.0,32.0,14.0,3.4846602621856935,False,NORMAL,OBSERVED
2026-03-13,RED_SEA,10.0,39.0,13.5,3.478581478207462,False,NORMAL,OBSERVED
2026-03-14,RED_SEA,14.0,29.0,14.0,3.3985680146590367,False,NORMAL,OBSERVED
2026-03-15,RED_SEA,16.0,26.0,14.0,3.3301572170013256,False,NORMAL,OBSERVED
2026-03-16,RED_SEA,21.0,49.0,14.0,3.5634832254988424,False,NORMAL,OBSERVED
2026-03-17,RED_SEA,18.0,33.0,14.0,3.6158089100605153,False,NORMAL,OBSERVED
2026-03-18,RED_SEA,22.0,42.0,14.0,3.8591264740684625,True,CONGESTION,OBSERVED
2026-03-19,RED_SEA,20.0,44.0,14.0,3.8193326101952083,False,NORMAL,OBSERVED
2026-03-20,RED_SEA,14.0,32.0,14.0,3.7450143224200394,False,NORMAL,OBSERVED
2026-03-21,RED_SEA,19.0,41.0,14.0,3.7450143224200394,False,NORMAL,OBSERVED
2026-03-22,RED_SEA,13.0,38.0,14.0,3.758588049651501,False,NORMAL,OBSERVED
2026-03-23,RED_SEA,20.0,26.0,14.0,3.861867574635376,False,NORMAL,OBSERVED
2026-03-24,RED_SEA,12.0,29.0,14.0,3.886620653706644,False,NORMAL,OBSERVED
2026-03-25,RED_SEA,14.0,44.0,14.0,3.886620653706644,False,NORMAL,OBSERVED
2026-03-26,RED_SEA,16.0,38.0,14.0,3.849001794597369,False,NORMAL,OBSERVED
2026-03-27,RED_SEA,14.0,37.0,14.0,3.849001794597369,False,NORMAL,OBSERVED
2026-03-28,RED_SEA,12.0,35.0,14.0,3.8728125759809497,False,NORMAL,OBSERVED
2026-03-29,RED_SEA,16.0,38.0,15.0,3.8728125759809497,False,NORMAL,OBSERVED
2026-03-30,RED_SEA,13.0,47.0,15.0,3.813613875794159,False,NORMAL,OBSERVED
2026-03-31,RED_SEA,16.0,34.0,15.0,3.7998886087821564,False,NORMAL,OBSERVED
2026-04-01,RED_SEA,19.0,42.0,16.0,3.6053678381929655,False,NORMAL,OBSERVED
2026-04-02,RED_SEA,15.0,40.0,16.0,3.378072773250251,False,NORMAL,OBSERVED
2026-04-03,RED_SEA,13.0,28.0,16.0,3.3428435761492272,False,NORMAL,OBSERVED
2026-04-04,RED_SEA,20.0,39.0,16.0,3.4395766935317513,False,NORMAL,OBSERVED
2026-04-05,RED_SEA,16.0,36.0,16.0,3.384332091226079,False,NORMAL,OBSERVED
2026-04-06,RED_SEA,20.0,40.0,16.0,3.281138981492861,False,NORMAL,OBSERVED
2026-04-07,RED_SEA,21.0,38.0,16.0,3.304638394837464,False,NORMAL,OBSERVED
2026-04-08,RED_SEA,15.0,31.0,16.0,3.2389412993661586,False,NORMAL,OBSERVED
2026-04-09,RED_SEA,11.0,37.0,16.0,3.3876526498726918,False,NORMAL,OBSERVED
2026-04-10,RED_SEA,11.0,32.0,16.0,3.325983961501965,False,NORMAL,OBSERVED
2026-04-11,RED_SEA,18.0,38.0,16.0,3.3180203825863184,False,NORMAL,OBSERVED
2026-04-12,RED_SEA,11.0,33.0,16.0,3.4633378401056962,False,NORMAL,OBSERVED
2026-04-13,RED_SEA,15.0,34.0,15.5,3.3301572170013354,False,NORMAL,OBSERVED
2026-04-14,RED_SEA,16.0,34.0,15.5,3.303837755602248,False,NORMAL,OBSERVED
2026-04-15,RED_SEA,16.0,41.0,15.5,3.0723205300151246,False,NORMAL,OBSERVED
2026-04-16,RED_SEA,16.0,48.0,15.5,2.9493071556573534,False,NORMAL,OBSERVED
2026-04-17,RED_SEA,11.0,26.0,15.5,3.055699852292524,False,NORMAL,OBSERVED
2026-04-18,RED_SEA,6.0,22.0,15.0,3.439576693531746,True,TRAFFIC_DROP,OBSERVED
2026-04-19,RED_SEA,17.0,42.0,15.5,3.4426518632953296,False,NORMAL,OBSERVED
2026-04-20,RED_SEA,15.0,51.0,15.0,3.3004328720421032,False,NORMAL,OBSERVED
2026-04-21,RED_SEA,14.0,36.0,15.0,3.2584850571582824,False,NORMAL,OBSERVED
2026-04-22,RED_SEA,12.0,35.0,15.0,3.3004328720421037,False,NORMAL,OBSERVED
2026-04-23,RED_SEA,9.0,28.0,15.0,3.4686807336140015,False,NORMAL,OBSERVED
2026-04-24,RED_SEA,16.0,46.0,15.0,3.477060121704258,False,NORMAL,OBSERVED
2026-04-25,RED_SEA,13.0,39.0,15.0,3.4539678892388563,False,NORMAL,OBSERVED
2026-04-26,RED_SEA,18.0,38.0,15.0,3.502644503588319,False,NORMAL,OBSERVED
2026-04-27,RED_SEA,8.0,33.0,15.0,3.7161167647858897,False,NORMAL,OBSERVED
2026-04-28,RED_SEA,19.0,36.0,15.0,3.8011067728244154,False,NORMAL,OBSERVED
2026-04-29,RED_SEA,11.0,27.0,15.0,3.7647417472224247,False,NORMAL,OBSERVED
2026-04-30,RED_SEA,15.0,41.0,15.0,3.7647417472224247,False,NORMAL,OBSERVED
2026-05-01,RED_SEA,13.0,42.0,15.0,3.7647417472224247,False,NORMAL,OBSERVED
2026-05-02,RED_SEA,12.0,28.0,15.0,3.6243955890937603,False,NORMAL,OBSERVED
2026-05-03,RED_SEA,18.0,35.0,15.0,3.6823258695453247,False,NORMAL,OBSERVED
2026-05-04,RED_SEA,13.0,44.0,14.5,3.5058530047627787,False,NORMAL,OBSERVED
2026-05-05,RED_SEA,16.0,32.0,14.5,3.250356105846515,False,NORMAL,OBSERVED
2026-05-06,RED_SEA,14.0,31.0,14.0,3.2415947476412614,False,NORMAL,OBSERVED
2026-05-07,RED_SEA,8.0,25.0,14.0,3.381203880652361,False,NORMAL,OBSERVED
2026-05-08,RED_SEA,14.0,44.0,14.0,3.342843576149216,False,NORMAL,OBSERVED
2026-05-09,RED_SEA,13.0,29.0,14.0,3.2373073271096198,False,NORMAL,OBSERVED
2026-05-10,RED_SEA,12.0,32.0,14.0,3.2137271707538004,False,NORMAL,OBSERVED
2026-05-11,RED_SEA,8.0,28.0,13.5,3.367090968076223,False,NORMAL,OBSERVED
2026-05-12,RED_SEA,20.0,45.0,13.5,3.5640399762600654,False,NORMAL,OBSERVED
2026-05-13,RED_SEA,16.0,38.0,13.5,3.5640399762600654,False,NORMAL,OBSERVED
2026-05-14,RED_SEA,13.0,38.0,13.0,3.529917486332556,False,NORMAL,OBSERVED
2026-05-15,RED_SEA,7.0,24.0,13.0,3.705422881420907,False,NORMAL,OBSERVED
2026-05-16,RED_SEA,13.0,38.0,13.0,3.4262834076323703,False,NORMAL,OBSERVED
2026-05-17,RED_SEA,10.0,32.0,13.0,3.4141008561674835,False,NORMAL,OBSERVED
2026-05-18,RED_SEA,19.0,45.0,13.0,3.571640205369607,False,NORMAL,OBSERVED
2026-05-19,RED_SEA,15.0,45.0,13.0,3.5832871905480848,False,NORMAL,OBSERVED
2026-05-20,RED_SEA,17.0,37.0,13.0,3.635509760257854,False,NORMAL,OBSERVED
2026-05-21,RED_SEA,17.0,34.0,13.5,3.5768213253739285,False,NORMAL,OBSERVED
2026-05-22,RED_SEA,12.0,38.0,13.0,3.5679347990339787,False,NORMAL,OBSERVED
2026-05-23,RED_SEA,13.0,42.0,13.0,3.5679347990339787,False,NORMAL,OBSERVED
2026-05-24,RED_SEA,23.0,46.0,13.0,3.9000406998281925,True,CONGESTION,OBSERVED
2026-05-25,RED_SEA,15.0,37.0,13.5,3.728908942943074,False,NORMAL,OBSERVED
2026-05-26,RED_SEA,14.0,26.0,13.5,3.6053678381929584,False,NORMAL,OBSERVED
2026-05-27,RED_SEA,12.0,40.0,13.5,3.5797785985747406,False,NORMAL,OBSERVED
2026-05-28,RED_SEA,17.0,40.0,13.5,3.62019614189881,False,NORMAL,OBSERVED
2026-05-29,RED_SEA,13.0,30.0,13.5,3.62019614189881,False,NORMAL,OBSERVED
2026-05-30,RED_SEA,10.0,32.0,13.5,3.68178700572894,False,NORMAL,OBSERVED
2026-05-31,RED_SEA,13.0,33.0,13.0,3.600962540339753,False,NORMAL,OBSERVED
2026-06-01,RED_SEA,20.0,41.0,13.5,3.7803445995046814,False,NORMAL,OBSERVED
2026-06-02,RED_SEA,10.0,37.0,13.0,3.83661005571007,False,NORMAL,OBSERVED
2026-06-03,RED_SEA,10.0,30.0,13.0,3.904955473328237,False,NORMAL,OBSERVED
2026-06-04,RED_SEA,16.0,47.0,13.0,3.7614024177355794,False,NORMAL,OBSERVED
2026-06-05,RED_SEA,10.0,28.0,13.0,3.83661005571007,False,NORMAL,OBSERVED
2026-06-06,RED_SEA,17.0,40.0,13.0,3.8777618592476713,False,NORMAL,OBSERVED
2026-06-07,RED_SEA,18.0,37.0,13.5,3.9285954785217276,False,NORMAL,OBSERVED
2026-06-08,RED_SEA,10.0,31.0,13.5,3.828326613036509,False,NORMAL,OBSERVED
2026-06-09,RED_SEA,13.0,38.0,13.0,3.666486287049307,False,NORMAL,OBSERVED
2026-06-10,RED_SEA,15.0,32.0,13.0,3.6514837167009593,False,NORMAL,OBSERVED
2026-06-11,RED_SEA,16.0,40.0,13.5,3.665042930517814,False,NORMAL,OBSERVED
2026-06-12,RED_SEA,15.0,41.0,14.5,3.39213999661168,False,NORMAL,OBSERVED
2026-06-13,RED_SEA,19.0,37.0,15.0,3.489022846482861,False,NORMAL,OBSERVED
2026-06-14,RED_SEA,8.0,33.0,15.0,3.605367838192961,False,NORMAL,OBSERVED
2026-06-15,RED_SEA,16.0,35.0,15.0,3.5111312034786257,False,NORMAL,OBSERVED
2026-06-16,RED_SEA,12.0,25.0,14.5,3.5387125868719127,False,NORMAL,OBSERVED
2026-06-17,RED_SEA,14.0,42.0,14.0,3.4998110304238104,False,NORMAL,OBSERVED
2026-06-18,RED_SEA,14.0,40.0,14.0,3.457030257469136,False,NORMAL,OBSERVED
2026-06-19,RED_SEA,15.0,39.0,14.0,3.4357288606977896,False,NORMAL,OBSERVED
2026-06-20,RED_SEA,21.0,39.0,14.5,3.656551704867485,False,NORMAL,OBSERVED
2026-06-21,RED_SEA,13.0,37.0,14.0,3.2627446491415126,False,NORMAL,OBSERVED
2026-06-22,RED_SEA,12.0,29.0,14.0,3.282751136844514,False,NORMAL,OBSERVED
2026-06-23,RED_SEA,11.0,30.0,13.5,3.3325395880347806,False,NORMAL,OBSERVED
2026-06-24,RED_SEA,12.0,36.0,13.5,3.3325395880347806,False,NORMAL,OBSERVED
2026-06-25,RED_SEA,15.0,46.0,13.5,3.285369202030376,False,NORMAL,OBSERVED
2026-06-26,RED_SEA,16.0,36.0,14.0,3.3052387469897084,False,NORMAL,OBSERVED
2026-06-27,RED_SEA,6.0,32.0,14.0,3.55958353190845,True,TRAFFIC_DROP,OBSERVED
2026-06-28,RED_SEA,14.0,37.0,14.0,3.5560515527058327,False,NORMAL,OBSERVED
2026-06-29,RED_SEA,11.0,35.0,14.0,3.38276834754031,False,NORMAL,OBSERVED
2026-06-30,RED_SEA,13.0,37.0,14.0,3.313432657959852,False,NORMAL,OBSERVED
2026-07-01,RED_SEA,12.0,31.0,14.0,3.25300024316161,False,NORMAL,OBSERVED
2026-07-02,RED_SEA,11.0,39.0,13.5,3.2601084151153294,False,NORMAL,OBSERVED
2026-07-03,RED_SEA,7.0,31.0,13.5,3.4257042685334995,False,NORMAL,OBSERVED
2026-07-04,RED_SEA,15.0,31.0,13.5,3.368858315394883,False,NORMAL,OBSERVED
2026-07-05,RED_SEA,13.0,34.0,13.0,3.243838277794635,False,NORMAL,OBSERVED
2026-07-06,RED_SEA,13.0,28.0,13.0,3.1839544810761717,False,NORMAL,OBSERVED
2026-07-07,RED_SEA,6.0,27.0,13.0,3.4692526984515224,True,TRAFFIC_DROP,OBSERVED
2026-07-08,RED_SEA,10.0,31.0,13.0,3.493001317070619,False,NORMAL,OBSERVED
2026-07-09,RED_SEA,10.0,28.0,13.0,3.477060121704248,False,NORMAL,OBSERVED
2026-07-10,RED_SEA,11.0,27.0,12.5,3.4587516480605864,False,NORMAL,OBSERVED
2026-07-11,RED_SEA,21.0,44.0,12.5,3.6150771871125977,True,CONGESTION,OBSERVED
2026-07-12,RED_SEA,14.0,41.0,13.0,3.510377660986093,False,NORMAL,OBSERVED
2026-07-13,RED_SEA,22.0,44.0,13.0,3.8777618592476664,True,CONGESTION,OBSERVED
2026-07-14,RED_SEA,14.0,45.0,13.0,3.8770795751112606,False,NORMAL,OBSERVED
2026-07-15,RED_SEA,15.0,40.0,13.0,3.8905325324744773,False,NORMAL,OBSERVED
2026-07-16,RED_SEA,10.0,33.0,13.0,3.9297737457925708,False,NORMAL,OBSERVED
2026-07-17,RED_SEA,16.0,46.0,13.0,3.9534326388125685,False,NORMAL,OBSERVED
2026-07-18,RED_SEA,11.0,40.0,12.5,3.6435054926720145,False,NORMAL,OBSERVED
2026-07-19,RED_SEA,18.0,33.0,12.5,3.781569059301102,False,NORMAL,OBSERVED
2026-07-20,RED_SEA,12.0,35.0,12.5,3.781569059301102,False,NORMAL,OBSERVED
2026-07-21,RED_SEA,8.0,25.0,12.5,3.876397170886117,False,NORMAL,OBSERVED
2026-07-22,RED_SEA,7.0,31.0,12.5,4.022917154735018,False,NORMAL,OBSERVED
2026-07-23,RED_SEA,14.0,34.0,12.5,4.004626953542102,False,NORMAL,OBSERVED
2026-07-24,RED_SEA,7.0,30.0,12.0,4.073887682123759,False,NORMAL,OBSERVED
2026-07-25,RED_SEA,5.0,22.0,12.0,4.133998922344554,False,NORMAL,OBSERVED
2026-07-26,RED_SEA,6.0,20.0,11.5,4.274942370971931,False,NORMAL,OBSERVED
2026-07-27,RED_SEA,12.0,32.0,12.0,4.271692228772262,False,NORMAL,OBSERVED
2026-07-28,RED_SEA,13.0,33.0,12.0,4.271692228772262,False,NORMAL,OBSERVED
2026-07-29,RED_SEA,5.0,31.0,11.5,4.465624137989869,False,NORMAL,OBSERVED
2026-07-30,RED_SEA,14.0,37.0,12.0,4.485573583207525,False,NORMAL,OBSERVED
2026-07-31,RED_SEA,7.0,27.0,12.0,4.485573583207525,False,NORMAL,OBSERVED
2026-08-01,RED_SEA,5.0,20.0,11.5,4.613501006219718,False,NORMAL,OBSERVED
2026-08-02,RED_SEA,6.0,30.0,11.0,4.711799889750944,False,NORMAL,OBSERVED
2026-08-03,RED_SEA,5.0,17.0,10.5,4.835932524988555,False,NORMAL,OBSERVED
2026-08-04,RED_SEA,9.0,27.0,10.5,4.756921996239342,False,NORMAL,OBSERVED
2026-08-05,RED_SEA,4.0,14.0,10.5,4.933821297188558,False,NORMAL,OBSERVED
2026-08-06,RED_SEA,13.0,31.0,11.0,4.949480224968406,False,NORMAL,OBSERVED
2026-08-07,RED_SEA,13.0,28.0,11.5,4.966022116480601,False,NORMAL,OBSERVED
2026-08-08,RED_SEA,8.0,25.0,10.5,4.5824313686814815,False,NORMAL,OBSERVED
2026-08-09,RED_SEA,9.0,34.0,9.5,4.5367400831444336,False,NORMAL,OBSERVED
2026-08-10,RED_SEA,13.0,29.0,9.5,3.957946931850234,False,NORMAL,OBSERVED
2026-08-11,RED_SEA,6.0,24.0,9.0,3.9445562246623593,False,NORMAL,OBSERVED
2026-08-12,RED_SEA,6.0,25.0,8.5,3.8606685826111318,False,NORMAL,OBSERVED
2026-08-13,RED_SEA,7.0,20.0,8.0,3.883726732576852,False,NORMAL,OBSERVED
2026-08-14,RED_SEA,7.0,31.0,7.5,3.670993118515642,False,NORMAL,OBSERVED
2026-08-15,RED_SEA,10.0,40.0,7.5,3.6549234750490096,False,NORMAL,OBSERVED
2026-08-16,RED_SEA,13.0,36.0,7.5,3.2982278390532076,False,NORMAL,OBSERVED
2023-11-21,SUEZ,21.0,70.0,,,False,NORMAL,OBSERVED
2023-11-22,SUEZ,28.0,86.0,,,False,NORMAL,OBSERVED
2023-11-23,SUEZ,24.0,63.0,,,False,NORMAL,OBSERVED
2023-11-24,SUEZ,33.0,86.0,,,False,NORMAL,OBSERVED
2023-11-25,SUEZ,26.0,77.0,,,False,NORMAL,OBSERVED
2023-11-26,SUEZ,28.0,80.0,,,False,NORMAL,OBSERVED
2023-11-27,SUEZ,23.0,70.0,26.0,3.9761191895520196,False,NORMAL,OBSERVED
2023-11-28,SUEZ,22.0,77.0,25.0,3.9618718519695424,False,NORMAL,OBSERVED
2023-11-29,SUEZ,24.0,71.0,24.0,3.745367509040705,False,NORMAL,OBSERVED
2023-11-30,SUEZ,20.0,75.0,24.0,3.928528138289623,False,NORMAL,OBSERVED
2023-12-01,SUEZ,30.0,79.0,24.0,4.031692628976749,False,NORMAL,OBSERVED
2023-12-02,SUEZ,25.0,70.0,24.5,3.845501110112801,False,NORMAL,OBSERVED
2023-12-03,SUEZ,29.0,82.0,25.0,3.8196522864972398,False,NORMAL,OBSERVED
2023-12-04,SUEZ,24.0,70.0,24.5,3.6951111152232152,False,NORMAL,OBSERVED
2023-12-05,SUEZ,23.0,76.0,24.0,3.618734322278729,False,NORMAL,OBSERVED
2023-12-06,SUEZ,22.0,67.0,24.0,3.5939764421413036,False,NORMAL,OBSERVED
2023-12-07,SUEZ,22.0,67.0,24.0,3.561435599503627,False,NORMAL,OBSERVED
2023-12-08,SUEZ,29.0,88.0,24.0,3.585099883750882,False,NORMAL,OBSERVED
2023-12-09,SUEZ,33.0,77.0,24.0,3.9202577788496993,True,CONGESTION,OBSERVED
2023-12-10,SUEZ,22.0,71.0,24.0,3.8987177379235853,False,NORMAL,OBSERVED
2023-12-11,SUEZ,33.0,76.0,24.0,4.1461399144838555,True,CONGESTION,OBSERVED
2023-12-12,SUEZ,30.0,84.0,24.5,4.145878880082206,False,NORMAL,OBSERVED
2023-12-13,SUEZ,24.0,83.0,24.0,4.071010013454187,False,NORMAL,OBSERVED
2023-12-14,SUEZ,28.0,73.0,24.5,4.005204946899305,False,NORMAL,OBSERVED
2023-12-15,SUEZ,24.0,72.0,24.0,3.9403891516786342,False,NORMAL,OBSERVED
2023-12-16,SUEZ,24.0,69.0,24.0,3.8783422311006106,False,NORMAL,OBSERVED
2023-12-17,SUEZ,34.0,91.0,24.0,4.116882066408746,True,CONGESTION,OBSERVED
2023-12-18,SUEZ,28.0,75.0,24.5,4.05566427338515,False,NORMAL,OBSERVED
2023-12-19,SUEZ,18.0,76.0,24.5,4.233277089990085,False,NORMAL,OBSERVED
2023-12-20,SUEZ,28.0,79.0,24.5,4.233277089990085,False,NORMAL,OBSERVED
2023-12-21,SUEZ,27.0,78.0,25.5,4.216840764333654,False,NORMAL,OBSERVED
2023-12-22,SUEZ,22.0,72.0,24.5,4.067551295924066,False,NORMAL,OBSERVED
2023-12-23,SUEZ,20.0,57.0,24.0,4.2113477338554866,False,NORMAL,OBSERVED
2023-12-24,SUEZ,19.0,60.0,24.0,4.359960924051874,False,NORMAL,OBSERVED
2023-12-25,SUEZ,23.0,58.0,24.0,4.359960924051874,False,NORMAL,OBSERVED
2023-12-26,SUEZ,21.0,58.0,24.0,4.391550328268401,False,NORMAL,OBSERVED
2023-12-27,SUEZ,14.0,54.0,24.0,4.874075682282106,True,TRAFFIC_DROP,OBSERVED
2023-12-28,SUEZ,23.0,71.0,24.0,4.7956936149713805,False,NORMAL,OBSERVED
2023-12-29,SUEZ,22.0,61.0,24.0,4.722315591980758,False,NORMAL,OBSERVED
2023-12-30,SUEZ,18.0,68.0,23.5,4.887084804215895,False,NORMAL,OBSERVED
2023-12-31,SUEZ,26.0,52.0,23.5,4.815511752571421,False,NORMAL,OBSERVED
2024-01-01,SUEZ,18.0,45.0,23.0,4.961625224432505,False,NORMAL,OBSERVED
2024-01-02,SUEZ,22.0,61.0,23.0,4.973474613934385,False,NORMAL,OBSERVED
2024-01-03,SUEZ,16.0,53.0,23.0,5.190549001964916,False,NORMAL,OBSERVED
2024-01-04,SUEZ,19.0,60.0,23.0,5.260791378293381,False,NORMAL,OBSERVED
2024-01-05,SUEZ,23.0,49.0,23.0,5.160262287743417,False,NORMAL,OBSERVED
2024-01-06,SUEZ,22.0,53.0,22.5,4.820590756130964,False,NORMAL,OBSERVED
2024-01-07,SUEZ,16.0,57.0,22.5,5.00317359600345,False,NORMAL,OBSERVED
2024-01-08,SUEZ,13.0,63.0,22.0,4.939314263825037,False,NORMAL,OBSERVED
2024-01-09,SUEZ,17.0,54.0,22.0,4.78906934437008,False,NORMAL,OBSERVED
2024-01-10,SUEZ,17.0,48.0,22.0,4.849589520621163,False,NORMAL,OBSERVED
2024-01-11,SUEZ,19.0,50.0,21.5,4.698727735040882,False,NORMAL,OBSERVED
2024-01-12,SUEZ,10.0,36.0,20.5,5.11391400026599,True,TRAFFIC_DROP,OBSERVED
2024-01-13,SUEZ,14.0,47.0,19.5,5.221420066727788,False,NORMAL,OBSERVED
2024-01-14,SUEZ,13.0,49.0,19.0,4.662129313462878,False,NORMAL,OBSERVED
2024-01-15,SUEZ,17.0,53.0,19.0,4.380542596431811,False,NORMAL,OBSERVED
2024-01-16,SUEZ,20.0,48.0,19.0,4.376917569181253,False,NORMAL,OBSERVED
2024-01-17,SUEZ,16.0,58.0,19.0,4.064786190254894,False,NORMAL,OBSERVED
2024-01-18,SUEZ,23.0,60.0,19.0,3.830226484248033,False,NORMAL,OBSERVED
2024-01-19,SUEZ,19.0,47.0,19.0,3.775442789126645,False,NORMAL,OBSERVED
2024-01-20,SUEZ,9.0,36.0,18.5,4.172694053171859,True,TRAFFIC_DROP,OBSERVED
2024-01-21,SUEZ,14.0,51.0,18.0,4.242640687119301,False,NORMAL,OBSERVED
2024-01-22,SUEZ,14.0,46.0,17.5,4.190408549237645,False,NORMAL,OBSERVED
2024-01-23,SUEZ,14.0,39.0,17.0,4.1937216869150635,False,NORMAL,OBSERVED
2024-01-24,SUEZ,17.0,41.0,17.0,4.140872540519152,False,NORMAL,OBSERVED
2024-01-25,SUEZ,16.0,44.0,17.0,4.0079286500001725,False,NORMAL,OBSERVED
2024-01-26,SUEZ,11.0,40.0,17.0,4.06738869468495,False,NORMAL,OBSERVED
2024-01-27,SUEZ,9.0,35.0,16.5,4.32416612752249,False,NORMAL,OBSERVED
2024-01-28,SUEZ,16.0,54.0,16.0,3.909694909544022,False,NORMAL,OBSERVED
2024-01-29,SUEZ,9.0,36.0,16.0,4.121661708352033,False,NORMAL,OBSERVED
2024-01-30,SUEZ,13.0,34.0,16.0,3.9761191895520396,False,NORMAL,OBSERVED
2024-01-31,SUEZ,14.0,40.0,16.0,3.986086914367153,False,NORMAL,OBSERVED
2024-02-01,SUEZ,8.0,37.0,15.0,4.166349194254578,False,NORMAL,OBSERVED
2024-02-02,SUEZ,12.0,37.0,14.0,3.9049554733283984,False,NORMAL,OBSERVED
2024-02-03,SUEZ,16.0,43.0,14.0,3.646408684760454,False,NORMAL,OBSERVED
2024-02-04,SUEZ,13.0,45.0,14.0,3.644775923756041,False,NORMAL,OBSERVED
2024-02-05,SUEZ,12.0,42.0,14.0,3.663779527111395,False,NORMAL,OBSERVED
2024-02-06,SUEZ,7.0,40.0,14.0,3.8777618592478333,False,NORMAL,OBSERVED
2024-02-07,SUEZ,14.0,46.0,14.0,3.8329882522386,False,NORMAL,OBSERVED
2024-02-08,SUEZ,11.0,46.0,14.0,3.7351115379675583,False,NORMAL,OBSERVED
2024-02-09,SUEZ,11.0,43.0,14.0,3.7039946975632803,False,NORMAL,OBSERVED
2024-02-10,SUEZ,15.0,47.0,14.0,3.712377409658965,False,NORMAL,OBSERVED
2024-02-11,SUEZ,15.0,33.0,14.0,3.718073973722719,False,NORMAL,OBSERVED
2024-02-12,SUEZ,16.0,47.0,14.0,3.6903993847614642,False,NORMAL,OBSERVED
2024-02-13,SUEZ,15.0,52.0,14.0,3.4905389890191185,False,NORMAL,OBSERVED
2024-02-14,SUEZ,9.0,39.0,14.0,3.5575391292415657,False,NORMAL,OBSERVED
2024-02-15,SUEZ,10.0,28.0,13.5,3.0556998522927237,False,NORMAL,OBSERVED
2024-02-16,SUEZ,20.0,43.0,13.5,3.1353927713586405,True,CONGESTION,OBSERVED
2024-02-17,SUEZ,14.0,34.0,14.0,3.048765905243256,False,NORMAL,OBSERVED
2024-02-18,SUEZ,8.0,36.0,13.5,3.186238597800954,False,NORMAL,OBSERVED
2024-02-19,SUEZ,26.0,48.0,13.5,4.042597258272554,True,CONGESTION,OBSERVED
2024-02-20,SUEZ,9.0,37.0,13.0,4.117969397369551,False,NORMAL,OBSERVED
2024-02-21,SUEZ,10.0,41.0,12.5,4.082968885582537,False,NORMAL,OBSERVED
2024-02-22,SUEZ,14.0,46.0,12.5,4.042597258272556,False,NORMAL,OBSERVED
2024-02-23,SUEZ,18.0,46.0,13.0,4.145501801372829,False,NORMAL,OBSERVED
2024-02-24,SUEZ,15.0,51.0,13.5,4.085721685715006,False,NORMAL,OBSERVED
2024-02-25,SUEZ,12.0,43.0,13.0,4.054522590781018,False,NORMAL,OBSERVED
2024-02-26,SUEZ,13.0,46.0,13.0,3.9754537859511063,False,NORMAL,OBSERVED
2024-02-27,SUEZ,14.0,42.0,13.5,3.9779484755429215,False,NORMAL,OBSERVED
2024-02-28,SUEZ,14.0,40.0,13.5,3.9779484755429215,False,NORMAL,OBSERVED
2024-02-29,SUEZ,16.0,48.0,14.0,3.8728125759811074,False,NORMAL,OBSERVED
2024-03-01,SUEZ,12.0,35.0,14.0,3.8728125759811074,False,NORMAL,OBSERVED
2024-03-02,SUEZ,11.0,43.0,13.5,3.8702501183820353,False,NORMAL,OBSERVED
2024-03-03,SUEZ,13.0,32.0,13.5,3.8702501183820353,False,NORMAL,OBSERVED
2024-03-04,SUEZ,7.0,28.0,13.5,4.0465217933848825,False,NORMAL,OBSERVED
2024-03-05,SUEZ,18.0,36.0,14.0,3.957445598031113,False,NORMAL,OBSERVED
2024-03-06,SUEZ,9.0,33.0,13.5,4.049136036922299,False,NORMAL,OBSERVED
2024-03-07,SUEZ,16.0,44.0,14.0,4.049952641959727,False,NORMAL,OBSERVED
2024-03-08,SUEZ,18.0,53.0,14.0,4.101070966074988,False,NORMAL,OBSERVED
2024-03-09,SUEZ,16.0,50.0,14.0,4.116041659385764,False,NORMAL,OBSERVED
2024-03-10,SUEZ,15.0,42.0,14.0,4.116041659385764,False,NORMAL,OBSERVED
2024-03-11,SUEZ,13.0,37.0,14.0,4.097198681664975,False,NORMAL,OBSERVED
2024-03-12,SUEZ,16.0,44.0,14.0,4.112826754841989,False,NORMAL,OBSERVED
2024-03-13,SUEZ,14.0,42.0,14.0,4.004461797259958,False,NORMAL,OBSERVED
2024-03-14,SUEZ,14.0,36.0,14.0,3.928427125776911,False,NORMAL,OBSERVED
2024-03-15,SUEZ,13.0,35.0,14.0,3.7585880496516633,False,NORMAL,OBSERVED
2024-03-16,SUEZ,14.0,39.0,14.0,3.7585880496516633,False,NORMAL,OBSERVED
2024-03-17,SUEZ,10.0,36.0,14.0,3.6608901106310974,False,NORMAL,OBSERVED
2024-03-18,SUEZ,20.0,40.0,14.0,3.0533180841097267,False,NORMAL,OBSERVED
2024-03-19,SUEZ,13.0,38.0,14.0,2.9150222121545943,False,NORMAL,OBSERVED
2024-03-20,SUEZ,19.0,36.0,14.0,2.969643592888417,False,NORMAL,OBSERVED
2024-03-21,SUEZ,13.0,39.0,14.0,2.9778725405438404,False,NORMAL,OBSERVED
2024-03-22,SUEZ,12.0,35.0,14.0,2.905022106482772,False,NORMAL,OBSERVED
2024-03-23,SUEZ,13.0,45.0,13.5,2.90228882492432,False,NORMAL,OBSERVED
2024-03-24,SUEZ,6.0,37.0,13.5,3.2456727398787,True,TRAFFIC_DROP,OBSERVED
2024-03-25,SUEZ,19.0,46.0,14.0,3.396231961216975,False,NORMAL,OBSERVED
2024-03-26,SUEZ,14.0,38.0,14.0,3.396231961216975,False,NORMAL,OBSERVED
2024-03-27,SUEZ,15.0,44.0,14.0,3.40304096811778,False,NORMAL,OBSERVED
2024-03-28,SUEZ,11.0,31.0,13.5,3.4195206817801034,False,NORMAL,OBSERVED
2024-03-29,SUEZ,10.0,34.0,13.5,3.4770601217044352,False,NORMAL,OBSERVED
2024-03-30,SUEZ,15.0,41.0,14.0,3.4464919669581486,False,NORMAL,OBSERVED
2024-03-31,SUEZ,11.0,34.0,14.0,3.4839009942256265,False,NORMAL,OBSERVED
2024-04-01,SUEZ,17.0,43.0,14.0,3.2764996162749505,False,NORMAL,OBSERVED
2024-04-02,SUEZ,21.0,49.0,14.0,3.453967889239032,True,CONGESTION,OBSERVED
2024-04-03,SUEZ,12.0,37.0,14.0,3.3317456536370322,False,NORMAL,OBSERVED
2024-04-04,SUEZ,13.0,46.0,14.0,3.3228008202426826,False,NORMAL,OBSERVED
2024-04-05,SUEZ,13.0,37.0,13.5,3.243226559850341,False,NORMAL,OBSERVED
2024-04-06,SUEZ,12.0,39.0,13.0,3.2399621135677896,False,NORMAL,OBSERVED
2024-04-07,SUEZ,14.0,42.0,13.0,3.232400454524912,False,NORMAL,OBSERVED
2024-04-08,SUEZ,15.0,46.0,13.5,3.235672529718803,False,NORMAL,OBSERVED
2024-04-09,SUEZ,12.0,33.0,13.0,3.227486121839539,False,NORMAL,OBSERVED
2024-04-10,SUEZ,15.0,33.0,13.0,3.235876924559961,False,NORMAL,OBSERVED
2024-04-11,SUEZ,16.0,49.0,13.0,3.262744649141702,False,NORMAL,OBSERVED
2024-04-12,SUEZ,15.0,41.0,13.5,3.265176206788207,False,NORMAL,OBSERVED
2024-04-13,SUEZ,12.0,38.0,13.0,3.285369202030566,False,NORMAL,OBSERVED
2024-04-14,SUEZ,12.0,33.0,13.0,3.2194843321686673,False,NORMAL,OBSERVED
2024-04-15,SUEZ,19.0,43.0,13.0,3.154529790802167,False,NORMAL,OBSERVED
2024-04-16,SUEZ,14.0,46.0,13.5,3.149703941743586,False,NORMAL,OBSERVED
2024-04-17,SUEZ,16.0,42.0,13.5,3.0191189716669875,False,NORMAL,OBSERVED
2024-04-18,SUEZ,13.0,36.0,13.5,3.0191189716669875,False,NORMAL,OBSERVED
2024-04-19,SUEZ,11.0,46.0,13.5,3.047247001100247,False,NORMAL,OBSERVED
2024-04-20,SUEZ,7.0,36.0,13.5,3.3046383948376388,False,NORMAL,OBSERVED
2024-04-21,SUEZ,23.0,59.0,14.0,3.4216475501828234,True,CONGESTION,OBSERVED
2024-04-22,SUEZ,20.0,52.0,14.0,3.4785814782076416,False,NORMAL,OBSERVED
2024-04-23,SUEZ,14.0,42.0,14.0,3.4785814782076416,False,NORMAL,OBSERVED
2024-04-24,SUEZ,9.0,34.0,13.5,3.610683735393782,False,NORMAL,OBSERVED
2024-04-25,SUEZ,14.0,31.0,14.0,3.5625551142121434,False,NORMAL,OBSERVED
2024-04-26,SUEZ,15.0,49.0,14.0,3.4732538150115406,False,NORMAL,OBSERVED
2024-04-27,SUEZ,16.0,31.0,14.0,3.485988583187926,False,NORMAL,OBSERVED
2024-04-28,SUEZ,12.0,37.0,14.0,3.455690805294811,False,NORMAL,OBSERVED
2024-04-29,SUEZ,10.0,35.0,14.0,3.510189250087341,False,NORMAL,OBSERVED
2024-04-30,SUEZ,18.0,40.0,14.0,3.3333333333333575,False,NORMAL,OBSERVED
2024-05-01,SUEZ,14.0,34.0,14.0,3.310237447324907,False,NORMAL,OBSERVED
2024-05-02,SUEZ,10.0,36.0,14.0,3.393699422046084,False,NORMAL,OBSERVED
2024-05-03,SUEZ,13.0,35.0,14.0,3.393699422046084,False,NORMAL,OBSERVED
2024-05-04,SUEZ,13.0,44.0,14.0,3.3774853674601713,False,NORMAL,OBSERVED
2024-05-05,SUEZ,7.0,30.0,14.0,3.627314076201228,False,NORMAL,OBSERVED
2024-05-06,SUEZ,12.0,35.0,13.5,3.633326052126118,False,NORMAL,OBSERVED
2024-05-07,SUEZ,23.0,42.0,14.0,4.022917154735179,True,CONGESTION,OBSERVED
2024-05-08,SUEZ,17.0,44.0,14.0,4.058272627556812,False,NORMAL,OBSERVED
2024-05-09,SUEZ,19.0,49.0,14.0,4.148691385441964,False,NORMAL,OBSERVED
2024-05-10,SUEZ,20.0,46.0,14.0,4.288997860281909,False,NORMAL,OBSERVED
2024-05-11,SUEZ,16.0,41.0,14.0,4.272930669685228,False,NORMAL,OBSERVED
2024-05-12,SUEZ,17.0,42.0,14.0,4.267509837322036,False,NORMAL,OBSERVED
2024-05-13,SUEZ,17.0,59.0,14.0,4.20946275902007,False,NORMAL,OBSERVED
2024-05-14,SUEZ,13.0,36.0,14.0,4.219349482196302,False,NORMAL,OBSERVED
2024-05-15,SUEZ,14.0,38.0,14.0,4.211818845750389,False,NORMAL,OBSERVED
2024-05-16,SUEZ,19.0,44.0,14.0,4.282825304935136,False,NORMAL,OBSERVED
2024-05-17,SUEZ,18.0,45.0,14.5,4.260064336151308,False,NORMAL,OBSERVED
2024-05-18,SUEZ,12.0,31.0,14.5,4.009743424215878,False,NORMAL,OBSERVED
2024-05-19,SUEZ,16.0,36.0,14.5,3.7111301206622915,False,NORMAL,OBSERVED
2024-05-20,SUEZ,17.0,45.0,14.5,3.6009625403399244,False,NORMAL,OBSERVED
2024-05-21,SUEZ,19.0,43.0,15.5,3.6817870057291064,False,NORMAL,OBSERVED
2024-05-22,SUEZ,16.0,43.0,16.0,3.492054473292847,False,NORMAL,OBSERVED
2024-05-23,SUEZ,19.0,54.0,16.0,3.5530745312107883,False,NORMAL,OBSERVED
2024-05-24,SUEZ,15.0,43.0,16.0,3.5530745312107883,False,NORMAL,OBSERVED
2024-05-25,SUEZ,15.0,35.0,16.0,3.552143700320274,False,NORMAL,OBSERVED
2024-05-26,SUEZ,16.0,44.0,16.0,3.490538989019113,False,NORMAL,OBSERVED
2024-05-27,SUEZ,7.0,35.0,16.0,3.7061367669650127,True,TRAFFIC_DROP,OBSERVED
2024-05-28,SUEZ,8.0,37.0,16.0,3.9245530194044447,True,TRAFFIC_DROP,OBSERVED
2024-05-29,SUEZ,16.0,38.0,16.0,3.922530227575503,False,NORMAL,OBSERVED
2024-05-30,SUEZ,14.0,41.0,16.0,3.799192339677287,False,NORMAL,OBSERVED
2024-05-31,SUEZ,17.0,36.0,16.0,3.7852400621416957,False,NORMAL,OBSERVED
2024-06-01,SUEZ,16.0,44.0,16.0,3.75629982293593,False,NORMAL,OBSERVED
2024-06-02,SUEZ,15.0,47.0,16.0,3.367090968076408,False,NORMAL,OBSERVED
2024-06-03,SUEZ,9.0,39.0,16.0,3.5366561195480464,False,NORMAL,OBSERVED
2024-06-04,SUEZ,16.0,40.0,16.0,3.2373073271098116,False,NORMAL,OBSERVED
2024-06-05,SUEZ,16.0,39.0,16.0,3.2252312168457853,False,NORMAL,OBSERVED
2024-06-06,SUEZ,17.0,43.0,16.0,3.164786409202548,False,NORMAL,OBSERVED
2024-06-07,SUEZ,17.0,37.0,16.0,3.0505008696205445,False,NORMAL,OBSERVED
2024-06-08,SUEZ,9.0,37.0,16.0,3.265986323710927,True,TRAFFIC_DROP,OBSERVED
2024-06-09,SUEZ,17.0,42.0,16.0,3.265986323710927,False,NORMAL,OBSERVED
2024-06-10,SUEZ,17.0,44.0,16.0,3.265986323710927,False,NORMAL,OBSERVED
2024-06-11,SUEZ,13.0,38.0,16.0,3.265986323710927,False,NORMAL,OBSERVED
2024-06-12,SUEZ,20.0,47.0,16.0,3.3923349639940703,False,NORMAL,OBSERVED
2024-06-13,SUEZ,16.0,39.0,16.0,3.3148295941262775,False,NORMAL,OBSERVED
2024-06-14,SUEZ,13.0,42.0,16.0,3.287784027201902,False,NORMAL,OBSERVED
2024-06-15,SUEZ,15.0,39.0,16.0,3.2373073271098116,False,NORMAL,OBSERVED
2024-06-16,SUEZ,13.0,31.0,16.0,3.253813391591738,False,NORMAL,OBSERVED
2024-06-17,SUEZ,18.0,35.0,16.0,3.2827511368446998,False,NORMAL,OBSERVED
2024-06-18,SUEZ,12.0,33.0,16.0,3.2301489801342886,False,NORMAL,OBSERVED
2024-06-19,SUEZ,15.0,41.0,15.5,3.220922014631645,False,NORMAL,OBSERVED
2024-06-20,SUEZ,22.0,47.0,15.5,3.4141008561676682,False,NORMAL,OBSERVED
2024-06-21,SUEZ,11.0,33.0,15.5,3.487695681108275,False,NORMAL,OBSERVED
2024-06-22,SUEZ,14.0,37.0,15.5,3.489022846483034,False,NORMAL,OBSERVED
2024-06-23,SUEZ,15.0,35.0,15.0,3.4793419070019924,False,NORMAL,OBSERVED
2024-06-24,SUEZ,15.0,46.0,15.0,3.147183169877796,False,NORMAL,OBSERVED
2024-06-25,SUEZ,13.0,40.0,15.0,2.873662559859221,False,NORMAL,OBSERVED
2024-06-26,SUEZ,20.0,35.0,15.0,3.019118971666984,False,NORMAL,OBSERVED
2024-06-27,SUEZ,12.0,32.0,15.0,3.0712439959306104,False,NORMAL,OBSERVED
2024-06-28,SUEZ,12.0,35.0,15.0,3.1023118193274466,False,NORMAL,OBSERVED
2024-06-29,SUEZ,16.0,40.0,15.0,3.1023118193274466,False,NORMAL,OBSERVED
2024-06-30,SUEZ,10.0,31.0,15.0,3.2389412993663362,False,NORMAL,OBSERVED
2024-07-01,SUEZ,12.0,44.0,15.0,3.087781004927597,False,NORMAL,OBSERVED
2024-07-02,SUEZ,8.0,40.0,15.0,3.338091841585144,True,TRAFFIC_DROP,OBSERVED
2024-07-03,SUEZ,16.0,33.0,15.0,3.338091841585144,False,NORMAL,OBSERVED
2024-07-04,SUEZ,12.0,39.0,14.5,3.3371010452552303,False,NORMAL,OBSERVED
2024-07-05,SUEZ,16.0,39.0,14.5,3.3134326579600413,False,NORMAL,OBSERVED
2024-07-06,SUEZ,13.0,39.0,14.5,3.156416158075979,False,NORMAL,OBSERVED
2024-07-07,SUEZ,13.0,30.0,13.5,3.1294809144091227,False,NORMAL,OBSERVED
2024-07-08,SUEZ,8.0,30.0,13.0,3.3052387469898976,False,NORMAL,OBSERVED
2024-07-09,SUEZ,16.0,42.0,13.5,3.3190168749003357,False,NORMAL,OBSERVED
2024-07-10,SUEZ,8.0,30.0,13.0,3.309438162646515,False,NORMAL,OBSERVED
2024-07-11,SUEZ,26.0,46.0,13.0,4.027025107561585,True,CONGESTION,OBSERVED
2024-07-12,SUEZ,12.0,40.0,13.0,4.041288232978534,False,NORMAL,OBSERVED
2024-07-13,SUEZ,16.0,36.0,13.0,4.054522590781017,False,NORMAL,OBSERVED
2024-07-14,SUEZ,11.0,34.0,13.0,4.0915450310049035,False,NORMAL,OBSERVED
2024-07-15,SUEZ,8.0,32.0,13.0,4.165237850256158,False,NORMAL,OBSERVED
2024-07-16,SUEZ,11.0,38.0,13.0,4.184090553108757,False,NORMAL,OBSERVED
2024-07-17,SUEZ,16.0,32.0,13.0,4.200655025767152,False,NORMAL,OBSERVED
2024-07-18,SUEZ,15.0,36.0,13.0,3.881001070879717,False,NORMAL,OBSERVED
2024-07-19,SUEZ,12.0,41.0,13.0,3.8627237696520726,False,NORMAL,OBSERVED
2024-07-20,SUEZ,17.0,41.0,13.0,3.9203376919658104,False,NORMAL,OBSERVED
2024-07-21,SUEZ,17.0,41.0,13.0,3.9659596542118494,False,NORMAL,OBSERVED
2024-07-22,SUEZ,12.0,34.0,12.5,3.967460238079386,False,NORMAL,OBSERVED
2024-07-23,SUEZ,10.0,40.0,12.0,4.021601723602254,False,NORMAL,OBSERVED
2024-07-24,SUEZ,22.0,38.0,12.0,4.158722585719532,True,CONGESTION,OBSERVED
2024-07-25,SUEZ,20.0,43.0,12.5,4.325848236237969,False,NORMAL,OBSERVED
2024-07-26,SUEZ,22.0,39.0,13.0,4.581276594803615,False,NORMAL,OBSERVED
2024-07-27,SUEZ,15.0,43.0,13.0,4.569857534278071,False,NORMAL,OBSERVED
2024-07-28,SUEZ,11.0,38.0,13.0,4.540674494799758,False,NORMAL,OBSERVED
2024-07-29,SUEZ,13.0,42.0,13.0,4.527400412748431,False,NORMAL,OBSERVED
2024-07-30,SUEZ,14.0,45.0,13.5,4.364963923437422,False,NORMAL,OBSERVED
2024-07-31,SUEZ,16.0,43.0,13.5,4.364963923437422,False,NORMAL,OBSERVED
2024-08-01,SUEZ,11.0,32.0,13.5,4.388989349864918,False,NORMAL,OBSERVED
2024-08-02,SUEZ,18.0,43.0,13.5,4.433369136983979,False,NORMAL,OBSERVED
2024-08-03,SUEZ,14.0,33.0,14.0,4.425754352345117,False,NORMAL,OBSERVED
2024-08-04,SUEZ,17.0,43.0,14.5,4.442459874377021,False,NORMAL,OBSERVED
2024-08-05,SUEZ,13.0,41.0,14.5,4.265494630689927,False,NORMAL,OBSERVED
2024-08-06,SUEZ,15.0,45.0,14.5,4.258822153784576,False,NORMAL,OBSERVED
2024-08-07,SUEZ,15.0,38.0,15.0,4.050442525957478,False,NORMAL,OBSERVED
2024-08-08,SUEZ,10.0,38.0,14.5,3.531228783239183,False,NORMAL,OBSERVED
2024-08-09,SUEZ,20.0,41.0,15.0,3.652027051830495,False,NORMAL,OBSERVED
2024-08-10,SUEZ,9.0,34.0,14.5,3.795012042420493,False,NORMAL,OBSERVED
2024-08-11,SUEZ,13.0,31.0,14.5,3.7466034000194353,False,NORMAL,OBSERVED
2024-08-12,SUEZ,18.0,43.0,15.0,3.5768213253741004,False,NORMAL,OBSERVED
2024-08-13,SUEZ,21.0,49.0,15.0,3.6753144774204882,False,NORMAL,OBSERVED
2024-08-14,SUEZ,16.0,42.0,15.0,3.6753144774204882,False,NORMAL,OBSERVED
2024-08-15,SUEZ,11.0,38.0,15.0,3.7606990231680704,False,NORMAL,OBSERVED
2024-08-16,SUEZ,22.0,48.0,15.0,3.9292688173696595,False,NORMAL,OBSERVED
2024-08-17,SUEZ,17.0,37.0,15.0,3.9292688173696595,False,NORMAL,OBSERVED
2024-08-18,SUEZ,14.0,37.0,15.0,3.9257324999770153,False,NORMAL,OBSERVED
2024-08-19,SUEZ,8.0,28.0,15.0,4.119093494560587,False,NORMAL,OBSERVED
2024-08-20,SUEZ,17.0,52.0,15.0,4.003966287538664,False,NORMAL,OBSERVED
2024-08-21,SUEZ,15.0,38.0,15.0,3.791350501383215,False,NORMAL,OBSERVED
2024-08-22,SUEZ,23.0,40.0,15.0,3.9707928386149653,True,CONGESTION,OBSERVED
2024-08-23,SUEZ,20.0,47.0,15.0,3.862038828823973,False,NORMAL,OBSERVED
2024-08-24,SUEZ,12.0,45.0,15.0,3.9095257428992163,False,NORMAL,OBSERVED
2024-08-25,SUEZ,16.0,42.0,15.0,3.828326613036665,False,NORMAL,OBSERVED
2024-08-26,SUEZ,18.0,41.0,15.5,3.8343683902803436,False,NORMAL,OBSERVED
2024-08-27,SUEZ,14.0,38.0,15.5,3.8343683902803436,False,NORMAL,OBSERVED
2024-08-28,SUEZ,11.0,41.0,15.0,3.9238788713243333,False,NORMAL,OBSERVED
2024-08-29,SUEZ,9.0,34.0,15.0,4.021766176023079,False,NORMAL,OBSERVED
2024-08-30,SUEZ,12.0,36.0,15.0,4.027681991198207,False,NORMAL,OBSERVED
2024-08-31,SUEZ,14.0,50.0,15.0,4.027681991198207,False,NORMAL,OBSERVED
2024-09-01,SUEZ,14.0,35.0,14.5,4.012381630553914,False,NORMAL,OBSERVED
2024-09-02,SUEZ,22.0,56.0,15.0,4.210719502669212,False,NORMAL,OBSERVED
2024-09-03,SUEZ,8.0,19.0,14.5,4.426202643493627,False,NORMAL,OBSERVED
2024-09-04,SUEZ,13.0,33.0,14.0,4.4417154319965295,False,NORMAL,OBSERVED
2024-09-05,SUEZ,17.0,37.0,14.5,4.352217703860765,False,NORMAL,OBSERVED
2024-09-06,SUEZ,17.0,37.0,14.5,4.264254030174864,False,NORMAL,OBSERVED
2024-09-07,SUEZ,11.0,32.0,14.5,4.17522929700152,False,NORMAL,OBSERVED
2024-09-08,SUEZ,10.0,36.0,14.5,4.268749491621914,False,NORMAL,OBSERVED
2024-09-09,SUEZ,16.0,39.0,14.5,4.233277089990101,False,NORMAL,OBSERVED
2024-09-10,SUEZ,17.0,30.0,14.5,4.0857216857150025,False,NORMAL,OBSERVED
2024-09-11,SUEZ,12.0,24.0,14.0,4.111540089159056,False,NORMAL,OBSERVED
2024-09-12,SUEZ,9.0,36.0,14.0,4.193721686915065,False,NORMAL,OBSERVED
2024-09-13,SUEZ,9.0,30.0,14.0,4.058272627556815,False,NORMAL,OBSERVED
2024-09-14,SUEZ,19.0,45.0,14.0,4.1280752525850914,False,NORMAL,OBSERVED
2024-09-15,SUEZ,13.0,36.0,14.0,4.133998922344715,False,NORMAL,OBSERVED
2024-09-16,SUEZ,21.0,47.0,14.0,4.148531964480642,False,NORMAL,OBSERVED
2024-09-17,SUEZ,18.0,43.0,14.0,4.174120317298074,False,NORMAL,OBSERVED
2024-09-18,SUEZ,12.0,43.0,14.0,4.203016049855636,False,NORMAL,OBSERVED
2024-09-19,SUEZ,17.0,45.0,14.0,3.8973264475988674,False,NORMAL,OBSERVED
2024-09-20,SUEZ,19.0,42.0,14.0,3.8476269055396957,False,NORMAL,OBSERVED
2024-09-21,SUEZ,7.0,30.0,14.0,4.067388694684953,False,NORMAL,OBSERVED
2024-09-22,SUEZ,18.0,36.0,14.0,4.119093494560592,False,NORMAL,OBSERVED
2024-09-23,SUEZ,19.0,43.0,14.0,4.1576092031015195,False,NORMAL,OBSERVED
2024-09-24,SUEZ,16.0,36.0,14.0,4.1709501791349135,False,NORMAL,OBSERVED
2024-09-25,SUEZ,20.0,46.0,15.0,4.254316202306371,False,NORMAL,OBSERVED
2024-09-26,SUEZ,21.0,45.0,16.0,4.272930669685228,False,NORMAL,OBSERVED
2024-09-27,SUEZ,15.0,37.0,16.0,4.231401884099647,False,NORMAL,OBSERVED
2024-09-28,SUEZ,20.0,40.0,16.5,4.322330353239999,False,NORMAL,OBSERVED
2024-09-29,SUEZ,9.0,28.0,16.5,4.4808528572184185,False,NORMAL,OBSERVED
2024-09-30,SUEZ,14.0,36.0,16.0,4.280353790451056,False,NORMAL,OBSERVED
2024-10-01,SUEZ,16.0,39.0,16.0,4.064786190254895,False,NORMAL,OBSERVED
2024-10-02,SUEZ,14.0,47.0,16.0,4.049299371104282,False,NORMAL,OBSERVED
2024-10-03,SUEZ,20.0,39.0,16.0,4.137037510716998,False,NORMAL,OBSERVED
2024-10-04,SUEZ,9.0,28.0,16.0,4.290231305662295,False,NORMAL,OBSERVED
2024-10-05,SUEZ,11.0,33.0,16.0,4.290231305662295,False,NORMAL,OBSERVED
2024-10-06,SUEZ,17.0,33.0,16.0,4.188672050301107,False,NORMAL,OBSERVED
2024-10-07,SUEZ,14.0,37.0,16.0,4.193090814901428,False,NORMAL,OBSERVED
2024-10-08,SUEZ,17.0,39.0,16.0,4.193090814901428,False,NORMAL,OBSERVED
2024-10-09,SUEZ,12.0,38.0,16.0,4.193090814901428,False,NORMAL,OBSERVED
2024-10-10,SUEZ,7.0,29.0,16.0,4.318043844786987,True,TRAFFIC_DROP,OBSERVED
2024-10-11,SUEZ,17.0,46.0,16.5,4.158245458243828,False,NORMAL,OBSERVED
2024-10-12,SUEZ,7.0,27.0,16.0,4.388537257362572,True,TRAFFIC_DROP,OBSERVED
2024-10-13,SUEZ,20.0,48.0,16.5,4.469029225930655,False,NORMAL,OBSERVED
2024-10-14,SUEZ,10.0,43.0,16.0,4.428144714038347,False,NORMAL,OBSERVED
2024-10-15,SUEZ,15.0,34.0,15.5,4.385371304859103,False,NORMAL,OBSERVED
2024-10-16,SUEZ,19.0,37.0,16.0,4.42216638714055,False,NORMAL,OBSERVED
2024-10-17,SUEZ,17.0,37.0,16.0,4.42216638714055,False,NORMAL,OBSERVED
2024-10-18,SUEZ,11.0,38.0,15.5,4.412584216861999,False,NORMAL,OBSERVED
2024-10-19,SUEZ,12.0,34.0,15.5,4.184090553108752,False,NORMAL,OBSERVED
2024-10-20,SUEZ,16.0,35.0,15.5,4.145980395413561,False,NORMAL,OBSERVED
2024-10-21,SUEZ,15.0,38.0,15.0,4.064786190254898,False,NORMAL,OBSERVED
2024-10-22,SUEZ,9.0,40.0,15.0,4.193721686915066,False,NORMAL,OBSERVED
2024-10-23,SUEZ,8.0,28.0,14.5,4.216370213557861,False,NORMAL,OBSERVED
2024-10-24,SUEZ,17.0,46.0,14.5,4.034244944860496,False,NORMAL,OBSERVED
2024-10-25,SUEZ,18.0,40.0,14.5,4.104939597671236,False,NORMAL,OBSERVED
2024-10-26,SUEZ,12.0,37.0,14.0,3.9445562246625423,False,NORMAL,OBSERVED
2024-10-27,SUEZ,15.0,37.0,14.5,3.842638808927168,False,NORMAL,OBSERVED
2024-10-28,SUEZ,21.0,42.0,15.0,4.070801956792881,False,NORMAL,OBSERVED
2024-10-29,SUEZ,15.0,39.0,15.0,4.058272627556816,False,NORMAL,OBSERVED
2024-10-30,SUEZ,17.0,37.0,15.0,4.094776644359976,False,NORMAL,OBSERVED
2024-10-31,SUEZ,13.0,37.0,15.0,3.939187196262188,False,NORMAL,OBSERVED
2024-11-01,SUEZ,12.0,42.0,15.0,3.838678123449519,False,NORMAL,OBSERVED
2024-11-02,SUEZ,17.0,48.0,15.0,3.8283266130366713,False,NORMAL,OBSERVED
2024-11-03,SUEZ,12.0,22.0,15.0,3.81361387579432,False,NORMAL,OBSERVED
2024-11-04,SUEZ,10.0,32.0,15.0,3.8918922642881038,False,NORMAL,OBSERVED
2024-11-05,SUEZ,13.0,35.0,14.0,3.849517251394422,False,NORMAL,OBSERVED
2024-11-06,SUEZ,22.0,48.0,15.0,4.128075252585092,False,NORMAL,OBSERVED
2024-11-07,SUEZ,15.0,37.0,15.0,3.8823641409264398,False,NORMAL,OBSERVED
2024-11-08,SUEZ,10.0,31.0,15.0,3.9380117455305648,False,NORMAL,OBSERVED
2024-11-09,SUEZ,13.0,38.0,15.0,3.686095710545476,False,NORMAL,OBSERVED
2024-11-10,SUEZ,18.0,36.0,15.0,3.592319850008081,False,NORMAL,OBSERVED
2024-11-11,SUEZ,19.0,42.0,15.0,3.5906624935876814,False,NORMAL,OBSERVED
2024-11-12,SUEZ,21.0,43.0,15.0,3.784366336842765,False,NORMAL,OBSERVED
2024-11-13,SUEZ,13.0,36.0,15.0,3.7123774096589632,False,NORMAL,OBSERVED
2024-11-14,SUEZ,11.0,40.0,14.0,3.746426869126696,False,NORMAL,OBSERVED
2024-11-15,SUEZ,8.0,25.0,14.0,3.8893423771872158,False,NORMAL,OBSERVED
2024-11-16,SUEZ,14.0,35.0,14.5,3.8627237696520695,False,NORMAL,OBSERVED
2024-11-17,SUEZ,13.0,28.0,13.5,3.859126474068623,False,NORMAL,OBSERVED
2024-11-18,SUEZ,7.0,31.0,13.0,4.095907106668219,False,NORMAL,OBSERVED
2024-11-19,SUEZ,12.0,39.0,13.0,3.997353621939916,False,NORMAL,OBSERVED
2024-11-20,SUEZ,10.0,28.0,13.0,3.9002102778748218,False,NORMAL,OBSERVED
2024-11-21,SUEZ,10.0,35.0,13.0,3.9391871962621883,False,NORMAL,OBSERVED
2024-11-22,SUEZ,17.0,36.0,13.0,3.9056328877620397,False,NORMAL,OBSERVED
2024-11-23,SUEZ,16.0,51.0,13.0,3.9056328877620388,False,NORMAL,OBSERVED
2024-11-24,SUEZ,19.0,45.0,13.0,4.012546460856158,False,NORMAL,OBSERVED
2024-11-25,SUEZ,14.0,32.0,13.0,3.7857642005295014,False,NORMAL,OBSERVED
2024-11-26,SUEZ,12.0,29.0,13.0,3.7977994185160204,False,NORMAL,OBSERVED
2024-11-27,SUEZ,13.0,31.0,13.0,3.75013227279949,False,NORMAL,OBSERVED
2024-11-28,SUEZ,10.0,47.0,13.0,3.8136138757943234,False,NORMAL,OBSERVED
2024-11-29,SUEZ,8.0,25.0,13.0,3.9485782050340674,False,NORMAL,OBSERVED
2024-11-30,SUEZ,10.0,33.0,13.0,3.938011745530571,False,NORMAL,OBSERVED
2024-12-01,SUEZ,15.0,35.0,13.0,3.9445562246625454,False,NORMAL,OBSERVED
2024-12-02,SUEZ,10.0,34.0,13.0,3.9445562246625454,False,NORMAL,OBSERVED
2024-12-03,SUEZ,12.0,31.0,13.0,3.9520940802374436,False,NORMAL,OBSERVED
2024-12-04,SUEZ,10.0,31.0,12.5,3.6077517952144738,False,NORMAL,OBSERVED
2024-12-05,SUEZ,16.0,47.0,12.5,3.634600041313721,False,NORMAL,OBSERVED
2024-12-06,SUEZ,16.0,31.0,13.0,3.63460004131372,False,NORMAL,OBSERVED
2024-12-07,SUEZ,18.0,34.0,13.0,3.750132272799493,False,NORMAL,OBSERVED
2024-12-08,SUEZ,13.0,41.0,13.0,3.63460004131372,False,NORMAL,OBSERVED
2024-12-09,SUEZ,8.0,38.0,12.5,3.5679347990341665,False,NORMAL,OBSERVED
2024-12-10,SUEZ,13.0,34.0,12.5,3.1789652570955167,False,NORMAL,OBSERVED
2024-12-11,SUEZ,21.0,56.0,12.5,3.567934799034166,True,CONGESTION,OBSERVED
2024-12-12,SUEZ,0.0,10.0,12.5,4.295161545089191,True,TRAFFIC_DROP,OBSERVED
2024-12-13,SUEZ,19.0,37.0,13.0,4.38733144960322,False,NORMAL,OBSERVED
2024-12-14,SUEZ,11.0,30.0,12.5,4.391399723822893,False,NORMAL,OBSERVED
2024-12-15,SUEZ,14.0,33.0,12.5,4.398773277768087,False,NORMAL,OBSERVED
2024-12-16,SUEZ,13.0,41.0,13.0,4.257579609001382,False,NORMAL,OBSERVED
2024-12-17,SUEZ,14.0,46.0,13.0,4.259443290250192,False,NORMAL,OBSERVED
2024-12-18,SUEZ,14.0,39.0,13.0,4.2245190077168635,False,NORMAL,OBSERVED
2024-12-19,SUEZ,10.0,35.0,13.0,4.2245190077168635,False,NORMAL,OBSERVED
2024-12-20,SUEZ,17.0,46.0,13.0,4.2245190077168635,False,NORMAL,OBSERVED
2024-12-21,SUEZ,11.0,38.0,13.0,4.201757002107826,False,NORMAL,OBSERVED
2024-12-22,SUEZ,17.0,37.0,13.0,4.110092108804544,False,NORMAL,OBSERVED
2024-12-23,SUEZ,12.0,36.0,13.0,4.106228331585003,False,NORMAL,OBSERVED
2024-12-24,SUEZ,13.0,39.0,13.0,4.103811623511742,False,NORMAL,OBSERVED
2024-12-25,SUEZ,13.0,30.0,13.0,4.103811623511742,False,NORMAL,OBSERVED
2024-12-26,SUEZ,17.0,39.0,13.0,4.1408725405191635,False,NORMAL,OBSERVED
2024-12-27,SUEZ,15.0,38.0,13.0,4.035556254807323,False,NORMAL,OBSERVED
2024-12-28,SUEZ,13.0,33.0,13.0,3.9845933452467075,False,NORMAL,OBSERVED
2024-12-29,SUEZ,12.0,28.0,13.0,3.980109275041335,False,NORMAL,OBSERVED
2024-12-30,SUEZ,11.0,35.0,13.0,3.9539344814498514,False,NORMAL,OBSERVED
2024-12-31,SUEZ,10.0,24.0,13.0,3.9965262694272945,False,NORMAL,OBSERVED
2025-01-01,SUEZ,9.0,32.0,13.0,4.030964803701153,False,NORMAL,OBSERVED
2025-01-02,SUEZ,8.0,33.0,13.0,4.1089655490887385,False,NORMAL,OBSERVED
2025-01-03,SUEZ,20.0,50.0,13.0,4.285449727284127,False,NORMAL,OBSERVED
2025-01-04,SUEZ,13.0,29.0,13.0,4.1752292970015334,False,NORMAL,OBSERVED
2025-01-05,SUEZ,14.0,30.0,13.0,4.180453381654998,False,NORMAL,OBSERVED
2025-01-06,SUEZ,16.0,55.0,13.0,4.10381162351174,False,NORMAL,OBSERVED
2025-01-07,SUEZ,16.0,41.0,13.0,4.137037510717009,False,NORMAL,OBSERVED
2025-01-08,SUEZ,9.0,32.0,13.0,3.9284271257769205,False,NORMAL,OBSERVED
2025-01-09,SUEZ,10.0,36.0,13.0,3.074687578227083,False,NORMAL,OBSERVED
2025-01-10,SUEZ,8.0,36.0,13.0,3.014953911745141,False,NORMAL,OBSERVED
2025-01-11,SUEZ,11.0,37.0,13.0,3.014953911745141,False,NORMAL,OBSERVED
2025-01-12,SUEZ,11.0,30.0,13.0,3.0261208514214446,False,NORMAL,OBSERVED
2025-01-13,SUEZ,18.0,43.0,13.0,3.1847852585154586,False,NORMAL,OBSERVED
2025-01-14,SUEZ,15.0,39.0,13.0,3.2028013531807966,False,NORMAL,OBSERVED
2025-01-15,SUEZ,14.0,28.0,13.0,3.2028013531807966,False,NORMAL,OBSERVED
2025-01-16,SUEZ,14.0,41.0,13.0,3.1545297908021768,False,NORMAL,OBSERVED
2025-01-17,SUEZ,14.0,37.0,13.0,3.0671497204094287,False,NORMAL,OBSERVED
2025-01-18,SUEZ,12.0,31.0,13.0,3.0487659052432634,False,NORMAL,OBSERVED
2025-01-19,SUEZ,12.0,38.0,13.0,2.9528929407577507,False,NORMAL,OBSERVED
2025-01-20,SUEZ,13.0,38.0,13.0,2.948185703411367,False,NORMAL,OBSERVED
2025-01-21,SUEZ,8.0,23.0,13.0,3.089494059708448,False,NORMAL,OBSERVED
2025-01-22,SUEZ,18.0,44.0,13.0,3.247098827207301,False,NORMAL,OBSERVED
2025-01-23,SUEZ,9.0,36.0,12.5,3.224205738705719,False,NORMAL,OBSERVED
2025-01-24,SUEZ,13.0,41.0,12.5,3.1912164504876004,False,NORMAL,OBSERVED
2025-01-25,SUEZ,12.0,38.0,12.0,3.191423692521166,False,NORMAL,OBSERVED
2025-01-26,SUEZ,11.0,37.0,12.0,3.202801353180799,False,NORMAL,OBSERVED
2025-01-27,SUEZ,17.0,39.0,12.5,3.3004328720423,False,NORMAL,OBSERVED
2025-01-28,SUEZ,17.0,40.0,13.0,3.354693466468805,False,NORMAL,OBSERVED
2025-01-29,SUEZ,10.0,45.0,13.0,3.3164253720953045,False,NORMAL,OBSERVED
2025-01-30,SUEZ,11.0,30.0,13.0,3.1963934702929557,False,NORMAL,OBSERVED
2025-01-31,SUEZ,21.0,42.0,13.0,3.281138981493049,True,CONGESTION,OBSERVED
2025-02-01,SUEZ,10.0,24.0,12.5,3.3333333333333677,False,NORMAL,OBSERVED
2025-02-02,SUEZ,14.0,36.0,12.5,3.3333333333333677,False,NORMAL,OBSERVED
2025-02-03,SUEZ,8.0,30.0,12.0,3.4086724129854216,False,NORMAL,OBSERVED
2025-02-04,SUEZ,4.0,29.0,12.0,3.720385711357102,True,TRAFFIC_DROP,OBSERVED
2025-02-05,SUEZ,15.0,32.0,12.0,3.6968455021365054,False,NORMAL,OBSERVED
2025-02-06,SUEZ,11.0,30.0,12.0,3.6765739170042546,False,NORMAL,OBSERVED
2025-02-07,SUEZ,7.0,30.0,12.0,3.726779962499682,False,NORMAL,OBSERVED
2025-02-08,SUEZ,7.0,21.0,12.0,3.8606685826113267,False,NORMAL,OBSERVED
2025-02-09,SUEZ,20.0,45.0,12.5,4.110092108804544,False,NORMAL,OBSERVED
2025-02-10,SUEZ,13.0,41.0,12.5,3.9767844818163147,False,NORMAL,OBSERVED
2025-02-11,SUEZ,16.0,38.0,12.5,4.004461797259967,False,NORMAL,OBSERVED
2025-02-12,SUEZ,12.0,42.0,12.0,3.9952021490333194,False,NORMAL,OBSERVED
2025-02-13,SUEZ,12.0,42.0,12.0,3.98459334524671,False,NORMAL,OBSERVED
2025-02-14,SUEZ,14.0,34.0,12.0,3.98459334524671,False,NORMAL,OBSERVED
2025-02-15,SUEZ,10.0,31.0,12.0,4.00974342421589,False,NORMAL,OBSERVED
2025-02-16,SUEZ,20.0,36.0,12.0,4.263013068626539,False,NORMAL,OBSERVED
2025-02-17,SUEZ,12.0,33.0,12.0,4.263788711919766,False,NORMAL,OBSERVED
2025-02-18,SUEZ,17.0,36.0,12.0,4.245601521001766,False,NORMAL,OBSERVED
2025-02-19,SUEZ,13.0,40.0,12.0,4.126312521665714,False,NORMAL,OBSERVED
2025-02-20,SUEZ,9.0,32.0,12.0,4.126312521665714,False,NORMAL,OBSERVED
2025-02-21,SUEZ,14.0,35.0,12.0,4.133198922545776,False,NORMAL,OBSERVED
2025-02-22,SUEZ,12.0,32.0,12.0,4.133198922545776,False,NORMAL,OBSERVED
2025-02-23,SUEZ,10.0,27.0,12.0,4.153152687859848,False,NORMAL,OBSERVED
2025-02-24,SUEZ,14.0,33.0,12.0,4.076484375994235,False,NORMAL,OBSERVED
2025-02-25,SUEZ,16.0,34.0,12.0,4.040797239164886,False,NORMAL,OBSERVED
2025-02-26,SUEZ,12.0,36.0,12.0,4.011227628787393,False,NORMAL,OBSERVED
2025-02-27,SUEZ,10.0,41.0,12.0,4.030800726574651,False,NORMAL,OBSERVED
2025-02-28,SUEZ,10.0,35.0,12.0,3.70542288142109,False,NORMAL,OBSERVED
2025-03-01,SUEZ,12.0,32.0,12.0,3.680349649825922,False,NORMAL,OBSERVED
2025-03-02,SUEZ,13.0,35.0,12.0,3.667929075609825,False,NORMAL,OBSERVED
2025-03-03,SUEZ,12.0,35.0,12.0,3.57293618972873,False,NORMAL,OBSERVED
2025-03-04,SUEZ,21.0,50.0,12.0,3.5381518506868446,True,CONGESTION,OBSERVED
2025-03-05,SUEZ,10.0,31.0,12.0,3.559583531908635,False,NORMAL,OBSERVED
2025-03-06,SUEZ,12.0,29.0,12.0,3.5456210417117053,False,NORMAL,OBSERVED
2025-03-07,SUEZ,19.0,46.0,12.0,3.5366561195480575,False,NORMAL,OBSERVED
2025-03-08,SUEZ,9.0,37.0,12.0,3.4233867324006697,False,NORMAL,OBSERVED
2025-03-09,SUEZ,11.0,34.0,12.0,3.191216450487597,False,NORMAL,OBSERVED
2025-03-10,SUEZ,15.0,34.0,12.0,3.212698020578466,False,NORMAL,OBSERVED
2025-03-11,SUEZ,21.0,38.0,12.0,3.5050983275386876,True,CONGESTION,OBSERVED
2025-03-12,SUEZ,9.0,34.0,12.0,3.5906624935876894,False,NORMAL,OBSERVED
2025-03-13,SUEZ,13.0,42.0,12.0,3.583471758123686,False,NORMAL,OBSERVED
2025-03-14,SUEZ,13.0,33.0,12.0,3.5803328153655336,False,NORMAL,OBSERVED
2025-03-15,SUEZ,11.0,37.0,12.0,3.5523298860111288,False,NORMAL,OBSERVED
2025-03-16,SUEZ,21.0,49.0,12.0,3.627314076201236,True,CONGESTION,OBSERVED
2025-03-17,SUEZ,16.0,37.0,12.5,3.6549234750492143,False,NORMAL,OBSERVED
2025-03-18,SUEZ,9.0,29.0,12.0,3.6751345222473124,False,NORMAL,OBSERVED
2025-03-19,SUEZ,14.0,27.0,12.0,3.678911732345825,False,NORMAL,OBSERVED
2025-03-20,SUEZ,13.0,36.0,12.5,3.5886357962751108,False,NORMAL,OBSERVED
2025-03-21,SUEZ,17.0,42.0,12.5,3.6549234750492143,False,NORMAL,OBSERVED
2025-03-22,SUEZ,13.0,40.0,13.0,3.6456831034808146,False,NORMAL,OBSERVED
2025-03-23,SUEZ,15.0,45.0,13.0,3.5936083765515368,False,NORMAL,OBSERVED
2025-03-24,SUEZ,19.0,41.0,13.0,3.7352886036263855,False,NORMAL,OBSERVED
2025-03-25,SUEZ,13.0,32.0,13.0,3.712377409658969,False,NORMAL,OBSERVED
2025-03-26,SUEZ,17.0,41.0,13.0,3.7487211223176167,False,NORMAL,OBSERVED
2025-03-27,SUEZ,17.0,34.0,13.0,3.7152267835100243,False,NORMAL,OBSERVED
2025-03-28,SUEZ,24.0,50.0,13.0,4.0673886946849525,True,CONGESTION,OBSERVED
2025-03-29,SUEZ,13.0,28.0,13.0,4.0479925131160455,False,NORMAL,OBSERVED
2025-03-30,SUEZ,19.0,41.0,13.5,4.116041659385763,False,NORMAL,OBSERVED
2025-03-31,SUEZ,12.0,35.0,13.5,4.116041659385763,False,NORMAL,OBSERVED
2025-04-01,SUEZ,13.0,37.0,13.0,3.948075681556999,False,NORMAL,OBSERVED
2025-04-02,SUEZ,14.0,36.0,13.5,3.8476269055396957,False,NORMAL,OBSERVED
2025-04-03,SUEZ,14.0,43.0,14.0,3.8137872967659994,False,NORMAL,OBSERVED
2025-04-04,SUEZ,19.0,42.0,14.0,3.8137872967659994,False,NORMAL,OBSERVED
2025-04-05,SUEZ,15.0,39.0,14.0,3.6413265795942302,False,NORMAL,OBSERVED
2025-04-06,SUEZ,7.0,24.0,14.0,3.875032001916007,False,NORMAL,OBSERVED
2025-04-07,SUEZ,14.0,31.0,14.0,3.8782734935800303,False,NORMAL,OBSERVED
2025-04-08,SUEZ,11.0,28.0,14.0,3.746426869126697,False,NORMAL,OBSERVED
2025-04-09,SUEZ,16.0,38.0,14.0,3.598941643369773,False,NORMAL,OBSERVED
2025-04-10,SUEZ,17.0,48.0,14.0,3.607751795214463,False,NORMAL,OBSERVED
2025-04-11,SUEZ,16.0,38.0,14.5,3.5950804128146197,False,NORMAL,OBSERVED
2025-04-12,SUEZ,17.0,40.0,15.0,3.5282308170544696,False,NORMAL,OBSERVED
2025-04-13,SUEZ,25.0,52.0,15.0,3.8398839819334567,True,CONGESTION,OBSERVED
2025-04-14,SUEZ,12.0,34.0,14.5,3.887811642181179,False,NORMAL,OBSERVED
2025-04-15,SUEZ,11.0,28.0,14.5,3.787161548256522,False,NORMAL,OBSERVED
2025-04-16,SUEZ,17.0,40.0,15.0,3.7929201660783116,False,NORMAL,OBSERVED
2025-04-17,SUEZ,13.0,40.0,15.0,3.7929201660783116,False,NORMAL,OBSERVED
2025-04-18,SUEZ,22.0,45.0,15.0,3.9859209898800394,False,NORMAL,OBSERVED
2025-04-19,SUEZ,15.0,30.0,15.0,3.9566099005034645,False,NORMAL,OBSERVED
2025-04-20,SUEZ,12.0,31.0,15.0,4.013864859597449,False,NORMAL,OBSERVED
2025-04-21,SUEZ,10.0,37.0,14.5,4.082968885582534,False,NORMAL,OBSERVED
2025-04-22,SUEZ,12.0,40.0,14.5,4.107033584927815,False,NORMAL,OBSERVED
2025-04-23,SUEZ,14.0,39.0,14.0,4.095907106668214,False,NORMAL,OBSERVED
2025-04-24,SUEZ,13.0,34.0,14.0,4.094615124266649,False,NORMAL,OBSERVED
2025-04-25,SUEZ,16.0,40.0,14.0,3.6952350269992413,False,NORMAL,OBSERVED
2025-04-26,SUEZ,9.0,30.0,14.0,3.8343683902803516,False,NORMAL,OBSERVED
2025-04-27,SUEZ,11.0,33.0,14.0,3.7815690593012765,False,NORMAL,OBSERVED
2025-04-28,SUEZ,10.0,33.0,14.0,3.8426388089271692,False,NORMAL,OBSERVED
2025-04-29,SUEZ,24.0,59.0,14.0,4.264409124976797,True,CONGESTION,OBSERVED
2025-04-30,SUEZ,11.0,18.0,14.0,4.314826168888505,False,NORMAL,OBSERVED
2025-05-01,SUEZ,23.0,51.0,14.0,4.609628753888693,False,NORMAL,OBSERVED
2025-05-02,SUEZ,10.0,35.0,13.5,4.613501006219866,False,NORMAL,OBSERVED
2025-05-03,SUEZ,10.0,33.0,13.0,4.685336802448799,False,NORMAL,OBSERVED
2025-05-04,SUEZ,8.0,26.0,13.0,4.6318142993544,False,NORMAL,OBSERVED
2025-05-05,SUEZ,13.0,35.0,13.0,4.637664984443862,False,NORMAL,OBSERVED
2025-05-06,SUEZ,12.0,35.0,13.0,4.615794141375431,False,NORMAL,OBSERVED
2025-05-07,SUEZ,9.0,32.0,12.5,4.706181907677215,False,NORMAL,OBSERVED
2025-05-08,SUEZ,17.0,39.0,12.5,4.706181907677215,False,NORMAL,OBSERVED
2025-05-09,SUEZ,9.0,31.0,12.0,4.7813294292603725,False,NORMAL,OBSERVED
2025-05-10,SUEZ,22.0,42.0,12.0,4.99576540258569,True,CONGESTION,OBSERVED
2025-05-11,SUEZ,13.0,27.0,12.0,4.50102868900649,False,NORMAL,OBSERVED
2025-05-12,SUEZ,9.0,24.0,12.0,4.573185013097698,False,NORMAL,OBSERVED
2025-05-13,SUEZ,13.0,41.0,12.5,4.549986917825278,False,NORMAL,OBSERVED
2025-05-14,SUEZ,15.0,42.0,12.5,4.507929521568499,False,NORMAL,OBSERVED
2025-05-15,SUEZ,16.0,49.0,12.5,4.533823502911838,False,NORMAL,OBSERVED
2025-05-16,SUEZ,14.0,45.0,12.5,4.219506227538126,False,NORMAL,OBSERVED
2025-05-17,SUEZ,18.0,35.0,12.5,4.303775873867853,False,NORMAL,OBSERVED
2025-05-18,SUEZ,10.0,38.0,12.5,4.3429380735984875,False,NORMAL,OBSERVED
2025-05-19,SUEZ,11.0,30.0,12.5,4.319268995569144,False,NORMAL,OBSERVED
2025-05-20,SUEZ,24.0,50.0,13.0,4.759840822557501,True,CONGESTION,OBSERVED
2025-05-21,SUEZ,17.0,36.0,13.0,4.800104716670824,False,NORMAL,OBSERVED
2025-05-22,SUEZ,15.0,27.0,13.0,4.80230874810955,False,NORMAL,OBSERVED
2025-05-23,SUEZ,14.0,37.0,13.0,4.784648068861214,False,NORMAL,OBSERVED
2025-05-24,SUEZ,21.0,43.0,13.0,4.873397172404501,False,NORMAL,OBSERVED
2025-05-25,SUEZ,16.0,44.0,13.5,4.841399946209115,False,NORMAL,OBSERVED
2025-05-26,SUEZ,10.0,30.0,13.5,4.841399946209115,False,NORMAL,OBSERVED
2025-05-27,SUEZ,11.0,34.0,13.0,4.500881747828608,False,NORMAL,OBSERVED
2025-05-28,SUEZ,9.0,29.0,13.0,4.565079089122913,False,NORMAL,OBSERVED
2025-05-29,SUEZ,18.0,44.0,13.0,4.284832360756785,False,NORMAL,OBSERVED
2025-05-30,SUEZ,21.0,40.0,13.5,4.433369136983981,False,NORMAL,OBSERVED
2025-05-31,SUEZ,18.0,42.0,14.0,4.416629230149836,False,NORMAL,OBSERVED
2025-06-01,SUEZ,12.0,37.0,14.0,4.264254030174869,False,NORMAL,OBSERVED
2025-06-02,SUEZ,13.0,33.0,14.0,4.264254030174869,False,NORMAL,OBSERVED
2025-06-03,SUEZ,11.0,28.0,14.0,4.290385461401759,False,NORMAL,OBSERVED
2025-06-04,SUEZ,14.0,35.0,14.0,4.1549040317710935,False,NORMAL,OBSERVED
2025-06-05,SUEZ,8.0,33.0,14.0,4.313753076900182,False,NORMAL,OBSERVED
2025-06-06,SUEZ,18.0,40.0,14.0,4.234370576590381,False,NORMAL,OBSERVED
2025-06-07,SUEZ,13.0,33.0,14.0,3.992718239720795,False,NORMAL,OBSERVED
2025-06-08,SUEZ,15.0,37.0,14.0,3.985423174971268,False,NORMAL,OBSERVED
2025-06-09,SUEZ,18.0,40.0,14.5,3.8932515212104626,False,NORMAL,OBSERVED
2025-06-10,SUEZ,16.0,36.0,15.0,3.8845781096468195,False,NORMAL,OBSERVED
2025-06-11,SUEZ,17.0,47.0,15.0,3.905632887762036,False,NORMAL,OBSERVED
2025-06-12,SUEZ,15.0,38.0,15.0,3.9000406998283528,False,NORMAL,OBSERVED
2025-06-13,SUEZ,20.0,42.0,15.0,4.012381630553918,False,NORMAL,OBSERVED
2025-06-14,SUEZ,16.0,34.0,15.0,3.976618169184996,False,NORMAL,OBSERVED
2025-06-15,SUEZ,16.0,42.0,15.5,3.855011168740147,False,NORMAL,OBSERVED
2025-06-16,SUEZ,12.0,30.0,15.5,3.818639886400751,False,NORMAL,OBSERVED
2025-06-17,SUEZ,15.0,45.0,15.0,3.4154566188643183,False,NORMAL,OBSERVED
2025-06-18,SUEZ,16.0,44.0,15.0,3.398568014659221,False,NORMAL,OBSERVED
2025-06-19,SUEZ,8.0,34.0,15.0,3.641871430079278,False,NORMAL,OBSERVED
2025-06-20,SUEZ,11.0,35.0,15.0,3.7061367669650176,False,NORMAL,OBSERVED
2025-06-21,SUEZ,18.0,36.0,15.0,3.5536329127115898,False,NORMAL,OBSERVED
2025-06-22,SUEZ,16.0,34.0,15.0,3.5536329127115898,False,NORMAL,OBSERVED
2025-06-23,SUEZ,9.0,27.0,15.0,3.6048174703733853,False,NORMAL,OBSERVED
2025-06-24,SUEZ,15.0,35.0,15.0,3.54263525504175,False,NORMAL,OBSERVED
2025-06-25,SUEZ,16.0,28.0,15.5,3.3780727732504268,False,NORMAL,OBSERVED
2025-06-26,SUEZ,19.0,38.0,15.5,3.4179730371288546,False,NORMAL,OBSERVED
2025-06-27,SUEZ,20.0,47.0,15.5,3.3560732282278467,False,NORMAL,OBSERVED
2025-06-28,SUEZ,13.0,35.0,15.0,3.3134326579600426,False,NORMAL,OBSERVED
2025-06-29,SUEZ,10.0,37.0,15.0,3.3931147214952353,False,NORMAL,OBSERVED
2025-06-30,SUEZ,14.0,37.0,15.0,3.3812038806525493,False,NORMAL,OBSERVED
2025-07-01,SUEZ,16.0,36.0,15.5,3.315029108381729,False,NORMAL,OBSERVED
2025-07-02,SUEZ,15.0,38.0,15.5,3.311635731316382,False,NORMAL,OBSERVED
2025-07-03,SUEZ,16.0,39.0,16.0,3.034850484013606,False,NORMAL,OBSERVED
2025-07-04,SUEZ,11.0,29.0,15.5,3.075762907039102,False,NORMAL,OBSERVED
2025-07-05,SUEZ,14.0,35.0,15.5,3.0591609320965407,False,NORMAL,OBSERVED
2025-07-06,SUEZ,21.0,46.0,16.0,3.2698316381427195,False,NORMAL,OBSERVED
2025-07-07,SUEZ,18.0,44.0,16.0,3.2698316381427195,False,NORMAL,OBSERVED
2025-07-08,SUEZ,11.0,37.0,15.5,3.354693466468795,False,NORMAL,OBSERVED
2025-07-09,SUEZ,19.0,45.0,15.5,3.4210676262979463,False,NORMAL,OBSERVED
2025-07-10,SUEZ,16.0,38.0,16.0,3.4262834076325546,False,NORMAL,OBSERVED
2025-07-11,SUEZ,20.0,37.0,16.0,3.4262834076325546,False,NORMAL,OBSERVED
2025-07-12,SUEZ,12.0,32.0,15.5,3.4677272492415607,False,NORMAL,OBSERVED
2025-07-13,SUEZ,11.0,32.0,15.0,3.5366561195480513,False,NORMAL,OBSERVED
2025-07-14,SUEZ,20.0,38.0,15.5,3.6311410307485095,False,NORMAL,OBSERVED
2025-07-15,SUEZ,14.0,38.0,15.5,3.6360554823736715,False,NORMAL,OBSERVED
2025-07-16,SUEZ,17.0,38.0,15.5,3.65148371670113,False,NORMAL,OBSERVED
2025-07-17,SUEZ,10.0,33.0,15.5,3.5269184055140257,False,NORMAL,OBSERVED
2025-07-18,SUEZ,10.0,33.0,15.5,3.574416739337369,False,NORMAL,OBSERVED
2025-07-19,SUEZ,16.0,39.0,15.5,3.5327268122738973,False,NORMAL,OBSERVED
2025-07-20,SUEZ,18.0,38.0,15.5,3.574416739337369,False,NORMAL,OBSERVED
2025-07-21,SUEZ,17.0,40.0,16.0,3.389018993078954,False,NORMAL,OBSERVED
2025-07-22,SUEZ,18.0,50.0,16.0,3.4257042685336807,False,NORMAL,OBSERVED
2025-07-23,SUEZ,13.0,36.0,16.0,3.4539678892390318,False,NORMAL,OBSERVED
2025-07-24,SUEZ,18.0,44.0,16.0,3.4195206817801007,False,NORMAL,OBSERVED
2025-07-25,SUEZ,17.0,37.0,16.0,3.31163573131638,False,NORMAL,OBSERVED
2025-07-26,SUEZ,13.0,32.0,16.0,3.31163573131638,False,NORMAL,OBSERVED
2025-07-27,SUEZ,12.0,42.0,16.0,3.215990141868091,False,NORMAL,OBSERVED
2025-07-28,SUEZ,16.0,44.0,16.0,3.209402522318555,False,NORMAL,OBSERVED
2025-07-29,SUEZ,20.0,34.0,16.0,3.327574390265598,False,NORMAL,OBSERVED
2025-07-30,SUEZ,20.0,39.0,16.0,3.4341885204005513,False,NORMAL,OBSERVED
2025-07-31,SUEZ,7.0,29.0,16.0,3.801106772824574,True,TRAFFIC_DROP,OBSERVED
2025-08-01,SUEZ,12.0,42.0,16.0,3.763511812658665,False,NORMAL,OBSERVED
2025-08-02,SUEZ,16.0,44.0,16.0,3.755771572635941,False,NORMAL,OBSERVED
2025-08-03,SUEZ,16.0,35.0,16.0,3.5965518465865802,False,NORMAL,OBSERVED
2025-08-04,SUEZ,13.0,32.0,16.0,3.5790395093549847,False,NORMAL,OBSERVED
2025-08-05,SUEZ,19.0,41.0,16.0,3.5612553520549226,False,NORMAL,OBSERVED
2025-08-06,SUEZ,15.0,35.0,16.0,3.4892124003280927,False,NORMAL,OBSERVED
2025-08-07,SUEZ,12.0,33.0,16.0,3.5374040641730025,False,NORMAL,OBSERVED
2025-08-08,SUEZ,13.0,42.0,15.5,3.421647550182825,False,NORMAL,OBSERVED
2025-08-09,SUEZ,17.0,47.0,16.0,3.3993463423952135,False,NORMAL,OBSERVED
2025-08-10,SUEZ,16.0,36.0,16.0,3.3116357313163793,False,NORMAL,OBSERVED
2025-08-11,SUEZ,17.0,39.0,16.0,3.196393470292945,False,NORMAL,OBSERVED
2025-08-12,SUEZ,16.0,37.0,16.0,3.193909548039574,False,NORMAL,OBSERVED
2025-08-13,SUEZ,18.0,28.0,16.0,3.2209220146316455,False,NORMAL,OBSERVED
2025-08-14,SUEZ,18.0,43.0,16.0,3.0969775332200875,False,NORMAL,OBSERVED
2025-08-15,SUEZ,11.0,41.0,16.0,3.0368111930481216,False,NORMAL,OBSERVED
2025-08-16,SUEZ,14.0,38.0,16.0,3.048115039004504,False,NORMAL,OBSERVED
2025-08-17,SUEZ,13.0,35.0,16.0,3.0383353141945393,False,NORMAL,OBSERVED
2025-08-18,SUEZ,16.0,43.0,16.0,3.0228407396960706,False,NORMAL,OBSERVED
2025-08-19,SUEZ,15.0,43.0,16.0,2.9732048516621328,False,NORMAL,OBSERVED
2025-08-20,SUEZ,20.0,60.0,16.0,3.081777814404315,False,NORMAL,OBSERVED
2025-08-21,SUEZ,12.0,24.0,16.0,3.099752507615045,False,NORMAL,OBSERVED
2025-08-22,SUEZ,16.0,36.0,16.0,3.083279707813404,False,NORMAL,OBSERVED
2025-08-23,SUEZ,16.0,40.0,16.0,3.05937711957655,False,NORMAL,OBSERVED
2025-08-24,SUEZ,15.0,45.0,16.0,2.9944834641272204,False,NORMAL,OBSERVED
2025-08-25,SUEZ,11.0,34.0,16.0,3.099752507615045,False,NORMAL,OBSERVED
2025-08-26,SUEZ,19.0,40.0,16.0,3.047029952985643,False,NORMAL,OBSERVED
2025-08-27,SUEZ,15.0,34.0,15.5,2.8922446931543555,False,NORMAL,OBSERVED
2025-08-28,SUEZ,12.0,32.0,15.5,2.514245129542608,False,NORMAL,OBSERVED
2025-08-29,SUEZ,15.0,41.0,15.5,2.4397501823713634,False,NORMAL,OBSERVED
2025-08-30,SUEZ,8.0,31.0,15.0,2.7879179995987933,True,TRAFFIC_DROP,OBSERVED
2025-08-31,SUEZ,13.0,43.0,15.0,2.8028235952018594,False,NORMAL,OBSERVED
2025-09-01,SUEZ,16.0,47.0,15.0,2.7879179995987933,False,NORMAL,OBSERVED
2025-09-02,SUEZ,18.0,36.0,15.0,2.739820022668263,False,NORMAL,OBSERVED
2025-09-03,SUEZ,13.0,47.0,15.0,2.7628966472885037,False,NORMAL,OBSERVED
2025-09-04,SUEZ,19.0,44.0,15.5,2.8143622582452097,False,NORMAL,OBSERVED
2025-09-05,SUEZ,8.0,37.0,15.5,3.095268620118131,True,TRAFFIC_DROP,OBSERVED
2025-09-06,SUEZ,14.0,39.0,15.0,3.071459332933224,False,NORMAL,OBSERVED
2025-09-07,SUEZ,19.0,46.0,15.0,3.1662489281691735,False,NORMAL,OBSERVED
2025-09-08,SUEZ,14.0,35.0,15.0,3.142977390677039,False,NORMAL,OBSERVED
2025-09-09,SUEZ,17.0,43.0,15.0,3.1629050339787983,False,NORMAL,OBSERVED
2025-09-10,SUEZ,16.0,39.0,15.0,3.1106150398154546,False,NORMAL,OBSERVED
2025-09-11,SUEZ,20.0,49.0,15.0,3.209402522318558,False,NORMAL,OBSERVED
2025-09-12,SUEZ,18.0,51.0,15.0,3.1731345809440903,False,NORMAL,OBSERVED
2025-09-13,SUEZ,18.0,50.0,15.5,3.2129038769859695,False,NORMAL,OBSERVED
2025-09-14,SUEZ,13.0,46.0,15.5,3.2129038769859695,False,NORMAL,OBSERVED
2025-09-15,SUEZ,13.0,37.0,15.0,3.235672529718803,False,NORMAL,OBSERVED
2025-09-16,SUEZ,14.0,34.0,15.0,3.242410756401427,False,NORMAL,OBSERVED
2025-09-17,SUEZ,18.0,44.0,15.0,3.150543750835099,False,NORMAL,OBSERVED
2025-09-18,SUEZ,15.0,37.0,15.0,3.0952686201181296,False,NORMAL,OBSERVED
2025-09-19,SUEZ,28.0,51.0,15.0,3.939187196262181,True,CONGESTION,OBSERVED
2025-09-20,SUEZ,12.0,39.0,15.0,3.9938775896437217,False,NORMAL,OBSERVED
2025-09-21,SUEZ,11.0,31.0,15.0,4.079079416840158,False,NORMAL,OBSERVED
2025-09-22,SUEZ,16.0,45.0,15.0,3.9947054907304618,False,NORMAL,OBSERVED
2025-09-23,SUEZ,11.0,39.0,15.0,4.015841646153928,False,NORMAL,OBSERVED
2025-09-24,SUEZ,22.0,52.0,15.0,4.219349482196301,False,NORMAL,OBSERVED
2025-09-25,SUEZ,20.0,44.0,15.5,4.251828116004039,False,NORMAL,OBSERVED
2025-09-26,SUEZ,12.0,36.0,15.5,4.3070018052311845,False,NORMAL,OBSERVED
2025-09-27,SUEZ,14.0,34.0,15.5,4.058435594031227,False,NORMAL,OBSERVED
2025-09-28,SUEZ,21.0,46.0,16.0,4.135918290515447,False,NORMAL,OBSERVED
2025-09-29,SUEZ,13.0,39.0,15.5,4.176496341806349,False,NORMAL,OBSERVED
2025-09-30,SUEZ,13.0,38.0,14.5,4.193090814901427,False,NORMAL,OBSERVED
2025-10-01,SUEZ,18.0,45.0,15.5,4.176496341806349,False,NORMAL,OBSERVED
2025-10-02,SUEZ,18.0,42.0,15.5,4.153789625627226,False,NORMAL,OBSERVED
2025-10-03,SUEZ,20.0,46.0,16.0,3.917806318490801,False,NORMAL,OBSERVED
2025-10-04,SUEZ,12.0,36.0,16.0,3.98010927504132,False,NORMAL,OBSERVED
2025-10-05,SUEZ,15.0,42.0,15.5,3.950755068144027,False,NORMAL,OBSERVED
2025-10-06,SUEZ,13.0,38.0,15.5,3.975287417647957,False,NORMAL,OBSERVED
2025-10-07,SUEZ,14.0,32.0,15.0,3.99072999912623,False,NORMAL,OBSERVED
2025-10-08,SUEZ,13.0,42.0,14.5,4.030800726574636,False,NORMAL,OBSERVED
2025-10-09,SUEZ,15.0,41.0,14.5,3.952094080237431,False,NORMAL,OBSERVED
2025-10-10,SUEZ,12.0,36.0,14.0,3.9860869143671502,False,NORMAL,OBSERVED
2025-10-11,SUEZ,15.0,40.0,14.0,3.9566099005034663,False,NORMAL,OBSERVED
2025-10-12,SUEZ,24.0,43.0,14.5,4.24575729716798,True,CONGESTION,OBSERVED
2025-10-13,SUEZ,15.0,48.0,15.0,4.213859721990503,False,NORMAL,OBSERVED
2025-10-14,SUEZ,13.0,43.0,15.0,4.234370576590375,False,NORMAL,OBSERVED
2025-10-15,SUEZ,12.0,31.0,14.5,4.271692228772414,False,NORMAL,OBSERVED
2025-10-16,SUEZ,17.0,51.0,14.5,4.27788084806773,False,NORMAL,OBSERVED
2025-10-17,SUEZ,21.0,50.0,14.5,3.69612982204032,False,NORMAL,OBSERVED
2025-10-18,SUEZ,8.0,32.0,14.5,3.9049554733283967,False,NORMAL,OBSERVED
2025-10-19,SUEZ,18.0,51.0,15.0,3.844015482077975,False,NORMAL,OBSERVED
2025-10-20,SUEZ,21.0,47.0,15.0,3.9801092750413236,False,NORMAL,OBSERVED
2025-10-21,SUEZ,14.0,32.0,15.0,3.8878116421811755,False,NORMAL,OBSERVED
2025-10-22,SUEZ,13.0,34.0,14.5,3.7267799624996685,False,NORMAL,OBSERVED
2025-10-23,SUEZ,17.0,49.0,14.5,3.634600041313708,False,NORMAL,OBSERVED
2025-10-24,SUEZ,14.0,40.0,14.5,3.584763465073985,False,NORMAL,OBSERVED
2025-10-25,SUEZ,15.0,47.0,15.0,3.5746017649212227,False,NORMAL,OBSERVED
2025-10-26,SUEZ,18.0,50.0,15.0,3.4463000633990473,False,NORMAL,OBSERVED
2025-10-27,SUEZ,15.0,44.0,15.0,3.415456618864315,False,NORMAL,OBSERVED
2025-10-28,SUEZ,14.0,38.0,15.0,3.3938942998447463,False,NORMAL,OBSERVED
2025-10-29,SUEZ,14.0,36.0,15.0,3.3688583153950686,False,NORMAL,OBSERVED
2025-10-30,SUEZ,11.0,37.0,14.5,3.42473881906871,False,NORMAL,OBSERVED
2025-10-31,SUEZ,16.0,35.0,14.5,3.2940141318047305,False,NORMAL,OBSERVED
2025-11-01,SUEZ,17.0,45.0,15.0,3.262744649141702,False,NORMAL,OBSERVED
2025-11-02,SUEZ,10.0,36.0,14.5,3.404595400524123,False,NORMAL,OBSERVED
2025-11-03,SUEZ,15.0,49.0,15.0,3.3827683475404964,False,NORMAL,OBSERVED
2025-11-04,SUEZ,22.0,39.0,15.0,3.621474750026502,False,NORMAL,OBSERVED
2025-11-05,SUEZ,19.0,46.0,15.0,3.656370826249405,False,NORMAL,OBSERVED
2025-11-06,SUEZ,11.0,37.0,15.0,3.7548909903226875,False,NORMAL,OBSERVED
2025-11-07,SUEZ,16.0,52.0,15.0,3.6966665951021405,False,NORMAL,OBSERVED
2025-11-08,SUEZ,15.0,38.0,15.0,3.6966665951021405,False,NORMAL,OBSERVED
2025-11-09,SUEZ,17.0,48.0,15.0,3.320610640598379,False,NORMAL,OBSERVED
2025-11-10,SUEZ,20.0,48.0,15.0,3.437076092188272,False,NORMAL,OBSERVED
2025-11-11,SUEZ,20.0,48.0,15.5,3.5050983275386742,False,NORMAL,OBSERVED
2025-11-12,SUEZ,16.0,43.0,16.0,3.428791880037905,False,NORMAL,OBSERVED
2025-11-13,SUEZ,13.0,44.0,15.5,3.462573896600347,False,NORMAL,OBSERVED
2025-11-14,SUEZ,13.0,47.0,15.0,3.3380918415851424,False,NORMAL,OBSERVED
2025-11-15,SUEZ,10.0,40.0,15.0,3.191423692521149,False,NORMAL,OBSERVED
2025-11-16,SUEZ,16.0,45.0,15.0,3.1555779118367693,False,NORMAL,OBSERVED
2025-11-17,SUEZ,11.0,38.0,15.0,3.066287071054596,False,NORMAL,OBSERVED
2025-11-18,SUEZ,12.0,28.0,15.0,3.1150768375280693,False,NORMAL,OBSERVED
2025-11-19,SUEZ,15.0,44.0,15.0,3.0903502310037156,False,NORMAL,OBSERVED
2025-11-20,SUEZ,16.0,50.0,15.0,3.072966269440956,False,NORMAL,OBSERVED
2025-11-21,SUEZ,11.0,45.0,15.0,3.16144096808863,False,NORMAL,OBSERVED
2025-11-22,SUEZ,14.0,34.0,15.0,3.166248928169176,False,NORMAL,OBSERVED
2025-11-23,SUEZ,15.0,40.0,15.0,3.1074241191193783,False,NORMAL,OBSERVED
2025-11-24,SUEZ,13.0,49.0,15.0,3.1252513126460664,False,NORMAL,OBSERVED
2025-11-25,SUEZ,16.0,47.0,15.0,3.131171155371899,False,NORMAL,OBSERVED
2025-11-26,SUEZ,20.0,40.0,15.0,3.277306934167277,False,NORMAL,OBSERVED
2025-11-27,SUEZ,17.0,50.0,15.5,3.2013555330012022,False,NORMAL,OBSERVED
2025-11-28,SUEZ,16.0,44.0,15.5,3.2013555330012022,False,NORMAL,OBSERVED
2025-11-29,SUEZ,12.0,28.0,15.0,3.2373073271098165,False,NORMAL,OBSERVED
2025-11-30,SUEZ,15.0,44.0,15.0,3.083494204297564,False,NORMAL,OBSERVED
2025-12-01,SUEZ,18.0,54.0,15.5,3.1275783014572456,False,NORMAL,OBSERVED
2025-12-02,SUEZ,12.0,32.0,15.0,2.8993248621161505,False,NORMAL,OBSERVED
2025-12-03,SUEZ,18.0,40.0,15.0,2.853569193634057,False,NORMAL,OBSERVED
2025-12-04,SUEZ,21.0,44.0,15.5,2.96719274807569,False,NORMAL,OBSERVED
2025-12-05,SUEZ,5.0,36.0,15.0,3.5417016804992167,True,TRAFFIC_DROP,OBSERVED
2025-12-06,SUEZ,18.0,44.0,15.5,3.590109871423027,False,NORMAL,OBSERVED
2025-12-07,SUEZ,14.0,34.0,15.0,3.572936189728722,False,NORMAL,OBSERVED
2025-12-08,SUEZ,18.0,45.0,15.0,3.48598858318793,False,NORMAL,OBSERVED
2025-12-09,SUEZ,14.0,38.0,15.0,3.3371010452552357,False,NORMAL,OBSERVED
2025-12-10,SUEZ,14.0,31.0,14.5,3.327574390265607,False,NORMAL,OBSERVED
2025-12-11,SUEZ,14.0,41.0,14.5,3.3158270453552303,False,NORMAL,OBSERVED
2025-12-12,SUEZ,14.0,43.0,14.5,3.3036375654755714,False,NORMAL,OBSERVED
2025-12-13,SUEZ,13.0,43.0,14.5,3.1955657107373656,False,NORMAL,OBSERVED
2025-12-14,SUEZ,22.0,49.0,14.5,3.4740154099806824,True,CONGESTION,OBSERVED
2025-12-15,SUEZ,24.0,48.0,15.0,3.784366336842765,True,CONGESTION,OBSERVED
2025-12-16,SUEZ,16.0,34.0,15.0,3.7266024925615944,False,NORMAL,OBSERVED
2025-12-17,SUEZ,10.0,32.0,15.0,3.8702501183820326,False,NORMAL,OBSERVED
2025-12-18,SUEZ,19.0,44.0,15.0,3.929773745792733,False,NORMAL,OBSERVED
2025-12-19,SUEZ,17.0,51.0,15.5,3.8398839819334567,False,NORMAL,OBSERVED
2025-12-20,SUEZ,18.0,37.0,16.0,3.8495172513944143,False,NORMAL,OBSERVED
2025-12-21,SUEZ,18.0,42.0,16.0,3.8675149589461304,False,NORMAL,OBSERVED
2025-12-22,SUEZ,22.0,45.0,16.5,3.98724819244404,False,NORMAL,OBSERVED
2025-12-23,SUEZ,9.0,39.0,16.5,4.216370213557854,False,NORMAL,OBSERVED
2025-12-24,SUEZ,14.0,36.0,16.0,4.157609203101516,False,NORMAL,OBSERVED
2025-12-25,SUEZ,18.0,46.0,16.0,4.172694053171859,False,NORMAL,OBSERVED
2025-12-26,SUEZ,11.0,36.0,15.5,4.270608298368674,False,NORMAL,OBSERVED
2025-12-27,SUEZ,12.0,33.0,15.5,4.270608298368674,False,NORMAL,OBSERVED
2025-12-28,SUEZ,12.0,33.0,15.0,4.3246249493315725,False,NORMAL,OBSERVED
2025-12-29,SUEZ,15.0,32.0,14.5,4.298393941484497,False,NORMAL,OBSERVED
2025-12-30,SUEZ,9.0,39.0,14.5,4.422615041977311,False,NORMAL,OBSERVED
2025-12-31,SUEZ,17.0,38.0,14.5,4.404182716103586,False,NORMAL,OBSERVED
2026-01-01,SUEZ,12.0,27.0,14.0,4.298855513989614,False,NORMAL,OBSERVED
2026-01-02,SUEZ,8.0,28.0,14.0,4.07275110794924,False,NORMAL,OBSERVED
2026-01-03,SUEZ,20.0,38.0,14.0,4.142948366081979,False,NORMAL,OBSERVED
2026-01-04,SUEZ,16.0,43.0,14.5,4.139754357152886,False,NORMAL,OBSERVED
2026-01-05,SUEZ,16.0,44.0,14.5,4.107033584927817,False,NORMAL,OBSERVED
2026-01-06,SUEZ,16.0,41.0,15.5,4.103811623511733,False,NORMAL,OBSERVED
2026-01-07,SUEZ,9.0,29.0,15.5,4.264254030174868,False,NORMAL,OBSERVED
2026-01-08,SUEZ,13.0,43.0,15.5,4.2774170122045,False,NORMAL,OBSERVED
2026-01-09,SUEZ,11.0,39.0,15.5,4.3405007879215125,False,NORMAL,OBSERVED
2026-01-10,SUEZ,11.0,35.0,15.5,4.388989349864921,False,NORMAL,OBSERVED
2026-01-11,SUEZ,11.0,35.0,14.5,4.2113477338555105,False,NORMAL,OBSERVED
2026-01-12,SUEZ,16.0,36.0,14.5,3.788034628828857,False,NORMAL,OBSERVED
2026-01-13,SUEZ,17.0,34.0,14.5,3.8108380669462982,False,NORMAL,OBSERVED
2026-01-14,SUEZ,7.0,27.0,14.5,3.971459023140866,False,NORMAL,OBSERVED
2026-01-15,SUEZ,9.0,37.0,13.5,3.961454492118008,False,NORMAL,OBSERVED
2026-01-16,SUEZ,21.0,51.0,13.5,4.151878519188089,False,NORMAL,OBSERVED
2026-01-17,SUEZ,17.0,49.0,13.5,4.119093494560601,False,NORMAL,OBSERVED
2026-01-18,SUEZ,20.0,45.0,13.5,4.210562430226657,False,NORMAL,OBSERVED
2026-01-19,SUEZ,12.0,40.0,12.5,3.9108788711712625,False,NORMAL,OBSERVED
2026-01-20,SUEZ,20.0,40.0,13.5,3.990067032097977,False,NORMAL,OBSERVED
2026-01-21,SUEZ,6.0,26.0,12.5,4.261926930863717,False,NORMAL,OBSERVED
2026-01-22,SUEZ,19.0,44.0,12.5,4.303775873867856,False,NORMAL,OBSERVED
2026-01-23,SUEZ,9.0,37.0,12.5,4.366024428718828,False,NORMAL,OBSERVED
2026-01-24,SUEZ,21.0,37.0,14.0,4.5698575342780785,False,NORMAL,OBSERVED
2026-01-25,SUEZ,15.0,44.0,15.0,4.558119681014887,False,NORMAL,OBSERVED
2026-01-26,SUEZ,17.0,43.0,15.5,4.589353910102111,False,NORMAL,OBSERVED
2026-01-27,SUEZ,18.0,50.0,16.0,4.533239961690176,False,NORMAL,OBSERVED
2026-01-28,SUEZ,17.0,37.0,16.0,4.533239961690176,False,NORMAL,OBSERVED
2026-01-29,SUEZ,15.0,46.0,16.0,4.509103079550386,False,NORMAL,OBSERVED
2026-01-30,SUEZ,14.0,41.0,16.0,4.325848236237969,False,NORMAL,OBSERVED
2026-01-31,SUEZ,14.0,42.0,15.5,4.20301604985564,False,NORMAL,OBSERVED
2026-02-01,SUEZ,15.0,39.0,15.0,4.194352464039329,False,NORMAL,OBSERVED
2026-02-02,SUEZ,15.0,38.0,15.0,4.18535491532032,False,NORMAL,OBSERVED
2026-02-03,SUEZ,11.0,31.0,15.0,4.223892735530822,False,NORMAL,OBSERVED
2026-02-04,SUEZ,16.0,36.0,15.0,4.104939597671238,False,NORMAL,OBSERVED
2026-02-05,SUEZ,14.0,36.0,15.0,4.0954226610310895,False,NORMAL,OBSERVED
2026-02-06,SUEZ,17.0,44.0,15.0,4.058435594031233,False,NORMAL,OBSERVED
2026-02-07,SUEZ,25.0,48.0,15.5,4.420969751646544,True,CONGESTION,OBSERVED
2026-02-08,SUEZ,19.0,49.0,16.0,4.392152694409135,False,NORMAL,OBSERVED
2026-02-09,SUEZ,15.0,44.0,15.5,4.392604414806059,False,NORMAL,OBSERVED
2026-02-10,SUEZ,16.0,39.0,15.5,4.384315479321984,False,NORMAL,OBSERVED
2026-02-11,SUEZ,15.0,45.0,15.5,4.058435594031226,False,NORMAL,OBSERVED
2026-02-12,SUEZ,18.0,47.0,16.0,3.8522651894628424,False,NORMAL,OBSERVED
2026-02-13,SUEZ,20.0,41.0,16.0,3.8096230145813137,False,NORMAL,OBSERVED
2026-02-14,SUEZ,19.0,44.0,16.0,3.846251525011188,False,NORMAL,OBSERVED
2026-02-15,SUEZ,16.0,38.0,16.0,3.7712361663282676,False,NORMAL,OBSERVED
2026-02-16,SUEZ,22.0,51.0,16.0,3.8510632078281857,False,NORMAL,OBSERVED
2026-02-17,SUEZ,17.0,42.0,16.0,3.7871615482565146,False,NORMAL,OBSERVED
2026-02-18,SUEZ,18.0,41.0,16.5,3.2209220146316313,False,NORMAL,OBSERVED
2026-02-19,SUEZ,18.0,36.0,16.5,3.199702367110932,False,NORMAL,OBSERVED
2026-02-20,SUEZ,17.0,34.0,17.0,2.8274916436143607,False,NORMAL,OBSERVED
2026-02-21,SUEZ,20.0,42.0,17.0,2.780078412353872,False,NORMAL,OBSERVED
2026-02-22,SUEZ,14.0,36.0,17.0,2.8115408417382013,False,NORMAL,OBSERVED
2026-02-23,SUEZ,14.0,44.0,16.5,2.862594006219621,False,NORMAL,OBSERVED
2026-02-24,SUEZ,16.0,36.0,16.0,2.8551911323266013,False,NORMAL,OBSERVED
2026-02-25,SUEZ,19.0,45.0,16.0,2.888354651456889,False,NORMAL,OBSERVED
2026-02-26,SUEZ,24.0,46.0,16.5,3.1731345809440703,True,CONGESTION,OBSERVED
2026-02-27,SUEZ,22.0,47.0,17.0,3.2456727398786756,False,NORMAL,OBSERVED
2026-02-28,SUEZ,15.0,37.0,17.0,3.2126980205784332,False,NORMAL,OBSERVED
2026-03-01,SUEZ,14.0,36.0,17.0,3.2456727398786756,False,NORMAL,OBSERVED
2026-03-02,SUEZ,11.0,40.0,17.0,3.435728860697949,False,NORMAL,OBSERVED
2026-03-03,SUEZ,27.0,55.0,17.0,3.6853779428995566,True,CONGESTION,OBSERVED
2026-03-04,SUEZ,17.0,42.0,17.0,3.672254040157042,False,NORMAL,OBSERVED
2026-03-05,SUEZ,19.0,38.0,17.5,3.600411499115473,False,NORMAL,OBSERVED
2026-03-06,SUEZ,19.0,38.0,18.0,3.5996766462658725,False,NORMAL,OBSERVED
2026-03-07,SUEZ,23.0,51.0,18.0,3.4747768380248596,False,NORMAL,OBSERVED
2026-03-08,SUEZ,11.0,35.0,17.5,3.7104171958414263,False,NORMAL,OBSERVED
2026-03-09,SUEZ,15.0,42.0,17.5,3.7104171958414263,False,NORMAL,OBSERVED
2026-03-10,SUEZ,9.0,37.0,17.5,4.050442525957461,True,TRAFFIC_DROP,OBSERVED
2026-03-11,SUEZ,25.0,51.0,18.0,4.260530061168021,False,NORMAL,OBSERVED
2026-03-12,SUEZ,11.0,38.0,17.5,4.450789122113494,False,NORMAL,OBSERVED
2026-03-13,SUEZ,16.0,40.0,17.0,4.434114980621914,False,NORMAL,OBSERVED
2026-03-14,SUEZ,15.0,25.0,17.0,4.446031462686222,False,NORMAL,OBSERVED
2026-03-15,SUEZ,17.0,48.0,17.0,4.439332377472088,False,NORMAL,OBSERVED
2026-03-16,SUEZ,11.0,33.0,17.0,4.496324189483145,False,NORMAL,OBSERVED
2026-03-17,SUEZ,14.0,42.0,16.5,4.5301751370655445,False,NORMAL,OBSERVED
2026-03-18,SUEZ,22.0,43.0,16.5,4.630671840362016,False,NORMAL,OBSERVED
2026-03-19,SUEZ,14.0,43.0,16.0,4.659149274027611,False,NORMAL,OBSERVED
2026-03-20,SUEZ,15.0,32.0,15.5,4.671624350702241,False,NORMAL,OBSERVED
2026-03-21,SUEZ,19.0,38.0,15.5,4.649628761422538,False,NORMAL,OBSERVED
2026-03-22,SUEZ,21.0,47.0,16.0,4.686324808593644,False,NORMAL,OBSERVED
2026-03-23,SUEZ,18.0,40.0,16.5,4.653467728991138,False,NORMAL,OBSERVED
2026-03-24,SUEZ,15.0,41.0,16.5,4.666099738806149,False,NORMAL,OBSERVED
2026-03-25,SUEZ,21.0,51.0,16.5,4.711799889751074,False,NORMAL,OBSERVED
2026-03-26,SUEZ,19.0,41.0,16.5,4.533677624647881,False,NORMAL,OBSERVED
2026-03-27,SUEZ,13.0,42.0,15.5,4.482181063940541,False,NORMAL,OBSERVED
2026-03-28,SUEZ,19.0,45.0,16.5,4.491614762488345,False,NORMAL,OBSERVED
2026-03-29,SUEZ,20.0,37.0,17.0,4.496912521077352,False,NORMAL,OBSERVED
2026-03-30,SUEZ,12.0,36.0,17.0,4.4512348919701035,False,NORMAL,OBSERVED
2026-03-31,SUEZ,20.0,43.0,17.0,4.049299371104272,False,NORMAL,OBSERVED
2026-04-01,SUEZ,21.0,51.0,17.5,4.126953601840718,False,NORMAL,OBSERVED
2026-04-02,SUEZ,24.0,48.0,17.5,4.323401316301665,False,NORMAL,OBSERVED
2026-04-03,SUEZ,15.0,35.0,16.5,4.32462494933156,False,NORMAL,OBSERVED
2026-04-04,SUEZ,24.0,52.0,16.5,4.380089632094899,False,NORMAL,OBSERVED
2026-04-05,SUEZ,22.0,48.0,17.5,4.314826168888485,False,NORMAL,OBSERVED
2026-04-06,SUEZ,17.0,37.0,17.5,4.290231305662279,False,NORMAL,OBSERVED
2026-04-07,SUEZ,18.0,39.0,18.0,3.9567770541293625,False,NORMAL,OBSERVED
2026-04-08,SUEZ,14.0,40.0,17.5,3.7548909903226697,False,NORMAL,OBSERVED
2026-04-09,SUEZ,16.0,34.0,17.5,3.5530745312107683,False,NORMAL,OBSERVED
2026-04-10,SUEZ,19.0,45.0,18.0,3.549163400938429,False,NORMAL,OBSERVED
2026-04-11,SUEZ,26.0,47.0,18.5,3.83867812344949,False,NORMAL,OBSERVED
2026-04-12,SUEZ,17.0,43.0,18.5,3.83867812344949,False,NORMAL,OBSERVED
2026-04-13,SUEZ,19.0,42.0,19.0,3.581994951237058,False,NORMAL,OBSERVED
2026-04-14,SUEZ,12.0,35.0,19.0,3.690399384761433,False,NORMAL,OBSERVED
2026-04-15,SUEZ,25.0,43.0,19.0,3.8426388089271355,False,NORMAL,OBSERVED
2026-04-16,SUEZ,12.0,37.0,19.0,3.94455622466251,False,NORMAL,OBSERVED
2026-04-17,SUEZ,12.0,34.0,19.0,4.076646614442755,False,NORMAL,OBSERVED
2026-04-18,SUEZ,11.0,34.0,18.5,4.294083538911814,False,NORMAL,OBSERVED
2026-04-19,SUEZ,18.0,43.0,18.0,4.251828116004021,False,NORMAL,OBSERVED
2026-04-20,SUEZ,17.0,47.0,18.0,4.2544716593872245,False,NORMAL,OBSERVED
2026-04-21,SUEZ,20.0,47.0,18.5,4.23811753159822,False,NORMAL,OBSERVED
2026-04-22,SUEZ,25.0,50.0,18.5,4.408235438646584,False,NORMAL,OBSERVED
2026-04-23,SUEZ,18.0,46.0,18.0,4.404783354731124,False,NORMAL,OBSERVED
2026-04-24,SUEZ,15.0,32.0,18.0,4.335164448282297,False,NORMAL,OBSERVED
2026-04-25,SUEZ,15.0,43.0,18.0,4.371625682867998,False,NORMAL,OBSERVED
2026-04-26,SUEZ,12.0,43.0,17.5,4.495735780897294,False,NORMAL,OBSERVED
2026-04-27,SUEZ,11.0,34.0,17.5,4.546496994460121,False,NORMAL,OBSERVED
2026-04-28,SUEZ,18.0,38.0,17.5,4.5243316323603775,False,NORMAL,OBSERVED
2026-04-29,SUEZ,18.0,45.0,17.5,4.476274906329708,False,NORMAL,OBSERVED
2026-04-30,SUEZ,23.0,49.0,17.5,4.426202643493613,False,NORMAL,OBSERVED
2026-05-01,SUEZ,12.0,39.0,17.5,4.523308242903359,False,NORMAL,OBSERVED
2026-05-02,SUEZ,4.0,23.0,17.0,4.990467102863414,True,TRAFFIC_DROP,OBSERVED
2026-05-03,SUEZ,15.0,33.0,17.0,4.886408100740686,False,NORMAL,OBSERVED
2026-05-04,SUEZ,15.0,35.0,16.5,4.891819107437873,False,NORMAL,OBSERVED
2026-05-05,SUEZ,14.0,36.0,15.5,4.899384477051004,False,NORMAL,OBSERVED
2026-05-06,SUEZ,19.0,40.0,16.5,4.908151086707414,False,NORMAL,OBSERVED
2026-05-07,SUEZ,18.0,46.0,17.0,4.91730558130103,False,NORMAL,OBSERVED
2026-05-08,SUEZ,22.0,46.0,17.0,5.007269847207298,False,NORMAL,OBSERVED
2026-05-09,SUEZ,19.0,44.0,17.0,4.681382692682153,False,NORMAL,OBSERVED
2026-05-10,SUEZ,15.0,30.0,16.0,4.68533680244879,False,NORMAL,OBSERVED
2026-05-11,SUEZ,20.0,47.0,16.0,4.711098008367532,False,NORMAL,OBSERVED
2026-05-12,SUEZ,19.0,41.0,17.5,4.662696724079405,False,NORMAL,OBSERVED
2026-05-13,SUEZ,16.0,32.0,16.5,4.355104042032901,False,NORMAL,OBSERVED
2026-05-14,SUEZ,19.0,37.0,17.5,4.307001805231178,False,NORMAL,OBSERVED
2026-05-15,SUEZ,16.0,42.0,17.5,4.220133150686584,False,NORMAL,OBSERVED
2026-05-16,SUEZ,16.0,42.0,17.5,4.079079416840146,False,NORMAL,OBSERVED
2026-05-17,SUEZ,8.0,32.0,16.5,4.3913997238228735,False,NORMAL,OBSERVED
2026-05-18,SUEZ,18.0,38.0,17.0,4.400577162723026,False,NORMAL,OBSERVED
2026-05-19,SUEZ,20.0,43.0,17.0,4.400577162723026,False,NORMAL,OBSERVED
2026-05-20,SUEZ,12.0,41.0,16.0,4.140872540519148,False,NORMAL,OBSERVED
2026-05-21,SUEZ,14.0,36.0,16.0,4.137037510716997,False,NORMAL,OBSERVED
2026-05-22,SUEZ,23.0,42.0,16.0,4.349025311954538,False,NORMAL,OBSERVED
2026-05-23,SUEZ,18.0,49.0,17.0,4.357684934620455,False,NORMAL,OBSERVED
2026-05-24,SUEZ,12.0,36.0,17.0,4.357684934620455,False,NORMAL,OBSERVED
2026-05-25,SUEZ,22.0,49.0,18.0,4.366024428718806,False,NORMAL,OBSERVED
2026-05-26,SUEZ,12.0,37.0,17.0,4.441715431996522,False,NORMAL,OBSERVED
2026-05-27,SUEZ,12.0,29.0,16.0,4.505581488583315,False,NORMAL,OBSERVED
2026-05-28,SUEZ,17.0,45.0,16.0,4.307462455348034,False,NORMAL,OBSERVED
2026-05-29,SUEZ,14.0,43.0,16.0,4.255559699944117,False,NORMAL,OBSERVED
2026-05-30,SUEZ,23.0,44.0,16.5,3.7501322727994695,False,NORMAL,OBSERVED
2026-05-31,SUEZ,11.0,31.0,16.5,3.8913824205360754,False,NORMAL,OBSERVED
2026-06-01,SUEZ,18.0,43.0,17.5,3.8878116421811666,False,NORMAL,OBSERVED
2026-06-02,SUEZ,19.0,45.0,18.0,3.8750320019159914,False,NORMAL,OBSERVED
2026-06-03,SUEZ,8.0,25.0,17.5,4.194194778651787,True,TRAFFIC_DROP,OBSERVED
2026-06-04,SUEZ,13.0,46.0,16.5,4.232652113668686,False,NORMAL,OBSERVED
2026-06-05,SUEZ,17.0,43.0,16.5,4.085559807639466,False,NORMAL,OBSERVED
2026-06-06,SUEZ,15.0,43.0,16.0,4.0504425259574734,False,NORMAL,OBSERVED
2026-06-07,SUEZ,16.0,43.0,16.0,4.04603143467404,False,NORMAL,OBSERVED
2026-06-08,SUEZ,16.0,49.0,16.0,3.969460134150974,False,NORMAL,OBSERVED
2026-06-09,SUEZ,17.0,46.0,16.0,3.928595478521879,False,NORMAL,OBSERVED
2026-06-10,SUEZ,11.0,39.0,16.0,4.030800726574637,False,NORMAL,OBSERVED
2026-06-11,SUEZ,14.0,36.0,16.0,3.985423174971263,False,NORMAL,OBSERVED
2026-06-12,SUEZ,16.0,29.0,16.0,3.985423174971263,False,NORMAL,OBSERVED
2026-06-13,SUEZ,10.0,40.0,15.5,4.112826754841987,False,NORMAL,OBSERVED
2026-06-14,SUEZ,13.0,40.0,15.5,3.890532532474639,False,NORMAL,OBSERVED
2026-06-15,SUEZ,16.0,39.0,15.5,3.859126474068619,False,NORMAL,OBSERVED
2026-06-16,SUEZ,12.0,21.0,14.5,3.7955348313623496,False,NORMAL,OBSERVED
2026-06-17,SUEZ,11.0,30.0,14.5,3.829708431025374,False,NORMAL,OBSERVED
2026-06-18,SUEZ,21.0,38.0,15.5,3.9872481924440444,False,NORMAL,OBSERVED
2026-06-19,SUEZ,15.0,47.0,15.0,3.6866339445719327,False,NORMAL,OBSERVED
2026-06-20,SUEZ,19.0,41.0,15.0,3.7218076054320726,False,NORMAL,OBSERVED
2026-06-21,SUEZ,20.0,48.0,15.5,3.789431139338529,False,NORMAL,OBSERVED
2026-06-22,SUEZ,18.0,40.0,15.5,3.5974711870700364,False,NORMAL,OBSERVED
2026-06-23,SUEZ,17.0,48.0,16.0,3.559583531908623,False,NORMAL,OBSERVED
2026-06-24,SUEZ,13.0,37.0,16.0,3.5299174863327334,False,NORMAL,OBSERVED
2026-06-25,SUEZ,21.0,50.0,16.0,3.676753801727639,False,NORMAL,OBSERVED
2026-06-26,SUEZ,17.0,39.0,16.0,3.6751345222472986,False,NORMAL,OBSERVED
2026-06-27,SUEZ,16.0,39.0,16.0,3.379834378084311,False,NORMAL,OBSERVED
2026-06-28,SUEZ,18.0,44.0,16.0,3.3036375654755603,False,NORMAL,OBSERVED
2026-06-29,SUEZ,11.0,34.0,16.0,3.379834378084311,False,NORMAL,OBSERVED
2026-06-30,SUEZ,18.0,47.0,16.0,3.34501919862257,False,NORMAL,OBSERVED
2026-07-01,SUEZ,14.0,34.0,16.0,3.0365933990081055,False,NORMAL,OBSERVED
2026-07-02,SUEZ,14.0,44.0,16.0,3.0114420248085794,False,NORMAL,OBSERVED
2026-07-03,SUEZ,15.0,49.0,16.0,3.0000000000000218,False,NORMAL,OBSERVED
2026-07-04,SUEZ,20.0,41.0,16.0,3.115713715615104,False,NORMAL,OBSERVED
2026-07-05,SUEZ,20.0,46.0,16.0,3.220922014631639,False,NORMAL,OBSERVED
2026-07-06,SUEZ,10.0,36.0,16.0,3.403040968117774,False,NORMAL,OBSERVED
2026-07-07,SUEZ,15.0,40.0,15.5,3.3936994220460797,False,NORMAL,OBSERVED
2026-07-08,SUEZ,15.0,44.0,15.5,3.277912292101348,False,NORMAL,OBSERVED
2026-07-09,SUEZ,16.0,37.0,16.0,3.261730965130172,False,NORMAL,OBSERVED
2026-07-10,SUEZ,20.0,44.0,16.0,3.359224841297712,False,NORMAL,OBSERVED
2026-07-11,SUEZ,19.0,48.0,16.0,3.2013555330011902,False,NORMAL,OBSERVED
2026-07-12,SUEZ,10.0,39.0,16.0,3.35922484129771,False,NORMAL,OBSERVED
2026-07-13,SUEZ,20.0,43.0,16.5,3.4386151389875192,False,NORMAL,OBSERVED
2026-07-14,SUEZ,10.0,34.0,16.5,3.549163400938443,False,NORMAL,OBSERVED
2026-07-15,SUEZ,21.0,42.0,17.0,3.5116962542353587,False,NORMAL,OBSERVED
2026-07-16,SUEZ,15.0,39.0,16.5,3.4108060460245997,False,NORMAL,OBSERVED
2026-07-17,SUEZ,18.0,44.0,17.0,3.414875643618042,False,NORMAL,OBSERVED
2026-07-18,SUEZ,15.0,46.0,16.5,3.386871634842329,False,NORMAL,OBSERVED
2026-07-19,SUEZ,21.0,43.0,16.5,3.4324548113188778,False,NORMAL,OBSERVED
2026-07-20,SUEZ,15.0,36.0,16.0,3.4249319307336337,False,NORMAL,OBSERVED
2026-07-21,SUEZ,14.0,40.0,15.5,3.4463000633990393,False,NORMAL,OBSERVED
2026-07-22,SUEZ,14.0,44.0,15.5,3.417973037128844,False,NORMAL,OBSERVED
2026-07-23,SUEZ,17.0,46.0,15.5,3.2885885748775134,False,NORMAL,OBSERVED
2026-07-24,SUEZ,16.0,46.0,15.5,3.2827511368446936,False,NORMAL,OBSERVED
2026-07-25,SUEZ,17.0,37.0,15.5,3.2885885748775134,False,NORMAL,OBSERVED
2026-07-26,SUEZ,15.0,37.0,15.0,3.2698316381427115,False,NORMAL,OBSERVED
2026-07-27,SUEZ,12.0,51.0,15.0,3.219484332168658,False,NORMAL,OBSERVED
2026-07-28,SUEZ,13.0,43.0,15.0,3.238941299366331,False,NORMAL,OBSERVED
2026-07-29,SUEZ,17.0,39.0,15.0,3.228510558025253,False,NORMAL,OBSERVED
2026-07-30,SUEZ,18.0,47.0,15.5,3.2317865716109013,False,NORMAL,OBSERVED
2026-07-31,SUEZ,11.0,37.0,15.5,3.3633568517434216,False,NORMAL,OBSERVED
2026-08-01,SUEZ,15.0,42.0,15.0,3.266593779556166,False,NORMAL,OBSERVED
2026-08-02,SUEZ,16.0,31.0,15.0,3.156206617387452,False,NORMAL,OBSERVED
2026-08-03,SUEZ,17.0,44.0,15.5,2.9734272887141455,False,NORMAL,OBSERVED
2026-08-04,SUEZ,9.0,35.0,15.5,3.2366943748507677,True,TRAFFIC_DROP,OBSERVED
2026-08-05,SUEZ,22.0,43.0,16.0,3.4539678892390255,False,NORMAL,OBSERVED
2026-08-06,SUEZ,16.0,39.0,16.0,3.4539678892390255,False,NORMAL,OBSERVED
2026-08-07,SUEZ,14.0,43.0,15.5,3.370232278117598,False,NORMAL,OBSERVED
2026-08-08,SUEZ,14.0,34.0,15.0,3.3158270453552205,False,NORMAL,OBSERVED
2026-08-09,SUEZ,16.0,48.0,15.5,3.141293502321136,False,NORMAL,OBSERVED
2026-08-10,SUEZ,13.0,42.0,15.0,3.0591609320965363,False,NORMAL,OBSERVED
2026-08-11,SUEZ,22.0,57.0,15.5,3.1157137156151022,True,CONGESTION,OBSERVED
2026-08-12,SUEZ,15.0,28.0,15.0,2.9481857034113483,False,NORMAL,OBSERVED
2026-08-13,SUEZ,16.0,40.0,15.5,2.9466149532200174,False,NORMAL,OBSERVED
2026-08-14,SUEZ,17.0,39.0,15.5,2.922952410432116,False,NORMAL,OBSERVED
2026-08-15,SUEZ,17.0,39.0,16.0,2.9319892302941644,False,NORMAL,OBSERVED
2026-08-16,SUEZ,18.0,41.0,16.0,2.7812676490136403,False,NORMAL,OBSERVED
