link_id,event_id,event_date,source,event_type,corridor_id,text_reference,source_url
5a4215a3dacc3c51,2798ba44ac18b3aea2351011eb92dd71932b8e32dcda7aebb79ab639adb67036,2026-07-30,GDELT,UNKNOWN,SUEZ,Analysis - Drone strike in Egypt sparks security concerns about Suez oil exports,https://www.hindustantimes.com/world-news/us-news/analysisdrone-strike-in-egypt-sparks-security-concerns-about-suez-oil-exports-101785442159776.html
0ce5f96bc70baa08,a655f5246311890bffc56d28f3dc1ccac3c91d03f092dd5dfb5895ce8a3dfaeb,2026-07-30,GDELT,UNKNOWN,SUEZ,Security Concerns About Suez Oil Rise After Tanker,https://www.marinelink.com/news/security-concerns-suez-oil-rise-tanker-541670
51a20a1bc5f0fe52,7658ab592a34e5cfce0f608f541e8fe8d950413a6dbfee90e9fa4e15890339d2,2026-07-23,GDELT,UNKNOWN,BAB_EL_MANDEB,"The Bab el - Mandeb Strait , the second oil chokepoint strained by Iran war",https://www.washingtonexaminer.com/policy/energy-and-environment/4660567/bab-el-mandeb-strait-oil-chokepoint-iran-war/
1c89f9a1ed470ee2,02bd221855d1b7b8417efcff98d708a53d038d21f9ffdb37c2c6f618ca08f815,2026-08-09,GDELT,UNKNOWN,HORMUZ,Houthis attack Saudi refinery as Hormuz stays shut,https://www.riotimesonline.com/houthis-attack-saudi-refinery-hormuz-shut-2026/
331f4767f23fea41,9b97293618c7c6ed39242276e94abea72c0c312342e5a6853327f92cf89f61ff,2026-08-21,OFAC_SDN,sanctions,HORMUZ,"Sanctioned Entity: NPC INTERNATIONAL (Type: -0- , Program: IRAN] [NPWMD] [IFSR) - Website www.nipc.net; Additional Sanctions Information - Subject to Secondary Sanctions; Registration Number 02696754 (United Kingdom); all offices worldwide; Linked To: PERSIAN GULF PETROCHEMICAL INDUSTRY CO.",https://sanctionslistservice.ofac.treas.gov/
4954d6e715fc2001,80f9cc1f6e363b664857acf3c9a731f214b026ffa87979099625c25aa76cc39d,2026-08-21,OFAC_SDN,sanctions,HORMUZ,"Sanctioned Entity: BANDAR IMAM PETROCHEMICAL COMPANY (Type: -0- , Program: IRAN] [NPWMD] [IFSR) - Additional Sanctions Information - Subject to Secondary Sanctions; National ID No. 6301 (Iran); a.k.a. 'BIPC'; Linked To: PERSIAN GULF PETROCHEMICAL INDUSTRY CO.",https://sanctionslistservice.ofac.treas.gov/
95fde5e83188e263,9647280bfd232424999782e969a6b31ded995db05beb9dafeb0bbaa5ca1ea9e7,2026-08-21,OFAC_SDN,sanctions,HORMUZ,"Sanctioned Entity: BU ALI SINA PETROCHEMICAL COMPANY (Type: -0- , Program: IRAN] [NPWMD] [IFSR) - Additional Sanctions Information - Subject to Secondary Sanctions; Linked To: PERSIAN GULF PETROCHEMICAL INDUSTRY CO.",https://sanctionslistservice.ofac.treas.gov/
6e7a944b7293a572,c685a09effbb28a43a24749e683385f47466be1ebc9c3e89033bd965b33b24b7,2026-08-21,OFAC_SDN,sanctions,HORMUZ,"Sanctioned Entity: MOBIN PETROCHEMICAL COMPANY (Type: -0- , Program: IRAN] [NPWMD] [IFSR) - Website www.mobinpc.net; Additional Sanctions Information - Subject to Secondary Sanctions; Registration ID 837 (Iran); a.k.a. 'MPC'; Linked To: PERSIAN GULF PETROCHEMICAL INDUSTRY CO.",https://sanctionslistservice.ofac.treas.gov/
d89f0679d44ea64a,934715dd99ab4a9831fe55941f25f2760ac679c8d44efb9160ff0e4022f6bd70,2026-08-21,OFAC_SDN,sanctions,HORMUZ,"Sanctioned Entity: NOURI PETROCHEMICAL COMPANY (Type: -0- , Program: IRAN] [NPWMD] [IFSR) - Website www.bpciran.com; Additional Sanctions Information - Subject to Secondary Sanctions; National ID No. 941 (Iran); Linked To: PERSIAN GULF PETROCHEMICAL INDUSTRY CO.",https://sanctionslistservice.ofac.treas.gov/
132a7b489446df67,82e0e95187985e91cfa4a41ffd54fd0f3314bbd4e9b5bad643c1fbe0fe5552de,2026-08-21,OFAC_SDN,sanctions,HORMUZ,"Sanctioned Entity: PARS PETROCHEMICAL COMPANY (Type: -0- , Program: IRAN] [NPWMD] [IFSR) - Website www.parspc.net; Additional Sanctions Information - Subject to Secondary Sanctions; a.k.a. 'P.P.C.'; Linked To: PERSIAN GULF PETROCHEMICAL INDUSTRY CO.",https://sanctionslistservice.ofac.treas.gov/
93efe9b47bc16387,4d471b0ba294b5e6904308447a6bcf4bdeb16a77ce9e8a8a76cd010f2211c3d2,2026-08-21,OFAC_SDN,sanctions,HORMUZ,"Sanctioned Entity: SHAHID TONDGOYAN PETROCHEMICAL COMPANY (Type: -0- , Program: IRAN] [NPWMD] [IFSR) - Website www.stpc.ir; Additional Sanctions Information - Subject to Secondary Sanctions; a.k.a. 'STPC'; Linked To: PERSIAN GULF PETROCHEMICAL INDUSTRY CO.",https://sanctionslistservice.ofac.treas.gov/
5ebdbc9c27f4a4ea,d826e763ebc4d5749787622e439bd6080aafea0d872222c9a0466968bb06a4b9,2026-08-21,OFAC_SDN,sanctions,SUEZ,"Sanctioned Entity: MAHAMED, Mostafa (Type: individual, Program: SDGT) - DOB 14 Feb 1984; POB Port Said, Egypt; nationality Australia; alt. nationality Egypt; Secondary sanctions risk: section 1(b) of Executive Order 13224, as amended by Executive Order 13886; Passport M1898709 (Australia) expires 11 Oct 2012; Driver's License No. 13652517 (Australia) expires 19 Apr 2014; a.k.a. 'AL-MASRI, Abu Sulayman'; a.k.a. 'AL MUHAJIR, Abu Sulayman'; a.k.a. 'AL AUSTRALI, Abu Sulayman'; a.k.a. 'AL USTRALI, Abu Sulayman'; Linked To: AL-NUSRAH FRONT.",https://sanctionslistservice.ofac.treas.gov/
d67cf239ab926965,a06ac8fe4e53082d1c43dfcdbe31b4b54b7a213780b3e243d88d4ef90f19ce5b,2026-08-21,OFAC_SDN,sanctions,HORMUZ,"Sanctioned Entity: BANDAR ABBAS ZINC PRODUCTION COMPANY (Type: -0- , Program: SDGT] [IFSR) - Website www.bzpc.ir; Additional Sanctions Information - Subject to Secondary Sanctions; Secondary sanctions risk: section 1(b) of Executive Order 13224, as amended by Executive Order 13886; National ID No. 1080000606618 (Iran); Registration Number 3249 (Iran); Linked To: CALCIMIN.",https://sanctionslistservice.ofac.treas.gov/
65b4b0696b99985b,f612a529e93065d6627888f622734b8c3d26da8caa22e1ac4240aee20b7762a9,2026-08-21,OFAC_SDN,sanctions,HORMUZ,"Sanctioned Entity: IRAN HORMUZ 25 (Type: vessel, Program: IRAN] [NPWMD] [IFSR) - Additional Sanctions Information - Subject to Secondary Sanctions; Other Vessel Type General Cargo; Vessel Registration Identification IMO 8422072; Linked To: ISLAMIC REPUBLIC OF IRAN SHIPPING LINES.",https://sanctionslistservice.ofac.treas.gov/
c1603c536ae5f4d0,99159d2e61ea6adc665161eee5cf0c19806bd536fd44e95af43850793896b0a4,2026-08-21,OFAC_SDN,sanctions,HORMUZ,"Sanctioned Entity: HORMUZ 2 (Type: vessel, Program: IRAN] [NPWMD] [IFSR) - Additional Sanctions Information - Subject to Secondary Sanctions; Vessel Registration Identification IMO 7904580; Linked To: ISLAMIC REPUBLIC OF IRAN SHIPPING LINES.",https://sanctionslistservice.ofac.treas.gov/
05be38d160533867,4c9c9a681b9012bc0c24d60ece2d4a0eabfc0abee88b9b5842c153d7717c4950,2026-08-21,OFAC_SDN,sanctions,HORMUZ,"Sanctioned Entity: IRAN HORMUZ 12 (Type: vessel, Program: IRAN] [NPWMD] [IFSR) - Additional Sanctions Information - Subject to Secondary Sanctions; Other Vessel Type Roll-on Roll-off; Vessel Registration Identification IMO 9005596; Linked To: ISLAMIC REPUBLIC OF IRAN SHIPPING LINES.",https://sanctionslistservice.ofac.treas.gov/
b387684be0397496,6fff29b6846d38e4a616c2aef44460b339e72364f6ab89caeeb383d46c44538d,2026-08-21,OFAC_SDN,sanctions,HORMUZ,"Sanctioned Entity: IRAN HORMUZ 14 (Type: vessel, Program: IRAN] [NPWMD] [IFSR) - Additional Sanctions Information - Subject to Secondary Sanctions; Other Vessel Type Roll-on Roll-off; Vessel Registration Identification IMO 9020778; Linked To: ISLAMIC REPUBLIC OF IRAN SHIPPING LINES.",https://sanctionslistservice.ofac.treas.gov/
5af6ee52e1d390ff,12fdc8d311ce4b344c88a5876aaf5873fe87a5233e2738d3d37447265cf8b42d,2026-08-21,OFAC_SDN,sanctions,HORMUZ,"Sanctioned Entity: IRAN HORMUZ 22 (Type: vessel, Program: IRAN] [NPWMD] [IFSR) - Additional Sanctions Information - Subject to Secondary Sanctions; Other Vessel Type Landing Craft; Vessel Registration Identification IMO 8314275; Linked To: ISLAMIC REPUBLIC OF IRAN SHIPPING LINES.",https://sanctionslistservice.ofac.treas.gov/
17f7c61787f1264d,5ee001fbae44152bcc811423759eaa0c92a4c40bee085d5232276fe524f747b7,2026-08-21,OFAC_SDN,sanctions,HORMUZ,"Sanctioned Entity: PERSIAN GULF SHIPPING LINES LTD (Type: -0- , Program: IRAN) - Additional Sanctions Information - Subject to Secondary Sanctions; Trade License No. C334268 (Cyprus); a.k.a. 'PGSL'.",https://sanctionslistservice.ofac.treas.gov/
21d41fa5d545ffd7,9494128eb31435b414ece31e04c9f36f9a58908e5eac63dfb7e4afbd39551b3d,2026-08-21,OFAC_SDN,sanctions,HORMUZ,"Sanctioned Entity: PERSIAN GULF SABZ KARAFARINAN (Type: -0- , Program: SDGT] [IFSR) - Website www.persiangulffvc.com; Additional Sanctions Information - Subject to Secondary Sanctions; Secondary sanctions risk: section 1(b) of Executive Order 13224, as amended by Executive Order 13886; Linked To: TOSE-E MELLI GROUP INVESTMENT COMPANY.",https://sanctionslistservice.ofac.treas.gov/
3c106d3b13466266,e79e2c2f9dc1a43b8dc7c22d0f69b7c8a92574186112e327e023b8af0acc7ab0,2026-08-21,OFAC_SDN,sanctions,HORMUZ,"Sanctioned Entity: PERSIAN GULF PETROCHEMICAL INDUSTRY CO. (Type: -0- , Program: NPWMD] [IFSR) - Website www.pgpic.ir; Additional Sanctions Information - Subject to Secondary Sanctions; Business Registration Number 89243 (Iran); Linked To: KHATAM OL ANBIA GHARARGAH SAZANDEGI NOOH.",https://sanctionslistservice.ofac.treas.gov/
84ca06b72f78226d,b699e2454e5e6782eeb56875163068868d0efcf3d3c0627cc28a0643e7c07edd,2026-08-21,OFAC_SDN,sanctions,HORMUZ,"Sanctioned Entity: ARVAND PETROCHEMICAL COMPANY (Type: -0- , Program: NPWMD] [IFSR) - Website www.arvandpvc.ir; Additional Sanctions Information - Subject to Secondary Sanctions; Business Registration Number 6494 (Iran); Linked To: PERSIAN GULF PETROCHEMICAL INDUSTRY CO.",https://sanctionslistservice.ofac.treas.gov/
41cd108a50ad2c41,74bc8c5f3f25d23cf590f5d40c6a097b677279e8b7009149fe1052cc9e93c695,2026-08-21,OFAC_SDN,sanctions,HORMUZ,"Sanctioned Entity: BANDAR IMAM ABNIROO PETROCHEMICAL COMPANY (Type: -0- , Program: NPWMD] [IFSR) - Additional Sanctions Information - Subject to Secondary Sanctions; Linked To: PERSIAN GULF PETROCHEMICAL INDUSTRY CO.",https://sanctionslistservice.ofac.treas.gov/
33d3cf86700842fc,13c642f320fa72b8e28fa847ab605d3a1e0a57758e9db8e52a3456f00308e545,2026-08-21,OFAC_SDN,sanctions,HORMUZ,"Sanctioned Entity: BANDAR IMAM BESPARAN PETROCHEMICAL COMPANY (Type: -0- , Program: NPWMD] [IFSR) - Additional Sanctions Information - Subject to Secondary Sanctions; Linked To: PERSIAN GULF PETROCHEMICAL INDUSTRY CO.",https://sanctionslistservice.ofac.treas.gov/
9a1b983458777e5f,ebca5d18609a2aed5eb3163f5d7c0b1be14cd54f61f09a318d32c4a05afe9aed,2026-08-21,OFAC_SDN,sanctions,HORMUZ,"Sanctioned Entity: KHOUZESTAN PETROCHEMICAL COMPANY (Type: -0- , Program: NPWMD] [IFSR) - Additional Sanctions Information - Subject to Secondary Sanctions; Linked To: PERSIAN GULF PETROCHEMICAL INDUSTRY CO.",https://sanctionslistservice.ofac.treas.gov/
0580f4a1f076a05c,294a410161266eafbe8603e1cba2168b96c2fac47141731dcdc9a608ff3f49d0,2026-08-21,OFAC_SDN,sanctions,HORMUZ,"Sanctioned Entity: BANDAR IMAM FARAVARESH PETROCHEMICAL COMPANY (Type: -0- , Program: NPWMD] [IFSR) - Additional Sanctions Information - Subject to Secondary Sanctions; Linked To: PERSIAN GULF PETROCHEMICAL INDUSTRY CO.",https://sanctionslistservice.ofac.treas.gov/
1dfadd27fd15d14f,d0f4ab03b5048e757ccb65687e25dcbfd48a12686c962178e9dca8bd723660e1,2026-08-21,OFAC_SDN,sanctions,HORMUZ,"Sanctioned Entity: LORDEGAN UREA FERTILIZER COMPANY (Type: -0- , Program: NPWMD] [IFSR) - Website www.lordegan.co; Additional Sanctions Information - Subject to Secondary Sanctions; Registration ID 7603 (Iran); Linked To: PERSIAN GULF PETROCHEMICAL INDUSTRY CO.",https://sanctionslistservice.ofac.treas.gov/
8d1cb46a5e35edf1,c961dde3b5a56798c5ce764eab38ea38e9d56eac8bf94c28e61d46a45014d797,2026-08-21,OFAC_SDN,sanctions,HORMUZ,"Sanctioned Entity: BANDAR IMAM KHARAZMI PETROCHEMICAL COMPANY (Type: -0- , Program: NPWMD] [IFSR) - Additional Sanctions Information - Subject to Secondary Sanctions; Linked To: PERSIAN GULF PETROCHEMICAL INDUSTRY CO.",https://sanctionslistservice.ofac.treas.gov/
ed9df0ced9750059,851f105119610e6fe2f3274bd1c15fe6bac88d481ecdd7d85e527dc1619c84ed,2026-08-21,OFAC_SDN,sanctions,HORMUZ,"Sanctioned Entity: BANDAR IMAM KIMIYA PETROCHEMICAL COMPANY (Type: -0- , Program: NPWMD] [IFSR) - Additional Sanctions Information - Subject to Secondary Sanctions; Linked To: PERSIAN GULF PETROCHEMICAL INDUSTRY CO.",https://sanctionslistservice.ofac.treas.gov/
f51f371237dcd894,d0f642f8956bc25dcb20882b6b2b0ebe9c6d804ee476a9d77d6329202e578354,2026-08-21,OFAC_SDN,sanctions,HORMUZ,"Sanctioned Entity: MODABBERAN EQTESAD COMPANY (Type: -0- , Program: NPWMD] [IFSR) - Additional Sanctions Information - Subject to Secondary Sanctions; Linked To: PERSIAN GULF PETROCHEMICAL INDUSTRY CO.",https://sanctionslistservice.ofac.treas.gov/
49c9d7cdac3b9151,43133cefa2afe2f2c4f7e7952e984a00ef819b36f4f491279b1bb4f77f02577c,2026-08-21,OFAC_SDN,sanctions,HORMUZ,"Sanctioned Entity: FAJR PETROCHEMICAL COMPANY (Type: -0- , Program: NPWMD] [IFSR) - Additional Sanctions Information - Subject to Secondary Sanctions; Linked To: PERSIAN GULF PETROCHEMICAL INDUSTRY CO.",https://sanctionslistservice.ofac.treas.gov/
0e1eaa2337e4422f,c0ce0e616f24259789b56b11fd62e12e8c093a6fd04b7fec5754ff733083c722,2026-08-21,OFAC_SDN,sanctions,HORMUZ,"Sanctioned Entity: HENGAM PETROCHEMICAL COMPANY (Type: -0- , Program: NPWMD] [IFSR) - Additional Sanctions Information - Subject to Secondary Sanctions; Registration Number 1924 (Iran); Linked To: PERSIAN GULF PETROCHEMICAL INDUSTRY CO.",https://sanctionslistservice.ofac.treas.gov/
0395b351bee98fd4,d0445213c3981104e910cc6ce4582e4c3aa845aa4b338ce97ac42d2aafe155ea,2026-08-21,OFAC_SDN,sanctions,HORMUZ,"Sanctioned Entity: HORMOZ UREA FERTILIZER COMPANY (Type: -0- , Program: NPWMD] [IFSR) - Website www.hormoz-fc.com; Additional Sanctions Information - Subject to Secondary Sanctions; Linked To: PERSIAN GULF PETROCHEMICAL INDUSTRY CO.",https://sanctionslistservice.ofac.treas.gov/
9f2136e05bf579bf,e38b6903a7c6945d14865dd75a19744f72f6eb85c994865184958df0e614c417,2026-08-21,OFAC_SDN,sanctions,HORMUZ,"Sanctioned Entity: NPC ALLIANCE CORPORATION (Type: -0- , Program: NPWMD] [IFSR) - Website www.pnoc-afc.com.ph; alt. Website www.npcac.com.ph; Additional Sanctions Information - Subject to Secondary Sanctions; Linked To: PERSIAN GULF PETROCHEMICAL INDUSTRY CO.",https://sanctionslistservice.ofac.treas.gov/
8e0be2161380058c,1aab43800b54c64eb6d1843f82e77cf7af66c5f3b51bbc7e5d2bdc41cb6c601b,2026-08-21,OFAC_SDN,sanctions,HORMUZ,"Sanctioned Entity: IRANIAN INVESTMENT PETROCHEMICAL GROUP COMPANY (Type: -0- , Program: NPWMD] [IFSR) - Additional Sanctions Information - Subject to Secondary Sanctions; Linked To: PERSIAN GULF PETROCHEMICAL INDUSTRY CO.",https://sanctionslistservice.ofac.treas.gov/
0371f6a047f1bf40,b613dfa3347cfa86302cea5b93424bcf1272e7e0a44c3184421d032eccd93b47,2026-08-21,OFAC_SDN,sanctions,HORMUZ,"Sanctioned Entity: IRANIAN PETROCHEMICAL INVESTMENT DEVELOPMENT MANAGEMENT COMPANY (Type: -0- , Program: NPWMD] [IFSR) - Additional Sanctions Information - Subject to Secondary Sanctions; Linked To: PERSIAN GULF PETROCHEMICAL INDUSTRY CO.",https://sanctionslistservice.ofac.treas.gov/
6005164f3d2d1950,8ce9aba27d065d46532e576e7088f5534fd19526696f6e16ed7d59095a6b682d,2026-08-21,OFAC_SDN,sanctions,HORMUZ,"Sanctioned Entity: KAROUN PETROCHEMICAL COMPANY (Type: -0- , Program: NPWMD] [IFSR) - Website www.krnpc.com; Additional Sanctions Information - Subject to Secondary Sanctions; Registration Number 9645 (Iran); Linked To: PERSIAN GULF PETROCHEMICAL INDUSTRY CO.",https://sanctionslistservice.ofac.treas.gov/
bbe66117f21c2712,4056db88dfd3a2726bc6e7937154ec175ac9f5c24a882443d02b106709794b3a,2026-08-21,OFAC_SDN,sanctions,HORMUZ,"Sanctioned Entity: PAZARGAD NON INDUSTRIAL OPERATION COMPANY (Type: -0- , Program: NPWMD] [IFSR) - Website www.pazargad.org; Additional Sanctions Information - Subject to Secondary Sanctions; Linked To: PERSIAN GULF PETROCHEMICAL INDUSTRY CO.",https://sanctionslistservice.ofac.treas.gov/
2116ea63826b98bd,d4ca76aae5df544845c07f191466f6d65a01b7405e80a42801618345cd434b12,2026-08-21,OFAC_SDN,sanctions,HORMUZ,"Sanctioned Entity: PERSIAN GULF APADANA PETROCHEMICAL COMPANY (Type: -0- , Program: NPWMD] [IFSR) - Website http://pgapco.ir; Additional Sanctions Information - Subject to Secondary Sanctions; Linked To: PERSIAN GULF PETROCHEMICAL INDUSTRY CO.",https://sanctionslistservice.ofac.treas.gov/
a73b13ef77d1521e,443290194dbf939271f7deab55ce92d5e778ab659fe6e3fbd83cce350fd87f8e,2026-08-21,OFAC_SDN,sanctions,HORMUZ,"Sanctioned Entity: PERSIAN GULF BID BOLAND GAS REFINERY COMPANY (Type: -0- , Program: NPWMD] [IFSR) - Website www.pgbidboland.ir; Additional Sanctions Information - Subject to Secondary Sanctions; Registration Number 389019 (Iran); Linked To: PERSIAN GULF PETROCHEMICAL INDUSTRY CO.",https://sanctionslistservice.ofac.treas.gov/
e7ef7469a09cb895,e46907717894a7791e39f7d5d0954124d8697da1f6f5d39fce6fd9c79647f3af,2026-08-21,OFAC_SDN,sanctions,HORMUZ,"Sanctioned Entity: PERSIAN GULF PETROCHEMICAL INDUSTRY COMMERCIAL CO. (Type: -0- , Program: NPWMD] [IFSR) - Website www.pgpicc.com; Additional Sanctions Information - Subject to Secondary Sanctions; Registration Number 476760 (Iran); Linked To: PERSIAN GULF PETROCHEMICAL INDUSTRY CO.",https://sanctionslistservice.ofac.treas.gov/
697cb690cebb817d,5a26b6c694f2c6e084feeeb195ee28562d92ab0e838033605ce5f409a2314440,2026-08-21,OFAC_SDN,sanctions,HORMUZ,"Sanctioned Entity: PERSIAN GULF FAJR YADAVARAN GAS REFINERY COMPANY (Type: -0- , Program: NPWMD] [IFSR) - Additional Sanctions Information - Subject to Secondary Sanctions; Linked To: PERSIAN GULF PETROCHEMICAL INDUSTRY CO.",https://sanctionslistservice.ofac.treas.gov/
0f639109889af57b,4aa9597b1a69f6c8aa12c94b1d80a8e9b9d1bd0855246fbd575b2b19d9fe2d6e,2026-08-21,OFAC_SDN,sanctions,HORMUZ,"Sanctioned Entity: PETROCHEMICAL INDUSTRIES DEVELOPMENT MANAGEMENT COMPANY (Type: -0- , Program: NPWMD] [IFSR) - Website www.pidmco.ir; Additional Sanctions Information - Subject to Secondary Sanctions; Registration ID 89247 (Iran); Linked To: PERSIAN GULF PETROCHEMICAL INDUSTRY CO.",https://sanctionslistservice.ofac.treas.gov/
bd02dc9a816ddb08,13aefaf8eb3a1ed09615997b52220b83a5aaee8cb412d44078aa9499a8a1d99e,2026-08-21,OFAC_SDN,sanctions,HORMUZ,"Sanctioned Entity: RAHAVARAN FONOON PETROCHEMICAL COMPANY (Type: -0- , Program: NPWMD] [IFSR) - Website www.rfpc.ir; Additional Sanctions Information - Subject to Secondary Sanctions; a.k.a. 'RFPC'; Linked To: PERSIAN GULF PETROCHEMICAL INDUSTRY CO.",https://sanctionslistservice.ofac.treas.gov/
789aa21d0f5049bb,d1ec089d892835bffe9e7f99ae4d292b9bc52a276d9c3485091efd480cf09662,2026-08-21,OFAC_SDN,sanctions,HORMUZ,"Sanctioned Entity: URMIA PETROCHEMICAL COMPANY (Type: -0- , Program: NPWMD] [IFSR) - Website www.urpcc.ir; Additional Sanctions Information - Subject to Secondary Sanctions; a.k.a. 'UPC'; Linked To: PERSIAN GULF PETROCHEMICAL INDUSTRY CO.",https://sanctionslistservice.ofac.treas.gov/
d35f80cde262b4d2,f28c8b7ab6ac18abc6de58e344ebc87a796cf8119827b020691afbdabc073a49,2026-08-21,OFAC_SDN,sanctions,HORMUZ,"Sanctioned Entity: HEMMAT PETROCHEMICAL COMPANY (Type: -0- , Program: NPWMD] [IFSR) - Additional Sanctions Information - Subject to Secondary Sanctions; Linked To: PERSIAN GULF PETROCHEMICAL INDUSTRY CO.",https://sanctionslistservice.ofac.treas.gov/
68dc4b6c698c2b5c,eed54f7e5c5c446d1d03934197ebdf4c89a6f6ce50f3bbf6fe7450e9ce8c0b41,2026-08-21,OFAC_SDN,sanctions,HORMUZ,"Sanctioned Entity: NAGHMEH FZE (Type: -0- , Program: NPWMD) - Linked To: PERSIAN GULF PETROCHEMICAL INDUSTRY COMMERCIAL CO.",https://sanctionslistservice.ofac.treas.gov/
1d5d3ce994cd4d21,a102820a6298cea640ab621229db3ee5e6821594ae5d4c3154c80d1233d505c1,2026-08-21,OFAC_SDN,sanctions,HORMUZ,"Sanctioned Entity: PETROCHEMICAL NON-INDUSTRIAL OPERATIONS & SERVICES CO. (Type: -0- , Program: NPWMD] [IFSR) - Additional Sanctions Information - Subject to Secondary Sanctions; Linked To: PERSIAN GULF PETROCHEMICAL INDUSTRY CO.",https://sanctionslistservice.ofac.treas.gov/
265945aef2fd1ae2,867ab538bb1146748377240afbdd9bcd16d2287accfd02bec72687316bdf5e7f,2026-08-21,OFAC_SDN,sanctions,HORMUZ,"Sanctioned Entity: PERSIAN GULF STAR OIL COMPANY (Type: -0- , Program: IRAN-EO13846) - Website https://www.pgsoc.ir; National ID No. 10103244425 (Iran); Identification Number 11010103244425 (Iran); Registration Number 287889 (Iran); a.k.a. 'P.G.S.O.C.'.",https://sanctionslistservice.ofac.treas.gov/
510360b2efe1cdd4,a61a7be9c0ea6b483cd76bbd29862d866b8c18274b3988154c975b785f159970,2026-08-21,OFAC_SDN,sanctions,HORMUZ,"Sanctioned Entity: EDGAR COMMERCIAL SOLUTIONS FZE (Type: -0- , Program: IRAN-EO13846) - Additional Sanctions Information - Subject to Secondary Sanctions; License 18865 (United Arab Emirates); Economic Register Number (CBLS) 11582964 (United Arab Emirates); Linked To: PERSIAN GULF PETROCHEMICAL INDUSTRY COMMERCIAL CO.",https://sanctionslistservice.ofac.treas.gov/
bf2a178df8f7f2a0,66c81cd8872a9ac7668f0e9a37ec22423e45a70bf7c8eade738e9b707505d59b,2026-08-21,OFAC_SDN,sanctions,HORMUZ,"Sanctioned Entity: LUSTRO INDUSTRY LIMITED (Type: -0- , Program: IRAN-EO13846) - Additional Sanctions Information - Subject to Secondary Sanctions; C.R. No. 2929380 (Hong Kong); Linked To: PERSIAN GULF PETROCHEMICAL INDUSTRY COMMERCIAL CO.",https://sanctionslistservice.ofac.treas.gov/
0d5fa95fe5118714,27fdaa757c8330f3413bd59a18739cecc39635681e7e78c2a39db6b5321eec97,2026-08-21,OFAC_SDN,sanctions,HORMUZ,"Sanctioned Entity: OLIGEI INTERNATIONAL TRADING CO., LIMITED (Type: -0- , Program: IRAN-EO13846) - Additional Sanctions Information - Subject to Secondary Sanctions; C.R. No. 2953973 (Hong Kong); Linked To: PERSIAN GULF PETROCHEMICAL INDUSTRY COMMERCIAL CO.",https://sanctionslistservice.ofac.treas.gov/
4fb564b126d584ea,df0262d2f5c53cb9d891f1a252e4b30397ff22fb4291dc4d147b04566b79afca,2026-08-21,OFAC_SDN,sanctions,HORMUZ,"Sanctioned Entity: BLUE CACTUS HEAVY EQUIPMENT AND MACHINERY SPARE PARTS TRADING L.L.C. (Type: -0- , Program: IRAN-EO13846) - Additional Sanctions Information - Subject to Secondary Sanctions; Organization Established Date 13 Aug 2015; Commercial Registry Number 1185785 (United Arab Emirates); Registration Number 738453 (United Arab Emirates); Linked To: PERSIAN GULF PETROCHEMICAL INDUSTRY COMMERCIAL CO.",https://sanctionslistservice.ofac.treas.gov/
b894907c044a28f0,19eeb7a5537fb5a4b1a7ae35bae05cbcb22b549664231cd13e5b6e89d4085db4,2026-08-21,OFAC_SDN,sanctions,HORMUZ,"Sanctioned Entity: FARWELL CANYON HK LIMITED (Type: -0- , Program: IRAN-EO13846) - Additional Sanctions Information - Subject to Secondary Sanctions; Organization Established Date 25 Nov 2020; Registration Number 2996965 (Hong Kong); Linked To: PERSIAN GULF PETROCHEMICAL INDUSTRY COMMERCIAL CO.",https://sanctionslistservice.ofac.treas.gov/
e3e44bd90f453d69,1ef1995ff1d705d3eb574d02c1688bd86d8ce0d9ebb74c2bd4ecd7e50b40ef94,2026-08-21,OFAC_SDN,sanctions,HORMUZ,"Sanctioned Entity: SHEKUFEI INTERNATIONAL TRADING CO., LIMITED (Type: -0- , Program: IRAN-EO13846) - Additional Sanctions Information - Subject to Secondary Sanctions; Organization Established Date 03 Jun 2021; Registration Number 3054573 (Hong Kong); Linked To: PERSIAN GULF PETROCHEMICAL INDUSTRY COMMERCIAL CO.",https://sanctionslistservice.ofac.treas.gov/
857f13951d1876aa,18cb534d8338afeefb94e839db6c7ea31b1e7f7decb1a46d5a01b49416c61b78,2026-08-21,OFAC_SDN,sanctions,HORMUZ,"Sanctioned Entity: PZNFR TRADING LIMITED (Type: -0- , Program: IRAN-EO13846) - Additional Sanctions Information - Subject to Secondary Sanctions; Organization Established Date 07 Dec 2020; Registration Number 3000264 (Hong Kong); Linked To: PERSIAN GULF PETROCHEMICAL INDUSTRY COMMERCIAL CO.",https://sanctionslistservice.ofac.treas.gov/
8d766a22e6dcf1d0,36147c922e066bf143076077285527a2570d03470d54abeb61587ce8173155fe,2026-08-21,OFAC_SDN,sanctions,HORMUZ,"Sanctioned Entity: ML HOLDING GROUP LIMITED (Type: -0- , Program: IRAN-EO13846) - Additional Sanctions Information - Subject to Secondary Sanctions; Organization Established Date 28 Sep 2020; C.R. No. 2981092 (Hong Kong); Linked To: PERSIAN GULF PETROCHEMICAL INDUSTRY COMMERCIAL CO.",https://sanctionslistservice.ofac.treas.gov/
e874b838a2980c66,20f6face94e518bd87ddc06c4f8302a5e08aca69a1ebf67aece492fca8d27ba0,2026-08-21,OFAC_SDN,sanctions,HORMUZ,"Sanctioned Entity: SOPHYCHEM HK LIMITED (Type: -0- , Program: IRAN-EO13846) - Additional Sanctions Information - Subject to Secondary Sanctions; Organization Established Date 29 Nov 2018; C.R. No. 2771275 (Hong Kong); Linked To: PERSIAN GULF PETROCHEMICAL INDUSTRY COMMERCIAL CO.",https://sanctionslistservice.ofac.treas.gov/
5e16b0af931927b3,e8d3936881d9edd6ff946d7c0fba1a4570baf2a49df526abf2d5d0c174ac7af5,2026-08-21,OFAC_SDN,sanctions,SUEZ,"Sanctioned Entity: BAKR, Osama Abdelmongy Abdalla (Type: individual, Program: SDGT) - DOB 08 Sep 1968; POB Port Said, Egypt; nationality Egypt; alt. nationality Brazil; Gender Male; Secondary sanctions risk: section 1(b) of Executive Order 13224, as amended by Executive Order 13886; Identification Number V356783-K (Brazil); alt. Identification Number 83423818034 (Brazil); alt. Identification Number 07229181914 (Brazil); alt. Identification Number 154564654 (Brazil); Linked To: ISLAMIC STATE OF IRAQ AND THE LEVANT.",https://sanctionslistservice.ofac.treas.gov/
5e23b49c66ddd991,d6d7579ff2c5e3c7ab80b075604f023780eba874afbf741733939c3cebb87bea,2026-08-21,OFAC_SDN,sanctions,HORMUZ,"Sanctioned Entity: MONCH GENERAL TRADING L.L.C. (Type: -0- , Program: IRAN-EO13846) - Additional Sanctions Information - Subject to Secondary Sanctions; Dubai Chamber of Commerce Membership No. 1267441 (United Arab Emirates); Business Registration Number 774989 (United Arab Emirates); Linked To: PERSIAN GULF PETROCHEMICAL INDUSTRY COMMERCIAL CO.",https://sanctionslistservice.ofac.treas.gov/
e5bdb0a482988ada,68670d405c8accac2cb502c3e6749f5478f8fb681634058b9c71438505876ea3,2026-08-21,OFAC_SDN,sanctions,HORMUZ,"Sanctioned Entity: ACCESS TECHNOLOGY TRADING L.L.C (Type: -0- , Program: IRAN-EO13846) - Website www.meaccesstechnology.com; Additional Sanctions Information - Subject to Secondary Sanctions; Organization Established Date 04 Apr 2022; License 1048510 (United Arab Emirates); Registration Number 1368637 (United Arab Emirates); Economic Register Number (CBLS) 11859002 (United Arab Emirates); Linked To: PERSIAN GULF PETROCHEMICAL INDUSTRY COMMERCIAL CO.",https://sanctionslistservice.ofac.treas.gov/
3116ef1b50e115b6,bf3f164dcffbd7a9206ad487689f3dbe926b92e2d3ba064f0ad83c9cb4eabbc3,2026-08-21,OFAC_SDN,sanctions,HORMUZ,"Sanctioned Entity: HIGHLINE LOGISTIC HK LIMITED (Type: -0- , Program: IRAN-EO13846) - Additional Sanctions Information - Subject to Secondary Sanctions; Organization Established Date 20 Jan 2021; C.R. No. 3013326 (Hong Kong); Linked To: PERSIAN GULF PETROCHEMICAL INDUSTRY COMMERCIAL CO.",https://sanctionslistservice.ofac.treas.gov/
b60c56e7ae27bd82,ff7cebf549da13ecd7d0a06bc9410987c3e0b4f07935749d23680e2794e1dea1,2026-08-21,OFAC_SDN,sanctions,HORMUZ,"Sanctioned Entity: HONG KONG AEONIAN COMPLEX CO., LIMITED (Type: -0- , Program: IRAN-EO13846) - Additional Sanctions Information - Subject to Secondary Sanctions; Organization Established Date 27 Apr 2020; C.R. No. 2936467 (Hong Kong); Business Registration Number 71809722-000 (Hong Kong); Linked To: PERSIAN GULF PETROCHEMICAL INDUSTRY COMMERCIAL CO.",https://sanctionslistservice.ofac.treas.gov/
f91ac617473b5629,76f0ccab59b05ee87e087a450626afb0e78abcedc8796b7a861c6587c0badece,2026-08-21,OFAC_SDN,sanctions,HORMUZ,"Sanctioned Entity: ZHEJIANG WONDER IMP. AND EXP. CO., LTD. (Type: -0- , Program: IRAN-EO13846) - Website www.zjwonder.com; Additional Sanctions Information - Subject to Secondary Sanctions; Organization Established Date 25 Nov 2008; Unified Social Credit Code (USCC) 913302016810757525 (China); Linked To: PERSIAN GULF PETROCHEMICAL INDUSTRY COMMERCIAL CO.",https://sanctionslistservice.ofac.treas.gov/
31ee4bb94d2bc782,06871ad3470447ca47548f97af8ac48efdf43ab699a6d7e4bb944777b559b72d,2026-08-21,OFAC_SDN,sanctions,HORMUZ,"Sanctioned Entity: TORGAN CO., LIMITED (Type: -0- , Program: IRAN-EO13846) - Additional Sanctions Information - Subject to Secondary Sanctions; Organization Established Date 27 Dec 2019; C.R. No. 2905960; Linked To: PERSIAN GULF PETROCHEMICAL INDUSTRY COMMERCIAL CO.",https://sanctionslistservice.ofac.treas.gov/
43cf95ac9e2a3088,c9b8da0467c678f750f13f6571c25766949d289c1836e1447d2fb63e2a7b5311,2026-08-21,OFAC_SDN,sanctions,HORMUZ,"Sanctioned Entity: GLOBAL VISINESS PTE. LTD. (Type: -0- , Program: IRAN-EO13846) - Website globalvisiness.com/; Organization Established Date 25 Dec 2020; Company Number 202041648D (Singapore); Linked To: PERSIAN GULF PETROCHEMICAL INDUSTRY COMMERCIAL CO.",https://sanctionslistservice.ofac.treas.gov/
ba20c2ccd60c05d9,f5c481453270d962e14151ec9c645c90c50d6010956f328897c65292ff46ac95,2026-08-21,OFAC_SDN,sanctions,HORMUZ,"Sanctioned Entity: GOLDENIX CO., LIMITED (Type: -0- , Program: IRAN-EO13846) - Organization Established Date 02 Dec 2021; C.R. No. 3108311 (Hong Kong); Linked To: PERSIAN GULF PETROCHEMICAL INDUSTRY COMMERCIAL CO.",https://sanctionslistservice.ofac.treas.gov/
3a63c1e89c2e16b8,0703b4e4b80039463e421163b19bda7a2962c59edc174e60980d999521149883,2026-08-21,OFAC_SDN,sanctions,HORMUZ,"Sanctioned Entity: NINGBO MORE INTEREST I/E CO., LTD. (Type: -0- , Program: IRAN-EO13846) - Organization Established Date 15 Mar 2005; Trade License No. 330281000092872 (China); Unified Social Credit Code (USCC) 91330281772304821A (China); Linked To: PERSIAN GULF PETROCHEMICAL INDUSTRY COMMERCIAL CO.",https://sanctionslistservice.ofac.treas.gov/
0f038cd3954589ab,0cc14863eba0db2d815df816b96212af164c3c90db0bdc28fffa656b5b43f60f,2026-08-21,OFAC_SDN,sanctions,HORMUZ,"Sanctioned Entity: HK SIHAI YINGTONG INDUSTRY CO., LIMITED (Type: -0- , Program: IRAN-EO13846) - Organization Established Date 17 Oct 2016; C.R. No. 2438373 (Hong Kong); Linked To: PERSIAN GULF PETROCHEMICAL INDUSTRY COMMERCIAL CO.",https://sanctionslistservice.ofac.treas.gov/
21ec5a4972d41284,05e0bf4ef9856852d9a0872a152d9e3f4523aec8f2c4206f9a616d0099e07d53,2026-08-21,OFAC_SDN,sanctions,HORMUZ,"Sanctioned Entity: HONGKONG CANWAY CO., LIMITED (Type: -0- , Program: IRAN-EO13846) - Organization Established Date 14 Mar 2012; C.R. No. 1716519 (Hong Kong); Linked To: PERSIAN GULF PETROCHEMICAL INDUSTRY COMMERCIAL CO.",https://sanctionslistservice.ofac.treas.gov/
74bf9a21edb692f3,f935847587c6c3192138af3d8ebe1da2109278a017e79810ab17824b53736eac,2026-08-21,OFAC_SDN,sanctions,HORMUZ,"Sanctioned Entity: JIN XIN NUO TRADING LIMITED (Type: -0- , Program: IRAN-EO13846) - Organization Established Date 08 Nov 2017; C.R. No. 2604785 (Hong Kong); Linked To: PERSIAN GULF PETROCHEMICAL INDUSTRY COMMERCIAL CO.",https://sanctionslistservice.ofac.treas.gov/
9ba3100f679ff19a,2d7f4168e1a6c9691450c607d2b2a47930e5e509cf49f67155ed4209dcab447c,2026-08-21,OFAC_SDN,sanctions,HORMUZ,"Sanctioned Entity: MELIKAL FOR MEDICAL & MEDICINE TRADING CO., LIMITED (Type: -0- , Program: IRAN-EO13846) - Organization Established Date 15 Apr 2021; C.R. No. 3038706 (Hong Kong); Linked To: PERSIAN GULF PETROCHEMICAL INDUSTRY COMMERCIAL CO.",https://sanctionslistservice.ofac.treas.gov/
a6fe74b693251a0d,69d903c6fe0197c4201a1189556ef92827b9ba9e305ca650760aeeff00eba122,2026-08-21,OFAC_SDN,sanctions,HORMUZ,"Sanctioned Entity: NAAB KIMYA DIS TICARET LIMITED SIRKETI (Type: -0- , Program: IRAN-EO13846) - Organization Established Date 11 Feb 2021; Istanbul Chamber of Comm. No. 1327595 (Turkey); Registration Number 337248-5 (Turkey); Central Registration System Number 0627-1308-2740-0001 (Turkey); Linked To: PERSIAN GULF PETROCHEMICAL INDUSTRY COMMERCIAL CO.",https://sanctionslistservice.ofac.treas.gov/
a7d4770d8cd950fb,3ad26c854d6bc5eb15d02e54581f2813345639b315eb7636a74643fc4b94768a,2026-08-21,OFAC_SDN,sanctions,HORMUZ,"Sanctioned Entity: HERSTEL TRADING LIMITED (Type: -0- , Program: IRAN-EO13846) - Organization Established Date 16 Sep 2020; Registration Number 106223 (Marshall Islands); Linked To: PERSIAN GULF PETROCHEMICAL INDUSTRY COMMERCIAL CO.",https://sanctionslistservice.ofac.treas.gov/
db379a18f69f08de,93277b2c94def9e7d385f69465672a58a1536b4d3415a814b9f8d2e8c1721e89,2026-08-21,OFAC_SDN,sanctions,HORMUZ,"Sanctioned Entity: HORRYZIN INTERNATIONAL TRADE CO., LIMITED (Type: -0- , Program: IRAN-EO13846) - Organization Established Date 30 Mar 2017; C.R. No. 2515317 (Hong Kong); Linked To: PERSIAN GULF PETROCHEMICAL INDUSTRY COMMERCIAL CO.",https://sanctionslistservice.ofac.treas.gov/
001f79fa0288fafa,d3a6000f367dd47f18ee43a75c3a927c51b96518ce4dadf2685cb6225cc9a1f5,2026-08-21,OFAC_SDN,sanctions,HORMUZ,"Sanctioned Entity: ALBAHR ALAAHMAR OFFSHORE REFINED OIL PRODUCT TRADING L.L.C (Type: -0- , Program: IRAN-EO13846) - Organization Established Date 10 Jun 2021; Registration Number 959832 (United Arab Emirates); Economic Register Number (CBLS) 11668849 (United Arab Emirates); Linked To: PERSIAN GULF PETROCHEMICAL INDUSTRY COMMERCIAL CO.",https://sanctionslistservice.ofac.treas.gov/
94d11574cbaada02,cd65231915f33b7d17cd072aa4890a3d7961f29366daa50d56b17f25755acef2,2026-08-21,OFAC_SDN,sanctions,HORMUZ,"Sanctioned Entity: ALBAHR ALAAHMAR ENERGY FZE (Type: -0- , Program: IRAN-EO13846) - Organization Established Date 17 Jun 2021; Registration Number 19438 (United Arab Emirates); Economic Register Number (CBLS) 11670819 (United Arab Emirates); Linked To: PERSIAN GULF PETROCHEMICAL INDUSTRY COMMERCIAL CO.",https://sanctionslistservice.ofac.treas.gov/
f74d01b6a390ccfd,4810c1d407e20d8db63959914cd550881f530f1b22113c38993a04523798e036,2026-08-21,OFAC_SDN,sanctions,HORMUZ,"Sanctioned Entity: LONGFORD TRADING L.L.C (Type: -0- , Program: IRAN-EO13846) - Organization Established Date 12 Jul 2021; Business Registration Number 967661 (United Arab Emirates); Economic Register Number (CBLS) 11704982 (United Arab Emirates); Linked To: PERSIAN GULF PETROCHEMICAL INDUSTRY COMMERCIAL CO.",https://sanctionslistservice.ofac.treas.gov/
5a42caa89cde8b93,48ecb232b0f24dd2d10ff64360dde7e32c31ea6662ccbd113422b09f9fa86a7a,2026-08-21,OFAC_SDN,sanctions,HORMUZ,"Sanctioned Entity: NASHVILLE HK LIMITED (Type: -0- , Program: IRAN-EO13846) - Organization Established Date 29 Dec 2020; C.R. No. 3005809 (Hong Kong); Business Registration Number 72514940-000 (Hong Kong); Linked To: PERSIAN GULF PETROCHEMICAL INDUSTRY COMMERCIAL CO.",https://sanctionslistservice.ofac.treas.gov/
09cb8fb3276b5f28,d06cd5a27a840d1dc1814688748d6b88925a7fb72ec2b356901a00ef828b21aa,2026-08-21,OFAC_SDN,sanctions,HORMUZ,"Sanctioned Entity: NORD TRADING L.L.C (Type: -0- , Program: IRAN-EO13846) - Organization Established Date 28 Feb 2021; Business Registration Number 930426 (United Arab Emirates); Economic Register Number (CBLS) 11632043 (United Arab Emirates); Linked To: PERSIAN GULF PETROCHEMICAL INDUSTRY COMMERCIAL CO.",https://sanctionslistservice.ofac.treas.gov/
5349baed52481042,cbca547b2ba6e560bd7374a4f1aeb8ff56345aad24b618672ce8b893d1520f04,2026-08-21,OFAC_SDN,sanctions,HORMUZ,"Sanctioned Entity: SALITA TRADE LIMITED (Type: -0- , Program: IRAN-EO13846) - Organization Established Date 02 Aug 2018; C.R. No. 2729339 (Hong Kong); Linked To: PERSIAN GULF PETROCHEMICAL INDUSTRY COMMERCIAL CO.",https://sanctionslistservice.ofac.treas.gov/
00db4b1b70c2ed8f,d8cbdb612c2987a2e206c8a01438a7a3ce6ace02488f55c7fda06ca7a0f2c4fa,2026-08-21,OFAC_SDN,sanctions,HORMUZ,"Sanctioned Entity: SHAMS ALRABEEA CHEMICALS TRADING L.L.C (Type: -0- , Program: IRAN-EO13846) - Organization Established Date 28 Oct 2020; Business Registration Number 910936 (United Arab Emirates); Economic Register Number (CBLS) 11564942 (United Arab Emirates); Linked To: PERSIAN GULF PETROCHEMICAL INDUSTRY COMMERCIAL CO.",https://sanctionslistservice.ofac.treas.gov/
418b21fa3b930b4c,7ba699c9a7634727ab789325785c64f68d78efa06502788b253e53f26025339b,2026-08-21,OFAC_SDN,sanctions,HORMUZ,"Sanctioned Entity: AL KASHAF PETROLEUM AND PETROCHEMICAL TRADING L.L.C (Type: -0- , Program: IRAN-EO13846) - Organization Established Date 23 Sep 2020; Dubai Chamber of Commerce Membership No. 1612390 (United Arab Emirates); Business Registration Number 906759 (United Arab Emirates); Economic Register Number (CBLS) 11548618 (United Arab Emirates); Linked To: PERSIAN GULF PETROCHEMICAL INDUSTRY COMMERCIAL CO.",https://sanctionslistservice.ofac.treas.gov/
8af2e6f1690bbb35,59c008861461767a627e845cda8ce9028ef33401225841fab1bbc6ff88d5f5e0,2026-08-21,OFAC_SDN,sanctions,HORMUZ,"Sanctioned Entity: UNITE RESOURCES CO., LIMITED (Type: -0- , Program: IRAN-EO13846) - Organization Established Date 19 Jun 2013; C.R. No. 1925133 (Hong Kong); a.k.a. 'UNITERES'; Linked To: PERSIAN GULF PETROCHEMICAL INDUSTRY COMMERCIAL CO.",https://sanctionslistservice.ofac.treas.gov/
e79d0f262c930237,0482633c0454285145ea07546ece87e162c54e13b1d85d5c5429aa37b623d902,2026-08-21,OFAC_SDN,sanctions,HORMUZ,"Sanctioned Entity: QI GROUP LIMITED (Type: -0- , Program: IRAN-EO13846) - Organization Established Date 26 Mar 2021; C.R. No. 3032377 (Hong Kong); Linked To: PERSIAN GULF PETROCHEMICAL INDUSTRY COMMERCIAL CO.",https://sanctionslistservice.ofac.treas.gov/
9399d9198d08d1d0,eb7905b91a7b0ee58f5e3a5d75f574fc19944152d65ce3046bb9bc22aba2414f,2026-08-21,OFAC_SDN,sanctions,HORMUZ,"Sanctioned Entity: UNIVEST LIMITED (Type: -0- , Program: IRAN-EO13846) - Website http://univestltd.com; Organization Established Date 05 Jul 2021; C.R. No. 3063840 (Hong Kong); Linked To: PERSIAN GULF PETROCHEMICAL INDUSTRY COMMERCIAL CO.",https://sanctionslistservice.ofac.treas.gov/
fb79638f9584ca27,828c838a60834f2df5391f49ea5372c7594e71d49784bc74a3f9cb8c2cfef4df,2026-08-21,OFAC_SDN,sanctions,HORMUZ,"Sanctioned Entity: MULTI WELL TRADING CO., LIMITED (Type: -0- , Program: IRAN-EO13846) - Organization Established Date 22 Oct 2021; C.R. No. 3095310 (China); Linked To: PERSIAN GULF PETROCHEMICAL INDUSTRY COMMERCIAL CO.",https://sanctionslistservice.ofac.treas.gov/
a16cd70c2ae57ad7,94343344c75508318189c45cc8bd646a4377fc5d148a2927a76783d8dbdbb393,2026-08-21,OFAC_SDN,sanctions,HORMUZ,"Sanctioned Entity: BAVI GENERAL TRADING CO L.L.C (Type: -0- , Program: IRAN-EO13846) - Organization Established Date 11 Sep 2002; Organization Type: Other financial service activities, except insurance and pension funding activities, n.e.c.; Dubai Chamber of Commerce Membership No. 71680 (United Arab Emirates); Commercial Registry Number 60409 (United Arab Emirates); Business Registration Number 537517 (United Arab Emirates); Economic Register Number (CBLS) 10810578 (United Arab Emirates); Linked To: PERSIAN GULF PETROCHEMICAL INDUSTRY COMMERCIAL CO.",https://sanctionslistservice.ofac.treas.gov/
cc1e097fb69195a1,3f610ef3a8820e0313c18b6cd2b702cb0a0c969eac3948bde0913cfc0342755b,2026-08-21,OFAC_SDN,sanctions,HORMUZ,"Sanctioned Entity: MARAFI INTERNATIONAL TRADING CO., LIMITED (Type: -0- , Program: IRAN-EO13846) - Organization Established Date 23 Jun 2020; C.R. No. 2954221 (Hong Kong); Business Registration Number 71990353-000 (Hong Kong); Linked To: PERSIAN GULF PETROCHEMICAL INDUSTRY COMMERCIAL CO.",https://sanctionslistservice.ofac.treas.gov/
03f7fdf1b63ccc46,93842b761eb58e92cadd26d76aa1515bf00dd81b974cc15835afcbedcbe684c7,2026-08-21,OFAC_SDN,sanctions,HORMUZ,"Sanctioned Entity: SPARROW TRADING FZE (Type: -0- , Program: IRAN-EO13846) - Organization Established Date 12 Apr 2020; Business Registration Number 18641 (United Arab Emirates); Economic Register Number (CBLS) 11583211 (United Arab Emirates); Linked To: PERSIAN GULF PETROCHEMICAL INDUSTRY COMMERCIAL CO.",https://sanctionslistservice.ofac.treas.gov/
26d7560724b98a20,595fb190971b70be1dbc8b6215f1b0f63c097178277534b410dc7d02b5bdfae9,2026-08-21,OFAC_SDN,sanctions,HORMUZ,"Sanctioned Entity: GREENLAND OIL & GAS TRADING FZE (Type: -0- , Program: IRAN-EO13846) - Organization Established Date 08 Mar 2021; Business Registration Number 19230 (United Arab Emirates); Economic Register Number (CBLS) 11634715 (United Arab Emirates); Linked To: PERSIAN GULF PETROCHEMICAL INDUSTRY COMMERCIAL CO.",https://sanctionslistservice.ofac.treas.gov/
32f3e1e7f1297487,89fcfac4ad842e45885d09ebe8c1b421aebf823f2dedbad524aef44827f9ef2f,2026-08-21,OFAC_SDN,sanctions,HORMUZ,"Sanctioned Entity: LOWELL LIMITED (Type: -0- , Program: IRAN-EO13846) - Organization Established Date 15 Apr 2021; C.R. No. 3038530 (Hong Kong); Business Registration Number 72888797-000 (Hong Kong); Linked To: PERSIAN GULF PETROCHEMICAL INDUSTRY COMMERCIAL CO.",https://sanctionslistservice.ofac.treas.gov/
49fccf68a59d28d8,d3e41370c843923d03fc4750972f0e416db5911f3116a40f57d589c2622a04ba,2026-08-21,OFAC_SDN,sanctions,HORMUZ,"Sanctioned Entity: DRAGON TRADING LIMITED (Type: -0- , Program: IRAN-EO13846) - Organization Established Date 21 Jun 2019; Business Registration Number 101538 (Marshall Islands); Linked To: PERSIAN GULF PETROCHEMICAL INDUSTRY COMMERCIAL CO.",https://sanctionslistservice.ofac.treas.gov/
56e32f07ac67236f,9926cd42254b9aa185120e1c2d1bef207d3d5f72786d5217dad7738611aa2052,2026-08-21,OFAC_SDN,sanctions,HORMUZ,"Sanctioned Entity: ALLIANCE ENERGY PVT. LIMITED (Type: -0- , Program: IRAN-EO13846) - Website allianceenergy.pk/; Organization Established Date 19 Dec 2016; Registration Number 0104304 (Pakistan); a.k.a. 'ALLIANCE ENERGY CO.'; Linked To: PERSIAN GULF PETROCHEMICAL INDUSTRY COMMERCIAL CO.",https://sanctionslistservice.ofac.treas.gov/
932593f867e49271,e5462fb52635dd6b605a5d0b51983375c7dcdc4ebef0944edf38d2c3372ca7da,2026-08-21,OFAC_SDN,sanctions,HORMUZ,"Sanctioned Entity: ALSHIVAN LINE TRADING FZE (Type: -0- , Program: IRAN-EO13846) - Organization Established Date 09 Dec 2019; Business Registration Number 181939 (United Arab Emirates); Economic Register Number (CBLS) 11489405 (United Arab Emirates); Linked To: PERSIAN GULF PETROCHEMICAL INDUSTRY COMMERCIAL CO.",https://sanctionslistservice.ofac.treas.gov/
153f59a91063fd27,1fb17fc6ca9a1b448269a13da7b4b6c2705b944babe95630de654482df54230e,2026-08-21,OFAC_SDN,sanctions,HORMUZ,"Sanctioned Entity: HONGKONG WELL INTERNATIONAL TRADING LIMITED (Type: -0- , Program: IRAN-EO13846) - Organization Established Date 20 Dec 2019; C.R. No. 2904608 (Hong Kong); Linked To: PERSIAN GULF PETROCHEMICAL INDUSTRY COMMERCIAL CO.",https://sanctionslistservice.ofac.treas.gov/
cb322ebb10f1d7eb,7972e3a324c294b677efe7f9d74365d00840a5bf92e69c0946383eb6659dbcbf,2026-08-21,OFAC_SDN,sanctions,HORMUZ,"Sanctioned Entity: BORDO PLASTIC MATERIALS TRADING L.L.C (Type: -0- , Program: IRAN-EO13846) - Organization Established Date 19 Oct 2021; Business Registration Number 994217 (United Arab Emirates); Economic Register Number (CBLS) 11767577 (United Arab Emirates); Linked To: PERSIAN GULF PETROCHEMICAL INDUSTRY COMMERCIAL CO.",https://sanctionslistservice.ofac.treas.gov/
377074fff9c45e9c,66bbbd81ed97af880a201306086232f278938b0f8c3715edd04738aeb30db31a,2026-08-21,OFAC_SDN,sanctions,HORMUZ,"Sanctioned Entity: DAYAN GLOBAL TRADE DIS TICARET ITHALAT IHRACAT SANAYI VE TICARET LIMITED SIRKETI (Type: -0- , Program: IRAN-EO13846) - Organization Established Date 20 Apr 2018; Commercial Registry Number 271136147400001 (Turkey); a.k.a. 'DAYAN GLOBAL'; Linked To: PERSIAN GULF PETROCHEMICAL INDUSTRY COMMERCIAL CO.",https://sanctionslistservice.ofac.treas.gov/
d8453e8ae9e1300c,2796b69b37b1984a7fb85d9f4784b56360a34997cf1a9872db9818f596f17e9d,2026-08-21,OFAC_SDN,sanctions,HORMUZ,"Sanctioned Entity: FAIRTRADE NON EDIBLE OIL AND LIQUEFIED NATURAL GAS TRADING L.L.C (Type: -0- , Program: IRAN-EO13846) - Organization Established Date 22 Sep 2020; Business Registration Number 906648 (United Arab Emirates); Economic Register Number (CBLS) 11548351 (United Arab Emirates); Linked To: PERSIAN GULF PETROCHEMICAL INDUSTRY COMMERCIAL CO.",https://sanctionslistservice.ofac.treas.gov/
af7c0e8c00845d9c,1a5d56f928bae6f09d84b2b58ef683a380336c192a3a7fac5d8fe7bdf23d2850,2026-08-21,OFAC_SDN,sanctions,HORMUZ,"Sanctioned Entity: FAMIN FZE (Type: -0- , Program: IRAN-EO13846) - Website famintrading.com/; Organization Established Date 13 Jan 2020; Business Registration Number 18445 (United Arab Emirates); Economic Register Number (CBLS) 11578835 (United Arab Emirates); Linked To: PERSIAN GULF PETROCHEMICAL INDUSTRY COMMERCIAL CO.",https://sanctionslistservice.ofac.treas.gov/
d9d635fb90cd8077,7209d81f48421fd867ce0abbfa35b2f09b76822b7e63b5d1fdadfe33cfaaf3cc,2026-08-21,OFAC_SDN,sanctions,HORMUZ,"Sanctioned Entity: FORABEN TRADING LIMITED (Type: -0- , Program: IRAN-EO13846) - Organization Established Date 29 Jul 2021; C.R. No. 3071736 (Hong Kong); Linked To: PERSIAN GULF PETROCHEMICAL INDUSTRY COMMERCIAL CO.",https://sanctionslistservice.ofac.treas.gov/
6632b026f3fb658c,c1c4c0c6a144bbae7999155933caa2d6d5d8806a2f1a248e93f94cd7ef243ebc,2026-08-21,OFAC_SDN,sanctions,HORMUZ,"Sanctioned Entity: MEHR PETROCHEMICAL COMPANY (Type: -0- , Program: IRAN-EO13846) - Website www.mehrpc.com; Additional Sanctions Information - Subject to Secondary Sanctions; Organization Established Date 13 Jun 2005; Organization Type: Manufacture of refined petroleum products; National ID No. 10102887184 (Iran); Registration Number 248119 (Iran); Linked To: PERSIAN GULF PETROCHEMICAL INDUSTRY COMMERCIAL CO.",https://sanctionslistservice.ofac.treas.gov/
3fb65a2981f436da,03282dc0dcbef28b5497d0a9221db1c6711b1de596665263952ebb662929ed2c,2026-08-21,OFAC_SDN,sanctions,HORMUZ,"Sanctioned Entity: KAMBIZ NABIZADEH AND PARTNERS EXCHANGE (Type: -0- , Program: IRAN-EO13846) - Additional Sanctions Information - Subject to Secondary Sanctions; Organization Established Date 11 Jan 2017; Organization Type: Other financial service activities, except insurance and pension funding activities, n.e.c.; National ID No. 14006486022 (Iran); Business Registration Number 504036 (Iran); Linked To: PERSIAN GULF PETROCHEMICAL INDUSTRY COMMERCIAL CO.",https://sanctionslistservice.ofac.treas.gov/
ec548a34d82c8844,68d0a1f8423d0f1135f4e67ba7081d51ee93418b9be84ac3637fc91a3e23dd27,2026-08-21,OFAC_SDN,sanctions,HORMUZ,"Sanctioned Entity: AIX COMPANY LIMITED (Type: -0- , Program: IRAN-EO13846) - Organization Established Date 28 Nov 2022; Company Number 3212427 (Hong Kong); Business Registration Number 74645258 (Hong Kong); Linked To: PERSIAN GULF PETROCHEMICAL INDUSTRY COMMERCIAL CO.",https://sanctionslistservice.ofac.treas.gov/
eb421d0bd85d7970,72632b8703dd80824a56f4b02fb8dd660bd27f2655b1a69a57185b0ac4f98767,2026-08-21,OFAC_SDN,sanctions,HORMUZ,"Sanctioned Entity: CRIMSON BLUE TRADING CO., LIMITED (Type: -0- , Program: IRAN-EO13846) - Organization Established Date 18 Sep 2023; Business Registration Number 75720467 (Hong Kong); Linked To: PERSIAN GULF PETROCHEMICAL INDUSTRY COMMERCIAL CO.",https://sanctionslistservice.ofac.treas.gov/
6baf723b3445ace2,6b18f76aa00c801ebbf3a79bbe1bb239ee4639cfff4c619718e554f237b88560,2026-08-21,OFAC_SDN,sanctions,HORMUZ,"Sanctioned Entity: PERSIAN GULF STRAIT AUTHORITY (Type: -0- , Program: SDGT] [IFSR) - Website https://pgsa.ir; Secondary sanctions risk: section 1(b) of Executive Order 13224, as amended by Executive Order 13886; Organization Established Date 2026; Linked To: ISLAMIC REVOLUTIONARY GUARD CORPS.",https://sanctionslistservice.ofac.treas.gov/
71a38207800a7550,8113757ee4537666bff2ed49fbe53bfe7c3c7bf5112aef5a7a84a2b05e2818fe,2026-08-21,OFAC_SDN,sanctions,HORMUZ,"Sanctioned Entity: PERSIAN GULF MARINE INSURANCE COMPANY (Type: -0- , Program: IRAN-EO13902) - Additional Sanctions Information - Subject to Secondary Sanctions; Organization Established Date 2026; Organization Type: Financial and Insurance Activities.",https://sanctionslistservice.ofac.treas.gov/
ba0fa5565e7925a9,40b9688336515ed417253512a7c3eeab0c44e4b0796ac2483b9735fa599a47f8,2023-11-19,IMO Member States Incident Report,shipping disruption,RED_SEA,Hijacked by Houthis' helicopter operation. 25 crew taken hostage.,Confirmed by Houthis' statement and video released
9ab58eea3a0a5ffd,4cd1912e17d5ad69aece6b9bbf7418cebc207fc898ad74c19104d5a66f9c8cc2,2023-11-26,IMO Member States Incident Report,tanker attack,RED_SEA,"Boarded by armed individuals but freed after a few hours. Potential piracy attack not linked to Houthis, according to the Pentagon, but not confirmed. 2 uncrewed aerial devices fired toward the general direction of the ship.",Fired from Houthi-controlled areas of Yemen (US CENTCOM)
13932d1cf0e1f158,f7669c6cddade2a1d9dc4b72a1ed272310b9fdda2501f66fa99c3f7d5d52dc90,2023-12-03,IMO Member States Incident Report,shipping disruption,RED_SEA,"Struck by an uncrewed aerial device that caused minor damage to the ship, but no injuries.",Confirmed by Houthis' statement
ffb12c7a9819a1e5,14c401376bb618dc22b0b5235b77ae985ee121e305c255bcbf73b7095588ff31,2023-12-03,IMO Member States Incident Report,shipping disruption,RED_SEA,"Struck by an uncrewed aerial device that caused damage to the hull of the ship on its port side, but no injuries.",Confirmed by Houthis' statement
4808fcd5cbf026df,0471d554ee260b70e5ac741d24a797c69367a324977b9012d2a26e35e64604ce,2023-12-03,IMO Member States Incident Report,shipping disruption,RED_SEA,Attacked by an uncrewed aerial device that caused vibrations to the ship with no injuries or damage.,Fired from Houthi-controlled areas of Yemen (US CENTCOM)
334d8f1241a79e76,2b9d24d348203136702b430e3ac11f433e5eead58706bed61e83159003e73296,2023-12-11,IMO Member States Incident Report,tanker attack,RED_SEA,"Struck by an uncrewed aerial device causing a fire on-board, but no casualties.",Confirmed by Houthis' statement
04458d3e7fdfe8e7,d42486d1b928c1960f9e48ef88c6c02f792c6be3dbf63e6c8ec417814ebaafb1,2023-12-13,IMO Member States Incident Report,tanker attack,RED_SEA,"Came under fire by armed men attempting to board from a small boat, and then attacked by 2 uncrewed aerial devices which both missed with no injuries or damage.",Fired from Houthi-controlled areas of Yemen (US CENTCOM)
21f12f8f71bc1c31,a8527d94f49bf45b4dfa7b90ff4c84fe23f7145f39851d26cd7fcf5e18ab7fef,2023-12-14,IMO Member States Incident Report,shipping disruption,RED_SEA,"Attacked by an uncrewed aerial device, which missed with no injuries or damage.",Confirmed by Houthis' statement
39d2b0b11d0e7945,83be574a014b92cdeeaaae1e28eab07c8fbb891796923058eb94ec1e9c72553f,2023-12-15,IMO Member States Incident Report,shipping disruption,RED_SEA,"Struck by an uncrewed aerial device causing damage on the aft deck, but no casualties.",Fired from Houthi-controlled areas of Yemen (US CENTCOM)
27b24e0fcf924602,51e056a5a7672ff3628eaf08cdcb9c033be060b28b4a594eefc09643e3e92feb,2023-12-15,IMO Member States Incident Report,shipping disruption,RED_SEA,"Demanded to alter course and proceed to Yemen, but not attacked.",Confirmed by Houthis' statement
a90bd47f48ea2df8,e0bae143b94836bb9638b8e8c1be12853c49b09c28ed2ec119569bb6d7da5f84,2023-12-15,IMO Member States Incident Report,shipping disruption,RED_SEA,"Struck by an uncrewed aerial device causing a fire on-board, but no casualties. The fire was later extinguished by the crew using available firefighting equipment on board.",Confirmed by Houthis' statement
7265caea8d108800,82376b7938158ff38c3d071778b3c39196929f5b496a6fbb2e3b186ae111e673,2023-12-18,IMO Member States Incident Report,tanker attack,RED_SEA,"Struck on its port side by an uncrewed aerial device causing a small fire on-board, but no casualties.",Confirmed by Houthis' statement
cc2042fe0686efce,316058ee9de0b45496ba3a0d640f9ac7bffed9135c3f5bb73b53efe9da251f53,2023-12-23,IMO Member States Incident Report,tanker attack,RED_SEA,"Attacked by an uncrewed aerial device, which missed with no injuries or damage.",Fired from Houthi-controlled areas of Yemen (US CENTCOM)
2f0d0460f3c37f5f,5f04cced7cc9cfa9cd006d47f8647b366943cc9bf0a1d391634c6dfcc6eb9492,2023-12-23,IMO Member States Incident Report,tanker attack,RED_SEA,Struck by an uncrewed aerial device with no injuries reported.,Fired from Houthi-controlled areas of Yemen (US CENTCOM)
cb9b2d966e465228,6de479e905511405f9f3cfca7cce0db2d30062b1e33c74146b7182df4dd4f946,2023-12-26,IMO Member States Incident Report,shipping disruption,RED_SEA,Attacked by an uncrewed aerial device with no injuries or damage reported.,Confirmed by Houthis' statement
54b95c9d93fcf80b,9f62629ebb067e081570693911658f3ac0d02790e8e1d49d69468b50a1286613,2023-12-30,IMO Member States Incident Report,shipping disruption,RED_SEA,"On 30 Dec., struck by an uncrewed aerial device causing a flash on the ship's deck, but no injuries or damage reported. On 31 Dec., attacked by 4 small boats which attempted to board but were repelled by the armed guards onboard. Helicopters from the US navy responded to the distress call and sunk 3 of the boats. The 4th boat fled the area. No injuries were reported to the crew and there was minor cosmetic damage to the ship's hull from bullets fired from the small boats.",Confirmed by Houthis' statement
4f988573f8a22269,9c11a01393d587e641f591b8748d18de8322f0d38b93522ff2d6ce12f9a08375,2024-01-02,IMO Member States Incident Report,shipping disruption,RED_SEA,"Attacked by an uncrewed aerial device, which missed with no injuries or damage reported.",Confirmed by Houthis' statement
60684904b8ca899d,8ce8ed64789ce114de217aea577c0cba408f7db3615c92e0de9e85e2f4615ede,2024-01-15,IMO Member States Incident Report,shipping disruption,RED_SEA,Struck by an uncrewed aerial device with no injuries or significant damage reported.,Confirmed by Houthis' statement
3bf5e1e105aadb10,cdd66c86be1aa188d57f6f677b7a38d4eda3f91e80370e77625a2aaaebf325bf,2024-01-16,IMO Member States Incident Report,shipping disruption,RED_SEA,Struck by an uncrewed aerial device in the cargo hold but seaworthy with no injuries reported.,Confirmed by Houthis' statement
4f956c28a7bd2474,82ccf10869cc708475a67cd2285e88d0fa1bc5e3b4019ad816c8c5fa72cdab9d,2024-01-17,IMO Member States Incident Report,shipping disruption,RED_SEA,Struck by an uncrewed aerial device but seaworthy with no injuries reported.,Confirmed by Houthis' statement
e295d6d2acec87f4,b4d23e650a336ebc4da763b3dccdfc354d2d6b4b6967901bea92cbff70806fa1,2024-01-18,IMO Member States Incident Report,tanker attack,RED_SEA,"Attacked by an uncrewed aerial device, which missed with no injuries or damage reported.",Confirmed by Houthis' statement
3fa5934a5968630d,17782969aa17a67f8778f691920564f5a062bdb07e348f81281444ff2d2a0666,2024-01-24,IMO Member States Incident Report,shipping disruption,RED_SEA,Attacked by an uncrewed aerial device causing an explosion near the ship with no injuries or damage reported.,Confirmed by Houthis' statement
80a691490b69f2de,d5b0f46b584f755fbfe762a69c7e5c0b8a773c1275c25744772288257e11c03a,2024-01-26,IMO Member States Incident Report,tanker attack,RED_SEA,"Struck by an uncrewed aerial device causing a large fire on-board, but seaworthy with no casualties.",Confirmed by Houthis' statement
1ced108e997aa6b0,9a7fcaacfa215978dae043f6b077db677667e6cba7a705544377ece507f02641,2024-02-06,IMO Member States Incident Report,shipping disruption,RED_SEA,"Attacked by an uncrewed aerial device causing an explosion near the ship with minor damage from fragments, but no injuries reported.",Confirmed by Houthis' statement
581defa9105493fa,8bdf176ec185244bd5761a7f0ba0afb4f4dc6eb886452146a4c0cf12db8c5a4a,2024-02-06,IMO Member States Incident Report,shipping disruption,RED_SEA,Attacked by an uncrewed aerial device causing an explosion near the ship with no injuries or significant damage reported.,Confirmed by Houthis' statement
ad912c6b59335914,a29094548707fba11b84943252b37949ed38c7cd2f54aaf8d508183a7a4c5eff,2024-02-12,IMO Member States Incident Report,shipping disruption,RED_SEA,"Attacked by an uncrewed aerial device causing an explosion near the ship with minor damage on its starboard side, but no injuries reported.",Confirmed by Houthis' statement
fe967a37b14809c0,f99106d73e5a3f721e06d7044ba1762aab978c37990da53a488cf46e8aeab74f,2024-02-15,IMO Member States Incident Report,shipping disruption,RED_SEA,"Attacked by an uncrewed aerial device causing an explosion near the ship with minor damage from shrapnel, but no injuries reported.",Confirmed by Houthis' statement
2e03621f08ca9b91,e6712660f9ebcbb024cd9b2d5ce73adb2880657bbae63a294528304f080de062,2024-02-16,IMO Member States Incident Report,tanker attack,RED_SEA,Attacked by an uncrewed aerial device with no injuries or damage.,Confirmed by Houthis' statement
2a866f6fc4d30dba,a5722270ec981d01bd3ac757728df8e005e83de13fcddcb8b6913da38fea189f,2024-02-19,IMO Member States Incident Report,shipping disruption,RED_SEA,"Struck by two uncrewed aerial devices (one in the engine room and the other in the forward section) causing the crew to abandon the ship damaged significantly. All crew members were rescued by another ship with no injuries. On 2 March, the ship sank after days of taking on water.",Confirmed by Houthis' statement
252adab19d5f1186,fbda77d66c5bb8d4c5201d81e01990e3f16e7e5979a9cb8e0e6f4c4233c10300,2024-02-19,IMO Member States Incident Report,shipping disruption,RED_SEA,"Attacked by two uncrewed aerial devices causing explosions near the ship with minor damage, but no injuries reported.",Confirmed by Houthis' statement
6338b58e9fa3ca21,8aee1a287fb6676fff184dee9a03f54663b10d4183cab8a67c03d7339c5c9518,2024-02-19,IMO Member States Incident Report,shipping disruption,RED_SEA,Struck by an uncrewed aerial device causing minor damage and no injuries.,Confirmed by Houthis' statement
b03869d8881247f8,358d23275b4320258ebffdda27d6210187ed19f260831bb672ad4e6ab74452fd,2024-02-22,IMO Member States Incident Report,shipping disruption,RED_SEA,Struck by two uncrewed aerial devices causing damage to the vessel and possibly to the cargo with one seaman injured by small fragment in his ankle.,Confirmed by Houthis' statement
c5864f84871747b9,52ada301392c19791df93e634e38ee167721d7cfb06e211b26e68c6f1426b09f,2024-02-24,IMO Member States Incident Report,tanker attack,RED_SEA,Attacked by an uncrewed aerial device which impacted the water with no injuries or damage.,Confirmed by Houthis' statement
8155b573b165dc91,576fe4bd8bd6616ffe2d605f2527047bd54bd2a6968e5d704ba0d5053c3a8083,2024-03-04,IMO Member States Incident Report,shipping disruption,RED_SEA,"Struck by two uncrewed aerial devices causing damage to the vessel, one container was on fire and no injuries.",Confirmed by Houthis' statement
529c7e17b30bacc2,bd13de38ed2fa5df7b897ed587d702fd920c8d30940eaea493a33edfcb65aaff,2024-03-06,IMO Member States Incident Report,shipping disruption,RED_SEA,Struck by an uncrewed aerial device causing a fire onboard and the crew to abandon the ship with 3 fatalities and 4 injuries. The crew were rescued from their life raft by a navy ship.,Confirmed by Houthis' statement
5897b7a3c0aceece,e24ad805355fa92ef561b2ada8d4005bd38c1b259aaaae6a71403b1c693cd48b,2024-03-08,IMO Member States Incident Report,shipping disruption,RED_SEA,Attacked by an uncrewed aerial device which impacted the water with no injuries or damage.,Confirmed by Houthis' statement
68ecbef3933af6e8,a5a54616db56749c9eb3dc5c428a7d9cfa494bd512b3076c456aa13e77f20449,2024-03-11,IMO Member States Incident Report,shipping disruption,RED_SEA,Attacked by an uncrewed aerial device which impacted the water with no injuries or damage.,Confirmed by Houthis' statement
bc09679ea8da8c90,d9f9669a68674e36fbd4ba8a1b661bba4eaf0459eadd3059bc2c18f7e5cd9b16,2024-03-15,IMO Member States Incident Report,tanker attack,RED_SEA,Attacked by uncrewed aerial devices which impacted the water three times a day with no injuries or damage.,Confirmed by Houthis' statement
e04387d5c7c0620d,07e74a5949021ec286001d3e54641dc04175bb0918db822d4fb6003c4a105ea5,2024-03-23,IMO Member States Incident Report,tanker attack,RED_SEA,"Struck by an uncrewed aerial device causing minor damage to the ship, but no casualties.",Confirmed by Houthis' statement
0b6834976e44ae16,ced1c949ecf413afabec903b48e85dd135ed6dfb60b33fdb5e171979009cab08,2024-04-06,IMO Member States Incident Report,shipping disruption,RED_SEA,"Attacked by three separate uncrewed aerial devices, two of which impacted the water and one was intercepted by a warship near the vessel, with no injuries or damage.",Confirmed by Houthis' statement
e60dd743526ab110,80fe56130d9da15545807c26f8d08c7d789f38de3ef946fe1be2b56554fefcbd,2024-04-24,IMO Member States Incident Report,shipping disruption,RED_SEA,Attacked by an uncrewed aerial device intercepted by a warship near the vessel with no injuries or damage.,Confirmed by Houthis' statement
7537f6d9d75b4e10,dd1207ccfc45904fffaaa47356080e55be68cd2f2d1db84f6a0af5fb748bc4f6,2024-04-25,IMO Member States Incident Report,shipping disruption,RED_SEA,Attacked by an uncrewed aerial device which impacted the water with no injuries or damage reported.,Confirmed by Houthis' statement
bcea41859df1133a,b20b2712076edd7d758eed96bc041c1e834ac5abc581784cdc6f9dd60115cdda,2024-04-26,IMO Member States Incident Report,tanker attack,RED_SEA,Struck by several uncrewed aerial devices causing severe vibration and sparks with no injuries or significant damage reported.,Confirmed by Houthis' statement
a761fc39e96f3a72,3ea73caf62ba744e747bfa28d65343104e7d090b403d493b13c0cff11573a426,2024-04-26,IMO Member States Incident Report,shipping disruption,RED_SEA,Struck by an uncrewed aerial device found lying on the deck of the vessel with no injuries or significant damage reported.,Confirmed by Houthis' statement
1f14af2dfd3eaaef,6cd406318910fba409d6c11e8e36a304ec4aceed81f766d57ddc845b25d0e20c,2024-04-29,IMO Member States Incident Report,shipping disruption,RED_SEA,"Struck by several uncrewed aerial devices causing minor damage in way of aft port side accommodation area, but no injuries reported.",Confirmed by Houthis' statement
2f479aaa98c98c63,b4ec4e7ce243ed66ef1a93b7921920312218adf327599f57f4df864240757a5f,2024-05-23,IMO Member States Incident Report,shipping disruption,RED_SEA,Attacked by an uncrewed aerial device causing an explosion few meters off the vessel's port side with no injuries or damage reported.,Confirmed by Houthis' statement
f56b4ed30a1b28a3,a2735100177e6c83a4117e07bc21215dc09c92f4dd3137b0da5d0451da94db49,2024-05-28,IMO Member States Incident Report,shipping disruption,RED_SEA,"Struck by uncrewed aerial devices on the side of a cargo hold, in two separate multiple attacks, which caused losing cargo and taking on water but seaworthy and the crew safe.",Confirmed by Houthis' statement
e75394c0a5986d88,80359e14b0737310ac287b42b44bc23e5816af8b80d6628f917f634fe8e34c45,2024-06-06,IMO Member States Incident Report,shipping disruption,RED_SEA,"Attacked by two separate uncrewed aerial devices, one of which exploded two cables from the starboard bow and the other above the ship's superstructure, with no injuries or damage.",Confirmed by Houthis' statement
3cf7982f011602bc,ffa6cab9d33daa119419e79a6f72af62b781470dbcb5a08339dfd8d51ea064a7,2024-06-08,IMO Member States Incident Report,shipping disruption,RED_SEA,"Struck by an uncrewed aerial device causing damage to both the vessel and containers on board, with no injuries reported.",Confirmed by Houthis' statement
9ab196e8ec988718,234bfe5b1f2175f3fbd91be7f6bd51d6e28826e3838f38160d47ed486684e2f1,2024-06-08,IMO Member States Incident Report,shipping disruption,RED_SEA,"On 8 June, struck by an uncrewed aerial device on the starboard bow which caused a fire onboard that was extinguished by its own means, with no injuries reported. On 9 June, attacked by an uncrewed aerial device which hit the water directly next to the vessel causing shrapnel damage to hatch coamings and other areas in direct vicinity with no injuries reported.",Confirmed by Houthis' statement
3d1cb3f4500dfe5a,c2c4c48c4b8c05fdf64f3f71d46afdcd3f97b70770306d24d795c07371e601bd,2024-06-12,IMO Member States Incident Report,shipping disruption,RED_SEA,"Struck by an uncrewed surface device on the port side by the engine room that caused flooding. And then struck again by an uncrewed aerial device on the starboard side, resulting in not under command. One crew member is unaccounted for. The remaining crew were rescued by a navy ship. On 18th June, the vessel sank.",Confirmed by Houthis' statement and video released
60e4ae9e13912fba,36c5cbc96e1e68e5545a85dde01ec579cd0c7936154d5b9841f416db4fc4a12c,2024-06-13,IMO Member States Incident Report,shipping disruption,RED_SEA,"Struck by three uncrewed aerial devices (the first on the cargo hold, the second on the main deck from the starboard side and, the third on the aft part from the starboard side) causing damage to the vessel, including a fire in the cargo hold, with one minor shrapnel injury and one serious injury requiring evacuation.",Confirmed by Houthis' statement
4a85672068d8c877,91e2645c3544eec0dbf4ef443cffa995d4280167503eceebfbce396289e47831,2024-06-13,IMO Member States Incident Report,shipping disruption,RED_SEA,Attacked by two uncrewed aerial devices which exploded 50 meters away from the vessel causing minor damage to the bridge window with no injuries.,Confirmed by Houthis' statement
24f8f89f628ab964,a65ffab636ac95902798acb232bf066c2eebd2b3d1c98919aee09c06e8ba109d,2024-06-23,IMO Member States Incident Report,shipping disruption,RED_SEA,Struck by an uncrewed aerial device on the port side deck areas which caused some damage to one of steering pumps and Electronic Chart Display and Information System (ECDIS unit). The navigation was limited but possible. There were injuries but none that required immediate medical evacuation.,Confirmed by Houthis' statement
e36b5ba1a336ca96,713359bebc03f85dd255a697798afc6be21d224b3198ff0c93e8a1ba9a37cf93,2024-06-24,IMO Member States Incident Report,shipping disruption,RED_SEA,"Attacked by an uncrewed aerial device which landed approximately 50 meters off the vessel's starboard side, with no injuries or damage.",Confirmed by Houthis' statement
53c8f63e28eb4098,dfdb1397367d872d67ec0f938690fd1a6ce43f0d6f9f742a71f384f7aedda566,2024-06-27,IMO Member States Incident Report,tanker attack,RED_SEA,"Attacked by a total of five uncrewed aerial devices which missed, with no injuries or damage.",Confirmed by Houthis' statement
d850fb476432ef31,ab405cd52930af4fd753e6cb068e1c693ee20ecf003ad3d2134a0d0607790044,2024-06-27,IMO Member States Incident Report,shipping disruption,RED_SEA,"Attacked by an uncrewed aerial device which fell at around 10 meters away from the vessel, with no injuries or damage.",Confirmed by Houthis' statement
4d0f6ae8da7f21e4,571672e02a1b1e4463ca984bfb5687fd32e6abac0ce32a1edc7256b303a8c77d,2024-07-09,IMO Member States Incident Report,shipping disruption,RED_SEA,"Attacked by an uncrewed aerial device which exploded in close proximity to the vessel, with no injuries or damage.",Confirmed by Houthis' statement
abea703b690cc924,1eaab49ade7a6c40b789af05781f1eefa48d4b965b1db767afef739fe79951f0,2024-07-15,IMO Member States Incident Report,tanker attack,RED_SEA,"Struck by an uncrewed surface device on the hull twice and attacked by two skiffs with three visible men. Subsequently, attacked by three uncrewed aerial devices which exploded in the water in close proximity to the vessel. No casualties or damage were reported in these multiple attacks.",Confirmed by Houthis' statement
ff95a27ba93d99de,4d27f51227a66606f40581ceb8d1464fba5afc5bbe5bba47ffb52610096673f6,2024-07-15,IMO Member States Incident Report,tanker attack,RED_SEA,Attacked by an uncrewed surface device which exploded at the port side of the vessel. The vessel suffered substantial damage. The crew were reported safe.,Confirmed by Houthis' statement
90215da6e582b581,e84d0ffc7dd15ff80eabbb8a6bbaa161606dde6cb0de197543e03b6fe0c828a1,2024-07-19,IMO Member States Incident Report,shipping disruption,RED_SEA,"Struck by uncrewed aerial devices causing a fire onboard which was extinguished by the crew, with no injuries reported.",Confirmed by Houthis' statement
7d79f0febb6a53da,d8c7351c0e8aedb493050141d82361b52d92716d9b26b6e05a3b71d80852d82a,2024-07-20,IMO Member States Incident Report,shipping disruption,RED_SEA,"Attacked by an uncrewed aerial device and an uncrewed surface device, both of which exploded in close proximity to the vessel. The crew were safe and the vessel resumed its planned voyage.",Confirmed by Houthis' statement
66cc3cffb54ae7ca,dcfbc32755993159ec5bed32944e42546f7e7de1cc4fef2088147331393f63e2,2024-08-03,IMO Member States Incident Report,shipping disruption,RED_SEA,"Struck by an uncrewed aerial device. The vessel sustained damage to one cargo hold and containers were reported to be on fire inside the cargo hold, which was brought under control. The crew were reported safe.",Confirmed by Houthis' statement
5335bd8fa14ecb0c,a0b85052840a39fb1f9e081ba6455763105ee7c03ef2ef67af81fa2efe29a0e5,2024-08-13,IMO Member States Incident Report,tanker attack,RED_SEA,"Attacked by an uncrewed aerial device which exploded in the port quarter, causing minor damage to the lifeboat and davit with no injuries.",Not confirmed by Houthis
6b173c431ceb6429,8655844e542eae84f40d9a4c2752eb5262dfb20354f32f103f0ee224249f0b4e,2024-08-21,IMO Member States Incident Report,tanker attack,RED_SEA,Struck by several uncrewed aerial devices which caused a loss of engine power and fire onboard leading the crew to abandon the ship. All crew members were rescued by another ship with no injuries. The Houthis boarded it on August 23 and planted explosive charges on it. Vessel at anchor. Fires still burning.,Confirmed by Houthis' statement
a85d3dabefcb9424,af26813c47d057ff3bebe14a8d82fcbaf9e8327dbda1c37f26cdaeeecf03301b,2024-08-22,IMO Member States Incident Report,shipping disruption,RED_SEA,Attacked by an uncrewed surface device taken down by the onboard armed guards and exploded approximately 10 meters from the portside. The vessel sustained minor damage and the crew were safe.,Confirmed by Houthis' statement
b72df48739d635cb,8cbc76e6dfc5998ced0e785ddf6491b6b11c1e9d5eedb8c81bfd41d6542567a7,2024-09-02,IMO Member States Incident Report,tanker attack,RED_SEA,Attacked by uncrewed aerial devices exploded in close proximity to the vessel. The crew were safe and the vessel resumed its planned voyage.,Confirmed by Houthis' statement
a307bff1fcb3253a,27a17ed98466dc9cbaf53cd7f8b436e8e49d8314b794f15b5efecf936d3845d4,2024-10-01,IMO Member States Incident Report,tanker attack,RED_SEA,Struck by an uncrewed surface device punctured Number 6 port ballast tank. The crew were safe and the vessel resumed its planned voyage.,Confirmed by Houthis' statement
7aa89d71965ee721,08c3532f506659bb402b8fa091ce2a00bad34f0204f5c544cf5158911dc043d1,2024-10-10,IMO Member States Incident Report,tanker attack,RED_SEA,Struck by an uncrewed aerial device but seaworthy with no injuries reported.,Confirmed by Houthis' statement
cab83156f70f9c2b,854033384722ee12438a14e010a475f70269b39dec80831ee29e21bde70bc69e,2024-10-28,IMO Member States Incident Report,shipping disruption,RED_SEA,"Attacked by three uncrewed aerial devices which all landed within 150-250 meters of the vessel, with no injuries or damage reported.",Confirmed by Houthis' statement
db9d37971f5faabd,4c3a08a4b90ffe84fe578bc2f65b7aa603954a295281dac14642c667a76471a2,2024-01-01,GDELT Red Sea Download,armed conflict,RED_SEA,GDELT Event 192 between USA and nan in EG,
4f8dd502e5cb12dd,05b38dc127fbbd96bd83eaeb27e0b9913916e98bf0d389dc6b901bd27d4b08c1,2024-01-03,GDELT Red Sea Download,armed conflict,RED_SEA,GDELT Event 195 between nan and DJI in DJ,
5773fb5b0ee2cc95,c6e7716b647e43c22f4a7e29e79740c988c71c8c36c08802eddfd2feec466341,2024-01-03,GDELT Red Sea Download,armed conflict,RED_SEA,GDELT Event 195 between nan and nan in DJ,
f76fa74970714644,4fa6c1a385583dc33b226a5aa759c5a4f103496ace22cfd73fc74998a614a8d3,2024-01-03,GDELT Red Sea Download,military escalation,RED_SEA,GDELT Event 130 between SOM and nan in SO,
750f73a0c2e87567,c5bacf816ea706fa421d35ef2a7856244d7ef1c2db88486ffed400eee8fbd086,2024-01-04,GDELT Red Sea Download,armed conflict,RED_SEA,GDELT Event 190 between GBR and nan in YM,
76c4cba4b7d106ca,6dfbc5b98d426ee7fddc994032d087e7a6fe37859d73af5d477784d124f5aa6d,2024-01-04,GDELT Red Sea Download,armed conflict,RED_SEA,GDELT Event 194 between nan and nan in DJ,
2f12f4ea77ef2e2e,45411e0dd87da3cd502fe2c589e2ce1a1ec1ff1e096a57d9dce245ef47d5987c,2024-01-04,GDELT Red Sea Download,military escalation,RED_SEA,GDELT Event 130 between nan and nan in DJ,
7439b5407a803681,837acebfed9c729a329cf255982034546992e28ccd4b5a8fe3784e78b037d005,2024-01-04,GDELT Red Sea Download,armed conflict,RED_SEA,GDELT Event 190 between USA and IRN in YM,
fe3c73c7c817366c,f878d74d75bb09672129349701cbfecee7e47b109699d814f055bb302a5d7392,2024-01-05,GDELT Red Sea Download,armed conflict,RED_SEA,GDELT Event 190 between IRN and nan in DJ,
e91c7eee54b07d3c,99410e1ec56a8e326ba2f029b1a8d3cbb2e19fe91c9ea2b2045f4c8f3e6de108,2024-01-05,GDELT Red Sea Download,armed conflict,RED_SEA,GDELT Event 186 between nan and EGY in EG,
7ba251ebb3dafdff,0495d3c31695c518e7118c31fd1a55c5db5d328c5a39ed9b7388954cf9796ec7,2024-01-06,GDELT Red Sea Download,armed conflict,RED_SEA,GDELT Event 190 between ISR and nan in YM,
255829c2f135a029,bcbb923b4c1067f4d5f98f484f941d3db2fa5f09d21dc438ec89ced7a5e916e8,2024-01-06,GDELT Red Sea Download,armed conflict,RED_SEA,GDELT Event 190 between ISR and PSE in YM,
a4ccd327d7ac96c2,99271983210741da21ffe80a29752da67603dfe4bca12d1330fa51eac78cca2e,2024-01-06,GDELT Red Sea Download,military escalation,RED_SEA,GDELT Event 138 between nan and YEM in IT,
4a8011e62882ea0a,84a99182744a50ce3a22374e19a92bb9681b7965a8c492224f5c731eaa3dc129,2024-01-06,GDELT Red Sea Download,military escalation,RED_SEA,GDELT Event 130 between YEM and nan in IR,
d4efaa083fb9c99b,cc3ff847eb60317888c11723882a5d2e790716a43516bb2f86c7f2a44d8ca7d8,2024-01-06,GDELT Red Sea Download,military escalation,RED_SEA,GDELT Event 130 between YEM and nan in YM,
cf214b25fe5418a5,20461c54de350cb410c0d1610a574fe58aaa702f0a9cc398be9fb7bcaf5bdce2,2024-01-06,GDELT Red Sea Download,military escalation,RED_SEA,GDELT Event 130 between YEM and DJI in YM,
3f13379ff56c9bf0,8390f217230aa4b2f0fc2ff8662a98af40b4f7c7f4be56be48e8a8bff4dfd6de,2024-01-08,GDELT Red Sea Download,sanctions,RED_SEA,GDELT Event 172 between nan and EGY in EG,
fe664b25927b909f,dd79e823113f429efcfa2f0b3fc5b6de9f32b0cba68d0275fa393a4045a7827e,2024-01-08,GDELT Red Sea Download,sanctions,RED_SEA,GDELT Event 173 between LBY and nan in ER,
3e78f6ca59992d3d,0e104e0490382767d7a3044d9d67040a0a8fa38c7f318d6d0bdf30e3c5c066e8,2024-01-10,GDELT Red Sea Download,armed conflict,RED_SEA,GDELT Event 193 between nan and EGY in DJ,
57823017ff6661d3,7fec3f17f948203e5b7b14847eb997655598a5ffdddee2bcb40982d3d1f8b389,2024-01-10,GDELT Red Sea Download,armed conflict,RED_SEA,GDELT Event 194 between GBR and YEM in DJ,
3c8b860bfdd3c66d,02064a759c7d102f19234296345e757b6a502c6294aea941aa5a895adf5a8f30,2024-01-10,GDELT Red Sea Download,armed conflict,RED_SEA,GDELT Event 190 between ISR and nan in YM,
e853f244e0609139,8154b2451a7f36b2b412943a789a9b04a6dd50f945660604c942eb3bd54f5f5c,2024-01-10,GDELT Red Sea Download,armed conflict,RED_SEA,GDELT Event 180 between nan and IRN in DJ,
d0fc8098830f7a20,2a7d3d3026c38cfff50c3a344326a3cb8f3d701d9d2abf72f422b0b6c0cda821,2024-01-10,GDELT Red Sea Download,armed conflict,RED_SEA,GDELT Event 190 between nan and IRN in YM,
be3c8d3dd81a4b12,077853e0d4ea6b9884a572b8e6acd2b182c46f181316b162b709be107b6d60b2,2024-01-10,GDELT Red Sea Download,armed conflict,RED_SEA,GDELT Event 190 between PSE and ISR in DJ,
9bb064159ea2fc1f,2d09c1e2b6b85ea506cdb76b2c13c5c53ae405a95941990bda2fb56fbf44b11c,2024-01-10,GDELT Red Sea Download,armed conflict,RED_SEA,GDELT Event 193 between USA and nan in YM,
8a0675133c5e4e03,3aea6faf8be02ef4461e36d541a4493b39334caf13fdcda5087103851e1fbb7c,2024-01-10,GDELT Red Sea Download,armed conflict,RED_SEA,GDELT Event 194 between USA and YEM in DJ,
93d2d471f8fabd03,2bdf8cc967299c177b4b35f919044066e20361f217c44561e50af11a00f0994a,2024-01-10,GDELT Red Sea Download,armed conflict,RED_SEA,GDELT Event 180 between YEM and DJI in IS,
62c3c1753a860380,7dd9056cf314a6e0d064798521db27c0a2a27cc8da015aff6406a1c364fd352d,2024-01-11,GDELT Red Sea Download,armed conflict,RED_SEA,GDELT Event 192 between CAN and nan in EG,
f4bbe85c11ada1e7,235873658f73da55de45a96555a467b8d4d47ae321417a35670197b5fe592333,2024-01-11,GDELT Red Sea Download,armed conflict,RED_SEA,GDELT Event 192 between CAN and EGY in EG,
a37483d663f9aa42,73bf568132a4cb809b7d0303bf530caaf03a5fdbc5cd2ac101278df991425059,2024-01-11,GDELT Red Sea Download,military escalation,RED_SEA,GDELT Event 130 between GBR and DJI in YM,
5a220dcb8d735035,91b14e821611f16d74aa4c57ca1286a26a8de9674805c1ca5e73585604a1b5e3,2024-01-11,GDELT Red Sea Download,armed conflict,RED_SEA,GDELT Event 190 between GBR and YEM in DJ,
88f1c6e3163a0ef7,919b9b051bc0c7fdc30bcb39bfa6620deccf6f07436ef767236847683c5d4b99,2024-01-11,GDELT Red Sea Download,armed conflict,RED_SEA,GDELT Event 190 between GBR and YEM in YM,
8ea5471d42671077,846b15faac614bc7b5abbdde69d4f94f46bc720f52d79087da3962ad370dead5,2024-01-11,GDELT Red Sea Download,armed conflict,RED_SEA,GDELT Event 190 between GBR and DJI in DJ,
a381b958013e4f43,eb5b1c8a4c058a6001415a38de2eaf51dadaf1a89ffe2e511e9dc63327dbebd9,2024-01-11,GDELT Red Sea Download,armed conflict,RED_SEA,GDELT Event 190 between nan and nan in YM,
6d545156341bf025,ef5783809c9ea06ed14bb02b95b174dac69ea68f95282e7ab48b0f46338cc071,2024-01-11,GDELT Red Sea Download,armed conflict,RED_SEA,GDELT Event 190 between nan and nan in YM,
1b9bd9aecc471329,a9bb67f53c99f08fe1883c3a54183bbbb8b85c75096ef2710512bffb37ea24f9,2024-01-11,GDELT Red Sea Download,armed conflict,RED_SEA,GDELT Event 190 between nan and YEM in YM,
7eb9330ef5b40d07,13f371e23c12a41c532f9a85803ad82b56ac248bae7ad00a03d6bd5ec657407c,2024-01-11,GDELT Red Sea Download,armed conflict,RED_SEA,GDELT Event 190 between nan and YEM in UK,
413c80db5e3f21ed,954ca5b60db4f45dd457b5123df7aeda8adb1ed4eb71f6b22f1e2cc8e434a31b,2024-01-11,GDELT Red Sea Download,armed conflict,RED_SEA,GDELT Event 190 between nan and YEM in IS,
7bdc8606cdf8cd6f,2ee0ef01eb34df216897a3a25392254ba761d29abc02d79cd003de4cbe5ab0d1,2024-01-11,GDELT Red Sea Download,armed conflict,RED_SEA,GDELT Event 190 between nan and YEM in YM,
1777336184f81732,381cc2ef2397096b50bc7ab7a7c4d67e025cc1de22f73d11373c2905a6542767,2024-01-11,GDELT Red Sea Download,armed conflict,RED_SEA,GDELT Event 190 between nan and nan in YM,
02060bc39c8de448,26df979a1d089d0f00c9ed64c9d6695695be175bba6e8ac0891f282feddaf295,2024-01-11,GDELT Red Sea Download,armed conflict,RED_SEA,GDELT Event 193 between nan and GBR in DJ,
e0dbead52c08c247,139def2973e7eed8365bc27602510c0f8bebfce7b9bf5c7085661f1e9a88b91e,2024-01-11,GDELT Red Sea Download,armed conflict,RED_SEA,GDELT Event 193 between nan and nan in DJ,
0eb9f44e669ec6de,5bc4db9cb8cd586f096aec9fd55a53c38fa1e9e13313bafb5d71562180ed1448,2024-01-11,GDELT Red Sea Download,armed conflict,RED_SEA,GDELT Event 190 between USA and YEM in US,
be2cec39c2358c37,425ee8e9ac0715f41c66bf8d7a8d543f58010531d77db99f6c477a11a6b3baf5,2024-01-11,GDELT Red Sea Download,armed conflict,RED_SEA,GDELT Event 190 between USA and YEM in US,
261c2f614ed424d1,d3774b27f4019bb274e220f36b6566efa07253a53832cd4cf1a3e77733295747,2024-01-11,GDELT Red Sea Download,armed conflict,RED_SEA,GDELT Event 190 between USA and nan in YM,
8faac77767b80460,3ca2b10d67c9f68695f1bef493af9a9084b73bea7b3d5d07b4b15d1eb4589507,2024-01-11,GDELT Red Sea Download,armed conflict,RED_SEA,GDELT Event 190 between USA and nan in YM,
cc69fd7950c92334,172c1dceed02e07ecc12c85c02758272dd915aafbb11da15f0be67adbb13214c,2024-01-11,GDELT Red Sea Download,armed conflict,RED_SEA,GDELT Event 190 between YEM and ISR in UK,
86fb64ae6305004a,c765a006b23494260226b4714029a507492f6b82d138f700316afed185e3131c,2024-01-11,GDELT Red Sea Download,armed conflict,RED_SEA,GDELT Event 190 between YEM and nan in YM,
40cf850a4654be5e,a54c8653f4ce6e0c3ed2725c1c5065e599a7d799b52bcb217abe1f3687a105dd,2024-01-11,GDELT Red Sea Download,armed conflict,RED_SEA,GDELT Event 194 between YEM and nan in YM,
4d0bff5076b6b86a,d0ea61392ce7f6c53906d6a353cd4defa7b32c9b7602fd2b5bbea1f899a5db54,2024-01-12,GDELT Red Sea Download,sanctions,RED_SEA,GDELT Event 173 between GBR and nan in EG,
6a4ce798176c154b,101d313f13c31dbc9473f725ad5158964e6a0726436d334055385f0992a1b457,2024-01-12,GDELT Red Sea Download,armed conflict,RED_SEA,GDELT Event 193 between PSE and ISR in YM,
f3b26eebaad07d8c,79172f08e4c225e662e13b9b6ad8648f9619599bd56c81d48c82428e36224b50,2024-01-13,GDELT Red Sea Download,sanctions,RED_SEA,GDELT Event 1711 between USA and YEM in YM,
515e0a06b3a59534,30f8a89a5e394b590d9465288942fb94f96912fb16742b3b0bf47d791322b93c,2024-01-13,GDELT Red Sea Download,sanctions,RED_SEA,GDELT Event 1711 between USA and YEM in YM,
f85e80eddd454c9c,8dbdba6a1cb04de9cb106b8aa718de219f252f69f0acb3f2530eda08b1ac860e,2024-01-15,GDELT Red Sea Download,armed conflict,RED_SEA,GDELT Event 190 between nan and nan in YM,
1707657bc79960a1,a31d79dcf63a9b13e28cb2eaac930f28dfc7edaf45d5e671496860279db22e95,2024-01-15,GDELT Red Sea Download,armed conflict,RED_SEA,GDELT Event 194 between nan and DJI in DJ,
412554059c6aaeca,51d62bd699ca2bce1f538f10a70870d0f653fe513df581fcdbd0240233a013dd,2024-01-15,GDELT Red Sea Download,armed conflict,RED_SEA,GDELT Event 190 between nan and nan in YM,
318c4dcb633d2d7e,3219c2d75d6cde240ca8767af5486e30f271b9becf123b78e2cf6db750f93499,2024-01-15,GDELT Red Sea Download,armed conflict,RED_SEA,GDELT Event 193 between nan and EGY in EG,
da3b9bbb5cb77d11,27a9a0e42c13921926e9348b517cf0c4341e4026ea9eb3ee44ca44d75ccb5f14,2024-01-15,GDELT Red Sea Download,armed conflict,RED_SEA,GDELT Event 193 between nan and EGY in EG,
ccb23d24bcd33bfa,79ff57a4fc71a4cf250fc9e5fb531150d5f039fe3cda8a70d89d148a0875cf9e,2024-01-15,GDELT Red Sea Download,armed conflict,RED_SEA,GDELT Event 194 between DJI and nan in DJ,
109bea5b539e26ca,efb4f5abdf18ed1d600dfb14dae0f94db2f6ea83586bbce74a50fe8ef6d9d90c,2024-01-15,GDELT Red Sea Download,armed conflict,RED_SEA,GDELT Event 193 between EGY and nan in EG,
d1fa1aac229102d2,fcbe5bc72fab565939f18a700deabe50b564de60335d3d616adc0d10a1ecf32a,2024-01-15,GDELT Red Sea Download,armed conflict,RED_SEA,GDELT Event 190 between GBR and YEM in US,
0fb13db74ea8184e,d9e04aef854852b8648e8c23df72c53a726a5fd5f89b2175354f35339b58f635,2024-01-15,GDELT Red Sea Download,armed conflict,RED_SEA,GDELT Event 194 between nan and IRN in YM,
b7d93938526480b2,fc29a85f045531014fd9e68f902abd47e206b030d76680f825e904fd7a999b48,2024-01-15,GDELT Red Sea Download,armed conflict,RED_SEA,GDELT Event 190 between nan and USA in YM,
e79ba93b6b3d976b,ed80487089d06620e5cbe77d45b5dfa2a56aafcf946485aaa663dbbcc20f6eaf,2024-01-15,GDELT Red Sea Download,armed conflict,RED_SEA,GDELT Event 190 between nan and USA in YM,
5e71b47c2bbe967d,2920d954643d7c177931db3f1ac703288f473fc67b339b95850d23779d05e79d,2024-01-15,GDELT Red Sea Download,armed conflict,RED_SEA,GDELT Event 190 between USA and YEM in US,
51435707e99fcabb,24e91d5eb10ec95ab0942e9b8b56322b72c7e6dd612b3d034b56643ac318a6d1,2024-01-15,GDELT Red Sea Download,armed conflict,RED_SEA,GDELT Event 190 between USA and YEM in YM,
9ed206b4297fb54a,daa06aba71cce1e4846130b2cc7a6ecdbc59d471534965ff6cabbfb202f774b6,2024-01-15,GDELT Red Sea Download,armed conflict,RED_SEA,GDELT Event 190 between USA and YEM in US,
dcf7db2b72a34109,07b2d73d971818a73d8be546af6b8d9d9f4e3eb7e6c345e2abc2daecfb344046,2024-01-15,GDELT Red Sea Download,sanctions,RED_SEA,GDELT Event 1711 between USA and YEM in US,
abf057d5006f7d7d,bb1fab632cef77ba1fed49d1430a036ba7489f0566db5bfebad072a8314c1cf2,2024-01-09,GDELT Red Sea Download,armed conflict,RED_SEA,GDELT Event 190 between GBR and YEM in UK,
193d7bfc086a1f69,cfd652105f11e0740c6c07264e935f7573bca879650fc0679a71dea1721d59cb,2024-01-09,GDELT Red Sea Download,armed conflict,RED_SEA,GDELT Event 190 between GBR and YEM in UK,
5da484a87f7fd456,e06d8d20a299e625511271be76224d6a00903c37f7778fbb47f930293baf8397,2024-01-16,GDELT Red Sea Download,armed conflict,RED_SEA,GDELT Event 194 between DJI and GBR in DJ,
37fa0646e606ffbb,d75c2a84d4728b94622513ee4b47de9077d17ae9f6a8e6cce0dd97f9c103dabf,2024-01-16,GDELT Red Sea Download,armed conflict,RED_SEA,GDELT Event 190 between DJI and ISR in DJ,
a8fdc3261c289c99,d3ff94ed7a99e3c12da8c4058368f5ee7529f472bfc105fc52519a974fee49b1,2024-01-16,GDELT Red Sea Download,armed conflict,RED_SEA,GDELT Event 190 between EGY and nan in EG,
ccdb1d6c793a9fdf,f50353826463ce57daf5c0f73d3ec967ad7a96645b644ba90fe95776c5f01a30,2024-01-16,GDELT Red Sea Download,armed conflict,RED_SEA,GDELT Event 190 between nan and nan in EG,
5b0be00ec5c6ccb9,b2fddbf79aeadd609af44a3500da8f4e92d391f6371f853ac14298f17963ea76,2024-01-16,GDELT Red Sea Download,military escalation,RED_SEA,GDELT Event 130 between ISR and YEM in IS,
2dcbc0b95e7cbe74,6c727de50dcbfdf48dabba2560ead1c7736f647a817546f42fe1274dd2ed7235,2024-01-16,GDELT Red Sea Download,military escalation,RED_SEA,GDELT Event 138 between ISR and YEM in IS,
0574799e68c405c0,8444dac6f0d84c7b0d578106e98480a135a4846e19f9edd4ad06aafaba7c4647,2024-01-16,GDELT Red Sea Download,military escalation,RED_SEA,GDELT Event 138 between ISR and YEM in US,
ea3d31350c04825e,98536efddb58507ec36f405070767927368ce54275804505b497b757baea6776,2024-01-16,GDELT Red Sea Download,armed conflict,RED_SEA,GDELT Event 190 between nan and nan in EG,
dd0b087630e3816b,d97a0622ed1baf0f1b9903e76cdda80fb8878641c7df7b66f7bf62be5ebb40dc,2024-01-16,GDELT Red Sea Download,armed conflict,RED_SEA,GDELT Event 194 between nan and YEM in WE,
a3aa4f79fed612cd,75c79e74c202dd4c135df0cb1a65b45c2a39de812df8851f2797adf9d387ef85,2024-01-16,GDELT Red Sea Download,military escalation,RED_SEA,GDELT Event 130 between PSE and YEM in IS,
b4e9084e43b079b1,6a72c073afe18c10d1f9d9f51578585c50f7f9f03ec29f087829cc33c7929a77,2024-01-16,GDELT Red Sea Download,military escalation,RED_SEA,GDELT Event 138 between PSE and YEM in IS,
1ee5e5b151087f44,1df024c741de823944cc85d9a0ee3b9d84ec5cd82e504d7fc74242e994dfbbe5,2024-01-16,GDELT Red Sea Download,military escalation,RED_SEA,GDELT Event 138 between PSE and YEM in US,
623bc5d6f9c61893,cb53a8d493eea481717a33eb19f9ba6eaeb8fbcf002427ee2c1723d1597edfe0,2024-01-16,GDELT Red Sea Download,armed conflict,RED_SEA,GDELT Event 190 between nan and GBR in DJ,
aedaf3ca9346f17b,20f1600767fea677e9589e9adda193970aff9d6b7a9513697d0fa896f38ae3af,2024-01-16,GDELT Red Sea Download,armed conflict,RED_SEA,GDELT Event 190 between USA and nan in EG,
c971e1913e1d7856,ea3b629539a8c830117cb42f80fd25fe3779881fffaa6c809fdb83c57acd815f,2024-01-16,GDELT Red Sea Download,military escalation,RED_SEA,GDELT Event 138 between YEM and nan in IS,
15f05fb43dc6bc96,946bcb2f6d3010aa985ed449954d066a727afb4668e22d612f12e6ff1096a4ee,2024-01-16,GDELT Red Sea Download,armed conflict,RED_SEA,GDELT Event 190 between YEM and nan in IR,
179da62606fe4ef9,69e2878b8af59c49498ae530a425ec7c5f82589fe87227c7ccee328c5c55e183,2024-01-16,GDELT Red Sea Download,armed conflict,RED_SEA,GDELT Event 190 between YEM and nan in US,
3b983e636d0a416e,b887704de08695c93cff14aa066d80c2d4e60560bb668c268a8ec8f9843a6e8a,2024-01-16,GDELT Red Sea Download,armed conflict,RED_SEA,GDELT Event 190 between YEM and nan in US,
bdfc6cb25f2a3d15,9ba4aed5be1ea5a9e6e4d1963f825f2b8711151fc4da0aa89c3ed7dc847c6545,2024-01-16,GDELT Red Sea Download,armed conflict,RED_SEA,GDELT Event 190 between YEM and DJI in IR,
6d7513d52e635c60,fe365ebe39441c7db560baf57429b779a52bd5927cd0658519e01af67f798c44,2024-01-16,GDELT Red Sea Download,armed conflict,RED_SEA,GDELT Event 190 between YEM and DJI in US,
e5748c662bac5ed3,efaef07be108f2b8d582737479086f41d98d4f5cb471c6c266d11eca3d8ebfe2,2024-01-17,GDELT Red Sea Download,armed conflict,RED_SEA,GDELT Event 194 between DJI and nan in DJ,
5a176996da445e4f,40d475a802d09d868f022afbfa8709ea32f92d2de4d244419b69f0d7036667ee,2024-01-17,GDELT Red Sea Download,armed conflict,RED_SEA,GDELT Event 194 between DJI and nan in YM,
9665ed69272dcc37,fa5d61749934b90a407a7990b36603127941b3083b5c4a656fcc12aebe32d5f6,2024-01-17,GDELT Red Sea Download,armed conflict,RED_SEA,GDELT Event 190 between DJI and nan in DJ,
b116993e19dd1007,a921aef6e5b50ff3d858cde3d0279a2b69bc61e413982709653a3bc15c48818d,2024-01-17,GDELT Red Sea Download,armed conflict,RED_SEA,GDELT Event 190 between GBR and YEM in YM,
4fef43f08bed91a7,399a7d5af38ae4dde7ff2ab6a66bdff484c9aacead5834340d676fb1e7f9ddfc,2024-01-17,GDELT Red Sea Download,armed conflict,RED_SEA,GDELT Event 190 between GBR and YEM in DJ,
98ebebb833908064,4327628d81d93ba9200f9e2a1364180ebd7256b81d1b3e6cdbb0f3e74ac0ec4c,2024-01-17,GDELT Red Sea Download,armed conflict,RED_SEA,GDELT Event 190 between GBR and YEM in IS,
7af4af89bb4dfa72,164c4e882cb37e418aa4907db5e7f2bd3478a622b5bae38e7206dfcf72609989,2024-01-17,GDELT Red Sea Download,armed conflict,RED_SEA,GDELT Event 190 between nan and USA in DJ,
e61c8369885619bb,1cacc15fd79331f1b485ea109a1feacdf76d892adf27757ffb0219776c7d83ed,2024-01-17,GDELT Red Sea Download,armed conflict,RED_SEA,GDELT Event 190 between nan and USA in YM,
9aac0f65e93a7d11,1270089b49fdcf93db1bb689770793a3d31d964ac224728cc4e28ccfc820012c,2024-01-17,GDELT Red Sea Download,military escalation,RED_SEA,GDELT Event 138 between USA and nan in DJ,
ad8c12c9fdf5b40f,3760f35c9155d9d23d1bd251d1e54e3859d2e1448a34c2ada269c90a9edfe277,2024-01-17,GDELT Red Sea Download,sanctions,RED_SEA,GDELT Event 1711 between YEM and nan in DJ,
031cf04e899f8a59,399ff273492d740ab7f0f2a6f2a869adee0bb6d1481b82f1b36ea0fc0e5c4328,2024-01-17,GDELT Red Sea Download,sanctions,RED_SEA,GDELT Event 1711 between YEM and nan in YM,
f3edc42958e62d2d,9eaf972ad693c34da44c5549e65d3e7bf56e760b771fa10d7c9a4ef200685c9b,2024-01-17,GDELT Red Sea Download,armed conflict,RED_SEA,GDELT Event 190 between YEM and DJI in IS,
4ac2c3a2236783db,fca06456bc56bd1ac8aba13a1c49ce201833858041b37367ec607d38e2113767,2024-01-17,GDELT Red Sea Download,armed conflict,RED_SEA,GDELT Event 190 between YEM and DJI in IS,
811cbcd4059dd01f,f7d2b5a839034f638a4acdbecdb9ae2c4542dd859e79d8d7b99e2091b3dd1d86,2024-01-17,GDELT Red Sea Download,armed conflict,RED_SEA,GDELT Event 190 between YEM and GBR in YM,
19f28e6b960476e3,60148538dc88de2c49234c3e5b991d710025ecb7e020d0514bf0f1a6c385a7c6,2024-01-17,GDELT Red Sea Download,armed conflict,RED_SEA,GDELT Event 190 between YEM and nan in DJ,
d0e25429e5ac17ba,1e09e9d69b66a646503ac91bf7059729338a983bd76ced5ff4216f3ca1e2e311,2024-01-17,GDELT Red Sea Download,armed conflict,RED_SEA,GDELT Event 190 between YEM and nan in YM,
27f2b1e296346265,87ca6f24c56fea9ac5db4a1c11cc302a74e41cfd6c354f09f3d32a7502a959a1,2024-01-18,GDELT Red Sea Download,sanctions,RED_SEA,GDELT Event 173 between nan and nan in YM,
4e9c98a4602e753e,a5521bb7b61127814fd3e7865093c7db060b683d9c54fb0a3aeb158f5ac71582,2024-01-18,GDELT Red Sea Download,armed conflict,RED_SEA,GDELT Event 190 between nan and SDN in DJ,
61f3c4357e81ac39,89f2d767e8aedab7ad060a82408f085d1a279cfaecd5ce3f4f2330ce206601ab,2024-01-18,GDELT Red Sea Download,armed conflict,RED_SEA,GDELT Event 190 between nan and SDN in SO,
eca15aeeeb944daf,8c5d7d8088f2da1b3855c4e6669625194e4cc91b7fa371fc0f75b0650a6cc3ef,2024-01-18,GDELT Red Sea Download,armed conflict,RED_SEA,GDELT Event 195 between DJI and nan in DJ,
6b90eef7d43ed2c8,7a28d1b40012cd0dae458528dd2f7259449820c2f2a8830f3bb8ff087bb07469,2024-01-18,GDELT Red Sea Download,armed conflict,RED_SEA,GDELT Event 190 between DJI and GBR in DJ,
f34b4515c4dd49e9,df93527c9bdad0ef9640c43fe2ede88c657ccf398cd1de7186f439dafced10e8,2024-01-18,GDELT Red Sea Download,armed conflict,RED_SEA,GDELT Event 190 between GBR and DJI in DJ,
670092a60039c442,366a7bd07ab6d6d8802fbe86ba524f2fcf68952310f7dcbacc263fef5a0c1e64,2024-01-18,GDELT Red Sea Download,military escalation,RED_SEA,GDELT Event 138 between GBR and YEM in UK,
d29a23894a16f048,eaad913d817758abec7ca17b0e7fb45b6ddb37b2b18660619a7c23de65eba095,2024-01-18,GDELT Red Sea Download,military escalation,RED_SEA,GDELT Event 138 between GBR and YEM in IS,
57cae7a2556eb923,5f35e57cafdf1194f17c5fb9ff3b5c5fe6cc87631e76ba4842d02206adc7bf18,2024-01-18,GDELT Red Sea Download,military escalation,RED_SEA,GDELT Event 138 between GBR and YEM in UK,
cc4d9648b0ab1c44,0df109cdbc0c6c9e2fb2eb7807c8bac5764546a7b2e7a3c40deee074a60548ca,2024-01-18,GDELT Red Sea Download,military escalation,RED_SEA,GDELT Event 138 between GBR and YEM in IS,
efc0d5957963321f,0b6f77e9b8ea0681973da43010931ff66aebf950f0640eb5555675e9453fb453,2024-01-18,GDELT Red Sea Download,armed conflict,RED_SEA,GDELT Event 190 between ISR and PSE in DJ,
07f2c70f27b06585,6dd45eaac30ed9556f714b6019b8aa5706d72a7eb72b38f179ddc5cb6ed52b41,2024-01-18,GDELT Red Sea Download,armed conflict,RED_SEA,GDELT Event 190 between nan and nan in YM,
be169dc5227ff968,f382055395f2af78545c59f6ca7eb4d2ce8e744f01f8e26ace9182f895cabb2f,2024-01-18,GDELT Red Sea Download,armed conflict,RED_SEA,GDELT Event 194 between nan and nan in YM,
a01225981421645b,d6fda23c5fe11ac8b6edbde98bd9a881e2dd24e4be5cfb713ac9f145449d3d0c,2024-01-18,GDELT Red Sea Download,armed conflict,RED_SEA,GDELT Event 195 between nan and nan in DJ,
4b7c83b507c6253e,2a5875f75ba7c4ca2b61b329e9cc65bfb05b8a77780919259288c7e827dc5eb7,2024-01-18,GDELT Red Sea Download,military escalation,RED_SEA,GDELT Event 139 between USA and nan in DJ,
0c8ce14ed8def5ed,ff535acd06309d4a45548a9c94e92be2d93057f4e397cfa581ec6528bf5f1c63,2024-01-18,GDELT Red Sea Download,military escalation,RED_SEA,GDELT Event 139 between USA and nan in YM,
b07cd14cc688043a,5815fa416d1c7234bdd603aa4a9dd7f8566e1e6d7f73d7b590ce2b152182ee76,2024-01-18,GDELT Red Sea Download,armed conflict,RED_SEA,GDELT Event 190 between USA and USA in DJ,
5fe529b626eed1f0,a3833a670121798316b45f40ab2f835f5309e39edbe8976f6be6991454efa820,2024-01-18,GDELT Red Sea Download,armed conflict,RED_SEA,GDELT Event 190 between USA and USA in DJ,
0805919d7026b1e2,c45207c66c92f08068edb75c878103cd05fe1df69888bab7d81819fa9bc77b84,2024-01-18,GDELT Red Sea Download,armed conflict,RED_SEA,GDELT Event 190 between USA and YEM in IS,
b2d920bba817be3a,fc87ea3b1336910209dbbdb4bc692625e86dfccd9ee32a8b0c8b652d9554ad18,2024-01-18,GDELT Red Sea Download,armed conflict,RED_SEA,GDELT Event 194 between USA and nan in DJ,
40a0c701afbe7c50,1deec8009605867a47108aa3f065c088cb24630327f1ca8bc7f8b5d6161baf3d,2024-01-18,GDELT Red Sea Download,armed conflict,RED_SEA,GDELT Event 194 between USA and DJI in DJ,
434e2364539e9a66,cdc41167884037786707a4d557c7d85499139d67d0d59f84771c2a1736fc3c80,2024-01-18,GDELT Red Sea Download,armed conflict,RED_SEA,GDELT Event 190 between USA and USA in DJ,
4c2a1818970b6f88,ec6a1900469ae7842eb388b1e0c7a013ec3a0ae0d787dd98b935e5da416c55f1,2024-01-18,GDELT Red Sea Download,armed conflict,RED_SEA,GDELT Event 190 between USA and USA in DJ,
25217a01b3e25c52,4613451549a8e1ea288dee4885b5b68076d4b0b2c13c57cf91f90dbde827abed,2024-01-18,GDELT Red Sea Download,armed conflict,RED_SEA,GDELT Event 195 between YEM and DJI in YM,
7525721e63a024f8,421f72b446ec43fc6f18417ede15434540d8cdfd7cfc6fc0ecf334bdb1c1b77c,2024-01-18,GDELT Red Sea Download,armed conflict,RED_SEA,GDELT Event 195 between YEM and DJI in IS,
058d6ad95ba24db0,4101ce2bdcfe6ddeb46b59183f6aee24dd45f18bf17f4156018b9416a955fbe2,2024-01-18,GDELT Red Sea Download,armed conflict,RED_SEA,GDELT Event 190 between YEM and GBR in UK,
c4fe371de5b081fe,77ea3a2488ecf34a6ea7dda405748131d8095f1d5ff9bdc97a1a13f4cc6ebfc8,2024-01-18,GDELT Red Sea Download,military escalation,RED_SEA,GDELT Event 138 between YEM and ISR in YM,
c1c89cbd4273c46b,713a2fb210addd508ef780579ad124d462a7cd036401d8ef83606ab2b628c13d,2024-01-18,GDELT Red Sea Download,armed conflict,RED_SEA,GDELT Event 190 between YEM and GBR in JA,
91a7394178553130,a553b5ab51f8c9d9eb97e7d353d0f1460721e01712e8e382b7136b9f745fbf23,2024-01-19,GDELT Red Sea Download,armed conflict,RED_SEA,GDELT Event 190 between USA and YEM in IS,
5e64d5b20fc5c72e,628929b76e5327eb1aab433ab67958bc533f1a23ba70c0916dc454c4ba22cace,2024-01-19,GDELT Red Sea Download,armed conflict,RED_SEA,GDELT Event 190 between USA and YEM in IS,
85fd3bf8ade72c56,51894542a20b8ff3cebd81c345205382041074ed62c36b8a7433874e8698d241,2024-01-20,GDELT Red Sea Download,military escalation,RED_SEA,GDELT Event 130 between IRN and ISR in DJ,
798f7fcd1b632112,6ccea465ee01f3cb524c4c434e1c8cae9170797d6c6a3d4434ee73ed62686a69,2024-01-20,GDELT Red Sea Download,armed conflict,RED_SEA,GDELT Event 190 between YEM and nan in LE,
89341c5d29083162,3340888281be64d8e1ea49677203cf3854daf34dc94c39fe4a7f9c11d20c7f72,2024-01-20,GDELT Red Sea Download,armed conflict,RED_SEA,GDELT Event 190 between YEM and nan in YM,
fbe44eac6bc287e0,925fd660eedea6604a271c10fcf7990142963af278762c605759d0581009872b,2024-01-21,GDELT Red Sea Download,sanctions,RED_SEA,GDELT Event 1711 between nan and YEM in IR,
dd1dd3bf5937c4d1,ce00ee3be4f5b853b32228965a347eb228e51f9fbff74b10743ff2ed756b18da,2024-01-21,GDELT Red Sea Download,sanctions,RED_SEA,GDELT Event 1711 between nan and YEM in IR,
d8ac765884cbc848,748094ecdc067d26cffe025de818bbbee34b30aee8e73dbdc904901593b10432,2024-01-15,GDELT Red Sea Download,armed conflict,RED_SEA,GDELT Event 186 between AFR and nan in DJ,
f435acab6976c75b,e4a895487d746c3c187fef6ed6cf482ab933d46dad2abc21ae17babe800508f1,2024-01-15,GDELT Red Sea Download,armed conflict,RED_SEA,GDELT Event 186 between AFR and nan in DJ,
1c4a34b52fb1dc81,95de6afdc2ad06cfaaaad0db6779d20346477788cd4579c2b0347c1cac9a2133,2024-01-15,GDELT Red Sea Download,armed conflict,RED_SEA,GDELT Event 186 between AFR and nan in YM,
101884baf53ab6db,c12d06b9be51b0a3e71d77f5a88f8d8c91b57b5eed953e208442daf105179e35,2024-01-22,GDELT Red Sea Download,armed conflict,RED_SEA,GDELT Event 190 between DJI and nan in YM,
dffa6745f302d435,8d71784852e2e47d4010159956e7c653ea7df61855f72fd1fa61f6b18cef1cd0,2024-01-22,GDELT Red Sea Download,armed conflict,RED_SEA,GDELT Event 190 between GBR and YEM in YM,
b20b7b2f676ea1aa,8ce39c1d03e0c6a69d9fb0361a935ec86e3bb2c96ba09ff26cadeb2a0873830b,2024-01-22,GDELT Red Sea Download,armed conflict,RED_SEA,GDELT Event 190 between GBR and YEM in UK,
eb3198befdb544db,dab148c7c28643836611635828c15866b23dd1ebdc8c780e720ce29ddf62cae8,2024-01-22,GDELT Red Sea Download,armed conflict,RED_SEA,GDELT Event 190 between GBR and YEM in UK,
c4b95cc5e99a9f4e,3243e3beaacb32a7256819c5b1043be0de8f7d592a708f3aa358bc614833fd0d,2024-01-22,GDELT Red Sea Download,armed conflict,RED_SEA,GDELT Event 190 between GBR and YEM in UK,
a0c1d9a9d5e75d9b,fcbe0de09047e08c14d2baefc766590024992e4a58c90799037107822cfce77b,2024-01-22,GDELT Red Sea Download,armed conflict,RED_SEA,GDELT Event 190 between GBR and YEM in UK,
0fa1569fb6e1357c,4bec718c8fee4c3305589e090c55e1c592e4c4c6b8896a294367497a32a88188,2024-01-22,GDELT Red Sea Download,armed conflict,RED_SEA,GDELT Event 190 between ISR and PSE in DJ,
1854904cf33404ac,38a921177777219ac69fdc3d2810670986c64fabbc6392630706e3f62cc79dba,2024-01-22,GDELT Red Sea Download,sanctions,RED_SEA,GDELT Event 173 between nan and nan in DJ,
34cf6c69a0b32cbf,70948254a1eecc3f10823af90e129bc5dc05b50f385fad0e328060f92dfd4081,2024-01-22,GDELT Red Sea Download,armed conflict,RED_SEA,GDELT Event 194 between nan and DJI in DJ,
6cd6bc0fb4814d35,e35ed996466e03384a4a7068a8fe7da43e249baab119863e8c647e3dbbc4a1e7,2024-01-22,GDELT Red Sea Download,armed conflict,RED_SEA,GDELT Event 194 between nan and DJI in YM,
114942166b9414d1,43a8cea1a41025ee26bb8a130bc21d8a0542fca00013f98754b274eecf047ed3,2024-01-22,GDELT Red Sea Download,armed conflict,RED_SEA,GDELT Event 194 between nan and nan in DJ,
86dea870c8ad0b27,6d3eacb1f9e62e2c57a1a3591983f26aa3cb634884cbfe224337620e9f6300ab,2024-01-22,GDELT Red Sea Download,armed conflict,RED_SEA,GDELT Event 190 between YEM and nan in UK,
cd72f5389a9ae572,91bfe0ef94df8dc76b654ef0a6599498f0799c2e6e2cbb71b92ab0359502544a,2024-01-22,GDELT Red Sea Download,armed conflict,RED_SEA,GDELT Event 190 between YEM and nan in US,
6fd7039b92fcf708,5bbd66efd570254de12e21d440b0a81f12ca6120cc1fa752f5afa5f0355adb59,2024-01-22,GDELT Red Sea Download,military escalation,RED_SEA,GDELT Event 130 between YEM and USA in US,
f42f933de7ce3829,756ce27a22c3b212ad709af3aede065376008a260b4e1a8cd603102b8c654b3c,2024-01-22,GDELT Red Sea Download,military escalation,RED_SEA,GDELT Event 130 between YEM and USA in US,
361cf341aa457122,b240cde400eadc0d2758a104fa29c192642302565ae3d4fd3d860287cfc236d2,2024-01-23,GDELT Red Sea Download,military escalation,RED_SEA,GDELT Event 130 between DEU and RUS in DJ,
4645efd271f7096e,4a921f4f551ad6dd304e4617a1ff295d0852f659b0ab926e519e42d9cd2eb31e,2024-01-23,GDELT Red Sea Download,armed conflict,RED_SEA,GDELT Event 195 between GBR and YEM in DJ,
cdd53eebde352078,a9b176492277b400107053b21a0a0a30aa356862df6a44e68d3726e8bd49da2a,2024-01-23,GDELT Red Sea Download,armed conflict,RED_SEA,GDELT Event 180 between nan and IRN in YM,
658112f881566424,6d48b54bdebf95958f17295fa3d373d19f6c06c4596b282701f7103361e783e9,2024-01-23,GDELT Red Sea Download,armed conflict,RED_SEA,GDELT Event 193 between nan and nan in YM,
37c2cbeea5ae735f,8f3bf5b8026be129a7eb25f520d7b51ca8d98f5d2cb221d215d19471335fc701,2024-01-23,GDELT Red Sea Download,armed conflict,RED_SEA,GDELT Event 193 between nan and YEM in YM,
bfa8777fc0b4fc99,0e38056b46d9aa3a29dc8542d9424c23aa4764e7e6ad6c4d8000dfb9303f1387,2024-01-23,GDELT Red Sea Download,armed conflict,RED_SEA,GDELT Event 190 between nan and nan in DJ,
a828c87b075221fd,91ab99268fbd934a305f9216f586f2b1f36a50b3d0679b934d2c352d7ef7be8b,2024-01-23,GDELT Red Sea Download,armed conflict,RED_SEA,GDELT Event 193 between USA and nan in SO,
d2506dd8f1956c4d,0cfb7636bd91ff471ab7ac432a14837c1e93fcd488a9b42a992559a695a83263,2024-01-23,GDELT Red Sea Download,armed conflict,RED_SEA,GDELT Event 195 between USA and YEM in UK,
665475866f795b88,793572fd35e11a5d9e2f8d49755d7e3bcbd3353f2e29a4567ec48a27b87a7e3c,2024-01-23,GDELT Red Sea Download,armed conflict,RED_SEA,GDELT Event 195 between USA and YEM in DJ,
ba48b66fb6cb1f38,1ad08d5045226a354869aa3e8cd3adccb048b56a94cc79ffe22b97e4f63d1525,2024-01-23,GDELT Red Sea Download,armed conflict,RED_SEA,GDELT Event 193 between USA and nan in SO,
78e3bc9982290284,e007e70a9929ac2c566abcd157817bb1025c04e78aee600b3c639a1bea531ca2,2024-01-23,GDELT Red Sea Download,armed conflict,RED_SEA,GDELT Event 195 between YEM and DJI in IR,
84e26983ffcccef9,f44b3c608c488c907d19c3334242909affd7bca4e6965fb032f70dc686e23be3,2024-01-23,GDELT Red Sea Download,armed conflict,RED_SEA,GDELT Event 195 between YEM and DJI in IR,
bf787e1bd92dc22e,1a986c0b5e01f9049dc43a1f5b5a275b0bd465680e629c3c93a9302f1e6a2c8e,2024-01-23,GDELT Red Sea Download,military escalation,RED_SEA,GDELT Event 130 between YEM and LBN in YM,
80233a48252ad7fd,5f070c8f04bff4ce9bf574386a0a251599a75c112e71b03517d04655651ef338,2024-01-23,GDELT Red Sea Download,military escalation,RED_SEA,GDELT Event 130 between YEM and LBN in YM,
c2cdca10c2fcf9ea,0d5865e708647d1f545a997dd1bf1d284e861ac3338228d58a6eb3569620822f,2024-01-25,GDELT Red Sea Download,armed conflict,RED_SEA,GDELT Event 195 between ISR and PSE in DJ,
410ca9230dacb923,c46d921f5d211bb437d448a0d1cae8158c63ef38d0663486836a66f8b8c98ac8,2024-01-25,GDELT Red Sea Download,armed conflict,RED_SEA,GDELT Event 190 between nan and USA in DJ,
f617c3c903a076f7,bb5b8be77d3445427dc6d73a656d8ac1fd041119d7d7c8252886eda4a0b3fb1b,2024-01-25,GDELT Red Sea Download,armed conflict,RED_SEA,GDELT Event 194 between USA and nan in DJ,
5c51847e410bd8fd,8102ba389084924e0540e8665dc13b167efa4849be27ed7299429258e36701ff,2024-01-25,GDELT Red Sea Download,armed conflict,RED_SEA,GDELT Event 190 between USA and DJI in DJ,
b475f58e9e9d2a1a,b862bfa0ee32c5335ee65b2093c79d3c42d401eaaddba3740c1f4fa85cde6b66,2024-01-25,GDELT Red Sea Download,armed conflict,RED_SEA,GDELT Event 190 between USA and DJI in DJ,
2deaddcc3fa2697d,fc2e7f542f827a9497fa8ff882b178d44ccca269a69f3b7f65e5ab8f0f49196f,2024-01-25,GDELT Red Sea Download,armed conflict,RED_SEA,GDELT Event 193 between USA and DJI in DJ,
1e4f8b28ace37a12,ad761f6f2a7b8c4c6d206edbed8976faffed66bdc1338aa27d92c8b47eb92618,2024-01-25,GDELT Red Sea Download,armed conflict,RED_SEA,GDELT Event 194 between YEM and nan in DJ,
1778a50b13264e64,c4222a87617cf085adefeeeeb63a3e3106a4e73ce1f23bfcea4c167a793ecdd0,2024-01-25,GDELT Red Sea Download,armed conflict,RED_SEA,GDELT Event 194 between YEM and nan in QA,
c0561da48e907696,986b5c4c2e15667c03c1c40f68bfd7a8a6d813222f59ceab85a8d25a26d160eb,2024-01-24,GDELT Red Sea Download,sanctions,RED_SEA,GDELT Event 172 between ISR and EGY in EG,
311d151edcef4bee,185091d8007fd13e2fb12a194ab9d188e684b1e35d5badefbf1a34800e0c1de0,2024-01-24,GDELT Red Sea Download,sanctions,RED_SEA,GDELT Event 172 between ISR and EGY in EG,
705511016c525b28,1c2db3eb3fca63db1a41dabe6be96cc09281a68e69d052f42edd045238a07547,2024-01-29,GDELT Red Sea Download,armed conflict,RED_SEA,GDELT Event 194 between PSE and nan in EG,
44cac6392bfb58d5,328067fa29574ebf69d180ae4dabf89eb0373f39df5848c1e48044dd75863f1b,2024-01-29,GDELT Red Sea Download,armed conflict,RED_SEA,GDELT Event 194 between PSE and ISR in EG,
c77992261e296dc7,b81fbd6d8b8be8ba7849453af172e8e89eaa07e3e1c647d9925a038c7ccce895,2024-01-30,GDELT Red Sea Download,armed conflict,RED_SEA,GDELT Event 190 between IRN and YEM in IR,
a24c486675fbdaed,9191dac8ff97c7c2880e916b0c099ba46c7f33b3b591d21221e9a5a5dd8bec44,2024-01-31,GDELT Red Sea Download,sanctions,RED_SEA,GDELT Event 173 between nan and SOM in SO,
a14d568be9152959,5f6aad39211816d30c2b29833bec06c57192d993940820ba67b47afd2f94ec07,2024-01-31,GDELT Red Sea Download,sanctions,RED_SEA,GDELT Event 173 between nan and SOM in SO,
9e679f3e752c0d31,5903dbbc215e57fc3aa58c120b4e85a31e92698f93d57846073b701f3d658354,2024-01-31,GDELT Red Sea Download,armed conflict,RED_SEA,GDELT Event 194 between YEM and nan in IN,
8762048e090afa7e,538889c1bfdb9f24805286e25aeb8b4f9659661dae2646b71d238c0dbed3f63d,2024-01-31,GDELT Red Sea Download,armed conflict,RED_SEA,GDELT Event 194 between YEM and DJI in CH,
592cc4010f3127a0,595f01c4ca3b62a74fe049531aaa5c42732997d2c154c5e05c0b48d5e59bdfc8,2024-01-31,GDELT Red Sea Download,armed conflict,RED_SEA,GDELT Event 194 between YEM and DJI in IN,
68d14d53da84a13e,a1fc6392cdb170090d0e0fe2cf07cc32165772fbc80b0211b863378d57fbe288,2024-01-31,GDELT Red Sea Download,armed conflict,RED_SEA,GDELT Event 194 between YEM and DJI in IN,
e20b2daedab6e0fc,a5c6cba59d66d96199016eaff21e15379c79df0cee780cd4f39baad8b1abae29,2024-02-02,GDELT Red Sea Download,armed conflict,RED_SEA,GDELT Event 190 between nan and USA in SO,
9aa4f17111cd7eb5,08bccbe0129418c9d49b28e1bc575558b84b6d7983eeab8d66e3898d1b082b85,2024-02-02,GDELT Red Sea Download,military escalation,RED_SEA,GDELT Event 130 between SYR and IRQ in DJ,
15a238760338d3db,9c6e37d69adbaa2c7c220e37c4f7dbb56469f6b2a235ae433cbd65a4d8e7224d,2024-02-02,GDELT Red Sea Download,armed conflict,RED_SEA,GDELT Event 190 between nan and USA in DJ,
760e4f4222d70f51,58cae4de2b0fb179bb8e6d5d4c2ac539f6733297096ff77afb012bcf70c5dad0,2024-02-01,GDELT Red Sea Download,armed conflict,RED_SEA,GDELT Event 195 between nan and YEM in YM,
0cbd6bab75623472,6d446043c37ac7284cbd9a19f29743267400daedcbbb78a38949d4459fc5d2d2,2024-02-01,GDELT Red Sea Download,armed conflict,RED_SEA,GDELT Event 190 between DJI and nan in DJ,
554b5edfe4ffc9df,2db36fc4a2e519e4aa9f037abb0c31f67dc419e1b6f724d172ec8e828cdb1d23,2024-02-01,GDELT Red Sea Download,armed conflict,RED_SEA,GDELT Event 194 between IRN and nan in YM,
ede8f26a5f3d8543,9e9806b390db1793f76245332da578b09eec478cbc883467b2bb8ff9471a9f8f,2024-02-01,GDELT Red Sea Download,military escalation,RED_SEA,GDELT Event 130 between USA and SOM in SO,
210ae18d7728b433,8920df69322734bd182fa73ed99328e9e5625ac9e5097e912a9ffe4e5139d889,2024-02-03,GDELT Red Sea Download,military escalation,RED_SEA,GDELT Event 130 between nan and JOR in YM,
b59c06b075b872b7,c2e03f410173b60ab37d6512ad5230e932146995d903f0817b21d5ebbda21640,2024-02-03,GDELT Red Sea Download,armed conflict,RED_SEA,GDELT Event 190 between nan and YEM in IZ,
af630afb3a8eb234,34f1aa83fe70e7f814242c3990e901785ef904949ce55b51ba4bc3a37afecf90,2024-02-03,GDELT Red Sea Download,armed conflict,RED_SEA,GDELT Event 190 between nan and YEM in IS,
71e9338b7bedf867,814a873a63e6fb4cd1a1c54dabf09cc8c2c02540a9655f3e57bf0d5b45ff0928,2024-02-03,GDELT Red Sea Download,armed conflict,RED_SEA,GDELT Event 190 between nan and YEM in US,
41dc43d9286976e0,efe2a7490b154967ec5549cee63fd2add2c97a8c08ce4025e7713d6474067a17,2024-02-03,GDELT Red Sea Download,armed conflict,RED_SEA,GDELT Event 195 between nan and YEM in YM,
b6d165543bb738d0,ac8a88ea9960f8b189efbc8a66edeb3c360fef6011fa946e2d7e0f3d1cad31f6,2024-02-03,GDELT Red Sea Download,armed conflict,RED_SEA,GDELT Event 195 between nan and YEM in UK,
45778e071d70fa63,dee7b0dd1df9ed8d7dcfbdb3fddc21e84f4c0a4a3e58dc58663665d99b69040c,2024-02-03,GDELT Red Sea Download,armed conflict,RED_SEA,GDELT Event 190 between GBR and YEM in US,
c6a71ac33daf0f85,18ee93d535977bfa97026cfbfb02546fe49b86db6d828ca36a0eaaec61f2ed46,2024-02-03,GDELT Red Sea Download,armed conflict,RED_SEA,GDELT Event 195 between GBR and YEM in YM,
2a41d2e5ba9d2635,750f71a18bee6c73787fd65227a08446bc8bfb3faffeaaecf5b7074de34d1d3e,2024-02-03,GDELT Red Sea Download,armed conflict,RED_SEA,GDELT Event 190 between ISR and nan in EG,
178ded6aba3cc66a,cf33b51f0cf7757cf4ba3af6d78339cf1159eaa28f7c0c446bd64f7eb303e7df,2024-02-03,GDELT Red Sea Download,armed conflict,RED_SEA,GDELT Event 190 between USA and YEM in YM,
5dde8af160cbee9c,aa67cf468972667d529995b16050cde4ae376cd783eb51b0e1f3d93512bb1d34,2024-02-03,GDELT Red Sea Download,armed conflict,RED_SEA,GDELT Event 195 between YEM and nan in YM,
e8d65deb65448090,f9859f36cd44b48c5446d63ac04cce44bcfb59c2aea2c82ddf2f5d400456cfeb,2024-02-03,GDELT Red Sea Download,armed conflict,RED_SEA,GDELT Event 195 between YEM and nan in UK,
b4dc5718649f5d75,dd350427df3f6ad7590bcf5b762b8dee226e065861772bca9cc9e3524b135874,2024-02-03,GDELT Red Sea Download,armed conflict,RED_SEA,GDELT Event 195 between YEM and nan in UK,
89a11ab70e032227,79897177b7a5a30f769829ca201d785860d72a1dbc4f76eaf2e245d8a968688f,2024-02-05,GDELT Red Sea Download,armed conflict,RED_SEA,GDELT Event 190 between DJI and CHN in DJ,
4b1eb5d629bea8ea,9ed2a9f36effdbbfe1da0b4a24062e2e1a7835aa00fe1415fa9c7e4ed78155fa,2024-02-05,GDELT Red Sea Download,military escalation,RED_SEA,GDELT Event 130 between EGY and ISR in EG,
801bf998daf9c4c5,1323f88795f1194a83f9631d8ccd62cbebdb1102b575a2acb0935e347321f6ec,2024-02-05,GDELT Red Sea Download,armed conflict,RED_SEA,GDELT Event 180 between EGY and ISR in EG,
e8596ecc92a30f05,7a91e962142798b8e77dd3a79dcf8ecfa584fca250c34fd19a9662243e0033bc,2024-02-05,GDELT Red Sea Download,armed conflict,RED_SEA,GDELT Event 180 between EGY and PSE in EG,
4c6261cbedadb788,29210aa0727c23d37add33ee875aff14787203467117771d818301aa5a7d599c,2024-02-05,GDELT Red Sea Download,military escalation,RED_SEA,GDELT Event 1384 between ISR and PSE in EG,
5879ed336517f05f,e5501567ed828c09542f3a5cc44c01c93a1242b23d68d93fb877e00de772ceb4,2024-02-05,GDELT Red Sea Download,military escalation,RED_SEA,GDELT Event 130 between USA and DJI in DJ,
2299c349717fe1fa,561b9eac234c1468df1a41fc7c037e11a1d68cc84ecc90173994bdad65a15e34,2024-02-05,GDELT Red Sea Download,military escalation,RED_SEA,GDELT Event 130 between USA and DJI in YM,
37fa7a270b22fb65,43ede2a942e526970799d985ef16cc4c39d62b23fd0abdb4e4273f8b47013140,2024-02-07,GDELT Red Sea Download,armed conflict,RED_SEA,GDELT Event 190 between nan and SOM in SO,
932913589d1f9c5f,fbd61bf9e1d0809ab24f3444703e79fe79894594ac9926a657830095d40c4915,2024-02-07,GDELT Red Sea Download,armed conflict,RED_SEA,GDELT Event 190 between EGY and nan in EG,
09e9ac3663aa52a4,bfb7e2978fb084919f3745f5e8e20b143c356b678c21998f8fd420270f3f4bbd,2024-02-07,GDELT Red Sea Download,armed conflict,RED_SEA,GDELT Event 190 between PSE and nan in EG,
497ec59b3496929d,90e3733da17b22856248ebcc85ec2ea2fce29ed43fdbd32fd7530fc9df6b86f0,2024-02-07,GDELT Red Sea Download,armed conflict,RED_SEA,GDELT Event 190 between SOM and nan in SO,
e96891b9528f504e,aae0504975b7c505b1ab1e3e8a0d9d7ab73484cc56d0839d0e4f7852afbb90f9,2024-02-07,GDELT Red Sea Download,armed conflict,RED_SEA,GDELT Event 190 between SOM and nan in SO,
0c4e172e2a2b9841,d27a5597f72c67814a51a60b564c0d3576a32c8a8a3bdfa04bd99e6ba2fff6d7,2024-02-07,GDELT Red Sea Download,armed conflict,RED_SEA,GDELT Event 194 between SOM and nan in SO,
131e4d001fb2ec2a,c98a7af59d07a60f32fac2a093aeebdc1c605db9f4b89571fcee03324617942f,2024-02-07,GDELT Red Sea Download,armed conflict,RED_SEA,GDELT Event 194 between SOM and nan in SO,
3b0fe0a1276ff475,4ba065b7d0cee780d544ea860a363e1e7fb03c3826e79b1e057d664304751279,2024-02-07,GDELT Red Sea Download,armed conflict,RED_SEA,GDELT Event 194 between SOM and nan in SO,
d11a4c0807750fff,8b1f1c4fc79ce90a7b7ef284b5c6bfb192f566a7ba40b9cb453d51581480d3e5,2024-02-08,GDELT Red Sea Download,armed conflict,RED_SEA,GDELT Event 190 between IRN and nan in DJ,
e17cacce639e3d87,a72965037703280ca8b4766f5dbfcdfee47b1f2ad1026a2df3bec6711a7f9008,2024-02-08,GDELT Red Sea Download,armed conflict,RED_SEA,GDELT Event 190 between IRN and nan in DJ,
135a48bd5f166573,e68dc97247a390023fe1767daf3bd45579b8a54924c69dc614a18364a1335086,2024-02-08,GDELT Red Sea Download,armed conflict,RED_SEA,GDELT Event 190 between ISR and PSE in EG,
8c30c27692b672f7,dca5b5ddc0571029376ac98f9c8df0bb5d74f4d283fe2b1076a055691723a86e,2024-02-09,GDELT Red Sea Download,military escalation,RED_SEA,GDELT Event 130 between EGY and nan in EG,
d605ac185b796544,c2ca5a360315a46d11b264d2080870cbb6d3be650a5c2eed59b51c0e53d19cbf,2024-02-09,GDELT Red Sea Download,sanctions,RED_SEA,GDELT Event 174 between ISR and EGY in EG,
6d5782f7e9841146,3ab4e8e9e8d30c2588bdae32229a9a7f9fc2588346d8209c6740682426df95a0,2024-02-11,GDELT Red Sea Download,military escalation,RED_SEA,GDELT Event 130 between nan and nan in EG,
294c2f8ee236ce5f,da57fc6a76e6e0d0359f1aba46112618a932ada5b9640f1cb28930eba21563e1,2024-02-11,GDELT Red Sea Download,sanctions,RED_SEA,GDELT Event 173 between nan and nan in EG,
9d9a2967172d008b,f0cd85b227b5912c63e177f388d2be04ad8339f0f3557d6d228c74f72f5f6a7a,2024-02-11,GDELT Red Sea Download,sanctions,RED_SEA,GDELT Event 173 between EGY and nan in EG,
5bc57ee3ad1e79ad,5ff8316e24a9211300b7f15afbb33045cbafef50d6eb2f50a812ff7f2014aad0,2024-02-11,GDELT Red Sea Download,sanctions,RED_SEA,GDELT Event 173 between nan and nan in EG,
0215c74f81b681fd,f1e1fab8f7816b90fea1b5d74cf79694dc5b0bc256a7e05b32dde4904d32dcb9,2024-02-11,GDELT Red Sea Download,armed conflict,RED_SEA,GDELT Event 190 between ISR and ISR in YM,
9fa3226280b035e9,dea7020a3b7c29b22f91cb8276d83a594028faaf0534e3bb936276fd6931d54e,2024-02-11,GDELT Red Sea Download,sanctions,RED_SEA,GDELT Event 173 between ISR and PSE in EG,
0c91d9812609b5a4,f85af58fd41a204de127e7c4364bf4e42fb8743e2cd59228e19f900220d392ae,2024-02-11,GDELT Red Sea Download,armed conflict,RED_SEA,GDELT Event 190 between ISR and ISR in YM,
bc9b9976e676ec98,45de37c1456bf0b719f5e85c9113e85d8119497f2829c572931e74b8539f627e,2024-02-11,GDELT Red Sea Download,armed conflict,RED_SEA,GDELT Event 190 between ISR and PSE in YM,
5619af58dff71a7e,66b2326e66edab5b07550a45bdc3554ccb62640865cfa1a1fdcd2a35f3840877,2024-02-11,GDELT Red Sea Download,military escalation,RED_SEA,GDELT Event 130 between nan and nan in EG,
fe4bc2b01c3a1065,0ffdab90717c2e0da6cf449120a5e688d0eb1e0fcf553894a436859f272ec839,2024-02-11,GDELT Red Sea Download,military escalation,RED_SEA,GDELT Event 130 between nan and PSE in EG,
fd7b70adc4e1833d,4b34550bf732fe20330fc9f26a389006ba68451ede3548995306be845f6f1f1b,2024-02-11,GDELT Red Sea Download,armed conflict,RED_SEA,GDELT Event 190 between PSE and ISR in YM,
997c5c9581758dde,67e075d82df67e4062b3e9cd5f22206118a7dfc2207b924acec35ca4ae8341c1,2024-02-11,GDELT Red Sea Download,military escalation,RED_SEA,GDELT Event 130 between PSE and nan in YM,
a6cbbcf282023859,078ce5658f723e3f036c89d8916789e982fe9ea425e726ebceb4e3cd4308cea3,2024-02-11,GDELT Red Sea Download,military escalation,RED_SEA,GDELT Event 130 between PSE and nan in EG,
dcd72fe8f0667fe2,88f35171c732b09232521c078e2236f5c75b3ce3a61c82513c9030f695e7bc55,2024-02-11,GDELT Red Sea Download,armed conflict,RED_SEA,GDELT Event 190 between PSE and PSE in YM,
a88368d3b8b0229a,6f1d685074b11da7d00a9f8057821d0d678beff98978413f161b277925b9fc03,2024-02-11,GDELT Red Sea Download,armed conflict,RED_SEA,GDELT Event 190 between PSE and PSE in EG,
d8898e7d10e6c5df,2e619dc598c513cab1d38191502fe011858ce46e0228d651e823e29ddf8c9b74,2024-02-11,GDELT Red Sea Download,armed conflict,RED_SEA,GDELT Event 193 between USA and nan in DJ,
af37487579aa0f1a,319a31fa4483e42c67f7a112a771dbb7a2fc9c1cee48ca30c454bf6e9fe567b2,2024-02-12,GDELT Red Sea Download,sanctions,RED_SEA,GDELT Event 1712 between EGY and nan in EG,
82e39e3bd917280d,03dab79e68be07fd2fd25c5ec15dc84c62ccb452c5b53e579b967cd19441e164,2024-02-10,GDELT Red Sea Download,armed conflict,RED_SEA,GDELT Event 190 between ISR and LBN in EG,
3f3d18da05a1ccd9,2d253926bd9408e7f85c26045e4696cb6192e1752190a08cf3d79f3e226327ea,2024-02-10,GDELT Red Sea Download,armed conflict,RED_SEA,GDELT Event 182 between nan and ISR in EG,
6ef9f341b040eb36,80e7ec5c75b21c59dd7ea98d7e1b0d5fa5d6f76191f6c0e286a5d851fc0bb1d0,2024-02-13,GDELT Red Sea Download,military escalation,RED_SEA,GDELT Event 130 between EGY and ISR in EG,
fa0eb192aefa7891,ffef7d250d28ccc2c031e9ec1405aa4b545ac82bec2daaf6857a16e4671501bd,2024-02-13,GDELT Red Sea Download,military escalation,RED_SEA,GDELT Event 130 between EGY and ISR in EG,
4d2f75c41980146e,c0d51e727d983cf130c82ed3cbab3f03cd873f3d71eb0b0ee8a00186a62e3d10,2024-02-13,GDELT Red Sea Download,military escalation,RED_SEA,GDELT Event 130 between EGY and ISR in EG,
3a9c769ee5c51524,6008e20ec514b65d29fb32877b0fbac6406eba49339f6848d5b5cdb81dd2c711,2024-02-13,GDELT Red Sea Download,armed conflict,RED_SEA,GDELT Event 190 between ISR and nan in EG,
d078697c494e6d4f,17ae75afb7ed7373abbadae8db6c8025efbe0029700c6d2d1f7b7744c0b59463,2024-02-13,GDELT Red Sea Download,armed conflict,RED_SEA,GDELT Event 190 between nan and ISR in EG,
2f0909843badb53a,e05426aa14825faf276c9b7b5122cf9a115dcd4797ff9d025812754f49217f79,2024-02-13,GDELT Red Sea Download,armed conflict,RED_SEA,GDELT Event 190 between nan and PSE in EG,
0d8fd242954a711a,fa9ef23f9f344e324d9e1b015c1c0748621866b499635572b38b85ed6c4a1fb6,2024-02-13,GDELT Red Sea Download,armed conflict,RED_SEA,GDELT Event 194 between YEM and SYR in IZ,
3a9efa4417aa313d,3b3a0cc89b15b8fc641c1497b4738ec608d2f65e926b0dac56f76bfd3e053960,2024-02-13,GDELT Red Sea Download,armed conflict,RED_SEA,GDELT Event 194 between YEM and SYR in IZ,
33ea135b66adad13,ef6df5a91ea58fa25e4dfe3bef91806a44e3972ec5d7a3e1a58d08936b7bc734,2024-02-14,GDELT Red Sea Download,military escalation,RED_SEA,GDELT Event 130 between nan and GBR in DJ,
0d0ce74fa7b35e34,cc8281fdbbe597911392b8eca41b2bd9ebd1239efbc89b845d9badc2f41a6e67,2024-02-14,GDELT Red Sea Download,military escalation,RED_SEA,GDELT Event 130 between nan and ISR in DJ,
55c0b5fec4585bb6,eba83e801007e84eccb549e9dfa41ec5808db2601a0e35fdd1d3848517b18ba4,2024-02-14,GDELT Red Sea Download,armed conflict,RED_SEA,GDELT Event 195 between GBR and YEM in YM,
21279bc01d779510,433fc27c801a7d4d1ac2e0e8fda95dba6712620d6bc856620e84ed0fa9c6eeaa,2024-02-14,GDELT Red Sea Download,armed conflict,RED_SEA,GDELT Event 180 between ISR and PSE in EG,
1111ec0166903380,b1530eb1453cbf44f89b94dabaf3121cf72601046131db5cbfeb3a9ee0ca719d,2024-02-14,GDELT Red Sea Download,armed conflict,RED_SEA,GDELT Event 180 between nan and PSE in EG,
45e410a9bea1f9b1,03da8bd8a8b4bef05891958156370bd60fa0c37130d10ba127867abbd06c882d,2024-02-14,GDELT Red Sea Download,armed conflict,RED_SEA,GDELT Event 195 between USA and YEM in YM,
c19ecc07dbba810b,aec8473d3fb640c9ad1ae75136b103dd8af94dad0d2f5d635a8c83bfd7355d5d,2024-02-14,GDELT Red Sea Download,armed conflict,RED_SEA,GDELT Event 190 between YEM and GBR in YM,
e26c95713449e996,37c7204edcfe58761fd451982014f0f3467367e2fe2690e251ddd76b7bd297e0,2024-02-14,GDELT Red Sea Download,armed conflict,RED_SEA,GDELT Event 190 between YEM and USA in UK,
eade2448b7bc1707,87f30109e0d86fa30495ca166e7c9b596c6195d38d2f3db22aee7269f69a7d4f,2024-02-14,GDELT Red Sea Download,armed conflict,RED_SEA,GDELT Event 190 between YEM and USA in YM,
d10cc9dbcc9f7380,b3bca09849e06913a32725a0d81035804d9c784d8634bdf5f37a427457b8170d,2024-02-16,GDELT Red Sea Download,sanctions,RED_SEA,GDELT Event 173 between AFR and USA in SO,
8cdbb2270b8a6ba8,d8a4e77bf622c130b84542bbb2c837d34b8fb35fe86d8c7261d77a3bc4fea2e5,2024-02-16,GDELT Red Sea Download,military escalation,RED_SEA,GDELT Event 138 between ISR and LBN in EG,
ec7756918c3c98d9,7c23259f04e747c1ae694b9fb59a3bbd6723709125ce60e3a62abbb2e5116982,2024-02-17,GDELT Red Sea Download,armed conflict,RED_SEA,GDELT Event 194 between DJI and nan in YM,
f29e5a8854811abf,28b9eb171fde1e4c28725ae9933b692cde52a70f624437fd362e62276e42f276,2024-02-17,GDELT Red Sea Download,armed conflict,RED_SEA,GDELT Event 190 between EGY and nan in EG,
fcbec4962b908589,5f1e37a2841a8baf05c496102a8aec78a53f043e5c072dab9027e9abb8f3e17a,2024-02-17,GDELT Red Sea Download,armed conflict,RED_SEA,GDELT Event 194 between nan and nan in YM,
d4e86501e65ec6a7,4ec910fdd9d3ea3b7bf690419c30e4b6edac3e6e954580570ba906b43ce065cf,2024-02-17,GDELT Red Sea Download,armed conflict,RED_SEA,GDELT Event 190 between nan and EGY in EG,
9026b1c0a203286e,0660933cdf6fe58045aa4a8607e7e51e423b96fb11f1343846f6a18de1a53dd0,2024-02-18,GDELT Red Sea Download,armed conflict,RED_SEA,GDELT Event 190 between YEM and nan in DJ,
be916f1c284462e0,565a00057c0d2000b831e96526db2708e26952ac63350d337c81f31f7396c666,2024-02-18,GDELT Red Sea Download,armed conflict,RED_SEA,GDELT Event 190 between YEM and nan in IN,
688f964d2ce2eb08,7f0464b084d365b53b2bc1fe9318d85e4968a6455a3622ec7abfd22befa4e5db,2024-02-19,GDELT Red Sea Download,military escalation,RED_SEA,GDELT Event 139 between EGY and nan in EG,
225dcfc108c108b9,802d511d634fa63317f266e822859cf12756f718e1a696499e6267d8848d709f,2024-02-19,GDELT Red Sea Download,armed conflict,RED_SEA,GDELT Event 190 between ERI and USA in ER,
c2e61865937a4243,d8f2d06b0802ab52adc1ec7f396ecec157adf821e2e0996d0e0b71bd5375c871,2024-02-19,GDELT Red Sea Download,military escalation,RED_SEA,GDELT Event 138 between nan and JOR in DJ,
0135c22f3d8fcaf5,03e391cc3f0b6c2318397d8df50ecacda61634cb9bcc24444834d6a64eba31c2,2024-02-19,GDELT Red Sea Download,armed conflict,RED_SEA,GDELT Event 190 between nan and JOR in DJ,
00f5d437e6d2738b,e9388f3abe72297e6379e12f1bd9ccf4ef7ba84cfc624dec4208effc87e22e5f,2024-02-19,GDELT Red Sea Download,armed conflict,RED_SEA,GDELT Event 190 between USA and ERI in ER,
5a022d1179745489,3cf8857aa71fd4f133c7491091b39602c7e2d79b63b0f6061d867410a9dce0d8,2024-02-13,GDELT Red Sea Download,armed conflict,RED_SEA,GDELT Event 190 between ISR and EGY in EG,
d6222749d7408951,f6db0a1099e14b7569b24a43296a9ee00707bba8ef61d81c8e6244333d153a0d,2024-02-20,GDELT Red Sea Download,sanctions,RED_SEA,GDELT Event 173 between nan and nan in EG,
d6d9fbd9495fd55c,052561accc6d2e020952dbe79cf74627c80fc3456722eca3697cf6137dec0f2c,2024-02-20,GDELT Red Sea Download,sanctions,RED_SEA,GDELT Event 173 between EGY and nan in EG,
1bc3c23cfc57c3a4,d6a258a7b82165a54e40f4234f021ddcccf868cba2c3684a404bc6e69a7e38b6,2024-02-20,GDELT Red Sea Download,sanctions,RED_SEA,GDELT Event 173 between EGY and nan in EG,
fd807ba38d092cc8,41deda7dc42dbe2e581b628929db6eb7543faa33f77f92874f432ebd475d7ea1,2024-02-20,GDELT Red Sea Download,military escalation,RED_SEA,GDELT Event 130 between ISR and EGY in EG,
c19e27fa8bb4cc3f,0f841427ce3d90ec0f1de0a4d4615134ef43b42b9257938866ae2cdfbf8ad446,2024-02-20,GDELT Red Sea Download,armed conflict,RED_SEA,GDELT Event 190 between ISR and EGY in EG,
f80c26a8ab6aaa71,14a037292539717360ef5ca0eb063ade6473e41ce04fbede5872dafb9e62ce2a,2024-02-20,GDELT Red Sea Download,sanctions,RED_SEA,GDELT Event 173 between ISR and nan in EG,
b6e54e76a16954bb,4b10c584acf4ab3a708a865ed37ce642bd12cf7dabc2ec84cc39e1c352df6af2,2024-02-20,GDELT Red Sea Download,sanctions,RED_SEA,GDELT Event 173 between PSE and nan in EG,
15e4e24ef2c6867d,abf290ed4edf3fb77642349e0aa26a6952f57618f0c52ca5f31a874434d20489,2024-02-20,GDELT Red Sea Download,sanctions,RED_SEA,GDELT Event 173 between PSE and nan in EG,
a6e0e6b076dea630,a730929968b38f7346661f0cf83e6e4b126ef86817ae01a88832c2b9c7941d73,2024-02-20,GDELT Red Sea Download,military escalation,RED_SEA,GDELT Event 130 between PSE and ISR in EG,
504efb7f3664e3d6,cf64caf68adeb721016ab08c82e7123892bdc7ac7c7d5e951b05fc292166bdd6,2024-02-20,GDELT Red Sea Download,armed conflict,RED_SEA,GDELT Event 194 between YEM and nan in IS,
4938f14e9546f6dd,0ac222c04945c6117dd2a45f19c64133a2e9cb438a4f89d16b491649881078ad,2024-02-25,GDELT Red Sea Download,armed conflict,RED_SEA,GDELT Event 180 between nan and nan in DJ,
b92eede56589f6ee,4b368f2e93995e83a9c10f3e8b0bcbad807ef0599d02cec8967a393b16da5ca3,2024-02-24,GDELT Red Sea Download,armed conflict,RED_SEA,GDELT Event 195 between DJI and nan in YM,
19dfa3dd4ab82fa0,297e1b9a7cba3465680b78d2735c6307c9510b8c656a58bba595d88b77a91481,2024-02-24,GDELT Red Sea Download,armed conflict,RED_SEA,GDELT Event 190 between GBR and YEM in IS,
9d22036c7938a7fb,3406de533b05e8079046488e6d4bfc3b28d2a779ed1e86b3e99de78ed26256e8,2024-02-24,GDELT Red Sea Download,armed conflict,RED_SEA,GDELT Event 190 between GBR and YEM in IR,
f0c5b111bbc8e126,8a7a7d82f4e56a2b8f727123f8ae596998eb06b9b3ce6470edb657263a26d383,2024-02-24,GDELT Red Sea Download,armed conflict,RED_SEA,GDELT Event 190 between GBR and YEM in IS,
63b6e5f9a970eee6,5031e30902dce90a7c7dc86846c0ea3b1277633eee79002e430ec83df24a0c89,2024-02-24,GDELT Red Sea Download,armed conflict,RED_SEA,GDELT Event 190 between GBR and YEM in US,
47290d459ff3d1af,f2a4a5f1c560f2c603e38f157c7078331016de6e67ab91edb3fb77c9f4303306,2024-02-24,GDELT Red Sea Download,armed conflict,RED_SEA,GDELT Event 195 between GBR and YEM in YM,
8a4f78663746d454,337b946994b13949c891d4ec6ac704fd1068565585b832e35bc7097e6e60e277,2024-02-24,GDELT Red Sea Download,armed conflict,RED_SEA,GDELT Event 195 between nan and nan in DJ,
3159ea879c951335,b550a79d708f7e4ede643b877caa6642a1809c25be75664273450056f1db30f2,2024-02-24,GDELT Red Sea Download,armed conflict,RED_SEA,GDELT Event 195 between nan and nan in YM,
8820e4b29d19610c,9d4d924a795d0ef1425dadae1503199ba49193cce41add694572144cfe59dbb7,2024-02-24,GDELT Red Sea Download,armed conflict,RED_SEA,GDELT Event 195 between nan and DJI in YM,
3aae97eb716f8c8d,c1e42b7badb4051c0cded021f06e310eab27110c54b71aeaa93b9116df9c5e2f,2024-02-24,GDELT Red Sea Download,armed conflict,RED_SEA,GDELT Event 180 between nan and DJI in YM,
2050088c66e60d50,d609063068ac28ef3b25f3a260dc6324cc149b9a6bd3f77cc66e32d51546568e,2024-02-24,GDELT Red Sea Download,armed conflict,RED_SEA,GDELT Event 180 between nan and DJI in YM,
86505b379e724299,7a6e0bd927e21bcc8fcf7ecc3147bec65305a50b8e0e9156323824fe47be13c9,2024-02-24,GDELT Red Sea Download,armed conflict,RED_SEA,GDELT Event 190 between USA and nan in YM,
d4ccc540da9d3762,670afa95c47b941033409bb661d32117422a92fdcf41450b4784486dd6224ac7,2024-02-24,GDELT Red Sea Download,armed conflict,RED_SEA,GDELT Event 194 between YEM and nan in IS,
d8036a0f14d10566,c398fafc80b47e0ba3eea8b8d9bf5147237cc7833a9de8d8d1ad32bd7353df72,2024-02-24,GDELT Red Sea Download,armed conflict,RED_SEA,GDELT Event 194 between YEM and nan in IR,
419e41cafa2075b0,0d86d4433ac7d94b51f10b8888e52cf7e8ff22674ad7e39a54a048d62276c1e1,2024-02-26,GDELT Red Sea Download,sanctions,RED_SEA,GDELT Event 173 between nan and EGY in EG,
626fd9029c53f4e7,ef1f4c5d508584740195973c6c0bfb7fd0420349cbf3d7944c4282de9da43282,2024-02-26,GDELT Red Sea Download,armed conflict,RED_SEA,GDELT Event 180 between nan and EGY in EG,
1fe943cc4808f970,a2426e100e69c60ca64c9984f71f480f8ed0a81d067da54262bd6a3102d769c0,2024-02-27,GDELT Red Sea Download,armed conflict,RED_SEA,GDELT Event 190 between nan and POL in EG,
ef6df91f946f5e6a,f7457d72436fa62e7e0354ebf87a45b3c6054d9de73706b352b5b2542d0c1268,2024-02-27,GDELT Red Sea Download,military escalation,RED_SEA,GDELT Event 131 between EGY and nan in EG,
dd1ff2747d6d722f,b610003ea92b72724c8682d35ccd10b74f4e68872e3bcd4c5737863439e024ec,2024-02-27,GDELT Red Sea Download,sanctions,RED_SEA,GDELT Event 174 between EGY and EGY in EG,
6d2de56ab334d115,f6467cfe9234a884ded52556c9afddbde36f68810769d10d9709fae055092c36,2024-02-27,GDELT Red Sea Download,armed conflict,RED_SEA,GDELT Event 190 between USA and POL in EG,
80a1fc8f80ff5487,80e4b8733b9ffaf96f4ba0375263b85b222bae1cdeff235c48e901173d91c5e4,2024-02-27,GDELT Red Sea Download,armed conflict,RED_SEA,GDELT Event 190 between USA and POL in EG,
6f2eb8f8035aa24a,8ab2817a8611cb9aa208ebb5c97deb58ceb34fd1290a50e8899578841fcd054f,2024-02-27,GDELT Red Sea Download,military escalation,RED_SEA,GDELT Event 1384 between USA and YEM in US,
1f3872428da44ac5,0c8790c52128bb69fd282b52cc8ecb4f49d5a078cc82b59601828ff593f549a9,2024-02-27,GDELT Red Sea Download,military escalation,RED_SEA,GDELT Event 1384 between USA and YEM in IZ,
c1eaada1c5731065,c358b8b0d7eaa0d1a374f3301de9a1f174d7e84ea1752d6d68d0b5ae0b141a2f,2024-02-27,GDELT Red Sea Download,military escalation,RED_SEA,GDELT Event 1384 between USA and YEM in IZ,
b34eabd9f34d1d39,54fb8a94605d95612327ab874dc066e075223c995a2ab2e3b1a8152177b1b871,2024-02-28,GDELT Red Sea Download,armed conflict,RED_SEA,GDELT Event 190 between nan and nan in EG,
0dc7826e167f8788,59547f7813c50ec63913bcae8f812a8bbdab1a58f57c98233ea477899c2b61af,2024-02-28,GDELT Red Sea Download,military escalation,RED_SEA,GDELT Event 130 between nan and EGY in EG,
5b19cdf5c09b1878,46c9015dafaa776af1e6d76bb3c7e70a0cbbf02cf2ab980a4cad7e0242b7f754,2024-03-02,GDELT Red Sea Download,military escalation,RED_SEA,GDELT Event 130 between nan and YEM in YM,
d7af4dd7784004bc,23c5525bd5e991253227558c63d1f635d2429760508f49e39244ddfc1c4e2a7b,2024-02-03,GDELT Red Sea Download,armed conflict,RED_SEA,GDELT Event 192 between nan and nan in SO,
2c36b3342f3237e4,95d27f6042ac0a87516f9cd1c4bcd31ed56f3d22553f1e5d0a1c2a66c4439b7f,2024-03-04,GDELT Red Sea Download,armed conflict,RED_SEA,GDELT Event 190 between nan and SOM in SO,
b5195cebce8851c7,52b9f5bef254fb2b07771ca409e8ba2acfa299c2b0e1fe2444a6d0ba00b3e385,2024-03-04,GDELT Red Sea Download,armed conflict,RED_SEA,GDELT Event 182 between PSE and ISR in EG,
20ff33e1581fcec2,16dbf0174db86cf1c2ab783fd980ceaf1f0b4286a3e97a50343f377a7742ccb0,2024-03-04,GDELT Red Sea Download,armed conflict,RED_SEA,GDELT Event 190 between SOM and nan in SO,
5c08fda5020f108e,dc23cf801f806b30fbb40e4b3cc3b0de15051e8c52da7c96a08542fbcbe0a315,2024-03-04,GDELT Red Sea Download,sanctions,RED_SEA,GDELT Event 173 between SOM and MAR in SO,
500372572cd89470,af6d3d1a821a1b0998d90f6dd461547047f3054be71c706f6cebaa50011bd7f9,2024-03-04,GDELT Red Sea Download,sanctions,RED_SEA,GDELT Event 173 between SOM and SYR in SO,
93b9c017aaa51b0f,ac9ec5bd5417d4b4d116c3fa8dcb928e7e38a5ad24b72dc7a81897e9f676bed6,2024-03-01,GDELT Red Sea Download,armed conflict,RED_SEA,GDELT Event 190 between COL and USA in EG,
9d6bc571e1201459,4aa3485c73447812cdc9bbfb35ad91ff9350381cdb8d206c66a8f620bb3c48a9,2024-03-06,GDELT Red Sea Download,armed conflict,RED_SEA,GDELT Event 190 between nan and nan in DJ,
f31c1996aa95519c,7e9139c9d6ba7deee2689038612349260d4c45a117eead40024adf8f990faf15,2024-03-06,GDELT Red Sea Download,armed conflict,RED_SEA,GDELT Event 190 between nan and DJI in DJ,
6c7b2276a41d6274,8ecf4784014fe4b499a702e1d2691e6db814a0fc76c443286c2d652820ad0730,2024-03-06,GDELT Red Sea Download,armed conflict,RED_SEA,GDELT Event 195 between GBR and YEM in YM,
da5cd7d29283a6af,5df5788ae514c929f980817a4fffdf18d846b7383b9fea5923437de3431de42b,2024-03-06,GDELT Red Sea Download,armed conflict,RED_SEA,GDELT Event 195 between GBR and YEM in UK,
b3b58f8c7b17c88d,e28c31a982bc6ff120f09c540c284f68bd38bc0c866787e48c63f7c5fd75fec8,2024-03-06,GDELT Red Sea Download,armed conflict,RED_SEA,GDELT Event 192 between ISR and EGY in EG,
e92006b0a4ea3ca3,36b0adfb4bfac729c3af2752bda2137f0528bd6a1daf0f81e694f10c7fc50355,2024-03-06,GDELT Red Sea Download,armed conflict,RED_SEA,GDELT Event 180 between YEM and nan in DJ,
e95dde4d165ac5ea,1620251d999475b02bf5c7d9472f74430899a5936d62a968e992774e4ec55474,2024-03-06,GDELT Red Sea Download,armed conflict,RED_SEA,GDELT Event 190 between YEM and nan in YM,
ec7a734e8e0f0779,add15522113e710a9f4841379de950c7fdc6ec971f009e5480c7c1f4c5c77d15,2024-03-07,GDELT Red Sea Download,armed conflict,RED_SEA,GDELT Event 194 between nan and USA in YM,
441f7540addb066a,b4a77da67c0b5ba10e24fc79ccc887abd221ad5c77240e1a24bcf3966c82af48,2024-03-07,GDELT Red Sea Download,armed conflict,RED_SEA,GDELT Event 190 between YEM and nan in LI,
1e382694044108ee,bb9c88503a3437cc67af808d8038b16c5fcf9f957868e70db55205729c287566,2024-03-07,GDELT Red Sea Download,armed conflict,RED_SEA,GDELT Event 190 between YEM and nan in LI,
998e0f92dcf16001,c8023445c0be81b2d528ca3edc5850e58e9f71411b7d1f13353d529b0a138846,2024-03-07,GDELT Red Sea Download,armed conflict,RED_SEA,GDELT Event 195 between YEM and DJI in IS,
f508e17634c38269,dfecd1ed042d80f2e1361a511fe849522a4cd884e065478126f0797148fe0261,2024-03-07,GDELT Red Sea Download,armed conflict,RED_SEA,GDELT Event 195 between YEM and YEM in IS,
8d3a7342513beb86,0fb19b0a0798a1f06e9c9ca7b08395acc93f548808f082b8fc07dd139cfc8d28,2024-03-08,GDELT Red Sea Download,sanctions,RED_SEA,GDELT Event 173 between EGY and PSE in EG,
617b449e1d1406c3,23faeb33c217fe3041e50b187869e541ee8edea4ac7a245e6eda9a762b7a7a39,2024-03-04,GDELT Red Sea Download,sanctions,RED_SEA,GDELT Event 174 between nan and USA in EG,
2d578e2bcc88d205,651cbf47a9e38afc3921f01002a8285ce7256b8d01ac4620071df37c95b09e04,2024-03-11,GDELT Red Sea Download,armed conflict,RED_SEA,GDELT Event 190 between USA and USA in SO,
17e5d15e4388f083,c6a52a2d9f3160c2abc83e82295ca6cd356ceb8bc9171b3c9886275fc5f1478d,2024-03-13,GDELT Red Sea Download,military escalation,RED_SEA,GDELT Event 138 between DJI and YEM in IN,
5052a85c052123a8,b6d3480dc156766bd0ae0e9001be95f3f4a29fb7f7e7bc43850286a802a3fa01,2024-03-13,GDELT Red Sea Download,sanctions,RED_SEA,GDELT Event 1712 between ISR and EGY in EG,
eddfbfb1f220162d,5e079a48b6822d8f8287eb91f0ee6e73f7cadba600719ab5d0d439aed53b8eda,2024-03-13,GDELT Red Sea Download,sanctions,RED_SEA,GDELT Event 1712 between ISR and nan in EG,
7ce8947d19b6d570,6915823d946d43deb20329f44391a1b8dc6754457d843c4a3c921bda9d12abdf,2024-03-13,GDELT Red Sea Download,armed conflict,RED_SEA,GDELT Event 190 between ISR and PSE in EG,
5718023909752596,9e730108dac1c335a2e9cfe63da32f8336eebb01263cd67efc8a1379cd714e2c,2024-03-13,GDELT Red Sea Download,sanctions,RED_SEA,GDELT Event 1712 between PSE and nan in EG,
dcd3d6e3a905c91c,7b74bdadc0d42c5939eb4628b2eec68932e9d18571e0969e1aeb2e3b3b8934fe,2024-03-13,GDELT Red Sea Download,military escalation,RED_SEA,GDELT Event 138 between PSE and EGY in EG,
58040efa2aa8c5c9,bed77577257eec8bbbc648bdd3057c3e62384a12e2b054a42267281517625223,2024-03-13,GDELT Red Sea Download,military escalation,RED_SEA,GDELT Event 138 between PSE and PSE in EG,
da41e729a93fcd2a,70b1abf94f4fc59ebbf503d972a647d6179978a0d35de19d53cb635718975dcc,2024-03-13,GDELT Red Sea Download,military escalation,RED_SEA,GDELT Event 138 between YEM and IRN in IN,
d8b7b3a5218f020c,a50fa4691ddc911a3acafd1ec5abcfdb4e81f12512521c655806c0d0a15a3f3f,2024-03-15,GDELT Red Sea Download,sanctions,RED_SEA,GDELT Event 173 between nan and EGY in EG,
98e3036753b729be,ebbeac858908de47d7941c8d0dfcbd03f1d2d4561ad62eedae88a144c7f33548,2024-03-15,GDELT Red Sea Download,sanctions,RED_SEA,GDELT Event 173 between GRC and EGY in EG,
28288f4404921910,8a02aee9977f496f65817e2deb378ba9faa048215bc8fc924c96e1b7bea016c5,2024-03-07,GDELT Red Sea Download,armed conflict,RED_SEA,GDELT Event 190 between DJI and nan in DJ,
ef1346fcfa109384,c6b19b61e9e3700631a750fbb44c5a23a56ed2a31d1006e7ff7df85e811686c2,2024-03-07,GDELT Red Sea Download,armed conflict,RED_SEA,GDELT Event 190 between nan and YEM in UK,
d62173b6b5700098,67b5410aba255bb20b1be0e961768d03044327c79112d21dfe247d9bc3f8cd8b,2024-03-17,GDELT Red Sea Download,military escalation,RED_SEA,GDELT Event 130 between DEU and PSE in EG,
aa1ec93f322eae1d,77414cc0d15eef5b4d3319e9f5cd9e42c0c573795ba2cee9e55d1ebfac42d2f3,2024-03-16,GDELT Red Sea Download,armed conflict,RED_SEA,GDELT Event 195 between GBR and YEM in UK,
dae3192214a49ae9,7f9999a9469458ca694075423608df3ec95597defc04edfd6c6e7b8ecdcce2f3,2024-03-16,GDELT Red Sea Download,armed conflict,RED_SEA,GDELT Event 195 between GBR and YEM in YM,
4ec7d3cc9453ef2e,dd92c3fa078a27c3316fe52513c3ad13f4cc5de0f250055f0c689a6716d34237,2024-03-16,GDELT Red Sea Download,armed conflict,RED_SEA,GDELT Event 195 between GBR and YEM in UK,
6efb2a4d226b8c3d,fee901231e251ce19493bd442ac98b94bf4a2792f93970060e123254c9d3139a,2024-03-16,GDELT Red Sea Download,armed conflict,RED_SEA,GDELT Event 195 between USA and YEM in IS,
9ad2635fede722cd,6d06aa23e265de99d48a811429d9b048ec220870630eafa777394b7fdad867db,2024-03-16,GDELT Red Sea Download,armed conflict,RED_SEA,GDELT Event 195 between USA and YEM in IS,
258cf39a09f1a44d,86843f42f5560384c4debbc41967b96bb6ba67a7185906b11658308f468f9d3b,2024-03-19,GDELT Red Sea Download,sanctions,RED_SEA,GDELT Event 173 between USA and nan in EG,
2cac829bcbfcdbe8,1897174c97ded236798bc75ed613399ee984ca3b6d173fdfcad5f6e04919530d,2024-03-18,GDELT Red Sea Download,armed conflict,RED_SEA,GDELT Event 190 between nan and nan in YM,
ad8b79a8f9d0df80,fca53598bfe5456706bfa93b23906600ded631a3ec15bbd85d34eb4cbca97bea,2024-03-18,GDELT Red Sea Download,armed conflict,RED_SEA,GDELT Event 190 between ISR and nan in EG,
887e1599e2fe4dad,059a426970b11bd2f191027f5290b8c891b10f2c37e9c7eec7d8805767fb9fca,2024-03-18,GDELT Red Sea Download,armed conflict,RED_SEA,GDELT Event 190 between PSE and ISR in EG,
a8f8b9431a23a976,ae74893535f4ee2bc0fcd9c7836d207c508aae57e298631334e35cf8abbd02f5,2024-03-21,GDELT Red Sea Download,armed conflict,RED_SEA,GDELT Event 194 between DJI and nan in DJ,
b4112154cc290cdc,92a1f1b9f2774b18c8439303c85dc1a5212f46b4baf98ef54d6ce290a409b64a,2024-03-21,GDELT Red Sea Download,armed conflict,RED_SEA,GDELT Event 180 between EGY and PSE in EG,
7b0b7aaca70d8aa3,9635465cd9c46040721378dfc1edd058880575ee0824930bfd6872ac059d63de,2024-03-22,GDELT Red Sea Download,sanctions,RED_SEA,GDELT Event 172 between ISR and EGY in EG,
f028698b01e3c2c9,173102214614eacfbbff2a741a59bdca80a77fd7f5691ed1316e91ac680f16f1,2024-03-23,GDELT Red Sea Download,armed conflict,RED_SEA,GDELT Event 190 between RUS and UKR in EG,
587b3613f04785c2,c296aeeb6d49e79d4d42252ff3833bed8c513e5aa0662b18bf9d716139e1ad01,2024-03-23,GDELT Red Sea Download,armed conflict,RED_SEA,GDELT Event 190 between UKR and RUS in EG,
225d5cbdb044cde0,3836b10199a8fb9de2be64775ad4c2c45d41dc2286c00a5afd254b5e294896e8,2024-03-24,GDELT Red Sea Download,armed conflict,RED_SEA,GDELT Event 190 between YEM and DJI in YM,
e617dc578de8021a,e29a6d8dd936d3d3a471eec6c812c917d64859f0bdd52988aec7dd504f5cbf88,2024-03-25,GDELT Red Sea Download,sanctions,RED_SEA,GDELT Event 172 between PSE and nan in EG,
fff31416647245af,278c0420a66672e047d9ebada0beff88634cf24bd10a3b775893be21fd422f05,2024-03-25,GDELT Red Sea Download,sanctions,RED_SEA,GDELT Event 172 between PSE and ISR in EG,
712f48582d12b1ec,7bb86ca0c825377e4428e131d1c9fdd71816eb4872f29c74f1a0fd233e2f23bb,2024-03-25,GDELT Red Sea Download,sanctions,RED_SEA,GDELT Event 172 between PSE and ISR in EG,
a9fcd05544fde926,01f742bf0d3ae5e0b35a6bbed764947020ca6737a75e0d08123ca20018dec448,2024-03-27,GDELT Red Sea Download,sanctions,RED_SEA,GDELT Event 175 between GRC and nan in DJ,
f381f94bb9cb44db,a3564c8cadecafd9f16b22a8b0a7a3c42b40650ca9b6aac8d0cdd646b86c7aea,2024-03-27,GDELT Red Sea Download,sanctions,RED_SEA,GDELT Event 175 between GRC and nan in DJ,
1f202aeb8aa79e73,d3551e83a43ed74eb46fc525ea6e3e1d8b5a96cf3086b14430f945e3541cc0f4,2024-03-31,GDELT Red Sea Download,armed conflict,RED_SEA,GDELT Event 190 between EGY and nan in EG,
dd308c818e72dbfc,bc352f671ff52fdc3fd664bf1fb2517d1f81b0b78bfdcc3f8b50a339dac0ad1d,2024-03-31,GDELT Red Sea Download,military escalation,RED_SEA,GDELT Event 138 between EGY and PSE in EG,
14017f8739a26dff,eae6aacbc354733333b0b2c6dd756f8d74f928e346127e8ad8b86cf35937a1d1,2024-03-31,GDELT Red Sea Download,sanctions,RED_SEA,GDELT Event 173 between GBR and nan in SO,
e3703ffc42252499,9758323f49f8812031ddba7afecf6e1923485a7df4befe13ac6c08cc955d2329,2024-03-31,GDELT Red Sea Download,armed conflict,RED_SEA,GDELT Event 190 between nan and nan in SO,
0db85833b2b66a58,7220615d227dbc231372202675ca8139b500fe82f429035a285b5039c8ae3fee,2024-03-31,GDELT Red Sea Download,armed conflict,RED_SEA,GDELT Event 190 between nan and nan in SO,
b98017b590b69852,1c974cc07f82e6b402629738dd5e7845f942746ebe2874f4b7302b0e5084d1f0,2024-03-31,GDELT Red Sea Download,armed conflict,RED_SEA,GDELT Event 194 between ISR and nan in DJ,
30c7f1ebb63088f5,baff536fbfb01ffe51f4833de4a6d020e1579301f20e413825eb71744a7b3a1b,2024-03-31,GDELT Red Sea Download,sanctions,RED_SEA,GDELT Event 173 between ITA and nan in SO,
f5a26672610b4eb5,595969777491d04ab26b27e9976639b8ba8232e807e665a26b318e197dfae98b,2024-03-31,GDELT Red Sea Download,sanctions,RED_SEA,GDELT Event 173 between ITA and nan in SO,
1756b44d44b33af5,96ae451c207448c58de0a6e31d9affaa1bc6368670c481582178dc9565cd1a97,2024-03-31,GDELT Red Sea Download,armed conflict,RED_SEA,GDELT Event 190 between nan and nan in EG,
1d830c45c5bd5186,a47d673a00b4fb5a41793ef6d129fb160d55b947d43da0a694fede56e3c2bd74,2024-03-31,GDELT Red Sea Download,armed conflict,RED_SEA,GDELT Event 190 between nan and EGY in EG,
20a1a6a54eecce14,4ca66d59cfa351e02f33447760ebdb9f263ea7902ff080e772b746a97a3a6356,2024-03-31,GDELT Red Sea Download,military escalation,RED_SEA,GDELT Event 138 between PSE and nan in EG,
0a85b3bd9a6bec38,3cb1b68c62c965f6b1e1915edcc600cf7a1fc38f3550984c136a8d36ac5d1a78,2024-03-31,GDELT Red Sea Download,armed conflict,RED_SEA,GDELT Event 194 between nan and nan in DJ,
e4c145059e35e67b,0d0a9028372ff17eda8622997bc1eb32d54c440ef5c75a5d3f0d6eddc936b2a6,2024-03-31,GDELT Red Sea Download,armed conflict,RED_SEA,GDELT Event 194 between nan and DJI in DJ,
ae16f1cefb7fb5cf,8fff6792877ed2adacd4f7aa8c5079eaf7083255760d37ea975583d718799c3d,2024-03-30,GDELT Red Sea Download,sanctions,RED_SEA,GDELT Event 173 between nan and USA in EG,
0eba24c460639c6e,b7e20c2347026307d6f50103ea2601491a4516599866e4ee4740eeb31bf7baff,2024-03-30,GDELT Red Sea Download,sanctions,RED_SEA,GDELT Event 173 between MEX and nan in EG,
ac13d239dd3d96fc,d7c080f6ad0a025cfbb2e1ceb42e7e4f6e48ca006636a3c06623fd7ca4640aa7,2024-03-30,GDELT Red Sea Download,sanctions,RED_SEA,GDELT Event 173 between MEX and USA in EG,
6652daafb48bd8aa,b5c7497af0e01d1ffd7d3467e70fa738ca3702e561102e3c6608a0bebc707724,2024-03-30,GDELT Red Sea Download,sanctions,RED_SEA,GDELT Event 173 between USA and nan in EG,
193d48d9b011d081,18c10216bea1c877d7d95f5658de0de5eccc2f30e437b0c9be5c8fb5a8f6a020,2024-04-01,GDELT Red Sea Download,armed conflict,RED_SEA,GDELT Event 190 between nan and ISR in EG,
6538d84c2f9203f0,6c667c87b0541f49f4db60d8457b49e93db3ee732ac05ce5fc9f37d7139f0c31,2024-04-01,GDELT Red Sea Download,armed conflict,RED_SEA,GDELT Event 190 between ISR and IRN in DJ,
5f4ab4fd0fd94f62,5643d270dbb9da6d6105287ed571aeef6baf0b5664502fada76dd8742d0f4705,2024-04-01,GDELT Red Sea Download,military escalation,RED_SEA,GDELT Event 138 between ISR and nan in EG,
963b008ddccb2ff2,e9a8e6899773435dddd7317846efdf105b5d4964c33cde1d8171893dda443163,2024-04-01,GDELT Red Sea Download,military escalation,RED_SEA,GDELT Event 138 between nan and nan in EG,
784b6fcaebe0c35f,9d27346ba4ed01eda1da4dd3ac820a8c8282bb255a6533995497bd5d38177ab5,2024-04-04,GDELT Red Sea Download,armed conflict,RED_SEA,GDELT Event 190 between ISR and PSE in EG,
0f11da72f589d22a,6a5d62a767794c97be1399726c721e7b310be166323c8a177fd8303b197168e4,2024-04-05,GDELT Red Sea Download,sanctions,RED_SEA,GDELT Event 173 between YEM and ISR in YM,
cf626c5ad2947b5c,b1f3a6b9a48dadc8cee3f14d56ede20cdbf37c7d605320d8272a179588ea9af7,2024-04-06,GDELT Red Sea Download,armed conflict,RED_SEA,GDELT Event 192 between ISR and PSE in EG,
c3ec089440babf34,ded9f180766d4c6fc68d4f656c9509b6157aff75e257e0e9ff729b980b1a45b3,2024-04-07,GDELT Red Sea Download,armed conflict,RED_SEA,GDELT Event 194 between nan and nan in YM,
076b0a5c19b523ef,4019b5da9626234a842a92131d6717d64c0455936635fc4dfc07c205ce6732dd,2024-04-07,GDELT Red Sea Download,armed conflict,RED_SEA,GDELT Event 195 between nan and DJI in DJ,
a2f568c8f675989d,9dd1f07b236b62240b3345a83e7b3e1d00b692144f81d5bf49cbaf8f5e99628f,2024-04-07,GDELT Red Sea Download,armed conflict,RED_SEA,GDELT Event 195 between nan and DJI in YM,
fa48455e0511171f,368756cfef75d249e366a44e997461bf6a9c7683684c776a80e7994e33248246,2024-04-07,GDELT Red Sea Download,military escalation,RED_SEA,GDELT Event 130 between YEM and GBR in IS,
bd83a777a45b2037,86cc0b0dc18f5e527d02aa543b28f9128c0f9d149d2c14aae76edbccb13bfab7,2024-04-07,GDELT Red Sea Download,military escalation,RED_SEA,GDELT Event 130 between YEM and ISR in YM,
75ca13f4f46c01f2,abb5cd3a21d8e11f078295c636ca6f4a5378bc038399fabd2b2c11f6323ca024,2024-04-07,GDELT Red Sea Download,military escalation,RED_SEA,GDELT Event 130 between YEM and ISR in YM,
a6e063a00ed59e7b,77624edfc2068eeaee918774634d10b52f89bc068ffe73aba7171d241cb4e509,2024-04-07,GDELT Red Sea Download,armed conflict,RED_SEA,GDELT Event 190 between YEM and nan in IS,
e8549c207e4bfc3a,6583a8b7712804c730bdb707cafe4439f5873f1658f2c0035aa65522ef4818c6,2024-04-08,GDELT Red Sea Download,armed conflict,RED_SEA,GDELT Event 192 between nan and SOM in SO,
b56b2184bb5f9ffa,4bc4bf5d3d67b63f425fdb3cb80c069c0437c959f11102e15ffbc96c5c3d2f47,2024-04-09,GDELT Red Sea Download,armed conflict,RED_SEA,GDELT Event 181 between PSE and EGY in EG,
90ed5ba4a99cfec7,a9af4831d7996b9faf0b5505f70ddf8c366814b1195891303e74efa9259768af,2024-04-09,GDELT Red Sea Download,armed conflict,RED_SEA,GDELT Event 1821 between USA and nan in EG,
95954aa511fa077a,f52492ca59c5304d1d3ceefbbdf9cb35e0349dba3f3688e59aa109d4c67489ef,2024-04-12,GDELT Red Sea Download,sanctions,RED_SEA,GDELT Event 173 between nan and nan in EG,
69e0eec4e09afdde,d7f6036029d1a69c6e5267221e80157c9c46f07ee4f142f51af4a809b27b05ef,2024-04-13,GDELT Red Sea Download,sanctions,RED_SEA,GDELT Event 173 between nan and IRN in YM,
f5d4d033eedd4c35,ad1884199aaa2496900081d0ab5f1db429875a88dbefbcaaefe66bef58fb8683,2024-04-13,GDELT Red Sea Download,armed conflict,RED_SEA,GDELT Event 193 between GBR and ISR in EG,
29bf2853ae6d156a,705d39004bbf9507040bf50b96f2a8338c4bdadab9b6d5b50b636ae0c95b01c8,2024-04-13,GDELT Red Sea Download,sanctions,RED_SEA,GDELT Event 173 between IRN and IRN in YM,
3daf57af31f50e0a,104e1d75eaf20c17b941601a22742b418492a11d5a201429a2fbcd887ed297a2,2024-04-13,GDELT Red Sea Download,armed conflict,RED_SEA,GDELT Event 190 between ISR and YEM in IS,
b7f78a8d0920c4d0,82eeb0851674bdee28bb1a46d3ca2b477ff313d6504417a2641903e2c77e2b5f,2024-04-13,GDELT Red Sea Download,armed conflict,RED_SEA,GDELT Event 194 between nan and YEM in DJ,
e5bc0306160b5caa,7cbb08a9a3f5b0d43042d15a2b9026fd8b8c14ebff33bd58ff4ec837aca197fd,2024-04-13,GDELT Red Sea Download,armed conflict,RED_SEA,GDELT Event 190 between YEM and ISR in IS,
4878f282c762b6f8,c90bf0746389b3371e30d52ff6fd35ddba57be04d811120d0b9d003a22a01e86,2024-04-13,GDELT Red Sea Download,armed conflict,RED_SEA,GDELT Event 190 between YEM and ISR in IS,
502d9765d7e1156f,4ca6e604cb407cae4c63c40ae22f85870338bdcb6d05db14b9613c326c7aba04,2024-04-13,GDELT Red Sea Download,armed conflict,RED_SEA,GDELT Event 194 between YEM and nan in IS,
f842196513d1c595,e4d17f5c448aea876b3b6091d19dc92038dfac9aced2efec9f3b1de9e80b2f7a,2024-04-14,GDELT Red Sea Download,armed conflict,RED_SEA,GDELT Event 190 between nan and PSE in EG,
e48dcf0d1f051416,5cefe008839e2132c59f4628ce82410920d88be9b02fa443da61eb05cb75733e,2024-04-14,GDELT Red Sea Download,armed conflict,RED_SEA,GDELT Event 193 between nan and PSE in EG,
865c843720e79e52,1a67e0c8a33e41e11c8eae4b290550c798f2a4af9b3a7f0c3de6a44e37e855f3,2024-04-14,GDELT Red Sea Download,armed conflict,RED_SEA,GDELT Event 190 between IRN and ISR in DJ,
b7803137bc6c707d,229ab2a0efaa6aa688a3c46ae625093e48c7d00c132774ebc427a99e8172fa30,2024-04-14,GDELT Red Sea Download,armed conflict,RED_SEA,GDELT Event 190 between PSE and PSE in EG,
97b9e54c02396c00,743449b53fb00a4623c39d0f7dfac5c941469f9183035edd97167846d0eca6d3,2024-04-14,GDELT Red Sea Download,armed conflict,RED_SEA,GDELT Event 193 between PSE and PSE in EG,
f0fdc6c0949f76a8,4de29491cf91225ccad4f92a5dbfe34550b720427e597fca1d9f8debb5254ef6,2024-04-14,GDELT Red Sea Download,armed conflict,RED_SEA,GDELT Event 194 between SYR and IRQ in YM,
c630c2c0c328eee7,d649825fd3cd75852cd66f30eb90c7a6eee260d4640f4720018a81bc7f4ed93b,2024-04-14,GDELT Red Sea Download,armed conflict,RED_SEA,GDELT Event 194 between SYR and IRQ in YM,
7f455eab00851776,7a80c793c12ed00f2808cd43c5fd682085a010168468e617b9088ce2efe7e068,2024-04-14,GDELT Red Sea Download,armed conflict,RED_SEA,GDELT Event 190 between nan and nan in DJ,
44924bba40059607,a063f433ae68c4a3eaea47ee51d8f052403d12f22edd472daa5b3a76f613c791,2024-04-14,GDELT Red Sea Download,armed conflict,RED_SEA,GDELT Event 190 between nan and DJI in DJ,
86f393accd0dc97d,99dbcfe33f7422ca75634b753e98ec23e4a1e86a32787abb11a70ee4da3dacee,2024-04-14,GDELT Red Sea Download,armed conflict,RED_SEA,GDELT Event 194 between YEM and IRQ in IS,
54e82da544a791e9,810d01a210b03f196a8f34eea4b13edcb627e0b7d69e4bf53fa44b3e127aec6a,2024-04-14,GDELT Red Sea Download,armed conflict,RED_SEA,GDELT Event 194 between YEM and IRQ in YM,
1b508e8651e203e3,72236c6463c3f67ec3aa7f1401b76b629f4b65a875eb3506e49eaa9c096dddc8,2024-04-14,GDELT Red Sea Download,armed conflict,RED_SEA,GDELT Event 194 between YEM and IRQ in YM,
299daffa48cbabd3,851087f2116c038d1dea618a7ea525840bdf058d433e707dc03b0f7a4ba6e38b,2024-04-15,GDELT Red Sea Download,armed conflict,RED_SEA,GDELT Event 190 between ISR and nan in YM,
1cc3aca9df3b1d5f,2475eed8b7caf2d32821ef41ab44f303a14784294cae55d8d91aebaea35168f1,2024-04-16,GDELT Red Sea Download,military escalation,RED_SEA,GDELT Event 130 between EGY and nan in EG,
2ace9aa4eeb2ee89,dc319bdba899e61eb3c4da9aea31527ee29e054504d69e17e356ab065607ff96,2024-04-16,GDELT Red Sea Download,military escalation,RED_SEA,GDELT Event 130 between nan and nan in EG,
c253c7185ebd6b72,57b8d8beea2742d601f8273e16913fffb74f971acf1efc522a2f8715f960a27f,2024-04-16,GDELT Red Sea Download,military escalation,RED_SEA,GDELT Event 130 between nan and EGY in EG,
dbe9fea01f1b6465,79cc07a2183f6cc2267093e342c9d13a3af074b942b1b1cb2eae4a8c675a4745,2024-04-17,GDELT Red Sea Download,armed conflict,RED_SEA,GDELT Event 194 between ISR and nan in YM,
c642ba3e11676c78,910c853be068e9b109eee278f941231fb9e4bc767245087f3f08a04ae722a560,2024-04-18,GDELT Red Sea Download,armed conflict,RED_SEA,GDELT Event 195 between YEM and SYR in SY,
b996a07e7f993939,dc7c068c98db4b992ad0037f7979addd0504682349fa538df3910621bc910199,2024-04-20,GDELT Red Sea Download,armed conflict,RED_SEA,GDELT Event 181 between PSE and PSE in EG,
46fbbe4d4950a923,e79f74ba2801d4ac4ecb402a87c99fa75dde0def1bcb4fa059de338ed9e52029,2024-04-23,GDELT Red Sea Download,military escalation,RED_SEA,GDELT Event 130 between EGY and nan in EG,
ff353ee25033cf41,303e45041d1887caeabf090b985a1e1259dc4e36db411500c740c21bfc6bcbd1,2024-04-23,GDELT Red Sea Download,military escalation,RED_SEA,GDELT Event 138 between nan and nan in DJ,
c0ee0abb2c0cf888,eabd286cb93d4947d1f0cdca8e4b80babd5f55061d834acd8efc531d0109fede,2024-04-23,GDELT Red Sea Download,armed conflict,RED_SEA,GDELT Event 190 between nan and nan in DJ,
9ed2e3c230154d9f,bbd359d74379236795dbc786ef2555b2881d2dae03d503bdf856526e0a387c23,2024-04-23,GDELT Red Sea Download,military escalation,RED_SEA,GDELT Event 138 between nan and DJI in DJ,
ae558d318e390499,dfdbab72464eb4dce6e8a9a1ea37935632cbd822ffffa07812e7889917e60a78,2024-04-23,GDELT Red Sea Download,armed conflict,RED_SEA,GDELT Event 190 between nan and DJI in DJ,
37719f18f9ce4f14,3e9923a1762d1de59fb9fed9e74e5e1627e37042e48acd7f085fa1386e00d409,2024-04-23,GDELT Red Sea Download,armed conflict,RED_SEA,GDELT Event 190 between nan and EGY in EG,
d6ac4ae4b5db783f,7991f101c0a8da7a7ae9ef94801f7834a094192b56d8434938039339b6c7746e,2024-04-25,GDELT Red Sea Download,armed conflict,RED_SEA,GDELT Event 182 between EGY and ISR in EG,
97813a5252ef7439,15b7b38d4f8a20fbc1e18ff8acd282d4e5977f9abc9a8ae081e60550407c0df0,2024-04-25,GDELT Red Sea Download,armed conflict,RED_SEA,GDELT Event 182 between EGY and PSE in EG,
578f909f5d2963ac,c7865476ace7e0eba2a1678e17ef1117486a68747b77b2edbb80d2bb30bcdaaa,2024-04-25,GDELT Red Sea Download,armed conflict,RED_SEA,GDELT Event 180 between ISR and nan in EG,
9823a5043cd74096,c38d8bd28da19662f5ecb3217309a4359654d8fc0cce7cd675ce8ffca6d8e885,2024-04-26,GDELT Red Sea Download,armed conflict,RED_SEA,GDELT Event 190 between YEM and nan in US,
c7e8b92cd13c309b,a212dd1c6754827ccd1512840913b459934bef25f2cc1ef52b934ddca7c7aaa6,2024-04-28,GDELT Red Sea Download,military escalation,RED_SEA,GDELT Event 130 between nan and EGY in EG,
f90ec049fa18faf7,591e5e4c34bf411790df5be538f992c854563f92507773dcbd90199aea560754,2024-04-30,GDELT Red Sea Download,armed conflict,RED_SEA,GDELT Event 194 between YEM and MLT in YM,
c269a40ff8c6e131,c83098e9001da671b22d7f9add1bd47731c1bd959a6d645b178e60ead68ad3a6,2024-04-30,GDELT Red Sea Download,armed conflict,RED_SEA,GDELT Event 194 between YEM and MLT in YM,
1404e1e7ffb2219c,555e47fafa9e4b7e63c02ed51848d2f0473d4de75da056d7349be6a8e37f13aa,2024-04-29,GDELT Red Sea Download,armed conflict,RED_SEA,GDELT Event 195 between nan and EGY in EG,
abf5f698b16612e3,4b2c12381a3c85f6d5f69950037b5319786b6854a91ee794e9796b17d81dddc8,2024-05-01,GDELT Red Sea Download,military escalation,RED_SEA,GDELT Event 1384 between ISR and EGY in EG,
06d8640bad445b51,e71b21121b30aa10381bc577022300f3157c47a61e9bc9f5fb0f0ddabebfde41,2024-05-01,GDELT Red Sea Download,military escalation,RED_SEA,GDELT Event 1384 between ISR and PSE in EG,
5f48f4b9dd2798cf,c1a4578954a14bdbafe1f363397407596bd514c0fb03e3414fe731e263c09ace,2024-05-01,GDELT Red Sea Download,armed conflict,RED_SEA,GDELT Event 190 between SOM and nan in SO,
063df0bf56fa90e7,1aa56ee3fea5e7a0d03f9b5943d7c3597bedf897fac6e410dfee0b13ccddcd60,2024-05-02,GDELT Red Sea Download,armed conflict,RED_SEA,GDELT Event 192 between EGY and nan in EG,
bec74b764c615bb7,9644f2aad581afcc4d42c98f636183092da952c84097021d86b84bd5d2ad2607,2024-05-02,GDELT Red Sea Download,sanctions,RED_SEA,GDELT Event 1712 between EGY and nan in EG,
36622aee1ca837bc,de41988312705ea1d46230366af8c9f0d129d0c1cf84ca4166281f7ef8a2d3e3,2024-05-02,GDELT Red Sea Download,armed conflict,RED_SEA,GDELT Event 194 between IRN and nan in SO,
cbcc1154094ecbe9,f015eb1e3e5124c6b2b49218de6424b78c72839801dd5f8929819016a1cce740,2024-05-02,GDELT Red Sea Download,armed conflict,RED_SEA,GDELT Event 190 between YEM and nan in CE,
505da1b9e8198f17,5e01720173a71a6b814d336ff05a9fbf1e5d49cdbbaa2c3516605f8a50005987,2024-05-02,GDELT Red Sea Download,armed conflict,RED_SEA,GDELT Event 190 between YEM and DJI in CE,
b91061d5fd36a950,3272b4b819da3ca8a193605f349db3e95bcf0528470ae54b5806ef5d35c1cf1c,2024-05-02,GDELT Red Sea Download,armed conflict,RED_SEA,GDELT Event 190 between YEM and DJI in CE,
f124942a0df0642a,3b6b6059dce3b288eeb14c940fdbca35b0e73e66cd4a98001841c2da04476a11,2024-05-02,GDELT Red Sea Download,armed conflict,RED_SEA,GDELT Event 190 between YEM and DJI in IS,
a70d1f9a6a35fe3d,3aa63c5f87d30a7d569e6402354172b02da5e7cef44dce3d7c982759a747631b,2024-05-02,GDELT Red Sea Download,armed conflict,RED_SEA,GDELT Event 190 between YEM and DJI in CE,
908dfcd6e05a62e2,4bcd9ae47d68ed6e3a5f4359b0acdd07fdef5d0495765f1119ffb5d75f9f360e,2024-05-02,GDELT Red Sea Download,armed conflict,RED_SEA,GDELT Event 190 between YEM and nan in US,
1c81fcc3c5327062,3eef34b11bdca5c55493a2abeafa7fd9338af37248d344f73af1ebb3aa3c2a11,2024-05-02,GDELT Red Sea Download,armed conflict,RED_SEA,GDELT Event 190 between YEM and nan in US,
07e6d4c98a193bab,9d8208efbd3383511a9833dfc2059d0ceb5a6c40e10a046c1620188e80a3a5d1,2024-05-03,GDELT Red Sea Download,military escalation,RED_SEA,GDELT Event 130 between EGY and nan in EG,
5204f47fe5407c85,1725aa1e3d8bb1d5b43b526adb65c8fc8afca992541103c6baab1cb744b27029,2024-05-03,GDELT Red Sea Download,military escalation,RED_SEA,GDELT Event 130 between nan and nan in EG,
2e244aa0221cb00e,68df70d21381884b68ffd8f470ac2231dc584301479ada25008daf40d6909dcb,2024-05-04,GDELT Red Sea Download,military escalation,RED_SEA,GDELT Event 130 between EGY and nan in EG,
07cc392d5c31f558,ab93bcca25dc9a4ef20b9eae8df40c4c8f9508d287525d16500bf9e3ecf69716,2024-05-04,GDELT Red Sea Download,sanctions,RED_SEA,GDELT Event 173 between nan and YEM in LY,
a5bc15b3dc8778c1,06af53758999d8a148e6159da751d432e257c8c4ad52cb8e1282ed6c7a139c29,2024-05-04,GDELT Red Sea Download,sanctions,RED_SEA,GDELT Event 173 between nan and YEM in YM,
2a1c6fb3619e24ba,8a0f8cdf162253747edfaf1f285efe0a96f95a577e9306d2eaf3e786718d70c8,2024-05-04,GDELT Red Sea Download,sanctions,RED_SEA,GDELT Event 173 between YEM and nan in LY,
0f0edb04b1990271,d782293f03736090258e038bef281b33ffc01bac53c948f8ac4f2df49df19127,2024-05-04,GDELT Red Sea Download,sanctions,RED_SEA,GDELT Event 173 between YEM and nan in YM,
dbce7a18501c56cf,c3b87ceaa443b7aa20aadf09a5e7e3d588bb44fe5306186bd92a5d8a60945cc5,2024-05-06,GDELT Red Sea Download,armed conflict,RED_SEA,GDELT Event 192 between GBR and EGY in EG,
715d1059d41e1583,d7d13c6cf31591fc87c66f06212ad53356ab1602cabd6b79e9e82d15afa7ca8b,2024-05-06,GDELT Red Sea Download,military escalation,RED_SEA,GDELT Event 130 between ISR and PSE in EG,
ebebcbbd5e7ed07e,b82efb57cad49d14925f2b1f713cfcfaa4de3f55a0bd70ea257ac54182385976,2024-05-06,GDELT Red Sea Download,sanctions,RED_SEA,GDELT Event 174 between nan and PSE in EG,
349b220e76279ebf,c162e3fe7810efd97b090f8662262b111bcc381a3cfc3de08b5c2be232216c1a,2024-05-06,GDELT Red Sea Download,armed conflict,RED_SEA,GDELT Event 192 between PSE and ISR in EG,
7a1c306ce5b22950,13d805af52ea05b5cb931f11eca3ae88f4823898a194e363576325b5904b79fc,2024-05-06,GDELT Red Sea Download,armed conflict,RED_SEA,GDELT Event 193 between PSE and ISR in EG,
da8d71d627da1fd4,8eb303055ef7b66dd6348f4157c30bdc72c176f0d17785a665ad168b3379fa92,2024-05-06,GDELT Red Sea Download,military escalation,RED_SEA,GDELT Event 130 between nan and nan in EG,
db697baba3c02ab4,2058fc44c108729ed848fb3a2727c891a45f9c0e5c479d28cec7ac036297481c,2024-05-08,GDELT Red Sea Download,armed conflict,RED_SEA,GDELT Event 195 between EGY and EGY in EG,
f5819c589f02309e,619b896632e676af1ecebfe18ed60930224b8ddb8c36339bedaa02dca6bc1f57,2024-05-08,GDELT Red Sea Download,armed conflict,RED_SEA,GDELT Event 195 between EGY and EGY in EG,
61faba7a36bc8760,504d83a58d2c216bfc6a1b6328d6884c34aad6a35b628e451d3dcfd4f75d43d5,2024-05-08,GDELT Red Sea Download,armed conflict,RED_SEA,GDELT Event 190 between nan and EGY in EG,
a3d04620d5b83580,936db8dec54001a23a2c8ad083b85301e754eecfa445562b96664b36a97607c7,2024-05-08,GDELT Red Sea Download,armed conflict,RED_SEA,GDELT Event 190 between USA and nan in EG,
daec90e9d6a1ec68,ac86087201d9aaa448df5d17e25e6569979951ec84fc06c6f93c3f317a53760f,2024-05-11,GDELT Red Sea Download,armed conflict,RED_SEA,GDELT Event 190 between PSE and EGY in EG,
b9219aa20b21fd8f,dce3ec95fedbf276032338a8ba2f1c8d1673261e211f3cf5bc06431b6be63b37,2024-05-13,GDELT Red Sea Download,armed conflict,RED_SEA,GDELT Event 192 between nan and ISR in EG,
beecd88313628a13,82b6d7cb7a9fa1fc092431e51494162e604c9a8b9608c387698e8d660d80bba7,2024-05-13,GDELT Red Sea Download,armed conflict,RED_SEA,GDELT Event 192 between ISR and PSE in EG,
24475efe9e78a111,4093cb5e519695eff8768149c5f05b8036aa25c3993eb7650a5f50c1272b78b0,2024-05-12,GDELT Red Sea Download,armed conflict,RED_SEA,GDELT Event 190 between EGY and EGY in EG,
ce1269af2dbe35a4,28d19904053858dba826039e932f6ce0cfb30af1dd7cc68c732a5d79623fb69a,2024-05-12,GDELT Red Sea Download,military escalation,RED_SEA,GDELT Event 130 between EGY and PSE in EG,
6e044ad0a9ada173,89ef97fa7bf7a5642e61be086c2377c39db86075335bfbcdc1ff1fdfba2a6192,2024-05-12,GDELT Red Sea Download,military escalation,RED_SEA,GDELT Event 130 between EGY and PSE in EG,
bcdef9f7b9c7a04b,75f16dbe7b385078b7e9c3bad7bb38959ef20d7c30a54bffe3c4dd429a24e8a4,2024-05-12,GDELT Red Sea Download,military escalation,RED_SEA,GDELT Event 130 between ISR and ISR in EG,
c8eb7352b586d90a,7b59ce8c4796ac57dd396d376ed06044546d680f606c49801d8466aef91764e4,2024-05-12,GDELT Red Sea Download,armed conflict,RED_SEA,GDELT Event 192 between LBN and nan in EG,
06634f0395bdcd38,d2f9dfbb7a29a1c0f424da31a386911bcc863709c2805aeb203548080441a0e1,2024-05-12,GDELT Red Sea Download,armed conflict,RED_SEA,GDELT Event 181 between PSE and ISR in EG,
5611b1f373a5c1f9,618421d82a92014894b909303849c8d173bbd6ba56e4ed535ed99094dcb3c26c,2024-05-12,GDELT Red Sea Download,armed conflict,RED_SEA,GDELT Event 190 between YEM and nan in YM,
4f19320484f866d8,6a6f92cc10b5820509f5cec0d55ab8b944669b07376ce6dd80de595073823deb,2024-05-12,GDELT Red Sea Download,armed conflict,RED_SEA,GDELT Event 190 between YEM and nan in GZ,
ed392a40826ea758,1ce29bdc552baa4c8fa109a8f93f0af0fe023afaff7b1d10c7c2617d3b7059fd,2024-05-14,GDELT Red Sea Download,armed conflict,RED_SEA,GDELT Event 192 between EGY and ISR in EG,
b866310534d4d637,b3bea94dd13b3e1d71992c125125a4ebaf52a06dbdd8e13f9484bd30c6e252b6,2024-05-15,GDELT Red Sea Download,armed conflict,RED_SEA,GDELT Event 190 between GBR and YEM in YM,
7519a0677e6d04f6,70c5f712d018a00d7661d90d255206ba17f762ae7a2e42b2e254c2ad89600c2d,2024-05-15,GDELT Red Sea Download,armed conflict,RED_SEA,GDELT Event 190 between GBR and YEM in YM,
7382543321b881bf,a9a367e667eb34066844838c956d2835bc8e8e8b975b71ff775e3d9d6186e533,2024-05-15,GDELT Red Sea Download,armed conflict,RED_SEA,GDELT Event 190 between YEM and GBR in YM,
b839862b0c53227d,8d2e9377ea4130bda424125ad847945b8296c36ff06a515993a849b8874655d8,2024-05-16,GDELT Red Sea Download,armed conflict,RED_SEA,GDELT Event 192 between nan and BRA in EG,
d3611e591b5bb07c,f98671b8b452e7b9bb58ffc3e5cde437bad92f15c48b357398aa088d13e47367,2024-05-16,GDELT Red Sea Download,armed conflict,RED_SEA,GDELT Event 192 between nan and BRA in EG,
842e2709087fd81f,443fa6670b52f3058b12499ea071501a8f42dfec2476461744f6b20e451a9f20,2024-05-16,GDELT Red Sea Download,sanctions,RED_SEA,GDELT Event 173 between nan and ERI in ER,
b524fe0a465900c5,e8b374cb712419e554bd643cf3f82976c512976630f72b1975831d14c2bbe413,2024-05-17,GDELT Red Sea Download,armed conflict,RED_SEA,GDELT Event 190 between PSE and USA in EG,
2c77aa21b9ebb59e,3fcc0b13dbd1b877ec95ff0810a49c867ce6ec145347d5f60e55733a732babb0,2024-05-19,GDELT Red Sea Download,sanctions,RED_SEA,GDELT Event 173 between nan and nan in EG,
8a845a710964a456,c7936541afc945d55e55b265d0f863236c39be000d635fff038a1577f7c16f75,2024-05-19,GDELT Red Sea Download,armed conflict,RED_SEA,GDELT Event 180 between EGY and nan in EG,
d759ba49dbe8692c,c18b2af584a916cdb3c088b4159bbabbc1e30a030f86c76e15938c0677c4e545,2024-05-19,GDELT Red Sea Download,armed conflict,RED_SEA,GDELT Event 190 between EGY and nan in EG,
eb8a76d46937694f,29e9e81363cb7f18d09c219b64d0316979e94e020a7bd858eb1503f34b139eed,2024-05-19,GDELT Red Sea Download,sanctions,RED_SEA,GDELT Event 173 between USA and EGY in EG,
4d6b3cb927339f4e,2852c101ece0ca8a2c8af8542730d413fb7510849d56412fd83cbfd4b178243e,2024-05-19,GDELT Red Sea Download,sanctions,RED_SEA,GDELT Event 173 between USA and EGY in EG,
bbf61f317ba9fc11,9c06fc2e19ba41c43ad40a3d22769dc793030773ea602af3432a1e001290b3f1,2024-05-20,GDELT Red Sea Download,armed conflict,RED_SEA,GDELT Event 193 between nan and USA in EG,
c865a256dad764dc,c1fa7b72353449ec2f108b1443b8cf6f9cf7092212477834292cf3dde3c48108,2024-05-20,GDELT Red Sea Download,armed conflict,RED_SEA,GDELT Event 195 between EGY and PSE in EG,
5c4ecbb8ff59de69,a4ef0e62317222d31405679092930f5b9614ac74400c34af2128257e90fcc2ae,2024-05-20,GDELT Red Sea Download,armed conflict,RED_SEA,GDELT Event 195 between PSE and PSE in EG,
5ee96ea3bbbb47da,7636ebb5610c10a5708e323fa2ab3198777cea8786cb6388eb0b751ae40752d1,2024-05-20,GDELT Red Sea Download,armed conflict,RED_SEA,GDELT Event 194 between PSE and PSE in EG,
a4de1343f67ed761,a80ab9d6462626e9f5f0c2dd57d5ed3231b4a71d4acf983f271c2cfa55adcece,2024-05-21,GDELT Red Sea Download,sanctions,RED_SEA,GDELT Event 173 between nan and EGY in EG,
2dafa86361b19293,4b58f1f7f0bea7e26988636a656e312d561ac2c24585e32d2ba234b3b8030cf2,2024-05-21,GDELT Red Sea Download,sanctions,RED_SEA,GDELT Event 173 between EGY and nan in EG,
435bce05005dac18,5be32ada30aa5bc7048e6eec7d9e700137f74af8046c6928212c9614a86a65cf,2024-05-22,GDELT Red Sea Download,military escalation,RED_SEA,GDELT Event 130 between nan and YEM in SU,
c1fa575d7b50642c,44c70003df89df74b5671e4fee87eeacce5e995cfe11dd1244a310d1682b29a9,2024-05-22,GDELT Red Sea Download,military escalation,RED_SEA,GDELT Event 130 between nan and YEM in YM,
d469f87bdb11acec,929e76c84a367f433b96b6607f3463a948651bcbf3303372b7477c12c0524ddf,2024-05-25,GDELT Red Sea Download,armed conflict,RED_SEA,GDELT Event 192 between EGY and ISR in EG,
ff5a08ba8fedf738,da30ff64ebeb97d9c6de9c82ef02b281e33c5e063eb2b3f09ff96fe3d42185ca,2024-05-25,GDELT Red Sea Download,armed conflict,RED_SEA,GDELT Event 192 between ISR and PSE in EG,
07ebd2d2ed020f42,c8e6300d89c4cb0ab433912722cc551061926dd76f6988c4fbc7b9b574523fcd,2024-05-25,GDELT Red Sea Download,armed conflict,RED_SEA,GDELT Event 190 between ISR and EGY in EG,
91960b62517c132e,4c58ab066eb4bd29ec9a7ae557dc9a596736c6a146a1b7d571554f370169e711,2024-05-26,GDELT Red Sea Download,armed conflict,RED_SEA,GDELT Event 181 between PSE and EGY in EG,
3b73ff7ba389c0dc,1775e1cb8f70c162377ab929765756abf7c24c925983d0f63ccde7764189823f,2024-05-28,GDELT Red Sea Download,armed conflict,RED_SEA,GDELT Event 190 between nan and nan in EG,
aa86063f411f3e5f,1ed38808a1f1a008c79dd724c7a14aeb58fe4d071525d4d769ff304a63498c4c,2024-05-28,GDELT Red Sea Download,armed conflict,RED_SEA,GDELT Event 195 between ISR and KWT in EG,
279ea4566cab7195,ad92337705d3a5ba07dfed94da93d03306d0d7b824b8a7f91084b8f29fc8b93c,2024-05-28,GDELT Red Sea Download,armed conflict,RED_SEA,GDELT Event 190 between nan and nan in EG,
d1c2dd2e3577e24c,ab8aeea6f1dd9e6828c9e825c2a36a85c99bff2f9dea790fee0f29abcde7a653,2024-05-28,GDELT Red Sea Download,sanctions,RED_SEA,GDELT Event 172 between nan and nan in EG,
ca347338c7aebd72,be871021c52db9dede7195a5adf9db77dcb06c69d076dc0de6dfc09c885cc4f4,2024-05-29,GDELT Red Sea Download,sanctions,RED_SEA,GDELT Event 172 between USA and nan in EG,
044f90cf7db57ad8,670d9cd79412a9a23f7d46576bb06f62ea69b0ef085736c3b20ae61232b0d990,2024-05-29,GDELT Red Sea Download,armed conflict,RED_SEA,GDELT Event 194 between YEM and nan in YM,
8061380f314fcc22,8e497cc1eac89a4ec251e40c74eca59ea1b48235e8b27b6f563b23a4a3270a58,2024-05-30,GDELT Red Sea Download,armed conflict,RED_SEA,GDELT Event 182 between EGY and ISR in EG,
830a0a25889e427c,aaac375b77a92ddbce8b63287e39294475607074ab1b04177f09279ae01d4a3e,2024-05-31,GDELT Red Sea Download,military escalation,RED_SEA,GDELT Event 130 between nan and nan in DJ,
55c786e32ce98187,fb6d21cc157380c46729bdcec508502a6ed9a798210a24c26e27a46f669a3dd5,2024-06-02,GDELT Red Sea Download,armed conflict,RED_SEA,GDELT Event 192 between EGY and PSE in EG,
d8523ba9bdecd25a,dad1748f6d80ee201c5ff15cc15b69c463ab9224491c37d5b697eed96f7b503e,2024-06-02,GDELT Red Sea Download,sanctions,RED_SEA,GDELT Event 1712 between ISR and nan in EG,
d94218fcc5ab28ca,61fef8ca3fe6c09642a137fda534667572a9450aca77301f0fcb4791dfba56ea,2024-06-02,GDELT Red Sea Download,sanctions,RED_SEA,GDELT Event 1712 between ISR and EGY in EG,
1cde05a89fd7f69d,a79d4b8cace7ce203cb38d28f88fcc4f5a44a0ea195f85e22a42db6d9ab510ac,2024-06-02,GDELT Red Sea Download,sanctions,RED_SEA,GDELT Event 173 between USA and EGY in EG,
c76212a0857553ba,81962f6dbf13fdd366f5810f7a48c44a8cbba3275fff84f400518d6ca6691d75,2024-06-02,GDELT Red Sea Download,sanctions,RED_SEA,GDELT Event 173 between USA and EGY in EG,
61207fb467dc18f0,6ad6db2e933c65233b56753d6808a48f20982d654ba8c6a26dd524eff021834d,2024-06-01,GDELT Red Sea Download,military escalation,RED_SEA,GDELT Event 130 between nan and YEM in YM,
ff49f638fddbe3ab,331e72b6ad85051cbd46bf01b6f1dcc70809404d1dce0e02c42aba5969590f09,2024-06-01,GDELT Red Sea Download,armed conflict,RED_SEA,GDELT Event 182 between nan and YEM in SA,
119bb05b5964853d,8eaf263d02615922a88dd7db47ab87885f89c6262728a5ba21211840428dfea5,2024-06-01,GDELT Red Sea Download,military escalation,RED_SEA,GDELT Event 130 between USA and nan in DJ,
46ba4df758a2ae74,60e7af412cfb05895a595e54265cb7ac15f603296d9922f82e68e875d5b38da4,2024-06-03,GDELT Red Sea Download,armed conflict,RED_SEA,GDELT Event 190 between nan and USA in EG,
33db997c4db2cf02,8a4975c6480c9af27bc1bce2988ca24261064efa6b4f6378881bf87c96285082,2024-06-03,GDELT Red Sea Download,armed conflict,RED_SEA,GDELT Event 193 between nan and YEM in US,
164b9f6abe010e64,dec1f875bbc741d3b33cdd0c632ac4b94858106b845e6b8690c36a1453ded882,2024-06-03,GDELT Red Sea Download,armed conflict,RED_SEA,GDELT Event 190 between USA and nan in EG,
3b01a5b7ffc6a227,665cb9139179b11a3af6ecfc0dfc80bcf391f524c55b8c480fe06d8528dd1c01,2024-06-03,GDELT Red Sea Download,armed conflict,RED_SEA,GDELT Event 190 between USA and USA in EG,
5230351f93aabd04,8c51d417f9fcbdbb1edf099d9b97557fd36c5425b2e4cfdf10704018c99ca8fd,2024-06-03,GDELT Red Sea Download,armed conflict,RED_SEA,GDELT Event 190 between USA and USA in EG,
a040b425e9c60b15,f27c2bbf9eb22c94457f41dda56cc1177245d043586c4e42d7dc5720cea306bd,2024-06-03,GDELT Red Sea Download,armed conflict,RED_SEA,GDELT Event 193 between YEM and USA in US,
49d30cb46a8581c0,a73403aa332016050eabdd75fb0658214774b2e7c068e38be4423dca989aac41,2024-06-04,GDELT Red Sea Download,armed conflict,RED_SEA,GDELT Event 194 between nan and DJI in YM,
85f89a760bd3c002,0e83dd7b07e71b062b89430c4b9313cc3cc3788d6adc0ac613d4756475f53483,2024-06-04,GDELT Red Sea Download,armed conflict,RED_SEA,GDELT Event 190 between IRN and YEM in YM,
c80ea892785f05d3,09f35caacaffe529a7862c8d77490ca171f5cca08a1188965a518f943d5eb733,2024-06-04,GDELT Red Sea Download,armed conflict,RED_SEA,GDELT Event 190 between nan and PSE in YM,
5eed4d5cd7d6921a,6a8828e21b59a94e29d211b01a35c87cd5349dfc00ba675fed4deb49ea4340d1,2024-05-07,GDELT Red Sea Download,sanctions,RED_SEA,GDELT Event 173 between YEM and YEM in YM,
687131f5117a9d27,f6a3964474797e89a7d8a47ccfd44cf80a10c472018fe0de38d8391336441a44,2024-05-07,GDELT Red Sea Download,armed conflict,RED_SEA,GDELT Event 193 between YEM and YEM in YM,
5ed8a36dc6693d7b,c0cb454289e0ebe5d2303858736a8bed37c8d865f27005c613b8d01ff2108c49,2024-06-06,GDELT Red Sea Download,armed conflict,RED_SEA,GDELT Event 181 between nan and EGY in EG,
a9109a9c6af85259,187d5ac4650f4e7482455742c5ce6d44432226caadf48969a7d14468482a97bd,2024-06-06,GDELT Red Sea Download,armed conflict,RED_SEA,GDELT Event 181 between nan and nan in EG,
d7514d134b830709,06d4d4377936cceccf1ac516f865d71691b6482be05e08d16283c25f31b2ef33,2024-06-06,GDELT Red Sea Download,armed conflict,RED_SEA,GDELT Event 190 between YEM and ISR in IS,
7bce726a808e1503,cb2d4dee9957ea882fc97e9e286e6ac2cd7c492f72177de776cc88d304fb9b2f,2024-06-06,GDELT Red Sea Download,armed conflict,RED_SEA,GDELT Event 190 between YEM and ISR in YM,
a789a89c9e58124a,03a1c4c700b3b5f4e49bd14f01b1c0ec42f1db21fee70aef5e8c3a0a315d2360,2024-06-06,GDELT Red Sea Download,armed conflict,RED_SEA,GDELT Event 190 between YEM and ISR in IS,
6559ab196c9f2f68,92515bb1a17b7beeb7c5f7b2efc0e9e1aaef372aea3de65d77cd7e1cee4b259f,2024-06-06,GDELT Red Sea Download,sanctions,RED_SEA,GDELT Event 173 between YEM and YEM in YM,
844cbe651594fe5d,442ae74b1ccf26247c3c494ba089a7f86e513d8badd6663163dd686193ec4af4,2024-06-08,GDELT Red Sea Download,armed conflict,RED_SEA,GDELT Event 190 between nan and SOM in SO,
0800aeb298a8579b,149a352964f86c1c7a2da3ac45276d3cb18e5b1cb45c024ab7040777c2216c4f,2024-06-08,GDELT Red Sea Download,armed conflict,RED_SEA,GDELT Event 190 between nan and nan in SO,
e012855fbef316bb,dd997498c0c703527393db9cc4465a36709100e0dd1ec55290b2284098790d94,2024-06-08,GDELT Red Sea Download,armed conflict,RED_SEA,GDELT Event 180 between ISR and ISR in EG,
74c0997ad6ae393f,dd89fc3bdc1db015ec7bdec2b1c8536caecb0712b7ff45614ffe141ce628adc7,2024-06-08,GDELT Red Sea Download,armed conflict,RED_SEA,GDELT Event 180 between PSE and ISR in EG,
ff93962a1ef211d0,aa463c740ed34fcca4fad8b2d278e90ea60360b329fe4731948dc1640f5b35a7,2024-06-08,GDELT Red Sea Download,armed conflict,RED_SEA,GDELT Event 190 between SOM and nan in SO,
ca3e6d05ed37abd4,0e673e8e47f940bba1b26e34114a0b0eada42a2af82fb4b225e4d07a42c488dc,2024-06-08,GDELT Red Sea Download,armed conflict,RED_SEA,GDELT Event 190 between nan and nan in SO,
a9957769f4d261ce,9b35eb29dbb0a074f295f840972b20a1b93f371385ca7399d0542e4a943f706f,2024-06-09,GDELT Red Sea Download,military escalation,RED_SEA,GDELT Event 130 between nan and GBR in YM,
ad3776e184c34744,e0b982ed81ee5f0b88c566aeb0592ea876fc4886be7cf36fc0aefc937414343d,2024-06-09,GDELT Red Sea Download,military escalation,RED_SEA,GDELT Event 130 between nan and GBR in YM,
f6ebc6206c14de2d,6ab8c3504cdcccc35585eaefd493e6e0bdf944d69ebe87a5012e4fab7c76cd71,2024-06-11,GDELT Red Sea Download,military escalation,RED_SEA,GDELT Event 131 between nan and nan in EG,
b2c5eeb9aeeab93d,e90b46e82ac9d59f79bdc8c48401a6bd1d2c8667e7819ddfb7e2ee31ab78f097,2024-06-11,GDELT Red Sea Download,armed conflict,RED_SEA,GDELT Event 190 between TUR and UKR in SO,
8cc12265ba3fa332,4134258ac74a28f792da29d85df3e6a93723f0abedda63a2732f47c3dce50f77,2024-06-11,GDELT Red Sea Download,armed conflict,RED_SEA,GDELT Event 190 between UKR and TUR in SO,
52ab12a2f941ac89,63c224a8d796b9a7e85dd7e0046ad09c08791fc2d86cb42fdf90408610ac9b49,2024-06-13,GDELT Red Sea Download,armed conflict,RED_SEA,GDELT Event 195 between ARE and nan in YM,
c36d889031478e26,61de66d4023fe03a6936a6bdfa214b16524db700fee4245d363ac3a3836e2a01,2024-06-13,GDELT Red Sea Download,armed conflict,RED_SEA,GDELT Event 194 between IRN and YEM in OS,
99c5674ab8ada53d,13c5be6ce3d830dd94cfb6b099f40b271f934c1729e22cd634adbbdd4c23727c,2024-06-13,GDELT Red Sea Download,armed conflict,RED_SEA,GDELT Event 194 between IRN and YEM in OS,
27f768a0d97e5600,e5815093010386e2c72a6b143ccb91bbcbbeff7f5cbec7d959733fb2d6059f60,2024-06-13,GDELT Red Sea Download,armed conflict,RED_SEA,GDELT Event 195 between nan and nan in YM,
ef1feeddbc8644ea,62bde89b915e8170925d3d19e8aadcef7d74234ad221c5ebdca5844426c0a0d9,2024-06-13,GDELT Red Sea Download,armed conflict,RED_SEA,GDELT Event 195 between nan and DJI in YM,
72380dcaca5765b6,7713d341f9afed9d5c0db0a38f6f0010745d85da0130654dc43258c5c9b2b12f,2024-06-13,GDELT Red Sea Download,armed conflict,RED_SEA,GDELT Event 193 between YEM and nan in IS,
87ebbec3d337e3ca,b6ff3fbfab32819eb66e9d39f07721ee4c6a908d69050cf7271672dfe3bf57f9,2024-06-12,GDELT Red Sea Download,armed conflict,RED_SEA,GDELT Event 194 between YEM and nan in US,
4f41bb90044dfb97,2574bca895d783b013a9e6499750c2c0cdcc6179c57ecdbfc7cbf2a60b04c684,2024-06-12,GDELT Red Sea Download,armed conflict,RED_SEA,GDELT Event 190 between YEM and DJI in YM,
39b1a27d2d7daa06,1ff46708dbcdb4f33b11d9d67c636c79da40bfbb57b61b9e586a4a54fa78bb57,2024-06-12,GDELT Red Sea Download,armed conflict,RED_SEA,GDELT Event 190 between YEM and DJI in YM,
1249c23d9a9aca80,e363d9b34afd896700a9bba01cd360b777c1034ab31d8fac2d71f25f396db198,2024-06-12,GDELT Red Sea Download,armed conflict,RED_SEA,GDELT Event 190 between YEM and nan in YM,
eb7368a8bf457acc,35b58a76cb380d712407bcb46ad48829342015a4af8a0c3ff6d673cf47a11bcd,2024-06-14,GDELT Red Sea Download,armed conflict,RED_SEA,GDELT Event 190 between USA and EGY in EG,
4f06854b40a00752,d1caf1badc274f4654e96a5f35d85bf306fe46d9241be3616ed4b383c0341e02,2024-06-14,GDELT Red Sea Download,armed conflict,RED_SEA,GDELT Event 190 between USA and USA in EG,
a618a20c9874fa9f,698589c57c59c4775a3616dd46e2e45d32f4a025afe1e7090adfffa94fd38c1e,2024-06-14,GDELT Red Sea Download,armed conflict,RED_SEA,GDELT Event 194 between USA and YEM in OS,
3aa50f3e28f66af2,8ff414bffa11712c6c680ae44d232e69b4c3332989c34cd47561c36d3f8c3c3a,2024-06-14,GDELT Red Sea Download,armed conflict,RED_SEA,GDELT Event 190 between USA and EGY in EG,
d2bfd83939fc1cdb,5df8594276169e9f9a616e9b5949e24d59c414daf53cd242c8fde8c0af207a5d,2024-06-16,GDELT Red Sea Download,armed conflict,RED_SEA,GDELT Event 190 between PSE and PSE in EG,
6c8dbaa5259202a3,61bb13b12d457c32378a5ffda535fe3068d3b4cd31bec80d893167699f4a5f16,2024-06-17,GDELT Red Sea Download,sanctions,RED_SEA,GDELT Event 173 between nan and YEM in nan,
0928ba41d85a3034,b68fda13b0a94697fb373a13804b2d2ae6f6154068da651d180962346f07c0f8,2024-06-17,GDELT Red Sea Download,armed conflict,RED_SEA,GDELT Event 180 between nan and YEM in nan,
2ced30d345fe36e6,0a2a2b1b5280d9b08e7e6153592784e1d5ac3411a07cac0ba0f848e6fb36c9e5,2024-06-17,GDELT Red Sea Download,sanctions,RED_SEA,GDELT Event 173 between nan and YEM in nan,
2f5d2b4284e3a48b,6ef8ae0fd017867df9619db21f135e50b5567f4a6e86a1bcef5085e6872ad0d1,2024-06-17,GDELT Red Sea Download,sanctions,RED_SEA,GDELT Event 173 between nan and YEM in nan,
a3efcb3b3066fb4d,8c8d85338751802e385422439771d4659620ce2e019f8aaaab951361245f35f0,2024-06-17,GDELT Red Sea Download,armed conflict,RED_SEA,GDELT Event 180 between nan and YEM in nan,
c1eb05051efb8528,ccb1d04be6fd6e72a0ead2c40261d0069518e7d9e613f89a3f698560dd8845d5,2024-06-18,GDELT Red Sea Download,armed conflict,RED_SEA,GDELT Event 180 between ISR and nan in EG,
f52b2a05679f4821,1971bcbd109188844d60942615e6cca1f951f9b4c054390f3499fc51e7995553,2024-06-18,GDELT Red Sea Download,armed conflict,RED_SEA,GDELT Event 180 between ISR and EGY in EG,
34b6d36bee600a7e,2e8dd7446de140e4b62955fb838deb6e99adc910e0f1575b32be578db65e9d02,2024-06-18,GDELT Red Sea Download,military escalation,RED_SEA,GDELT Event 138 between ISR and LBN in YM,
ffc5e52632ce003b,952e62ed9e5ad668707f80646b3db66c5a88aeb2f4a4aa587aa64f970def7ea6,2024-06-18,GDELT Red Sea Download,military escalation,RED_SEA,GDELT Event 138 between ISR and LBN in YM,
29ae6738551a354f,f96d97345170b75fb1c57307b11b3dfd8418a43b1f7f39f5f116e23b20544ee3,2024-06-18,GDELT Red Sea Download,armed conflict,RED_SEA,GDELT Event 180 between ISR and nan in EG,
b9f259d2955c2f0b,e040e6e265d81db46fbd250d09b96a7380ff0c0c808c187aab5d78ec771b6df0,2024-06-18,GDELT Red Sea Download,armed conflict,RED_SEA,GDELT Event 180 between ISR and PSE in EG,
9135e4efcb82131d,41168d8e525a24a2023700b22e5a3fa14f00ba5b99a95acc659d12592afce5d5,2024-06-22,GDELT Red Sea Download,military escalation,RED_SEA,GDELT Event 130 between GBR and YEM in YM,
16bd9639a0c91fac,9545a4371584eb30f6ff26c71ec991cf8f7868ab692839e1b871cef4910fb01c,2024-06-22,GDELT Red Sea Download,military escalation,RED_SEA,GDELT Event 130 between USA and YEM in YM,
bb27067caf75e759,6a7b5ac5647d097b6c9d7927e8fa432d1cb160e6cea7d1b0d8cc19837a791b3c,2024-06-23,GDELT Red Sea Download,sanctions,RED_SEA,GDELT Event 173 between EGY and nan in EG,
f84edef4b6537452,e5d60788cf73beb956d6af83b6b26f0ded05414bfac4a5e2f77f5ccfd73d524d,2024-06-24,GDELT Red Sea Download,armed conflict,RED_SEA,GDELT Event 186 between EGY and USA in EG,
31dce6591339203d,75ae45603dba14c3c13961755bb930ceaacb1d43952ef6a08919f52ee638d1e4,2024-06-24,GDELT Red Sea Download,sanctions,RED_SEA,GDELT Event 173 between USA and USA in EG,
d0eccbd2b45e640a,3a4f904234c8217c32ec8923d2dc6398a00dc5d16582379e72f8cdb7ab7b4dab,2024-06-26,GDELT Red Sea Download,military escalation,RED_SEA,GDELT Event 138 between nan and ISR in EG,
091abc40847e7625,cc4cee80411ca5706493a9d54635668b3ddb04ea3ece3671adffde1d25340aa7,2024-06-28,GDELT Red Sea Download,armed conflict,RED_SEA,GDELT Event 190 between GBR and YEM in YM,
9bb6bf0b67f6b84b,0fce5c0f0782e49efb76cc559693bf8e60f90212c4c4341ec6e32253f5b926d9,2024-06-28,GDELT Red Sea Download,armed conflict,RED_SEA,GDELT Event 190 between GBR and YEM in UK,
456d18e07636a598,3739a557da4ab0267672fa0af789931c43c81e0baf750942df4a8c384f1a7b26,2024-06-28,GDELT Red Sea Download,armed conflict,RED_SEA,GDELT Event 194 between GBR and YEM in YM,
17b1f9a142a190ad,4a2abbf3666d25e64b9bb6ba375c8dfaceecd76a3785f6a4abc8b6aea6b531eb,2024-06-28,GDELT Red Sea Download,armed conflict,RED_SEA,GDELT Event 194 between GBR and YEM in UK,
9b0372ae931e7fbf,ed17dc6ade7fd5970c20a5eb4c4fdbdf92935426e2da6fb0e9dc6fd7f30da603,2024-06-28,GDELT Red Sea Download,armed conflict,RED_SEA,GDELT Event 190 between GBR and YEM in YM,
3fabd5e7985d04e4,e83c05fd0d36ba0c675adf8a35d9395b714316937fbd3049e042a040979a2de7,2024-06-28,GDELT Red Sea Download,armed conflict,RED_SEA,GDELT Event 190 between GBR and YEM in UK,
4b9caee1160da1ec,6183e84aefb555ad030360a1b0b8be7d84fff0bb2dc0b6d4c4c604e4eed90978,2024-06-28,GDELT Red Sea Download,armed conflict,RED_SEA,GDELT Event 194 between GBR and YEM in YM,
a8644e7302629974,63a8c210fa48b1e2dd2b35edca0024aa4b8dc12b0259afe35920d0c5b10df827,2024-06-28,GDELT Red Sea Download,armed conflict,RED_SEA,GDELT Event 190 between USA and nan in YM,
a78ec410f666be6c,ffb1de693238c303e290409f232d3dca3501ca20d1c1b50d423984c5d5bac675,2024-06-28,GDELT Red Sea Download,armed conflict,RED_SEA,GDELT Event 190 between USA and nan in YM,
1001b9ba20c6b904,1ff806db94525e8e821a2caebd05629256ba9ca664b0f2edb16d7e27f24bd8d0,2024-06-30,GDELT Red Sea Download,armed conflict,RED_SEA,GDELT Event 190 between nan and ISR in YM,
35f352c49bf86f4a,4d068e8f7ce34f11f606da67476cf7302fcbc7a6ac745681e0bf5368b5c0acca,2024-07-04,GDELT Red Sea Download,armed conflict,RED_SEA,GDELT Event 180 between ISR and EGY in EG,
d469480d70a28904,bfa1d082b15090e72f2e8571fc7dd5342ca2ee6537065ed2ca6705da70506366,2024-07-04,GDELT Red Sea Download,armed conflict,RED_SEA,GDELT Event 180 between ISR and ISR in EG,
9d070a74d8abf9a4,c98b5d9892fceedee170ad4e4a35e91eddecc694f84a8302be1172668f22cbec,2024-07-04,GDELT Red Sea Download,armed conflict,RED_SEA,GDELT Event 180 between ISR and PSE in EG,
8bc69ad054a74e6e,7afdd06fdc273cbca2ffbf834be8a707c2523a30430f676e3eabe7b25ce28c62,2024-07-09,GDELT Red Sea Download,armed conflict,RED_SEA,GDELT Event 195 between nan and ISR in EG,
e8f2aa3f2bba5a51,28f04aeb4db45a4b8613722fad0f08cfe61ddcfe1d5fc73a7b39f2ad42a7843a,2024-07-09,GDELT Red Sea Download,armed conflict,RED_SEA,GDELT Event 193 between ISR and nan in EG,
07e7f099d4d20d46,fa2388e58259a769d6ff2f40c2a0756b8764658dcac90bfdd2b9dc8c0a77020f,2024-07-09,GDELT Red Sea Download,armed conflict,RED_SEA,GDELT Event 193 between ISR and nan in EG,
5c2ada9151cd344e,b99179a5a4b35c4dcf8c5cc8c78bac08d958b29bc67f1c8f3db10822546ba8a5,2024-07-09,GDELT Red Sea Download,armed conflict,RED_SEA,GDELT Event 195 between ISR and PSE in EG,
a6d9639873e303c4,aac270b08f7cd5373c329f569ae85a3c4b71dee6f1dd729be9df90065bbf1fd8,2024-07-09,GDELT Red Sea Download,armed conflict,RED_SEA,GDELT Event 193 between PSE and nan in EG,
690d6263fe907106,f6551222961e5e78ee99212a9f0ffe113df66764cf4456a45f9d4e58bd4980ba,2024-07-09,GDELT Red Sea Download,armed conflict,RED_SEA,GDELT Event 193 between YEM and nan in SW,
ff84d678e66feed0,399b9d6c317069c9c14a213634e2f6edeaaa0e62401fcf08dd8f4c5ce87f4a2f,2024-07-10,GDELT Red Sea Download,armed conflict,RED_SEA,GDELT Event 194 between IRN and DJI in DJ,
5b1d2c5853fd772e,2084d4920af2de828e62cfcb72fcceb60c90729d22e88395b6f47e2ec4832736,2024-07-10,GDELT Red Sea Download,armed conflict,RED_SEA,GDELT Event 194 between IRN and YEM in SF,
465e1f1a0e1a31e7,6535704db0078dc041d11d19bad2e3ccb90143f048e2fc6ca160e2aa83487684,2024-07-11,GDELT Red Sea Download,sanctions,RED_SEA,GDELT Event 173 between USA and nan in EG,
d37ab5c15530f3c8,4f2d79dc82af8792990af96f730e493b6a52c3525c558b68a87cb8250cdf01ba,2024-07-12,GDELT Red Sea Download,armed conflict,RED_SEA,GDELT Event 190 between nan and nan in DJ,
5ffbceef3ed84fca,9350cec647a2967c3b79c4b0f9664ee3a8f9ffe4ac57ed9d6125b1621829f3a5,2024-07-12,GDELT Red Sea Download,armed conflict,RED_SEA,GDELT Event 190 between nan and nan in DJ,
58c1b74044d0b58d,da8bd90ec8d906aa6fe4d162af692de5aba98a9328794a10532603579c78a9e9,2024-07-12,GDELT Red Sea Download,military escalation,RED_SEA,GDELT Event 138 between YEM and SAU in SA,
472bacd45127e5fe,a041800a89ac60206b6da071846fbce83b754837e0889b5f0ec42d613b46edb5,2024-07-12,GDELT Red Sea Download,military escalation,RED_SEA,GDELT Event 138 between YEM and SAU in YM,
6a5adde4745b1972,a7f7a6563eb0242710bd9607f50572a8b85e04d6c5ad6d6a8e1277f087b4bbe2,2024-07-17,GDELT Red Sea Download,sanctions,RED_SEA,GDELT Event 173 between nan and nan in EG,
00796391c139d338,160de78511a1fec2e0d6a4f7d5b1acbc522d1074ea767cd4852b0151e0adb099,2024-07-17,GDELT Red Sea Download,sanctions,RED_SEA,GDELT Event 173 between nan and NGA in EG,
0fbef6a7460672b5,d9b954700c0cd17ce73b21f12545b33f0dfac628d7ca9f54b556043c36aee30a,2024-07-17,GDELT Red Sea Download,sanctions,RED_SEA,GDELT Event 173 between USA and EGY in EG,
8ff9e2ca00edae38,85444e89e909257f103686171980cc0c67ab0b2c9472e38445415b1474767718,2024-07-18,GDELT Red Sea Download,military escalation,RED_SEA,GDELT Event 130 between EGY and nan in EG,
4368b07855761e6e,5ee04a53bf08904d35b9a128989f137978a015473715cc136f1cfdc7dd316981,2024-07-20,GDELT Red Sea Download,sanctions,RED_SEA,GDELT Event 173 between nan and YEM in YM,
554bd31ee7d1e7af,de67ed700c342e52c65da238a59aa2025d31afd7d7a8724f7f6d3f76b935aabd,2024-07-20,GDELT Red Sea Download,armed conflict,RED_SEA,GDELT Event 180 between nan and YEM in YM,
f90e75e477f2a5e6,d69f978cff5afbb6691be85c32d0464e1e45b0bcd85c479a0b488ac6e7f3ab79,2024-07-20,GDELT Red Sea Download,armed conflict,RED_SEA,GDELT Event 180 between nan and nan in YM,
6688553937912d77,1dfe9d11ff7279d695aa8f3a33cc652973ff7c9c04534f5e92ad50a80e76add6,2024-07-20,GDELT Red Sea Download,armed conflict,RED_SEA,GDELT Event 180 between nan and nan in YM,
df2017f615cd2c43,facd7e4cc869afb1a4dd97357e9b26057ef767791f44049d9d967dc01d4c39b4,2024-07-20,GDELT Red Sea Download,sanctions,RED_SEA,GDELT Event 173 between nan and YEM in YM,
8ce36c99a137e164,87c9272c00dbf9d3d6245547b44ee3d0cd5bbd5a27e0f081a2b4e00b874a9af2,2024-07-20,GDELT Red Sea Download,armed conflict,RED_SEA,GDELT Event 190 between ISR and YEM in US,
eaf600d6ae409e61,5186652bc59515869296eb01f5f1ea1837db439995fc1e5475599b9bf45ce393,2024-07-20,GDELT Red Sea Download,armed conflict,RED_SEA,GDELT Event 190 between YEM and nan in IS,
f4600ff715b8236b,a67444dafabe200f2a47b8d134fa30d8f8c065ae186738eb80717b27bde0756b,2024-07-19,GDELT Red Sea Download,military escalation,RED_SEA,GDELT Event 130 between EGY and EGY in EG,
97d6dace9b1449b5,b68bbf3e4f61c8538240bf584ccebdb8d8d7d1aa38ef66353176493d1901ed2c,2024-07-19,GDELT Red Sea Download,military escalation,RED_SEA,GDELT Event 130 between EGY and nan in EG,
a12f6f56463e33c7,bad4806109640f3ab4788572d8b745f94f0ca8856e769b88ef24549571b6348c,2024-07-19,GDELT Red Sea Download,armed conflict,RED_SEA,GDELT Event 193 between ISR and nan in YM,
ca43e2eb75bd78bb,350001a3ef7957bfef10e0f967dee7ed3c81ea3847ec8702166a6893c8e51e26,2024-07-19,GDELT Red Sea Download,military escalation,RED_SEA,GDELT Event 130 between USA and nan in EG,
2d96e7f3f996ac4f,e603ae5f2ce2c808812ef9bdcf91ad58aeb1b80dec065cf65b51d5ca9225d982,2024-07-21,GDELT Red Sea Download,armed conflict,RED_SEA,GDELT Event 190 between nan and nan in YM,
573269bc1f65275e,063893217d9fd92bd13c56b3363be01d4a09cb200e904b6b7d81b0455aadf438,2024-07-23,GDELT Red Sea Download,sanctions,RED_SEA,GDELT Event 173 between nan and YEM in US,
8ec6117c6a33f268,97bc47715155cbaa79dfc4bd351bef411f24daad804ee9d05ba21447b476e5eb,2024-07-24,GDELT Red Sea Download,armed conflict,RED_SEA,GDELT Event 194 between nan and YEM in YM,
c6b4fc16f136b467,1f6c6e248218ba8dfdd31a8850209f599fd20d460339be91ec382dd5515caf97,2024-07-24,GDELT Red Sea Download,sanctions,RED_SEA,GDELT Event 173 between YEM and nan in US,
fe8779383d978b78,36d0373f9f3f4e51bcbab225833bd70100533724ad337bfffbca618fa676735b,2024-07-24,GDELT Red Sea Download,armed conflict,RED_SEA,GDELT Event 190 between nan and YEM in IS,
100bc769c29c7f71,40b31cd4b02e9c1f7e65fbd5140d73d3d83b2ea3df523eb0a6d2fabbd0152dde,2024-07-25,GDELT Red Sea Download,armed conflict,RED_SEA,GDELT Event 190 between ISR and nan in YM,
3990805ae75a2e18,31c80121bb544bc3f79de373aab6024a483d8346da6ca9179df61197e3c0117f,2024-07-25,GDELT Red Sea Download,military escalation,RED_SEA,GDELT Event 138 between nan and YEM in IS,
c3ce49829bb40530,8751e32e2b9fb92a213b98a339b6bf7a0a895d9451fd6299f383dbe2e2d19dc0,2024-07-25,GDELT Red Sea Download,military escalation,RED_SEA,GDELT Event 138 between nan and YEM in IS,
60150e6006d16c11,1d69a20d4208fc3e905f62fa565dd52c613ec434abb7f3302c05d490b1b3a594,2024-07-25,GDELT Red Sea Download,armed conflict,RED_SEA,GDELT Event 190 between nan and YEM in IS,
353de942706be95f,05669d569644ea7ac140939d804631e84b068a288397bb275933698367bd37e1,2024-07-25,GDELT Red Sea Download,armed conflict,RED_SEA,GDELT Event 190 between nan and nan in EG,
4b4fd28ec19273f1,7b7d71293f925f0b2055dd890690f7af4fea2eecade8b4eb396cc45751866d6a,2024-07-27,GDELT Red Sea Download,sanctions,RED_SEA,GDELT Event 172 between EGY and nan in EG,
62de425d03090dfb,82eb7e5e2933a9d996269d711fcfc87d922989e99ffd12e3daf9799d8015adc4,2024-07-27,GDELT Red Sea Download,armed conflict,RED_SEA,GDELT Event 182 between EGY and nan in EG,
e18f5f5d12b48740,9279906d816880afeb5f522bd51ba80fb10f665a8c3a0c578b9cdf0e9a8fe56a,2024-07-27,GDELT Red Sea Download,military escalation,RED_SEA,GDELT Event 130 between ISR and PSE in EG,
ed36dc3a1432ec8d,7726c865998d91e657b9b0a115c05a1341e166ac8bc48469e09266e24c75c0f6,2024-07-29,GDELT Red Sea Download,armed conflict,RED_SEA,GDELT Event 190 between nan and nan in SO,
7132bd9f6a2c3647,eafe26fd27329fd511739213d343d93f49861b788cfd7a75d0e5ff07ae125f96,2024-07-29,GDELT Red Sea Download,armed conflict,RED_SEA,GDELT Event 190 between nan and nan in SO,
334ae11552671909,593432af9febf6ccdbf008976d27e474705c12b5935edc6385ad689f9d77ad7e,2024-07-29,GDELT Red Sea Download,armed conflict,RED_SEA,GDELT Event 190 between IRQ and SYR in SO,
1620c4a26364aa87,720cb2d7e35d3c3e85a261fd2fba636b588fc920d962763d9acff76a7ff3c081,2024-07-29,GDELT Red Sea Download,armed conflict,RED_SEA,GDELT Event 190 between nan and nan in SO,
222b34e1ae0be5d1,434b97aa102309af14eb8591cdb0b598b2d06607ccc1076398f63794f49432ad,2024-07-29,GDELT Red Sea Download,armed conflict,RED_SEA,GDELT Event 190 between nan and SOM in SO,
b1ab07f241f8ecb6,0fe8a2c287252d108f159adff0ee6ee1965bff9ae18123b47fde1ff953a14df0,2024-07-31,GDELT Red Sea Download,sanctions,RED_SEA,GDELT Event 173 between nan and nan in EG,
6e6f35cb22edf7d4,0befb69b1dbf71e74b28b78d5a79ddf22421efb4eaa80866f34086b3cde98d2d,2024-07-31,GDELT Red Sea Download,sanctions,RED_SEA,GDELT Event 173 between nan and PAK in EG,
c4a49d798a36679e,6b2bb4a00f00cf9f8190839afd1f12538841daf43726bf09770924cace7a3e89,2024-07-31,GDELT Red Sea Download,sanctions,RED_SEA,GDELT Event 173 between nan and nan in EG,
2c6f669210610269,fcd20b72375a368451dfca07a9c566c1e72f0c7a51c888f3cdda63d781c2e25f,2024-07-31,GDELT Red Sea Download,armed conflict,RED_SEA,GDELT Event 190 between ISR and PSE in EG,
120a4cba0832a82e,5c4f4669285ad344e68d12b1fb3381fe3fdf9af6fbd4cce850c15ae4db9faa5f,2024-08-01,GDELT Red Sea Download,armed conflict,RED_SEA,GDELT Event 186 between EGY and nan in EG,
c5ef0d861949846e,cb4c348e264e54471e342763b0dc8e3e92629b85db2d2aa459ba17c215249e81,2024-08-01,GDELT Red Sea Download,armed conflict,RED_SEA,GDELT Event 186 between EGY and nan in EG,
856b55958194748d,be3789aaec9781da3970b76a7bf90b3744026bd5ffa7aa6de4093aef54efcf0f,2024-08-01,GDELT Red Sea Download,armed conflict,RED_SEA,GDELT Event 190 between nan and SAU in EG,
c4e3e1974afd619e,2a48e79026289735d368d7328b29e86af689c123c9ac8400e2206f9e24d53c24,2024-08-02,GDELT Red Sea Download,sanctions,RED_SEA,GDELT Event 174 between nan and EGY in EG,
29ba0b399faad90c,48563e093dbe898ee9ebb70858aae1c2500adc985bdc9c8977468bc2ce5d5525,2024-08-04,GDELT Red Sea Download,armed conflict,RED_SEA,GDELT Event 195 between ISR and nan in YM,
960f7fb7afb36ca7,450d0f253ac413d71642abb48f562463f52182890b908afca782db32f1afeab7,2024-08-04,GDELT Red Sea Download,armed conflict,RED_SEA,GDELT Event 195 between ISR and YEM in YM,
73ef185f8c7066ed,27fb76f779a3182756a3f3ea44f017b17d05e088fc5a0c38cf67f58b2d389a8a,2024-08-04,GDELT Red Sea Download,armed conflict,RED_SEA,GDELT Event 195 between ISR and YEM in IS,
bf4cbe4402147b2b,80642ce06b730676459f7e7dabaaf0d9109ccbf01c0f475a9e56bdb291ccafe1,2024-08-04,GDELT Red Sea Download,armed conflict,RED_SEA,GDELT Event 194 between YEM and nan in IS,
682f067ea8c64afd,539bb7ca17b60aa50826e87c8fb495c0b19dda49fa1ab2b2f3c75da2ec61604f,2024-08-04,GDELT Red Sea Download,armed conflict,RED_SEA,GDELT Event 194 between YEM and nan in YM,
d040e07c4b5e3858,799c8ae4c57aec950b53cee205ca29e73d88d9e9bbe1a8c8cf143127e165a82a,2024-08-03,GDELT Red Sea Download,armed conflict,RED_SEA,GDELT Event 190 between SOM and USA in SO,
b947943657a8862d,7476b936d067d40e2242e0b66a82b78a0a11ab58d17df18b2947b1f64581f41a,2024-08-05,GDELT Red Sea Download,armed conflict,RED_SEA,GDELT Event 193 between EGY and EGY in EG,
6e7004fb08565ca5,7299a430fc4c8c40b091bd1d0357172d7f1fb483bb335652dd1e52666adbf373,2024-08-05,GDELT Red Sea Download,armed conflict,RED_SEA,GDELT Event 193 between nan and EGY in EG,
5e93f7143accde39,568a780b268dafddf0e21280b9b25c09afc1e5597744cc88990e7df2e08b88d4,2024-08-07,GDELT Red Sea Download,military escalation,RED_SEA,GDELT Event 138 between nan and USA in EG,
e00bc525182e82ef,eb9c6f6215facad9178b27eee4a7b5cca119799e7e588370de4c42c0916e30a4,2024-08-06,GDELT Red Sea Download,armed conflict,RED_SEA,GDELT Event 186 between YEM and ISR in IS,
e2e354b7a2c77207,aaaf698b1cb6954dd4533bdfe293a5cc1b2e11b12c1f7667f5f10d91cc84bb8b,2024-08-06,GDELT Red Sea Download,armed conflict,RED_SEA,GDELT Event 186 between YEM and ISR in IS,
4c8b5deee6ef1c16,146ef14e551118daa5b1e541e40fc9d6630a3bc97f498b7abc7a97cb5f157c47,2024-08-09,GDELT Red Sea Download,armed conflict,RED_SEA,GDELT Event 190 between IRN and YEM in IR,
eb96c0271969c27f,02a69205c9cb6ecc5ef043698e47768dfd3ccd4b6dac90d13da26f44f289e1a8,2024-08-09,GDELT Red Sea Download,sanctions,RED_SEA,GDELT Event 173 between OMN and YEM in MU,
f8013a5761ec591d,1a352911a8066c4aa102b5b62fa5b1344b78f5258acee642361b71462f19c8c8,2024-08-09,GDELT Red Sea Download,sanctions,RED_SEA,GDELT Event 173 between OMN and YEM in YM,
e86bcfed34e3ba9e,6209d83ce667381690ed54b47499e49283fc7efe65c9b58bc3e2c971f919942c,2024-08-09,GDELT Red Sea Download,armed conflict,RED_SEA,GDELT Event 190 between SAU and YEM in IR,
3b9ed56261a71c07,6d65d322adc6f4c667e245502e8a28f38285c6fc638e3b153910cf7d04472195,2024-08-09,GDELT Red Sea Download,armed conflict,RED_SEA,GDELT Event 190 between YEM and IRN in IR,
7448ffe904314916,498c617e9f6fc39ff023465feea46585f135c0263c1c839bf025b320602bf3a2,2024-08-09,GDELT Red Sea Download,armed conflict,RED_SEA,GDELT Event 190 between YEM and SAU in IR,
4da9101176b58967,34a06ff63347ed98e17e522e091ea6c27a23588c3702ca2dd0d31d689c08c582,2024-08-11,GDELT Red Sea Download,armed conflict,RED_SEA,GDELT Event 190 between CHE and SOM in SO,
3842d2c2bceee922,d9d925db98e9e3cc9e5dd0b798465e9820c76a5a6f9e372f6042c43a6322f2c6,2024-08-11,GDELT Red Sea Download,armed conflict,RED_SEA,GDELT Event 182 between nan and CHE in SO,
0348eccc8a7676ae,35b00e0a2f5768bd8e8344c019e0c0f64755ca4408ed57d18e17376658568ed9,2023-08-11,GDELT Red Sea Download,armed conflict,RED_SEA,GDELT Event 190 between USA and SOM in SO,
f33058ee06d29122,de39be90242bc14b112d78276542ddf44dd28acf5541b9135a010daa41314a96,2024-08-10,GDELT Red Sea Download,sanctions,RED_SEA,GDELT Event 173 between DJI and KEN in DJ,
98d3ef43253556f7,45e1a6399449e9db2ba5ee2e3a960b2ce36e7bdd5adf7143ad8103765e5b48fd,2024-08-10,GDELT Red Sea Download,military escalation,RED_SEA,GDELT Event 130 between GBR and BEL in SO,
34ce24989561afca,59382f7ea4c803bbebb6b57cc7d234c4e2d46aa28437faf3295071f3fdf3a404,2024-08-10,GDELT Red Sea Download,armed conflict,RED_SEA,GDELT Event 190 between ISR and PSE in YM,
34eb0845114a9c62,d01feacd3b7354b5735c6d590a669eb95fd92a58b37e7fdb3de10dbe37805321,2024-08-10,GDELT Red Sea Download,sanctions,RED_SEA,GDELT Event 173 between KEN and nan in DJ,
696ac0212ce9e19a,3432cd4137648f5051ca96d8341bec0971fc1efb022ddcdb7adae21de057de12,2024-08-10,GDELT Red Sea Download,armed conflict,RED_SEA,GDELT Event 190 between KEN and nan in SO,
335233c12f962b7f,46c03b74f5116e53875028f779932dbb073fe156c8a21c6f1c75de9f3447fb8b,2024-08-10,GDELT Red Sea Download,sanctions,RED_SEA,GDELT Event 173 between KEN and BEL in SO,
9999cd6db69194bc,adce99e54742d030a7bd0f14615a8e9840c731cac576451609f9371724764999,2024-08-10,GDELT Red Sea Download,sanctions,RED_SEA,GDELT Event 173 between KEN and BEL in SO,
4d0a36ae77b43117,f9449caff9aafd7362c35a953839fb9ff373ba60667eb8d19b9bec008e136737,2024-08-10,GDELT Red Sea Download,sanctions,RED_SEA,GDELT Event 173 between KEN and GBR in SO,
7f7c54a426a7c278,1b3b11fb4ef167cf4f1a7338dfcaa93f3ef4f74fe82b4549fd771626d0d14164,2024-08-10,GDELT Red Sea Download,armed conflict,RED_SEA,GDELT Event 190 between SOM and KEN in SO,
d233c4076d78a5b0,aee27be2aecb73cba9ced7da206a7615e88e9d05b90faaedbff8bd13b8294981,2024-08-10,GDELT Red Sea Download,armed conflict,RED_SEA,GDELT Event 190 between SOM and KEN in SO,
12529dbe0eef4e75,e2bec236d3919444ed882c44e01bf1681a1793dad3650891e591eb6dca19f0ba,2024-08-10,GDELT Red Sea Download,armed conflict,RED_SEA,GDELT Event 190 between nan and nan in SO,
c5fba0e348fcbecf,94c1553153f02a42c83b1887bb26054ac45aeb47fb62127e3f75df917a059256,2024-08-12,GDELT Red Sea Download,armed conflict,RED_SEA,GDELT Event 190 between nan and YEM in LE,
b3d2bfb5762fa70e,4ed97392bfc2d57783284135621052eb0299214251b08d61b5dfe91ec12cc64f,2024-08-12,GDELT Red Sea Download,armed conflict,RED_SEA,GDELT Event 190 between YEM and nan in LE,
d645f3b21f24059b,9e6f7cd4957d2905d85cde1c4132bfe2c7363cd392562c2a763527ccdbc8162a,2024-08-14,GDELT Red Sea Download,sanctions,RED_SEA,GDELT Event 172 between EGY and EGY in EG,
8f0d088041930544,9320c05a84ffc5a802d5710571a910df6777307faec6c959d834c999614f7e35,2024-08-14,GDELT Red Sea Download,sanctions,RED_SEA,GDELT Event 172 between EGY and nan in EG,
c475f94d148b533c,d06c5c0c21e750c5dc044d879d4960ed44d0939ce409c383d4c8052d5cfc228f,2024-08-19,GDELT Red Sea Download,armed conflict,RED_SEA,GDELT Event 181 between ISR and nan in EG,
c12026f3be83ea54,77048e1cce02f0ef6919af30afb80fffcf8ccbd0dfad687b05cb8f168a24a466,2024-08-20,GDELT Red Sea Download,sanctions,RED_SEA,GDELT Event 173 between nan and ERI in ER,
cb6e319da9a91664,e1d1a0fa6eaac523c397eda0434e697400b32e60d051254f3f978a9836873038,2024-08-20,GDELT Red Sea Download,armed conflict,RED_SEA,GDELT Event 190 between PSE and ISR in EG,
39fec4e9ddc09f30,1ec5eabfa750787e7e4280c64607298e8d01ebf0e3e6d55730f21d7cdbbb134d,2024-08-20,GDELT Red Sea Download,armed conflict,RED_SEA,GDELT Event 190 between nan and YEM in RS,
e25cd67e599e98eb,bd8aba5df6af29349a0a8a0775323855bf1ce1738b74020cd66ba4cf3f47c4f0,2024-08-20,GDELT Red Sea Download,armed conflict,RED_SEA,GDELT Event 190 between nan and YEM in MV,
b2bbd33a41fa19e4,044ab09cc18758805a2cb2fbaaad08e58404ebdd1c51de184d67c3c8968c719d,2024-08-22,GDELT Red Sea Download,armed conflict,RED_SEA,GDELT Event 190 between DJI and nan in DJ,
cfa83a1ec5d2139e,39629e08a5d31a1d565b7d749c12310abc3dce8d35417accfb3687c278a75fc1,2024-08-22,GDELT Red Sea Download,armed conflict,RED_SEA,GDELT Event 190 between nan and nan in DJ,
4d75e29e1eece3de,9ea9b92341a6f61f6eea6e6da030bd44335172c942cd57f78da4ffc4983eda14,2024-08-22,GDELT Red Sea Download,armed conflict,RED_SEA,GDELT Event 190 between nan and DJI in DJ,
b9a49a8b04675311,4bca5476d643955db758b5dda815b0e3d8f18b8b1bac0569040dadd69e185808,2024-08-23,GDELT Red Sea Download,armed conflict,RED_SEA,GDELT Event 1831 between nan and USA in YM,
c2dbde9629a9288d,8669929965290e5f4c1e95bbc484e96996b82c513c95d4b66148e3c1eb2e8f81,2024-08-23,GDELT Red Sea Download,armed conflict,RED_SEA,GDELT Event 1831 between nan and USA in YM,
39b773af4a29164d,c70cac30698afe0207683d52c9add6d17068e2c2c282f54634c471e386c068b3,2024-08-23,GDELT Red Sea Download,armed conflict,RED_SEA,GDELT Event 1831 between nan and YEM in MY,
92d54da700c67da0,0880ee547f6d606389f6ad55aded70a3e5c1eb9ece6f9392a710f2c7bdba8221,2024-08-23,GDELT Red Sea Download,armed conflict,RED_SEA,GDELT Event 1831 between nan and YEM in YM,
39ffa6e50c3594a6,db842c5ba71ba9d9f99985c7d36ce146354b189c15e407396ad334b22203b6e3,2024-08-23,GDELT Red Sea Download,armed conflict,RED_SEA,GDELT Event 1831 between nan and YEM in YM,
f9ba96c91b0e7555,d0afe897e1d4b0882d4eb8b48f03699998abb16ede9d8e3dd580ef2acd2e3144,2024-08-25,GDELT Red Sea Download,military escalation,RED_SEA,GDELT Event 130 between EGY and JOR in EG,
37347148294cec27,2916dcb8c99b6867ab8c2f312b8538b777074fd9eac242886cf66a518792c364,2024-08-28,GDELT Red Sea Download,armed conflict,RED_SEA,GDELT Event 190 between DJI and GRC in DJ,
34a8156095bd8b20,683f0b65195dd9ead91dd60b71be976f47d3294e3725916c7856c57e7ebc1b1f,2024-08-28,GDELT Red Sea Download,armed conflict,RED_SEA,GDELT Event 190 between IRN and YEM in GR,
78ec020e99fcaaca,938ac664cddc1af3b62a16df43fe4b4166c4c7c47bb24c9a95270e455cd19315,2024-08-28,GDELT Red Sea Download,armed conflict,RED_SEA,GDELT Event 190 between IRN and YEM in YM,
1f638c43ab34b34a,bc73d5086ae082e9301b3ffbb8a69c1f260b5054ce6f4aa61b5cf838338a167d,2024-08-28,GDELT Red Sea Download,armed conflict,RED_SEA,GDELT Event 181 between PSE and EGY in EG,
e4cce3c76aa307ff,92a738d81395b0e55fad7542126dfb541ab4676ac4c55e2c8cdea6a035406ae3,2024-08-30,GDELT Red Sea Download,armed conflict,RED_SEA,GDELT Event 190 between DJI and YEM in IS,
fd154d30d339e0c8,a8a7cde43a0ec4a46900ac0aa8b09c630ae22e64c2a675a70a926a8e6952596e,2024-08-30,GDELT Red Sea Download,armed conflict,RED_SEA,GDELT Event 190 between IRN and nan in YM,
9465a1465aea902f,f07a868e33ba1f99ff902f9a984ea1722fee94b603788631de1431fc99f7cf46,2024-08-30,GDELT Red Sea Download,armed conflict,RED_SEA,GDELT Event 190 between ISR and YEM in IS,
52b9888c395c40f7,bda143a636a7ab19a8c3b3c16ee170b6adfe211cf7e5b55b609a0fe6afa9bac0,2024-08-30,GDELT Red Sea Download,armed conflict,RED_SEA,GDELT Event 190 between nan and YEM in IS,
e5c64cff424c5c77,c33166c631d4e3ffb9dbbf6e17344df8a2571d1d38a2cb8bd1de2c674ab1187b,2024-08-30,GDELT Red Sea Download,armed conflict,RED_SEA,GDELT Event 190 between nan and YEM in YM,
00ae3c70c803316f,f3e4c4705b4adf2b99e7d707a066298a76b93d9cad2954f82479a48b8067eb87,2024-08-30,GDELT Red Sea Download,armed conflict,RED_SEA,GDELT Event 190 between nan and YEM in IS,
671fe1962d7b8a1c,20f8aff78ff0a178241465130ab8de345f259e7f7dba04a1192aac92f02ffc95,2024-09-02,GDELT Red Sea Download,armed conflict,RED_SEA,GDELT Event 190 between ARE and nan in DJ,
886ad641c7e8b937,b64c5608c6e1cf06cf716d0a614a083eeddfc70d7ffe6fdf1be2a410d06b1fad,2024-09-02,GDELT Red Sea Download,armed conflict,RED_SEA,GDELT Event 190 between ARE and DJI in DJ,
a3a57972ed9ba6d2,06a9f32b1003110585da4910d5044a132e114ac4184388960959b19a5ff751fc,2024-09-02,GDELT Red Sea Download,armed conflict,RED_SEA,GDELT Event 190 between ARE and nan in DJ,
271712e37871ea76,7bc83e3b5d669117dcb9e337d106d662fcdf4b67649135d2adb3f2f6a1fb0cf0,2024-09-04,GDELT Red Sea Download,armed conflict,RED_SEA,GDELT Event 190 between ISR and ISR in EG,
e1d0ce466183762a,f845ca5c85c3288bebcd193605daa2179d5947e914efddfb1321c56673562684,2024-09-04,GDELT Red Sea Download,armed conflict,RED_SEA,GDELT Event 190 between PSE and ISR in EG,
5d6c36a57bb1ce9b,eb19576ddc11601c045d9143ba2508fbb4274a3f511397746527bdf30621eb2a,2024-09-04,GDELT Red Sea Download,armed conflict,RED_SEA,GDELT Event 190 between SOM and nan in SO,
9d0b11e866644af8,a4b8ab84f28610a2af512a5392aa35647682a9ff839ea2886835a8de634fa296,2024-09-04,GDELT Red Sea Download,armed conflict,RED_SEA,GDELT Event 190 between SOM and DEU in SO,
24eeebf8480a5db0,a81562ff7ec18b0105476e6e10886f7a72efea4820c295b54532722d6f8f1024,2024-09-07,GDELT Red Sea Download,armed conflict,RED_SEA,GDELT Event 190 between USA and nan in YM,
122dd5e5f474829a,aad79df76273aa5e3e3ab259a0e62d3bce1d98a6aa19ee9a9e466288dff92748,2024-09-07,GDELT Red Sea Download,armed conflict,RED_SEA,GDELT Event 190 between USA and YEM in DJ,
3ac5732015630044,50de15e8c9ff8b177246c0ba755777d2d9a05b90ddb1e26a8104c1f9757804cf,2024-09-07,GDELT Red Sea Download,armed conflict,RED_SEA,GDELT Event 190 between USA and YEM in US,
ce6d206d56b10bb6,c9eb5b57b62054173d63f3d667805c6f4d02c02136031bcc50476a580b17a6b2,2024-09-07,GDELT Red Sea Download,armed conflict,RED_SEA,GDELT Event 180 between YEM and nan in US,
81aefda9e1e470fd,c0762ff63c1a675b7d75903ad760f2fdb510ff7fd7387e85cd11d00ebe866052,2024-09-07,GDELT Red Sea Download,armed conflict,RED_SEA,GDELT Event 193 between YEM and USA in YM,
11f6e6cbeacafc0d,723401b9290c8b762cdf768adf6ee6476a0230d42da9001fff28b2d36bd887f4,2024-09-07,GDELT Red Sea Download,armed conflict,RED_SEA,GDELT Event 193 between YEM and USA in US,
71c88f11fc3ef25d,6e146420a7429f69ce8d1ce7c9b9575f76dbead5c1f7c25b53c3f5012968ee7c,2024-09-07,GDELT Red Sea Download,armed conflict,RED_SEA,GDELT Event 190 between YEM and nan in UK,
9ec761f8579910ad,001877667f374c4f21abe805c5a958bdd44d3031296d8ca910f2fa5b6bf8d534,2024-09-07,GDELT Red Sea Download,armed conflict,RED_SEA,GDELT Event 190 between YEM and nan in US,
6f704ed5b7bb5390,06858dc1d638af0fac8fca87b5bbaa7b15857e748cc750bb7c3b4b0e4b7b27bc,2024-09-07,GDELT Red Sea Download,armed conflict,RED_SEA,GDELT Event 190 between YEM and nan in YM,
b450f8f360dea69a,bb04ad9f94a28e84fdc20edbc0b11378d30c4701970d8359d84ae408e15827e7,2024-09-07,GDELT Red Sea Download,armed conflict,RED_SEA,GDELT Event 190 between YEM and nan in UK,
f81e59560e52d993,49b42a95aec6971184b5b0a37e35a1e0eaca6e80d7fb43a6cd48a60f4ff7df55,2024-09-07,GDELT Red Sea Download,armed conflict,RED_SEA,GDELT Event 190 between YEM and USA in US,
584b3b383882d8c8,28ad733768302e2ae5ceb402e94ef4517a5fdd9dca56a9075a3e6a487065c1c0,2024-09-07,GDELT Red Sea Download,armed conflict,RED_SEA,GDELT Event 190 between YEM and USA in UK,
0dd5a9e8150031e2,61bf77924e6d24ad068a8fcd852ab2da550e7d6070577a7733c9bec984f416a7,2024-09-07,GDELT Red Sea Download,armed conflict,RED_SEA,GDELT Event 190 between YEM and USA in YM,
5908b7a6fe24da74,2ef0d362a75f89a4a29b24ec5a54772c06daaf594d3172eb941cf4e4c2d5a219,2024-09-07,GDELT Red Sea Download,armed conflict,RED_SEA,GDELT Event 190 between YEM and USA in UK,
4331ace6035a3ed5,557997d94dadb138ed7b02d467db134d82526f0758dcb85f606950f9e3aad6e2,2024-09-06,GDELT Red Sea Download,sanctions,RED_SEA,GDELT Event 172 between nan and EGY in EG,
0ef34937cd4453b7,aea11850aad2f87554e749a726059e58ac5a58525cc2afca5833cbb90c58f420,2024-09-10,GDELT Red Sea Download,armed conflict,RED_SEA,GDELT Event 193 between PSE and ISR in YM,
4cba4217bbfb47b0,fbbf7a369087cd9ecba99b22febd6785ac564c000f1ef2c95129b4eb8f99efcb,2024-09-15,GDELT Red Sea Download,armed conflict,RED_SEA,GDELT Event 194 between YEM and ISR in LE,
d64971e49e8d76cf,8ba33b9444962f00758d0e1e5befb9fc81fa52da8eb6cbfff553687ea3c19c1e,2024-09-14,GDELT Red Sea Download,sanctions,RED_SEA,GDELT Event 173 between nan and nan in YM,
3b4b1b94db95c220,8aa7a520d9cd8d14a9ff361240d452cf593455f85fb1217c7595a3999053be84,2024-09-14,GDELT Red Sea Download,sanctions,RED_SEA,GDELT Event 173 between nan and nan in YM,
8a5743de67add733,0b9da2318e827aa247f25485a75ce198dcbc039740fcb71cd69308358264b47e,2024-09-14,GDELT Red Sea Download,armed conflict,RED_SEA,GDELT Event 181 between IRN and YEM in YM,
98ed5705b51f8c92,7bf64ae8bcd306b586b37883e83adc4cc9fdd2597c30722a97815ef119691337,2024-09-14,GDELT Red Sea Download,sanctions,RED_SEA,GDELT Event 173 between USA and ISR in YM,
4a6edc77f16c3e67,453ab8eac9660bc8f396104ea7b6a560a5a210791a875e553aa2e4385965769c,2024-09-14,GDELT Red Sea Download,sanctions,RED_SEA,GDELT Event 173 between YEM and nan in YM,
a18981fb1bd6391b,bf7b68ac8857e727aae923f820226fca01da04f67ee25aa2b1e2552b7f8cf559,2024-09-14,GDELT Red Sea Download,sanctions,RED_SEA,GDELT Event 173 between YEM and nan in YM,
3762303b5f93c959,20d09fc024700d670e6d0f2ec32b6339a27f3125498d79582cc96a4c2800b29e,2024-09-16,GDELT Red Sea Download,armed conflict,RED_SEA,GDELT Event 190 between nan and EGY in EG,
a3f03cb4f364921c,05684baa6642109bae1e76bc0bb08156a6c408608d9ca53e5b158a7c73bfebef,2024-09-16,GDELT Red Sea Download,armed conflict,RED_SEA,GDELT Event 190 between EGY and EGY in EG,
b928a23907d0e4d7,236ec11ca8d907b237acafde5d5a8e881bce0d6751ae31d2e62b0c9cb7b8c7fd,2024-09-16,GDELT Red Sea Download,armed conflict,RED_SEA,GDELT Event 190 between EGY and nan in EG,
81f419328c7f9c4d,dfa000ed0714338e5baa24f2358d7559c5a9d3835bb203400c620c2607b9a28b,2024-09-16,GDELT Red Sea Download,armed conflict,RED_SEA,GDELT Event 190 between EGY and EGY in EG,
464cb238b803733e,b7ecbdfea9cad221068a0e8f5f966a7e6ae95ff9c9803ea4c27cc6ab1f99944f,2024-09-16,GDELT Red Sea Download,military escalation,RED_SEA,GDELT Event 130 between LBY and nan in EG,
9d25340e1ed003be,c7ffb92dbdd3fabc456670c41e8e010cd515c2091f542ee603bec75d5e85b139,2024-09-16,GDELT Red Sea Download,armed conflict,RED_SEA,GDELT Event 192 between YEM and nan in YM,
e8b892521ea1929b,be2ca22118f458bca6eeb72b2d635cd073236cd169460c75d2d4876b4d5f9d5e,2024-09-17,GDELT Red Sea Download,military escalation,RED_SEA,GDELT Event 138 between EGY and nan in EG,
c1d9173162fc181c,565c1a5f2b6b0b4c32829f69ef109ff528bbeb8001db2ad1dcf80bf7980dae2d,2024-09-17,GDELT Red Sea Download,military escalation,RED_SEA,GDELT Event 130 between EGY and EGY in EG,
b10a298cb9c12abe,a597779edab77f02ff30ccaa4712c42b03f19418f9a6a4b38f836b2166f77d4b,2024-09-18,GDELT Red Sea Download,armed conflict,RED_SEA,GDELT Event 185 between IRN and nan in DJ,
3c723fd267de06f1,32bde31ddd543beedcdf2328ecae42e19addaee02374a80663f8f5c4568a8e30,2024-09-18,GDELT Red Sea Download,sanctions,RED_SEA,GDELT Event 173 between PSE and ISR in EG,
7edf4890736ebc47,d8848cc1b6e1e27a338dfc72662f2b1ebc02d4e9abb2f1bc4354d416ffae67d9,2024-09-25,GDELT Red Sea Download,armed conflict,RED_SEA,GDELT Event 190 between ETH and nan in SO,
452b3f1a1c55008d,73b4ecc4a93baa50783051c2e4426d88edbde2ab95cdc69cbab53abed3edb14d,2024-09-25,GDELT Red Sea Download,armed conflict,RED_SEA,GDELT Event 190 between ETH and nan in SO,
2106a691ed320a01,58b7bb0960966e61e9a94b5d2e94631df8bf4272c030eb1db04bf971e172b19e,2024-09-25,GDELT Red Sea Download,military escalation,RED_SEA,GDELT Event 130 between nan and SOM in SO,
6f26c59425bb9bf0,a3a7a05fd51a3c475ca28610cc03c19d8090fb61cae89e7220e230184d5b1bb2,2024-09-27,GDELT Red Sea Download,armed conflict,RED_SEA,GDELT Event 192 between USA and nan in EG,
5d94bfcb0041f81a,18d679238f5ee28460bd27d6a3b78adf43004e8fc44ce8c69039856c904a462a,2024-09-28,GDELT Red Sea Download,armed conflict,RED_SEA,GDELT Event 190 between ISR and ISR in EG,
1199a3c5ee5469c0,bfb544e97c0bdb79ca75f6f5ed8c773b26b04e14bb128a569c760a39f2bd5e64,2024-09-28,GDELT Red Sea Download,armed conflict,RED_SEA,GDELT Event 194 between SOM and nan in SO,
16d5c2389af7e0a8,d4e863f83921b3860da5c7ea17349df0a3069494a28bea9731660f49ffe7854b,2024-09-29,GDELT Red Sea Download,armed conflict,RED_SEA,GDELT Event 190 between IRN and ISR in YM,
acd95ca9e315b204,3e4bec98546cfabb76c2fd77dd53603fff24efeeaa6f0f20de1fecdeb09b6f19,2024-09-29,GDELT Red Sea Download,armed conflict,RED_SEA,GDELT Event 190 between ISR and nan in YM,
897719201a1060a1,b77f2ebf0e3c79d233daa199962f4a9750f5f162bff39a2e468f902a069af0d0,2024-09-29,GDELT Red Sea Download,armed conflict,RED_SEA,GDELT Event 194 between ISR and PSE in YM,
4c2fc13f92cc6221,b41ef93a52c5e537c600ff40442cef20205eafeac7fd56cf23ea39d5de3fb38a,2024-09-29,GDELT Red Sea Download,armed conflict,RED_SEA,GDELT Event 190 between YEM and ISR in YM,
0c8e29805f935a87,4b35ea649bfdc24d4ff9746c1dd7e9018cea516dab6ba6f8ec3e7c4c5caec8cc,2024-09-29,GDELT Red Sea Download,armed conflict,RED_SEA,GDELT Event 190 between YEM and ISR in IR,
26980cc28f9ce178,b48aa6ddcff46d331a8534df38878e67d61c3101dc4907ed7154bfd3be9bfcf5,2024-09-29,GDELT Red Sea Download,armed conflict,RED_SEA,GDELT Event 190 between YEM and ISR in IR,
8999353da6a2ce1e,c915787f4749655447e4110902de67ca6bedead686ab37bbc3b215bc548c5a2a,2024-09-29,GDELT Red Sea Download,armed conflict,RED_SEA,GDELT Event 190 between YEM and ISR in IS,
4b2be2bddae4d6e0,4c388226f78db051d80f871e1e5746fccabd385b55b075aeef003960bedfa648,2024-09-29,GDELT Red Sea Download,armed conflict,RED_SEA,GDELT Event 194 between YEM and ISR in IS,
09fd364e9c999649,719cef4e50a0a327bd7943519442eb8494314b7c23b9174f722f9ea24988c51f,2024-09-29,GDELT Red Sea Download,armed conflict,RED_SEA,GDELT Event 194 between YEM and ISR in YM,
f250433a11726d79,db04a3e70891eecb87110db42a36d06b3d1b02285e043422755b749bf33327e6,2024-09-29,GDELT Red Sea Download,armed conflict,RED_SEA,GDELT Event 190 between YEM and ISR in YM,
cee5dc19a1943bb2,416acb523687e5c88dc957ea79928b371521e9b697b32a3592e9f988eae7d60e,2024-09-29,GDELT Red Sea Download,armed conflict,RED_SEA,GDELT Event 194 between YEM and ISR in IS,
ea586e30677e1523,47c2672bc7e7ba4908ca3edc69d53d33e9274be516a2b17155c671303e7b807f,2024-09-29,GDELT Red Sea Download,armed conflict,RED_SEA,GDELT Event 190 between YEM and ISR in YM,
83a43f9ff843ed82,a2a4a28d0940277e06d6a9800dc0b3b156bafe79678e0fac636099603bc9ff98,2024-09-29,GDELT Red Sea Download,armed conflict,RED_SEA,GDELT Event 190 between YEM and ISR in IS,
7229bc55fe8047e0,20d2a8a915a15ec7e093f5ccc3cc981b0fa86253639189228a5511a968e022a4,2024-09-29,GDELT Red Sea Download,armed conflict,RED_SEA,GDELT Event 194 between YEM and ISR in IS,
a88fbd4097f71838,15bc6f2c1aed530fee7c2aefc0a5d1a424d93b0e5ba40f50daa8c3f11139ae53,2024-09-29,GDELT Red Sea Download,armed conflict,RED_SEA,GDELT Event 194 between YEM and ISR in YM,
165d469ceb8bbd7a,56d26c09c5f92c28d4bee909f939eabb8b642e8dc16b703d66707c0e1bf15458,2024-10-02,GDELT Red Sea Download,military escalation,RED_SEA,GDELT Event 130 between ETH and nan in SO,
d69b5f94429df154,385e3e628b891936871cf08a1caf36c8229515cad99d28c66f66e049559fa0b5,2024-10-02,GDELT Red Sea Download,military escalation,RED_SEA,GDELT Event 130 between ETH and nan in SO,
9ed62f67684bcf4c,226631ef85c1204e3438f2f221cd91da95e4c36a692d6df92a5fdc17afe382bd,2024-10-02,GDELT Red Sea Download,military escalation,RED_SEA,GDELT Event 130 between nan and nan in SO,
8b8750f7b47322e0,01c2c41dbe3339cd411b4d28a87bb33d007da213cee68bbb27ee77a1989a111b,2024-10-04,GDELT Red Sea Download,armed conflict,RED_SEA,GDELT Event 195 between nan and nan in YM,
3243c7023a76b6ce,fdb9d7b2ea1344196f8d2e9bf2b805361cdd84d2de51d7014232966864b61eea,2024-10-07,GDELT Red Sea Download,armed conflict,RED_SEA,GDELT Event 195 between GBR and YEM in YM,
44c8213cc0e35f32,3d118b6589e17e32219aa40dbd3667f2f6f308c63d9f9ad8bd6a858b09564e55,2024-10-07,GDELT Red Sea Download,armed conflict,RED_SEA,GDELT Event 180 between nan and EGY in EG,
330f9061aa268610,1e82d31f821233843baa9fda7f0ffd5984d1b5db25808b7eac0cfac35509dffd,2024-10-07,GDELT Red Sea Download,armed conflict,RED_SEA,GDELT Event 180 between nan and ISR in EG,
30ae4072b5691d21,1685de40b3b32292dc503eddc276311a533c8ce97e2295a00bf4d1650963b4e0,2024-10-07,GDELT Red Sea Download,armed conflict,RED_SEA,GDELT Event 190 between ISR and YEM in IR,
bca250157ebb6d1a,5e0ffad6117ec68b17ccc6f0bccf2697b617f90fe8f3d9ae7c4e92d06b83fc4d,2024-10-07,GDELT Red Sea Download,armed conflict,RED_SEA,GDELT Event 190 between YEM and ISR in YM,
201f3c2eabc4ba0c,f7a99f997b757e9825955013a0e77dd6e08547753b1a4761fb5742fd30392915,2024-10-09,GDELT Red Sea Download,armed conflict,RED_SEA,GDELT Event 192 between nan and PSE in EG,
2e733ba6b146ff4d,17fc3825261ba815bfb1c1823dad38c6d067142f22e2c569f7a935289445619e,2024-10-10,GDELT Red Sea Download,armed conflict,RED_SEA,GDELT Event 182 between PSE and nan in EG,
940feb7d776bde89,6af2d8afb10323815e76dfb2b85dcf6e36d89c8b7b054377774febd3ade7e88b,2024-10-13,GDELT Red Sea Download,armed conflict,RED_SEA,GDELT Event 190 between nan and nan in EG,
acf9888361e84135,7713a84f50810b2a780834244749603810396a31767d010a1bad1f014489dbd3,2024-10-12,GDELT Red Sea Download,armed conflict,RED_SEA,GDELT Event 180 between SOM and nan in SO,
bbae941d0917cbf4,6f4f246daa34227935dc85d5a5e358cececb91751203af75513ca8cd9cca197c,2024-10-16,GDELT Red Sea Download,armed conflict,RED_SEA,GDELT Event 190 between nan and EGY in EG,
c4dc8eef38d53446,e80e5eab80d366ad28aff803dec141b1cd175f510df946a2d8dc84816e191125,2024-10-16,GDELT Red Sea Download,armed conflict,RED_SEA,GDELT Event 190 between EGY and nan in EG,
c8677a161a7e63c4,ab4c6c4e185e8fb0c1af8b37613258a000b9c0febdc6dccf1cc99669cfb5ff8b,2024-10-14,GDELT Red Sea Download,armed conflict,RED_SEA,GDELT Event 194 between YEM and DJI in YM,
c2b2fa0d14a232e9,5b132fa8da31817000d6af93b7362943f4a9ddcb269f10c46b4b8d930f349d32,2024-10-14,GDELT Red Sea Download,armed conflict,RED_SEA,GDELT Event 194 between YEM and DJI in DJ,
d68ee24b37fa830a,51345ef08aae2169c51c4bf7307e4d3486270c9d3af925d7fac04f1be8b565b7,2024-10-14,GDELT Red Sea Download,armed conflict,RED_SEA,GDELT Event 194 between YEM and ISR in DJ,
ed5b34c59a435446,45c595924d02415fa6e9f8ef72b586c1146066b4aadb4eafa7bca38e974bac02,2024-10-17,GDELT Red Sea Download,armed conflict,RED_SEA,GDELT Event 190 between ISR and EGY in EG,
bcf6d3832b7e72fd,43ca05d368e31533a2ce6e2493777997f8140431ac16d33c73a0544ca9bed4db,2024-10-17,GDELT Red Sea Download,armed conflict,RED_SEA,GDELT Event 190 between ISR and ISR in EG,
b4e1408ce22aa6bf,1845e7ec85080330f46359e08d23ab40807d8cc26e30e2c714f0fcee0831ef7a,2024-10-17,GDELT Red Sea Download,armed conflict,RED_SEA,GDELT Event 190 between nan and nan in EG,
dfd95ad2d6890fcb,5a824517fbae44feedd9fd69b65dc0fffb01bc5057ec261b945de980490e87f0,2024-10-23,GDELT Red Sea Download,sanctions,RED_SEA,GDELT Event 172 between nan and nan in SO,
5d23775f780c854b,da843803dbf1231525a4571bc31c68ebd37a2541d9663079e4151c68c5901c2a,2024-10-24,GDELT Red Sea Download,armed conflict,RED_SEA,GDELT Event 193 between ISR and YEM in IS,
8a572b36736ce8f1,690d550283274531732f359de386eca043417332694d0a05b9559947551dd16f,2024-10-25,GDELT Red Sea Download,armed conflict,RED_SEA,GDELT Event 195 between EGY and nan in EG,
be25f2551873ff62,f3da3a84a49a2cfc2356cd696309b3020ef4f1ac6cbe7a987aee622b4909373c,2024-10-25,GDELT Red Sea Download,armed conflict,RED_SEA,GDELT Event 190 between ISR and EGY in EG,
797c87bfcd81e5c1,1e42fc5996f7289a812c67e08bed7003686e18d4367fbe76dcf71fefdef5a3ef,2024-10-25,GDELT Red Sea Download,armed conflict,RED_SEA,GDELT Event 190 between PSE and nan in EG,
49b001be46a4b22c,7167f0023a8efa5b116e0c82907bcf9d822ac5a8ffc4a28e2e9687ebabae9515,2024-10-27,GDELT Red Sea Download,armed conflict,RED_SEA,GDELT Event 180 between EGY and nan in EG,
83a4815169edbd61,4df61e342897a0712ec18d2e9794fb51f157f5083a3611039ac6c66532477c10,2024-10-27,GDELT Red Sea Download,armed conflict,RED_SEA,GDELT Event 181 between EGY and EGY in EG,
8a619b71bf235962,4c3bb05b6102e1f1c483221ef9633b1cd373d7c61cb87fff45e66dc374b4214e,2024-10-28,GDELT Red Sea Download,armed conflict,RED_SEA,GDELT Event 190 between nan and nan in EG,
f3b3e3ef369e6811,69186fbaacbd5a7564fd3ff1fcf40f0d86c498a0f234ec819c64d329fc8e16f7,2024-10-28,GDELT Red Sea Download,armed conflict,RED_SEA,GDELT Event 193 between nan and EGY in EG,
824e7ba831f0605b,d21b87abda12cd8a4fda554f29b2e94c6dcc8ba5487a355926cc0b8d34c50420,2024-10-31,GDELT Red Sea Download,armed conflict,RED_SEA,GDELT Event 180 between nan and EGY in EG,
dea6be6a7c09c713,b5e02d7273656fcf449996b1cb3cdb78df84eabc9bfd40f2a0d4c5b443e6f2eb,2024-10-31,GDELT Red Sea Download,armed conflict,RED_SEA,GDELT Event 190 between EGY and nan in EG,
b03cf70dac6dcf50,74eec0002edf5f3bc926f5da11ad832832391936e839421954594996b75120a8,2024-11-01,GDELT Red Sea Download,military escalation,RED_SEA,GDELT Event 130 between nan and DEU in DJ,
5b6062e50e8cfa83,dc97742f8530d498765382cf36969ed40e4a22c7b808a7f8ff455e892ad5ce28,2024-11-01,GDELT Red Sea Download,military escalation,RED_SEA,GDELT Event 130 between nan and DJI in DJ,
5b64d0eeb367d0b3,487192eef098cbe062382a02d0c6eafec33c76b863146c443ddb3a6f5236c3c4,2024-11-03,GDELT Red Sea Download,armed conflict,RED_SEA,GDELT Event 190 between ISR and SYR in DJ,
aac2bb5fdf08e0bf,715036e030386b2ee6540fb1ab35d282e03ff73ed3e335346b83de24b96436f9,2024-11-04,GDELT Red Sea Download,military escalation,RED_SEA,GDELT Event 130 between EGY and nan in EG,
89f90c9662aa5e73,4d32432b651c68f99bb23c305e419ec28bf5359c3ad5d7da99121cd3ff1cb034,2024-11-04,GDELT Red Sea Download,armed conflict,RED_SEA,GDELT Event 180 between EGY and nan in EG,
1a7c95450c4846b7,0070923b72712d143326f15c7254efeed4c3a162c1ce08cb60b98ecff3a58d46,2024-11-04,GDELT Red Sea Download,armed conflict,RED_SEA,GDELT Event 180 between EGY and EGY in EG,
b3c31a077b2a22ef,197104d8f29322ef2a9ef824ed35225adba80f1e199823914dcab1025896ac72,2024-11-04,GDELT Red Sea Download,armed conflict,RED_SEA,GDELT Event 180 between EGY and nan in EG,
32807cac93b8f946,fba8e69932e1ebc339a06905c5aa4f1e19f3ab40506ae3f2d8662442f6eadd7a,2024-11-04,GDELT Red Sea Download,armed conflict,RED_SEA,GDELT Event 180 between USA and nan in EG,
5c992d74c737eec8,722496b58514e83f7aac295c7386f46a82cf71167da0940794fad78793550002,2024-11-12,GDELT Red Sea Download,armed conflict,RED_SEA,GDELT Event 194 between nan and USA in DJ,
a661cf075925a157,9086a567de3a3a695a3ed3c820aa1a4be5d95484f184c6dc506d3470146b7d3a,2024-11-13,GDELT Red Sea Download,sanctions,RED_SEA,GDELT Event 173 between nan and nan in EG,
539ef02a9f4d2f01,334a08e952693144ef08fee688eff18429d1954e4b6c719057c5af087c0c0c8b,2024-11-18,GDELT Red Sea Download,armed conflict,RED_SEA,GDELT Event 186 between nan and YEM in YM,
5c2637f071b2428b,dfde00afd581a653ff20db3b83d3ad18c6b90f3500e1b8be6a903e12ec846d21,2024-11-18,GDELT Red Sea Download,armed conflict,RED_SEA,GDELT Event 195 between SAU and YEM in SA,
1b876aa6320925ce,ee7c8e6f2020bdf2a604fe7960656a38fdae7aa18da3116626ca5d329c283ba0,2024-11-18,GDELT Red Sea Download,armed conflict,RED_SEA,GDELT Event 195 between SAU and YEM in YM,
0cfca3ff1d174cdd,d1a89df41867a70f47b527ff0aeb1b696a0a74de235c089ff68ae3bf4503724f,2024-11-18,GDELT Red Sea Download,armed conflict,RED_SEA,GDELT Event 195 between SAU and YEM in YM,
e3772374fc9c082f,3583bac85550fb18c1f278e03facab2011e80c9a13f36640673aacff69e0859e,2024-11-19,GDELT Red Sea Download,armed conflict,RED_SEA,GDELT Event 193 between nan and USA in DJ,
b65ca069429ff797,0f4d64dcd15395d617414f3a1ba49d8f176e1f956c755ef26715de14568cdab0,2024-11-19,GDELT Red Sea Download,armed conflict,RED_SEA,GDELT Event 193 between nan and USA in YM,
07f29bf568a92920,1c67d1479c7035d5feb0f82009d18be5654f691ef3db1662e2617e8eddea0894,2024-11-19,GDELT Red Sea Download,armed conflict,RED_SEA,GDELT Event 194 between nan and YEM in IR,
bd876dd03784b83e,e7c407b183210b3c210c1ffbee394b21cef52800192aeb322f43ed4a1b4e5e2a,2024-11-19,GDELT Red Sea Download,armed conflict,RED_SEA,GDELT Event 194 between nan and YEM in IS,
a086a735c9c87fad,6bed7f289bb0fced9443d59b590b26f4469e632572234f3455fc5f5f20a2d65f,2024-11-19,GDELT Red Sea Download,sanctions,RED_SEA,GDELT Event 170 between nan and nan in DJ,
d245126e9cb3c67b,04a81973128d62ca6c07b671261f1e766fa017207a6046878a9e2b368b2796f8,2024-11-19,GDELT Red Sea Download,armed conflict,RED_SEA,GDELT Event 190 between ISR and nan in YM,
7de1df821cad4c5a,51442c124670b62e906b3501ee5e55b1c09c23ae709338a6dc5c6389dbfa2061,2024-11-19,GDELT Red Sea Download,armed conflict,RED_SEA,GDELT Event 190 between ISR and YEM in DJ,
1fba77c181ec0408,fcf9c080804adb845138cc059dbfd7c2e6774e5c13bc9550e8327f661f2d5ebf,2024-11-19,GDELT Red Sea Download,armed conflict,RED_SEA,GDELT Event 190 between ISR and YEM in IS,
801c0e67a385e69d,df6d7b53f9273ffb5f41b903424bc1b70567b90a4d40a9dd6950789db8f1adf1,2024-11-19,GDELT Red Sea Download,armed conflict,RED_SEA,GDELT Event 190 between nan and nan in YM,
8994ce53ea07a9e5,d38d1b0566e057f4b69c38f901c98f2795c3749af0ac87772e7bd14fe6fd236c,2024-11-19,GDELT Red Sea Download,armed conflict,RED_SEA,GDELT Event 190 between nan and nan in YM,
9c5879ed911f68ea,d2d6684edcb664f0ce8998f0cc96fc5bddef14bac25bfa421937188b2a913972,2024-11-19,GDELT Red Sea Download,armed conflict,RED_SEA,GDELT Event 190 between nan and PSE in YM,
18c66c76465cee6d,5da5166ea338e151638105a8c5b79df11091a7186c8a81ba728ec2fbb5d0a8ec,2024-11-19,GDELT Red Sea Download,armed conflict,RED_SEA,GDELT Event 190 between nan and PSE in YM,
37a06cc5f31cf54e,11497e31941815b8244fea551be2c69769b275482813311888b9700c3045fcbe,2024-11-22,GDELT Red Sea Download,armed conflict,RED_SEA,GDELT Event 190 between nan and nan in DJ,
9aa7146894a0ec4b,6a30f29481ff219272df2b3257df0ef0a33c5754ba95443e0cb0f2e8bb917919,2024-11-22,GDELT Red Sea Download,armed conflict,RED_SEA,GDELT Event 180 between nan and nan in DJ,
db93e24cc2eda3b1,31f7b70c88c05327a5f6369f5d8bf551a163a9a85715f5b5dbade84610fb060f,2024-11-22,GDELT Red Sea Download,armed conflict,RED_SEA,GDELT Event 180 between nan and DJI in DJ,
3a01cf0c42b3c0a9,8d8e9cbfb506d635886f1e89d5e38e469e24cbb17409b01882961d12e3fdfbfb,2024-11-22,GDELT Red Sea Download,armed conflict,RED_SEA,GDELT Event 180 between nan and DJI in DJ,
5ed4baccedec0dfd,6ba0bddc3f94812e1049e565932590011a1aad12ed296e99bae4b6cec52fe0ab,2024-11-22,GDELT Red Sea Download,armed conflict,RED_SEA,GDELT Event 180 between YEM and nan in US,
19db1d95d1bf3049,ce58f938a7fc1a391f0efde9dc7f77f6cea7f6d756ab2ccb2c701d660f156e24,2024-11-22,GDELT Red Sea Download,armed conflict,RED_SEA,GDELT Event 180 between YEM and nan in US,
f5e4600544082d94,fdc9c99e0d6051c5d92cbd2b4cda97ae1cdc1b451f9f106e6eab68ee9bdbdc66,2024-11-22,GDELT Red Sea Download,armed conflict,RED_SEA,GDELT Event 180 between YEM and nan in LE,
14838382f5a1bf2f,08743b9566aca3e8f64e3675f08071f8c2a045bfc8146999683e32180e4d12e3,2024-12-02,GDELT Red Sea Download,military escalation,RED_SEA,GDELT Event 130 between USA and SOM in SO,
ab61b4fc0867338a,5c8e44f40e29c3151a5ab1bddae41f4b35f446ced3c7bafe2d4ddb3749e56ffc,2024-12-02,GDELT Red Sea Download,military escalation,RED_SEA,GDELT Event 130 between USA and SOM in SO,
a0de669fd960e1d0,6c468c63a05a641892a5ae22b16135455e47d9ad966e484d457f41a727f5844e,2024-12-03,GDELT Red Sea Download,armed conflict,RED_SEA,GDELT Event 190 between nan and EGY in EG,
ff1eb0f5ef65f717,6c49d933f17e8a3010416d1ba4b7829d941e6013ec98ba26fdc56565415ef549,2024-12-03,GDELT Red Sea Download,sanctions,RED_SEA,GDELT Event 173 between nan and nan in EG,
4a6e6bf4cbd91399,4e2f857775ae5e7a8c2fabeaf7eec688a479713d8bf1bd6cf46816c2a13fe42d,2024-12-03,GDELT Red Sea Download,armed conflict,RED_SEA,GDELT Event 190 between EGY and nan in EG,
a352062db1f31478,0b983b7a0f7c0a3e93a6877f21c367da8cec4fbefad45144845993c88d1241e3,2024-12-03,GDELT Red Sea Download,armed conflict,RED_SEA,GDELT Event 190 between EGY and nan in EG,
ff510ccddb2a4b67,e0b34d870c2dea0819f1e9e6ace4639e4c4b2473526e4c7989da8b0be94167c3,2024-12-03,GDELT Red Sea Download,military escalation,RED_SEA,GDELT Event 1383 between nan and nan in EG,
dc44a214cf5e9d0d,40f0783752b098a2903188fd6b8f51c19fb4566182ad84b0d1f3074bdd3de577,2024-12-03,GDELT Red Sea Download,armed conflict,RED_SEA,GDELT Event 193 between nan and nan in EG,
7abc9d4f7b3d1641,a8f185b2d4ff407ff941a0d1558355e59b6caaef60af12c74b730a198baa9753,2024-12-03,GDELT Red Sea Download,armed conflict,RED_SEA,GDELT Event 190 between nan and EGY in EG,
0b41e8d9da45506a,7f526ae065efb6d4c56a518ffa389b3f1398ad2e5396cdd87b8027c856fa1699,2024-12-05,GDELT Red Sea Download,sanctions,RED_SEA,GDELT Event 173 between EGY and nan in EG,
ecc89cba7f560399,16a434f40570238e2b74e9902f992860c34cb5bc6469938f5bf1c6d6bdc49470,2024-12-05,GDELT Red Sea Download,armed conflict,RED_SEA,GDELT Event 190 between nan and nan in DJ,
59d11120e440a28c,8c2a68f111d88dbdbb3496d361992116ae6209477c875ebfd8b8f3c80994ea72,2024-12-05,GDELT Red Sea Download,armed conflict,RED_SEA,GDELT Event 190 between nan and DJI in DJ,
c08f331d85e79727,602da40b825644a5ab927643e267afe636e89d65499136e1f11b60d11be34191,2024-12-10,GDELT Red Sea Download,armed conflict,RED_SEA,GDELT Event 193 between nan and YEM in IS,
d760479d55490356,fc418473e409b0f0376bf290c6dac829df0966f06bc23c6e5364676365eaa667,2024-12-10,GDELT Red Sea Download,armed conflict,RED_SEA,GDELT Event 190 between IRN and AFR in YM,
4c17ef62daf8f6fd,1858718384c4df7cda1cf8718866e7b564207bafca332af788db4f8d2f886330,2024-12-10,GDELT Red Sea Download,armed conflict,RED_SEA,GDELT Event 182 between YEM and AFR in YM,
d1bdb94121cb4876,6b29c04009f04792864b85d9eb054a4c6fa16d0d5ecce15d1acbf1a0844e9a85,2024-12-10,GDELT Red Sea Download,armed conflict,RED_SEA,GDELT Event 190 between nan and AFR in YM,
6dbde3f431a1008e,bc0fb790c25673b116e903b2ae5d4c2654218fa95e2b54ece34f52fce10adbdc,2024-12-12,GDELT Red Sea Download,sanctions,RED_SEA,GDELT Event 173 between EGY and EGY in EG,
70c238c2744b9fc1,612b4becf61c59d545985c29a467e18b5cf41187051647e38f15e6176549a302,2024-12-12,GDELT Red Sea Download,armed conflict,RED_SEA,GDELT Event 190 between EGY and EGY in EG,
4f578b0a34f7dea9,ec1f1c043de0c4f3b3fe50d49fd5c562ab422ad41dfcf290932b97290f932390,2024-12-13,GDELT Red Sea Download,armed conflict,RED_SEA,GDELT Event 190 between YEM and ISR in IS,
42521ac3b5411aac,7653eb407a557153d307e2f9070757ab99c7297f367e87aed81482cc648e18e6,2024-12-15,GDELT Red Sea Download,military escalation,RED_SEA,GDELT Event 139 between nan and nan in EG,
013757ecd096fd93,a50ae4a6fca4e2533f291a7c604d0dbb9d6826902cca632f7594b2aa1ebbbab7,2024-12-21,GDELT Red Sea Download,armed conflict,RED_SEA,GDELT Event 194 between YEM and ISR in YM,
28dd5026b592fdc9,90bcb0c404384336e9b17093057e87bff374042f2827063f4c3e7087dc4eca78,2024-12-20,GDELT Red Sea Download,armed conflict,RED_SEA,GDELT Event 180 between ISR and YEM in IS,
af6b28fe405983ae,d3e69b6473283eae8cbe11d5128fe182f65ccc01771aa25ef69cdc697ca3cb8b,2024-12-20,GDELT Red Sea Download,armed conflict,RED_SEA,GDELT Event 180 between ISR and YEM in IS,
c89852af70c430b6,d6018ce48a842a328831803811684980dc671ca099438dee521d0f903b6a3854,2024-12-22,GDELT Red Sea Download,military escalation,RED_SEA,GDELT Event 130 between nan and EGY in DJ,
5f91d6b8d4b2bba5,63921823b23b5173ec8a7d724c5f28cda57ca84d3006c8693d3af322a08944c3,2024-12-22,GDELT Red Sea Download,sanctions,RED_SEA,GDELT Event 173 between nan and EGY in EG,
906dad88a4a1a276,53b32950e95457025b0d414c0fab2dd64bc52e719ba91fe551bd50bfcbc33d6e,2024-12-22,GDELT Red Sea Download,military escalation,RED_SEA,GDELT Event 130 between DJI and EGY in DJ,
02aac9b8bf7f1950,6bc551e5623f12eb62603303b7e22c242d8d69b3458fadd6be0740fc21d2eb0d,2024-12-23,GDELT Red Sea Download,armed conflict,RED_SEA,GDELT Event 191 between DJI and RUS in DJ,
67f28157c2fe55c9,53193f0dd920bffffbd06f67ab929b832d764cb4ef10700d443248133a9ebb1c,2024-12-23,GDELT Red Sea Download,armed conflict,RED_SEA,GDELT Event 191 between EGY and RUS in DJ,
025516c30e99c982,58778e18c1520ec72a6af52c8d26ec97ba8cbf9f17e661bb732503d637f7d362,2024-12-23,GDELT Red Sea Download,armed conflict,RED_SEA,GDELT Event 190 between YEM and GBR in YM,
62f9379d6cf34455,fc5039d640130549502be3ab760c09c8fcd9d32b607c333dc0006b4701eb1a21,2024-12-24,GDELT Red Sea Download,sanctions,RED_SEA,GDELT Event 173 between EGY and EGY in EG,
e674319e1b9a34e7,e17a625e541b881fda5848e8babdca6b0b624fe488c676b9c2e01ff0e302bc6b,2024-12-24,GDELT Red Sea Download,military escalation,RED_SEA,GDELT Event 130 between SAU and nan in YM,
076cd81392fb541d,cc38bbbbb2439ebcfc0b4cbaa2756b9cf8ee9787d4dfa203edb5d50994382b23,2024-12-24,GDELT Red Sea Download,military escalation,RED_SEA,GDELT Event 130 between SAU and USA in YM,
be5e429e4447d02d,7bb60a9e05a41d6b7e7468d64cf8817e821a1a93860bd39931c9d192cec49680,2024-12-24,GDELT Red Sea Download,military escalation,RED_SEA,GDELT Event 130 between SAU and USA in DJ,
3e6c3ee99d3f8826,e7d4d1c923175f415606255e7dab401f009d813e37f03e9cbcf144cd776394a1,2024-12-24,GDELT Red Sea Download,armed conflict,RED_SEA,GDELT Event 190 between YEM and ISR in YM,
952713acb8afd376,b0d5d0548fe6c175149fd39910ffb0af467a8b0fc58137ce8df7d229cd1aa8d9,2024-12-24,GDELT Red Sea Download,military escalation,RED_SEA,GDELT Event 130 between YEM and USA in YM,
0d94e9f0afb47ca8,00ce6c23cd91868902821bba8053ef6a20722b2d353717973494781fcec4c111,2024-12-24,GDELT Red Sea Download,armed conflict,RED_SEA,GDELT Event 194 between YEM and YEM in YM,
0d1c50c5b6823b4f,36c0f1d5b314b87b82e69f86aacf0e9cae6594f62e2599fd02cd817e0d9f651d,2024-12-26,GDELT Red Sea Download,armed conflict,RED_SEA,GDELT Event 190 between nan and nan in YM,
70925b9f67aa0fa3,12a9f2fbe167aa15303167e2dae2a3a56237281fe7134c188a5eaa0e1e6ad7f7,2024-12-26,GDELT Red Sea Download,armed conflict,RED_SEA,GDELT Event 190 between ISR and nan in YM,
bbf7dbd458e2e7ca,fae0705a8e2db9c2f66154bd71918e9d3f3cedc9c8bcd899a49eef72a796487f,2024-12-26,GDELT Red Sea Download,armed conflict,RED_SEA,GDELT Event 190 between PSE and nan in YM,
9165a1578f2f52c5,29f73c967b146b702e7dac58e997ed07fb18deb6fb46f41ddb21edec7dad29d2,2024-12-26,GDELT Red Sea Download,armed conflict,RED_SEA,GDELT Event 190 between nan and nan in YM,
ed37b4500c826292,a6f698fea6038e3e3f481fcb7212117745c2c28111042df7ea131b2f11b2e644,2024-12-26,GDELT Red Sea Download,armed conflict,RED_SEA,GDELT Event 190 between USA and SOM in SO,
4291dc98f0bafa3d,1e9d3e89a87ae9c45e29bdf2dc17e76ac485dfceb36d9e7d9d7c755e2938772c,2024-12-27,GDELT Red Sea Download,armed conflict,RED_SEA,GDELT Event 195 between nan and YEM in IS,
ee062082fd64842e,ed0145922e8e63236b6516d549e235e45c52fa2ad539058849d395308d0364ed,2024-12-29,GDELT Red Sea Download,armed conflict,RED_SEA,GDELT Event 190 between USA and nan in EG,
bddd1d3432b746d7,ad9dcc4fb250c4a36180458172f17cf2715d06c72d49566f417ba42212dc363d,2024-12-31,GDELT Red Sea Download,military escalation,RED_SEA,GDELT Event 130 between nan and nan in EG,
d41b3be36c6092e9,84c7f3798eea5fe5da634299a443168bc838056f1370ab65eef66ee81af001f0,2024-12-31,GDELT Red Sea Download,armed conflict,RED_SEA,GDELT Event 190 between YEM and USA in US,
82fb9f577d0a0fdc,d3ff6db3b7e35ff02da68c30ed8dac86883769782fafa3d340ed8513ebbcc888,2024-12-31,GDELT Red Sea Download,armed conflict,RED_SEA,GDELT Event 190 between YEM and USA in US,
553433b0a14b2ff1,c139e8db466235452a6a3f66e1231a2e8d3b2441a46dec6c9af95d3bf44267a6,2025-01-01,GDELT Red Sea Download,armed conflict,RED_SEA,GDELT Event 186 between JOR and nan in EG,
a8d7fdea2abb41a6,5f6da43b153de08274e905edcf2b18ebc39ef24e567628be63f0581501dbb9ca,2025-01-01,GDELT Red Sea Download,armed conflict,RED_SEA,GDELT Event 186 between JOR and EGY in EG,
ba94f39900856142,ce7ad6b6469b35ac01b78b3508af7abbcc2a9c2446ab34153f9c48724bd64e4a,2025-01-01,GDELT Red Sea Download,armed conflict,RED_SEA,GDELT Event 191 between YEM and nan in YM,
3af2a6588f853dee,3c1f011de9c38b3d5b6cdd5862309b65694330cbd11bd081d18e829aad69846d,2025-01-03,GDELT Red Sea Download,armed conflict,RED_SEA,GDELT Event 193 between nan and nan in EG,
39ca1ba55df2b442,79a410537ba1e9c0f576a487bb7b599a6415dd516577a5ae2820daf491212ab6,2025-01-03,GDELT Red Sea Download,armed conflict,RED_SEA,GDELT Event 190 between nan and PSE in YM,
e80de5d8f1b4d74f,52c4db45c85c3a745826c83db01e593edc98e0c1b6e5d7c432761e75d633bf3f,2025-01-03,GDELT Red Sea Download,armed conflict,RED_SEA,GDELT Event 194 between ISR and nan in YM,
cabe9f52e9eca6ed,79927154678072e64c621b7433c6721bef54b94acb2bf1460870e91e2c8aaab3,2025-01-05,GDELT Red Sea Download,armed conflict,RED_SEA,GDELT Event 190 between SAU and nan in EG,
81b4692ac74c49d5,90c37417d3a7d753be0a8eb640c4964998bf40244142882ba9415bd50e53ef3f,2025-01-06,GDELT Red Sea Download,armed conflict,RED_SEA,GDELT Event 190 between EGY and nan in EG,
94149f3e7842a7ae,47b07888681ce5586b5d648f5227ced0f0a795bc8b420a03b39eea01bf40edae,2025-01-06,GDELT Red Sea Download,armed conflict,RED_SEA,GDELT Event 190 between EGY and nan in SO,
073a3fa0d3357235,98c7f7e829586917d8878d5dbae4cc916cd225f449d860a6361edb4f8ea80ed9,2025-01-07,GDELT Red Sea Download,armed conflict,RED_SEA,GDELT Event 190 between ISR and DJI in DJ,
57ee1f400ef6747a,a637e785f9dc7e23d5d18dc8f8a9a084ad3c591205a6cc561bf30e35a008f04e,2025-01-07,GDELT Red Sea Download,armed conflict,RED_SEA,GDELT Event 190 between ISR and nan in DJ,
41b3801e2fc837ae,5cf2991c2298a5eab22de6af627e4e98f45ceb4739cb8cd07aa8162920be2b3a,2025-01-07,GDELT Red Sea Download,armed conflict,RED_SEA,GDELT Event 190 between nan and nan in DJ,
6a9efd8b99a6e1ca,f244b3b666c867e671b2718206d2f9dde2c35ca31a85fc7f906d4d1a4623f0f7,2025-01-07,GDELT Red Sea Download,armed conflict,RED_SEA,GDELT Event 190 between nan and DJI in DJ,
409551d95131766e,8861f6a5ee79373c513db2e0d26f64c80c8f2cf95e4c61a357c4198cd6981a08,2025-01-07,GDELT Red Sea Download,armed conflict,RED_SEA,GDELT Event 1822 between nan and nan in YM,
915f7ba1f4b7ffb4,fa39bf7940874bf56a25bfbb565d0119cec4f414bc706dc9993b855a659d1654,2025-01-07,GDELT Red Sea Download,armed conflict,RED_SEA,GDELT Event 190 between USA and YEM in IS,
1ffba3ac1279dd23,8604b7be4d655255bed7093d39596090ba1f50c18bb434fb2e77f4497ab32f14,2025-01-08,GDELT Red Sea Download,armed conflict,RED_SEA,GDELT Event 195 between ISR and PSE in EG,
34cc8ce010235429,92242f0427db7c92a470b683adb2fc86548a4d6821141d204f3b2a271e35fe59,2025-01-10,GDELT Red Sea Download,armed conflict,RED_SEA,GDELT Event 192 between EGY and nan in EG,
2c0f3da7f202b4c6,6ad8315a9460d2da1e3b6ad1565cba273a44cf82cd08cb3b7873cd5cd423737b,2025-01-10,GDELT Red Sea Download,military escalation,RED_SEA,GDELT Event 138 between ISR and PSE in EG,
d17c3299673b18f0,42a5b3c96c68fed042633410823051a6aa428431ec23f1b41278abe321860d52,2025-01-10,GDELT Red Sea Download,military escalation,RED_SEA,GDELT Event 138 between PSE and nan in EG,
0d2f0b5962e3bb0b,940ce90c7deaabf594f8d0fb750c1080e21e4860f75123311da12340f5f5ef28,2025-01-10,GDELT Red Sea Download,military escalation,RED_SEA,GDELT Event 138 between PSE and PSE in EG,
1371bc5d8079eae7,d8aecee07360c12fc02f751b30783d852ce55eea589d5c3771946fe0b31b4e02,2025-01-11,GDELT Red Sea Download,armed conflict,RED_SEA,GDELT Event 183 between EGY and USA in EG,
fa0c8e7a66d6ea5d,6a64bf13a561029a1fc734f0b7338c5b8804712bf1d859c8cd2f0363b0945616,2025-01-11,GDELT Red Sea Download,armed conflict,RED_SEA,GDELT Event 190 between EGY and USA in EG,
d077270b7cfe34f4,56dfe9b2f492b9a703fa32821e4b4b9e06c5519ca1396106133e41adf58c9a89,2025-01-13,GDELT Red Sea Download,armed conflict,RED_SEA,GDELT Event 180 between nan and JAM in EG,
a2d4043911370945,c352ecba8ea122ab847c13144f57e92607fa600f6f15b22e1f1b705276c8e2e3,2025-01-13,GDELT Red Sea Download,sanctions,RED_SEA,GDELT Event 173 between nan and nan in EG,
67a75c495d9c2d39,5489f819f627537452890591feb629bb917a35bf958b840c8d16cf702fb63b0a,2025-01-13,GDELT Red Sea Download,armed conflict,RED_SEA,GDELT Event 180 between nan and nan in EG,
fbecee571e0194bc,f48f91fa9244bb0222c89aca5e2e925ceec69c7f3b654a4b8acf1738598d386b,2025-01-14,GDELT Red Sea Download,armed conflict,RED_SEA,GDELT Event 193 between DJI and nan in DJ,
024a63c936dc653d,ac8f91182626e3a4479951ec26c6e3a340f69b4f79b7166d65f48c05a9a7e98d,2025-01-14,GDELT Red Sea Download,armed conflict,RED_SEA,GDELT Event 193 between nan and nan in DJ,
95c562fbfa5ea1f7,d690b1d2183024df28f33afd5ce5d5981d6ebcce0e92fc3d1aab510248cecefa,2025-01-14,GDELT Red Sea Download,armed conflict,RED_SEA,GDELT Event 193 between nan and nan in DJ,
72a30241d20782d9,046192b57a0d23656bc46b928bb75f75c22912a395f69051002f7aa315b3a94f,2025-01-14,GDELT Red Sea Download,armed conflict,RED_SEA,GDELT Event 193 between USA and DJI in DJ,
ef45741f39935cfb,ef387d3922c0cf0db9ff8fac7c90afda153f3ef011231a23c6de777e4dbdf13f,2025-01-14,GDELT Red Sea Download,armed conflict,RED_SEA,GDELT Event 193 between USA and nan in DJ,
57f40c051c70191d,ededd74a324b8b8088d6e996e7b2614eecb5b195eab6d2c970f748a85c3ab7be,2025-01-14,GDELT Red Sea Download,military escalation,RED_SEA,GDELT Event 130 between YEM and ISR in YM,
0a7cae3d1fbc724b,9f8a6a170ab1584e7f630fcaaea8279fa81b639851202bf52bc8a71ee8771d6b,2025-01-14,GDELT Red Sea Download,military escalation,RED_SEA,GDELT Event 130 between YEM and ISR in YM,
0fffebc4ad23fd4c,a6ede6fdae6cce1ed197c594a3855fe760ec03ee124f56820fdf14d2165d5304,2025-01-15,GDELT Red Sea Download,armed conflict,RED_SEA,GDELT Event 181 between PSE and ISR in EG,
70952e958cc266f4,a20646140c2309b655cc38847c5d6f6b9d2549620c3bc3ba340a7a025fb17d67,2025-01-16,GDELT Red Sea Download,armed conflict,RED_SEA,GDELT Event 190 between nan and YEM in SA,
954ec05452f967ac,60b86d8eaf4b1199828ae0fba7cdf4a025e5ec22e60b911fe78f46627ca6c76d,2025-01-16,GDELT Red Sea Download,armed conflict,RED_SEA,GDELT Event 190 between PSE and ISR in EG,
845fe8eac66d915c,c6ca8ddf9de9c3b095f9084cec5e32de495c995acaa78517b1849f47ee9589cf,2025-01-16,GDELT Red Sea Download,armed conflict,RED_SEA,GDELT Event 192 between PSE and ISR in EG,
87f9e611a5dbc1f4,0045571d79a152592af3713a5675b1d8150090bdf83909f820404d7228c98b9a,2025-01-17,GDELT Red Sea Download,armed conflict,RED_SEA,GDELT Event 190 between DJI and IRN in DJ,
bbb6e648da0fd93f,3de5ec8a318ffb22726eae7537ce246106b12aa0d8a770c6ee4009a7f82c517f,2025-01-17,GDELT Red Sea Download,sanctions,RED_SEA,GDELT Event 174 between DJI and nan in DJ,
e94af64b857b5e24,edc9eea212cbb82bf91e052fc8208e25b5cd574430813b62698fbd91bc306de3,2025-01-17,GDELT Red Sea Download,sanctions,RED_SEA,GDELT Event 174 between DJI and nan in DJ,
a9ba216bca232696,e092320a3eb35bebef8dde1ec9a89a970c5e5caee323367cb7a04568010ef02c,2025-01-17,GDELT Red Sea Download,armed conflict,RED_SEA,GDELT Event 192 between EGY and ISR in EG,
0861955960bc1f72,8bbf1e48ef0c30801abc197ab8c5d10fa7f75f16bd79e5d4567af9bf32c0710e,2025-01-17,GDELT Red Sea Download,armed conflict,RED_SEA,GDELT Event 192 between EGY and PSE in EG,
1db1fec28d118c98,e7b099ddfc7fc94aa0078311cdfb8f37b2b54c94ab3dc217a121e7706f59e3f2,2025-01-17,GDELT Red Sea Download,armed conflict,RED_SEA,GDELT Event 192 between EGY and PSE in EG,
43d3f16ac458754b,82572f7963f0873fffe29d991938f084740bde4426f752d0a2dd6d9ac6932529,2025-01-17,GDELT Red Sea Download,armed conflict,RED_SEA,GDELT Event 190 between IRN and nan in DJ,
9f65a0fda7474963,660331923f7b7d3dcf25b6a5f167ac75a76b8f10678067f5fc3e6f28e466bb35,2025-01-17,GDELT Red Sea Download,sanctions,RED_SEA,GDELT Event 1711 between ISR and nan in DJ,
9caeeec0252e94dd,d6909c374eb9e762498c5a4a4a70eba000a98921fccba15982c18f8a140a768f,2025-01-17,GDELT Red Sea Download,sanctions,RED_SEA,GDELT Event 1711 between nan and nan in DJ,
f719a47a9ed385a9,7c1dbe117459ac40fb86b5a057b9a774d48f1632eaa4551f9f3be6b7a6cdf115,2025-01-19,GDELT Red Sea Download,sanctions,RED_SEA,GDELT Event 173 between nan and EGY in EG,
e38cc7d8c21a0f6e,b2b2b3865e6eecf15619950a93fec4886339a55e9f522ce6c631dcfb3ae66a57,2025-01-19,GDELT Red Sea Download,armed conflict,RED_SEA,GDELT Event 190 between YEM and nan in YM,
669548b3b7f8f317,024b437335ef337deb5409a476260a3a0a1a0b34301bcf49a45a9930eba8c9fe,2025-01-20,GDELT Red Sea Download,military escalation,RED_SEA,GDELT Event 138 between YEM and DJI in IS,
d4611cef0f3199fd,f1b357ad5ff8b896cb1c7bdcc75330f5aabe8f43fb5f47dab68dad9be7449b80,2025-01-20,GDELT Red Sea Download,military escalation,RED_SEA,GDELT Event 138 between YEM and ISR in IS,
802e59e9b5d7cdde,6d9cf117f4a5a42d79886dfee969cf26bdb5b6315583bbe83f08e0fc8bdc4690,2025-01-18,GDELT Red Sea Download,military escalation,RED_SEA,GDELT Event 1313 between ISR and nan in EG,
d8723e474966e597,bacf4b0e96efdddc7d94191959415e50ecca6a712479fb78c8444d764660f6d9,2025-01-18,GDELT Red Sea Download,armed conflict,RED_SEA,GDELT Event 194 between ISR and YEM in IS,
7c20510713152e63,3dc24fc90e781e0f54fc67ffadd68f0cbc2db65810d849934e0f3513d0a699a2,2025-01-18,GDELT Red Sea Download,armed conflict,RED_SEA,GDELT Event 194 between ISR and YEM in YM,
b51ead0a3de42f7e,e177fc6f651d7782e98dbaaba12ce50b7da12aa44f2288b18643918e25ec18e4,2025-01-22,GDELT Red Sea Download,armed conflict,RED_SEA,GDELT Event 190 between nan and nan in SO,
ba196e7747b886d4,7d06838676d74de1d0f15585008ee8a5477fd30346142b1bc5cbd6ccd7d8c750,2025-01-22,GDELT Red Sea Download,sanctions,RED_SEA,GDELT Event 173 between nan and nan in SO,
c065c1838f1f5fed,b0da0cddec569c1651a012620883d09dd629886ec5bdbebeb5d61a842ab17be3,2025-01-22,GDELT Red Sea Download,armed conflict,RED_SEA,GDELT Event 190 between IRN and nan in YM,
bc78102d79c4069e,06915818e8a984cd176a21e196ef772d784a3dda6de6c58598d656d59ec02fbe,2025-01-22,GDELT Red Sea Download,armed conflict,RED_SEA,GDELT Event 193 between nan and SOM in SO,
fa6d9e725e55f1be,40284d7912a24e9b687994b1b92d649b4105bdb455d630977e652f4c6e89ee17,2025-01-22,GDELT Red Sea Download,armed conflict,RED_SEA,GDELT Event 193 between nan and nan in SO,
0afa869dba8a0557,d0edae91d1caed50d152e156f95288db58543e1a0ca1e1ebdd415a89c0115fb0,2025-01-22,GDELT Red Sea Download,armed conflict,RED_SEA,GDELT Event 193 between nan and SOM in SO,
5c00863791f1e115,c6ac4b8db401dd1a4455351ee3c9a9ef78a3f9d67ae32085d3e43827e7db5ae5,2025-01-22,GDELT Red Sea Download,armed conflict,RED_SEA,GDELT Event 190 between YEM and ISR in IS,
e4540af7b10dd547,6500f704e40edfb8575f21edf30d9f4cb996f1fc2e92c2ac428cacd64f2c8e51,2025-01-22,GDELT Red Sea Download,armed conflict,RED_SEA,GDELT Event 192 between YEM and YEM in YM,
2f601e3893837135,47e4dfb512c9823b5a951a0ee7353b29d36ed4c71fb697dd9b41de36fb1f1768,2025-01-21,GDELT Red Sea Download,sanctions,RED_SEA,GDELT Event 173 between nan and nan in EG,
658c162129a41e30,0e792aedfe090b7702c5ad5657385b327d7828cd9a2d7dd261755546805ba4a2,2025-01-21,GDELT Red Sea Download,armed conflict,RED_SEA,GDELT Event 193 between USA and DJI in DJ,
9b92fcd8f7db1ee8,ba356230c349f496045aa3457051207b57f93e2d911499b1568254d878735db0,2025-01-21,GDELT Red Sea Download,armed conflict,RED_SEA,GDELT Event 190 between YEM and ISR in IS,
df334d71c29c0c3a,dd7fc012f66d0937cd2f2e75758807efbb53e4eefd74316e89fd288ea3cc2f9c,2025-01-21,GDELT Red Sea Download,armed conflict,RED_SEA,GDELT Event 190 between YEM and ISR in YM,
10470a61a0e68f89,d274db0885d079dff218739cd2ca5fa42a88bb7d97616dbadbade8ace9c296f8,2025-01-21,GDELT Red Sea Download,armed conflict,RED_SEA,GDELT Event 190 between YEM and PSE in YM,
665a00601a7c1271,82aa48c7e6bdf6585e3f119dafc5c0837aa4156192bd3361fad9fe11485bb209,2025-01-24,GDELT Red Sea Download,sanctions,RED_SEA,GDELT Event 173 between AUS and nan in EG,
ce52b90b15fa98f6,8e8caeec78667ba916fbd0c5eee341d2927b9456b1098479c651ee16c8ac7f64,2025-01-24,GDELT Red Sea Download,sanctions,RED_SEA,GDELT Event 173 between nan and nan in EG,
1ddf9547a1025e1a,5b966eedf8ca81efbabcfeceb516e98854ef6f025b7a1a11f97bf74ca69afb05,2024-01-30,GDELT Red Sea Download,armed conflict,RED_SEA,GDELT Event 190 between nan and USA in EG,
b10f806c73af61ca,b4ee2c7370244b274540633a35f190f614985be941a777a8d752383c94afb7e0,2024-01-30,GDELT Red Sea Download,armed conflict,RED_SEA,GDELT Event 190 between USA and nan in EG,
8adeb85ae2b8e78c,7ad03c8964894e2ce5d9d2b22fc9d6f466f3df672d6a875bf8c5b2d55c764d73,2025-01-29,GDELT Red Sea Download,sanctions,RED_SEA,GDELT Event 173 between nan and EGY in EG,
f43e37be522ff1ea,69f991a9c467fcd837c3764bfc7c509560398e2afa6dcb9bc9c21bd43613e826,2025-01-29,GDELT Red Sea Download,sanctions,RED_SEA,GDELT Event 172 between nan and nan in EG,
93382b410087ebd2,615c5df6f1cfaf462d746fcfc6d4697d62280c0b559c05affc0f2fae9bfd952d,2025-01-29,GDELT Red Sea Download,sanctions,RED_SEA,GDELT Event 172 between nan and USA in EG,
e6eb3ad68f3c4397,9ba25fbeec3e28ff01f07324566f6e86a0feeb13b532012606a4d2a5ab79cbd5,2025-01-29,GDELT Red Sea Download,sanctions,RED_SEA,GDELT Event 173 between nan and EGY in EG,
0952e365ca3300fe,eb42283f5567798803cddd920a6db9e69a4667c35b95a2c4b83f425837f74388,2025-01-31,GDELT Red Sea Download,armed conflict,RED_SEA,GDELT Event 190 between nan and DJI in DJ,
1f9e74ee4caa5176,d05715f8929f60b3d5899e3cb67a6ffdca4d3e3b248c48af3a7e093645f231ac,2025-01-31,GDELT Red Sea Download,armed conflict,RED_SEA,GDELT Event 190 between nan and USA in DJ,
e97f10c2314cc291,84d064314b20aa4cf79659e6675d2da4838ac0193cabdaa75df1bd81acda2598,2024-02-02,GDELT Red Sea Download,armed conflict,RED_SEA,GDELT Event 192 between ISR and PSE in EG,
cc1bf5b9104c2870,879c7a0593718a76b2aa8da6ae32e7f46363387622638ec260fe4d991a07170f,2025-02-01,GDELT Red Sea Download,armed conflict,RED_SEA,GDELT Event 190 between nan and ZAF in SO,
3bd215d14d78d30b,f8570f757756e7d4a6bc70fbf6afc8e618ab3a74859e1e7cd4f8c03c3712a112,2025-02-01,GDELT Red Sea Download,armed conflict,RED_SEA,GDELT Event 190 between SOM and nan in SO,
ef8d97c84451a34e,50a418a43ebaee1518e84400fc3d36ccc617abbe3abcc763c1457a183d1d7b23,2025-02-01,GDELT Red Sea Download,armed conflict,RED_SEA,GDELT Event 190 between SOM and SOM in SO,
30a015f34348897d,4a68a6cd68751f6506b14b4a91f17ce7af9020d7647ffe130c3ae16b4c01a0fe,2025-02-01,GDELT Red Sea Download,armed conflict,RED_SEA,GDELT Event 190 between SOM and nan in SO,
8a66bf39efc33cf1,fc032805c76f8bf88fca2c4939c0fa66a8f8600394688b0e388d83cecaf8188b,2025-02-01,GDELT Red Sea Download,armed conflict,RED_SEA,GDELT Event 195 between SYR and nan in SO,
2b7d8071926dbca3,79962830f12e96b3cebcbabd43c0e02d45d36964b8f0e64c0c6b47a6a6deee9d,2025-02-01,GDELT Red Sea Download,armed conflict,RED_SEA,GDELT Event 195 between SYR and nan in SO,
5c975708fca417c6,7ea824fd2d60917f2feb8d172d5fe75c987a74f0938e535ef13b2a57830f0b9d,2025-02-01,GDELT Red Sea Download,armed conflict,RED_SEA,GDELT Event 190 between USA and nan in SO,
1a8d37e5d9fb3fed,e0a4a9757988c633f5b11bf772927da1f1c0f89121197c767f182fef8e46c147,2025-02-05,GDELT Red Sea Download,armed conflict,RED_SEA,GDELT Event 180 between PSE and ISR in EG,
e9c164f140b67702,91a6c436b17d02d94b94525d545c1ab5d677ffab9e64f32b20acc36280820994,2025-02-06,GDELT Red Sea Download,military escalation,RED_SEA,GDELT Event 130 between EGY and ISR in EG,
b589fb41209d1eb0,e2c0a79e426cdd8b4c5d3d094c1f19db38e9b3e41caa11941bd0a9b2082d36c1,2025-02-06,GDELT Red Sea Download,military escalation,RED_SEA,GDELT Event 130 between EGY and ISR in EG,
6f14b563f2473198,1f90328fa626b9aca89fdcf11128c243e445499027d4685f9b73ae2af509acd5,2025-02-06,GDELT Red Sea Download,military escalation,RED_SEA,GDELT Event 131 between EGY and PSE in EG,
85ad7aca76e5b65a,d9237472858a106a46f7ddc72deb4654811f8ba108d35ef3e39ae81bb482c2d7,2025-02-12,GDELT Red Sea Download,armed conflict,RED_SEA,GDELT Event 190 between nan and nan in SO,
d66ba11b01c333e9,89ae66290b8607efb3d59c83a4bdb1ea13a4e930483e9b50dc3a4d076d5e04cc,2025-02-12,GDELT Red Sea Download,armed conflict,RED_SEA,GDELT Event 190 between nan and nan in SO,
4602ae90a6ca91df,315cb114224515787763aa147e81bbdb8cc879fcc6f814f12f9744f4c483d1f3,2025-02-12,GDELT Red Sea Download,armed conflict,RED_SEA,GDELT Event 1831 between nan and nan in SO,
3cc76f0b625fe2bb,39cb110a76b313fe69b11f6d177cbdde4b3a9f6f0ec91565fbc41b8979065aab,2025-02-12,GDELT Red Sea Download,armed conflict,RED_SEA,GDELT Event 190 between nan and nan in SO,
9f4321a8f8091673,c3081f06e3e4133a688e1bb25365e83a58b88eb83cfd288f3f4546f054f3958b,2025-02-12,GDELT Red Sea Download,armed conflict,RED_SEA,GDELT Event 180 between nan and nan in SO,
dc8385a14b90617d,4819ddcd027b4ca1fd8d670e9e01186e4ee67d799504cb18df7f5991739651d9,2025-02-12,GDELT Red Sea Download,armed conflict,RED_SEA,GDELT Event 1831 between nan and nan in SO,
4beea239cb8e9af2,999776fbecbc84be7980ba5404f9b420c3d3dd88d07f17d718a8e32dffb5eb54,2025-02-12,GDELT Red Sea Download,armed conflict,RED_SEA,GDELT Event 190 between nan and nan in SO,
3c0f3aaf6d6d0cd4,8311727a62f44a1c56db6e6a90be82c6d21351986b2cfad82df44b9c9cc1be04,2025-02-12,GDELT Red Sea Download,armed conflict,RED_SEA,GDELT Event 180 between SOM and nan in SO,
23761273e48cc5ab,c3af7258e675ea9077138d9551093eb93eb79e5d2c745ffccda8916b8f28c56e,2025-02-12,GDELT Red Sea Download,armed conflict,RED_SEA,GDELT Event 190 between SOM and nan in SO,
037ad95095e305ec,c7dea1837f85959fef2e1d0d04379fedf44366e3de7b7f6996c17a69c14b8fdb,2025-02-12,GDELT Red Sea Download,armed conflict,RED_SEA,GDELT Event 181 between nan and ISR in EG,
c3503aad51a62cc7,16f0507d33d462403d8fd64a011944ca4b14f2cb71ee25b51528ecf13d4a8354,2025-02-12,GDELT Red Sea Download,armed conflict,RED_SEA,GDELT Event 181 between nan and PSE in EG,
c3280225a9be7993,6ada37a41b79af466a4b781f1f1bbc57056002fd5a656c403904d551a169f30e,2025-02-13,GDELT Red Sea Download,sanctions,RED_SEA,GDELT Event 172 between nan and nan in SO,
141799c46d24b805,32cfbae7a5dfab66427d0bffa574d8730fa063825e9960b0fafb22073acba3ca,2025-02-14,GDELT Red Sea Download,armed conflict,RED_SEA,GDELT Event 186 between CUB and nan in EG,
50ab7474cfaf3e1f,06c4a54dfc898f390aa6bd2a8f24e5c15fd77cd6d2502ef4703946664948d2bd,2025-02-14,GDELT Red Sea Download,armed conflict,RED_SEA,GDELT Event 186 between CUB and nan in EG,
d45ee86c842d2d45,fd1372a9c4f828b81bec86769a33b777270bc93a0ec0d6a3703f596de145529e,2025-02-14,GDELT Red Sea Download,armed conflict,RED_SEA,GDELT Event 186 between CUB and nan in EG,
e72469d115c53b6b,f7beece987a9a79c6a432e036a1bbd67a6edee0a971a3023e453792362c2ae55,2025-02-14,GDELT Red Sea Download,armed conflict,RED_SEA,GDELT Event 186 between USA and nan in EG,
46e3a8e8186dfc7e,d577b96cb1a57dbda77fe273d940431a119a36acc8d5ece809b36ced7e233060,2025-02-14,GDELT Red Sea Download,armed conflict,RED_SEA,GDELT Event 186 between USA and nan in EG,
659f5004661e5e45,2bfac3b99d249113d02887fca6795c6ab5ccf0ac1ad8c9fdbd9e0d0e6c0c2f8a,2025-02-16,GDELT Red Sea Download,armed conflict,RED_SEA,GDELT Event 190 between nan and ISR in EG,
8548e8c30386ce8d,9048589e2307e4155ec5ff45b2ea9a9357f41a2f858768d7a45d245ba8ff559d,2025-02-19,GDELT Red Sea Download,armed conflict,RED_SEA,GDELT Event 190 between IRN and YEM in YM,
d9e854901101f2ed,833003985147389c5e7abaac36316eff58275e8a75039a58bc4fe2170d1faf42,2025-02-19,GDELT Red Sea Download,armed conflict,RED_SEA,GDELT Event 190 between IRN and YEM in IR,
c9f44dd67d48ea8a,589bc61f0927d31d14a1a949b7c3f9214890e0a114506def41c4a4b5c8a657da,2025-02-19,GDELT Red Sea Download,armed conflict,RED_SEA,GDELT Event 190 between IRN and YEM in YM,
beeab4a5f9b7ed0f,7b8a9f30b0e5bf198e1c13b714453703490f011fca9c5547e777fd9edce6b810,2025-02-19,GDELT Red Sea Download,armed conflict,RED_SEA,GDELT Event 190 between IRN and YEM in IS,
e0c2b97df053fa6e,e75822f7dd1b27f143d674cb28b04723a8f0a86d57914c45a5f52bc407c5a5fe,2025-02-19,GDELT Red Sea Download,armed conflict,RED_SEA,GDELT Event 190 between IRN and YEM in IR,
458a9002e5756820,7c8367b0d05a74950aa3c15441f349dcebd7118a2e60786f6c36cba05e551ba3,2025-02-19,GDELT Red Sea Download,armed conflict,RED_SEA,GDELT Event 190 between YEM and nan in YM,
7395e30c91db6042,2cfaf1017ed10f8c41d03aaaaf28f284b3e765446a1dfcc6843b9c1014529141,2025-02-23,GDELT Red Sea Download,sanctions,RED_SEA,GDELT Event 170 between nan and ISR in EG,
4a8ab8aba7f75ef7,32ee5535b209eb101e42e75634667d56f85b5884ccc5b6936f1f563f1bbc5e9f,2025-02-23,GDELT Red Sea Download,sanctions,RED_SEA,GDELT Event 170 between ISR and PSE in EG,
875470898fa1199d,94dbec6eb5de7d686aaa901b788e8c2f0a23e294d09e2602704d7c713a2f6666,2025-02-23,GDELT Red Sea Download,armed conflict,RED_SEA,GDELT Event 192 between USA and nan in EG,
6497bfa40b5ae030,f143b1bf599bd0f176911172e5831b4ec41e396f3e19b850487e7cd2adc9d2d2,2025-02-23,GDELT Red Sea Download,armed conflict,RED_SEA,GDELT Event 192 between USA and PSE in EG,
4e21088fa65ae3ad,5fe42fd8ede16c7547a05e475e706c1fcf5b26367ec2915fa61c8ce001399dd9,2025-03-04,GDELT Red Sea Download,sanctions,RED_SEA,GDELT Event 172 between EGY and nan in EG,
fb73382d25cfc28c,528dc44199739edb7f22cf5c35f7ec87bbd153289e4f0193316f93f2d22ba6fe,2025-03-04,GDELT Red Sea Download,armed conflict,RED_SEA,GDELT Event 190 between EGY and nan in EG,
56604f870997bc63,e23f5d3d6ca9655d060b788293e72eedb3796b3a87563c4faf560481810d8539,2025-03-04,GDELT Red Sea Download,armed conflict,RED_SEA,GDELT Event 190 between GBR and YEM in US,
4ea829486c4e0c26,3f6b3544e32ac6c5ef19e105c334d832010bfe6c3cf8eb5cc5d565d9759603e4,2025-03-04,GDELT Red Sea Download,armed conflict,RED_SEA,GDELT Event 190 between GBR and YEM in YM,
8a0e78a90b0742a2,37c5c8a6796702248a09e82e490a2e18ce3398ade7110d6bf85da34690f7cd92,2025-03-04,GDELT Red Sea Download,armed conflict,RED_SEA,GDELT Event 190 between GBR and YEM in UK,
57cc321ae6bce787,efedd2c1a091e41eed3838981a1fa650475a61d090d207ac20e38df4686852a3,2025-03-04,GDELT Red Sea Download,armed conflict,RED_SEA,GDELT Event 193 between nan and USA in YM,
46dd5674fd4f3e51,dffcedcea85fe6c34bf2735fc11fafde3eb109983f9cf3333548f460f4d6a60d,2025-03-04,GDELT Red Sea Download,armed conflict,RED_SEA,GDELT Event 190 between USA and YEM in US,
04118fe194ebe693,2d974cf42c8810df7c0eff88c5817541314ece82be4c90c48a84c8d382eab6fe,2025-03-04,GDELT Red Sea Download,armed conflict,RED_SEA,GDELT Event 190 between USA and YEM in YM,
75a367fb81ff227e,b4fc2f72163ccebaa50872b0960eba25a725e1322156f315551951fc987595d1,2025-03-04,GDELT Red Sea Download,armed conflict,RED_SEA,GDELT Event 190 between USA and YEM in UK,
2a82144837b850ae,b7e74f77cf7e6b415e62077821738a7d03bb3ec7d57d63bb0feecc8ea5000956,2025-03-04,GDELT Red Sea Download,armed conflict,RED_SEA,GDELT Event 190 between YEM and YEM in UK,
3e55d176df524bd6,be8ad45c2b09611e6342bc6dcc17875d69f70eb2ecb55093092b4bccb1664cc8,2025-03-04,GDELT Red Sea Download,armed conflict,RED_SEA,GDELT Event 190 between YEM and YEM in US,
154c69cf7b6545c9,a0c50c136f0ce5aaf24ecfdd9ad22a0a6d13a914025e73ffd10336e889105a49,2025-03-04,GDELT Red Sea Download,armed conflict,RED_SEA,GDELT Event 190 between YEM and YEM in YM,
376c59ec7e6f62f8,c089809f5dca0296b4aad75347d712962b8eb26dd318276d0fa05b38bb0c9a76,2025-03-04,GDELT Red Sea Download,armed conflict,RED_SEA,GDELT Event 190 between YEM and YEM in UK,
026268c4ad6d52c4,a97cbdfb32c5c6e7addad4b13dbbeba1cc0eab61b937b8865c7eb930bc99f8c6,2025-03-09,GDELT Red Sea Download,armed conflict,RED_SEA,GDELT Event 190 between nan and YEM in SY,
b0097e33995d1d81,2a30b63073e1fa1bb6608ef9d256c37a2a838c08d0c2e9dc879f8160d4bfa6d2,2025-03-09,GDELT Red Sea Download,armed conflict,RED_SEA,GDELT Event 190 between YEM and nan in SY,
4e50e23812911d69,9082a82ab8c37075e2af8fd14e5cd2c82ff3c1495adfbff98bfc900972320d37,2025-03-11,GDELT Red Sea Download,armed conflict,RED_SEA,GDELT Event 194 between nan and YEM in IS,
c85b0cb285b3056a,10a961ac8ab40fc48185d8acc0584f11db4bb60a97246ad612987abbc877c2a2,2025-03-11,GDELT Red Sea Download,armed conflict,RED_SEA,GDELT Event 194 between nan and YEM in YM,
778b79f9ba580ddf,3a6707f029e2ef279f0f9c3fbdc3b367a5e42e5b5a05753109c3e0a00a0ef6d5,2025-03-11,GDELT Red Sea Download,military escalation,RED_SEA,GDELT Event 130 between IRN and YEM in YM,
51294ad7ca5ec8bf,ff2a9a712d321737712cb320a097e60143b778bcce1986555527266417e56764,2025-03-11,GDELT Red Sea Download,military escalation,RED_SEA,GDELT Event 130 between IRN and YEM in IR,
7626a2269e9f7b01,072b5a9a2489909cf54d4b4666d768b8b31e247d6351731ad4c4744824d45125,2025-03-11,GDELT Red Sea Download,armed conflict,RED_SEA,GDELT Event 194 between nan and YEM in YM,
631c1a071f7831d6,960d9d8bca0d531bde0d743f87b52385acd0606e706bbebba19e7f4e6bf4b435,2025-03-11,GDELT Red Sea Download,armed conflict,RED_SEA,GDELT Event 190 between YEM and ISR in IS,
074021fdcd92ccaf,a42931bccb4aecca94ef004656964ad5e398e8075682372d311034513c20f1cf,2025-03-13,GDELT Red Sea Download,armed conflict,RED_SEA,GDELT Event 192 between DJI and EUR in DJ,
532d735ba6b3db73,375dd844e7afa70e5c0cf983f0eb1c3f1473757bb3c3070bbcb87d3ceced41fd,2025-03-13,GDELT Red Sea Download,armed conflict,RED_SEA,GDELT Event 192 between DJI and PGS in DJ,
17b19610093655ab,5a945190378a62bfcfd99134caa17df589772bc812a574c37d7ca23a160e54b5,2025-03-13,GDELT Red Sea Download,armed conflict,RED_SEA,GDELT Event 192 between PGS and EUR in DJ,
518dea9491e585bd,79c953e0e2b0840fe82b369cb841812c11e973ab7c79c0cd3a25ffe4da3ca823,2025-03-13,GDELT Red Sea Download,sanctions,RED_SEA,GDELT Event 172 between YEM and ISR in YM,
e07a1a3c5c8ec3a2,ed6ad64cc00cac9bf686418027450db0402c05a7dcb7cf793f4b4757b5c90a22,2025-03-16,GDELT Red Sea Download,armed conflict,RED_SEA,GDELT Event 180 between KEN and nan in SO,
6fe31f6eb67f8686,3e69391ccb282645652823c85a0fd27410312123fb0e935c85408743c9464645,2025-03-16,GDELT Red Sea Download,armed conflict,RED_SEA,GDELT Event 181 between KEN and KEN in SO,
98be40518eaed0fb,051c088616484d6a95ac13467ab618b529ff6bc5e0cf770754fb5b0c0136a9b8,2025-03-16,GDELT Red Sea Download,sanctions,RED_SEA,GDELT Event 172 between KEN and SOM in SO,
5abc72e182de853d,40690173fe8206803821d21d151701a3e558180bd4c4b7d23b68201caa891363,2025-03-16,GDELT Red Sea Download,sanctions,RED_SEA,GDELT Event 172 between KEN and SOM in SO,
c8275670b6abd069,63eb78868446f68b05d5b300a8aeda4170f5240359bc96e385658a86b700109b,2025-03-16,GDELT Red Sea Download,sanctions,RED_SEA,GDELT Event 173 between KEN and KEN in SO,
6bcee0fc7f56cff7,9318cdf8f02b40623fc528d53f807a49c6614b36225c1df63c495acdd180cd7b,2025-03-16,GDELT Red Sea Download,armed conflict,RED_SEA,GDELT Event 180 between KEN and KEN in SO,
31933ff14fcc8783,026077e688ad2844b6fa1cfdeddde82b2461d1f6f2fee4cf5cabb05079dced8a,2025-03-16,GDELT Red Sea Download,armed conflict,RED_SEA,GDELT Event 193 between nan and nan in YM,
4c9e4d0d4040cab3,12f422d97a8a6d701a7687b2e4f02c9146e8dda21a2efd3dcfa97689a2c11e95,2025-03-16,GDELT Red Sea Download,armed conflict,RED_SEA,GDELT Event 195 between nan and nan in YM,
7ef18ca73d4c694c,b1c0aa25393227c710ab3cc57a2163f65fc7ad08ff7b33ade3987da8b9267faa,2025-03-16,GDELT Red Sea Download,armed conflict,RED_SEA,GDELT Event 193 between nan and YEM in YM,
2c0f4ddd2ecdc3af,65bea1e55337cb2ab622561e269be010756867f7935a1a9a9cb5a81a502b24c9,2025-03-16,GDELT Red Sea Download,armed conflict,RED_SEA,GDELT Event 181 between SOM and KEN in SO,
ec127833455c0f04,5ba31288ce205d8d0e3188492c12d3f4adccc2080dcdbe29cc380176b2d1319c,2025-03-16,GDELT Red Sea Download,armed conflict,RED_SEA,GDELT Event 181 between SOM and KEN in SO,
aa1ca7c27455224a,18892a2405e583e806f2c4f01e18f2703d9f87e5f7e06da053de55737d79bb31,2025-03-16,GDELT Red Sea Download,armed conflict,RED_SEA,GDELT Event 193 between nan and nan in SO,
ff2d95a4dd052114,d8cbe58bbe2a28285073e2211a64accdd4ea67f01fc7cf907819043877621060,2025-03-16,GDELT Red Sea Download,armed conflict,RED_SEA,GDELT Event 190 between YEM and nan in MU,
2e9e4991389e8b98,2b3134aa88942b76d446092d82b372871352cbcb196a7085ff3b39fa10734ef6,2025-03-16,GDELT Red Sea Download,armed conflict,RED_SEA,GDELT Event 190 between YEM and DJI in IS,
1703949b3da69798,11b4536700cedc245a2a1991e6fed64c4e003fb1710bc63f5e9f5c12473ce453,2025-03-16,GDELT Red Sea Download,armed conflict,RED_SEA,GDELT Event 190 between YEM and nan in IS,
961322e4bcdc6821,cb8cded0e7f8c58f6aa72541bd98d7511a0dec93cba32c4f359394df18e7a6ce,2025-03-16,GDELT Red Sea Download,armed conflict,RED_SEA,GDELT Event 190 between YEM and SAU in YM,
fe9807ae9b3c3798,485cbd074d8cc29d0c9039bd1ec92a09a5ec097944ebd4d8f3e12672ba913f13,2025-03-15,GDELT Red Sea Download,armed conflict,RED_SEA,GDELT Event 190 between PSE and ISR in YM,
aea9ecc14101b413,e46fce5733ec71afb89d45ab7f97659dafd1e3b502ef7995b00e2d8c59a34393,2025-03-15,GDELT Red Sea Download,armed conflict,RED_SEA,GDELT Event 190 between PSE and ISR in YM,
a99905a10079a742,b293d9fe884b848142bc0784ae2bed438705bb11866806f60db66d786485446b,2025-03-15,GDELT Red Sea Download,armed conflict,RED_SEA,GDELT Event 190 between SOM and nan in SO,
fe73da2596d8ef28,6ec150b3507bc1bd6139b4b93f6e684029e98e70089cd351466eb1a56a476b3d,2025-03-15,GDELT Red Sea Download,armed conflict,RED_SEA,GDELT Event 193 between nan and nan in SO,
c0008fde4d029b5a,11c70e9f4bf1996f88d386f7ea84f1b30d3b3ef6a4359ea68ef10cac87056fca,2025-03-15,GDELT Red Sea Download,armed conflict,RED_SEA,GDELT Event 193 between nan and SOM in SO,
673273b68f0f02fa,734c78816bb516a526a5a8d63e71d769aec42fcca188f7e6b9fe28eefa0c0839,2025-03-15,GDELT Red Sea Download,armed conflict,RED_SEA,GDELT Event 195 between USA and DJI in DJ,
1a452dcc63e2e0ab,3c5d5057c9cd0c1aefa91f8217df5a2d58255dc7dcd9ba9736d7c8cfdea24afa,2025-03-15,GDELT Red Sea Download,armed conflict,RED_SEA,GDELT Event 195 between USA and YEM in IR,
404d307d2e3765c1,ca02b092da34df7ed0b6737d0af1b69121d80c7bcdb27cb8c29c16adb038491d,2025-03-15,GDELT Red Sea Download,armed conflict,RED_SEA,GDELT Event 190 between USA and YEM in UK,
26c8a2a54fc1168a,cabac376884debd101ba7afd65a78ab1e16dec3e0ab1d839ef74017fa1179347,2025-03-15,GDELT Red Sea Download,military escalation,RED_SEA,GDELT Event 130 between YEM and nan in YM,
5535a5b2209e7e8f,ef8776da3d14e1cfa42781a2ba9fac7073027a278c7170f0b3888fe6a6d90f49,2025-03-15,GDELT Red Sea Download,armed conflict,RED_SEA,GDELT Event 190 between YEM and nan in YM,
d4d6c308922eeea7,38b9a4d616e25771a4db782145e476ac0531480aaa9d7dba1e531dfd03992b81,2025-03-18,GDELT Red Sea Download,armed conflict,RED_SEA,GDELT Event 190 between nan and nan in SO,
774d4c00fffca6ed,2d6b0da937df8d83ce5d42760bfbd1090abc995fe0ec4b5819220604b013208a,2025-03-18,GDELT Red Sea Download,armed conflict,RED_SEA,GDELT Event 190 between SOM and SOM in SO,
a6318d81c26d5451,4e2e434b4f38041f1369f268fd2a393a1778d73de0d4ac778d805a4e414c41e4,2025-03-18,GDELT Red Sea Download,armed conflict,RED_SEA,GDELT Event 190 between SOM and SOM in SO,
d977d19f1e949a83,68725cfff3eda1318724c7466ff6eb9cf08aa99b99642cacf929fda746fcbae2,2025-03-18,GDELT Red Sea Download,armed conflict,RED_SEA,GDELT Event 190 between nan and nan in SO,
8dd26181807e1749,068da03c77917e65f1434f629649ed7acdbffa40326403f39f69a75fedc433cd,2025-03-18,GDELT Red Sea Download,armed conflict,RED_SEA,GDELT Event 190 between nan and JOR in SO,
1520a8c06b3fcef0,7552327d2d81279a92de693c6ed7b182bc7675ebad86054143e913ba795e9858,2025-03-18,GDELT Red Sea Download,armed conflict,RED_SEA,GDELT Event 190 between nan and SOM in SO,
2520cd0302324f23,a800edadfd7e7f68c130350780b5770bba9aab257ea61188892b41e005369858,2025-03-18,GDELT Red Sea Download,armed conflict,RED_SEA,GDELT Event 190 between nan and SOM in SO,
a005088a489be962,073cedb4d9f661a502b863d5cc9f32e0c71168c2e11f5de46eb04f7d485c6d10,2025-03-18,GDELT Red Sea Download,sanctions,RED_SEA,GDELT Event 173 between USA and YEM in YM,
8aacbdd924c2e6ca,532a409bbdcee58eb6faaa7c11629fa84fc3eda328ab54dededd296228334273,2025-03-17,GDELT Red Sea Download,armed conflict,RED_SEA,GDELT Event 190 between USA and nan in DJ,
80f5080c66d0d3b8,112a4692014a958539826892b3a285732653d0cd398d09d1d88de82bf27cfa23,2025-03-17,GDELT Red Sea Download,armed conflict,RED_SEA,GDELT Event 195 between USA and nan in DJ,
09375714d85c0377,cc53210ebaa7b930fcb0eb3ede01a072e352fe36c62173655968220f1907fd19,2025-03-20,GDELT Red Sea Download,armed conflict,RED_SEA,GDELT Event 190 between EGY and NGA in EG,
f0d490e45a7dcd29,b43bf9dda9f6b231703dcb78d1c111143a728e308edec89bb9690d0c93dcaa9b,2025-03-20,GDELT Red Sea Download,armed conflict,RED_SEA,GDELT Event 190 between KEN and SOM in SO,
2c0a111cbe32f636,0386640715e03712f7c68b7264abbb55a74900da7215588b9a9fb1ca15588131,2025-03-20,GDELT Red Sea Download,armed conflict,RED_SEA,GDELT Event 190 between SOM and KEN in SO,
061b1d5fd9b4cbfb,3a06a8f7fb563a5cab5e51fec2d55503090741df35e51b3104b85aa5934c0401,2025-03-19,GDELT Red Sea Download,armed conflict,RED_SEA,GDELT Event 190 between ISR and nan in YM,
f641f886e81666ee,43908df63c20fb5a1b75de537456fedc76c3b472a7372a73f66be8f3bc050c0d,2025-03-19,GDELT Red Sea Download,armed conflict,RED_SEA,GDELT Event 190 between PSE and nan in YM,
7804fa76ff15fc27,8adb41872abda544316814cb5c45f98f0a729fd50297ce925098ab582ccd2191,2025-03-19,GDELT Red Sea Download,armed conflict,RED_SEA,GDELT Event 190 between USA and nan in YM,
be4c19b8b49a78ce,b433c434bfbf5febb7a172cd30be788da754c100fdc2d230c334a92cfb8dccac,2025-03-19,GDELT Red Sea Download,armed conflict,RED_SEA,GDELT Event 190 between YEM and nan in US,
68e0156a13c221c0,7f8710e881ba125f74cd14541baad0e509d6323c54f670eca321fb26f368f00e,2025-03-19,GDELT Red Sea Download,armed conflict,RED_SEA,GDELT Event 190 between YEM and nan in YM,
4d830551f7d2660e,1fe72acb4bfd379ce518975b04b0e391e900573058ed22ddb6362d503ad5ca73,2025-03-21,GDELT Red Sea Download,armed conflict,RED_SEA,GDELT Event 190 between nan and PSE in EG,
1c6199ef23cfe6cb,701698c3f3e76d2353e416cfd934818ab35a89399cefa429650ad1d33d7d0007,2025-03-21,GDELT Red Sea Download,armed conflict,RED_SEA,GDELT Event 190 between PSE and EGY in EG,
111af8d60a461b62,535b24acd6a9c93eb5bf9df1726e22feb0856766ddd216decc5a76f5093b6a4c,2025-03-24,GDELT Red Sea Download,armed conflict,RED_SEA,GDELT Event 190 between IRN and YEM in US,
19e2c555e717fd9a,48d4134bce2e248972e1cc51c4f19e6fcf7b5b44cb73150ffabf34c502051a99,2025-03-24,GDELT Red Sea Download,armed conflict,RED_SEA,GDELT Event 190 between nan and YEM in YM,
91168a9859b54402,a73b5e6acaab1f07073268959f298fc9615002d6c8afff36236e68ff53fe176b,2025-03-25,GDELT Red Sea Download,military escalation,RED_SEA,GDELT Event 138 between nan and nan in YM,
fb39461a4b2fa9ad,bdfa8f958dd04e735e774f18f552b8e8c5db57f2d6def53cb79935f3df6e3194,2025-03-25,GDELT Red Sea Download,military escalation,RED_SEA,GDELT Event 138 between nan and nan in YM,
3e4e1d85a248a8fb,36150bc91339a5869a61befa33e2cf56562e1da268d5a32d05f00865cd1aa898,2025-03-25,GDELT Red Sea Download,armed conflict,RED_SEA,GDELT Event 190 between nan and YEM in US,
2478d903d5596133,acdbde683828a17f2c9b8d8ff5362d372fd1335ee9764d710e76a89aec75633f,2025-03-25,GDELT Red Sea Download,armed conflict,RED_SEA,GDELT Event 190 between USA and YEM in YM,
b97f92358bdd4fda,60790e1e6cda8888bcd3aafba034c01a99b19ea395b62b069be5917cd227442b,2025-03-26,GDELT Red Sea Download,military escalation,RED_SEA,GDELT Event 130 between nan and RUS in YM,
5fee43ea08c31b01,8e5bed967763b585ef478a74a32c94183b3919de59c432b7416bd141b0609801,2025-03-26,GDELT Red Sea Download,armed conflict,RED_SEA,GDELT Event 192 between JOR and YEM in YM,
22d61cf9e42e3499,632f37f0df7579ce43f763aacd3f3aea6beedd969ce085f697d5514921bc3ffc,2025-03-26,GDELT Red Sea Download,military escalation,RED_SEA,GDELT Event 1384 between nan and nan in YM,
bb68b453a24a7fdf,48ab8678d7edcac7176af573faee20674fd31ffa6dcfde4de6c3d04d72210a8e,2025-03-27,GDELT Red Sea Download,armed conflict,RED_SEA,GDELT Event 190 between nan and nan in SO,
87d89c22cb1b9835,b102a8b1795c5bbebce68db732b29b1e4204e0fe72ecd37e02a1f1babb2a127d,2025-03-27,GDELT Red Sea Download,armed conflict,RED_SEA,GDELT Event 190 between nan and nan in ER,
6c6267a2358b5a6b,c5d650634610d17dfde68b568b68417d13a308f250e8be453bcef5ada043640a,2025-03-27,GDELT Red Sea Download,armed conflict,RED_SEA,GDELT Event 182 between nan and EGY in EG,
2df5f76522f0a782,2c312e25b6728a44452bd89aad82cbaf4bc457a20869d1572098c64f3c26d0af,2025-03-27,GDELT Red Sea Download,armed conflict,RED_SEA,GDELT Event 190 between nan and EGY in EG,
954dc9476ec0ea0c,140f4b8f9d9495b756303f25eb48196bd7acaec8e423b1e17d5c78e4e2ab4033,2025-03-27,GDELT Red Sea Download,armed conflict,RED_SEA,GDELT Event 190 between nan and EGY in EG,
6f6f1dfcef74e8c2,c87445b6a0de087779c9d2570dd4829a3b7b15559afcb65ebf5c28a407d5487e,2025-03-27,GDELT Red Sea Download,armed conflict,RED_SEA,GDELT Event 186 between DEU and nan in ER,
f35dfb263818f528,e73c99a0f111d79f3557bf8d112a3a2eaafca0d41a0e445c9a8dc7873aa60c7b,2025-03-27,GDELT Red Sea Download,armed conflict,RED_SEA,GDELT Event 190 between DEU and ERI in ER,
cf49409525f17ccb,d8e98a1c878eaaabeabde4d71bc7592ca464be9a932b3b8e2cad00229ea4de7f,2025-03-27,GDELT Red Sea Download,armed conflict,RED_SEA,GDELT Event 190 between DEU and ERI in ER,
86be2473c18b8f4c,b71497519994a6482acee543c0559654b4ff9538c39971f257e309f8c1a43d77,2025-03-27,GDELT Red Sea Download,military escalation,RED_SEA,GDELT Event 130 between nan and YEM in SO,
a3fbc5e764809d4b,e76c29a835110cc676a69095fdf3f5d2a6d5fe43ce46a52d5a93cde5d7a25566,2025-03-27,GDELT Red Sea Download,military escalation,RED_SEA,GDELT Event 138 between nan and nan in SO,
74ad68c9f6e98e2c,0454b12b50e4eeccbac4fb9fc40db6cd18f19a07075df36f9a4482822555c3f9,2025-03-27,GDELT Red Sea Download,military escalation,RED_SEA,GDELT Event 138 between nan and SOM in SO,
b1c65d3a77bd1451,8cf371680d196ccdfede342363bbc1b2031935fae0916a922c18250ff80bd911,2025-03-27,GDELT Red Sea Download,armed conflict,RED_SEA,GDELT Event 190 between nan and nan in SO,
e8782c1e2fe7ae54,317706ac5c0d0b8964f04fc9645a877515e4dda09651f116456eb237ae8738b1,2025-03-27,GDELT Red Sea Download,armed conflict,RED_SEA,GDELT Event 190 between nan and nan in SO,
ab3fe3a5ca2712f3,e58f67b0c39e88194c708aacff8e7c61c7453bcce19888df4770cb33d35b8c36,2025-03-27,GDELT Red Sea Download,sanctions,RED_SEA,GDELT Event 173 between nan and EUR in ER,
b0b953222d4eccc6,1ddb00cd4b5e7a47af44f42ae6901b4042abc2c25d60680b268ab067e4b8a643,2025-03-27,GDELT Red Sea Download,sanctions,RED_SEA,GDELT Event 173 between nan and ISR in ER,
8c994aafd8b55b3c,abb890e64003726c6719af8cd61a758f42e2c97f2d924a9fd5007eceda4ff563,2025-03-27,GDELT Red Sea Download,sanctions,RED_SEA,GDELT Event 173 between nan and NMR in ER,
cee6fe864407b942,7f53723fb92a7f9d063508cc57f09d83aadb5fd3f30c3c2f15f966a640c87872,2025-03-27,GDELT Red Sea Download,sanctions,RED_SEA,GDELT Event 173 between nan and USA in ER,
1639927732c22e62,90f62862dfe2e5e2323f5931cf964cbbae1b9d9ce1c0e41d649548ede00af859,2025-03-27,GDELT Red Sea Download,armed conflict,RED_SEA,GDELT Event 192 between SOM and nan in SO,
3647ab4a4c324efe,3a0e61c09dfee33b07613610880c54fd4a44f1957fe1cfa83d53d1d18f032b11,2025-03-27,GDELT Red Sea Download,military escalation,RED_SEA,GDELT Event 138 between SOM and nan in SO,
48816c45a2f4bb47,576ecce8f72fbad57314dea9fcc020637aa6f4df9926421b64a9b22679f1b940,2025-03-27,GDELT Red Sea Download,military escalation,RED_SEA,GDELT Event 138 between SOM and nan in SO,
6cb48fa149ec370d,581ac5baab2867356d69c314d29c5256082c6af744f48f497be822caf39d3afc,2025-03-27,GDELT Red Sea Download,military escalation,RED_SEA,GDELT Event 138 between nan and nan in SO,
1e4b30d8a6432168,cac1f5a75065d239985f9bb0064593212de4b729190d7a4996be312113babd68,2025-03-27,GDELT Red Sea Download,military escalation,RED_SEA,GDELT Event 138 between nan and nan in SO,
90b8d465356bee97,e1707a6be23e22d23bbf7e0354ab535451f8240089fac2b8948164e6276e4609,2025-03-27,GDELT Red Sea Download,military escalation,RED_SEA,GDELT Event 138 between nan and nan in SO,
4dfc0119c802c501,9695b313c06e8332ca1f30cd99ecc191cdc1129e5fd6cab0f30f60dd754f9ae6,2025-03-27,GDELT Red Sea Download,armed conflict,RED_SEA,GDELT Event 193 between nan and nan in SO,
8d0e0261bf327531,15d4fbfd800cedfc329b02b4b7adb89819d42b941343abb40723cdcd6da33454,2025-03-27,GDELT Red Sea Download,armed conflict,RED_SEA,GDELT Event 193 between nan and nan in SO,
a6089b145796e6dd,80e359ecae4ba03b7c5050360786561a249f4f366839b6d8541df227fa365d8b,2025-03-27,GDELT Red Sea Download,armed conflict,RED_SEA,GDELT Event 192 between nan and nan in SO,
24c77f075926325b,cfec7108832f6c47458f866e18d3f68edd5a9a2d61783702dcaeca4b35cdfd0a,2025-03-27,GDELT Red Sea Download,armed conflict,RED_SEA,GDELT Event 193 between nan and SOM in SO,
71e1db4626e3e117,089c1a02fbc639cfd452db2cf0bad2a21a7bfd8cf1c5a711da18d918d9996164,2025-03-31,GDELT Red Sea Download,armed conflict,RED_SEA,GDELT Event 190 between USA and nan in YM,
fba4adeda0fa2bcb,6379f244612b54ab767c5a647f150ebd3333d810b80f8965ed1f5a735a8abc2d,2025-03-31,GDELT Red Sea Download,armed conflict,RED_SEA,GDELT Event 193 between YEM and nan in YM,
0f620c419430d7d3,09bfaf42a890cb91cc98bc15c743dee8f36225a93fd0ffc429fbba5535641763,2025-03-31,GDELT Red Sea Download,armed conflict,RED_SEA,GDELT Event 193 between YEM and nan in YM,
8f89657237e4263d,2428138d17e29ebc42133ce84814e4d00f8645be336580af43d6fa5a899aaf8b,2025-04-01,GDELT Red Sea Download,armed conflict,RED_SEA,GDELT Event 190 between USA and nan in YM,
15a4e6a1bc2eafff,c93d6197746a3c4b4c6bd53f1b83064357aff28e2cd86c499c3071cfb63605d5,2025-04-04,GDELT Red Sea Download,armed conflict,RED_SEA,GDELT Event 190 between YEM and nan in YM,
334ec48bf9bd76a2,850e48d378824f2ad83fb31881645061bedbde236fb979ee3f2678fa6d904b27,2025-04-05,GDELT Red Sea Download,armed conflict,RED_SEA,GDELT Event 180 between ISR and GRD in EG,
bce068831e9323d9,7e27f5080206b53fec500726e598c42b7518043e3a95976ea36d3115e8cac9b6,2025-04-05,GDELT Red Sea Download,armed conflict,RED_SEA,GDELT Event 180 between ISR and GRD in EG,
0efb425d070d4fbf,5fe97e5ad524b594867b9081720853b181dc6094331a8b3da5cb01c0150285fb,2025-04-05,GDELT Red Sea Download,armed conflict,RED_SEA,GDELT Event 190 between ISR and GRD in EG,
8364968cd5e8d42f,85e82ab799ae4688622adfd7c909b67f47ec4d76e954dc4dcdc25696a16c465f,2025-04-05,GDELT Red Sea Download,armed conflict,RED_SEA,GDELT Event 190 between ISR and GRD in EG,
22b5cbcce328c04c,251d01758150c2bddc54d88dccebee4569ad37dbca87b8d9fea6a09365b79091,2025-04-05,GDELT Red Sea Download,armed conflict,RED_SEA,GDELT Event 190 between ISR and PSE in EG,
4cf1f31d5e0af0b7,edc7d6b6a10879bbd3c8917e4c93476e9aac7808af2a8e4d4bb808d665909519,2025-04-05,GDELT Red Sea Download,armed conflict,RED_SEA,GDELT Event 190 between ISR and PSE in EG,
9c80e9008eff559a,533a10068082d81d96dbfae6fd6dda9bfb2528703cf8f291e3d07c665dbfd83f,2025-04-06,GDELT Red Sea Download,armed conflict,RED_SEA,GDELT Event 190 between nan and YEM in US,
b3a33eac1f8a3025,3335f11453e6f874f9020ed1012a7e5420f39e61ba1bd3db38c68f5fc8e6b5f6,2025-04-08,GDELT Red Sea Download,armed conflict,RED_SEA,GDELT Event 190 between nan and YEM in GZ,
f568208a1357c9de,937402311a86b38666a1726926dd1ecb7ea02ef554fcaa0b266b866c1235d4e9,2025-04-08,GDELT Red Sea Download,armed conflict,RED_SEA,GDELT Event 190 between nan and YEM in IS,
a86ee68849e835ff,682487a5b724bbaa6bc92b50ce4ec06a9de99b20cf8d1c9b63634534e2195f1a,2025-04-09,GDELT Red Sea Download,armed conflict,RED_SEA,GDELT Event 193 between RUS and DJI in DJ,
1b260caead56146a,737b89425262f850e4e67cb2d1d38c0d237deeb4eb1f019c4c7f816d0356dafd,2025-04-09,GDELT Red Sea Download,armed conflict,RED_SEA,GDELT Event 193 between RUS and nan in DJ,
ee84c27c83d971d6,17c738d72a83ca3c1270fa92b186072a9459bc5ac18c7342e9829d5b10bbb3bd,2025-04-09,GDELT Red Sea Download,armed conflict,RED_SEA,GDELT Event 193 between RUS and DJI in DJ,
067a97add2c9ddfd,6694c33e479e185cdf1073cac3ff5ccfec711be64bd995d1d2e65a853f50c0ae,2025-04-09,GDELT Red Sea Download,armed conflict,RED_SEA,GDELT Event 193 between USA and YEM in GZ,
5548fd5e2c010f7a,37536fb04c55ab9920459b4dede78aedd498fb368c50891da0727abae6e8cf67,2025-04-09,GDELT Red Sea Download,armed conflict,RED_SEA,GDELT Event 193 between YEM and USA in GZ,
c3f55d7a067162c5,f36ecad3cb363d1f81d023c014d1ffbf542c74fdd7636e20a99bca64d4782170,2024-04-10,GDELT Red Sea Download,sanctions,RED_SEA,GDELT Event 173 between EGY and nan in EG,
e1391a90ffd4cc35,9ff857b73f84e557312f6c7af7d338f9c3af8bf1427ee4250db74ea657f1fba3,2025-04-10,GDELT Red Sea Download,sanctions,RED_SEA,GDELT Event 173 between EGY and nan in EG,
f22d4b6e585d7def,67a5db66167772e5136c86b4db5e291a009969def01b994a437ce936e179da62,2025-04-06,GDELT Red Sea Download,armed conflict,RED_SEA,GDELT Event 190 between nan and nan in YM,
006548fe4a04407c,a41fccf6b324a7d9a88b2598ebc2429a9bbbc1e292959226a2ac14afd4abee08,2025-04-06,GDELT Red Sea Download,armed conflict,RED_SEA,GDELT Event 190 between nan and USA in YM,
0c2c8c0c4cc71a8d,0dc21ba270022363f868eb7a36a953050452b04473c38096544a80152a006652,2025-04-06,GDELT Red Sea Download,armed conflict,RED_SEA,GDELT Event 190 between USA and nan in YM,
ea5ddac58740d7e9,a4721e6655514bdde06892b737fc7bc791055a0714ef3180b959bdde4a50e4ea,2025-04-13,GDELT Red Sea Download,armed conflict,RED_SEA,GDELT Event 192 between nan and SOM in SO,
7aef9bd62b42679f,3af6c49c387487e1cf9d2d071cb042bc0ca4d8b6dc103636004f38e32b6d5357,2025-04-13,GDELT Red Sea Download,armed conflict,RED_SEA,GDELT Event 190 between nan and YEM in YM,
34a01096e0e91cc2,14df859a8f31cff860d46d7b9efacaf116782f81739fde87d45d36befb5006bc,2025-04-13,GDELT Red Sea Download,armed conflict,RED_SEA,GDELT Event 190 between nan and nan in DJ,
da70692a9e8571c1,177df558ffbc74b7cce462d2232655d8fce6e93ada635a4d20407546a6759157,2025-04-13,GDELT Red Sea Download,armed conflict,RED_SEA,GDELT Event 190 between nan and nan in YM,
470e8d7f1ae4a50c,c94891cdcc1dbd178e4833b2a6749268d372ac3cc4bd7b858f317edc846ddc78,2025-04-13,GDELT Red Sea Download,armed conflict,RED_SEA,GDELT Event 192 between nan and SOM in SO,
673624c294e581bb,ba81d976d4d082ecd0b780db47883b76fd7fc929dd9a8710f0cbd07c83e66a1f,2025-04-13,GDELT Red Sea Download,armed conflict,RED_SEA,GDELT Event 190 between nan and YEM in YM,
e201ec0ea7043edf,7b7f4da0ca07a3ec96bf57a01bafd67e155f30e0d957868b271f6864cfd3c83c,2025-04-13,GDELT Red Sea Download,armed conflict,RED_SEA,GDELT Event 195 between nan and YEM in YM,
06a03794a4b09d9d,cc7e158af8494b2fcb59ce83e0660221d34881239f181ce761a5302c0bb493e2,2025-04-13,GDELT Red Sea Download,armed conflict,RED_SEA,GDELT Event 195 between nan and YEM in IS,
1e70c412cc76c702,d467f4d419dd9b554ccaf8eee3e979c541e018a0b7e8e9c1c54dba9e51b44d06,2025-04-13,GDELT Red Sea Download,armed conflict,RED_SEA,GDELT Event 193 between nan and YEM in IS,
0bc5608fc60b9a9c,519142d315dc97651f9405fee6753216eadd19b6d6afef2fb977fcbea63cc1c3,2025-04-13,GDELT Red Sea Download,armed conflict,RED_SEA,GDELT Event 190 between USA and YEM in YM,
79d0bdf2201da26c,852ea518ca4bd6d784cb4efc22e5023d282057e3673ebe7879bf29c833c8d96e,2025-04-13,GDELT Red Sea Download,armed conflict,RED_SEA,GDELT Event 190 between USA and YEM in IS,
35713d7410c372eb,81b3c4a739b200eac4b98521d486a239a2d84c7b7d9d86dfd5afe02c845b02b3,2025-04-13,GDELT Red Sea Download,armed conflict,RED_SEA,GDELT Event 190 between YEM and USA in YM,
3f21d4336840001c,9ed640ecf7e0b70e2bb84dbf54e824181667289b4312f773126044d2ebb8cf75,2025-04-13,GDELT Red Sea Download,armed conflict,RED_SEA,GDELT Event 195 between YEM and YEM in YM,
4040c997b63d17df,cf3482487b4a09a5d0d830813736d3a2f91997f0eeb5a942975dddcc42736515,2025-04-13,GDELT Red Sea Download,armed conflict,RED_SEA,GDELT Event 190 between YEM and YEM in YM,
e88e5ce30766aeb4,30f436c490b197c8e2a69d3d8355026f5c6c2cc2cd8e388446545af6fa2dfeac,2025-04-13,GDELT Red Sea Download,armed conflict,RED_SEA,GDELT Event 190 between YEM and YEM in YM,
eefd6f28741f1371,a89dcf37ef05b8450ed58a7e4e1e77af5af83a95088c367b0b5dfc870a20f030,2025-04-14,GDELT Red Sea Download,armed conflict,RED_SEA,GDELT Event 190 between nan and nan in YM,
e47cf61835869f6e,163ecf330447a1d4e61c5436780a67e4863b25610ee3805ecc7d25862de5123d,2025-04-14,GDELT Red Sea Download,armed conflict,RED_SEA,GDELT Event 190 between nan and nan in YM,
56f4b7dbadecfef5,f0373343a0361eb124ca6b7693cd45b5fbe6e74e2835047661a28f53986eef43,2025-04-17,GDELT Red Sea Download,military escalation,RED_SEA,GDELT Event 130 between USA and nan in DJ,
44f17f2b805abf8f,bc06dffe077d3365de1f5d0472ec3cdad54914ff376597d9ecc6f95dc24a988b,2025-04-16,GDELT Red Sea Download,armed conflict,RED_SEA,GDELT Event 193 between nan and nan in SO,
2f51cff1fb30c8d5,5ce123ada59e89006dd812243526a477cc6eb0ca28b08e321c736b9316a6cfd4,2025-04-16,GDELT Red Sea Download,armed conflict,RED_SEA,GDELT Event 193 between nan and nan in SO,
8ed099ebafe58e63,9791c42c4041055d7e1bebbfaaf74ef684a1efad5644e0d8dc48bf25d91102a9,2025-04-16,GDELT Red Sea Download,armed conflict,RED_SEA,GDELT Event 193 between nan and nan in SO,
0eb06898091935cd,95d0490e41248a0d17df0d6ec7e75548b333385511df4b5f221090bec4cb1f2c,2025-04-16,GDELT Red Sea Download,armed conflict,RED_SEA,GDELT Event 190 between SOM and UGA in SO,
66650122e541126d,4be8e70987170dffcf59531d8769a13266ae1a2b1e7dff978cd37b4a4a687646,2025-04-16,GDELT Red Sea Download,armed conflict,RED_SEA,GDELT Event 190 between SOM and UGA in SO,
f988c714c320391b,48c172e03d00d30190e49216db2112e779a6f4811d64c2987a4ad548be6ef9ef,2025-04-16,GDELT Red Sea Download,armed conflict,RED_SEA,GDELT Event 193 between UGA and SOM in SO,
d09fec4bf243c066,9c5e20e85cb52c9ef052882ec02df8c4883b465a5a36a778d1f0d97b2c91e3c3,2025-04-16,GDELT Red Sea Download,armed conflict,RED_SEA,GDELT Event 193 between UGA and SOM in SO,
09081b4ac8ed9fcc,bdf9ec11dbcfa3eec2db27050f728220a460b9e42677d354393385efaa4915c0,2025-04-19,GDELT Red Sea Download,sanctions,RED_SEA,GDELT Event 174 between nan and USA in EG,
abf52b7ff927a220,b28ca54bf4c4e4c22dfe41aa953f9c8bfc5fc39e031d2ff5c3eb9655452c73fd,2025-04-19,GDELT Red Sea Download,sanctions,RED_SEA,GDELT Event 173 between USA and EGY in EG,
a24b543f9538ddaa,793ebf72e3ca4fdb80ffc644bf76844f16b38eb91feb97c6d18acb1548c1508d,2025-04-19,GDELT Red Sea Download,sanctions,RED_SEA,GDELT Event 173 between USA and EGY in EG,
ca038e28334bd04a,03354612541fa893b357fe7e0c4a9660dec74dfa5b47fddd8c1e7f1b84283117,2025-04-19,GDELT Red Sea Download,sanctions,RED_SEA,GDELT Event 173 between USA and EGY in EG,
f58fc7fe948a4fc5,96adf5ec3ae34c6ffa07ff59f30621fd715500134c5f1d02a995d73574e6280a,2025-04-20,GDELT Red Sea Download,armed conflict,RED_SEA,GDELT Event 194 between IRN and nan in YM,
967dada2291695f6,f99c6e3e42723a0b8b1b3ddc0c875f7e2aaac93cc489136a9bc59dd34daf87ed,2025-04-21,GDELT Red Sea Download,sanctions,RED_SEA,GDELT Event 172 between USA and nan in EG,
9e9538504a374e76,cb1a10410f0a849c37eb7531ce8bad895dfd15dae277779658f8eea253296c64,2025-04-22,GDELT Red Sea Download,armed conflict,RED_SEA,GDELT Event 190 between AFR and SOM in SO,
16267f28a3a95e2c,9320a3e025c3e96fb8d36cfce7272e777b265c78a8fa81baff58cfaf9b0d4d2b,2025-04-22,GDELT Red Sea Download,sanctions,RED_SEA,GDELT Event 172 between nan and EGY in EG,
0af8916412ff9440,20d9837f995d66fe98ac9036f567ea3c0166c65e32e329c0256cca916523fa2c,2025-04-22,GDELT Red Sea Download,armed conflict,RED_SEA,GDELT Event 190 between USA and nan in SO,
91dc6e8079e682d4,d128429c5a8bbbd8bfceb21f247801ec8f812261ea3fc903857500ddc38b64a8,2025-04-22,GDELT Red Sea Download,armed conflict,RED_SEA,GDELT Event 192 between USA and nan in YM,
c1800decc82a6a35,8d11db260a3e3d19cf77d63f89aa1ca87566b8892ef9f589f777ae83846a0edc,2025-04-22,GDELT Red Sea Download,armed conflict,RED_SEA,GDELT Event 192 between YEM and nan in RS,
37f70b3a88066171,29e8c15a4f87abb43e54f1ab8a2227f7bf673d232dd38fad84e4f163066df26b,2025-04-22,GDELT Red Sea Download,armed conflict,RED_SEA,GDELT Event 192 between YEM and nan in YM,
f5b7f60807bcf67f,21770b686ffa3a1060eb333e92a226b80f0078a71adb06afe75808b78c8f2d09,2025-04-22,GDELT Red Sea Download,military escalation,RED_SEA,GDELT Event 130 between YEM and nan in SO,
f6f74b90e93fbbf5,6de0d542f97ede78c9ffbb97022df6e62095b358346d365732e1318b249db42b,2025-04-22,GDELT Red Sea Download,military escalation,RED_SEA,GDELT Event 130 between YEM and nan in YM,
f1be088987398728,48183974ffca5cc278ec4039ccb0b5fc11258d55b3827ad438452b303d345ac9,2025-04-23,GDELT Red Sea Download,armed conflict,RED_SEA,GDELT Event 195 between nan and YEM in YM,
150fe3c72a18abc6,a19d2edf4f91275de549458431d1a1138bfb1105b87ef3c1accc8f5022a001b2,2025-04-23,GDELT Red Sea Download,armed conflict,RED_SEA,GDELT Event 195 between nan and YEM in IS,
b4fadeabf0d59c2d,7dbd408466b57e97b7ae0a28180a79d0d692a92559940ce648d5530cc7f20bf0,2025-04-23,GDELT Red Sea Download,armed conflict,RED_SEA,GDELT Event 190 between nan and DJI in DJ,
7dcac844a725e19e,dd752e3e74141de28101e96c9f3aa86384e558d6b98d3f6214dcd64cceaaa043,2025-04-23,GDELT Red Sea Download,armed conflict,RED_SEA,GDELT Event 195 between ISR and YEM in YM,
c96a775b0203ce34,8d3218bc6001f534279acdc404e0dbca5f25a622cc1316a3e8fe0284969ce278,2025-04-23,GDELT Red Sea Download,armed conflict,RED_SEA,GDELT Event 195 between ISR and YEM in IS,
888fe0093615cef7,4408e18bc543aa2c10326c70dd066cf14984275c7de3213ac58f4d3d0fece313,2025-04-23,GDELT Red Sea Download,armed conflict,RED_SEA,GDELT Event 190 between YEM and nan in YM,
d992bc6001f991bb,7eb7d257a1b787c7baa346612360e67ae8bdb1c088b586ddeedfa438275b77d0,2025-04-24,GDELT Red Sea Download,armed conflict,RED_SEA,GDELT Event 180 between ISR and YEM in YM,
f7e0bee0ffae7a78,22b9350d4e407b91a495720ecda611aa775bac3a3f16b0980ffc5d85698e8210,2025-04-24,GDELT Red Sea Download,armed conflict,RED_SEA,GDELT Event 180 between ISR and YEM in YM,
4d7273eba5ca6825,abff6ce7c3fa654bc9b2231cb47bbc3e07d396471289bb7654c5e8bc25179ef7,2025-04-24,GDELT Red Sea Download,armed conflict,RED_SEA,GDELT Event 180 between ISR and YEM in US,
ee44e19ce84a6a30,d9230e63dbbc2ecf32196f9fd1843795560fe85f83abaa75c694c4a634cca099,2025-04-24,GDELT Red Sea Download,armed conflict,RED_SEA,GDELT Event 190 between ISR and YEM in YM,
6d3fd58def0a94dd,be77a6cf58400c88dcc95f9eb2a0ab77d4d4004f5d0cf2b096bbf0a2497811f8,2025-04-24,GDELT Red Sea Download,armed conflict,RED_SEA,GDELT Event 190 between ISR and YEM in YM,
7fdcd5a5758a2b8f,536cb92ce499fb8dca46909eb9a576f3c833a31d318aa57222543f8cc0a876d6,2025-04-24,GDELT Red Sea Download,armed conflict,RED_SEA,GDELT Event 190 between ISR and YEM in US,
c0450bd49af3c091,2c1e23ea2646a8fd0646ab86d25ac866344906ab0cbae86814d08908a0308cbf,2025-04-24,GDELT Red Sea Download,military escalation,RED_SEA,GDELT Event 130 between USA and nan in YM,
ef2d271b4b062324,d56c2caf5421dc18f0b8b3139e6cb18c7b7c87860819f440c3e4380675c12f67,2025-04-24,GDELT Red Sea Download,military escalation,RED_SEA,GDELT Event 130 between USA and nan in YM,
c175bd07fb6dd4bf,d81326880d5320314b12fd80054757ac141f728a479ddf47af6ee82f9d66c50f,2025-04-24,GDELT Red Sea Download,armed conflict,RED_SEA,GDELT Event 190 between YEM and nan in YM,
62ad7fa96066727b,8a569c0970a9940ff76d7cd617e8500d1e02d2fc4fb8b3595e902df874307598,2025-04-24,GDELT Red Sea Download,armed conflict,RED_SEA,GDELT Event 190 between YEM and nan in YM,
17efab942d6f064d,59d0aa2ba88d6b8b7cde512119dbccfd9e90bfe53113c8ded648ad958af885ca,2025-04-24,GDELT Red Sea Download,military escalation,RED_SEA,GDELT Event 130 between YEM and NOR in YM,
d84e4e65e3bd0ffa,a10ed48f878d0542b5e04c01491c1797bbb64cd58e41b2b1383c5998a04f5e0a,2025-04-27,GDELT Red Sea Download,armed conflict,RED_SEA,GDELT Event 190 between nan and YEM in SA,
a2bdabd1c686075b,c1277b9b22e223585a4758b35639a151a83eb6a10487e6b14e779a5ddaab8de3,2025-04-27,GDELT Red Sea Download,armed conflict,RED_SEA,GDELT Event 190 between nan and YEM in SA,
765c9e9011caee22,8a4d8f574dee0d2190a1e7f4aa28bf40d6da3afb823823dc66286530d285bcd0,2025-04-27,GDELT Red Sea Download,armed conflict,RED_SEA,GDELT Event 190 between nan and nan in YM,
42959f805914f46b,3e08d0f5abca91c80d5f47ff6304bcfaa5c81b9c3ddc044d59fae12852dd4c1d,2025-04-27,GDELT Red Sea Download,military escalation,RED_SEA,GDELT Event 130 between nan and ISR in YM,
b16029c91a0dc674,13f64ecd7d1507f37b7ff2ab25936ee8bd9353300aa7ee8bbe550f5021ff4d9d,2025-04-27,GDELT Red Sea Download,armed conflict,RED_SEA,GDELT Event 190 between ISR and EGY in EG,
c8ab877b10778f65,c0eb0a02bededa5d6bac2785171bd868fc72898c7524b7383de089f068f4da33,2025-04-27,GDELT Red Sea Download,armed conflict,RED_SEA,GDELT Event 190 between ISR and YEM in IS,
979a293eea6b6fae,992061280f37e2749257faae7d8b3243913eacc20f4242b475bcfe75ab572ac7,2025-04-27,GDELT Red Sea Download,armed conflict,RED_SEA,GDELT Event 182 between USA and nan in YM,
a95c41ad66387f07,ea2753d56cdd56a5f1b96595f7a50ccb40e6a2bd595e3882f097acd24d72dcb7,2025-04-27,GDELT Red Sea Download,armed conflict,RED_SEA,GDELT Event 190 between USA and nan in YM,
69debb3c3cd995a7,a621c5abe3ea978e53db683986372834d9a05bb46b685df960122a094bca5312,2025-04-27,GDELT Red Sea Download,armed conflict,RED_SEA,GDELT Event 190 between USA and nan in YM,
e93129e8efcc8694,e2d7e1ccc2a52df14cbf60c9090a11cf35842744392a2ab1fa4269f43713383a,2025-04-27,GDELT Red Sea Download,armed conflict,RED_SEA,GDELT Event 190 between YEM and nan in IS,
0e8afb423f2d7d2e,e52f9e78d978f34433d9707eb52bb3910f9e2eb1d8256951cb5c469408469565,2025-04-27,GDELT Red Sea Download,armed conflict,RED_SEA,GDELT Event 195 between YEM and nan in IS,
16473e5792233b40,a8dc020f0b8d5eb73e190e1303e3995370f21a41308cddd0c021db9f72b98767,2025-04-27,GDELT Red Sea Download,armed conflict,RED_SEA,GDELT Event 195 between YEM and nan in US,
6ef1fc63df2c57b1,c3917438649249fba2e38c6d8b190c07de97264709890779cc25c3d203ecdb09,2025-04-27,GDELT Red Sea Download,armed conflict,RED_SEA,GDELT Event 190 between YEM and nan in IS,
19762f179580f85a,da474b0f9b59d3385be20bc1dcaead2a10fd72888060a5ee959723999eed924e,2025-04-28,GDELT Red Sea Download,military escalation,RED_SEA,GDELT Event 130 between ISR and USA in EG,
4d96a72bfee97c09,10a76914e8719589a8c9a6e7414ecacfa43a107feb0884cbbd073bc248ab8638,2025-04-28,GDELT Red Sea Download,armed conflict,RED_SEA,GDELT Event 194 between nan and nan in YM,
9f15f46f07a67701,6eaa3d4c10e3b790ff7d745128f6e8d605488e29dd46cda2521232f97e48c9b8,2025-04-28,GDELT Red Sea Download,armed conflict,RED_SEA,GDELT Event 194 between nan and DJI in DJ,
ff0df69fcc6002e2,08cdea0da53a287c688ae44b5a9d24f49013c28360668b8d22aa6f0ec5e329f2,2025-04-28,GDELT Red Sea Download,armed conflict,RED_SEA,GDELT Event 194 between USA and DJI in DJ,
cefd863d04418af6,7233d5277dcbfe2692bee2179fe77e781ea32b4951dd0263ab17ad719e5e75c9,2025-04-29,GDELT Red Sea Download,armed conflict,RED_SEA,GDELT Event 182 between nan and LBN in YM,
9eef5fc4739e90ff,d8fbad6d903ca9f27829fede66536746c7cff9dbeda5ce62d5a8bcf32f5ad925,2025-04-30,GDELT Red Sea Download,sanctions,RED_SEA,GDELT Event 172 between EGY and nan in EG,
8b5f1454905814d9,df99bbcd137ad7980d83b82033c0284170172ea6c51a9467e8b2ef0a503ba1da,2025-05-03,GDELT Red Sea Download,armed conflict,RED_SEA,GDELT Event 190 between IRN and nan in YM,
408c7db7716249d3,d999153fca8450eb6e3a39859c3d5d35f11c86d2ee85e31b61539c81cd5fd7a1,2025-05-03,GDELT Red Sea Download,armed conflict,RED_SEA,GDELT Event 190 between IRN and nan in YM,
f93abed09604f63d,5fb605cd000eade6e0289149a4c94b477508db52c8a1feee4a2ec9c408a2d890,2025-05-03,GDELT Red Sea Download,military escalation,RED_SEA,GDELT Event 130 between USA and YEM in TU,
101234baffb9aa74,fef2d7651f6907a5bd786155a7d1bd2d57a4cc572087c5ff08ad9036337c4bf1,2025-05-04,GDELT Red Sea Download,military escalation,RED_SEA,GDELT Event 130 between nan and YEM in TU,
36a6a65ee9a81ec4,ad3b2ff6d26ab372946bd749aef1d199505969bea25a603ab391d79515d2ece2,2025-05-04,GDELT Red Sea Download,armed conflict,RED_SEA,GDELT Event 190 between nan and YEM in YM,
e2116d1ff12c7345,9a0e1976b0834fb374d5722173d9d1d90e6660f5a84735202e59d5fc5dbe6791,2025-05-04,GDELT Red Sea Download,armed conflict,RED_SEA,GDELT Event 190 between nan and YEM in YM,
7b9b940ed9dfaf09,a3931052503f749b66cf597f2ffceab7734c687d72cfc629346b15e9dbf525fe,2025-05-04,GDELT Red Sea Download,military escalation,RED_SEA,GDELT Event 138 between ISR and YEM in IS,
0d04e25b468c5a50,0d9afbe1aca7ae4a8de86b4aa59419c5485b5241f6b4c937722470b63e63687e,2025-05-04,GDELT Red Sea Download,armed conflict,RED_SEA,GDELT Event 194 between ISR and ISR in YM,
419a8439cba555d9,4bc38151b655ec2563af4b6f254020161949fdd132baee03c03d30b822be2a59,2025-05-04,GDELT Red Sea Download,armed conflict,RED_SEA,GDELT Event 195 between ISR and ISR in YM,
e885e34dcdc40ca9,d0ea6ccc42ea7e5aadd819c9709e4c28b8073a70a4fbce4955e92d1311a9979d,2025-05-04,GDELT Red Sea Download,armed conflict,RED_SEA,GDELT Event 194 between TUR and ISR in YM,
efa6c3ba1597c7e3,1f1a6b6fc420b4c8c4b940611b1c7f0ce5e9494b06797e1de0d2c399db608b73,2025-05-04,GDELT Red Sea Download,armed conflict,RED_SEA,GDELT Event 195 between TUR and ISR in YM,
054c72b14a40b491,8df01fd723797f99d5fe00040f085acf47fd360cc541471be462fc3bba30cee7,2025-05-05,GDELT Red Sea Download,armed conflict,RED_SEA,GDELT Event 190 between ISR and YEM in YM,
6d69f2a49a905e2b,39cedf3237f23b067e39f4560d760689debefa2c5410e9487a7975b0de44a850,2025-05-05,GDELT Red Sea Download,armed conflict,RED_SEA,GDELT Event 190 between nan and nan in SO,
3e33044be75403bd,0433a0459b3ee6a8dc6c3e965c8d342a5c7a9c027ddf8a0bee9187a154947a7e,2025-05-06,GDELT Red Sea Download,armed conflict,RED_SEA,GDELT Event 180 between ISR and DJI in DJ,
a177e6e8c7e16630,e28f8f8f52357d67ef98b8808db00f3a94e2df5a560fc109ea12238fc9f2315f,2025-05-06,GDELT Red Sea Download,armed conflict,RED_SEA,GDELT Event 195 between YEM and nan in DJ,
f9ac77c755faebfd,bccb2462ed22c9e46eb87fc0f526098aca7c9fd79de2028b9f44658ef18f9fd6,2025-05-06,GDELT Red Sea Download,armed conflict,RED_SEA,GDELT Event 195 between YEM and nan in YM,
6980fd154dbbaef0,37315a72affb8768a85b640eaf6af44c5b061b24a0e2565bea3c86dae5ab6fbf,2025-05-06,GDELT Red Sea Download,armed conflict,RED_SEA,GDELT Event 190 between YEM and nan in YM,
9e3dba717e98cf47,03abead3e3e68ee109e0394a66cd1cd3730d4a6622502acddac1f404e48dd35c,2025-05-06,GDELT Red Sea Download,armed conflict,RED_SEA,GDELT Event 190 between YEM and nan in YM,
c9f06f8ff28743fd,67189dbbd1d658225fca6f4b98581e042afb12c7df43e1e2d50d6109e23bd740,2025-05-07,GDELT Red Sea Download,sanctions,RED_SEA,GDELT Event 173 between nan and USA in EG,
5255d637356c865e,b0dee91ee056805a4aa416e6e4f9e37b6ec860c8588efa7ef22120ff61a2049b,2025-05-07,GDELT Red Sea Download,armed conflict,RED_SEA,GDELT Event 190 between nan and ISR in EG,
aadcdf021c1c102a,ce77bef744362c997fdc3f9f028ba4f92d8f5fa91705f03d1b1c5e4c15326463,2025-05-09,GDELT Red Sea Download,military escalation,RED_SEA,GDELT Event 130 between nan and nan in EG,
02f74a88217922fd,e8fd68f226d6cc53696af51530e4f62a08327483824c54f478f621865e60cce0,2025-05-10,GDELT Red Sea Download,armed conflict,RED_SEA,GDELT Event 190 between SAU and SDN in EG,
b667ec4752c99845,eb2cc9e47a0b3f685d23cd6d81be47a85f331ae6a1b71fb43b45550bddae4ef3,2025-05-10,GDELT Red Sea Download,armed conflict,RED_SEA,GDELT Event 190 between SDN and SAU in EG,
74f2122fe05ab456,4430117eae0e294ff097ddeb78a927e881736e9a694146619730b226ca882cf0,2025-05-12,GDELT Red Sea Download,armed conflict,RED_SEA,GDELT Event 183 between nan and YEM in YM,
9ff3778bf9c824ba,f33b4d3ac76f628759937a6b9c20753436214e5c9b5953645ffba8601044d458,2025-05-13,GDELT Red Sea Download,armed conflict,RED_SEA,GDELT Event 190 between ISR and ISR in YM,
584995df38b5c4e2,2ff060843053458500c9b908c4fba29650cc073e0dca3fee9d417e58834a687d,2025-05-13,GDELT Red Sea Download,armed conflict,RED_SEA,GDELT Event 181 between PSE and ISR in YM,
fceb355656499a83,2a5a892bdea0aed15a69fcbc9b05ff248f26f7ac71f5ea16749a2c03f37989c7,2025-05-19,GDELT Red Sea Download,armed conflict,RED_SEA,GDELT Event 190 between nan and nan in SO,
896891585197db7d,6c32a75ac2742758c55e4b13523638548b98d026be2f7f468c5563593f725603,2025-05-20,GDELT Red Sea Download,armed conflict,RED_SEA,GDELT Event 190 between nan and nan in EG,
c45150ae31090090,9dd65af88a3ce19bbe04d796e3044cd28d2c3be2742a729fb2b82c9e1127ecd5,2025-05-20,GDELT Red Sea Download,armed conflict,RED_SEA,GDELT Event 190 between EGY and nan in EG,
2704f7bbd1643598,d7d8681ac770d4ca0a7da55ac5cd4f692079137bebe0a3e28821e7129f495c87,2025-05-23,GDELT Red Sea Download,military escalation,RED_SEA,GDELT Event 130 between PSE and nan in YM,
da0c7acfe5e5d67c,9e3c22d3690a6c141303fdc651440d8b2f1fe9cef80f2a310a6d6bb70ae2eda5,2025-05-23,GDELT Red Sea Download,armed conflict,RED_SEA,GDELT Event 190 between nan and RUS in YM,
6bda2245e750b090,7fef384a7572fc721a60dd35e0e25044b0c8c5c0e29794d64c6724e85c43d809,2025-05-27,GDELT Red Sea Download,armed conflict,RED_SEA,GDELT Event 190 between USA and EGY in EG,
bfc9c920ad1f1c0c,67efce03f4fa19b4dea711f382fef6575fbbe5afc6daff4f695949cf5dcbb8ec,2025-05-27,GDELT Red Sea Download,armed conflict,RED_SEA,GDELT Event 193 between USA and EGY in EG,
d99399c024e24b48,fd9a17d2ef49573fb7c53d18686060ffbbd89899f9e805ffe7673ec2311dcdaa,2025-05-27,GDELT Red Sea Download,armed conflict,RED_SEA,GDELT Event 193 between USA and EGY in EG,
b1eabae80ed21752,8ce0cc08a6e04dd99cbdce3e7c3d3d69bea5fdaf75d125195b0a0d191d82af5c,2025-05-29,GDELT Red Sea Download,sanctions,RED_SEA,GDELT Event 173 between nan and AFR in DJ,
6b270a072bbd7c4f,1655b84a11ee4e55b47b09b4ed9e64234c788ef15e833f2341dea016beeb58b9,2025-06-02,GDELT Red Sea Download,armed conflict,RED_SEA,GDELT Event 1822 between nan and nan in EG,
28c3210c20582cc0,fa11e45e30251f6999de2421e57555aab0a51ca00fce44655241ca50b49afdbc,2025-06-02,GDELT Red Sea Download,sanctions,RED_SEA,GDELT Event 173 between nan and nan in EG,
c3153683be37f2fe,6e2ad9c99a8ceabb340ea84396d452e170834da4946a61a882e3225966704406,2025-06-02,GDELT Red Sea Download,armed conflict,RED_SEA,GDELT Event 194 between ISR and DEU in YM,
f04a6029b982275e,c3637fc1ec463fd12e5682c9ffd84f48cb918068593fe2c812be1af4cbe92aff,2025-06-02,GDELT Red Sea Download,armed conflict,RED_SEA,GDELT Event 190 between PAK and YEM in PK,
a45e255e38254d2d,b3b557d10ac8e36fb56e8e24874f7f4ea7b0a7e24fe22a691e0ef6bfe6a5533a,2025-06-01,GDELT Red Sea Download,armed conflict,RED_SEA,GDELT Event 1822 between AFR and nan in SO,
3e063053352de551,577ed6f6f5366eb921673305ae1fa517dbc4342185884c3dd0217f507845ac24,2025-06-04,GDELT Red Sea Download,military escalation,RED_SEA,GDELT Event 133 between EGY and nan in EG,
8122262ba3a47ae3,67cb4bc3eaf498f6da2bc661ca72e6745b10a83efdd3b7b195773e2067b99567,2025-06-03,GDELT Red Sea Download,armed conflict,RED_SEA,GDELT Event 190 between USA and nan in EG,
b4e3a267759be86a,9f4fd9b1f80540926c66e1be4741ede8172049c102a527c6ce2b7ea523a89bf4,2025-06-03,GDELT Red Sea Download,military escalation,RED_SEA,GDELT Event 130 between YEM and ISR in IS,
117cd90513f5840e,ff84861f3d09dd6300b904caeb29074a9a14cf3c5d3ca06a83616e1639d476f9,2025-06-05,GDELT Red Sea Download,armed conflict,RED_SEA,GDELT Event 194 between YEM and ISR in IS,
064edb03cdf129dc,3341245db77fe4e088ef852ce7a64d9a21a77f536abfecce229dcbd5fbaaa31d,2025-06-05,GDELT Red Sea Download,sanctions,RED_SEA,GDELT Event 172 between YEM and USA in US,
7c40f957eec0371f,cda3249126097eb2772afc45e7af0d89a261cc88f99c9e1838999593bde420f9,2025-06-05,GDELT Red Sea Download,sanctions,RED_SEA,GDELT Event 172 between YEM and USA in US,
561e302f08da5d0e,f2f5677ed353a5af2ff217b5b28b60141d11a6c9bc0c63d4eab7d956d7d49388,2025-06-06,GDELT Red Sea Download,sanctions,RED_SEA,GDELT Event 173 between nan and nan in EG,
3eca761f0d4781bd,b0433cbb5680ab0451d712e26ecb821691d54144019f77bc59203e9ca4f07b7c,2025-06-07,GDELT Red Sea Download,military escalation,RED_SEA,GDELT Event 130 between nan and nan in DJ,
a10dde28b2f9dd64,fcfa656427414fd55f306965acabfb309d33aa6b494d7d735105d31a7c61a5f6,2025-06-09,GDELT Red Sea Download,armed conflict,RED_SEA,GDELT Event 186 between EGY and USA in EG,
eb31498891390070,570b0327e3a9c973e2389d42bb8a123a4b189c75950b9ce23ef9dfb4cdf2d3c8,2025-06-10,GDELT Red Sea Download,military escalation,RED_SEA,GDELT Event 130 between PSE and nan in EG,
a20230bebdb2ddaf,87573761b793e4de358d0da0a4a593303ecc73b24064e8de7d247a03cddc0ccf,2025-06-10,GDELT Red Sea Download,military escalation,RED_SEA,GDELT Event 130 between PSE and nan in EG,
d10814e0b658db33,baf281a141a89f2569023b21e421b6e8e44109ff011aae214eebec5281968db6,2025-06-10,GDELT Red Sea Download,military escalation,RED_SEA,GDELT Event 130 between PSE and nan in EG,
43e9fd2a3ff39963,2679afe6cb3ed3b3aa5b710d29cc486307636c2f90a89260e3628650e99b6b29,2025-05-12,GDELT Red Sea Download,armed conflict,RED_SEA,GDELT Event 190 between nan and nan in DJ,
9df8ca3e9aacb7a1,868e1838cd93392569c437104d889151ee56941d5cf192930a4fe16a89243989,2025-06-11,GDELT Red Sea Download,sanctions,RED_SEA,GDELT Event 173 between nan and nan in EG,
1975bd56e1f16a8d,caf162b0ad1bb2e6061782d24b147e54091f9062287d7040bb68aca2c7efbf0f,2025-06-11,GDELT Red Sea Download,sanctions,RED_SEA,GDELT Event 173 between EGY and nan in EG,
90d928e88d269c32,daf6fc7038f8ec21c2c78bfcc40c2cf938ecba53d55b4ae045bf1ba8ac421e24,2025-06-11,GDELT Red Sea Download,sanctions,RED_SEA,GDELT Event 173 between EGY and THA in EG,
d6b8f47b9f812a99,1db2a975d554bd372af0249a7721f0363a948a56b7d87c6e628572e73bf18738,2025-06-11,GDELT Red Sea Download,armed conflict,RED_SEA,GDELT Event 190 between UKR and YEM in YM,
6800666b276ecf4e,26e1b2bb19350113b235d0c31914f1b0407e10007acee776cd6f78832fe2e25a,2025-06-11,GDELT Red Sea Download,armed conflict,RED_SEA,GDELT Event 190 between UKR and YEM in YM,
62d7b3c591637830,ecbd329d2e835916ebbe3e574acf41bab6f2699cd980c4bc4239238236d8d318,2025-06-11,GDELT Red Sea Download,armed conflict,RED_SEA,GDELT Event 190 between YEM and UKR in YM,
bd5f304855be894c,637b9272f807ea09bae785ece4626a144c04ed7f18b495439d85773ffeb6ab8a,2025-06-11,GDELT Red Sea Download,armed conflict,RED_SEA,GDELT Event 190 between YEM and UKR in YM,
cdfb2a8239d95e9f,725162338db5400703a1cf985911d7ef3aca20f0998cf5168b0fb0db690ca6a1,2025-06-11,GDELT Red Sea Download,armed conflict,RED_SEA,GDELT Event 190 between YEM and YEM in YM,
38d6045aa5e34baa,0c3672f5ced30c5d693216299d5b37a886d6392c3d918ebeca9fed51e9123a23,2025-06-11,GDELT Red Sea Download,armed conflict,RED_SEA,GDELT Event 190 between YEM and YEM in YM,
81615f23b9096d83,9da8e06cde0541ec7cfe46d0ee95edb4b30bcb05322f13fa52e49f2d67e27efa,2025-06-11,GDELT Red Sea Download,armed conflict,RED_SEA,GDELT Event 190 between YEM and YEM in YM,
6010eca14d2e35c7,bbc0bfce7b9415f241fcff062745d6216388c1d09349c1cb201f9d569971251d,2025-06-11,GDELT Red Sea Download,armed conflict,RED_SEA,GDELT Event 190 between YEM and YEM in YM,
a86408dd796225ff,a5903cf63c7366563c401857da807143729cc8476249b791c758e2070288438e,2025-06-12,GDELT Red Sea Download,armed conflict,RED_SEA,GDELT Event 192 between nan and nan in EG,
d828509499e4fbfd,9ada488bf09ac08a2b4d60ad5c0c96a54f4262d7d4bd900fe807cefbcaa4b9de,2025-06-12,GDELT Red Sea Download,armed conflict,RED_SEA,GDELT Event 192 between nan and nan in EG,
6d43a24e2ff7a9e3,9ed9079f2a64c0ee222d2d008ab6ff67b117f8f6257b0ef8bdf05659788bef32,2025-06-13,GDELT Red Sea Download,armed conflict,RED_SEA,GDELT Event 193 between nan and nan in SO,
9ebb810ed5cc142a,68f24c15fa410ea6bfa8e04fe929c6806e66b827d47ef203d89a7b6dfa561dff,2025-07-03,GDELT Red Sea Download,sanctions,RED_SEA,GDELT Event 173 between nan and EGY in EG,
47ff820c6a1457a1,b58c0f1e3e273707b324a50cc921442a531ee17338435a8d0490354a7ba83957,2025-07-03,GDELT Red Sea Download,sanctions,RED_SEA,GDELT Event 173 between DJI and nan in DJ,
06d52d9b6e934bf1,e6c63044f7619a27a164c8882dc32d1dd2879e3784b41a32c4cc50cb1b711254,2025-07-03,GDELT Red Sea Download,armed conflict,RED_SEA,GDELT Event 180 between RUS and nan in EG,
8fc138fc1d86c29a,13f98ae5d646759399cbcf174d989ad23633c89ae79975fecd249b8c632447d6,2025-07-03,GDELT Red Sea Download,armed conflict,RED_SEA,GDELT Event 180 between USA and nan in EG,
fa04b29354745eb1,71bf29b554bd516bced881be7952894e07d250aaab60e570ab13b3eaeab058eb,2025-07-06,GDELT Red Sea Download,military escalation,RED_SEA,GDELT Event 130 between nan and SOM in SO,
e4ba11ba7247453f,b181f8ee25367c19deaf28069526a99bedd5e2ed88948d4687f6cd4c8d547876,2025-07-06,GDELT Red Sea Download,armed conflict,RED_SEA,GDELT Event 190 between nan and SOM in SO,
5361c490d5ca0eec,2a83d2e4a390edb28f80975406cce63ba91d7eafcb54dcfd96f365351154bd7f,2025-07-06,GDELT Red Sea Download,armed conflict,RED_SEA,GDELT Event 195 between IRN and YEM in YM,
5fcf97967d660436,a3666818a39837ced2e78c61c920a8cfbc4eb5130f53572b32c50637be69a87a,2025-07-06,GDELT Red Sea Download,armed conflict,RED_SEA,GDELT Event 195 between IRN and YEM in IS,
0b31696d0977e51a,bdc57dc67ccab11e65858f5336709a43a5feda97b1a5c5cdd856e612871e1a78,2025-07-06,GDELT Red Sea Download,armed conflict,RED_SEA,GDELT Event 195 between IRN and YEM in IS,
31037f3ba7fbb398,262aedd3b31445994d42313ecd9fb9d7c448c7a7cf58ce92bfcbe52b7742f0e1,2025-07-06,GDELT Red Sea Download,military escalation,RED_SEA,GDELT Event 130 between nan and nan in SO,
69f0bb876353be4f,a1983701252e810cc1266e46935c5fe8f178ae00cd51ec58ce5ab6fca537bead,2025-07-06,GDELT Red Sea Download,armed conflict,RED_SEA,GDELT Event 190 between SOM and nan in SO,
ed5972508add5f42,9ecc645bfe634dfd7acb9eab241e4a8845c83b38b5adcdda0ec67c8904b392fa,2025-07-06,GDELT Red Sea Download,armed conflict,RED_SEA,GDELT Event 190 between YEM and ISR in YM,
2ea6998a728d1381,401f2531db22c55b729c97a9e298dbeae64282ccafd964714b084a9c74c83111,2025-07-06,GDELT Red Sea Download,armed conflict,RED_SEA,GDELT Event 190 between YEM and ISR in IS,
3e352feaf2591a6d,930865cf321e9aa8f46d8ac0765fff41fc17759addab1a3a74bf123ce7fe7e56,2025-07-06,GDELT Red Sea Download,armed conflict,RED_SEA,GDELT Event 190 between YEM and YEM in IS,
4b00ad940998191a,14a40a70b9971bff6b0e39ce075a2f05ce16532f5aa9851b4df62e310e3d2d3f,2025-07-07,GDELT Red Sea Download,military escalation,RED_SEA,GDELT Event 130 between IRN and YEM in IS,
7baad62280d9431c,c47c9f8c06dd65ce36519e49ea5d1d2a3e065fa98df78c500b7a700c42dab55d,2025-07-07,GDELT Red Sea Download,military escalation,RED_SEA,GDELT Event 130 between IRN and YEM in YM,
ac3e0f7f6fce862b,ec1eb1c9807198a37d036932eab5f5629576af1d0e34c5585ec8f5ed51f8dc9b,2025-07-07,GDELT Red Sea Download,military escalation,RED_SEA,GDELT Event 130 between IRN and YEM in IS,
fbb50d7647b75a6f,2adbc8253b23418bfb54818bd09e065c5f9127f870f01be5a908a95af2ba767d,2025-07-07,GDELT Red Sea Download,armed conflict,RED_SEA,GDELT Event 190 between ISR and YEM in YM,
e3f7f31850352653,b3a6d8b313fe8aa261b770079db2a272eca41e7d38b9b431a6e6606487c73b11,2025-07-07,GDELT Red Sea Download,armed conflict,RED_SEA,GDELT Event 190 between ISR and YEM in IS,
3a78cffa7b7b8516,520e3f78eb212f11065f108dd81a5c03973bc3783969d919f7d9b10e75ad3e6f,2025-07-07,GDELT Red Sea Download,armed conflict,RED_SEA,GDELT Event 194 between YEM and nan in YM,
03553713a1e14977,2cc4635e60d4edb1e4634b0336d52759c0b37c83065adf2d30cb32f6483edeb2,2025-07-07,GDELT Red Sea Download,armed conflict,RED_SEA,GDELT Event 194 between YEM and nan in IS,
ca86749b74c23e47,b69ab8a7026d16a419c3c45b404294048ae74d3293ff025e36a4b6110d333afd,2025-07-07,GDELT Red Sea Download,armed conflict,RED_SEA,GDELT Event 190 between YEM and ISR in IS,
153b100eb2d62336,fc4691063040aa5e8d9ff647f575d96a927700e69d61d508addb94ef527be387,2025-07-07,GDELT Red Sea Download,armed conflict,RED_SEA,GDELT Event 190 between YEM and ISR in IS,
b59af918a019368f,01c165b52ca9f65bd6738b8ab2ed3545c4b3f6ad2a9caa66c55707035c1ee5ae,2025-07-08,GDELT Red Sea Download,armed conflict,RED_SEA,GDELT Event 190 between SOM and nan in SO,
fb5b65f9a9d26656,e2532023b246a16831ea8d7b1bf00fa8a2630b349be2671623a2e5121dd1d959,2025-07-08,GDELT Red Sea Download,armed conflict,RED_SEA,GDELT Event 195 between YEM and IRN in IR,
37b3f982332a77f1,674f5b70c347d099ba1398f970b30fb6808bc47312e99db4db8ab5b841f1a880,2025-07-09,GDELT Red Sea Download,sanctions,RED_SEA,GDELT Event 173 between nan and USA in EG,
3b578a6f8ff8f815,df2b637e55e169ba10cbb282bfd83cf4607d28d5a97bbc09a9be9a2da6bca20f,2025-07-09,GDELT Red Sea Download,sanctions,RED_SEA,GDELT Event 173 between USA and nan in EG,
4f1ee6d02741746f,bc8baa602c4587b3616d38cefda97ad36e2a723abd2bf9c43f3536c2ce7cb4b1,2025-07-14,GDELT Red Sea Download,sanctions,RED_SEA,GDELT Event 173 between UGA and nan in SO,
bb648682123730da,b34f2c022430f5ec9fd23310fa84a5418b240febfc0aaaa0e6a2f89ed30bfeea,2025-07-14,GDELT Red Sea Download,sanctions,RED_SEA,GDELT Event 173 between UGA and nan in SO,
941477a5e82890ee,89e0824b2e28b6fef97086583738a058be6c1620879e7c704cf5c4eaaf9caa09,2025-07-15,GDELT Red Sea Download,military escalation,RED_SEA,GDELT Event 130 between nan and nan in YM,
71013e2f67c3ae33,e38fcc34abc80930b18defe21ca1f59bb34150c0752eb983bd3bb78552c3f7d0,2025-07-15,GDELT Red Sea Download,armed conflict,RED_SEA,GDELT Event 190 between nan and YEM in YM,
ab4b512709bc30b5,05f5ca3d7ae2ff2968e307176dcd15b5a41e915576e3b7402ce4149035ee6238,2025-07-15,GDELT Red Sea Download,armed conflict,RED_SEA,GDELT Event 190 between nan and nan in SO,
a4b8d2c1d9eb6f9e,7b2e073f8a971d34475d50a9832fd752bd1b39bbb3d12ecab05a32ad286be25b,2025-07-15,GDELT Red Sea Download,armed conflict,RED_SEA,GDELT Event 193 between YEM and nan in YM,
b444e050e440ff45,b16850ddac01bbd006a41e35fca3b842ef824ce31da63d75b548c93f6c133221,2025-07-15,GDELT Red Sea Download,armed conflict,RED_SEA,GDELT Event 180 between YEM and nan in YM,
3224252616c775b8,4ae5114c2bbe18622efb8cb5e1f02107c5b41d29382adec380fd238258cbd63f,2025-07-15,GDELT Red Sea Download,armed conflict,RED_SEA,GDELT Event 180 between YEM and nan in YM,
b5ff241bfb465b29,7e1c64716a0a7dbd149162d9fc706dfb782b080fb73e338dd5702647183a8dfa,2025-07-19,GDELT Red Sea Download,sanctions,RED_SEA,GDELT Event 173 between nan and YEM in YM,
153ff91ba3a5578e,961bd6cf92792ed6ece1ca7655c2cc8aad78a2360a8f45913b0607f116ce2d68,2025-07-19,GDELT Red Sea Download,armed conflict,RED_SEA,GDELT Event 190 between nan and nan in YM,
57109d2f209d7c5f,c515699af2bc3939ca1ddfd8e6bb625c704044799bd687d98b5588776c54dc35,2025-07-19,GDELT Red Sea Download,sanctions,RED_SEA,GDELT Event 173 between nan and nan in YM,
5a4b4e15879cddf4,7135145ae989c050003f4b4c8878ad26f2806af2a0c8661cd91a3c6cc4d308ea,2025-07-19,GDELT Red Sea Download,armed conflict,RED_SEA,GDELT Event 190 between nan and nan in YM,
bb0dfd31dd1444cc,a30ce2a26772f6b252b9f9e4e9e19a768fa9d87eda8bca7196dabe42a06c47e4,2025-07-19,GDELT Red Sea Download,sanctions,RED_SEA,GDELT Event 173 between nan and IND in YM,
6de4d5e96f85e828,2405c698e5e951512b1b1ce000fb406f4322d962dd05a91d7d76e97bbb3f23f2,2025-07-19,GDELT Red Sea Download,armed conflict,RED_SEA,GDELT Event 190 between nan and IND in YM,
06da88a9f8442067,91d8ae7b00231af24113855fa8ecc88a78aca8f1dbba53db348c5070d8b0fcad,2025-07-19,GDELT Red Sea Download,sanctions,RED_SEA,GDELT Event 173 between nan and YEM in YM,
c86edaad1e8d665b,3cf0f3c28b08910f4ad3f085be64c0d0cc6b8d2144fe8da78b3ee96aace7350b,2025-07-19,GDELT Red Sea Download,sanctions,RED_SEA,GDELT Event 173 between nan and YEM in IN,
ab7d52b9d826ee5c,479b9901dac51a762d7a077246e3b70cfd50de2b67944fcf44417a4f1de54a1b,2025-07-19,GDELT Red Sea Download,armed conflict,RED_SEA,GDELT Event 190 between nan and YEM in YM,
f326478543731328,d7955d30add94566627db2bf1b13dff84faab2a6bb6ef18a1ec249963cfa7d1e,2025-07-19,GDELT Red Sea Download,armed conflict,RED_SEA,GDELT Event 190 between nan and YEM in IN,
bd21da3263c961cb,840679e8700d00bc6e95155ddcb19df3985ddce59c56233e33acf190e135349e,2025-07-19,GDELT Red Sea Download,sanctions,RED_SEA,GDELT Event 173 between YEM and nan in YM,
e4ab5e3c39d19c9a,d2c662c3d2a3c6a4f16524b6036d92346871b767b18dfa5c13ec318bb7e3be5a,2025-07-19,GDELT Red Sea Download,sanctions,RED_SEA,GDELT Event 173 between YEM and nan in IN,
338d70e687c2fb89,7669ebc71e7dd5b1494ae7fafd32b6cb0d7450f2c6b17abe177d6add50382435,2025-07-19,GDELT Red Sea Download,armed conflict,RED_SEA,GDELT Event 190 between YEM and nan in YM,
f08977f14e93a6fc,8c9a586821bc9fdf438366d8b0b26fb27017c874b592481db1d0c79f3849ac4d,2025-07-21,GDELT Red Sea Download,military escalation,RED_SEA,GDELT Event 130 between YEM and ISR in IS,
a581c9e0d4d743d7,600283efa84ca2d742b6d91ba4d68be2ebccb23d3b0e234caca8aef7bc586766,2025-07-21,GDELT Red Sea Download,military escalation,RED_SEA,GDELT Event 130 between YEM and ISR in IS,
d7864e392f4c3a05,8d43b0b3f2b9bf1f8989dcf2d971b35aa74c97d96a9c7732ed3432918d6b0d77,2025-07-21,GDELT Red Sea Download,armed conflict,RED_SEA,GDELT Event 180 between YEM and ISR in YM,
d286d0bd944c6905,95d12ee7cb9578ffa49d34ce66f8102ab264fe65550118378e7affed854d8ea9,2025-07-21,GDELT Red Sea Download,armed conflict,RED_SEA,GDELT Event 180 between YEM and ISR in IS,
aed3bc3238d2b948,37ec92b597ebad284ce7480d51cc0ecd72cf4e06837cc44271b5cf247fe432cd,2025-07-23,GDELT Red Sea Download,armed conflict,RED_SEA,GDELT Event 190 between EGY and CHN in EG,
b67ae20b6de61c92,7a54d2888044fe4b3392fba8fac581820ff9d06b9fa1f1b0abcb97170e963d2f,2025-07-23,GDELT Red Sea Download,armed conflict,RED_SEA,GDELT Event 190 between YEM and USA in US,
9098edb2fd3dfe91,ccd34acc7f75620c0574b7e054fc497cb6c0c9f779a6d25d95db876e3faaef27,2025-07-25,GDELT Red Sea Download,armed conflict,RED_SEA,GDELT Event 190 between DJI and EGY in DJ,
f04f53659b28d96b,b95bc4da55c46592360bb05f4af9c5303f48e09a58d3ef1bee963e57e9e9ffc5,2025-07-25,GDELT Red Sea Download,armed conflict,RED_SEA,GDELT Event 190 between EGY and nan in DJ,
2681f853fe5e71a4,8242c48417316cd5fcc8cadf93d9322d326d34e9c5b194d6dc20930d38a76e35,2025-07-28,GDELT Red Sea Download,armed conflict,RED_SEA,GDELT Event 194 between DJI and nan in DJ,
58c876da78df9ae7,6cabda3170c0cb217b2d1c4d01a0563376f1ba6c309e47a6d1a0c4d5600c4471,2025-08-03,GDELT Red Sea Download,armed conflict,RED_SEA,GDELT Event 182 between SOM and nan in SO,
e590a6044a47b129,4161de0ecef1b3713ae5dddd5257478409faf4c855076c9bf75c2acb9f570930,2025-08-04,GDELT Red Sea Download,sanctions,RED_SEA,GDELT Event 173 between nan and EGY in EG,
835db4d21e0a3498,97ab5b5d29fd9e410144af8c9c957b2be5d04a30d7ea55fbc969d94dd3e32599,2025-08-04,GDELT Red Sea Download,sanctions,RED_SEA,GDELT Event 173 between USA and EGY in EG,
2d7301c9e5e9713a,01bb8618e6bdb784d34c0429329a837f830521cb71cfea10763bf94cd142abfa,2025-08-04,GDELT Red Sea Download,sanctions,RED_SEA,GDELT Event 173 between USA and EGY in EG,
4beec34208f77a50,6dea234c24b32b434ffcaa433ded9e4322d2c828eba61258882b4cbc8da8fb4b,2025-07-07,GDELT Red Sea Download,armed conflict,RED_SEA,GDELT Event 180 between nan and CAN in EG,
8573fc951b782a24,3fc748af600e22f04334fe71e68b2b5fa6a68d0a03312c9dd6c440c0cb378624,2025-08-06,GDELT Red Sea Download,armed conflict,RED_SEA,GDELT Event 180 between nan and CAN in EG,
ddd30c20f0e2c0cb,07a697ea412144bcf8f3631023a192963f690db9b7a4dbd4a98d6e055a800954,2025-08-05,GDELT Red Sea Download,armed conflict,RED_SEA,GDELT Event 190 between SOM and USA in SO,
11638e4a06129bad,5f25f152c126fc8add4f1d10b643d4046746df47ce2f08e9eb2f088e37fdb597,2025-08-05,GDELT Red Sea Download,armed conflict,RED_SEA,GDELT Event 190 between SOM and USA in SO,
3ac7dbff0cd535cc,f0709c4cc0a3de4b9f9f87b763fc32bf5bed54413d2acfb84e8eb15db0b181d7,2025-08-11,GDELT Red Sea Download,armed conflict,RED_SEA,GDELT Event 190 between nan and nan in ER,
8bba2aa587c48e7d,d13ef3dd70cc3fd4773482094195cd6d1db26e54da3f7e4e68cde99e97b6671f,2025-07-15,GDELT Red Sea Download,armed conflict,RED_SEA,GDELT Event 190 between nan and YEM in US,
4479f30c8d3779c3,3e64fe7a989d69193ee119f563b0e3192e9bdd14d27dce840d8b5a0f049d9082,2025-07-15,GDELT Red Sea Download,armed conflict,RED_SEA,GDELT Event 190 between YEM and nan in US,
3fa28a66d24d5cc3,4edd519d410767ca99989b37e157cad4add39ff9cf558536ef59dd6fd84d1683,2025-08-14,GDELT Red Sea Download,sanctions,RED_SEA,GDELT Event 173 between nan and nan in EG,
28e0afb30048cfd3,eed452332d46cbd60a1deabeb87efe024d4cd38576c6d65879d2ac9d63c568f8,2025-08-14,GDELT Red Sea Download,sanctions,RED_SEA,GDELT Event 172 between nan and ARE in EG,
40f16c6fe072a170,5c364047ba0005a359212af1d70639f663a206495aae223fb20b6aa86472745e,2025-08-14,GDELT Red Sea Download,sanctions,RED_SEA,GDELT Event 172 between nan and ARE in EG,
a99d28ec84bfce81,eaa0ea7bd9667aeea1e00d7b146135e01dc53569fbc79a88b56f4939a3f00130,2025-08-14,GDELT Red Sea Download,sanctions,RED_SEA,GDELT Event 172 between nan and ARE in EG,
ff68a2272a971676,09230d7fd53154a9fe2b8533803ee0a5e49b3f89ec45fc38927c0e844392827c,2025-08-14,GDELT Red Sea Download,sanctions,RED_SEA,GDELT Event 172 between nan and BHR in EG,
226f941ff153103c,66c2df16bd71bddb5ef7e086c17a5401f2d9d04da7c349ef9a2f0b07d55ca107,2025-08-14,GDELT Red Sea Download,sanctions,RED_SEA,GDELT Event 172 between nan and BHR in EG,
182c69fd8f304303,8da39a584848e1aa02b34cafe15a443159b05bcc7aa411ff25cba1ad0fecd021,2025-08-14,GDELT Red Sea Download,sanctions,RED_SEA,GDELT Event 172 between nan and BHR in EG,
284f0b794d72d7d3,e0cb350685bfe87d1f020b4924051b7bf4ea9b366b019636d8b15f15bd5a69a2,2025-08-14,GDELT Red Sea Download,sanctions,RED_SEA,GDELT Event 172 between nan and EGY in EG,
428614f18b196d38,7246112b0b78799736ab908ffff31aae184d8d5773f51a38cdadb841d9c78f33,2025-08-14,GDELT Red Sea Download,sanctions,RED_SEA,GDELT Event 172 between nan and SAU in EG,
55780a51673983c8,e2f152ad1773c0dc16e5bb7059d0f8c1ab85f460eb383c5ab478fe10485189ff,2025-08-14,GDELT Red Sea Download,sanctions,RED_SEA,GDELT Event 172 between nan and SAU in EG,
53a667fc59fd4d81,efc6c6b05e5f5d3b02ad3323cbe154e217dc23f9b8c480cf3bc3b0f883662ae0,2025-08-14,GDELT Red Sea Download,armed conflict,RED_SEA,GDELT Event 190 between YEM and USA in US,
95149e3925d4805c,d74d159256dcad0fab969594c602473c5211aae7bafe1aaedd89ad33ce27241b,2024-08-19,GDELT Red Sea Download,sanctions,RED_SEA,GDELT Event 173 between YEM and ISR in IS,
69dce8ff291f3d08,072a7243fc5f01667be3b488ba042a8f155229c4ff76bfb0024af184220a8be7,2024-08-19,GDELT Red Sea Download,armed conflict,RED_SEA,GDELT Event 180 between YEM and ISR in IS,
bfa4d163f753c2ab,be1a99b3ecf98ce846199a23a0136738b872b02c2f5d81ebc337585290b5fc29,2025-08-19,GDELT Red Sea Download,sanctions,RED_SEA,GDELT Event 173 between USA and nan in EG,
4624d943e76cc305,05195ac4fdbef75131e91aa6ad3c4ad78ab0560980b44d14e936dc4236b8f5b4,2025-08-19,GDELT Red Sea Download,sanctions,RED_SEA,GDELT Event 173 between USA and nan in EG,
18e1982156697dbc,a84da13105d40308ef3189f8b654d6a7468508ce0d4e29880579030d1d58584b,2025-08-19,GDELT Red Sea Download,sanctions,RED_SEA,GDELT Event 173 between YEM and ISR in IS,
dc69caca51a67be4,7d6a924b1c98ce5678f5ad3545fc606c8e107e8d6c221556c238c3a396c04db9,2025-08-19,GDELT Red Sea Download,armed conflict,RED_SEA,GDELT Event 180 between YEM and ISR in IS,
d202a2d649e820e5,ccc89358a455e65ee3e8e5c053c7793f19fadf3a4dbd4880b8960a3b1864c76b,2025-08-23,GDELT Red Sea Download,armed conflict,RED_SEA,GDELT Event 194 between YEM and ISR in IS,
3d885daa89b578a6,e072d002dcf90c596d8e8f98a42296293aaa57e98ae8f2d8c2e20453ad519d9f,2025-08-23,GDELT Red Sea Download,armed conflict,RED_SEA,GDELT Event 194 between YEM and ISR in YM,
2d1c9b10259332bd,3d8eea6b12a6f80af3e585e7c95c203f9a457614b8ec525aae2d55ebda0c9c35,2025-08-23,GDELT Red Sea Download,armed conflict,RED_SEA,GDELT Event 194 between YEM and ISR in YM,
37659edd36e28b14,436af5e8f9057086abd254d4d57275afc6b64714fcf9e9df3bfbe33881e72ff0,2025-08-24,GDELT Red Sea Download,armed conflict,RED_SEA,GDELT Event 194 between ISR and YEM in YM,
66ff5d2965e5295a,2f49ed18f635614e8004c3031945319e492d019b31ecc5f405c04431ad2e3e19,2025-08-24,GDELT Red Sea Download,armed conflict,RED_SEA,GDELT Event 194 between ISR and YEM in IS,
d3fd6e9c499fec74,026b2b7c0c65acad4aee0474047e4fa1e7faf0700dc3ff39cd4007c88a8f8b77,2025-08-24,GDELT Red Sea Download,armed conflict,RED_SEA,GDELT Event 190 between ISR and nan in DJ,
17ad85d58e970921,87579dbf799eb4ec7a885bd4b758a01fc6411ef558621967d84463b306a97d06,2025-08-24,GDELT Red Sea Download,armed conflict,RED_SEA,GDELT Event 190 between ISR and DJI in DJ,
d36d8a12433e048b,5c69ac41d6a4ab6a2d49487a54c40c763ad32a4c8e0424b5b15651fc324ecc0e,2025-08-24,GDELT Red Sea Download,military escalation,RED_SEA,GDELT Event 130 between ISR and nan in YM,
24e8c3748e64dde3,90c04f3d78a2ec2d230d717cfc021469de0b6475a82f533bb4ee90a81e7ca385,2025-08-26,GDELT Red Sea Download,military escalation,RED_SEA,GDELT Event 138 between nan and nan in EG,
5f4b3967a2aac7c3,ce227d6c8e6b9daae42dc031664d317ee21559424b42736ac9026136e1e7609d,2025-08-26,GDELT Red Sea Download,military escalation,RED_SEA,GDELT Event 138 between nan and nan in EG,
9485ca665b8e3271,a4eb71f85b0dab3e9da0d6ae4cbcd3cc233d701d837af8f6c231c345a49d948f,2025-08-26,GDELT Red Sea Download,military escalation,RED_SEA,GDELT Event 138 between EGY and nan in EG,
f4bd3bb785744998,5730811dbcb6cbd5c3c689908b992844a58a6ef5e3d397cd73cab3500b7a89e9,2025-08-26,GDELT Red Sea Download,military escalation,RED_SEA,GDELT Event 138 between EGY and nan in EG,
bd7eab559108b03d,d810caa520228833887e5c23a25c75cb15bd90abee4281c1059997d7b8dc912b,2025-08-26,GDELT Red Sea Download,sanctions,RED_SEA,GDELT Event 173 between SAU and JOR in EG,
704228e6d3875c1f,54f07c5649be4e755c9979914c4aacea4c8c6a50e5c634297c9d4f2f76860a56,2025-08-26,GDELT Red Sea Download,military escalation,RED_SEA,GDELT Event 138 between SAU and nan in EG,
d94f9c9bdd15f203,5c2f33cb655816802bf82e6466fae3f82abc32779c273166d80a4c054cc1ef33,2025-08-26,GDELT Red Sea Download,military escalation,RED_SEA,GDELT Event 138 between SAU and nan in EG,
daad4e86da2393b2,b7874ab05b4c60494cd57ecc5beacd96fc72486ebfdffb5a53eb257804dc995c,2025-08-30,GDELT Red Sea Download,armed conflict,RED_SEA,GDELT Event 190 between nan and EGY in EG,
a54aedf9d9845cf4,153fd263fcd913c5a042dc6c9205100ca99ed421d5b91fb402a2f4342d8bdd93,2025-08-31,GDELT Red Sea Download,armed conflict,RED_SEA,GDELT Event 190 between nan and nan in YM,
ac6b1dc302738841,760a0bf54bf8131bee86f31407e8e7a207acc2d899f4d2ea8469e7ae3f25558d,2025-08-31,GDELT Red Sea Download,armed conflict,RED_SEA,GDELT Event 190 between nan and YEM in IS,
1844b840d82d040d,45ea19c4bbf132155cd7387acc5ee58448d06b7099619d8cb31383834046d5a1,2025-09-01,GDELT Red Sea Download,sanctions,RED_SEA,GDELT Event 173 between YEM and PRT in YM,
bf8ddf2d08b6410e,c222f988db7a62f9c7f34eeffe5b856e29d8a2b198c2e5a7bb71a38de8ad5f38,2025-09-03,GDELT Red Sea Download,sanctions,RED_SEA,GDELT Event 172 between EGY and nan in EG,
4e56763d47a2fb32,f034514fc9cbaa4457dcb79f3f84363b2718f74a4d8309a3fa3e75a3676e8641,2025-09-04,GDELT Red Sea Download,armed conflict,RED_SEA,GDELT Event 195 between ISR and YEM in YM,
9a0c318be4f04475,c16d964c7f8b07e812177b97703ae06cc3f6527b578259918db2c98fdf12b029,2025-09-05,GDELT Red Sea Download,sanctions,RED_SEA,GDELT Event 173 between EGY and ISR in EG,
fe872cab6d64edbf,61467f1c3de9edd28d9397fe65d861725b1432b3a04d443efa404bbd41562b8d,2025-09-05,GDELT Red Sea Download,sanctions,RED_SEA,GDELT Event 173 between EGY and PSE in EG,
a95bb1cd1d82ff85,9d57e6291d8e4b721841963798ab95af27d971a74eca5f54974e3da6200d82d9,2025-09-05,GDELT Red Sea Download,armed conflict,RED_SEA,GDELT Event 190 between EGY and PSE in EG,
0bb297398aa4bac5,f586f6f0cb2328e27e2e511e884c679b35a2b7f25c9aef254bde4f236a6b334d,2025-09-05,GDELT Red Sea Download,armed conflict,RED_SEA,GDELT Event 190 between EGY and PSE in EG,
4f618328c0aacc9f,2ec64001e49e94285c5970ae87b4282510fc15e27d74ac2a5a3c23ed74cd57c6,2025-09-05,GDELT Red Sea Download,sanctions,RED_SEA,GDELT Event 173 between ISR and ISR in EG,
59359cb0e06f66e8,2b8aececdaca50ccc6264726190fc1616d8674f2915758691ce756be109aaee2,2025-09-05,GDELT Red Sea Download,armed conflict,RED_SEA,GDELT Event 190 between ISR and PSE in EG,
2e9cd1093b61d498,3562c2496c2c13ed935a960cdb10cb7fa17aba8f5afe2c19af8370098c90c292,2025-09-05,GDELT Red Sea Download,armed conflict,RED_SEA,GDELT Event 190 between PSE and EGY in EG,
f22d5af6bbf2b943,79471d56a7b93a9e533cd4232349b3b0398646cc910f6372d15fec63d3b70d53,2025-09-05,GDELT Red Sea Download,armed conflict,RED_SEA,GDELT Event 190 between PSE and EGY in EG,
32a490ccec6bce32,21ee1e6a35123c690859646a394757744ec15c43f048c927500d96763279d43b,2025-09-05,GDELT Red Sea Download,armed conflict,RED_SEA,GDELT Event 190 between PSE and ISR in EG,
40e24868a3f8ad49,b994f150a0f09e4bc45b00a67cace5b6c1665d301abd7a597721bc6498769d3f,2025-09-08,GDELT Red Sea Download,armed conflict,RED_SEA,GDELT Event 190 between PSE and PSE in DJ,
927ec660fa88c109,f4d7cbf3d89e6b497fc60ffe8fe871b05f5ce9972de5222043f5eceb2e07a5b0,2025-09-11,GDELT Red Sea Download,sanctions,RED_SEA,GDELT Event 173 between nan and nan in EG,
1077f248cbda875d,8c0659ba7f03cb5f8a54c285c1b6d44d3529c24767eec7e49a38ac397659c5f2,2025-09-14,GDELT Red Sea Download,armed conflict,RED_SEA,GDELT Event 190 between nan and nan in EG,
962ae89b72eadce0,654aef4f2f6ed6417d37914a97e47fced7d04a57e3c9563ed4676a2c8fd501a8,2025-09-14,GDELT Red Sea Download,armed conflict,RED_SEA,GDELT Event 190 between EGY and nan in EG,
d3c6b46b59a83879,395f93f80465bfff154a9e82a365684d235a13b9858e327c6a77ec5df9dfca5c,2025-09-14,GDELT Red Sea Download,armed conflict,RED_SEA,GDELT Event 190 between nan and nan in EG,
f02af708abbd72d3,f91c9677fa826e0634dda4d6fd947a99f604cabc3fbf4663810b4e67e720994d,2025-09-14,GDELT Red Sea Download,armed conflict,RED_SEA,GDELT Event 190 between nan and EGY in EG,
7ab8189d0ff65061,9b22f2c784e114883e9504a0bfae03b64a19e871b89f8c4d5f4c361a3d37ca05,2025-09-14,GDELT Red Sea Download,armed conflict,RED_SEA,GDELT Event 192 between PSE and PSE in EG,
8a85d467a9f37a92,3a3899b9fbff8804bc73a591950a4ba5718adc14d70c6f0954bab925deba981a,2025-09-18,GDELT Red Sea Download,sanctions,RED_SEA,GDELT Event 174 between SOM and nan in SO,
ca4031e3133245a4,0e5cd16a7bf357bc4b9b2fa15eb5fd6d8a4b2f5f658bd12dbf8a1de730884891,2025-09-18,GDELT Red Sea Download,armed conflict,RED_SEA,GDELT Event 186 between SOM and USA in SO,
31f8b38abc2bd813,5c4f9731d15a6329b4e111eab55343c6728ce69728fc8f557b5304374ef80bc3,2025-09-20,GDELT Red Sea Download,military escalation,RED_SEA,GDELT Event 138 between nan and nan in YM,
62c0a0bcc8db94cf,c7c3b6e9818ddee53ed58c403fdf735d24f4bb0cbf518adf084edf6c3a03e3ad,2025-09-25,GDELT Red Sea Download,armed conflict,RED_SEA,GDELT Event 190 between nan and YEM in DJ,
3e649551ed96ff43,e9ca58755fe76962aa0cc05dd6d573875e555e30b9c4286ca98689fd034cac82,2025-09-26,GDELT Red Sea Download,armed conflict,RED_SEA,GDELT Event 190 between ISR and nan in YM,
4c5cdee3de31f320,c3453103463b033507a4acde2d94c3be9be502bad9793e5545b3e02edab29446,2025-09-26,GDELT Red Sea Download,armed conflict,RED_SEA,GDELT Event 190 between ISR and PSE in YM,
a1e878dafde9f5a9,0d6424b012b6bb97e2cc4333d272b02f545cbdcb27fd826e12150171a4d82676,2025-09-26,GDELT Red Sea Download,armed conflict,RED_SEA,GDELT Event 190 between YEM and nan in YM,
5412ca7a08c80eed,99bb7b9299c4fcb4d2864a1af1d9a93f622f6bdd9c99cfdae43f427813d32d62,2025-09-30,GDELT Red Sea Download,armed conflict,RED_SEA,GDELT Event 194 between NLD and nan in DJ,
9fb36640c2b7f917,d83e47ab731d20af357e2e7b0c42cfff5833ad4c4d7dda92ec11b0b97f46ea19,2025-09-30,GDELT Red Sea Download,armed conflict,RED_SEA,GDELT Event 194 between NLD and YEM in DJ,
35483bec2e8fdb79,046e5db51247f36342c265c46a3cec685754e51ca4a0a8a201c0379c87edc5cc,2025-09-30,GDELT Red Sea Download,armed conflict,RED_SEA,GDELT Event 194 between NLD and YEM in DJ,
a124cc4352f52f50,d1ad0f049936f2a54419ef2ac64283d09ee2bf43b896c9e9afde956e9ba03fea,2025-10-05,GDELT Red Sea Download,armed conflict,RED_SEA,GDELT Event 193 between EGY and nan in EG,
96b498203b336629,251a5e9b20fef7537e3a9ae5e7e8a5100a0729923757717a83621f9e4d4101a6,2025-10-05,GDELT Red Sea Download,armed conflict,RED_SEA,GDELT Event 193 between nan and nan in EG,
6c5dc14c638bd40f,fd0360b60568c9330ac78df9512bdcd76dcc0cf072bba8908c79d3f329c4d6cf,2025-10-04,GDELT Red Sea Download,military escalation,RED_SEA,GDELT Event 130 between EGY and PSE in EG,
43ec0a65bef4a7e0,5d513263d7b336e1df16574b8e90fc848a2cdef839e6ace4ec64fb91e2e4724d,2025-10-07,GDELT Red Sea Download,armed conflict,RED_SEA,GDELT Event 181 between nan and nan in SO,
4662096bb571e1c6,6f43145ee131583d2be2a4b2277882fb2256133cca144bd2479c2d04206ad84d,2025-10-07,GDELT Red Sea Download,armed conflict,RED_SEA,GDELT Event 190 between nan and ISR in EG,
8ac1683f06d4b67d,2d0a72eaf3c0af868ea1fe5806dbfedb3ef5081e9d917d0b0cfb4cc3d871eee7,2025-10-07,GDELT Red Sea Download,armed conflict,RED_SEA,GDELT Event 190 between nan and PSE in EG,
6dd031155ff42339,96dbb72c7b91b90cf6c234a5328c126768d9b9ffe8d7ed52c0cb4c5d3f8de7ad,2025-10-09,GDELT Red Sea Download,armed conflict,RED_SEA,GDELT Event 190 between nan and EGY in EG,
7c17f50cabd288e2,05c53f2d97ecf33aa53d771f62432535b2b0e10c12f0f9a183642f46d40fce6b,2025-10-08,GDELT Red Sea Download,armed conflict,RED_SEA,GDELT Event 181 between nan and nan in YM,
fe8f753a8c490710,a9a10fb370e64a9434ec398b5477e905f127781675e2e7ee14872b801862c477,2025-10-15,GDELT Red Sea Download,armed conflict,RED_SEA,GDELT Event 194 between YEM and ISR in YM,
1b7d2e7727b5942b,39cd006d60bf7275d0a649a643e0b3cc6b9cbc2dfb20892640b246bfa75ad8fa,2025-10-15,GDELT Red Sea Download,armed conflict,RED_SEA,GDELT Event 194 between YEM and ISR in YM,
fbf6a3810a238987,14854fe25c23e06b139d49d2d922bf805f3298784363dd688d2c35685a12c36c,2025-10-16,GDELT Red Sea Download,armed conflict,RED_SEA,GDELT Event 190 between AUS and USA in EG,
206e76b72d34f520,2253c098f5b90b5bc83df41d4095c0cd56fb326da9238fc336463b09b8848cdb,2025-10-16,GDELT Red Sea Download,armed conflict,RED_SEA,GDELT Event 190 between AUS and USA in EG,
9267bca0899d42c5,792291a24da0889ff53b46a95b4c6b5d09f5c86da1715a39ebd5ab5443ccf6aa,2025-10-17,GDELT Red Sea Download,sanctions,RED_SEA,GDELT Event 173 between nan and USA in YM,
ca75b78bcc7e9d73,16d5265b946e26db4209020990f3de6af0def6ad8a508ee530faa2472710d116,2025-10-18,GDELT Red Sea Download,military escalation,RED_SEA,GDELT Event 130 between nan and USA in EG,
3e7c8b83ee5f4cef,a51dea4e39346cbeab815178f36f6463ff80cb0bc32b61da8db976c8b927bb1d,2025-10-19,GDELT Red Sea Download,military escalation,RED_SEA,GDELT Event 130 between nan and YEM in DJ,
b43961b354898671,2ed86cdb5b58e5f7c39be4c6c9d9c3b773a3e3a6a2d42f746e94d201080b13f2,2025-10-19,GDELT Red Sea Download,armed conflict,RED_SEA,GDELT Event 193 between nan and ISR in EG,
c237a473b7498be9,0d19c4d88980aa30eb82231cbfd1236317b131ef722890a62568e99b0f0c8ba3,2025-10-20,GDELT Red Sea Download,military escalation,RED_SEA,GDELT Event 130 between nan and ISR in EG,
b541c632c2b4db01,4f3f7ce2c58068a760fc08c4188cc04b6191ba27f698e60aac255af77ffc2e3b,2025-10-20,GDELT Red Sea Download,armed conflict,RED_SEA,GDELT Event 190 between IRN and YEM in IR,
7addca9fce2ecc43,1e59d87606b8dae3ac9f4edd09603eab7018f56eb0cac2292c76416606448ca8,2025-10-20,GDELT Red Sea Download,armed conflict,RED_SEA,GDELT Event 190 between IRN and YEM in SY,
a360a903b53c0ab4,609034d587dedfd49ad29f6948b84e586eb439d94bd67b8aad3c0f18e43e05e7,2025-10-20,GDELT Red Sea Download,armed conflict,RED_SEA,GDELT Event 190 between IRN and YEM in SY,
6c258ea31eedfa90,41f51c93f13ee4a884c4c1b88ce98b3f26871ee526efdbad81f2a024436f21b4,2025-10-20,GDELT Red Sea Download,armed conflict,RED_SEA,GDELT Event 190 between YEM and IRN in SY,
ce0c0c803241e122,9b7612b671f25feb399f0776d62d65809e7ecf6b3cde78261963d433663d1d16,2025-10-20,GDELT Red Sea Download,armed conflict,RED_SEA,GDELT Event 190 between YEM and IRN in IR,
01003eefc0abbc1b,7ecffd783179f2d1c82df8317862e8fef94e5d68281590ca314cdd4b6fcfebdc,2025-10-20,GDELT Red Sea Download,armed conflict,RED_SEA,GDELT Event 190 between YEM and IRN in SY,
88764bbb4cf25020,417859efe0bb25ef6e5c4f9a01f463329ef3ef83edea3bdd596592c89173cbf8,2025-10-21,GDELT Red Sea Download,armed conflict,RED_SEA,GDELT Event 195 between ISR and YEM in IS,
e85417162663115e,171c941bea3e5bfb9d52484e64311769deb9692bd2e449bdc7651215c023c8a6,2025-10-21,GDELT Red Sea Download,armed conflict,RED_SEA,GDELT Event 195 between ISR and YEM in IS,
176dfa00a6ebae40,8aa176f226e8098b929470a5319b3b9e2c2964942b0d995ee74c230e69e513f3,2025-10-21,GDELT Red Sea Download,armed conflict,RED_SEA,GDELT Event 190 between nan and nan in YM,
d667d3c544fc79e6,893a287d660c45af7a4d449a7eb3c0fe87df8203c519770a29c9c907111ee13c,2025-10-26,GDELT Red Sea Download,military escalation,RED_SEA,GDELT Event 130 between nan and nan in EG,
de9a08e1aa36a89b,660cd45c9fc282413c71411a6c9443cee397abe1da4e52ba0b35c9b57bef1680,2025-10-26,GDELT Red Sea Download,armed conflict,RED_SEA,GDELT Event 192 between SDN and SDN in EG,
8d07fb380eea03c9,6602f15950685dabd0f317ccc156b8cd8ec207115545f608da812be93ffe0776,2025-10-26,GDELT Red Sea Download,armed conflict,RED_SEA,GDELT Event 192 between SDN and SDN in EG,
72d524e37af16be4,ffc38af1d926dfa7477257585e2a7e27f4f5b26f9a1d87c0be7d854adb296e3b,2025-10-28,GDELT Red Sea Download,sanctions,RED_SEA,GDELT Event 173 between EGY and nan in EG,
462d135f9c88493b,025f7177526c63bc6eef5122b9d14b0d7d6134a91adbeda8aa5c4d7a16b2c710,2025-10-27,GDELT Red Sea Download,military escalation,RED_SEA,GDELT Event 138 between EGY and PSE in EG,
67b9555996b9a297,eb4fb219b8c8631da2c5ea35df2e6a0f040b8ab4d8e2b6bf64e5eb95c315547b,2025-10-27,GDELT Red Sea Download,military escalation,RED_SEA,GDELT Event 138 between nan and PSE in EG,
5e8cc404d1e627ad,20090c4eab293945ca6602f5bfaf5740b0cb0bb9d3ee0ebd1d304e96a59040e4,2025-10-29,GDELT Red Sea Download,sanctions,RED_SEA,GDELT Event 173 between nan and nan in EG,
bd6ee9568d8d7ed3,39994043a596dece05290927d5cb01b010ce5e227a5fe8176b728086365c417f,2025-10-29,GDELT Red Sea Download,armed conflict,RED_SEA,GDELT Event 195 between nan and nan in YM,
6337a7220b3ab0ec,6067aa5163648aca173b8ea0494b23f1984a4f5a631f807cc6ef3bfd86a99248,2025-10-29,GDELT Red Sea Download,sanctions,RED_SEA,GDELT Event 173 between USA and nan in EG,
aebb90be2484666f,22859175b72ded4b32c9ec1b21978244ed30257a2424468d0c3fa02ef6840869,2025-10-29,GDELT Red Sea Download,sanctions,RED_SEA,GDELT Event 173 between YEM and AFR in GA,
b14b63a511422f2c,4b6a6f0310d5a5183305b5c8a7b75799940918c3173c281062118f948c761207,2025-10-29,GDELT Red Sea Download,sanctions,RED_SEA,GDELT Event 173 between YEM and AFR in YM,
5db141f382c5ba19,4d5210d383db0549daef0c226cc1879eccb6aac2493508dedc6b55319b527c4a,2025-10-31,GDELT Red Sea Download,sanctions,RED_SEA,GDELT Event 173 between EGY and nan in EG,
c181eba2f630579b,97b260d2928cd72cf9757899a6279d535743e1d922cff7de192e789ef62ecab1,2025-11-07,GDELT Red Sea Download,armed conflict,RED_SEA,GDELT Event 195 between YEM and nan in YM,
99b4a34d51e71d66,a27261daec219b853b32f34d5f3a276e75aef6685863cc484cacae536e74c8ff,2025-11-07,GDELT Red Sea Download,armed conflict,RED_SEA,GDELT Event 195 between YEM and YEM in YM,
68994d041db9dd4d,fe22ed42e12bec6af990efbd68ffe4743fae28e350403dd9e55f10bddef28184,2025-11-10,GDELT Red Sea Download,military escalation,RED_SEA,GDELT Event 130 between nan and nan in YM,
3538b4e974626f1b,c7fa6fa7aa2ee5b20e9e97df3e1f64919314b833ad782b51a8e56b853923e60c,2025-11-11,GDELT Red Sea Download,sanctions,RED_SEA,GDELT Event 173 between ERI and RUS in ER,
96c72293fd7aea10,14ce3695900999df2084bfd0228cdf40cd8a5acd08a6c18d1ca97593d78c4ff3,2025-11-11,GDELT Red Sea Download,sanctions,RED_SEA,GDELT Event 173 between ERI and RUS in ER,
960dc25746adec6a,83cd94947b79a5fbc0c9843a48f0307f97eb29c910aa2b42f5ba14e00ba7398a,2025-11-12,GDELT Red Sea Download,armed conflict,RED_SEA,GDELT Event 190 between nan and nan in YM,
c6f3eccdac94c680,a24acdafd17cff82e8dcd053fc4f1d2756e2d7ac51cc52ed13511a1b064fcd3d,2025-11-12,GDELT Red Sea Download,armed conflict,RED_SEA,GDELT Event 190 between nan and nan in YM,
07e4d1fe0ed6dec6,470b7c349443f360ee2851bd04775945515202cd92d6f9253969b5857ca4f393,2025-11-12,GDELT Red Sea Download,armed conflict,RED_SEA,GDELT Event 1831 between nan and USA in YM,
005e1567f207fac8,2958f8983513cac4e2833884588c4dd48b76d7a64704505e72a59aa87226bd86,2025-11-12,GDELT Red Sea Download,armed conflict,RED_SEA,GDELT Event 194 between nan and USA in YM,
020f9f8f6aa9c8cb,68dd2a5eb549976f96198189f232523f844b404253a0e14b0b126f4ed7e3214b,2025-11-12,GDELT Red Sea Download,armed conflict,RED_SEA,GDELT Event 1831 between USA and nan in YM,
e5a4fcf0beeb2ef0,0e2f3d81902d0243f65902dd8108abcd9423d412535910b435bd1515f1218265,2025-11-12,GDELT Red Sea Download,armed conflict,RED_SEA,GDELT Event 190 between YEM and nan in YM,
394c70ade54419c3,ff758e219ea3e6129741bd7cf281128c2b1a0a064432962ba9e572180dd48732,2025-11-21,GDELT Red Sea Download,military escalation,RED_SEA,GDELT Event 130 between CAN and YEM in CA,
b06888db03714a2d,b94ddd6bbb6a52280bbdb484851505c577a7719a619c46c009a762219e1e98a0,2025-11-21,GDELT Red Sea Download,military escalation,RED_SEA,GDELT Event 130 between CAN and YEM in CA,
9b351a7cb9882541,8de4a54de1416b0001b282d2f97cc74b4b3956612a47e43c0298d5e9fa7c62a7,2025-11-21,GDELT Red Sea Download,sanctions,RED_SEA,GDELT Event 173 between nan and nan in YM,
57a0845decc0c24f,fb9cdeda6a09436b3b03d86cd7aaa8d64fa6a0c45522aaca8921b6c4122935f7,2025-11-21,GDELT Red Sea Download,sanctions,RED_SEA,GDELT Event 173 between USA and nan in YM,
bfe388194b6b77d1,18945d3859d68bc2d66d3005bcd1d66d41662ae23b23149dde668389b4de1ad0,2025-11-23,GDELT Red Sea Download,sanctions,RED_SEA,GDELT Event 173 between ISR and YEM in YM,
06e4434306f999ca,21531dc3bab7311d0a24dfd8c79e385f0b83ad83e161c57326d085c72793aca7,2025-11-23,GDELT Red Sea Download,sanctions,RED_SEA,GDELT Event 173 between ISR and YEM in YM,
567f78320b09decb,0bdd55da3de9d98a0fd1abf295b36cadb3efff55e214288fb475c96f1b81e933,2025-11-23,GDELT Red Sea Download,sanctions,RED_SEA,GDELT Event 173 between ISR and YEM in YM,
3e0ccc3ecac33887,4c0681799be62ceb2dddfa339c6e96348ddf9cc87e50b729320140b7e0cd3470,2025-11-23,GDELT Red Sea Download,sanctions,RED_SEA,GDELT Event 173 between YEM and nan in YM,
b022b9e8c0d47f0f,5c24c0e2286ffd9338a2a0f1f6d437fc318fe9a95af953f5e0c34db71c4c4f31,2025-11-23,GDELT Red Sea Download,sanctions,RED_SEA,GDELT Event 173 between YEM and YEM in YM,
ec60d7b7b92aaada,85280ea3278b10aa5843bafba0d8ced1e0ba64a954bd49c788f3e2453f18b192,2025-11-24,GDELT Red Sea Download,sanctions,RED_SEA,GDELT Event 172 between EGY and nan in EG,
8ae673097323e63a,91963b7427bafb2e54d50945a36a9be23cd6ef5f34f1d36488b4b4dc521ab926,2025-11-24,GDELT Red Sea Download,sanctions,RED_SEA,GDELT Event 172 between EGY and nan in EG,
11505318ab505230,561aa1023d243bce983d92170c9e7cab87243b629b6857204b2ca8b5bf8b68c6,2025-11-24,GDELT Red Sea Download,military escalation,RED_SEA,GDELT Event 130 between OMN and YEM in YM,
93492e85f17c899d,aaf0cf50a8f7933bb8bf8e2645dd1de6ebbb2d487067a9fc2c22943b34b5ca93,2025-11-24,GDELT Red Sea Download,military escalation,RED_SEA,GDELT Event 130 between OMN and YEM in YM,
1ecc2848672aad98,43401f9b3b12c6a585e5008037bd0da8c4e6d12eb31c6f5772b127b912baeb13,2025-11-28,GDELT Red Sea Download,armed conflict,RED_SEA,GDELT Event 190 between nan and EGY in EG,
2cb8ac3077600337,b66d291d4033d29a43a8916c2eb58e7bca15e2a7c0b0e0145ad15b2a6dc87b1d,2025-11-28,GDELT Red Sea Download,sanctions,RED_SEA,GDELT Event 172 between nan and nan in EG,
a3f6590be14a1be4,eb0753cccd561453cebb55543c6a6e78f2f96c19879f7d80615a259ad303cce6,2025-11-28,GDELT Red Sea Download,armed conflict,RED_SEA,GDELT Event 192 between ISR and YEM in IS,
af72dbf98e11aebe,069c4c1f0f0f56e2ad5c6870ebff137540ca57829abaf45e049894d5d04b0956,2025-11-28,GDELT Red Sea Download,armed conflict,RED_SEA,GDELT Event 190 between USA and nan in EG,
586e432a59fe3dc9,d94d076139a004733b03f44b7225ec24ca9c96b84c424442b4c6aa7a3887643f,2025-11-28,GDELT Red Sea Download,sanctions,RED_SEA,GDELT Event 173 between USA and EGY in EG,
d3594f5a2bfd8384,a87ecc644a23dd38d09887021cd62eaa5df057578adcb46ee0d14f92549595d3,2025-11-28,GDELT Red Sea Download,sanctions,RED_SEA,GDELT Event 173 between USA and EGY in EG,
e278aa691712da21,c7cc5d031a68ec4ede924498bfc834976dbd67a80c413c03376c8faec5af5a9f,2025-11-28,GDELT Red Sea Download,sanctions,RED_SEA,GDELT Event 173 between USA and EGY in EG,
1b7416e21ace3a4b,f438b8626f243c1c3d3614b55eccd165e05d17d557af9cca4bfea2f78ff0cd5e,2025-11-28,GDELT Red Sea Download,armed conflict,RED_SEA,GDELT Event 190 between USA and EGY in EG,
78b4b2581a83386d,c375163a39de33fe468d05180d4ab5d5ee34e397608f49bb77e021927f21fe90,2025-12-02,GDELT Red Sea Download,armed conflict,RED_SEA,GDELT Event 190 between SOM and SOM in SO,
944deea54ea4b7f8,8479376b83af5803ff7d870802a305749d6e038d0cf01d8c70e8b11e74d9de27,2025-12-02,GDELT Red Sea Download,armed conflict,RED_SEA,GDELT Event 190 between SOM and USA in SO,
3ea0fea9cd096eb0,5cafc433ec174bee0bc0dc239ec55d9947ff4d1e388fd02067396cd55f3e930e,2025-12-02,GDELT Red Sea Download,armed conflict,RED_SEA,GDELT Event 190 between SOM and SOM in SO,
a8ab1568628730cc,c34ac63e37f308e1add189b466a074ee722c1bb253887f134861a7e52a1b269d,2025-12-02,GDELT Red Sea Download,armed conflict,RED_SEA,GDELT Event 190 between USA and SOM in SO,
a1064d7963ca8991,bc4bb50ce8aa57b9a07fba0374ad7620962dea021d0f52c1f9310aefcdf62eb9,2025-12-01,GDELT Red Sea Download,military escalation,RED_SEA,GDELT Event 138 between nan and USA in SO,
495b01b64aac66ae,8d0cb34585438e28b15f2d03d9d58a430e7edeea638d9a9f422590679f9211b1,2025-12-01,GDELT Red Sea Download,military escalation,RED_SEA,GDELT Event 138 between USA and nan in SO,
594f93ea696a260f,903df6ad8c53f1eab7f8565beb2efc2e6cdc882f3a56a8f322ec7d854e7bb09f,2025-12-03,GDELT Red Sea Download,armed conflict,RED_SEA,GDELT Event 190 between nan and USA in YM,
ba2b58fb73cd43aa,19aa3e5f4f1ad9ae4d28adc0b9f7b0608d706c4832126a88ec08bf2d1c8c7da8,2025-12-03,GDELT Red Sea Download,armed conflict,RED_SEA,GDELT Event 190 between nan and USA in YM,
f472a8f19735e608,e893301ea019e21fdceb9ef036639fc5c23a5c48f4d21e6174234e0b58a8befb,2025-12-03,GDELT Red Sea Download,armed conflict,RED_SEA,GDELT Event 190 between YEM and USA in YM,
bdfb3c37baf0e9db,0fe63158013be0fc4f05044e7fd3561dcfedc43d31275919f8424b758eb8bb03,2025-12-07,GDELT Red Sea Download,armed conflict,RED_SEA,GDELT Event 190 between nan and EGY in DJ,
21b77ac83d0190f3,312903674e026367a4d7fab5ed863cc585775ff86d9b51b4bf0de9554325c6f5,2025-12-07,GDELT Red Sea Download,armed conflict,RED_SEA,GDELT Event 186 between MHL and IRN in DJ,
acce0247564aa39f,18ec6f9ac9b7cff85207f3b123a0381f2675328f9a6e2063b28796c0bae8050f,2025-12-09,GDELT Red Sea Download,armed conflict,RED_SEA,GDELT Event 190 between nan and YEM in SA,
085857681dd61a84,767a58aa7905714a4bbd458bf5e5b9a03692daa9a4c3e4d721a304181fab81a6,2025-12-09,GDELT Red Sea Download,armed conflict,RED_SEA,GDELT Event 190 between nan and YEM in AE,
7e3ccda4c94f52ea,8e43dd6f3f1260bb91e3b149a941c80ac6c12cc7ad3945fd30bed1f74d729bbf,2025-12-09,GDELT Red Sea Download,armed conflict,RED_SEA,GDELT Event 190 between YEM and nan in YM,
907330a6d8e56f7d,2550b7b29f27a058326d6ec6fdd997de74e963fc4baa83dd8cb42d1dd056d7aa,2025-12-10,GDELT Red Sea Download,armed conflict,RED_SEA,GDELT Event 190 between nan and nan in EG,
179589f8636c281c,5b08c60cfa4f5165bb43f06f47a4bb78c58f292a5da3003f6f1160132ff1d03b,2025-12-10,GDELT Red Sea Download,sanctions,RED_SEA,GDELT Event 1712 between EGY and EGY in EG,
b1db0937a2157231,cdd86e8f9efbdaae0dfa1e7c0cc54ed79dfc967af3504c701c079918346e4b14,2025-12-10,GDELT Red Sea Download,sanctions,RED_SEA,GDELT Event 1712 between EGY and nan in EG,
baa77c0ab67f8db7,e5dceb4a61dc86dbcb4cbc72d6c820b6418bea58796bac254371bd52a54cf513,2025-12-10,GDELT Red Sea Download,armed conflict,RED_SEA,GDELT Event 190 between nan and nan in EG,
730216681b422e1a,2b1cca2bffba515e8a0333220433f9b0abcbb4908d08fa6667d976b4eee3e75a,2025-12-11,GDELT Red Sea Download,sanctions,RED_SEA,GDELT Event 173 between DJI and nan in DJ,
32f73ad4542dff48,c36d40de14828fc18858f6ae8027e60ced7ee81f8885b46c9a029d10c67387b6,2025-12-11,GDELT Red Sea Download,sanctions,RED_SEA,GDELT Event 173 between EGY and USA in EG,
f306568ef7731981,f21fc7f1aacbbc72438b42fe25877c4061c9b148afd0df7a6de1391505b807d7,2025-12-11,GDELT Red Sea Download,sanctions,RED_SEA,GDELT Event 173 between EGY and USA in EG,
2dde97b2b6c9ae12,e8009a73b8170d9c854c27c0d4467afca976515d553aadac7c30361c0d4b33c7,2025-12-12,GDELT Red Sea Download,armed conflict,RED_SEA,GDELT Event 194 between IRN and QAT in EG,
7dbcaac21155b1c1,daa685ae7ecc4ddc5cb8f7b256fbf1cf73731921f9f34ced83ab80502013e273,2025-12-16,GDELT Red Sea Download,sanctions,RED_SEA,GDELT Event 172 between SOM and USA in SO,
bb52d174a1740e56,c3590cc171f10824be32ec4bd653f0f24421b88c357fb47e37256ce24b78f788,2025-12-16,GDELT Red Sea Download,sanctions,RED_SEA,GDELT Event 172 between SOM and USA in SO,
f8c540033f076b9b,76a11be0b7351ed455a3af33488a099b0bbc021481bb5ba88df52801d8e76376,2025-12-16,GDELT Red Sea Download,military escalation,RED_SEA,GDELT Event 138 between nan and EGY in EG,
3393d747ea239ddf,3a88a17c8301598222accf7022a7c72ad819eb0b99001e34d0f581e44219609a,2025-12-16,GDELT Red Sea Download,sanctions,RED_SEA,GDELT Event 173 between nan and POL in EG,
e4e5a72c41991424,e453c5af8211593df04ae454473693a4ce2e96d851a9c8d5452e7bad421cb34d,2025-12-17,GDELT Red Sea Download,armed conflict,RED_SEA,GDELT Event 190 between DEU and nan in EG,
ae27dc6892ac8d98,c9952337ffd86e1676e2e6b7968ec79aa94aca1615bb7a16fd2a2f39af757456,2025-12-17,GDELT Red Sea Download,military escalation,RED_SEA,GDELT Event 138 between nan and EGY in EG,
62a5515431c09636,f8e9278441ef5d3cd1e3d8ab3d8315cc2ff6a73a8ef599614b982e30ba34549e,2025-12-17,GDELT Red Sea Download,sanctions,RED_SEA,GDELT Event 173 between nan and POL in EG,
810b567820d2e184,469633e32604f389ab2e36d605562b34c0c5c529eaddfda574f703bad45fecf8,2025-12-17,GDELT Red Sea Download,armed conflict,RED_SEA,GDELT Event 190 between EGY and nan in EG,
6044996e566384c5,90efb4024eb7f2b5fe0b38dff20c78de7eba64ed498dff1ca8262dab7c193edd,2025-12-17,GDELT Red Sea Download,armed conflict,RED_SEA,GDELT Event 190 between USA and nan in SO,
856febfd5bd01423,ad997599aa5ef28800e83eb16190148955ad3b43e5b0ea39fd930b837ffe3c7f,2025-12-17,GDELT Red Sea Download,sanctions,RED_SEA,GDELT Event 173 between USA and SOM in SO,
0bd289efbde07152,a08412c1d4a5470e7d481d9747ae70cd8b532e1b4779e64a9ab5a5c13f5ed7d3,2025-12-20,GDELT Red Sea Download,military escalation,RED_SEA,GDELT Event 139 between JOR and SOM in SO,
7ce224a284fa0f54,3fd60ba81d4c6228408b9b61519a6b0ef7946ec0de846e48966b0d7b062487de,2025-12-20,GDELT Red Sea Download,military escalation,RED_SEA,GDELT Event 139 between SOM and SOM in SO,
72d605f73c570b03,7ad4907142a1e4b9cd845dd8e525098b16104933034c2dbc191037f4bb4f1d6d,2025-12-21,GDELT Red Sea Download,armed conflict,RED_SEA,GDELT Event 190 between nan and nan in SO,
90fe36794e892934,38ff877290f4ab7e2545010706ed102b29cb8a070f979d5d59ee7ca78062e30d,2025-12-21,GDELT Red Sea Download,armed conflict,RED_SEA,GDELT Event 190 between nan and nan in SO,
c4cca9886e89e56b,22c8b05dfd8c419a4aeefcd660d887b019fd04f9bbe9e1e7a2995697b4e1b714,2025-12-24,GDELT Red Sea Download,armed conflict,RED_SEA,GDELT Event 190 between nan and EGY in DJ,
941380d1a6897b4c,b2734433e0b7fbfbcd8e363acd6b64b3c335f02fa18ebc1c8be0ea368c89e78f,2025-12-24,GDELT Red Sea Download,armed conflict,RED_SEA,GDELT Event 182 between ISR and PSE in EG,
c04e427f447466ac,e78c434aca9779d941953d5ca14dd30f39ecd433f8ec66a36fee706e7534ebbe,2025-12-24,GDELT Red Sea Download,armed conflict,RED_SEA,GDELT Event 193 between ISR and nan in EG,
99481a5fe2990223,ffece24ae1c557d8402abce7d124b5adc603dc2f8129436ad491ebbb54da767e,2025-12-24,GDELT Red Sea Download,armed conflict,RED_SEA,GDELT Event 193 between PSE and nan in EG,
674899c5f90039a7,58ec574f48ab2688c5184e7d16db5e966d8655e69d58fad163e585f08fa6de68,2025-12-24,GDELT Red Sea Download,armed conflict,RED_SEA,GDELT Event 193 between nan and nan in EG,
3a173b3ba1d4ca07,d3749ebc347b25166036f30c336aa5f1fc74e780b901d0ee42f8a1224e31e0d5,2025-12-26,GDELT Red Sea Download,armed conflict,RED_SEA,GDELT Event 182 between nan and PAK in YM,
80e5f8e98cfa8157,bbd3d89b875ade3927818e97f67e1299e77d6dbf1eed1a072cc7cb9d53f00093,2025-12-26,GDELT Red Sea Download,armed conflict,RED_SEA,GDELT Event 182 between PAK and PAK in YM,
c665435e736e3fc8,038ca01eaadf70bafb093a3c8c4ce25c4ad32bec69057c3d888030f966cd1710,2025-12-30,GDELT Red Sea Download,sanctions,RED_SEA,GDELT Event 172 between EGY and EGY in EG,
d92ffbd606657ec4,ef2fb5c15ad0a1bb5a6cfa5b675016edf20f6f711dd61cdf480b320c2e6a892c,2025-12-30,GDELT Red Sea Download,armed conflict,RED_SEA,GDELT Event 1822 between EGY and nan in EG,
d89da56ea766b7e8,fed8d4211b49f04c92aac8b8356ff71f09f08ac4e2b6335e82bf74f8e5c425af,2025-12-30,GDELT Red Sea Download,armed conflict,RED_SEA,GDELT Event 186 between EGY and nan in EG,
78784d31cf4121af,03bc2e23206da74c40505f9d5567d322a2eb3802a60daf77368512453687df0f,2025-12-30,GDELT Red Sea Download,sanctions,RED_SEA,GDELT Event 172 between EGY and EGY in EG,
9b0483f8118d42cb,3af8182b698d8c600615a813a15a661bdc4b413fb7f80ec4383fdbbbdb5c68fe,2025-12-30,GDELT Red Sea Download,sanctions,RED_SEA,GDELT Event 172 between EGY and GBR in EG,
d6150c50f28a0982,fdcdd454d2946d04c2a728222bac89563bdeb495e1809b3a4b8686f8e92238d7,2025-12-30,GDELT Red Sea Download,armed conflict,RED_SEA,GDELT Event 1822 between GBR and nan in EG,
7219ab6eef876fdf,b970397e0fd43ce999f66f422004bd164792557a5c0f3fce6c62263933f4afcb,2025-12-30,GDELT Red Sea Download,armed conflict,RED_SEA,GDELT Event 190 between SAU and YEM in YM,
25206b7e93a1f817,70950c44d487c38586f44de6fc6f4122656b2d747d6680dedc7ae0dadc806b8b,2025-12-31,GDELT Red Sea Download,armed conflict,RED_SEA,GDELT Event 182 between nan and YEM in FR,
d959fe389a190b38,a894e8333b637fbc236528bb490a61ae6c898c99e7b45eb91ab4a1672e001672,2025-12-31,GDELT Red Sea Download,sanctions,RED_SEA,GDELT Event 172 between MLI and nan in ER,
3bcbebaf2b7d9344,4bf6cf2535c8afd59631db3e4e27b0f6f5ea589efa28b9377c47a810f01fabf3,2026-01-02,GDELT Red Sea Download,armed conflict,RED_SEA,GDELT Event 195 between SAU and YEM in SA,
a2be114a6c6463db,9929302ddf595c17e2ebfcf05b7091fb7e340b3547b52bfc1b1bd6f22fd96cf9,2026-01-02,GDELT Red Sea Download,armed conflict,RED_SEA,GDELT Event 190 between SYR and IRQ in DJ,
9b9cf1846e132498,e2152f2394e473cfc0e9f2068a58672877f03f645d86edccf9da55a60a8d35ce,2026-01-04,GDELT Red Sea Download,military escalation,RED_SEA,GDELT Event 130 between SOM and SOM in SO,
20e6174891609c13,bce56290565fc08224a6f0c74062a362055efb4e637325eacad163131b4428c7,2025-12-29,GDELT Red Sea Download,armed conflict,RED_SEA,GDELT Event 190 between nan and YEM in nan,
4227f55a604d843b,2bcd86fb52a91d78690ddd0ab57c0a31db6db829d12ab52952b98b2b75c62422,2026-01-06,GDELT Red Sea Download,armed conflict,RED_SEA,GDELT Event 192 between nan and YEM in YM,
6a2863f1f2e8ec11,8dc56da22b127927656dbd381ceb593b84e908db33e150a08d41e0a5f3fd4356,2026-01-06,GDELT Red Sea Download,sanctions,RED_SEA,GDELT Event 173 between nan and nan in EG,
9e6122cb34b1065e,dc0884a47317a0a74474f843dc5e4036052d657754974217e63bd18ae75200f7,2026-01-06,GDELT Red Sea Download,sanctions,RED_SEA,GDELT Event 170 between SOM and nan in SO,
d07a7035aa9ae4be,71afbe3a3593a795618c46bfa35335c1ee3fdb0447a8e1e9eb957201998cd062,2026-01-06,GDELT Red Sea Download,sanctions,RED_SEA,GDELT Event 170 between SOM and nan in SO,
4b3e14a495f3964d,7a30f7413bf3264f7f0bee7654a9282575a9f84a0d8b239f9eea3516d890341d,2026-01-06,GDELT Red Sea Download,armed conflict,RED_SEA,GDELT Event 193 between USA and USA in SO,
d041bb3b4d44c4db,b1020ed72fb9376a5492204323f671276006d9ade3a584ead062cf81da2abb63,2026-01-13,GDELT Red Sea Download,sanctions,RED_SEA,GDELT Event 173 between nan and nan in SO,
233ed94581686e52,871ed45284f4ec2251dc5e1c884fe78d9a1119b48dad917f3607bd5422dd90af,2026-01-13,GDELT Red Sea Download,sanctions,RED_SEA,GDELT Event 173 between nan and nan in SO,
fd0ce97cc0351757,65481fbc6d9e25a66ae0ff20f378583240ad45d3a4f6678bcd8460b2303060e1,2026-01-13,GDELT Red Sea Download,armed conflict,RED_SEA,GDELT Event 190 between EGY and nan in EG,
810481677a39e2b9,1dfb0aab24d777c5d8715be9deaaba3f72828c2fb445d9128a7f87230cc7ac13,2026-01-13,GDELT Red Sea Download,armed conflict,RED_SEA,GDELT Event 194 between EGY and ISR in EG,
5cf0a1d8f67b1bf4,feeedacf9345470827b8fa07c3ecdea2972735d292c2b70a3ba7f7b869362bc0,2026-01-13,GDELT Red Sea Download,armed conflict,RED_SEA,GDELT Event 194 between JOR and ISR in EG,
8882e0314d507506,8bed12a1f9686ffdb2d4a4f056e609092d3214fd3a16d8ff4e6a09745028b311,2026-01-13,GDELT Red Sea Download,armed conflict,RED_SEA,GDELT Event 194 between LBN and ISR in EG,
b3c45e9ebe96a431,395c5d595d5b0c423372f9cf48c2dbaed8101a38a839c3690d8950f57fa7f4a0,2026-01-13,GDELT Red Sea Download,sanctions,RED_SEA,GDELT Event 173 between USA and nan in SO,
04d77324152e96bc,96e9f36a93024d42be04aedcc112de1424534ce0199060814d7475071b37aa1c,2026-01-13,GDELT Red Sea Download,sanctions,RED_SEA,GDELT Event 173 between USA and nan in SO,
bc6efcf9f88f044b,c15d0392f8a1938299dc30fc5c10c4c9ae7d91d78127ff977ae84f38d30e122b,2026-01-12,GDELT Red Sea Download,sanctions,RED_SEA,GDELT Event 173 between COD and YEM in KE,
dfc4b3e87c0f33b4,a282f986f0acc33e6ebbd7eadd922d531bdc87534b53df3263e98b428f6ed7f1,2026-01-12,GDELT Red Sea Download,sanctions,RED_SEA,GDELT Event 170 between USA and SOM in SO,
8d2794ccb2753258,679359fcdc38d2fb86ca686a1974b70a049f09f9645da831554b8f407904853b,2026-01-14,GDELT Red Sea Download,armed conflict,RED_SEA,GDELT Event 190 between USA and nan in SO,
e99ee564cf7f1236,9a275fd7d650fa6df9d209a9193655d4527c2085c2bbba6ccd987779f8e82a24,2026-01-14,GDELT Red Sea Download,armed conflict,RED_SEA,GDELT Event 195 between USA and SOM in SO,
4763929069a2bf00,0cb6d14923dc656b6a9eece5a3acf9ea171cd7579c17f1d53bc19bf2cf41beda,2026-01-14,GDELT Red Sea Download,military escalation,RED_SEA,GDELT Event 130 between YEM and SOM in SO,
6c48983d1b635f22,426b09c322bb3bba9f0bca722a9e03e26255551e0d0fe13b8a451723ea3625aa,2026-01-14,GDELT Red Sea Download,military escalation,RED_SEA,GDELT Event 130 between YEM and SOM in SO,
7243f181ad14443d,6416836b14bd27bfb9e6c0327b67e0742704921f8cf921c246642e1b83d364f0,2026-01-14,GDELT Red Sea Download,armed conflict,RED_SEA,GDELT Event 190 between YEM and SOM in SO,
e1b8d48a06a2dccd,1c525a902bcdd0a694569a63bd90e84d2213e4725cb7491b0a51c741ea2659e7,2026-01-15,GDELT Red Sea Download,armed conflict,RED_SEA,GDELT Event 190 between ERI and ETH in ER,
6c5e3b32f53424f4,653e7771af0d7a0c490d7d538283184c2b56a13474d751410a0d7939b73f5a4b,2026-01-15,GDELT Red Sea Download,armed conflict,RED_SEA,GDELT Event 190 between ETH and ERI in ER,
e443d24e6cb079a1,6f0d4c495326188e072dac6a5133dd00a43218d5d963f00ef89ffb855595c927,2026-01-15,GDELT Red Sea Download,armed conflict,RED_SEA,GDELT Event 190 between IRN and YEM in SA,
087ad642fb01cf84,4b7c37302efd22a9d746ce915403d7cf9a57ad8bcfd34d16a2281aabda77a013,2026-01-15,GDELT Red Sea Download,armed conflict,RED_SEA,GDELT Event 190 between IRN and YEM in YM,
a6b4291816db9d4d,7c2e8009ed422c161b209892ada5f84714dd18c5f8553b453120dfa99e98d2b1,2026-01-15,GDELT Red Sea Download,armed conflict,RED_SEA,GDELT Event 190 between YEM and IRN in SA,
5ab78153788b4bc6,64e99d1780321b116d73fe1e940726c72aae18be79b146c704d611ac10a35ad6,2026-01-15,GDELT Red Sea Download,armed conflict,RED_SEA,GDELT Event 190 between YEM and IRN in YM,
d7f7aa9131cac9c3,2ca49c8af86791d2bacb756098a5341ff531afbb64334701ab837511793606ae,2026-01-16,GDELT Red Sea Download,sanctions,RED_SEA,GDELT Event 173 between SOM and SOM in SO,
0295e7c322ba8a1f,f45ea04fee19e616d424a6e0b3bf1aa9ce3e95d327d8afe7bba04512b5fabf42,2026-01-16,GDELT Red Sea Download,armed conflict,RED_SEA,GDELT Event 180 between USA and nan in SO,
2140a5c1e183332a,699b8dff1c86d4d8f6e12303cfec1b059030c06b1a238f7a018760c82377cbc3,2026-01-18,GDELT Red Sea Download,sanctions,RED_SEA,GDELT Event 173 between nan and SOM in SO,
cdfa313ca08fa122,b7ec266cc82a4cbca97e3ecce03ff70a11f3f3b68f2c22bad0d5de9e1126bff0,2026-01-18,GDELT Red Sea Download,military escalation,RED_SEA,GDELT Event 130 between nan and USA in ER,
205b960add3e5dd2,c277809084bc0806a641bdd9c6297f90e07ca5f15ddf09a2b3a6cffed5b7632c,2026-01-18,GDELT Red Sea Download,military escalation,RED_SEA,GDELT Event 130 between USA and DJI in ER,
d6d6e91f1a794b9d,ebea8620946213494c79869b3d8dc0b09e58949e58b15b2062441a17e2422692,2026-01-20,GDELT Red Sea Download,armed conflict,RED_SEA,GDELT Event 192 between nan and nan in EG,
d536f3841119e331,93dbfb6f7a55506cb0a2d741ca9d1991bc2f70e1d8b9f79b2e4abc564cefc28a,2026-01-20,GDELT Red Sea Download,sanctions,RED_SEA,GDELT Event 172 between EGY and nan in EG,
05cc78add43e31c4,8426d7d1313ed57d5b08c554bf379be1080bcf9c100e6511e4b6384ee575d69c,2026-01-19,GDELT Red Sea Download,armed conflict,RED_SEA,GDELT Event 192 between ISR and EGY in EG,
b64b4e532dffe580,4c18ef896ab4b767bd9dd3cf4bf2e29df448ac7eaa7dbc5a6098b6b66232ff92,2026-01-19,GDELT Red Sea Download,sanctions,RED_SEA,GDELT Event 173 between YEM and SYR in SY,
ed67528e13baf08f,977b1e07a8f348686c96fbde4d0b063b066604ef17003c5af373e9bb741fce42,2026-01-21,GDELT Red Sea Download,sanctions,RED_SEA,GDELT Event 173 between USA and nan in SO,
46907f5667b716c9,411ffb859d9354b32009ac56ab4ca4b463b709edbd3e8f1a3251d09333fc0195,2026-01-21,GDELT Red Sea Download,armed conflict,RED_SEA,GDELT Event 190 between YEM and YEM in YM,
8dc277a2e81f3b75,52633b0c0214423925453add66064ec1498757147f0a501487ddf9251d739e01,2026-01-23,GDELT Red Sea Download,sanctions,RED_SEA,GDELT Event 173 between nan and SOM in SO,
d9fea5746d5bf507,980fdeb80d5b1f6e6aec259d427a6682fbeec60070f2833c8415ef6086f21db3,2026-01-23,GDELT Red Sea Download,sanctions,RED_SEA,GDELT Event 173 between SOM and USA in SO,
4d38ef52023b6712,873790b5127920cbb6cc72b452de78bfd5be89170808c6aeba8f64b3226d772f,2026-01-24,GDELT Red Sea Download,armed conflict,RED_SEA,GDELT Event 190 between nan and nan in SO,
d0f0cd94da36f687,d1dcd20903b7cad495a3af7dabaff76362bebe14ee80dfb50a788543b72a7550,2025-01-25,GDELT Red Sea Download,military escalation,RED_SEA,GDELT Event 130 between nan and EGY in EG,
648def7c108af9b3,43c023989adca7bbf8759a740e5b5494adb879f3bcdefcb0e6227c1883eb3887,2026-01-25,GDELT Red Sea Download,military escalation,RED_SEA,GDELT Event 130 between nan and EGY in EG,
60e1fb9da84d4642,71425c3ec39ca146f261d6bc5bcb96d56bcbd8146a051e526b30ae7e7c167413,2026-01-27,GDELT Red Sea Download,armed conflict,RED_SEA,GDELT Event 190 between IRQ and ISR in YM,
874d52358e5994e7,7881af56d95f687c4ebaa4b190a51b433cc1fc9cccdef728c14dc606e7d88e63,2026-01-27,GDELT Red Sea Download,military escalation,RED_SEA,GDELT Event 130 between ISR and ISR in YM,
d500008e1d9e8c8f,e0e38f3cd96459d45c2d7114805fe37f0c39a47b0baed3ff73e0b973765370db,2026-01-27,GDELT Red Sea Download,military escalation,RED_SEA,GDELT Event 130 between nan and ISR in YM,
460a8f3c58e7119a,84fe986e92d6a41fe53348398f47d20471e17f255fa857c803aa35097f9ba969,2026-01-27,GDELT Red Sea Download,armed conflict,RED_SEA,GDELT Event 194 between YEM and ISR in IR,
79deccbf86f6594e,1aec3db328ddcd63776e5480ec4ea66c801faeb1fbf67842297b3f900707db59,2026-01-27,GDELT Red Sea Download,armed conflict,RED_SEA,GDELT Event 194 between YEM and ISR in YM,
7e53a18a69c517ca,eb4c7198e4cc416a28961419f350ea976a4b8fa59cb42e5721b8d221f169d269,2026-01-29,GDELT Red Sea Download,armed conflict,RED_SEA,GDELT Event 193 between USA and USA in SO,
584a4bd9172b614d,8252863b3484edb3f728b0cdfb468c8a6215431d06b12dc9d2642a1e870a3896,2026-01-31,GDELT Red Sea Download,military escalation,RED_SEA,GDELT Event 130 between nan and IRN in EG,
67269ea4f1ca7139,889015ae4d1d28f4031a24b250704a28fc9c9822332d7c059606cadd7dfaf321,2026-02-02,GDELT Red Sea Download,armed conflict,RED_SEA,GDELT Event 192 between EGY and PSE in EG,
399a85966f560b20,1e686191ab96b4355556b8d4a976d40730d6d9493788225e89bf8b313076164d,2026-02-01,GDELT Red Sea Download,armed conflict,RED_SEA,GDELT Event 190 between USA and nan in SO,
c23a221eaa836e3a,17bb83bcf2c26bd120ceb7a2440d58b2aa0bbc0db7018bafcd296637cf4ebf31,2026-02-04,GDELT Red Sea Download,military escalation,RED_SEA,GDELT Event 130 between nan and nan in SO,
e1afb32645e095e7,b0788a0362e069ec9e0e7f9d0be7e4a9a7abcba6ef8f3e686c1e4869338c1391,2026-02-06,GDELT Red Sea Download,sanctions,RED_SEA,GDELT Event 173 between nan and nan in EG,
ab9b1ac469362cd0,92e9ca7081921d58b068095e237ed1706f312da47dc4d38478ca0f97272d547d,2026-02-05,GDELT Red Sea Download,military escalation,RED_SEA,GDELT Event 138 between SOM and USA in SO,
54d288a3d3cf80bf,59465f875937d8c08fa84073717a951a3006c0f9502b7c161a0d973b18c73ed4,2026-02-05,GDELT Red Sea Download,military escalation,RED_SEA,GDELT Event 138 between USA and nan in SO,
32d778470859ef33,128532294fdb5e404959d31f2fe9bb4b8e77c39a64a0a7e48c297d6b28566ce8,2026-02-10,GDELT Red Sea Download,military escalation,RED_SEA,GDELT Event 139 between EGY and nan in EG,
463eac8dee4c1d7c,8e6a4c5d299b68653836e75262160201619b099c533b7d37102bdc25413db45e,2026-02-10,GDELT Red Sea Download,military escalation,RED_SEA,GDELT Event 130 between nan and ARE in YM,
732e000a399a846f,dae620e4164f182c969d4bd23c27407715b8d070ee732d4cc5a0a86cdea1f89e,2026-02-10,GDELT Red Sea Download,military escalation,RED_SEA,GDELT Event 130 between ITA and nan in YM,
0e26bba368ea0b75,65387a7ea85a476c4b641a76be380ad0621a41ef83485451aed964ca199f73cc,2026-02-12,GDELT Red Sea Download,military escalation,RED_SEA,GDELT Event 130 between nan and YEM in YM,
f237402f07f19c54,900aecc8faa117bed7ac7b2f21e205e811af23412c62d0546830e13e0563fbf1,2026-02-17,GDELT Red Sea Download,military escalation,RED_SEA,GDELT Event 138 between USA and nan in SO,
e7c6ad18e5bbfbc6,095d762987b6c39e7dea8b263a4d9a377d5f5c527fe9dbdc01b691f362fe2ab4,2026-02-17,GDELT Red Sea Download,sanctions,RED_SEA,GDELT Event 173 between USA and nan in SO,
beb269ee9cfdfed3,e047276171368573767f3b236604df1de2088e1c51d8a485bb35c6ef9dad0f8c,2026-02-20,GDELT Red Sea Download,armed conflict,RED_SEA,GDELT Event 190 between EGY and ITA in EG,
fa08b0d8819886e1,c638481fa5b83c3156c8086912e1fcfd3c326655247a5a2c05d59909c2c3edad,2026-02-20,GDELT Red Sea Download,armed conflict,RED_SEA,GDELT Event 190 between EGY and nan in EG,
73c692f910638753,e684b18499d3ab040e2a2a2c759af94f37e8b83136a813c700ff5f5a06b85f85,2026-02-20,GDELT Red Sea Download,armed conflict,RED_SEA,GDELT Event 190 between ITA and EGY in EG,
a56fad169c5eabe3,badde591a753e02174c1d2683a4b77585aa87f0c22ee7ca83320990a6eef7bcd,2026-02-20,GDELT Red Sea Download,armed conflict,RED_SEA,GDELT Event 190 between ITA and nan in EG,
2415423a06f12c82,49753f36233ad61f4e3c597d12dfaba109fb46ccec2fe22661ee7db9300e6e56,2026-02-20,GDELT Red Sea Download,armed conflict,RED_SEA,GDELT Event 190 between nan and EGY in EG,
982f6fff2c115e0a,10f15498152042058d552198adf585a7e6e138b08cde90f479727ff745912e85,2026-02-20,GDELT Red Sea Download,armed conflict,RED_SEA,GDELT Event 190 between nan and ITA in EG,
0be3fe1cc602dde9,78a5d956b083398eb55578be5c3eb9e41f881bd242d3a4fc555d93f6b2a3326d,2026-02-24,GDELT Red Sea Download,armed conflict,RED_SEA,GDELT Event 193 between YEM and ISR in IR,
48fbd7325b8243f1,2fb6d5d8ef9a1019031bcffafc902539df01b484df7c44f540ef9499e08dedd9,2026-02-24,GDELT Red Sea Download,armed conflict,RED_SEA,GDELT Event 193 between YEM and ISR in IS,
02cd8e69589a32cb,c3a84188375e254521e6a3c057fc5d43953f42047be502a28e917d2e382efe7d,2026-02-25,GDELT Red Sea Download,armed conflict,RED_SEA,GDELT Event 190 between nan and YEM in YM,
a64f5e1d4f3e6693,b60e12307630d541c65cc80540d9445b572f8b2194a97afa11ba4d7a06630886,2026-02-25,GDELT Red Sea Download,armed conflict,RED_SEA,GDELT Event 190 between nan and YEM in IS,
35d9c84bafd9a8f8,1fd3ae81484e1e958a45a522b8e1ad29defa7b5d5ce892145ff4eb88b3d376cc,2026-02-27,GDELT Red Sea Download,armed conflict,RED_SEA,GDELT Event 193 between nan and nan in EG,
5ab1b99ff12aff8d,b1e03e5ef3d937f9bba6f012b0b9abc7e0fe81e983201bc6401a13e18a77f031,2026-03-01,GDELT Red Sea Download,armed conflict,RED_SEA,GDELT Event 190 between nan and nan in SO,
f65edbea6e655ad4,e48c184250bdd42ac1066f9afe71aa58f255f1a5ba092dcd9bb05489a556efb7,2026-03-01,GDELT Red Sea Download,armed conflict,RED_SEA,GDELT Event 190 between SOM and SOM in SO,
5237ba01b2fdce1a,321844f56d25e165afd781488a86baf01b89851a2e006a3019c8ea462005d7c7,2026-03-01,GDELT Red Sea Download,armed conflict,RED_SEA,GDELT Event 190 between SOM and nan in SO,
b34415dc3d2d1039,77608e4da3b6437ccb696d2ac34f9f1c36223b6c5a949f6ab08d2f1d00448a12,2026-03-01,GDELT Red Sea Download,armed conflict,RED_SEA,GDELT Event 190 between SOM and SOM in SO,
119c32fd90698ebd,5c4c311ebe155af0fb631553f2e3ef550a7c8d6da7bd7e289994a6120121a2e2,2026-03-02,GDELT Red Sea Download,military escalation,RED_SEA,GDELT Event 130 between USA and SOM in SO,
6f2a447a032fd836,97bd7822902a2cf679ca5ce642b1d4ff97e911efacf3f3ac1077f952591e0f13,2026-03-02,GDELT Red Sea Download,military escalation,RED_SEA,GDELT Event 130 between USA and SOM in SO,
1fed6c2eba106fbb,4a4ba0baefa80258a873e4bbd5aaf7c24046fbfea34156864af72d910915b480,2026-03-03,GDELT Red Sea Download,military escalation,RED_SEA,GDELT Event 130 between ERI and ETH in ER,
3fd68cd89b285e59,83f89861fc6abe2b8a899fa4625f643434b64b6b26ecb9da97f0edfc09d9bb88,2026-03-03,GDELT Red Sea Download,armed conflict,RED_SEA,GDELT Event 190 between nan and ETH in ER,
41a95a14d40b9fd2,3375b0ab91aa3bb1a58b9d0fa51bce0b5172a3a4eb4b70a32b51ba13f9d4b8b3,2026-03-03,GDELT Red Sea Download,armed conflict,RED_SEA,GDELT Event 190 between nan and nan in ER,
2110e13ed2ada511,2595054eea8df1a781b67ec7d53fe3c8f69c91e654db66a84f2348e0f9d7702c,2026-03-03,GDELT Red Sea Download,armed conflict,RED_SEA,GDELT Event 193 between nan and nan in YM,
bcd6273e2d564133,0680684220e76eda06fe442fb6ef7ae02c562884fde8b3a785bcea3a54250ab8,2026-03-06,GDELT Red Sea Download,military escalation,RED_SEA,GDELT Event 130 between IRN and YEM in CH,
23d48ff7ad370063,5ad243ce98fe1f350b62d95498134b95ce62a7633f64ccec400760eb9ee2a3b2,2026-03-07,GDELT Red Sea Download,armed conflict,RED_SEA,GDELT Event 190 between YEM and SAU in IR,
302d4f5cc4ac1208,be8258f6f78f7f0fb07f09a4027afb96dc60f4f85cd76d1beff5f66bcba030a0,2026-03-07,GDELT Red Sea Download,armed conflict,RED_SEA,GDELT Event 190 between YEM and SAU in SA,
475db5b3bb89788c,b3a9a91f3a0842986140c6f519984e36981e445a0174cc478f3bf0d4d5fae38f,2026-03-07,GDELT Red Sea Download,armed conflict,RED_SEA,GDELT Event 190 between YEM and SAU in SA,
5fdca694ce9b662b,da96cdebc6cb4842e3e7d4e3c169ee21ddbd43b1d3c0ec0218d14a620b0d7c10,2026-03-10,GDELT Red Sea Download,armed conflict,RED_SEA,GDELT Event 193 between CAN and nan in DJ,
345ae805dfbf78e4,bf082d056d822e222d2717601b1bac9df7a3c46684162819ad018ab57688c301,2026-03-10,GDELT Red Sea Download,armed conflict,RED_SEA,GDELT Event 190 between YEM and nan in CE,
bf1c8d24ed168635,641cc868faf0df7f2e55d2886ca19a32be0ed5792daa72c2b201a4e46acd57a1,2026-03-11,GDELT Red Sea Download,armed conflict,RED_SEA,GDELT Event 190 between IRN and SOM in SO,
2a5e7f62cd91e7a3,949f4e8bbf1bcbb21c597d20f9bbf5ee83bd95f2f06494a4ebf960b6c377431a,2026-03-11,GDELT Red Sea Download,military escalation,RED_SEA,GDELT Event 134 between nan and IRQ in SO,
2478b40a629131c4,90987659c078bf97382f01425150597dccab4a0527d302cc301c1c2ae6b5b84f,2026-03-11,GDELT Red Sea Download,armed conflict,RED_SEA,GDELT Event 190 between nan and IRQ in SO,
1d412cf904c3bdc6,5eab0dbe4c02301ba46c8cd41ce6a10fe5cbc896daaa55c3a9c3d9b0abd6e693,2026-03-12,GDELT Red Sea Download,armed conflict,RED_SEA,GDELT Event 190 between DJI and IRN in DJ,
acf794d9dff8062e,f610d5be4490d0c8948604a12285ca39d4220b60d408e635b4c9756490021d84,2026-03-12,GDELT Red Sea Download,armed conflict,RED_SEA,GDELT Event 192 between DJI and USA in DJ,
977634bc91200278,222c77606cfaf132a2243cb13b1b2f5b4f25c4b82d842d049fb33e15a6d1e2ec,2026-03-12,GDELT Red Sea Download,armed conflict,RED_SEA,GDELT Event 182 between DJI and USA in DJ,
79a9f1c58b538d20,87938dd5e0b72704c387a301545c5b8e25e0ef4265a129a1d655c574a2aec81b,2026-03-12,GDELT Red Sea Download,armed conflict,RED_SEA,GDELT Event 192 between USA and nan in DJ,
2362aa8f55e679a5,15ca4017a6c392ec968bd421d66fe02acf31bb262e56b264fff38f4dc5a06f71,2026-03-15,GDELT Red Sea Download,armed conflict,RED_SEA,GDELT Event 190 between YEM and EUR in DJ,
6d0966ec02ad62fe,081245d4711741788ea983ba6772adea57683a3456161e2d1b7ad03852fb0ffc,2026-03-15,GDELT Red Sea Download,armed conflict,RED_SEA,GDELT Event 190 between YEM and EUR in UK,
928fc3b4d2a23992,c63240adecdba439a35427134b115c1889b6b320c788a4cfc7fb37e36aed8f28,2026-03-16,GDELT Red Sea Download,armed conflict,RED_SEA,GDELT Event 190 between SOM and nan in SO,
71d07414bed56e0c,7f59b5ff60a108331242b123e0ebefbc4ef61103d799aafc74c377c64a4a48a4,2026-03-20,GDELT Red Sea Download,sanctions,RED_SEA,GDELT Event 172 between EGY and nan in EG,
509f60bf706caedd,1c723118071f2b24a575d23d5e6f379a82fd38b8e1df18b341f564b4207b6e9b,2026-03-20,GDELT Red Sea Download,sanctions,RED_SEA,GDELT Event 172 between EGY and nan in YM,
81a9bbbed230058d,5ecb8e32f612c14c5066226830279a8f12377cfb83628f7457a71d1f9d7826e5,2026-03-20,GDELT Red Sea Download,sanctions,RED_SEA,GDELT Event 173 between nan and USA in EG,
61a4ace2a59fbab4,36c15f7f90c3ddd6d7cc63eb3d88108bc30adf5a5bfa4102804488055e7fc137,2026-03-20,GDELT Red Sea Download,sanctions,RED_SEA,GDELT Event 173 between USA and nan in EG,
e4e244639c01f448,c77e8563dcaad7d56c77b20afbdbefa5347a6418b3ca0a5601f9a5b672305fb9,2026-03-22,GDELT Red Sea Download,armed conflict,RED_SEA,GDELT Event 186 between EGY and EGY in EG,
9ee163327b6f32f8,8f83ce258bb125b76bf6955c9716c56ff483936d9e919a252891bdaa8fa6245b,2026-03-22,GDELT Red Sea Download,armed conflict,RED_SEA,GDELT Event 186 between EGY and nan in EG,
83e2c0a293ad2091,695a6689067a4dfca148f20114c6f3498797ecb69fced0a52ff771dd99bdc787,2026-03-26,GDELT Red Sea Download,armed conflict,RED_SEA,GDELT Event 190 between nan and ETH in SO,
061fb6e8c5076ea8,a8e07cf7a707ea5170283897b4eb324c7631eda7090d3f047c363f674d7427c7,2026-03-26,GDELT Red Sea Download,armed conflict,RED_SEA,GDELT Event 190 between ETH and SOM in SO,
51467d266ccb84c8,4802ee65f3ec57bc6c7bfea880b8d543c26211dc40ad3ca18cba60873276dadf,2026-03-27,GDELT Red Sea Download,sanctions,RED_SEA,GDELT Event 173 between ERI and nan in ER,
6bc5f60c8756980d,28ff9f0156fd5d1724c37de527123b11863e8a85522e3dea5b3960ac30d9cfce,2026-03-03,GDELT Red Sea Download,sanctions,RED_SEA,GDELT Event 174 between SOM and SOM in SO,
c70ac4605bdd7afb,3532934916c1104a4b1261e4c297ac88ee9fbca5a42d6c241deab6d3b24861a1,2026-04-02,GDELT Red Sea Download,armed conflict,RED_SEA,GDELT Event 192 between nan and nan in EG,
7340c13925a32618,8ca371f48a29bc8722185226cf3e227aaeda1fd24292d0a18ff48355465e999b,2026-04-03,GDELT Red Sea Download,armed conflict,RED_SEA,GDELT Event 190 between nan and EGY in EG,
f8dc47ecac20e9f4,381c65c0adbcd8e5a6d33335ec0294535dffe5a84ee25e80aad2a1eaae909869,2026-04-03,GDELT Red Sea Download,military escalation,RED_SEA,GDELT Event 130 between EGY and IRN in EG,
bd1ca06b57d44262,16ebcf56405fe52e11a398be7c2c9f6d2efb8ca9edc7cea5c200397fa4f34edc,2026-04-03,GDELT Red Sea Download,military escalation,RED_SEA,GDELT Event 130 between nan and IRN in EG,
12cfe3d3f25f090a,cb57d12e5c812bd68bb4964b1e34966bea479c055892a8f82355160ddafcec29,2026-04-03,GDELT Red Sea Download,armed conflict,RED_SEA,GDELT Event 182 between IRN and EGY in EG,
5f9669293e8bcaaa,02963431d606c963aa2ab43aaa1a71983dd2a32163d5ea3cbbc4007d4b0d4fbf,2026-04-03,GDELT Red Sea Download,armed conflict,RED_SEA,GDELT Event 190 between IRN and EGY in EG,
7fbff22015c403b3,c2d9e30e68b1374681ea1e4d11fba46073376b11f3fafeeb3da8c3cf2ac5843a,2026-04-03,GDELT Red Sea Download,armed conflict,RED_SEA,GDELT Event 194 between IRN and EGY in EG,
1bf0cc325fe3338a,bf286fcb0a4e299ddb42f9719500bc2960a1238c9e8f9954dcaa9351bcecfe19,2026-04-06,GDELT Red Sea Download,sanctions,RED_SEA,GDELT Event 173 between nan and nan in EG,
bfd0b85b5a923868,f5296a12becafd7c44091ddc94e54d3e5e61ec28e6bed43e0d41d7e218e866ca,2026-04-09,GDELT Red Sea Download,sanctions,RED_SEA,GDELT Event 173 between nan and YEM in US,
edcf31c155730d18,59c9eda71fe8f4781c76d11abbe091162a4331838f7bb388cb17196fc9b3990a,2026-04-09,GDELT Red Sea Download,sanctions,RED_SEA,GDELT Event 173 between nan and YEM in US,
6d215243bed4ce86,f64de9d4a336ea22dc04182986bd243d74b589a7bf558a3c88afc3c83ef1bee6,2026-04-12,GDELT Red Sea Download,military escalation,RED_SEA,GDELT Event 130 between YEM and DEU in GM,
82284ec3f73d6670,6aa21ca4b26270ac90015c04eee58bd47a9da679feb11c923ba316579e5aef1c,2026-04-11,GDELT Red Sea Download,military escalation,RED_SEA,GDELT Event 130 between nan and nan in EG,
e328bdd5e228021b,4b7b9778beeb4863f048ebbfa66150c52a307994288dcd7594e08548245383c2,2026-04-11,GDELT Red Sea Download,armed conflict,RED_SEA,GDELT Event 190 between nan and nan in YM,
1bfe8b5e5f66adf7,c46ce8728e95d65d8f9099278e57469d3a7e7618895ea9dae7dfaea993a0b63b,2026-04-11,GDELT Red Sea Download,armed conflict,RED_SEA,GDELT Event 190 between nan and YEM in YM,
4f4acbcf2cfa4975,a9b1fcbb2bb1216b3d1aea4867265545734131b79b6ea526caab8d9a9f454266,2026-04-11,GDELT Red Sea Download,armed conflict,RED_SEA,GDELT Event 186 between YEM and nan in YM,
543de0f9463b9d4a,7df7108391b9397a5f878d02000a8e9c164ac5e91280c1ecc41b89fc9cdbd9f5,2026-04-13,GDELT Red Sea Download,military escalation,RED_SEA,GDELT Event 130 between nan and nan in SO,
99ab366b5110e9c7,f385c20c6f2292ee3850d4cb29e7400b521c4f2298f485e0cb8f598d4eba834c,2026-04-13,GDELT Red Sea Download,military escalation,RED_SEA,GDELT Event 130 between SOM and nan in SO,
033c77c039695bef,35f0d7929863b367b6eb1c0f8e23077c0144a4f5b527506f64b4ceb48f47787e,2026-04-15,GDELT Red Sea Download,sanctions,RED_SEA,GDELT Event 173 between USA and nan in SO,
3435b1021ef8b585,d66d975ba93b4a6cf88c05108f71008a3d8d0ec1b83dccea757fa0d05411deff,2026-04-17,GDELT Red Sea Download,sanctions,RED_SEA,GDELT Event 1721 between nan and nan in EG,
644aeb6991541726,9d4b58c27e519570b9748f39e8c9f1ad148ebcd9f8921b3a41b5ba3aeaca336b,2026-04-20,GDELT Red Sea Download,sanctions,RED_SEA,GDELT Event 173 between EGY and CHN in EG,
914042a488b77d8d,8c9bd3ea203b1ac85f9f08940abaf63576e509e52cec2d8d437df08dd6f2f63c,2026-04-21,GDELT Red Sea Download,armed conflict,RED_SEA,GDELT Event 191 between nan and USA in DJ,
6b28d8f7d982763a,788711007d935f277ccab20e670174e62ab2d89fdbd2220b50d3ca4651aa3dac,2026-04-24,GDELT Red Sea Download,sanctions,RED_SEA,GDELT Event 173 between nan and EGY in EG,
f0a424062ae1d083,e65c8672f45e386b09dc989e8db066892279e6fb2a3a871d0d7e6516a29e6def,2026-04-24,GDELT Red Sea Download,armed conflict,RED_SEA,GDELT Event 190 between ISR and LBN in YM,
deab51386ab2aad4,23d9d617d9e7b9e40abe05a770a74583272611bf701d826276fb18e52b6916b3,2026-04-24,GDELT Red Sea Download,armed conflict,RED_SEA,GDELT Event 190 between ISR and nan in YM,
5dd0855c4097a2c7,519b1a280e85778ee3f42bcf9b37a79d541b93a732c6be64952df64ff62109bb,2026-04-24,GDELT Red Sea Download,armed conflict,RED_SEA,GDELT Event 190 between ISR and YEM in IS,
75d747ccdcad9b12,8bfd63e5bde1a581b9e3a7d2c90f2144a07ff71648e16013a79a3664c8810e8b,2026-04-24,GDELT Red Sea Download,armed conflict,RED_SEA,GDELT Event 190 between YEM and nan in IS,
bd7e45ab231d405f,0f03e5bd6d4b9dbf65c33a49d1d9d6a9ab32a8e650e0cf53f4ac3e075c132e09,2026-04-24,GDELT Red Sea Download,armed conflict,RED_SEA,GDELT Event 190 between YEM and nan in YM,
69cb8c0899fa846d,1ef8978111ae4837e84c82c5157a62138c66cdf306bfa06f91905587767f0962,2026-05-06,GDELT Red Sea Download,armed conflict,RED_SEA,GDELT Event 193 between nan and SOM in SO,
122f73c0d5aac12f,45a9b887f48cc2629206e6bdad2f37ef8e696dd03132a931f1822e5f605f593c,2026-05-06,GDELT Red Sea Download,armed conflict,RED_SEA,GDELT Event 195 between AFG and nan in SO,
095e4835a6290c07,cf4e13692be5fb9576467bea57c68e9718f8bb59c75b3dfe9577e5e3e6ed9488,2026-05-08,GDELT Red Sea Download,sanctions,RED_SEA,GDELT Event 173 between EGY and USA in EG,
c58b6de88eb14631,35ce875c154756e1f49bb14ee979bfd6e48c70af0d3dc2af971916ff6f4e9798,2026-05-08,GDELT Red Sea Download,armed conflict,RED_SEA,GDELT Event 190 between EGY and USA in EG,
1793ab7b7e1aec1d,18bfdea5ab6382fe6bc0fa64bcef212d6dc223d6326527938d99f0136f904e53,2026-05-08,GDELT Red Sea Download,sanctions,RED_SEA,GDELT Event 173 between USA and IRQ in EG,
3d730a1b26713433,af7c18a1352aa8e5ecb7bdaeaa3331faebb07436756f497e751334094e13fa81,2026-05-08,GDELT Red Sea Download,armed conflict,RED_SEA,GDELT Event 190 between USA and IRQ in EG,
f20b6856b340985d,2507ae485fd08fbbe431c0cda4a78f1c7e10204ad4d46f3fdd350b068baf62ea,2026-05-09,GDELT Red Sea Download,armed conflict,RED_SEA,GDELT Event 190 between nan and GBR in SO,
3af5657a27bacb7b,3808994d315b6d65f32b4b723cf37cc72cfc449ce1d29a8e91c64e1968c7d293,2026-05-11,GDELT Red Sea Download,sanctions,RED_SEA,GDELT Event 173 between nan and EGY in EG,
359b91b8766e522a,ac25dcf36b839ff1fd9541afe4f4bd19a466799343140d990b8a860aeea5084e,2026-05-11,GDELT Red Sea Download,sanctions,RED_SEA,GDELT Event 173 between nan and SDN in EG,
1c759a8e21fbec80,35e251f49d9982bda699d094594f1ed5b536005da199e28749818054536b1bed,2026-05-11,GDELT Red Sea Download,sanctions,RED_SEA,GDELT Event 173 between EGY and SSD in EG,
b08278050c4be47d,0b4b1520230e2efe742412975275d5cb7ab548d50d8e34b2ca7b19d31e5cecf8,2026-05-11,GDELT Red Sea Download,sanctions,RED_SEA,GDELT Event 173 between EGY and SSD in EG,
cec0d36c6970035d,78f3512a0878595e56232b693ccf734f56c5c73973c4f758353b72e91b8d8f64,2026-05-11,GDELT Red Sea Download,sanctions,RED_SEA,GDELT Event 173 between EGY and nan in EG,
e4e3f37685d1ccfc,5d3cb332ed90222899bb994eaf70c7d7ce1ee3627e39bc5020da868bbdda7a92,2026-05-11,GDELT Red Sea Download,sanctions,RED_SEA,GDELT Event 173 between EGY and nan in EG,
51a8d5926d45b7c8,8b4d40a10ea9921c12c8db50edaa3781a68ffea567f233233ede3a196f0d2e84,2026-05-12,GDELT Red Sea Download,armed conflict,RED_SEA,GDELT Event 190 between EGY and nan in EG,
b0bb495663dbaf56,f76e7689cbb5c8ed43d53dedc4e18cb07d9626caac2bc2ecb7bbdadf7987fac9,2026-05-13,GDELT Red Sea Download,armed conflict,RED_SEA,GDELT Event 191 between nan and nan in EG,
2ee5f597f748a0c4,65384d78dcaa913b2d7214af94b1ec2e34bf0ef45ac908389e31325aaf455ded,2026-05-13,GDELT Red Sea Download,military escalation,RED_SEA,GDELT Event 138 between YEM and IRN in IR,
a36038ce0d9948f4,b55d271f19267cca6ed872734db942f927281e63be0a578f179066ab86d95dab,2026-05-20,GDELT Red Sea Download,sanctions,RED_SEA,GDELT Event 172 between nan and nan in SO,
7c30a7c47d14d295,33e71e8f895b2c07335d8e431582451e2330d5f798ea8cf6a3149a4a6ec9572d,2026-05-21,GDELT Red Sea Download,armed conflict,RED_SEA,GDELT Event 194 between nan and nan in YM,
b7dab380494b1f9f,d17707ab1db35e8b7e47ad5af5b742cad74a2cd9484ce11ba1efe1eb0d9e0f12,2026-05-27,GDELT Red Sea Download,military escalation,RED_SEA,GDELT Event 130 between nan and SOM in SO,
049c7c0194dae812,e941aba5cbcd3ac18657b0319552d842d61554eb5904737785a4d809b306269f,2026-05-28,GDELT Red Sea Download,armed conflict,RED_SEA,GDELT Event 190 between DZA and FRA in EG,
e52a282ee90e6602,f8bfac2898eba6054b87d7bf2403c46313c042487b222c8a70a3010970ec2042,2026-06-02,GDELT Red Sea Download,sanctions,RED_SEA,GDELT Event 173 between nan and nan in SO,
05e50ad0208c8dc0,ffe6eefbf52d7bcdbdfbda07933729df398eb5293481f11f3f391a70f8b8e279,2026-06-01,GDELT Red Sea Download,armed conflict,RED_SEA,GDELT Event 192 between YEM and nan in YM,
c05f169a09d5ea7a,34765971ed092d5b3bd6a420543db8d2ce94563bbfe291e8ce88ea826a64e800,2026-06-01,GDELT Red Sea Download,sanctions,RED_SEA,GDELT Event 173 between YEM and SAU in SA,
c47d90c51911bcd3,a73a6f39f38c7fd9d89e61aadcfe1962ab207dddd3a2153a4460cc2449ca7e5c,2026-06-01,GDELT Red Sea Download,sanctions,RED_SEA,GDELT Event 173 between YEM and SAU in YM,
3ce540a00209cc09,06c260006da144e789c35872c5508ca91b4925e275dd7d7929da3b9e7894d3b6,2026-06-01,GDELT Red Sea Download,sanctions,RED_SEA,GDELT Event 173 between YEM and SAU in YM,
7349d4e51adaeb00,aa5f02b48b73a63e4ce5bc2f1610c600fd257391c4ebb7c3c341c69be324a416,2026-06-03,GDELT Red Sea Download,armed conflict,RED_SEA,GDELT Event 190 between nan and YEM in YM,
7ffab1d0d799bb40,8d9b088a3f1a46645d3f7cdda7b1f2766bc598299785b4fe69815d96e39421a3,2026-06-03,GDELT Red Sea Download,armed conflict,RED_SEA,GDELT Event 193 between nan and YEM in YM,
0530a3db46473836,bd7f39a6fd244b1fd05d519f54489f3d7030bee4c64601252ba7e774e5194e6a,2026-06-03,GDELT Red Sea Download,armed conflict,RED_SEA,GDELT Event 190 between YEM and YEM in YM,
4d4392ccb8a55c88,44b5b0818f7cfaf7d75c677e2c4f44fdec9e389d15f1447a9200616066dd1611,2026-06-03,GDELT Red Sea Download,armed conflict,RED_SEA,GDELT Event 190 between YEM and YEM in YM,
c4892166f92de515,5ce41f1afe32c4e1dd47bff0e14d1705e44d9a05f11614a334b1ef363fe28954,2026-06-03,GDELT Red Sea Download,armed conflict,RED_SEA,GDELT Event 193 between YEM and YEM in YM,
66e9f5dc90bef719,111aac6da87c65e75b638e4d1b135a810647cadc5e00856e9cc0638f8c9cbbfa,2026-06-03,GDELT Red Sea Download,armed conflict,RED_SEA,GDELT Event 193 between YEM and YEM in YM,
aec7a3da3bbfd550,16530fae957393c24c1fa462f2ccf41e563cfdf6f5907770faf334772acce3b2,2026-06-07,GDELT Red Sea Download,sanctions,RED_SEA,GDELT Event 173 between EGY and nan in EG,
9b32d69aeb9814ed,07b98def8bdb99c9bbbabd098d9328565e232a884f208cb451da26a7521f3b51,2026-06-09,GDELT Red Sea Download,armed conflict,RED_SEA,GDELT Event 193 between nan and nan in YM,
64c1631b610426ff,95e62f2d7aee798ca113a54e48232515e6e21bf63c81beffe66ac5960c5ff139,2026-06-08,GDELT Red Sea Download,armed conflict,RED_SEA,GDELT Event 194 between IRN and ISR in YM,
20f222682762acd3,afcccdad18fc69905f446ada81e30841633723d1b98ae6a04513c50aac360289,2026-06-08,GDELT Red Sea Download,armed conflict,RED_SEA,GDELT Event 194 between IRN and ISR in YM,
2efef1b4aa83fc22,9fe9d99606945fd36ff828ca2dab5508689ee671fd5665e54c19242eb2ba92bc,2026-06-10,GDELT Red Sea Download,armed conflict,RED_SEA,GDELT Event 190 between nan and nan in SO,
1e075080fbb8cc46,1226ed1d0981ee394652562535bf25d70f3df3b3a56b77e27214b081c9c74968,2026-06-10,GDELT Red Sea Download,military escalation,RED_SEA,GDELT Event 130 between nan and nan in SO,
11cdd8411b000c5b,3eac49099bd372873a68daaa3f8adcb40bba75b573cc931eeaffb06d417f77ab,2026-06-12,GDELT Red Sea Download,armed conflict,RED_SEA,GDELT Event 190 between EGY and nan in EG,
a10d02d3e89aec8a,76c25f53c3bf4f12d9995477b7a06c2b74981d8a625496b4dd34ec5aaf8d39e5,2026-06-16,GDELT Red Sea Download,armed conflict,RED_SEA,GDELT Event 192 between CHN and EGY in DJ,
684a5b9265d88a27,dac087858e815c580b4955b580459cb589414bd185cf17f66280596b681f0b79,2026-06-16,GDELT Red Sea Download,armed conflict,RED_SEA,GDELT Event 192 between CHN and EGY in EG,
0baafbd2b72c14a5,36f82bc158e4b9fb27aa5acd31c70d0a665446d62fe0967a4a6b787c79565d4f,2026-06-16,GDELT Red Sea Download,military escalation,RED_SEA,GDELT Event 130 between YEM and ISR in IS,
21ecff27f53b6cc4,915e3ac832c520559e9332fc1759f050b2941e25997fc2fa5b0534eaf8994f13,2026-06-16,GDELT Red Sea Download,military escalation,RED_SEA,GDELT Event 130 between YEM and ISR in IS,
1adb23327fa19c50,59a2f33c35832f02cdc8a5d011209e23832c8917fef7a40cc32e28024afdb321,2026-06-16,GDELT Red Sea Download,military escalation,RED_SEA,GDELT Event 130 between YEM and LBN in IS,
2f5ce1b211a19076,6e02d01aa7b6ff123dd9b0604b34f64f19982d3ce92bc1d54b8ef874387e2c2c,2026-06-16,GDELT Red Sea Download,military escalation,RED_SEA,GDELT Event 130 between YEM and LBN in IS,
77ed307a9eaa202f,95cd2d7462ed351eb439fde45e709618b87d7aa41611bcdf81c961442a49c719,2026-06-18,GDELT Red Sea Download,armed conflict,RED_SEA,GDELT Event 190 between nan and nan in DJ,
4d1fc2b315670b7f,1ebd594953de01979408c5372eb152c16ececce984db7d81afc528f350b74f4a,2026-06-18,GDELT Red Sea Download,armed conflict,RED_SEA,GDELT Event 190 between nan and nan in YM,
7a99db44297a83c7,4fbdff4c5fcc252e1c1b8e8296d1856eaf5da68f9c77f14baa35bdbe1ef55e66,2026-06-25,GDELT Red Sea Download,armed conflict,RED_SEA,GDELT Event 190 between DJI and IRQ in DJ,
d3fb99797302fded,1025e00a95573e182fb605fc87e2e932c288a61ac05a81718af1c8f031f3c30b,2026-06-25,GDELT Red Sea Download,armed conflict,RED_SEA,GDELT Event 190 between IRQ and DJI in DJ,
ee4f9fadee823da7,306c7a8f6c548b89ba8d281f973a231bf77b5ce0c9fbe5619dc63643fcd96590,2026-06-25,GDELT Red Sea Download,armed conflict,RED_SEA,GDELT Event 190 between IRQ and nan in DJ,
61e806cd1304dd46,3af985878132e1f22255e0a210d0db80dc9829b07eb0f6cab678428d860f9445,2026-06-25,GDELT Red Sea Download,armed conflict,RED_SEA,GDELT Event 190 between nan and IRQ in DJ,
054ffb51da924f89,6308d40d0b3a473c857c3f99783d82409a24a27a290704d705172e7013019555,2026-07-01,GDELT Red Sea Download,sanctions,RED_SEA,GDELT Event 172 between EGY and nan in EG,
f4c6c5bd4b30db0f,f23d103bb432f451a0018cabd07a95cfcbfddef2d3d5145a93aa4990171f2f7c,2026-07-02,GDELT Red Sea Download,sanctions,RED_SEA,GDELT Event 173 between SOM and USA in SO,
e0ed3013740fa567,1d0da12c869817c1d64642a8fdee06ddf3eb2b9d195570784ca4f81222bdc464,2026-07-04,GDELT Red Sea Download,military escalation,RED_SEA,GDELT Event 130 between nan and SOM in SO,
256ef3e5bf6dcf99,d4969e259e6f84d66c155d18055b95de186895566db219f5c28ae0c9a8b99626,2026-07-05,GDELT Red Sea Download,armed conflict,RED_SEA,GDELT Event 190 between GBR and DJI in DJ,
9d8364c897ca4e39,bb2275d9933f05cd229681d2493012e793474d85c24d1485d7f401c355021b29,2026-07-05,GDELT Red Sea Download,armed conflict,RED_SEA,GDELT Event 190 between GBR and DJI in YM,
1f468f6ae086360d,8d932e8ec18ce369c97b71239701e5380ce4b69fb9372fe2a376731f07a70fc0,2026-07-05,GDELT Red Sea Download,armed conflict,RED_SEA,GDELT Event 190 between GBR and YEM in YM,
8503f0e681304c73,1c79209e9fedc90baac6ab5a5c0d3144378a9ac89f5762f772519f71313b7f32,2026-07-05,GDELT Red Sea Download,armed conflict,RED_SEA,GDELT Event 190 between GBR and YEM in UK,
0ef27dd4d6314d89,3cdedf3125570e334a6aa514b32d5721fd9ee2cb4075857e4ce12539170b1b14,2026-07-06,GDELT Red Sea Download,sanctions,RED_SEA,GDELT Event 173 between nan and SSD in EG,
e3fa88c3809ddef7,6a4533b6b1c8088620f4e6355a07a1079fc63b7886ba8243036ee16e23e59914,2026-07-06,GDELT Red Sea Download,sanctions,RED_SEA,GDELT Event 173 between nan and SSD in EG,
8f20221e3d1167d5,af889cee954e831c11b59c3567b195842205b47d13112173e371574ab15bd052,2026-07-07,GDELT Red Sea Download,military escalation,RED_SEA,GDELT Event 130 between EGY and nan in EG,
0886879e98c46c2f,d9f8dc4527dcd4a8423a27bd50fe6f68204089c49c2b14b9429081c7a95fd061,2026-07-07,GDELT Red Sea Download,armed conflict,RED_SEA,GDELT Event 190 between EGY and nan in EG,
7cf5418b9b9db8da,5eb1a5c1f3c59706e476693ff2f4dcbb83c323f48a9520eecbe3a71f5b65a8ce,2026-07-07,GDELT Red Sea Download,armed conflict,RED_SEA,GDELT Event 182 between EGY and nan in EG,
e1394436ce87aac9,36a033babd084179fc242fb74cebbd3aff1129d27327db0d6d173a1d32a0ff7b,2026-07-11,GDELT Red Sea Download,military escalation,RED_SEA,GDELT Event 1384 between IRN and YEM in YM,
2851c0df4bfdac90,8b471db5595b2985c00f905313684aab04f271faad12deb26d8575f802acf95c,2026-07-11,GDELT Red Sea Download,military escalation,RED_SEA,GDELT Event 1384 between IRN and YEM in YM,
d3a711e8ab483b07,efcdf4b5f3f875750df71933b5c798e772bd971a29301d7fe7a3aef4c1b4ceb9,2026-07-11,GDELT Red Sea Download,military escalation,RED_SEA,GDELT Event 1384 between nan and YEM in YM,
5b1eef89e4b679ec,cc0324f2c2a12f56d19e7bbd56f6aace34b01dd976a86e9469645c4eff87ea12,2026-07-18,GDELT Red Sea Download,military escalation,RED_SEA,GDELT Event 130 between nan and nan in YM,
5f872c914578bc2e,6aec1dc10656057e8d07bb7ee148e55cbce76a3fe9f8d1f5d7399168c4a1a4c3,2026-07-19,GDELT Red Sea Download,sanctions,RED_SEA,GDELT Event 173 between nan and EGY in EG,
21ab0ee2ded0b4e6,c30f588388d33d019e2dc429953746bd8a29e4a788390216778051ffc8b5524b,2026-07-20,GDELT Red Sea Download,military escalation,RED_SEA,GDELT Event 130 between DJI and SAU in YM,
880b4a20f113fe3a,6726d9b288afcd3be7d1e5cc7e10ef8e4916e474fa7397dbad65361aa1531c57,2026-07-20,GDELT Red Sea Download,military escalation,RED_SEA,GDELT Event 138 between IRN and SAU in YM,
174ffa4918bd95ad,7f196f37db783fa9fea0635b11a0454f826a9482f347ce191383bd043fa917c0,2026-07-20,GDELT Red Sea Download,armed conflict,RED_SEA,GDELT Event 190 between YEM and SAU in DJ,
fade6ec367a23579,78e7d0c9d012cba45961b45cd49046f1cf1c85abfe0377abbdb46ac82eebe249,2026-07-20,GDELT Red Sea Download,armed conflict,RED_SEA,GDELT Event 190 between YEM and SAU in SA,
14874d4e91c3b6fd,3d6ebc392ebd18cfca5baebf93a6b85a22057f7dcb70c6a9082c25fabc0cc033,2026-07-20,GDELT Red Sea Download,armed conflict,RED_SEA,GDELT Event 190 between YEM and SAU in SA,
96c1af6eedbb36d7,22f5c2c8cd9d6681bcfc150e91a667dbf6ca19c1c3d2483d20a4febeb44974b1,2026-07-21,GDELT Red Sea Download,military escalation,RED_SEA,GDELT Event 138 between IRN and nan in DJ,
a8d2cb08622e0576,0f1aed38e136fc19164de499268f8de4cabc385c2b0be4bf41aa86d47293591d,2026-07-21,GDELT Red Sea Download,armed conflict,RED_SEA,GDELT Event 191 between IRN and DJI in DJ,
54c736f52e80a20d,52a0c58ac337475bfe99b3fca660bb652a5d03332e3d57fb80d890a40ede5dfd,2026-07-22,GDELT Red Sea Download,military escalation,RED_SEA,GDELT Event 130 between nan and YEM in SA,
9ac42ac18822ef7c,8c38a7323c6ee1a06be967010d19d94b7926421057ce2071049ca70c7a3decc2,2026-07-22,GDELT Red Sea Download,armed conflict,RED_SEA,GDELT Event 190 between USA and IRN in YM,
8c83de80b8f5b9c1,cf82f80fec5a89f097e68939fe8847386c72a60b3be7a142082db0b46bebd437,2026-07-22,GDELT Red Sea Download,military escalation,RED_SEA,GDELT Event 130 between YEM and YEM in SA,
bd1551f1bed21741,21c209efb37bd0b6f902e37f437af721d25dff7a261ae6b2f9cc56ef24799f3c,2026-07-24,GDELT Red Sea Download,military escalation,RED_SEA,GDELT Event 130 between nan and SAU in YM,
c44de5b97b164fbf,616c35eada9d13f5a612bd3059d4c1da547c86e1212b1cde33dc60f80f15bdf9,2026-07-24,GDELT Red Sea Download,military escalation,RED_SEA,GDELT Event 130 between DJI and SAU in YM,
e845bc215d748490,42674a0e0a896f1f550d692b1cbc2fb9e198ac3bf75480f4df480840811dde4c,2026-07-24,GDELT Red Sea Download,armed conflict,RED_SEA,GDELT Event 182 between nan and nan in YM,
162248c22f77636d,2a9b75be131384955951d4cfdcd9c8ccc96140ee3b59f79c9811899d044e0f0e,2026-07-24,GDELT Red Sea Download,armed conflict,RED_SEA,GDELT Event 182 between nan and YEM in YM,
20f61dc572766fc9,0e1aca87e60a581b4fae5b5b6cc9061cf7b90169dda1e1eb2225b068972cd38d,2026-07-24,GDELT Red Sea Download,military escalation,RED_SEA,GDELT Event 130 between SAU and SAU in YM,
87ff2c1489844f36,4cc60888fbbd59d269efeb5c704ffd1027499f1310b0e0f43c877550f3f6b6bd,2026-07-26,GDELT Red Sea Download,armed conflict,RED_SEA,GDELT Event 190 between YEM and nan in IR,
14256703d7f8afde,11499687b903cff9bb36eb8a81b1cdae55ce62363dcd28e588546651b746562c,2026-07-26,GDELT Red Sea Download,armed conflict,RED_SEA,GDELT Event 190 between YEM and nan in YM,
356857c75464e5fd,e2fe04c10aa4487be4186f226196be4994f08643828f3d97b2f9e7e84f88477f,2026-07-25,GDELT Red Sea Download,armed conflict,RED_SEA,GDELT Event 190 between IRN and SAU in YM,
40031fa9e347b793,e830faa080d37223b5e197f9b4dc8b3aa05431c4cb7b9b4ad878e1f7c6af95cd,2026-07-25,GDELT Red Sea Download,armed conflict,RED_SEA,GDELT Event 190 between SAU and IRN in YM,
11319412a4dbac73,4bc9e25e5b384d582c0c056df0d957c2d2bf2a388b070011a40a9c06e1bb7d43,2026-07-27,GDELT Red Sea Download,sanctions,RED_SEA,GDELT Event 173 between nan and EGY in EG,
af17694801cb2d02,57dc2b3024639de6440106a2a34fc86c3e546f53a483a1b3ce23fde054de2cdd,2026-07-27,GDELT Red Sea Download,sanctions,RED_SEA,GDELT Event 173 between EGY and nan in EG,
b5f08b469c3b813d,14fcc4671fcb9a3fc51348fe223405620b66e28f0fdfa3627a9ea259083f9ea4,2026-07-21,GDELT Red Sea Download,armed conflict,RED_SEA,GDELT Event 190 between SAU and YEM in IZ,
1c0b1f0e3459c1ff,467208575f1b7b2684969a863441975f340866226555529262697ce7e9caa804,2026-07-28,GDELT Red Sea Download,sanctions,RED_SEA,GDELT Event 1712 between SAU and YEM in SA,
b93d51703bc5b5a1,5d76d883217e1eb994d42f2bcda91a1281873ac2dad32432536e28ea5ca2c030,2026-07-28,GDELT Red Sea Download,sanctions,RED_SEA,GDELT Event 1712 between SAU and YEM in SA,
656dedd70fe2227b,41f1ec46b01b26536c370f6a2b435925dc04a96fa06560f19ed26582630f9a82,2026-07-28,GDELT Red Sea Download,sanctions,RED_SEA,GDELT Event 1712 between SAU and YEM in SA,
8d278d724e5f2161,b6ed64634ae7a82ef0fae8316e70caab7645f176f9082c2edb1dc6e7125c351e,2026-07-28,GDELT Red Sea Download,armed conflict,RED_SEA,GDELT Event 193 between SAU and YEM in SA,
bdf87a56ca9c93db,ee9513b18e218d8dfbb8b191a233ebc1a6e5a317f2f43a3dba6c54c4765e2773,2026-07-28,GDELT Red Sea Download,armed conflict,RED_SEA,GDELT Event 193 between SAU and YEM in SA,
616a22716884eb6b,e2ffedf3c01d069df9f6dfb0bdeef4d14014ece02e6d4ab61c76303a97c61a0f,2026-07-28,GDELT Red Sea Download,armed conflict,RED_SEA,GDELT Event 193 between SAU and YEM in SA,
ab1acbe4b7d5e518,f5aba434471d6afedddc802a2ab3fd9ac00aab9b5afce9891c5635dbc00ee33a,2026-07-29,GDELT Red Sea Download,military escalation,RED_SEA,GDELT Event 130 between nan and DJI in EG,
459d1292bb8e25ef,6c07d4d80b419096a5a43b4dbb44be9d43fd8cd32ac8ca4e83e3b4e95fe6f9c1,2026-07-29,GDELT Red Sea Download,military escalation,RED_SEA,GDELT Event 130 between nan and DJI in DJ,
81d786da10cb4507,207ddc567b2f92f653d47bfd13112e1bc236196107370d7eddc360d4e2359621,2026-07-29,GDELT Red Sea Download,sanctions,RED_SEA,GDELT Event 173 between nan and EGY in EG,
c4760d2a9cbd3d4f,2a4129c5c17c88ba4b49b85c19dbbc80c540ba7431a395191574eca9a3d20136,2026-07-29,GDELT Red Sea Download,armed conflict,RED_SEA,GDELT Event 190 between EGY and nan in YM,
4369ff9c96a9851c,7e628314531e2404e2bea55805623a3e7cd5f160464c0b10d6714aac8ffb4aed,2026-07-29,GDELT Red Sea Download,sanctions,RED_SEA,GDELT Event 173 between EGY and EGY in EG,
976612e8bd1092b2,4887c2fd7325da5ad68867db74825ef802835cd803b3babd00fc1aee6a48b8bd,2026-07-29,GDELT Red Sea Download,military escalation,RED_SEA,GDELT Event 130 between SYR and DJI in EG,
7cc2e7d3cb06eef1,89fd8b515395ecb4a1170ac7db4ce42500d0d57db792e6b282d693a5e202769d,2026-07-29,GDELT Red Sea Download,military escalation,RED_SEA,GDELT Event 130 between SYR and EGY in EG,
2af304041b281011,c913cb22f3288b70c9ee0950019ab70ee9fca1c8459230e14a313cc78d7c36e7,2026-07-30,GDELT Red Sea Download,armed conflict,RED_SEA,GDELT Event 190 between ISR and PSE in EG,
66a55f771005d8d0,0f54ddadd9b5a2e6eedaadb00e56c56de39d35d7fbf57774f064e41f59d560ed,2026-07-30,GDELT Red Sea Download,sanctions,RED_SEA,GDELT Event 173 between YEM and nan in SA,
068e7dab208bef8e,85cf3cca34fe363e9008aead3bff760eb6a402795133e916dc94949ce2987b25,2026-07-30,GDELT Red Sea Download,sanctions,RED_SEA,GDELT Event 173 between YEM and nan in YM,
46c2a57f06f1abd9,1617b8d6f908f61cae8f3653f826057c9d051dedc8d61e41d316f01da119099b,2026-08-06,GDELT Red Sea Download,armed conflict,RED_SEA,GDELT Event 190 between IRN and YEM in IR,
1c1715498749b0d1,8b74b2284508494fcc1eaf550e0fe0bce118a706b11f5657c5159a1732275db3,2026-08-06,GDELT Red Sea Download,armed conflict,RED_SEA,GDELT Event 196 between SAU and nan in YM,
01a8354828954fda,74577df307815f1f96da44f4f90ae3f927d50ac7e98bba11a78f06aa9b3acc1e,2026-08-06,GDELT Red Sea Download,armed conflict,RED_SEA,GDELT Event 194 between SAU and IRN in YM,
cc0618dd38b9c3b9,86073a623aae89268bf7cdeb1e075d52e26d8de21a7b6da53c25555caedc0216,2026-08-06,GDELT Red Sea Download,armed conflict,RED_SEA,GDELT Event 194 between SAU and YEM in SA,
a73d711b9e36e970,4b405fe9ba16d8cf9466244d6f54816ea168876a361f3e23bf0806724e702d34,2026-08-06,GDELT Red Sea Download,armed conflict,RED_SEA,GDELT Event 194 between SAU and YEM in YM,
3b8eaf6d3e17590f,c9f3b4f9f1839091ebec8a0123a5b910f8032c398da56ab1794b86e90b4292e2,2026-08-06,GDELT Red Sea Download,armed conflict,RED_SEA,GDELT Event 194 between SAU and YEM in YM,
bc1b55f38c93ca4d,97e5de6b3b4c625720a6f9b59ae0d0e07b330ed43f9ebd4046283bc73d78cc1f,2026-08-06,GDELT Red Sea Download,armed conflict,RED_SEA,GDELT Event 190 between YEM and IRN in IR,
36a67857744d7a9d,eba869e5341afc8a43e3f2e2fcb5ba2dff6ccafc6f627d37e83c7adcb30ed2ae,2026-08-06,GDELT Red Sea Download,armed conflict,RED_SEA,GDELT Event 190 between YEM and SAU in SA,
de7a7dc0e10481f1,8de5b9ea2b79acd688d74c1860e5378546b3628086705cc34c5bfa41328c49e7,2026-08-11,GDELT Red Sea Download,armed conflict,RED_SEA,GDELT Event 194 between nan and YEM in SA,
21e14a7f212b94a2,43be390b3e9d5c6affb5d5bef74ce2a2d0b5e0ef4d3a371598fba4c90bd06472,2026-08-11,GDELT Red Sea Download,armed conflict,RED_SEA,GDELT Event 190 between nan and YEM in YM,
e33d2ac3fe9bba6d,a6280c258a6ca9dedeb875f4b9e50aa1156a44f3a768947fdbb66ac44486703f,2026-08-11,GDELT Red Sea Download,armed conflict,RED_SEA,GDELT Event 190 between USA and nan in EG,
89bb25f3cdb980c0,ef52fb65438cbba410cc7b1a04050615479c9d4215bb5cba93b82d52cff78ebd,2026-08-11,GDELT Red Sea Download,armed conflict,RED_SEA,GDELT Event 194 between YEM and YEM in SA,
c625919d2b38b05f,934b146947755c5a86cd51fab523147e92400fcf1b927f00f456d009f9eb2709,2026-08-12,GDELT Red Sea Download,armed conflict,RED_SEA,GDELT Event 190 between nan and nan in YM,
cf1965b8acc85333,c09d2cbbc2aebc7accc31678ee582b9989ee6974016eafbfe929426ddc04985a,2026-08-12,GDELT Red Sea Download,armed conflict,RED_SEA,GDELT Event 190 between nan and YEM in YM,
405697d9405bb8ae,fbae8571d3420435694c4b6f164f0b8aa0083ed3186fc96a4781e85fd82c3da3,2026-08-12,GDELT Red Sea Download,military escalation,RED_SEA,GDELT Event 130 between DJI and ERI in DJ,
cf88987dc0ddbb12,eaa35f3dcd41d7d7dcb7e732dfd73df4f702d085613b412705607320ec16b873,2026-08-12,GDELT Red Sea Download,military escalation,RED_SEA,GDELT Event 130 between DJI and ERI in ER,
9e997b31f72bf25e,28d935a561ea981b8c66103b5eb6ac003baab0593c14fd3a48e4d4bb3eecbb5f,2026-08-12,GDELT Red Sea Download,sanctions,RED_SEA,GDELT Event 173 between nan and YEM in YM,
e8ed3fcfc80a4a67,1377518bf16516e612407b135954eee933b1fb15e4b8bd56228c02225d0417a8,2026-08-12,GDELT Red Sea Download,sanctions,RED_SEA,GDELT Event 173 between nan and YEM in DJ,
01a3bc233e26e069,eeb6bf52867aee04b7057edaaa515204eacea71508d73f093b1ae83a949f5d48,2026-08-12,GDELT Red Sea Download,armed conflict,RED_SEA,GDELT Event 195 between USA and PAN in YM,
6698c2f8a996fc9c,115b4149a4a19fb6e3a42eab98952a01c4c856bad3067ae5cd874973a908d073,2026-08-12,GDELT Red Sea Download,armed conflict,RED_SEA,GDELT Event 195 between YEM and ARE in SA,
0cc8e752517d1a4c,785408cc10e399de71aa978adb8fee5fd13a6d5cfd7bb5d2f8f704e0a13bb772,2026-08-12,GDELT Red Sea Download,armed conflict,RED_SEA,GDELT Event 195 between YEM and ARE in YM,
e1b1f4f03c8b0ed3,8c4a2938affe56a2d9397f3441b0893e4071b5f17d03986bb82b846cbc28c851,2026-08-12,GDELT Red Sea Download,armed conflict,RED_SEA,GDELT Event 190 between YEM and IRN in IR,
b17d7fd69348301d,084d9a4f65de5f35bbf689e161e681c811798b3aadfb5a8c7e4a78def6070140,2026-08-12,GDELT Red Sea Download,sanctions,RED_SEA,GDELT Event 173 between YEM and nan in YM,
a6d052c4743062e0,39b9aaa65ff68276fffc3734f11b0ff4d2f1b4bfc9e69aed2938d374d6e8594a,2026-08-12,GDELT Red Sea Download,armed conflict,RED_SEA,GDELT Event 194 between YEM and nan in SA,
b6eb56e292fc0c75,a68d8687418734fce2b3d6f940cf1313d46f57503977f65d8af55464e7a7a464,2026-08-12,GDELT Red Sea Download,armed conflict,RED_SEA,GDELT Event 194 between YEM and nan in YM,
191430a9c0a5572b,d1e93a8bd186213283c4333a618bf7baff43b2fae6b83e15544cdfab26b8d455,2026-08-12,GDELT Red Sea Download,armed conflict,RED_SEA,GDELT Event 194 between YEM and SAU in SA,
d900dbd1b397a357,dd9cf548670165db4b1a1b3ee2a3c8ba97e64fa030e487b2ab128add9bc9c458,2026-08-12,GDELT Red Sea Download,armed conflict,RED_SEA,GDELT Event 194 between YEM and SAU in YM,
b665f636dbc24d48,ce19c98424cfa154f3398143bdff3b6ab91d4e167c0015e99fd1ad6eac0aeca9,2026-08-12,GDELT Red Sea Download,armed conflict,RED_SEA,GDELT Event 194 between YEM and SAU in YM,
2047089c22463d93,73035747b473e870294c6b6c40b74bc0d90e51c4417117cfe344fb5f844579c2,2026-08-12,GDELT Red Sea Download,armed conflict,RED_SEA,GDELT Event 194 between YEM and SAU in YM,
7f819099a83c77e1,69c10596a5488d7265dfe012fb29dc739d5826be0f261cbc54f53760cee77c18,2026-08-12,GDELT Red Sea Download,armed conflict,RED_SEA,GDELT Event 194 between YEM and SAU in US,
e700b237ae827220,2a8461410515e6fb72e61812a4be3b73a9dcdb7fdc84788f79f7d25fed5c1f06,2026-08-16,GDELT Red Sea Download,armed conflict,RED_SEA,GDELT Event 195 between IRN and YEM in IR,
82fc3718f9dff1d2,281e100610720ddcd82ac923191969c89584a336dcadcd6ef0549dd6d23fbeaf,2026-08-16,GDELT Red Sea Download,armed conflict,RED_SEA,GDELT Event 195 between IRN and YEM in IR,
4dbf540815753f23,c3303f0631e0871fda49f7abed6c5ca43dd51c4e79ea3419c388b18b2a06dc37,2026-08-17,GDELT Red Sea Download,armed conflict,RED_SEA,GDELT Event 182 between USA and nan in EG,
