date,calendar_year,financial_year,month,product,flow_type,quantity_tmt,unit,source,source_file,source_sheet,source_row,ingestion_timestamp,transformation_version
2024-04-01,2024,2024-25,April,CRUDE OIL,IMPORT,21439.182204842,Thousand Metric Tonnes (TMT),PPAC,1751964547_PT_IMPORT_TMT_H.xlsx,PT_IMPORT_2024-25,11,2026-08-21T15:32:18.860646+00:00,1.0
2024-05-01,2024,2024-25,May,CRUDE OIL,IMPORT,22032.910436285,Thousand Metric Tonnes (TMT),PPAC,1751964547_PT_IMPORT_TMT_H.xlsx,PT_IMPORT_2024-25,11,2026-08-21T15:32:18.860646+00:00,1.0
2024-06-01,2024,2024-25,June,CRUDE OIL,IMPORT,18812.871700452004,Thousand Metric Tonnes (TMT),PPAC,1751964547_PT_IMPORT_TMT_H.xlsx,PT_IMPORT_2024-25,11,2026-08-21T15:32:18.860646+00:00,1.0
2024-07-01,2024,2024-25,July,CRUDE OIL,IMPORT,19403.120625871,Thousand Metric Tonnes (TMT),PPAC,1751964547_PT_IMPORT_TMT_H.xlsx,PT_IMPORT_2024-25,11,2026-08-21T15:32:18.860646+00:00,1.0
2024-08-01,2024,2024-25,August,CRUDE OIL,IMPORT,20179.641479271,Thousand Metric Tonnes (TMT),PPAC,1751964547_PT_IMPORT_TMT_H.xlsx,PT_IMPORT_2024-25,11,2026-08-21T15:32:18.860646+00:00,1.0
2024-09-01,2024,2024-25,September,CRUDE OIL,IMPORT,18788.982869257004,Thousand Metric Tonnes (TMT),PPAC,1751964547_PT_IMPORT_TMT_H.xlsx,PT_IMPORT_2024-25,11,2026-08-21T15:32:18.860646+00:00,1.0
2024-10-01,2024,2024-25,October,CRUDE OIL,IMPORT,19937.318147285,Thousand Metric Tonnes (TMT),PPAC,1751964547_PT_IMPORT_TMT_H.xlsx,PT_IMPORT_2024-25,11,2026-08-21T15:32:18.860646+00:00,1.0
2024-11-01,2024,2024-25,November,CRUDE OIL,IMPORT,18947.296514351,Thousand Metric Tonnes (TMT),PPAC,1751964547_PT_IMPORT_TMT_H.xlsx,PT_IMPORT_2024-25,11,2026-08-21T15:32:18.860646+00:00,1.0
2024-12-01,2024,2024-25,December,CRUDE OIL,IMPORT,20195.251091082,Thousand Metric Tonnes (TMT),PPAC,1751964547_PT_IMPORT_TMT_H.xlsx,PT_IMPORT_2024-25,11,2026-08-21T15:32:18.860646+00:00,1.0
2025-01-01,2025,2024-25,January,CRUDE OIL,IMPORT,21225.096059839998,Thousand Metric Tonnes (TMT),PPAC,1751964547_PT_IMPORT_TMT_H.xlsx,PT_IMPORT_2024-25,11,2026-08-21T15:32:18.860646+00:00,1.0
2025-02-01,2025,2024-25,February,CRUDE OIL,IMPORT,19465.977391007,Thousand Metric Tonnes (TMT),PPAC,1751964547_PT_IMPORT_TMT_H.xlsx,PT_IMPORT_2024-25,11,2026-08-21T15:32:18.860646+00:00,1.0
2025-03-01,2025,2024-25,March,CRUDE OIL,IMPORT,22797.322842506,Thousand Metric Tonnes (TMT),PPAC,1751964547_PT_IMPORT_TMT_H.xlsx,PT_IMPORT_2024-25,11,2026-08-21T15:32:18.860646+00:00,1.0
2024-04-01,2024,2024-25,April,LPG,IMPORT,1453.054193,Thousand Metric Tonnes (TMT),PPAC,1751964547_PT_IMPORT_TMT_H.xlsx,PT_IMPORT_2024-25,13,2026-08-21T15:32:18.860646+00:00,1.0
2024-05-01,2024,2024-25,May,LPG,IMPORT,1566.642581,Thousand Metric Tonnes (TMT),PPAC,1751964547_PT_IMPORT_TMT_H.xlsx,PT_IMPORT_2024-25,13,2026-08-21T15:32:18.860646+00:00,1.0
2024-06-01,2024,2024-25,June,LPG,IMPORT,1323.3275529999999,Thousand Metric Tonnes (TMT),PPAC,1751964547_PT_IMPORT_TMT_H.xlsx,PT_IMPORT_2024-25,13,2026-08-21T15:32:18.860646+00:00,1.0
2024-07-01,2024,2024-25,July,LPG,IMPORT,1821.598909,Thousand Metric Tonnes (TMT),PPAC,1751964547_PT_IMPORT_TMT_H.xlsx,PT_IMPORT_2024-25,13,2026-08-21T15:32:18.860646+00:00,1.0
2024-08-01,2024,2024-25,August,LPG,IMPORT,1774.754445,Thousand Metric Tonnes (TMT),PPAC,1751964547_PT_IMPORT_TMT_H.xlsx,PT_IMPORT_2024-25,13,2026-08-21T15:32:18.860646+00:00,1.0
2024-09-01,2024,2024-25,September,LPG,IMPORT,1656.047243,Thousand Metric Tonnes (TMT),PPAC,1751964547_PT_IMPORT_TMT_H.xlsx,PT_IMPORT_2024-25,13,2026-08-21T15:32:18.860646+00:00,1.0
2024-10-01,2024,2024-25,October,LPG,IMPORT,2003.3250440000002,Thousand Metric Tonnes (TMT),PPAC,1751964547_PT_IMPORT_TMT_H.xlsx,PT_IMPORT_2024-25,13,2026-08-21T15:32:18.860646+00:00,1.0
2024-11-01,2024,2024-25,November,LPG,IMPORT,1950.5067640000002,Thousand Metric Tonnes (TMT),PPAC,1751964547_PT_IMPORT_TMT_H.xlsx,PT_IMPORT_2024-25,13,2026-08-21T15:32:18.860646+00:00,1.0
2024-12-01,2024,2024-25,December,LPG,IMPORT,1853.800745,Thousand Metric Tonnes (TMT),PPAC,1751964547_PT_IMPORT_TMT_H.xlsx,PT_IMPORT_2024-25,13,2026-08-21T15:32:18.860646+00:00,1.0
2025-01-01,2025,2024-25,January,LPG,IMPORT,1810.698296,Thousand Metric Tonnes (TMT),PPAC,1751964547_PT_IMPORT_TMT_H.xlsx,PT_IMPORT_2024-25,13,2026-08-21T15:32:18.860646+00:00,1.0
2025-02-01,2025,2024-25,February,LPG,IMPORT,1568.483222,Thousand Metric Tonnes (TMT),PPAC,1751964547_PT_IMPORT_TMT_H.xlsx,PT_IMPORT_2024-25,13,2026-08-21T15:32:18.860646+00:00,1.0
2025-03-01,2025,2024-25,March,LPG,IMPORT,1884.616396,Thousand Metric Tonnes (TMT),PPAC,1751964547_PT_IMPORT_TMT_H.xlsx,PT_IMPORT_2024-25,13,2026-08-21T15:32:18.860646+00:00,1.0
2024-04-01,2024,2024-25,April,MS,IMPORT,29.993655999999998,Thousand Metric Tonnes (TMT),PPAC,1751964547_PT_IMPORT_TMT_H.xlsx,PT_IMPORT_2024-25,14,2026-08-21T15:32:18.860646+00:00,1.0
2024-05-01,2024,2024-25,May,MS,IMPORT,86.517615,Thousand Metric Tonnes (TMT),PPAC,1751964547_PT_IMPORT_TMT_H.xlsx,PT_IMPORT_2024-25,14,2026-08-21T15:32:18.860646+00:00,1.0
2024-06-01,2024,2024-25,June,MS,IMPORT,0.002291,Thousand Metric Tonnes (TMT),PPAC,1751964547_PT_IMPORT_TMT_H.xlsx,PT_IMPORT_2024-25,14,2026-08-21T15:32:18.860646+00:00,1.0
2024-07-01,2024,2024-25,July,MS,IMPORT,54.475146,Thousand Metric Tonnes (TMT),PPAC,1751964547_PT_IMPORT_TMT_H.xlsx,PT_IMPORT_2024-25,14,2026-08-21T15:32:18.860646+00:00,1.0
2024-08-01,2024,2024-25,August,MS,IMPORT,0.0,Thousand Metric Tonnes (TMT),PPAC,1751964547_PT_IMPORT_TMT_H.xlsx,PT_IMPORT_2024-25,14,2026-08-21T15:32:18.860646+00:00,1.0
2024-09-01,2024,2024-25,September,MS,IMPORT,63.5934,Thousand Metric Tonnes (TMT),PPAC,1751964547_PT_IMPORT_TMT_H.xlsx,PT_IMPORT_2024-25,14,2026-08-21T15:32:18.860646+00:00,1.0
2024-10-01,2024,2024-25,October,MS,IMPORT,0.0,Thousand Metric Tonnes (TMT),PPAC,1751964547_PT_IMPORT_TMT_H.xlsx,PT_IMPORT_2024-25,14,2026-08-21T15:32:18.860646+00:00,1.0
2024-11-01,2024,2024-25,November,MS,IMPORT,0.0,Thousand Metric Tonnes (TMT),PPAC,1751964547_PT_IMPORT_TMT_H.xlsx,PT_IMPORT_2024-25,14,2026-08-21T15:32:18.860646+00:00,1.0
2024-12-01,2024,2024-25,December,MS,IMPORT,0.0,Thousand Metric Tonnes (TMT),PPAC,1751964547_PT_IMPORT_TMT_H.xlsx,PT_IMPORT_2024-25,14,2026-08-21T15:32:18.860646+00:00,1.0
2025-01-01,2025,2024-25,January,MS,IMPORT,0.0,Thousand Metric Tonnes (TMT),PPAC,1751964547_PT_IMPORT_TMT_H.xlsx,PT_IMPORT_2024-25,14,2026-08-21T15:32:18.860646+00:00,1.0
2025-02-01,2025,2024-25,February,MS,IMPORT,0.0,Thousand Metric Tonnes (TMT),PPAC,1751964547_PT_IMPORT_TMT_H.xlsx,PT_IMPORT_2024-25,14,2026-08-21T15:32:18.860646+00:00,1.0
2025-03-01,2025,2024-25,March,MS,IMPORT,0.001371,Thousand Metric Tonnes (TMT),PPAC,1751964547_PT_IMPORT_TMT_H.xlsx,PT_IMPORT_2024-25,14,2026-08-21T15:32:18.860646+00:00,1.0
2024-04-01,2024,2024-25,April,Naphtha,IMPORT,121.21920400000002,Thousand Metric Tonnes (TMT),PPAC,1751964547_PT_IMPORT_TMT_H.xlsx,PT_IMPORT_2024-25,15,2026-08-21T15:32:18.860646+00:00,1.0
2024-05-01,2024,2024-25,May,Naphtha,IMPORT,70.02458499999999,Thousand Metric Tonnes (TMT),PPAC,1751964547_PT_IMPORT_TMT_H.xlsx,PT_IMPORT_2024-25,15,2026-08-21T15:32:18.860646+00:00,1.0
2024-06-01,2024,2024-25,June,Naphtha,IMPORT,6.904637,Thousand Metric Tonnes (TMT),PPAC,1751964547_PT_IMPORT_TMT_H.xlsx,PT_IMPORT_2024-25,15,2026-08-21T15:32:18.860646+00:00,1.0
2024-07-01,2024,2024-25,July,Naphtha,IMPORT,164.540096,Thousand Metric Tonnes (TMT),PPAC,1751964547_PT_IMPORT_TMT_H.xlsx,PT_IMPORT_2024-25,15,2026-08-21T15:32:18.860646+00:00,1.0
2024-08-01,2024,2024-25,August,Naphtha,IMPORT,146.173904,Thousand Metric Tonnes (TMT),PPAC,1751964547_PT_IMPORT_TMT_H.xlsx,PT_IMPORT_2024-25,15,2026-08-21T15:32:18.860646+00:00,1.0
2024-09-01,2024,2024-25,September,Naphtha,IMPORT,82.69682900000001,Thousand Metric Tonnes (TMT),PPAC,1751964547_PT_IMPORT_TMT_H.xlsx,PT_IMPORT_2024-25,15,2026-08-21T15:32:18.860646+00:00,1.0
2024-10-01,2024,2024-25,October,Naphtha,IMPORT,54.273124,Thousand Metric Tonnes (TMT),PPAC,1751964547_PT_IMPORT_TMT_H.xlsx,PT_IMPORT_2024-25,15,2026-08-21T15:32:18.860646+00:00,1.0
2024-11-01,2024,2024-25,November,Naphtha,IMPORT,167.449218,Thousand Metric Tonnes (TMT),PPAC,1751964547_PT_IMPORT_TMT_H.xlsx,PT_IMPORT_2024-25,15,2026-08-21T15:32:18.860646+00:00,1.0
2024-12-01,2024,2024-25,December,Naphtha,IMPORT,52.158672,Thousand Metric Tonnes (TMT),PPAC,1751964547_PT_IMPORT_TMT_H.xlsx,PT_IMPORT_2024-25,15,2026-08-21T15:32:18.860646+00:00,1.0
2025-01-01,2025,2024-25,January,Naphtha,IMPORT,5.690552,Thousand Metric Tonnes (TMT),PPAC,1751964547_PT_IMPORT_TMT_H.xlsx,PT_IMPORT_2024-25,15,2026-08-21T15:32:18.860646+00:00,1.0
2025-02-01,2025,2024-25,February,Naphtha,IMPORT,30.914058999999998,Thousand Metric Tonnes (TMT),PPAC,1751964547_PT_IMPORT_TMT_H.xlsx,PT_IMPORT_2024-25,15,2026-08-21T15:32:18.860646+00:00,1.0
2025-03-01,2025,2024-25,March,Naphtha,IMPORT,38.651766,Thousand Metric Tonnes (TMT),PPAC,1751964547_PT_IMPORT_TMT_H.xlsx,PT_IMPORT_2024-25,15,2026-08-21T15:32:18.860646+00:00,1.0
2024-04-01,2024,2024-25,April,ATF,IMPORT,0.001711,Thousand Metric Tonnes (TMT),PPAC,1751964547_PT_IMPORT_TMT_H.xlsx,PT_IMPORT_2024-25,16,2026-08-21T15:32:18.860646+00:00,1.0
2024-05-01,2024,2024-25,May,ATF,IMPORT,0.002613,Thousand Metric Tonnes (TMT),PPAC,1751964547_PT_IMPORT_TMT_H.xlsx,PT_IMPORT_2024-25,16,2026-08-21T15:32:18.860646+00:00,1.0
2024-06-01,2024,2024-25,June,ATF,IMPORT,0.0,Thousand Metric Tonnes (TMT),PPAC,1751964547_PT_IMPORT_TMT_H.xlsx,PT_IMPORT_2024-25,16,2026-08-21T15:32:18.860646+00:00,1.0
2024-07-01,2024,2024-25,July,ATF,IMPORT,0.003008,Thousand Metric Tonnes (TMT),PPAC,1751964547_PT_IMPORT_TMT_H.xlsx,PT_IMPORT_2024-25,16,2026-08-21T15:32:18.860646+00:00,1.0
2024-08-01,2024,2024-25,August,ATF,IMPORT,0.00728,Thousand Metric Tonnes (TMT),PPAC,1751964547_PT_IMPORT_TMT_H.xlsx,PT_IMPORT_2024-25,16,2026-08-21T15:32:18.860646+00:00,1.0
2024-09-01,2024,2024-25,September,ATF,IMPORT,0.0,Thousand Metric Tonnes (TMT),PPAC,1751964547_PT_IMPORT_TMT_H.xlsx,PT_IMPORT_2024-25,16,2026-08-21T15:32:18.860646+00:00,1.0
2024-10-01,2024,2024-25,October,ATF,IMPORT,0.0,Thousand Metric Tonnes (TMT),PPAC,1751964547_PT_IMPORT_TMT_H.xlsx,PT_IMPORT_2024-25,16,2026-08-21T15:32:18.860646+00:00,1.0
2024-11-01,2024,2024-25,November,ATF,IMPORT,0.0,Thousand Metric Tonnes (TMT),PPAC,1751964547_PT_IMPORT_TMT_H.xlsx,PT_IMPORT_2024-25,16,2026-08-21T15:32:18.860646+00:00,1.0
2024-12-01,2024,2024-25,December,ATF,IMPORT,0.0,Thousand Metric Tonnes (TMT),PPAC,1751964547_PT_IMPORT_TMT_H.xlsx,PT_IMPORT_2024-25,16,2026-08-21T15:32:18.860646+00:00,1.0
2025-01-01,2025,2024-25,January,ATF,IMPORT,0.0,Thousand Metric Tonnes (TMT),PPAC,1751964547_PT_IMPORT_TMT_H.xlsx,PT_IMPORT_2024-25,16,2026-08-21T15:32:18.860646+00:00,1.0
2025-02-01,2025,2024-25,February,ATF,IMPORT,0.0,Thousand Metric Tonnes (TMT),PPAC,1751964547_PT_IMPORT_TMT_H.xlsx,PT_IMPORT_2024-25,16,2026-08-21T15:32:18.860646+00:00,1.0
2025-03-01,2025,2024-25,March,ATF,IMPORT,0.0,Thousand Metric Tonnes (TMT),PPAC,1751964547_PT_IMPORT_TMT_H.xlsx,PT_IMPORT_2024-25,16,2026-08-21T15:32:18.860646+00:00,1.0
2024-04-01,2024,2024-25,April,SKO,IMPORT,0.0,Thousand Metric Tonnes (TMT),PPAC,1751964547_PT_IMPORT_TMT_H.xlsx,PT_IMPORT_2024-25,17,2026-08-21T15:32:18.860646+00:00,1.0
2024-05-01,2024,2024-25,May,SKO,IMPORT,0.0,Thousand Metric Tonnes (TMT),PPAC,1751964547_PT_IMPORT_TMT_H.xlsx,PT_IMPORT_2024-25,17,2026-08-21T15:32:18.860646+00:00,1.0
2024-06-01,2024,2024-25,June,SKO,IMPORT,0.0,Thousand Metric Tonnes (TMT),PPAC,1751964547_PT_IMPORT_TMT_H.xlsx,PT_IMPORT_2024-25,17,2026-08-21T15:32:18.860646+00:00,1.0
2024-07-01,2024,2024-25,July,SKO,IMPORT,0.0,Thousand Metric Tonnes (TMT),PPAC,1751964547_PT_IMPORT_TMT_H.xlsx,PT_IMPORT_2024-25,17,2026-08-21T15:32:18.860646+00:00,1.0
2024-08-01,2024,2024-25,August,SKO,IMPORT,0.0,Thousand Metric Tonnes (TMT),PPAC,1751964547_PT_IMPORT_TMT_H.xlsx,PT_IMPORT_2024-25,17,2026-08-21T15:32:18.860646+00:00,1.0
2024-09-01,2024,2024-25,September,SKO,IMPORT,0.0,Thousand Metric Tonnes (TMT),PPAC,1751964547_PT_IMPORT_TMT_H.xlsx,PT_IMPORT_2024-25,17,2026-08-21T15:32:18.860646+00:00,1.0
2024-10-01,2024,2024-25,October,SKO,IMPORT,0.0,Thousand Metric Tonnes (TMT),PPAC,1751964547_PT_IMPORT_TMT_H.xlsx,PT_IMPORT_2024-25,17,2026-08-21T15:32:18.860646+00:00,1.0
2024-11-01,2024,2024-25,November,SKO,IMPORT,0.0,Thousand Metric Tonnes (TMT),PPAC,1751964547_PT_IMPORT_TMT_H.xlsx,PT_IMPORT_2024-25,17,2026-08-21T15:32:18.860646+00:00,1.0
2024-12-01,2024,2024-25,December,SKO,IMPORT,0.0,Thousand Metric Tonnes (TMT),PPAC,1751964547_PT_IMPORT_TMT_H.xlsx,PT_IMPORT_2024-25,17,2026-08-21T15:32:18.860646+00:00,1.0
2025-01-01,2025,2024-25,January,SKO,IMPORT,0.0,Thousand Metric Tonnes (TMT),PPAC,1751964547_PT_IMPORT_TMT_H.xlsx,PT_IMPORT_2024-25,17,2026-08-21T15:32:18.860646+00:00,1.0
2025-02-01,2025,2024-25,February,SKO,IMPORT,0.0,Thousand Metric Tonnes (TMT),PPAC,1751964547_PT_IMPORT_TMT_H.xlsx,PT_IMPORT_2024-25,17,2026-08-21T15:32:18.860646+00:00,1.0
2025-03-01,2025,2024-25,March,SKO,IMPORT,0.0,Thousand Metric Tonnes (TMT),PPAC,1751964547_PT_IMPORT_TMT_H.xlsx,PT_IMPORT_2024-25,17,2026-08-21T15:32:18.860646+00:00,1.0
2024-04-01,2024,2024-25,April,HSD,IMPORT,1.754369,Thousand Metric Tonnes (TMT),PPAC,1751964547_PT_IMPORT_TMT_H.xlsx,PT_IMPORT_2024-25,18,2026-08-21T15:32:18.860646+00:00,1.0
2024-05-01,2024,2024-25,May,HSD,IMPORT,7.5530859999999995,Thousand Metric Tonnes (TMT),PPAC,1751964547_PT_IMPORT_TMT_H.xlsx,PT_IMPORT_2024-25,18,2026-08-21T15:32:18.860646+00:00,1.0
2024-06-01,2024,2024-25,June,HSD,IMPORT,1.7102119999999998,Thousand Metric Tonnes (TMT),PPAC,1751964547_PT_IMPORT_TMT_H.xlsx,PT_IMPORT_2024-25,18,2026-08-21T15:32:18.860646+00:00,1.0
2024-07-01,2024,2024-25,July,HSD,IMPORT,1.498956,Thousand Metric Tonnes (TMT),PPAC,1751964547_PT_IMPORT_TMT_H.xlsx,PT_IMPORT_2024-25,18,2026-08-21T15:32:18.860646+00:00,1.0
2024-08-01,2024,2024-25,August,HSD,IMPORT,2.425365,Thousand Metric Tonnes (TMT),PPAC,1751964547_PT_IMPORT_TMT_H.xlsx,PT_IMPORT_2024-25,18,2026-08-21T15:32:18.860646+00:00,1.0
2024-09-01,2024,2024-25,September,HSD,IMPORT,0.28755,Thousand Metric Tonnes (TMT),PPAC,1751964547_PT_IMPORT_TMT_H.xlsx,PT_IMPORT_2024-25,18,2026-08-21T15:32:18.860646+00:00,1.0
2024-10-01,2024,2024-25,October,HSD,IMPORT,8.651698,Thousand Metric Tonnes (TMT),PPAC,1751964547_PT_IMPORT_TMT_H.xlsx,PT_IMPORT_2024-25,18,2026-08-21T15:32:18.860646+00:00,1.0
2024-11-01,2024,2024-25,November,HSD,IMPORT,4.212751,Thousand Metric Tonnes (TMT),PPAC,1751964547_PT_IMPORT_TMT_H.xlsx,PT_IMPORT_2024-25,18,2026-08-21T15:32:18.860646+00:00,1.0
2024-12-01,2024,2024-25,December,HSD,IMPORT,1.5295370000000001,Thousand Metric Tonnes (TMT),PPAC,1751964547_PT_IMPORT_TMT_H.xlsx,PT_IMPORT_2024-25,18,2026-08-21T15:32:18.860646+00:00,1.0
2025-01-01,2025,2024-25,January,HSD,IMPORT,2.646796,Thousand Metric Tonnes (TMT),PPAC,1751964547_PT_IMPORT_TMT_H.xlsx,PT_IMPORT_2024-25,18,2026-08-21T15:32:18.860646+00:00,1.0
2025-02-01,2025,2024-25,February,HSD,IMPORT,7.202736000000001,Thousand Metric Tonnes (TMT),PPAC,1751964547_PT_IMPORT_TMT_H.xlsx,PT_IMPORT_2024-25,18,2026-08-21T15:32:18.860646+00:00,1.0
2025-03-01,2025,2024-25,March,HSD,IMPORT,2.474294,Thousand Metric Tonnes (TMT),PPAC,1751964547_PT_IMPORT_TMT_H.xlsx,PT_IMPORT_2024-25,18,2026-08-21T15:32:18.860646+00:00,1.0
2024-04-01,2024,2024-25,April,LOBS/ Lube oil,IMPORT,284.54282099999995,Thousand Metric Tonnes (TMT),PPAC,1751964547_PT_IMPORT_TMT_H.xlsx,PT_IMPORT_2024-25,19,2026-08-21T15:32:18.860646+00:00,1.0
2024-05-01,2024,2024-25,May,LOBS/ Lube oil,IMPORT,349.514022,Thousand Metric Tonnes (TMT),PPAC,1751964547_PT_IMPORT_TMT_H.xlsx,PT_IMPORT_2024-25,19,2026-08-21T15:32:18.860646+00:00,1.0
2024-06-01,2024,2024-25,June,LOBS/ Lube oil,IMPORT,297.783412,Thousand Metric Tonnes (TMT),PPAC,1751964547_PT_IMPORT_TMT_H.xlsx,PT_IMPORT_2024-25,19,2026-08-21T15:32:18.860646+00:00,1.0
2024-07-01,2024,2024-25,July,LOBS/ Lube oil,IMPORT,172.65718799999996,Thousand Metric Tonnes (TMT),PPAC,1751964547_PT_IMPORT_TMT_H.xlsx,PT_IMPORT_2024-25,19,2026-08-21T15:32:18.860646+00:00,1.0
2024-08-01,2024,2024-25,August,LOBS/ Lube oil,IMPORT,211.994488,Thousand Metric Tonnes (TMT),PPAC,1751964547_PT_IMPORT_TMT_H.xlsx,PT_IMPORT_2024-25,19,2026-08-21T15:32:18.860646+00:00,1.0
2024-09-01,2024,2024-25,September,LOBS/ Lube oil,IMPORT,243.434151,Thousand Metric Tonnes (TMT),PPAC,1751964547_PT_IMPORT_TMT_H.xlsx,PT_IMPORT_2024-25,19,2026-08-21T15:32:18.860646+00:00,1.0
2024-10-01,2024,2024-25,October,LOBS/ Lube oil,IMPORT,214.02650400000002,Thousand Metric Tonnes (TMT),PPAC,1751964547_PT_IMPORT_TMT_H.xlsx,PT_IMPORT_2024-25,19,2026-08-21T15:32:18.860646+00:00,1.0
2024-11-01,2024,2024-25,November,LOBS/ Lube oil,IMPORT,211.786363,Thousand Metric Tonnes (TMT),PPAC,1751964547_PT_IMPORT_TMT_H.xlsx,PT_IMPORT_2024-25,19,2026-08-21T15:32:18.860646+00:00,1.0
2024-12-01,2024,2024-25,December,LOBS/ Lube oil,IMPORT,198.607834,Thousand Metric Tonnes (TMT),PPAC,1751964547_PT_IMPORT_TMT_H.xlsx,PT_IMPORT_2024-25,19,2026-08-21T15:32:18.860646+00:00,1.0
2025-01-01,2025,2024-25,January,LOBS/ Lube oil,IMPORT,240.603511,Thousand Metric Tonnes (TMT),PPAC,1751964547_PT_IMPORT_TMT_H.xlsx,PT_IMPORT_2024-25,19,2026-08-21T15:32:18.860646+00:00,1.0
2025-02-01,2025,2024-25,February,LOBS/ Lube oil,IMPORT,172.33851300000003,Thousand Metric Tonnes (TMT),PPAC,1751964547_PT_IMPORT_TMT_H.xlsx,PT_IMPORT_2024-25,19,2026-08-21T15:32:18.860646+00:00,1.0
2025-03-01,2025,2024-25,March,LOBS/ Lube oil,IMPORT,266.829004,Thousand Metric Tonnes (TMT),PPAC,1751964547_PT_IMPORT_TMT_H.xlsx,PT_IMPORT_2024-25,19,2026-08-21T15:32:18.860646+00:00,1.0
2024-04-01,2024,2024-25,April,Fuel Oil,IMPORT,791.920885,Thousand Metric Tonnes (TMT),PPAC,1751964547_PT_IMPORT_TMT_H.xlsx,PT_IMPORT_2024-25,20,2026-08-21T15:32:18.860646+00:00,1.0
2024-05-01,2024,2024-25,May,Fuel Oil,IMPORT,623.4326729999999,Thousand Metric Tonnes (TMT),PPAC,1751964547_PT_IMPORT_TMT_H.xlsx,PT_IMPORT_2024-25,20,2026-08-21T15:32:18.860646+00:00,1.0
2024-06-01,2024,2024-25,June,Fuel Oil,IMPORT,647.920799,Thousand Metric Tonnes (TMT),PPAC,1751964547_PT_IMPORT_TMT_H.xlsx,PT_IMPORT_2024-25,20,2026-08-21T15:32:18.860646+00:00,1.0
2024-07-01,2024,2024-25,July,Fuel Oil,IMPORT,816.8463110000001,Thousand Metric Tonnes (TMT),PPAC,1751964547_PT_IMPORT_TMT_H.xlsx,PT_IMPORT_2024-25,20,2026-08-21T15:32:18.860646+00:00,1.0
2024-08-01,2024,2024-25,August,Fuel Oil,IMPORT,624.058548,Thousand Metric Tonnes (TMT),PPAC,1751964547_PT_IMPORT_TMT_H.xlsx,PT_IMPORT_2024-25,20,2026-08-21T15:32:18.860646+00:00,1.0
2024-09-01,2024,2024-25,September,Fuel Oil,IMPORT,634.501139,Thousand Metric Tonnes (TMT),PPAC,1751964547_PT_IMPORT_TMT_H.xlsx,PT_IMPORT_2024-25,20,2026-08-21T15:32:18.860646+00:00,1.0
2024-10-01,2024,2024-25,October,Fuel Oil,IMPORT,743.71293,Thousand Metric Tonnes (TMT),PPAC,1751964547_PT_IMPORT_TMT_H.xlsx,PT_IMPORT_2024-25,20,2026-08-21T15:32:18.860646+00:00,1.0
2024-11-01,2024,2024-25,November,Fuel Oil,IMPORT,612.490863,Thousand Metric Tonnes (TMT),PPAC,1751964547_PT_IMPORT_TMT_H.xlsx,PT_IMPORT_2024-25,20,2026-08-21T15:32:18.860646+00:00,1.0
2024-12-01,2024,2024-25,December,Fuel Oil,IMPORT,608.3028810000001,Thousand Metric Tonnes (TMT),PPAC,1751964547_PT_IMPORT_TMT_H.xlsx,PT_IMPORT_2024-25,20,2026-08-21T15:32:18.860646+00:00,1.0
2025-01-01,2025,2024-25,January,Fuel Oil,IMPORT,680.3632220000001,Thousand Metric Tonnes (TMT),PPAC,1751964547_PT_IMPORT_TMT_H.xlsx,PT_IMPORT_2024-25,20,2026-08-21T15:32:18.860646+00:00,1.0
2025-02-01,2025,2024-25,February,Fuel Oil,IMPORT,415.923857,Thousand Metric Tonnes (TMT),PPAC,1751964547_PT_IMPORT_TMT_H.xlsx,PT_IMPORT_2024-25,20,2026-08-21T15:32:18.860646+00:00,1.0
2025-03-01,2025,2024-25,March,Fuel Oil,IMPORT,474.502176,Thousand Metric Tonnes (TMT),PPAC,1751964547_PT_IMPORT_TMT_H.xlsx,PT_IMPORT_2024-25,20,2026-08-21T15:32:18.860646+00:00,1.0
2024-04-01,2024,2024-25,April,Bitumen,IMPORT,274.24624600000004,Thousand Metric Tonnes (TMT),PPAC,1751964547_PT_IMPORT_TMT_H.xlsx,PT_IMPORT_2024-25,21,2026-08-21T15:32:18.860646+00:00,1.0
2024-05-01,2024,2024-25,May,Bitumen,IMPORT,338.823068,Thousand Metric Tonnes (TMT),PPAC,1751964547_PT_IMPORT_TMT_H.xlsx,PT_IMPORT_2024-25,21,2026-08-21T15:32:18.860646+00:00,1.0
2024-06-01,2024,2024-25,June,Bitumen,IMPORT,237.887176,Thousand Metric Tonnes (TMT),PPAC,1751964547_PT_IMPORT_TMT_H.xlsx,PT_IMPORT_2024-25,21,2026-08-21T15:32:18.860646+00:00,1.0
2024-07-01,2024,2024-25,July,Bitumen,IMPORT,159.321812,Thousand Metric Tonnes (TMT),PPAC,1751964547_PT_IMPORT_TMT_H.xlsx,PT_IMPORT_2024-25,21,2026-08-21T15:32:18.860646+00:00,1.0
2024-08-01,2024,2024-25,August,Bitumen,IMPORT,126.657578,Thousand Metric Tonnes (TMT),PPAC,1751964547_PT_IMPORT_TMT_H.xlsx,PT_IMPORT_2024-25,21,2026-08-21T15:32:18.860646+00:00,1.0
2024-09-01,2024,2024-25,September,Bitumen,IMPORT,163.736651,Thousand Metric Tonnes (TMT),PPAC,1751964547_PT_IMPORT_TMT_H.xlsx,PT_IMPORT_2024-25,21,2026-08-21T15:32:18.860646+00:00,1.0
2024-10-01,2024,2024-25,October,Bitumen,IMPORT,193.98767800000002,Thousand Metric Tonnes (TMT),PPAC,1751964547_PT_IMPORT_TMT_H.xlsx,PT_IMPORT_2024-25,21,2026-08-21T15:32:18.860646+00:00,1.0
2024-11-01,2024,2024-25,November,Bitumen,IMPORT,237.619972,Thousand Metric Tonnes (TMT),PPAC,1751964547_PT_IMPORT_TMT_H.xlsx,PT_IMPORT_2024-25,21,2026-08-21T15:32:18.860646+00:00,1.0
2024-12-01,2024,2024-25,December,Bitumen,IMPORT,216.737001,Thousand Metric Tonnes (TMT),PPAC,1751964547_PT_IMPORT_TMT_H.xlsx,PT_IMPORT_2024-25,21,2026-08-21T15:32:18.860646+00:00,1.0
2025-01-01,2025,2024-25,January,Bitumen,IMPORT,298.100443,Thousand Metric Tonnes (TMT),PPAC,1751964547_PT_IMPORT_TMT_H.xlsx,PT_IMPORT_2024-25,21,2026-08-21T15:32:18.860646+00:00,1.0
2025-02-01,2025,2024-25,February,Bitumen,IMPORT,309.52164999999997,Thousand Metric Tonnes (TMT),PPAC,1751964547_PT_IMPORT_TMT_H.xlsx,PT_IMPORT_2024-25,21,2026-08-21T15:32:18.860646+00:00,1.0
2025-03-01,2025,2024-25,March,Bitumen,IMPORT,343.276056,Thousand Metric Tonnes (TMT),PPAC,1751964547_PT_IMPORT_TMT_H.xlsx,PT_IMPORT_2024-25,21,2026-08-21T15:32:18.860646+00:00,1.0
2024-04-01,2024,2024-25,April,Petcoke,IMPORT,1026.10587,Thousand Metric Tonnes (TMT),PPAC,1751964547_PT_IMPORT_TMT_H.xlsx,PT_IMPORT_2024-25,22,2026-08-21T15:32:18.860646+00:00,1.0
2024-05-01,2024,2024-25,May,Petcoke,IMPORT,1005.053937,Thousand Metric Tonnes (TMT),PPAC,1751964547_PT_IMPORT_TMT_H.xlsx,PT_IMPORT_2024-25,22,2026-08-21T15:32:18.860646+00:00,1.0
2024-06-01,2024,2024-25,June,Petcoke,IMPORT,849.671242,Thousand Metric Tonnes (TMT),PPAC,1751964547_PT_IMPORT_TMT_H.xlsx,PT_IMPORT_2024-25,22,2026-08-21T15:32:18.860646+00:00,1.0
2024-07-01,2024,2024-25,July,Petcoke,IMPORT,1587.510171,Thousand Metric Tonnes (TMT),PPAC,1751964547_PT_IMPORT_TMT_H.xlsx,PT_IMPORT_2024-25,22,2026-08-21T15:32:18.860646+00:00,1.0
2024-08-01,2024,2024-25,August,Petcoke,IMPORT,1058.135312,Thousand Metric Tonnes (TMT),PPAC,1751964547_PT_IMPORT_TMT_H.xlsx,PT_IMPORT_2024-25,22,2026-08-21T15:32:18.860646+00:00,1.0
2024-09-01,2024,2024-25,September,Petcoke,IMPORT,604.0142239999999,Thousand Metric Tonnes (TMT),PPAC,1751964547_PT_IMPORT_TMT_H.xlsx,PT_IMPORT_2024-25,22,2026-08-21T15:32:18.860646+00:00,1.0
2024-10-01,2024,2024-25,October,Petcoke,IMPORT,1349.5907200000001,Thousand Metric Tonnes (TMT),PPAC,1751964547_PT_IMPORT_TMT_H.xlsx,PT_IMPORT_2024-25,22,2026-08-21T15:32:18.860646+00:00,1.0
2024-11-01,2024,2024-25,November,Petcoke,IMPORT,1265.003547,Thousand Metric Tonnes (TMT),PPAC,1751964547_PT_IMPORT_TMT_H.xlsx,PT_IMPORT_2024-25,22,2026-08-21T15:32:18.860646+00:00,1.0
2024-12-01,2024,2024-25,December,Petcoke,IMPORT,1125.2438020000002,Thousand Metric Tonnes (TMT),PPAC,1751964547_PT_IMPORT_TMT_H.xlsx,PT_IMPORT_2024-25,22,2026-08-21T15:32:18.860646+00:00,1.0
2025-01-01,2025,2024-25,January,Petcoke,IMPORT,1188.485041,Thousand Metric Tonnes (TMT),PPAC,1751964547_PT_IMPORT_TMT_H.xlsx,PT_IMPORT_2024-25,22,2026-08-21T15:32:18.860646+00:00,1.0
2025-02-01,2025,2024-25,February,Petcoke,IMPORT,1299.8956950000002,Thousand Metric Tonnes (TMT),PPAC,1751964547_PT_IMPORT_TMT_H.xlsx,PT_IMPORT_2024-25,22,2026-08-21T15:32:18.860646+00:00,1.0
2025-03-01,2025,2024-25,March,Petcoke,IMPORT,793.8707059999999,Thousand Metric Tonnes (TMT),PPAC,1751964547_PT_IMPORT_TMT_H.xlsx,PT_IMPORT_2024-25,22,2026-08-21T15:32:18.860646+00:00,1.0
2024-04-01,2024,2024-25,April,Others&,IMPORT,215.474942,Thousand Metric Tonnes (TMT),PPAC,1751964547_PT_IMPORT_TMT_H.xlsx,PT_IMPORT_2024-25,23,2026-08-21T15:32:18.860646+00:00,1.0
2024-05-01,2024,2024-25,May,Others&,IMPORT,202.8565010000001,Thousand Metric Tonnes (TMT),PPAC,1751964547_PT_IMPORT_TMT_H.xlsx,PT_IMPORT_2024-25,23,2026-08-21T15:32:18.860646+00:00,1.0
2024-06-01,2024,2024-25,June,Others&,IMPORT,253.81959499999996,Thousand Metric Tonnes (TMT),PPAC,1751964547_PT_IMPORT_TMT_H.xlsx,PT_IMPORT_2024-25,23,2026-08-21T15:32:18.860646+00:00,1.0
2024-07-01,2024,2024-25,July,Others&,IMPORT,158.61407099999997,Thousand Metric Tonnes (TMT),PPAC,1751964547_PT_IMPORT_TMT_H.xlsx,PT_IMPORT_2024-25,23,2026-08-21T15:32:18.860646+00:00,1.0
2024-08-01,2024,2024-25,August,Others&,IMPORT,258.10835999999995,Thousand Metric Tonnes (TMT),PPAC,1751964547_PT_IMPORT_TMT_H.xlsx,PT_IMPORT_2024-25,23,2026-08-21T15:32:18.860646+00:00,1.0
2024-09-01,2024,2024-25,September,Others&,IMPORT,190.325313,Thousand Metric Tonnes (TMT),PPAC,1751964547_PT_IMPORT_TMT_H.xlsx,PT_IMPORT_2024-25,23,2026-08-21T15:32:18.860646+00:00,1.0
2024-10-01,2024,2024-25,October,Others&,IMPORT,111.492212,Thousand Metric Tonnes (TMT),PPAC,1751964547_PT_IMPORT_TMT_H.xlsx,PT_IMPORT_2024-25,23,2026-08-21T15:32:18.860646+00:00,1.0
2024-11-01,2024,2024-25,November,Others&,IMPORT,200.8288769999999,Thousand Metric Tonnes (TMT),PPAC,1751964547_PT_IMPORT_TMT_H.xlsx,PT_IMPORT_2024-25,23,2026-08-21T15:32:18.860646+00:00,1.0
2024-12-01,2024,2024-25,December,Others&,IMPORT,190.40825999999998,Thousand Metric Tonnes (TMT),PPAC,1751964547_PT_IMPORT_TMT_H.xlsx,PT_IMPORT_2024-25,23,2026-08-21T15:32:18.860646+00:00,1.0
2025-01-01,2025,2024-25,January,Others&,IMPORT,213.67974399999994,Thousand Metric Tonnes (TMT),PPAC,1751964547_PT_IMPORT_TMT_H.xlsx,PT_IMPORT_2024-25,23,2026-08-21T15:32:18.860646+00:00,1.0
2025-02-01,2025,2024-25,February,Others&,IMPORT,149.358258,Thousand Metric Tonnes (TMT),PPAC,1751964547_PT_IMPORT_TMT_H.xlsx,PT_IMPORT_2024-25,23,2026-08-21T15:32:18.860646+00:00,1.0
2025-03-01,2025,2024-25,March,Others&,IMPORT,283.364488,Thousand Metric Tonnes (TMT),PPAC,1751964547_PT_IMPORT_TMT_H.xlsx,PT_IMPORT_2024-25,23,2026-08-21T15:32:18.860646+00:00,1.0
2024-04-01,2024,2024-25,April,LPG,EXPORT,44.456494,Thousand Metric Tonnes (TMT),PPAC,1751964547_PT_IMPORT_TMT_H.xlsx,PT_IMPORT_2024-25,27,2026-08-21T15:32:18.860646+00:00,1.0
2024-05-01,2024,2024-25,May,LPG,EXPORT,43.556844,Thousand Metric Tonnes (TMT),PPAC,1751964547_PT_IMPORT_TMT_H.xlsx,PT_IMPORT_2024-25,27,2026-08-21T15:32:18.860646+00:00,1.0
2024-06-01,2024,2024-25,June,LPG,EXPORT,45.679,Thousand Metric Tonnes (TMT),PPAC,1751964547_PT_IMPORT_TMT_H.xlsx,PT_IMPORT_2024-25,27,2026-08-21T15:32:18.860646+00:00,1.0
2024-07-01,2024,2024-25,July,LPG,EXPORT,44.605,Thousand Metric Tonnes (TMT),PPAC,1751964547_PT_IMPORT_TMT_H.xlsx,PT_IMPORT_2024-25,27,2026-08-21T15:32:18.860646+00:00,1.0
2024-08-01,2024,2024-25,August,LPG,EXPORT,43.88,Thousand Metric Tonnes (TMT),PPAC,1751964547_PT_IMPORT_TMT_H.xlsx,PT_IMPORT_2024-25,27,2026-08-21T15:32:18.860646+00:00,1.0
2024-09-01,2024,2024-25,September,LPG,EXPORT,40.75,Thousand Metric Tonnes (TMT),PPAC,1751964547_PT_IMPORT_TMT_H.xlsx,PT_IMPORT_2024-25,27,2026-08-21T15:32:18.860646+00:00,1.0
2024-10-01,2024,2024-25,October,LPG,EXPORT,46.73,Thousand Metric Tonnes (TMT),PPAC,1751964547_PT_IMPORT_TMT_H.xlsx,PT_IMPORT_2024-25,27,2026-08-21T15:32:18.860646+00:00,1.0
2024-11-01,2024,2024-25,November,LPG,EXPORT,43.997,Thousand Metric Tonnes (TMT),PPAC,1751964547_PT_IMPORT_TMT_H.xlsx,PT_IMPORT_2024-25,27,2026-08-21T15:32:18.860646+00:00,1.0
2024-12-01,2024,2024-25,December,LPG,EXPORT,49.32,Thousand Metric Tonnes (TMT),PPAC,1751964547_PT_IMPORT_TMT_H.xlsx,PT_IMPORT_2024-25,27,2026-08-21T15:32:18.860646+00:00,1.0
2025-01-01,2025,2024-25,January,LPG,EXPORT,49.139300000000006,Thousand Metric Tonnes (TMT),PPAC,1751964547_PT_IMPORT_TMT_H.xlsx,PT_IMPORT_2024-25,27,2026-08-21T15:32:18.860646+00:00,1.0
2025-02-01,2025,2024-25,February,LPG,EXPORT,48.72096,Thousand Metric Tonnes (TMT),PPAC,1751964547_PT_IMPORT_TMT_H.xlsx,PT_IMPORT_2024-25,27,2026-08-21T15:32:18.860646+00:00,1.0
2025-03-01,2025,2024-25,March,LPG,EXPORT,50.351040000000005,Thousand Metric Tonnes (TMT),PPAC,1751964547_PT_IMPORT_TMT_H.xlsx,PT_IMPORT_2024-25,27,2026-08-21T15:32:18.860646+00:00,1.0
2024-04-01,2024,2024-25,April,MS!,EXPORT,1178.0544084571002,Thousand Metric Tonnes (TMT),PPAC,1751964547_PT_IMPORT_TMT_H.xlsx,PT_IMPORT_2024-25,28,2026-08-21T15:32:18.860646+00:00,1.0
2024-05-01,2024,2024-25,May,MS!,EXPORT,1277.3363677633,Thousand Metric Tonnes (TMT),PPAC,1751964547_PT_IMPORT_TMT_H.xlsx,PT_IMPORT_2024-25,28,2026-08-21T15:32:18.860646+00:00,1.0
2024-06-01,2024,2024-25,June,MS!,EXPORT,1239.1814975918003,Thousand Metric Tonnes (TMT),PPAC,1751964547_PT_IMPORT_TMT_H.xlsx,PT_IMPORT_2024-25,28,2026-08-21T15:32:18.860646+00:00,1.0
2024-07-01,2024,2024-25,July,MS!,EXPORT,1065.4327248965,Thousand Metric Tonnes (TMT),PPAC,1751964547_PT_IMPORT_TMT_H.xlsx,PT_IMPORT_2024-25,28,2026-08-21T15:32:18.860646+00:00,1.0
2024-08-01,2024,2024-25,August,MS!,EXPORT,1177.2994095996,Thousand Metric Tonnes (TMT),PPAC,1751964547_PT_IMPORT_TMT_H.xlsx,PT_IMPORT_2024-25,28,2026-08-21T15:32:18.860646+00:00,1.0
2024-09-01,2024,2024-25,September,MS!,EXPORT,1244.9656450006999,Thousand Metric Tonnes (TMT),PPAC,1751964547_PT_IMPORT_TMT_H.xlsx,PT_IMPORT_2024-25,28,2026-08-21T15:32:18.860646+00:00,1.0
2024-10-01,2024,2024-25,October,MS!,EXPORT,1117.7750614422,Thousand Metric Tonnes (TMT),PPAC,1751964547_PT_IMPORT_TMT_H.xlsx,PT_IMPORT_2024-25,28,2026-08-21T15:32:18.860646+00:00,1.0
2024-11-01,2024,2024-25,November,MS!,EXPORT,1240.4989427867,Thousand Metric Tonnes (TMT),PPAC,1751964547_PT_IMPORT_TMT_H.xlsx,PT_IMPORT_2024-25,28,2026-08-21T15:32:18.860646+00:00,1.0
2024-12-01,2024,2024-25,December,MS!,EXPORT,1472.5864192445,Thousand Metric Tonnes (TMT),PPAC,1751964547_PT_IMPORT_TMT_H.xlsx,PT_IMPORT_2024-25,28,2026-08-21T15:32:18.860646+00:00,1.0
2025-01-01,2025,2024-25,January,MS!,EXPORT,1362.2716196194,Thousand Metric Tonnes (TMT),PPAC,1751964547_PT_IMPORT_TMT_H.xlsx,PT_IMPORT_2024-25,28,2026-08-21T15:32:18.860646+00:00,1.0
2025-02-01,2025,2024-25,February,MS!,EXPORT,1686.7017908845005,Thousand Metric Tonnes (TMT),PPAC,1751964547_PT_IMPORT_TMT_H.xlsx,PT_IMPORT_2024-25,28,2026-08-21T15:32:18.860646+00:00,1.0
2025-03-01,2025,2024-25,March,MS!,EXPORT,1768.3750352820998,Thousand Metric Tonnes (TMT),PPAC,1751964547_PT_IMPORT_TMT_H.xlsx,PT_IMPORT_2024-25,28,2026-08-21T15:32:18.860646+00:00,1.0
2024-04-01,2024,2024-25,April,Naphtha$,EXPORT,438.565738,Thousand Metric Tonnes (TMT),PPAC,1751964547_PT_IMPORT_TMT_H.xlsx,PT_IMPORT_2024-25,29,2026-08-21T15:32:18.860646+00:00,1.0
2024-05-01,2024,2024-25,May,Naphtha$,EXPORT,390.38066999999995,Thousand Metric Tonnes (TMT),PPAC,1751964547_PT_IMPORT_TMT_H.xlsx,PT_IMPORT_2024-25,29,2026-08-21T15:32:18.860646+00:00,1.0
2024-06-01,2024,2024-25,June,Naphtha$,EXPORT,491.23489,Thousand Metric Tonnes (TMT),PPAC,1751964547_PT_IMPORT_TMT_H.xlsx,PT_IMPORT_2024-25,29,2026-08-21T15:32:18.860646+00:00,1.0
2024-07-01,2024,2024-25,July,Naphtha$,EXPORT,457.860054,Thousand Metric Tonnes (TMT),PPAC,1751964547_PT_IMPORT_TMT_H.xlsx,PT_IMPORT_2024-25,29,2026-08-21T15:32:18.860646+00:00,1.0
2024-08-01,2024,2024-25,August,Naphtha$,EXPORT,412.763676,Thousand Metric Tonnes (TMT),PPAC,1751964547_PT_IMPORT_TMT_H.xlsx,PT_IMPORT_2024-25,29,2026-08-21T15:32:18.860646+00:00,1.0
2024-09-01,2024,2024-25,September,Naphtha$,EXPORT,415.4718890000001,Thousand Metric Tonnes (TMT),PPAC,1751964547_PT_IMPORT_TMT_H.xlsx,PT_IMPORT_2024-25,29,2026-08-21T15:32:18.860646+00:00,1.0
2024-10-01,2024,2024-25,October,Naphtha$,EXPORT,334.355657,Thousand Metric Tonnes (TMT),PPAC,1751964547_PT_IMPORT_TMT_H.xlsx,PT_IMPORT_2024-25,29,2026-08-21T15:32:18.860646+00:00,1.0
2024-11-01,2024,2024-25,November,Naphtha$,EXPORT,439.83505099999996,Thousand Metric Tonnes (TMT),PPAC,1751964547_PT_IMPORT_TMT_H.xlsx,PT_IMPORT_2024-25,29,2026-08-21T15:32:18.860646+00:00,1.0
2024-12-01,2024,2024-25,December,Naphtha$,EXPORT,425.194713,Thousand Metric Tonnes (TMT),PPAC,1751964547_PT_IMPORT_TMT_H.xlsx,PT_IMPORT_2024-25,29,2026-08-21T15:32:18.860646+00:00,1.0
2025-01-01,2025,2024-25,January,Naphtha$,EXPORT,442.242565,Thousand Metric Tonnes (TMT),PPAC,1751964547_PT_IMPORT_TMT_H.xlsx,PT_IMPORT_2024-25,29,2026-08-21T15:32:18.860646+00:00,1.0
2025-02-01,2025,2024-25,February,Naphtha$,EXPORT,552.1685679999999,Thousand Metric Tonnes (TMT),PPAC,1751964547_PT_IMPORT_TMT_H.xlsx,PT_IMPORT_2024-25,29,2026-08-21T15:32:18.860646+00:00,1.0
2025-03-01,2025,2024-25,March,Naphtha$,EXPORT,368.92483400000003,Thousand Metric Tonnes (TMT),PPAC,1751964547_PT_IMPORT_TMT_H.xlsx,PT_IMPORT_2024-25,29,2026-08-21T15:32:18.860646+00:00,1.0
2024-04-01,2024,2024-25,April,ATF#,EXPORT,643.142891,Thousand Metric Tonnes (TMT),PPAC,1751964547_PT_IMPORT_TMT_H.xlsx,PT_IMPORT_2024-25,30,2026-08-21T15:32:18.860646+00:00,1.0
2024-05-01,2024,2024-25,May,ATF#,EXPORT,857.0026419999999,Thousand Metric Tonnes (TMT),PPAC,1751964547_PT_IMPORT_TMT_H.xlsx,PT_IMPORT_2024-25,30,2026-08-21T15:32:18.860646+00:00,1.0
2024-06-01,2024,2024-25,June,ATF#,EXPORT,634.06065,Thousand Metric Tonnes (TMT),PPAC,1751964547_PT_IMPORT_TMT_H.xlsx,PT_IMPORT_2024-25,30,2026-08-21T15:32:18.860646+00:00,1.0
2024-07-01,2024,2024-25,July,ATF#,EXPORT,718.606507,Thousand Metric Tonnes (TMT),PPAC,1751964547_PT_IMPORT_TMT_H.xlsx,PT_IMPORT_2024-25,30,2026-08-21T15:32:18.860646+00:00,1.0
2024-08-01,2024,2024-25,August,ATF#,EXPORT,701.651629,Thousand Metric Tonnes (TMT),PPAC,1751964547_PT_IMPORT_TMT_H.xlsx,PT_IMPORT_2024-25,30,2026-08-21T15:32:18.860646+00:00,1.0
2024-09-01,2024,2024-25,September,ATF#,EXPORT,924.474123,Thousand Metric Tonnes (TMT),PPAC,1751964547_PT_IMPORT_TMT_H.xlsx,PT_IMPORT_2024-25,30,2026-08-21T15:32:18.860646+00:00,1.0
2024-10-01,2024,2024-25,October,ATF#,EXPORT,656.67093,Thousand Metric Tonnes (TMT),PPAC,1751964547_PT_IMPORT_TMT_H.xlsx,PT_IMPORT_2024-25,30,2026-08-21T15:32:18.860646+00:00,1.0
2024-11-01,2024,2024-25,November,ATF#,EXPORT,738.3637779999999,Thousand Metric Tonnes (TMT),PPAC,1751964547_PT_IMPORT_TMT_H.xlsx,PT_IMPORT_2024-25,30,2026-08-21T15:32:18.860646+00:00,1.0
2024-12-01,2024,2024-25,December,ATF#,EXPORT,838.0454589999999,Thousand Metric Tonnes (TMT),PPAC,1751964547_PT_IMPORT_TMT_H.xlsx,PT_IMPORT_2024-25,30,2026-08-21T15:32:18.860646+00:00,1.0
2025-01-01,2025,2024-25,January,ATF#,EXPORT,527.253706,Thousand Metric Tonnes (TMT),PPAC,1751964547_PT_IMPORT_TMT_H.xlsx,PT_IMPORT_2024-25,30,2026-08-21T15:32:18.860646+00:00,1.0
2025-02-01,2025,2024-25,February,ATF#,EXPORT,647.3216990000001,Thousand Metric Tonnes (TMT),PPAC,1751964547_PT_IMPORT_TMT_H.xlsx,PT_IMPORT_2024-25,30,2026-08-21T15:32:18.860646+00:00,1.0
2025-03-01,2025,2024-25,March,ATF#,EXPORT,667.36151,Thousand Metric Tonnes (TMT),PPAC,1751964547_PT_IMPORT_TMT_H.xlsx,PT_IMPORT_2024-25,30,2026-08-21T15:32:18.860646+00:00,1.0
2024-04-01,2024,2024-25,April,SKO,EXPORT,1.1086660000000002,Thousand Metric Tonnes (TMT),PPAC,1751964547_PT_IMPORT_TMT_H.xlsx,PT_IMPORT_2024-25,31,2026-08-21T15:32:18.860646+00:00,1.0
2024-05-01,2024,2024-25,May,SKO,EXPORT,0.977357,Thousand Metric Tonnes (TMT),PPAC,1751964547_PT_IMPORT_TMT_H.xlsx,PT_IMPORT_2024-25,31,2026-08-21T15:32:18.860646+00:00,1.0
2024-06-01,2024,2024-25,June,SKO,EXPORT,1.41,Thousand Metric Tonnes (TMT),PPAC,1751964547_PT_IMPORT_TMT_H.xlsx,PT_IMPORT_2024-25,31,2026-08-21T15:32:18.860646+00:00,1.0
2024-07-01,2024,2024-25,July,SKO,EXPORT,0.728,Thousand Metric Tonnes (TMT),PPAC,1751964547_PT_IMPORT_TMT_H.xlsx,PT_IMPORT_2024-25,31,2026-08-21T15:32:18.860646+00:00,1.0
2024-08-01,2024,2024-25,August,SKO,EXPORT,0.54,Thousand Metric Tonnes (TMT),PPAC,1751964547_PT_IMPORT_TMT_H.xlsx,PT_IMPORT_2024-25,31,2026-08-21T15:32:18.860646+00:00,1.0
2024-09-01,2024,2024-25,September,SKO,EXPORT,0.8,Thousand Metric Tonnes (TMT),PPAC,1751964547_PT_IMPORT_TMT_H.xlsx,PT_IMPORT_2024-25,31,2026-08-21T15:32:18.860646+00:00,1.0
2024-10-01,2024,2024-25,October,SKO,EXPORT,1.0,Thousand Metric Tonnes (TMT),PPAC,1751964547_PT_IMPORT_TMT_H.xlsx,PT_IMPORT_2024-25,31,2026-08-21T15:32:18.860646+00:00,1.0
2024-11-01,2024,2024-25,November,SKO,EXPORT,0.7140000000000001,Thousand Metric Tonnes (TMT),PPAC,1751964547_PT_IMPORT_TMT_H.xlsx,PT_IMPORT_2024-25,31,2026-08-21T15:32:18.860646+00:00,1.0
2024-12-01,2024,2024-25,December,SKO,EXPORT,1.825,Thousand Metric Tonnes (TMT),PPAC,1751964547_PT_IMPORT_TMT_H.xlsx,PT_IMPORT_2024-25,31,2026-08-21T15:32:18.860646+00:00,1.0
2025-01-01,2025,2024-25,January,SKO,EXPORT,0.99194,Thousand Metric Tonnes (TMT),PPAC,1751964547_PT_IMPORT_TMT_H.xlsx,PT_IMPORT_2024-25,31,2026-08-21T15:32:18.860646+00:00,1.0
2025-02-01,2025,2024-25,February,SKO,EXPORT,0.60868,Thousand Metric Tonnes (TMT),PPAC,1751964547_PT_IMPORT_TMT_H.xlsx,PT_IMPORT_2024-25,31,2026-08-21T15:32:18.860646+00:00,1.0
2025-03-01,2025,2024-25,March,SKO,EXPORT,1.2579500000000001,Thousand Metric Tonnes (TMT),PPAC,1751964547_PT_IMPORT_TMT_H.xlsx,PT_IMPORT_2024-25,31,2026-08-21T15:32:18.860646+00:00,1.0
2024-04-01,2024,2024-25,April,HSD,EXPORT,1998.7802559256,Thousand Metric Tonnes (TMT),PPAC,1751964547_PT_IMPORT_TMT_H.xlsx,PT_IMPORT_2024-25,32,2026-08-21T15:32:18.860646+00:00,1.0
2024-05-01,2024,2024-25,May,HSD,EXPORT,2140.1725011157,Thousand Metric Tonnes (TMT),PPAC,1751964547_PT_IMPORT_TMT_H.xlsx,PT_IMPORT_2024-25,32,2026-08-21T15:32:18.860646+00:00,1.0
2024-06-01,2024,2024-25,June,HSD,EXPORT,1944.1017009421003,Thousand Metric Tonnes (TMT),PPAC,1751964547_PT_IMPORT_TMT_H.xlsx,PT_IMPORT_2024-25,32,2026-08-21T15:32:18.860646+00:00,1.0
2024-07-01,2024,2024-25,July,HSD,EXPORT,2081.6384547273,Thousand Metric Tonnes (TMT),PPAC,1751964547_PT_IMPORT_TMT_H.xlsx,PT_IMPORT_2024-25,32,2026-08-21T15:32:18.860646+00:00,1.0
2024-08-01,2024,2024-25,August,HSD,EXPORT,2098.7548299917,Thousand Metric Tonnes (TMT),PPAC,1751964547_PT_IMPORT_TMT_H.xlsx,PT_IMPORT_2024-25,32,2026-08-21T15:32:18.860646+00:00,1.0
2024-09-01,2024,2024-25,September,HSD,EXPORT,2693.5529302893,Thousand Metric Tonnes (TMT),PPAC,1751964547_PT_IMPORT_TMT_H.xlsx,PT_IMPORT_2024-25,32,2026-08-21T15:32:18.860646+00:00,1.0
2024-10-01,2024,2024-25,October,HSD,EXPORT,2349.0849475289,Thousand Metric Tonnes (TMT),PPAC,1751964547_PT_IMPORT_TMT_H.xlsx,PT_IMPORT_2024-25,32,2026-08-21T15:32:18.860646+00:00,1.0
2024-11-01,2024,2024-25,November,HSD,EXPORT,2288.8641566197994,Thousand Metric Tonnes (TMT),PPAC,1751964547_PT_IMPORT_TMT_H.xlsx,PT_IMPORT_2024-25,32,2026-08-21T15:32:18.860646+00:00,1.0
2024-12-01,2024,2024-25,December,HSD,EXPORT,2489.0099968429995,Thousand Metric Tonnes (TMT),PPAC,1751964547_PT_IMPORT_TMT_H.xlsx,PT_IMPORT_2024-25,32,2026-08-21T15:32:18.860646+00:00,1.0
2025-01-01,2025,2024-25,January,HSD,EXPORT,2788.7335622562005,Thousand Metric Tonnes (TMT),PPAC,1751964547_PT_IMPORT_TMT_H.xlsx,PT_IMPORT_2024-25,32,2026-08-21T15:32:18.860646+00:00,1.0
2025-02-01,2025,2024-25,February,HSD,EXPORT,2329.1345503471002,Thousand Metric Tonnes (TMT),PPAC,1751964547_PT_IMPORT_TMT_H.xlsx,PT_IMPORT_2024-25,32,2026-08-21T15:32:18.860646+00:00,1.0
2025-03-01,2025,2024-25,March,HSD,EXPORT,2825.4332694050004,Thousand Metric Tonnes (TMT),PPAC,1751964547_PT_IMPORT_TMT_H.xlsx,PT_IMPORT_2024-25,32,2026-08-21T15:32:18.860646+00:00,1.0
2024-04-01,2024,2024-25,April,LDO,EXPORT,0.0,Thousand Metric Tonnes (TMT),PPAC,1751964547_PT_IMPORT_TMT_H.xlsx,PT_IMPORT_2024-25,33,2026-08-21T15:32:18.860646+00:00,1.0
2024-05-01,2024,2024-25,May,LDO,EXPORT,0.0,Thousand Metric Tonnes (TMT),PPAC,1751964547_PT_IMPORT_TMT_H.xlsx,PT_IMPORT_2024-25,33,2026-08-21T15:32:18.860646+00:00,1.0
2024-06-01,2024,2024-25,June,LDO,EXPORT,0.0,Thousand Metric Tonnes (TMT),PPAC,1751964547_PT_IMPORT_TMT_H.xlsx,PT_IMPORT_2024-25,33,2026-08-21T15:32:18.860646+00:00,1.0
2024-07-01,2024,2024-25,July,LDO,EXPORT,0.0,Thousand Metric Tonnes (TMT),PPAC,1751964547_PT_IMPORT_TMT_H.xlsx,PT_IMPORT_2024-25,33,2026-08-21T15:32:18.860646+00:00,1.0
2024-08-01,2024,2024-25,August,LDO,EXPORT,0.0,Thousand Metric Tonnes (TMT),PPAC,1751964547_PT_IMPORT_TMT_H.xlsx,PT_IMPORT_2024-25,33,2026-08-21T15:32:18.860646+00:00,1.0
2024-09-01,2024,2024-25,September,LDO,EXPORT,0.0,Thousand Metric Tonnes (TMT),PPAC,1751964547_PT_IMPORT_TMT_H.xlsx,PT_IMPORT_2024-25,33,2026-08-21T15:32:18.860646+00:00,1.0
2024-10-01,2024,2024-25,October,LDO,EXPORT,0.0,Thousand Metric Tonnes (TMT),PPAC,1751964547_PT_IMPORT_TMT_H.xlsx,PT_IMPORT_2024-25,33,2026-08-21T15:32:18.860646+00:00,1.0
2024-11-01,2024,2024-25,November,LDO,EXPORT,0.0,Thousand Metric Tonnes (TMT),PPAC,1751964547_PT_IMPORT_TMT_H.xlsx,PT_IMPORT_2024-25,33,2026-08-21T15:32:18.860646+00:00,1.0
2024-12-01,2024,2024-25,December,LDO,EXPORT,0.0,Thousand Metric Tonnes (TMT),PPAC,1751964547_PT_IMPORT_TMT_H.xlsx,PT_IMPORT_2024-25,33,2026-08-21T15:32:18.860646+00:00,1.0
2025-01-01,2025,2024-25,January,LDO,EXPORT,0.0,Thousand Metric Tonnes (TMT),PPAC,1751964547_PT_IMPORT_TMT_H.xlsx,PT_IMPORT_2024-25,33,2026-08-21T15:32:18.860646+00:00,1.0
2025-02-01,2025,2024-25,February,LDO,EXPORT,0.0,Thousand Metric Tonnes (TMT),PPAC,1751964547_PT_IMPORT_TMT_H.xlsx,PT_IMPORT_2024-25,33,2026-08-21T15:32:18.860646+00:00,1.0
2025-03-01,2025,2024-25,March,LDO,EXPORT,0.0,Thousand Metric Tonnes (TMT),PPAC,1751964547_PT_IMPORT_TMT_H.xlsx,PT_IMPORT_2024-25,33,2026-08-21T15:32:18.860646+00:00,1.0
2024-04-01,2024,2024-25,April,LOBS/ Lube Oil,EXPORT,0.49905337800000005,Thousand Metric Tonnes (TMT),PPAC,1751964547_PT_IMPORT_TMT_H.xlsx,PT_IMPORT_2024-25,34,2026-08-21T15:32:18.860646+00:00,1.0
2024-05-01,2024,2024-25,May,LOBS/ Lube Oil,EXPORT,1.9341423777000002,Thousand Metric Tonnes (TMT),PPAC,1751964547_PT_IMPORT_TMT_H.xlsx,PT_IMPORT_2024-25,34,2026-08-21T15:32:18.860646+00:00,1.0
2024-06-01,2024,2024-25,June,LOBS/ Lube Oil,EXPORT,1.1336651089,Thousand Metric Tonnes (TMT),PPAC,1751964547_PT_IMPORT_TMT_H.xlsx,PT_IMPORT_2024-25,34,2026-08-21T15:32:18.860646+00:00,1.0
2024-07-01,2024,2024-25,July,LOBS/ Lube Oil,EXPORT,1.9608401536000002,Thousand Metric Tonnes (TMT),PPAC,1751964547_PT_IMPORT_TMT_H.xlsx,PT_IMPORT_2024-25,34,2026-08-21T15:32:18.860646+00:00,1.0
2024-08-01,2024,2024-25,August,LOBS/ Lube Oil,EXPORT,1.4249057252,Thousand Metric Tonnes (TMT),PPAC,1751964547_PT_IMPORT_TMT_H.xlsx,PT_IMPORT_2024-25,34,2026-08-21T15:32:18.860646+00:00,1.0
2024-09-01,2024,2024-25,September,LOBS/ Lube Oil,EXPORT,1.6660547129999999,Thousand Metric Tonnes (TMT),PPAC,1751964547_PT_IMPORT_TMT_H.xlsx,PT_IMPORT_2024-25,34,2026-08-21T15:32:18.860646+00:00,1.0
2024-10-01,2024,2024-25,October,LOBS/ Lube Oil,EXPORT,1.3718778068000002,Thousand Metric Tonnes (TMT),PPAC,1751964547_PT_IMPORT_TMT_H.xlsx,PT_IMPORT_2024-25,34,2026-08-21T15:32:18.860646+00:00,1.0
2024-11-01,2024,2024-25,November,LOBS/ Lube Oil,EXPORT,0.8867216517,Thousand Metric Tonnes (TMT),PPAC,1751964547_PT_IMPORT_TMT_H.xlsx,PT_IMPORT_2024-25,34,2026-08-21T15:32:18.860646+00:00,1.0
2024-12-01,2024,2024-25,December,LOBS/ Lube Oil,EXPORT,1.7792141572000002,Thousand Metric Tonnes (TMT),PPAC,1751964547_PT_IMPORT_TMT_H.xlsx,PT_IMPORT_2024-25,34,2026-08-21T15:32:18.860646+00:00,1.0
2025-01-01,2025,2024-25,January,LOBS/ Lube Oil,EXPORT,0.7241418503999999,Thousand Metric Tonnes (TMT),PPAC,1751964547_PT_IMPORT_TMT_H.xlsx,PT_IMPORT_2024-25,34,2026-08-21T15:32:18.860646+00:00,1.0
2025-02-01,2025,2024-25,February,LOBS/ Lube Oil,EXPORT,1.4125726975000001,Thousand Metric Tonnes (TMT),PPAC,1751964547_PT_IMPORT_TMT_H.xlsx,PT_IMPORT_2024-25,34,2026-08-21T15:32:18.860646+00:00,1.0
2025-03-01,2025,2024-25,March,LOBS/ Lube Oil,EXPORT,2.2563683751,Thousand Metric Tonnes (TMT),PPAC,1751964547_PT_IMPORT_TMT_H.xlsx,PT_IMPORT_2024-25,34,2026-08-21T15:32:18.860646+00:00,1.0
2024-04-01,2024,2024-25,April,Fuel Oil,EXPORT,123.66629499999999,Thousand Metric Tonnes (TMT),PPAC,1751964547_PT_IMPORT_TMT_H.xlsx,PT_IMPORT_2024-25,35,2026-08-21T15:32:18.860646+00:00,1.0
2024-05-01,2024,2024-25,May,Fuel Oil,EXPORT,139.903724,Thousand Metric Tonnes (TMT),PPAC,1751964547_PT_IMPORT_TMT_H.xlsx,PT_IMPORT_2024-25,35,2026-08-21T15:32:18.860646+00:00,1.0
2024-06-01,2024,2024-25,June,Fuel Oil,EXPORT,132.709086,Thousand Metric Tonnes (TMT),PPAC,1751964547_PT_IMPORT_TMT_H.xlsx,PT_IMPORT_2024-25,35,2026-08-21T15:32:18.860646+00:00,1.0
2024-07-01,2024,2024-25,July,Fuel Oil,EXPORT,276.78033800000003,Thousand Metric Tonnes (TMT),PPAC,1751964547_PT_IMPORT_TMT_H.xlsx,PT_IMPORT_2024-25,35,2026-08-21T15:32:18.860646+00:00,1.0
2024-08-01,2024,2024-25,August,Fuel Oil,EXPORT,291.608119,Thousand Metric Tonnes (TMT),PPAC,1751964547_PT_IMPORT_TMT_H.xlsx,PT_IMPORT_2024-25,35,2026-08-21T15:32:18.860646+00:00,1.0
2024-09-01,2024,2024-25,September,Fuel Oil,EXPORT,374.79408,Thousand Metric Tonnes (TMT),PPAC,1751964547_PT_IMPORT_TMT_H.xlsx,PT_IMPORT_2024-25,35,2026-08-21T15:32:18.860646+00:00,1.0
2024-10-01,2024,2024-25,October,Fuel Oil,EXPORT,201.612821,Thousand Metric Tonnes (TMT),PPAC,1751964547_PT_IMPORT_TMT_H.xlsx,PT_IMPORT_2024-25,35,2026-08-21T15:32:18.860646+00:00,1.0
2024-11-01,2024,2024-25,November,Fuel Oil,EXPORT,175.966985,Thousand Metric Tonnes (TMT),PPAC,1751964547_PT_IMPORT_TMT_H.xlsx,PT_IMPORT_2024-25,35,2026-08-21T15:32:18.860646+00:00,1.0
2024-12-01,2024,2024-25,December,Fuel Oil,EXPORT,191.354197,Thousand Metric Tonnes (TMT),PPAC,1751964547_PT_IMPORT_TMT_H.xlsx,PT_IMPORT_2024-25,35,2026-08-21T15:32:18.860646+00:00,1.0
2025-01-01,2025,2024-25,January,Fuel Oil,EXPORT,142.812299,Thousand Metric Tonnes (TMT),PPAC,1751964547_PT_IMPORT_TMT_H.xlsx,PT_IMPORT_2024-25,35,2026-08-21T15:32:18.860646+00:00,1.0
2025-02-01,2025,2024-25,February,Fuel Oil,EXPORT,139.0722,Thousand Metric Tonnes (TMT),PPAC,1751964547_PT_IMPORT_TMT_H.xlsx,PT_IMPORT_2024-25,35,2026-08-21T15:32:18.860646+00:00,1.0
2025-03-01,2025,2024-25,March,Fuel Oil,EXPORT,222.899206,Thousand Metric Tonnes (TMT),PPAC,1751964547_PT_IMPORT_TMT_H.xlsx,PT_IMPORT_2024-25,35,2026-08-21T15:32:18.860646+00:00,1.0
2024-04-01,2024,2024-25,April,Bitumen,EXPORT,3.402,Thousand Metric Tonnes (TMT),PPAC,1751964547_PT_IMPORT_TMT_H.xlsx,PT_IMPORT_2024-25,36,2026-08-21T15:32:18.860646+00:00,1.0
2024-05-01,2024,2024-25,May,Bitumen,EXPORT,1.813134,Thousand Metric Tonnes (TMT),PPAC,1751964547_PT_IMPORT_TMT_H.xlsx,PT_IMPORT_2024-25,36,2026-08-21T15:32:18.860646+00:00,1.0
2024-06-01,2024,2024-25,June,Bitumen,EXPORT,1.3900000000000001,Thousand Metric Tonnes (TMT),PPAC,1751964547_PT_IMPORT_TMT_H.xlsx,PT_IMPORT_2024-25,36,2026-08-21T15:32:18.860646+00:00,1.0
2024-07-01,2024,2024-25,July,Bitumen,EXPORT,2.108,Thousand Metric Tonnes (TMT),PPAC,1751964547_PT_IMPORT_TMT_H.xlsx,PT_IMPORT_2024-25,36,2026-08-21T15:32:18.860646+00:00,1.0
2024-08-01,2024,2024-25,August,Bitumen,EXPORT,0.984,Thousand Metric Tonnes (TMT),PPAC,1751964547_PT_IMPORT_TMT_H.xlsx,PT_IMPORT_2024-25,36,2026-08-21T15:32:18.860646+00:00,1.0
2024-09-01,2024,2024-25,September,Bitumen,EXPORT,3.3180000000000005,Thousand Metric Tonnes (TMT),PPAC,1751964547_PT_IMPORT_TMT_H.xlsx,PT_IMPORT_2024-25,36,2026-08-21T15:32:18.860646+00:00,1.0
2024-10-01,2024,2024-25,October,Bitumen,EXPORT,0.855,Thousand Metric Tonnes (TMT),PPAC,1751964547_PT_IMPORT_TMT_H.xlsx,PT_IMPORT_2024-25,36,2026-08-21T15:32:18.860646+00:00,1.0
2024-11-01,2024,2024-25,November,Bitumen,EXPORT,1.26,Thousand Metric Tonnes (TMT),PPAC,1751964547_PT_IMPORT_TMT_H.xlsx,PT_IMPORT_2024-25,36,2026-08-21T15:32:18.860646+00:00,1.0
2024-12-01,2024,2024-25,December,Bitumen,EXPORT,1.276,Thousand Metric Tonnes (TMT),PPAC,1751964547_PT_IMPORT_TMT_H.xlsx,PT_IMPORT_2024-25,36,2026-08-21T15:32:18.860646+00:00,1.0
2025-01-01,2025,2024-25,January,Bitumen,EXPORT,0.6156900000000001,Thousand Metric Tonnes (TMT),PPAC,1751964547_PT_IMPORT_TMT_H.xlsx,PT_IMPORT_2024-25,36,2026-08-21T15:32:18.860646+00:00,1.0
2025-02-01,2025,2024-25,February,Bitumen,EXPORT,1.40372,Thousand Metric Tonnes (TMT),PPAC,1751964547_PT_IMPORT_TMT_H.xlsx,PT_IMPORT_2024-25,36,2026-08-21T15:32:18.860646+00:00,1.0
2025-03-01,2025,2024-25,March,Bitumen,EXPORT,4.64226,Thousand Metric Tonnes (TMT),PPAC,1751964547_PT_IMPORT_TMT_H.xlsx,PT_IMPORT_2024-25,36,2026-08-21T15:32:18.860646+00:00,1.0
2024-04-01,2024,2024-25,April,Petcoke / CBFS,EXPORT,71.961375,Thousand Metric Tonnes (TMT),PPAC,1751964547_PT_IMPORT_TMT_H.xlsx,PT_IMPORT_2024-25,37,2026-08-21T15:32:18.860646+00:00,1.0
2024-05-01,2024,2024-25,May,Petcoke / CBFS,EXPORT,72.66269500000001,Thousand Metric Tonnes (TMT),PPAC,1751964547_PT_IMPORT_TMT_H.xlsx,PT_IMPORT_2024-25,37,2026-08-21T15:32:18.860646+00:00,1.0
2024-06-01,2024,2024-25,June,Petcoke / CBFS,EXPORT,122.821215,Thousand Metric Tonnes (TMT),PPAC,1751964547_PT_IMPORT_TMT_H.xlsx,PT_IMPORT_2024-25,37,2026-08-21T15:32:18.860646+00:00,1.0
2024-07-01,2024,2024-25,July,Petcoke / CBFS,EXPORT,104.15999,Thousand Metric Tonnes (TMT),PPAC,1751964547_PT_IMPORT_TMT_H.xlsx,PT_IMPORT_2024-25,37,2026-08-21T15:32:18.860646+00:00,1.0
2024-08-01,2024,2024-25,August,Petcoke / CBFS,EXPORT,55.88532,Thousand Metric Tonnes (TMT),PPAC,1751964547_PT_IMPORT_TMT_H.xlsx,PT_IMPORT_2024-25,37,2026-08-21T15:32:18.860646+00:00,1.0
2024-09-01,2024,2024-25,September,Petcoke / CBFS,EXPORT,167.689547,Thousand Metric Tonnes (TMT),PPAC,1751964547_PT_IMPORT_TMT_H.xlsx,PT_IMPORT_2024-25,37,2026-08-21T15:32:18.860646+00:00,1.0
2024-10-01,2024,2024-25,October,Petcoke / CBFS,EXPORT,18.100569,Thousand Metric Tonnes (TMT),PPAC,1751964547_PT_IMPORT_TMT_H.xlsx,PT_IMPORT_2024-25,37,2026-08-21T15:32:18.860646+00:00,1.0
2024-11-01,2024,2024-25,November,Petcoke / CBFS,EXPORT,41.912125,Thousand Metric Tonnes (TMT),PPAC,1751964547_PT_IMPORT_TMT_H.xlsx,PT_IMPORT_2024-25,37,2026-08-21T15:32:18.860646+00:00,1.0
2024-12-01,2024,2024-25,December,Petcoke / CBFS,EXPORT,1.84,Thousand Metric Tonnes (TMT),PPAC,1751964547_PT_IMPORT_TMT_H.xlsx,PT_IMPORT_2024-25,37,2026-08-21T15:32:18.860646+00:00,1.0
2025-01-01,2025,2024-25,January,Petcoke / CBFS,EXPORT,2.82897,Thousand Metric Tonnes (TMT),PPAC,1751964547_PT_IMPORT_TMT_H.xlsx,PT_IMPORT_2024-25,37,2026-08-21T15:32:18.860646+00:00,1.0
2025-02-01,2025,2024-25,February,Petcoke / CBFS,EXPORT,4.50554,Thousand Metric Tonnes (TMT),PPAC,1751964547_PT_IMPORT_TMT_H.xlsx,PT_IMPORT_2024-25,37,2026-08-21T15:32:18.860646+00:00,1.0
2025-03-01,2025,2024-25,March,Petcoke / CBFS,EXPORT,27.925854,Thousand Metric Tonnes (TMT),PPAC,1751964547_PT_IMPORT_TMT_H.xlsx,PT_IMPORT_2024-25,37,2026-08-21T15:32:18.860646+00:00,1.0
2024-04-01,2024,2024-25,April,Others%,EXPORT,250.425138,Thousand Metric Tonnes (TMT),PPAC,1751964547_PT_IMPORT_TMT_H.xlsx,PT_IMPORT_2024-25,38,2026-08-21T15:32:18.860646+00:00,1.0
2024-05-01,2024,2024-25,May,Others%,EXPORT,330.22650181899996,Thousand Metric Tonnes (TMT),PPAC,1751964547_PT_IMPORT_TMT_H.xlsx,PT_IMPORT_2024-25,38,2026-08-21T15:32:18.860646+00:00,1.0
2024-06-01,2024,2024-25,June,Others%,EXPORT,363.117286,Thousand Metric Tonnes (TMT),PPAC,1751964547_PT_IMPORT_TMT_H.xlsx,PT_IMPORT_2024-25,38,2026-08-21T15:32:18.860646+00:00,1.0
2024-07-01,2024,2024-25,July,Others%,EXPORT,370.683926,Thousand Metric Tonnes (TMT),PPAC,1751964547_PT_IMPORT_TMT_H.xlsx,PT_IMPORT_2024-25,38,2026-08-21T15:32:18.860646+00:00,1.0
2024-08-01,2024,2024-25,August,Others%,EXPORT,309.15776800000003,Thousand Metric Tonnes (TMT),PPAC,1751964547_PT_IMPORT_TMT_H.xlsx,PT_IMPORT_2024-25,38,2026-08-21T15:32:18.860646+00:00,1.0
2024-09-01,2024,2024-25,September,Others%,EXPORT,617.7883823,Thousand Metric Tonnes (TMT),PPAC,1751964547_PT_IMPORT_TMT_H.xlsx,PT_IMPORT_2024-25,38,2026-08-21T15:32:18.860646+00:00,1.0
2024-10-01,2024,2024-25,October,Others%,EXPORT,325.689875,Thousand Metric Tonnes (TMT),PPAC,1751964547_PT_IMPORT_TMT_H.xlsx,PT_IMPORT_2024-25,38,2026-08-21T15:32:18.860646+00:00,1.0
2024-11-01,2024,2024-25,November,Others%,EXPORT,369.5944799999999,Thousand Metric Tonnes (TMT),PPAC,1751964547_PT_IMPORT_TMT_H.xlsx,PT_IMPORT_2024-25,38,2026-08-21T15:32:18.860646+00:00,1.0
2024-12-01,2024,2024-25,December,Others%,EXPORT,277.503376,Thousand Metric Tonnes (TMT),PPAC,1751964547_PT_IMPORT_TMT_H.xlsx,PT_IMPORT_2024-25,38,2026-08-21T15:32:18.860646+00:00,1.0
2025-01-01,2025,2024-25,January,Others%,EXPORT,153.700454,Thousand Metric Tonnes (TMT),PPAC,1751964547_PT_IMPORT_TMT_H.xlsx,PT_IMPORT_2024-25,38,2026-08-21T15:32:18.860646+00:00,1.0
2025-02-01,2025,2024-25,February,Others%,EXPORT,216.23072415000001,Thousand Metric Tonnes (TMT),PPAC,1751964547_PT_IMPORT_TMT_H.xlsx,PT_IMPORT_2024-25,38,2026-08-21T15:32:18.860646+00:00,1.0
2025-03-01,2025,2024-25,March,Others%,EXPORT,202.14120099999997,Thousand Metric Tonnes (TMT),PPAC,1751964547_PT_IMPORT_TMT_H.xlsx,PT_IMPORT_2024-25,38,2026-08-21T15:32:18.860646+00:00,1.0
2023-04-01,2023,2023-24,April,CRUDE OIL,IMPORT,19996.87733026,Thousand Metric Tonnes (TMT),PPAC,1751964547_PT_IMPORT_TMT_H.xlsx,PT_IMPORT_2023-24,11,2026-08-21T15:32:18.879022+00:00,1.0
2023-05-01,2023,2023-24,May,CRUDE OIL,IMPORT,20705.224408844,Thousand Metric Tonnes (TMT),PPAC,1751964547_PT_IMPORT_TMT_H.xlsx,PT_IMPORT_2023-24,11,2026-08-21T15:32:18.879022+00:00,1.0
2023-06-01,2023,2023-24,June,CRUDE OIL,IMPORT,19879.169660503,Thousand Metric Tonnes (TMT),PPAC,1751964547_PT_IMPORT_TMT_H.xlsx,PT_IMPORT_2023-24,11,2026-08-21T15:32:18.879022+00:00,1.0
2023-07-01,2023,2023-24,July,CRUDE OIL,IMPORT,19507.576904014,Thousand Metric Tonnes (TMT),PPAC,1751964547_PT_IMPORT_TMT_H.xlsx,PT_IMPORT_2023-24,11,2026-08-21T15:32:18.879022+00:00,1.0
2023-08-01,2023,2023-24,August,CRUDE OIL,IMPORT,19090.547153690997,Thousand Metric Tonnes (TMT),PPAC,1751964547_PT_IMPORT_TMT_H.xlsx,PT_IMPORT_2023-24,11,2026-08-21T15:32:18.879022+00:00,1.0
2023-09-01,2023,2023-24,September,CRUDE OIL,IMPORT,17502.259847149002,Thousand Metric Tonnes (TMT),PPAC,1751964547_PT_IMPORT_TMT_H.xlsx,PT_IMPORT_2023-24,11,2026-08-21T15:32:18.879022+00:00,1.0
2023-10-01,2023,2023-24,October,CRUDE OIL,IMPORT,18729.100481555004,Thousand Metric Tonnes (TMT),PPAC,1751964547_PT_IMPORT_TMT_H.xlsx,PT_IMPORT_2023-24,11,2026-08-21T15:32:18.879022+00:00,1.0
2023-11-01,2023,2023-24,November,CRUDE OIL,IMPORT,18593.105322284002,Thousand Metric Tonnes (TMT),PPAC,1751964547_PT_IMPORT_TMT_H.xlsx,PT_IMPORT_2023-24,11,2026-08-21T15:32:18.879022+00:00,1.0
2023-12-01,2023,2023-24,December,CRUDE OIL,IMPORT,19683.287084798,Thousand Metric Tonnes (TMT),PPAC,1751964547_PT_IMPORT_TMT_H.xlsx,PT_IMPORT_2023-24,11,2026-08-21T15:32:18.879022+00:00,1.0
2024-01-01,2024,2023-24,January,CRUDE OIL,IMPORT,21515.213700792003,Thousand Metric Tonnes (TMT),PPAC,1751964547_PT_IMPORT_TMT_H.xlsx,PT_IMPORT_2023-24,11,2026-08-21T15:32:18.879022+00:00,1.0
2024-02-01,2024,2023-24,February,CRUDE OIL,IMPORT,18244.024119147998,Thousand Metric Tonnes (TMT),PPAC,1751964547_PT_IMPORT_TMT_H.xlsx,PT_IMPORT_2023-24,11,2026-08-21T15:32:18.879022+00:00,1.0
2024-03-01,2024,2023-24,March,CRUDE OIL,IMPORT,20815.1935600399,Thousand Metric Tonnes (TMT),PPAC,1751964547_PT_IMPORT_TMT_H.xlsx,PT_IMPORT_2023-24,11,2026-08-21T15:32:18.879022+00:00,1.0
2023-04-01,2023,2023-24,April,LPG,IMPORT,1004.249689,Thousand Metric Tonnes (TMT),PPAC,1751964547_PT_IMPORT_TMT_H.xlsx,PT_IMPORT_2023-24,13,2026-08-21T15:32:18.879022+00:00,1.0
2023-05-01,2023,2023-24,May,LPG,IMPORT,1448.883918,Thousand Metric Tonnes (TMT),PPAC,1751964547_PT_IMPORT_TMT_H.xlsx,PT_IMPORT_2023-24,13,2026-08-21T15:32:18.879022+00:00,1.0
2023-06-01,2023,2023-24,June,LPG,IMPORT,1320.24564,Thousand Metric Tonnes (TMT),PPAC,1751964547_PT_IMPORT_TMT_H.xlsx,PT_IMPORT_2023-24,13,2026-08-21T15:32:18.879022+00:00,1.0
2023-07-01,2023,2023-24,July,LPG,IMPORT,1365.6082860000001,Thousand Metric Tonnes (TMT),PPAC,1751964547_PT_IMPORT_TMT_H.xlsx,PT_IMPORT_2023-24,13,2026-08-21T15:32:18.879022+00:00,1.0
2023-08-01,2023,2023-24,August,LPG,IMPORT,1570.286139,Thousand Metric Tonnes (TMT),PPAC,1751964547_PT_IMPORT_TMT_H.xlsx,PT_IMPORT_2023-24,13,2026-08-21T15:32:18.879022+00:00,1.0
2023-09-01,2023,2023-24,September,LPG,IMPORT,1619.505865,Thousand Metric Tonnes (TMT),PPAC,1751964547_PT_IMPORT_TMT_H.xlsx,PT_IMPORT_2023-24,13,2026-08-21T15:32:18.879022+00:00,1.0
2023-10-01,2023,2023-24,October,LPG,IMPORT,1915.601373,Thousand Metric Tonnes (TMT),PPAC,1751964547_PT_IMPORT_TMT_H.xlsx,PT_IMPORT_2023-24,13,2026-08-21T15:32:18.879022+00:00,1.0
2023-11-01,2023,2023-24,November,LPG,IMPORT,1721.4829590000002,Thousand Metric Tonnes (TMT),PPAC,1751964547_PT_IMPORT_TMT_H.xlsx,PT_IMPORT_2023-24,13,2026-08-21T15:32:18.879022+00:00,1.0
2023-12-01,2023,2023-24,December,LPG,IMPORT,1564.599827,Thousand Metric Tonnes (TMT),PPAC,1751964547_PT_IMPORT_TMT_H.xlsx,PT_IMPORT_2023-24,13,2026-08-21T15:32:18.879022+00:00,1.0
2024-01-01,2024,2023-24,January,LPG,IMPORT,1644.5235140000002,Thousand Metric Tonnes (TMT),PPAC,1751964547_PT_IMPORT_TMT_H.xlsx,PT_IMPORT_2023-24,13,2026-08-21T15:32:18.879022+00:00,1.0
2024-02-01,2024,2023-24,February,LPG,IMPORT,1749.793064,Thousand Metric Tonnes (TMT),PPAC,1751964547_PT_IMPORT_TMT_H.xlsx,PT_IMPORT_2023-24,13,2026-08-21T15:32:18.879022+00:00,1.0
2024-03-01,2024,2023-24,March,LPG,IMPORT,1589.4170080000001,Thousand Metric Tonnes (TMT),PPAC,1751964547_PT_IMPORT_TMT_H.xlsx,PT_IMPORT_2023-24,13,2026-08-21T15:32:18.879022+00:00,1.0
2023-04-01,2023,2023-24,April,MS,IMPORT,0.003211,Thousand Metric Tonnes (TMT),PPAC,1751964547_PT_IMPORT_TMT_H.xlsx,PT_IMPORT_2023-24,14,2026-08-21T15:32:18.879022+00:00,1.0
2023-05-01,2023,2023-24,May,MS,IMPORT,0.004736,Thousand Metric Tonnes (TMT),PPAC,1751964547_PT_IMPORT_TMT_H.xlsx,PT_IMPORT_2023-24,14,2026-08-21T15:32:18.879022+00:00,1.0
2023-06-01,2023,2023-24,June,MS,IMPORT,145.885544,Thousand Metric Tonnes (TMT),PPAC,1751964547_PT_IMPORT_TMT_H.xlsx,PT_IMPORT_2023-24,14,2026-08-21T15:32:18.879022+00:00,1.0
2023-07-01,2023,2023-24,July,MS,IMPORT,0.0,Thousand Metric Tonnes (TMT),PPAC,1751964547_PT_IMPORT_TMT_H.xlsx,PT_IMPORT_2023-24,14,2026-08-21T15:32:18.879022+00:00,1.0
2023-08-01,2023,2023-24,August,MS,IMPORT,149.297587,Thousand Metric Tonnes (TMT),PPAC,1751964547_PT_IMPORT_TMT_H.xlsx,PT_IMPORT_2023-24,14,2026-08-21T15:32:18.879022+00:00,1.0
2023-09-01,2023,2023-24,September,MS,IMPORT,151.146637,Thousand Metric Tonnes (TMT),PPAC,1751964547_PT_IMPORT_TMT_H.xlsx,PT_IMPORT_2023-24,14,2026-08-21T15:32:18.879022+00:00,1.0
2023-10-01,2023,2023-24,October,MS,IMPORT,199.77694400000001,Thousand Metric Tonnes (TMT),PPAC,1751964547_PT_IMPORT_TMT_H.xlsx,PT_IMPORT_2023-24,14,2026-08-21T15:32:18.879022+00:00,1.0
2023-11-01,2023,2023-24,November,MS,IMPORT,71.282899,Thousand Metric Tonnes (TMT),PPAC,1751964547_PT_IMPORT_TMT_H.xlsx,PT_IMPORT_2023-24,14,2026-08-21T15:32:18.879022+00:00,1.0
2023-12-01,2023,2023-24,December,MS,IMPORT,0.0,Thousand Metric Tonnes (TMT),PPAC,1751964547_PT_IMPORT_TMT_H.xlsx,PT_IMPORT_2023-24,14,2026-08-21T15:32:18.879022+00:00,1.0
2024-01-01,2024,2023-24,January,MS,IMPORT,0.0,Thousand Metric Tonnes (TMT),PPAC,1751964547_PT_IMPORT_TMT_H.xlsx,PT_IMPORT_2023-24,14,2026-08-21T15:32:18.879022+00:00,1.0
2024-02-01,2024,2023-24,February,MS,IMPORT,0.000762,Thousand Metric Tonnes (TMT),PPAC,1751964547_PT_IMPORT_TMT_H.xlsx,PT_IMPORT_2023-24,14,2026-08-21T15:32:18.879022+00:00,1.0
2024-03-01,2024,2023-24,March,MS,IMPORT,0.002697,Thousand Metric Tonnes (TMT),PPAC,1751964547_PT_IMPORT_TMT_H.xlsx,PT_IMPORT_2023-24,14,2026-08-21T15:32:18.879022+00:00,1.0
2023-04-01,2023,2023-24,April,Naphtha,IMPORT,56.88165,Thousand Metric Tonnes (TMT),PPAC,1751964547_PT_IMPORT_TMT_H.xlsx,PT_IMPORT_2023-24,15,2026-08-21T15:32:18.879022+00:00,1.0
2023-05-01,2023,2023-24,May,Naphtha,IMPORT,33.166741,Thousand Metric Tonnes (TMT),PPAC,1751964547_PT_IMPORT_TMT_H.xlsx,PT_IMPORT_2023-24,15,2026-08-21T15:32:18.879022+00:00,1.0
2023-06-01,2023,2023-24,June,Naphtha,IMPORT,189.084447,Thousand Metric Tonnes (TMT),PPAC,1751964547_PT_IMPORT_TMT_H.xlsx,PT_IMPORT_2023-24,15,2026-08-21T15:32:18.879022+00:00,1.0
2023-07-01,2023,2023-24,July,Naphtha,IMPORT,38.498307999999994,Thousand Metric Tonnes (TMT),PPAC,1751964547_PT_IMPORT_TMT_H.xlsx,PT_IMPORT_2023-24,15,2026-08-21T15:32:18.879022+00:00,1.0
2023-08-01,2023,2023-24,August,Naphtha,IMPORT,113.729923,Thousand Metric Tonnes (TMT),PPAC,1751964547_PT_IMPORT_TMT_H.xlsx,PT_IMPORT_2023-24,15,2026-08-21T15:32:18.879022+00:00,1.0
2023-09-01,2023,2023-24,September,Naphtha,IMPORT,154.03360500000002,Thousand Metric Tonnes (TMT),PPAC,1751964547_PT_IMPORT_TMT_H.xlsx,PT_IMPORT_2023-24,15,2026-08-21T15:32:18.879022+00:00,1.0
2023-10-01,2023,2023-24,October,Naphtha,IMPORT,250.120059,Thousand Metric Tonnes (TMT),PPAC,1751964547_PT_IMPORT_TMT_H.xlsx,PT_IMPORT_2023-24,15,2026-08-21T15:32:18.879022+00:00,1.0
2023-11-01,2023,2023-24,November,Naphtha,IMPORT,114.523843,Thousand Metric Tonnes (TMT),PPAC,1751964547_PT_IMPORT_TMT_H.xlsx,PT_IMPORT_2023-24,15,2026-08-21T15:32:18.879022+00:00,1.0
2023-12-01,2023,2023-24,December,Naphtha,IMPORT,200.733816,Thousand Metric Tonnes (TMT),PPAC,1751964547_PT_IMPORT_TMT_H.xlsx,PT_IMPORT_2023-24,15,2026-08-21T15:32:18.879022+00:00,1.0
2024-01-01,2024,2023-24,January,Naphtha,IMPORT,55.99956,Thousand Metric Tonnes (TMT),PPAC,1751964547_PT_IMPORT_TMT_H.xlsx,PT_IMPORT_2023-24,15,2026-08-21T15:32:18.879022+00:00,1.0
2024-02-01,2024,2023-24,February,Naphtha,IMPORT,1.9663,Thousand Metric Tonnes (TMT),PPAC,1751964547_PT_IMPORT_TMT_H.xlsx,PT_IMPORT_2023-24,15,2026-08-21T15:32:18.879022+00:00,1.0
2024-03-01,2024,2023-24,March,Naphtha,IMPORT,2.0396870000000002,Thousand Metric Tonnes (TMT),PPAC,1751964547_PT_IMPORT_TMT_H.xlsx,PT_IMPORT_2023-24,15,2026-08-21T15:32:18.879022+00:00,1.0
2023-04-01,2023,2023-24,April,ATF,IMPORT,0.0,Thousand Metric Tonnes (TMT),PPAC,1751964547_PT_IMPORT_TMT_H.xlsx,PT_IMPORT_2023-24,16,2026-08-21T15:32:18.879022+00:00,1.0
2023-05-01,2023,2023-24,May,ATF,IMPORT,0.0,Thousand Metric Tonnes (TMT),PPAC,1751964547_PT_IMPORT_TMT_H.xlsx,PT_IMPORT_2023-24,16,2026-08-21T15:32:18.879022+00:00,1.0
2023-06-01,2023,2023-24,June,ATF,IMPORT,0.0,Thousand Metric Tonnes (TMT),PPAC,1751964547_PT_IMPORT_TMT_H.xlsx,PT_IMPORT_2023-24,16,2026-08-21T15:32:18.879022+00:00,1.0
2023-07-01,2023,2023-24,July,ATF,IMPORT,0.0,Thousand Metric Tonnes (TMT),PPAC,1751964547_PT_IMPORT_TMT_H.xlsx,PT_IMPORT_2023-24,16,2026-08-21T15:32:18.879022+00:00,1.0
2023-08-01,2023,2023-24,August,ATF,IMPORT,0.00235,Thousand Metric Tonnes (TMT),PPAC,1751964547_PT_IMPORT_TMT_H.xlsx,PT_IMPORT_2023-24,16,2026-08-21T15:32:18.879022+00:00,1.0
2023-09-01,2023,2023-24,September,ATF,IMPORT,0.0,Thousand Metric Tonnes (TMT),PPAC,1751964547_PT_IMPORT_TMT_H.xlsx,PT_IMPORT_2023-24,16,2026-08-21T15:32:18.879022+00:00,1.0
2023-10-01,2023,2023-24,October,ATF,IMPORT,0.0,Thousand Metric Tonnes (TMT),PPAC,1751964547_PT_IMPORT_TMT_H.xlsx,PT_IMPORT_2023-24,16,2026-08-21T15:32:18.879022+00:00,1.0
2023-11-01,2023,2023-24,November,ATF,IMPORT,0.0,Thousand Metric Tonnes (TMT),PPAC,1751964547_PT_IMPORT_TMT_H.xlsx,PT_IMPORT_2023-24,16,2026-08-21T15:32:18.879022+00:00,1.0
2023-12-01,2023,2023-24,December,ATF,IMPORT,0.0,Thousand Metric Tonnes (TMT),PPAC,1751964547_PT_IMPORT_TMT_H.xlsx,PT_IMPORT_2023-24,16,2026-08-21T15:32:18.879022+00:00,1.0
2024-01-01,2024,2023-24,January,ATF,IMPORT,0.0,Thousand Metric Tonnes (TMT),PPAC,1751964547_PT_IMPORT_TMT_H.xlsx,PT_IMPORT_2023-24,16,2026-08-21T15:32:18.879022+00:00,1.0
2024-02-01,2024,2023-24,February,ATF,IMPORT,0.0,Thousand Metric Tonnes (TMT),PPAC,1751964547_PT_IMPORT_TMT_H.xlsx,PT_IMPORT_2023-24,16,2026-08-21T15:32:18.879022+00:00,1.0
2024-03-01,2024,2023-24,March,ATF,IMPORT,0.0,Thousand Metric Tonnes (TMT),PPAC,1751964547_PT_IMPORT_TMT_H.xlsx,PT_IMPORT_2023-24,16,2026-08-21T15:32:18.879022+00:00,1.0
2023-04-01,2023,2023-24,April,SKO,IMPORT,0.0,Thousand Metric Tonnes (TMT),PPAC,1751964547_PT_IMPORT_TMT_H.xlsx,PT_IMPORT_2023-24,17,2026-08-21T15:32:18.879022+00:00,1.0
2023-05-01,2023,2023-24,May,SKO,IMPORT,0.0,Thousand Metric Tonnes (TMT),PPAC,1751964547_PT_IMPORT_TMT_H.xlsx,PT_IMPORT_2023-24,17,2026-08-21T15:32:18.879022+00:00,1.0
2023-06-01,2023,2023-24,June,SKO,IMPORT,0.0,Thousand Metric Tonnes (TMT),PPAC,1751964547_PT_IMPORT_TMT_H.xlsx,PT_IMPORT_2023-24,17,2026-08-21T15:32:18.879022+00:00,1.0
2023-07-01,2023,2023-24,July,SKO,IMPORT,0.0,Thousand Metric Tonnes (TMT),PPAC,1751964547_PT_IMPORT_TMT_H.xlsx,PT_IMPORT_2023-24,17,2026-08-21T15:32:18.879022+00:00,1.0
2023-08-01,2023,2023-24,August,SKO,IMPORT,0.0,Thousand Metric Tonnes (TMT),PPAC,1751964547_PT_IMPORT_TMT_H.xlsx,PT_IMPORT_2023-24,17,2026-08-21T15:32:18.879022+00:00,1.0
2023-09-01,2023,2023-24,September,SKO,IMPORT,0.0,Thousand Metric Tonnes (TMT),PPAC,1751964547_PT_IMPORT_TMT_H.xlsx,PT_IMPORT_2023-24,17,2026-08-21T15:32:18.879022+00:00,1.0
2023-10-01,2023,2023-24,October,SKO,IMPORT,0.0,Thousand Metric Tonnes (TMT),PPAC,1751964547_PT_IMPORT_TMT_H.xlsx,PT_IMPORT_2023-24,17,2026-08-21T15:32:18.879022+00:00,1.0
2023-11-01,2023,2023-24,November,SKO,IMPORT,0.0,Thousand Metric Tonnes (TMT),PPAC,1751964547_PT_IMPORT_TMT_H.xlsx,PT_IMPORT_2023-24,17,2026-08-21T15:32:18.879022+00:00,1.0
2023-12-01,2023,2023-24,December,SKO,IMPORT,0.0,Thousand Metric Tonnes (TMT),PPAC,1751964547_PT_IMPORT_TMT_H.xlsx,PT_IMPORT_2023-24,17,2026-08-21T15:32:18.879022+00:00,1.0
2024-01-01,2024,2023-24,January,SKO,IMPORT,0.0,Thousand Metric Tonnes (TMT),PPAC,1751964547_PT_IMPORT_TMT_H.xlsx,PT_IMPORT_2023-24,17,2026-08-21T15:32:18.879022+00:00,1.0
2024-02-01,2024,2023-24,February,SKO,IMPORT,0.0,Thousand Metric Tonnes (TMT),PPAC,1751964547_PT_IMPORT_TMT_H.xlsx,PT_IMPORT_2023-24,17,2026-08-21T15:32:18.879022+00:00,1.0
2024-03-01,2024,2023-24,March,SKO,IMPORT,0.0,Thousand Metric Tonnes (TMT),PPAC,1751964547_PT_IMPORT_TMT_H.xlsx,PT_IMPORT_2023-24,17,2026-08-21T15:32:18.879022+00:00,1.0
2023-04-01,2023,2023-24,April,HSD,IMPORT,1.987533,Thousand Metric Tonnes (TMT),PPAC,1751964547_PT_IMPORT_TMT_H.xlsx,PT_IMPORT_2023-24,18,2026-08-21T15:32:18.879022+00:00,1.0
2023-05-01,2023,2023-24,May,HSD,IMPORT,1.9086869999999998,Thousand Metric Tonnes (TMT),PPAC,1751964547_PT_IMPORT_TMT_H.xlsx,PT_IMPORT_2023-24,18,2026-08-21T15:32:18.879022+00:00,1.0
2023-06-01,2023,2023-24,June,HSD,IMPORT,0.620704,Thousand Metric Tonnes (TMT),PPAC,1751964547_PT_IMPORT_TMT_H.xlsx,PT_IMPORT_2023-24,18,2026-08-21T15:32:18.879022+00:00,1.0
2023-07-01,2023,2023-24,July,HSD,IMPORT,1.116626,Thousand Metric Tonnes (TMT),PPAC,1751964547_PT_IMPORT_TMT_H.xlsx,PT_IMPORT_2023-24,18,2026-08-21T15:32:18.879022+00:00,1.0
2023-08-01,2023,2023-24,August,HSD,IMPORT,4.54641,Thousand Metric Tonnes (TMT),PPAC,1751964547_PT_IMPORT_TMT_H.xlsx,PT_IMPORT_2023-24,18,2026-08-21T15:32:18.879022+00:00,1.0
2023-09-01,2023,2023-24,September,HSD,IMPORT,5.154152000000001,Thousand Metric Tonnes (TMT),PPAC,1751964547_PT_IMPORT_TMT_H.xlsx,PT_IMPORT_2023-24,18,2026-08-21T15:32:18.879022+00:00,1.0
2023-10-01,2023,2023-24,October,HSD,IMPORT,4.126716,Thousand Metric Tonnes (TMT),PPAC,1751964547_PT_IMPORT_TMT_H.xlsx,PT_IMPORT_2023-24,18,2026-08-21T15:32:18.879022+00:00,1.0
2023-11-01,2023,2023-24,November,HSD,IMPORT,1.5162239999999998,Thousand Metric Tonnes (TMT),PPAC,1751964547_PT_IMPORT_TMT_H.xlsx,PT_IMPORT_2023-24,18,2026-08-21T15:32:18.879022+00:00,1.0
2023-12-01,2023,2023-24,December,HSD,IMPORT,3.049348,Thousand Metric Tonnes (TMT),PPAC,1751964547_PT_IMPORT_TMT_H.xlsx,PT_IMPORT_2023-24,18,2026-08-21T15:32:18.879022+00:00,1.0
2024-01-01,2024,2023-24,January,HSD,IMPORT,2.8781879999999997,Thousand Metric Tonnes (TMT),PPAC,1751964547_PT_IMPORT_TMT_H.xlsx,PT_IMPORT_2023-24,18,2026-08-21T15:32:18.879022+00:00,1.0
2024-02-01,2024,2023-24,February,HSD,IMPORT,10.932403,Thousand Metric Tonnes (TMT),PPAC,1751964547_PT_IMPORT_TMT_H.xlsx,PT_IMPORT_2023-24,18,2026-08-21T15:32:18.879022+00:00,1.0
2024-03-01,2024,2023-24,March,HSD,IMPORT,4.22191,Thousand Metric Tonnes (TMT),PPAC,1751964547_PT_IMPORT_TMT_H.xlsx,PT_IMPORT_2023-24,18,2026-08-21T15:32:18.879022+00:00,1.0
2023-04-01,2023,2023-24,April,LOBS/ Lube oil,IMPORT,166.767628,Thousand Metric Tonnes (TMT),PPAC,1751964547_PT_IMPORT_TMT_H.xlsx,PT_IMPORT_2023-24,19,2026-08-21T15:32:18.879022+00:00,1.0
2023-05-01,2023,2023-24,May,LOBS/ Lube oil,IMPORT,209.31957199999997,Thousand Metric Tonnes (TMT),PPAC,1751964547_PT_IMPORT_TMT_H.xlsx,PT_IMPORT_2023-24,19,2026-08-21T15:32:18.879022+00:00,1.0
2023-06-01,2023,2023-24,June,LOBS/ Lube oil,IMPORT,172.8107749999999,Thousand Metric Tonnes (TMT),PPAC,1751964547_PT_IMPORT_TMT_H.xlsx,PT_IMPORT_2023-24,19,2026-08-21T15:32:18.879022+00:00,1.0
2023-07-01,2023,2023-24,July,LOBS/ Lube oil,IMPORT,271.4357700000001,Thousand Metric Tonnes (TMT),PPAC,1751964547_PT_IMPORT_TMT_H.xlsx,PT_IMPORT_2023-24,19,2026-08-21T15:32:18.879022+00:00,1.0
2023-08-01,2023,2023-24,August,LOBS/ Lube oil,IMPORT,173.49653899999998,Thousand Metric Tonnes (TMT),PPAC,1751964547_PT_IMPORT_TMT_H.xlsx,PT_IMPORT_2023-24,19,2026-08-21T15:32:18.879022+00:00,1.0
2023-09-01,2023,2023-24,September,LOBS/ Lube oil,IMPORT,196.958789,Thousand Metric Tonnes (TMT),PPAC,1751964547_PT_IMPORT_TMT_H.xlsx,PT_IMPORT_2023-24,19,2026-08-21T15:32:18.879022+00:00,1.0
2023-10-01,2023,2023-24,October,LOBS/ Lube oil,IMPORT,187.10328599999994,Thousand Metric Tonnes (TMT),PPAC,1751964547_PT_IMPORT_TMT_H.xlsx,PT_IMPORT_2023-24,19,2026-08-21T15:32:18.879022+00:00,1.0
2023-11-01,2023,2023-24,November,LOBS/ Lube oil,IMPORT,229.21691800000008,Thousand Metric Tonnes (TMT),PPAC,1751964547_PT_IMPORT_TMT_H.xlsx,PT_IMPORT_2023-24,19,2026-08-21T15:32:18.879022+00:00,1.0
2023-12-01,2023,2023-24,December,LOBS/ Lube oil,IMPORT,240.453652,Thousand Metric Tonnes (TMT),PPAC,1751964547_PT_IMPORT_TMT_H.xlsx,PT_IMPORT_2023-24,19,2026-08-21T15:32:18.879022+00:00,1.0
2024-01-01,2024,2023-24,January,LOBS/ Lube oil,IMPORT,185.69149000000002,Thousand Metric Tonnes (TMT),PPAC,1751964547_PT_IMPORT_TMT_H.xlsx,PT_IMPORT_2023-24,19,2026-08-21T15:32:18.879022+00:00,1.0
2024-02-01,2024,2023-24,February,LOBS/ Lube oil,IMPORT,209.38633800000005,Thousand Metric Tonnes (TMT),PPAC,1751964547_PT_IMPORT_TMT_H.xlsx,PT_IMPORT_2023-24,19,2026-08-21T15:32:18.879022+00:00,1.0
2024-03-01,2024,2023-24,March,LOBS/ Lube oil,IMPORT,169.83053099999998,Thousand Metric Tonnes (TMT),PPAC,1751964547_PT_IMPORT_TMT_H.xlsx,PT_IMPORT_2023-24,19,2026-08-21T15:32:18.879022+00:00,1.0
2023-04-01,2023,2023-24,April,Fuel Oil,IMPORT,712.8204400000001,Thousand Metric Tonnes (TMT),PPAC,1751964547_PT_IMPORT_TMT_H.xlsx,PT_IMPORT_2023-24,20,2026-08-21T15:32:18.879022+00:00,1.0
2023-05-01,2023,2023-24,May,Fuel Oil,IMPORT,712.4284739999999,Thousand Metric Tonnes (TMT),PPAC,1751964547_PT_IMPORT_TMT_H.xlsx,PT_IMPORT_2023-24,20,2026-08-21T15:32:18.879022+00:00,1.0
2023-06-01,2023,2023-24,June,Fuel Oil,IMPORT,725.099638,Thousand Metric Tonnes (TMT),PPAC,1751964547_PT_IMPORT_TMT_H.xlsx,PT_IMPORT_2023-24,20,2026-08-21T15:32:18.879022+00:00,1.0
2023-07-01,2023,2023-24,July,Fuel Oil,IMPORT,681.4184619999999,Thousand Metric Tonnes (TMT),PPAC,1751964547_PT_IMPORT_TMT_H.xlsx,PT_IMPORT_2023-24,20,2026-08-21T15:32:18.879022+00:00,1.0
2023-08-01,2023,2023-24,August,Fuel Oil,IMPORT,766.2976889999999,Thousand Metric Tonnes (TMT),PPAC,1751964547_PT_IMPORT_TMT_H.xlsx,PT_IMPORT_2023-24,20,2026-08-21T15:32:18.879022+00:00,1.0
2023-09-01,2023,2023-24,September,Fuel Oil,IMPORT,824.761993,Thousand Metric Tonnes (TMT),PPAC,1751964547_PT_IMPORT_TMT_H.xlsx,PT_IMPORT_2023-24,20,2026-08-21T15:32:18.879022+00:00,1.0
2023-10-01,2023,2023-24,October,Fuel Oil,IMPORT,742.340097,Thousand Metric Tonnes (TMT),PPAC,1751964547_PT_IMPORT_TMT_H.xlsx,PT_IMPORT_2023-24,20,2026-08-21T15:32:18.879022+00:00,1.0
2023-11-01,2023,2023-24,November,Fuel Oil,IMPORT,857.0037840000001,Thousand Metric Tonnes (TMT),PPAC,1751964547_PT_IMPORT_TMT_H.xlsx,PT_IMPORT_2023-24,20,2026-08-21T15:32:18.879022+00:00,1.0
2023-12-01,2023,2023-24,December,Fuel Oil,IMPORT,744.586535,Thousand Metric Tonnes (TMT),PPAC,1751964547_PT_IMPORT_TMT_H.xlsx,PT_IMPORT_2023-24,20,2026-08-21T15:32:18.879022+00:00,1.0
2024-01-01,2024,2023-24,January,Fuel Oil,IMPORT,773.883341,Thousand Metric Tonnes (TMT),PPAC,1751964547_PT_IMPORT_TMT_H.xlsx,PT_IMPORT_2023-24,20,2026-08-21T15:32:18.879022+00:00,1.0
2024-02-01,2024,2023-24,February,Fuel Oil,IMPORT,823.3712909999999,Thousand Metric Tonnes (TMT),PPAC,1751964547_PT_IMPORT_TMT_H.xlsx,PT_IMPORT_2023-24,20,2026-08-21T15:32:18.879022+00:00,1.0
2024-03-01,2024,2023-24,March,Fuel Oil,IMPORT,688.627528,Thousand Metric Tonnes (TMT),PPAC,1751964547_PT_IMPORT_TMT_H.xlsx,PT_IMPORT_2023-24,20,2026-08-21T15:32:18.879022+00:00,1.0
2023-04-01,2023,2023-24,April,Bitumen,IMPORT,360.01576,Thousand Metric Tonnes (TMT),PPAC,1751964547_PT_IMPORT_TMT_H.xlsx,PT_IMPORT_2023-24,21,2026-08-21T15:32:18.879022+00:00,1.0
2023-05-01,2023,2023-24,May,Bitumen,IMPORT,369.568791,Thousand Metric Tonnes (TMT),PPAC,1751964547_PT_IMPORT_TMT_H.xlsx,PT_IMPORT_2023-24,21,2026-08-21T15:32:18.879022+00:00,1.0
2023-06-01,2023,2023-24,June,Bitumen,IMPORT,247.213952,Thousand Metric Tonnes (TMT),PPAC,1751964547_PT_IMPORT_TMT_H.xlsx,PT_IMPORT_2023-24,21,2026-08-21T15:32:18.879022+00:00,1.0
2023-07-01,2023,2023-24,July,Bitumen,IMPORT,231.42738100000003,Thousand Metric Tonnes (TMT),PPAC,1751964547_PT_IMPORT_TMT_H.xlsx,PT_IMPORT_2023-24,21,2026-08-21T15:32:18.879022+00:00,1.0
2023-08-01,2023,2023-24,August,Bitumen,IMPORT,231.567664,Thousand Metric Tonnes (TMT),PPAC,1751964547_PT_IMPORT_TMT_H.xlsx,PT_IMPORT_2023-24,21,2026-08-21T15:32:18.879022+00:00,1.0
2023-09-01,2023,2023-24,September,Bitumen,IMPORT,220.50546,Thousand Metric Tonnes (TMT),PPAC,1751964547_PT_IMPORT_TMT_H.xlsx,PT_IMPORT_2023-24,21,2026-08-21T15:32:18.879022+00:00,1.0
2023-10-01,2023,2023-24,October,Bitumen,IMPORT,284.66293,Thousand Metric Tonnes (TMT),PPAC,1751964547_PT_IMPORT_TMT_H.xlsx,PT_IMPORT_2023-24,21,2026-08-21T15:32:18.879022+00:00,1.0
2023-11-01,2023,2023-24,November,Bitumen,IMPORT,227.900293,Thousand Metric Tonnes (TMT),PPAC,1751964547_PT_IMPORT_TMT_H.xlsx,PT_IMPORT_2023-24,21,2026-08-21T15:32:18.879022+00:00,1.0
2023-12-01,2023,2023-24,December,Bitumen,IMPORT,239.548849,Thousand Metric Tonnes (TMT),PPAC,1751964547_PT_IMPORT_TMT_H.xlsx,PT_IMPORT_2023-24,21,2026-08-21T15:32:18.879022+00:00,1.0
2024-01-01,2024,2023-24,January,Bitumen,IMPORT,245.12136800000002,Thousand Metric Tonnes (TMT),PPAC,1751964547_PT_IMPORT_TMT_H.xlsx,PT_IMPORT_2023-24,21,2026-08-21T15:32:18.879022+00:00,1.0
2024-02-01,2024,2023-24,February,Bitumen,IMPORT,249.066976,Thousand Metric Tonnes (TMT),PPAC,1751964547_PT_IMPORT_TMT_H.xlsx,PT_IMPORT_2023-24,21,2026-08-21T15:32:18.879022+00:00,1.0
2024-03-01,2024,2023-24,March,Bitumen,IMPORT,337.017847,Thousand Metric Tonnes (TMT),PPAC,1751964547_PT_IMPORT_TMT_H.xlsx,PT_IMPORT_2023-24,21,2026-08-21T15:32:18.879022+00:00,1.0
2023-04-01,2023,2023-24,April,Petcoke,IMPORT,656.6870509999999,Thousand Metric Tonnes (TMT),PPAC,1751964547_PT_IMPORT_TMT_H.xlsx,PT_IMPORT_2023-24,22,2026-08-21T15:32:18.879022+00:00,1.0
2023-05-01,2023,2023-24,May,Petcoke,IMPORT,1086.31675,Thousand Metric Tonnes (TMT),PPAC,1751964547_PT_IMPORT_TMT_H.xlsx,PT_IMPORT_2023-24,22,2026-08-21T15:32:18.879022+00:00,1.0
2023-06-01,2023,2023-24,June,Petcoke,IMPORT,710.144407,Thousand Metric Tonnes (TMT),PPAC,1751964547_PT_IMPORT_TMT_H.xlsx,PT_IMPORT_2023-24,22,2026-08-21T15:32:18.879022+00:00,1.0
2023-07-01,2023,2023-24,July,Petcoke,IMPORT,819.7315300000001,Thousand Metric Tonnes (TMT),PPAC,1751964547_PT_IMPORT_TMT_H.xlsx,PT_IMPORT_2023-24,22,2026-08-21T15:32:18.879022+00:00,1.0
2023-08-01,2023,2023-24,August,Petcoke,IMPORT,999.57333,Thousand Metric Tonnes (TMT),PPAC,1751964547_PT_IMPORT_TMT_H.xlsx,PT_IMPORT_2023-24,22,2026-08-21T15:32:18.879022+00:00,1.0
2023-09-01,2023,2023-24,September,Petcoke,IMPORT,776.0188609999999,Thousand Metric Tonnes (TMT),PPAC,1751964547_PT_IMPORT_TMT_H.xlsx,PT_IMPORT_2023-24,22,2026-08-21T15:32:18.879022+00:00,1.0
2023-10-01,2023,2023-24,October,Petcoke,IMPORT,845.1885009999999,Thousand Metric Tonnes (TMT),PPAC,1751964547_PT_IMPORT_TMT_H.xlsx,PT_IMPORT_2023-24,22,2026-08-21T15:32:18.879022+00:00,1.0
2023-11-01,2023,2023-24,November,Petcoke,IMPORT,622.463973,Thousand Metric Tonnes (TMT),PPAC,1751964547_PT_IMPORT_TMT_H.xlsx,PT_IMPORT_2023-24,22,2026-08-21T15:32:18.879022+00:00,1.0
2023-12-01,2023,2023-24,December,Petcoke,IMPORT,937.925867,Thousand Metric Tonnes (TMT),PPAC,1751964547_PT_IMPORT_TMT_H.xlsx,PT_IMPORT_2023-24,22,2026-08-21T15:32:18.879022+00:00,1.0
2024-01-01,2024,2023-24,January,Petcoke,IMPORT,724.289498,Thousand Metric Tonnes (TMT),PPAC,1751964547_PT_IMPORT_TMT_H.xlsx,PT_IMPORT_2023-24,22,2026-08-21T15:32:18.879022+00:00,1.0
2024-02-01,2024,2023-24,February,Petcoke,IMPORT,1345.368387,Thousand Metric Tonnes (TMT),PPAC,1751964547_PT_IMPORT_TMT_H.xlsx,PT_IMPORT_2023-24,22,2026-08-21T15:32:18.879022+00:00,1.0
2024-03-01,2024,2023-24,March,Petcoke,IMPORT,1432.0765619999997,Thousand Metric Tonnes (TMT),PPAC,1751964547_PT_IMPORT_TMT_H.xlsx,PT_IMPORT_2023-24,22,2026-08-21T15:32:18.879022+00:00,1.0
2023-04-01,2023,2023-24,April,Others&,IMPORT,191.35684499999996,Thousand Metric Tonnes (TMT),PPAC,1751964547_PT_IMPORT_TMT_H.xlsx,PT_IMPORT_2023-24,23,2026-08-21T15:32:18.879022+00:00,1.0
2023-05-01,2023,2023-24,May,Others&,IMPORT,368.803597,Thousand Metric Tonnes (TMT),PPAC,1751964547_PT_IMPORT_TMT_H.xlsx,PT_IMPORT_2023-24,23,2026-08-21T15:32:18.879022+00:00,1.0
2023-06-01,2023,2023-24,June,Others&,IMPORT,265.908621,Thousand Metric Tonnes (TMT),PPAC,1751964547_PT_IMPORT_TMT_H.xlsx,PT_IMPORT_2023-24,23,2026-08-21T15:32:18.879022+00:00,1.0
2023-07-01,2023,2023-24,July,Others&,IMPORT,362.73816800000003,Thousand Metric Tonnes (TMT),PPAC,1751964547_PT_IMPORT_TMT_H.xlsx,PT_IMPORT_2023-24,23,2026-08-21T15:32:18.879022+00:00,1.0
2023-08-01,2023,2023-24,August,Others&,IMPORT,345.9308780000001,Thousand Metric Tonnes (TMT),PPAC,1751964547_PT_IMPORT_TMT_H.xlsx,PT_IMPORT_2023-24,23,2026-08-21T15:32:18.879022+00:00,1.0
2023-09-01,2023,2023-24,September,Others&,IMPORT,113.31607599999998,Thousand Metric Tonnes (TMT),PPAC,1751964547_PT_IMPORT_TMT_H.xlsx,PT_IMPORT_2023-24,23,2026-08-21T15:32:18.879022+00:00,1.0
2023-10-01,2023,2023-24,October,Others&,IMPORT,119.255856,Thousand Metric Tonnes (TMT),PPAC,1751964547_PT_IMPORT_TMT_H.xlsx,PT_IMPORT_2023-24,23,2026-08-21T15:32:18.879022+00:00,1.0
2023-11-01,2023,2023-24,November,Others&,IMPORT,153.211345,Thousand Metric Tonnes (TMT),PPAC,1751964547_PT_IMPORT_TMT_H.xlsx,PT_IMPORT_2023-24,23,2026-08-21T15:32:18.879022+00:00,1.0
2023-12-01,2023,2023-24,December,Others&,IMPORT,161.917395,Thousand Metric Tonnes (TMT),PPAC,1751964547_PT_IMPORT_TMT_H.xlsx,PT_IMPORT_2023-24,23,2026-08-21T15:32:18.879022+00:00,1.0
2024-01-01,2024,2023-24,January,Others&,IMPORT,195.91395900000003,Thousand Metric Tonnes (TMT),PPAC,1751964547_PT_IMPORT_TMT_H.xlsx,PT_IMPORT_2023-24,23,2026-08-21T15:32:18.879022+00:00,1.0
2024-02-01,2024,2023-24,February,Others&,IMPORT,136.41128199999997,Thousand Metric Tonnes (TMT),PPAC,1751964547_PT_IMPORT_TMT_H.xlsx,PT_IMPORT_2023-24,23,2026-08-21T15:32:18.879022+00:00,1.0
2024-03-01,2024,2023-24,March,Others&,IMPORT,129.110905,Thousand Metric Tonnes (TMT),PPAC,1751964547_PT_IMPORT_TMT_H.xlsx,PT_IMPORT_2023-24,23,2026-08-21T15:32:18.879022+00:00,1.0
2023-04-01,2023,2023-24,April,LPG,EXPORT,40.230000000000004,Thousand Metric Tonnes (TMT),PPAC,1751964547_PT_IMPORT_TMT_H.xlsx,PT_IMPORT_2023-24,27,2026-08-21T15:32:18.879022+00:00,1.0
2023-05-01,2023,2023-24,May,LPG,EXPORT,45.916,Thousand Metric Tonnes (TMT),PPAC,1751964547_PT_IMPORT_TMT_H.xlsx,PT_IMPORT_2023-24,27,2026-08-21T15:32:18.879022+00:00,1.0
2023-06-01,2023,2023-24,June,LPG,EXPORT,41.224000000000004,Thousand Metric Tonnes (TMT),PPAC,1751964547_PT_IMPORT_TMT_H.xlsx,PT_IMPORT_2023-24,27,2026-08-21T15:32:18.879022+00:00,1.0
2023-07-01,2023,2023-24,July,LPG,EXPORT,41.138,Thousand Metric Tonnes (TMT),PPAC,1751964547_PT_IMPORT_TMT_H.xlsx,PT_IMPORT_2023-24,27,2026-08-21T15:32:18.879022+00:00,1.0
2023-08-01,2023,2023-24,August,LPG,EXPORT,46.627,Thousand Metric Tonnes (TMT),PPAC,1751964547_PT_IMPORT_TMT_H.xlsx,PT_IMPORT_2023-24,27,2026-08-21T15:32:18.879022+00:00,1.0
2023-09-01,2023,2023-24,September,LPG,EXPORT,39.502,Thousand Metric Tonnes (TMT),PPAC,1751964547_PT_IMPORT_TMT_H.xlsx,PT_IMPORT_2023-24,27,2026-08-21T15:32:18.879022+00:00,1.0
2023-10-01,2023,2023-24,October,LPG,EXPORT,43.369,Thousand Metric Tonnes (TMT),PPAC,1751964547_PT_IMPORT_TMT_H.xlsx,PT_IMPORT_2023-24,27,2026-08-21T15:32:18.879022+00:00,1.0
2023-11-01,2023,2023-24,November,LPG,EXPORT,44.216,Thousand Metric Tonnes (TMT),PPAC,1751964547_PT_IMPORT_TMT_H.xlsx,PT_IMPORT_2023-24,27,2026-08-21T15:32:18.879022+00:00,1.0
2023-12-01,2023,2023-24,December,LPG,EXPORT,45.309,Thousand Metric Tonnes (TMT),PPAC,1751964547_PT_IMPORT_TMT_H.xlsx,PT_IMPORT_2023-24,27,2026-08-21T15:32:18.879022+00:00,1.0
2024-01-01,2024,2023-24,January,LPG,EXPORT,45.003,Thousand Metric Tonnes (TMT),PPAC,1751964547_PT_IMPORT_TMT_H.xlsx,PT_IMPORT_2023-24,27,2026-08-21T15:32:18.879022+00:00,1.0
2024-02-01,2024,2023-24,February,LPG,EXPORT,44.865,Thousand Metric Tonnes (TMT),PPAC,1751964547_PT_IMPORT_TMT_H.xlsx,PT_IMPORT_2023-24,27,2026-08-21T15:32:18.879022+00:00,1.0
2024-03-01,2024,2023-24,March,LPG,EXPORT,47.983,Thousand Metric Tonnes (TMT),PPAC,1751964547_PT_IMPORT_TMT_H.xlsx,PT_IMPORT_2023-24,27,2026-08-21T15:32:18.879022+00:00,1.0
2023-04-01,2023,2023-24,April,MS!,EXPORT,1259.3744905542,Thousand Metric Tonnes (TMT),PPAC,1751964547_PT_IMPORT_TMT_H.xlsx,PT_IMPORT_2023-24,28,2026-08-21T15:32:18.879022+00:00,1.0
2023-05-01,2023,2023-24,May,MS!,EXPORT,1254.1523504926001,Thousand Metric Tonnes (TMT),PPAC,1751964547_PT_IMPORT_TMT_H.xlsx,PT_IMPORT_2023-24,28,2026-08-21T15:32:18.879022+00:00,1.0
2023-06-01,2023,2023-24,June,MS!,EXPORT,1225.0702810162998,Thousand Metric Tonnes (TMT),PPAC,1751964547_PT_IMPORT_TMT_H.xlsx,PT_IMPORT_2023-24,28,2026-08-21T15:32:18.879022+00:00,1.0
2023-07-01,2023,2023-24,July,MS!,EXPORT,1258.7897341382,Thousand Metric Tonnes (TMT),PPAC,1751964547_PT_IMPORT_TMT_H.xlsx,PT_IMPORT_2023-24,28,2026-08-21T15:32:18.879022+00:00,1.0
2023-08-01,2023,2023-24,August,MS!,EXPORT,1174.6731474535998,Thousand Metric Tonnes (TMT),PPAC,1751964547_PT_IMPORT_TMT_H.xlsx,PT_IMPORT_2023-24,28,2026-08-21T15:32:18.879022+00:00,1.0
2023-09-01,2023,2023-24,September,MS!,EXPORT,993.3518352232,Thousand Metric Tonnes (TMT),PPAC,1751964547_PT_IMPORT_TMT_H.xlsx,PT_IMPORT_2023-24,28,2026-08-21T15:32:18.879022+00:00,1.0
2023-10-01,2023,2023-24,October,MS!,EXPORT,671.3307649369,Thousand Metric Tonnes (TMT),PPAC,1751964547_PT_IMPORT_TMT_H.xlsx,PT_IMPORT_2023-24,28,2026-08-21T15:32:18.879022+00:00,1.0
2023-11-01,2023,2023-24,November,MS!,EXPORT,872.3756131127,Thousand Metric Tonnes (TMT),PPAC,1751964547_PT_IMPORT_TMT_H.xlsx,PT_IMPORT_2023-24,28,2026-08-21T15:32:18.879022+00:00,1.0
2023-12-01,2023,2023-24,December,MS!,EXPORT,1193.3620802013,Thousand Metric Tonnes (TMT),PPAC,1751964547_PT_IMPORT_TMT_H.xlsx,PT_IMPORT_2023-24,28,2026-08-21T15:32:18.879022+00:00,1.0
2024-01-01,2024,2023-24,January,MS!,EXPORT,975.0379633055,Thousand Metric Tonnes (TMT),PPAC,1751964547_PT_IMPORT_TMT_H.xlsx,PT_IMPORT_2023-24,28,2026-08-21T15:32:18.879022+00:00,1.0
2024-02-01,2024,2023-24,February,MS!,EXPORT,1256.4697269029,Thousand Metric Tonnes (TMT),PPAC,1751964547_PT_IMPORT_TMT_H.xlsx,PT_IMPORT_2023-24,28,2026-08-21T15:32:18.879022+00:00,1.0
2024-03-01,2024,2023-24,March,MS!,EXPORT,1338.4896853296002,Thousand Metric Tonnes (TMT),PPAC,1751964547_PT_IMPORT_TMT_H.xlsx,PT_IMPORT_2023-24,28,2026-08-21T15:32:18.879022+00:00,1.0
2023-04-01,2023,2023-24,April,Naphtha$,EXPORT,347.14500200000003,Thousand Metric Tonnes (TMT),PPAC,1751964547_PT_IMPORT_TMT_H.xlsx,PT_IMPORT_2023-24,29,2026-08-21T15:32:18.879022+00:00,1.0
2023-05-01,2023,2023-24,May,Naphtha$,EXPORT,463.6894999999999,Thousand Metric Tonnes (TMT),PPAC,1751964547_PT_IMPORT_TMT_H.xlsx,PT_IMPORT_2023-24,29,2026-08-21T15:32:18.879022+00:00,1.0
2023-06-01,2023,2023-24,June,Naphtha$,EXPORT,586.735116,Thousand Metric Tonnes (TMT),PPAC,1751964547_PT_IMPORT_TMT_H.xlsx,PT_IMPORT_2023-24,29,2026-08-21T15:32:18.879022+00:00,1.0
2023-07-01,2023,2023-24,July,Naphtha$,EXPORT,513.82277,Thousand Metric Tonnes (TMT),PPAC,1751964547_PT_IMPORT_TMT_H.xlsx,PT_IMPORT_2023-24,29,2026-08-21T15:32:18.879022+00:00,1.0
2023-08-01,2023,2023-24,August,Naphtha$,EXPORT,416.87493500000005,Thousand Metric Tonnes (TMT),PPAC,1751964547_PT_IMPORT_TMT_H.xlsx,PT_IMPORT_2023-24,29,2026-08-21T15:32:18.879022+00:00,1.0
2023-09-01,2023,2023-24,September,Naphtha$,EXPORT,289.811203,Thousand Metric Tonnes (TMT),PPAC,1751964547_PT_IMPORT_TMT_H.xlsx,PT_IMPORT_2023-24,29,2026-08-21T15:32:18.879022+00:00,1.0
2023-10-01,2023,2023-24,October,Naphtha$,EXPORT,455.525925,Thousand Metric Tonnes (TMT),PPAC,1751964547_PT_IMPORT_TMT_H.xlsx,PT_IMPORT_2023-24,29,2026-08-21T15:32:18.879022+00:00,1.0
2023-11-01,2023,2023-24,November,Naphtha$,EXPORT,555.0396249999999,Thousand Metric Tonnes (TMT),PPAC,1751964547_PT_IMPORT_TMT_H.xlsx,PT_IMPORT_2023-24,29,2026-08-21T15:32:18.879022+00:00,1.0
2023-12-01,2023,2023-24,December,Naphtha$,EXPORT,285.954219,Thousand Metric Tonnes (TMT),PPAC,1751964547_PT_IMPORT_TMT_H.xlsx,PT_IMPORT_2023-24,29,2026-08-21T15:32:18.879022+00:00,1.0
2024-01-01,2024,2023-24,January,Naphtha$,EXPORT,425.64817999999997,Thousand Metric Tonnes (TMT),PPAC,1751964547_PT_IMPORT_TMT_H.xlsx,PT_IMPORT_2023-24,29,2026-08-21T15:32:18.879022+00:00,1.0
2024-02-01,2024,2023-24,February,Naphtha$,EXPORT,437.304564,Thousand Metric Tonnes (TMT),PPAC,1751964547_PT_IMPORT_TMT_H.xlsx,PT_IMPORT_2023-24,29,2026-08-21T15:32:18.879022+00:00,1.0
2024-03-01,2024,2023-24,March,Naphtha$,EXPORT,497.718617,Thousand Metric Tonnes (TMT),PPAC,1751964547_PT_IMPORT_TMT_H.xlsx,PT_IMPORT_2023-24,29,2026-08-21T15:32:18.879022+00:00,1.0
2023-04-01,2023,2023-24,April,ATF#,EXPORT,630.9367410000001,Thousand Metric Tonnes (TMT),PPAC,1751964547_PT_IMPORT_TMT_H.xlsx,PT_IMPORT_2023-24,30,2026-08-21T15:32:18.879022+00:00,1.0
2023-05-01,2023,2023-24,May,ATF#,EXPORT,682.4861609999999,Thousand Metric Tonnes (TMT),PPAC,1751964547_PT_IMPORT_TMT_H.xlsx,PT_IMPORT_2023-24,30,2026-08-21T15:32:18.879022+00:00,1.0
2023-06-01,2023,2023-24,June,ATF#,EXPORT,717.144625,Thousand Metric Tonnes (TMT),PPAC,1751964547_PT_IMPORT_TMT_H.xlsx,PT_IMPORT_2023-24,30,2026-08-21T15:32:18.879022+00:00,1.0
2023-07-01,2023,2023-24,July,ATF#,EXPORT,782.277246,Thousand Metric Tonnes (TMT),PPAC,1751964547_PT_IMPORT_TMT_H.xlsx,PT_IMPORT_2023-24,30,2026-08-21T15:32:18.879022+00:00,1.0
2023-08-01,2023,2023-24,August,ATF#,EXPORT,900.483104,Thousand Metric Tonnes (TMT),PPAC,1751964547_PT_IMPORT_TMT_H.xlsx,PT_IMPORT_2023-24,30,2026-08-21T15:32:18.879022+00:00,1.0
2023-09-01,2023,2023-24,September,ATF#,EXPORT,489.88545799999997,Thousand Metric Tonnes (TMT),PPAC,1751964547_PT_IMPORT_TMT_H.xlsx,PT_IMPORT_2023-24,30,2026-08-21T15:32:18.879022+00:00,1.0
2023-10-01,2023,2023-24,October,ATF#,EXPORT,529.416679,Thousand Metric Tonnes (TMT),PPAC,1751964547_PT_IMPORT_TMT_H.xlsx,PT_IMPORT_2023-24,30,2026-08-21T15:32:18.879022+00:00,1.0
2023-11-01,2023,2023-24,November,ATF#,EXPORT,743.124185,Thousand Metric Tonnes (TMT),PPAC,1751964547_PT_IMPORT_TMT_H.xlsx,PT_IMPORT_2023-24,30,2026-08-21T15:32:18.879022+00:00,1.0
2023-12-01,2023,2023-24,December,ATF#,EXPORT,770.8458159999999,Thousand Metric Tonnes (TMT),PPAC,1751964547_PT_IMPORT_TMT_H.xlsx,PT_IMPORT_2023-24,30,2026-08-21T15:32:18.879022+00:00,1.0
2024-01-01,2024,2023-24,January,ATF#,EXPORT,727.120668,Thousand Metric Tonnes (TMT),PPAC,1751964547_PT_IMPORT_TMT_H.xlsx,PT_IMPORT_2023-24,30,2026-08-21T15:32:18.879022+00:00,1.0
2024-02-01,2024,2023-24,February,ATF#,EXPORT,815.4070569999999,Thousand Metric Tonnes (TMT),PPAC,1751964547_PT_IMPORT_TMT_H.xlsx,PT_IMPORT_2023-24,30,2026-08-21T15:32:18.879022+00:00,1.0
2024-03-01,2024,2023-24,March,ATF#,EXPORT,790.2461619999999,Thousand Metric Tonnes (TMT),PPAC,1751964547_PT_IMPORT_TMT_H.xlsx,PT_IMPORT_2023-24,30,2026-08-21T15:32:18.879022+00:00,1.0
2023-04-01,2023,2023-24,April,SKO,EXPORT,1.317,Thousand Metric Tonnes (TMT),PPAC,1751964547_PT_IMPORT_TMT_H.xlsx,PT_IMPORT_2023-24,31,2026-08-21T15:32:18.879022+00:00,1.0
2023-05-01,2023,2023-24,May,SKO,EXPORT,1.257,Thousand Metric Tonnes (TMT),PPAC,1751964547_PT_IMPORT_TMT_H.xlsx,PT_IMPORT_2023-24,31,2026-08-21T15:32:18.879022+00:00,1.0
2023-06-01,2023,2023-24,June,SKO,EXPORT,1.328,Thousand Metric Tonnes (TMT),PPAC,1751964547_PT_IMPORT_TMT_H.xlsx,PT_IMPORT_2023-24,31,2026-08-21T15:32:18.879022+00:00,1.0
2023-07-01,2023,2023-24,July,SKO,EXPORT,1.017,Thousand Metric Tonnes (TMT),PPAC,1751964547_PT_IMPORT_TMT_H.xlsx,PT_IMPORT_2023-24,31,2026-08-21T15:32:18.879022+00:00,1.0
2023-08-01,2023,2023-24,August,SKO,EXPORT,0.515,Thousand Metric Tonnes (TMT),PPAC,1751964547_PT_IMPORT_TMT_H.xlsx,PT_IMPORT_2023-24,31,2026-08-21T15:32:18.879022+00:00,1.0
2023-09-01,2023,2023-24,September,SKO,EXPORT,0.537,Thousand Metric Tonnes (TMT),PPAC,1751964547_PT_IMPORT_TMT_H.xlsx,PT_IMPORT_2023-24,31,2026-08-21T15:32:18.879022+00:00,1.0
2023-10-01,2023,2023-24,October,SKO,EXPORT,0.646,Thousand Metric Tonnes (TMT),PPAC,1751964547_PT_IMPORT_TMT_H.xlsx,PT_IMPORT_2023-24,31,2026-08-21T15:32:18.879022+00:00,1.0
2023-11-01,2023,2023-24,November,SKO,EXPORT,0.915,Thousand Metric Tonnes (TMT),PPAC,1751964547_PT_IMPORT_TMT_H.xlsx,PT_IMPORT_2023-24,31,2026-08-21T15:32:18.879022+00:00,1.0
2023-12-01,2023,2023-24,December,SKO,EXPORT,0.799,Thousand Metric Tonnes (TMT),PPAC,1751964547_PT_IMPORT_TMT_H.xlsx,PT_IMPORT_2023-24,31,2026-08-21T15:32:18.879022+00:00,1.0
2024-01-01,2024,2023-24,January,SKO,EXPORT,0.9400000000000001,Thousand Metric Tonnes (TMT),PPAC,1751964547_PT_IMPORT_TMT_H.xlsx,PT_IMPORT_2023-24,31,2026-08-21T15:32:18.879022+00:00,1.0
2024-02-01,2024,2023-24,February,SKO,EXPORT,0.7,Thousand Metric Tonnes (TMT),PPAC,1751964547_PT_IMPORT_TMT_H.xlsx,PT_IMPORT_2023-24,31,2026-08-21T15:32:18.879022+00:00,1.0
2024-03-01,2024,2023-24,March,SKO,EXPORT,0.92,Thousand Metric Tonnes (TMT),PPAC,1751964547_PT_IMPORT_TMT_H.xlsx,PT_IMPORT_2023-24,31,2026-08-21T15:32:18.879022+00:00,1.0
2023-04-01,2023,2023-24,April,HSD,EXPORT,1908.6837596197997,Thousand Metric Tonnes (TMT),PPAC,1751964547_PT_IMPORT_TMT_H.xlsx,PT_IMPORT_2023-24,32,2026-08-21T15:32:18.879022+00:00,1.0
2023-05-01,2023,2023-24,May,HSD,EXPORT,2372.9432519835,Thousand Metric Tonnes (TMT),PPAC,1751964547_PT_IMPORT_TMT_H.xlsx,PT_IMPORT_2023-24,32,2026-08-21T15:32:18.879022+00:00,1.0
2023-06-01,2023,2023-24,June,HSD,EXPORT,1951.1586187768999,Thousand Metric Tonnes (TMT),PPAC,1751964547_PT_IMPORT_TMT_H.xlsx,PT_IMPORT_2023-24,32,2026-08-21T15:32:18.879022+00:00,1.0
2023-07-01,2023,2023-24,July,HSD,EXPORT,2385.9135916942,Thousand Metric Tonnes (TMT),PPAC,1751964547_PT_IMPORT_TMT_H.xlsx,PT_IMPORT_2023-24,32,2026-08-21T15:32:18.879022+00:00,1.0
2023-08-01,2023,2023-24,August,HSD,EXPORT,2616.6510293884,Thousand Metric Tonnes (TMT),PPAC,1751964547_PT_IMPORT_TMT_H.xlsx,PT_IMPORT_2023-24,32,2026-08-21T15:32:18.879022+00:00,1.0
2023-09-01,2023,2023-24,September,HSD,EXPORT,2325.8356241405,Thousand Metric Tonnes (TMT),PPAC,1751964547_PT_IMPORT_TMT_H.xlsx,PT_IMPORT_2023-24,32,2026-08-21T15:32:18.879022+00:00,1.0
2023-10-01,2023,2023-24,October,HSD,EXPORT,2109.6487671983,Thousand Metric Tonnes (TMT),PPAC,1751964547_PT_IMPORT_TMT_H.xlsx,PT_IMPORT_2023-24,32,2026-08-21T15:32:18.879022+00:00,1.0
2023-11-01,2023,2023-24,November,HSD,EXPORT,2834.4061508512,Thousand Metric Tonnes (TMT),PPAC,1751964547_PT_IMPORT_TMT_H.xlsx,PT_IMPORT_2023-24,32,2026-08-21T15:32:18.879022+00:00,1.0
2023-12-01,2023,2023-24,December,HSD,EXPORT,2843.1826472893,Thousand Metric Tonnes (TMT),PPAC,1751964547_PT_IMPORT_TMT_H.xlsx,PT_IMPORT_2023-24,32,2026-08-21T15:32:18.879022+00:00,1.0
2024-01-01,2024,2023-24,January,HSD,EXPORT,2024.0985369090995,Thousand Metric Tonnes (TMT),PPAC,1751964547_PT_IMPORT_TMT_H.xlsx,PT_IMPORT_2023-24,32,2026-08-21T15:32:18.879022+00:00,1.0
2024-02-01,2024,2023-24,February,HSD,EXPORT,2396.2333865868,Thousand Metric Tonnes (TMT),PPAC,1751964547_PT_IMPORT_TMT_H.xlsx,PT_IMPORT_2023-24,32,2026-08-21T15:32:18.879022+00:00,1.0
2024-03-01,2024,2023-24,March,HSD,EXPORT,2435.6864947520994,Thousand Metric Tonnes (TMT),PPAC,1751964547_PT_IMPORT_TMT_H.xlsx,PT_IMPORT_2023-24,32,2026-08-21T15:32:18.879022+00:00,1.0
2023-04-01,2023,2023-24,April,LDO,EXPORT,0.054,Thousand Metric Tonnes (TMT),PPAC,1751964547_PT_IMPORT_TMT_H.xlsx,PT_IMPORT_2023-24,33,2026-08-21T15:32:18.879022+00:00,1.0
2023-05-01,2023,2023-24,May,LDO,EXPORT,0.0,Thousand Metric Tonnes (TMT),PPAC,1751964547_PT_IMPORT_TMT_H.xlsx,PT_IMPORT_2023-24,33,2026-08-21T15:32:18.879022+00:00,1.0
2023-06-01,2023,2023-24,June,LDO,EXPORT,0.0,Thousand Metric Tonnes (TMT),PPAC,1751964547_PT_IMPORT_TMT_H.xlsx,PT_IMPORT_2023-24,33,2026-08-21T15:32:18.879022+00:00,1.0
2023-07-01,2023,2023-24,July,LDO,EXPORT,0.0,Thousand Metric Tonnes (TMT),PPAC,1751964547_PT_IMPORT_TMT_H.xlsx,PT_IMPORT_2023-24,33,2026-08-21T15:32:18.879022+00:00,1.0
2023-08-01,2023,2023-24,August,LDO,EXPORT,0.0,Thousand Metric Tonnes (TMT),PPAC,1751964547_PT_IMPORT_TMT_H.xlsx,PT_IMPORT_2023-24,33,2026-08-21T15:32:18.879022+00:00,1.0
2023-09-01,2023,2023-24,September,LDO,EXPORT,0.0,Thousand Metric Tonnes (TMT),PPAC,1751964547_PT_IMPORT_TMT_H.xlsx,PT_IMPORT_2023-24,33,2026-08-21T15:32:18.879022+00:00,1.0
2023-10-01,2023,2023-24,October,LDO,EXPORT,0.0,Thousand Metric Tonnes (TMT),PPAC,1751964547_PT_IMPORT_TMT_H.xlsx,PT_IMPORT_2023-24,33,2026-08-21T15:32:18.879022+00:00,1.0
2023-11-01,2023,2023-24,November,LDO,EXPORT,0.0,Thousand Metric Tonnes (TMT),PPAC,1751964547_PT_IMPORT_TMT_H.xlsx,PT_IMPORT_2023-24,33,2026-08-21T15:32:18.879022+00:00,1.0
2023-12-01,2023,2023-24,December,LDO,EXPORT,0.0,Thousand Metric Tonnes (TMT),PPAC,1751964547_PT_IMPORT_TMT_H.xlsx,PT_IMPORT_2023-24,33,2026-08-21T15:32:18.879022+00:00,1.0
2024-01-01,2024,2023-24,January,LDO,EXPORT,0.0,Thousand Metric Tonnes (TMT),PPAC,1751964547_PT_IMPORT_TMT_H.xlsx,PT_IMPORT_2023-24,33,2026-08-21T15:32:18.879022+00:00,1.0
2024-02-01,2024,2023-24,February,LDO,EXPORT,0.0,Thousand Metric Tonnes (TMT),PPAC,1751964547_PT_IMPORT_TMT_H.xlsx,PT_IMPORT_2023-24,33,2026-08-21T15:32:18.879022+00:00,1.0
2024-03-01,2024,2023-24,March,LDO,EXPORT,0.0,Thousand Metric Tonnes (TMT),PPAC,1751964547_PT_IMPORT_TMT_H.xlsx,PT_IMPORT_2023-24,33,2026-08-21T15:32:18.879022+00:00,1.0
2023-04-01,2023,2023-24,April,LOBS/ Lube Oil,EXPORT,0.5898365781,Thousand Metric Tonnes (TMT),PPAC,1751964547_PT_IMPORT_TMT_H.xlsx,PT_IMPORT_2023-24,34,2026-08-21T15:32:18.879022+00:00,1.0
2023-05-01,2023,2023-24,May,LOBS/ Lube Oil,EXPORT,0.697150672,Thousand Metric Tonnes (TMT),PPAC,1751964547_PT_IMPORT_TMT_H.xlsx,PT_IMPORT_2023-24,34,2026-08-21T15:32:18.879022+00:00,1.0
2023-06-01,2023,2023-24,June,LOBS/ Lube Oil,EXPORT,0.9260820321000001,Thousand Metric Tonnes (TMT),PPAC,1751964547_PT_IMPORT_TMT_H.xlsx,PT_IMPORT_2023-24,34,2026-08-21T15:32:18.879022+00:00,1.0
2023-07-01,2023,2023-24,July,LOBS/ Lube Oil,EXPORT,0.9345805457000002,Thousand Metric Tonnes (TMT),PPAC,1751964547_PT_IMPORT_TMT_H.xlsx,PT_IMPORT_2023-24,34,2026-08-21T15:32:18.879022+00:00,1.0
2023-08-01,2023,2023-24,August,LOBS/ Lube Oil,EXPORT,2.5419326168000005,Thousand Metric Tonnes (TMT),PPAC,1751964547_PT_IMPORT_TMT_H.xlsx,PT_IMPORT_2023-24,34,2026-08-21T15:32:18.879022+00:00,1.0
2023-09-01,2023,2023-24,September,LOBS/ Lube Oil,EXPORT,1.4596814061,Thousand Metric Tonnes (TMT),PPAC,1751964547_PT_IMPORT_TMT_H.xlsx,PT_IMPORT_2023-24,34,2026-08-21T15:32:18.879022+00:00,1.0
2023-10-01,2023,2023-24,October,LOBS/ Lube Oil,EXPORT,0.8462315615000001,Thousand Metric Tonnes (TMT),PPAC,1751964547_PT_IMPORT_TMT_H.xlsx,PT_IMPORT_2023-24,34,2026-08-21T15:32:18.879022+00:00,1.0
2023-11-01,2023,2023-24,November,LOBS/ Lube Oil,EXPORT,1.4588844742,Thousand Metric Tonnes (TMT),PPAC,1751964547_PT_IMPORT_TMT_H.xlsx,PT_IMPORT_2023-24,34,2026-08-21T15:32:18.879022+00:00,1.0
2023-12-01,2023,2023-24,December,LOBS/ Lube Oil,EXPORT,1.0376349208,Thousand Metric Tonnes (TMT),PPAC,1751964547_PT_IMPORT_TMT_H.xlsx,PT_IMPORT_2023-24,34,2026-08-21T15:32:18.879022+00:00,1.0
2024-01-01,2024,2023-24,January,LOBS/ Lube Oil,EXPORT,0.8383715739000001,Thousand Metric Tonnes (TMT),PPAC,1751964547_PT_IMPORT_TMT_H.xlsx,PT_IMPORT_2023-24,34,2026-08-21T15:32:18.879022+00:00,1.0
2024-02-01,2024,2023-24,February,LOBS/ Lube Oil,EXPORT,1.2288570027,Thousand Metric Tonnes (TMT),PPAC,1751964547_PT_IMPORT_TMT_H.xlsx,PT_IMPORT_2023-24,34,2026-08-21T15:32:18.879022+00:00,1.0
2024-03-01,2024,2023-24,March,LOBS/ Lube Oil,EXPORT,2.2490426029,Thousand Metric Tonnes (TMT),PPAC,1751964547_PT_IMPORT_TMT_H.xlsx,PT_IMPORT_2023-24,34,2026-08-21T15:32:18.879022+00:00,1.0
2023-04-01,2023,2023-24,April,Fuel Oil,EXPORT,28.884161,Thousand Metric Tonnes (TMT),PPAC,1751964547_PT_IMPORT_TMT_H.xlsx,PT_IMPORT_2023-24,35,2026-08-21T15:32:18.879022+00:00,1.0
2023-05-01,2023,2023-24,May,Fuel Oil,EXPORT,87.609487,Thousand Metric Tonnes (TMT),PPAC,1751964547_PT_IMPORT_TMT_H.xlsx,PT_IMPORT_2023-24,35,2026-08-21T15:32:18.879022+00:00,1.0
2023-06-01,2023,2023-24,June,Fuel Oil,EXPORT,137.966520025,Thousand Metric Tonnes (TMT),PPAC,1751964547_PT_IMPORT_TMT_H.xlsx,PT_IMPORT_2023-24,35,2026-08-21T15:32:18.879022+00:00,1.0
2023-07-01,2023,2023-24,July,Fuel Oil,EXPORT,178.05662400199998,Thousand Metric Tonnes (TMT),PPAC,1751964547_PT_IMPORT_TMT_H.xlsx,PT_IMPORT_2023-24,35,2026-08-21T15:32:18.879022+00:00,1.0
2023-08-01,2023,2023-24,August,Fuel Oil,EXPORT,261.0013691,Thousand Metric Tonnes (TMT),PPAC,1751964547_PT_IMPORT_TMT_H.xlsx,PT_IMPORT_2023-24,35,2026-08-21T15:32:18.879022+00:00,1.0
2023-09-01,2023,2023-24,September,Fuel Oil,EXPORT,226.896241714,Thousand Metric Tonnes (TMT),PPAC,1751964547_PT_IMPORT_TMT_H.xlsx,PT_IMPORT_2023-24,35,2026-08-21T15:32:18.879022+00:00,1.0
2023-10-01,2023,2023-24,October,Fuel Oil,EXPORT,147.448594,Thousand Metric Tonnes (TMT),PPAC,1751964547_PT_IMPORT_TMT_H.xlsx,PT_IMPORT_2023-24,35,2026-08-21T15:32:18.879022+00:00,1.0
2023-11-01,2023,2023-24,November,Fuel Oil,EXPORT,197.971087,Thousand Metric Tonnes (TMT),PPAC,1751964547_PT_IMPORT_TMT_H.xlsx,PT_IMPORT_2023-24,35,2026-08-21T15:32:18.879022+00:00,1.0
2023-12-01,2023,2023-24,December,Fuel Oil,EXPORT,193.646242,Thousand Metric Tonnes (TMT),PPAC,1751964547_PT_IMPORT_TMT_H.xlsx,PT_IMPORT_2023-24,35,2026-08-21T15:32:18.879022+00:00,1.0
2024-01-01,2024,2023-24,January,Fuel Oil,EXPORT,248.87273299999998,Thousand Metric Tonnes (TMT),PPAC,1751964547_PT_IMPORT_TMT_H.xlsx,PT_IMPORT_2023-24,35,2026-08-21T15:32:18.879022+00:00,1.0
2024-02-01,2024,2023-24,February,Fuel Oil,EXPORT,138.653354,Thousand Metric Tonnes (TMT),PPAC,1751964547_PT_IMPORT_TMT_H.xlsx,PT_IMPORT_2023-24,35,2026-08-21T15:32:18.879022+00:00,1.0
2024-03-01,2024,2023-24,March,Fuel Oil,EXPORT,255.949735,Thousand Metric Tonnes (TMT),PPAC,1751964547_PT_IMPORT_TMT_H.xlsx,PT_IMPORT_2023-24,35,2026-08-21T15:32:18.879022+00:00,1.0
2023-04-01,2023,2023-24,April,Bitumen,EXPORT,0.7853370000000001,Thousand Metric Tonnes (TMT),PPAC,1751964547_PT_IMPORT_TMT_H.xlsx,PT_IMPORT_2023-24,36,2026-08-21T15:32:18.879022+00:00,1.0
2023-05-01,2023,2023-24,May,Bitumen,EXPORT,1.3772906,Thousand Metric Tonnes (TMT),PPAC,1751964547_PT_IMPORT_TMT_H.xlsx,PT_IMPORT_2023-24,36,2026-08-21T15:32:18.879022+00:00,1.0
2023-06-01,2023,2023-24,June,Bitumen,EXPORT,1.899,Thousand Metric Tonnes (TMT),PPAC,1751964547_PT_IMPORT_TMT_H.xlsx,PT_IMPORT_2023-24,36,2026-08-21T15:32:18.879022+00:00,1.0
2023-07-01,2023,2023-24,July,Bitumen,EXPORT,3.202,Thousand Metric Tonnes (TMT),PPAC,1751964547_PT_IMPORT_TMT_H.xlsx,PT_IMPORT_2023-24,36,2026-08-21T15:32:18.879022+00:00,1.0
2023-08-01,2023,2023-24,August,Bitumen,EXPORT,1.60182,Thousand Metric Tonnes (TMT),PPAC,1751964547_PT_IMPORT_TMT_H.xlsx,PT_IMPORT_2023-24,36,2026-08-21T15:32:18.879022+00:00,1.0
2023-09-01,2023,2023-24,September,Bitumen,EXPORT,0.2,Thousand Metric Tonnes (TMT),PPAC,1751964547_PT_IMPORT_TMT_H.xlsx,PT_IMPORT_2023-24,36,2026-08-21T15:32:18.879022+00:00,1.0
2023-10-01,2023,2023-24,October,Bitumen,EXPORT,0.0,Thousand Metric Tonnes (TMT),PPAC,1751964547_PT_IMPORT_TMT_H.xlsx,PT_IMPORT_2023-24,36,2026-08-21T15:32:18.879022+00:00,1.0
2023-11-01,2023,2023-24,November,Bitumen,EXPORT,0.12,Thousand Metric Tonnes (TMT),PPAC,1751964547_PT_IMPORT_TMT_H.xlsx,PT_IMPORT_2023-24,36,2026-08-21T15:32:18.879022+00:00,1.0
2023-12-01,2023,2023-24,December,Bitumen,EXPORT,0.1790484,Thousand Metric Tonnes (TMT),PPAC,1751964547_PT_IMPORT_TMT_H.xlsx,PT_IMPORT_2023-24,36,2026-08-21T15:32:18.879022+00:00,1.0
2024-01-01,2024,2023-24,January,Bitumen,EXPORT,3.024,Thousand Metric Tonnes (TMT),PPAC,1751964547_PT_IMPORT_TMT_H.xlsx,PT_IMPORT_2023-24,36,2026-08-21T15:32:18.879022+00:00,1.0
2024-02-01,2024,2023-24,February,Bitumen,EXPORT,2.70749,Thousand Metric Tonnes (TMT),PPAC,1751964547_PT_IMPORT_TMT_H.xlsx,PT_IMPORT_2023-24,36,2026-08-21T15:32:18.879022+00:00,1.0
2024-03-01,2024,2023-24,March,Bitumen,EXPORT,2.4687099999999997,Thousand Metric Tonnes (TMT),PPAC,1751964547_PT_IMPORT_TMT_H.xlsx,PT_IMPORT_2023-24,36,2026-08-21T15:32:18.879022+00:00,1.0
2023-04-01,2023,2023-24,April,Petcoke / CBFS,EXPORT,11.0,Thousand Metric Tonnes (TMT),PPAC,1751964547_PT_IMPORT_TMT_H.xlsx,PT_IMPORT_2023-24,37,2026-08-21T15:32:18.879022+00:00,1.0
2023-05-01,2023,2023-24,May,Petcoke / CBFS,EXPORT,16.5,Thousand Metric Tonnes (TMT),PPAC,1751964547_PT_IMPORT_TMT_H.xlsx,PT_IMPORT_2023-24,37,2026-08-21T15:32:18.879022+00:00,1.0
2023-06-01,2023,2023-24,June,Petcoke / CBFS,EXPORT,0.0,Thousand Metric Tonnes (TMT),PPAC,1751964547_PT_IMPORT_TMT_H.xlsx,PT_IMPORT_2023-24,37,2026-08-21T15:32:18.879022+00:00,1.0
2023-07-01,2023,2023-24,July,Petcoke / CBFS,EXPORT,0.0,Thousand Metric Tonnes (TMT),PPAC,1751964547_PT_IMPORT_TMT_H.xlsx,PT_IMPORT_2023-24,37,2026-08-21T15:32:18.879022+00:00,1.0
2023-08-01,2023,2023-24,August,Petcoke / CBFS,EXPORT,0.0,Thousand Metric Tonnes (TMT),PPAC,1751964547_PT_IMPORT_TMT_H.xlsx,PT_IMPORT_2023-24,37,2026-08-21T15:32:18.879022+00:00,1.0
2023-09-01,2023,2023-24,September,Petcoke / CBFS,EXPORT,0.0,Thousand Metric Tonnes (TMT),PPAC,1751964547_PT_IMPORT_TMT_H.xlsx,PT_IMPORT_2023-24,37,2026-08-21T15:32:18.879022+00:00,1.0
2023-10-01,2023,2023-24,October,Petcoke / CBFS,EXPORT,0.0,Thousand Metric Tonnes (TMT),PPAC,1751964547_PT_IMPORT_TMT_H.xlsx,PT_IMPORT_2023-24,37,2026-08-21T15:32:18.879022+00:00,1.0
2023-11-01,2023,2023-24,November,Petcoke / CBFS,EXPORT,0.0,Thousand Metric Tonnes (TMT),PPAC,1751964547_PT_IMPORT_TMT_H.xlsx,PT_IMPORT_2023-24,37,2026-08-21T15:32:18.879022+00:00,1.0
2023-12-01,2023,2023-24,December,Petcoke / CBFS,EXPORT,0.0,Thousand Metric Tonnes (TMT),PPAC,1751964547_PT_IMPORT_TMT_H.xlsx,PT_IMPORT_2023-24,37,2026-08-21T15:32:18.879022+00:00,1.0
2024-01-01,2024,2023-24,January,Petcoke / CBFS,EXPORT,0.0,Thousand Metric Tonnes (TMT),PPAC,1751964547_PT_IMPORT_TMT_H.xlsx,PT_IMPORT_2023-24,37,2026-08-21T15:32:18.879022+00:00,1.0
2024-02-01,2024,2023-24,February,Petcoke / CBFS,EXPORT,0.0,Thousand Metric Tonnes (TMT),PPAC,1751964547_PT_IMPORT_TMT_H.xlsx,PT_IMPORT_2023-24,37,2026-08-21T15:32:18.879022+00:00,1.0
2024-03-01,2024,2023-24,March,Petcoke / CBFS,EXPORT,0.0,Thousand Metric Tonnes (TMT),PPAC,1751964547_PT_IMPORT_TMT_H.xlsx,PT_IMPORT_2023-24,37,2026-08-21T15:32:18.879022+00:00,1.0
2023-04-01,2023,2023-24,April,Others%,EXPORT,139.521826,Thousand Metric Tonnes (TMT),PPAC,1751964547_PT_IMPORT_TMT_H.xlsx,PT_IMPORT_2023-24,38,2026-08-21T15:32:18.879022+00:00,1.0
2023-05-01,2023,2023-24,May,Others%,EXPORT,384.489357264,Thousand Metric Tonnes (TMT),PPAC,1751964547_PT_IMPORT_TMT_H.xlsx,PT_IMPORT_2023-24,38,2026-08-21T15:32:18.879022+00:00,1.0
2023-06-01,2023,2023-24,June,Others%,EXPORT,354.202086,Thousand Metric Tonnes (TMT),PPAC,1751964547_PT_IMPORT_TMT_H.xlsx,PT_IMPORT_2023-24,38,2026-08-21T15:32:18.879022+00:00,1.0
2023-07-01,2023,2023-24,July,Others%,EXPORT,255.11163775,Thousand Metric Tonnes (TMT),PPAC,1751964547_PT_IMPORT_TMT_H.xlsx,PT_IMPORT_2023-24,38,2026-08-21T15:32:18.879022+00:00,1.0
2023-08-01,2023,2023-24,August,Others%,EXPORT,427.38669500000003,Thousand Metric Tonnes (TMT),PPAC,1751964547_PT_IMPORT_TMT_H.xlsx,PT_IMPORT_2023-24,38,2026-08-21T15:32:18.879022+00:00,1.0
2023-09-01,2023,2023-24,September,Others%,EXPORT,449.851419,Thousand Metric Tonnes (TMT),PPAC,1751964547_PT_IMPORT_TMT_H.xlsx,PT_IMPORT_2023-24,38,2026-08-21T15:32:18.879022+00:00,1.0
2023-10-01,2023,2023-24,October,Others%,EXPORT,525.1551383010001,Thousand Metric Tonnes (TMT),PPAC,1751964547_PT_IMPORT_TMT_H.xlsx,PT_IMPORT_2023-24,38,2026-08-21T15:32:18.879022+00:00,1.0
2023-11-01,2023,2023-24,November,Others%,EXPORT,401.64749072999996,Thousand Metric Tonnes (TMT),PPAC,1751964547_PT_IMPORT_TMT_H.xlsx,PT_IMPORT_2023-24,38,2026-08-21T15:32:18.879022+00:00,1.0
2023-12-01,2023,2023-24,December,Others%,EXPORT,507.47355255400004,Thousand Metric Tonnes (TMT),PPAC,1751964547_PT_IMPORT_TMT_H.xlsx,PT_IMPORT_2023-24,38,2026-08-21T15:32:18.879022+00:00,1.0
2024-01-01,2024,2023-24,January,Others%,EXPORT,392.418892043,Thousand Metric Tonnes (TMT),PPAC,1751964547_PT_IMPORT_TMT_H.xlsx,PT_IMPORT_2023-24,38,2026-08-21T15:32:18.879022+00:00,1.0
2024-02-01,2024,2023-24,February,Others%,EXPORT,223.99740000000003,Thousand Metric Tonnes (TMT),PPAC,1751964547_PT_IMPORT_TMT_H.xlsx,PT_IMPORT_2023-24,38,2026-08-21T15:32:18.879022+00:00,1.0
2024-03-01,2024,2023-24,March,Others%,EXPORT,300.891793058,Thousand Metric Tonnes (TMT),PPAC,1751964547_PT_IMPORT_TMT_H.xlsx,PT_IMPORT_2023-24,38,2026-08-21T15:32:18.879022+00:00,1.0
2022-04-01,2022,2022-23,April,CRUDE OIL,IMPORT,21626.169696185003,Thousand Metric Tonnes (TMT),PPAC,1751964547_PT_IMPORT_TMT_H.xlsx,PT_IMPORT_2022-23,11,2026-08-21T15:32:18.898107+00:00,1.0
2022-05-01,2022,2022-23,May,CRUDE OIL,IMPORT,19644.253621534997,Thousand Metric Tonnes (TMT),PPAC,1751964547_PT_IMPORT_TMT_H.xlsx,PT_IMPORT_2022-23,11,2026-08-21T15:32:18.898107+00:00,1.0
2022-06-01,2022,2022-23,June,CRUDE OIL,IMPORT,19209.652005542004,Thousand Metric Tonnes (TMT),PPAC,1751964547_PT_IMPORT_TMT_H.xlsx,PT_IMPORT_2022-23,11,2026-08-21T15:32:18.898107+00:00,1.0
2022-07-01,2022,2022-23,July,CRUDE OIL,IMPORT,20624.253959481997,Thousand Metric Tonnes (TMT),PPAC,1751964547_PT_IMPORT_TMT_H.xlsx,PT_IMPORT_2022-23,11,2026-08-21T15:32:18.898107+00:00,1.0
2022-08-01,2022,2022-23,August,CRUDE OIL,IMPORT,17637.212315265,Thousand Metric Tonnes (TMT),PPAC,1751964547_PT_IMPORT_TMT_H.xlsx,PT_IMPORT_2022-23,11,2026-08-21T15:32:18.898107+00:00,1.0
2022-09-01,2022,2022-23,September,CRUDE OIL,IMPORT,16772.209972765002,Thousand Metric Tonnes (TMT),PPAC,1751964547_PT_IMPORT_TMT_H.xlsx,PT_IMPORT_2022-23,11,2026-08-21T15:32:18.898107+00:00,1.0
2022-10-01,2022,2022-23,October,CRUDE OIL,IMPORT,18123.446675544998,Thousand Metric Tonnes (TMT),PPAC,1751964547_PT_IMPORT_TMT_H.xlsx,PT_IMPORT_2022-23,11,2026-08-21T15:32:18.898107+00:00,1.0
2022-11-01,2022,2022-23,November,CRUDE OIL,IMPORT,19003.280854934,Thousand Metric Tonnes (TMT),PPAC,1751964547_PT_IMPORT_TMT_H.xlsx,PT_IMPORT_2022-23,11,2026-08-21T15:32:18.898107+00:00,1.0
2022-12-01,2022,2022-23,December,CRUDE OIL,IMPORT,19617.709583499,Thousand Metric Tonnes (TMT),PPAC,1751964547_PT_IMPORT_TMT_H.xlsx,PT_IMPORT_2022-23,11,2026-08-21T15:32:18.898107+00:00,1.0
2023-01-01,2023,2022-23,January,CRUDE OIL,IMPORT,20229.309738625,Thousand Metric Tonnes (TMT),PPAC,1751964547_PT_IMPORT_TMT_H.xlsx,PT_IMPORT_2022-23,11,2026-08-21T15:32:18.898107+00:00,1.0
2023-02-01,2023,2022-23,February,CRUDE OIL,IMPORT,19284.873472954998,Thousand Metric Tonnes (TMT),PPAC,1751964547_PT_IMPORT_TMT_H.xlsx,PT_IMPORT_2022-23,11,2026-08-21T15:32:18.898107+00:00,1.0
2023-03-01,2023,2022-23,March,CRUDE OIL,IMPORT,20928.040082494,Thousand Metric Tonnes (TMT),PPAC,1751964547_PT_IMPORT_TMT_H.xlsx,PT_IMPORT_2022-23,11,2026-08-21T15:32:18.898107+00:00,1.0
2022-04-01,2022,2022-23,April,LPG,IMPORT,1594.07372,Thousand Metric Tonnes (TMT),PPAC,1751964547_PT_IMPORT_TMT_H.xlsx,PT_IMPORT_2022-23,13,2026-08-21T15:32:18.898107+00:00,1.0
2022-05-01,2022,2022-23,May,LPG,IMPORT,1365.491845,Thousand Metric Tonnes (TMT),PPAC,1751964547_PT_IMPORT_TMT_H.xlsx,PT_IMPORT_2022-23,13,2026-08-21T15:32:18.898107+00:00,1.0
2022-06-01,2022,2022-23,June,LPG,IMPORT,1252.388192,Thousand Metric Tonnes (TMT),PPAC,1751964547_PT_IMPORT_TMT_H.xlsx,PT_IMPORT_2022-23,13,2026-08-21T15:32:18.898107+00:00,1.0
2022-07-01,2022,2022-23,July,LPG,IMPORT,1417.2242769999998,Thousand Metric Tonnes (TMT),PPAC,1751964547_PT_IMPORT_TMT_H.xlsx,PT_IMPORT_2022-23,13,2026-08-21T15:32:18.898107+00:00,1.0
2022-08-01,2022,2022-23,August,LPG,IMPORT,1573.947013,Thousand Metric Tonnes (TMT),PPAC,1751964547_PT_IMPORT_TMT_H.xlsx,PT_IMPORT_2022-23,13,2026-08-21T15:32:18.898107+00:00,1.0
2022-09-01,2022,2022-23,September,LPG,IMPORT,1448.2228650000002,Thousand Metric Tonnes (TMT),PPAC,1751964547_PT_IMPORT_TMT_H.xlsx,PT_IMPORT_2022-23,13,2026-08-21T15:32:18.898107+00:00,1.0
2022-10-01,2022,2022-23,October,LPG,IMPORT,1420.894119,Thousand Metric Tonnes (TMT),PPAC,1751964547_PT_IMPORT_TMT_H.xlsx,PT_IMPORT_2022-23,13,2026-08-21T15:32:18.898107+00:00,1.0
2022-11-01,2022,2022-23,November,LPG,IMPORT,1778.002962,Thousand Metric Tonnes (TMT),PPAC,1751964547_PT_IMPORT_TMT_H.xlsx,PT_IMPORT_2022-23,13,2026-08-21T15:32:18.898107+00:00,1.0
2022-12-01,2022,2022-23,December,LPG,IMPORT,1718.1596600000003,Thousand Metric Tonnes (TMT),PPAC,1751964547_PT_IMPORT_TMT_H.xlsx,PT_IMPORT_2022-23,13,2026-08-21T15:32:18.898107+00:00,1.0
2023-01-01,2023,2022-23,January,LPG,IMPORT,1709.1091599999995,Thousand Metric Tonnes (TMT),PPAC,1751964547_PT_IMPORT_TMT_H.xlsx,PT_IMPORT_2022-23,13,2026-08-21T15:32:18.898107+00:00,1.0
2023-02-01,2023,2022-23,February,LPG,IMPORT,1647.482793,Thousand Metric Tonnes (TMT),PPAC,1751964547_PT_IMPORT_TMT_H.xlsx,PT_IMPORT_2022-23,13,2026-08-21T15:32:18.898107+00:00,1.0
2023-03-01,2023,2022-23,March,LPG,IMPORT,1410.4449099999997,Thousand Metric Tonnes (TMT),PPAC,1751964547_PT_IMPORT_TMT_H.xlsx,PT_IMPORT_2022-23,13,2026-08-21T15:32:18.898107+00:00,1.0
2022-04-01,2022,2022-23,April,MS,IMPORT,0.0,Thousand Metric Tonnes (TMT),PPAC,1751964547_PT_IMPORT_TMT_H.xlsx,PT_IMPORT_2022-23,14,2026-08-21T15:32:18.898107+00:00,1.0
2022-05-01,2022,2022-23,May,MS,IMPORT,29.787618,Thousand Metric Tonnes (TMT),PPAC,1751964547_PT_IMPORT_TMT_H.xlsx,PT_IMPORT_2022-23,14,2026-08-21T15:32:18.898107+00:00,1.0
2022-06-01,2022,2022-23,June,MS,IMPORT,127.519614,Thousand Metric Tonnes (TMT),PPAC,1751964547_PT_IMPORT_TMT_H.xlsx,PT_IMPORT_2022-23,14,2026-08-21T15:32:18.898107+00:00,1.0
2022-07-01,2022,2022-23,July,MS,IMPORT,62.846022000000005,Thousand Metric Tonnes (TMT),PPAC,1751964547_PT_IMPORT_TMT_H.xlsx,PT_IMPORT_2022-23,14,2026-08-21T15:32:18.898107+00:00,1.0
2022-08-01,2022,2022-23,August,MS,IMPORT,0.00214,Thousand Metric Tonnes (TMT),PPAC,1751964547_PT_IMPORT_TMT_H.xlsx,PT_IMPORT_2022-23,14,2026-08-21T15:32:18.898107+00:00,1.0
2022-09-01,2022,2022-23,September,MS,IMPORT,189.7148476410835,Thousand Metric Tonnes (TMT),PPAC,1751964547_PT_IMPORT_TMT_H.xlsx,PT_IMPORT_2022-23,14,2026-08-21T15:32:18.898107+00:00,1.0
2022-10-01,2022,2022-23,October,MS,IMPORT,327.4830283589165,Thousand Metric Tonnes (TMT),PPAC,1751964547_PT_IMPORT_TMT_H.xlsx,PT_IMPORT_2022-23,14,2026-08-21T15:32:18.898107+00:00,1.0
2022-11-01,2022,2022-23,November,MS,IMPORT,211.35630600000002,Thousand Metric Tonnes (TMT),PPAC,1751964547_PT_IMPORT_TMT_H.xlsx,PT_IMPORT_2022-23,14,2026-08-21T15:32:18.898107+00:00,1.0
2022-12-01,2022,2022-23,December,MS,IMPORT,119.98531999999999,Thousand Metric Tonnes (TMT),PPAC,1751964547_PT_IMPORT_TMT_H.xlsx,PT_IMPORT_2022-23,14,2026-08-21T15:32:18.898107+00:00,1.0
2023-01-01,2023,2022-23,January,MS,IMPORT,0.005812,Thousand Metric Tonnes (TMT),PPAC,1751964547_PT_IMPORT_TMT_H.xlsx,PT_IMPORT_2022-23,14,2026-08-21T15:32:18.898107+00:00,1.0
2023-02-01,2023,2022-23,February,MS,IMPORT,0.0,Thousand Metric Tonnes (TMT),PPAC,1751964547_PT_IMPORT_TMT_H.xlsx,PT_IMPORT_2022-23,14,2026-08-21T15:32:18.898107+00:00,1.0
2023-03-01,2023,2022-23,March,MS,IMPORT,0.0,Thousand Metric Tonnes (TMT),PPAC,1751964547_PT_IMPORT_TMT_H.xlsx,PT_IMPORT_2022-23,14,2026-08-21T15:32:18.898107+00:00,1.0
2022-04-01,2022,2022-23,April,Naphtha,IMPORT,35.357442999999996,Thousand Metric Tonnes (TMT),PPAC,1751964547_PT_IMPORT_TMT_H.xlsx,PT_IMPORT_2022-23,15,2026-08-21T15:32:18.898107+00:00,1.0
2022-05-01,2022,2022-23,May,Naphtha,IMPORT,30.45983,Thousand Metric Tonnes (TMT),PPAC,1751964547_PT_IMPORT_TMT_H.xlsx,PT_IMPORT_2022-23,15,2026-08-21T15:32:18.898107+00:00,1.0
2022-06-01,2022,2022-23,June,Naphtha,IMPORT,2.48799,Thousand Metric Tonnes (TMT),PPAC,1751964547_PT_IMPORT_TMT_H.xlsx,PT_IMPORT_2022-23,15,2026-08-21T15:32:18.898107+00:00,1.0
2022-07-01,2022,2022-23,July,Naphtha,IMPORT,144.884012,Thousand Metric Tonnes (TMT),PPAC,1751964547_PT_IMPORT_TMT_H.xlsx,PT_IMPORT_2022-23,15,2026-08-21T15:32:18.898107+00:00,1.0
2022-08-01,2022,2022-23,August,Naphtha,IMPORT,89.845921,Thousand Metric Tonnes (TMT),PPAC,1751964547_PT_IMPORT_TMT_H.xlsx,PT_IMPORT_2022-23,15,2026-08-21T15:32:18.898107+00:00,1.0
2022-09-01,2022,2022-23,September,Naphtha,IMPORT,76.37209200000001,Thousand Metric Tonnes (TMT),PPAC,1751964547_PT_IMPORT_TMT_H.xlsx,PT_IMPORT_2022-23,15,2026-08-21T15:32:18.898107+00:00,1.0
2022-10-01,2022,2022-23,October,Naphtha,IMPORT,134.80330999999998,Thousand Metric Tonnes (TMT),PPAC,1751964547_PT_IMPORT_TMT_H.xlsx,PT_IMPORT_2022-23,15,2026-08-21T15:32:18.898107+00:00,1.0
2022-11-01,2022,2022-23,November,Naphtha,IMPORT,27.564233,Thousand Metric Tonnes (TMT),PPAC,1751964547_PT_IMPORT_TMT_H.xlsx,PT_IMPORT_2022-23,15,2026-08-21T15:32:18.898107+00:00,1.0
2022-12-01,2022,2022-23,December,Naphtha,IMPORT,88.425336,Thousand Metric Tonnes (TMT),PPAC,1751964547_PT_IMPORT_TMT_H.xlsx,PT_IMPORT_2022-23,15,2026-08-21T15:32:18.898107+00:00,1.0
2023-01-01,2023,2022-23,January,Naphtha,IMPORT,40.508218,Thousand Metric Tonnes (TMT),PPAC,1751964547_PT_IMPORT_TMT_H.xlsx,PT_IMPORT_2022-23,15,2026-08-21T15:32:18.898107+00:00,1.0
2023-02-01,2023,2022-23,February,Naphtha,IMPORT,127.554595,Thousand Metric Tonnes (TMT),PPAC,1751964547_PT_IMPORT_TMT_H.xlsx,PT_IMPORT_2022-23,15,2026-08-21T15:32:18.898107+00:00,1.0
2023-03-01,2023,2022-23,March,Naphtha,IMPORT,98.26259200000001,Thousand Metric Tonnes (TMT),PPAC,1751964547_PT_IMPORT_TMT_H.xlsx,PT_IMPORT_2022-23,15,2026-08-21T15:32:18.898107+00:00,1.0
2022-04-01,2022,2022-23,April,ATF,IMPORT,0.0,Thousand Metric Tonnes (TMT),PPAC,1751964547_PT_IMPORT_TMT_H.xlsx,PT_IMPORT_2022-23,16,2026-08-21T15:32:18.898107+00:00,1.0
2022-05-01,2022,2022-23,May,ATF,IMPORT,3e-06,Thousand Metric Tonnes (TMT),PPAC,1751964547_PT_IMPORT_TMT_H.xlsx,PT_IMPORT_2022-23,16,2026-08-21T15:32:18.898107+00:00,1.0
2022-06-01,2022,2022-23,June,ATF,IMPORT,0.0,Thousand Metric Tonnes (TMT),PPAC,1751964547_PT_IMPORT_TMT_H.xlsx,PT_IMPORT_2022-23,16,2026-08-21T15:32:18.898107+00:00,1.0
2022-07-01,2022,2022-23,July,ATF,IMPORT,0.0,Thousand Metric Tonnes (TMT),PPAC,1751964547_PT_IMPORT_TMT_H.xlsx,PT_IMPORT_2022-23,16,2026-08-21T15:32:18.898107+00:00,1.0
2022-08-01,2022,2022-23,August,ATF,IMPORT,0.0,Thousand Metric Tonnes (TMT),PPAC,1751964547_PT_IMPORT_TMT_H.xlsx,PT_IMPORT_2022-23,16,2026-08-21T15:32:18.898107+00:00,1.0
2022-09-01,2022,2022-23,September,ATF,IMPORT,0.0,Thousand Metric Tonnes (TMT),PPAC,1751964547_PT_IMPORT_TMT_H.xlsx,PT_IMPORT_2022-23,16,2026-08-21T15:32:18.898107+00:00,1.0
2022-10-01,2022,2022-23,October,ATF,IMPORT,0.0,Thousand Metric Tonnes (TMT),PPAC,1751964547_PT_IMPORT_TMT_H.xlsx,PT_IMPORT_2022-23,16,2026-08-21T15:32:18.898107+00:00,1.0
2022-11-01,2022,2022-23,November,ATF,IMPORT,0.0,Thousand Metric Tonnes (TMT),PPAC,1751964547_PT_IMPORT_TMT_H.xlsx,PT_IMPORT_2022-23,16,2026-08-21T15:32:18.898107+00:00,1.0
2022-12-01,2022,2022-23,December,ATF,IMPORT,0.0,Thousand Metric Tonnes (TMT),PPAC,1751964547_PT_IMPORT_TMT_H.xlsx,PT_IMPORT_2022-23,16,2026-08-21T15:32:18.898107+00:00,1.0
2023-01-01,2023,2022-23,January,ATF,IMPORT,0.0,Thousand Metric Tonnes (TMT),PPAC,1751964547_PT_IMPORT_TMT_H.xlsx,PT_IMPORT_2022-23,16,2026-08-21T15:32:18.898107+00:00,1.0
2023-02-01,2023,2022-23,February,ATF,IMPORT,0.0,Thousand Metric Tonnes (TMT),PPAC,1751964547_PT_IMPORT_TMT_H.xlsx,PT_IMPORT_2022-23,16,2026-08-21T15:32:18.898107+00:00,1.0
2023-03-01,2023,2022-23,March,ATF,IMPORT,0.0,Thousand Metric Tonnes (TMT),PPAC,1751964547_PT_IMPORT_TMT_H.xlsx,PT_IMPORT_2022-23,16,2026-08-21T15:32:18.898107+00:00,1.0
2022-04-01,2022,2022-23,April,SKO,IMPORT,0.0,Thousand Metric Tonnes (TMT),PPAC,1751964547_PT_IMPORT_TMT_H.xlsx,PT_IMPORT_2022-23,17,2026-08-21T15:32:18.898107+00:00,1.0
2022-05-01,2022,2022-23,May,SKO,IMPORT,0.0,Thousand Metric Tonnes (TMT),PPAC,1751964547_PT_IMPORT_TMT_H.xlsx,PT_IMPORT_2022-23,17,2026-08-21T15:32:18.898107+00:00,1.0
2022-06-01,2022,2022-23,June,SKO,IMPORT,0.0,Thousand Metric Tonnes (TMT),PPAC,1751964547_PT_IMPORT_TMT_H.xlsx,PT_IMPORT_2022-23,17,2026-08-21T15:32:18.898107+00:00,1.0
2022-07-01,2022,2022-23,July,SKO,IMPORT,0.0,Thousand Metric Tonnes (TMT),PPAC,1751964547_PT_IMPORT_TMT_H.xlsx,PT_IMPORT_2022-23,17,2026-08-21T15:32:18.898107+00:00,1.0
2022-08-01,2022,2022-23,August,SKO,IMPORT,0.0,Thousand Metric Tonnes (TMT),PPAC,1751964547_PT_IMPORT_TMT_H.xlsx,PT_IMPORT_2022-23,17,2026-08-21T15:32:18.898107+00:00,1.0
2022-09-01,2022,2022-23,September,SKO,IMPORT,0.0,Thousand Metric Tonnes (TMT),PPAC,1751964547_PT_IMPORT_TMT_H.xlsx,PT_IMPORT_2022-23,17,2026-08-21T15:32:18.898107+00:00,1.0
2022-10-01,2022,2022-23,October,SKO,IMPORT,0.0,Thousand Metric Tonnes (TMT),PPAC,1751964547_PT_IMPORT_TMT_H.xlsx,PT_IMPORT_2022-23,17,2026-08-21T15:32:18.898107+00:00,1.0
2022-11-01,2022,2022-23,November,SKO,IMPORT,0.0,Thousand Metric Tonnes (TMT),PPAC,1751964547_PT_IMPORT_TMT_H.xlsx,PT_IMPORT_2022-23,17,2026-08-21T15:32:18.898107+00:00,1.0
2022-12-01,2022,2022-23,December,SKO,IMPORT,0.0,Thousand Metric Tonnes (TMT),PPAC,1751964547_PT_IMPORT_TMT_H.xlsx,PT_IMPORT_2022-23,17,2026-08-21T15:32:18.898107+00:00,1.0
2023-01-01,2023,2022-23,January,SKO,IMPORT,0.0,Thousand Metric Tonnes (TMT),PPAC,1751964547_PT_IMPORT_TMT_H.xlsx,PT_IMPORT_2022-23,17,2026-08-21T15:32:18.898107+00:00,1.0
2023-02-01,2023,2022-23,February,SKO,IMPORT,0.0,Thousand Metric Tonnes (TMT),PPAC,1751964547_PT_IMPORT_TMT_H.xlsx,PT_IMPORT_2022-23,17,2026-08-21T15:32:18.898107+00:00,1.0
2023-03-01,2023,2022-23,March,SKO,IMPORT,0.0,Thousand Metric Tonnes (TMT),PPAC,1751964547_PT_IMPORT_TMT_H.xlsx,PT_IMPORT_2022-23,17,2026-08-21T15:32:18.898107+00:00,1.0
2022-04-01,2022,2022-23,April,HSD,IMPORT,2.557381,Thousand Metric Tonnes (TMT),PPAC,1751964547_PT_IMPORT_TMT_H.xlsx,PT_IMPORT_2022-23,18,2026-08-21T15:32:18.898107+00:00,1.0
2022-05-01,2022,2022-23,May,HSD,IMPORT,8.50397,Thousand Metric Tonnes (TMT),PPAC,1751964547_PT_IMPORT_TMT_H.xlsx,PT_IMPORT_2022-23,18,2026-08-21T15:32:18.898107+00:00,1.0
2022-06-01,2022,2022-23,June,HSD,IMPORT,114.662301,Thousand Metric Tonnes (TMT),PPAC,1751964547_PT_IMPORT_TMT_H.xlsx,PT_IMPORT_2022-23,18,2026-08-21T15:32:18.898107+00:00,1.0
2022-07-01,2022,2022-23,July,HSD,IMPORT,138.78486800000002,Thousand Metric Tonnes (TMT),PPAC,1751964547_PT_IMPORT_TMT_H.xlsx,PT_IMPORT_2022-23,18,2026-08-21T15:32:18.898107+00:00,1.0
2022-08-01,2022,2022-23,August,HSD,IMPORT,7.855976999999999,Thousand Metric Tonnes (TMT),PPAC,1751964547_PT_IMPORT_TMT_H.xlsx,PT_IMPORT_2022-23,18,2026-08-21T15:32:18.898107+00:00,1.0
2022-09-01,2022,2022-23,September,HSD,IMPORT,1.673355,Thousand Metric Tonnes (TMT),PPAC,1751964547_PT_IMPORT_TMT_H.xlsx,PT_IMPORT_2022-23,18,2026-08-21T15:32:18.898107+00:00,1.0
2022-10-01,2022,2022-23,October,HSD,IMPORT,10.298525,Thousand Metric Tonnes (TMT),PPAC,1751964547_PT_IMPORT_TMT_H.xlsx,PT_IMPORT_2022-23,18,2026-08-21T15:32:18.898107+00:00,1.0
2022-11-01,2022,2022-23,November,HSD,IMPORT,6.624117,Thousand Metric Tonnes (TMT),PPAC,1751964547_PT_IMPORT_TMT_H.xlsx,PT_IMPORT_2022-23,18,2026-08-21T15:32:18.898107+00:00,1.0
2022-12-01,2022,2022-23,December,HSD,IMPORT,13.145197,Thousand Metric Tonnes (TMT),PPAC,1751964547_PT_IMPORT_TMT_H.xlsx,PT_IMPORT_2022-23,18,2026-08-21T15:32:18.898107+00:00,1.0
2023-01-01,2023,2022-23,January,HSD,IMPORT,4.645174000000001,Thousand Metric Tonnes (TMT),PPAC,1751964547_PT_IMPORT_TMT_H.xlsx,PT_IMPORT_2022-23,18,2026-08-21T15:32:18.898107+00:00,1.0
2023-02-01,2023,2022-23,February,HSD,IMPORT,9.79017,Thousand Metric Tonnes (TMT),PPAC,1751964547_PT_IMPORT_TMT_H.xlsx,PT_IMPORT_2022-23,18,2026-08-21T15:32:18.898107+00:00,1.0
2023-03-01,2023,2022-23,March,HSD,IMPORT,3.856972,Thousand Metric Tonnes (TMT),PPAC,1751964547_PT_IMPORT_TMT_H.xlsx,PT_IMPORT_2022-23,18,2026-08-21T15:32:18.898107+00:00,1.0
2022-04-01,2022,2022-23,April,LOBS/ Lube oil,IMPORT,229.81255600000003,Thousand Metric Tonnes (TMT),PPAC,1751964547_PT_IMPORT_TMT_H.xlsx,PT_IMPORT_2022-23,19,2026-08-21T15:32:18.898107+00:00,1.0
2022-05-01,2022,2022-23,May,LOBS/ Lube oil,IMPORT,213.50183699999997,Thousand Metric Tonnes (TMT),PPAC,1751964547_PT_IMPORT_TMT_H.xlsx,PT_IMPORT_2022-23,19,2026-08-21T15:32:18.898107+00:00,1.0
2022-06-01,2022,2022-23,June,LOBS/ Lube oil,IMPORT,180.552784,Thousand Metric Tonnes (TMT),PPAC,1751964547_PT_IMPORT_TMT_H.xlsx,PT_IMPORT_2022-23,19,2026-08-21T15:32:18.898107+00:00,1.0
2022-07-01,2022,2022-23,July,LOBS/ Lube oil,IMPORT,221.73892200000003,Thousand Metric Tonnes (TMT),PPAC,1751964547_PT_IMPORT_TMT_H.xlsx,PT_IMPORT_2022-23,19,2026-08-21T15:32:18.898107+00:00,1.0
2022-08-01,2022,2022-23,August,LOBS/ Lube oil,IMPORT,165.01618099999996,Thousand Metric Tonnes (TMT),PPAC,1751964547_PT_IMPORT_TMT_H.xlsx,PT_IMPORT_2022-23,19,2026-08-21T15:32:18.898107+00:00,1.0
2022-09-01,2022,2022-23,September,LOBS/ Lube oil,IMPORT,133.129931,Thousand Metric Tonnes (TMT),PPAC,1751964547_PT_IMPORT_TMT_H.xlsx,PT_IMPORT_2022-23,19,2026-08-21T15:32:18.898107+00:00,1.0
2022-10-01,2022,2022-23,October,LOBS/ Lube oil,IMPORT,212.25088399999999,Thousand Metric Tonnes (TMT),PPAC,1751964547_PT_IMPORT_TMT_H.xlsx,PT_IMPORT_2022-23,19,2026-08-21T15:32:18.898107+00:00,1.0
2022-11-01,2022,2022-23,November,LOBS/ Lube oil,IMPORT,159.26768700000002,Thousand Metric Tonnes (TMT),PPAC,1751964547_PT_IMPORT_TMT_H.xlsx,PT_IMPORT_2022-23,19,2026-08-21T15:32:18.898107+00:00,1.0
2022-12-01,2022,2022-23,December,LOBS/ Lube oil,IMPORT,139.06278600000002,Thousand Metric Tonnes (TMT),PPAC,1751964547_PT_IMPORT_TMT_H.xlsx,PT_IMPORT_2022-23,19,2026-08-21T15:32:18.898107+00:00,1.0
2023-01-01,2023,2022-23,January,LOBS/ Lube oil,IMPORT,139.03016399999998,Thousand Metric Tonnes (TMT),PPAC,1751964547_PT_IMPORT_TMT_H.xlsx,PT_IMPORT_2022-23,19,2026-08-21T15:32:18.898107+00:00,1.0
2023-02-01,2023,2022-23,February,LOBS/ Lube oil,IMPORT,184.278054,Thousand Metric Tonnes (TMT),PPAC,1751964547_PT_IMPORT_TMT_H.xlsx,PT_IMPORT_2022-23,19,2026-08-21T15:32:18.898107+00:00,1.0
2023-03-01,2023,2022-23,March,LOBS/ Lube oil,IMPORT,174.61329300000003,Thousand Metric Tonnes (TMT),PPAC,1751964547_PT_IMPORT_TMT_H.xlsx,PT_IMPORT_2022-23,19,2026-08-21T15:32:18.898107+00:00,1.0
2022-04-01,2022,2022-23,April,Fuel Oil,IMPORT,995.863376,Thousand Metric Tonnes (TMT),PPAC,1751964547_PT_IMPORT_TMT_H.xlsx,PT_IMPORT_2022-23,20,2026-08-21T15:32:18.898107+00:00,1.0
2022-05-01,2022,2022-23,May,Fuel Oil,IMPORT,481.896152,Thousand Metric Tonnes (TMT),PPAC,1751964547_PT_IMPORT_TMT_H.xlsx,PT_IMPORT_2022-23,20,2026-08-21T15:32:18.898107+00:00,1.0
2022-06-01,2022,2022-23,June,Fuel Oil,IMPORT,600.689213,Thousand Metric Tonnes (TMT),PPAC,1751964547_PT_IMPORT_TMT_H.xlsx,PT_IMPORT_2022-23,20,2026-08-21T15:32:18.898107+00:00,1.0
2022-07-01,2022,2022-23,July,Fuel Oil,IMPORT,749.267842,Thousand Metric Tonnes (TMT),PPAC,1751964547_PT_IMPORT_TMT_H.xlsx,PT_IMPORT_2022-23,20,2026-08-21T15:32:18.898107+00:00,1.0
2022-08-01,2022,2022-23,August,Fuel Oil,IMPORT,702.3331909999999,Thousand Metric Tonnes (TMT),PPAC,1751964547_PT_IMPORT_TMT_H.xlsx,PT_IMPORT_2022-23,20,2026-08-21T15:32:18.898107+00:00,1.0
2022-09-01,2022,2022-23,September,Fuel Oil,IMPORT,567.218502,Thousand Metric Tonnes (TMT),PPAC,1751964547_PT_IMPORT_TMT_H.xlsx,PT_IMPORT_2022-23,20,2026-08-21T15:32:18.898107+00:00,1.0
2022-10-01,2022,2022-23,October,Fuel Oil,IMPORT,654.755444,Thousand Metric Tonnes (TMT),PPAC,1751964547_PT_IMPORT_TMT_H.xlsx,PT_IMPORT_2022-23,20,2026-08-21T15:32:18.898107+00:00,1.0
2022-11-01,2022,2022-23,November,Fuel Oil,IMPORT,568.743987,Thousand Metric Tonnes (TMT),PPAC,1751964547_PT_IMPORT_TMT_H.xlsx,PT_IMPORT_2022-23,20,2026-08-21T15:32:18.898107+00:00,1.0
2022-12-01,2022,2022-23,December,Fuel Oil,IMPORT,963.119892,Thousand Metric Tonnes (TMT),PPAC,1751964547_PT_IMPORT_TMT_H.xlsx,PT_IMPORT_2022-23,20,2026-08-21T15:32:18.898107+00:00,1.0
2023-01-01,2023,2022-23,January,Fuel Oil,IMPORT,893.439747,Thousand Metric Tonnes (TMT),PPAC,1751964547_PT_IMPORT_TMT_H.xlsx,PT_IMPORT_2022-23,20,2026-08-21T15:32:18.898107+00:00,1.0
2023-02-01,2023,2022-23,February,Fuel Oil,IMPORT,640.152175,Thousand Metric Tonnes (TMT),PPAC,1751964547_PT_IMPORT_TMT_H.xlsx,PT_IMPORT_2022-23,20,2026-08-21T15:32:18.898107+00:00,1.0
2023-03-01,2023,2022-23,March,Fuel Oil,IMPORT,745.114821,Thousand Metric Tonnes (TMT),PPAC,1751964547_PT_IMPORT_TMT_H.xlsx,PT_IMPORT_2022-23,20,2026-08-21T15:32:18.898107+00:00,1.0
2022-04-01,2022,2022-23,April,Bitumen,IMPORT,258.42737999999997,Thousand Metric Tonnes (TMT),PPAC,1751964547_PT_IMPORT_TMT_H.xlsx,PT_IMPORT_2022-23,21,2026-08-21T15:32:18.898107+00:00,1.0
2022-05-01,2022,2022-23,May,Bitumen,IMPORT,254.485231,Thousand Metric Tonnes (TMT),PPAC,1751964547_PT_IMPORT_TMT_H.xlsx,PT_IMPORT_2022-23,21,2026-08-21T15:32:18.898107+00:00,1.0
2022-06-01,2022,2022-23,June,Bitumen,IMPORT,210.360354,Thousand Metric Tonnes (TMT),PPAC,1751964547_PT_IMPORT_TMT_H.xlsx,PT_IMPORT_2022-23,21,2026-08-21T15:32:18.898107+00:00,1.0
2022-07-01,2022,2022-23,July,Bitumen,IMPORT,119.680585,Thousand Metric Tonnes (TMT),PPAC,1751964547_PT_IMPORT_TMT_H.xlsx,PT_IMPORT_2022-23,21,2026-08-21T15:32:18.898107+00:00,1.0
2022-08-01,2022,2022-23,August,Bitumen,IMPORT,68.287706,Thousand Metric Tonnes (TMT),PPAC,1751964547_PT_IMPORT_TMT_H.xlsx,PT_IMPORT_2022-23,21,2026-08-21T15:32:18.898107+00:00,1.0
2022-09-01,2022,2022-23,September,Bitumen,IMPORT,116.37751,Thousand Metric Tonnes (TMT),PPAC,1751964547_PT_IMPORT_TMT_H.xlsx,PT_IMPORT_2022-23,21,2026-08-21T15:32:18.898107+00:00,1.0
2022-10-01,2022,2022-23,October,Bitumen,IMPORT,225.98996599999998,Thousand Metric Tonnes (TMT),PPAC,1751964547_PT_IMPORT_TMT_H.xlsx,PT_IMPORT_2022-23,21,2026-08-21T15:32:18.898107+00:00,1.0
2022-11-01,2022,2022-23,November,Bitumen,IMPORT,348.95739899999995,Thousand Metric Tonnes (TMT),PPAC,1751964547_PT_IMPORT_TMT_H.xlsx,PT_IMPORT_2022-23,21,2026-08-21T15:32:18.898107+00:00,1.0
2022-12-01,2022,2022-23,December,Bitumen,IMPORT,282.50185799999997,Thousand Metric Tonnes (TMT),PPAC,1751964547_PT_IMPORT_TMT_H.xlsx,PT_IMPORT_2022-23,21,2026-08-21T15:32:18.898107+00:00,1.0
2023-01-01,2023,2022-23,January,Bitumen,IMPORT,268.835149,Thousand Metric Tonnes (TMT),PPAC,1751964547_PT_IMPORT_TMT_H.xlsx,PT_IMPORT_2022-23,21,2026-08-21T15:32:18.898107+00:00,1.0
2023-02-01,2023,2022-23,February,Bitumen,IMPORT,295.97136800000004,Thousand Metric Tonnes (TMT),PPAC,1751964547_PT_IMPORT_TMT_H.xlsx,PT_IMPORT_2022-23,21,2026-08-21T15:32:18.898107+00:00,1.0
2023-03-01,2023,2022-23,March,Bitumen,IMPORT,347.575193,Thousand Metric Tonnes (TMT),PPAC,1751964547_PT_IMPORT_TMT_H.xlsx,PT_IMPORT_2022-23,21,2026-08-21T15:32:18.898107+00:00,1.0
2022-04-01,2022,2022-23,April,Petcoke,IMPORT,891.893967,Thousand Metric Tonnes (TMT),PPAC,1751964547_PT_IMPORT_TMT_H.xlsx,PT_IMPORT_2022-23,22,2026-08-21T15:32:18.898107+00:00,1.0
2022-05-01,2022,2022-23,May,Petcoke,IMPORT,708.667283,Thousand Metric Tonnes (TMT),PPAC,1751964547_PT_IMPORT_TMT_H.xlsx,PT_IMPORT_2022-23,22,2026-08-21T15:32:18.898107+00:00,1.0
2022-06-01,2022,2022-23,June,Petcoke,IMPORT,544.263771,Thousand Metric Tonnes (TMT),PPAC,1751964547_PT_IMPORT_TMT_H.xlsx,PT_IMPORT_2022-23,22,2026-08-21T15:32:18.898107+00:00,1.0
2022-07-01,2022,2022-23,July,Petcoke,IMPORT,793.2280370000001,Thousand Metric Tonnes (TMT),PPAC,1751964547_PT_IMPORT_TMT_H.xlsx,PT_IMPORT_2022-23,22,2026-08-21T15:32:18.898107+00:00,1.0
2022-08-01,2022,2022-23,August,Petcoke,IMPORT,465.98447,Thousand Metric Tonnes (TMT),PPAC,1751964547_PT_IMPORT_TMT_H.xlsx,PT_IMPORT_2022-23,22,2026-08-21T15:32:18.898107+00:00,1.0
2022-09-01,2022,2022-23,September,Petcoke,IMPORT,539.088078,Thousand Metric Tonnes (TMT),PPAC,1751964547_PT_IMPORT_TMT_H.xlsx,PT_IMPORT_2022-23,22,2026-08-21T15:32:18.898107+00:00,1.0
2022-10-01,2022,2022-23,October,Petcoke,IMPORT,855.045233,Thousand Metric Tonnes (TMT),PPAC,1751964547_PT_IMPORT_TMT_H.xlsx,PT_IMPORT_2022-23,22,2026-08-21T15:32:18.898107+00:00,1.0
2022-11-01,2022,2022-23,November,Petcoke,IMPORT,846.854569,Thousand Metric Tonnes (TMT),PPAC,1751964547_PT_IMPORT_TMT_H.xlsx,PT_IMPORT_2022-23,22,2026-08-21T15:32:18.898107+00:00,1.0
2022-12-01,2022,2022-23,December,Petcoke,IMPORT,595.311547,Thousand Metric Tonnes (TMT),PPAC,1751964547_PT_IMPORT_TMT_H.xlsx,PT_IMPORT_2022-23,22,2026-08-21T15:32:18.898107+00:00,1.0
2023-01-01,2023,2022-23,January,Petcoke,IMPORT,515.661926,Thousand Metric Tonnes (TMT),PPAC,1751964547_PT_IMPORT_TMT_H.xlsx,PT_IMPORT_2022-23,22,2026-08-21T15:32:18.898107+00:00,1.0
2023-02-01,2023,2022-23,February,Petcoke,IMPORT,724.769308,Thousand Metric Tonnes (TMT),PPAC,1751964547_PT_IMPORT_TMT_H.xlsx,PT_IMPORT_2022-23,22,2026-08-21T15:32:18.898107+00:00,1.0
2023-03-01,2023,2022-23,March,Petcoke,IMPORT,1182.911058,Thousand Metric Tonnes (TMT),PPAC,1751964547_PT_IMPORT_TMT_H.xlsx,PT_IMPORT_2022-23,22,2026-08-21T15:32:18.898107+00:00,1.0
2022-04-01,2022,2022-23,April,Others&,IMPORT,157.349836,Thousand Metric Tonnes (TMT),PPAC,1751964547_PT_IMPORT_TMT_H.xlsx,PT_IMPORT_2022-23,23,2026-08-21T15:32:18.898107+00:00,1.0
2022-05-01,2022,2022-23,May,Others&,IMPORT,197.78959799999996,Thousand Metric Tonnes (TMT),PPAC,1751964547_PT_IMPORT_TMT_H.xlsx,PT_IMPORT_2022-23,23,2026-08-21T15:32:18.898107+00:00,1.0
2022-06-01,2022,2022-23,June,Others&,IMPORT,95.13746900000001,Thousand Metric Tonnes (TMT),PPAC,1751964547_PT_IMPORT_TMT_H.xlsx,PT_IMPORT_2022-23,23,2026-08-21T15:32:18.898107+00:00,1.0
2022-07-01,2022,2022-23,July,Others&,IMPORT,84.38040699999999,Thousand Metric Tonnes (TMT),PPAC,1751964547_PT_IMPORT_TMT_H.xlsx,PT_IMPORT_2022-23,23,2026-08-21T15:32:18.898107+00:00,1.0
2022-08-01,2022,2022-23,August,Others&,IMPORT,164.759163,Thousand Metric Tonnes (TMT),PPAC,1751964547_PT_IMPORT_TMT_H.xlsx,PT_IMPORT_2022-23,23,2026-08-21T15:32:18.898107+00:00,1.0
2022-09-01,2022,2022-23,September,Others&,IMPORT,89.15647299999999,Thousand Metric Tonnes (TMT),PPAC,1751964547_PT_IMPORT_TMT_H.xlsx,PT_IMPORT_2022-23,23,2026-08-21T15:32:18.898107+00:00,1.0
2022-10-01,2022,2022-23,October,Others&,IMPORT,96.27178599999999,Thousand Metric Tonnes (TMT),PPAC,1751964547_PT_IMPORT_TMT_H.xlsx,PT_IMPORT_2022-23,23,2026-08-21T15:32:18.898107+00:00,1.0
2022-11-01,2022,2022-23,November,Others&,IMPORT,94.41418300000001,Thousand Metric Tonnes (TMT),PPAC,1751964547_PT_IMPORT_TMT_H.xlsx,PT_IMPORT_2022-23,23,2026-08-21T15:32:18.898107+00:00,1.0
2022-12-01,2022,2022-23,December,Others&,IMPORT,130.530361,Thousand Metric Tonnes (TMT),PPAC,1751964547_PT_IMPORT_TMT_H.xlsx,PT_IMPORT_2022-23,23,2026-08-21T15:32:18.898107+00:00,1.0
2023-01-01,2023,2022-23,January,Others&,IMPORT,211.149541,Thousand Metric Tonnes (TMT),PPAC,1751964547_PT_IMPORT_TMT_H.xlsx,PT_IMPORT_2022-23,23,2026-08-21T15:32:18.898107+00:00,1.0
2023-02-01,2023,2022-23,February,Others&,IMPORT,88.786082,Thousand Metric Tonnes (TMT),PPAC,1751964547_PT_IMPORT_TMT_H.xlsx,PT_IMPORT_2022-23,23,2026-08-21T15:32:18.898107+00:00,1.0
2023-03-01,2023,2022-23,March,Others&,IMPORT,389.104294,Thousand Metric Tonnes (TMT),PPAC,1751964547_PT_IMPORT_TMT_H.xlsx,PT_IMPORT_2022-23,23,2026-08-21T15:32:18.898107+00:00,1.0
2022-04-01,2022,2022-23,April,LPG,EXPORT,47.343001999999956,Thousand Metric Tonnes (TMT),PPAC,1751964547_PT_IMPORT_TMT_H.xlsx,PT_IMPORT_2022-23,27,2026-08-21T15:32:18.898107+00:00,1.0
2022-05-01,2022,2022-23,May,LPG,EXPORT,47.689821799999955,Thousand Metric Tonnes (TMT),PPAC,1751964547_PT_IMPORT_TMT_H.xlsx,PT_IMPORT_2022-23,27,2026-08-21T15:32:18.898107+00:00,1.0
2022-06-01,2022,2022-23,June,LPG,EXPORT,50.078432799999966,Thousand Metric Tonnes (TMT),PPAC,1751964547_PT_IMPORT_TMT_H.xlsx,PT_IMPORT_2022-23,27,2026-08-21T15:32:18.898107+00:00,1.0
2022-07-01,2022,2022-23,July,LPG,EXPORT,41.723235199999955,Thousand Metric Tonnes (TMT),PPAC,1751964547_PT_IMPORT_TMT_H.xlsx,PT_IMPORT_2022-23,27,2026-08-21T15:32:18.898107+00:00,1.0
2022-08-01,2022,2022-23,August,LPG,EXPORT,39.624877199999986,Thousand Metric Tonnes (TMT),PPAC,1751964547_PT_IMPORT_TMT_H.xlsx,PT_IMPORT_2022-23,27,2026-08-21T15:32:18.898107+00:00,1.0
2022-09-01,2022,2022-23,September,LPG,EXPORT,40.27752840000001,Thousand Metric Tonnes (TMT),PPAC,1751964547_PT_IMPORT_TMT_H.xlsx,PT_IMPORT_2022-23,27,2026-08-21T15:32:18.898107+00:00,1.0
2022-10-01,2022,2022-23,October,LPG,EXPORT,43.27541799999999,Thousand Metric Tonnes (TMT),PPAC,1751964547_PT_IMPORT_TMT_H.xlsx,PT_IMPORT_2022-23,27,2026-08-21T15:32:18.898107+00:00,1.0
2022-11-01,2022,2022-23,November,LPG,EXPORT,41.989242400000016,Thousand Metric Tonnes (TMT),PPAC,1751964547_PT_IMPORT_TMT_H.xlsx,PT_IMPORT_2022-23,27,2026-08-21T15:32:18.898107+00:00,1.0
2022-12-01,2022,2022-23,December,LPG,EXPORT,44.7717035999999,Thousand Metric Tonnes (TMT),PPAC,1751964547_PT_IMPORT_TMT_H.xlsx,PT_IMPORT_2022-23,27,2026-08-21T15:32:18.898107+00:00,1.0
2023-01-01,2023,2022-23,January,LPG,EXPORT,47.95810679999998,Thousand Metric Tonnes (TMT),PPAC,1751964547_PT_IMPORT_TMT_H.xlsx,PT_IMPORT_2022-23,27,2026-08-21T15:32:18.898107+00:00,1.0
2023-02-01,2023,2022-23,February,LPG,EXPORT,42.98409279999996,Thousand Metric Tonnes (TMT),PPAC,1751964547_PT_IMPORT_TMT_H.xlsx,PT_IMPORT_2022-23,27,2026-08-21T15:32:18.898107+00:00,1.0
2023-03-01,2023,2022-23,March,LPG,EXPORT,51.80926839999997,Thousand Metric Tonnes (TMT),PPAC,1751964547_PT_IMPORT_TMT_H.xlsx,PT_IMPORT_2022-23,27,2026-08-21T15:32:18.898107+00:00,1.0
2022-04-01,2022,2022-23,April,MS!,EXPORT,1403.2288101344657,Thousand Metric Tonnes (TMT),PPAC,1751964547_PT_IMPORT_TMT_H.xlsx,PT_IMPORT_2022-23,28,2026-08-21T15:32:18.898107+00:00,1.0
2022-05-01,2022,2022-23,May,MS!,EXPORT,1157.8322800389128,Thousand Metric Tonnes (TMT),PPAC,1751964547_PT_IMPORT_TMT_H.xlsx,PT_IMPORT_2022-23,28,2026-08-21T15:32:18.898107+00:00,1.0
2022-06-01,2022,2022-23,June,MS!,EXPORT,1162.6697173021212,Thousand Metric Tonnes (TMT),PPAC,1751964547_PT_IMPORT_TMT_H.xlsx,PT_IMPORT_2022-23,28,2026-08-21T15:32:18.898107+00:00,1.0
2022-07-01,2022,2022-23,July,MS!,EXPORT,1073.738019246688,Thousand Metric Tonnes (TMT),PPAC,1751964547_PT_IMPORT_TMT_H.xlsx,PT_IMPORT_2022-23,28,2026-08-21T15:32:18.898107+00:00,1.0
2022-08-01,2022,2022-23,August,MS!,EXPORT,1019.3518243863886,Thousand Metric Tonnes (TMT),PPAC,1751964547_PT_IMPORT_TMT_H.xlsx,PT_IMPORT_2022-23,28,2026-08-21T15:32:18.898107+00:00,1.0
2022-09-01,2022,2022-23,September,MS!,EXPORT,671.6874278203625,Thousand Metric Tonnes (TMT),PPAC,1751964547_PT_IMPORT_TMT_H.xlsx,PT_IMPORT_2022-23,28,2026-08-21T15:32:18.898107+00:00,1.0
2022-10-01,2022,2022-23,October,MS!,EXPORT,500.7645831402703,Thousand Metric Tonnes (TMT),PPAC,1751964547_PT_IMPORT_TMT_H.xlsx,PT_IMPORT_2022-23,28,2026-08-21T15:32:18.898107+00:00,1.0
2022-11-01,2022,2022-23,November,MS!,EXPORT,842.555734287302,Thousand Metric Tonnes (TMT),PPAC,1751964547_PT_IMPORT_TMT_H.xlsx,PT_IMPORT_2022-23,28,2026-08-21T15:32:18.898107+00:00,1.0
2022-12-01,2022,2022-23,December,MS!,EXPORT,1242.1059160575185,Thousand Metric Tonnes (TMT),PPAC,1751964547_PT_IMPORT_TMT_H.xlsx,PT_IMPORT_2022-23,28,2026-08-21T15:32:18.898107+00:00,1.0
2023-01-01,2023,2022-23,January,MS!,EXPORT,1165.2991867184883,Thousand Metric Tonnes (TMT),PPAC,1751964547_PT_IMPORT_TMT_H.xlsx,PT_IMPORT_2022-23,28,2026-08-21T15:32:18.898107+00:00,1.0
2023-02-01,2023,2022-23,February,MS!,EXPORT,1379.4972964513051,Thousand Metric Tonnes (TMT),PPAC,1751964547_PT_IMPORT_TMT_H.xlsx,PT_IMPORT_2022-23,28,2026-08-21T15:32:18.898107+00:00,1.0
2023-03-01,2023,2022-23,March,MS!,EXPORT,1508.1221573919572,Thousand Metric Tonnes (TMT),PPAC,1751964547_PT_IMPORT_TMT_H.xlsx,PT_IMPORT_2022-23,28,2026-08-21T15:32:18.898107+00:00,1.0
2022-04-01,2022,2022-23,April,Naphtha$,EXPORT,610.66257,Thousand Metric Tonnes (TMT),PPAC,1751964547_PT_IMPORT_TMT_H.xlsx,PT_IMPORT_2022-23,29,2026-08-21T15:32:18.898107+00:00,1.0
2022-05-01,2022,2022-23,May,Naphtha$,EXPORT,556.0566080000001,Thousand Metric Tonnes (TMT),PPAC,1751964547_PT_IMPORT_TMT_H.xlsx,PT_IMPORT_2022-23,29,2026-08-21T15:32:18.898107+00:00,1.0
2022-06-01,2022,2022-23,June,Naphtha$,EXPORT,815.0855160000001,Thousand Metric Tonnes (TMT),PPAC,1751964547_PT_IMPORT_TMT_H.xlsx,PT_IMPORT_2022-23,29,2026-08-21T15:32:18.898107+00:00,1.0
2022-07-01,2022,2022-23,July,Naphtha$,EXPORT,354.59431600000005,Thousand Metric Tonnes (TMT),PPAC,1751964547_PT_IMPORT_TMT_H.xlsx,PT_IMPORT_2022-23,29,2026-08-21T15:32:18.898107+00:00,1.0
2022-08-01,2022,2022-23,August,Naphtha$,EXPORT,413.785674,Thousand Metric Tonnes (TMT),PPAC,1751964547_PT_IMPORT_TMT_H.xlsx,PT_IMPORT_2022-23,29,2026-08-21T15:32:18.898107+00:00,1.0
2022-09-01,2022,2022-23,September,Naphtha$,EXPORT,467.85066500000005,Thousand Metric Tonnes (TMT),PPAC,1751964547_PT_IMPORT_TMT_H.xlsx,PT_IMPORT_2022-23,29,2026-08-21T15:32:18.898107+00:00,1.0
2022-10-01,2022,2022-23,October,Naphtha$,EXPORT,371.581642,Thousand Metric Tonnes (TMT),PPAC,1751964547_PT_IMPORT_TMT_H.xlsx,PT_IMPORT_2022-23,29,2026-08-21T15:32:18.898107+00:00,1.0
2022-11-01,2022,2022-23,November,Naphtha$,EXPORT,423.18609100000003,Thousand Metric Tonnes (TMT),PPAC,1751964547_PT_IMPORT_TMT_H.xlsx,PT_IMPORT_2022-23,29,2026-08-21T15:32:18.898107+00:00,1.0
2022-12-01,2022,2022-23,December,Naphtha$,EXPORT,440.81441400000006,Thousand Metric Tonnes (TMT),PPAC,1751964547_PT_IMPORT_TMT_H.xlsx,PT_IMPORT_2022-23,29,2026-08-21T15:32:18.898107+00:00,1.0
2023-01-01,2023,2022-23,January,Naphtha$,EXPORT,333.137132,Thousand Metric Tonnes (TMT),PPAC,1751964547_PT_IMPORT_TMT_H.xlsx,PT_IMPORT_2022-23,29,2026-08-21T15:32:18.898107+00:00,1.0
2023-02-01,2023,2022-23,February,Naphtha$,EXPORT,416.013825,Thousand Metric Tonnes (TMT),PPAC,1751964547_PT_IMPORT_TMT_H.xlsx,PT_IMPORT_2022-23,29,2026-08-21T15:32:18.898107+00:00,1.0
2023-03-01,2023,2022-23,March,Naphtha$,EXPORT,511.335516,Thousand Metric Tonnes (TMT),PPAC,1751964547_PT_IMPORT_TMT_H.xlsx,PT_IMPORT_2022-23,29,2026-08-21T15:32:18.898107+00:00,1.0
2022-04-01,2022,2022-23,April,ATF#,EXPORT,349.9313180248447,Thousand Metric Tonnes (TMT),PPAC,1751964547_PT_IMPORT_TMT_H.xlsx,PT_IMPORT_2022-23,30,2026-08-21T15:32:18.898107+00:00,1.0
2022-05-01,2022,2022-23,May,ATF#,EXPORT,447.69568263354034,Thousand Metric Tonnes (TMT),PPAC,1751964547_PT_IMPORT_TMT_H.xlsx,PT_IMPORT_2022-23,30,2026-08-21T15:32:18.898107+00:00,1.0
2022-06-01,2022,2022-23,June,ATF#,EXPORT,590.8038580993789,Thousand Metric Tonnes (TMT),PPAC,1751964547_PT_IMPORT_TMT_H.xlsx,PT_IMPORT_2022-23,30,2026-08-21T15:32:18.898107+00:00,1.0
2022-07-01,2022,2022-23,July,ATF#,EXPORT,582.8730010621118,Thousand Metric Tonnes (TMT),PPAC,1751964547_PT_IMPORT_TMT_H.xlsx,PT_IMPORT_2022-23,30,2026-08-21T15:32:18.898107+00:00,1.0
2022-08-01,2022,2022-23,August,ATF#,EXPORT,744.9279049937888,Thousand Metric Tonnes (TMT),PPAC,1751964547_PT_IMPORT_TMT_H.xlsx,PT_IMPORT_2022-23,30,2026-08-21T15:32:18.898107+00:00,1.0
2022-09-01,2022,2022-23,September,ATF#,EXPORT,689.2018228881988,Thousand Metric Tonnes (TMT),PPAC,1751964547_PT_IMPORT_TMT_H.xlsx,PT_IMPORT_2022-23,30,2026-08-21T15:32:18.898107+00:00,1.0
2022-10-01,2022,2022-23,October,ATF#,EXPORT,639.4812899565217,Thousand Metric Tonnes (TMT),PPAC,1751964547_PT_IMPORT_TMT_H.xlsx,PT_IMPORT_2022-23,30,2026-08-21T15:32:18.898107+00:00,1.0
2022-11-01,2022,2022-23,November,ATF#,EXPORT,591.0954403913044,Thousand Metric Tonnes (TMT),PPAC,1751964547_PT_IMPORT_TMT_H.xlsx,PT_IMPORT_2022-23,30,2026-08-21T15:32:18.898107+00:00,1.0
2022-12-01,2022,2022-23,December,ATF#,EXPORT,623.5814125652174,Thousand Metric Tonnes (TMT),PPAC,1751964547_PT_IMPORT_TMT_H.xlsx,PT_IMPORT_2022-23,30,2026-08-21T15:32:18.898107+00:00,1.0
2023-01-01,2023,2022-23,January,ATF#,EXPORT,567.865031031056,Thousand Metric Tonnes (TMT),PPAC,1751964547_PT_IMPORT_TMT_H.xlsx,PT_IMPORT_2022-23,30,2026-08-21T15:32:18.898107+00:00,1.0
2023-02-01,2023,2022-23,February,ATF#,EXPORT,649.6148139875776,Thousand Metric Tonnes (TMT),PPAC,1751964547_PT_IMPORT_TMT_H.xlsx,PT_IMPORT_2022-23,30,2026-08-21T15:32:18.898107+00:00,1.0
2023-03-01,2023,2022-23,March,ATF#,EXPORT,786.4938548881988,Thousand Metric Tonnes (TMT),PPAC,1751964547_PT_IMPORT_TMT_H.xlsx,PT_IMPORT_2022-23,30,2026-08-21T15:32:18.898107+00:00,1.0
2022-04-01,2022,2022-23,April,SKO,EXPORT,1.9588193846394737,Thousand Metric Tonnes (TMT),PPAC,1751964547_PT_IMPORT_TMT_H.xlsx,PT_IMPORT_2022-23,31,2026-08-21T15:32:18.898107+00:00,1.0
2022-05-01,2022,2022-23,May,SKO,EXPORT,0.6920848665153057,Thousand Metric Tonnes (TMT),PPAC,1751964547_PT_IMPORT_TMT_H.xlsx,PT_IMPORT_2022-23,31,2026-08-21T15:32:18.898107+00:00,1.0
2022-06-01,2022,2022-23,June,SKO,EXPORT,1.260471306662491,Thousand Metric Tonnes (TMT),PPAC,1751964547_PT_IMPORT_TMT_H.xlsx,PT_IMPORT_2022-23,31,2026-08-21T15:32:18.898107+00:00,1.0
2022-07-01,2022,2022-23,July,SKO,EXPORT,0.9551397479057385,Thousand Metric Tonnes (TMT),PPAC,1751964547_PT_IMPORT_TMT_H.xlsx,PT_IMPORT_2022-23,31,2026-08-21T15:32:18.898107+00:00,1.0
2022-08-01,2022,2022-23,August,SKO,EXPORT,0.46504345102951533,Thousand Metric Tonnes (TMT),PPAC,1751964547_PT_IMPORT_TMT_H.xlsx,PT_IMPORT_2022-23,31,2026-08-21T15:32:18.898107+00:00,1.0
2022-09-01,2022,2022-23,September,SKO,EXPORT,0.7922962499021373,Thousand Metric Tonnes (TMT),PPAC,1751964547_PT_IMPORT_TMT_H.xlsx,PT_IMPORT_2022-23,31,2026-08-21T15:32:18.898107+00:00,1.0
2022-10-01,2022,2022-23,October,SKO,EXPORT,0.7156372034760823,Thousand Metric Tonnes (TMT),PPAC,1751964547_PT_IMPORT_TMT_H.xlsx,PT_IMPORT_2022-23,31,2026-08-21T15:32:18.898107+00:00,1.0
2022-11-01,2022,2022-23,November,SKO,EXPORT,0.8639542785563297,Thousand Metric Tonnes (TMT),PPAC,1751964547_PT_IMPORT_TMT_H.xlsx,PT_IMPORT_2022-23,31,2026-08-21T15:32:18.898107+00:00,1.0
2022-12-01,2022,2022-23,December,SKO,EXPORT,0.8929542785563296,Thousand Metric Tonnes (TMT),PPAC,1751964547_PT_IMPORT_TMT_H.xlsx,PT_IMPORT_2022-23,31,2026-08-21T15:32:18.898107+00:00,1.0
2023-01-01,2023,2022-23,January,SKO,EXPORT,0.8802174900180066,Thousand Metric Tonnes (TMT),PPAC,1751964547_PT_IMPORT_TMT_H.xlsx,PT_IMPORT_2022-23,31,2026-08-21T15:32:18.898107+00:00,1.0
2023-02-01,2023,2022-23,February,SKO,EXPORT,0.5200569169341579,Thousand Metric Tonnes (TMT),PPAC,1751964547_PT_IMPORT_TMT_H.xlsx,PT_IMPORT_2022-23,31,2026-08-21T15:32:18.898107+00:00,1.0
2023-03-01,2023,2022-23,March,SKO,EXPORT,0.8365853754012369,Thousand Metric Tonnes (TMT),PPAC,1751964547_PT_IMPORT_TMT_H.xlsx,PT_IMPORT_2022-23,31,2026-08-21T15:32:18.898107+00:00,1.0
2022-04-01,2022,2022-23,April,HSD,EXPORT,2697.5626916684364,Thousand Metric Tonnes (TMT),PPAC,1751964547_PT_IMPORT_TMT_H.xlsx,PT_IMPORT_2022-23,32,2026-08-21T15:32:18.898107+00:00,1.0
2022-05-01,2022,2022-23,May,HSD,EXPORT,3062.521793719565,Thousand Metric Tonnes (TMT),PPAC,1751964547_PT_IMPORT_TMT_H.xlsx,PT_IMPORT_2022-23,32,2026-08-21T15:32:18.898107+00:00,1.0
2022-06-01,2022,2022-23,June,HSD,EXPORT,2456.2079324160286,Thousand Metric Tonnes (TMT),PPAC,1751964547_PT_IMPORT_TMT_H.xlsx,PT_IMPORT_2022-23,32,2026-08-21T15:32:18.898107+00:00,1.0
2022-07-01,2022,2022-23,July,HSD,EXPORT,2146.428058008492,Thousand Metric Tonnes (TMT),PPAC,1751964547_PT_IMPORT_TMT_H.xlsx,PT_IMPORT_2022-23,32,2026-08-21T15:32:18.898107+00:00,1.0
2022-08-01,2022,2022-23,August,HSD,EXPORT,2365.0892316548893,Thousand Metric Tonnes (TMT),PPAC,1751964547_PT_IMPORT_TMT_H.xlsx,PT_IMPORT_2022-23,32,2026-08-21T15:32:18.898107+00:00,1.0
2022-09-01,2022,2022-23,September,HSD,EXPORT,2689.1719715231247,Thousand Metric Tonnes (TMT),PPAC,1751964547_PT_IMPORT_TMT_H.xlsx,PT_IMPORT_2022-23,32,2026-08-21T15:32:18.898107+00:00,1.0
2022-10-01,2022,2022-23,October,HSD,EXPORT,2062.153096242303,Thousand Metric Tonnes (TMT),PPAC,1751964547_PT_IMPORT_TMT_H.xlsx,PT_IMPORT_2022-23,32,2026-08-21T15:32:18.898107+00:00,1.0
2022-11-01,2022,2022-23,November,HSD,EXPORT,1978.5937332317872,Thousand Metric Tonnes (TMT),PPAC,1751964547_PT_IMPORT_TMT_H.xlsx,PT_IMPORT_2022-23,32,2026-08-21T15:32:18.898107+00:00,1.0
2022-12-01,2022,2022-23,December,HSD,EXPORT,2412.6045931829553,Thousand Metric Tonnes (TMT),PPAC,1751964547_PT_IMPORT_TMT_H.xlsx,PT_IMPORT_2022-23,32,2026-08-21T15:32:18.898107+00:00,1.0
2023-01-01,2023,2022-23,January,HSD,EXPORT,1990.6576795183105,Thousand Metric Tonnes (TMT),PPAC,1751964547_PT_IMPORT_TMT_H.xlsx,PT_IMPORT_2022-23,32,2026-08-21T15:32:18.898107+00:00,1.0
2023-02-01,2023,2022-23,February,HSD,EXPORT,2150.5669103834257,Thousand Metric Tonnes (TMT),PPAC,1751964547_PT_IMPORT_TMT_H.xlsx,PT_IMPORT_2022-23,32,2026-08-21T15:32:18.898107+00:00,1.0
2023-03-01,2023,2022-23,March,HSD,EXPORT,2482.8761718281903,Thousand Metric Tonnes (TMT),PPAC,1751964547_PT_IMPORT_TMT_H.xlsx,PT_IMPORT_2022-23,32,2026-08-21T15:32:18.898107+00:00,1.0
2022-04-01,2022,2022-23,April,LDO,EXPORT,0.0897666068222621,Thousand Metric Tonnes (TMT),PPAC,1751964547_PT_IMPORT_TMT_H.xlsx,PT_IMPORT_2022-23,33,2026-08-21T15:32:18.898107+00:00,1.0
2022-05-01,2022,2022-23,May,LDO,EXPORT,0.10771992818671453,Thousand Metric Tonnes (TMT),PPAC,1751964547_PT_IMPORT_TMT_H.xlsx,PT_IMPORT_2022-23,33,2026-08-21T15:32:18.898107+00:00,1.0
2022-06-01,2022,2022-23,June,LDO,EXPORT,0.0897666068222621,Thousand Metric Tonnes (TMT),PPAC,1751964547_PT_IMPORT_TMT_H.xlsx,PT_IMPORT_2022-23,33,2026-08-21T15:32:18.898107+00:00,1.0
2022-07-01,2022,2022-23,July,LDO,EXPORT,0.11849192100538598,Thousand Metric Tonnes (TMT),PPAC,1751964547_PT_IMPORT_TMT_H.xlsx,PT_IMPORT_2022-23,33,2026-08-21T15:32:18.898107+00:00,1.0
2022-08-01,2022,2022-23,August,LDO,EXPORT,0.08258527827648114,Thousand Metric Tonnes (TMT),PPAC,1751964547_PT_IMPORT_TMT_H.xlsx,PT_IMPORT_2022-23,33,2026-08-21T15:32:18.898107+00:00,1.0
2022-09-01,2022,2022-23,September,LDO,EXPORT,0.11849192100538598,Thousand Metric Tonnes (TMT),PPAC,1751964547_PT_IMPORT_TMT_H.xlsx,PT_IMPORT_2022-23,33,2026-08-21T15:32:18.898107+00:00,1.0
2022-10-01,2022,2022-23,October,LDO,EXPORT,0.147,Thousand Metric Tonnes (TMT),PPAC,1751964547_PT_IMPORT_TMT_H.xlsx,PT_IMPORT_2022-23,33,2026-08-21T15:32:18.898107+00:00,1.0
2022-11-01,2022,2022-23,November,LDO,EXPORT,0.133,Thousand Metric Tonnes (TMT),PPAC,1751964547_PT_IMPORT_TMT_H.xlsx,PT_IMPORT_2022-23,33,2026-08-21T15:32:18.898107+00:00,1.0
2022-12-01,2022,2022-23,December,LDO,EXPORT,0.19,Thousand Metric Tonnes (TMT),PPAC,1751964547_PT_IMPORT_TMT_H.xlsx,PT_IMPORT_2022-23,33,2026-08-21T15:32:18.898107+00:00,1.0
2023-01-01,2023,2022-23,January,LDO,EXPORT,0.108,Thousand Metric Tonnes (TMT),PPAC,1751964547_PT_IMPORT_TMT_H.xlsx,PT_IMPORT_2022-23,33,2026-08-21T15:32:18.898107+00:00,1.0
2023-02-01,2023,2022-23,February,LDO,EXPORT,0.144,Thousand Metric Tonnes (TMT),PPAC,1751964547_PT_IMPORT_TMT_H.xlsx,PT_IMPORT_2022-23,33,2026-08-21T15:32:18.898107+00:00,1.0
2023-03-01,2023,2022-23,March,LDO,EXPORT,0.1609049999999995,Thousand Metric Tonnes (TMT),PPAC,1751964547_PT_IMPORT_TMT_H.xlsx,PT_IMPORT_2022-23,33,2026-08-21T15:32:18.898107+00:00,1.0
2022-04-01,2022,2022-23,April,LOBS/ Lube Oil,EXPORT,5.28740377711131,Thousand Metric Tonnes (TMT),PPAC,1751964547_PT_IMPORT_TMT_H.xlsx,PT_IMPORT_2022-23,34,2026-08-21T15:32:18.898107+00:00,1.0
2022-05-01,2022,2022-23,May,LOBS/ Lube Oil,EXPORT,0.42042097780000004,Thousand Metric Tonnes (TMT),PPAC,1751964547_PT_IMPORT_TMT_H.xlsx,PT_IMPORT_2022-23,34,2026-08-21T15:32:18.898107+00:00,1.0
2022-06-01,2022,2022-23,June,LOBS/ Lube Oil,EXPORT,1.0645253105924601,Thousand Metric Tonnes (TMT),PPAC,1751964547_PT_IMPORT_TMT_H.xlsx,PT_IMPORT_2022-23,34,2026-08-21T15:32:18.898107+00:00,1.0
2022-07-01,2022,2022-23,July,LOBS/ Lube Oil,EXPORT,0.7773135511669662,Thousand Metric Tonnes (TMT),PPAC,1751964547_PT_IMPORT_TMT_H.xlsx,PT_IMPORT_2022-23,34,2026-08-21T15:32:18.898107+00:00,1.0
2022-08-01,2022,2022-23,August,LOBS/ Lube Oil,EXPORT,0.4689765709156195,Thousand Metric Tonnes (TMT),PPAC,1751964547_PT_IMPORT_TMT_H.xlsx,PT_IMPORT_2022-23,34,2026-08-21T15:32:18.898107+00:00,1.0
2022-09-01,2022,2022-23,September,LOBS/ Lube Oil,EXPORT,0.734649220825853,Thousand Metric Tonnes (TMT),PPAC,1751964547_PT_IMPORT_TMT_H.xlsx,PT_IMPORT_2022-23,34,2026-08-21T15:32:18.898107+00:00,1.0
2022-10-01,2022,2022-23,October,LOBS/ Lube Oil,EXPORT,0.4697375224416519,Thousand Metric Tonnes (TMT),PPAC,1751964547_PT_IMPORT_TMT_H.xlsx,PT_IMPORT_2022-23,34,2026-08-21T15:32:18.898107+00:00,1.0
2022-11-01,2022,2022-23,November,LOBS/ Lube Oil,EXPORT,0.7989980897666071,Thousand Metric Tonnes (TMT),PPAC,1751964547_PT_IMPORT_TMT_H.xlsx,PT_IMPORT_2022-23,34,2026-08-21T15:32:18.898107+00:00,1.0
2022-12-01,2022,2022-23,December,LOBS/ Lube Oil,EXPORT,0.5750495008976663,Thousand Metric Tonnes (TMT),PPAC,1751964547_PT_IMPORT_TMT_H.xlsx,PT_IMPORT_2022-23,34,2026-08-21T15:32:18.898107+00:00,1.0
2023-01-01,2023,2022-23,January,LOBS/ Lube Oil,EXPORT,0.6929418471561939,Thousand Metric Tonnes (TMT),PPAC,1751964547_PT_IMPORT_TMT_H.xlsx,PT_IMPORT_2022-23,34,2026-08-21T15:32:18.898107+00:00,1.0
2023-02-01,2023,2022-23,February,LOBS/ Lube Oil,EXPORT,0.47506676481149,Thousand Metric Tonnes (TMT),PPAC,1751964547_PT_IMPORT_TMT_H.xlsx,PT_IMPORT_2022-23,34,2026-08-21T15:32:18.898107+00:00,1.0
2023-03-01,2023,2022-23,March,LOBS/ Lube Oil,EXPORT,2.041015097773789,Thousand Metric Tonnes (TMT),PPAC,1751964547_PT_IMPORT_TMT_H.xlsx,PT_IMPORT_2022-23,34,2026-08-21T15:32:18.898107+00:00,1.0
2022-04-01,2022,2022-23,April,Fuel Oil,EXPORT,41.939215,Thousand Metric Tonnes (TMT),PPAC,1751964547_PT_IMPORT_TMT_H.xlsx,PT_IMPORT_2022-23,35,2026-08-21T15:32:18.898107+00:00,1.0
2022-05-01,2022,2022-23,May,Fuel Oil,EXPORT,76.75163900000001,Thousand Metric Tonnes (TMT),PPAC,1751964547_PT_IMPORT_TMT_H.xlsx,PT_IMPORT_2022-23,35,2026-08-21T15:32:18.898107+00:00,1.0
2022-06-01,2022,2022-23,June,Fuel Oil,EXPORT,126.830478,Thousand Metric Tonnes (TMT),PPAC,1751964547_PT_IMPORT_TMT_H.xlsx,PT_IMPORT_2022-23,35,2026-08-21T15:32:18.898107+00:00,1.0
2022-07-01,2022,2022-23,July,Fuel Oil,EXPORT,186.18254399999998,Thousand Metric Tonnes (TMT),PPAC,1751964547_PT_IMPORT_TMT_H.xlsx,PT_IMPORT_2022-23,35,2026-08-21T15:32:18.898107+00:00,1.0
2022-08-01,2022,2022-23,August,Fuel Oil,EXPORT,221.402174,Thousand Metric Tonnes (TMT),PPAC,1751964547_PT_IMPORT_TMT_H.xlsx,PT_IMPORT_2022-23,35,2026-08-21T15:32:18.898107+00:00,1.0
2022-09-01,2022,2022-23,September,Fuel Oil,EXPORT,155.731447,Thousand Metric Tonnes (TMT),PPAC,1751964547_PT_IMPORT_TMT_H.xlsx,PT_IMPORT_2022-23,35,2026-08-21T15:32:18.898107+00:00,1.0
2022-10-01,2022,2022-23,October,Fuel Oil,EXPORT,229.375295,Thousand Metric Tonnes (TMT),PPAC,1751964547_PT_IMPORT_TMT_H.xlsx,PT_IMPORT_2022-23,35,2026-08-21T15:32:18.898107+00:00,1.0
2022-11-01,2022,2022-23,November,Fuel Oil,EXPORT,158.56850200000002,Thousand Metric Tonnes (TMT),PPAC,1751964547_PT_IMPORT_TMT_H.xlsx,PT_IMPORT_2022-23,35,2026-08-21T15:32:18.898107+00:00,1.0
2022-12-01,2022,2022-23,December,Fuel Oil,EXPORT,247.83754299999998,Thousand Metric Tonnes (TMT),PPAC,1751964547_PT_IMPORT_TMT_H.xlsx,PT_IMPORT_2022-23,35,2026-08-21T15:32:18.898107+00:00,1.0
2023-01-01,2023,2022-23,January,Fuel Oil,EXPORT,179.187156,Thousand Metric Tonnes (TMT),PPAC,1751964547_PT_IMPORT_TMT_H.xlsx,PT_IMPORT_2022-23,35,2026-08-21T15:32:18.898107+00:00,1.0
2023-02-01,2023,2022-23,February,Fuel Oil,EXPORT,75.889243,Thousand Metric Tonnes (TMT),PPAC,1751964547_PT_IMPORT_TMT_H.xlsx,PT_IMPORT_2022-23,35,2026-08-21T15:32:18.898107+00:00,1.0
2023-03-01,2023,2022-23,March,Fuel Oil,EXPORT,141.242169,Thousand Metric Tonnes (TMT),PPAC,1751964547_PT_IMPORT_TMT_H.xlsx,PT_IMPORT_2022-23,35,2026-08-21T15:32:18.898107+00:00,1.0
2022-04-01,2022,2022-23,April,Bitumen,EXPORT,0.02221,Thousand Metric Tonnes (TMT),PPAC,1751964547_PT_IMPORT_TMT_H.xlsx,PT_IMPORT_2022-23,36,2026-08-21T15:32:18.898107+00:00,1.0
2022-05-01,2022,2022-23,May,Bitumen,EXPORT,0.136074,Thousand Metric Tonnes (TMT),PPAC,1751964547_PT_IMPORT_TMT_H.xlsx,PT_IMPORT_2022-23,36,2026-08-21T15:32:18.898107+00:00,1.0
2022-06-01,2022,2022-23,June,Bitumen,EXPORT,1.05982,Thousand Metric Tonnes (TMT),PPAC,1751964547_PT_IMPORT_TMT_H.xlsx,PT_IMPORT_2022-23,36,2026-08-21T15:32:18.898107+00:00,1.0
2022-07-01,2022,2022-23,July,Bitumen,EXPORT,0.05276000000000001,Thousand Metric Tonnes (TMT),PPAC,1751964547_PT_IMPORT_TMT_H.xlsx,PT_IMPORT_2022-23,36,2026-08-21T15:32:18.898107+00:00,1.0
2022-08-01,2022,2022-23,August,Bitumen,EXPORT,0.0220599999999999,Thousand Metric Tonnes (TMT),PPAC,1751964547_PT_IMPORT_TMT_H.xlsx,PT_IMPORT_2022-23,36,2026-08-21T15:32:18.898107+00:00,1.0
2022-09-01,2022,2022-23,September,Bitumen,EXPORT,2.11275,Thousand Metric Tonnes (TMT),PPAC,1751964547_PT_IMPORT_TMT_H.xlsx,PT_IMPORT_2022-23,36,2026-08-21T15:32:18.898107+00:00,1.0
2022-10-01,2022,2022-23,October,Bitumen,EXPORT,2.128636,Thousand Metric Tonnes (TMT),PPAC,1751964547_PT_IMPORT_TMT_H.xlsx,PT_IMPORT_2022-23,36,2026-08-21T15:32:18.898107+00:00,1.0
2022-11-01,2022,2022-23,November,Bitumen,EXPORT,0.094001,Thousand Metric Tonnes (TMT),PPAC,1751964547_PT_IMPORT_TMT_H.xlsx,PT_IMPORT_2022-23,36,2026-08-21T15:32:18.898107+00:00,1.0
2022-12-01,2022,2022-23,December,Bitumen,EXPORT,0.186,Thousand Metric Tonnes (TMT),PPAC,1751964547_PT_IMPORT_TMT_H.xlsx,PT_IMPORT_2022-23,36,2026-08-21T15:32:18.898107+00:00,1.0
2023-01-01,2023,2022-23,January,Bitumen,EXPORT,0.044,Thousand Metric Tonnes (TMT),PPAC,1751964547_PT_IMPORT_TMT_H.xlsx,PT_IMPORT_2022-23,36,2026-08-21T15:32:18.898107+00:00,1.0
2023-02-01,2023,2022-23,February,Bitumen,EXPORT,0.36771600000000004,Thousand Metric Tonnes (TMT),PPAC,1751964547_PT_IMPORT_TMT_H.xlsx,PT_IMPORT_2022-23,36,2026-08-21T15:32:18.898107+00:00,1.0
2023-03-01,2023,2022-23,March,Bitumen,EXPORT,2.5617699999999997,Thousand Metric Tonnes (TMT),PPAC,1751964547_PT_IMPORT_TMT_H.xlsx,PT_IMPORT_2022-23,36,2026-08-21T15:32:18.898107+00:00,1.0
2022-04-01,2022,2022-23,April,Petcoke / CBFS,EXPORT,4.4,Thousand Metric Tonnes (TMT),PPAC,1751964547_PT_IMPORT_TMT_H.xlsx,PT_IMPORT_2022-23,37,2026-08-21T15:32:18.898107+00:00,1.0
2022-05-01,2022,2022-23,May,Petcoke / CBFS,EXPORT,33.0,Thousand Metric Tonnes (TMT),PPAC,1751964547_PT_IMPORT_TMT_H.xlsx,PT_IMPORT_2022-23,37,2026-08-21T15:32:18.898107+00:00,1.0
2022-06-01,2022,2022-23,June,Petcoke / CBFS,EXPORT,35.5,Thousand Metric Tonnes (TMT),PPAC,1751964547_PT_IMPORT_TMT_H.xlsx,PT_IMPORT_2022-23,37,2026-08-21T15:32:18.898107+00:00,1.0
2022-07-01,2022,2022-23,July,Petcoke / CBFS,EXPORT,11.0,Thousand Metric Tonnes (TMT),PPAC,1751964547_PT_IMPORT_TMT_H.xlsx,PT_IMPORT_2022-23,37,2026-08-21T15:32:18.898107+00:00,1.0
2022-08-01,2022,2022-23,August,Petcoke / CBFS,EXPORT,38.5,Thousand Metric Tonnes (TMT),PPAC,1751964547_PT_IMPORT_TMT_H.xlsx,PT_IMPORT_2022-23,37,2026-08-21T15:32:18.898107+00:00,1.0
2022-09-01,2022,2022-23,September,Petcoke / CBFS,EXPORT,16.5,Thousand Metric Tonnes (TMT),PPAC,1751964547_PT_IMPORT_TMT_H.xlsx,PT_IMPORT_2022-23,37,2026-08-21T15:32:18.898107+00:00,1.0
2022-10-01,2022,2022-23,October,Petcoke / CBFS,EXPORT,0.0,Thousand Metric Tonnes (TMT),PPAC,1751964547_PT_IMPORT_TMT_H.xlsx,PT_IMPORT_2022-23,37,2026-08-21T15:32:18.898107+00:00,1.0
2022-11-01,2022,2022-23,November,Petcoke / CBFS,EXPORT,0.0,Thousand Metric Tonnes (TMT),PPAC,1751964547_PT_IMPORT_TMT_H.xlsx,PT_IMPORT_2022-23,37,2026-08-21T15:32:18.898107+00:00,1.0
2022-12-01,2022,2022-23,December,Petcoke / CBFS,EXPORT,0.0,Thousand Metric Tonnes (TMT),PPAC,1751964547_PT_IMPORT_TMT_H.xlsx,PT_IMPORT_2022-23,37,2026-08-21T15:32:18.898107+00:00,1.0
2023-01-01,2023,2022-23,January,Petcoke / CBFS,EXPORT,0.0,Thousand Metric Tonnes (TMT),PPAC,1751964547_PT_IMPORT_TMT_H.xlsx,PT_IMPORT_2022-23,37,2026-08-21T15:32:18.898107+00:00,1.0
2023-02-01,2023,2022-23,February,Petcoke / CBFS,EXPORT,22.0,Thousand Metric Tonnes (TMT),PPAC,1751964547_PT_IMPORT_TMT_H.xlsx,PT_IMPORT_2022-23,37,2026-08-21T15:32:18.898107+00:00,1.0
2023-03-01,2023,2022-23,March,Petcoke / CBFS,EXPORT,123.188265,Thousand Metric Tonnes (TMT),PPAC,1751964547_PT_IMPORT_TMT_H.xlsx,PT_IMPORT_2022-23,37,2026-08-21T15:32:18.898107+00:00,1.0
2022-04-01,2022,2022-23,April,Others%,EXPORT,275.36875599999996,Thousand Metric Tonnes (TMT),PPAC,1751964547_PT_IMPORT_TMT_H.xlsx,PT_IMPORT_2022-23,38,2026-08-21T15:32:18.898107+00:00,1.0
2022-05-01,2022,2022-23,May,Others%,EXPORT,300.483291764,Thousand Metric Tonnes (TMT),PPAC,1751964547_PT_IMPORT_TMT_H.xlsx,PT_IMPORT_2022-23,38,2026-08-21T15:32:18.898107+00:00,1.0
2022-06-01,2022,2022-23,June,Others%,EXPORT,267.10901900000005,Thousand Metric Tonnes (TMT),PPAC,1751964547_PT_IMPORT_TMT_H.xlsx,PT_IMPORT_2022-23,38,2026-08-21T15:32:18.898107+00:00,1.0
2022-07-01,2022,2022-23,July,Others%,EXPORT,213.67492699999997,Thousand Metric Tonnes (TMT),PPAC,1751964547_PT_IMPORT_TMT_H.xlsx,PT_IMPORT_2022-23,38,2026-08-21T15:32:18.898107+00:00,1.0
2022-08-01,2022,2022-23,August,Others%,EXPORT,398.127098,Thousand Metric Tonnes (TMT),PPAC,1751964547_PT_IMPORT_TMT_H.xlsx,PT_IMPORT_2022-23,38,2026-08-21T15:32:18.898107+00:00,1.0
2022-09-01,2022,2022-23,September,Others%,EXPORT,254.49000000000004,Thousand Metric Tonnes (TMT),PPAC,1751964547_PT_IMPORT_TMT_H.xlsx,PT_IMPORT_2022-23,38,2026-08-21T15:32:18.898107+00:00,1.0
2022-10-01,2022,2022-23,October,Others%,EXPORT,123.094763,Thousand Metric Tonnes (TMT),PPAC,1751964547_PT_IMPORT_TMT_H.xlsx,PT_IMPORT_2022-23,38,2026-08-21T15:32:18.898107+00:00,1.0
2022-11-01,2022,2022-23,November,Others%,EXPORT,229.29450599999998,Thousand Metric Tonnes (TMT),PPAC,1751964547_PT_IMPORT_TMT_H.xlsx,PT_IMPORT_2022-23,38,2026-08-21T15:32:18.898107+00:00,1.0
2022-12-01,2022,2022-23,December,Others%,EXPORT,684.2507720000001,Thousand Metric Tonnes (TMT),PPAC,1751964547_PT_IMPORT_TMT_H.xlsx,PT_IMPORT_2022-23,38,2026-08-21T15:32:18.898107+00:00,1.0
2023-01-01,2023,2022-23,January,Others%,EXPORT,215.47647999999998,Thousand Metric Tonnes (TMT),PPAC,1751964547_PT_IMPORT_TMT_H.xlsx,PT_IMPORT_2022-23,38,2026-08-21T15:32:18.898107+00:00,1.0
2023-02-01,2023,2022-23,February,Others%,EXPORT,319.9886719,Thousand Metric Tonnes (TMT),PPAC,1751964547_PT_IMPORT_TMT_H.xlsx,PT_IMPORT_2022-23,38,2026-08-21T15:32:18.898107+00:00,1.0
2023-03-01,2023,2022-23,March,Others%,EXPORT,435.154759125,Thousand Metric Tonnes (TMT),PPAC,1751964547_PT_IMPORT_TMT_H.xlsx,PT_IMPORT_2022-23,38,2026-08-21T15:32:18.898107+00:00,1.0
2021-04-01,2021,2021-22,April,CRUDE OIL,IMPORT,18256.492266788002,Thousand Metric Tonnes (TMT),PPAC,1751964547_PT_IMPORT_TMT_H.xlsx,PT_IMPORT_2021-22,11,2026-08-21T15:32:18.914807+00:00,1.0
2021-05-01,2021,2021-22,May,CRUDE OIL,IMPORT,17259.238289192,Thousand Metric Tonnes (TMT),PPAC,1751964547_PT_IMPORT_TMT_H.xlsx,PT_IMPORT_2021-22,11,2026-08-21T15:32:18.914807+00:00,1.0
2021-06-01,2021,2021-22,June,CRUDE OIL,IMPORT,15904.74071692,Thousand Metric Tonnes (TMT),PPAC,1751964547_PT_IMPORT_TMT_H.xlsx,PT_IMPORT_2021-22,11,2026-08-21T15:32:18.914807+00:00,1.0
2021-07-01,2021,2021-22,July,CRUDE OIL,IMPORT,15021.215412387,Thousand Metric Tonnes (TMT),PPAC,1751964547_PT_IMPORT_TMT_H.xlsx,PT_IMPORT_2021-22,11,2026-08-21T15:32:18.914807+00:00,1.0
2021-08-01,2021,2021-22,August,CRUDE OIL,IMPORT,17386.686679644998,Thousand Metric Tonnes (TMT),PPAC,1751964547_PT_IMPORT_TMT_H.xlsx,PT_IMPORT_2021-22,11,2026-08-21T15:32:18.914807+00:00,1.0
2021-09-01,2021,2021-22,September,CRUDE OIL,IMPORT,17607.534813625,Thousand Metric Tonnes (TMT),PPAC,1751964547_PT_IMPORT_TMT_H.xlsx,PT_IMPORT_2021-22,11,2026-08-21T15:32:18.914807+00:00,1.0
2021-10-01,2021,2021-22,October,CRUDE OIL,IMPORT,17084.174631724,Thousand Metric Tonnes (TMT),PPAC,1751964547_PT_IMPORT_TMT_H.xlsx,PT_IMPORT_2021-22,11,2026-08-21T15:32:18.914807+00:00,1.0
2021-11-01,2021,2021-22,November,CRUDE OIL,IMPORT,18340.38159548193,Thousand Metric Tonnes (TMT),PPAC,1751964547_PT_IMPORT_TMT_H.xlsx,PT_IMPORT_2021-22,11,2026-08-21T15:32:18.914807+00:00,1.0
2021-12-01,2021,2021-22,December,CRUDE OIL,IMPORT,19648.115803371995,Thousand Metric Tonnes (TMT),PPAC,1751964547_PT_IMPORT_TMT_H.xlsx,PT_IMPORT_2021-22,11,2026-08-21T15:32:18.914807+00:00,1.0
2022-01-01,2022,2021-22,January,CRUDE OIL,IMPORT,19253.803364503616,Thousand Metric Tonnes (TMT),PPAC,1751964547_PT_IMPORT_TMT_H.xlsx,PT_IMPORT_2021-22,11,2026-08-21T15:32:18.914807+00:00,1.0
2022-02-01,2022,2021-22,February,CRUDE OIL,IMPORT,17588.537024211,Thousand Metric Tonnes (TMT),PPAC,1751964547_PT_IMPORT_TMT_H.xlsx,PT_IMPORT_2021-22,11,2026-08-21T15:32:18.914807+00:00,1.0
2022-03-01,2022,2021-22,March,CRUDE OIL,IMPORT,19030.70183839,Thousand Metric Tonnes (TMT),PPAC,1751964547_PT_IMPORT_TMT_H.xlsx,PT_IMPORT_2021-22,11,2026-08-21T15:32:18.914807+00:00,1.0
2021-04-01,2021,2021-22,April,LPG,IMPORT,1043.1981700000001,Thousand Metric Tonnes (TMT),PPAC,1751964547_PT_IMPORT_TMT_H.xlsx,PT_IMPORT_2021-22,13,2026-08-21T15:32:18.914807+00:00,1.0
2021-05-01,2021,2021-22,May,LPG,IMPORT,1045.5622309999999,Thousand Metric Tonnes (TMT),PPAC,1751964547_PT_IMPORT_TMT_H.xlsx,PT_IMPORT_2021-22,13,2026-08-21T15:32:18.914807+00:00,1.0
2021-06-01,2021,2021-22,June,LPG,IMPORT,1389.0896180000002,Thousand Metric Tonnes (TMT),PPAC,1751964547_PT_IMPORT_TMT_H.xlsx,PT_IMPORT_2021-22,13,2026-08-21T15:32:18.914807+00:00,1.0
2021-07-01,2021,2021-22,July,LPG,IMPORT,1402.6431790000001,Thousand Metric Tonnes (TMT),PPAC,1751964547_PT_IMPORT_TMT_H.xlsx,PT_IMPORT_2021-22,13,2026-08-21T15:32:18.914807+00:00,1.0
2021-08-01,2021,2021-22,August,LPG,IMPORT,1695.16956,Thousand Metric Tonnes (TMT),PPAC,1751964547_PT_IMPORT_TMT_H.xlsx,PT_IMPORT_2021-22,13,2026-08-21T15:32:18.914807+00:00,1.0
2021-09-01,2021,2021-22,September,LPG,IMPORT,1562.9889140000002,Thousand Metric Tonnes (TMT),PPAC,1751964547_PT_IMPORT_TMT_H.xlsx,PT_IMPORT_2021-22,13,2026-08-21T15:32:18.914807+00:00,1.0
2021-10-01,2021,2021-22,October,LPG,IMPORT,1599.162514,Thousand Metric Tonnes (TMT),PPAC,1751964547_PT_IMPORT_TMT_H.xlsx,PT_IMPORT_2021-22,13,2026-08-21T15:32:18.914807+00:00,1.0
2021-11-01,2021,2021-22,November,LPG,IMPORT,1581.0865789999998,Thousand Metric Tonnes (TMT),PPAC,1751964547_PT_IMPORT_TMT_H.xlsx,PT_IMPORT_2021-22,13,2026-08-21T15:32:18.914807+00:00,1.0
2021-12-01,2021,2021-22,December,LPG,IMPORT,1650.109382,Thousand Metric Tonnes (TMT),PPAC,1751964547_PT_IMPORT_TMT_H.xlsx,PT_IMPORT_2021-22,13,2026-08-21T15:32:18.914807+00:00,1.0
2022-01-01,2022,2021-22,January,LPG,IMPORT,1387.688418,Thousand Metric Tonnes (TMT),PPAC,1751964547_PT_IMPORT_TMT_H.xlsx,PT_IMPORT_2021-22,13,2026-08-21T15:32:18.914807+00:00,1.0
2022-02-01,2022,2021-22,February,LPG,IMPORT,1248.925475,Thousand Metric Tonnes (TMT),PPAC,1751964547_PT_IMPORT_TMT_H.xlsx,PT_IMPORT_2021-22,13,2026-08-21T15:32:18.914807+00:00,1.0
2022-03-01,2022,2021-22,March,LPG,IMPORT,1437.729479,Thousand Metric Tonnes (TMT),PPAC,1751964547_PT_IMPORT_TMT_H.xlsx,PT_IMPORT_2021-22,13,2026-08-21T15:32:18.914807+00:00,1.0
2021-04-01,2021,2021-22,April,MS,IMPORT,73.89588300000001,Thousand Metric Tonnes (TMT),PPAC,1751964547_PT_IMPORT_TMT_H.xlsx,PT_IMPORT_2021-22,14,2026-08-21T15:32:18.914807+00:00,1.0
2021-05-01,2021,2021-22,May,MS,IMPORT,0.0,Thousand Metric Tonnes (TMT),PPAC,1751964547_PT_IMPORT_TMT_H.xlsx,PT_IMPORT_2021-22,14,2026-08-21T15:32:18.914807+00:00,1.0
2021-06-01,2021,2021-22,June,MS,IMPORT,0.0,Thousand Metric Tonnes (TMT),PPAC,1751964547_PT_IMPORT_TMT_H.xlsx,PT_IMPORT_2021-22,14,2026-08-21T15:32:18.914807+00:00,1.0
2021-07-01,2021,2021-22,July,MS,IMPORT,0.00382,Thousand Metric Tonnes (TMT),PPAC,1751964547_PT_IMPORT_TMT_H.xlsx,PT_IMPORT_2021-22,14,2026-08-21T15:32:18.914807+00:00,1.0
2021-08-01,2021,2021-22,August,MS,IMPORT,0.0,Thousand Metric Tonnes (TMT),PPAC,1751964547_PT_IMPORT_TMT_H.xlsx,PT_IMPORT_2021-22,14,2026-08-21T15:32:18.914807+00:00,1.0
2021-09-01,2021,2021-22,September,MS,IMPORT,153.30026900000001,Thousand Metric Tonnes (TMT),PPAC,1751964547_PT_IMPORT_TMT_H.xlsx,PT_IMPORT_2021-22,14,2026-08-21T15:32:18.914807+00:00,1.0
2021-10-01,2021,2021-22,October,MS,IMPORT,412.17921399999994,Thousand Metric Tonnes (TMT),PPAC,1751964547_PT_IMPORT_TMT_H.xlsx,PT_IMPORT_2021-22,14,2026-08-21T15:32:18.914807+00:00,1.0
2021-11-01,2021,2021-22,November,MS,IMPORT,31.499068,Thousand Metric Tonnes (TMT),PPAC,1751964547_PT_IMPORT_TMT_H.xlsx,PT_IMPORT_2021-22,14,2026-08-21T15:32:18.914807+00:00,1.0
2021-12-01,2021,2021-22,December,MS,IMPORT,0.003364,Thousand Metric Tonnes (TMT),PPAC,1751964547_PT_IMPORT_TMT_H.xlsx,PT_IMPORT_2021-22,14,2026-08-21T15:32:18.914807+00:00,1.0
2022-01-01,2022,2021-22,January,MS,IMPORT,0.0,Thousand Metric Tonnes (TMT),PPAC,1751964547_PT_IMPORT_TMT_H.xlsx,PT_IMPORT_2021-22,14,2026-08-21T15:32:18.914807+00:00,1.0
2022-02-01,2022,2021-22,February,MS,IMPORT,0.000951,Thousand Metric Tonnes (TMT),PPAC,1751964547_PT_IMPORT_TMT_H.xlsx,PT_IMPORT_2021-22,14,2026-08-21T15:32:18.914807+00:00,1.0
2022-03-01,2022,2021-22,March,MS,IMPORT,0.0,Thousand Metric Tonnes (TMT),PPAC,1751964547_PT_IMPORT_TMT_H.xlsx,PT_IMPORT_2021-22,14,2026-08-21T15:32:18.914807+00:00,1.0
2021-04-01,2021,2021-22,April,Naphtha,IMPORT,39.125271,Thousand Metric Tonnes (TMT),PPAC,1751964547_PT_IMPORT_TMT_H.xlsx,PT_IMPORT_2021-22,15,2026-08-21T15:32:18.914807+00:00,1.0
2021-05-01,2021,2021-22,May,Naphtha,IMPORT,34.568548,Thousand Metric Tonnes (TMT),PPAC,1751964547_PT_IMPORT_TMT_H.xlsx,PT_IMPORT_2021-22,15,2026-08-21T15:32:18.914807+00:00,1.0
2021-06-01,2021,2021-22,June,Naphtha,IMPORT,37.095032,Thousand Metric Tonnes (TMT),PPAC,1751964547_PT_IMPORT_TMT_H.xlsx,PT_IMPORT_2021-22,15,2026-08-21T15:32:18.914807+00:00,1.0
2021-07-01,2021,2021-22,July,Naphtha,IMPORT,0.0,Thousand Metric Tonnes (TMT),PPAC,1751964547_PT_IMPORT_TMT_H.xlsx,PT_IMPORT_2021-22,15,2026-08-21T15:32:18.914807+00:00,1.0
2021-08-01,2021,2021-22,August,Naphtha,IMPORT,0.0,Thousand Metric Tonnes (TMT),PPAC,1751964547_PT_IMPORT_TMT_H.xlsx,PT_IMPORT_2021-22,15,2026-08-21T15:32:18.914807+00:00,1.0
2021-09-01,2021,2021-22,September,Naphtha,IMPORT,0.0,Thousand Metric Tonnes (TMT),PPAC,1751964547_PT_IMPORT_TMT_H.xlsx,PT_IMPORT_2021-22,15,2026-08-21T15:32:18.914807+00:00,1.0
2021-10-01,2021,2021-22,October,Naphtha,IMPORT,0.0,Thousand Metric Tonnes (TMT),PPAC,1751964547_PT_IMPORT_TMT_H.xlsx,PT_IMPORT_2021-22,15,2026-08-21T15:32:18.914807+00:00,1.0
2021-11-01,2021,2021-22,November,Naphtha,IMPORT,16.522962,Thousand Metric Tonnes (TMT),PPAC,1751964547_PT_IMPORT_TMT_H.xlsx,PT_IMPORT_2021-22,15,2026-08-21T15:32:18.914807+00:00,1.0
2021-12-01,2021,2021-22,December,Naphtha,IMPORT,0.0,Thousand Metric Tonnes (TMT),PPAC,1751964547_PT_IMPORT_TMT_H.xlsx,PT_IMPORT_2021-22,15,2026-08-21T15:32:18.914807+00:00,1.0
2022-01-01,2022,2021-22,January,Naphtha,IMPORT,0.0,Thousand Metric Tonnes (TMT),PPAC,1751964547_PT_IMPORT_TMT_H.xlsx,PT_IMPORT_2021-22,15,2026-08-21T15:32:18.914807+00:00,1.0
2022-02-01,2022,2021-22,February,Naphtha,IMPORT,0.0,Thousand Metric Tonnes (TMT),PPAC,1751964547_PT_IMPORT_TMT_H.xlsx,PT_IMPORT_2021-22,15,2026-08-21T15:32:18.914807+00:00,1.0
2022-03-01,2022,2021-22,March,Naphtha,IMPORT,109.625373,Thousand Metric Tonnes (TMT),PPAC,1751964547_PT_IMPORT_TMT_H.xlsx,PT_IMPORT_2021-22,15,2026-08-21T15:32:18.914807+00:00,1.0
2021-04-01,2021,2021-22,April,ATF,IMPORT,0.0,Thousand Metric Tonnes (TMT),PPAC,1751964547_PT_IMPORT_TMT_H.xlsx,PT_IMPORT_2021-22,16,2026-08-21T15:32:18.914807+00:00,1.0
2021-05-01,2021,2021-22,May,ATF,IMPORT,0.0,Thousand Metric Tonnes (TMT),PPAC,1751964547_PT_IMPORT_TMT_H.xlsx,PT_IMPORT_2021-22,16,2026-08-21T15:32:18.914807+00:00,1.0
2021-06-01,2021,2021-22,June,ATF,IMPORT,0.0,Thousand Metric Tonnes (TMT),PPAC,1751964547_PT_IMPORT_TMT_H.xlsx,PT_IMPORT_2021-22,16,2026-08-21T15:32:18.914807+00:00,1.0
2021-07-01,2021,2021-22,July,ATF,IMPORT,0.0,Thousand Metric Tonnes (TMT),PPAC,1751964547_PT_IMPORT_TMT_H.xlsx,PT_IMPORT_2021-22,16,2026-08-21T15:32:18.914807+00:00,1.0
2021-08-01,2021,2021-22,August,ATF,IMPORT,0.0,Thousand Metric Tonnes (TMT),PPAC,1751964547_PT_IMPORT_TMT_H.xlsx,PT_IMPORT_2021-22,16,2026-08-21T15:32:18.914807+00:00,1.0
2021-09-01,2021,2021-22,September,ATF,IMPORT,0.0,Thousand Metric Tonnes (TMT),PPAC,1751964547_PT_IMPORT_TMT_H.xlsx,PT_IMPORT_2021-22,16,2026-08-21T15:32:18.914807+00:00,1.0
2021-10-01,2021,2021-22,October,ATF,IMPORT,0.0,Thousand Metric Tonnes (TMT),PPAC,1751964547_PT_IMPORT_TMT_H.xlsx,PT_IMPORT_2021-22,16,2026-08-21T15:32:18.914807+00:00,1.0
2021-11-01,2021,2021-22,November,ATF,IMPORT,0.0,Thousand Metric Tonnes (TMT),PPAC,1751964547_PT_IMPORT_TMT_H.xlsx,PT_IMPORT_2021-22,16,2026-08-21T15:32:18.914807+00:00,1.0
2021-12-01,2021,2021-22,December,ATF,IMPORT,0.0,Thousand Metric Tonnes (TMT),PPAC,1751964547_PT_IMPORT_TMT_H.xlsx,PT_IMPORT_2021-22,16,2026-08-21T15:32:18.914807+00:00,1.0
2022-01-01,2022,2021-22,January,ATF,IMPORT,0.0,Thousand Metric Tonnes (TMT),PPAC,1751964547_PT_IMPORT_TMT_H.xlsx,PT_IMPORT_2021-22,16,2026-08-21T15:32:18.914807+00:00,1.0
2022-02-01,2022,2021-22,February,ATF,IMPORT,0.0,Thousand Metric Tonnes (TMT),PPAC,1751964547_PT_IMPORT_TMT_H.xlsx,PT_IMPORT_2021-22,16,2026-08-21T15:32:18.914807+00:00,1.0
2022-03-01,2022,2021-22,March,ATF,IMPORT,0.0,Thousand Metric Tonnes (TMT),PPAC,1751964547_PT_IMPORT_TMT_H.xlsx,PT_IMPORT_2021-22,16,2026-08-21T15:32:18.914807+00:00,1.0
2021-04-01,2021,2021-22,April,SKO,IMPORT,0.0,Thousand Metric Tonnes (TMT),PPAC,1751964547_PT_IMPORT_TMT_H.xlsx,PT_IMPORT_2021-22,17,2026-08-21T15:32:18.914807+00:00,1.0
2021-05-01,2021,2021-22,May,SKO,IMPORT,0.0,Thousand Metric Tonnes (TMT),PPAC,1751964547_PT_IMPORT_TMT_H.xlsx,PT_IMPORT_2021-22,17,2026-08-21T15:32:18.914807+00:00,1.0
2021-06-01,2021,2021-22,June,SKO,IMPORT,0.0,Thousand Metric Tonnes (TMT),PPAC,1751964547_PT_IMPORT_TMT_H.xlsx,PT_IMPORT_2021-22,17,2026-08-21T15:32:18.914807+00:00,1.0
2021-07-01,2021,2021-22,July,SKO,IMPORT,0.0,Thousand Metric Tonnes (TMT),PPAC,1751964547_PT_IMPORT_TMT_H.xlsx,PT_IMPORT_2021-22,17,2026-08-21T15:32:18.914807+00:00,1.0
2021-08-01,2021,2021-22,August,SKO,IMPORT,0.0,Thousand Metric Tonnes (TMT),PPAC,1751964547_PT_IMPORT_TMT_H.xlsx,PT_IMPORT_2021-22,17,2026-08-21T15:32:18.914807+00:00,1.0
2021-09-01,2021,2021-22,September,SKO,IMPORT,0.0,Thousand Metric Tonnes (TMT),PPAC,1751964547_PT_IMPORT_TMT_H.xlsx,PT_IMPORT_2021-22,17,2026-08-21T15:32:18.914807+00:00,1.0
2021-10-01,2021,2021-22,October,SKO,IMPORT,0.0,Thousand Metric Tonnes (TMT),PPAC,1751964547_PT_IMPORT_TMT_H.xlsx,PT_IMPORT_2021-22,17,2026-08-21T15:32:18.914807+00:00,1.0
2021-11-01,2021,2021-22,November,SKO,IMPORT,0.0,Thousand Metric Tonnes (TMT),PPAC,1751964547_PT_IMPORT_TMT_H.xlsx,PT_IMPORT_2021-22,17,2026-08-21T15:32:18.914807+00:00,1.0
2021-12-01,2021,2021-22,December,SKO,IMPORT,0.0,Thousand Metric Tonnes (TMT),PPAC,1751964547_PT_IMPORT_TMT_H.xlsx,PT_IMPORT_2021-22,17,2026-08-21T15:32:18.914807+00:00,1.0
2022-01-01,2022,2021-22,January,SKO,IMPORT,0.0,Thousand Metric Tonnes (TMT),PPAC,1751964547_PT_IMPORT_TMT_H.xlsx,PT_IMPORT_2021-22,17,2026-08-21T15:32:18.914807+00:00,1.0
2022-02-01,2022,2021-22,February,SKO,IMPORT,0.0,Thousand Metric Tonnes (TMT),PPAC,1751964547_PT_IMPORT_TMT_H.xlsx,PT_IMPORT_2021-22,17,2026-08-21T15:32:18.914807+00:00,1.0
2022-03-01,2022,2021-22,March,SKO,IMPORT,0.0,Thousand Metric Tonnes (TMT),PPAC,1751964547_PT_IMPORT_TMT_H.xlsx,PT_IMPORT_2021-22,17,2026-08-21T15:32:18.914807+00:00,1.0
2021-04-01,2021,2021-22,April,HSD,IMPORT,2.6987319999999997,Thousand Metric Tonnes (TMT),PPAC,1751964547_PT_IMPORT_TMT_H.xlsx,PT_IMPORT_2021-22,18,2026-08-21T15:32:18.914807+00:00,1.0
2021-05-01,2021,2021-22,May,HSD,IMPORT,3.6624269999999997,Thousand Metric Tonnes (TMT),PPAC,1751964547_PT_IMPORT_TMT_H.xlsx,PT_IMPORT_2021-22,18,2026-08-21T15:32:18.914807+00:00,1.0
2021-06-01,2021,2021-22,June,HSD,IMPORT,1.302298,Thousand Metric Tonnes (TMT),PPAC,1751964547_PT_IMPORT_TMT_H.xlsx,PT_IMPORT_2021-22,18,2026-08-21T15:32:18.914807+00:00,1.0
2021-07-01,2021,2021-22,July,HSD,IMPORT,0.969495,Thousand Metric Tonnes (TMT),PPAC,1751964547_PT_IMPORT_TMT_H.xlsx,PT_IMPORT_2021-22,18,2026-08-21T15:32:18.914807+00:00,1.0
2021-08-01,2021,2021-22,August,HSD,IMPORT,4.1035330000000005,Thousand Metric Tonnes (TMT),PPAC,1751964547_PT_IMPORT_TMT_H.xlsx,PT_IMPORT_2021-22,18,2026-08-21T15:32:18.914807+00:00,1.0
2021-09-01,2021,2021-22,September,HSD,IMPORT,5.661182999999999,Thousand Metric Tonnes (TMT),PPAC,1751964547_PT_IMPORT_TMT_H.xlsx,PT_IMPORT_2021-22,18,2026-08-21T15:32:18.914807+00:00,1.0
2021-10-01,2021,2021-22,October,HSD,IMPORT,2.237447,Thousand Metric Tonnes (TMT),PPAC,1751964547_PT_IMPORT_TMT_H.xlsx,PT_IMPORT_2021-22,18,2026-08-21T15:32:18.914807+00:00,1.0
2021-11-01,2021,2021-22,November,HSD,IMPORT,5.790839999999999,Thousand Metric Tonnes (TMT),PPAC,1751964547_PT_IMPORT_TMT_H.xlsx,PT_IMPORT_2021-22,18,2026-08-21T15:32:18.914807+00:00,1.0
2021-12-01,2021,2021-22,December,HSD,IMPORT,3.7669569999999997,Thousand Metric Tonnes (TMT),PPAC,1751964547_PT_IMPORT_TMT_H.xlsx,PT_IMPORT_2021-22,18,2026-08-21T15:32:18.914807+00:00,1.0
2022-01-01,2022,2021-22,January,HSD,IMPORT,2.883554,Thousand Metric Tonnes (TMT),PPAC,1751964547_PT_IMPORT_TMT_H.xlsx,PT_IMPORT_2021-22,18,2026-08-21T15:32:18.914807+00:00,1.0
2022-02-01,2022,2021-22,February,HSD,IMPORT,5.292509,Thousand Metric Tonnes (TMT),PPAC,1751964547_PT_IMPORT_TMT_H.xlsx,PT_IMPORT_2021-22,18,2026-08-21T15:32:18.914807+00:00,1.0
2022-03-01,2022,2021-22,March,HSD,IMPORT,5.064385000000001,Thousand Metric Tonnes (TMT),PPAC,1751964547_PT_IMPORT_TMT_H.xlsx,PT_IMPORT_2021-22,18,2026-08-21T15:32:18.914807+00:00,1.0
2021-04-01,2021,2021-22,April,LOBS/ Lube oil,IMPORT,289.030634,Thousand Metric Tonnes (TMT),PPAC,1751964547_PT_IMPORT_TMT_H.xlsx,PT_IMPORT_2021-22,19,2026-08-21T15:32:18.914807+00:00,1.0
2021-05-01,2021,2021-22,May,LOBS/ Lube oil,IMPORT,252.17208099999993,Thousand Metric Tonnes (TMT),PPAC,1751964547_PT_IMPORT_TMT_H.xlsx,PT_IMPORT_2021-22,19,2026-08-21T15:32:18.914807+00:00,1.0
2021-06-01,2021,2021-22,June,LOBS/ Lube oil,IMPORT,208.31148500000003,Thousand Metric Tonnes (TMT),PPAC,1751964547_PT_IMPORT_TMT_H.xlsx,PT_IMPORT_2021-22,19,2026-08-21T15:32:18.914807+00:00,1.0
2021-07-01,2021,2021-22,July,LOBS/ Lube oil,IMPORT,208.182154,Thousand Metric Tonnes (TMT),PPAC,1751964547_PT_IMPORT_TMT_H.xlsx,PT_IMPORT_2021-22,19,2026-08-21T15:32:18.914807+00:00,1.0
2021-08-01,2021,2021-22,August,LOBS/ Lube oil,IMPORT,247.20005700000004,Thousand Metric Tonnes (TMT),PPAC,1751964547_PT_IMPORT_TMT_H.xlsx,PT_IMPORT_2021-22,19,2026-08-21T15:32:18.914807+00:00,1.0
2021-09-01,2021,2021-22,September,LOBS/ Lube oil,IMPORT,246.88914899999997,Thousand Metric Tonnes (TMT),PPAC,1751964547_PT_IMPORT_TMT_H.xlsx,PT_IMPORT_2021-22,19,2026-08-21T15:32:18.914807+00:00,1.0
2021-10-01,2021,2021-22,October,LOBS/ Lube oil,IMPORT,329.530183,Thousand Metric Tonnes (TMT),PPAC,1751964547_PT_IMPORT_TMT_H.xlsx,PT_IMPORT_2021-22,19,2026-08-21T15:32:18.914807+00:00,1.0
2021-11-01,2021,2021-22,November,LOBS/ Lube oil,IMPORT,231.910021,Thousand Metric Tonnes (TMT),PPAC,1751964547_PT_IMPORT_TMT_H.xlsx,PT_IMPORT_2021-22,19,2026-08-21T15:32:18.914807+00:00,1.0
2021-12-01,2021,2021-22,December,LOBS/ Lube oil,IMPORT,333.912166,Thousand Metric Tonnes (TMT),PPAC,1751964547_PT_IMPORT_TMT_H.xlsx,PT_IMPORT_2021-22,19,2026-08-21T15:32:18.914807+00:00,1.0
2022-01-01,2022,2021-22,January,LOBS/ Lube oil,IMPORT,164.15455799999998,Thousand Metric Tonnes (TMT),PPAC,1751964547_PT_IMPORT_TMT_H.xlsx,PT_IMPORT_2021-22,19,2026-08-21T15:32:18.914807+00:00,1.0
2022-02-01,2022,2021-22,February,LOBS/ Lube oil,IMPORT,230.53268,Thousand Metric Tonnes (TMT),PPAC,1751964547_PT_IMPORT_TMT_H.xlsx,PT_IMPORT_2021-22,19,2026-08-21T15:32:18.914807+00:00,1.0
2022-03-01,2022,2021-22,March,LOBS/ Lube oil,IMPORT,316.516716,Thousand Metric Tonnes (TMT),PPAC,1751964547_PT_IMPORT_TMT_H.xlsx,PT_IMPORT_2021-22,19,2026-08-21T15:32:18.914807+00:00,1.0
2021-04-01,2021,2021-22,April,Fuel Oil,IMPORT,774.473431,Thousand Metric Tonnes (TMT),PPAC,1751964547_PT_IMPORT_TMT_H.xlsx,PT_IMPORT_2021-22,20,2026-08-21T15:32:18.914807+00:00,1.0
2021-05-01,2021,2021-22,May,Fuel Oil,IMPORT,584.751097,Thousand Metric Tonnes (TMT),PPAC,1751964547_PT_IMPORT_TMT_H.xlsx,PT_IMPORT_2021-22,20,2026-08-21T15:32:18.914807+00:00,1.0
2021-06-01,2021,2021-22,June,Fuel Oil,IMPORT,554.4405439999999,Thousand Metric Tonnes (TMT),PPAC,1751964547_PT_IMPORT_TMT_H.xlsx,PT_IMPORT_2021-22,20,2026-08-21T15:32:18.914807+00:00,1.0
2021-07-01,2021,2021-22,July,Fuel Oil,IMPORT,944.701129,Thousand Metric Tonnes (TMT),PPAC,1751964547_PT_IMPORT_TMT_H.xlsx,PT_IMPORT_2021-22,20,2026-08-21T15:32:18.914807+00:00,1.0
2021-08-01,2021,2021-22,August,Fuel Oil,IMPORT,697.359207,Thousand Metric Tonnes (TMT),PPAC,1751964547_PT_IMPORT_TMT_H.xlsx,PT_IMPORT_2021-22,20,2026-08-21T15:32:18.914807+00:00,1.0
2021-09-01,2021,2021-22,September,Fuel Oil,IMPORT,424.7140279999999,Thousand Metric Tonnes (TMT),PPAC,1751964547_PT_IMPORT_TMT_H.xlsx,PT_IMPORT_2021-22,20,2026-08-21T15:32:18.914807+00:00,1.0
2021-10-01,2021,2021-22,October,Fuel Oil,IMPORT,731.106455,Thousand Metric Tonnes (TMT),PPAC,1751964547_PT_IMPORT_TMT_H.xlsx,PT_IMPORT_2021-22,20,2026-08-21T15:32:18.914807+00:00,1.0
2021-11-01,2021,2021-22,November,Fuel Oil,IMPORT,564.263505,Thousand Metric Tonnes (TMT),PPAC,1751964547_PT_IMPORT_TMT_H.xlsx,PT_IMPORT_2021-22,20,2026-08-21T15:32:18.914807+00:00,1.0
2021-12-01,2021,2021-22,December,Fuel Oil,IMPORT,882.9817009999999,Thousand Metric Tonnes (TMT),PPAC,1751964547_PT_IMPORT_TMT_H.xlsx,PT_IMPORT_2021-22,20,2026-08-21T15:32:18.914807+00:00,1.0
2022-01-01,2022,2021-22,January,Fuel Oil,IMPORT,817.6311549999999,Thousand Metric Tonnes (TMT),PPAC,1751964547_PT_IMPORT_TMT_H.xlsx,PT_IMPORT_2021-22,20,2026-08-21T15:32:18.914807+00:00,1.0
2022-02-01,2022,2021-22,February,Fuel Oil,IMPORT,947.8037519999999,Thousand Metric Tonnes (TMT),PPAC,1751964547_PT_IMPORT_TMT_H.xlsx,PT_IMPORT_2021-22,20,2026-08-21T15:32:18.914807+00:00,1.0
2022-03-01,2022,2021-22,March,Fuel Oil,IMPORT,1056.23818,Thousand Metric Tonnes (TMT),PPAC,1751964547_PT_IMPORT_TMT_H.xlsx,PT_IMPORT_2021-22,20,2026-08-21T15:32:18.914807+00:00,1.0
2021-04-01,2021,2021-22,April,Bitumen,IMPORT,301.67703200000005,Thousand Metric Tonnes (TMT),PPAC,1751964547_PT_IMPORT_TMT_H.xlsx,PT_IMPORT_2021-22,21,2026-08-21T15:32:18.914807+00:00,1.0
2021-05-01,2021,2021-22,May,Bitumen,IMPORT,258.425172,Thousand Metric Tonnes (TMT),PPAC,1751964547_PT_IMPORT_TMT_H.xlsx,PT_IMPORT_2021-22,21,2026-08-21T15:32:18.914807+00:00,1.0
2021-06-01,2021,2021-22,June,Bitumen,IMPORT,197.714626,Thousand Metric Tonnes (TMT),PPAC,1751964547_PT_IMPORT_TMT_H.xlsx,PT_IMPORT_2021-22,21,2026-08-21T15:32:18.914807+00:00,1.0
2021-07-01,2021,2021-22,July,Bitumen,IMPORT,155.43947,Thousand Metric Tonnes (TMT),PPAC,1751964547_PT_IMPORT_TMT_H.xlsx,PT_IMPORT_2021-22,21,2026-08-21T15:32:18.914807+00:00,1.0
2021-08-01,2021,2021-22,August,Bitumen,IMPORT,111.523845,Thousand Metric Tonnes (TMT),PPAC,1751964547_PT_IMPORT_TMT_H.xlsx,PT_IMPORT_2021-22,21,2026-08-21T15:32:18.914807+00:00,1.0
2021-09-01,2021,2021-22,September,Bitumen,IMPORT,153.122544,Thousand Metric Tonnes (TMT),PPAC,1751964547_PT_IMPORT_TMT_H.xlsx,PT_IMPORT_2021-22,21,2026-08-21T15:32:18.914807+00:00,1.0
2021-10-01,2021,2021-22,October,Bitumen,IMPORT,196.17059999999998,Thousand Metric Tonnes (TMT),PPAC,1751964547_PT_IMPORT_TMT_H.xlsx,PT_IMPORT_2021-22,21,2026-08-21T15:32:18.914807+00:00,1.0
2021-11-01,2021,2021-22,November,Bitumen,IMPORT,191.196457,Thousand Metric Tonnes (TMT),PPAC,1751964547_PT_IMPORT_TMT_H.xlsx,PT_IMPORT_2021-22,21,2026-08-21T15:32:18.914807+00:00,1.0
2021-12-01,2021,2021-22,December,Bitumen,IMPORT,291.141194,Thousand Metric Tonnes (TMT),PPAC,1751964547_PT_IMPORT_TMT_H.xlsx,PT_IMPORT_2021-22,21,2026-08-21T15:32:18.914807+00:00,1.0
2022-01-01,2022,2021-22,January,Bitumen,IMPORT,238.472629,Thousand Metric Tonnes (TMT),PPAC,1751964547_PT_IMPORT_TMT_H.xlsx,PT_IMPORT_2021-22,21,2026-08-21T15:32:18.914807+00:00,1.0
2022-02-01,2022,2021-22,February,Bitumen,IMPORT,219.43149100000002,Thousand Metric Tonnes (TMT),PPAC,1751964547_PT_IMPORT_TMT_H.xlsx,PT_IMPORT_2021-22,21,2026-08-21T15:32:18.914807+00:00,1.0
2022-03-01,2022,2021-22,March,Bitumen,IMPORT,266.211514,Thousand Metric Tonnes (TMT),PPAC,1751964547_PT_IMPORT_TMT_H.xlsx,PT_IMPORT_2021-22,21,2026-08-21T15:32:18.914807+00:00,1.0
2021-04-01,2021,2021-22,April,Petcoke,IMPORT,27.76,Thousand Metric Tonnes (TMT),PPAC,1751964547_PT_IMPORT_TMT_H.xlsx,PT_IMPORT_2021-22,22,2026-08-21T15:32:18.914807+00:00,1.0
2021-05-01,2021,2021-22,May,Petcoke,IMPORT,283.355955,Thousand Metric Tonnes (TMT),PPAC,1751964547_PT_IMPORT_TMT_H.xlsx,PT_IMPORT_2021-22,22,2026-08-21T15:32:18.914807+00:00,1.0
2021-06-01,2021,2021-22,June,Petcoke,IMPORT,255.02169600000002,Thousand Metric Tonnes (TMT),PPAC,1751964547_PT_IMPORT_TMT_H.xlsx,PT_IMPORT_2021-22,22,2026-08-21T15:32:18.914807+00:00,1.0
2021-07-01,2021,2021-22,July,Petcoke,IMPORT,226.96276,Thousand Metric Tonnes (TMT),PPAC,1751964547_PT_IMPORT_TMT_H.xlsx,PT_IMPORT_2021-22,22,2026-08-21T15:32:18.914807+00:00,1.0
2021-08-01,2021,2021-22,August,Petcoke,IMPORT,78.0012,Thousand Metric Tonnes (TMT),PPAC,1751964547_PT_IMPORT_TMT_H.xlsx,PT_IMPORT_2021-22,22,2026-08-21T15:32:18.914807+00:00,1.0
2021-09-01,2021,2021-22,September,Petcoke,IMPORT,211.25116699999998,Thousand Metric Tonnes (TMT),PPAC,1751964547_PT_IMPORT_TMT_H.xlsx,PT_IMPORT_2021-22,22,2026-08-21T15:32:18.914807+00:00,1.0
2021-10-01,2021,2021-22,October,Petcoke,IMPORT,315.189249,Thousand Metric Tonnes (TMT),PPAC,1751964547_PT_IMPORT_TMT_H.xlsx,PT_IMPORT_2021-22,22,2026-08-21T15:32:18.914807+00:00,1.0
2021-11-01,2021,2021-22,November,Petcoke,IMPORT,300.11632899999995,Thousand Metric Tonnes (TMT),PPAC,1751964547_PT_IMPORT_TMT_H.xlsx,PT_IMPORT_2021-22,22,2026-08-21T15:32:18.914807+00:00,1.0
2021-12-01,2021,2021-22,December,Petcoke,IMPORT,974.599522,Thousand Metric Tonnes (TMT),PPAC,1751964547_PT_IMPORT_TMT_H.xlsx,PT_IMPORT_2021-22,22,2026-08-21T15:32:18.914807+00:00,1.0
2022-01-01,2022,2021-22,January,Petcoke,IMPORT,707.2672889999999,Thousand Metric Tonnes (TMT),PPAC,1751964547_PT_IMPORT_TMT_H.xlsx,PT_IMPORT_2021-22,22,2026-08-21T15:32:18.914807+00:00,1.0
2022-02-01,2022,2021-22,February,Petcoke,IMPORT,456.155395,Thousand Metric Tonnes (TMT),PPAC,1751964547_PT_IMPORT_TMT_H.xlsx,PT_IMPORT_2021-22,22,2026-08-21T15:32:18.914807+00:00,1.0
2022-03-01,2022,2021-22,March,Petcoke,IMPORT,377.68355299999996,Thousand Metric Tonnes (TMT),PPAC,1751964547_PT_IMPORT_TMT_H.xlsx,PT_IMPORT_2021-22,22,2026-08-21T15:32:18.914807+00:00,1.0
2021-04-01,2021,2021-22,April,Others&,IMPORT,201.974058,Thousand Metric Tonnes (TMT),PPAC,1751964547_PT_IMPORT_TMT_H.xlsx,PT_IMPORT_2021-22,23,2026-08-21T15:32:18.914807+00:00,1.0
2021-05-01,2021,2021-22,May,Others&,IMPORT,124.40745799999999,Thousand Metric Tonnes (TMT),PPAC,1751964547_PT_IMPORT_TMT_H.xlsx,PT_IMPORT_2021-22,23,2026-08-21T15:32:18.914807+00:00,1.0
2021-06-01,2021,2021-22,June,Others&,IMPORT,151.942949,Thousand Metric Tonnes (TMT),PPAC,1751964547_PT_IMPORT_TMT_H.xlsx,PT_IMPORT_2021-22,23,2026-08-21T15:32:18.914807+00:00,1.0
2021-07-01,2021,2021-22,July,Others&,IMPORT,286.681867,Thousand Metric Tonnes (TMT),PPAC,1751964547_PT_IMPORT_TMT_H.xlsx,PT_IMPORT_2021-22,23,2026-08-21T15:32:18.914807+00:00,1.0
2021-08-01,2021,2021-22,August,Others&,IMPORT,208.80986199999998,Thousand Metric Tonnes (TMT),PPAC,1751964547_PT_IMPORT_TMT_H.xlsx,PT_IMPORT_2021-22,23,2026-08-21T15:32:18.914807+00:00,1.0
2021-09-01,2021,2021-22,September,Others&,IMPORT,419.654405,Thousand Metric Tonnes (TMT),PPAC,1751964547_PT_IMPORT_TMT_H.xlsx,PT_IMPORT_2021-22,23,2026-08-21T15:32:18.914807+00:00,1.0
2021-10-01,2021,2021-22,October,Others&,IMPORT,133.87881400000003,Thousand Metric Tonnes (TMT),PPAC,1751964547_PT_IMPORT_TMT_H.xlsx,PT_IMPORT_2021-22,23,2026-08-21T15:32:18.914807+00:00,1.0
2021-11-01,2021,2021-22,November,Others&,IMPORT,95.284336,Thousand Metric Tonnes (TMT),PPAC,1751964547_PT_IMPORT_TMT_H.xlsx,PT_IMPORT_2021-22,23,2026-08-21T15:32:18.914807+00:00,1.0
2021-12-01,2021,2021-22,December,Others&,IMPORT,176.321441,Thousand Metric Tonnes (TMT),PPAC,1751964547_PT_IMPORT_TMT_H.xlsx,PT_IMPORT_2021-22,23,2026-08-21T15:32:18.914807+00:00,1.0
2022-01-01,2022,2021-22,January,Others&,IMPORT,200.421358,Thousand Metric Tonnes (TMT),PPAC,1751964547_PT_IMPORT_TMT_H.xlsx,PT_IMPORT_2021-22,23,2026-08-21T15:32:18.914807+00:00,1.0
2022-02-01,2022,2021-22,February,Others&,IMPORT,89.76669800000002,Thousand Metric Tonnes (TMT),PPAC,1751964547_PT_IMPORT_TMT_H.xlsx,PT_IMPORT_2021-22,23,2026-08-21T15:32:18.914807+00:00,1.0
2022-03-01,2022,2021-22,March,Others&,IMPORT,100.23470899999998,Thousand Metric Tonnes (TMT),PPAC,1751964547_PT_IMPORT_TMT_H.xlsx,PT_IMPORT_2021-22,23,2026-08-21T15:32:18.914807+00:00,1.0
2021-04-01,2021,2021-22,April,LPG,EXPORT,42.142876999999906,Thousand Metric Tonnes (TMT),PPAC,1751964547_PT_IMPORT_TMT_H.xlsx,PT_IMPORT_2021-22,27,2026-08-21T15:32:18.914807+00:00,1.0
2021-05-01,2021,2021-22,May,LPG,EXPORT,46.26539499999996,Thousand Metric Tonnes (TMT),PPAC,1751964547_PT_IMPORT_TMT_H.xlsx,PT_IMPORT_2021-22,27,2026-08-21T15:32:18.914807+00:00,1.0
2021-06-01,2021,2021-22,June,LPG,EXPORT,35.92548799999994,Thousand Metric Tonnes (TMT),PPAC,1751964547_PT_IMPORT_TMT_H.xlsx,PT_IMPORT_2021-22,27,2026-08-21T15:32:18.914807+00:00,1.0
2021-07-01,2021,2021-22,July,LPG,EXPORT,31.457394999999984,Thousand Metric Tonnes (TMT),PPAC,1751964547_PT_IMPORT_TMT_H.xlsx,PT_IMPORT_2021-22,27,2026-08-21T15:32:18.914807+00:00,1.0
2021-08-01,2021,2021-22,August,LPG,EXPORT,42.69143399999992,Thousand Metric Tonnes (TMT),PPAC,1751964547_PT_IMPORT_TMT_H.xlsx,PT_IMPORT_2021-22,27,2026-08-21T15:32:18.914807+00:00,1.0
2021-09-01,2021,2021-22,September,LPG,EXPORT,44.54221999999987,Thousand Metric Tonnes (TMT),PPAC,1751964547_PT_IMPORT_TMT_H.xlsx,PT_IMPORT_2021-22,27,2026-08-21T15:32:18.914807+00:00,1.0
2021-10-01,2021,2021-22,October,LPG,EXPORT,43.81874999999999,Thousand Metric Tonnes (TMT),PPAC,1751964547_PT_IMPORT_TMT_H.xlsx,PT_IMPORT_2021-22,27,2026-08-21T15:32:18.914807+00:00,1.0
2021-11-01,2021,2021-22,November,LPG,EXPORT,45.648890000000016,Thousand Metric Tonnes (TMT),PPAC,1751964547_PT_IMPORT_TMT_H.xlsx,PT_IMPORT_2021-22,27,2026-08-21T15:32:18.914807+00:00,1.0
2021-12-01,2021,2021-22,December,LPG,EXPORT,49.80387999999995,Thousand Metric Tonnes (TMT),PPAC,1751964547_PT_IMPORT_TMT_H.xlsx,PT_IMPORT_2021-22,27,2026-08-21T15:32:18.914807+00:00,1.0
2022-01-01,2022,2021-22,January,LPG,EXPORT,48.91115999999989,Thousand Metric Tonnes (TMT),PPAC,1751964547_PT_IMPORT_TMT_H.xlsx,PT_IMPORT_2021-22,27,2026-08-21T15:32:18.914807+00:00,1.0
2022-02-01,2022,2021-22,February,LPG,EXPORT,44.72875999999996,Thousand Metric Tonnes (TMT),PPAC,1751964547_PT_IMPORT_TMT_H.xlsx,PT_IMPORT_2021-22,27,2026-08-21T15:32:18.914807+00:00,1.0
2022-03-01,2022,2021-22,March,LPG,EXPORT,36.91987000000001,Thousand Metric Tonnes (TMT),PPAC,1751964547_PT_IMPORT_TMT_H.xlsx,PT_IMPORT_2021-22,27,2026-08-21T15:32:18.914807+00:00,1.0
2021-04-01,2021,2021-22,April,MS!,EXPORT,933.655348163696,Thousand Metric Tonnes (TMT),PPAC,1751964547_PT_IMPORT_TMT_H.xlsx,PT_IMPORT_2021-22,28,2026-08-21T15:32:18.914807+00:00,1.0
2021-05-01,2021,2021-22,May,MS!,EXPORT,1333.9149429501638,Thousand Metric Tonnes (TMT),PPAC,1751964547_PT_IMPORT_TMT_H.xlsx,PT_IMPORT_2021-22,28,2026-08-21T15:32:18.914807+00:00,1.0
2021-06-01,2021,2021-22,June,MS!,EXPORT,1145.8825685245542,Thousand Metric Tonnes (TMT),PPAC,1751964547_PT_IMPORT_TMT_H.xlsx,PT_IMPORT_2021-22,28,2026-08-21T15:32:18.914807+00:00,1.0
2021-07-01,2021,2021-22,July,MS!,EXPORT,1002.1494895554748,Thousand Metric Tonnes (TMT),PPAC,1751964547_PT_IMPORT_TMT_H.xlsx,PT_IMPORT_2021-22,28,2026-08-21T15:32:18.914807+00:00,1.0
2021-08-01,2021,2021-22,August,MS!,EXPORT,902.6491461877047,Thousand Metric Tonnes (TMT),PPAC,1751964547_PT_IMPORT_TMT_H.xlsx,PT_IMPORT_2021-22,28,2026-08-21T15:32:18.914807+00:00,1.0
2021-09-01,2021,2021-22,September,MS!,EXPORT,850.8273782819207,Thousand Metric Tonnes (TMT),PPAC,1751964547_PT_IMPORT_TMT_H.xlsx,PT_IMPORT_2021-22,28,2026-08-21T15:32:18.914807+00:00,1.0
2021-10-01,2021,2021-22,October,MS!,EXPORT,1005.3885506191343,Thousand Metric Tonnes (TMT),PPAC,1751964547_PT_IMPORT_TMT_H.xlsx,PT_IMPORT_2021-22,28,2026-08-21T15:32:18.914807+00:00,1.0
2021-11-01,2021,2021-22,November,MS!,EXPORT,1034.769013578756,Thousand Metric Tonnes (TMT),PPAC,1751964547_PT_IMPORT_TMT_H.xlsx,PT_IMPORT_2021-22,28,2026-08-21T15:32:18.914807+00:00,1.0
2021-12-01,2021,2021-22,December,MS!,EXPORT,1374.1646379447068,Thousand Metric Tonnes (TMT),PPAC,1751964547_PT_IMPORT_TMT_H.xlsx,PT_IMPORT_2021-22,28,2026-08-21T15:32:18.914807+00:00,1.0
2022-01-01,2022,2021-22,January,MS!,EXPORT,1082.2732037679157,Thousand Metric Tonnes (TMT),PPAC,1751964547_PT_IMPORT_TMT_H.xlsx,PT_IMPORT_2021-22,28,2026-08-21T15:32:18.914807+00:00,1.0
2022-02-01,2022,2021-22,February,MS!,EXPORT,1217.2528505900327,Thousand Metric Tonnes (TMT),PPAC,1751964547_PT_IMPORT_TMT_H.xlsx,PT_IMPORT_2021-22,28,2026-08-21T15:32:18.914807+00:00,1.0
2022-03-01,2022,2021-22,March,MS!,EXPORT,1599.5569615056384,Thousand Metric Tonnes (TMT),PPAC,1751964547_PT_IMPORT_TMT_H.xlsx,PT_IMPORT_2021-22,28,2026-08-21T15:32:18.914807+00:00,1.0
2021-04-01,2021,2021-22,April,Naphtha$,EXPORT,457.543189,Thousand Metric Tonnes (TMT),PPAC,1751964547_PT_IMPORT_TMT_H.xlsx,PT_IMPORT_2021-22,29,2026-08-21T15:32:18.914807+00:00,1.0
2021-05-01,2021,2021-22,May,Naphtha$,EXPORT,499.360165,Thousand Metric Tonnes (TMT),PPAC,1751964547_PT_IMPORT_TMT_H.xlsx,PT_IMPORT_2021-22,29,2026-08-21T15:32:18.914807+00:00,1.0
2021-06-01,2021,2021-22,June,Naphtha$,EXPORT,607.696469,Thousand Metric Tonnes (TMT),PPAC,1751964547_PT_IMPORT_TMT_H.xlsx,PT_IMPORT_2021-22,29,2026-08-21T15:32:18.914807+00:00,1.0
2021-07-01,2021,2021-22,July,Naphtha$,EXPORT,477.06042,Thousand Metric Tonnes (TMT),PPAC,1751964547_PT_IMPORT_TMT_H.xlsx,PT_IMPORT_2021-22,29,2026-08-21T15:32:18.914807+00:00,1.0
2021-08-01,2021,2021-22,August,Naphtha$,EXPORT,634.7844960000001,Thousand Metric Tonnes (TMT),PPAC,1751964547_PT_IMPORT_TMT_H.xlsx,PT_IMPORT_2021-22,29,2026-08-21T15:32:18.914807+00:00,1.0
2021-09-01,2021,2021-22,September,Naphtha$,EXPORT,655.598359,Thousand Metric Tonnes (TMT),PPAC,1751964547_PT_IMPORT_TMT_H.xlsx,PT_IMPORT_2021-22,29,2026-08-21T15:32:18.914807+00:00,1.0
2021-10-01,2021,2021-22,October,Naphtha$,EXPORT,551.0621429999999,Thousand Metric Tonnes (TMT),PPAC,1751964547_PT_IMPORT_TMT_H.xlsx,PT_IMPORT_2021-22,29,2026-08-21T15:32:18.914807+00:00,1.0
2021-11-01,2021,2021-22,November,Naphtha$,EXPORT,595.367487,Thousand Metric Tonnes (TMT),PPAC,1751964547_PT_IMPORT_TMT_H.xlsx,PT_IMPORT_2021-22,29,2026-08-21T15:32:18.914807+00:00,1.0
2021-12-01,2021,2021-22,December,Naphtha$,EXPORT,642.202632,Thousand Metric Tonnes (TMT),PPAC,1751964547_PT_IMPORT_TMT_H.xlsx,PT_IMPORT_2021-22,29,2026-08-21T15:32:18.914807+00:00,1.0
2022-01-01,2022,2021-22,January,Naphtha$,EXPORT,511.07751500000006,Thousand Metric Tonnes (TMT),PPAC,1751964547_PT_IMPORT_TMT_H.xlsx,PT_IMPORT_2021-22,29,2026-08-21T15:32:18.914807+00:00,1.0
2022-02-01,2022,2021-22,February,Naphtha$,EXPORT,438.12621499999995,Thousand Metric Tonnes (TMT),PPAC,1751964547_PT_IMPORT_TMT_H.xlsx,PT_IMPORT_2021-22,29,2026-08-21T15:32:18.914807+00:00,1.0
2022-03-01,2022,2021-22,March,Naphtha$,EXPORT,791.240553,Thousand Metric Tonnes (TMT),PPAC,1751964547_PT_IMPORT_TMT_H.xlsx,PT_IMPORT_2021-22,29,2026-08-21T15:32:18.914807+00:00,1.0
2021-04-01,2021,2021-22,April,ATF#,EXPORT,269.7056136024845,Thousand Metric Tonnes (TMT),PPAC,1751964547_PT_IMPORT_TMT_H.xlsx,PT_IMPORT_2021-22,30,2026-08-21T15:32:18.914807+00:00,1.0
2021-05-01,2021,2021-22,May,ATF#,EXPORT,418.2522636273292,Thousand Metric Tonnes (TMT),PPAC,1751964547_PT_IMPORT_TMT_H.xlsx,PT_IMPORT_2021-22,30,2026-08-21T15:32:18.914807+00:00,1.0
2021-06-01,2021,2021-22,June,ATF#,EXPORT,492.6124046459628,Thousand Metric Tonnes (TMT),PPAC,1751964547_PT_IMPORT_TMT_H.xlsx,PT_IMPORT_2021-22,30,2026-08-21T15:32:18.914807+00:00,1.0
2021-07-01,2021,2021-22,July,ATF#,EXPORT,336.07379945962737,Thousand Metric Tonnes (TMT),PPAC,1751964547_PT_IMPORT_TMT_H.xlsx,PT_IMPORT_2021-22,30,2026-08-21T15:32:18.914807+00:00,1.0
2021-08-01,2021,2021-22,August,ATF#,EXPORT,323.6137987639751,Thousand Metric Tonnes (TMT),PPAC,1751964547_PT_IMPORT_TMT_H.xlsx,PT_IMPORT_2021-22,30,2026-08-21T15:32:18.914807+00:00,1.0
2021-09-01,2021,2021-22,September,ATF#,EXPORT,292.4885606459627,Thousand Metric Tonnes (TMT),PPAC,1751964547_PT_IMPORT_TMT_H.xlsx,PT_IMPORT_2021-22,30,2026-08-21T15:32:18.914807+00:00,1.0
2021-10-01,2021,2021-22,October,ATF#,EXPORT,452.59235336024847,Thousand Metric Tonnes (TMT),PPAC,1751964547_PT_IMPORT_TMT_H.xlsx,PT_IMPORT_2021-22,30,2026-08-21T15:32:18.914807+00:00,1.0
2021-11-01,2021,2021-22,November,ATF#,EXPORT,552.067179962733,Thousand Metric Tonnes (TMT),PPAC,1751964547_PT_IMPORT_TMT_H.xlsx,PT_IMPORT_2021-22,30,2026-08-21T15:32:18.914807+00:00,1.0
2021-12-01,2021,2021-22,December,ATF#,EXPORT,568.7332752608695,Thousand Metric Tonnes (TMT),PPAC,1751964547_PT_IMPORT_TMT_H.xlsx,PT_IMPORT_2021-22,30,2026-08-21T15:32:18.914807+00:00,1.0
2022-01-01,2022,2021-22,January,ATF#,EXPORT,447.91662872049693,Thousand Metric Tonnes (TMT),PPAC,1751964547_PT_IMPORT_TMT_H.xlsx,PT_IMPORT_2021-22,30,2026-08-21T15:32:18.914807+00:00,1.0
2022-02-01,2022,2021-22,February,ATF#,EXPORT,413.9881082173913,Thousand Metric Tonnes (TMT),PPAC,1751964547_PT_IMPORT_TMT_H.xlsx,PT_IMPORT_2021-22,30,2026-08-21T15:32:18.914807+00:00,1.0
2022-03-01,2022,2021-22,March,ATF#,EXPORT,617.4690285341615,Thousand Metric Tonnes (TMT),PPAC,1751964547_PT_IMPORT_TMT_H.xlsx,PT_IMPORT_2021-22,30,2026-08-21T15:32:18.914807+00:00,1.0
2021-04-01,2021,2021-22,April,SKO,EXPORT,1.355985281453065,Thousand Metric Tonnes (TMT),PPAC,1751964547_PT_IMPORT_TMT_H.xlsx,PT_IMPORT_2021-22,31,2026-08-21T15:32:18.914807+00:00,1.0
2021-05-01,2021,2021-22,May,SKO,EXPORT,1.32466922414468,Thousand Metric Tonnes (TMT),PPAC,1751964547_PT_IMPORT_TMT_H.xlsx,PT_IMPORT_2021-22,31,2026-08-21T15:32:18.914807+00:00,1.0
2021-06-01,2021,2021-22,June,SKO,EXPORT,1.8476473811947074,Thousand Metric Tonnes (TMT),PPAC,1751964547_PT_IMPORT_TMT_H.xlsx,PT_IMPORT_2021-22,31,2026-08-21T15:32:18.914807+00:00,1.0
2021-07-01,2021,2021-22,July,SKO,EXPORT,1.1430360917560478,Thousand Metric Tonnes (TMT),PPAC,1751964547_PT_IMPORT_TMT_H.xlsx,PT_IMPORT_2021-22,31,2026-08-21T15:32:18.914807+00:00,1.0
2021-08-01,2021,2021-22,August,SKO,EXPORT,0.6419791748218898,Thousand Metric Tonnes (TMT),PPAC,1751964547_PT_IMPORT_TMT_H.xlsx,PT_IMPORT_2021-22,31,2026-08-21T15:32:18.914807+00:00,1.0
2021-09-01,2021,2021-22,September,SKO,EXPORT,1.0804039771392782,Thousand Metric Tonnes (TMT),PPAC,1751964547_PT_IMPORT_TMT_H.xlsx,PT_IMPORT_2021-22,31,2026-08-21T15:32:18.914807+00:00,1.0
2021-10-01,2021,2021-22,October,SKO,EXPORT,1.0490879198308933,Thousand Metric Tonnes (TMT),PPAC,1751964547_PT_IMPORT_TMT_H.xlsx,PT_IMPORT_2021-22,31,2026-08-21T15:32:18.914807+00:00,1.0
2021-11-01,2021,2021-22,November,SKO,EXPORT,1.3090111954904875,Thousand Metric Tonnes (TMT),PPAC,1751964547_PT_IMPORT_TMT_H.xlsx,PT_IMPORT_2021-22,31,2026-08-21T15:32:18.914807+00:00,1.0
2021-12-01,2021,2021-22,December,SKO,EXPORT,1.2369842636812025,Thousand Metric Tonnes (TMT),PPAC,1751964547_PT_IMPORT_TMT_H.xlsx,PT_IMPORT_2021-22,31,2026-08-21T15:32:18.914807+00:00,1.0
2022-01-01,2022,2021-22,January,SKO,EXPORT,1.22132623502701,Thousand Metric Tonnes (TMT),PPAC,1751964547_PT_IMPORT_TMT_H.xlsx,PT_IMPORT_2021-22,31,2026-08-21T15:32:18.914807+00:00,1.0
2022-02-01,2022,2021-22,February,SKO,EXPORT,1.0584827370234087,Thousand Metric Tonnes (TMT),PPAC,1751964547_PT_IMPORT_TMT_H.xlsx,PT_IMPORT_2021-22,31,2026-08-21T15:32:18.914807+00:00,1.0
2022-03-01,2022,2021-22,March,SKO,EXPORT,1.0522195255617317,Thousand Metric Tonnes (TMT),PPAC,1751964547_PT_IMPORT_TMT_H.xlsx,PT_IMPORT_2021-22,31,2026-08-21T15:32:18.914807+00:00,1.0
2021-04-01,2021,2021-22,April,HSD,EXPORT,1879.5287346805671,Thousand Metric Tonnes (TMT),PPAC,1751964547_PT_IMPORT_TMT_H.xlsx,PT_IMPORT_2021-22,32,2026-08-21T15:32:18.914807+00:00,1.0
2021-05-01,2021,2021-22,May,HSD,EXPORT,2945.48629089658,Thousand Metric Tonnes (TMT),PPAC,1751964547_PT_IMPORT_TMT_H.xlsx,PT_IMPORT_2021-22,32,2026-08-21T15:32:18.914807+00:00,1.0
2021-06-01,2021,2021-22,June,HSD,EXPORT,2833.716569691409,Thousand Metric Tonnes (TMT),PPAC,1751964547_PT_IMPORT_TMT_H.xlsx,PT_IMPORT_2021-22,32,2026-08-21T15:32:18.914807+00:00,1.0
2021-07-01,2021,2021-22,July,HSD,EXPORT,2258.518672591326,Thousand Metric Tonnes (TMT),PPAC,1751964547_PT_IMPORT_TMT_H.xlsx,PT_IMPORT_2021-22,32,2026-08-21T15:32:18.914807+00:00,1.0
2021-08-01,2021,2021-22,August,HSD,EXPORT,2603.45637209925,Thousand Metric Tonnes (TMT),PPAC,1751964547_PT_IMPORT_TMT_H.xlsx,PT_IMPORT_2021-22,32,2026-08-21T15:32:18.914807+00:00,1.0
2021-09-01,2021,2021-22,September,HSD,EXPORT,2794.7441475454552,Thousand Metric Tonnes (TMT),PPAC,1751964547_PT_IMPORT_TMT_H.xlsx,PT_IMPORT_2021-22,32,2026-08-21T15:32:18.914807+00:00,1.0
2021-10-01,2021,2021-22,October,HSD,EXPORT,2896.6405444220177,Thousand Metric Tonnes (TMT),PPAC,1751964547_PT_IMPORT_TMT_H.xlsx,PT_IMPORT_2021-22,32,2026-08-21T15:32:18.914807+00:00,1.0
2021-11-01,2021,2021-22,November,HSD,EXPORT,2780.9197039599667,Thousand Metric Tonnes (TMT),PPAC,1751964547_PT_IMPORT_TMT_H.xlsx,PT_IMPORT_2021-22,32,2026-08-21T15:32:18.914807+00:00,1.0
2021-12-01,2021,2021-22,December,HSD,EXPORT,3056.90628969975,Thousand Metric Tonnes (TMT),PPAC,1751964547_PT_IMPORT_TMT_H.xlsx,PT_IMPORT_2021-22,32,2026-08-21T15:32:18.914807+00:00,1.0
2022-01-01,2022,2021-22,January,HSD,EXPORT,2578.108872208507,Thousand Metric Tonnes (TMT),PPAC,1751964547_PT_IMPORT_TMT_H.xlsx,PT_IMPORT_2021-22,32,2026-08-21T15:32:18.914807+00:00,1.0
2022-02-01,2022,2021-22,February,HSD,EXPORT,2414.5532217564637,Thousand Metric Tonnes (TMT),PPAC,1751964547_PT_IMPORT_TMT_H.xlsx,PT_IMPORT_2021-22,32,2026-08-21T15:32:18.914807+00:00,1.0
2022-03-01,2022,2021-22,March,HSD,EXPORT,3364.574632908797,Thousand Metric Tonnes (TMT),PPAC,1751964547_PT_IMPORT_TMT_H.xlsx,PT_IMPORT_2021-22,32,2026-08-21T15:32:18.914807+00:00,1.0
2021-04-01,2021,2021-22,April,LDO,EXPORT,0.0,Thousand Metric Tonnes (TMT),PPAC,1751964547_PT_IMPORT_TMT_H.xlsx,PT_IMPORT_2021-22,33,2026-08-21T15:32:18.914807+00:00,1.0
2021-05-01,2021,2021-22,May,LDO,EXPORT,0.0,Thousand Metric Tonnes (TMT),PPAC,1751964547_PT_IMPORT_TMT_H.xlsx,PT_IMPORT_2021-22,33,2026-08-21T15:32:18.914807+00:00,1.0
2021-06-01,2021,2021-22,June,LDO,EXPORT,0.0,Thousand Metric Tonnes (TMT),PPAC,1751964547_PT_IMPORT_TMT_H.xlsx,PT_IMPORT_2021-22,33,2026-08-21T15:32:18.914807+00:00,1.0
2021-07-01,2021,2021-22,July,LDO,EXPORT,0.0,Thousand Metric Tonnes (TMT),PPAC,1751964547_PT_IMPORT_TMT_H.xlsx,PT_IMPORT_2021-22,33,2026-08-21T15:32:18.914807+00:00,1.0
2021-08-01,2021,2021-22,August,LDO,EXPORT,0.0,Thousand Metric Tonnes (TMT),PPAC,1751964547_PT_IMPORT_TMT_H.xlsx,PT_IMPORT_2021-22,33,2026-08-21T15:32:18.914807+00:00,1.0
2021-09-01,2021,2021-22,September,LDO,EXPORT,0.0,Thousand Metric Tonnes (TMT),PPAC,1751964547_PT_IMPORT_TMT_H.xlsx,PT_IMPORT_2021-22,33,2026-08-21T15:32:18.914807+00:00,1.0
2021-10-01,2021,2021-22,October,LDO,EXPORT,0.0,Thousand Metric Tonnes (TMT),PPAC,1751964547_PT_IMPORT_TMT_H.xlsx,PT_IMPORT_2021-22,33,2026-08-21T15:32:18.914807+00:00,1.0
2021-11-01,2021,2021-22,November,LDO,EXPORT,0.0,Thousand Metric Tonnes (TMT),PPAC,1751964547_PT_IMPORT_TMT_H.xlsx,PT_IMPORT_2021-22,33,2026-08-21T15:32:18.914807+00:00,1.0
2021-12-01,2021,2021-22,December,LDO,EXPORT,0.01898,Thousand Metric Tonnes (TMT),PPAC,1751964547_PT_IMPORT_TMT_H.xlsx,PT_IMPORT_2021-22,33,2026-08-21T15:32:18.914807+00:00,1.0
2022-01-01,2022,2021-22,January,LDO,EXPORT,0.01812,Thousand Metric Tonnes (TMT),PPAC,1751964547_PT_IMPORT_TMT_H.xlsx,PT_IMPORT_2021-22,33,2026-08-21T15:32:18.914807+00:00,1.0
2022-02-01,2022,2021-22,February,LDO,EXPORT,0.0,Thousand Metric Tonnes (TMT),PPAC,1751964547_PT_IMPORT_TMT_H.xlsx,PT_IMPORT_2021-22,33,2026-08-21T15:32:18.914807+00:00,1.0
2022-03-01,2022,2021-22,March,LDO,EXPORT,0.0,Thousand Metric Tonnes (TMT),PPAC,1751964547_PT_IMPORT_TMT_H.xlsx,PT_IMPORT_2021-22,33,2026-08-21T15:32:18.914807+00:00,1.0
2021-04-01,2021,2021-22,April,LOBS/ Lube Oil,EXPORT,0.23381,Thousand Metric Tonnes (TMT),PPAC,1751964547_PT_IMPORT_TMT_H.xlsx,PT_IMPORT_2021-22,34,2026-08-21T15:32:18.914807+00:00,1.0
2021-05-01,2021,2021-22,May,LOBS/ Lube Oil,EXPORT,0.047979999999999995,Thousand Metric Tonnes (TMT),PPAC,1751964547_PT_IMPORT_TMT_H.xlsx,PT_IMPORT_2021-22,34,2026-08-21T15:32:18.914807+00:00,1.0
2021-06-01,2021,2021-22,June,LOBS/ Lube Oil,EXPORT,0.39268,Thousand Metric Tonnes (TMT),PPAC,1751964547_PT_IMPORT_TMT_H.xlsx,PT_IMPORT_2021-22,34,2026-08-21T15:32:18.914807+00:00,1.0
2021-07-01,2021,2021-22,July,LOBS/ Lube Oil,EXPORT,0.21841,Thousand Metric Tonnes (TMT),PPAC,1751964547_PT_IMPORT_TMT_H.xlsx,PT_IMPORT_2021-22,34,2026-08-21T15:32:18.914807+00:00,1.0
2021-08-01,2021,2021-22,August,LOBS/ Lube Oil,EXPORT,0.47266,Thousand Metric Tonnes (TMT),PPAC,1751964547_PT_IMPORT_TMT_H.xlsx,PT_IMPORT_2021-22,34,2026-08-21T15:32:18.914807+00:00,1.0
2021-09-01,2021,2021-22,September,LOBS/ Lube Oil,EXPORT,0.33115999999999995,Thousand Metric Tonnes (TMT),PPAC,1751964547_PT_IMPORT_TMT_H.xlsx,PT_IMPORT_2021-22,34,2026-08-21T15:32:18.914807+00:00,1.0
2021-10-01,2021,2021-22,October,LOBS/ Lube Oil,EXPORT,0.3048,Thousand Metric Tonnes (TMT),PPAC,1751964547_PT_IMPORT_TMT_H.xlsx,PT_IMPORT_2021-22,34,2026-08-21T15:32:18.914807+00:00,1.0
2021-11-01,2021,2021-22,November,LOBS/ Lube Oil,EXPORT,0.38628,Thousand Metric Tonnes (TMT),PPAC,1751964547_PT_IMPORT_TMT_H.xlsx,PT_IMPORT_2021-22,34,2026-08-21T15:32:18.914807+00:00,1.0
2021-12-01,2021,2021-22,December,LOBS/ Lube Oil,EXPORT,1.0212700000000001,Thousand Metric Tonnes (TMT),PPAC,1751964547_PT_IMPORT_TMT_H.xlsx,PT_IMPORT_2021-22,34,2026-08-21T15:32:18.914807+00:00,1.0
2022-01-01,2022,2021-22,January,LOBS/ Lube Oil,EXPORT,0.4117,Thousand Metric Tonnes (TMT),PPAC,1751964547_PT_IMPORT_TMT_H.xlsx,PT_IMPORT_2021-22,34,2026-08-21T15:32:18.914807+00:00,1.0
2022-02-01,2022,2021-22,February,LOBS/ Lube Oil,EXPORT,5.32511,Thousand Metric Tonnes (TMT),PPAC,1751964547_PT_IMPORT_TMT_H.xlsx,PT_IMPORT_2021-22,34,2026-08-21T15:32:18.914807+00:00,1.0
2022-03-01,2022,2021-22,March,LOBS/ Lube Oil,EXPORT,1.2160799999999998,Thousand Metric Tonnes (TMT),PPAC,1751964547_PT_IMPORT_TMT_H.xlsx,PT_IMPORT_2021-22,34,2026-08-21T15:32:18.914807+00:00,1.0
2021-04-01,2021,2021-22,April,Fuel Oil,EXPORT,80.0,Thousand Metric Tonnes (TMT),PPAC,1751964547_PT_IMPORT_TMT_H.xlsx,PT_IMPORT_2021-22,35,2026-08-21T15:32:18.914807+00:00,1.0
2021-05-01,2021,2021-22,May,Fuel Oil,EXPORT,231.916248,Thousand Metric Tonnes (TMT),PPAC,1751964547_PT_IMPORT_TMT_H.xlsx,PT_IMPORT_2021-22,35,2026-08-21T15:32:18.914807+00:00,1.0
2021-06-01,2021,2021-22,June,Fuel Oil,EXPORT,200.01552700000002,Thousand Metric Tonnes (TMT),PPAC,1751964547_PT_IMPORT_TMT_H.xlsx,PT_IMPORT_2021-22,35,2026-08-21T15:32:18.914807+00:00,1.0
2021-07-01,2021,2021-22,July,Fuel Oil,EXPORT,298.843067,Thousand Metric Tonnes (TMT),PPAC,1751964547_PT_IMPORT_TMT_H.xlsx,PT_IMPORT_2021-22,35,2026-08-21T15:32:18.914807+00:00,1.0
2021-08-01,2021,2021-22,August,Fuel Oil,EXPORT,154.737449,Thousand Metric Tonnes (TMT),PPAC,1751964547_PT_IMPORT_TMT_H.xlsx,PT_IMPORT_2021-22,35,2026-08-21T15:32:18.914807+00:00,1.0
2021-09-01,2021,2021-22,September,Fuel Oil,EXPORT,127.200748,Thousand Metric Tonnes (TMT),PPAC,1751964547_PT_IMPORT_TMT_H.xlsx,PT_IMPORT_2021-22,35,2026-08-21T15:32:18.914807+00:00,1.0
2021-10-01,2021,2021-22,October,Fuel Oil,EXPORT,111.147922,Thousand Metric Tonnes (TMT),PPAC,1751964547_PT_IMPORT_TMT_H.xlsx,PT_IMPORT_2021-22,35,2026-08-21T15:32:18.914807+00:00,1.0
2021-11-01,2021,2021-22,November,Fuel Oil,EXPORT,68.04275,Thousand Metric Tonnes (TMT),PPAC,1751964547_PT_IMPORT_TMT_H.xlsx,PT_IMPORT_2021-22,35,2026-08-21T15:32:18.914807+00:00,1.0
2021-12-01,2021,2021-22,December,Fuel Oil,EXPORT,138.32843,Thousand Metric Tonnes (TMT),PPAC,1751964547_PT_IMPORT_TMT_H.xlsx,PT_IMPORT_2021-22,35,2026-08-21T15:32:18.914807+00:00,1.0
2022-01-01,2022,2021-22,January,Fuel Oil,EXPORT,164.856079,Thousand Metric Tonnes (TMT),PPAC,1751964547_PT_IMPORT_TMT_H.xlsx,PT_IMPORT_2021-22,35,2026-08-21T15:32:18.914807+00:00,1.0
2022-02-01,2022,2021-22,February,Fuel Oil,EXPORT,90.037105,Thousand Metric Tonnes (TMT),PPAC,1751964547_PT_IMPORT_TMT_H.xlsx,PT_IMPORT_2021-22,35,2026-08-21T15:32:18.914807+00:00,1.0
2022-03-01,2022,2021-22,March,Fuel Oil,EXPORT,92.19612699999999,Thousand Metric Tonnes (TMT),PPAC,1751964547_PT_IMPORT_TMT_H.xlsx,PT_IMPORT_2021-22,35,2026-08-21T15:32:18.914807+00:00,1.0
2021-04-01,2021,2021-22,April,Bitumen,EXPORT,0.155,Thousand Metric Tonnes (TMT),PPAC,1751964547_PT_IMPORT_TMT_H.xlsx,PT_IMPORT_2021-22,36,2026-08-21T15:32:18.914807+00:00,1.0
2021-05-01,2021,2021-22,May,Bitumen,EXPORT,0.0,Thousand Metric Tonnes (TMT),PPAC,1751964547_PT_IMPORT_TMT_H.xlsx,PT_IMPORT_2021-22,36,2026-08-21T15:32:18.914807+00:00,1.0
2021-06-01,2021,2021-22,June,Bitumen,EXPORT,0.0,Thousand Metric Tonnes (TMT),PPAC,1751964547_PT_IMPORT_TMT_H.xlsx,PT_IMPORT_2021-22,36,2026-08-21T15:32:18.914807+00:00,1.0
2021-07-01,2021,2021-22,July,Bitumen,EXPORT,0.0,Thousand Metric Tonnes (TMT),PPAC,1751964547_PT_IMPORT_TMT_H.xlsx,PT_IMPORT_2021-22,36,2026-08-21T15:32:18.914807+00:00,1.0
2021-08-01,2021,2021-22,August,Bitumen,EXPORT,0.0,Thousand Metric Tonnes (TMT),PPAC,1751964547_PT_IMPORT_TMT_H.xlsx,PT_IMPORT_2021-22,36,2026-08-21T15:32:18.914807+00:00,1.0
2021-09-01,2021,2021-22,September,Bitumen,EXPORT,2.0386800000000003,Thousand Metric Tonnes (TMT),PPAC,1751964547_PT_IMPORT_TMT_H.xlsx,PT_IMPORT_2021-22,36,2026-08-21T15:32:18.914807+00:00,1.0
2021-10-01,2021,2021-22,October,Bitumen,EXPORT,3.9802800000000005,Thousand Metric Tonnes (TMT),PPAC,1751964547_PT_IMPORT_TMT_H.xlsx,PT_IMPORT_2021-22,36,2026-08-21T15:32:18.914807+00:00,1.0
2021-11-01,2021,2021-22,November,Bitumen,EXPORT,0.0,Thousand Metric Tonnes (TMT),PPAC,1751964547_PT_IMPORT_TMT_H.xlsx,PT_IMPORT_2021-22,36,2026-08-21T15:32:18.914807+00:00,1.0
2021-12-01,2021,2021-22,December,Bitumen,EXPORT,0.0,Thousand Metric Tonnes (TMT),PPAC,1751964547_PT_IMPORT_TMT_H.xlsx,PT_IMPORT_2021-22,36,2026-08-21T15:32:18.914807+00:00,1.0
2022-01-01,2022,2021-22,January,Bitumen,EXPORT,0.0,Thousand Metric Tonnes (TMT),PPAC,1751964547_PT_IMPORT_TMT_H.xlsx,PT_IMPORT_2021-22,36,2026-08-21T15:32:18.914807+00:00,1.0
2022-02-01,2022,2021-22,February,Bitumen,EXPORT,0.0,Thousand Metric Tonnes (TMT),PPAC,1751964547_PT_IMPORT_TMT_H.xlsx,PT_IMPORT_2021-22,36,2026-08-21T15:32:18.914807+00:00,1.0
2022-03-01,2022,2021-22,March,Bitumen,EXPORT,0.0,Thousand Metric Tonnes (TMT),PPAC,1751964547_PT_IMPORT_TMT_H.xlsx,PT_IMPORT_2021-22,36,2026-08-21T15:32:18.914807+00:00,1.0
2021-04-01,2021,2021-22,April,Petcoke / CBFS,EXPORT,0.753,Thousand Metric Tonnes (TMT),PPAC,1751964547_PT_IMPORT_TMT_H.xlsx,PT_IMPORT_2021-22,37,2026-08-21T15:32:18.914807+00:00,1.0
2021-05-01,2021,2021-22,May,Petcoke / CBFS,EXPORT,0.1135,Thousand Metric Tonnes (TMT),PPAC,1751964547_PT_IMPORT_TMT_H.xlsx,PT_IMPORT_2021-22,37,2026-08-21T15:32:18.914807+00:00,1.0
2021-06-01,2021,2021-22,June,Petcoke / CBFS,EXPORT,0.22719999999999999,Thousand Metric Tonnes (TMT),PPAC,1751964547_PT_IMPORT_TMT_H.xlsx,PT_IMPORT_2021-22,37,2026-08-21T15:32:18.914807+00:00,1.0
2021-07-01,2021,2021-22,July,Petcoke / CBFS,EXPORT,0.16631,Thousand Metric Tonnes (TMT),PPAC,1751964547_PT_IMPORT_TMT_H.xlsx,PT_IMPORT_2021-22,37,2026-08-21T15:32:18.914807+00:00,1.0
2021-08-01,2021,2021-22,August,Petcoke / CBFS,EXPORT,41.902057000000006,Thousand Metric Tonnes (TMT),PPAC,1751964547_PT_IMPORT_TMT_H.xlsx,PT_IMPORT_2021-22,37,2026-08-21T15:32:18.914807+00:00,1.0
2021-09-01,2021,2021-22,September,Petcoke / CBFS,EXPORT,42.078796,Thousand Metric Tonnes (TMT),PPAC,1751964547_PT_IMPORT_TMT_H.xlsx,PT_IMPORT_2021-22,37,2026-08-21T15:32:18.914807+00:00,1.0
2021-10-01,2021,2021-22,October,Petcoke / CBFS,EXPORT,52.198067,Thousand Metric Tonnes (TMT),PPAC,1751964547_PT_IMPORT_TMT_H.xlsx,PT_IMPORT_2021-22,37,2026-08-21T15:32:18.914807+00:00,1.0
2021-11-01,2021,2021-22,November,Petcoke / CBFS,EXPORT,0.0,Thousand Metric Tonnes (TMT),PPAC,1751964547_PT_IMPORT_TMT_H.xlsx,PT_IMPORT_2021-22,37,2026-08-21T15:32:18.914807+00:00,1.0
2021-12-01,2021,2021-22,December,Petcoke / CBFS,EXPORT,0.10038000000000001,Thousand Metric Tonnes (TMT),PPAC,1751964547_PT_IMPORT_TMT_H.xlsx,PT_IMPORT_2021-22,37,2026-08-21T15:32:18.914807+00:00,1.0
2022-01-01,2022,2021-22,January,Petcoke / CBFS,EXPORT,0.0,Thousand Metric Tonnes (TMT),PPAC,1751964547_PT_IMPORT_TMT_H.xlsx,PT_IMPORT_2021-22,37,2026-08-21T15:32:18.914807+00:00,1.0
2022-02-01,2022,2021-22,February,Petcoke / CBFS,EXPORT,44.0,Thousand Metric Tonnes (TMT),PPAC,1751964547_PT_IMPORT_TMT_H.xlsx,PT_IMPORT_2021-22,37,2026-08-21T15:32:18.914807+00:00,1.0
2022-03-01,2022,2021-22,March,Petcoke / CBFS,EXPORT,5.5,Thousand Metric Tonnes (TMT),PPAC,1751964547_PT_IMPORT_TMT_H.xlsx,PT_IMPORT_2021-22,37,2026-08-21T15:32:18.914807+00:00,1.0
2021-04-01,2021,2021-22,April,Others%,EXPORT,250.97532800000005,Thousand Metric Tonnes (TMT),PPAC,1751964547_PT_IMPORT_TMT_H.xlsx,PT_IMPORT_2021-22,38,2026-08-21T15:32:18.914807+00:00,1.0
2021-05-01,2021,2021-22,May,Others%,EXPORT,259.713069,Thousand Metric Tonnes (TMT),PPAC,1751964547_PT_IMPORT_TMT_H.xlsx,PT_IMPORT_2021-22,38,2026-08-21T15:32:18.914807+00:00,1.0
2021-06-01,2021,2021-22,June,Others%,EXPORT,192.835308,Thousand Metric Tonnes (TMT),PPAC,1751964547_PT_IMPORT_TMT_H.xlsx,PT_IMPORT_2021-22,38,2026-08-21T15:32:18.914807+00:00,1.0
2021-07-01,2021,2021-22,July,Others%,EXPORT,294.07480999999996,Thousand Metric Tonnes (TMT),PPAC,1751964547_PT_IMPORT_TMT_H.xlsx,PT_IMPORT_2021-22,38,2026-08-21T15:32:18.914807+00:00,1.0
2021-08-01,2021,2021-22,August,Others%,EXPORT,98.094487323,Thousand Metric Tonnes (TMT),PPAC,1751964547_PT_IMPORT_TMT_H.xlsx,PT_IMPORT_2021-22,38,2026-08-21T15:32:18.914807+00:00,1.0
2021-09-01,2021,2021-22,September,Others%,EXPORT,131.42255682400003,Thousand Metric Tonnes (TMT),PPAC,1751964547_PT_IMPORT_TMT_H.xlsx,PT_IMPORT_2021-22,38,2026-08-21T15:32:18.914807+00:00,1.0
2021-10-01,2021,2021-22,October,Others%,EXPORT,190.45461300000002,Thousand Metric Tonnes (TMT),PPAC,1751964547_PT_IMPORT_TMT_H.xlsx,PT_IMPORT_2021-22,38,2026-08-21T15:32:18.914807+00:00,1.0
2021-11-01,2021,2021-22,November,Others%,EXPORT,114.80344600000001,Thousand Metric Tonnes (TMT),PPAC,1751964547_PT_IMPORT_TMT_H.xlsx,PT_IMPORT_2021-22,38,2026-08-21T15:32:18.914807+00:00,1.0
2021-12-01,2021,2021-22,December,Others%,EXPORT,143.326378,Thousand Metric Tonnes (TMT),PPAC,1751964547_PT_IMPORT_TMT_H.xlsx,PT_IMPORT_2021-22,38,2026-08-21T15:32:18.914807+00:00,1.0
2022-01-01,2022,2021-22,January,Others%,EXPORT,236.615142,Thousand Metric Tonnes (TMT),PPAC,1751964547_PT_IMPORT_TMT_H.xlsx,PT_IMPORT_2021-22,38,2026-08-21T15:32:18.914807+00:00,1.0
2022-02-01,2022,2021-22,February,Others%,EXPORT,185.590408,Thousand Metric Tonnes (TMT),PPAC,1751964547_PT_IMPORT_TMT_H.xlsx,PT_IMPORT_2021-22,38,2026-08-21T15:32:18.914807+00:00,1.0
2022-03-01,2022,2021-22,March,Others%,EXPORT,232.25422100000003,Thousand Metric Tonnes (TMT),PPAC,1751964547_PT_IMPORT_TMT_H.xlsx,PT_IMPORT_2021-22,38,2026-08-21T15:32:18.914807+00:00,1.0
2020-04-01,2020,2020-21,April,CRUDE OIL,IMPORT,16552.706435043747,Thousand Metric Tonnes (TMT),PPAC,1751964547_PT_IMPORT_TMT_H.xlsx,PT_IMPORT_2020-21,11,2026-08-21T15:32:18.927906+00:00,1.0
2020-05-01,2020,2020-21,May,CRUDE OIL,IMPORT,14606.829776791896,Thousand Metric Tonnes (TMT),PPAC,1751964547_PT_IMPORT_TMT_H.xlsx,PT_IMPORT_2020-21,11,2026-08-21T15:32:18.927906+00:00,1.0
2020-06-01,2020,2020-21,June,CRUDE OIL,IMPORT,13676.510171806,Thousand Metric Tonnes (TMT),PPAC,1751964547_PT_IMPORT_TMT_H.xlsx,PT_IMPORT_2020-21,11,2026-08-21T15:32:18.927906+00:00,1.0
2020-07-01,2020,2020-21,July,CRUDE OIL,IMPORT,12335.495538241998,Thousand Metric Tonnes (TMT),PPAC,1751964547_PT_IMPORT_TMT_H.xlsx,PT_IMPORT_2020-21,11,2026-08-21T15:32:18.927906+00:00,1.0
2020-08-01,2020,2020-21,August,CRUDE OIL,IMPORT,16858.785622813997,Thousand Metric Tonnes (TMT),PPAC,1751964547_PT_IMPORT_TMT_H.xlsx,PT_IMPORT_2020-21,11,2026-08-21T15:32:18.927906+00:00,1.0
2020-09-01,2020,2020-21,September,CRUDE OIL,IMPORT,15180.006144035999,Thousand Metric Tonnes (TMT),PPAC,1751964547_PT_IMPORT_TMT_H.xlsx,PT_IMPORT_2020-21,11,2026-08-21T15:32:18.927906+00:00,1.0
2020-10-01,2020,2020-21,October,CRUDE OIL,IMPORT,15381.458577315,Thousand Metric Tonnes (TMT),PPAC,1751964547_PT_IMPORT_TMT_H.xlsx,PT_IMPORT_2020-21,11,2026-08-21T15:32:18.927906+00:00,1.0
2020-11-01,2020,2020-21,November,CRUDE OIL,IMPORT,18290.446275115,Thousand Metric Tonnes (TMT),PPAC,1751964547_PT_IMPORT_TMT_H.xlsx,PT_IMPORT_2020-21,11,2026-08-21T15:32:18.927906+00:00,1.0
2020-12-01,2020,2020-21,December,CRUDE OIL,IMPORT,20489.408846244998,Thousand Metric Tonnes (TMT),PPAC,1751964547_PT_IMPORT_TMT_H.xlsx,PT_IMPORT_2020-21,11,2026-08-21T15:32:18.927906+00:00,1.0
2021-01-01,2021,2020-21,January,CRUDE OIL,IMPORT,19593.587939287,Thousand Metric Tonnes (TMT),PPAC,1751964547_PT_IMPORT_TMT_H.xlsx,PT_IMPORT_2020-21,11,2026-08-21T15:32:18.927906+00:00,1.0
2021-02-01,2021,2020-21,February,CRUDE OIL,IMPORT,15235.023744967,Thousand Metric Tonnes (TMT),PPAC,1751964547_PT_IMPORT_TMT_H.xlsx,PT_IMPORT_2020-21,11,2026-08-21T15:32:18.927906+00:00,1.0
2021-03-01,2021,2020-21,March,CRUDE OIL,IMPORT,18260.601873827873,Thousand Metric Tonnes (TMT),PPAC,1751964547_PT_IMPORT_TMT_H.xlsx,PT_IMPORT_2020-21,11,2026-08-21T15:32:18.927906+00:00,1.0
2020-04-01,2020,2020-21,April,LPG,IMPORT,1358.007178,Thousand Metric Tonnes (TMT),PPAC,1751964547_PT_IMPORT_TMT_H.xlsx,PT_IMPORT_2020-21,13,2026-08-21T15:32:18.927906+00:00,1.0
2020-05-01,2020,2020-21,May,LPG,IMPORT,1487.022578,Thousand Metric Tonnes (TMT),PPAC,1751964547_PT_IMPORT_TMT_H.xlsx,PT_IMPORT_2020-21,13,2026-08-21T15:32:18.927906+00:00,1.0
2020-06-01,2020,2020-21,June,LPG,IMPORT,1218.047657,Thousand Metric Tonnes (TMT),PPAC,1751964547_PT_IMPORT_TMT_H.xlsx,PT_IMPORT_2020-21,13,2026-08-21T15:32:18.927906+00:00,1.0
2020-07-01,2020,2020-21,July,LPG,IMPORT,985.825556,Thousand Metric Tonnes (TMT),PPAC,1751964547_PT_IMPORT_TMT_H.xlsx,PT_IMPORT_2020-21,13,2026-08-21T15:32:18.927906+00:00,1.0
2020-08-01,2020,2020-21,August,LPG,IMPORT,1228.1418110000002,Thousand Metric Tonnes (TMT),PPAC,1751964547_PT_IMPORT_TMT_H.xlsx,PT_IMPORT_2020-21,13,2026-08-21T15:32:18.927906+00:00,1.0
2020-09-01,2020,2020-21,September,LPG,IMPORT,1637.7517870000001,Thousand Metric Tonnes (TMT),PPAC,1751964547_PT_IMPORT_TMT_H.xlsx,PT_IMPORT_2020-21,13,2026-08-21T15:32:18.927906+00:00,1.0
2020-10-01,2020,2020-21,October,LPG,IMPORT,1425.8227689999999,Thousand Metric Tonnes (TMT),PPAC,1751964547_PT_IMPORT_TMT_H.xlsx,PT_IMPORT_2020-21,13,2026-08-21T15:32:18.927906+00:00,1.0
2020-11-01,2020,2020-21,November,LPG,IMPORT,1393.68339,Thousand Metric Tonnes (TMT),PPAC,1751964547_PT_IMPORT_TMT_H.xlsx,PT_IMPORT_2020-21,13,2026-08-21T15:32:18.927906+00:00,1.0
2020-12-01,2020,2020-21,December,LPG,IMPORT,1502.980459,Thousand Metric Tonnes (TMT),PPAC,1751964547_PT_IMPORT_TMT_H.xlsx,PT_IMPORT_2020-21,13,2026-08-21T15:32:18.927906+00:00,1.0
2021-01-01,2021,2020-21,January,LPG,IMPORT,1362.5879559999998,Thousand Metric Tonnes (TMT),PPAC,1751964547_PT_IMPORT_TMT_H.xlsx,PT_IMPORT_2020-21,13,2026-08-21T15:32:18.927906+00:00,1.0
2021-02-01,2021,2020-21,February,LPG,IMPORT,1521.146305,Thousand Metric Tonnes (TMT),PPAC,1751964547_PT_IMPORT_TMT_H.xlsx,PT_IMPORT_2020-21,13,2026-08-21T15:32:18.927906+00:00,1.0
2021-03-01,2021,2020-21,March,LPG,IMPORT,1354.9202770000002,Thousand Metric Tonnes (TMT),PPAC,1751964547_PT_IMPORT_TMT_H.xlsx,PT_IMPORT_2020-21,13,2026-08-21T15:32:18.927906+00:00,1.0
2020-04-01,2020,2020-21,April,MS,IMPORT,0.017432,Thousand Metric Tonnes (TMT),PPAC,1751964547_PT_IMPORT_TMT_H.xlsx,PT_IMPORT_2020-21,14,2026-08-21T15:32:18.927906+00:00,1.0
2020-05-01,2020,2020-21,May,MS,IMPORT,0.0,Thousand Metric Tonnes (TMT),PPAC,1751964547_PT_IMPORT_TMT_H.xlsx,PT_IMPORT_2020-21,14,2026-08-21T15:32:18.927906+00:00,1.0
2020-06-01,2020,2020-21,June,MS,IMPORT,34.977937999999995,Thousand Metric Tonnes (TMT),PPAC,1751964547_PT_IMPORT_TMT_H.xlsx,PT_IMPORT_2020-21,14,2026-08-21T15:32:18.927906+00:00,1.0
2020-07-01,2020,2020-21,July,MS,IMPORT,37.936559,Thousand Metric Tonnes (TMT),PPAC,1751964547_PT_IMPORT_TMT_H.xlsx,PT_IMPORT_2020-21,14,2026-08-21T15:32:18.927906+00:00,1.0
2020-08-01,2020,2020-21,August,MS,IMPORT,34.797869999999996,Thousand Metric Tonnes (TMT),PPAC,1751964547_PT_IMPORT_TMT_H.xlsx,PT_IMPORT_2020-21,14,2026-08-21T15:32:18.927906+00:00,1.0
2020-09-01,2020,2020-21,September,MS,IMPORT,75.44228600000001,Thousand Metric Tonnes (TMT),PPAC,1751964547_PT_IMPORT_TMT_H.xlsx,PT_IMPORT_2020-21,14,2026-08-21T15:32:18.927906+00:00,1.0
2020-10-01,2020,2020-21,October,MS,IMPORT,131.01144000000002,Thousand Metric Tonnes (TMT),PPAC,1751964547_PT_IMPORT_TMT_H.xlsx,PT_IMPORT_2020-21,14,2026-08-21T15:32:18.927906+00:00,1.0
2020-11-01,2020,2020-21,November,MS,IMPORT,154.892776,Thousand Metric Tonnes (TMT),PPAC,1751964547_PT_IMPORT_TMT_H.xlsx,PT_IMPORT_2020-21,14,2026-08-21T15:32:18.927906+00:00,1.0
2020-12-01,2020,2020-21,December,MS,IMPORT,543.5020860000001,Thousand Metric Tonnes (TMT),PPAC,1751964547_PT_IMPORT_TMT_H.xlsx,PT_IMPORT_2020-21,14,2026-08-21T15:32:18.927906+00:00,1.0
2021-01-01,2021,2020-21,January,MS,IMPORT,123.590936,Thousand Metric Tonnes (TMT),PPAC,1751964547_PT_IMPORT_TMT_H.xlsx,PT_IMPORT_2020-21,14,2026-08-21T15:32:18.927906+00:00,1.0
2021-02-01,2021,2020-21,February,MS,IMPORT,82.060678,Thousand Metric Tonnes (TMT),PPAC,1751964547_PT_IMPORT_TMT_H.xlsx,PT_IMPORT_2020-21,14,2026-08-21T15:32:18.927906+00:00,1.0
2021-03-01,2021,2020-21,March,MS,IMPORT,133.022117,Thousand Metric Tonnes (TMT),PPAC,1751964547_PT_IMPORT_TMT_H.xlsx,PT_IMPORT_2020-21,14,2026-08-21T15:32:18.927906+00:00,1.0
2020-04-01,2020,2020-21,April,Naphtha,IMPORT,25.527937,Thousand Metric Tonnes (TMT),PPAC,1751964547_PT_IMPORT_TMT_H.xlsx,PT_IMPORT_2020-21,15,2026-08-21T15:32:18.927906+00:00,1.0
2020-05-01,2020,2020-21,May,Naphtha,IMPORT,43.832294999999995,Thousand Metric Tonnes (TMT),PPAC,1751964547_PT_IMPORT_TMT_H.xlsx,PT_IMPORT_2020-21,15,2026-08-21T15:32:18.927906+00:00,1.0
2020-06-01,2020,2020-21,June,Naphtha,IMPORT,176.356684,Thousand Metric Tonnes (TMT),PPAC,1751964547_PT_IMPORT_TMT_H.xlsx,PT_IMPORT_2020-21,15,2026-08-21T15:32:18.927906+00:00,1.0
2020-07-01,2020,2020-21,July,Naphtha,IMPORT,156.61172699999997,Thousand Metric Tonnes (TMT),PPAC,1751964547_PT_IMPORT_TMT_H.xlsx,PT_IMPORT_2020-21,15,2026-08-21T15:32:18.927906+00:00,1.0
2020-08-01,2020,2020-21,August,Naphtha,IMPORT,124.018701,Thousand Metric Tonnes (TMT),PPAC,1751964547_PT_IMPORT_TMT_H.xlsx,PT_IMPORT_2020-21,15,2026-08-21T15:32:18.927906+00:00,1.0
2020-09-01,2020,2020-21,September,Naphtha,IMPORT,85.580075,Thousand Metric Tonnes (TMT),PPAC,1751964547_PT_IMPORT_TMT_H.xlsx,PT_IMPORT_2020-21,15,2026-08-21T15:32:18.927906+00:00,1.0
2020-10-01,2020,2020-21,October,Naphtha,IMPORT,154.362,Thousand Metric Tonnes (TMT),PPAC,1751964547_PT_IMPORT_TMT_H.xlsx,PT_IMPORT_2020-21,15,2026-08-21T15:32:18.927906+00:00,1.0
2020-11-01,2020,2020-21,November,Naphtha,IMPORT,169.04826900000003,Thousand Metric Tonnes (TMT),PPAC,1751964547_PT_IMPORT_TMT_H.xlsx,PT_IMPORT_2020-21,15,2026-08-21T15:32:18.927906+00:00,1.0
2020-12-01,2020,2020-21,December,Naphtha,IMPORT,81.936425,Thousand Metric Tonnes (TMT),PPAC,1751964547_PT_IMPORT_TMT_H.xlsx,PT_IMPORT_2020-21,15,2026-08-21T15:32:18.927906+00:00,1.0
2021-01-01,2021,2020-21,January,Naphtha,IMPORT,48.01894,Thousand Metric Tonnes (TMT),PPAC,1751964547_PT_IMPORT_TMT_H.xlsx,PT_IMPORT_2020-21,15,2026-08-21T15:32:18.927906+00:00,1.0
2021-02-01,2021,2020-21,February,Naphtha,IMPORT,104.46864000000001,Thousand Metric Tonnes (TMT),PPAC,1751964547_PT_IMPORT_TMT_H.xlsx,PT_IMPORT_2020-21,15,2026-08-21T15:32:18.927906+00:00,1.0
2021-03-01,2021,2020-21,March,Naphtha,IMPORT,29.377385,Thousand Metric Tonnes (TMT),PPAC,1751964547_PT_IMPORT_TMT_H.xlsx,PT_IMPORT_2020-21,15,2026-08-21T15:32:18.927906+00:00,1.0
2020-04-01,2020,2020-21,April,ATF,IMPORT,0.0002,Thousand Metric Tonnes (TMT),PPAC,1751964547_PT_IMPORT_TMT_H.xlsx,PT_IMPORT_2020-21,16,2026-08-21T15:32:18.927906+00:00,1.0
2020-05-01,2020,2020-21,May,ATF,IMPORT,5e-05,Thousand Metric Tonnes (TMT),PPAC,1751964547_PT_IMPORT_TMT_H.xlsx,PT_IMPORT_2020-21,16,2026-08-21T15:32:18.927906+00:00,1.0
2020-06-01,2020,2020-21,June,ATF,IMPORT,0.0,Thousand Metric Tonnes (TMT),PPAC,1751964547_PT_IMPORT_TMT_H.xlsx,PT_IMPORT_2020-21,16,2026-08-21T15:32:18.927906+00:00,1.0
2020-07-01,2020,2020-21,July,ATF,IMPORT,2.2e-05,Thousand Metric Tonnes (TMT),PPAC,1751964547_PT_IMPORT_TMT_H.xlsx,PT_IMPORT_2020-21,16,2026-08-21T15:32:18.927906+00:00,1.0
2020-08-01,2020,2020-21,August,ATF,IMPORT,0.0,Thousand Metric Tonnes (TMT),PPAC,1751964547_PT_IMPORT_TMT_H.xlsx,PT_IMPORT_2020-21,16,2026-08-21T15:32:18.927906+00:00,1.0
2020-09-01,2020,2020-21,September,ATF,IMPORT,0.0,Thousand Metric Tonnes (TMT),PPAC,1751964547_PT_IMPORT_TMT_H.xlsx,PT_IMPORT_2020-21,16,2026-08-21T15:32:18.927906+00:00,1.0
2020-10-01,2020,2020-21,October,ATF,IMPORT,6e-06,Thousand Metric Tonnes (TMT),PPAC,1751964547_PT_IMPORT_TMT_H.xlsx,PT_IMPORT_2020-21,16,2026-08-21T15:32:18.927906+00:00,1.0
2020-11-01,2020,2020-21,November,ATF,IMPORT,0.0,Thousand Metric Tonnes (TMT),PPAC,1751964547_PT_IMPORT_TMT_H.xlsx,PT_IMPORT_2020-21,16,2026-08-21T15:32:18.927906+00:00,1.0
2020-12-01,2020,2020-21,December,ATF,IMPORT,0.0,Thousand Metric Tonnes (TMT),PPAC,1751964547_PT_IMPORT_TMT_H.xlsx,PT_IMPORT_2020-21,16,2026-08-21T15:32:18.927906+00:00,1.0
2021-01-01,2021,2020-21,January,ATF,IMPORT,0.0,Thousand Metric Tonnes (TMT),PPAC,1751964547_PT_IMPORT_TMT_H.xlsx,PT_IMPORT_2020-21,16,2026-08-21T15:32:18.927906+00:00,1.0
2021-02-01,2021,2020-21,February,ATF,IMPORT,2e-05,Thousand Metric Tonnes (TMT),PPAC,1751964547_PT_IMPORT_TMT_H.xlsx,PT_IMPORT_2020-21,16,2026-08-21T15:32:18.927906+00:00,1.0
2021-03-01,2021,2020-21,March,ATF,IMPORT,0.0,Thousand Metric Tonnes (TMT),PPAC,1751964547_PT_IMPORT_TMT_H.xlsx,PT_IMPORT_2020-21,16,2026-08-21T15:32:18.927906+00:00,1.0
2020-04-01,2020,2020-21,April,SKO,IMPORT,0.0,Thousand Metric Tonnes (TMT),PPAC,1751964547_PT_IMPORT_TMT_H.xlsx,PT_IMPORT_2020-21,17,2026-08-21T15:32:18.927906+00:00,1.0
2020-05-01,2020,2020-21,May,SKO,IMPORT,0.0,Thousand Metric Tonnes (TMT),PPAC,1751964547_PT_IMPORT_TMT_H.xlsx,PT_IMPORT_2020-21,17,2026-08-21T15:32:18.927906+00:00,1.0
2020-06-01,2020,2020-21,June,SKO,IMPORT,0.0001,Thousand Metric Tonnes (TMT),PPAC,1751964547_PT_IMPORT_TMT_H.xlsx,PT_IMPORT_2020-21,17,2026-08-21T15:32:18.927906+00:00,1.0
2020-07-01,2020,2020-21,July,SKO,IMPORT,2.16034,Thousand Metric Tonnes (TMT),PPAC,1751964547_PT_IMPORT_TMT_H.xlsx,PT_IMPORT_2020-21,17,2026-08-21T15:32:18.927906+00:00,1.0
2020-08-01,2020,2020-21,August,SKO,IMPORT,0.0,Thousand Metric Tonnes (TMT),PPAC,1751964547_PT_IMPORT_TMT_H.xlsx,PT_IMPORT_2020-21,17,2026-08-21T15:32:18.927906+00:00,1.0
2020-09-01,2020,2020-21,September,SKO,IMPORT,0.143,Thousand Metric Tonnes (TMT),PPAC,1751964547_PT_IMPORT_TMT_H.xlsx,PT_IMPORT_2020-21,17,2026-08-21T15:32:18.927906+00:00,1.0
2020-10-01,2020,2020-21,October,SKO,IMPORT,0.46299700000000005,Thousand Metric Tonnes (TMT),PPAC,1751964547_PT_IMPORT_TMT_H.xlsx,PT_IMPORT_2020-21,17,2026-08-21T15:32:18.927906+00:00,1.0
2020-11-01,2020,2020-21,November,SKO,IMPORT,0.00018399999999999997,Thousand Metric Tonnes (TMT),PPAC,1751964547_PT_IMPORT_TMT_H.xlsx,PT_IMPORT_2020-21,17,2026-08-21T15:32:18.927906+00:00,1.0
2020-12-01,2020,2020-21,December,SKO,IMPORT,0.000145,Thousand Metric Tonnes (TMT),PPAC,1751964547_PT_IMPORT_TMT_H.xlsx,PT_IMPORT_2020-21,17,2026-08-21T15:32:18.927906+00:00,1.0
2021-01-01,2021,2020-21,January,SKO,IMPORT,0.0,Thousand Metric Tonnes (TMT),PPAC,1751964547_PT_IMPORT_TMT_H.xlsx,PT_IMPORT_2020-21,17,2026-08-21T15:32:18.927906+00:00,1.0
2021-02-01,2021,2020-21,February,SKO,IMPORT,0.0,Thousand Metric Tonnes (TMT),PPAC,1751964547_PT_IMPORT_TMT_H.xlsx,PT_IMPORT_2020-21,17,2026-08-21T15:32:18.927906+00:00,1.0
2021-03-01,2021,2020-21,March,SKO,IMPORT,0.0,Thousand Metric Tonnes (TMT),PPAC,1751964547_PT_IMPORT_TMT_H.xlsx,PT_IMPORT_2020-21,17,2026-08-21T15:32:18.927906+00:00,1.0
2020-04-01,2020,2020-21,April,HSD,IMPORT,34.341974,Thousand Metric Tonnes (TMT),PPAC,1751964547_PT_IMPORT_TMT_H.xlsx,PT_IMPORT_2020-21,18,2026-08-21T15:32:18.927906+00:00,1.0
2020-05-01,2020,2020-21,May,HSD,IMPORT,37.312732000000004,Thousand Metric Tonnes (TMT),PPAC,1751964547_PT_IMPORT_TMT_H.xlsx,PT_IMPORT_2020-21,18,2026-08-21T15:32:18.927906+00:00,1.0
2020-06-01,2020,2020-21,June,HSD,IMPORT,70.346938,Thousand Metric Tonnes (TMT),PPAC,1751964547_PT_IMPORT_TMT_H.xlsx,PT_IMPORT_2020-21,18,2026-08-21T15:32:18.927906+00:00,1.0
2020-07-01,2020,2020-21,July,HSD,IMPORT,136.469842,Thousand Metric Tonnes (TMT),PPAC,1751964547_PT_IMPORT_TMT_H.xlsx,PT_IMPORT_2020-21,18,2026-08-21T15:32:18.927906+00:00,1.0
2020-08-01,2020,2020-21,August,HSD,IMPORT,3.5970070000000005,Thousand Metric Tonnes (TMT),PPAC,1751964547_PT_IMPORT_TMT_H.xlsx,PT_IMPORT_2020-21,18,2026-08-21T15:32:18.927906+00:00,1.0
2020-09-01,2020,2020-21,September,HSD,IMPORT,1.5839889999999996,Thousand Metric Tonnes (TMT),PPAC,1751964547_PT_IMPORT_TMT_H.xlsx,PT_IMPORT_2020-21,18,2026-08-21T15:32:18.927906+00:00,1.0
2020-10-01,2020,2020-21,October,HSD,IMPORT,13.959259,Thousand Metric Tonnes (TMT),PPAC,1751964547_PT_IMPORT_TMT_H.xlsx,PT_IMPORT_2020-21,18,2026-08-21T15:32:18.927906+00:00,1.0
2020-11-01,2020,2020-21,November,HSD,IMPORT,3.299278,Thousand Metric Tonnes (TMT),PPAC,1751964547_PT_IMPORT_TMT_H.xlsx,PT_IMPORT_2020-21,18,2026-08-21T15:32:18.927906+00:00,1.0
2020-12-01,2020,2020-21,December,HSD,IMPORT,246.00697499999998,Thousand Metric Tonnes (TMT),PPAC,1751964547_PT_IMPORT_TMT_H.xlsx,PT_IMPORT_2020-21,18,2026-08-21T15:32:18.927906+00:00,1.0
2021-01-01,2021,2020-21,January,HSD,IMPORT,73.43988399999998,Thousand Metric Tonnes (TMT),PPAC,1751964547_PT_IMPORT_TMT_H.xlsx,PT_IMPORT_2020-21,18,2026-08-21T15:32:18.927906+00:00,1.0
2021-02-01,2021,2020-21,February,HSD,IMPORT,18.460596,Thousand Metric Tonnes (TMT),PPAC,1751964547_PT_IMPORT_TMT_H.xlsx,PT_IMPORT_2020-21,18,2026-08-21T15:32:18.927906+00:00,1.0
2021-03-01,2021,2020-21,March,HSD,IMPORT,9.379083999999999,Thousand Metric Tonnes (TMT),PPAC,1751964547_PT_IMPORT_TMT_H.xlsx,PT_IMPORT_2020-21,18,2026-08-21T15:32:18.927906+00:00,1.0
2020-04-01,2020,2020-21,April,LOBS/ Lube oil,IMPORT,154.19502799999998,Thousand Metric Tonnes (TMT),PPAC,1751964547_PT_IMPORT_TMT_H.xlsx,PT_IMPORT_2020-21,19,2026-08-21T15:32:18.927906+00:00,1.0
2020-05-01,2020,2020-21,May,LOBS/ Lube oil,IMPORT,90.82018100000003,Thousand Metric Tonnes (TMT),PPAC,1751964547_PT_IMPORT_TMT_H.xlsx,PT_IMPORT_2020-21,19,2026-08-21T15:32:18.927906+00:00,1.0
2020-06-01,2020,2020-21,June,LOBS/ Lube oil,IMPORT,118.26057100000001,Thousand Metric Tonnes (TMT),PPAC,1751964547_PT_IMPORT_TMT_H.xlsx,PT_IMPORT_2020-21,19,2026-08-21T15:32:18.927906+00:00,1.0
2020-07-01,2020,2020-21,July,LOBS/ Lube oil,IMPORT,202.79789999999994,Thousand Metric Tonnes (TMT),PPAC,1751964547_PT_IMPORT_TMT_H.xlsx,PT_IMPORT_2020-21,19,2026-08-21T15:32:18.927906+00:00,1.0
2020-08-01,2020,2020-21,August,LOBS/ Lube oil,IMPORT,244.46080500000005,Thousand Metric Tonnes (TMT),PPAC,1751964547_PT_IMPORT_TMT_H.xlsx,PT_IMPORT_2020-21,19,2026-08-21T15:32:18.927906+00:00,1.0
2020-09-01,2020,2020-21,September,LOBS/ Lube oil,IMPORT,237.66029000000012,Thousand Metric Tonnes (TMT),PPAC,1751964547_PT_IMPORT_TMT_H.xlsx,PT_IMPORT_2020-21,19,2026-08-21T15:32:18.927906+00:00,1.0
2020-10-01,2020,2020-21,October,LOBS/ Lube oil,IMPORT,270.65537599999976,Thousand Metric Tonnes (TMT),PPAC,1751964547_PT_IMPORT_TMT_H.xlsx,PT_IMPORT_2020-21,19,2026-08-21T15:32:18.927906+00:00,1.0
2020-11-01,2020,2020-21,November,LOBS/ Lube oil,IMPORT,306.4700009999999,Thousand Metric Tonnes (TMT),PPAC,1751964547_PT_IMPORT_TMT_H.xlsx,PT_IMPORT_2020-21,19,2026-08-21T15:32:18.927906+00:00,1.0
2020-12-01,2020,2020-21,December,LOBS/ Lube oil,IMPORT,300.49687499999993,Thousand Metric Tonnes (TMT),PPAC,1751964547_PT_IMPORT_TMT_H.xlsx,PT_IMPORT_2020-21,19,2026-08-21T15:32:18.927906+00:00,1.0
2021-01-01,2021,2020-21,January,LOBS/ Lube oil,IMPORT,284.1139600000002,Thousand Metric Tonnes (TMT),PPAC,1751964547_PT_IMPORT_TMT_H.xlsx,PT_IMPORT_2020-21,19,2026-08-21T15:32:18.927906+00:00,1.0
2021-02-01,2021,2020-21,February,LOBS/ Lube oil,IMPORT,251.693828,Thousand Metric Tonnes (TMT),PPAC,1751964547_PT_IMPORT_TMT_H.xlsx,PT_IMPORT_2020-21,19,2026-08-21T15:32:18.927906+00:00,1.0
2021-03-01,2021,2020-21,March,LOBS/ Lube oil,IMPORT,231.04111099999994,Thousand Metric Tonnes (TMT),PPAC,1751964547_PT_IMPORT_TMT_H.xlsx,PT_IMPORT_2020-21,19,2026-08-21T15:32:18.927906+00:00,1.0
2020-04-01,2020,2020-21,April,Fuel Oil,IMPORT,379.244016,Thousand Metric Tonnes (TMT),PPAC,1751964547_PT_IMPORT_TMT_H.xlsx,PT_IMPORT_2020-21,20,2026-08-21T15:32:18.927906+00:00,1.0
2020-05-01,2020,2020-21,May,Fuel Oil,IMPORT,459.884103,Thousand Metric Tonnes (TMT),PPAC,1751964547_PT_IMPORT_TMT_H.xlsx,PT_IMPORT_2020-21,20,2026-08-21T15:32:18.927906+00:00,1.0
2020-06-01,2020,2020-21,June,Fuel Oil,IMPORT,549.94776,Thousand Metric Tonnes (TMT),PPAC,1751964547_PT_IMPORT_TMT_H.xlsx,PT_IMPORT_2020-21,20,2026-08-21T15:32:18.927906+00:00,1.0
2020-07-01,2020,2020-21,July,Fuel Oil,IMPORT,1192.740882,Thousand Metric Tonnes (TMT),PPAC,1751964547_PT_IMPORT_TMT_H.xlsx,PT_IMPORT_2020-21,20,2026-08-21T15:32:18.927906+00:00,1.0
2020-08-01,2020,2020-21,August,Fuel Oil,IMPORT,484.59386499999994,Thousand Metric Tonnes (TMT),PPAC,1751964547_PT_IMPORT_TMT_H.xlsx,PT_IMPORT_2020-21,20,2026-08-21T15:32:18.927906+00:00,1.0
2020-09-01,2020,2020-21,September,Fuel Oil,IMPORT,238.085509,Thousand Metric Tonnes (TMT),PPAC,1751964547_PT_IMPORT_TMT_H.xlsx,PT_IMPORT_2020-21,20,2026-08-21T15:32:18.927906+00:00,1.0
2020-10-01,2020,2020-21,October,Fuel Oil,IMPORT,167.016393,Thousand Metric Tonnes (TMT),PPAC,1751964547_PT_IMPORT_TMT_H.xlsx,PT_IMPORT_2020-21,20,2026-08-21T15:32:18.927906+00:00,1.0
2020-11-01,2020,2020-21,November,Fuel Oil,IMPORT,224.230106,Thousand Metric Tonnes (TMT),PPAC,1751964547_PT_IMPORT_TMT_H.xlsx,PT_IMPORT_2020-21,20,2026-08-21T15:32:18.927906+00:00,1.0
2020-12-01,2020,2020-21,December,Fuel Oil,IMPORT,478.15225300000003,Thousand Metric Tonnes (TMT),PPAC,1751964547_PT_IMPORT_TMT_H.xlsx,PT_IMPORT_2020-21,20,2026-08-21T15:32:18.927906+00:00,1.0
2021-01-01,2021,2020-21,January,Fuel Oil,IMPORT,380.509308,Thousand Metric Tonnes (TMT),PPAC,1751964547_PT_IMPORT_TMT_H.xlsx,PT_IMPORT_2020-21,20,2026-08-21T15:32:18.927906+00:00,1.0
2021-02-01,2021,2020-21,February,Fuel Oil,IMPORT,791.760682,Thousand Metric Tonnes (TMT),PPAC,1751964547_PT_IMPORT_TMT_H.xlsx,PT_IMPORT_2020-21,20,2026-08-21T15:32:18.927906+00:00,1.0
2021-03-01,2021,2020-21,March,Fuel Oil,IMPORT,1108.188976,Thousand Metric Tonnes (TMT),PPAC,1751964547_PT_IMPORT_TMT_H.xlsx,PT_IMPORT_2020-21,20,2026-08-21T15:32:18.927906+00:00,1.0
2020-04-01,2020,2020-21,April,Bitumen,IMPORT,92.301014,Thousand Metric Tonnes (TMT),PPAC,1751964547_PT_IMPORT_TMT_H.xlsx,PT_IMPORT_2020-21,21,2026-08-21T15:32:18.927906+00:00,1.0
2020-05-01,2020,2020-21,May,Bitumen,IMPORT,120.65341599999999,Thousand Metric Tonnes (TMT),PPAC,1751964547_PT_IMPORT_TMT_H.xlsx,PT_IMPORT_2020-21,21,2026-08-21T15:32:18.927906+00:00,1.0
2020-06-01,2020,2020-21,June,Bitumen,IMPORT,182.047218,Thousand Metric Tonnes (TMT),PPAC,1751964547_PT_IMPORT_TMT_H.xlsx,PT_IMPORT_2020-21,21,2026-08-21T15:32:18.927906+00:00,1.0
2020-07-01,2020,2020-21,July,Bitumen,IMPORT,160.006945,Thousand Metric Tonnes (TMT),PPAC,1751964547_PT_IMPORT_TMT_H.xlsx,PT_IMPORT_2020-21,21,2026-08-21T15:32:18.927906+00:00,1.0
2020-08-01,2020,2020-21,August,Bitumen,IMPORT,85.726314,Thousand Metric Tonnes (TMT),PPAC,1751964547_PT_IMPORT_TMT_H.xlsx,PT_IMPORT_2020-21,21,2026-08-21T15:32:18.927906+00:00,1.0
2020-09-01,2020,2020-21,September,Bitumen,IMPORT,108.20766600000002,Thousand Metric Tonnes (TMT),PPAC,1751964547_PT_IMPORT_TMT_H.xlsx,PT_IMPORT_2020-21,21,2026-08-21T15:32:18.927906+00:00,1.0
2020-10-01,2020,2020-21,October,Bitumen,IMPORT,113.98889299999999,Thousand Metric Tonnes (TMT),PPAC,1751964547_PT_IMPORT_TMT_H.xlsx,PT_IMPORT_2020-21,21,2026-08-21T15:32:18.927906+00:00,1.0
2020-11-01,2020,2020-21,November,Bitumen,IMPORT,160.953688,Thousand Metric Tonnes (TMT),PPAC,1751964547_PT_IMPORT_TMT_H.xlsx,PT_IMPORT_2020-21,21,2026-08-21T15:32:18.927906+00:00,1.0
2020-12-01,2020,2020-21,December,Bitumen,IMPORT,228.146135,Thousand Metric Tonnes (TMT),PPAC,1751964547_PT_IMPORT_TMT_H.xlsx,PT_IMPORT_2020-21,21,2026-08-21T15:32:18.927906+00:00,1.0
2021-01-01,2021,2020-21,January,Bitumen,IMPORT,278.668023,Thousand Metric Tonnes (TMT),PPAC,1751964547_PT_IMPORT_TMT_H.xlsx,PT_IMPORT_2020-21,21,2026-08-21T15:32:18.927906+00:00,1.0
2021-02-01,2021,2020-21,February,Bitumen,IMPORT,264.908041,Thousand Metric Tonnes (TMT),PPAC,1751964547_PT_IMPORT_TMT_H.xlsx,PT_IMPORT_2020-21,21,2026-08-21T15:32:18.927906+00:00,1.0
2021-03-01,2021,2020-21,March,Bitumen,IMPORT,259.193954,Thousand Metric Tonnes (TMT),PPAC,1751964547_PT_IMPORT_TMT_H.xlsx,PT_IMPORT_2020-21,21,2026-08-21T15:32:18.927906+00:00,1.0
2020-04-01,2020,2020-21,April,Petcoke,IMPORT,556.5897249999999,Thousand Metric Tonnes (TMT),PPAC,1751964547_PT_IMPORT_TMT_H.xlsx,PT_IMPORT_2020-21,22,2026-08-21T15:32:18.927906+00:00,1.0
2020-05-01,2020,2020-21,May,Petcoke,IMPORT,1891.4531200000001,Thousand Metric Tonnes (TMT),PPAC,1751964547_PT_IMPORT_TMT_H.xlsx,PT_IMPORT_2020-21,22,2026-08-21T15:32:18.927906+00:00,1.0
2020-06-01,2020,2020-21,June,Petcoke,IMPORT,705.5116300000002,Thousand Metric Tonnes (TMT),PPAC,1751964547_PT_IMPORT_TMT_H.xlsx,PT_IMPORT_2020-21,22,2026-08-21T15:32:18.927906+00:00,1.0
2020-07-01,2020,2020-21,July,Petcoke,IMPORT,875.06268,Thousand Metric Tonnes (TMT),PPAC,1751964547_PT_IMPORT_TMT_H.xlsx,PT_IMPORT_2020-21,22,2026-08-21T15:32:18.927906+00:00,1.0
2020-08-01,2020,2020-21,August,Petcoke,IMPORT,864.44322,Thousand Metric Tonnes (TMT),PPAC,1751964547_PT_IMPORT_TMT_H.xlsx,PT_IMPORT_2020-21,22,2026-08-21T15:32:18.927906+00:00,1.0
2020-09-01,2020,2020-21,September,Petcoke,IMPORT,616.5473399999998,Thousand Metric Tonnes (TMT),PPAC,1751964547_PT_IMPORT_TMT_H.xlsx,PT_IMPORT_2020-21,22,2026-08-21T15:32:18.927906+00:00,1.0
2020-10-01,2020,2020-21,October,Petcoke,IMPORT,747.375,Thousand Metric Tonnes (TMT),PPAC,1751964547_PT_IMPORT_TMT_H.xlsx,PT_IMPORT_2020-21,22,2026-08-21T15:32:18.927906+00:00,1.0
2020-11-01,2020,2020-21,November,Petcoke,IMPORT,597.1228,Thousand Metric Tonnes (TMT),PPAC,1751964547_PT_IMPORT_TMT_H.xlsx,PT_IMPORT_2020-21,22,2026-08-21T15:32:18.927906+00:00,1.0
2020-12-01,2020,2020-21,December,Petcoke,IMPORT,506.39,Thousand Metric Tonnes (TMT),PPAC,1751964547_PT_IMPORT_TMT_H.xlsx,PT_IMPORT_2020-21,22,2026-08-21T15:32:18.927906+00:00,1.0
2021-01-01,2021,2020-21,January,Petcoke,IMPORT,256.36696,Thousand Metric Tonnes (TMT),PPAC,1751964547_PT_IMPORT_TMT_H.xlsx,PT_IMPORT_2020-21,22,2026-08-21T15:32:18.927906+00:00,1.0
2021-02-01,2021,2020-21,February,Petcoke,IMPORT,86.49099,Thousand Metric Tonnes (TMT),PPAC,1751964547_PT_IMPORT_TMT_H.xlsx,PT_IMPORT_2020-21,22,2026-08-21T15:32:18.927906+00:00,1.0
2021-03-01,2021,2020-21,March,Petcoke,IMPORT,552.8621449999999,Thousand Metric Tonnes (TMT),PPAC,1751964547_PT_IMPORT_TMT_H.xlsx,PT_IMPORT_2020-21,22,2026-08-21T15:32:18.927906+00:00,1.0
2020-04-01,2020,2020-21,April,Others&,IMPORT,215.801786,Thousand Metric Tonnes (TMT),PPAC,1751964547_PT_IMPORT_TMT_H.xlsx,PT_IMPORT_2020-21,23,2026-08-21T15:32:18.927906+00:00,1.0
2020-05-01,2020,2020-21,May,Others&,IMPORT,164.920798,Thousand Metric Tonnes (TMT),PPAC,1751964547_PT_IMPORT_TMT_H.xlsx,PT_IMPORT_2020-21,23,2026-08-21T15:32:18.927906+00:00,1.0
2020-06-01,2020,2020-21,June,Others&,IMPORT,321.683127,Thousand Metric Tonnes (TMT),PPAC,1751964547_PT_IMPORT_TMT_H.xlsx,PT_IMPORT_2020-21,23,2026-08-21T15:32:18.927906+00:00,1.0
2020-07-01,2020,2020-21,July,Others&,IMPORT,292.299417,Thousand Metric Tonnes (TMT),PPAC,1751964547_PT_IMPORT_TMT_H.xlsx,PT_IMPORT_2020-21,23,2026-08-21T15:32:18.927906+00:00,1.0
2020-08-01,2020,2020-21,August,Others&,IMPORT,177.576774,Thousand Metric Tonnes (TMT),PPAC,1751964547_PT_IMPORT_TMT_H.xlsx,PT_IMPORT_2020-21,23,2026-08-21T15:32:18.927906+00:00,1.0
2020-09-01,2020,2020-21,September,Others&,IMPORT,100.510989,Thousand Metric Tonnes (TMT),PPAC,1751964547_PT_IMPORT_TMT_H.xlsx,PT_IMPORT_2020-21,23,2026-08-21T15:32:18.927906+00:00,1.0
2020-10-01,2020,2020-21,October,Others&,IMPORT,175.237152,Thousand Metric Tonnes (TMT),PPAC,1751964547_PT_IMPORT_TMT_H.xlsx,PT_IMPORT_2020-21,23,2026-08-21T15:32:18.927906+00:00,1.0
2020-11-01,2020,2020-21,November,Others&,IMPORT,1744.7999939999995,Thousand Metric Tonnes (TMT),PPAC,1751964547_PT_IMPORT_TMT_H.xlsx,PT_IMPORT_2020-21,23,2026-08-21T15:32:18.927906+00:00,1.0
2020-12-01,2020,2020-21,December,Others&,IMPORT,111.644073,Thousand Metric Tonnes (TMT),PPAC,1751964547_PT_IMPORT_TMT_H.xlsx,PT_IMPORT_2020-21,23,2026-08-21T15:32:18.927906+00:00,1.0
2021-01-01,2021,2020-21,January,Others&,IMPORT,241.08124600000002,Thousand Metric Tonnes (TMT),PPAC,1751964547_PT_IMPORT_TMT_H.xlsx,PT_IMPORT_2020-21,23,2026-08-21T15:32:18.927906+00:00,1.0
2021-02-01,2021,2020-21,February,Others&,IMPORT,242.74459900000002,Thousand Metric Tonnes (TMT),PPAC,1751964547_PT_IMPORT_TMT_H.xlsx,PT_IMPORT_2020-21,23,2026-08-21T15:32:18.927906+00:00,1.0
2021-03-01,2021,2020-21,March,Others&,IMPORT,324.03295,Thousand Metric Tonnes (TMT),PPAC,1751964547_PT_IMPORT_TMT_H.xlsx,PT_IMPORT_2020-21,23,2026-08-21T15:32:18.927906+00:00,1.0
2020-04-01,2020,2020-21,April,LPG,EXPORT,35.218480999999905,Thousand Metric Tonnes (TMT),PPAC,1751964547_PT_IMPORT_TMT_H.xlsx,PT_IMPORT_2020-21,27,2026-08-21T15:32:18.927906+00:00,1.0
2020-05-01,2020,2020-21,May,LPG,EXPORT,31.677288999999924,Thousand Metric Tonnes (TMT),PPAC,1751964547_PT_IMPORT_TMT_H.xlsx,PT_IMPORT_2020-21,27,2026-08-21T15:32:18.927906+00:00,1.0
2020-06-01,2020,2020-21,June,LPG,EXPORT,31.576374999999928,Thousand Metric Tonnes (TMT),PPAC,1751964547_PT_IMPORT_TMT_H.xlsx,PT_IMPORT_2020-21,27,2026-08-21T15:32:18.927906+00:00,1.0
2020-07-01,2020,2020-21,July,LPG,EXPORT,30.852570999999926,Thousand Metric Tonnes (TMT),PPAC,1751964547_PT_IMPORT_TMT_H.xlsx,PT_IMPORT_2020-21,27,2026-08-21T15:32:18.927906+00:00,1.0
2020-08-01,2020,2020-21,August,LPG,EXPORT,34.14285199999991,Thousand Metric Tonnes (TMT),PPAC,1751964547_PT_IMPORT_TMT_H.xlsx,PT_IMPORT_2020-21,27,2026-08-21T15:32:18.927906+00:00,1.0
2020-09-01,2020,2020-21,September,LPG,EXPORT,38.5299999999999,Thousand Metric Tonnes (TMT),PPAC,1751964547_PT_IMPORT_TMT_H.xlsx,PT_IMPORT_2020-21,27,2026-08-21T15:32:18.927906+00:00,1.0
2020-10-01,2020,2020-21,October,LPG,EXPORT,36.183868000000004,Thousand Metric Tonnes (TMT),PPAC,1751964547_PT_IMPORT_TMT_H.xlsx,PT_IMPORT_2020-21,27,2026-08-21T15:32:18.927906+00:00,1.0
2020-11-01,2020,2020-21,November,LPG,EXPORT,38.65506599999996,Thousand Metric Tonnes (TMT),PPAC,1751964547_PT_IMPORT_TMT_H.xlsx,PT_IMPORT_2020-21,27,2026-08-21T15:32:18.927906+00:00,1.0
2020-12-01,2020,2020-21,December,LPG,EXPORT,40.80869699999995,Thousand Metric Tonnes (TMT),PPAC,1751964547_PT_IMPORT_TMT_H.xlsx,PT_IMPORT_2020-21,27,2026-08-21T15:32:18.927906+00:00,1.0
2021-01-01,2021,2020-21,January,LPG,EXPORT,46.09008499999994,Thousand Metric Tonnes (TMT),PPAC,1751964547_PT_IMPORT_TMT_H.xlsx,PT_IMPORT_2020-21,27,2026-08-21T15:32:18.927906+00:00,1.0
2021-02-01,2021,2020-21,February,LPG,EXPORT,41.266908999999956,Thousand Metric Tonnes (TMT),PPAC,1751964547_PT_IMPORT_TMT_H.xlsx,PT_IMPORT_2020-21,27,2026-08-21T15:32:18.927906+00:00,1.0
2021-03-01,2021,2020-21,March,LPG,EXPORT,46.98433399999996,Thousand Metric Tonnes (TMT),PPAC,1751964547_PT_IMPORT_TMT_H.xlsx,PT_IMPORT_2020-21,27,2026-08-21T15:32:18.927906+00:00,1.0
2020-04-01,2020,2020-21,April,MS!,EXPORT,932.0395226489634,Thousand Metric Tonnes (TMT),PPAC,1751964547_PT_IMPORT_TMT_H.xlsx,PT_IMPORT_2020-21,28,2026-08-21T15:32:18.927906+00:00,1.0
2020-05-01,2020,2020-21,May,MS!,EXPORT,1108.449701481266,Thousand Metric Tonnes (TMT),PPAC,1751964547_PT_IMPORT_TMT_H.xlsx,PT_IMPORT_2020-21,28,2026-08-21T15:32:18.927906+00:00,1.0
2020-06-01,2020,2020-21,June,MS!,EXPORT,985.3299743524917,Thousand Metric Tonnes (TMT),PPAC,1751964547_PT_IMPORT_TMT_H.xlsx,PT_IMPORT_2020-21,28,2026-08-21T15:32:18.927906+00:00,1.0
2020-07-01,2020,2020-21,July,MS!,EXPORT,1012.416397792288,Thousand Metric Tonnes (TMT),PPAC,1751964547_PT_IMPORT_TMT_H.xlsx,PT_IMPORT_2020-21,28,2026-08-21T15:32:18.927906+00:00,1.0
2020-08-01,2020,2020-21,August,MS!,EXPORT,874.3252580763914,Thousand Metric Tonnes (TMT),PPAC,1751964547_PT_IMPORT_TMT_H.xlsx,PT_IMPORT_2020-21,28,2026-08-21T15:32:18.927906+00:00,1.0
2020-09-01,2020,2020-21,September,MS!,EXPORT,984.3413977489996,Thousand Metric Tonnes (TMT),PPAC,1751964547_PT_IMPORT_TMT_H.xlsx,PT_IMPORT_2020-21,28,2026-08-21T15:32:18.927906+00:00,1.0
2020-10-01,2020,2020-21,October,MS!,EXPORT,797.0727854645327,Thousand Metric Tonnes (TMT),PPAC,1751964547_PT_IMPORT_TMT_H.xlsx,PT_IMPORT_2020-21,28,2026-08-21T15:32:18.927906+00:00,1.0
2020-11-01,2020,2020-21,November,MS!,EXPORT,894.8033601727901,Thousand Metric Tonnes (TMT),PPAC,1751964547_PT_IMPORT_TMT_H.xlsx,PT_IMPORT_2020-21,28,2026-08-21T15:32:18.927906+00:00,1.0
2020-12-01,2020,2020-21,December,MS!,EXPORT,953.5393673997817,Thousand Metric Tonnes (TMT),PPAC,1751964547_PT_IMPORT_TMT_H.xlsx,PT_IMPORT_2020-21,28,2026-08-21T15:32:18.927906+00:00,1.0
2021-01-01,2021,2020-21,January,MS!,EXPORT,889.6265045623863,Thousand Metric Tonnes (TMT),PPAC,1751964547_PT_IMPORT_TMT_H.xlsx,PT_IMPORT_2020-21,28,2026-08-21T15:32:18.927906+00:00,1.0
2021-02-01,2021,2020-21,February,MS!,EXPORT,883.6530542444525,Thousand Metric Tonnes (TMT),PPAC,1751964547_PT_IMPORT_TMT_H.xlsx,PT_IMPORT_2020-21,28,2026-08-21T15:32:18.927906+00:00,1.0
2021-03-01,2021,2020-21,March,MS!,EXPORT,1290.235953702801,Thousand Metric Tonnes (TMT),PPAC,1751964547_PT_IMPORT_TMT_H.xlsx,PT_IMPORT_2020-21,28,2026-08-21T15:32:18.927906+00:00,1.0
2020-04-01,2020,2020-21,April,Naphtha$,EXPORT,683.176321,Thousand Metric Tonnes (TMT),PPAC,1751964547_PT_IMPORT_TMT_H.xlsx,PT_IMPORT_2020-21,29,2026-08-21T15:32:18.927906+00:00,1.0
2020-05-01,2020,2020-21,May,Naphtha$,EXPORT,641.831297,Thousand Metric Tonnes (TMT),PPAC,1751964547_PT_IMPORT_TMT_H.xlsx,PT_IMPORT_2020-21,29,2026-08-21T15:32:18.927906+00:00,1.0
2020-06-01,2020,2020-21,June,Naphtha$,EXPORT,439.85251,Thousand Metric Tonnes (TMT),PPAC,1751964547_PT_IMPORT_TMT_H.xlsx,PT_IMPORT_2020-21,29,2026-08-21T15:32:18.927906+00:00,1.0
2020-07-01,2020,2020-21,July,Naphtha$,EXPORT,298.904404,Thousand Metric Tonnes (TMT),PPAC,1751964547_PT_IMPORT_TMT_H.xlsx,PT_IMPORT_2020-21,29,2026-08-21T15:32:18.927906+00:00,1.0
2020-08-01,2020,2020-21,August,Naphtha$,EXPORT,547.195492,Thousand Metric Tonnes (TMT),PPAC,1751964547_PT_IMPORT_TMT_H.xlsx,PT_IMPORT_2020-21,29,2026-08-21T15:32:18.927906+00:00,1.0
2020-09-01,2020,2020-21,September,Naphtha$,EXPORT,608.647724,Thousand Metric Tonnes (TMT),PPAC,1751964547_PT_IMPORT_TMT_H.xlsx,PT_IMPORT_2020-21,29,2026-08-21T15:32:18.927906+00:00,1.0
2020-10-01,2020,2020-21,October,Naphtha$,EXPORT,283.536241,Thousand Metric Tonnes (TMT),PPAC,1751964547_PT_IMPORT_TMT_H.xlsx,PT_IMPORT_2020-21,29,2026-08-21T15:32:18.927906+00:00,1.0
2020-11-01,2020,2020-21,November,Naphtha$,EXPORT,441.8545230000001,Thousand Metric Tonnes (TMT),PPAC,1751964547_PT_IMPORT_TMT_H.xlsx,PT_IMPORT_2020-21,29,2026-08-21T15:32:18.927906+00:00,1.0
2020-12-01,2020,2020-21,December,Naphtha$,EXPORT,610.969204,Thousand Metric Tonnes (TMT),PPAC,1751964547_PT_IMPORT_TMT_H.xlsx,PT_IMPORT_2020-21,29,2026-08-21T15:32:18.927906+00:00,1.0
2021-01-01,2021,2020-21,January,Naphtha$,EXPORT,598.954004,Thousand Metric Tonnes (TMT),PPAC,1751964547_PT_IMPORT_TMT_H.xlsx,PT_IMPORT_2020-21,29,2026-08-21T15:32:18.927906+00:00,1.0
2021-02-01,2021,2020-21,February,Naphtha$,EXPORT,553.008424,Thousand Metric Tonnes (TMT),PPAC,1751964547_PT_IMPORT_TMT_H.xlsx,PT_IMPORT_2020-21,29,2026-08-21T15:32:18.927906+00:00,1.0
2021-03-01,2021,2020-21,March,Naphtha$,EXPORT,801.1822389999999,Thousand Metric Tonnes (TMT),PPAC,1751964547_PT_IMPORT_TMT_H.xlsx,PT_IMPORT_2020-21,29,2026-08-21T15:32:18.927906+00:00,1.0
2020-04-01,2020,2020-21,April,ATF#,EXPORT,439.36666370186333,Thousand Metric Tonnes (TMT),PPAC,1751964547_PT_IMPORT_TMT_H.xlsx,PT_IMPORT_2020-21,30,2026-08-21T15:32:18.927906+00:00,1.0
2020-05-01,2020,2020-21,May,ATF#,EXPORT,303.5182936024845,Thousand Metric Tonnes (TMT),PPAC,1751964547_PT_IMPORT_TMT_H.xlsx,PT_IMPORT_2020-21,30,2026-08-21T15:32:18.927906+00:00,1.0
2020-06-01,2020,2020-21,June,ATF#,EXPORT,254.5225352857143,Thousand Metric Tonnes (TMT),PPAC,1751964547_PT_IMPORT_TMT_H.xlsx,PT_IMPORT_2020-21,30,2026-08-21T15:32:18.927906+00:00,1.0
2020-07-01,2020,2020-21,July,ATF#,EXPORT,225.2549324596273,Thousand Metric Tonnes (TMT),PPAC,1751964547_PT_IMPORT_TMT_H.xlsx,PT_IMPORT_2020-21,30,2026-08-21T15:32:18.927906+00:00,1.0
2020-08-01,2020,2020-21,August,ATF#,EXPORT,141.1332010248447,Thousand Metric Tonnes (TMT),PPAC,1751964547_PT_IMPORT_TMT_H.xlsx,PT_IMPORT_2020-21,30,2026-08-21T15:32:18.927906+00:00,1.0
2020-09-01,2020,2020-21,September,ATF#,EXPORT,267.0300391304348,Thousand Metric Tonnes (TMT),PPAC,1751964547_PT_IMPORT_TMT_H.xlsx,PT_IMPORT_2020-21,30,2026-08-21T15:32:18.927906+00:00,1.0
2020-10-01,2020,2020-21,October,ATF#,EXPORT,176.2582381055901,Thousand Metric Tonnes (TMT),PPAC,1751964547_PT_IMPORT_TMT_H.xlsx,PT_IMPORT_2020-21,30,2026-08-21T15:32:18.927906+00:00,1.0
2020-11-01,2020,2020-21,November,ATF#,EXPORT,273.30838789441,Thousand Metric Tonnes (TMT),PPAC,1751964547_PT_IMPORT_TMT_H.xlsx,PT_IMPORT_2020-21,30,2026-08-21T15:32:18.927906+00:00,1.0
2020-12-01,2020,2020-21,December,ATF#,EXPORT,313.8072042546584,Thousand Metric Tonnes (TMT),PPAC,1751964547_PT_IMPORT_TMT_H.xlsx,PT_IMPORT_2020-21,30,2026-08-21T15:32:18.927906+00:00,1.0
2021-01-01,2021,2020-21,January,ATF#,EXPORT,304.149289447205,Thousand Metric Tonnes (TMT),PPAC,1751964547_PT_IMPORT_TMT_H.xlsx,PT_IMPORT_2020-21,30,2026-08-21T15:32:18.927906+00:00,1.0
2021-02-01,2021,2020-21,February,ATF#,EXPORT,433.4506889813665,Thousand Metric Tonnes (TMT),PPAC,1751964547_PT_IMPORT_TMT_H.xlsx,PT_IMPORT_2020-21,30,2026-08-21T15:32:18.927906+00:00,1.0
2021-03-01,2021,2020-21,March,ATF#,EXPORT,412.5882599378882,Thousand Metric Tonnes (TMT),PPAC,1751964547_PT_IMPORT_TMT_H.xlsx,PT_IMPORT_2020-21,30,2026-08-21T15:32:18.927906+00:00,1.0
2020-04-01,2020,2020-21,April,SKO,EXPORT,0.03131605730838487,Thousand Metric Tonnes (TMT),PPAC,1751964547_PT_IMPORT_TMT_H.xlsx,PT_IMPORT_2020-21,31,2026-08-21T15:32:18.927906+00:00,1.0
2020-05-01,2020,2020-21,May,SKO,EXPORT,0.04697408596257731,Thousand Metric Tonnes (TMT),PPAC,1751964547_PT_IMPORT_TMT_H.xlsx,PT_IMPORT_2020-21,31,2026-08-21T15:32:18.927906+00:00,1.0
2020-06-01,2020,2020-21,June,SKO,EXPORT,0.8643231817114224,Thousand Metric Tonnes (TMT),PPAC,1751964547_PT_IMPORT_TMT_H.xlsx,PT_IMPORT_2020-21,31,2026-08-21T15:32:18.927906+00:00,1.0
2020-07-01,2020,2020-21,July,SKO,EXPORT,1.5188287794566664,Thousand Metric Tonnes (TMT),PPAC,1751964547_PT_IMPORT_TMT_H.xlsx,PT_IMPORT_2020-21,31,2026-08-21T15:32:18.927906+00:00,1.0
2020-08-01,2020,2020-21,August,SKO,EXPORT,0.6983480779769826,Thousand Metric Tonnes (TMT),PPAC,1751964547_PT_IMPORT_TMT_H.xlsx,PT_IMPORT_2020-21,31,2026-08-21T15:32:18.927906+00:00,1.0
2020-09-01,2020,2020-21,September,SKO,EXPORT,0.6451107805527283,Thousand Metric Tonnes (TMT),PPAC,1751964547_PT_IMPORT_TMT_H.xlsx,PT_IMPORT_2020-21,31,2026-08-21T15:32:18.927906+00:00,1.0
2020-10-01,2020,2020-21,October,SKO,EXPORT,2.2547561262037106,Thousand Metric Tonnes (TMT),PPAC,1751964547_PT_IMPORT_TMT_H.xlsx,PT_IMPORT_2020-21,31,2026-08-21T15:32:18.927906+00:00,1.0
2020-11-01,2020,2020-21,November,SKO,EXPORT,1.8946214671572847,Thousand Metric Tonnes (TMT),PPAC,1751964547_PT_IMPORT_TMT_H.xlsx,PT_IMPORT_2020-21,31,2026-08-21T15:32:18.927906+00:00,1.0
2020-12-01,2020,2020-21,December,SKO,EXPORT,2.145149925624364,Thousand Metric Tonnes (TMT),PPAC,1751964547_PT_IMPORT_TMT_H.xlsx,PT_IMPORT_2020-21,31,2026-08-21T15:32:18.927906+00:00,1.0
2021-01-01,2021,2020-21,January,SKO,EXPORT,1.8883582556956078,Thousand Metric Tonnes (TMT),PPAC,1751964547_PT_IMPORT_TMT_H.xlsx,PT_IMPORT_2020-21,31,2026-08-21T15:32:18.927906+00:00,1.0
2021-02-01,2021,2020-21,February,SKO,EXPORT,1.4029593674156422,Thousand Metric Tonnes (TMT),PPAC,1751964547_PT_IMPORT_TMT_H.xlsx,PT_IMPORT_2020-21,31,2026-08-21T15:32:18.927906+00:00,1.0
2021-03-01,2021,2020-21,March,SKO,EXPORT,1.7380411806153604,Thousand Metric Tonnes (TMT),PPAC,1751964547_PT_IMPORT_TMT_H.xlsx,PT_IMPORT_2020-21,31,2026-08-21T15:32:18.927906+00:00,1.0
2020-04-01,2020,2020-21,April,HSD,EXPORT,3403.6094409683064,Thousand Metric Tonnes (TMT),PPAC,1751964547_PT_IMPORT_TMT_H.xlsx,PT_IMPORT_2020-21,32,2026-08-21T15:32:18.927906+00:00,1.0
2020-05-01,2020,2020-21,May,HSD,EXPORT,2785.951994352794,Thousand Metric Tonnes (TMT),PPAC,1751964547_PT_IMPORT_TMT_H.xlsx,PT_IMPORT_2020-21,32,2026-08-21T15:32:18.927906+00:00,1.0
2020-06-01,2020,2020-21,June,HSD,EXPORT,2094.046960362802,Thousand Metric Tonnes (TMT),PPAC,1751964547_PT_IMPORT_TMT_H.xlsx,PT_IMPORT_2020-21,32,2026-08-21T15:32:18.927906+00:00,1.0
2020-07-01,2020,2020-21,July,HSD,EXPORT,2057.700435740617,Thousand Metric Tonnes (TMT),PPAC,1751964547_PT_IMPORT_TMT_H.xlsx,PT_IMPORT_2020-21,32,2026-08-21T15:32:18.927906+00:00,1.0
2020-08-01,2020,2020-21,August,HSD,EXPORT,2789.5831246964135,Thousand Metric Tonnes (TMT),PPAC,1751964547_PT_IMPORT_TMT_H.xlsx,PT_IMPORT_2020-21,32,2026-08-21T15:32:18.927906+00:00,1.0
2020-09-01,2020,2020-21,September,HSD,EXPORT,2672.8326966989157,Thousand Metric Tonnes (TMT),PPAC,1751964547_PT_IMPORT_TMT_H.xlsx,PT_IMPORT_2020-21,32,2026-08-21T15:32:18.927906+00:00,1.0
2020-10-01,2020,2020-21,October,HSD,EXPORT,2372.989182099249,Thousand Metric Tonnes (TMT),PPAC,1751964547_PT_IMPORT_TMT_H.xlsx,PT_IMPORT_2020-21,32,2026-08-21T15:32:18.927906+00:00,1.0
2020-11-01,2020,2020-21,November,HSD,EXPORT,2244.019141822296,Thousand Metric Tonnes (TMT),PPAC,1751964547_PT_IMPORT_TMT_H.xlsx,PT_IMPORT_2020-21,32,2026-08-21T15:32:18.927906+00:00,1.0
2020-12-01,2020,2020-21,December,HSD,EXPORT,2652.7899105221018,Thousand Metric Tonnes (TMT),PPAC,1751964547_PT_IMPORT_TMT_H.xlsx,PT_IMPORT_2020-21,32,2026-08-21T15:32:18.927906+00:00,1.0
2021-01-01,2021,2020-21,January,HSD,EXPORT,2323.881417481471,Thousand Metric Tonnes (TMT),PPAC,1751964547_PT_IMPORT_TMT_H.xlsx,PT_IMPORT_2020-21,32,2026-08-21T15:32:18.927906+00:00,1.0
2021-02-01,2021,2020-21,February,HSD,EXPORT,2109.1638728281896,Thousand Metric Tonnes (TMT),PPAC,1751964547_PT_IMPORT_TMT_H.xlsx,PT_IMPORT_2020-21,32,2026-08-21T15:32:18.927906+00:00,1.0
2021-03-01,2021,2020-21,March,HSD,EXPORT,3069.312110335172,Thousand Metric Tonnes (TMT),PPAC,1751964547_PT_IMPORT_TMT_H.xlsx,PT_IMPORT_2020-21,32,2026-08-21T15:32:18.927906+00:00,1.0
2020-04-01,2020,2020-21,April,LDO,EXPORT,0.0,Thousand Metric Tonnes (TMT),PPAC,1751964547_PT_IMPORT_TMT_H.xlsx,PT_IMPORT_2020-21,33,2026-08-21T15:32:18.927906+00:00,1.0
2020-05-01,2020,2020-21,May,LDO,EXPORT,0.0,Thousand Metric Tonnes (TMT),PPAC,1751964547_PT_IMPORT_TMT_H.xlsx,PT_IMPORT_2020-21,33,2026-08-21T15:32:18.927906+00:00,1.0
2020-06-01,2020,2020-21,June,LDO,EXPORT,0.0,Thousand Metric Tonnes (TMT),PPAC,1751964547_PT_IMPORT_TMT_H.xlsx,PT_IMPORT_2020-21,33,2026-08-21T15:32:18.927906+00:00,1.0
2020-07-01,2020,2020-21,July,LDO,EXPORT,0.0,Thousand Metric Tonnes (TMT),PPAC,1751964547_PT_IMPORT_TMT_H.xlsx,PT_IMPORT_2020-21,33,2026-08-21T15:32:18.927906+00:00,1.0
2020-08-01,2020,2020-21,August,LDO,EXPORT,0.0,Thousand Metric Tonnes (TMT),PPAC,1751964547_PT_IMPORT_TMT_H.xlsx,PT_IMPORT_2020-21,33,2026-08-21T15:32:18.927906+00:00,1.0
2020-09-01,2020,2020-21,September,LDO,EXPORT,0.0,Thousand Metric Tonnes (TMT),PPAC,1751964547_PT_IMPORT_TMT_H.xlsx,PT_IMPORT_2020-21,33,2026-08-21T15:32:18.927906+00:00,1.0
2020-10-01,2020,2020-21,October,LDO,EXPORT,0.0,Thousand Metric Tonnes (TMT),PPAC,1751964547_PT_IMPORT_TMT_H.xlsx,PT_IMPORT_2020-21,33,2026-08-21T15:32:18.927906+00:00,1.0
2020-11-01,2020,2020-21,November,LDO,EXPORT,0.0,Thousand Metric Tonnes (TMT),PPAC,1751964547_PT_IMPORT_TMT_H.xlsx,PT_IMPORT_2020-21,33,2026-08-21T15:32:18.927906+00:00,1.0
2020-12-01,2020,2020-21,December,LDO,EXPORT,0.0,Thousand Metric Tonnes (TMT),PPAC,1751964547_PT_IMPORT_TMT_H.xlsx,PT_IMPORT_2020-21,33,2026-08-21T15:32:18.927906+00:00,1.0
2021-01-01,2021,2020-21,January,LDO,EXPORT,0.0,Thousand Metric Tonnes (TMT),PPAC,1751964547_PT_IMPORT_TMT_H.xlsx,PT_IMPORT_2020-21,33,2026-08-21T15:32:18.927906+00:00,1.0
2021-02-01,2021,2020-21,February,LDO,EXPORT,0.0,Thousand Metric Tonnes (TMT),PPAC,1751964547_PT_IMPORT_TMT_H.xlsx,PT_IMPORT_2020-21,33,2026-08-21T15:32:18.927906+00:00,1.0
2021-03-01,2021,2020-21,March,LDO,EXPORT,0.0,Thousand Metric Tonnes (TMT),PPAC,1751964547_PT_IMPORT_TMT_H.xlsx,PT_IMPORT_2020-21,33,2026-08-21T15:32:18.927906+00:00,1.0
2020-04-01,2020,2020-21,April,LOBS/ Lube Oil,EXPORT,0.0,Thousand Metric Tonnes (TMT),PPAC,1751964547_PT_IMPORT_TMT_H.xlsx,PT_IMPORT_2020-21,34,2026-08-21T15:32:18.927906+00:00,1.0
2020-05-01,2020,2020-21,May,LOBS/ Lube Oil,EXPORT,2.741015,Thousand Metric Tonnes (TMT),PPAC,1751964547_PT_IMPORT_TMT_H.xlsx,PT_IMPORT_2020-21,34,2026-08-21T15:32:18.927906+00:00,1.0
2020-06-01,2020,2020-21,June,LOBS/ Lube Oil,EXPORT,4.80074,Thousand Metric Tonnes (TMT),PPAC,1751964547_PT_IMPORT_TMT_H.xlsx,PT_IMPORT_2020-21,34,2026-08-21T15:32:18.927906+00:00,1.0
2020-07-01,2020,2020-21,July,LOBS/ Lube Oil,EXPORT,3.28507,Thousand Metric Tonnes (TMT),PPAC,1751964547_PT_IMPORT_TMT_H.xlsx,PT_IMPORT_2020-21,34,2026-08-21T15:32:18.927906+00:00,1.0
2020-08-01,2020,2020-21,August,LOBS/ Lube Oil,EXPORT,0.45598999999999995,Thousand Metric Tonnes (TMT),PPAC,1751964547_PT_IMPORT_TMT_H.xlsx,PT_IMPORT_2020-21,34,2026-08-21T15:32:18.927906+00:00,1.0
2020-09-01,2020,2020-21,September,LOBS/ Lube Oil,EXPORT,0.56444,Thousand Metric Tonnes (TMT),PPAC,1751964547_PT_IMPORT_TMT_H.xlsx,PT_IMPORT_2020-21,34,2026-08-21T15:32:18.927906+00:00,1.0
2020-10-01,2020,2020-21,October,LOBS/ Lube Oil,EXPORT,0.56357,Thousand Metric Tonnes (TMT),PPAC,1751964547_PT_IMPORT_TMT_H.xlsx,PT_IMPORT_2020-21,34,2026-08-21T15:32:18.927906+00:00,1.0
2020-11-01,2020,2020-21,November,LOBS/ Lube Oil,EXPORT,0.45248,Thousand Metric Tonnes (TMT),PPAC,1751964547_PT_IMPORT_TMT_H.xlsx,PT_IMPORT_2020-21,34,2026-08-21T15:32:18.927906+00:00,1.0
2020-12-01,2020,2020-21,December,LOBS/ Lube Oil,EXPORT,0.39021000000000006,Thousand Metric Tonnes (TMT),PPAC,1751964547_PT_IMPORT_TMT_H.xlsx,PT_IMPORT_2020-21,34,2026-08-21T15:32:18.927906+00:00,1.0
2021-01-01,2021,2020-21,January,LOBS/ Lube Oil,EXPORT,0.39258000000000004,Thousand Metric Tonnes (TMT),PPAC,1751964547_PT_IMPORT_TMT_H.xlsx,PT_IMPORT_2020-21,34,2026-08-21T15:32:18.927906+00:00,1.0
2021-02-01,2021,2020-21,February,LOBS/ Lube Oil,EXPORT,0.5297000000000001,Thousand Metric Tonnes (TMT),PPAC,1751964547_PT_IMPORT_TMT_H.xlsx,PT_IMPORT_2020-21,34,2026-08-21T15:32:18.927906+00:00,1.0
2021-03-01,2021,2020-21,March,LOBS/ Lube Oil,EXPORT,0.6882900000000001,Thousand Metric Tonnes (TMT),PPAC,1751964547_PT_IMPORT_TMT_H.xlsx,PT_IMPORT_2020-21,34,2026-08-21T15:32:18.927906+00:00,1.0
2020-04-01,2020,2020-21,April,Fuel Oil,EXPORT,178.26672200000002,Thousand Metric Tonnes (TMT),PPAC,1751964547_PT_IMPORT_TMT_H.xlsx,PT_IMPORT_2020-21,35,2026-08-21T15:32:18.927906+00:00,1.0
2020-05-01,2020,2020-21,May,Fuel Oil,EXPORT,234.98770299999998,Thousand Metric Tonnes (TMT),PPAC,1751964547_PT_IMPORT_TMT_H.xlsx,PT_IMPORT_2020-21,35,2026-08-21T15:32:18.927906+00:00,1.0
2020-06-01,2020,2020-21,June,Fuel Oil,EXPORT,136.50741299999999,Thousand Metric Tonnes (TMT),PPAC,1751964547_PT_IMPORT_TMT_H.xlsx,PT_IMPORT_2020-21,35,2026-08-21T15:32:18.927906+00:00,1.0
2020-07-01,2020,2020-21,July,Fuel Oil,EXPORT,61.772878,Thousand Metric Tonnes (TMT),PPAC,1751964547_PT_IMPORT_TMT_H.xlsx,PT_IMPORT_2020-21,35,2026-08-21T15:32:18.927906+00:00,1.0
2020-08-01,2020,2020-21,August,Fuel Oil,EXPORT,0.0,Thousand Metric Tonnes (TMT),PPAC,1751964547_PT_IMPORT_TMT_H.xlsx,PT_IMPORT_2020-21,35,2026-08-21T15:32:18.927906+00:00,1.0
2020-09-01,2020,2020-21,September,Fuel Oil,EXPORT,21.253776000000002,Thousand Metric Tonnes (TMT),PPAC,1751964547_PT_IMPORT_TMT_H.xlsx,PT_IMPORT_2020-21,35,2026-08-21T15:32:18.927906+00:00,1.0
2020-10-01,2020,2020-21,October,Fuel Oil,EXPORT,81.622907,Thousand Metric Tonnes (TMT),PPAC,1751964547_PT_IMPORT_TMT_H.xlsx,PT_IMPORT_2020-21,35,2026-08-21T15:32:18.927906+00:00,1.0
2020-11-01,2020,2020-21,November,Fuel Oil,EXPORT,28.281596,Thousand Metric Tonnes (TMT),PPAC,1751964547_PT_IMPORT_TMT_H.xlsx,PT_IMPORT_2020-21,35,2026-08-21T15:32:18.927906+00:00,1.0
2020-12-01,2020,2020-21,December,Fuel Oil,EXPORT,48.131989999999995,Thousand Metric Tonnes (TMT),PPAC,1751964547_PT_IMPORT_TMT_H.xlsx,PT_IMPORT_2020-21,35,2026-08-21T15:32:18.927906+00:00,1.0
2021-01-01,2021,2020-21,January,Fuel Oil,EXPORT,111.553541,Thousand Metric Tonnes (TMT),PPAC,1751964547_PT_IMPORT_TMT_H.xlsx,PT_IMPORT_2020-21,35,2026-08-21T15:32:18.927906+00:00,1.0
2021-02-01,2021,2020-21,February,Fuel Oil,EXPORT,74.669358,Thousand Metric Tonnes (TMT),PPAC,1751964547_PT_IMPORT_TMT_H.xlsx,PT_IMPORT_2020-21,35,2026-08-21T15:32:18.927906+00:00,1.0
2021-03-01,2021,2020-21,March,Fuel Oil,EXPORT,200.32296999999997,Thousand Metric Tonnes (TMT),PPAC,1751964547_PT_IMPORT_TMT_H.xlsx,PT_IMPORT_2020-21,35,2026-08-21T15:32:18.927906+00:00,1.0
2020-04-01,2020,2020-21,April,Bitumen,EXPORT,0.0,Thousand Metric Tonnes (TMT),PPAC,1751964547_PT_IMPORT_TMT_H.xlsx,PT_IMPORT_2020-21,36,2026-08-21T15:32:18.927906+00:00,1.0
2020-05-01,2020,2020-21,May,Bitumen,EXPORT,0.0,Thousand Metric Tonnes (TMT),PPAC,1751964547_PT_IMPORT_TMT_H.xlsx,PT_IMPORT_2020-21,36,2026-08-21T15:32:18.927906+00:00,1.0
2020-06-01,2020,2020-21,June,Bitumen,EXPORT,0.0,Thousand Metric Tonnes (TMT),PPAC,1751964547_PT_IMPORT_TMT_H.xlsx,PT_IMPORT_2020-21,36,2026-08-21T15:32:18.927906+00:00,1.0
2020-07-01,2020,2020-21,July,Bitumen,EXPORT,0.0,Thousand Metric Tonnes (TMT),PPAC,1751964547_PT_IMPORT_TMT_H.xlsx,PT_IMPORT_2020-21,36,2026-08-21T15:32:18.927906+00:00,1.0
2020-08-01,2020,2020-21,August,Bitumen,EXPORT,0.0,Thousand Metric Tonnes (TMT),PPAC,1751964547_PT_IMPORT_TMT_H.xlsx,PT_IMPORT_2020-21,36,2026-08-21T15:32:18.927906+00:00,1.0
2020-09-01,2020,2020-21,September,Bitumen,EXPORT,2.0386800000000003,Thousand Metric Tonnes (TMT),PPAC,1751964547_PT_IMPORT_TMT_H.xlsx,PT_IMPORT_2020-21,36,2026-08-21T15:32:18.927906+00:00,1.0
2020-10-01,2020,2020-21,October,Bitumen,EXPORT,2.0386800000000003,Thousand Metric Tonnes (TMT),PPAC,1751964547_PT_IMPORT_TMT_H.xlsx,PT_IMPORT_2020-21,36,2026-08-21T15:32:18.927906+00:00,1.0
2020-11-01,2020,2020-21,November,Bitumen,EXPORT,0.05631,Thousand Metric Tonnes (TMT),PPAC,1751964547_PT_IMPORT_TMT_H.xlsx,PT_IMPORT_2020-21,36,2026-08-21T15:32:18.927906+00:00,1.0
2020-12-01,2020,2020-21,December,Bitumen,EXPORT,2.2783100000000003,Thousand Metric Tonnes (TMT),PPAC,1751964547_PT_IMPORT_TMT_H.xlsx,PT_IMPORT_2020-21,36,2026-08-21T15:32:18.927906+00:00,1.0
2021-01-01,2021,2020-21,January,Bitumen,EXPORT,0.07798999999999999,Thousand Metric Tonnes (TMT),PPAC,1751964547_PT_IMPORT_TMT_H.xlsx,PT_IMPORT_2020-21,36,2026-08-21T15:32:18.927906+00:00,1.0
2021-02-01,2021,2020-21,February,Bitumen,EXPORT,0.0233,Thousand Metric Tonnes (TMT),PPAC,1751964547_PT_IMPORT_TMT_H.xlsx,PT_IMPORT_2020-21,36,2026-08-21T15:32:18.927906+00:00,1.0
2021-03-01,2021,2020-21,March,Bitumen,EXPORT,0.43119999999999997,Thousand Metric Tonnes (TMT),PPAC,1751964547_PT_IMPORT_TMT_H.xlsx,PT_IMPORT_2020-21,36,2026-08-21T15:32:18.927906+00:00,1.0
2020-04-01,2020,2020-21,April,Petcoke / CBFS,EXPORT,59.4,Thousand Metric Tonnes (TMT),PPAC,1751964547_PT_IMPORT_TMT_H.xlsx,PT_IMPORT_2020-21,37,2026-08-21T15:32:18.927906+00:00,1.0
2020-05-01,2020,2020-21,May,Petcoke / CBFS,EXPORT,207.068228,Thousand Metric Tonnes (TMT),PPAC,1751964547_PT_IMPORT_TMT_H.xlsx,PT_IMPORT_2020-21,37,2026-08-21T15:32:18.927906+00:00,1.0
2020-06-01,2020,2020-21,June,Petcoke / CBFS,EXPORT,241.89566599999998,Thousand Metric Tonnes (TMT),PPAC,1751964547_PT_IMPORT_TMT_H.xlsx,PT_IMPORT_2020-21,37,2026-08-21T15:32:18.927906+00:00,1.0
2020-07-01,2020,2020-21,July,Petcoke / CBFS,EXPORT,54.056889999999996,Thousand Metric Tonnes (TMT),PPAC,1751964547_PT_IMPORT_TMT_H.xlsx,PT_IMPORT_2020-21,37,2026-08-21T15:32:18.927906+00:00,1.0
2020-08-01,2020,2020-21,August,Petcoke / CBFS,EXPORT,6.82403,Thousand Metric Tonnes (TMT),PPAC,1751964547_PT_IMPORT_TMT_H.xlsx,PT_IMPORT_2020-21,37,2026-08-21T15:32:18.927906+00:00,1.0
2020-09-01,2020,2020-21,September,Petcoke / CBFS,EXPORT,5.55678,Thousand Metric Tonnes (TMT),PPAC,1751964547_PT_IMPORT_TMT_H.xlsx,PT_IMPORT_2020-21,37,2026-08-21T15:32:18.927906+00:00,1.0
2020-10-01,2020,2020-21,October,Petcoke / CBFS,EXPORT,0.13365000000000002,Thousand Metric Tonnes (TMT),PPAC,1751964547_PT_IMPORT_TMT_H.xlsx,PT_IMPORT_2020-21,37,2026-08-21T15:32:18.927906+00:00,1.0
2020-11-01,2020,2020-21,November,Petcoke / CBFS,EXPORT,0.23301,Thousand Metric Tonnes (TMT),PPAC,1751964547_PT_IMPORT_TMT_H.xlsx,PT_IMPORT_2020-21,37,2026-08-21T15:32:18.927906+00:00,1.0
2020-12-01,2020,2020-21,December,Petcoke / CBFS,EXPORT,0.35158000000000006,Thousand Metric Tonnes (TMT),PPAC,1751964547_PT_IMPORT_TMT_H.xlsx,PT_IMPORT_2020-21,37,2026-08-21T15:32:18.927906+00:00,1.0
2021-01-01,2021,2020-21,January,Petcoke / CBFS,EXPORT,0.7684,Thousand Metric Tonnes (TMT),PPAC,1751964547_PT_IMPORT_TMT_H.xlsx,PT_IMPORT_2020-21,37,2026-08-21T15:32:18.927906+00:00,1.0
2021-02-01,2021,2020-21,February,Petcoke / CBFS,EXPORT,0.80245,Thousand Metric Tonnes (TMT),PPAC,1751964547_PT_IMPORT_TMT_H.xlsx,PT_IMPORT_2020-21,37,2026-08-21T15:32:18.927906+00:00,1.0
2021-03-01,2021,2020-21,March,Petcoke / CBFS,EXPORT,0.227,Thousand Metric Tonnes (TMT),PPAC,1751964547_PT_IMPORT_TMT_H.xlsx,PT_IMPORT_2020-21,37,2026-08-21T15:32:18.927906+00:00,1.0
2020-04-01,2020,2020-21,April,Others%,EXPORT,309.203921,Thousand Metric Tonnes (TMT),PPAC,1751964547_PT_IMPORT_TMT_H.xlsx,PT_IMPORT_2020-21,38,2026-08-21T15:32:18.927906+00:00,1.0
2020-05-01,2020,2020-21,May,Others%,EXPORT,435.995961,Thousand Metric Tonnes (TMT),PPAC,1751964547_PT_IMPORT_TMT_H.xlsx,PT_IMPORT_2020-21,38,2026-08-21T15:32:18.927906+00:00,1.0
2020-06-01,2020,2020-21,June,Others%,EXPORT,224.42881899999998,Thousand Metric Tonnes (TMT),PPAC,1751964547_PT_IMPORT_TMT_H.xlsx,PT_IMPORT_2020-21,38,2026-08-21T15:32:18.927906+00:00,1.0
2020-07-01,2020,2020-21,July,Others%,EXPORT,174.894195,Thousand Metric Tonnes (TMT),PPAC,1751964547_PT_IMPORT_TMT_H.xlsx,PT_IMPORT_2020-21,38,2026-08-21T15:32:18.927906+00:00,1.0
2020-08-01,2020,2020-21,August,Others%,EXPORT,196.798158,Thousand Metric Tonnes (TMT),PPAC,1751964547_PT_IMPORT_TMT_H.xlsx,PT_IMPORT_2020-21,38,2026-08-21T15:32:18.927906+00:00,1.0
2020-09-01,2020,2020-21,September,Others%,EXPORT,198.01800400000002,Thousand Metric Tonnes (TMT),PPAC,1751964547_PT_IMPORT_TMT_H.xlsx,PT_IMPORT_2020-21,38,2026-08-21T15:32:18.927906+00:00,1.0
2020-10-01,2020,2020-21,October,Others%,EXPORT,87.30012,Thousand Metric Tonnes (TMT),PPAC,1751964547_PT_IMPORT_TMT_H.xlsx,PT_IMPORT_2020-21,38,2026-08-21T15:32:18.927906+00:00,1.0
2020-11-01,2020,2020-21,November,Others%,EXPORT,138.60664233699998,Thousand Metric Tonnes (TMT),PPAC,1751964547_PT_IMPORT_TMT_H.xlsx,PT_IMPORT_2020-21,38,2026-08-21T15:32:18.927906+00:00,1.0
2020-12-01,2020,2020-21,December,Others%,EXPORT,67.33091399999999,Thousand Metric Tonnes (TMT),PPAC,1751964547_PT_IMPORT_TMT_H.xlsx,PT_IMPORT_2020-21,38,2026-08-21T15:32:18.927906+00:00,1.0
2021-01-01,2021,2020-21,January,Others%,EXPORT,151.13209199999997,Thousand Metric Tonnes (TMT),PPAC,1751964547_PT_IMPORT_TMT_H.xlsx,PT_IMPORT_2020-21,38,2026-08-21T15:32:18.927906+00:00,1.0
2021-02-01,2021,2020-21,February,Others%,EXPORT,49.975519999999996,Thousand Metric Tonnes (TMT),PPAC,1751964547_PT_IMPORT_TMT_H.xlsx,PT_IMPORT_2020-21,38,2026-08-21T15:32:18.927906+00:00,1.0
2021-03-01,2021,2020-21,March,Others%,EXPORT,256.18992,Thousand Metric Tonnes (TMT),PPAC,1751964547_PT_IMPORT_TMT_H.xlsx,PT_IMPORT_2020-21,38,2026-08-21T15:32:18.927906+00:00,1.0
2019-04-01,2019,2019-20,April,CRUDE OIL,IMPORT,19711.975577446,Thousand Metric Tonnes (TMT),PPAC,1751964547_PT_IMPORT_TMT_H.xlsx,PT_IMPORT_2019-20,11,2026-08-21T15:32:18.944735+00:00,1.0
2019-05-01,2019,2019-20,May,CRUDE OIL,IMPORT,18869.481547122,Thousand Metric Tonnes (TMT),PPAC,1751964547_PT_IMPORT_TMT_H.xlsx,PT_IMPORT_2019-20,11,2026-08-21T15:32:18.944735+00:00,1.0
2019-06-01,2019,2019-20,June,CRUDE OIL,IMPORT,16865.532298727005,Thousand Metric Tonnes (TMT),PPAC,1751964547_PT_IMPORT_TMT_H.xlsx,PT_IMPORT_2019-20,11,2026-08-21T15:32:18.944735+00:00,1.0
2019-07-01,2019,2019-20,July,CRUDE OIL,IMPORT,19411.431345924,Thousand Metric Tonnes (TMT),PPAC,1751964547_PT_IMPORT_TMT_H.xlsx,PT_IMPORT_2019-20,11,2026-08-21T15:32:18.944735+00:00,1.0
2019-08-01,2019,2019-20,August,CRUDE OIL,IMPORT,19786.522951415,Thousand Metric Tonnes (TMT),PPAC,1751964547_PT_IMPORT_TMT_H.xlsx,PT_IMPORT_2019-20,11,2026-08-21T15:32:18.944735+00:00,1.0
2019-09-01,2019,2019-20,September,CRUDE OIL,IMPORT,16821.24956858015,Thousand Metric Tonnes (TMT),PPAC,1751964547_PT_IMPORT_TMT_H.xlsx,PT_IMPORT_2019-20,11,2026-08-21T15:32:18.944735+00:00,1.0
2019-10-01,2019,2019-20,October,CRUDE OIL,IMPORT,19303.123117737,Thousand Metric Tonnes (TMT),PPAC,1751964547_PT_IMPORT_TMT_H.xlsx,PT_IMPORT_2019-20,11,2026-08-21T15:32:18.944735+00:00,1.0
2019-11-01,2019,2019-20,November,CRUDE OIL,IMPORT,19171.159042249998,Thousand Metric Tonnes (TMT),PPAC,1751964547_PT_IMPORT_TMT_H.xlsx,PT_IMPORT_2019-20,11,2026-08-21T15:32:18.944735+00:00,1.0
2019-12-01,2019,2019-20,December,CRUDE OIL,IMPORT,18714.037728162,Thousand Metric Tonnes (TMT),PPAC,1751964547_PT_IMPORT_TMT_H.xlsx,PT_IMPORT_2019-20,11,2026-08-21T15:32:18.944735+00:00,1.0
2020-01-01,2020,2019-20,January,CRUDE OIL,IMPORT,20138.219020095,Thousand Metric Tonnes (TMT),PPAC,1751964547_PT_IMPORT_TMT_H.xlsx,PT_IMPORT_2019-20,11,2026-08-21T15:32:18.944735+00:00,1.0
2020-02-01,2020,2019-20,February,CRUDE OIL,IMPORT,18646.687177962,Thousand Metric Tonnes (TMT),PPAC,1751964547_PT_IMPORT_TMT_H.xlsx,PT_IMPORT_2019-20,11,2026-08-21T15:32:18.944735+00:00,1.0
2020-03-01,2020,2019-20,March,CRUDE OIL,IMPORT,19515.246140264,Thousand Metric Tonnes (TMT),PPAC,1751964547_PT_IMPORT_TMT_H.xlsx,PT_IMPORT_2019-20,11,2026-08-21T15:32:18.944735+00:00,1.0
2019-04-01,2019,2019-20,April,LPG,IMPORT,1262.380565,Thousand Metric Tonnes (TMT),PPAC,1751964547_PT_IMPORT_TMT_H.xlsx,PT_IMPORT_2019-20,13,2026-08-21T15:32:18.944735+00:00,1.0
2019-05-01,2019,2019-20,May,LPG,IMPORT,1036.899301,Thousand Metric Tonnes (TMT),PPAC,1751964547_PT_IMPORT_TMT_H.xlsx,PT_IMPORT_2019-20,13,2026-08-21T15:32:18.944735+00:00,1.0
2019-06-01,2019,2019-20,June,LPG,IMPORT,958.3085080000001,Thousand Metric Tonnes (TMT),PPAC,1751964547_PT_IMPORT_TMT_H.xlsx,PT_IMPORT_2019-20,13,2026-08-21T15:32:18.944735+00:00,1.0
2019-07-01,2019,2019-20,July,LPG,IMPORT,857.00358,Thousand Metric Tonnes (TMT),PPAC,1751964547_PT_IMPORT_TMT_H.xlsx,PT_IMPORT_2019-20,13,2026-08-21T15:32:18.944735+00:00,1.0
2019-08-01,2019,2019-20,August,LPG,IMPORT,1220.4723040000001,Thousand Metric Tonnes (TMT),PPAC,1751964547_PT_IMPORT_TMT_H.xlsx,PT_IMPORT_2019-20,13,2026-08-21T15:32:18.944735+00:00,1.0
2019-09-01,2019,2019-20,September,LPG,IMPORT,1572.924531,Thousand Metric Tonnes (TMT),PPAC,1751964547_PT_IMPORT_TMT_H.xlsx,PT_IMPORT_2019-20,13,2026-08-21T15:32:18.944735+00:00,1.0
2019-10-01,2019,2019-20,October,LPG,IMPORT,1413.474434,Thousand Metric Tonnes (TMT),PPAC,1751964547_PT_IMPORT_TMT_H.xlsx,PT_IMPORT_2019-20,13,2026-08-21T15:32:18.944735+00:00,1.0
2019-11-01,2019,2019-20,November,LPG,IMPORT,1301.6098269999998,Thousand Metric Tonnes (TMT),PPAC,1751964547_PT_IMPORT_TMT_H.xlsx,PT_IMPORT_2019-20,13,2026-08-21T15:32:18.944735+00:00,1.0
2019-12-01,2019,2019-20,December,LPG,IMPORT,1226.7953160000002,Thousand Metric Tonnes (TMT),PPAC,1751964547_PT_IMPORT_TMT_H.xlsx,PT_IMPORT_2019-20,13,2026-08-21T15:32:18.944735+00:00,1.0
2020-01-01,2020,2019-20,January,LPG,IMPORT,1410.6806450000001,Thousand Metric Tonnes (TMT),PPAC,1751964547_PT_IMPORT_TMT_H.xlsx,PT_IMPORT_2019-20,13,2026-08-21T15:32:18.944735+00:00,1.0
2020-02-01,2020,2019-20,February,LPG,IMPORT,1330.3540169999999,Thousand Metric Tonnes (TMT),PPAC,1751964547_PT_IMPORT_TMT_H.xlsx,PT_IMPORT_2019-20,13,2026-08-21T15:32:18.944735+00:00,1.0
2020-03-01,2020,2019-20,March,LPG,IMPORT,1217.695298,Thousand Metric Tonnes (TMT),PPAC,1751964547_PT_IMPORT_TMT_H.xlsx,PT_IMPORT_2019-20,13,2026-08-21T15:32:18.944735+00:00,1.0
2019-04-01,2019,2019-20,April,MS,IMPORT,118.77019480000001,Thousand Metric Tonnes (TMT),PPAC,1751964547_PT_IMPORT_TMT_H.xlsx,PT_IMPORT_2019-20,14,2026-08-21T15:32:18.944735+00:00,1.0
2019-05-01,2019,2019-20,May,MS,IMPORT,125.21291,Thousand Metric Tonnes (TMT),PPAC,1751964547_PT_IMPORT_TMT_H.xlsx,PT_IMPORT_2019-20,14,2026-08-21T15:32:18.944735+00:00,1.0
2019-06-01,2019,2019-20,June,MS,IMPORT,183.42262799999997,Thousand Metric Tonnes (TMT),PPAC,1751964547_PT_IMPORT_TMT_H.xlsx,PT_IMPORT_2019-20,14,2026-08-21T15:32:18.944735+00:00,1.0
2019-07-01,2019,2019-20,July,MS,IMPORT,244.95410399999997,Thousand Metric Tonnes (TMT),PPAC,1751964547_PT_IMPORT_TMT_H.xlsx,PT_IMPORT_2019-20,14,2026-08-21T15:32:18.944735+00:00,1.0
2019-08-01,2019,2019-20,August,MS,IMPORT,174.39743500000003,Thousand Metric Tonnes (TMT),PPAC,1751964547_PT_IMPORT_TMT_H.xlsx,PT_IMPORT_2019-20,14,2026-08-21T15:32:18.944735+00:00,1.0
2019-09-01,2019,2019-20,September,MS,IMPORT,409.00413390000006,Thousand Metric Tonnes (TMT),PPAC,1751964547_PT_IMPORT_TMT_H.xlsx,PT_IMPORT_2019-20,14,2026-08-21T15:32:18.944735+00:00,1.0
2019-10-01,2019,2019-20,October,MS,IMPORT,192.934243,Thousand Metric Tonnes (TMT),PPAC,1751964547_PT_IMPORT_TMT_H.xlsx,PT_IMPORT_2019-20,14,2026-08-21T15:32:18.944735+00:00,1.0
2019-11-01,2019,2019-20,November,MS,IMPORT,137.726718,Thousand Metric Tonnes (TMT),PPAC,1751964547_PT_IMPORT_TMT_H.xlsx,PT_IMPORT_2019-20,14,2026-08-21T15:32:18.944735+00:00,1.0
2019-12-01,2019,2019-20,December,MS,IMPORT,225.864731,Thousand Metric Tonnes (TMT),PPAC,1751964547_PT_IMPORT_TMT_H.xlsx,PT_IMPORT_2019-20,14,2026-08-21T15:32:18.944735+00:00,1.0
2020-01-01,2020,2019-20,January,MS,IMPORT,198.186186,Thousand Metric Tonnes (TMT),PPAC,1751964547_PT_IMPORT_TMT_H.xlsx,PT_IMPORT_2019-20,14,2026-08-21T15:32:18.944735+00:00,1.0
2020-02-01,2020,2019-20,February,MS,IMPORT,61.320508000000004,Thousand Metric Tonnes (TMT),PPAC,1751964547_PT_IMPORT_TMT_H.xlsx,PT_IMPORT_2019-20,14,2026-08-21T15:32:18.944735+00:00,1.0
2020-03-01,2020,2019-20,March,MS,IMPORT,74.21170699999999,Thousand Metric Tonnes (TMT),PPAC,1751964547_PT_IMPORT_TMT_H.xlsx,PT_IMPORT_2019-20,14,2026-08-21T15:32:18.944735+00:00,1.0
2019-04-01,2019,2019-20,April,Naphtha,IMPORT,119.01643200000001,Thousand Metric Tonnes (TMT),PPAC,1751964547_PT_IMPORT_TMT_H.xlsx,PT_IMPORT_2019-20,15,2026-08-21T15:32:18.944735+00:00,1.0
2019-05-01,2019,2019-20,May,Naphtha,IMPORT,122.06899999999999,Thousand Metric Tonnes (TMT),PPAC,1751964547_PT_IMPORT_TMT_H.xlsx,PT_IMPORT_2019-20,15,2026-08-21T15:32:18.944735+00:00,1.0
2019-06-01,2019,2019-20,June,Naphtha,IMPORT,70.46589399999999,Thousand Metric Tonnes (TMT),PPAC,1751964547_PT_IMPORT_TMT_H.xlsx,PT_IMPORT_2019-20,15,2026-08-21T15:32:18.944735+00:00,1.0
2019-07-01,2019,2019-20,July,Naphtha,IMPORT,203.323221,Thousand Metric Tonnes (TMT),PPAC,1751964547_PT_IMPORT_TMT_H.xlsx,PT_IMPORT_2019-20,15,2026-08-21T15:32:18.944735+00:00,1.0
2019-08-01,2019,2019-20,August,Naphtha,IMPORT,202.732132,Thousand Metric Tonnes (TMT),PPAC,1751964547_PT_IMPORT_TMT_H.xlsx,PT_IMPORT_2019-20,15,2026-08-21T15:32:18.944735+00:00,1.0
2019-09-01,2019,2019-20,September,Naphtha,IMPORT,259.021005,Thousand Metric Tonnes (TMT),PPAC,1751964547_PT_IMPORT_TMT_H.xlsx,PT_IMPORT_2019-20,15,2026-08-21T15:32:18.944735+00:00,1.0
2019-10-01,2019,2019-20,October,Naphtha,IMPORT,118.264509,Thousand Metric Tonnes (TMT),PPAC,1751964547_PT_IMPORT_TMT_H.xlsx,PT_IMPORT_2019-20,15,2026-08-21T15:32:18.944735+00:00,1.0
2019-11-01,2019,2019-20,November,Naphtha,IMPORT,99.654694,Thousand Metric Tonnes (TMT),PPAC,1751964547_PT_IMPORT_TMT_H.xlsx,PT_IMPORT_2019-20,15,2026-08-21T15:32:18.944735+00:00,1.0
2019-12-01,2019,2019-20,December,Naphtha,IMPORT,134.60922900000003,Thousand Metric Tonnes (TMT),PPAC,1751964547_PT_IMPORT_TMT_H.xlsx,PT_IMPORT_2019-20,15,2026-08-21T15:32:18.944735+00:00,1.0
2020-01-01,2020,2019-20,January,Naphtha,IMPORT,177.28613,Thousand Metric Tonnes (TMT),PPAC,1751964547_PT_IMPORT_TMT_H.xlsx,PT_IMPORT_2019-20,15,2026-08-21T15:32:18.944735+00:00,1.0
2020-02-01,2020,2019-20,February,Naphtha,IMPORT,65.171,Thousand Metric Tonnes (TMT),PPAC,1751964547_PT_IMPORT_TMT_H.xlsx,PT_IMPORT_2019-20,15,2026-08-21T15:32:18.944735+00:00,1.0
2020-03-01,2020,2019-20,March,Naphtha,IMPORT,90.329642,Thousand Metric Tonnes (TMT),PPAC,1751964547_PT_IMPORT_TMT_H.xlsx,PT_IMPORT_2019-20,15,2026-08-21T15:32:18.944735+00:00,1.0
2019-04-01,2019,2019-20,April,ATF,IMPORT,64.913407,Thousand Metric Tonnes (TMT),PPAC,1751964547_PT_IMPORT_TMT_H.xlsx,PT_IMPORT_2019-20,16,2026-08-21T15:32:18.944735+00:00,1.0
2019-05-01,2019,2019-20,May,ATF,IMPORT,0.0,Thousand Metric Tonnes (TMT),PPAC,1751964547_PT_IMPORT_TMT_H.xlsx,PT_IMPORT_2019-20,16,2026-08-21T15:32:18.944735+00:00,1.0
2019-06-01,2019,2019-20,June,ATF,IMPORT,0.0,Thousand Metric Tonnes (TMT),PPAC,1751964547_PT_IMPORT_TMT_H.xlsx,PT_IMPORT_2019-20,16,2026-08-21T15:32:18.944735+00:00,1.0
2019-07-01,2019,2019-20,July,ATF,IMPORT,0.0,Thousand Metric Tonnes (TMT),PPAC,1751964547_PT_IMPORT_TMT_H.xlsx,PT_IMPORT_2019-20,16,2026-08-21T15:32:18.944735+00:00,1.0
2019-08-01,2019,2019-20,August,ATF,IMPORT,0.0,Thousand Metric Tonnes (TMT),PPAC,1751964547_PT_IMPORT_TMT_H.xlsx,PT_IMPORT_2019-20,16,2026-08-21T15:32:18.944735+00:00,1.0
2019-09-01,2019,2019-20,September,ATF,IMPORT,0.0,Thousand Metric Tonnes (TMT),PPAC,1751964547_PT_IMPORT_TMT_H.xlsx,PT_IMPORT_2019-20,16,2026-08-21T15:32:18.944735+00:00,1.0
2019-10-01,2019,2019-20,October,ATF,IMPORT,0.0,Thousand Metric Tonnes (TMT),PPAC,1751964547_PT_IMPORT_TMT_H.xlsx,PT_IMPORT_2019-20,16,2026-08-21T15:32:18.944735+00:00,1.0
2019-11-01,2019,2019-20,November,ATF,IMPORT,0.0,Thousand Metric Tonnes (TMT),PPAC,1751964547_PT_IMPORT_TMT_H.xlsx,PT_IMPORT_2019-20,16,2026-08-21T15:32:18.944735+00:00,1.0
2019-12-01,2019,2019-20,December,ATF,IMPORT,0.0,Thousand Metric Tonnes (TMT),PPAC,1751964547_PT_IMPORT_TMT_H.xlsx,PT_IMPORT_2019-20,16,2026-08-21T15:32:18.944735+00:00,1.0
2020-01-01,2020,2019-20,January,ATF,IMPORT,0.0,Thousand Metric Tonnes (TMT),PPAC,1751964547_PT_IMPORT_TMT_H.xlsx,PT_IMPORT_2019-20,16,2026-08-21T15:32:18.944735+00:00,1.0
2020-02-01,2020,2019-20,February,ATF,IMPORT,0.0,Thousand Metric Tonnes (TMT),PPAC,1751964547_PT_IMPORT_TMT_H.xlsx,PT_IMPORT_2019-20,16,2026-08-21T15:32:18.944735+00:00,1.0
2020-03-01,2020,2019-20,March,ATF,IMPORT,0.0,Thousand Metric Tonnes (TMT),PPAC,1751964547_PT_IMPORT_TMT_H.xlsx,PT_IMPORT_2019-20,16,2026-08-21T15:32:18.944735+00:00,1.0
2019-04-01,2019,2019-20,April,SKO,IMPORT,0.0,Thousand Metric Tonnes (TMT),PPAC,1751964547_PT_IMPORT_TMT_H.xlsx,PT_IMPORT_2019-20,17,2026-08-21T15:32:18.944735+00:00,1.0
2019-05-01,2019,2019-20,May,SKO,IMPORT,0.0,Thousand Metric Tonnes (TMT),PPAC,1751964547_PT_IMPORT_TMT_H.xlsx,PT_IMPORT_2019-20,17,2026-08-21T15:32:18.944735+00:00,1.0
2019-06-01,2019,2019-20,June,SKO,IMPORT,0.0,Thousand Metric Tonnes (TMT),PPAC,1751964547_PT_IMPORT_TMT_H.xlsx,PT_IMPORT_2019-20,17,2026-08-21T15:32:18.944735+00:00,1.0
2019-07-01,2019,2019-20,July,SKO,IMPORT,0.0,Thousand Metric Tonnes (TMT),PPAC,1751964547_PT_IMPORT_TMT_H.xlsx,PT_IMPORT_2019-20,17,2026-08-21T15:32:18.944735+00:00,1.0
2019-08-01,2019,2019-20,August,SKO,IMPORT,0.0,Thousand Metric Tonnes (TMT),PPAC,1751964547_PT_IMPORT_TMT_H.xlsx,PT_IMPORT_2019-20,17,2026-08-21T15:32:18.944735+00:00,1.0
2019-09-01,2019,2019-20,September,SKO,IMPORT,0.0,Thousand Metric Tonnes (TMT),PPAC,1751964547_PT_IMPORT_TMT_H.xlsx,PT_IMPORT_2019-20,17,2026-08-21T15:32:18.944735+00:00,1.0
2019-10-01,2019,2019-20,October,SKO,IMPORT,0.0,Thousand Metric Tonnes (TMT),PPAC,1751964547_PT_IMPORT_TMT_H.xlsx,PT_IMPORT_2019-20,17,2026-08-21T15:32:18.944735+00:00,1.0
2019-11-01,2019,2019-20,November,SKO,IMPORT,0.0,Thousand Metric Tonnes (TMT),PPAC,1751964547_PT_IMPORT_TMT_H.xlsx,PT_IMPORT_2019-20,17,2026-08-21T15:32:18.944735+00:00,1.0
2019-12-01,2019,2019-20,December,SKO,IMPORT,0.0,Thousand Metric Tonnes (TMT),PPAC,1751964547_PT_IMPORT_TMT_H.xlsx,PT_IMPORT_2019-20,17,2026-08-21T15:32:18.944735+00:00,1.0
2020-01-01,2020,2019-20,January,SKO,IMPORT,0.0,Thousand Metric Tonnes (TMT),PPAC,1751964547_PT_IMPORT_TMT_H.xlsx,PT_IMPORT_2019-20,17,2026-08-21T15:32:18.944735+00:00,1.0
2020-02-01,2020,2019-20,February,SKO,IMPORT,0.0,Thousand Metric Tonnes (TMT),PPAC,1751964547_PT_IMPORT_TMT_H.xlsx,PT_IMPORT_2019-20,17,2026-08-21T15:32:18.944735+00:00,1.0
2020-03-01,2020,2019-20,March,SKO,IMPORT,0.0,Thousand Metric Tonnes (TMT),PPAC,1751964547_PT_IMPORT_TMT_H.xlsx,PT_IMPORT_2019-20,17,2026-08-21T15:32:18.944735+00:00,1.0
2019-04-01,2019,2019-20,April,HSD,IMPORT,135.299713,Thousand Metric Tonnes (TMT),PPAC,1751964547_PT_IMPORT_TMT_H.xlsx,PT_IMPORT_2019-20,18,2026-08-21T15:32:18.944735+00:00,1.0
2019-05-01,2019,2019-20,May,HSD,IMPORT,201.227987,Thousand Metric Tonnes (TMT),PPAC,1751964547_PT_IMPORT_TMT_H.xlsx,PT_IMPORT_2019-20,18,2026-08-21T15:32:18.944735+00:00,1.0
2019-06-01,2019,2019-20,June,HSD,IMPORT,443.351109,Thousand Metric Tonnes (TMT),PPAC,1751964547_PT_IMPORT_TMT_H.xlsx,PT_IMPORT_2019-20,18,2026-08-21T15:32:18.944735+00:00,1.0
2019-07-01,2019,2019-20,July,HSD,IMPORT,114.75938500000001,Thousand Metric Tonnes (TMT),PPAC,1751964547_PT_IMPORT_TMT_H.xlsx,PT_IMPORT_2019-20,18,2026-08-21T15:32:18.944735+00:00,1.0
2019-08-01,2019,2019-20,August,HSD,IMPORT,46.455358999999994,Thousand Metric Tonnes (TMT),PPAC,1751964547_PT_IMPORT_TMT_H.xlsx,PT_IMPORT_2019-20,18,2026-08-21T15:32:18.944735+00:00,1.0
2019-09-01,2019,2019-20,September,HSD,IMPORT,140.158976,Thousand Metric Tonnes (TMT),PPAC,1751964547_PT_IMPORT_TMT_H.xlsx,PT_IMPORT_2019-20,18,2026-08-21T15:32:18.944735+00:00,1.0
2019-10-01,2019,2019-20,October,HSD,IMPORT,69.78935999999999,Thousand Metric Tonnes (TMT),PPAC,1751964547_PT_IMPORT_TMT_H.xlsx,PT_IMPORT_2019-20,18,2026-08-21T15:32:18.944735+00:00,1.0
2019-11-01,2019,2019-20,November,HSD,IMPORT,11.462242,Thousand Metric Tonnes (TMT),PPAC,1751964547_PT_IMPORT_TMT_H.xlsx,PT_IMPORT_2019-20,18,2026-08-21T15:32:18.944735+00:00,1.0
2019-12-01,2019,2019-20,December,HSD,IMPORT,507.46229170000004,Thousand Metric Tonnes (TMT),PPAC,1751964547_PT_IMPORT_TMT_H.xlsx,PT_IMPORT_2019-20,18,2026-08-21T15:32:18.944735+00:00,1.0
2020-01-01,2020,2019-20,January,HSD,IMPORT,699.112063,Thousand Metric Tonnes (TMT),PPAC,1751964547_PT_IMPORT_TMT_H.xlsx,PT_IMPORT_2019-20,18,2026-08-21T15:32:18.944735+00:00,1.0
2020-02-01,2020,2019-20,February,HSD,IMPORT,278.455449,Thousand Metric Tonnes (TMT),PPAC,1751964547_PT_IMPORT_TMT_H.xlsx,PT_IMPORT_2019-20,18,2026-08-21T15:32:18.944735+00:00,1.0
2020-03-01,2020,2019-20,March,HSD,IMPORT,148.116552,Thousand Metric Tonnes (TMT),PPAC,1751964547_PT_IMPORT_TMT_H.xlsx,PT_IMPORT_2019-20,18,2026-08-21T15:32:18.944735+00:00,1.0
2019-04-01,2019,2019-20,April,LOBS/ Lube oil,IMPORT,181.78420399999985,Thousand Metric Tonnes (TMT),PPAC,1751964547_PT_IMPORT_TMT_H.xlsx,PT_IMPORT_2019-20,19,2026-08-21T15:32:18.944735+00:00,1.0
2019-05-01,2019,2019-20,May,LOBS/ Lube oil,IMPORT,271.23148699999945,Thousand Metric Tonnes (TMT),PPAC,1751964547_PT_IMPORT_TMT_H.xlsx,PT_IMPORT_2019-20,19,2026-08-21T15:32:18.944735+00:00,1.0
2019-06-01,2019,2019-20,June,LOBS/ Lube oil,IMPORT,236.39012800000006,Thousand Metric Tonnes (TMT),PPAC,1751964547_PT_IMPORT_TMT_H.xlsx,PT_IMPORT_2019-20,19,2026-08-21T15:32:18.944735+00:00,1.0
2019-07-01,2019,2019-20,July,LOBS/ Lube oil,IMPORT,250.61816100000016,Thousand Metric Tonnes (TMT),PPAC,1751964547_PT_IMPORT_TMT_H.xlsx,PT_IMPORT_2019-20,19,2026-08-21T15:32:18.944735+00:00,1.0
2019-08-01,2019,2019-20,August,LOBS/ Lube oil,IMPORT,218.9919480000004,Thousand Metric Tonnes (TMT),PPAC,1751964547_PT_IMPORT_TMT_H.xlsx,PT_IMPORT_2019-20,19,2026-08-21T15:32:18.944735+00:00,1.0
2019-09-01,2019,2019-20,September,LOBS/ Lube oil,IMPORT,186.99896599999994,Thousand Metric Tonnes (TMT),PPAC,1751964547_PT_IMPORT_TMT_H.xlsx,PT_IMPORT_2019-20,19,2026-08-21T15:32:18.944735+00:00,1.0
2019-10-01,2019,2019-20,October,LOBS/ Lube oil,IMPORT,260.15970000000004,Thousand Metric Tonnes (TMT),PPAC,1751964547_PT_IMPORT_TMT_H.xlsx,PT_IMPORT_2019-20,19,2026-08-21T15:32:18.944735+00:00,1.0
2019-11-01,2019,2019-20,November,LOBS/ Lube oil,IMPORT,217.7723829999997,Thousand Metric Tonnes (TMT),PPAC,1751964547_PT_IMPORT_TMT_H.xlsx,PT_IMPORT_2019-20,19,2026-08-21T15:32:18.944735+00:00,1.0
2019-12-01,2019,2019-20,December,LOBS/ Lube oil,IMPORT,180.27637599999974,Thousand Metric Tonnes (TMT),PPAC,1751964547_PT_IMPORT_TMT_H.xlsx,PT_IMPORT_2019-20,19,2026-08-21T15:32:18.944735+00:00,1.0
2020-01-01,2020,2019-20,January,LOBS/ Lube oil,IMPORT,269.18412399999994,Thousand Metric Tonnes (TMT),PPAC,1751964547_PT_IMPORT_TMT_H.xlsx,PT_IMPORT_2019-20,19,2026-08-21T15:32:18.944735+00:00,1.0
2020-02-01,2020,2019-20,February,LOBS/ Lube oil,IMPORT,206.86655799999983,Thousand Metric Tonnes (TMT),PPAC,1751964547_PT_IMPORT_TMT_H.xlsx,PT_IMPORT_2019-20,19,2026-08-21T15:32:18.944735+00:00,1.0
2020-03-01,2020,2019-20,March,LOBS/ Lube oil,IMPORT,194.3403189999999,Thousand Metric Tonnes (TMT),PPAC,1751964547_PT_IMPORT_TMT_H.xlsx,PT_IMPORT_2019-20,19,2026-08-21T15:32:18.944735+00:00,1.0
2019-04-01,2019,2019-20,April,Fuel Oil,IMPORT,34.181000000000004,Thousand Metric Tonnes (TMT),PPAC,1751964547_PT_IMPORT_TMT_H.xlsx,PT_IMPORT_2019-20,20,2026-08-21T15:32:18.944735+00:00,1.0
2019-05-01,2019,2019-20,May,Fuel Oil,IMPORT,96.73399999999997,Thousand Metric Tonnes (TMT),PPAC,1751964547_PT_IMPORT_TMT_H.xlsx,PT_IMPORT_2019-20,20,2026-08-21T15:32:18.944735+00:00,1.0
2019-06-01,2019,2019-20,June,Fuel Oil,IMPORT,284.796561,Thousand Metric Tonnes (TMT),PPAC,1751964547_PT_IMPORT_TMT_H.xlsx,PT_IMPORT_2019-20,20,2026-08-21T15:32:18.944735+00:00,1.0
2019-07-01,2019,2019-20,July,Fuel Oil,IMPORT,127.36712700000001,Thousand Metric Tonnes (TMT),PPAC,1751964547_PT_IMPORT_TMT_H.xlsx,PT_IMPORT_2019-20,20,2026-08-21T15:32:18.944735+00:00,1.0
2019-08-01,2019,2019-20,August,Fuel Oil,IMPORT,285.506359,Thousand Metric Tonnes (TMT),PPAC,1751964547_PT_IMPORT_TMT_H.xlsx,PT_IMPORT_2019-20,20,2026-08-21T15:32:18.944735+00:00,1.0
2019-09-01,2019,2019-20,September,Fuel Oil,IMPORT,370.746893,Thousand Metric Tonnes (TMT),PPAC,1751964547_PT_IMPORT_TMT_H.xlsx,PT_IMPORT_2019-20,20,2026-08-21T15:32:18.944735+00:00,1.0
2019-10-01,2019,2019-20,October,Fuel Oil,IMPORT,325.23858899999993,Thousand Metric Tonnes (TMT),PPAC,1751964547_PT_IMPORT_TMT_H.xlsx,PT_IMPORT_2019-20,20,2026-08-21T15:32:18.944735+00:00,1.0
2019-11-01,2019,2019-20,November,Fuel Oil,IMPORT,257.247363,Thousand Metric Tonnes (TMT),PPAC,1751964547_PT_IMPORT_TMT_H.xlsx,PT_IMPORT_2019-20,20,2026-08-21T15:32:18.944735+00:00,1.0
2019-12-01,2019,2019-20,December,Fuel Oil,IMPORT,625.221961,Thousand Metric Tonnes (TMT),PPAC,1751964547_PT_IMPORT_TMT_H.xlsx,PT_IMPORT_2019-20,20,2026-08-21T15:32:18.944735+00:00,1.0
2020-01-01,2020,2019-20,January,Fuel Oil,IMPORT,825.1301759999999,Thousand Metric Tonnes (TMT),PPAC,1751964547_PT_IMPORT_TMT_H.xlsx,PT_IMPORT_2019-20,20,2026-08-21T15:32:18.944735+00:00,1.0
2020-02-01,2020,2019-20,February,Fuel Oil,IMPORT,482.946908,Thousand Metric Tonnes (TMT),PPAC,1751964547_PT_IMPORT_TMT_H.xlsx,PT_IMPORT_2019-20,20,2026-08-21T15:32:18.944735+00:00,1.0
2020-03-01,2020,2019-20,March,Fuel Oil,IMPORT,867.842025,Thousand Metric Tonnes (TMT),PPAC,1751964547_PT_IMPORT_TMT_H.xlsx,PT_IMPORT_2019-20,20,2026-08-21T15:32:18.944735+00:00,1.0
2019-04-01,2019,2019-20,April,Bitumen,IMPORT,112.65067200000001,Thousand Metric Tonnes (TMT),PPAC,1751964547_PT_IMPORT_TMT_H.xlsx,PT_IMPORT_2019-20,21,2026-08-21T15:32:18.944735+00:00,1.0
2019-05-01,2019,2019-20,May,Bitumen,IMPORT,137.49603000000008,Thousand Metric Tonnes (TMT),PPAC,1751964547_PT_IMPORT_TMT_H.xlsx,PT_IMPORT_2019-20,21,2026-08-21T15:32:18.944735+00:00,1.0
2019-06-01,2019,2019-20,June,Bitumen,IMPORT,126.21968000000001,Thousand Metric Tonnes (TMT),PPAC,1751964547_PT_IMPORT_TMT_H.xlsx,PT_IMPORT_2019-20,21,2026-08-21T15:32:18.944735+00:00,1.0
2019-07-01,2019,2019-20,July,Bitumen,IMPORT,93.32716899999998,Thousand Metric Tonnes (TMT),PPAC,1751964547_PT_IMPORT_TMT_H.xlsx,PT_IMPORT_2019-20,21,2026-08-21T15:32:18.944735+00:00,1.0
2019-08-01,2019,2019-20,August,Bitumen,IMPORT,52.460134000000004,Thousand Metric Tonnes (TMT),PPAC,1751964547_PT_IMPORT_TMT_H.xlsx,PT_IMPORT_2019-20,21,2026-08-21T15:32:18.944735+00:00,1.0
2019-09-01,2019,2019-20,September,Bitumen,IMPORT,63.26631499999998,Thousand Metric Tonnes (TMT),PPAC,1751964547_PT_IMPORT_TMT_H.xlsx,PT_IMPORT_2019-20,21,2026-08-21T15:32:18.944735+00:00,1.0
2019-10-01,2019,2019-20,October,Bitumen,IMPORT,114.28802300000001,Thousand Metric Tonnes (TMT),PPAC,1751964547_PT_IMPORT_TMT_H.xlsx,PT_IMPORT_2019-20,21,2026-08-21T15:32:18.944735+00:00,1.0
2019-11-01,2019,2019-20,November,Bitumen,IMPORT,119.66332299999999,Thousand Metric Tonnes (TMT),PPAC,1751964547_PT_IMPORT_TMT_H.xlsx,PT_IMPORT_2019-20,21,2026-08-21T15:32:18.944735+00:00,1.0
2019-12-01,2019,2019-20,December,Bitumen,IMPORT,154.999804,Thousand Metric Tonnes (TMT),PPAC,1751964547_PT_IMPORT_TMT_H.xlsx,PT_IMPORT_2019-20,21,2026-08-21T15:32:18.944735+00:00,1.0
2020-01-01,2020,2019-20,January,Bitumen,IMPORT,210.24302300000005,Thousand Metric Tonnes (TMT),PPAC,1751964547_PT_IMPORT_TMT_H.xlsx,PT_IMPORT_2019-20,21,2026-08-21T15:32:18.944735+00:00,1.0
2020-02-01,2020,2019-20,February,Bitumen,IMPORT,245.15031700000006,Thousand Metric Tonnes (TMT),PPAC,1751964547_PT_IMPORT_TMT_H.xlsx,PT_IMPORT_2019-20,21,2026-08-21T15:32:18.944735+00:00,1.0
2020-03-01,2020,2019-20,March,Bitumen,IMPORT,199.856176,Thousand Metric Tonnes (TMT),PPAC,1751964547_PT_IMPORT_TMT_H.xlsx,PT_IMPORT_2019-20,21,2026-08-21T15:32:18.944735+00:00,1.0
2019-04-01,2019,2019-20,April,Others&,IMPORT,1570.1230960000007,Thousand Metric Tonnes (TMT),PPAC,1751964547_PT_IMPORT_TMT_H.xlsx,PT_IMPORT_2019-20,22,2026-08-21T15:32:18.944735+00:00,1.0
2019-05-01,2019,2019-20,May,Others&,IMPORT,1748.373569,Thousand Metric Tonnes (TMT),PPAC,1751964547_PT_IMPORT_TMT_H.xlsx,PT_IMPORT_2019-20,22,2026-08-21T15:32:18.944735+00:00,1.0
2019-06-01,2019,2019-20,June,Others&,IMPORT,1135.478003,Thousand Metric Tonnes (TMT),PPAC,1751964547_PT_IMPORT_TMT_H.xlsx,PT_IMPORT_2019-20,22,2026-08-21T15:32:18.944735+00:00,1.0
2019-07-01,2019,2019-20,July,Others&,IMPORT,1127.835819,Thousand Metric Tonnes (TMT),PPAC,1751964547_PT_IMPORT_TMT_H.xlsx,PT_IMPORT_2019-20,22,2026-08-21T15:32:18.944735+00:00,1.0
2019-08-01,2019,2019-20,August,Others&,IMPORT,949.9805479999999,Thousand Metric Tonnes (TMT),PPAC,1751964547_PT_IMPORT_TMT_H.xlsx,PT_IMPORT_2019-20,22,2026-08-21T15:32:18.944735+00:00,1.0
2019-09-01,2019,2019-20,September,Others&,IMPORT,1034.191459,Thousand Metric Tonnes (TMT),PPAC,1751964547_PT_IMPORT_TMT_H.xlsx,PT_IMPORT_2019-20,22,2026-08-21T15:32:18.944735+00:00,1.0
2019-10-01,2019,2019-20,October,Others&,IMPORT,1027.197446,Thousand Metric Tonnes (TMT),PPAC,1751964547_PT_IMPORT_TMT_H.xlsx,PT_IMPORT_2019-20,22,2026-08-21T15:32:18.944735+00:00,1.0
2019-11-01,2019,2019-20,November,Others&,IMPORT,826.8117589999999,Thousand Metric Tonnes (TMT),PPAC,1751964547_PT_IMPORT_TMT_H.xlsx,PT_IMPORT_2019-20,22,2026-08-21T15:32:18.944735+00:00,1.0
2019-12-01,2019,2019-20,December,Others&,IMPORT,1154.2944190000003,Thousand Metric Tonnes (TMT),PPAC,1751964547_PT_IMPORT_TMT_H.xlsx,PT_IMPORT_2019-20,22,2026-08-21T15:32:18.944735+00:00,1.0
2020-01-01,2020,2019-20,January,Others&,IMPORT,1029.5138379999999,Thousand Metric Tonnes (TMT),PPAC,1751964547_PT_IMPORT_TMT_H.xlsx,PT_IMPORT_2019-20,22,2026-08-21T15:32:18.944735+00:00,1.0
2020-02-01,2020,2019-20,February,Others&,IMPORT,839.65067,Thousand Metric Tonnes (TMT),PPAC,1751964547_PT_IMPORT_TMT_H.xlsx,PT_IMPORT_2019-20,22,2026-08-21T15:32:18.944735+00:00,1.0
2020-03-01,2020,2019-20,March,Others&,IMPORT,979.8555729999998,Thousand Metric Tonnes (TMT),PPAC,1751964547_PT_IMPORT_TMT_H.xlsx,PT_IMPORT_2019-20,22,2026-08-21T15:32:18.944735+00:00,1.0
2019-04-01,2019,2019-20,April,LPG,EXPORT,37.61531299999994,Thousand Metric Tonnes (TMT),PPAC,1751964547_PT_IMPORT_TMT_H.xlsx,PT_IMPORT_2019-20,26,2026-08-21T15:32:18.944735+00:00,1.0
2019-05-01,2019,2019-20,May,LPG,EXPORT,35.64526899999995,Thousand Metric Tonnes (TMT),PPAC,1751964547_PT_IMPORT_TMT_H.xlsx,PT_IMPORT_2019-20,26,2026-08-21T15:32:18.944735+00:00,1.0
2019-06-01,2019,2019-20,June,LPG,EXPORT,33.92525699999997,Thousand Metric Tonnes (TMT),PPAC,1751964547_PT_IMPORT_TMT_H.xlsx,PT_IMPORT_2019-20,26,2026-08-21T15:32:18.944735+00:00,1.0
2019-07-01,2019,2019-20,July,LPG,EXPORT,37.69713899999994,Thousand Metric Tonnes (TMT),PPAC,1751964547_PT_IMPORT_TMT_H.xlsx,PT_IMPORT_2019-20,26,2026-08-21T15:32:18.944735+00:00,1.0
2019-08-01,2019,2019-20,August,LPG,EXPORT,31.56342299999991,Thousand Metric Tonnes (TMT),PPAC,1751964547_PT_IMPORT_TMT_H.xlsx,PT_IMPORT_2019-20,26,2026-08-21T15:32:18.944735+00:00,1.0
2019-09-01,2019,2019-20,September,LPG,EXPORT,40.264686999999874,Thousand Metric Tonnes (TMT),PPAC,1751964547_PT_IMPORT_TMT_H.xlsx,PT_IMPORT_2019-20,26,2026-08-21T15:32:18.944735+00:00,1.0
2019-10-01,2019,2019-20,October,LPG,EXPORT,36.951670999999926,Thousand Metric Tonnes (TMT),PPAC,1751964547_PT_IMPORT_TMT_H.xlsx,PT_IMPORT_2019-20,26,2026-08-21T15:32:18.944735+00:00,1.0
2019-11-01,2019,2019-20,November,LPG,EXPORT,42.16801499999998,Thousand Metric Tonnes (TMT),PPAC,1751964547_PT_IMPORT_TMT_H.xlsx,PT_IMPORT_2019-20,26,2026-08-21T15:32:18.944735+00:00,1.0
2019-12-01,2019,2019-20,December,LPG,EXPORT,41.88572999999996,Thousand Metric Tonnes (TMT),PPAC,1751964547_PT_IMPORT_TMT_H.xlsx,PT_IMPORT_2019-20,26,2026-08-21T15:32:18.944735+00:00,1.0
2020-01-01,2020,2019-20,January,LPG,EXPORT,39.12663000000001,Thousand Metric Tonnes (TMT),PPAC,1751964547_PT_IMPORT_TMT_H.xlsx,PT_IMPORT_2019-20,26,2026-08-21T15:32:18.944735+00:00,1.0
2020-02-01,2020,2019-20,February,LPG,EXPORT,41.11508099999995,Thousand Metric Tonnes (TMT),PPAC,1751964547_PT_IMPORT_TMT_H.xlsx,PT_IMPORT_2019-20,26,2026-08-21T15:32:18.944735+00:00,1.0
2020-03-01,2020,2019-20,March,LPG,EXPORT,45.29970099999989,Thousand Metric Tonnes (TMT),PPAC,1751964547_PT_IMPORT_TMT_H.xlsx,PT_IMPORT_2019-20,26,2026-08-21T15:32:18.944735+00:00,1.0
2019-04-01,2019,2019-20,April,MS!,EXPORT,1001.8649012626408,Thousand Metric Tonnes (TMT),PPAC,1751964547_PT_IMPORT_TMT_H.xlsx,PT_IMPORT_2019-20,27,2026-08-21T15:32:18.944735+00:00,1.0
2019-05-01,2019,2019-20,May,MS!,EXPORT,1376.615409202619,Thousand Metric Tonnes (TMT),PPAC,1751964547_PT_IMPORT_TMT_H.xlsx,PT_IMPORT_2019-20,27,2026-08-21T15:32:18.944735+00:00,1.0
2019-06-01,2019,2019-20,June,MS!,EXPORT,841.0019002335395,Thousand Metric Tonnes (TMT),PPAC,1751964547_PT_IMPORT_TMT_H.xlsx,PT_IMPORT_2019-20,27,2026-08-21T15:32:18.944735+00:00,1.0
2019-07-01,2019,2019-20,July,MS!,EXPORT,1155.9756090891233,Thousand Metric Tonnes (TMT),PPAC,1751964547_PT_IMPORT_TMT_H.xlsx,PT_IMPORT_2019-20,27,2026-08-21T15:32:18.944735+00:00,1.0
2019-08-01,2019,2019-20,August,MS!,EXPORT,904.2440650316479,Thousand Metric Tonnes (TMT),PPAC,1751964547_PT_IMPORT_TMT_H.xlsx,PT_IMPORT_2019-20,27,2026-08-21T15:32:18.944735+00:00,1.0
2019-09-01,2019,2019-20,September,MS!,EXPORT,1133.1392652259003,Thousand Metric Tonnes (TMT),PPAC,1751964547_PT_IMPORT_TMT_H.xlsx,PT_IMPORT_2019-20,27,2026-08-21T15:32:18.944735+00:00,1.0
2019-10-01,2019,2019-20,October,MS!,EXPORT,993.7890575576573,Thousand Metric Tonnes (TMT),PPAC,1751964547_PT_IMPORT_TMT_H.xlsx,PT_IMPORT_2019-20,27,2026-08-21T15:32:18.944735+00:00,1.0
2019-11-01,2019,2019-20,November,MS!,EXPORT,992.8480898555838,Thousand Metric Tonnes (TMT),PPAC,1751964547_PT_IMPORT_TMT_H.xlsx,PT_IMPORT_2019-20,27,2026-08-21T15:32:18.944735+00:00,1.0
2019-12-01,2019,2019-20,December,MS!,EXPORT,1329.4624898104767,Thousand Metric Tonnes (TMT),PPAC,1751964547_PT_IMPORT_TMT_H.xlsx,PT_IMPORT_2019-20,27,2026-08-21T15:32:18.944735+00:00,1.0
2020-01-01,2020,2019-20,January,MS!,EXPORT,812.8398396566024,Thousand Metric Tonnes (TMT),PPAC,1751964547_PT_IMPORT_TMT_H.xlsx,PT_IMPORT_2019-20,27,2026-08-21T15:32:18.944735+00:00,1.0
2020-02-01,2020,2019-20,February,MS!,EXPORT,1027.334171742088,Thousand Metric Tonnes (TMT),PPAC,1751964547_PT_IMPORT_TMT_H.xlsx,PT_IMPORT_2019-20,27,2026-08-21T15:32:18.944735+00:00,1.0
2020-03-01,2020,2019-20,March,MS!,EXPORT,1141.1367607537286,Thousand Metric Tonnes (TMT),PPAC,1751964547_PT_IMPORT_TMT_H.xlsx,PT_IMPORT_2019-20,27,2026-08-21T15:32:18.944735+00:00,1.0
2019-04-01,2019,2019-20,April,Naphtha$,EXPORT,615.438636,Thousand Metric Tonnes (TMT),PPAC,1751964547_PT_IMPORT_TMT_H.xlsx,PT_IMPORT_2019-20,28,2026-08-21T15:32:18.944735+00:00,1.0
2019-05-01,2019,2019-20,May,Naphtha$,EXPORT,974.235827,Thousand Metric Tonnes (TMT),PPAC,1751964547_PT_IMPORT_TMT_H.xlsx,PT_IMPORT_2019-20,28,2026-08-21T15:32:18.944735+00:00,1.0
2019-06-01,2019,2019-20,June,Naphtha$,EXPORT,547.524523,Thousand Metric Tonnes (TMT),PPAC,1751964547_PT_IMPORT_TMT_H.xlsx,PT_IMPORT_2019-20,28,2026-08-21T15:32:18.944735+00:00,1.0
2019-07-01,2019,2019-20,July,Naphtha$,EXPORT,401.13599899999997,Thousand Metric Tonnes (TMT),PPAC,1751964547_PT_IMPORT_TMT_H.xlsx,PT_IMPORT_2019-20,28,2026-08-21T15:32:18.944735+00:00,1.0
2019-08-01,2019,2019-20,August,Naphtha$,EXPORT,681.3605150000001,Thousand Metric Tonnes (TMT),PPAC,1751964547_PT_IMPORT_TMT_H.xlsx,PT_IMPORT_2019-20,28,2026-08-21T15:32:18.944735+00:00,1.0
2019-09-01,2019,2019-20,September,Naphtha$,EXPORT,779.911115,Thousand Metric Tonnes (TMT),PPAC,1751964547_PT_IMPORT_TMT_H.xlsx,PT_IMPORT_2019-20,28,2026-08-21T15:32:18.944735+00:00,1.0
2019-10-01,2019,2019-20,October,Naphtha$,EXPORT,879.8728672,Thousand Metric Tonnes (TMT),PPAC,1751964547_PT_IMPORT_TMT_H.xlsx,PT_IMPORT_2019-20,28,2026-08-21T15:32:18.944735+00:00,1.0
2019-11-01,2019,2019-20,November,Naphtha$,EXPORT,735.7383340000001,Thousand Metric Tonnes (TMT),PPAC,1751964547_PT_IMPORT_TMT_H.xlsx,PT_IMPORT_2019-20,28,2026-08-21T15:32:18.944735+00:00,1.0
2019-12-01,2019,2019-20,December,Naphtha$,EXPORT,972.8215050000001,Thousand Metric Tonnes (TMT),PPAC,1751964547_PT_IMPORT_TMT_H.xlsx,PT_IMPORT_2019-20,28,2026-08-21T15:32:18.944735+00:00,1.0
2020-01-01,2020,2019-20,January,Naphtha$,EXPORT,787.395936,Thousand Metric Tonnes (TMT),PPAC,1751964547_PT_IMPORT_TMT_H.xlsx,PT_IMPORT_2019-20,28,2026-08-21T15:32:18.944735+00:00,1.0
2020-02-01,2020,2019-20,February,Naphtha$,EXPORT,700.878986,Thousand Metric Tonnes (TMT),PPAC,1751964547_PT_IMPORT_TMT_H.xlsx,PT_IMPORT_2019-20,28,2026-08-21T15:32:18.944735+00:00,1.0
2020-03-01,2020,2019-20,March,Naphtha$,EXPORT,820.3268529999999,Thousand Metric Tonnes (TMT),PPAC,1751964547_PT_IMPORT_TMT_H.xlsx,PT_IMPORT_2019-20,28,2026-08-21T15:32:18.944735+00:00,1.0
2019-04-01,2019,2019-20,April,ATF#,EXPORT,553.7324093167701,Thousand Metric Tonnes (TMT),PPAC,1751964547_PT_IMPORT_TMT_H.xlsx,PT_IMPORT_2019-20,29,2026-08-21T15:32:18.944735+00:00,1.0
2019-05-01,2019,2019-20,May,ATF#,EXPORT,473.18336498757765,Thousand Metric Tonnes (TMT),PPAC,1751964547_PT_IMPORT_TMT_H.xlsx,PT_IMPORT_2019-20,29,2026-08-21T15:32:18.944735+00:00,1.0
2019-06-01,2019,2019-20,June,ATF#,EXPORT,634.2367680621118,Thousand Metric Tonnes (TMT),PPAC,1751964547_PT_IMPORT_TMT_H.xlsx,PT_IMPORT_2019-20,29,2026-08-21T15:32:18.944735+00:00,1.0
2019-07-01,2019,2019-20,July,ATF#,EXPORT,484.0683161677019,Thousand Metric Tonnes (TMT),PPAC,1751964547_PT_IMPORT_TMT_H.xlsx,PT_IMPORT_2019-20,29,2026-08-21T15:32:18.944735+00:00,1.0
2019-08-01,2019,2019-20,August,ATF#,EXPORT,543.7736983726708,Thousand Metric Tonnes (TMT),PPAC,1751964547_PT_IMPORT_TMT_H.xlsx,PT_IMPORT_2019-20,29,2026-08-21T15:32:18.944735+00:00,1.0
2019-09-01,2019,2019-20,September,ATF#,EXPORT,720.3047869565218,Thousand Metric Tonnes (TMT),PPAC,1751964547_PT_IMPORT_TMT_H.xlsx,PT_IMPORT_2019-20,29,2026-08-21T15:32:18.944735+00:00,1.0
2019-10-01,2019,2019-20,October,ATF#,EXPORT,617.519737136646,Thousand Metric Tonnes (TMT),PPAC,1751964547_PT_IMPORT_TMT_H.xlsx,PT_IMPORT_2019-20,29,2026-08-21T15:32:18.944735+00:00,1.0
2019-11-01,2019,2019-20,November,ATF#,EXPORT,713.506425310559,Thousand Metric Tonnes (TMT),PPAC,1751964547_PT_IMPORT_TMT_H.xlsx,PT_IMPORT_2019-20,29,2026-08-21T15:32:18.944735+00:00,1.0
2019-12-01,2019,2019-20,December,ATF#,EXPORT,655.7397882360248,Thousand Metric Tonnes (TMT),PPAC,1751964547_PT_IMPORT_TMT_H.xlsx,PT_IMPORT_2019-20,29,2026-08-21T15:32:18.944735+00:00,1.0
2020-01-01,2020,2019-20,January,ATF#,EXPORT,497.42592877639754,Thousand Metric Tonnes (TMT),PPAC,1751964547_PT_IMPORT_TMT_H.xlsx,PT_IMPORT_2019-20,29,2026-08-21T15:32:18.944735+00:00,1.0
2020-02-01,2020,2019-20,February,ATF#,EXPORT,524.616545136646,Thousand Metric Tonnes (TMT),PPAC,1751964547_PT_IMPORT_TMT_H.xlsx,PT_IMPORT_2019-20,29,2026-08-21T15:32:18.944735+00:00,1.0
2020-03-01,2020,2019-20,March,ATF#,EXPORT,488.3698479192546,Thousand Metric Tonnes (TMT),PPAC,1751964547_PT_IMPORT_TMT_H.xlsx,PT_IMPORT_2019-20,29,2026-08-21T15:32:18.944735+00:00,1.0
2019-04-01,2019,2019-20,April,SKO,EXPORT,1.6127769513818209,Thousand Metric Tonnes (TMT),PPAC,1751964547_PT_IMPORT_TMT_H.xlsx,PT_IMPORT_2019-20,30,2026-08-21T15:32:18.944735+00:00,1.0
2019-05-01,2019,2019-20,May,SKO,EXPORT,1.5720660768809205,Thousand Metric Tonnes (TMT),PPAC,1751964547_PT_IMPORT_TMT_H.xlsx,PT_IMPORT_2019-20,30,2026-08-21T15:32:18.944735+00:00,1.0
2019-06-01,2019,2019-20,June,SKO,EXPORT,1.9635167932357316,Thousand Metric Tonnes (TMT),PPAC,1751964547_PT_IMPORT_TMT_H.xlsx,PT_IMPORT_2019-20,30,2026-08-21T15:32:18.944735+00:00,1.0
2019-07-01,2019,2019-20,July,SKO,EXPORT,1.7630940264620683,Thousand Metric Tonnes (TMT),PPAC,1751964547_PT_IMPORT_TMT_H.xlsx,PT_IMPORT_2019-20,30,2026-08-21T15:32:18.944735+00:00,1.0
2019-08-01,2019,2019-20,August,SKO,EXPORT,2.1639395600093945,Thousand Metric Tonnes (TMT),PPAC,1751964547_PT_IMPORT_TMT_H.xlsx,PT_IMPORT_2019-20,30,2026-08-21T15:32:18.944735+00:00,1.0
2019-09-01,2019,2019-20,September,SKO,EXPORT,2.2735457605887417,Thousand Metric Tonnes (TMT),PPAC,1751964547_PT_IMPORT_TMT_H.xlsx,PT_IMPORT_2019-20,30,2026-08-21T15:32:18.944735+00:00,1.0
2019-10-01,2019,2019-20,October,SKO,EXPORT,0.9332185077898691,Thousand Metric Tonnes (TMT),PPAC,1751964547_PT_IMPORT_TMT_H.xlsx,PT_IMPORT_2019-20,30,2026-08-21T15:32:18.944735+00:00,1.0
2019-11-01,2019,2019-20,November,SKO,EXPORT,1.8257261410788381,Thousand Metric Tonnes (TMT),PPAC,1751964547_PT_IMPORT_TMT_H.xlsx,PT_IMPORT_2019-20,30,2026-08-21T15:32:18.944735+00:00,1.0
2019-12-01,2019,2019-20,December,SKO,EXPORT,20.75454568261176,Thousand Metric Tonnes (TMT),PPAC,1751964547_PT_IMPORT_TMT_H.xlsx,PT_IMPORT_2019-20,30,2026-08-21T15:32:18.944735+00:00,1.0
2020-01-01,2020,2019-20,January,SKO,EXPORT,59.398171754795264,Thousand Metric Tonnes (TMT),PPAC,1751964547_PT_IMPORT_TMT_H.xlsx,PT_IMPORT_2019-20,30,2026-08-21T15:32:18.944735+00:00,1.0
2020-02-01,2020,2019-20,February,SKO,EXPORT,21.153166966256947,Thousand Metric Tonnes (TMT),PPAC,1751964547_PT_IMPORT_TMT_H.xlsx,PT_IMPORT_2019-20,30,2026-08-21T15:32:18.944735+00:00,1.0
2020-03-01,2020,2019-20,March,SKO,EXPORT,60.80167049001801,Thousand Metric Tonnes (TMT),PPAC,1751964547_PT_IMPORT_TMT_H.xlsx,PT_IMPORT_2019-20,30,2026-08-21T15:32:18.944735+00:00,1.0
2019-04-01,2019,2019-20,April,HSD,EXPORT,2017.1889723661384,Thousand Metric Tonnes (TMT),PPAC,1751964547_PT_IMPORT_TMT_H.xlsx,PT_IMPORT_2019-20,31,2026-08-21T15:32:18.944735+00:00,1.0
2019-05-01,2019,2019-20,May,HSD,EXPORT,2101.0674166113427,Thousand Metric Tonnes (TMT),PPAC,1751964547_PT_IMPORT_TMT_H.xlsx,PT_IMPORT_2019-20,31,2026-08-21T15:32:18.944735+00:00,1.0
2019-06-01,2019,2019-20,June,HSD,EXPORT,2220.225935684737,Thousand Metric Tonnes (TMT),PPAC,1751964547_PT_IMPORT_TMT_H.xlsx,PT_IMPORT_2019-20,31,2026-08-21T15:32:18.944735+00:00,1.0
2019-07-01,2019,2019-20,July,HSD,EXPORT,2614.4655938123433,Thousand Metric Tonnes (TMT),PPAC,1751964547_PT_IMPORT_TMT_H.xlsx,PT_IMPORT_2019-20,31,2026-08-21T15:32:18.944735+00:00,1.0
2019-08-01,2019,2019-20,August,HSD,EXPORT,2357.4774209908255,Thousand Metric Tonnes (TMT),PPAC,1751964547_PT_IMPORT_TMT_H.xlsx,PT_IMPORT_2019-20,31,2026-08-21T15:32:18.944735+00:00,1.0
2019-09-01,2019,2019-20,September,HSD,EXPORT,3321.7610281025854,Thousand Metric Tonnes (TMT),PPAC,1751964547_PT_IMPORT_TMT_H.xlsx,PT_IMPORT_2019-20,31,2026-08-21T15:32:18.944735+00:00,1.0
2019-10-01,2019,2019-20,October,HSD,EXPORT,3118.979518271059,Thousand Metric Tonnes (TMT),PPAC,1751964547_PT_IMPORT_TMT_H.xlsx,PT_IMPORT_2019-20,31,2026-08-21T15:32:18.944735+00:00,1.0
2019-11-01,2019,2019-20,November,HSD,EXPORT,3269.653070809841,Thousand Metric Tonnes (TMT),PPAC,1751964547_PT_IMPORT_TMT_H.xlsx,PT_IMPORT_2019-20,31,2026-08-21T15:32:18.944735+00:00,1.0
2019-12-01,2019,2019-20,December,HSD,EXPORT,3142.99538853211,Thousand Metric Tonnes (TMT),PPAC,1751964547_PT_IMPORT_TMT_H.xlsx,PT_IMPORT_2019-20,31,2026-08-21T15:32:18.944735+00:00,1.0
2020-01-01,2020,2019-20,January,HSD,EXPORT,2141.418154009174,Thousand Metric Tonnes (TMT),PPAC,1751964547_PT_IMPORT_TMT_H.xlsx,PT_IMPORT_2019-20,31,2026-08-21T15:32:18.944735+00:00,1.0
2020-02-01,2020,2019-20,February,HSD,EXPORT,2389.958558904921,Thousand Metric Tonnes (TMT),PPAC,1751964547_PT_IMPORT_TMT_H.xlsx,PT_IMPORT_2019-20,31,2026-08-21T15:32:18.944735+00:00,1.0
2020-03-01,2020,2019-20,March,HSD,EXPORT,2958.1760856355295,Thousand Metric Tonnes (TMT),PPAC,1751964547_PT_IMPORT_TMT_H.xlsx,PT_IMPORT_2019-20,31,2026-08-21T15:32:18.944735+00:00,1.0
2019-04-01,2019,2019-20,April,LDO,EXPORT,0.0,Thousand Metric Tonnes (TMT),PPAC,1751964547_PT_IMPORT_TMT_H.xlsx,PT_IMPORT_2019-20,32,2026-08-21T15:32:18.944735+00:00,1.0
2019-05-01,2019,2019-20,May,LDO,EXPORT,0.0,Thousand Metric Tonnes (TMT),PPAC,1751964547_PT_IMPORT_TMT_H.xlsx,PT_IMPORT_2019-20,32,2026-08-21T15:32:18.944735+00:00,1.0
2019-06-01,2019,2019-20,June,LDO,EXPORT,0.0,Thousand Metric Tonnes (TMT),PPAC,1751964547_PT_IMPORT_TMT_H.xlsx,PT_IMPORT_2019-20,32,2026-08-21T15:32:18.944735+00:00,1.0
2019-07-01,2019,2019-20,July,LDO,EXPORT,0.0,Thousand Metric Tonnes (TMT),PPAC,1751964547_PT_IMPORT_TMT_H.xlsx,PT_IMPORT_2019-20,32,2026-08-21T15:32:18.944735+00:00,1.0
2019-08-01,2019,2019-20,August,LDO,EXPORT,0.0,Thousand Metric Tonnes (TMT),PPAC,1751964547_PT_IMPORT_TMT_H.xlsx,PT_IMPORT_2019-20,32,2026-08-21T15:32:18.944735+00:00,1.0
2019-09-01,2019,2019-20,September,LDO,EXPORT,0.0,Thousand Metric Tonnes (TMT),PPAC,1751964547_PT_IMPORT_TMT_H.xlsx,PT_IMPORT_2019-20,32,2026-08-21T15:32:18.944735+00:00,1.0
2019-10-01,2019,2019-20,October,LDO,EXPORT,0.0,Thousand Metric Tonnes (TMT),PPAC,1751964547_PT_IMPORT_TMT_H.xlsx,PT_IMPORT_2019-20,32,2026-08-21T15:32:18.944735+00:00,1.0
2019-11-01,2019,2019-20,November,LDO,EXPORT,0.0,Thousand Metric Tonnes (TMT),PPAC,1751964547_PT_IMPORT_TMT_H.xlsx,PT_IMPORT_2019-20,32,2026-08-21T15:32:18.944735+00:00,1.0
2019-12-01,2019,2019-20,December,LDO,EXPORT,0.0,Thousand Metric Tonnes (TMT),PPAC,1751964547_PT_IMPORT_TMT_H.xlsx,PT_IMPORT_2019-20,32,2026-08-21T15:32:18.944735+00:00,1.0
2020-01-01,2020,2019-20,January,LDO,EXPORT,0.0,Thousand Metric Tonnes (TMT),PPAC,1751964547_PT_IMPORT_TMT_H.xlsx,PT_IMPORT_2019-20,32,2026-08-21T15:32:18.944735+00:00,1.0
2020-02-01,2020,2019-20,February,LDO,EXPORT,0.0,Thousand Metric Tonnes (TMT),PPAC,1751964547_PT_IMPORT_TMT_H.xlsx,PT_IMPORT_2019-20,32,2026-08-21T15:32:18.944735+00:00,1.0
2020-03-01,2020,2019-20,March,LDO,EXPORT,0.0,Thousand Metric Tonnes (TMT),PPAC,1751964547_PT_IMPORT_TMT_H.xlsx,PT_IMPORT_2019-20,32,2026-08-21T15:32:18.944735+00:00,1.0
2019-04-01,2019,2019-20,April,LOBS/ Lube Oil,EXPORT,0.07423,Thousand Metric Tonnes (TMT),PPAC,1751964547_PT_IMPORT_TMT_H.xlsx,PT_IMPORT_2019-20,33,2026-08-21T15:32:18.944735+00:00,1.0
2019-05-01,2019,2019-20,May,LOBS/ Lube Oil,EXPORT,0.53074,Thousand Metric Tonnes (TMT),PPAC,1751964547_PT_IMPORT_TMT_H.xlsx,PT_IMPORT_2019-20,33,2026-08-21T15:32:18.944735+00:00,1.0
2019-06-01,2019,2019-20,June,LOBS/ Lube Oil,EXPORT,0.7902499999999999,Thousand Metric Tonnes (TMT),PPAC,1751964547_PT_IMPORT_TMT_H.xlsx,PT_IMPORT_2019-20,33,2026-08-21T15:32:18.944735+00:00,1.0
2019-07-01,2019,2019-20,July,LOBS/ Lube Oil,EXPORT,0.75225,Thousand Metric Tonnes (TMT),PPAC,1751964547_PT_IMPORT_TMT_H.xlsx,PT_IMPORT_2019-20,33,2026-08-21T15:32:18.944735+00:00,1.0
2019-08-01,2019,2019-20,August,LOBS/ Lube Oil,EXPORT,0.6832,Thousand Metric Tonnes (TMT),PPAC,1751964547_PT_IMPORT_TMT_H.xlsx,PT_IMPORT_2019-20,33,2026-08-21T15:32:18.944735+00:00,1.0
2019-09-01,2019,2019-20,September,LOBS/ Lube Oil,EXPORT,0.82602,Thousand Metric Tonnes (TMT),PPAC,1751964547_PT_IMPORT_TMT_H.xlsx,PT_IMPORT_2019-20,33,2026-08-21T15:32:18.944735+00:00,1.0
2019-10-01,2019,2019-20,October,LOBS/ Lube Oil,EXPORT,0.7295799999999999,Thousand Metric Tonnes (TMT),PPAC,1751964547_PT_IMPORT_TMT_H.xlsx,PT_IMPORT_2019-20,33,2026-08-21T15:32:18.944735+00:00,1.0
2019-11-01,2019,2019-20,November,LOBS/ Lube Oil,EXPORT,0.84349,Thousand Metric Tonnes (TMT),PPAC,1751964547_PT_IMPORT_TMT_H.xlsx,PT_IMPORT_2019-20,33,2026-08-21T15:32:18.944735+00:00,1.0
2019-12-01,2019,2019-20,December,LOBS/ Lube Oil,EXPORT,0.5952299999999999,Thousand Metric Tonnes (TMT),PPAC,1751964547_PT_IMPORT_TMT_H.xlsx,PT_IMPORT_2019-20,33,2026-08-21T15:32:18.944735+00:00,1.0
2020-01-01,2020,2019-20,January,LOBS/ Lube Oil,EXPORT,0.7909599999999999,Thousand Metric Tonnes (TMT),PPAC,1751964547_PT_IMPORT_TMT_H.xlsx,PT_IMPORT_2019-20,33,2026-08-21T15:32:18.944735+00:00,1.0
2020-02-01,2020,2019-20,February,LOBS/ Lube Oil,EXPORT,0.78671,Thousand Metric Tonnes (TMT),PPAC,1751964547_PT_IMPORT_TMT_H.xlsx,PT_IMPORT_2019-20,33,2026-08-21T15:32:18.944735+00:00,1.0
2020-03-01,2020,2019-20,March,LOBS/ Lube Oil,EXPORT,0.37799999999999995,Thousand Metric Tonnes (TMT),PPAC,1751964547_PT_IMPORT_TMT_H.xlsx,PT_IMPORT_2019-20,33,2026-08-21T15:32:18.944735+00:00,1.0
2019-04-01,2019,2019-20,April,Fuel Oil,EXPORT,54.558234000000006,Thousand Metric Tonnes (TMT),PPAC,1751964547_PT_IMPORT_TMT_H.xlsx,PT_IMPORT_2019-20,34,2026-08-21T15:32:18.944735+00:00,1.0
2019-05-01,2019,2019-20,May,Fuel Oil,EXPORT,98.77,Thousand Metric Tonnes (TMT),PPAC,1751964547_PT_IMPORT_TMT_H.xlsx,PT_IMPORT_2019-20,34,2026-08-21T15:32:18.944735+00:00,1.0
2019-06-01,2019,2019-20,June,Fuel Oil,EXPORT,127.029023,Thousand Metric Tonnes (TMT),PPAC,1751964547_PT_IMPORT_TMT_H.xlsx,PT_IMPORT_2019-20,34,2026-08-21T15:32:18.944735+00:00,1.0
2019-07-01,2019,2019-20,July,Fuel Oil,EXPORT,151.83444400000002,Thousand Metric Tonnes (TMT),PPAC,1751964547_PT_IMPORT_TMT_H.xlsx,PT_IMPORT_2019-20,34,2026-08-21T15:32:18.944735+00:00,1.0
2019-08-01,2019,2019-20,August,Fuel Oil,EXPORT,171.399763,Thousand Metric Tonnes (TMT),PPAC,1751964547_PT_IMPORT_TMT_H.xlsx,PT_IMPORT_2019-20,34,2026-08-21T15:32:18.944735+00:00,1.0
2019-09-01,2019,2019-20,September,Fuel Oil,EXPORT,364.517752,Thousand Metric Tonnes (TMT),PPAC,1751964547_PT_IMPORT_TMT_H.xlsx,PT_IMPORT_2019-20,34,2026-08-21T15:32:18.944735+00:00,1.0
2019-10-01,2019,2019-20,October,Fuel Oil,EXPORT,156.97931,Thousand Metric Tonnes (TMT),PPAC,1751964547_PT_IMPORT_TMT_H.xlsx,PT_IMPORT_2019-20,34,2026-08-21T15:32:18.944735+00:00,1.0
2019-11-01,2019,2019-20,November,Fuel Oil,EXPORT,151.696662,Thousand Metric Tonnes (TMT),PPAC,1751964547_PT_IMPORT_TMT_H.xlsx,PT_IMPORT_2019-20,34,2026-08-21T15:32:18.944735+00:00,1.0
2019-12-01,2019,2019-20,December,Fuel Oil,EXPORT,33.056003999999994,Thousand Metric Tonnes (TMT),PPAC,1751964547_PT_IMPORT_TMT_H.xlsx,PT_IMPORT_2019-20,34,2026-08-21T15:32:18.944735+00:00,1.0
2020-01-01,2020,2019-20,January,Fuel Oil,EXPORT,0.11308,Thousand Metric Tonnes (TMT),PPAC,1751964547_PT_IMPORT_TMT_H.xlsx,PT_IMPORT_2019-20,34,2026-08-21T15:32:18.944735+00:00,1.0
2020-02-01,2020,2019-20,February,Fuel Oil,EXPORT,102.94315500000002,Thousand Metric Tonnes (TMT),PPAC,1751964547_PT_IMPORT_TMT_H.xlsx,PT_IMPORT_2019-20,34,2026-08-21T15:32:18.944735+00:00,1.0
2020-03-01,2020,2019-20,March,Fuel Oil,EXPORT,114.11973,Thousand Metric Tonnes (TMT),PPAC,1751964547_PT_IMPORT_TMT_H.xlsx,PT_IMPORT_2019-20,34,2026-08-21T15:32:18.944735+00:00,1.0
2019-04-01,2019,2019-20,April,Bitumen,EXPORT,3.76703,Thousand Metric Tonnes (TMT),PPAC,1751964547_PT_IMPORT_TMT_H.xlsx,PT_IMPORT_2019-20,35,2026-08-21T15:32:18.944735+00:00,1.0
2019-05-01,2019,2019-20,May,Bitumen,EXPORT,3.4951999999999996,Thousand Metric Tonnes (TMT),PPAC,1751964547_PT_IMPORT_TMT_H.xlsx,PT_IMPORT_2019-20,35,2026-08-21T15:32:18.944735+00:00,1.0
2019-06-01,2019,2019-20,June,Bitumen,EXPORT,0.75803,Thousand Metric Tonnes (TMT),PPAC,1751964547_PT_IMPORT_TMT_H.xlsx,PT_IMPORT_2019-20,35,2026-08-21T15:32:18.944735+00:00,1.0
2019-07-01,2019,2019-20,July,Bitumen,EXPORT,0.93326,Thousand Metric Tonnes (TMT),PPAC,1751964547_PT_IMPORT_TMT_H.xlsx,PT_IMPORT_2019-20,35,2026-08-21T15:32:18.944735+00:00,1.0
2019-08-01,2019,2019-20,August,Bitumen,EXPORT,4.30388,Thousand Metric Tonnes (TMT),PPAC,1751964547_PT_IMPORT_TMT_H.xlsx,PT_IMPORT_2019-20,35,2026-08-21T15:32:18.944735+00:00,1.0
2019-09-01,2019,2019-20,September,Bitumen,EXPORT,1.99014,Thousand Metric Tonnes (TMT),PPAC,1751964547_PT_IMPORT_TMT_H.xlsx,PT_IMPORT_2019-20,35,2026-08-21T15:32:18.944735+00:00,1.0
2019-10-01,2019,2019-20,October,Bitumen,EXPORT,1.9416,Thousand Metric Tonnes (TMT),PPAC,1751964547_PT_IMPORT_TMT_H.xlsx,PT_IMPORT_2019-20,35,2026-08-21T15:32:18.944735+00:00,1.0
2019-11-01,2019,2019-20,November,Bitumen,EXPORT,2.0386800000000003,Thousand Metric Tonnes (TMT),PPAC,1751964547_PT_IMPORT_TMT_H.xlsx,PT_IMPORT_2019-20,35,2026-08-21T15:32:18.944735+00:00,1.0
2019-12-01,2019,2019-20,December,Bitumen,EXPORT,0.0,Thousand Metric Tonnes (TMT),PPAC,1751964547_PT_IMPORT_TMT_H.xlsx,PT_IMPORT_2019-20,35,2026-08-21T15:32:18.944735+00:00,1.0
2020-01-01,2020,2019-20,January,Bitumen,EXPORT,4.0773600000000005,Thousand Metric Tonnes (TMT),PPAC,1751964547_PT_IMPORT_TMT_H.xlsx,PT_IMPORT_2019-20,35,2026-08-21T15:32:18.944735+00:00,1.0
2020-02-01,2020,2019-20,February,Bitumen,EXPORT,2.0386800000000003,Thousand Metric Tonnes (TMT),PPAC,1751964547_PT_IMPORT_TMT_H.xlsx,PT_IMPORT_2019-20,35,2026-08-21T15:32:18.944735+00:00,1.0
2020-03-01,2020,2019-20,March,Bitumen,EXPORT,0.0,Thousand Metric Tonnes (TMT),PPAC,1751964547_PT_IMPORT_TMT_H.xlsx,PT_IMPORT_2019-20,35,2026-08-21T15:32:18.944735+00:00,1.0
2019-04-01,2019,2019-20,April,Others%,EXPORT,121.01298373499999,Thousand Metric Tonnes (TMT),PPAC,1751964547_PT_IMPORT_TMT_H.xlsx,PT_IMPORT_2019-20,36,2026-08-21T15:32:18.944735+00:00,1.0
2019-05-01,2019,2019-20,May,Others%,EXPORT,368.54180422,Thousand Metric Tonnes (TMT),PPAC,1751964547_PT_IMPORT_TMT_H.xlsx,PT_IMPORT_2019-20,36,2026-08-21T15:32:18.944735+00:00,1.0
2019-06-01,2019,2019-20,June,Others%,EXPORT,281.612025,Thousand Metric Tonnes (TMT),PPAC,1751964547_PT_IMPORT_TMT_H.xlsx,PT_IMPORT_2019-20,36,2026-08-21T15:32:18.944735+00:00,1.0
2019-07-01,2019,2019-20,July,Others%,EXPORT,222.385039,Thousand Metric Tonnes (TMT),PPAC,1751964547_PT_IMPORT_TMT_H.xlsx,PT_IMPORT_2019-20,36,2026-08-21T15:32:18.944735+00:00,1.0
2019-08-01,2019,2019-20,August,Others%,EXPORT,608.2436530000001,Thousand Metric Tonnes (TMT),PPAC,1751964547_PT_IMPORT_TMT_H.xlsx,PT_IMPORT_2019-20,36,2026-08-21T15:32:18.944735+00:00,1.0
2019-09-01,2019,2019-20,September,Others%,EXPORT,218.67515,Thousand Metric Tonnes (TMT),PPAC,1751964547_PT_IMPORT_TMT_H.xlsx,PT_IMPORT_2019-20,36,2026-08-21T15:32:18.944735+00:00,1.0
2019-10-01,2019,2019-20,October,Others%,EXPORT,163.030049,Thousand Metric Tonnes (TMT),PPAC,1751964547_PT_IMPORT_TMT_H.xlsx,PT_IMPORT_2019-20,36,2026-08-21T15:32:18.944735+00:00,1.0
2019-11-01,2019,2019-20,November,Others%,EXPORT,220.81576400000003,Thousand Metric Tonnes (TMT),PPAC,1751964547_PT_IMPORT_TMT_H.xlsx,PT_IMPORT_2019-20,36,2026-08-21T15:32:18.944735+00:00,1.0
2019-12-01,2019,2019-20,December,Others%,EXPORT,285.800058,Thousand Metric Tonnes (TMT),PPAC,1751964547_PT_IMPORT_TMT_H.xlsx,PT_IMPORT_2019-20,36,2026-08-21T15:32:18.944735+00:00,1.0
2020-01-01,2020,2019-20,January,Others%,EXPORT,307.504664,Thousand Metric Tonnes (TMT),PPAC,1751964547_PT_IMPORT_TMT_H.xlsx,PT_IMPORT_2019-20,36,2026-08-21T15:32:18.944735+00:00,1.0
2020-02-01,2020,2019-20,February,Others%,EXPORT,224.281042,Thousand Metric Tonnes (TMT),PPAC,1751964547_PT_IMPORT_TMT_H.xlsx,PT_IMPORT_2019-20,36,2026-08-21T15:32:18.944735+00:00,1.0
2020-03-01,2020,2019-20,March,Others%,EXPORT,296.981496,Thousand Metric Tonnes (TMT),PPAC,1751964547_PT_IMPORT_TMT_H.xlsx,PT_IMPORT_2019-20,36,2026-08-21T15:32:18.944735+00:00,1.0
2018-04-01,2018,2018-19,April,CRUDE OIL$,IMPORT,17279.962234201,Thousand Metric Tonnes (TMT),PPAC,1751964547_PT_IMPORT_TMT_H.xlsx,PT_IMPORT_2018-19,11,2026-08-21T15:32:18.959584+00:00,1.0
2018-05-01,2018,2018-19,May,CRUDE OIL$,IMPORT,19962.768583448,Thousand Metric Tonnes (TMT),PPAC,1751964547_PT_IMPORT_TMT_H.xlsx,PT_IMPORT_2018-19,11,2026-08-21T15:32:18.959584+00:00,1.0
2018-06-01,2018,2018-19,June,CRUDE OIL$,IMPORT,19476.871293657998,Thousand Metric Tonnes (TMT),PPAC,1751964547_PT_IMPORT_TMT_H.xlsx,PT_IMPORT_2018-19,11,2026-08-21T15:32:18.959584+00:00,1.0
2018-07-01,2018,2018-19,July,CRUDE OIL$,IMPORT,19583.290058888,Thousand Metric Tonnes (TMT),PPAC,1751964547_PT_IMPORT_TMT_H.xlsx,PT_IMPORT_2018-19,11,2026-08-21T15:32:18.959584+00:00,1.0
2018-08-01,2018,2018-19,August,CRUDE OIL$,IMPORT,18639.401869497004,Thousand Metric Tonnes (TMT),PPAC,1751964547_PT_IMPORT_TMT_H.xlsx,PT_IMPORT_2018-19,11,2026-08-21T15:32:18.959584+00:00,1.0
2018-09-01,2018,2018-19,September,CRUDE OIL$,IMPORT,17924.334042210998,Thousand Metric Tonnes (TMT),PPAC,1751964547_PT_IMPORT_TMT_H.xlsx,PT_IMPORT_2018-19,11,2026-08-21T15:32:18.959584+00:00,1.0
2018-10-01,2018,2018-19,October,CRUDE OIL$,IMPORT,21101.995773553,Thousand Metric Tonnes (TMT),PPAC,1751964547_PT_IMPORT_TMT_H.xlsx,PT_IMPORT_2018-19,11,2026-08-21T15:32:18.959584+00:00,1.0
2018-11-01,2018,2018-19,November,CRUDE OIL$,IMPORT,17014.181911388176,Thousand Metric Tonnes (TMT),PPAC,1751964547_PT_IMPORT_TMT_H.xlsx,PT_IMPORT_2018-19,11,2026-08-21T15:32:18.959584+00:00,1.0
2018-12-01,2018,2018-19,December,CRUDE OIL$,IMPORT,19542.559462995003,Thousand Metric Tonnes (TMT),PPAC,1751964547_PT_IMPORT_TMT_H.xlsx,PT_IMPORT_2018-19,11,2026-08-21T15:32:18.959584+00:00,1.0
2019-01-01,2019,2018-19,January,CRUDE OIL$,IMPORT,19681.848592191003,Thousand Metric Tonnes (TMT),PPAC,1751964547_PT_IMPORT_TMT_H.xlsx,PT_IMPORT_2018-19,11,2026-08-21T15:32:18.959584+00:00,1.0
2019-02-01,2019,2018-19,February,CRUDE OIL$,IMPORT,17114.454574283,Thousand Metric Tonnes (TMT),PPAC,1751964547_PT_IMPORT_TMT_H.xlsx,PT_IMPORT_2018-19,11,2026-08-21T15:32:18.959584+00:00,1.0
2019-03-01,2019,2018-19,March,CRUDE OIL$,IMPORT,19175.947955151,Thousand Metric Tonnes (TMT),PPAC,1751964547_PT_IMPORT_TMT_H.xlsx,PT_IMPORT_2018-19,11,2026-08-21T15:32:18.959584+00:00,1.0
2018-04-01,2018,2018-19,April,LPG,IMPORT,862.891748,Thousand Metric Tonnes (TMT),PPAC,1751964547_PT_IMPORT_TMT_H.xlsx,PT_IMPORT_2018-19,13,2026-08-21T15:32:18.959584+00:00,1.0
2018-05-01,2018,2018-19,May,LPG,IMPORT,866.8151379999999,Thousand Metric Tonnes (TMT),PPAC,1751964547_PT_IMPORT_TMT_H.xlsx,PT_IMPORT_2018-19,13,2026-08-21T15:32:18.959584+00:00,1.0
2018-06-01,2018,2018-19,June,LPG,IMPORT,1098.906025,Thousand Metric Tonnes (TMT),PPAC,1751964547_PT_IMPORT_TMT_H.xlsx,PT_IMPORT_2018-19,13,2026-08-21T15:32:18.959584+00:00,1.0
2018-07-01,2018,2018-19,July,LPG,IMPORT,1083.198917,Thousand Metric Tonnes (TMT),PPAC,1751964547_PT_IMPORT_TMT_H.xlsx,PT_IMPORT_2018-19,13,2026-08-21T15:32:18.959584+00:00,1.0
2018-08-01,2018,2018-19,August,LPG,IMPORT,1229.76682,Thousand Metric Tonnes (TMT),PPAC,1751964547_PT_IMPORT_TMT_H.xlsx,PT_IMPORT_2018-19,13,2026-08-21T15:32:18.959584+00:00,1.0
2018-09-01,2018,2018-19,September,LPG,IMPORT,1173.7000750000002,Thousand Metric Tonnes (TMT),PPAC,1751964547_PT_IMPORT_TMT_H.xlsx,PT_IMPORT_2018-19,13,2026-08-21T15:32:18.959584+00:00,1.0
2018-10-01,2018,2018-19,October,LPG,IMPORT,999.105945,Thousand Metric Tonnes (TMT),PPAC,1751964547_PT_IMPORT_TMT_H.xlsx,PT_IMPORT_2018-19,13,2026-08-21T15:32:18.959584+00:00,1.0
2018-11-01,2018,2018-19,November,LPG,IMPORT,1027.720161,Thousand Metric Tonnes (TMT),PPAC,1751964547_PT_IMPORT_TMT_H.xlsx,PT_IMPORT_2018-19,13,2026-08-21T15:32:18.959584+00:00,1.0
2018-12-01,2018,2018-19,December,LPG,IMPORT,1221.630423,Thousand Metric Tonnes (TMT),PPAC,1751964547_PT_IMPORT_TMT_H.xlsx,PT_IMPORT_2018-19,13,2026-08-21T15:32:18.959584+00:00,1.0
2019-01-01,2019,2018-19,January,LPG,IMPORT,1066.302857,Thousand Metric Tonnes (TMT),PPAC,1751964547_PT_IMPORT_TMT_H.xlsx,PT_IMPORT_2018-19,13,2026-08-21T15:32:18.959584+00:00,1.0
2019-02-01,2019,2018-19,February,LPG,IMPORT,1213.2456550000002,Thousand Metric Tonnes (TMT),PPAC,1751964547_PT_IMPORT_TMT_H.xlsx,PT_IMPORT_2018-19,13,2026-08-21T15:32:18.959584+00:00,1.0
2019-03-01,2019,2018-19,March,LPG,IMPORT,1391.7723410000003,Thousand Metric Tonnes (TMT),PPAC,1751964547_PT_IMPORT_TMT_H.xlsx,PT_IMPORT_2018-19,13,2026-08-21T15:32:18.959584+00:00,1.0
2018-04-01,2018,2018-19,April,MS,IMPORT,0.0,Thousand Metric Tonnes (TMT),PPAC,1751964547_PT_IMPORT_TMT_H.xlsx,PT_IMPORT_2018-19,14,2026-08-21T15:32:18.959584+00:00,1.0
2018-05-01,2018,2018-19,May,MS,IMPORT,163.97261220000001,Thousand Metric Tonnes (TMT),PPAC,1751964547_PT_IMPORT_TMT_H.xlsx,PT_IMPORT_2018-19,14,2026-08-21T15:32:18.959584+00:00,1.0
2018-06-01,2018,2018-19,June,MS,IMPORT,0.0,Thousand Metric Tonnes (TMT),PPAC,1751964547_PT_IMPORT_TMT_H.xlsx,PT_IMPORT_2018-19,14,2026-08-21T15:32:18.959584+00:00,1.0
2018-07-01,2018,2018-19,July,MS,IMPORT,0.0,Thousand Metric Tonnes (TMT),PPAC,1751964547_PT_IMPORT_TMT_H.xlsx,PT_IMPORT_2018-19,14,2026-08-21T15:32:18.959584+00:00,1.0
2018-08-01,2018,2018-19,August,MS,IMPORT,37.488141999999996,Thousand Metric Tonnes (TMT),PPAC,1751964547_PT_IMPORT_TMT_H.xlsx,PT_IMPORT_2018-19,14,2026-08-21T15:32:18.959584+00:00,1.0
2018-09-01,2018,2018-19,September,MS,IMPORT,43.812016,Thousand Metric Tonnes (TMT),PPAC,1751964547_PT_IMPORT_TMT_H.xlsx,PT_IMPORT_2018-19,14,2026-08-21T15:32:18.959584+00:00,1.0
2018-10-01,2018,2018-19,October,MS,IMPORT,36.036782,Thousand Metric Tonnes (TMT),PPAC,1751964547_PT_IMPORT_TMT_H.xlsx,PT_IMPORT_2018-19,14,2026-08-21T15:32:18.959584+00:00,1.0
2018-11-01,2018,2018-19,November,MS,IMPORT,37.315279000000004,Thousand Metric Tonnes (TMT),PPAC,1751964547_PT_IMPORT_TMT_H.xlsx,PT_IMPORT_2018-19,14,2026-08-21T15:32:18.959584+00:00,1.0
2018-12-01,2018,2018-19,December,MS,IMPORT,36.644502,Thousand Metric Tonnes (TMT),PPAC,1751964547_PT_IMPORT_TMT_H.xlsx,PT_IMPORT_2018-19,14,2026-08-21T15:32:18.959584+00:00,1.0
2019-01-01,2019,2018-19,January,MS,IMPORT,65.890858,Thousand Metric Tonnes (TMT),PPAC,1751964547_PT_IMPORT_TMT_H.xlsx,PT_IMPORT_2018-19,14,2026-08-21T15:32:18.959584+00:00,1.0
2019-02-01,2019,2018-19,February,MS,IMPORT,100.713785,Thousand Metric Tonnes (TMT),PPAC,1751964547_PT_IMPORT_TMT_H.xlsx,PT_IMPORT_2018-19,14,2026-08-21T15:32:18.959584+00:00,1.0
2019-03-01,2019,2018-19,March,MS,IMPORT,147.922716,Thousand Metric Tonnes (TMT),PPAC,1751964547_PT_IMPORT_TMT_H.xlsx,PT_IMPORT_2018-19,14,2026-08-21T15:32:18.959584+00:00,1.0
2018-04-01,2018,2018-19,April,Naphtha,IMPORT,331.870951,Thousand Metric Tonnes (TMT),PPAC,1751964547_PT_IMPORT_TMT_H.xlsx,PT_IMPORT_2018-19,15,2026-08-21T15:32:18.959584+00:00,1.0
2018-05-01,2018,2018-19,May,Naphtha,IMPORT,123.64396500000001,Thousand Metric Tonnes (TMT),PPAC,1751964547_PT_IMPORT_TMT_H.xlsx,PT_IMPORT_2018-19,15,2026-08-21T15:32:18.959584+00:00,1.0
2018-06-01,2018,2018-19,June,Naphtha,IMPORT,199.31632699999997,Thousand Metric Tonnes (TMT),PPAC,1751964547_PT_IMPORT_TMT_H.xlsx,PT_IMPORT_2018-19,15,2026-08-21T15:32:18.959584+00:00,1.0
2018-07-01,2018,2018-19,July,Naphtha,IMPORT,160.72939200000002,Thousand Metric Tonnes (TMT),PPAC,1751964547_PT_IMPORT_TMT_H.xlsx,PT_IMPORT_2018-19,15,2026-08-21T15:32:18.959584+00:00,1.0
2018-08-01,2018,2018-19,August,Naphtha,IMPORT,154.79226999999997,Thousand Metric Tonnes (TMT),PPAC,1751964547_PT_IMPORT_TMT_H.xlsx,PT_IMPORT_2018-19,15,2026-08-21T15:32:18.959584+00:00,1.0
2018-09-01,2018,2018-19,September,Naphtha,IMPORT,159.91672700000004,Thousand Metric Tonnes (TMT),PPAC,1751964547_PT_IMPORT_TMT_H.xlsx,PT_IMPORT_2018-19,15,2026-08-21T15:32:18.959584+00:00,1.0
2018-10-01,2018,2018-19,October,Naphtha,IMPORT,242.12973299999993,Thousand Metric Tonnes (TMT),PPAC,1751964547_PT_IMPORT_TMT_H.xlsx,PT_IMPORT_2018-19,15,2026-08-21T15:32:18.959584+00:00,1.0
2018-11-01,2018,2018-19,November,Naphtha,IMPORT,232.29153800000006,Thousand Metric Tonnes (TMT),PPAC,1751964547_PT_IMPORT_TMT_H.xlsx,PT_IMPORT_2018-19,15,2026-08-21T15:32:18.959584+00:00,1.0
2018-12-01,2018,2018-19,December,Naphtha,IMPORT,178.50264100000004,Thousand Metric Tonnes (TMT),PPAC,1751964547_PT_IMPORT_TMT_H.xlsx,PT_IMPORT_2018-19,15,2026-08-21T15:32:18.959584+00:00,1.0
2019-01-01,2019,2018-19,January,Naphtha,IMPORT,51.934322,Thousand Metric Tonnes (TMT),PPAC,1751964547_PT_IMPORT_TMT_H.xlsx,PT_IMPORT_2018-19,15,2026-08-21T15:32:18.959584+00:00,1.0
2019-02-01,2019,2018-19,February,Naphtha,IMPORT,178.07343,Thousand Metric Tonnes (TMT),PPAC,1751964547_PT_IMPORT_TMT_H.xlsx,PT_IMPORT_2018-19,15,2026-08-21T15:32:18.959584+00:00,1.0
2019-03-01,2019,2018-19,March,Naphtha,IMPORT,68.353651,Thousand Metric Tonnes (TMT),PPAC,1751964547_PT_IMPORT_TMT_H.xlsx,PT_IMPORT_2018-19,15,2026-08-21T15:32:18.959584+00:00,1.0
2018-04-01,2018,2018-19,April,ATF,IMPORT,37.355999999999995,Thousand Metric Tonnes (TMT),PPAC,1751964547_PT_IMPORT_TMT_H.xlsx,PT_IMPORT_2018-19,16,2026-08-21T15:32:18.959584+00:00,1.0
2018-05-01,2018,2018-19,May,ATF,IMPORT,6.959,Thousand Metric Tonnes (TMT),PPAC,1751964547_PT_IMPORT_TMT_H.xlsx,PT_IMPORT_2018-19,16,2026-08-21T15:32:18.959584+00:00,1.0
2018-06-01,2018,2018-19,June,ATF,IMPORT,14.722000000000001,Thousand Metric Tonnes (TMT),PPAC,1751964547_PT_IMPORT_TMT_H.xlsx,PT_IMPORT_2018-19,16,2026-08-21T15:32:18.959584+00:00,1.0
2018-07-01,2018,2018-19,July,ATF,IMPORT,30.384999999999998,Thousand Metric Tonnes (TMT),PPAC,1751964547_PT_IMPORT_TMT_H.xlsx,PT_IMPORT_2018-19,16,2026-08-21T15:32:18.959584+00:00,1.0
2018-08-01,2018,2018-19,August,ATF,IMPORT,37.64,Thousand Metric Tonnes (TMT),PPAC,1751964547_PT_IMPORT_TMT_H.xlsx,PT_IMPORT_2018-19,16,2026-08-21T15:32:18.959584+00:00,1.0
2018-09-01,2018,2018-19,September,ATF,IMPORT,37.080999999999996,Thousand Metric Tonnes (TMT),PPAC,1751964547_PT_IMPORT_TMT_H.xlsx,PT_IMPORT_2018-19,16,2026-08-21T15:32:18.959584+00:00,1.0
2018-10-01,2018,2018-19,October,ATF,IMPORT,40.646,Thousand Metric Tonnes (TMT),PPAC,1751964547_PT_IMPORT_TMT_H.xlsx,PT_IMPORT_2018-19,16,2026-08-21T15:32:18.959584+00:00,1.0
2018-11-01,2018,2018-19,November,ATF,IMPORT,20.816,Thousand Metric Tonnes (TMT),PPAC,1751964547_PT_IMPORT_TMT_H.xlsx,PT_IMPORT_2018-19,16,2026-08-21T15:32:18.959584+00:00,1.0
2018-12-01,2018,2018-19,December,ATF,IMPORT,22.0,Thousand Metric Tonnes (TMT),PPAC,1751964547_PT_IMPORT_TMT_H.xlsx,PT_IMPORT_2018-19,16,2026-08-21T15:32:18.959584+00:00,1.0
2019-01-01,2019,2018-19,January,ATF,IMPORT,6.01,Thousand Metric Tonnes (TMT),PPAC,1751964547_PT_IMPORT_TMT_H.xlsx,PT_IMPORT_2018-19,16,2026-08-21T15:32:18.959584+00:00,1.0
2019-02-01,2019,2018-19,February,ATF,IMPORT,0.0,Thousand Metric Tonnes (TMT),PPAC,1751964547_PT_IMPORT_TMT_H.xlsx,PT_IMPORT_2018-19,16,2026-08-21T15:32:18.959584+00:00,1.0
2019-03-01,2019,2018-19,March,ATF,IMPORT,5.146,Thousand Metric Tonnes (TMT),PPAC,1751964547_PT_IMPORT_TMT_H.xlsx,PT_IMPORT_2018-19,16,2026-08-21T15:32:18.959584+00:00,1.0
2018-04-01,2018,2018-19,April,SKO,IMPORT,0.0,Thousand Metric Tonnes (TMT),PPAC,1751964547_PT_IMPORT_TMT_H.xlsx,PT_IMPORT_2018-19,17,2026-08-21T15:32:18.959584+00:00,1.0
2018-05-01,2018,2018-19,May,SKO,IMPORT,0.0,Thousand Metric Tonnes (TMT),PPAC,1751964547_PT_IMPORT_TMT_H.xlsx,PT_IMPORT_2018-19,17,2026-08-21T15:32:18.959584+00:00,1.0
2018-06-01,2018,2018-19,June,SKO,IMPORT,0.0,Thousand Metric Tonnes (TMT),PPAC,1751964547_PT_IMPORT_TMT_H.xlsx,PT_IMPORT_2018-19,17,2026-08-21T15:32:18.959584+00:00,1.0
2018-07-01,2018,2018-19,July,SKO,IMPORT,0.0,Thousand Metric Tonnes (TMT),PPAC,1751964547_PT_IMPORT_TMT_H.xlsx,PT_IMPORT_2018-19,17,2026-08-21T15:32:18.959584+00:00,1.0
2018-08-01,2018,2018-19,August,SKO,IMPORT,0.0,Thousand Metric Tonnes (TMT),PPAC,1751964547_PT_IMPORT_TMT_H.xlsx,PT_IMPORT_2018-19,17,2026-08-21T15:32:18.959584+00:00,1.0
2018-09-01,2018,2018-19,September,SKO,IMPORT,0.0,Thousand Metric Tonnes (TMT),PPAC,1751964547_PT_IMPORT_TMT_H.xlsx,PT_IMPORT_2018-19,17,2026-08-21T15:32:18.959584+00:00,1.0
2018-10-01,2018,2018-19,October,SKO,IMPORT,0.0,Thousand Metric Tonnes (TMT),PPAC,1751964547_PT_IMPORT_TMT_H.xlsx,PT_IMPORT_2018-19,17,2026-08-21T15:32:18.959584+00:00,1.0
2018-11-01,2018,2018-19,November,SKO,IMPORT,0.0,Thousand Metric Tonnes (TMT),PPAC,1751964547_PT_IMPORT_TMT_H.xlsx,PT_IMPORT_2018-19,17,2026-08-21T15:32:18.959584+00:00,1.0
2018-12-01,2018,2018-19,December,SKO,IMPORT,0.0,Thousand Metric Tonnes (TMT),PPAC,1751964547_PT_IMPORT_TMT_H.xlsx,PT_IMPORT_2018-19,17,2026-08-21T15:32:18.959584+00:00,1.0
2019-01-01,2019,2018-19,January,SKO,IMPORT,0.0,Thousand Metric Tonnes (TMT),PPAC,1751964547_PT_IMPORT_TMT_H.xlsx,PT_IMPORT_2018-19,17,2026-08-21T15:32:18.959584+00:00,1.0
2019-02-01,2019,2018-19,February,SKO,IMPORT,0.0,Thousand Metric Tonnes (TMT),PPAC,1751964547_PT_IMPORT_TMT_H.xlsx,PT_IMPORT_2018-19,17,2026-08-21T15:32:18.959584+00:00,1.0
2019-03-01,2019,2018-19,March,SKO,IMPORT,0.0,Thousand Metric Tonnes (TMT),PPAC,1751964547_PT_IMPORT_TMT_H.xlsx,PT_IMPORT_2018-19,17,2026-08-21T15:32:18.959584+00:00,1.0
2018-04-01,2018,2018-19,April,HSD,IMPORT,71.725173,Thousand Metric Tonnes (TMT),PPAC,1751964547_PT_IMPORT_TMT_H.xlsx,PT_IMPORT_2018-19,18,2026-08-21T15:32:18.959584+00:00,1.0
2018-05-01,2018,2018-19,May,HSD,IMPORT,114.81394700000001,Thousand Metric Tonnes (TMT),PPAC,1751964547_PT_IMPORT_TMT_H.xlsx,PT_IMPORT_2018-19,18,2026-08-21T15:32:18.959584+00:00,1.0
2018-06-01,2018,2018-19,June,HSD,IMPORT,5.741999999999996,Thousand Metric Tonnes (TMT),PPAC,1751964547_PT_IMPORT_TMT_H.xlsx,PT_IMPORT_2018-19,18,2026-08-21T15:32:18.959584+00:00,1.0
2018-07-01,2018,2018-19,July,HSD,IMPORT,2.0109999999999997,Thousand Metric Tonnes (TMT),PPAC,1751964547_PT_IMPORT_TMT_H.xlsx,PT_IMPORT_2018-19,18,2026-08-21T15:32:18.959584+00:00,1.0
2018-08-01,2018,2018-19,August,HSD,IMPORT,3.5999999999999974,Thousand Metric Tonnes (TMT),PPAC,1751964547_PT_IMPORT_TMT_H.xlsx,PT_IMPORT_2018-19,18,2026-08-21T15:32:18.959584+00:00,1.0
2018-09-01,2018,2018-19,September,HSD,IMPORT,2.403,Thousand Metric Tonnes (TMT),PPAC,1751964547_PT_IMPORT_TMT_H.xlsx,PT_IMPORT_2018-19,18,2026-08-21T15:32:18.959584+00:00,1.0
2018-10-01,2018,2018-19,October,HSD,IMPORT,19.198999999999998,Thousand Metric Tonnes (TMT),PPAC,1751964547_PT_IMPORT_TMT_H.xlsx,PT_IMPORT_2018-19,18,2026-08-21T15:32:18.959584+00:00,1.0
2018-11-01,2018,2018-19,November,HSD,IMPORT,8.344000000000001,Thousand Metric Tonnes (TMT),PPAC,1751964547_PT_IMPORT_TMT_H.xlsx,PT_IMPORT_2018-19,18,2026-08-21T15:32:18.959584+00:00,1.0
2018-12-01,2018,2018-19,December,HSD,IMPORT,7.360999999999999,Thousand Metric Tonnes (TMT),PPAC,1751964547_PT_IMPORT_TMT_H.xlsx,PT_IMPORT_2018-19,18,2026-08-21T15:32:18.959584+00:00,1.0
2019-01-01,2019,2018-19,January,HSD,IMPORT,70.566116,Thousand Metric Tonnes (TMT),PPAC,1751964547_PT_IMPORT_TMT_H.xlsx,PT_IMPORT_2018-19,18,2026-08-21T15:32:18.959584+00:00,1.0
2019-02-01,2019,2018-19,February,HSD,IMPORT,170.58709700000003,Thousand Metric Tonnes (TMT),PPAC,1751964547_PT_IMPORT_TMT_H.xlsx,PT_IMPORT_2018-19,18,2026-08-21T15:32:18.959584+00:00,1.0
2019-03-01,2019,2018-19,March,HSD,IMPORT,79.100414,Thousand Metric Tonnes (TMT),PPAC,1751964547_PT_IMPORT_TMT_H.xlsx,PT_IMPORT_2018-19,18,2026-08-21T15:32:18.959584+00:00,1.0
2018-04-01,2018,2018-19,April,LOBS/ Lube oil,IMPORT,111.45350400000027,Thousand Metric Tonnes (TMT),PPAC,1751964547_PT_IMPORT_TMT_H.xlsx,PT_IMPORT_2018-19,19,2026-08-21T15:32:18.959584+00:00,1.0
2018-05-01,2018,2018-19,May,LOBS/ Lube oil,IMPORT,201.30251200000012,Thousand Metric Tonnes (TMT),PPAC,1751964547_PT_IMPORT_TMT_H.xlsx,PT_IMPORT_2018-19,19,2026-08-21T15:32:18.959584+00:00,1.0
2018-06-01,2018,2018-19,June,LOBS/ Lube oil,IMPORT,226.31167700000012,Thousand Metric Tonnes (TMT),PPAC,1751964547_PT_IMPORT_TMT_H.xlsx,PT_IMPORT_2018-19,19,2026-08-21T15:32:18.959584+00:00,1.0
2018-07-01,2018,2018-19,July,LOBS/ Lube oil,IMPORT,184.9340649999998,Thousand Metric Tonnes (TMT),PPAC,1751964547_PT_IMPORT_TMT_H.xlsx,PT_IMPORT_2018-19,19,2026-08-21T15:32:18.959584+00:00,1.0
2018-08-01,2018,2018-19,August,LOBS/ Lube oil,IMPORT,217.16702599999985,Thousand Metric Tonnes (TMT),PPAC,1751964547_PT_IMPORT_TMT_H.xlsx,PT_IMPORT_2018-19,19,2026-08-21T15:32:18.959584+00:00,1.0
2018-09-01,2018,2018-19,September,LOBS/ Lube oil,IMPORT,162.4023099999998,Thousand Metric Tonnes (TMT),PPAC,1751964547_PT_IMPORT_TMT_H.xlsx,PT_IMPORT_2018-19,19,2026-08-21T15:32:18.959584+00:00,1.0
2018-10-01,2018,2018-19,October,LOBS/ Lube oil,IMPORT,247.71466000000024,Thousand Metric Tonnes (TMT),PPAC,1751964547_PT_IMPORT_TMT_H.xlsx,PT_IMPORT_2018-19,19,2026-08-21T15:32:18.959584+00:00,1.0
2018-11-01,2018,2018-19,November,LOBS/ Lube oil,IMPORT,213.70093199999963,Thousand Metric Tonnes (TMT),PPAC,1751964547_PT_IMPORT_TMT_H.xlsx,PT_IMPORT_2018-19,19,2026-08-21T15:32:18.959584+00:00,1.0
2018-12-01,2018,2018-19,December,LOBS/ Lube oil,IMPORT,197.28034299999933,Thousand Metric Tonnes (TMT),PPAC,1751964547_PT_IMPORT_TMT_H.xlsx,PT_IMPORT_2018-19,19,2026-08-21T15:32:18.959584+00:00,1.0
2019-01-01,2019,2018-19,January,LOBS/ Lube oil,IMPORT,195.85444399999972,Thousand Metric Tonnes (TMT),PPAC,1751964547_PT_IMPORT_TMT_H.xlsx,PT_IMPORT_2018-19,19,2026-08-21T15:32:18.959584+00:00,1.0
2019-02-01,2019,2018-19,February,LOBS/ Lube oil,IMPORT,195.17838099999972,Thousand Metric Tonnes (TMT),PPAC,1751964547_PT_IMPORT_TMT_H.xlsx,PT_IMPORT_2018-19,19,2026-08-21T15:32:18.959584+00:00,1.0
2019-03-01,2019,2018-19,March,LOBS/ Lube oil,IMPORT,303.3862699999994,Thousand Metric Tonnes (TMT),PPAC,1751964547_PT_IMPORT_TMT_H.xlsx,PT_IMPORT_2018-19,19,2026-08-21T15:32:18.959584+00:00,1.0
2018-04-01,2018,2018-19,April,Fuel Oil,IMPORT,300.704336,Thousand Metric Tonnes (TMT),PPAC,1751964547_PT_IMPORT_TMT_H.xlsx,PT_IMPORT_2018-19,20,2026-08-21T15:32:18.959584+00:00,1.0
2018-05-01,2018,2018-19,May,Fuel Oil,IMPORT,127.10321300000001,Thousand Metric Tonnes (TMT),PPAC,1751964547_PT_IMPORT_TMT_H.xlsx,PT_IMPORT_2018-19,20,2026-08-21T15:32:18.959584+00:00,1.0
2018-06-01,2018,2018-19,June,Fuel Oil,IMPORT,194.72275400000007,Thousand Metric Tonnes (TMT),PPAC,1751964547_PT_IMPORT_TMT_H.xlsx,PT_IMPORT_2018-19,20,2026-08-21T15:32:18.959584+00:00,1.0
2018-07-01,2018,2018-19,July,Fuel Oil,IMPORT,164.30584499999998,Thousand Metric Tonnes (TMT),PPAC,1751964547_PT_IMPORT_TMT_H.xlsx,PT_IMPORT_2018-19,20,2026-08-21T15:32:18.959584+00:00,1.0
2018-08-01,2018,2018-19,August,Fuel Oil,IMPORT,77.85000000000001,Thousand Metric Tonnes (TMT),PPAC,1751964547_PT_IMPORT_TMT_H.xlsx,PT_IMPORT_2018-19,20,2026-08-21T15:32:18.959584+00:00,1.0
2018-09-01,2018,2018-19,September,Fuel Oil,IMPORT,55.101572,Thousand Metric Tonnes (TMT),PPAC,1751964547_PT_IMPORT_TMT_H.xlsx,PT_IMPORT_2018-19,20,2026-08-21T15:32:18.959584+00:00,1.0
2018-10-01,2018,2018-19,October,Fuel Oil,IMPORT,50.129,Thousand Metric Tonnes (TMT),PPAC,1751964547_PT_IMPORT_TMT_H.xlsx,PT_IMPORT_2018-19,20,2026-08-21T15:32:18.959584+00:00,1.0
2018-11-01,2018,2018-19,November,Fuel Oil,IMPORT,36.02400000000002,Thousand Metric Tonnes (TMT),PPAC,1751964547_PT_IMPORT_TMT_H.xlsx,PT_IMPORT_2018-19,20,2026-08-21T15:32:18.959584+00:00,1.0
2018-12-01,2018,2018-19,December,Fuel Oil,IMPORT,196.7616600000001,Thousand Metric Tonnes (TMT),PPAC,1751964547_PT_IMPORT_TMT_H.xlsx,PT_IMPORT_2018-19,20,2026-08-21T15:32:18.959584+00:00,1.0
2019-01-01,2019,2018-19,January,Fuel Oil,IMPORT,20.258999999999993,Thousand Metric Tonnes (TMT),PPAC,1751964547_PT_IMPORT_TMT_H.xlsx,PT_IMPORT_2018-19,20,2026-08-21T15:32:18.959584+00:00,1.0
2019-02-01,2019,2018-19,February,Fuel Oil,IMPORT,127.79629600000001,Thousand Metric Tonnes (TMT),PPAC,1751964547_PT_IMPORT_TMT_H.xlsx,PT_IMPORT_2018-19,20,2026-08-21T15:32:18.959584+00:00,1.0
2019-03-01,2019,2018-19,March,Fuel Oil,IMPORT,68.642236,Thousand Metric Tonnes (TMT),PPAC,1751964547_PT_IMPORT_TMT_H.xlsx,PT_IMPORT_2018-19,20,2026-08-21T15:32:18.959584+00:00,1.0
2018-04-01,2018,2018-19,April,Bitumen,IMPORT,103.92452500000005,Thousand Metric Tonnes (TMT),PPAC,1751964547_PT_IMPORT_TMT_H.xlsx,PT_IMPORT_2018-19,21,2026-08-21T15:32:18.959584+00:00,1.0
2018-05-01,2018,2018-19,May,Bitumen,IMPORT,91.602984,Thousand Metric Tonnes (TMT),PPAC,1751964547_PT_IMPORT_TMT_H.xlsx,PT_IMPORT_2018-19,21,2026-08-21T15:32:18.959584+00:00,1.0
2018-06-01,2018,2018-19,June,Bitumen,IMPORT,58.86467700000002,Thousand Metric Tonnes (TMT),PPAC,1751964547_PT_IMPORT_TMT_H.xlsx,PT_IMPORT_2018-19,21,2026-08-21T15:32:18.959584+00:00,1.0
2018-07-01,2018,2018-19,July,Bitumen,IMPORT,46.109951,Thousand Metric Tonnes (TMT),PPAC,1751964547_PT_IMPORT_TMT_H.xlsx,PT_IMPORT_2018-19,21,2026-08-21T15:32:18.959584+00:00,1.0
2018-08-01,2018,2018-19,August,Bitumen,IMPORT,37.287490999999996,Thousand Metric Tonnes (TMT),PPAC,1751964547_PT_IMPORT_TMT_H.xlsx,PT_IMPORT_2018-19,21,2026-08-21T15:32:18.959584+00:00,1.0
2018-09-01,2018,2018-19,September,Bitumen,IMPORT,53.635784,Thousand Metric Tonnes (TMT),PPAC,1751964547_PT_IMPORT_TMT_H.xlsx,PT_IMPORT_2018-19,21,2026-08-21T15:32:18.959584+00:00,1.0
2018-10-01,2018,2018-19,October,Bitumen,IMPORT,55.863534,Thousand Metric Tonnes (TMT),PPAC,1751964547_PT_IMPORT_TMT_H.xlsx,PT_IMPORT_2018-19,21,2026-08-21T15:32:18.959584+00:00,1.0
2018-11-01,2018,2018-19,November,Bitumen,IMPORT,55.57182399999999,Thousand Metric Tonnes (TMT),PPAC,1751964547_PT_IMPORT_TMT_H.xlsx,PT_IMPORT_2018-19,21,2026-08-21T15:32:18.959584+00:00,1.0
2018-12-01,2018,2018-19,December,Bitumen,IMPORT,58.664069,Thousand Metric Tonnes (TMT),PPAC,1751964547_PT_IMPORT_TMT_H.xlsx,PT_IMPORT_2018-19,21,2026-08-21T15:32:18.959584+00:00,1.0
2019-01-01,2019,2018-19,January,Bitumen,IMPORT,84.95886200000001,Thousand Metric Tonnes (TMT),PPAC,1751964547_PT_IMPORT_TMT_H.xlsx,PT_IMPORT_2018-19,21,2026-08-21T15:32:18.959584+00:00,1.0
2019-02-01,2019,2018-19,February,Bitumen,IMPORT,88.07502800000002,Thousand Metric Tonnes (TMT),PPAC,1751964547_PT_IMPORT_TMT_H.xlsx,PT_IMPORT_2018-19,21,2026-08-21T15:32:18.959584+00:00,1.0
2019-03-01,2019,2018-19,March,Bitumen,IMPORT,142.73890600000001,Thousand Metric Tonnes (TMT),PPAC,1751964547_PT_IMPORT_TMT_H.xlsx,PT_IMPORT_2018-19,21,2026-08-21T15:32:18.959584+00:00,1.0
2018-04-01,2018,2018-19,April,Others&,IMPORT,1080.1766239999997,Thousand Metric Tonnes (TMT),PPAC,1751964547_PT_IMPORT_TMT_H.xlsx,PT_IMPORT_2018-19,22,2026-08-21T15:32:18.959584+00:00,1.0
2018-05-01,2018,2018-19,May,Others&,IMPORT,897.9330210000003,Thousand Metric Tonnes (TMT),PPAC,1751964547_PT_IMPORT_TMT_H.xlsx,PT_IMPORT_2018-19,22,2026-08-21T15:32:18.959584+00:00,1.0
2018-06-01,2018,2018-19,June,Others&,IMPORT,1069.2623330000001,Thousand Metric Tonnes (TMT),PPAC,1751964547_PT_IMPORT_TMT_H.xlsx,PT_IMPORT_2018-19,22,2026-08-21T15:32:18.959584+00:00,1.0
2018-07-01,2018,2018-19,July,Others&,IMPORT,896.9171329999995,Thousand Metric Tonnes (TMT),PPAC,1751964547_PT_IMPORT_TMT_H.xlsx,PT_IMPORT_2018-19,22,2026-08-21T15:32:18.959584+00:00,1.0
2018-08-01,2018,2018-19,August,Others&,IMPORT,881.1406489999997,Thousand Metric Tonnes (TMT),PPAC,1751964547_PT_IMPORT_TMT_H.xlsx,PT_IMPORT_2018-19,22,2026-08-21T15:32:18.959584+00:00,1.0
2018-09-01,2018,2018-19,September,Others&,IMPORT,605.674472,Thousand Metric Tonnes (TMT),PPAC,1751964547_PT_IMPORT_TMT_H.xlsx,PT_IMPORT_2018-19,22,2026-08-21T15:32:18.959584+00:00,1.0
2018-10-01,2018,2018-19,October,Others&,IMPORT,413.66985499999987,Thousand Metric Tonnes (TMT),PPAC,1751964547_PT_IMPORT_TMT_H.xlsx,PT_IMPORT_2018-19,22,2026-08-21T15:32:18.959584+00:00,1.0
2018-11-01,2018,2018-19,November,Others&,IMPORT,627.8637119999999,Thousand Metric Tonnes (TMT),PPAC,1751964547_PT_IMPORT_TMT_H.xlsx,PT_IMPORT_2018-19,22,2026-08-21T15:32:18.959584+00:00,1.0
2018-12-01,2018,2018-19,December,Others&,IMPORT,1196.3417239999999,Thousand Metric Tonnes (TMT),PPAC,1751964547_PT_IMPORT_TMT_H.xlsx,PT_IMPORT_2018-19,22,2026-08-21T15:32:18.959584+00:00,1.0
2019-01-01,2019,2018-19,January,Others&,IMPORT,1443.5027419999997,Thousand Metric Tonnes (TMT),PPAC,1751964547_PT_IMPORT_TMT_H.xlsx,PT_IMPORT_2018-19,22,2026-08-21T15:32:18.959584+00:00,1.0
2019-02-01,2019,2018-19,February,Others&,IMPORT,1233.968103,Thousand Metric Tonnes (TMT),PPAC,1751964547_PT_IMPORT_TMT_H.xlsx,PT_IMPORT_2018-19,22,2026-08-21T15:32:18.959584+00:00,1.0
2019-03-01,2019,2018-19,March,Others&,IMPORT,1447.8687729999992,Thousand Metric Tonnes (TMT),PPAC,1751964547_PT_IMPORT_TMT_H.xlsx,PT_IMPORT_2018-19,22,2026-08-21T15:32:18.959584+00:00,1.0
2018-04-01,2018,2018-19,April,LPG,EXPORT,28.971969999999963,Thousand Metric Tonnes (TMT),PPAC,1751964547_PT_IMPORT_TMT_H.xlsx,PT_IMPORT_2018-19,26,2026-08-21T15:32:18.959584+00:00,1.0
2018-05-01,2018,2018-19,May,LPG,EXPORT,33.666233999999925,Thousand Metric Tonnes (TMT),PPAC,1751964547_PT_IMPORT_TMT_H.xlsx,PT_IMPORT_2018-19,26,2026-08-21T15:32:18.959584+00:00,1.0
2018-06-01,2018,2018-19,June,LPG,EXPORT,34.497247999999935,Thousand Metric Tonnes (TMT),PPAC,1751964547_PT_IMPORT_TMT_H.xlsx,PT_IMPORT_2018-19,26,2026-08-21T15:32:18.959584+00:00,1.0
2018-07-01,2018,2018-19,July,LPG,EXPORT,33.869780999999946,Thousand Metric Tonnes (TMT),PPAC,1751964547_PT_IMPORT_TMT_H.xlsx,PT_IMPORT_2018-19,26,2026-08-21T15:32:18.959584+00:00,1.0
2018-08-01,2018,2018-19,August,LPG,EXPORT,31.757286999999952,Thousand Metric Tonnes (TMT),PPAC,1751964547_PT_IMPORT_TMT_H.xlsx,PT_IMPORT_2018-19,26,2026-08-21T15:32:18.959584+00:00,1.0
2018-09-01,2018,2018-19,September,LPG,EXPORT,33.228454999999954,Thousand Metric Tonnes (TMT),PPAC,1751964547_PT_IMPORT_TMT_H.xlsx,PT_IMPORT_2018-19,26,2026-08-21T15:32:18.959584+00:00,1.0
2018-10-01,2018,2018-19,October,LPG,EXPORT,34.332848999999975,Thousand Metric Tonnes (TMT),PPAC,1751964547_PT_IMPORT_TMT_H.xlsx,PT_IMPORT_2018-19,26,2026-08-21T15:32:18.959584+00:00,1.0
2018-11-01,2018,2018-19,November,LPG,EXPORT,28.713377999999963,Thousand Metric Tonnes (TMT),PPAC,1751964547_PT_IMPORT_TMT_H.xlsx,PT_IMPORT_2018-19,26,2026-08-21T15:32:18.959584+00:00,1.0
2018-12-01,2018,2018-19,December,LPG,EXPORT,40.90472299999988,Thousand Metric Tonnes (TMT),PPAC,1751964547_PT_IMPORT_TMT_H.xlsx,PT_IMPORT_2018-19,26,2026-08-21T15:32:18.959584+00:00,1.0
2019-01-01,2019,2018-19,January,LPG,EXPORT,40.457427999999986,Thousand Metric Tonnes (TMT),PPAC,1751964547_PT_IMPORT_TMT_H.xlsx,PT_IMPORT_2018-19,26,2026-08-21T15:32:18.959584+00:00,1.0
2019-02-01,2019,2018-19,February,LPG,EXPORT,35.753659999999975,Thousand Metric Tonnes (TMT),PPAC,1751964547_PT_IMPORT_TMT_H.xlsx,PT_IMPORT_2018-19,26,2026-08-21T15:32:18.959584+00:00,1.0
2019-03-01,2019,2018-19,March,LPG,EXPORT,40.81494999999997,Thousand Metric Tonnes (TMT),PPAC,1751964547_PT_IMPORT_TMT_H.xlsx,PT_IMPORT_2018-19,26,2026-08-21T15:32:18.959584+00:00,1.0
2018-04-01,2018,2018-19,April,MS!,EXPORT,915.1903612473627,Thousand Metric Tonnes (TMT),PPAC,1751964547_PT_IMPORT_TMT_H.xlsx,PT_IMPORT_2018-19,27,2026-08-21T15:32:18.959584+00:00,1.0
2018-05-01,2018,2018-19,May,MS!,EXPORT,1147.780778945071,Thousand Metric Tonnes (TMT),PPAC,1751964547_PT_IMPORT_TMT_H.xlsx,PT_IMPORT_2018-19,27,2026-08-21T15:32:18.959584+00:00,1.0
2018-06-01,2018,2018-19,June,MS!,EXPORT,1205.8605690240088,Thousand Metric Tonnes (TMT),PPAC,1751964547_PT_IMPORT_TMT_H.xlsx,PT_IMPORT_2018-19,27,2026-08-21T15:32:18.959584+00:00,1.0
2018-07-01,2018,2018-19,July,MS!,EXPORT,1047.1569837289924,Thousand Metric Tonnes (TMT),PPAC,1751964547_PT_IMPORT_TMT_H.xlsx,PT_IMPORT_2018-19,27,2026-08-21T15:32:18.959584+00:00,1.0
2018-08-01,2018,2018-19,August,MS!,EXPORT,840.4532610767552,Thousand Metric Tonnes (TMT),PPAC,1751964547_PT_IMPORT_TMT_H.xlsx,PT_IMPORT_2018-19,27,2026-08-21T15:32:18.959584+00:00,1.0
2018-09-01,2018,2018-19,September,MS!,EXPORT,1168.1613587071663,Thousand Metric Tonnes (TMT),PPAC,1751964547_PT_IMPORT_TMT_H.xlsx,PT_IMPORT_2018-19,27,2026-08-21T15:32:18.959584+00:00,1.0
2018-10-01,2018,2018-19,October,MS!,EXPORT,1176.3566152331757,Thousand Metric Tonnes (TMT),PPAC,1751964547_PT_IMPORT_TMT_H.xlsx,PT_IMPORT_2018-19,27,2026-08-21T15:32:18.959584+00:00,1.0
2018-11-01,2018,2018-19,November,MS!,EXPORT,1109.8009645311022,Thousand Metric Tonnes (TMT),PPAC,1751964547_PT_IMPORT_TMT_H.xlsx,PT_IMPORT_2018-19,27,2026-08-21T15:32:18.959584+00:00,1.0
2018-12-01,2018,2018-19,December,MS!,EXPORT,1047.0964124867226,Thousand Metric Tonnes (TMT),PPAC,1751964547_PT_IMPORT_TMT_H.xlsx,PT_IMPORT_2018-19,27,2026-08-21T15:32:18.959584+00:00,1.0
2019-01-01,2019,2018-19,January,MS!,EXPORT,1043.655538981084,Thousand Metric Tonnes (TMT),PPAC,1751964547_PT_IMPORT_TMT_H.xlsx,PT_IMPORT_2018-19,27,2026-08-21T15:32:18.959584+00:00,1.0
2019-02-01,2019,2018-19,February,MS!,EXPORT,979.9555362248091,Thousand Metric Tonnes (TMT),PPAC,1751964547_PT_IMPORT_TMT_H.xlsx,PT_IMPORT_2018-19,27,2026-08-21T15:32:18.959584+00:00,1.0
2019-03-01,2019,2018-19,March,MS!,EXPORT,1203.4782564310658,Thousand Metric Tonnes (TMT),PPAC,1751964547_PT_IMPORT_TMT_H.xlsx,PT_IMPORT_2018-19,27,2026-08-21T15:32:18.959584+00:00,1.0
2018-04-01,2018,2018-19,April,Naphtha$,EXPORT,530.167612,Thousand Metric Tonnes (TMT),PPAC,1751964547_PT_IMPORT_TMT_H.xlsx,PT_IMPORT_2018-19,28,2026-08-21T15:32:18.959584+00:00,1.0
2018-05-01,2018,2018-19,May,Naphtha$,EXPORT,542.393663,Thousand Metric Tonnes (TMT),PPAC,1751964547_PT_IMPORT_TMT_H.xlsx,PT_IMPORT_2018-19,28,2026-08-21T15:32:18.959584+00:00,1.0
2018-06-01,2018,2018-19,June,Naphtha$,EXPORT,634.5004550000001,Thousand Metric Tonnes (TMT),PPAC,1751964547_PT_IMPORT_TMT_H.xlsx,PT_IMPORT_2018-19,28,2026-08-21T15:32:18.959584+00:00,1.0
2018-07-01,2018,2018-19,July,Naphtha$,EXPORT,620.7357630000001,Thousand Metric Tonnes (TMT),PPAC,1751964547_PT_IMPORT_TMT_H.xlsx,PT_IMPORT_2018-19,28,2026-08-21T15:32:18.959584+00:00,1.0
2018-08-01,2018,2018-19,August,Naphtha$,EXPORT,682.6994420000001,Thousand Metric Tonnes (TMT),PPAC,1751964547_PT_IMPORT_TMT_H.xlsx,PT_IMPORT_2018-19,28,2026-08-21T15:32:18.959584+00:00,1.0
2018-09-01,2018,2018-19,September,Naphtha$,EXPORT,761.936431,Thousand Metric Tonnes (TMT),PPAC,1751964547_PT_IMPORT_TMT_H.xlsx,PT_IMPORT_2018-19,28,2026-08-21T15:32:18.959584+00:00,1.0
2018-10-01,2018,2018-19,October,Naphtha$,EXPORT,562.837514,Thousand Metric Tonnes (TMT),PPAC,1751964547_PT_IMPORT_TMT_H.xlsx,PT_IMPORT_2018-19,28,2026-08-21T15:32:18.959584+00:00,1.0
2018-11-01,2018,2018-19,November,Naphtha$,EXPORT,660.7793350000001,Thousand Metric Tonnes (TMT),PPAC,1751964547_PT_IMPORT_TMT_H.xlsx,PT_IMPORT_2018-19,28,2026-08-21T15:32:18.959584+00:00,1.0
2018-12-01,2018,2018-19,December,Naphtha$,EXPORT,625.036398,Thousand Metric Tonnes (TMT),PPAC,1751964547_PT_IMPORT_TMT_H.xlsx,PT_IMPORT_2018-19,28,2026-08-21T15:32:18.959584+00:00,1.0
2019-01-01,2019,2018-19,January,Naphtha$,EXPORT,455.615673,Thousand Metric Tonnes (TMT),PPAC,1751964547_PT_IMPORT_TMT_H.xlsx,PT_IMPORT_2018-19,28,2026-08-21T15:32:18.959584+00:00,1.0
2019-02-01,2019,2018-19,February,Naphtha$,EXPORT,428.094565,Thousand Metric Tonnes (TMT),PPAC,1751964547_PT_IMPORT_TMT_H.xlsx,PT_IMPORT_2018-19,28,2026-08-21T15:32:18.959584+00:00,1.0
2019-03-01,2019,2018-19,March,Naphtha$,EXPORT,458.68342700000005,Thousand Metric Tonnes (TMT),PPAC,1751964547_PT_IMPORT_TMT_H.xlsx,PT_IMPORT_2018-19,28,2026-08-21T15:32:18.959584+00:00,1.0
2018-04-01,2018,2018-19,April,ATF#,EXPORT,492.2335979130435,Thousand Metric Tonnes (TMT),PPAC,1751964547_PT_IMPORT_TMT_H.xlsx,PT_IMPORT_2018-19,29,2026-08-21T15:32:18.959584+00:00,1.0
2018-05-01,2018,2018-19,May,ATF#,EXPORT,547.4565793416149,Thousand Metric Tonnes (TMT),PPAC,1751964547_PT_IMPORT_TMT_H.xlsx,PT_IMPORT_2018-19,29,2026-08-21T15:32:18.959584+00:00,1.0
2018-06-01,2018,2018-19,June,ATF#,EXPORT,730.231460621118,Thousand Metric Tonnes (TMT),PPAC,1751964547_PT_IMPORT_TMT_H.xlsx,PT_IMPORT_2018-19,29,2026-08-21T15:32:18.959584+00:00,1.0
2018-07-01,2018,2018-19,July,ATF#,EXPORT,653.408261863354,Thousand Metric Tonnes (TMT),PPAC,1751964547_PT_IMPORT_TMT_H.xlsx,PT_IMPORT_2018-19,29,2026-08-21T15:32:18.959584+00:00,1.0
2018-08-01,2018,2018-19,August,ATF#,EXPORT,611.0217481180124,Thousand Metric Tonnes (TMT),PPAC,1751964547_PT_IMPORT_TMT_H.xlsx,PT_IMPORT_2018-19,29,2026-08-21T15:32:18.959584+00:00,1.0
2018-09-01,2018,2018-19,September,ATF#,EXPORT,650.7551607018634,Thousand Metric Tonnes (TMT),PPAC,1751964547_PT_IMPORT_TMT_H.xlsx,PT_IMPORT_2018-19,29,2026-08-21T15:32:18.959584+00:00,1.0
2018-10-01,2018,2018-19,October,ATF#,EXPORT,597.6374114596274,Thousand Metric Tonnes (TMT),PPAC,1751964547_PT_IMPORT_TMT_H.xlsx,PT_IMPORT_2018-19,29,2026-08-21T15:32:18.959584+00:00,1.0
2018-11-01,2018,2018-19,November,ATF#,EXPORT,611.2644609627329,Thousand Metric Tonnes (TMT),PPAC,1751964547_PT_IMPORT_TMT_H.xlsx,PT_IMPORT_2018-19,29,2026-08-21T15:32:18.959584+00:00,1.0
2018-12-01,2018,2018-19,December,ATF#,EXPORT,647.4781767329192,Thousand Metric Tonnes (TMT),PPAC,1751964547_PT_IMPORT_TMT_H.xlsx,PT_IMPORT_2018-19,29,2026-08-21T15:32:18.959584+00:00,1.0
2019-01-01,2019,2018-19,January,ATF#,EXPORT,606.3097159192546,Thousand Metric Tonnes (TMT),PPAC,1751964547_PT_IMPORT_TMT_H.xlsx,PT_IMPORT_2018-19,29,2026-08-21T15:32:18.959584+00:00,1.0
2019-02-01,2019,2018-19,February,ATF#,EXPORT,496.2336647080745,Thousand Metric Tonnes (TMT),PPAC,1751964547_PT_IMPORT_TMT_H.xlsx,PT_IMPORT_2018-19,29,2026-08-21T15:32:18.959584+00:00,1.0
2019-03-01,2019,2018-19,March,ATF#,EXPORT,745.0265754720497,Thousand Metric Tonnes (TMT),PPAC,1751964547_PT_IMPORT_TMT_H.xlsx,PT_IMPORT_2018-19,29,2026-08-21T15:32:18.959584+00:00,1.0
2018-04-01,2018,2018-19,April,SKO,EXPORT,1.3058795897596491,Thousand Metric Tonnes (TMT),PPAC,1751964547_PT_IMPORT_TMT_H.xlsx,PT_IMPORT_2018-19,30,2026-08-21T15:32:18.959584+00:00,1.0
2018-05-01,2018,2018-19,May,SKO,EXPORT,1.7536992092695527,Thousand Metric Tonnes (TMT),PPAC,1751964547_PT_IMPORT_TMT_H.xlsx,PT_IMPORT_2018-19,30,2026-08-21T15:32:18.959584+00:00,1.0
2018-06-01,2018,2018-19,June,SKO,EXPORT,1.7349095748845218,Thousand Metric Tonnes (TMT),PPAC,1751964547_PT_IMPORT_TMT_H.xlsx,PT_IMPORT_2018-19,30,2026-08-21T15:32:18.959584+00:00,1.0
2018-07-01,2018,2018-19,July,SKO,EXPORT,1.568934471150082,Thousand Metric Tonnes (TMT),PPAC,1751964547_PT_IMPORT_TMT_H.xlsx,PT_IMPORT_2018-19,30,2026-08-21T15:32:18.959584+00:00,1.0
2018-08-01,2018,2018-19,August,SKO,EXPORT,1.7693572379237452,Thousand Metric Tonnes (TMT),PPAC,1751964547_PT_IMPORT_TMT_H.xlsx,PT_IMPORT_2018-19,30,2026-08-21T15:32:18.959584+00:00,1.0
2018-09-01,2018,2018-19,September,SKO,EXPORT,1.4781179049557658,Thousand Metric Tonnes (TMT),PPAC,1751964547_PT_IMPORT_TMT_H.xlsx,PT_IMPORT_2018-19,30,2026-08-21T15:32:18.959584+00:00,1.0
2018-10-01,2018,2018-19,October,SKO,EXPORT,1.7255147576920065,Thousand Metric Tonnes (TMT),PPAC,1751964547_PT_IMPORT_TMT_H.xlsx,PT_IMPORT_2018-19,30,2026-08-21T15:32:18.959584+00:00,1.0
2018-11-01,2018,2018-19,November,SKO,EXPORT,1.3653800986455804,Thousand Metric Tonnes (TMT),PPAC,1751964547_PT_IMPORT_TMT_H.xlsx,PT_IMPORT_2018-19,30,2026-08-21T15:32:18.959584+00:00,1.0
2018-12-01,2018,2018-19,December,SKO,EXPORT,1.4123541846081578,Thousand Metric Tonnes (TMT),PPAC,1751964547_PT_IMPORT_TMT_H.xlsx,PT_IMPORT_2018-19,30,2026-08-21T15:32:18.959584+00:00,1.0
2019-01-01,2019,2018-19,January,SKO,EXPORT,1.5250919909183434,Thousand Metric Tonnes (TMT),PPAC,1751964547_PT_IMPORT_TMT_H.xlsx,PT_IMPORT_2018-19,30,2026-08-21T15:32:18.959584+00:00,1.0
2019-02-01,2019,2018-19,February,SKO,EXPORT,1.587724105535113,Thousand Metric Tonnes (TMT),PPAC,1751964547_PT_IMPORT_TMT_H.xlsx,PT_IMPORT_2018-19,30,2026-08-21T15:32:18.959584+00:00,1.0
2019-03-01,2019,2018-19,March,SKO,EXPORT,1.5219603851875048,Thousand Metric Tonnes (TMT),PPAC,1751964547_PT_IMPORT_TMT_H.xlsx,PT_IMPORT_2018-19,30,2026-08-21T15:32:18.959584+00:00,1.0
2018-04-01,2018,2018-19,April,HSD,EXPORT,1554.8180200959382,Thousand Metric Tonnes (TMT),PPAC,1751964547_PT_IMPORT_TMT_H.xlsx,PT_IMPORT_2018-19,31,2026-08-21T15:32:18.959584+00:00,1.0
2018-05-01,2018,2018-19,May,HSD,EXPORT,1988.2329789031476,Thousand Metric Tonnes (TMT),PPAC,1751964547_PT_IMPORT_TMT_H.xlsx,PT_IMPORT_2018-19,31,2026-08-21T15:32:18.959584+00:00,1.0
2018-06-01,2018,2018-19,June,HSD,EXPORT,2446.8090022301917,Thousand Metric Tonnes (TMT),PPAC,1751964547_PT_IMPORT_TMT_H.xlsx,PT_IMPORT_2018-19,31,2026-08-21T15:32:18.959584+00:00,1.0
2018-07-01,2018,2018-19,July,HSD,EXPORT,2481.7827274170145,Thousand Metric Tonnes (TMT),PPAC,1751964547_PT_IMPORT_TMT_H.xlsx,PT_IMPORT_2018-19,31,2026-08-21T15:32:18.959584+00:00,1.0
2018-08-01,2018,2018-19,August,HSD,EXPORT,2844.094389010843,Thousand Metric Tonnes (TMT),PPAC,1751964547_PT_IMPORT_TMT_H.xlsx,PT_IMPORT_2018-19,31,2026-08-21T15:32:18.959584+00:00,1.0
2018-09-01,2018,2018-19,September,HSD,EXPORT,2812.5230692668893,Thousand Metric Tonnes (TMT),PPAC,1751964547_PT_IMPORT_TMT_H.xlsx,PT_IMPORT_2018-19,31,2026-08-21T15:32:18.959584+00:00,1.0
2018-10-01,2018,2018-19,October,HSD,EXPORT,2740.5516290542123,Thousand Metric Tonnes (TMT),PPAC,1751964547_PT_IMPORT_TMT_H.xlsx,PT_IMPORT_2018-19,31,2026-08-21T15:32:18.959584+00:00,1.0
2018-11-01,2018,2018-19,November,HSD,EXPORT,2310.511188731443,Thousand Metric Tonnes (TMT),PPAC,1751964547_PT_IMPORT_TMT_H.xlsx,PT_IMPORT_2018-19,31,2026-08-21T15:32:18.959584+00:00,1.0
2018-12-01,2018,2018-19,December,HSD,EXPORT,2274.446756450541,Thousand Metric Tonnes (TMT),PPAC,1751964547_PT_IMPORT_TMT_H.xlsx,PT_IMPORT_2018-19,31,2026-08-21T15:32:18.959584+00:00,1.0
2019-01-01,2019,2018-19,January,HSD,EXPORT,1836.5896475779814,Thousand Metric Tonnes (TMT),PPAC,1751964547_PT_IMPORT_TMT_H.xlsx,PT_IMPORT_2018-19,31,2026-08-21T15:32:18.959584+00:00,1.0
2019-02-01,2019,2018-19,February,HSD,EXPORT,1894.8547120583821,Thousand Metric Tonnes (TMT),PPAC,1751964547_PT_IMPORT_TMT_H.xlsx,PT_IMPORT_2018-19,31,2026-08-21T15:32:18.959584+00:00,1.0
2019-03-01,2019,2018-19,March,HSD,EXPORT,2647.5054588715593,Thousand Metric Tonnes (TMT),PPAC,1751964547_PT_IMPORT_TMT_H.xlsx,PT_IMPORT_2018-19,31,2026-08-21T15:32:18.959584+00:00,1.0
2018-04-01,2018,2018-19,April,LDO,EXPORT,0.0,Thousand Metric Tonnes (TMT),PPAC,1751964547_PT_IMPORT_TMT_H.xlsx,PT_IMPORT_2018-19,32,2026-08-21T15:32:18.959584+00:00,1.0
2018-05-01,2018,2018-19,May,LDO,EXPORT,0.0,Thousand Metric Tonnes (TMT),PPAC,1751964547_PT_IMPORT_TMT_H.xlsx,PT_IMPORT_2018-19,32,2026-08-21T15:32:18.959584+00:00,1.0
2018-06-01,2018,2018-19,June,LDO,EXPORT,0.0,Thousand Metric Tonnes (TMT),PPAC,1751964547_PT_IMPORT_TMT_H.xlsx,PT_IMPORT_2018-19,32,2026-08-21T15:32:18.959584+00:00,1.0
2018-07-01,2018,2018-19,July,LDO,EXPORT,0.0,Thousand Metric Tonnes (TMT),PPAC,1751964547_PT_IMPORT_TMT_H.xlsx,PT_IMPORT_2018-19,32,2026-08-21T15:32:18.959584+00:00,1.0
2018-08-01,2018,2018-19,August,LDO,EXPORT,0.0,Thousand Metric Tonnes (TMT),PPAC,1751964547_PT_IMPORT_TMT_H.xlsx,PT_IMPORT_2018-19,32,2026-08-21T15:32:18.959584+00:00,1.0
2018-09-01,2018,2018-19,September,LDO,EXPORT,0.0,Thousand Metric Tonnes (TMT),PPAC,1751964547_PT_IMPORT_TMT_H.xlsx,PT_IMPORT_2018-19,32,2026-08-21T15:32:18.959584+00:00,1.0
2018-10-01,2018,2018-19,October,LDO,EXPORT,32.83,Thousand Metric Tonnes (TMT),PPAC,1751964547_PT_IMPORT_TMT_H.xlsx,PT_IMPORT_2018-19,32,2026-08-21T15:32:18.959584+00:00,1.0
2018-11-01,2018,2018-19,November,LDO,EXPORT,65.88,Thousand Metric Tonnes (TMT),PPAC,1751964547_PT_IMPORT_TMT_H.xlsx,PT_IMPORT_2018-19,32,2026-08-21T15:32:18.959584+00:00,1.0
2018-12-01,2018,2018-19,December,LDO,EXPORT,0.0,Thousand Metric Tonnes (TMT),PPAC,1751964547_PT_IMPORT_TMT_H.xlsx,PT_IMPORT_2018-19,32,2026-08-21T15:32:18.959584+00:00,1.0
2019-01-01,2019,2018-19,January,LDO,EXPORT,0.0,Thousand Metric Tonnes (TMT),PPAC,1751964547_PT_IMPORT_TMT_H.xlsx,PT_IMPORT_2018-19,32,2026-08-21T15:32:18.959584+00:00,1.0
2019-02-01,2019,2018-19,February,LDO,EXPORT,0.0,Thousand Metric Tonnes (TMT),PPAC,1751964547_PT_IMPORT_TMT_H.xlsx,PT_IMPORT_2018-19,32,2026-08-21T15:32:18.959584+00:00,1.0
2019-03-01,2019,2018-19,March,LDO,EXPORT,0.0,Thousand Metric Tonnes (TMT),PPAC,1751964547_PT_IMPORT_TMT_H.xlsx,PT_IMPORT_2018-19,32,2026-08-21T15:32:18.959584+00:00,1.0
2018-04-01,2018,2018-19,April,LOBS/ Lube Oil,EXPORT,0.31405,Thousand Metric Tonnes (TMT),PPAC,1751964547_PT_IMPORT_TMT_H.xlsx,PT_IMPORT_2018-19,33,2026-08-21T15:32:18.959584+00:00,1.0
2018-05-01,2018,2018-19,May,LOBS/ Lube Oil,EXPORT,0.38321000000000005,Thousand Metric Tonnes (TMT),PPAC,1751964547_PT_IMPORT_TMT_H.xlsx,PT_IMPORT_2018-19,33,2026-08-21T15:32:18.959584+00:00,1.0
2018-06-01,2018,2018-19,June,LOBS/ Lube Oil,EXPORT,0.65631,Thousand Metric Tonnes (TMT),PPAC,1751964547_PT_IMPORT_TMT_H.xlsx,PT_IMPORT_2018-19,33,2026-08-21T15:32:18.959584+00:00,1.0
2018-07-01,2018,2018-19,July,LOBS/ Lube Oil,EXPORT,0.5543899999999999,Thousand Metric Tonnes (TMT),PPAC,1751964547_PT_IMPORT_TMT_H.xlsx,PT_IMPORT_2018-19,33,2026-08-21T15:32:18.959584+00:00,1.0
2018-08-01,2018,2018-19,August,LOBS/ Lube Oil,EXPORT,0.67757,Thousand Metric Tonnes (TMT),PPAC,1751964547_PT_IMPORT_TMT_H.xlsx,PT_IMPORT_2018-19,33,2026-08-21T15:32:18.959584+00:00,1.0
2018-09-01,2018,2018-19,September,LOBS/ Lube Oil,EXPORT,0.85716,Thousand Metric Tonnes (TMT),PPAC,1751964547_PT_IMPORT_TMT_H.xlsx,PT_IMPORT_2018-19,33,2026-08-21T15:32:18.959584+00:00,1.0
2018-10-01,2018,2018-19,October,LOBS/ Lube Oil,EXPORT,0.44366999999999995,Thousand Metric Tonnes (TMT),PPAC,1751964547_PT_IMPORT_TMT_H.xlsx,PT_IMPORT_2018-19,33,2026-08-21T15:32:18.959584+00:00,1.0
2018-11-01,2018,2018-19,November,LOBS/ Lube Oil,EXPORT,0.7553699999999999,Thousand Metric Tonnes (TMT),PPAC,1751964547_PT_IMPORT_TMT_H.xlsx,PT_IMPORT_2018-19,33,2026-08-21T15:32:18.959584+00:00,1.0
2018-12-01,2018,2018-19,December,LOBS/ Lube Oil,EXPORT,0.8024099999999998,Thousand Metric Tonnes (TMT),PPAC,1751964547_PT_IMPORT_TMT_H.xlsx,PT_IMPORT_2018-19,33,2026-08-21T15:32:18.959584+00:00,1.0
2019-01-01,2019,2018-19,January,LOBS/ Lube Oil,EXPORT,0.68462,Thousand Metric Tonnes (TMT),PPAC,1751964547_PT_IMPORT_TMT_H.xlsx,PT_IMPORT_2018-19,33,2026-08-21T15:32:18.959584+00:00,1.0
2019-02-01,2019,2018-19,February,LOBS/ Lube Oil,EXPORT,0.5656999999999999,Thousand Metric Tonnes (TMT),PPAC,1751964547_PT_IMPORT_TMT_H.xlsx,PT_IMPORT_2018-19,33,2026-08-21T15:32:18.959584+00:00,1.0
2019-03-01,2019,2018-19,March,LOBS/ Lube Oil,EXPORT,1.44917,Thousand Metric Tonnes (TMT),PPAC,1751964547_PT_IMPORT_TMT_H.xlsx,PT_IMPORT_2018-19,33,2026-08-21T15:32:18.959584+00:00,1.0
2018-04-01,2018,2018-19,April,Fuel Oil,EXPORT,14.52134,Thousand Metric Tonnes (TMT),PPAC,1751964547_PT_IMPORT_TMT_H.xlsx,PT_IMPORT_2018-19,34,2026-08-21T15:32:18.959584+00:00,1.0
2018-05-01,2018,2018-19,May,Fuel Oil,EXPORT,35.184228000000004,Thousand Metric Tonnes (TMT),PPAC,1751964547_PT_IMPORT_TMT_H.xlsx,PT_IMPORT_2018-19,34,2026-08-21T15:32:18.959584+00:00,1.0
2018-06-01,2018,2018-19,June,Fuel Oil,EXPORT,73.885587,Thousand Metric Tonnes (TMT),PPAC,1751964547_PT_IMPORT_TMT_H.xlsx,PT_IMPORT_2018-19,34,2026-08-21T15:32:18.959584+00:00,1.0
2018-07-01,2018,2018-19,July,Fuel Oil,EXPORT,194.16597199999998,Thousand Metric Tonnes (TMT),PPAC,1751964547_PT_IMPORT_TMT_H.xlsx,PT_IMPORT_2018-19,34,2026-08-21T15:32:18.959584+00:00,1.0
2018-08-01,2018,2018-19,August,Fuel Oil,EXPORT,338.502361,Thousand Metric Tonnes (TMT),PPAC,1751964547_PT_IMPORT_TMT_H.xlsx,PT_IMPORT_2018-19,34,2026-08-21T15:32:18.959584+00:00,1.0
2018-09-01,2018,2018-19,September,Fuel Oil,EXPORT,324.652837,Thousand Metric Tonnes (TMT),PPAC,1751964547_PT_IMPORT_TMT_H.xlsx,PT_IMPORT_2018-19,34,2026-08-21T15:32:18.959584+00:00,1.0
2018-10-01,2018,2018-19,October,Fuel Oil,EXPORT,309.80572,Thousand Metric Tonnes (TMT),PPAC,1751964547_PT_IMPORT_TMT_H.xlsx,PT_IMPORT_2018-19,34,2026-08-21T15:32:18.959584+00:00,1.0
2018-11-01,2018,2018-19,November,Fuel Oil,EXPORT,74.64171,Thousand Metric Tonnes (TMT),PPAC,1751964547_PT_IMPORT_TMT_H.xlsx,PT_IMPORT_2018-19,34,2026-08-21T15:32:18.959584+00:00,1.0
2018-12-01,2018,2018-19,December,Fuel Oil,EXPORT,394.23474999999996,Thousand Metric Tonnes (TMT),PPAC,1751964547_PT_IMPORT_TMT_H.xlsx,PT_IMPORT_2018-19,34,2026-08-21T15:32:18.959584+00:00,1.0
2019-01-01,2019,2018-19,January,Fuel Oil,EXPORT,270.046349,Thousand Metric Tonnes (TMT),PPAC,1751964547_PT_IMPORT_TMT_H.xlsx,PT_IMPORT_2018-19,34,2026-08-21T15:32:18.959584+00:00,1.0
2019-02-01,2019,2018-19,February,Fuel Oil,EXPORT,74.48277999999999,Thousand Metric Tonnes (TMT),PPAC,1751964547_PT_IMPORT_TMT_H.xlsx,PT_IMPORT_2018-19,34,2026-08-21T15:32:18.959584+00:00,1.0
2019-03-01,2019,2018-19,March,Fuel Oil,EXPORT,92.44485499999999,Thousand Metric Tonnes (TMT),PPAC,1751964547_PT_IMPORT_TMT_H.xlsx,PT_IMPORT_2018-19,34,2026-08-21T15:32:18.959584+00:00,1.0
2018-04-01,2018,2018-19,April,Bitumen,EXPORT,0.0,Thousand Metric Tonnes (TMT),PPAC,1751964547_PT_IMPORT_TMT_H.xlsx,PT_IMPORT_2018-19,35,2026-08-21T15:32:18.959584+00:00,1.0
2018-05-01,2018,2018-19,May,Bitumen,EXPORT,0.44115,Thousand Metric Tonnes (TMT),PPAC,1751964547_PT_IMPORT_TMT_H.xlsx,PT_IMPORT_2018-19,35,2026-08-21T15:32:18.959584+00:00,1.0
2018-06-01,2018,2018-19,June,Bitumen,EXPORT,3.10818,Thousand Metric Tonnes (TMT),PPAC,1751964547_PT_IMPORT_TMT_H.xlsx,PT_IMPORT_2018-19,35,2026-08-21T15:32:18.959584+00:00,1.0
2018-07-01,2018,2018-19,July,Bitumen,EXPORT,0.0,Thousand Metric Tonnes (TMT),PPAC,1751964547_PT_IMPORT_TMT_H.xlsx,PT_IMPORT_2018-19,35,2026-08-21T15:32:18.959584+00:00,1.0
2018-08-01,2018,2018-19,August,Bitumen,EXPORT,1.9416,Thousand Metric Tonnes (TMT),PPAC,1751964547_PT_IMPORT_TMT_H.xlsx,PT_IMPORT_2018-19,35,2026-08-21T15:32:18.959584+00:00,1.0
2018-09-01,2018,2018-19,September,Bitumen,EXPORT,4.950760000000001,Thousand Metric Tonnes (TMT),PPAC,1751964547_PT_IMPORT_TMT_H.xlsx,PT_IMPORT_2018-19,35,2026-08-21T15:32:18.959584+00:00,1.0
2018-10-01,2018,2018-19,October,Bitumen,EXPORT,2.0754099999999998,Thousand Metric Tonnes (TMT),PPAC,1751964547_PT_IMPORT_TMT_H.xlsx,PT_IMPORT_2018-19,35,2026-08-21T15:32:18.959584+00:00,1.0
2018-11-01,2018,2018-19,November,Bitumen,EXPORT,0.08495,Thousand Metric Tonnes (TMT),PPAC,1751964547_PT_IMPORT_TMT_H.xlsx,PT_IMPORT_2018-19,35,2026-08-21T15:32:18.959584+00:00,1.0
2018-12-01,2018,2018-19,December,Bitumen,EXPORT,4.36083,Thousand Metric Tonnes (TMT),PPAC,1751964547_PT_IMPORT_TMT_H.xlsx,PT_IMPORT_2018-19,35,2026-08-21T15:32:18.959584+00:00,1.0
2019-01-01,2019,2018-19,January,Bitumen,EXPORT,0.0,Thousand Metric Tonnes (TMT),PPAC,1751964547_PT_IMPORT_TMT_H.xlsx,PT_IMPORT_2018-19,35,2026-08-21T15:32:18.959584+00:00,1.0
2019-02-01,2019,2018-19,February,Bitumen,EXPORT,5.2272799999999995,Thousand Metric Tonnes (TMT),PPAC,1751964547_PT_IMPORT_TMT_H.xlsx,PT_IMPORT_2018-19,35,2026-08-21T15:32:18.959584+00:00,1.0
2019-03-01,2019,2018-19,March,Bitumen,EXPORT,0.49737,Thousand Metric Tonnes (TMT),PPAC,1751964547_PT_IMPORT_TMT_H.xlsx,PT_IMPORT_2018-19,35,2026-08-21T15:32:18.959584+00:00,1.0
2018-04-01,2018,2018-19,April,Others%,EXPORT,276.345850912,Thousand Metric Tonnes (TMT),PPAC,1751964547_PT_IMPORT_TMT_H.xlsx,PT_IMPORT_2018-19,36,2026-08-21T15:32:18.959584+00:00,1.0
2018-05-01,2018,2018-19,May,Others%,EXPORT,247.62183043399997,Thousand Metric Tonnes (TMT),PPAC,1751964547_PT_IMPORT_TMT_H.xlsx,PT_IMPORT_2018-19,36,2026-08-21T15:32:18.959584+00:00,1.0
2018-06-01,2018,2018-19,June,Others%,EXPORT,207.03500327199998,Thousand Metric Tonnes (TMT),PPAC,1751964547_PT_IMPORT_TMT_H.xlsx,PT_IMPORT_2018-19,36,2026-08-21T15:32:18.959584+00:00,1.0
2018-07-01,2018,2018-19,July,Others%,EXPORT,309.7121342219999,Thousand Metric Tonnes (TMT),PPAC,1751964547_PT_IMPORT_TMT_H.xlsx,PT_IMPORT_2018-19,36,2026-08-21T15:32:18.959584+00:00,1.0
2018-08-01,2018,2018-19,August,Others%,EXPORT,242.28342921,Thousand Metric Tonnes (TMT),PPAC,1751964547_PT_IMPORT_TMT_H.xlsx,PT_IMPORT_2018-19,36,2026-08-21T15:32:18.959584+00:00,1.0
2018-09-01,2018,2018-19,September,Others%,EXPORT,313.909788129,Thousand Metric Tonnes (TMT),PPAC,1751964547_PT_IMPORT_TMT_H.xlsx,PT_IMPORT_2018-19,36,2026-08-21T15:32:18.959584+00:00,1.0
2018-10-01,2018,2018-19,October,Others%,EXPORT,280.079627,Thousand Metric Tonnes (TMT),PPAC,1751964547_PT_IMPORT_TMT_H.xlsx,PT_IMPORT_2018-19,36,2026-08-21T15:32:18.959584+00:00,1.0
2018-11-01,2018,2018-19,November,Others%,EXPORT,377.750272,Thousand Metric Tonnes (TMT),PPAC,1751964547_PT_IMPORT_TMT_H.xlsx,PT_IMPORT_2018-19,36,2026-08-21T15:32:18.959584+00:00,1.0
2018-12-01,2018,2018-19,December,Others%,EXPORT,168.754672704,Thousand Metric Tonnes (TMT),PPAC,1751964547_PT_IMPORT_TMT_H.xlsx,PT_IMPORT_2018-19,36,2026-08-21T15:32:18.959584+00:00,1.0
2019-01-01,2019,2018-19,January,Others%,EXPORT,289.587225,Thousand Metric Tonnes (TMT),PPAC,1751964547_PT_IMPORT_TMT_H.xlsx,PT_IMPORT_2018-19,36,2026-08-21T15:32:18.959584+00:00,1.0
2019-02-01,2019,2018-19,February,Others%,EXPORT,226.5970365,Thousand Metric Tonnes (TMT),PPAC,1751964547_PT_IMPORT_TMT_H.xlsx,PT_IMPORT_2018-19,36,2026-08-21T15:32:18.959584+00:00,1.0
2019-03-01,2019,2018-19,March,Others%,EXPORT,324.02606074,Thousand Metric Tonnes (TMT),PPAC,1751964547_PT_IMPORT_TMT_H.xlsx,PT_IMPORT_2018-19,36,2026-08-21T15:32:18.959584+00:00,1.0
2017-04-01,2017,2017-18,April,CRUDE OIL,IMPORT,18126.966733847003,Thousand Metric Tonnes (TMT),PPAC,1751964547_PT_IMPORT_TMT_H.xlsx,PT_IMPORT_2017-18,10,2026-08-21T15:32:19.011029+00:00,1.0
2017-05-01,2017,2017-18,May,CRUDE OIL,IMPORT,17903.094468451,Thousand Metric Tonnes (TMT),PPAC,1751964547_PT_IMPORT_TMT_H.xlsx,PT_IMPORT_2017-18,10,2026-08-21T15:32:19.011029+00:00,1.0
2017-06-01,2017,2017-18,June,CRUDE OIL,IMPORT,17666.046051864003,Thousand Metric Tonnes (TMT),PPAC,1751964547_PT_IMPORT_TMT_H.xlsx,PT_IMPORT_2017-18,10,2026-08-21T15:32:19.011029+00:00,1.0
2017-07-01,2017,2017-18,July,CRUDE OIL,IMPORT,17320.200478748,Thousand Metric Tonnes (TMT),PPAC,1751964547_PT_IMPORT_TMT_H.xlsx,PT_IMPORT_2017-18,10,2026-08-21T15:32:19.011029+00:00,1.0
2017-08-01,2017,2017-18,August,CRUDE OIL,IMPORT,18112.903210864002,Thousand Metric Tonnes (TMT),PPAC,1751964547_PT_IMPORT_TMT_H.xlsx,PT_IMPORT_2017-18,10,2026-08-21T15:32:19.011029+00:00,1.0
2017-09-01,2017,2017-18,September,CRUDE OIL,IMPORT,17643.583922275997,Thousand Metric Tonnes (TMT),PPAC,1751964547_PT_IMPORT_TMT_H.xlsx,PT_IMPORT_2017-18,10,2026-08-21T15:32:19.011029+00:00,1.0
2017-10-01,2017,2017-18,October,CRUDE OIL,IMPORT,19029.154435219,Thousand Metric Tonnes (TMT),PPAC,1751964547_PT_IMPORT_TMT_H.xlsx,PT_IMPORT_2017-18,10,2026-08-21T15:32:19.011029+00:00,1.0
2017-11-01,2017,2017-18,November,CRUDE OIL,IMPORT,19191.030627898002,Thousand Metric Tonnes (TMT),PPAC,1751964547_PT_IMPORT_TMT_H.xlsx,PT_IMPORT_2017-18,10,2026-08-21T15:32:19.011029+00:00,1.0
2017-12-01,2017,2017-18,December,CRUDE OIL,IMPORT,19339.13024898,Thousand Metric Tonnes (TMT),PPAC,1751964547_PT_IMPORT_TMT_H.xlsx,PT_IMPORT_2017-18,10,2026-08-21T15:32:19.011029+00:00,1.0
2018-01-01,2018,2017-18,January,CRUDE OIL,IMPORT,20065.580805832207,Thousand Metric Tonnes (TMT),PPAC,1751964547_PT_IMPORT_TMT_H.xlsx,PT_IMPORT_2017-18,10,2026-08-21T15:32:19.011029+00:00,1.0
2018-02-01,2018,2017-18,February,CRUDE OIL,IMPORT,17630.778514256002,Thousand Metric Tonnes (TMT),PPAC,1751964547_PT_IMPORT_TMT_H.xlsx,PT_IMPORT_2017-18,10,2026-08-21T15:32:19.011029+00:00,1.0
2018-03-01,2018,2017-18,March,CRUDE OIL,IMPORT,18404.322532596,Thousand Metric Tonnes (TMT),PPAC,1751964547_PT_IMPORT_TMT_H.xlsx,PT_IMPORT_2017-18,10,2026-08-21T15:32:19.011029+00:00,1.0
2017-04-01,2017,2017-18,April,LPG,IMPORT,905.56042,Thousand Metric Tonnes (TMT),PPAC,1751964547_PT_IMPORT_TMT_H.xlsx,PT_IMPORT_2017-18,12,2026-08-21T15:32:19.011029+00:00,1.0
2017-05-01,2017,2017-18,May,LPG,IMPORT,752.3735539999999,Thousand Metric Tonnes (TMT),PPAC,1751964547_PT_IMPORT_TMT_H.xlsx,PT_IMPORT_2017-18,12,2026-08-21T15:32:19.011029+00:00,1.0
2017-06-01,2017,2017-18,June,LPG,IMPORT,617.878129,Thousand Metric Tonnes (TMT),PPAC,1751964547_PT_IMPORT_TMT_H.xlsx,PT_IMPORT_2017-18,12,2026-08-21T15:32:19.011029+00:00,1.0
2017-07-01,2017,2017-18,July,LPG,IMPORT,933.692744,Thousand Metric Tonnes (TMT),PPAC,1751964547_PT_IMPORT_TMT_H.xlsx,PT_IMPORT_2017-18,12,2026-08-21T15:32:19.011029+00:00,1.0
2017-08-01,2017,2017-18,August,LPG,IMPORT,1105.026006,Thousand Metric Tonnes (TMT),PPAC,1751964547_PT_IMPORT_TMT_H.xlsx,PT_IMPORT_2017-18,12,2026-08-21T15:32:19.011029+00:00,1.0
2017-09-01,2017,2017-18,September,LPG,IMPORT,871.78293,Thousand Metric Tonnes (TMT),PPAC,1751964547_PT_IMPORT_TMT_H.xlsx,PT_IMPORT_2017-18,12,2026-08-21T15:32:19.011029+00:00,1.0
2017-10-01,2017,2017-18,October,LPG,IMPORT,1201.463311,Thousand Metric Tonnes (TMT),PPAC,1751964547_PT_IMPORT_TMT_H.xlsx,PT_IMPORT_2017-18,12,2026-08-21T15:32:19.011029+00:00,1.0
2017-11-01,2017,2017-18,November,LPG,IMPORT,1233.419469,Thousand Metric Tonnes (TMT),PPAC,1751964547_PT_IMPORT_TMT_H.xlsx,PT_IMPORT_2017-18,12,2026-08-21T15:32:19.011029+00:00,1.0
2017-12-01,2017,2017-18,December,LPG,IMPORT,1130.4298290000002,Thousand Metric Tonnes (TMT),PPAC,1751964547_PT_IMPORT_TMT_H.xlsx,PT_IMPORT_2017-18,12,2026-08-21T15:32:19.011029+00:00,1.0
2018-01-01,2018,2017-18,January,LPG,IMPORT,987.700836,Thousand Metric Tonnes (TMT),PPAC,1751964547_PT_IMPORT_TMT_H.xlsx,PT_IMPORT_2017-18,12,2026-08-21T15:32:19.011029+00:00,1.0
2018-02-01,2018,2017-18,February,LPG,IMPORT,727.6041970000002,Thousand Metric Tonnes (TMT),PPAC,1751964547_PT_IMPORT_TMT_H.xlsx,PT_IMPORT_2017-18,12,2026-08-21T15:32:19.011029+00:00,1.0
2018-03-01,2018,2017-18,March,LPG,IMPORT,912.647834,Thousand Metric Tonnes (TMT),PPAC,1751964547_PT_IMPORT_TMT_H.xlsx,PT_IMPORT_2017-18,12,2026-08-21T15:32:19.011029+00:00,1.0
2017-04-01,2017,2017-18,April,MS,IMPORT,0.0,Thousand Metric Tonnes (TMT),PPAC,1751964547_PT_IMPORT_TMT_H.xlsx,PT_IMPORT_2017-18,13,2026-08-21T15:32:19.011029+00:00,1.0
2017-05-01,2017,2017-18,May,MS,IMPORT,0.0,Thousand Metric Tonnes (TMT),PPAC,1751964547_PT_IMPORT_TMT_H.xlsx,PT_IMPORT_2017-18,13,2026-08-21T15:32:19.011029+00:00,1.0
2017-06-01,2017,2017-18,June,MS,IMPORT,36.238607,Thousand Metric Tonnes (TMT),PPAC,1751964547_PT_IMPORT_TMT_H.xlsx,PT_IMPORT_2017-18,13,2026-08-21T15:32:19.011029+00:00,1.0
2017-07-01,2017,2017-18,July,MS,IMPORT,137.39213700000002,Thousand Metric Tonnes (TMT),PPAC,1751964547_PT_IMPORT_TMT_H.xlsx,PT_IMPORT_2017-18,13,2026-08-21T15:32:19.011029+00:00,1.0
2017-08-01,2017,2017-18,August,MS,IMPORT,0.0,Thousand Metric Tonnes (TMT),PPAC,1751964547_PT_IMPORT_TMT_H.xlsx,PT_IMPORT_2017-18,13,2026-08-21T15:32:19.011029+00:00,1.0
2017-09-01,2017,2017-18,September,MS,IMPORT,0.0,Thousand Metric Tonnes (TMT),PPAC,1751964547_PT_IMPORT_TMT_H.xlsx,PT_IMPORT_2017-18,13,2026-08-21T15:32:19.011029+00:00,1.0
2017-10-01,2017,2017-18,October,MS,IMPORT,0.0,Thousand Metric Tonnes (TMT),PPAC,1751964547_PT_IMPORT_TMT_H.xlsx,PT_IMPORT_2017-18,13,2026-08-21T15:32:19.011029+00:00,1.0
2017-11-01,2017,2017-18,November,MS,IMPORT,0.0,Thousand Metric Tonnes (TMT),PPAC,1751964547_PT_IMPORT_TMT_H.xlsx,PT_IMPORT_2017-18,13,2026-08-21T15:32:19.011029+00:00,1.0
2017-12-01,2017,2017-18,December,MS,IMPORT,0.0,Thousand Metric Tonnes (TMT),PPAC,1751964547_PT_IMPORT_TMT_H.xlsx,PT_IMPORT_2017-18,13,2026-08-21T15:32:19.011029+00:00,1.0
2018-01-01,2018,2017-18,January,MS,IMPORT,0.0,Thousand Metric Tonnes (TMT),PPAC,1751964547_PT_IMPORT_TMT_H.xlsx,PT_IMPORT_2017-18,13,2026-08-21T15:32:19.011029+00:00,1.0
2018-02-01,2018,2017-18,February,MS,IMPORT,0.0,Thousand Metric Tonnes (TMT),PPAC,1751964547_PT_IMPORT_TMT_H.xlsx,PT_IMPORT_2017-18,13,2026-08-21T15:32:19.011029+00:00,1.0
2018-03-01,2018,2017-18,March,MS,IMPORT,0.0,Thousand Metric Tonnes (TMT),PPAC,1751964547_PT_IMPORT_TMT_H.xlsx,PT_IMPORT_2017-18,13,2026-08-21T15:32:19.011029+00:00,1.0
2017-04-01,2017,2017-18,April,Naphtha,IMPORT,73.664833,Thousand Metric Tonnes (TMT),PPAC,1751964547_PT_IMPORT_TMT_H.xlsx,PT_IMPORT_2017-18,14,2026-08-21T15:32:19.011029+00:00,1.0
2017-05-01,2017,2017-18,May,Naphtha,IMPORT,102.569604,Thousand Metric Tonnes (TMT),PPAC,1751964547_PT_IMPORT_TMT_H.xlsx,PT_IMPORT_2017-18,14,2026-08-21T15:32:19.011029+00:00,1.0
2017-06-01,2017,2017-18,June,Naphtha,IMPORT,67.845102,Thousand Metric Tonnes (TMT),PPAC,1751964547_PT_IMPORT_TMT_H.xlsx,PT_IMPORT_2017-18,14,2026-08-21T15:32:19.011029+00:00,1.0
2017-07-01,2017,2017-18,July,Naphtha,IMPORT,166.427,Thousand Metric Tonnes (TMT),PPAC,1751964547_PT_IMPORT_TMT_H.xlsx,PT_IMPORT_2017-18,14,2026-08-21T15:32:19.011029+00:00,1.0
2017-08-01,2017,2017-18,August,Naphtha,IMPORT,167.73989400000002,Thousand Metric Tonnes (TMT),PPAC,1751964547_PT_IMPORT_TMT_H.xlsx,PT_IMPORT_2017-18,14,2026-08-21T15:32:19.011029+00:00,1.0
2017-09-01,2017,2017-18,September,Naphtha,IMPORT,184.89609,Thousand Metric Tonnes (TMT),PPAC,1751964547_PT_IMPORT_TMT_H.xlsx,PT_IMPORT_2017-18,14,2026-08-21T15:32:19.011029+00:00,1.0
2017-10-01,2017,2017-18,October,Naphtha,IMPORT,233.721463,Thousand Metric Tonnes (TMT),PPAC,1751964547_PT_IMPORT_TMT_H.xlsx,PT_IMPORT_2017-18,14,2026-08-21T15:32:19.011029+00:00,1.0
2017-11-01,2017,2017-18,November,Naphtha,IMPORT,117.197262,Thousand Metric Tonnes (TMT),PPAC,1751964547_PT_IMPORT_TMT_H.xlsx,PT_IMPORT_2017-18,14,2026-08-21T15:32:19.011029+00:00,1.0
2017-12-01,2017,2017-18,December,Naphtha,IMPORT,183.85239,Thousand Metric Tonnes (TMT),PPAC,1751964547_PT_IMPORT_TMT_H.xlsx,PT_IMPORT_2017-18,14,2026-08-21T15:32:19.011029+00:00,1.0
2018-01-01,2018,2017-18,January,Naphtha,IMPORT,365.385355,Thousand Metric Tonnes (TMT),PPAC,1751964547_PT_IMPORT_TMT_H.xlsx,PT_IMPORT_2017-18,14,2026-08-21T15:32:19.011029+00:00,1.0
2018-02-01,2018,2017-18,February,Naphtha,IMPORT,305.17963299999997,Thousand Metric Tonnes (TMT),PPAC,1751964547_PT_IMPORT_TMT_H.xlsx,PT_IMPORT_2017-18,14,2026-08-21T15:32:19.011029+00:00,1.0
2018-03-01,2018,2017-18,March,Naphtha,IMPORT,243.151396,Thousand Metric Tonnes (TMT),PPAC,1751964547_PT_IMPORT_TMT_H.xlsx,PT_IMPORT_2017-18,14,2026-08-21T15:32:19.011029+00:00,1.0
2017-04-01,2017,2017-18,April,ATF,IMPORT,29.239,Thousand Metric Tonnes (TMT),PPAC,1751964547_PT_IMPORT_TMT_H.xlsx,PT_IMPORT_2017-18,15,2026-08-21T15:32:19.011029+00:00,1.0
2017-05-01,2017,2017-18,May,ATF,IMPORT,22.937,Thousand Metric Tonnes (TMT),PPAC,1751964547_PT_IMPORT_TMT_H.xlsx,PT_IMPORT_2017-18,15,2026-08-21T15:32:19.011029+00:00,1.0
2017-06-01,2017,2017-18,June,ATF,IMPORT,24.819,Thousand Metric Tonnes (TMT),PPAC,1751964547_PT_IMPORT_TMT_H.xlsx,PT_IMPORT_2017-18,15,2026-08-21T15:32:19.011029+00:00,1.0
2017-07-01,2017,2017-18,July,ATF,IMPORT,22.455,Thousand Metric Tonnes (TMT),PPAC,1751964547_PT_IMPORT_TMT_H.xlsx,PT_IMPORT_2017-18,15,2026-08-21T15:32:19.011029+00:00,1.0
2017-08-01,2017,2017-18,August,ATF,IMPORT,24.142,Thousand Metric Tonnes (TMT),PPAC,1751964547_PT_IMPORT_TMT_H.xlsx,PT_IMPORT_2017-18,15,2026-08-21T15:32:19.011029+00:00,1.0
2017-09-01,2017,2017-18,September,ATF,IMPORT,25.178,Thousand Metric Tonnes (TMT),PPAC,1751964547_PT_IMPORT_TMT_H.xlsx,PT_IMPORT_2017-18,15,2026-08-21T15:32:19.011029+00:00,1.0
2017-10-01,2017,2017-18,October,ATF,IMPORT,25.551,Thousand Metric Tonnes (TMT),PPAC,1751964547_PT_IMPORT_TMT_H.xlsx,PT_IMPORT_2017-18,15,2026-08-21T15:32:19.011029+00:00,1.0
2017-11-01,2017,2017-18,November,ATF,IMPORT,33.705,Thousand Metric Tonnes (TMT),PPAC,1751964547_PT_IMPORT_TMT_H.xlsx,PT_IMPORT_2017-18,15,2026-08-21T15:32:19.011029+00:00,1.0
2017-12-01,2017,2017-18,December,ATF,IMPORT,12.661,Thousand Metric Tonnes (TMT),PPAC,1751964547_PT_IMPORT_TMT_H.xlsx,PT_IMPORT_2017-18,15,2026-08-21T15:32:19.011029+00:00,1.0
2018-01-01,2018,2017-18,January,ATF,IMPORT,37.367,Thousand Metric Tonnes (TMT),PPAC,1751964547_PT_IMPORT_TMT_H.xlsx,PT_IMPORT_2017-18,15,2026-08-21T15:32:19.011029+00:00,1.0
2018-02-01,2018,2017-18,February,ATF,IMPORT,12.48,Thousand Metric Tonnes (TMT),PPAC,1751964547_PT_IMPORT_TMT_H.xlsx,PT_IMPORT_2017-18,15,2026-08-21T15:32:19.011029+00:00,1.0
2018-03-01,2018,2017-18,March,ATF,IMPORT,29.542,Thousand Metric Tonnes (TMT),PPAC,1751964547_PT_IMPORT_TMT_H.xlsx,PT_IMPORT_2017-18,15,2026-08-21T15:32:19.011029+00:00,1.0
2017-04-01,2017,2017-18,April,SKO,IMPORT,0.0,Thousand Metric Tonnes (TMT),PPAC,1751964547_PT_IMPORT_TMT_H.xlsx,PT_IMPORT_2017-18,16,2026-08-21T15:32:19.011029+00:00,1.0
2017-05-01,2017,2017-18,May,SKO,IMPORT,0.0,Thousand Metric Tonnes (TMT),PPAC,1751964547_PT_IMPORT_TMT_H.xlsx,PT_IMPORT_2017-18,16,2026-08-21T15:32:19.011029+00:00,1.0
2017-06-01,2017,2017-18,June,SKO,IMPORT,0.0,Thousand Metric Tonnes (TMT),PPAC,1751964547_PT_IMPORT_TMT_H.xlsx,PT_IMPORT_2017-18,16,2026-08-21T15:32:19.011029+00:00,1.0
2017-07-01,2017,2017-18,July,SKO,IMPORT,0.0,Thousand Metric Tonnes (TMT),PPAC,1751964547_PT_IMPORT_TMT_H.xlsx,PT_IMPORT_2017-18,16,2026-08-21T15:32:19.011029+00:00,1.0
2017-08-01,2017,2017-18,August,SKO,IMPORT,0.0,Thousand Metric Tonnes (TMT),PPAC,1751964547_PT_IMPORT_TMT_H.xlsx,PT_IMPORT_2017-18,16,2026-08-21T15:32:19.011029+00:00,1.0
2017-09-01,2017,2017-18,September,SKO,IMPORT,0.0,Thousand Metric Tonnes (TMT),PPAC,1751964547_PT_IMPORT_TMT_H.xlsx,PT_IMPORT_2017-18,16,2026-08-21T15:32:19.011029+00:00,1.0
2017-10-01,2017,2017-18,October,SKO,IMPORT,0.0,Thousand Metric Tonnes (TMT),PPAC,1751964547_PT_IMPORT_TMT_H.xlsx,PT_IMPORT_2017-18,16,2026-08-21T15:32:19.011029+00:00,1.0
2017-11-01,2017,2017-18,November,SKO,IMPORT,0.0,Thousand Metric Tonnes (TMT),PPAC,1751964547_PT_IMPORT_TMT_H.xlsx,PT_IMPORT_2017-18,16,2026-08-21T15:32:19.011029+00:00,1.0
2017-12-01,2017,2017-18,December,SKO,IMPORT,0.0,Thousand Metric Tonnes (TMT),PPAC,1751964547_PT_IMPORT_TMT_H.xlsx,PT_IMPORT_2017-18,16,2026-08-21T15:32:19.011029+00:00,1.0
2018-01-01,2018,2017-18,January,SKO,IMPORT,0.0,Thousand Metric Tonnes (TMT),PPAC,1751964547_PT_IMPORT_TMT_H.xlsx,PT_IMPORT_2017-18,16,2026-08-21T15:32:19.011029+00:00,1.0
2018-02-01,2018,2017-18,February,SKO,IMPORT,0.0,Thousand Metric Tonnes (TMT),PPAC,1751964547_PT_IMPORT_TMT_H.xlsx,PT_IMPORT_2017-18,16,2026-08-21T15:32:19.011029+00:00,1.0
2018-03-01,2018,2017-18,March,SKO,IMPORT,0.0,Thousand Metric Tonnes (TMT),PPAC,1751964547_PT_IMPORT_TMT_H.xlsx,PT_IMPORT_2017-18,16,2026-08-21T15:32:19.011029+00:00,1.0
2017-04-01,2017,2017-18,April,HSD,IMPORT,14.868,Thousand Metric Tonnes (TMT),PPAC,1751964547_PT_IMPORT_TMT_H.xlsx,PT_IMPORT_2017-18,17,2026-08-21T15:32:19.011029+00:00,1.0
2017-05-01,2017,2017-18,May,HSD,IMPORT,444.37735299999997,Thousand Metric Tonnes (TMT),PPAC,1751964547_PT_IMPORT_TMT_H.xlsx,PT_IMPORT_2017-18,17,2026-08-21T15:32:19.011029+00:00,1.0
2017-06-01,2017,2017-18,June,HSD,IMPORT,459.331706,Thousand Metric Tonnes (TMT),PPAC,1751964547_PT_IMPORT_TMT_H.xlsx,PT_IMPORT_2017-18,17,2026-08-21T15:32:19.011029+00:00,1.0
2017-07-01,2017,2017-18,July,HSD,IMPORT,313.088732,Thousand Metric Tonnes (TMT),PPAC,1751964547_PT_IMPORT_TMT_H.xlsx,PT_IMPORT_2017-18,17,2026-08-21T15:32:19.011029+00:00,1.0
2017-08-01,2017,2017-18,August,HSD,IMPORT,11.901,Thousand Metric Tonnes (TMT),PPAC,1751964547_PT_IMPORT_TMT_H.xlsx,PT_IMPORT_2017-18,17,2026-08-21T15:32:19.011029+00:00,1.0
2017-09-01,2017,2017-18,September,HSD,IMPORT,1.196,Thousand Metric Tonnes (TMT),PPAC,1751964547_PT_IMPORT_TMT_H.xlsx,PT_IMPORT_2017-18,17,2026-08-21T15:32:19.011029+00:00,1.0
2017-10-01,2017,2017-18,October,HSD,IMPORT,3.278,Thousand Metric Tonnes (TMT),PPAC,1751964547_PT_IMPORT_TMT_H.xlsx,PT_IMPORT_2017-18,17,2026-08-21T15:32:19.011029+00:00,1.0
2017-11-01,2017,2017-18,November,HSD,IMPORT,17.999,Thousand Metric Tonnes (TMT),PPAC,1751964547_PT_IMPORT_TMT_H.xlsx,PT_IMPORT_2017-18,17,2026-08-21T15:32:19.011029+00:00,1.0
2017-12-01,2017,2017-18,December,HSD,IMPORT,5.803,Thousand Metric Tonnes (TMT),PPAC,1751964547_PT_IMPORT_TMT_H.xlsx,PT_IMPORT_2017-18,17,2026-08-21T15:32:19.011029+00:00,1.0
2018-01-01,2018,2017-18,January,HSD,IMPORT,10.564,Thousand Metric Tonnes (TMT),PPAC,1751964547_PT_IMPORT_TMT_H.xlsx,PT_IMPORT_2017-18,17,2026-08-21T15:32:19.011029+00:00,1.0
2018-02-01,2018,2017-18,February,HSD,IMPORT,6.547,Thousand Metric Tonnes (TMT),PPAC,1751964547_PT_IMPORT_TMT_H.xlsx,PT_IMPORT_2017-18,17,2026-08-21T15:32:19.011029+00:00,1.0
2018-03-01,2018,2017-18,March,HSD,IMPORT,71.596834,Thousand Metric Tonnes (TMT),PPAC,1751964547_PT_IMPORT_TMT_H.xlsx,PT_IMPORT_2017-18,17,2026-08-21T15:32:19.011029+00:00,1.0
2017-04-01,2017,2017-18,April,LOBS/ Lube oil,IMPORT,209.52074199999998,Thousand Metric Tonnes (TMT),PPAC,1751964547_PT_IMPORT_TMT_H.xlsx,PT_IMPORT_2017-18,18,2026-08-21T15:32:19.011029+00:00,1.0
2017-05-01,2017,2017-18,May,LOBS/ Lube oil,IMPORT,178.617482,Thousand Metric Tonnes (TMT),PPAC,1751964547_PT_IMPORT_TMT_H.xlsx,PT_IMPORT_2017-18,18,2026-08-21T15:32:19.011029+00:00,1.0
2017-06-01,2017,2017-18,June,LOBS/ Lube oil,IMPORT,191.63274399999997,Thousand Metric Tonnes (TMT),PPAC,1751964547_PT_IMPORT_TMT_H.xlsx,PT_IMPORT_2017-18,18,2026-08-21T15:32:19.011029+00:00,1.0
2017-07-01,2017,2017-18,July,LOBS/ Lube oil,IMPORT,173.643339,Thousand Metric Tonnes (TMT),PPAC,1751964547_PT_IMPORT_TMT_H.xlsx,PT_IMPORT_2017-18,18,2026-08-21T15:32:19.011029+00:00,1.0
2017-08-01,2017,2017-18,August,LOBS/ Lube oil,IMPORT,141.25202299999998,Thousand Metric Tonnes (TMT),PPAC,1751964547_PT_IMPORT_TMT_H.xlsx,PT_IMPORT_2017-18,18,2026-08-21T15:32:19.011029+00:00,1.0
2017-09-01,2017,2017-18,September,LOBS/ Lube oil,IMPORT,195.364759,Thousand Metric Tonnes (TMT),PPAC,1751964547_PT_IMPORT_TMT_H.xlsx,PT_IMPORT_2017-18,18,2026-08-21T15:32:19.011029+00:00,1.0
2017-10-01,2017,2017-18,October,LOBS/ Lube oil,IMPORT,221.60440999999997,Thousand Metric Tonnes (TMT),PPAC,1751964547_PT_IMPORT_TMT_H.xlsx,PT_IMPORT_2017-18,18,2026-08-21T15:32:19.011029+00:00,1.0
2017-11-01,2017,2017-18,November,LOBS/ Lube oil,IMPORT,221.483509,Thousand Metric Tonnes (TMT),PPAC,1751964547_PT_IMPORT_TMT_H.xlsx,PT_IMPORT_2017-18,18,2026-08-21T15:32:19.011029+00:00,1.0
2017-12-01,2017,2017-18,December,LOBS/ Lube oil,IMPORT,215.54243799999998,Thousand Metric Tonnes (TMT),PPAC,1751964547_PT_IMPORT_TMT_H.xlsx,PT_IMPORT_2017-18,18,2026-08-21T15:32:19.011029+00:00,1.0
2018-01-01,2018,2017-18,January,LOBS/ Lube oil,IMPORT,237.80777799999998,Thousand Metric Tonnes (TMT),PPAC,1751964547_PT_IMPORT_TMT_H.xlsx,PT_IMPORT_2017-18,18,2026-08-21T15:32:19.011029+00:00,1.0
2018-02-01,2018,2017-18,February,LOBS/ Lube oil,IMPORT,297.85234299999996,Thousand Metric Tonnes (TMT),PPAC,1751964547_PT_IMPORT_TMT_H.xlsx,PT_IMPORT_2017-18,18,2026-08-21T15:32:19.011029+00:00,1.0
2018-03-01,2018,2017-18,March,LOBS/ Lube oil,IMPORT,254.45686500000002,Thousand Metric Tonnes (TMT),PPAC,1751964547_PT_IMPORT_TMT_H.xlsx,PT_IMPORT_2017-18,18,2026-08-21T15:32:19.011029+00:00,1.0
2017-04-01,2017,2017-18,April,Fuel Oil,IMPORT,84.954943,Thousand Metric Tonnes (TMT),PPAC,1751964547_PT_IMPORT_TMT_H.xlsx,PT_IMPORT_2017-18,19,2026-08-21T15:32:19.011029+00:00,1.0
2017-05-01,2017,2017-18,May,Fuel Oil,IMPORT,166.247261,Thousand Metric Tonnes (TMT),PPAC,1751964547_PT_IMPORT_TMT_H.xlsx,PT_IMPORT_2017-18,19,2026-08-21T15:32:19.011029+00:00,1.0
2017-06-01,2017,2017-18,June,Fuel Oil,IMPORT,45.140992,Thousand Metric Tonnes (TMT),PPAC,1751964547_PT_IMPORT_TMT_H.xlsx,PT_IMPORT_2017-18,19,2026-08-21T15:32:19.011029+00:00,1.0
2017-07-01,2017,2017-18,July,Fuel Oil,IMPORT,98.70708,Thousand Metric Tonnes (TMT),PPAC,1751964547_PT_IMPORT_TMT_H.xlsx,PT_IMPORT_2017-18,19,2026-08-21T15:32:19.011029+00:00,1.0
2017-08-01,2017,2017-18,August,Fuel Oil,IMPORT,43.182,Thousand Metric Tonnes (TMT),PPAC,1751964547_PT_IMPORT_TMT_H.xlsx,PT_IMPORT_2017-18,19,2026-08-21T15:32:19.011029+00:00,1.0
2017-09-01,2017,2017-18,September,Fuel Oil,IMPORT,58.178465,Thousand Metric Tonnes (TMT),PPAC,1751964547_PT_IMPORT_TMT_H.xlsx,PT_IMPORT_2017-18,19,2026-08-21T15:32:19.011029+00:00,1.0
2017-10-01,2017,2017-18,October,Fuel Oil,IMPORT,115.613382,Thousand Metric Tonnes (TMT),PPAC,1751964547_PT_IMPORT_TMT_H.xlsx,PT_IMPORT_2017-18,19,2026-08-21T15:32:19.011029+00:00,1.0
2017-11-01,2017,2017-18,November,Fuel Oil,IMPORT,92.513461,Thousand Metric Tonnes (TMT),PPAC,1751964547_PT_IMPORT_TMT_H.xlsx,PT_IMPORT_2017-18,19,2026-08-21T15:32:19.011029+00:00,1.0
2017-12-01,2017,2017-18,December,Fuel Oil,IMPORT,66.501733,Thousand Metric Tonnes (TMT),PPAC,1751964547_PT_IMPORT_TMT_H.xlsx,PT_IMPORT_2017-18,19,2026-08-21T15:32:19.011029+00:00,1.0
2018-01-01,2018,2017-18,January,Fuel Oil,IMPORT,106.320474,Thousand Metric Tonnes (TMT),PPAC,1751964547_PT_IMPORT_TMT_H.xlsx,PT_IMPORT_2017-18,19,2026-08-21T15:32:19.011029+00:00,1.0
2018-02-01,2018,2017-18,February,Fuel Oil,IMPORT,142.694888,Thousand Metric Tonnes (TMT),PPAC,1751964547_PT_IMPORT_TMT_H.xlsx,PT_IMPORT_2017-18,19,2026-08-21T15:32:19.011029+00:00,1.0
2018-03-01,2018,2017-18,March,Fuel Oil,IMPORT,192.803163,Thousand Metric Tonnes (TMT),PPAC,1751964547_PT_IMPORT_TMT_H.xlsx,PT_IMPORT_2017-18,19,2026-08-21T15:32:19.011029+00:00,1.0
2017-04-01,2017,2017-18,April,Bitumen,IMPORT,76.914732,Thousand Metric Tonnes (TMT),PPAC,1751964547_PT_IMPORT_TMT_H.xlsx,PT_IMPORT_2017-18,20,2026-08-21T15:32:19.011029+00:00,1.0
2017-05-01,2017,2017-18,May,Bitumen,IMPORT,127.48136799999999,Thousand Metric Tonnes (TMT),PPAC,1751964547_PT_IMPORT_TMT_H.xlsx,PT_IMPORT_2017-18,20,2026-08-21T15:32:19.011029+00:00,1.0
2017-06-01,2017,2017-18,June,Bitumen,IMPORT,42.92340599999999,Thousand Metric Tonnes (TMT),PPAC,1751964547_PT_IMPORT_TMT_H.xlsx,PT_IMPORT_2017-18,20,2026-08-21T15:32:19.011029+00:00,1.0
2017-07-01,2017,2017-18,July,Bitumen,IMPORT,25.141315,Thousand Metric Tonnes (TMT),PPAC,1751964547_PT_IMPORT_TMT_H.xlsx,PT_IMPORT_2017-18,20,2026-08-21T15:32:19.011029+00:00,1.0
2017-08-01,2017,2017-18,August,Bitumen,IMPORT,50.384575999999996,Thousand Metric Tonnes (TMT),PPAC,1751964547_PT_IMPORT_TMT_H.xlsx,PT_IMPORT_2017-18,20,2026-08-21T15:32:19.011029+00:00,1.0
2017-09-01,2017,2017-18,September,Bitumen,IMPORT,59.44680800000001,Thousand Metric Tonnes (TMT),PPAC,1751964547_PT_IMPORT_TMT_H.xlsx,PT_IMPORT_2017-18,20,2026-08-21T15:32:19.011029+00:00,1.0
2017-10-01,2017,2017-18,October,Bitumen,IMPORT,65.107586,Thousand Metric Tonnes (TMT),PPAC,1751964547_PT_IMPORT_TMT_H.xlsx,PT_IMPORT_2017-18,20,2026-08-21T15:32:19.011029+00:00,1.0
2017-11-01,2017,2017-18,November,Bitumen,IMPORT,71.085533,Thousand Metric Tonnes (TMT),PPAC,1751964547_PT_IMPORT_TMT_H.xlsx,PT_IMPORT_2017-18,20,2026-08-21T15:32:19.011029+00:00,1.0
2017-12-01,2017,2017-18,December,Bitumen,IMPORT,106.317583,Thousand Metric Tonnes (TMT),PPAC,1751964547_PT_IMPORT_TMT_H.xlsx,PT_IMPORT_2017-18,20,2026-08-21T15:32:19.011029+00:00,1.0
2018-01-01,2018,2017-18,January,Bitumen,IMPORT,88.11915300000001,Thousand Metric Tonnes (TMT),PPAC,1751964547_PT_IMPORT_TMT_H.xlsx,PT_IMPORT_2017-18,20,2026-08-21T15:32:19.011029+00:00,1.0
2018-02-01,2018,2017-18,February,Bitumen,IMPORT,122.35234400000002,Thousand Metric Tonnes (TMT),PPAC,1751964547_PT_IMPORT_TMT_H.xlsx,PT_IMPORT_2017-18,20,2026-08-21T15:32:19.011029+00:00,1.0
2018-03-01,2018,2017-18,March,Bitumen,IMPORT,114.979473,Thousand Metric Tonnes (TMT),PPAC,1751964547_PT_IMPORT_TMT_H.xlsx,PT_IMPORT_2017-18,20,2026-08-21T15:32:19.011029+00:00,1.0
2017-04-01,2017,2017-18,April,Others,IMPORT,1358.4049079999998,Thousand Metric Tonnes (TMT),PPAC,1751964547_PT_IMPORT_TMT_H.xlsx,PT_IMPORT_2017-18,21,2026-08-21T15:32:19.011029+00:00,1.0
2017-05-01,2017,2017-18,May,Others,IMPORT,1361.905814,Thousand Metric Tonnes (TMT),PPAC,1751964547_PT_IMPORT_TMT_H.xlsx,PT_IMPORT_2017-18,21,2026-08-21T15:32:19.011029+00:00,1.0
2017-06-01,2017,2017-18,June,Others,IMPORT,1334.33215,Thousand Metric Tonnes (TMT),PPAC,1751964547_PT_IMPORT_TMT_H.xlsx,PT_IMPORT_2017-18,21,2026-08-21T15:32:19.011029+00:00,1.0
2017-07-01,2017,2017-18,July,Others,IMPORT,1527.300967,Thousand Metric Tonnes (TMT),PPAC,1751964547_PT_IMPORT_TMT_H.xlsx,PT_IMPORT_2017-18,21,2026-08-21T15:32:19.011029+00:00,1.0
2017-08-01,2017,2017-18,August,Others,IMPORT,1689.401365,Thousand Metric Tonnes (TMT),PPAC,1751964547_PT_IMPORT_TMT_H.xlsx,PT_IMPORT_2017-18,21,2026-08-21T15:32:19.011029+00:00,1.0
2017-09-01,2017,2017-18,September,Others,IMPORT,1055.01824,Thousand Metric Tonnes (TMT),PPAC,1751964547_PT_IMPORT_TMT_H.xlsx,PT_IMPORT_2017-18,21,2026-08-21T15:32:19.011029+00:00,1.0
2017-10-01,2017,2017-18,October,Others,IMPORT,1420.387643,Thousand Metric Tonnes (TMT),PPAC,1751964547_PT_IMPORT_TMT_H.xlsx,PT_IMPORT_2017-18,21,2026-08-21T15:32:19.011029+00:00,1.0
2017-11-01,2017,2017-18,November,Others,IMPORT,1049.7337630000002,Thousand Metric Tonnes (TMT),PPAC,1751964547_PT_IMPORT_TMT_H.xlsx,PT_IMPORT_2017-18,21,2026-08-21T15:32:19.011029+00:00,1.0
2017-12-01,2017,2017-18,December,Others,IMPORT,1576.5024299270406,Thousand Metric Tonnes (TMT),PPAC,1751964547_PT_IMPORT_TMT_H.xlsx,PT_IMPORT_2017-18,21,2026-08-21T15:32:19.011029+00:00,1.0
2018-01-01,2018,2017-18,January,Others,IMPORT,1056.834498,Thousand Metric Tonnes (TMT),PPAC,1751964547_PT_IMPORT_TMT_H.xlsx,PT_IMPORT_2017-18,21,2026-08-21T15:32:19.011029+00:00,1.0
2018-02-01,2018,2017-18,February,Others,IMPORT,836.0804499999999,Thousand Metric Tonnes (TMT),PPAC,1751964547_PT_IMPORT_TMT_H.xlsx,PT_IMPORT_2017-18,21,2026-08-21T15:32:19.011029+00:00,1.0
2018-03-01,2018,2017-18,March,Others,IMPORT,1067.575852,Thousand Metric Tonnes (TMT),PPAC,1751964547_PT_IMPORT_TMT_H.xlsx,PT_IMPORT_2017-18,21,2026-08-21T15:32:19.011029+00:00,1.0
2017-04-01,2017,2017-18,April,LPG,EXPORT,29.011089,Thousand Metric Tonnes (TMT),PPAC,1751964547_PT_IMPORT_TMT_H.xlsx,PT_IMPORT_2017-18,25,2026-08-21T15:32:19.011029+00:00,1.0
2017-05-01,2017,2017-18,May,LPG,EXPORT,28.868303,Thousand Metric Tonnes (TMT),PPAC,1751964547_PT_IMPORT_TMT_H.xlsx,PT_IMPORT_2017-18,25,2026-08-21T15:32:19.011029+00:00,1.0
2017-06-01,2017,2017-18,June,LPG,EXPORT,27.238721,Thousand Metric Tonnes (TMT),PPAC,1751964547_PT_IMPORT_TMT_H.xlsx,PT_IMPORT_2017-18,25,2026-08-21T15:32:19.011029+00:00,1.0
2017-07-01,2017,2017-18,July,LPG,EXPORT,25.770741,Thousand Metric Tonnes (TMT),PPAC,1751964547_PT_IMPORT_TMT_H.xlsx,PT_IMPORT_2017-18,25,2026-08-21T15:32:19.011029+00:00,1.0
2017-08-01,2017,2017-18,August,LPG,EXPORT,26.035469,Thousand Metric Tonnes (TMT),PPAC,1751964547_PT_IMPORT_TMT_H.xlsx,PT_IMPORT_2017-18,25,2026-08-21T15:32:19.011029+00:00,1.0
2017-09-01,2017,2017-18,September,LPG,EXPORT,30.54962,Thousand Metric Tonnes (TMT),PPAC,1751964547_PT_IMPORT_TMT_H.xlsx,PT_IMPORT_2017-18,25,2026-08-21T15:32:19.011029+00:00,1.0
2017-10-01,2017,2017-18,October,LPG,EXPORT,29.916681,Thousand Metric Tonnes (TMT),PPAC,1751964547_PT_IMPORT_TMT_H.xlsx,PT_IMPORT_2017-18,25,2026-08-21T15:32:19.011029+00:00,1.0
2017-11-01,2017,2017-18,November,LPG,EXPORT,33.874297,Thousand Metric Tonnes (TMT),PPAC,1751964547_PT_IMPORT_TMT_H.xlsx,PT_IMPORT_2017-18,25,2026-08-21T15:32:19.011029+00:00,1.0
2017-12-01,2017,2017-18,December,LPG,EXPORT,31.80931,Thousand Metric Tonnes (TMT),PPAC,1751964547_PT_IMPORT_TMT_H.xlsx,PT_IMPORT_2017-18,25,2026-08-21T15:32:19.011029+00:00,1.0
2018-01-01,2018,2017-18,January,LPG,EXPORT,35.357013,Thousand Metric Tonnes (TMT),PPAC,1751964547_PT_IMPORT_TMT_H.xlsx,PT_IMPORT_2017-18,25,2026-08-21T15:32:19.011029+00:00,1.0
2018-02-01,2018,2017-18,February,LPG,EXPORT,26.173698,Thousand Metric Tonnes (TMT),PPAC,1751964547_PT_IMPORT_TMT_H.xlsx,PT_IMPORT_2017-18,25,2026-08-21T15:32:19.011029+00:00,1.0
2018-03-01,2018,2017-18,March,LPG,EXPORT,34.686022,Thousand Metric Tonnes (TMT),PPAC,1751964547_PT_IMPORT_TMT_H.xlsx,PT_IMPORT_2017-18,25,2026-08-21T15:32:19.011029+00:00,1.0
2017-04-01,2017,2017-18,April,MS!,EXPORT,1095.064238,Thousand Metric Tonnes (TMT),PPAC,1751964547_PT_IMPORT_TMT_H.xlsx,PT_IMPORT_2017-18,26,2026-08-21T15:32:19.011029+00:00,1.0
2017-05-01,2017,2017-18,May,MS!,EXPORT,1333.3631329999998,Thousand Metric Tonnes (TMT),PPAC,1751964547_PT_IMPORT_TMT_H.xlsx,PT_IMPORT_2017-18,26,2026-08-21T15:32:19.011029+00:00,1.0
2017-06-01,2017,2017-18,June,MS!,EXPORT,1207.638785,Thousand Metric Tonnes (TMT),PPAC,1751964547_PT_IMPORT_TMT_H.xlsx,PT_IMPORT_2017-18,26,2026-08-21T15:32:19.011029+00:00,1.0
2017-07-01,2017,2017-18,July,MS!,EXPORT,1259.961412,Thousand Metric Tonnes (TMT),PPAC,1751964547_PT_IMPORT_TMT_H.xlsx,PT_IMPORT_2017-18,26,2026-08-21T15:32:19.011029+00:00,1.0
2017-08-01,2017,2017-18,August,MS!,EXPORT,1060.106161,Thousand Metric Tonnes (TMT),PPAC,1751964547_PT_IMPORT_TMT_H.xlsx,PT_IMPORT_2017-18,26,2026-08-21T15:32:19.011029+00:00,1.0
2017-09-01,2017,2017-18,September,MS!,EXPORT,1151.989541,Thousand Metric Tonnes (TMT),PPAC,1751964547_PT_IMPORT_TMT_H.xlsx,PT_IMPORT_2017-18,26,2026-08-21T15:32:19.011029+00:00,1.0
2017-10-01,2017,2017-18,October,MS!,EXPORT,995.6873069999999,Thousand Metric Tonnes (TMT),PPAC,1751964547_PT_IMPORT_TMT_H.xlsx,PT_IMPORT_2017-18,26,2026-08-21T15:32:19.011029+00:00,1.0
2017-11-01,2017,2017-18,November,MS!,EXPORT,1136.733318,Thousand Metric Tonnes (TMT),PPAC,1751964547_PT_IMPORT_TMT_H.xlsx,PT_IMPORT_2017-18,26,2026-08-21T15:32:19.011029+00:00,1.0
2017-12-01,2017,2017-18,December,MS!,EXPORT,1166.695583,Thousand Metric Tonnes (TMT),PPAC,1751964547_PT_IMPORT_TMT_H.xlsx,PT_IMPORT_2017-18,26,2026-08-21T15:32:19.011029+00:00,1.0
2018-01-01,2018,2017-18,January,MS!,EXPORT,1195.382966,Thousand Metric Tonnes (TMT),PPAC,1751964547_PT_IMPORT_TMT_H.xlsx,PT_IMPORT_2017-18,26,2026-08-21T15:32:19.011029+00:00,1.0
2018-02-01,2018,2017-18,February,MS!,EXPORT,1062.832273,Thousand Metric Tonnes (TMT),PPAC,1751964547_PT_IMPORT_TMT_H.xlsx,PT_IMPORT_2017-18,26,2026-08-21T15:32:19.011029+00:00,1.0
2018-03-01,2018,2017-18,March,MS!,EXPORT,1370.8569189999998,Thousand Metric Tonnes (TMT),PPAC,1751964547_PT_IMPORT_TMT_H.xlsx,PT_IMPORT_2017-18,26,2026-08-21T15:32:19.011029+00:00,1.0
2017-04-01,2017,2017-18,April,Naphtha$,EXPORT,748.7544780000001,Thousand Metric Tonnes (TMT),PPAC,1751964547_PT_IMPORT_TMT_H.xlsx,PT_IMPORT_2017-18,27,2026-08-21T15:32:19.011029+00:00,1.0
2017-05-01,2017,2017-18,May,Naphtha$,EXPORT,696.405666,Thousand Metric Tonnes (TMT),PPAC,1751964547_PT_IMPORT_TMT_H.xlsx,PT_IMPORT_2017-18,27,2026-08-21T15:32:19.011029+00:00,1.0
2017-06-01,2017,2017-18,June,Naphtha$,EXPORT,766.760456,Thousand Metric Tonnes (TMT),PPAC,1751964547_PT_IMPORT_TMT_H.xlsx,PT_IMPORT_2017-18,27,2026-08-21T15:32:19.011029+00:00,1.0
2017-07-01,2017,2017-18,July,Naphtha$,EXPORT,916.775985,Thousand Metric Tonnes (TMT),PPAC,1751964547_PT_IMPORT_TMT_H.xlsx,PT_IMPORT_2017-18,27,2026-08-21T15:32:19.011029+00:00,1.0
2017-08-01,2017,2017-18,August,Naphtha$,EXPORT,628.3185060000001,Thousand Metric Tonnes (TMT),PPAC,1751964547_PT_IMPORT_TMT_H.xlsx,PT_IMPORT_2017-18,27,2026-08-21T15:32:19.011029+00:00,1.0
2017-09-01,2017,2017-18,September,Naphtha$,EXPORT,641.839607,Thousand Metric Tonnes (TMT),PPAC,1751964547_PT_IMPORT_TMT_H.xlsx,PT_IMPORT_2017-18,27,2026-08-21T15:32:19.011029+00:00,1.0
2017-10-01,2017,2017-18,October,Naphtha$,EXPORT,851.421301,Thousand Metric Tonnes (TMT),PPAC,1751964547_PT_IMPORT_TMT_H.xlsx,PT_IMPORT_2017-18,27,2026-08-21T15:32:19.011029+00:00,1.0
2017-11-01,2017,2017-18,November,Naphtha$,EXPORT,748.661738,Thousand Metric Tonnes (TMT),PPAC,1751964547_PT_IMPORT_TMT_H.xlsx,PT_IMPORT_2017-18,27,2026-08-21T15:32:19.011029+00:00,1.0
2017-12-01,2017,2017-18,December,Naphtha$,EXPORT,657.518673,Thousand Metric Tonnes (TMT),PPAC,1751964547_PT_IMPORT_TMT_H.xlsx,PT_IMPORT_2017-18,27,2026-08-21T15:32:19.011029+00:00,1.0
2018-01-01,2018,2017-18,January,Naphtha$,EXPORT,760.806341,Thousand Metric Tonnes (TMT),PPAC,1751964547_PT_IMPORT_TMT_H.xlsx,PT_IMPORT_2017-18,27,2026-08-21T15:32:19.011029+00:00,1.0
2018-02-01,2018,2017-18,February,Naphtha$,EXPORT,824.3476739999999,Thousand Metric Tonnes (TMT),PPAC,1751964547_PT_IMPORT_TMT_H.xlsx,PT_IMPORT_2017-18,27,2026-08-21T15:32:19.011029+00:00,1.0
2018-03-01,2018,2017-18,March,Naphtha$,EXPORT,709.807466,Thousand Metric Tonnes (TMT),PPAC,1751964547_PT_IMPORT_TMT_H.xlsx,PT_IMPORT_2017-18,27,2026-08-21T15:32:19.011029+00:00,1.0
2017-04-01,2017,2017-18,April,ATF#,EXPORT,562.400257,Thousand Metric Tonnes (TMT),PPAC,1751964547_PT_IMPORT_TMT_H.xlsx,PT_IMPORT_2017-18,28,2026-08-21T15:32:19.011029+00:00,1.0
2017-05-01,2017,2017-18,May,ATF#,EXPORT,481.8083939999999,Thousand Metric Tonnes (TMT),PPAC,1751964547_PT_IMPORT_TMT_H.xlsx,PT_IMPORT_2017-18,28,2026-08-21T15:32:19.011029+00:00,1.0
2017-06-01,2017,2017-18,June,ATF#,EXPORT,569.935458,Thousand Metric Tonnes (TMT),PPAC,1751964547_PT_IMPORT_TMT_H.xlsx,PT_IMPORT_2017-18,28,2026-08-21T15:32:19.011029+00:00,1.0
2017-07-01,2017,2017-18,July,ATF#,EXPORT,540.2171020000001,Thousand Metric Tonnes (TMT),PPAC,1751964547_PT_IMPORT_TMT_H.xlsx,PT_IMPORT_2017-18,28,2026-08-21T15:32:19.011029+00:00,1.0
2017-08-01,2017,2017-18,August,ATF#,EXPORT,572.889016,Thousand Metric Tonnes (TMT),PPAC,1751964547_PT_IMPORT_TMT_H.xlsx,PT_IMPORT_2017-18,28,2026-08-21T15:32:19.011029+00:00,1.0
2017-09-01,2017,2017-18,September,ATF#,EXPORT,578.243664,Thousand Metric Tonnes (TMT),PPAC,1751964547_PT_IMPORT_TMT_H.xlsx,PT_IMPORT_2017-18,28,2026-08-21T15:32:19.011029+00:00,1.0
2017-10-01,2017,2017-18,October,ATF#,EXPORT,647.147364,Thousand Metric Tonnes (TMT),PPAC,1751964547_PT_IMPORT_TMT_H.xlsx,PT_IMPORT_2017-18,28,2026-08-21T15:32:19.011029+00:00,1.0
2017-11-01,2017,2017-18,November,ATF#,EXPORT,558.495711,Thousand Metric Tonnes (TMT),PPAC,1751964547_PT_IMPORT_TMT_H.xlsx,PT_IMPORT_2017-18,28,2026-08-21T15:32:19.011029+00:00,1.0
2017-12-01,2017,2017-18,December,ATF#,EXPORT,685.420291,Thousand Metric Tonnes (TMT),PPAC,1751964547_PT_IMPORT_TMT_H.xlsx,PT_IMPORT_2017-18,28,2026-08-21T15:32:19.011029+00:00,1.0
2018-01-01,2018,2017-18,January,ATF#,EXPORT,640.290766,Thousand Metric Tonnes (TMT),PPAC,1751964547_PT_IMPORT_TMT_H.xlsx,PT_IMPORT_2017-18,28,2026-08-21T15:32:19.011029+00:00,1.0
2018-02-01,2018,2017-18,February,ATF#,EXPORT,621.168786,Thousand Metric Tonnes (TMT),PPAC,1751964547_PT_IMPORT_TMT_H.xlsx,PT_IMPORT_2017-18,28,2026-08-21T15:32:19.011029+00:00,1.0
2018-03-01,2018,2017-18,March,ATF#,EXPORT,724.500695,Thousand Metric Tonnes (TMT),PPAC,1751964547_PT_IMPORT_TMT_H.xlsx,PT_IMPORT_2017-18,28,2026-08-21T15:32:19.011029+00:00,1.0
2017-04-01,2017,2017-18,April,SKO,EXPORT,1.355985,Thousand Metric Tonnes (TMT),PPAC,1751964547_PT_IMPORT_TMT_H.xlsx,PT_IMPORT_2017-18,29,2026-08-21T15:32:19.011029+00:00,1.0
2017-05-01,2017,2017-18,May,SKO,EXPORT,1.493776,Thousand Metric Tonnes (TMT),PPAC,1751964547_PT_IMPORT_TMT_H.xlsx,PT_IMPORT_2017-18,29,2026-08-21T15:32:19.011029+00:00,1.0
2017-06-01,2017,2017-18,June,SKO,EXPORT,1.785015,Thousand Metric Tonnes (TMT),PPAC,1751964547_PT_IMPORT_TMT_H.xlsx,PT_IMPORT_2017-18,29,2026-08-21T15:32:19.011029+00:00,1.0
2017-07-01,2017,2017-18,July,SKO,EXPORT,1.865654,Thousand Metric Tonnes (TMT),PPAC,1751964547_PT_IMPORT_TMT_H.xlsx,PT_IMPORT_2017-18,29,2026-08-21T15:32:19.011029+00:00,1.0
2017-08-01,2017,2017-18,August,SKO,EXPORT,1.036561,Thousand Metric Tonnes (TMT),PPAC,1751964547_PT_IMPORT_TMT_H.xlsx,PT_IMPORT_2017-18,29,2026-08-21T15:32:19.011029+00:00,1.0
2017-09-01,2017,2017-18,September,SKO,EXPORT,1.371643,Thousand Metric Tonnes (TMT),PPAC,1751964547_PT_IMPORT_TMT_H.xlsx,PT_IMPORT_2017-18,29,2026-08-21T15:32:19.011029+00:00,1.0
2017-10-01,2017,2017-18,October,SKO,EXPORT,1.386518,Thousand Metric Tonnes (TMT),PPAC,1751964547_PT_IMPORT_TMT_H.xlsx,PT_IMPORT_2017-18,29,2026-08-21T15:32:19.011029+00:00,1.0
2017-11-01,2017,2017-18,November,SKO,EXPORT,1.600251,Thousand Metric Tonnes (TMT),PPAC,1751964547_PT_IMPORT_TMT_H.xlsx,PT_IMPORT_2017-18,29,2026-08-21T15:32:19.011029+00:00,1.0
2017-12-01,2017,2017-18,December,SKO,EXPORT,1.251078,Thousand Metric Tonnes (TMT),PPAC,1751964547_PT_IMPORT_TMT_H.xlsx,PT_IMPORT_2017-18,29,2026-08-21T15:32:19.011029+00:00,1.0
2018-01-01,2018,2017-18,January,SKO,EXPORT,1.363814,Thousand Metric Tonnes (TMT),PPAC,1751964547_PT_IMPORT_TMT_H.xlsx,PT_IMPORT_2017-18,29,2026-08-21T15:32:19.011029+00:00,1.0
2018-02-01,2018,2017-18,February,SKO,EXPORT,1.293353,Thousand Metric Tonnes (TMT),PPAC,1751964547_PT_IMPORT_TMT_H.xlsx,PT_IMPORT_2017-18,29,2026-08-21T15:32:19.011029+00:00,1.0
2018-03-01,2018,2017-18,March,SKO,EXPORT,1.439756,Thousand Metric Tonnes (TMT),PPAC,1751964547_PT_IMPORT_TMT_H.xlsx,PT_IMPORT_2017-18,29,2026-08-21T15:32:19.011029+00:00,1.0
2017-04-01,2017,2017-18,April,HSD,EXPORT,2243.567244,Thousand Metric Tonnes (TMT),PPAC,1751964547_PT_IMPORT_TMT_H.xlsx,PT_IMPORT_2017-18,30,2026-08-21T15:32:19.011029+00:00,1.0
2017-05-01,2017,2017-18,May,HSD,EXPORT,1955.5840090000004,Thousand Metric Tonnes (TMT),PPAC,1751964547_PT_IMPORT_TMT_H.xlsx,PT_IMPORT_2017-18,30,2026-08-21T15:32:19.011029+00:00,1.0
2017-06-01,2017,2017-18,June,HSD,EXPORT,2036.0102029999998,Thousand Metric Tonnes (TMT),PPAC,1751964547_PT_IMPORT_TMT_H.xlsx,PT_IMPORT_2017-18,30,2026-08-21T15:32:19.011029+00:00,1.0
2017-07-01,2017,2017-18,July,HSD,EXPORT,2145.139614,Thousand Metric Tonnes (TMT),PPAC,1751964547_PT_IMPORT_TMT_H.xlsx,PT_IMPORT_2017-18,30,2026-08-21T15:32:19.011029+00:00,1.0
2017-08-01,2017,2017-18,August,HSD,EXPORT,2792.5627570000006,Thousand Metric Tonnes (TMT),PPAC,1751964547_PT_IMPORT_TMT_H.xlsx,PT_IMPORT_2017-18,30,2026-08-21T15:32:19.011029+00:00,1.0
2017-09-01,2017,2017-18,September,HSD,EXPORT,3040.480668707,Thousand Metric Tonnes (TMT),PPAC,1751964547_PT_IMPORT_TMT_H.xlsx,PT_IMPORT_2017-18,30,2026-08-21T15:32:19.011029+00:00,1.0
2017-10-01,2017,2017-18,October,HSD,EXPORT,2946.198795456,Thousand Metric Tonnes (TMT),PPAC,1751964547_PT_IMPORT_TMT_H.xlsx,PT_IMPORT_2017-18,30,2026-08-21T15:32:19.011029+00:00,1.0
2017-11-01,2017,2017-18,November,HSD,EXPORT,2607.150250961,Thousand Metric Tonnes (TMT),PPAC,1751964547_PT_IMPORT_TMT_H.xlsx,PT_IMPORT_2017-18,30,2026-08-21T15:32:19.011029+00:00,1.0
2017-12-01,2017,2017-18,December,HSD,EXPORT,2894.658966911,Thousand Metric Tonnes (TMT),PPAC,1751964547_PT_IMPORT_TMT_H.xlsx,PT_IMPORT_2017-18,30,2026-08-21T15:32:19.011029+00:00,1.0
2018-01-01,2018,2017-18,January,HSD,EXPORT,2704.2554159960005,Thousand Metric Tonnes (TMT),PPAC,1751964547_PT_IMPORT_TMT_H.xlsx,PT_IMPORT_2017-18,30,2026-08-21T15:32:19.011029+00:00,1.0
2018-02-01,2018,2017-18,February,HSD,EXPORT,2311.994911,Thousand Metric Tonnes (TMT),PPAC,1751964547_PT_IMPORT_TMT_H.xlsx,PT_IMPORT_2017-18,30,2026-08-21T15:32:19.011029+00:00,1.0
2018-03-01,2018,2017-18,March,HSD,EXPORT,2039.4569350000002,Thousand Metric Tonnes (TMT),PPAC,1751964547_PT_IMPORT_TMT_H.xlsx,PT_IMPORT_2017-18,30,2026-08-21T15:32:19.011029+00:00,1.0
2017-04-01,2017,2017-18,April,LDO,EXPORT,0.0,Thousand Metric Tonnes (TMT),PPAC,1751964547_PT_IMPORT_TMT_H.xlsx,PT_IMPORT_2017-18,31,2026-08-21T15:32:19.011029+00:00,1.0
2017-05-01,2017,2017-18,May,LDO,EXPORT,4.724776,Thousand Metric Tonnes (TMT),PPAC,1751964547_PT_IMPORT_TMT_H.xlsx,PT_IMPORT_2017-18,31,2026-08-21T15:32:19.011029+00:00,1.0
2017-06-01,2017,2017-18,June,LDO,EXPORT,0.0,Thousand Metric Tonnes (TMT),PPAC,1751964547_PT_IMPORT_TMT_H.xlsx,PT_IMPORT_2017-18,31,2026-08-21T15:32:19.011029+00:00,1.0
2017-07-01,2017,2017-18,July,LDO,EXPORT,4.483183,Thousand Metric Tonnes (TMT),PPAC,1751964547_PT_IMPORT_TMT_H.xlsx,PT_IMPORT_2017-18,31,2026-08-21T15:32:19.011029+00:00,1.0
2017-08-01,2017,2017-18,August,LDO,EXPORT,0.0,Thousand Metric Tonnes (TMT),PPAC,1751964547_PT_IMPORT_TMT_H.xlsx,PT_IMPORT_2017-18,31,2026-08-21T15:32:19.011029+00:00,1.0
2017-09-01,2017,2017-18,September,LDO,EXPORT,0.0,Thousand Metric Tonnes (TMT),PPAC,1751964547_PT_IMPORT_TMT_H.xlsx,PT_IMPORT_2017-18,31,2026-08-21T15:32:19.011029+00:00,1.0
2017-10-01,2017,2017-18,October,LDO,EXPORT,4.490208,Thousand Metric Tonnes (TMT),PPAC,1751964547_PT_IMPORT_TMT_H.xlsx,PT_IMPORT_2017-18,31,2026-08-21T15:32:19.011029+00:00,1.0
2017-11-01,2017,2017-18,November,LDO,EXPORT,4.476992,Thousand Metric Tonnes (TMT),PPAC,1751964547_PT_IMPORT_TMT_H.xlsx,PT_IMPORT_2017-18,31,2026-08-21T15:32:19.011029+00:00,1.0
2017-12-01,2017,2017-18,December,LDO,EXPORT,0.0,Thousand Metric Tonnes (TMT),PPAC,1751964547_PT_IMPORT_TMT_H.xlsx,PT_IMPORT_2017-18,31,2026-08-21T15:32:19.011029+00:00,1.0
2018-01-01,2018,2017-18,January,LDO,EXPORT,0.0,Thousand Metric Tonnes (TMT),PPAC,1751964547_PT_IMPORT_TMT_H.xlsx,PT_IMPORT_2017-18,31,2026-08-21T15:32:19.011029+00:00,1.0
2018-02-01,2018,2017-18,February,LDO,EXPORT,0.0,Thousand Metric Tonnes (TMT),PPAC,1751964547_PT_IMPORT_TMT_H.xlsx,PT_IMPORT_2017-18,31,2026-08-21T15:32:19.011029+00:00,1.0
2018-03-01,2018,2017-18,March,LDO,EXPORT,0.0,Thousand Metric Tonnes (TMT),PPAC,1751964547_PT_IMPORT_TMT_H.xlsx,PT_IMPORT_2017-18,31,2026-08-21T15:32:19.011029+00:00,1.0
2017-04-01,2017,2017-18,April,LOBS/ Lube Oil,EXPORT,0.49753,Thousand Metric Tonnes (TMT),PPAC,1751964547_PT_IMPORT_TMT_H.xlsx,PT_IMPORT_2017-18,32,2026-08-21T15:32:19.011029+00:00,1.0
2017-05-01,2017,2017-18,May,LOBS/ Lube Oil,EXPORT,0.20691,Thousand Metric Tonnes (TMT),PPAC,1751964547_PT_IMPORT_TMT_H.xlsx,PT_IMPORT_2017-18,32,2026-08-21T15:32:19.011029+00:00,1.0
2017-06-01,2017,2017-18,June,LOBS/ Lube Oil,EXPORT,0.67083,Thousand Metric Tonnes (TMT),PPAC,1751964547_PT_IMPORT_TMT_H.xlsx,PT_IMPORT_2017-18,32,2026-08-21T15:32:19.011029+00:00,1.0
2017-07-01,2017,2017-18,July,LOBS/ Lube Oil,EXPORT,2.9883490000000004,Thousand Metric Tonnes (TMT),PPAC,1751964547_PT_IMPORT_TMT_H.xlsx,PT_IMPORT_2017-18,32,2026-08-21T15:32:19.011029+00:00,1.0
2017-08-01,2017,2017-18,August,LOBS/ Lube Oil,EXPORT,3.5518140000000002,Thousand Metric Tonnes (TMT),PPAC,1751964547_PT_IMPORT_TMT_H.xlsx,PT_IMPORT_2017-18,32,2026-08-21T15:32:19.011029+00:00,1.0
2017-09-01,2017,2017-18,September,LOBS/ Lube Oil,EXPORT,0.63331,Thousand Metric Tonnes (TMT),PPAC,1751964547_PT_IMPORT_TMT_H.xlsx,PT_IMPORT_2017-18,32,2026-08-21T15:32:19.011029+00:00,1.0
2017-10-01,2017,2017-18,October,LOBS/ Lube Oil,EXPORT,0.5544799999999999,Thousand Metric Tonnes (TMT),PPAC,1751964547_PT_IMPORT_TMT_H.xlsx,PT_IMPORT_2017-18,32,2026-08-21T15:32:19.011029+00:00,1.0
2017-11-01,2017,2017-18,November,LOBS/ Lube Oil,EXPORT,0.747401,Thousand Metric Tonnes (TMT),PPAC,1751964547_PT_IMPORT_TMT_H.xlsx,PT_IMPORT_2017-18,32,2026-08-21T15:32:19.011029+00:00,1.0
2017-12-01,2017,2017-18,December,LOBS/ Lube Oil,EXPORT,0.7333399999999999,Thousand Metric Tonnes (TMT),PPAC,1751964547_PT_IMPORT_TMT_H.xlsx,PT_IMPORT_2017-18,32,2026-08-21T15:32:19.011029+00:00,1.0
2018-01-01,2018,2017-18,January,LOBS/ Lube Oil,EXPORT,0.7245779000000001,Thousand Metric Tonnes (TMT),PPAC,1751964547_PT_IMPORT_TMT_H.xlsx,PT_IMPORT_2017-18,32,2026-08-21T15:32:19.011029+00:00,1.0
2018-02-01,2018,2017-18,February,LOBS/ Lube Oil,EXPORT,0.817359,Thousand Metric Tonnes (TMT),PPAC,1751964547_PT_IMPORT_TMT_H.xlsx,PT_IMPORT_2017-18,32,2026-08-21T15:32:19.011029+00:00,1.0
2018-03-01,2018,2017-18,March,LOBS/ Lube Oil,EXPORT,1.144414,Thousand Metric Tonnes (TMT),PPAC,1751964547_PT_IMPORT_TMT_H.xlsx,PT_IMPORT_2017-18,32,2026-08-21T15:32:19.011029+00:00,1.0
2017-04-01,2017,2017-18,April,Fuel Oil,EXPORT,111.70537799999998,Thousand Metric Tonnes (TMT),PPAC,1751964547_PT_IMPORT_TMT_H.xlsx,PT_IMPORT_2017-18,33,2026-08-21T15:32:19.011029+00:00,1.0
2017-05-01,2017,2017-18,May,Fuel Oil,EXPORT,130.451401,Thousand Metric Tonnes (TMT),PPAC,1751964547_PT_IMPORT_TMT_H.xlsx,PT_IMPORT_2017-18,33,2026-08-21T15:32:19.011029+00:00,1.0
2017-06-01,2017,2017-18,June,Fuel Oil,EXPORT,78.612972,Thousand Metric Tonnes (TMT),PPAC,1751964547_PT_IMPORT_TMT_H.xlsx,PT_IMPORT_2017-18,33,2026-08-21T15:32:19.011029+00:00,1.0
2017-07-01,2017,2017-18,July,Fuel Oil,EXPORT,380.5288919999999,Thousand Metric Tonnes (TMT),PPAC,1751964547_PT_IMPORT_TMT_H.xlsx,PT_IMPORT_2017-18,33,2026-08-21T15:32:19.011029+00:00,1.0
2017-08-01,2017,2017-18,August,Fuel Oil,EXPORT,321.356819,Thousand Metric Tonnes (TMT),PPAC,1751964547_PT_IMPORT_TMT_H.xlsx,PT_IMPORT_2017-18,33,2026-08-21T15:32:19.011029+00:00,1.0
2017-09-01,2017,2017-18,September,Fuel Oil,EXPORT,418.147116,Thousand Metric Tonnes (TMT),PPAC,1751964547_PT_IMPORT_TMT_H.xlsx,PT_IMPORT_2017-18,33,2026-08-21T15:32:19.011029+00:00,1.0
2017-10-01,2017,2017-18,October,Fuel Oil,EXPORT,272.220096,Thousand Metric Tonnes (TMT),PPAC,1751964547_PT_IMPORT_TMT_H.xlsx,PT_IMPORT_2017-18,33,2026-08-21T15:32:19.011029+00:00,1.0
2017-11-01,2017,2017-18,November,Fuel Oil,EXPORT,227.75761,Thousand Metric Tonnes (TMT),PPAC,1751964547_PT_IMPORT_TMT_H.xlsx,PT_IMPORT_2017-18,33,2026-08-21T15:32:19.011029+00:00,1.0
2017-12-01,2017,2017-18,December,Fuel Oil,EXPORT,84.764269,Thousand Metric Tonnes (TMT),PPAC,1751964547_PT_IMPORT_TMT_H.xlsx,PT_IMPORT_2017-18,33,2026-08-21T15:32:19.011029+00:00,1.0
2018-01-01,2018,2017-18,January,Fuel Oil,EXPORT,192.19779,Thousand Metric Tonnes (TMT),PPAC,1751964547_PT_IMPORT_TMT_H.xlsx,PT_IMPORT_2017-18,33,2026-08-21T15:32:19.011029+00:00,1.0
2018-02-01,2018,2017-18,February,Fuel Oil,EXPORT,144.852973,Thousand Metric Tonnes (TMT),PPAC,1751964547_PT_IMPORT_TMT_H.xlsx,PT_IMPORT_2017-18,33,2026-08-21T15:32:19.011029+00:00,1.0
2018-03-01,2018,2017-18,March,Fuel Oil,EXPORT,162.469384,Thousand Metric Tonnes (TMT),PPAC,1751964547_PT_IMPORT_TMT_H.xlsx,PT_IMPORT_2017-18,33,2026-08-21T15:32:19.011029+00:00,1.0
2017-04-01,2017,2017-18,April,Bitumen,EXPORT,0.0,Thousand Metric Tonnes (TMT),PPAC,1751964547_PT_IMPORT_TMT_H.xlsx,PT_IMPORT_2017-18,34,2026-08-21T15:32:19.011029+00:00,1.0
2017-05-01,2017,2017-18,May,Bitumen,EXPORT,2.039,Thousand Metric Tonnes (TMT),PPAC,1751964547_PT_IMPORT_TMT_H.xlsx,PT_IMPORT_2017-18,34,2026-08-21T15:32:19.011029+00:00,1.0
2017-06-01,2017,2017-18,June,Bitumen,EXPORT,2.0386800000000003,Thousand Metric Tonnes (TMT),PPAC,1751964547_PT_IMPORT_TMT_H.xlsx,PT_IMPORT_2017-18,34,2026-08-21T15:32:19.011029+00:00,1.0
2017-07-01,2017,2017-18,July,Bitumen,EXPORT,4.980709,Thousand Metric Tonnes (TMT),PPAC,1751964547_PT_IMPORT_TMT_H.xlsx,PT_IMPORT_2017-18,34,2026-08-21T15:32:19.011029+00:00,1.0
2017-08-01,2017,2017-18,August,Bitumen,EXPORT,25.243774,Thousand Metric Tonnes (TMT),PPAC,1751964547_PT_IMPORT_TMT_H.xlsx,PT_IMPORT_2017-18,34,2026-08-21T15:32:19.011029+00:00,1.0
2017-09-01,2017,2017-18,September,Bitumen,EXPORT,6.438292000000001,Thousand Metric Tonnes (TMT),PPAC,1751964547_PT_IMPORT_TMT_H.xlsx,PT_IMPORT_2017-18,34,2026-08-21T15:32:19.011029+00:00,1.0
2017-10-01,2017,2017-18,October,Bitumen,EXPORT,11.973153,Thousand Metric Tonnes (TMT),PPAC,1751964547_PT_IMPORT_TMT_H.xlsx,PT_IMPORT_2017-18,34,2026-08-21T15:32:19.011029+00:00,1.0
2017-11-01,2017,2017-18,November,Bitumen,EXPORT,2.20048,Thousand Metric Tonnes (TMT),PPAC,1751964547_PT_IMPORT_TMT_H.xlsx,PT_IMPORT_2017-18,34,2026-08-21T15:32:19.011029+00:00,1.0
2017-12-01,2017,2017-18,December,Bitumen,EXPORT,2.4936599999999998,Thousand Metric Tonnes (TMT),PPAC,1751964547_PT_IMPORT_TMT_H.xlsx,PT_IMPORT_2017-18,34,2026-08-21T15:32:19.011029+00:00,1.0
2018-01-01,2018,2017-18,January,Bitumen,EXPORT,2.38542,Thousand Metric Tonnes (TMT),PPAC,1751964547_PT_IMPORT_TMT_H.xlsx,PT_IMPORT_2017-18,34,2026-08-21T15:32:19.011029+00:00,1.0
2018-02-01,2018,2017-18,February,Bitumen,EXPORT,0.0,Thousand Metric Tonnes (TMT),PPAC,1751964547_PT_IMPORT_TMT_H.xlsx,PT_IMPORT_2017-18,34,2026-08-21T15:32:19.011029+00:00,1.0
2018-03-01,2018,2017-18,March,Bitumen,EXPORT,4.0773600000000005,Thousand Metric Tonnes (TMT),PPAC,1751964547_PT_IMPORT_TMT_H.xlsx,PT_IMPORT_2017-18,34,2026-08-21T15:32:19.011029+00:00,1.0
2017-04-01,2017,2017-18,April,Others%,EXPORT,380.644017206,Thousand Metric Tonnes (TMT),PPAC,1751964547_PT_IMPORT_TMT_H.xlsx,PT_IMPORT_2017-18,35,2026-08-21T15:32:19.011029+00:00,1.0
2017-05-01,2017,2017-18,May,Others%,EXPORT,303.44605738399997,Thousand Metric Tonnes (TMT),PPAC,1751964547_PT_IMPORT_TMT_H.xlsx,PT_IMPORT_2017-18,35,2026-08-21T15:32:19.011029+00:00,1.0
2017-06-01,2017,2017-18,June,Others%,EXPORT,288.14318934,Thousand Metric Tonnes (TMT),PPAC,1751964547_PT_IMPORT_TMT_H.xlsx,PT_IMPORT_2017-18,35,2026-08-21T15:32:19.011029+00:00,1.0
2017-07-01,2017,2017-18,July,Others%,EXPORT,255.16949143999997,Thousand Metric Tonnes (TMT),PPAC,1751964547_PT_IMPORT_TMT_H.xlsx,PT_IMPORT_2017-18,35,2026-08-21T15:32:19.011029+00:00,1.0
2017-08-01,2017,2017-18,August,Others%,EXPORT,441.26482899999996,Thousand Metric Tonnes (TMT),PPAC,1751964547_PT_IMPORT_TMT_H.xlsx,PT_IMPORT_2017-18,35,2026-08-21T15:32:19.011029+00:00,1.0
2017-09-01,2017,2017-18,September,Others%,EXPORT,393.078528231,Thousand Metric Tonnes (TMT),PPAC,1751964547_PT_IMPORT_TMT_H.xlsx,PT_IMPORT_2017-18,35,2026-08-21T15:32:19.011029+00:00,1.0
2017-10-01,2017,2017-18,October,Others%,EXPORT,228.478673296,Thousand Metric Tonnes (TMT),PPAC,1751964547_PT_IMPORT_TMT_H.xlsx,PT_IMPORT_2017-18,35,2026-08-21T15:32:19.011029+00:00,1.0
2017-11-01,2017,2017-18,November,Others%,EXPORT,293.31133396,Thousand Metric Tonnes (TMT),PPAC,1751964547_PT_IMPORT_TMT_H.xlsx,PT_IMPORT_2017-18,35,2026-08-21T15:32:19.011029+00:00,1.0
2017-12-01,2017,2017-18,December,Others%,EXPORT,377.80699591399997,Thousand Metric Tonnes (TMT),PPAC,1751964547_PT_IMPORT_TMT_H.xlsx,PT_IMPORT_2017-18,35,2026-08-21T15:32:19.011029+00:00,1.0
2018-01-01,2018,2017-18,January,Others%,EXPORT,472.78161522900007,Thousand Metric Tonnes (TMT),PPAC,1751964547_PT_IMPORT_TMT_H.xlsx,PT_IMPORT_2017-18,35,2026-08-21T15:32:19.011029+00:00,1.0
2018-02-01,2018,2017-18,February,Others%,EXPORT,252.66448477300003,Thousand Metric Tonnes (TMT),PPAC,1751964547_PT_IMPORT_TMT_H.xlsx,PT_IMPORT_2017-18,35,2026-08-21T15:32:19.011029+00:00,1.0
2018-03-01,2018,2017-18,March,Others%,EXPORT,261.71832454599996,Thousand Metric Tonnes (TMT),PPAC,1751964547_PT_IMPORT_TMT_H.xlsx,PT_IMPORT_2017-18,35,2026-08-21T15:32:19.011029+00:00,1.0
2016-04-01,2016,2016-17,April,CRUDE OIL,IMPORT,17960.120729845,Thousand Metric Tonnes (TMT),PPAC,1751964547_PT_IMPORT_TMT_H.xlsx,PT_IMPORT_2016-17,10,2026-08-21T15:32:19.057847+00:00,1.0
2016-05-01,2016,2016-17,May,CRUDE OIL,IMPORT,17526.954441624,Thousand Metric Tonnes (TMT),PPAC,1751964547_PT_IMPORT_TMT_H.xlsx,PT_IMPORT_2016-17,10,2026-08-21T15:32:19.057847+00:00,1.0
2016-06-01,2016,2016-17,June,CRUDE OIL,IMPORT,17630.3368557718,Thousand Metric Tonnes (TMT),PPAC,1751964547_PT_IMPORT_TMT_H.xlsx,PT_IMPORT_2016-17,10,2026-08-21T15:32:19.057847+00:00,1.0
2016-07-01,2016,2016-17,July,CRUDE OIL,IMPORT,17214.367237844002,Thousand Metric Tonnes (TMT),PPAC,1751964547_PT_IMPORT_TMT_H.xlsx,PT_IMPORT_2016-17,10,2026-08-21T15:32:19.057847+00:00,1.0
2016-08-01,2016,2016-17,August,CRUDE OIL,IMPORT,18810.793568995003,Thousand Metric Tonnes (TMT),PPAC,1751964547_PT_IMPORT_TMT_H.xlsx,PT_IMPORT_2016-17,10,2026-08-21T15:32:19.057847+00:00,1.0
2016-09-01,2016,2016-17,September,CRUDE OIL,IMPORT,17762.152652164,Thousand Metric Tonnes (TMT),PPAC,1751964547_PT_IMPORT_TMT_H.xlsx,PT_IMPORT_2016-17,10,2026-08-21T15:32:19.057847+00:00,1.0
2016-10-01,2016,2016-17,October,CRUDE OIL,IMPORT,18152.526291764,Thousand Metric Tonnes (TMT),PPAC,1751964547_PT_IMPORT_TMT_H.xlsx,PT_IMPORT_2016-17,10,2026-08-21T15:32:19.057847+00:00,1.0
2016-11-01,2016,2016-17,November,CRUDE OIL,IMPORT,18755.742902591002,Thousand Metric Tonnes (TMT),PPAC,1751964547_PT_IMPORT_TMT_H.xlsx,PT_IMPORT_2016-17,10,2026-08-21T15:32:19.057847+00:00,1.0
2016-12-01,2016,2016-17,December,CRUDE OIL,IMPORT,18005.839126428,Thousand Metric Tonnes (TMT),PPAC,1751964547_PT_IMPORT_TMT_H.xlsx,PT_IMPORT_2016-17,10,2026-08-21T15:32:19.057847+00:00,1.0
2017-01-01,2017,2016-17,January,CRUDE OIL,IMPORT,17445.886365052,Thousand Metric Tonnes (TMT),PPAC,1751964547_PT_IMPORT_TMT_H.xlsx,PT_IMPORT_2016-17,10,2026-08-21T15:32:19.057847+00:00,1.0
2017-02-01,2017,2016-17,February,CRUDE OIL,IMPORT,16454.669540721,Thousand Metric Tonnes (TMT),PPAC,1751964547_PT_IMPORT_TMT_H.xlsx,PT_IMPORT_2016-17,10,2026-08-21T15:32:19.057847+00:00,1.0
2017-03-01,2017,2016-17,March,CRUDE OIL,IMPORT,18212.439817435,Thousand Metric Tonnes (TMT),PPAC,1751964547_PT_IMPORT_TMT_H.xlsx,PT_IMPORT_2016-17,10,2026-08-21T15:32:19.057847+00:00,1.0
2016-04-01,2016,2016-17,April,LPG,IMPORT,809.1305779999999,Thousand Metric Tonnes (TMT),PPAC,1751964547_PT_IMPORT_TMT_H.xlsx,PT_IMPORT_2016-17,12,2026-08-21T15:32:19.057847+00:00,1.0
2016-05-01,2016,2016-17,May,LPG,IMPORT,856.517193,Thousand Metric Tonnes (TMT),PPAC,1751964547_PT_IMPORT_TMT_H.xlsx,PT_IMPORT_2016-17,12,2026-08-21T15:32:19.057847+00:00,1.0
2016-06-01,2016,2016-17,June,LPG,IMPORT,795.9186820000001,Thousand Metric Tonnes (TMT),PPAC,1751964547_PT_IMPORT_TMT_H.xlsx,PT_IMPORT_2016-17,12,2026-08-21T15:32:19.057847+00:00,1.0
2016-07-01,2016,2016-17,July,LPG,IMPORT,810.5968259999999,Thousand Metric Tonnes (TMT),PPAC,1751964547_PT_IMPORT_TMT_H.xlsx,PT_IMPORT_2016-17,12,2026-08-21T15:32:19.057847+00:00,1.0
2016-08-01,2016,2016-17,August,LPG,IMPORT,746.0717190000001,Thousand Metric Tonnes (TMT),PPAC,1751964547_PT_IMPORT_TMT_H.xlsx,PT_IMPORT_2016-17,12,2026-08-21T15:32:19.057847+00:00,1.0
2016-09-01,2016,2016-17,September,LPG,IMPORT,798.233789,Thousand Metric Tonnes (TMT),PPAC,1751964547_PT_IMPORT_TMT_H.xlsx,PT_IMPORT_2016-17,12,2026-08-21T15:32:19.057847+00:00,1.0
2016-10-01,2016,2016-17,October,LPG,IMPORT,1004.6213400000001,Thousand Metric Tonnes (TMT),PPAC,1751964547_PT_IMPORT_TMT_H.xlsx,PT_IMPORT_2016-17,12,2026-08-21T15:32:19.057847+00:00,1.0
2016-11-01,2016,2016-17,November,LPG,IMPORT,1020.957288,Thousand Metric Tonnes (TMT),PPAC,1751964547_PT_IMPORT_TMT_H.xlsx,PT_IMPORT_2016-17,12,2026-08-21T15:32:19.057847+00:00,1.0
2016-12-01,2016,2016-17,December,LPG,IMPORT,1118.558182,Thousand Metric Tonnes (TMT),PPAC,1751964547_PT_IMPORT_TMT_H.xlsx,PT_IMPORT_2016-17,12,2026-08-21T15:32:19.057847+00:00,1.0
2017-01-01,2017,2016-17,January,LPG,IMPORT,901.324857,Thousand Metric Tonnes (TMT),PPAC,1751964547_PT_IMPORT_TMT_H.xlsx,PT_IMPORT_2016-17,12,2026-08-21T15:32:19.057847+00:00,1.0
2017-02-01,2017,2016-17,February,LPG,IMPORT,1000.172664,Thousand Metric Tonnes (TMT),PPAC,1751964547_PT_IMPORT_TMT_H.xlsx,PT_IMPORT_2016-17,12,2026-08-21T15:32:19.057847+00:00,1.0
2017-03-01,2017,2016-17,March,LPG,IMPORT,1235.1916339999996,Thousand Metric Tonnes (TMT),PPAC,1751964547_PT_IMPORT_TMT_H.xlsx,PT_IMPORT_2016-17,12,2026-08-21T15:32:19.057847+00:00,1.0
2016-04-01,2016,2016-17,April,MS,IMPORT,73.629995,Thousand Metric Tonnes (TMT),PPAC,1751964547_PT_IMPORT_TMT_H.xlsx,PT_IMPORT_2016-17,13,2026-08-21T15:32:19.057847+00:00,1.0
2016-05-01,2016,2016-17,May,MS,IMPORT,156.70510199999998,Thousand Metric Tonnes (TMT),PPAC,1751964547_PT_IMPORT_TMT_H.xlsx,PT_IMPORT_2016-17,13,2026-08-21T15:32:19.057847+00:00,1.0
2016-06-01,2016,2016-17,June,MS,IMPORT,38.265764,Thousand Metric Tonnes (TMT),PPAC,1751964547_PT_IMPORT_TMT_H.xlsx,PT_IMPORT_2016-17,13,2026-08-21T15:32:19.057847+00:00,1.0
2016-07-01,2016,2016-17,July,MS,IMPORT,0.0,Thousand Metric Tonnes (TMT),PPAC,1751964547_PT_IMPORT_TMT_H.xlsx,PT_IMPORT_2016-17,13,2026-08-21T15:32:19.057847+00:00,1.0
2016-08-01,2016,2016-17,August,MS,IMPORT,90.09442999999999,Thousand Metric Tonnes (TMT),PPAC,1751964547_PT_IMPORT_TMT_H.xlsx,PT_IMPORT_2016-17,13,2026-08-21T15:32:19.057847+00:00,1.0
2016-09-01,2016,2016-17,September,MS,IMPORT,84.27933900000001,Thousand Metric Tonnes (TMT),PPAC,1751964547_PT_IMPORT_TMT_H.xlsx,PT_IMPORT_2016-17,13,2026-08-21T15:32:19.057847+00:00,1.0
2016-10-01,2016,2016-17,October,MS,IMPORT,0.0,Thousand Metric Tonnes (TMT),PPAC,1751964547_PT_IMPORT_TMT_H.xlsx,PT_IMPORT_2016-17,13,2026-08-21T15:32:19.057847+00:00,1.0
2016-11-01,2016,2016-17,November,MS,IMPORT,33.272138,Thousand Metric Tonnes (TMT),PPAC,1751964547_PT_IMPORT_TMT_H.xlsx,PT_IMPORT_2016-17,13,2026-08-21T15:32:19.057847+00:00,1.0
2016-12-01,2016,2016-17,December,MS,IMPORT,0.0,Thousand Metric Tonnes (TMT),PPAC,1751964547_PT_IMPORT_TMT_H.xlsx,PT_IMPORT_2016-17,13,2026-08-21T15:32:19.057847+00:00,1.0
2017-01-01,2017,2016-17,January,MS,IMPORT,0.0,Thousand Metric Tonnes (TMT),PPAC,1751964547_PT_IMPORT_TMT_H.xlsx,PT_IMPORT_2016-17,13,2026-08-21T15:32:19.057847+00:00,1.0
2017-02-01,2017,2016-17,February,MS,IMPORT,0.0,Thousand Metric Tonnes (TMT),PPAC,1751964547_PT_IMPORT_TMT_H.xlsx,PT_IMPORT_2016-17,13,2026-08-21T15:32:19.057847+00:00,1.0
2017-03-01,2017,2016-17,March,MS,IMPORT,0.0,Thousand Metric Tonnes (TMT),PPAC,1751964547_PT_IMPORT_TMT_H.xlsx,PT_IMPORT_2016-17,13,2026-08-21T15:32:19.057847+00:00,1.0
2016-04-01,2016,2016-17,April,Naphtha,IMPORT,326.229902,Thousand Metric Tonnes (TMT),PPAC,1751964547_PT_IMPORT_TMT_H.xlsx,PT_IMPORT_2016-17,14,2026-08-21T15:32:19.057847+00:00,1.0
2016-05-01,2016,2016-17,May,Naphtha,IMPORT,219.49514,Thousand Metric Tonnes (TMT),PPAC,1751964547_PT_IMPORT_TMT_H.xlsx,PT_IMPORT_2016-17,14,2026-08-21T15:32:19.057847+00:00,1.0
2016-06-01,2016,2016-17,June,Naphtha,IMPORT,238.02817199999998,Thousand Metric Tonnes (TMT),PPAC,1751964547_PT_IMPORT_TMT_H.xlsx,PT_IMPORT_2016-17,14,2026-08-21T15:32:19.057847+00:00,1.0
2016-07-01,2016,2016-17,July,Naphtha,IMPORT,268.500466,Thousand Metric Tonnes (TMT),PPAC,1751964547_PT_IMPORT_TMT_H.xlsx,PT_IMPORT_2016-17,14,2026-08-21T15:32:19.057847+00:00,1.0
2016-08-01,2016,2016-17,August,Naphtha,IMPORT,248.805201,Thousand Metric Tonnes (TMT),PPAC,1751964547_PT_IMPORT_TMT_H.xlsx,PT_IMPORT_2016-17,14,2026-08-21T15:32:19.057847+00:00,1.0
2016-09-01,2016,2016-17,September,Naphtha,IMPORT,238.023086,Thousand Metric Tonnes (TMT),PPAC,1751964547_PT_IMPORT_TMT_H.xlsx,PT_IMPORT_2016-17,14,2026-08-21T15:32:19.057847+00:00,1.0
2016-10-01,2016,2016-17,October,Naphtha,IMPORT,215.465094,Thousand Metric Tonnes (TMT),PPAC,1751964547_PT_IMPORT_TMT_H.xlsx,PT_IMPORT_2016-17,14,2026-08-21T15:32:19.057847+00:00,1.0
2016-11-01,2016,2016-17,November,Naphtha,IMPORT,251.767,Thousand Metric Tonnes (TMT),PPAC,1751964547_PT_IMPORT_TMT_H.xlsx,PT_IMPORT_2016-17,14,2026-08-21T15:32:19.057847+00:00,1.0
2016-12-01,2016,2016-17,December,Naphtha,IMPORT,236.724967,Thousand Metric Tonnes (TMT),PPAC,1751964547_PT_IMPORT_TMT_H.xlsx,PT_IMPORT_2016-17,14,2026-08-21T15:32:19.057847+00:00,1.0
2017-01-01,2017,2016-17,January,Naphtha,IMPORT,90.542,Thousand Metric Tonnes (TMT),PPAC,1751964547_PT_IMPORT_TMT_H.xlsx,PT_IMPORT_2016-17,14,2026-08-21T15:32:19.057847+00:00,1.0
2017-02-01,2017,2016-17,February,Naphtha,IMPORT,208.615619,Thousand Metric Tonnes (TMT),PPAC,1751964547_PT_IMPORT_TMT_H.xlsx,PT_IMPORT_2016-17,14,2026-08-21T15:32:19.057847+00:00,1.0
2017-03-01,2017,2016-17,March,Naphtha,IMPORT,234.625263,Thousand Metric Tonnes (TMT),PPAC,1751964547_PT_IMPORT_TMT_H.xlsx,PT_IMPORT_2016-17,14,2026-08-21T15:32:19.057847+00:00,1.0
2016-04-01,2016,2016-17,April,ATF,IMPORT,22.689,Thousand Metric Tonnes (TMT),PPAC,1751964547_PT_IMPORT_TMT_H.xlsx,PT_IMPORT_2016-17,15,2026-08-21T15:32:19.057847+00:00,1.0
2016-05-01,2016,2016-17,May,ATF,IMPORT,28.018,Thousand Metric Tonnes (TMT),PPAC,1751964547_PT_IMPORT_TMT_H.xlsx,PT_IMPORT_2016-17,15,2026-08-21T15:32:19.057847+00:00,1.0
2016-06-01,2016,2016-17,June,ATF,IMPORT,33.05,Thousand Metric Tonnes (TMT),PPAC,1751964547_PT_IMPORT_TMT_H.xlsx,PT_IMPORT_2016-17,15,2026-08-21T15:32:19.057847+00:00,1.0
2016-07-01,2016,2016-17,July,ATF,IMPORT,26.504,Thousand Metric Tonnes (TMT),PPAC,1751964547_PT_IMPORT_TMT_H.xlsx,PT_IMPORT_2016-17,15,2026-08-21T15:32:19.057847+00:00,1.0
2016-08-01,2016,2016-17,August,ATF,IMPORT,25.462,Thousand Metric Tonnes (TMT),PPAC,1751964547_PT_IMPORT_TMT_H.xlsx,PT_IMPORT_2016-17,15,2026-08-21T15:32:19.057847+00:00,1.0
2016-09-01,2016,2016-17,September,ATF,IMPORT,43.351,Thousand Metric Tonnes (TMT),PPAC,1751964547_PT_IMPORT_TMT_H.xlsx,PT_IMPORT_2016-17,15,2026-08-21T15:32:19.057847+00:00,1.0
2016-10-01,2016,2016-17,October,ATF,IMPORT,7.401,Thousand Metric Tonnes (TMT),PPAC,1751964547_PT_IMPORT_TMT_H.xlsx,PT_IMPORT_2016-17,15,2026-08-21T15:32:19.057847+00:00,1.0
2016-11-01,2016,2016-17,November,ATF,IMPORT,34.197,Thousand Metric Tonnes (TMT),PPAC,1751964547_PT_IMPORT_TMT_H.xlsx,PT_IMPORT_2016-17,15,2026-08-21T15:32:19.057847+00:00,1.0
2016-12-01,2016,2016-17,December,ATF,IMPORT,49.774,Thousand Metric Tonnes (TMT),PPAC,1751964547_PT_IMPORT_TMT_H.xlsx,PT_IMPORT_2016-17,15,2026-08-21T15:32:19.057847+00:00,1.0
2017-01-01,2017,2016-17,January,ATF,IMPORT,28.545,Thousand Metric Tonnes (TMT),PPAC,1751964547_PT_IMPORT_TMT_H.xlsx,PT_IMPORT_2016-17,15,2026-08-21T15:32:19.057847+00:00,1.0
2017-02-01,2017,2016-17,February,ATF,IMPORT,31.567,Thousand Metric Tonnes (TMT),PPAC,1751964547_PT_IMPORT_TMT_H.xlsx,PT_IMPORT_2016-17,15,2026-08-21T15:32:19.057847+00:00,1.0
2017-03-01,2017,2016-17,March,ATF,IMPORT,6.982,Thousand Metric Tonnes (TMT),PPAC,1751964547_PT_IMPORT_TMT_H.xlsx,PT_IMPORT_2016-17,15,2026-08-21T15:32:19.057847+00:00,1.0
2016-04-01,2016,2016-17,April,SKO,IMPORT,0.0,Thousand Metric Tonnes (TMT),PPAC,1751964547_PT_IMPORT_TMT_H.xlsx,PT_IMPORT_2016-17,16,2026-08-21T15:32:19.057847+00:00,1.0
2016-05-01,2016,2016-17,May,SKO,IMPORT,0.0,Thousand Metric Tonnes (TMT),PPAC,1751964547_PT_IMPORT_TMT_H.xlsx,PT_IMPORT_2016-17,16,2026-08-21T15:32:19.057847+00:00,1.0
2016-06-01,2016,2016-17,June,SKO,IMPORT,0.0,Thousand Metric Tonnes (TMT),PPAC,1751964547_PT_IMPORT_TMT_H.xlsx,PT_IMPORT_2016-17,16,2026-08-21T15:32:19.057847+00:00,1.0
2016-07-01,2016,2016-17,July,SKO,IMPORT,0.0,Thousand Metric Tonnes (TMT),PPAC,1751964547_PT_IMPORT_TMT_H.xlsx,PT_IMPORT_2016-17,16,2026-08-21T15:32:19.057847+00:00,1.0
2016-08-01,2016,2016-17,August,SKO,IMPORT,0.0,Thousand Metric Tonnes (TMT),PPAC,1751964547_PT_IMPORT_TMT_H.xlsx,PT_IMPORT_2016-17,16,2026-08-21T15:32:19.057847+00:00,1.0
2016-09-01,2016,2016-17,September,SKO,IMPORT,0.0,Thousand Metric Tonnes (TMT),PPAC,1751964547_PT_IMPORT_TMT_H.xlsx,PT_IMPORT_2016-17,16,2026-08-21T15:32:19.057847+00:00,1.0
2016-10-01,2016,2016-17,October,SKO,IMPORT,0.0,Thousand Metric Tonnes (TMT),PPAC,1751964547_PT_IMPORT_TMT_H.xlsx,PT_IMPORT_2016-17,16,2026-08-21T15:32:19.057847+00:00,1.0
2016-11-01,2016,2016-17,November,SKO,IMPORT,0.0,Thousand Metric Tonnes (TMT),PPAC,1751964547_PT_IMPORT_TMT_H.xlsx,PT_IMPORT_2016-17,16,2026-08-21T15:32:19.057847+00:00,1.0
2016-12-01,2016,2016-17,December,SKO,IMPORT,0.0,Thousand Metric Tonnes (TMT),PPAC,1751964547_PT_IMPORT_TMT_H.xlsx,PT_IMPORT_2016-17,16,2026-08-21T15:32:19.057847+00:00,1.0
2017-01-01,2017,2016-17,January,SKO,IMPORT,0.0,Thousand Metric Tonnes (TMT),PPAC,1751964547_PT_IMPORT_TMT_H.xlsx,PT_IMPORT_2016-17,16,2026-08-21T15:32:19.057847+00:00,1.0
2017-02-01,2017,2016-17,February,SKO,IMPORT,0.0,Thousand Metric Tonnes (TMT),PPAC,1751964547_PT_IMPORT_TMT_H.xlsx,PT_IMPORT_2016-17,16,2026-08-21T15:32:19.057847+00:00,1.0
2017-03-01,2017,2016-17,March,SKO,IMPORT,0.0,Thousand Metric Tonnes (TMT),PPAC,1751964547_PT_IMPORT_TMT_H.xlsx,PT_IMPORT_2016-17,16,2026-08-21T15:32:19.057847+00:00,1.0
2016-04-01,2016,2016-17,April,HSD,IMPORT,503.31024600000006,Thousand Metric Tonnes (TMT),PPAC,1751964547_PT_IMPORT_TMT_H.xlsx,PT_IMPORT_2016-17,17,2026-08-21T15:32:19.057847+00:00,1.0
2016-05-01,2016,2016-17,May,HSD,IMPORT,222.482589,Thousand Metric Tonnes (TMT),PPAC,1751964547_PT_IMPORT_TMT_H.xlsx,PT_IMPORT_2016-17,17,2026-08-21T15:32:19.057847+00:00,1.0
2016-06-01,2016,2016-17,June,HSD,IMPORT,2.994,Thousand Metric Tonnes (TMT),PPAC,1751964547_PT_IMPORT_TMT_H.xlsx,PT_IMPORT_2016-17,17,2026-08-21T15:32:19.057847+00:00,1.0
2016-07-01,2016,2016-17,July,HSD,IMPORT,0.988,Thousand Metric Tonnes (TMT),PPAC,1751964547_PT_IMPORT_TMT_H.xlsx,PT_IMPORT_2016-17,17,2026-08-21T15:32:19.057847+00:00,1.0
2016-08-01,2016,2016-17,August,HSD,IMPORT,0.481,Thousand Metric Tonnes (TMT),PPAC,1751964547_PT_IMPORT_TMT_H.xlsx,PT_IMPORT_2016-17,17,2026-08-21T15:32:19.057847+00:00,1.0
2016-09-01,2016,2016-17,September,HSD,IMPORT,0.136,Thousand Metric Tonnes (TMT),PPAC,1751964547_PT_IMPORT_TMT_H.xlsx,PT_IMPORT_2016-17,17,2026-08-21T15:32:19.057847+00:00,1.0
2016-10-01,2016,2016-17,October,HSD,IMPORT,5.431,Thousand Metric Tonnes (TMT),PPAC,1751964547_PT_IMPORT_TMT_H.xlsx,PT_IMPORT_2016-17,17,2026-08-21T15:32:19.057847+00:00,1.0
2016-11-01,2016,2016-17,November,HSD,IMPORT,2.582,Thousand Metric Tonnes (TMT),PPAC,1751964547_PT_IMPORT_TMT_H.xlsx,PT_IMPORT_2016-17,17,2026-08-21T15:32:19.057847+00:00,1.0
2016-12-01,2016,2016-17,December,HSD,IMPORT,101.02954600000001,Thousand Metric Tonnes (TMT),PPAC,1751964547_PT_IMPORT_TMT_H.xlsx,PT_IMPORT_2016-17,17,2026-08-21T15:32:19.057847+00:00,1.0
2017-01-01,2017,2016-17,January,HSD,IMPORT,163.397593,Thousand Metric Tonnes (TMT),PPAC,1751964547_PT_IMPORT_TMT_H.xlsx,PT_IMPORT_2016-17,17,2026-08-21T15:32:19.057847+00:00,1.0
2017-02-01,2017,2016-17,February,HSD,IMPORT,5.008,Thousand Metric Tonnes (TMT),PPAC,1751964547_PT_IMPORT_TMT_H.xlsx,PT_IMPORT_2016-17,17,2026-08-21T15:32:19.057847+00:00,1.0
2017-03-01,2017,2016-17,March,HSD,IMPORT,0.3,Thousand Metric Tonnes (TMT),PPAC,1751964547_PT_IMPORT_TMT_H.xlsx,PT_IMPORT_2016-17,17,2026-08-21T15:32:19.057847+00:00,1.0
2016-04-01,2016,2016-17,April,LOBS/ Lube oil,IMPORT,188.852,Thousand Metric Tonnes (TMT),PPAC,1751964547_PT_IMPORT_TMT_H.xlsx,PT_IMPORT_2016-17,18,2026-08-21T15:32:19.057847+00:00,1.0
2016-05-01,2016,2016-17,May,LOBS/ Lube oil,IMPORT,178.306,Thousand Metric Tonnes (TMT),PPAC,1751964547_PT_IMPORT_TMT_H.xlsx,PT_IMPORT_2016-17,18,2026-08-21T15:32:19.057847+00:00,1.0
2016-06-01,2016,2016-17,June,LOBS/ Lube oil,IMPORT,222.099,Thousand Metric Tonnes (TMT),PPAC,1751964547_PT_IMPORT_TMT_H.xlsx,PT_IMPORT_2016-17,18,2026-08-21T15:32:19.057847+00:00,1.0
2016-07-01,2016,2016-17,July,LOBS/ Lube oil,IMPORT,229.255,Thousand Metric Tonnes (TMT),PPAC,1751964547_PT_IMPORT_TMT_H.xlsx,PT_IMPORT_2016-17,18,2026-08-21T15:32:19.057847+00:00,1.0
2016-08-01,2016,2016-17,August,LOBS/ Lube oil,IMPORT,153.642,Thousand Metric Tonnes (TMT),PPAC,1751964547_PT_IMPORT_TMT_H.xlsx,PT_IMPORT_2016-17,18,2026-08-21T15:32:19.057847+00:00,1.0
2016-09-01,2016,2016-17,September,LOBS/ Lube oil,IMPORT,134.148,Thousand Metric Tonnes (TMT),PPAC,1751964547_PT_IMPORT_TMT_H.xlsx,PT_IMPORT_2016-17,18,2026-08-21T15:32:19.057847+00:00,1.0
2016-10-01,2016,2016-17,October,LOBS/ Lube oil,IMPORT,179.5,Thousand Metric Tonnes (TMT),PPAC,1751964547_PT_IMPORT_TMT_H.xlsx,PT_IMPORT_2016-17,18,2026-08-21T15:32:19.057847+00:00,1.0
2016-11-01,2016,2016-17,November,LOBS/ Lube oil,IMPORT,184.331,Thousand Metric Tonnes (TMT),PPAC,1751964547_PT_IMPORT_TMT_H.xlsx,PT_IMPORT_2016-17,18,2026-08-21T15:32:19.057847+00:00,1.0
2016-12-01,2016,2016-17,December,LOBS/ Lube oil,IMPORT,176.652,Thousand Metric Tonnes (TMT),PPAC,1751964547_PT_IMPORT_TMT_H.xlsx,PT_IMPORT_2016-17,18,2026-08-21T15:32:19.057847+00:00,1.0
2017-01-01,2017,2016-17,January,LOBS/ Lube oil,IMPORT,174.944,Thousand Metric Tonnes (TMT),PPAC,1751964547_PT_IMPORT_TMT_H.xlsx,PT_IMPORT_2016-17,18,2026-08-21T15:32:19.057847+00:00,1.0
2017-02-01,2017,2016-17,February,LOBS/ Lube oil,IMPORT,169.343,Thousand Metric Tonnes (TMT),PPAC,1751964547_PT_IMPORT_TMT_H.xlsx,PT_IMPORT_2016-17,18,2026-08-21T15:32:19.057847+00:00,1.0
2017-03-01,2017,2016-17,March,LOBS/ Lube oil,IMPORT,139.817,Thousand Metric Tonnes (TMT),PPAC,1751964547_PT_IMPORT_TMT_H.xlsx,PT_IMPORT_2016-17,18,2026-08-21T15:32:19.057847+00:00,1.0
2016-04-01,2016,2016-17,April,Fuel Oil,IMPORT,80.441,Thousand Metric Tonnes (TMT),PPAC,1751964547_PT_IMPORT_TMT_H.xlsx,PT_IMPORT_2016-17,19,2026-08-21T15:32:19.057847+00:00,1.0
2016-05-01,2016,2016-17,May,Fuel Oil,IMPORT,95.833329,Thousand Metric Tonnes (TMT),PPAC,1751964547_PT_IMPORT_TMT_H.xlsx,PT_IMPORT_2016-17,19,2026-08-21T15:32:19.057847+00:00,1.0
2016-06-01,2016,2016-17,June,Fuel Oil,IMPORT,89.007709,Thousand Metric Tonnes (TMT),PPAC,1751964547_PT_IMPORT_TMT_H.xlsx,PT_IMPORT_2016-17,19,2026-08-21T15:32:19.057847+00:00,1.0
2016-07-01,2016,2016-17,July,Fuel Oil,IMPORT,78.988,Thousand Metric Tonnes (TMT),PPAC,1751964547_PT_IMPORT_TMT_H.xlsx,PT_IMPORT_2016-17,19,2026-08-21T15:32:19.057847+00:00,1.0
2016-08-01,2016,2016-17,August,Fuel Oil,IMPORT,26.589,Thousand Metric Tonnes (TMT),PPAC,1751964547_PT_IMPORT_TMT_H.xlsx,PT_IMPORT_2016-17,19,2026-08-21T15:32:19.057847+00:00,1.0
2016-09-01,2016,2016-17,September,Fuel Oil,IMPORT,135.24782,Thousand Metric Tonnes (TMT),PPAC,1751964547_PT_IMPORT_TMT_H.xlsx,PT_IMPORT_2016-17,19,2026-08-21T15:32:19.057847+00:00,1.0
2016-10-01,2016,2016-17,October,Fuel Oil,IMPORT,78.873,Thousand Metric Tonnes (TMT),PPAC,1751964547_PT_IMPORT_TMT_H.xlsx,PT_IMPORT_2016-17,19,2026-08-21T15:32:19.057847+00:00,1.0
2016-11-01,2016,2016-17,November,Fuel Oil,IMPORT,70.242564,Thousand Metric Tonnes (TMT),PPAC,1751964547_PT_IMPORT_TMT_H.xlsx,PT_IMPORT_2016-17,19,2026-08-21T15:32:19.057847+00:00,1.0
2016-12-01,2016,2016-17,December,Fuel Oil,IMPORT,83.631,Thousand Metric Tonnes (TMT),PPAC,1751964547_PT_IMPORT_TMT_H.xlsx,PT_IMPORT_2016-17,19,2026-08-21T15:32:19.057847+00:00,1.0
2017-01-01,2017,2016-17,January,Fuel Oil,IMPORT,43.482487,Thousand Metric Tonnes (TMT),PPAC,1751964547_PT_IMPORT_TMT_H.xlsx,PT_IMPORT_2016-17,19,2026-08-21T15:32:19.057847+00:00,1.0
2017-02-01,2017,2016-17,February,Fuel Oil,IMPORT,57.65,Thousand Metric Tonnes (TMT),PPAC,1751964547_PT_IMPORT_TMT_H.xlsx,PT_IMPORT_2016-17,19,2026-08-21T15:32:19.057847+00:00,1.0
2017-03-01,2017,2016-17,March,Fuel Oil,IMPORT,84.659019,Thousand Metric Tonnes (TMT),PPAC,1751964547_PT_IMPORT_TMT_H.xlsx,PT_IMPORT_2016-17,19,2026-08-21T15:32:19.057847+00:00,1.0
2016-04-01,2016,2016-17,April,Bitumen,IMPORT,119.78848699999996,Thousand Metric Tonnes (TMT),PPAC,1751964547_PT_IMPORT_TMT_H.xlsx,PT_IMPORT_2016-17,20,2026-08-21T15:32:19.057847+00:00,1.0
2016-05-01,2016,2016-17,May,Bitumen,IMPORT,144.780297,Thousand Metric Tonnes (TMT),PPAC,1751964547_PT_IMPORT_TMT_H.xlsx,PT_IMPORT_2016-17,20,2026-08-21T15:32:19.057847+00:00,1.0
2016-06-01,2016,2016-17,June,Bitumen,IMPORT,78.689756,Thousand Metric Tonnes (TMT),PPAC,1751964547_PT_IMPORT_TMT_H.xlsx,PT_IMPORT_2016-17,20,2026-08-21T15:32:19.057847+00:00,1.0
2016-07-01,2016,2016-17,July,Bitumen,IMPORT,23.642951,Thousand Metric Tonnes (TMT),PPAC,1751964547_PT_IMPORT_TMT_H.xlsx,PT_IMPORT_2016-17,20,2026-08-21T15:32:19.057847+00:00,1.0
2016-08-01,2016,2016-17,August,Bitumen,IMPORT,26.167302,Thousand Metric Tonnes (TMT),PPAC,1751964547_PT_IMPORT_TMT_H.xlsx,PT_IMPORT_2016-17,20,2026-08-21T15:32:19.057847+00:00,1.0
2016-09-01,2016,2016-17,September,Bitumen,IMPORT,25.276310000000002,Thousand Metric Tonnes (TMT),PPAC,1751964547_PT_IMPORT_TMT_H.xlsx,PT_IMPORT_2016-17,20,2026-08-21T15:32:19.057847+00:00,1.0
2016-10-01,2016,2016-17,October,Bitumen,IMPORT,86.943002,Thousand Metric Tonnes (TMT),PPAC,1751964547_PT_IMPORT_TMT_H.xlsx,PT_IMPORT_2016-17,20,2026-08-21T15:32:19.057847+00:00,1.0
2016-11-01,2016,2016-17,November,Bitumen,IMPORT,69.69689199999999,Thousand Metric Tonnes (TMT),PPAC,1751964547_PT_IMPORT_TMT_H.xlsx,PT_IMPORT_2016-17,20,2026-08-21T15:32:19.057847+00:00,1.0
2016-12-01,2016,2016-17,December,Bitumen,IMPORT,89.25619199999998,Thousand Metric Tonnes (TMT),PPAC,1751964547_PT_IMPORT_TMT_H.xlsx,PT_IMPORT_2016-17,20,2026-08-21T15:32:19.057847+00:00,1.0
2017-01-01,2017,2016-17,January,Bitumen,IMPORT,86.46161799999999,Thousand Metric Tonnes (TMT),PPAC,1751964547_PT_IMPORT_TMT_H.xlsx,PT_IMPORT_2016-17,20,2026-08-21T15:32:19.057847+00:00,1.0
2017-02-01,2017,2016-17,February,Bitumen,IMPORT,96.914868,Thousand Metric Tonnes (TMT),PPAC,1751964547_PT_IMPORT_TMT_H.xlsx,PT_IMPORT_2016-17,20,2026-08-21T15:32:19.057847+00:00,1.0
2017-03-01,2017,2016-17,March,Bitumen,IMPORT,103.136368,Thousand Metric Tonnes (TMT),PPAC,1751964547_PT_IMPORT_TMT_H.xlsx,PT_IMPORT_2016-17,20,2026-08-21T15:32:19.057847+00:00,1.0
2016-04-01,2016,2016-17,April,Others,IMPORT,1161.724353,Thousand Metric Tonnes (TMT),PPAC,1751964547_PT_IMPORT_TMT_H.xlsx,PT_IMPORT_2016-17,21,2026-08-21T15:32:19.057847+00:00,1.0
2016-05-01,2016,2016-17,May,Others,IMPORT,1269.6006049999999,Thousand Metric Tonnes (TMT),PPAC,1751964547_PT_IMPORT_TMT_H.xlsx,PT_IMPORT_2016-17,21,2026-08-21T15:32:19.057847+00:00,1.0
2016-06-01,2016,2016-17,June,Others,IMPORT,1755.561235,Thousand Metric Tonnes (TMT),PPAC,1751964547_PT_IMPORT_TMT_H.xlsx,PT_IMPORT_2016-17,21,2026-08-21T15:32:19.057847+00:00,1.0
2016-07-01,2016,2016-17,July,Others,IMPORT,1542.4869350000004,Thousand Metric Tonnes (TMT),PPAC,1751964547_PT_IMPORT_TMT_H.xlsx,PT_IMPORT_2016-17,21,2026-08-21T15:32:19.057847+00:00,1.0
2016-08-01,2016,2016-17,August,Others,IMPORT,2249.5754919999995,Thousand Metric Tonnes (TMT),PPAC,1751964547_PT_IMPORT_TMT_H.xlsx,PT_IMPORT_2016-17,21,2026-08-21T15:32:19.057847+00:00,1.0
2016-09-01,2016,2016-17,September,Others,IMPORT,1517.116264,Thousand Metric Tonnes (TMT),PPAC,1751964547_PT_IMPORT_TMT_H.xlsx,PT_IMPORT_2016-17,21,2026-08-21T15:32:19.057847+00:00,1.0
2016-10-01,2016,2016-17,October,Others,IMPORT,1411.624413,Thousand Metric Tonnes (TMT),PPAC,1751964547_PT_IMPORT_TMT_H.xlsx,PT_IMPORT_2016-17,21,2026-08-21T15:32:19.057847+00:00,1.0
2016-11-01,2016,2016-17,November,Others,IMPORT,1095.474477,Thousand Metric Tonnes (TMT),PPAC,1751964547_PT_IMPORT_TMT_H.xlsx,PT_IMPORT_2016-17,21,2026-08-21T15:32:19.057847+00:00,1.0
2016-12-01,2016,2016-17,December,Others,IMPORT,955.657735,Thousand Metric Tonnes (TMT),PPAC,1751964547_PT_IMPORT_TMT_H.xlsx,PT_IMPORT_2016-17,21,2026-08-21T15:32:19.057847+00:00,1.0
2017-01-01,2017,2016-17,January,Others,IMPORT,1193.352476,Thousand Metric Tonnes (TMT),PPAC,1751964547_PT_IMPORT_TMT_H.xlsx,PT_IMPORT_2016-17,21,2026-08-21T15:32:19.057847+00:00,1.0
2017-02-01,2017,2016-17,February,Others,IMPORT,1020.7915670000001,Thousand Metric Tonnes (TMT),PPAC,1751964547_PT_IMPORT_TMT_H.xlsx,PT_IMPORT_2016-17,21,2026-08-21T15:32:19.057847+00:00,1.0
2017-03-01,2017,2016-17,March,Others,IMPORT,1411.929021,Thousand Metric Tonnes (TMT),PPAC,1751964547_PT_IMPORT_TMT_H.xlsx,PT_IMPORT_2016-17,21,2026-08-21T15:32:19.057847+00:00,1.0
2016-04-01,2016,2016-17,April,LPG,EXPORT,27.16494,Thousand Metric Tonnes (TMT),PPAC,1751964547_PT_IMPORT_TMT_H.xlsx,PT_IMPORT_2016-17,25,2026-08-21T15:32:19.057847+00:00,1.0
2016-05-01,2016,2016-17,May,LPG,EXPORT,28.86211,Thousand Metric Tonnes (TMT),PPAC,1751964547_PT_IMPORT_TMT_H.xlsx,PT_IMPORT_2016-17,25,2026-08-21T15:32:19.057847+00:00,1.0
2016-06-01,2016,2016-17,June,LPG,EXPORT,29.948181,Thousand Metric Tonnes (TMT),PPAC,1751964547_PT_IMPORT_TMT_H.xlsx,PT_IMPORT_2016-17,25,2026-08-21T15:32:19.057847+00:00,1.0
2016-07-01,2016,2016-17,July,LPG,EXPORT,24.919305,Thousand Metric Tonnes (TMT),PPAC,1751964547_PT_IMPORT_TMT_H.xlsx,PT_IMPORT_2016-17,25,2026-08-21T15:32:19.057847+00:00,1.0
2016-08-01,2016,2016-17,August,LPG,EXPORT,21.82,Thousand Metric Tonnes (TMT),PPAC,1751964547_PT_IMPORT_TMT_H.xlsx,PT_IMPORT_2016-17,25,2026-08-21T15:32:19.057847+00:00,1.0
2016-09-01,2016,2016-17,September,LPG,EXPORT,21.259905,Thousand Metric Tonnes (TMT),PPAC,1751964547_PT_IMPORT_TMT_H.xlsx,PT_IMPORT_2016-17,25,2026-08-21T15:32:19.057847+00:00,1.0
2016-10-01,2016,2016-17,October,LPG,EXPORT,24.738967000000002,Thousand Metric Tonnes (TMT),PPAC,1751964547_PT_IMPORT_TMT_H.xlsx,PT_IMPORT_2016-17,25,2026-08-21T15:32:19.057847+00:00,1.0
2016-11-01,2016,2016-17,November,LPG,EXPORT,23.509287,Thousand Metric Tonnes (TMT),PPAC,1751964547_PT_IMPORT_TMT_H.xlsx,PT_IMPORT_2016-17,25,2026-08-21T15:32:19.057847+00:00,1.0
2016-12-01,2016,2016-17,December,LPG,EXPORT,30.051911,Thousand Metric Tonnes (TMT),PPAC,1751964547_PT_IMPORT_TMT_H.xlsx,PT_IMPORT_2016-17,25,2026-08-21T15:32:19.057847+00:00,1.0
2017-01-01,2017,2016-17,January,LPG,EXPORT,28.345509,Thousand Metric Tonnes (TMT),PPAC,1751964547_PT_IMPORT_TMT_H.xlsx,PT_IMPORT_2016-17,25,2026-08-21T15:32:19.057847+00:00,1.0
2017-02-01,2017,2016-17,February,LPG,EXPORT,26.464133,Thousand Metric Tonnes (TMT),PPAC,1751964547_PT_IMPORT_TMT_H.xlsx,PT_IMPORT_2016-17,25,2026-08-21T15:32:19.057847+00:00,1.0
2017-03-01,2017,2016-17,March,LPG,EXPORT,29.661678000000002,Thousand Metric Tonnes (TMT),PPAC,1751964547_PT_IMPORT_TMT_H.xlsx,PT_IMPORT_2016-17,25,2026-08-21T15:32:19.057847+00:00,1.0
2016-04-01,2016,2016-17,April,MS!,EXPORT,1368.2289589999998,Thousand Metric Tonnes (TMT),PPAC,1751964547_PT_IMPORT_TMT_H.xlsx,PT_IMPORT_2016-17,26,2026-08-21T15:32:19.057847+00:00,1.0
2016-05-01,2016,2016-17,May,MS!,EXPORT,1560.522501,Thousand Metric Tonnes (TMT),PPAC,1751964547_PT_IMPORT_TMT_H.xlsx,PT_IMPORT_2016-17,26,2026-08-21T15:32:19.057847+00:00,1.0
2016-06-01,2016,2016-17,June,MS!,EXPORT,1490.703961,Thousand Metric Tonnes (TMT),PPAC,1751964547_PT_IMPORT_TMT_H.xlsx,PT_IMPORT_2016-17,26,2026-08-21T15:32:19.057847+00:00,1.0
2016-07-01,2016,2016-17,July,MS!,EXPORT,1364.684033,Thousand Metric Tonnes (TMT),PPAC,1751964547_PT_IMPORT_TMT_H.xlsx,PT_IMPORT_2016-17,26,2026-08-21T15:32:19.057847+00:00,1.0
2016-08-01,2016,2016-17,August,MS!,EXPORT,1160.105146,Thousand Metric Tonnes (TMT),PPAC,1751964547_PT_IMPORT_TMT_H.xlsx,PT_IMPORT_2016-17,26,2026-08-21T15:32:19.057847+00:00,1.0
2016-09-01,2016,2016-17,September,MS!,EXPORT,1242.1681120000003,Thousand Metric Tonnes (TMT),PPAC,1751964547_PT_IMPORT_TMT_H.xlsx,PT_IMPORT_2016-17,26,2026-08-21T15:32:19.057847+00:00,1.0
2016-10-01,2016,2016-17,October,MS!,EXPORT,1258.013543,Thousand Metric Tonnes (TMT),PPAC,1751964547_PT_IMPORT_TMT_H.xlsx,PT_IMPORT_2016-17,26,2026-08-21T15:32:19.057847+00:00,1.0
2016-11-01,2016,2016-17,November,MS!,EXPORT,1102.3869929999998,Thousand Metric Tonnes (TMT),PPAC,1751964547_PT_IMPORT_TMT_H.xlsx,PT_IMPORT_2016-17,26,2026-08-21T15:32:19.057847+00:00,1.0
2016-12-01,2016,2016-17,December,MS!,EXPORT,1014.4446539999999,Thousand Metric Tonnes (TMT),PPAC,1751964547_PT_IMPORT_TMT_H.xlsx,PT_IMPORT_2016-17,26,2026-08-21T15:32:19.057847+00:00,1.0
2017-01-01,2017,2016-17,January,MS!,EXPORT,1035.1084309999999,Thousand Metric Tonnes (TMT),PPAC,1751964547_PT_IMPORT_TMT_H.xlsx,PT_IMPORT_2016-17,26,2026-08-21T15:32:19.057847+00:00,1.0
2017-02-01,2017,2016-17,February,MS!,EXPORT,1203.6049309999999,Thousand Metric Tonnes (TMT),PPAC,1751964547_PT_IMPORT_TMT_H.xlsx,PT_IMPORT_2016-17,26,2026-08-21T15:32:19.057847+00:00,1.0
2017-03-01,2017,2016-17,March,MS!,EXPORT,1616.536399,Thousand Metric Tonnes (TMT),PPAC,1751964547_PT_IMPORT_TMT_H.xlsx,PT_IMPORT_2016-17,26,2026-08-21T15:32:19.057847+00:00,1.0
2016-04-01,2016,2016-17,April,Naphtha$,EXPORT,494.028317,Thousand Metric Tonnes (TMT),PPAC,1751964547_PT_IMPORT_TMT_H.xlsx,PT_IMPORT_2016-17,27,2026-08-21T15:32:19.057847+00:00,1.0
2016-05-01,2016,2016-17,May,Naphtha$,EXPORT,592.673458,Thousand Metric Tonnes (TMT),PPAC,1751964547_PT_IMPORT_TMT_H.xlsx,PT_IMPORT_2016-17,27,2026-08-21T15:32:19.057847+00:00,1.0
2016-06-01,2016,2016-17,June,Naphtha$,EXPORT,602.218998,Thousand Metric Tonnes (TMT),PPAC,1751964547_PT_IMPORT_TMT_H.xlsx,PT_IMPORT_2016-17,27,2026-08-21T15:32:19.057847+00:00,1.0
2016-07-01,2016,2016-17,July,Naphtha$,EXPORT,667.012837,Thousand Metric Tonnes (TMT),PPAC,1751964547_PT_IMPORT_TMT_H.xlsx,PT_IMPORT_2016-17,27,2026-08-21T15:32:19.057847+00:00,1.0
2016-08-01,2016,2016-17,August,Naphtha$,EXPORT,924.6752409999999,Thousand Metric Tonnes (TMT),PPAC,1751964547_PT_IMPORT_TMT_H.xlsx,PT_IMPORT_2016-17,27,2026-08-21T15:32:19.057847+00:00,1.0
2016-09-01,2016,2016-17,September,Naphtha$,EXPORT,926.0539460000001,Thousand Metric Tonnes (TMT),PPAC,1751964547_PT_IMPORT_TMT_H.xlsx,PT_IMPORT_2016-17,27,2026-08-21T15:32:19.057847+00:00,1.0
2016-10-01,2016,2016-17,October,Naphtha$,EXPORT,745.298889,Thousand Metric Tonnes (TMT),PPAC,1751964547_PT_IMPORT_TMT_H.xlsx,PT_IMPORT_2016-17,27,2026-08-21T15:32:19.057847+00:00,1.0
2016-11-01,2016,2016-17,November,Naphtha$,EXPORT,689.9866490000002,Thousand Metric Tonnes (TMT),PPAC,1751964547_PT_IMPORT_TMT_H.xlsx,PT_IMPORT_2016-17,27,2026-08-21T15:32:19.057847+00:00,1.0
2016-12-01,2016,2016-17,December,Naphtha$,EXPORT,833.785405,Thousand Metric Tonnes (TMT),PPAC,1751964547_PT_IMPORT_TMT_H.xlsx,PT_IMPORT_2016-17,27,2026-08-21T15:32:19.057847+00:00,1.0
2017-01-01,2017,2016-17,January,Naphtha$,EXPORT,802.2216680000001,Thousand Metric Tonnes (TMT),PPAC,1751964547_PT_IMPORT_TMT_H.xlsx,PT_IMPORT_2016-17,27,2026-08-21T15:32:19.057847+00:00,1.0
2017-02-01,2017,2016-17,February,Naphtha$,EXPORT,530.2796969999999,Thousand Metric Tonnes (TMT),PPAC,1751964547_PT_IMPORT_TMT_H.xlsx,PT_IMPORT_2016-17,27,2026-08-21T15:32:19.057847+00:00,1.0
2017-03-01,2017,2016-17,March,Naphtha$,EXPORT,918.460522,Thousand Metric Tonnes (TMT),PPAC,1751964547_PT_IMPORT_TMT_H.xlsx,PT_IMPORT_2016-17,27,2026-08-21T15:32:19.057847+00:00,1.0
2016-04-01,2016,2016-17,April,ATF#,EXPORT,674.191098,Thousand Metric Tonnes (TMT),PPAC,1751964547_PT_IMPORT_TMT_H.xlsx,PT_IMPORT_2016-17,28,2026-08-21T15:32:19.057847+00:00,1.0
2016-05-01,2016,2016-17,May,ATF#,EXPORT,598.405773,Thousand Metric Tonnes (TMT),PPAC,1751964547_PT_IMPORT_TMT_H.xlsx,PT_IMPORT_2016-17,28,2026-08-21T15:32:19.057847+00:00,1.0
2016-06-01,2016,2016-17,June,ATF#,EXPORT,642.741288,Thousand Metric Tonnes (TMT),PPAC,1751964547_PT_IMPORT_TMT_H.xlsx,PT_IMPORT_2016-17,28,2026-08-21T15:32:19.057847+00:00,1.0
2016-07-01,2016,2016-17,July,ATF#,EXPORT,496.326588,Thousand Metric Tonnes (TMT),PPAC,1751964547_PT_IMPORT_TMT_H.xlsx,PT_IMPORT_2016-17,28,2026-08-21T15:32:19.057847+00:00,1.0
2016-08-01,2016,2016-17,August,ATF#,EXPORT,667.850506,Thousand Metric Tonnes (TMT),PPAC,1751964547_PT_IMPORT_TMT_H.xlsx,PT_IMPORT_2016-17,28,2026-08-21T15:32:19.057847+00:00,1.0
2016-09-01,2016,2016-17,September,ATF#,EXPORT,534.693395,Thousand Metric Tonnes (TMT),PPAC,1751964547_PT_IMPORT_TMT_H.xlsx,PT_IMPORT_2016-17,28,2026-08-21T15:32:19.057847+00:00,1.0
2016-10-01,2016,2016-17,October,ATF#,EXPORT,621.623867,Thousand Metric Tonnes (TMT),PPAC,1751964547_PT_IMPORT_TMT_H.xlsx,PT_IMPORT_2016-17,28,2026-08-21T15:32:19.057847+00:00,1.0
2016-11-01,2016,2016-17,November,ATF#,EXPORT,561.950724,Thousand Metric Tonnes (TMT),PPAC,1751964547_PT_IMPORT_TMT_H.xlsx,PT_IMPORT_2016-17,28,2026-08-21T15:32:19.057847+00:00,1.0
2016-12-01,2016,2016-17,December,ATF#,EXPORT,701.80774,Thousand Metric Tonnes (TMT),PPAC,1751964547_PT_IMPORT_TMT_H.xlsx,PT_IMPORT_2016-17,28,2026-08-21T15:32:19.057847+00:00,1.0
2017-01-01,2017,2016-17,January,ATF#,EXPORT,537.059353,Thousand Metric Tonnes (TMT),PPAC,1751964547_PT_IMPORT_TMT_H.xlsx,PT_IMPORT_2016-17,28,2026-08-21T15:32:19.057847+00:00,1.0
2017-02-01,2017,2016-17,February,ATF#,EXPORT,492.13372499999997,Thousand Metric Tonnes (TMT),PPAC,1751964547_PT_IMPORT_TMT_H.xlsx,PT_IMPORT_2016-17,28,2026-08-21T15:32:19.057847+00:00,1.0
2017-03-01,2017,2016-17,March,ATF#,EXPORT,741.814999,Thousand Metric Tonnes (TMT),PPAC,1751964547_PT_IMPORT_TMT_H.xlsx,PT_IMPORT_2016-17,28,2026-08-21T15:32:19.057847+00:00,1.0
2016-04-01,2016,2016-17,April,SKO,EXPORT,1.699679,Thousand Metric Tonnes (TMT),PPAC,1751964547_PT_IMPORT_TMT_H.xlsx,PT_IMPORT_2016-17,29,2026-08-21T15:32:19.057847+00:00,1.0
2016-05-01,2016,2016-17,May,SKO,EXPORT,1.339554,Thousand Metric Tonnes (TMT),PPAC,1751964547_PT_IMPORT_TMT_H.xlsx,PT_IMPORT_2016-17,29,2026-08-21T15:32:19.057847+00:00,1.0
2016-06-01,2016,2016-17,June,SKO,EXPORT,1.236984,Thousand Metric Tonnes (TMT),PPAC,1751964547_PT_IMPORT_TMT_H.xlsx,PT_IMPORT_2016-17,29,2026-08-21T15:32:19.057847+00:00,1.0
2016-07-01,2016,2016-17,July,SKO,EXPORT,1.149299,Thousand Metric Tonnes (TMT),PPAC,1751964547_PT_IMPORT_TMT_H.xlsx,PT_IMPORT_2016-17,29,2026-08-21T15:32:19.057847+00:00,1.0
2016-08-01,2016,2016-17,August,SKO,EXPORT,1.036561,Thousand Metric Tonnes (TMT),PPAC,1751964547_PT_IMPORT_TMT_H.xlsx,PT_IMPORT_2016-17,29,2026-08-21T15:32:19.057847+00:00,1.0
2016-09-01,2016,2016-17,September,SKO,EXPORT,1.379472,Thousand Metric Tonnes (TMT),PPAC,1751964547_PT_IMPORT_TMT_H.xlsx,PT_IMPORT_2016-17,29,2026-08-21T15:32:19.057847+00:00,1.0
2016-10-01,2016,2016-17,October,SKO,EXPORT,1.310577,Thousand Metric Tonnes (TMT),PPAC,1751964547_PT_IMPORT_TMT_H.xlsx,PT_IMPORT_2016-17,29,2026-08-21T15:32:19.057847+00:00,1.0
2016-11-01,2016,2016-17,November,SKO,EXPORT,1.023252,Thousand Metric Tonnes (TMT),PPAC,1751964547_PT_IMPORT_TMT_H.xlsx,PT_IMPORT_2016-17,29,2026-08-21T15:32:19.057847+00:00,1.0
2016-12-01,2016,2016-17,December,SKO,EXPORT,1.37086,Thousand Metric Tonnes (TMT),PPAC,1751964547_PT_IMPORT_TMT_H.xlsx,PT_IMPORT_2016-17,29,2026-08-21T15:32:19.057847+00:00,1.0
2017-01-01,2017,2016-17,January,SKO,EXPORT,1.336413,Thousand Metric Tonnes (TMT),PPAC,1751964547_PT_IMPORT_TMT_H.xlsx,PT_IMPORT_2016-17,29,2026-08-21T15:32:19.057847+00:00,1.0
2017-02-01,2017,2016-17,February,SKO,EXPORT,1.118766,Thousand Metric Tonnes (TMT),PPAC,1751964547_PT_IMPORT_TMT_H.xlsx,PT_IMPORT_2016-17,29,2026-08-21T15:32:19.057847+00:00,1.0
2017-03-01,2017,2016-17,March,SKO,EXPORT,1.387301,Thousand Metric Tonnes (TMT),PPAC,1751964547_PT_IMPORT_TMT_H.xlsx,PT_IMPORT_2016-17,29,2026-08-21T15:32:19.057847+00:00,1.0
2016-04-01,2016,2016-17,April,HSD,EXPORT,2061.2361060000003,Thousand Metric Tonnes (TMT),PPAC,1751964547_PT_IMPORT_TMT_H.xlsx,PT_IMPORT_2016-17,30,2026-08-21T15:32:19.057847+00:00,1.0
2016-05-01,2016,2016-17,May,HSD,EXPORT,1436.927424,Thousand Metric Tonnes (TMT),PPAC,1751964547_PT_IMPORT_TMT_H.xlsx,PT_IMPORT_2016-17,30,2026-08-21T15:32:19.057847+00:00,1.0
2016-06-01,2016,2016-17,June,HSD,EXPORT,2248.1304139999997,Thousand Metric Tonnes (TMT),PPAC,1751964547_PT_IMPORT_TMT_H.xlsx,PT_IMPORT_2016-17,30,2026-08-21T15:32:19.057847+00:00,1.0
2016-07-01,2016,2016-17,July,HSD,EXPORT,2368.076844,Thousand Metric Tonnes (TMT),PPAC,1751964547_PT_IMPORT_TMT_H.xlsx,PT_IMPORT_2016-17,30,2026-08-21T15:32:19.057847+00:00,1.0
2016-08-01,2016,2016-17,August,HSD,EXPORT,2847.6307979999997,Thousand Metric Tonnes (TMT),PPAC,1751964547_PT_IMPORT_TMT_H.xlsx,PT_IMPORT_2016-17,30,2026-08-21T15:32:19.057847+00:00,1.0
2016-09-01,2016,2016-17,September,HSD,EXPORT,2808.734815,Thousand Metric Tonnes (TMT),PPAC,1751964547_PT_IMPORT_TMT_H.xlsx,PT_IMPORT_2016-17,30,2026-08-21T15:32:19.057847+00:00,1.0
2016-10-01,2016,2016-17,October,HSD,EXPORT,2708.152157,Thousand Metric Tonnes (TMT),PPAC,1751964547_PT_IMPORT_TMT_H.xlsx,PT_IMPORT_2016-17,30,2026-08-21T15:32:19.057847+00:00,1.0
2016-11-01,2016,2016-17,November,HSD,EXPORT,2416.8198469999998,Thousand Metric Tonnes (TMT),PPAC,1751964547_PT_IMPORT_TMT_H.xlsx,PT_IMPORT_2016-17,30,2026-08-21T15:32:19.057847+00:00,1.0
2016-12-01,2016,2016-17,December,HSD,EXPORT,2199.5336370000005,Thousand Metric Tonnes (TMT),PPAC,1751964547_PT_IMPORT_TMT_H.xlsx,PT_IMPORT_2016-17,30,2026-08-21T15:32:19.057847+00:00,1.0
2017-01-01,2017,2016-17,January,HSD,EXPORT,1824.4708459729998,Thousand Metric Tonnes (TMT),PPAC,1751964547_PT_IMPORT_TMT_H.xlsx,PT_IMPORT_2016-17,30,2026-08-21T15:32:19.057847+00:00,1.0
2017-02-01,2017,2016-17,February,HSD,EXPORT,1750.934787999999,Thousand Metric Tonnes (TMT),PPAC,1751964547_PT_IMPORT_TMT_H.xlsx,PT_IMPORT_2016-17,30,2026-08-21T15:32:19.057847+00:00,1.0
2017-03-01,2017,2016-17,March,HSD,EXPORT,2631.473035000001,Thousand Metric Tonnes (TMT),PPAC,1751964547_PT_IMPORT_TMT_H.xlsx,PT_IMPORT_2016-17,30,2026-08-21T15:32:19.057847+00:00,1.0
2016-04-01,2016,2016-17,April,LDO,EXPORT,0.0,Thousand Metric Tonnes (TMT),PPAC,1751964547_PT_IMPORT_TMT_H.xlsx,PT_IMPORT_2016-17,31,2026-08-21T15:32:19.057847+00:00,1.0
2016-05-01,2016,2016-17,May,LDO,EXPORT,0.0,Thousand Metric Tonnes (TMT),PPAC,1751964547_PT_IMPORT_TMT_H.xlsx,PT_IMPORT_2016-17,31,2026-08-21T15:32:19.057847+00:00,1.0
2016-06-01,2016,2016-17,June,LDO,EXPORT,0.0,Thousand Metric Tonnes (TMT),PPAC,1751964547_PT_IMPORT_TMT_H.xlsx,PT_IMPORT_2016-17,31,2026-08-21T15:32:19.057847+00:00,1.0
2016-07-01,2016,2016-17,July,LDO,EXPORT,0.019,Thousand Metric Tonnes (TMT),PPAC,1751964547_PT_IMPORT_TMT_H.xlsx,PT_IMPORT_2016-17,31,2026-08-21T15:32:19.057847+00:00,1.0
2016-08-01,2016,2016-17,August,LDO,EXPORT,0.0,Thousand Metric Tonnes (TMT),PPAC,1751964547_PT_IMPORT_TMT_H.xlsx,PT_IMPORT_2016-17,31,2026-08-21T15:32:19.057847+00:00,1.0
2016-09-01,2016,2016-17,September,LDO,EXPORT,0.0,Thousand Metric Tonnes (TMT),PPAC,1751964547_PT_IMPORT_TMT_H.xlsx,PT_IMPORT_2016-17,31,2026-08-21T15:32:19.057847+00:00,1.0
2016-10-01,2016,2016-17,October,LDO,EXPORT,0.0,Thousand Metric Tonnes (TMT),PPAC,1751964547_PT_IMPORT_TMT_H.xlsx,PT_IMPORT_2016-17,31,2026-08-21T15:32:19.057847+00:00,1.0
2016-11-01,2016,2016-17,November,LDO,EXPORT,19.97,Thousand Metric Tonnes (TMT),PPAC,1751964547_PT_IMPORT_TMT_H.xlsx,PT_IMPORT_2016-17,31,2026-08-21T15:32:19.057847+00:00,1.0
2016-12-01,2016,2016-17,December,LDO,EXPORT,0.0,Thousand Metric Tonnes (TMT),PPAC,1751964547_PT_IMPORT_TMT_H.xlsx,PT_IMPORT_2016-17,31,2026-08-21T15:32:19.057847+00:00,1.0
2017-01-01,2017,2016-17,January,LDO,EXPORT,39.519999999999996,Thousand Metric Tonnes (TMT),PPAC,1751964547_PT_IMPORT_TMT_H.xlsx,PT_IMPORT_2016-17,31,2026-08-21T15:32:19.057847+00:00,1.0
2017-02-01,2017,2016-17,February,LDO,EXPORT,46.175923999999995,Thousand Metric Tonnes (TMT),PPAC,1751964547_PT_IMPORT_TMT_H.xlsx,PT_IMPORT_2016-17,31,2026-08-21T15:32:19.057847+00:00,1.0
2017-03-01,2017,2016-17,March,LDO,EXPORT,44.900000000000006,Thousand Metric Tonnes (TMT),PPAC,1751964547_PT_IMPORT_TMT_H.xlsx,PT_IMPORT_2016-17,31,2026-08-21T15:32:19.057847+00:00,1.0
2016-04-01,2016,2016-17,April,LOBS/ Lube Oil,EXPORT,0.5608259999999999,Thousand Metric Tonnes (TMT),PPAC,1751964547_PT_IMPORT_TMT_H.xlsx,PT_IMPORT_2016-17,32,2026-08-21T15:32:19.057847+00:00,1.0
2016-05-01,2016,2016-17,May,LOBS/ Lube Oil,EXPORT,2.620889,Thousand Metric Tonnes (TMT),PPAC,1751964547_PT_IMPORT_TMT_H.xlsx,PT_IMPORT_2016-17,32,2026-08-21T15:32:19.057847+00:00,1.0
2016-06-01,2016,2016-17,June,LOBS/ Lube Oil,EXPORT,3.517022,Thousand Metric Tonnes (TMT),PPAC,1751964547_PT_IMPORT_TMT_H.xlsx,PT_IMPORT_2016-17,32,2026-08-21T15:32:19.057847+00:00,1.0
2016-07-01,2016,2016-17,July,LOBS/ Lube Oil,EXPORT,0.5314,Thousand Metric Tonnes (TMT),PPAC,1751964547_PT_IMPORT_TMT_H.xlsx,PT_IMPORT_2016-17,32,2026-08-21T15:32:19.057847+00:00,1.0
2016-08-01,2016,2016-17,August,LOBS/ Lube Oil,EXPORT,0.70981,Thousand Metric Tonnes (TMT),PPAC,1751964547_PT_IMPORT_TMT_H.xlsx,PT_IMPORT_2016-17,32,2026-08-21T15:32:19.057847+00:00,1.0
2016-09-01,2016,2016-17,September,LOBS/ Lube Oil,EXPORT,0.77443,Thousand Metric Tonnes (TMT),PPAC,1751964547_PT_IMPORT_TMT_H.xlsx,PT_IMPORT_2016-17,32,2026-08-21T15:32:19.057847+00:00,1.0
2016-10-01,2016,2016-17,October,LOBS/ Lube Oil,EXPORT,0.5100600000000001,Thousand Metric Tonnes (TMT),PPAC,1751964547_PT_IMPORT_TMT_H.xlsx,PT_IMPORT_2016-17,32,2026-08-21T15:32:19.057847+00:00,1.0
2016-11-01,2016,2016-17,November,LOBS/ Lube Oil,EXPORT,0.55401,Thousand Metric Tonnes (TMT),PPAC,1751964547_PT_IMPORT_TMT_H.xlsx,PT_IMPORT_2016-17,32,2026-08-21T15:32:19.057847+00:00,1.0
2016-12-01,2016,2016-17,December,LOBS/ Lube Oil,EXPORT,0.65191,Thousand Metric Tonnes (TMT),PPAC,1751964547_PT_IMPORT_TMT_H.xlsx,PT_IMPORT_2016-17,32,2026-08-21T15:32:19.057847+00:00,1.0
2017-01-01,2017,2016-17,January,LOBS/ Lube Oil,EXPORT,0.48418,Thousand Metric Tonnes (TMT),PPAC,1751964547_PT_IMPORT_TMT_H.xlsx,PT_IMPORT_2016-17,32,2026-08-21T15:32:19.057847+00:00,1.0
2017-02-01,2017,2016-17,February,LOBS/ Lube Oil,EXPORT,0.66154,Thousand Metric Tonnes (TMT),PPAC,1751964547_PT_IMPORT_TMT_H.xlsx,PT_IMPORT_2016-17,32,2026-08-21T15:32:19.057847+00:00,1.0
2017-03-01,2017,2016-17,March,LOBS/ Lube Oil,EXPORT,1.13308,Thousand Metric Tonnes (TMT),PPAC,1751964547_PT_IMPORT_TMT_H.xlsx,PT_IMPORT_2016-17,32,2026-08-21T15:32:19.057847+00:00,1.0
2016-04-01,2016,2016-17,April,Fuel Oil,EXPORT,88.19999999999999,Thousand Metric Tonnes (TMT),PPAC,1751964547_PT_IMPORT_TMT_H.xlsx,PT_IMPORT_2016-17,33,2026-08-21T15:32:19.057847+00:00,1.0
2016-05-01,2016,2016-17,May,Fuel Oil,EXPORT,118.213,Thousand Metric Tonnes (TMT),PPAC,1751964547_PT_IMPORT_TMT_H.xlsx,PT_IMPORT_2016-17,33,2026-08-21T15:32:19.057847+00:00,1.0
2016-06-01,2016,2016-17,June,Fuel Oil,EXPORT,181.65374199999997,Thousand Metric Tonnes (TMT),PPAC,1751964547_PT_IMPORT_TMT_H.xlsx,PT_IMPORT_2016-17,33,2026-08-21T15:32:19.057847+00:00,1.0
2016-07-01,2016,2016-17,July,Fuel Oil,EXPORT,197.31599,Thousand Metric Tonnes (TMT),PPAC,1751964547_PT_IMPORT_TMT_H.xlsx,PT_IMPORT_2016-17,33,2026-08-21T15:32:19.057847+00:00,1.0
2016-08-01,2016,2016-17,August,Fuel Oil,EXPORT,308.719736,Thousand Metric Tonnes (TMT),PPAC,1751964547_PT_IMPORT_TMT_H.xlsx,PT_IMPORT_2016-17,33,2026-08-21T15:32:19.057847+00:00,1.0
2016-09-01,2016,2016-17,September,Fuel Oil,EXPORT,227.099427,Thousand Metric Tonnes (TMT),PPAC,1751964547_PT_IMPORT_TMT_H.xlsx,PT_IMPORT_2016-17,33,2026-08-21T15:32:19.057847+00:00,1.0
2016-10-01,2016,2016-17,October,Fuel Oil,EXPORT,331.56129899999996,Thousand Metric Tonnes (TMT),PPAC,1751964547_PT_IMPORT_TMT_H.xlsx,PT_IMPORT_2016-17,33,2026-08-21T15:32:19.057847+00:00,1.0
2016-11-01,2016,2016-17,November,Fuel Oil,EXPORT,327.001705,Thousand Metric Tonnes (TMT),PPAC,1751964547_PT_IMPORT_TMT_H.xlsx,PT_IMPORT_2016-17,33,2026-08-21T15:32:19.057847+00:00,1.0
2016-12-01,2016,2016-17,December,Fuel Oil,EXPORT,130.015731,Thousand Metric Tonnes (TMT),PPAC,1751964547_PT_IMPORT_TMT_H.xlsx,PT_IMPORT_2016-17,33,2026-08-21T15:32:19.057847+00:00,1.0
2017-01-01,2017,2016-17,January,Fuel Oil,EXPORT,94.244294,Thousand Metric Tonnes (TMT),PPAC,1751964547_PT_IMPORT_TMT_H.xlsx,PT_IMPORT_2016-17,33,2026-08-21T15:32:19.057847+00:00,1.0
2017-02-01,2017,2016-17,February,Fuel Oil,EXPORT,50.874506999999994,Thousand Metric Tonnes (TMT),PPAC,1751964547_PT_IMPORT_TMT_H.xlsx,PT_IMPORT_2016-17,33,2026-08-21T15:32:19.057847+00:00,1.0
2017-03-01,2017,2016-17,March,Fuel Oil,EXPORT,192.600948,Thousand Metric Tonnes (TMT),PPAC,1751964547_PT_IMPORT_TMT_H.xlsx,PT_IMPORT_2016-17,33,2026-08-21T15:32:19.057847+00:00,1.0
2016-04-01,2016,2016-17,April,Bitumen,EXPORT,8.569646,Thousand Metric Tonnes (TMT),PPAC,1751964547_PT_IMPORT_TMT_H.xlsx,PT_IMPORT_2016-17,34,2026-08-21T15:32:19.057847+00:00,1.0
2016-05-01,2016,2016-17,May,Bitumen,EXPORT,0.0,Thousand Metric Tonnes (TMT),PPAC,1751964547_PT_IMPORT_TMT_H.xlsx,PT_IMPORT_2016-17,34,2026-08-21T15:32:19.057847+00:00,1.0
2016-06-01,2016,2016-17,June,Bitumen,EXPORT,5.659844,Thousand Metric Tonnes (TMT),PPAC,1751964547_PT_IMPORT_TMT_H.xlsx,PT_IMPORT_2016-17,34,2026-08-21T15:32:19.057847+00:00,1.0
2016-07-01,2016,2016-17,July,Bitumen,EXPORT,3.540842,Thousand Metric Tonnes (TMT),PPAC,1751964547_PT_IMPORT_TMT_H.xlsx,PT_IMPORT_2016-17,34,2026-08-21T15:32:19.057847+00:00,1.0
2016-08-01,2016,2016-17,August,Bitumen,EXPORT,6.098601,Thousand Metric Tonnes (TMT),PPAC,1751964547_PT_IMPORT_TMT_H.xlsx,PT_IMPORT_2016-17,34,2026-08-21T15:32:19.057847+00:00,1.0
2016-09-01,2016,2016-17,September,Bitumen,EXPORT,3.959573,Thousand Metric Tonnes (TMT),PPAC,1751964547_PT_IMPORT_TMT_H.xlsx,PT_IMPORT_2016-17,34,2026-08-21T15:32:19.057847+00:00,1.0
2016-10-01,2016,2016-17,October,Bitumen,EXPORT,5.90082,Thousand Metric Tonnes (TMT),PPAC,1751964547_PT_IMPORT_TMT_H.xlsx,PT_IMPORT_2016-17,34,2026-08-21T15:32:19.057847+00:00,1.0
2016-11-01,2016,2016-17,November,Bitumen,EXPORT,0.0,Thousand Metric Tonnes (TMT),PPAC,1751964547_PT_IMPORT_TMT_H.xlsx,PT_IMPORT_2016-17,34,2026-08-21T15:32:19.057847+00:00,1.0
2016-12-01,2016,2016-17,December,Bitumen,EXPORT,0.0,Thousand Metric Tonnes (TMT),PPAC,1751964547_PT_IMPORT_TMT_H.xlsx,PT_IMPORT_2016-17,34,2026-08-21T15:32:19.057847+00:00,1.0
2017-01-01,2017,2016-17,January,Bitumen,EXPORT,2.039,Thousand Metric Tonnes (TMT),PPAC,1751964547_PT_IMPORT_TMT_H.xlsx,PT_IMPORT_2016-17,34,2026-08-21T15:32:19.057847+00:00,1.0
2017-02-01,2017,2016-17,February,Bitumen,EXPORT,0.455,Thousand Metric Tonnes (TMT),PPAC,1751964547_PT_IMPORT_TMT_H.xlsx,PT_IMPORT_2016-17,34,2026-08-21T15:32:19.057847+00:00,1.0
2017-03-01,2017,2016-17,March,Bitumen,EXPORT,1.584,Thousand Metric Tonnes (TMT),PPAC,1751964547_PT_IMPORT_TMT_H.xlsx,PT_IMPORT_2016-17,34,2026-08-21T15:32:19.057847+00:00,1.0
2016-04-01,2016,2016-17,April,Others%,EXPORT,157.82901700000002,Thousand Metric Tonnes (TMT),PPAC,1751964547_PT_IMPORT_TMT_H.xlsx,PT_IMPORT_2016-17,35,2026-08-21T15:32:19.057847+00:00,1.0
2016-05-01,2016,2016-17,May,Others%,EXPORT,256.00817,Thousand Metric Tonnes (TMT),PPAC,1751964547_PT_IMPORT_TMT_H.xlsx,PT_IMPORT_2016-17,35,2026-08-21T15:32:19.057847+00:00,1.0
2016-06-01,2016,2016-17,June,Others%,EXPORT,166.206521,Thousand Metric Tonnes (TMT),PPAC,1751964547_PT_IMPORT_TMT_H.xlsx,PT_IMPORT_2016-17,35,2026-08-21T15:32:19.057847+00:00,1.0
2016-07-01,2016,2016-17,July,Others%,EXPORT,241.671964,Thousand Metric Tonnes (TMT),PPAC,1751964547_PT_IMPORT_TMT_H.xlsx,PT_IMPORT_2016-17,35,2026-08-21T15:32:19.057847+00:00,1.0
2016-08-01,2016,2016-17,August,Others%,EXPORT,172.43068200000005,Thousand Metric Tonnes (TMT),PPAC,1751964547_PT_IMPORT_TMT_H.xlsx,PT_IMPORT_2016-17,35,2026-08-21T15:32:19.057847+00:00,1.0
2016-09-01,2016,2016-17,September,Others%,EXPORT,275.848436818,Thousand Metric Tonnes (TMT),PPAC,1751964547_PT_IMPORT_TMT_H.xlsx,PT_IMPORT_2016-17,35,2026-08-21T15:32:19.057847+00:00,1.0
2016-10-01,2016,2016-17,October,Others%,EXPORT,458.445414,Thousand Metric Tonnes (TMT),PPAC,1751964547_PT_IMPORT_TMT_H.xlsx,PT_IMPORT_2016-17,35,2026-08-21T15:32:19.057847+00:00,1.0
2016-11-01,2016,2016-17,November,Others%,EXPORT,190.72112486499998,Thousand Metric Tonnes (TMT),PPAC,1751964547_PT_IMPORT_TMT_H.xlsx,PT_IMPORT_2016-17,35,2026-08-21T15:32:19.057847+00:00,1.0
2016-12-01,2016,2016-17,December,Others%,EXPORT,413.10777173400004,Thousand Metric Tonnes (TMT),PPAC,1751964547_PT_IMPORT_TMT_H.xlsx,PT_IMPORT_2016-17,35,2026-08-21T15:32:19.057847+00:00,1.0
2017-01-01,2017,2016-17,January,Others%,EXPORT,828.6883927639999,Thousand Metric Tonnes (TMT),PPAC,1751964547_PT_IMPORT_TMT_H.xlsx,PT_IMPORT_2016-17,35,2026-08-21T15:32:19.057847+00:00,1.0
2017-02-01,2017,2016-17,February,Others%,EXPORT,453.0884632479999,Thousand Metric Tonnes (TMT),PPAC,1751964547_PT_IMPORT_TMT_H.xlsx,PT_IMPORT_2016-17,35,2026-08-21T15:32:19.057847+00:00,1.0
2017-03-01,2017,2016-17,March,Others%,EXPORT,402.764046279,Thousand Metric Tonnes (TMT),PPAC,1751964547_PT_IMPORT_TMT_H.xlsx,PT_IMPORT_2016-17,35,2026-08-21T15:32:19.057847+00:00,1.0
2015-04-01,2015,2015-16,April,CRUDE OIL,IMPORT,15534.899996233711,Thousand Metric Tonnes (TMT),PPAC,1751964547_PT_IMPORT_TMT_H.xlsx,PT_IMPORT_H_2015-16,10,2026-08-21T15:32:19.094415+00:00,1.0
2015-05-01,2015,2015-16,May,CRUDE OIL,IMPORT,17454.446849777996,Thousand Metric Tonnes (TMT),PPAC,1751964547_PT_IMPORT_TMT_H.xlsx,PT_IMPORT_H_2015-16,10,2026-08-21T15:32:19.094415+00:00,1.0
2015-06-01,2015,2015-16,June,CRUDE OIL,IMPORT,15619.291756444725,Thousand Metric Tonnes (TMT),PPAC,1751964547_PT_IMPORT_TMT_H.xlsx,PT_IMPORT_H_2015-16,10,2026-08-21T15:32:19.094415+00:00,1.0
2015-07-01,2015,2015-16,July,CRUDE OIL,IMPORT,17732.263757517998,Thousand Metric Tonnes (TMT),PPAC,1751964547_PT_IMPORT_TMT_H.xlsx,PT_IMPORT_H_2015-16,10,2026-08-21T15:32:19.094415+00:00,1.0
2015-08-01,2015,2015-16,August,CRUDE OIL,IMPORT,17234.916896966002,Thousand Metric Tonnes (TMT),PPAC,1751964547_PT_IMPORT_TMT_H.xlsx,PT_IMPORT_H_2015-16,10,2026-08-21T15:32:19.094415+00:00,1.0
2015-09-01,2015,2015-16,September,CRUDE OIL,IMPORT,15786.617125587,Thousand Metric Tonnes (TMT),PPAC,1751964547_PT_IMPORT_TMT_H.xlsx,PT_IMPORT_H_2015-16,10,2026-08-21T15:32:19.094415+00:00,1.0
2015-10-01,2015,2015-16,October,CRUDE OIL,IMPORT,15568.372223733,Thousand Metric Tonnes (TMT),PPAC,1751964547_PT_IMPORT_TMT_H.xlsx,PT_IMPORT_H_2015-16,10,2026-08-21T15:32:19.094415+00:00,1.0
2015-11-01,2015,2015-16,November,CRUDE OIL,IMPORT,16636.223471940997,Thousand Metric Tonnes (TMT),PPAC,1751964547_PT_IMPORT_TMT_H.xlsx,PT_IMPORT_H_2015-16,10,2026-08-21T15:32:19.094415+00:00,1.0
2015-12-01,2015,2015-16,December,CRUDE OIL,IMPORT,17726.037197172,Thousand Metric Tonnes (TMT),PPAC,1751964547_PT_IMPORT_TMT_H.xlsx,PT_IMPORT_H_2015-16,10,2026-08-21T15:32:19.094415+00:00,1.0
2016-01-01,2016,2015-16,January,CRUDE OIL,IMPORT,18129.153822,Thousand Metric Tonnes (TMT),PPAC,1751964547_PT_IMPORT_TMT_H.xlsx,PT_IMPORT_H_2015-16,10,2026-08-21T15:32:19.094415+00:00,1.0
2016-02-01,2016,2015-16,February,CRUDE OIL,IMPORT,16882.435395989996,Thousand Metric Tonnes (TMT),PPAC,1751964547_PT_IMPORT_TMT_H.xlsx,PT_IMPORT_H_2015-16,10,2026-08-21T15:32:19.094415+00:00,1.0
2016-03-01,2016,2015-16,March,CRUDE OIL,IMPORT,18545.833238,Thousand Metric Tonnes (TMT),PPAC,1751964547_PT_IMPORT_TMT_H.xlsx,PT_IMPORT_H_2015-16,10,2026-08-21T15:32:19.094415+00:00,1.0
2015-04-01,2015,2015-16,April,LPG,IMPORT,685.2197219999999,Thousand Metric Tonnes (TMT),PPAC,1751964547_PT_IMPORT_TMT_H.xlsx,PT_IMPORT_H_2015-16,12,2026-08-21T15:32:19.094415+00:00,1.0
2015-05-01,2015,2015-16,May,LPG,IMPORT,809.49707,Thousand Metric Tonnes (TMT),PPAC,1751964547_PT_IMPORT_TMT_H.xlsx,PT_IMPORT_H_2015-16,12,2026-08-21T15:32:19.094415+00:00,1.0
2015-06-01,2015,2015-16,June,LPG,IMPORT,653.437015,Thousand Metric Tonnes (TMT),PPAC,1751964547_PT_IMPORT_TMT_H.xlsx,PT_IMPORT_H_2015-16,12,2026-08-21T15:32:19.094415+00:00,1.0
2015-07-01,2015,2015-16,July,LPG,IMPORT,695.7932470000001,Thousand Metric Tonnes (TMT),PPAC,1751964547_PT_IMPORT_TMT_H.xlsx,PT_IMPORT_H_2015-16,12,2026-08-21T15:32:19.094415+00:00,1.0
2015-08-01,2015,2015-16,August,LPG,IMPORT,996.462948,Thousand Metric Tonnes (TMT),PPAC,1751964547_PT_IMPORT_TMT_H.xlsx,PT_IMPORT_H_2015-16,12,2026-08-21T15:32:19.094415+00:00,1.0
2015-09-01,2015,2015-16,September,LPG,IMPORT,663.338501,Thousand Metric Tonnes (TMT),PPAC,1751964547_PT_IMPORT_TMT_H.xlsx,PT_IMPORT_H_2015-16,12,2026-08-21T15:32:19.094415+00:00,1.0
2015-10-01,2015,2015-16,October,LPG,IMPORT,709.527518,Thousand Metric Tonnes (TMT),PPAC,1751964547_PT_IMPORT_TMT_H.xlsx,PT_IMPORT_H_2015-16,12,2026-08-21T15:32:19.094415+00:00,1.0
2015-11-01,2015,2015-16,November,LPG,IMPORT,724.3308640000001,Thousand Metric Tonnes (TMT),PPAC,1751964547_PT_IMPORT_TMT_H.xlsx,PT_IMPORT_H_2015-16,12,2026-08-21T15:32:19.094415+00:00,1.0
2015-12-01,2015,2015-16,December,LPG,IMPORT,785.276511,Thousand Metric Tonnes (TMT),PPAC,1751964547_PT_IMPORT_TMT_H.xlsx,PT_IMPORT_H_2015-16,12,2026-08-21T15:32:19.094415+00:00,1.0
2016-01-01,2016,2015-16,January,LPG,IMPORT,803.202565,Thousand Metric Tonnes (TMT),PPAC,1751964547_PT_IMPORT_TMT_H.xlsx,PT_IMPORT_H_2015-16,12,2026-08-21T15:32:19.094415+00:00,1.0
2016-02-01,2016,2015-16,February,LPG,IMPORT,683.6106440000001,Thousand Metric Tonnes (TMT),PPAC,1751964547_PT_IMPORT_TMT_H.xlsx,PT_IMPORT_H_2015-16,12,2026-08-21T15:32:19.094415+00:00,1.0
2016-03-01,2016,2015-16,March,LPG,IMPORT,749.5021690000001,Thousand Metric Tonnes (TMT),PPAC,1751964547_PT_IMPORT_TMT_H.xlsx,PT_IMPORT_H_2015-16,12,2026-08-21T15:32:19.094415+00:00,1.0
2015-04-01,2015,2015-16,April,MS,IMPORT,120.49067,Thousand Metric Tonnes (TMT),PPAC,1751964547_PT_IMPORT_TMT_H.xlsx,PT_IMPORT_H_2015-16,13,2026-08-21T15:32:19.094415+00:00,1.0
2015-05-01,2015,2015-16,May,MS,IMPORT,153.548484,Thousand Metric Tonnes (TMT),PPAC,1751964547_PT_IMPORT_TMT_H.xlsx,PT_IMPORT_H_2015-16,13,2026-08-21T15:32:19.094415+00:00,1.0
2015-06-01,2015,2015-16,June,MS,IMPORT,169.878817,Thousand Metric Tonnes (TMT),PPAC,1751964547_PT_IMPORT_TMT_H.xlsx,PT_IMPORT_H_2015-16,13,2026-08-21T15:32:19.094415+00:00,1.0
2015-07-01,2015,2015-16,July,MS,IMPORT,132.972995,Thousand Metric Tonnes (TMT),PPAC,1751964547_PT_IMPORT_TMT_H.xlsx,PT_IMPORT_H_2015-16,13,2026-08-21T15:32:19.094415+00:00,1.0
2015-08-01,2015,2015-16,August,MS,IMPORT,37.651225,Thousand Metric Tonnes (TMT),PPAC,1751964547_PT_IMPORT_TMT_H.xlsx,PT_IMPORT_H_2015-16,13,2026-08-21T15:32:19.094415+00:00,1.0
2015-09-01,2015,2015-16,September,MS,IMPORT,50.98689100000001,Thousand Metric Tonnes (TMT),PPAC,1751964547_PT_IMPORT_TMT_H.xlsx,PT_IMPORT_H_2015-16,13,2026-08-21T15:32:19.094415+00:00,1.0
2015-10-01,2015,2015-16,October,MS,IMPORT,143.35845,Thousand Metric Tonnes (TMT),PPAC,1751964547_PT_IMPORT_TMT_H.xlsx,PT_IMPORT_H_2015-16,13,2026-08-21T15:32:19.094415+00:00,1.0
2015-11-01,2015,2015-16,November,MS,IMPORT,32.92720200000001,Thousand Metric Tonnes (TMT),PPAC,1751964547_PT_IMPORT_TMT_H.xlsx,PT_IMPORT_H_2015-16,13,2026-08-21T15:32:19.094415+00:00,1.0
2015-12-01,2015,2015-16,December,MS,IMPORT,98.10915500000002,Thousand Metric Tonnes (TMT),PPAC,1751964547_PT_IMPORT_TMT_H.xlsx,PT_IMPORT_H_2015-16,13,2026-08-21T15:32:19.094415+00:00,1.0
2016-01-01,2016,2015-16,January,MS,IMPORT,52.815881000000005,Thousand Metric Tonnes (TMT),PPAC,1751964547_PT_IMPORT_TMT_H.xlsx,PT_IMPORT_H_2015-16,13,2026-08-21T15:32:19.094415+00:00,1.0
2016-02-01,2016,2015-16,February,MS,IMPORT,0.0,Thousand Metric Tonnes (TMT),PPAC,1751964547_PT_IMPORT_TMT_H.xlsx,PT_IMPORT_H_2015-16,13,2026-08-21T15:32:19.094415+00:00,1.0
2016-03-01,2016,2015-16,March,MS,IMPORT,19.701408,Thousand Metric Tonnes (TMT),PPAC,1751964547_PT_IMPORT_TMT_H.xlsx,PT_IMPORT_H_2015-16,13,2026-08-21T15:32:19.094415+00:00,1.0
2015-04-01,2015,2015-16,April,Naphtha,IMPORT,151.997466,Thousand Metric Tonnes (TMT),PPAC,1751964547_PT_IMPORT_TMT_H.xlsx,PT_IMPORT_H_2015-16,14,2026-08-21T15:32:19.094415+00:00,1.0
2015-05-01,2015,2015-16,May,Naphtha,IMPORT,364.154275,Thousand Metric Tonnes (TMT),PPAC,1751964547_PT_IMPORT_TMT_H.xlsx,PT_IMPORT_H_2015-16,14,2026-08-21T15:32:19.094415+00:00,1.0
2015-06-01,2015,2015-16,June,Naphtha,IMPORT,347.082866,Thousand Metric Tonnes (TMT),PPAC,1751964547_PT_IMPORT_TMT_H.xlsx,PT_IMPORT_H_2015-16,14,2026-08-21T15:32:19.094415+00:00,1.0
2015-07-01,2015,2015-16,July,Naphtha,IMPORT,354.478021,Thousand Metric Tonnes (TMT),PPAC,1751964547_PT_IMPORT_TMT_H.xlsx,PT_IMPORT_H_2015-16,14,2026-08-21T15:32:19.094415+00:00,1.0
2015-08-01,2015,2015-16,August,Naphtha,IMPORT,296.439901,Thousand Metric Tonnes (TMT),PPAC,1751964547_PT_IMPORT_TMT_H.xlsx,PT_IMPORT_H_2015-16,14,2026-08-21T15:32:19.094415+00:00,1.0
2015-09-01,2015,2015-16,September,Naphtha,IMPORT,164.79324000000003,Thousand Metric Tonnes (TMT),PPAC,1751964547_PT_IMPORT_TMT_H.xlsx,PT_IMPORT_H_2015-16,14,2026-08-21T15:32:19.094415+00:00,1.0
2015-10-01,2015,2015-16,October,Naphtha,IMPORT,242.299781,Thousand Metric Tonnes (TMT),PPAC,1751964547_PT_IMPORT_TMT_H.xlsx,PT_IMPORT_H_2015-16,14,2026-08-21T15:32:19.094415+00:00,1.0
2015-11-01,2015,2015-16,November,Naphtha,IMPORT,121.98214999999999,Thousand Metric Tonnes (TMT),PPAC,1751964547_PT_IMPORT_TMT_H.xlsx,PT_IMPORT_H_2015-16,14,2026-08-21T15:32:19.094415+00:00,1.0
2015-12-01,2015,2015-16,December,Naphtha,IMPORT,204.73599099999998,Thousand Metric Tonnes (TMT),PPAC,1751964547_PT_IMPORT_TMT_H.xlsx,PT_IMPORT_H_2015-16,14,2026-08-21T15:32:19.094415+00:00,1.0
2016-01-01,2016,2015-16,January,Naphtha,IMPORT,230.178584,Thousand Metric Tonnes (TMT),PPAC,1751964547_PT_IMPORT_TMT_H.xlsx,PT_IMPORT_H_2015-16,14,2026-08-21T15:32:19.094415+00:00,1.0
2016-02-01,2016,2015-16,February,Naphtha,IMPORT,204.550889,Thousand Metric Tonnes (TMT),PPAC,1751964547_PT_IMPORT_TMT_H.xlsx,PT_IMPORT_H_2015-16,14,2026-08-21T15:32:19.094415+00:00,1.0
2016-03-01,2016,2015-16,March,Naphtha,IMPORT,248.491728,Thousand Metric Tonnes (TMT),PPAC,1751964547_PT_IMPORT_TMT_H.xlsx,PT_IMPORT_H_2015-16,14,2026-08-21T15:32:19.094415+00:00,1.0
2015-04-01,2015,2015-16,April,ATF,IMPORT,19.141,Thousand Metric Tonnes (TMT),PPAC,1751964547_PT_IMPORT_TMT_H.xlsx,PT_IMPORT_H_2015-16,15,2026-08-21T15:32:19.094415+00:00,1.0
2015-05-01,2015,2015-16,May,ATF,IMPORT,5.756,Thousand Metric Tonnes (TMT),PPAC,1751964547_PT_IMPORT_TMT_H.xlsx,PT_IMPORT_H_2015-16,15,2026-08-21T15:32:19.094415+00:00,1.0
2015-06-01,2015,2015-16,June,ATF,IMPORT,55.387,Thousand Metric Tonnes (TMT),PPAC,1751964547_PT_IMPORT_TMT_H.xlsx,PT_IMPORT_H_2015-16,15,2026-08-21T15:32:19.094415+00:00,1.0
2015-07-01,2015,2015-16,July,ATF,IMPORT,25.37,Thousand Metric Tonnes (TMT),PPAC,1751964547_PT_IMPORT_TMT_H.xlsx,PT_IMPORT_H_2015-16,15,2026-08-21T15:32:19.094415+00:00,1.0
2015-08-01,2015,2015-16,August,ATF,IMPORT,23.998,Thousand Metric Tonnes (TMT),PPAC,1751964547_PT_IMPORT_TMT_H.xlsx,PT_IMPORT_H_2015-16,15,2026-08-21T15:32:19.094415+00:00,1.0
2015-09-01,2015,2015-16,September,ATF,IMPORT,20.343,Thousand Metric Tonnes (TMT),PPAC,1751964547_PT_IMPORT_TMT_H.xlsx,PT_IMPORT_H_2015-16,15,2026-08-21T15:32:19.094415+00:00,1.0
2015-10-01,2015,2015-16,October,ATF,IMPORT,20.246,Thousand Metric Tonnes (TMT),PPAC,1751964547_PT_IMPORT_TMT_H.xlsx,PT_IMPORT_H_2015-16,15,2026-08-21T15:32:19.094415+00:00,1.0
2015-11-01,2015,2015-16,November,ATF,IMPORT,27.135,Thousand Metric Tonnes (TMT),PPAC,1751964547_PT_IMPORT_TMT_H.xlsx,PT_IMPORT_H_2015-16,15,2026-08-21T15:32:19.094415+00:00,1.0
2015-12-01,2015,2015-16,December,ATF,IMPORT,25.877,Thousand Metric Tonnes (TMT),PPAC,1751964547_PT_IMPORT_TMT_H.xlsx,PT_IMPORT_H_2015-16,15,2026-08-21T15:32:19.094415+00:00,1.0
2016-01-01,2016,2015-16,January,ATF,IMPORT,5.982,Thousand Metric Tonnes (TMT),PPAC,1751964547_PT_IMPORT_TMT_H.xlsx,PT_IMPORT_H_2015-16,15,2026-08-21T15:32:19.094415+00:00,1.0
2016-02-01,2016,2015-16,February,ATF,IMPORT,20.332,Thousand Metric Tonnes (TMT),PPAC,1751964547_PT_IMPORT_TMT_H.xlsx,PT_IMPORT_H_2015-16,15,2026-08-21T15:32:19.094415+00:00,1.0
2016-03-01,2016,2015-16,March,ATF,IMPORT,36.182,Thousand Metric Tonnes (TMT),PPAC,1751964547_PT_IMPORT_TMT_H.xlsx,PT_IMPORT_H_2015-16,15,2026-08-21T15:32:19.094415+00:00,1.0
2015-04-01,2015,2015-16,April,SKO,IMPORT,35.108016000000006,Thousand Metric Tonnes (TMT),PPAC,1751964547_PT_IMPORT_TMT_H.xlsx,PT_IMPORT_H_2015-16,16,2026-08-21T15:32:19.094415+00:00,1.0
2015-05-01,2015,2015-16,May,SKO,IMPORT,0.0,Thousand Metric Tonnes (TMT),PPAC,1751964547_PT_IMPORT_TMT_H.xlsx,PT_IMPORT_H_2015-16,16,2026-08-21T15:32:19.094415+00:00,1.0
2015-06-01,2015,2015-16,June,SKO,IMPORT,6.042249,Thousand Metric Tonnes (TMT),PPAC,1751964547_PT_IMPORT_TMT_H.xlsx,PT_IMPORT_H_2015-16,16,2026-08-21T15:32:19.094415+00:00,1.0
2015-07-01,2015,2015-16,July,SKO,IMPORT,0.0,Thousand Metric Tonnes (TMT),PPAC,1751964547_PT_IMPORT_TMT_H.xlsx,PT_IMPORT_H_2015-16,16,2026-08-21T15:32:19.094415+00:00,1.0
2015-08-01,2015,2015-16,August,SKO,IMPORT,0.0,Thousand Metric Tonnes (TMT),PPAC,1751964547_PT_IMPORT_TMT_H.xlsx,PT_IMPORT_H_2015-16,16,2026-08-21T15:32:19.094415+00:00,1.0
2015-09-01,2015,2015-16,September,SKO,IMPORT,0.0,Thousand Metric Tonnes (TMT),PPAC,1751964547_PT_IMPORT_TMT_H.xlsx,PT_IMPORT_H_2015-16,16,2026-08-21T15:32:19.094415+00:00,1.0
2015-10-01,2015,2015-16,October,SKO,IMPORT,0.0,Thousand Metric Tonnes (TMT),PPAC,1751964547_PT_IMPORT_TMT_H.xlsx,PT_IMPORT_H_2015-16,16,2026-08-21T15:32:19.094415+00:00,1.0
2015-11-01,2015,2015-16,November,SKO,IMPORT,0.0,Thousand Metric Tonnes (TMT),PPAC,1751964547_PT_IMPORT_TMT_H.xlsx,PT_IMPORT_H_2015-16,16,2026-08-21T15:32:19.094415+00:00,1.0
2015-12-01,2015,2015-16,December,SKO,IMPORT,0.0,Thousand Metric Tonnes (TMT),PPAC,1751964547_PT_IMPORT_TMT_H.xlsx,PT_IMPORT_H_2015-16,16,2026-08-21T15:32:19.094415+00:00,1.0
2016-01-01,2016,2015-16,January,SKO,IMPORT,0.0,Thousand Metric Tonnes (TMT),PPAC,1751964547_PT_IMPORT_TMT_H.xlsx,PT_IMPORT_H_2015-16,16,2026-08-21T15:32:19.094415+00:00,1.0
2016-02-01,2016,2015-16,February,SKO,IMPORT,0.0,Thousand Metric Tonnes (TMT),PPAC,1751964547_PT_IMPORT_TMT_H.xlsx,PT_IMPORT_H_2015-16,16,2026-08-21T15:32:19.094415+00:00,1.0
2016-03-01,2016,2015-16,March,SKO,IMPORT,0.0,Thousand Metric Tonnes (TMT),PPAC,1751964547_PT_IMPORT_TMT_H.xlsx,PT_IMPORT_H_2015-16,16,2026-08-21T15:32:19.094415+00:00,1.0
2015-04-01,2015,2015-16,April,HSD,IMPORT,1.471,Thousand Metric Tonnes (TMT),PPAC,1751964547_PT_IMPORT_TMT_H.xlsx,PT_IMPORT_H_2015-16,17,2026-08-21T15:32:19.094415+00:00,1.0
2015-05-01,2015,2015-16,May,HSD,IMPORT,0.418,Thousand Metric Tonnes (TMT),PPAC,1751964547_PT_IMPORT_TMT_H.xlsx,PT_IMPORT_H_2015-16,17,2026-08-21T15:32:19.094415+00:00,1.0
2015-06-01,2015,2015-16,June,HSD,IMPORT,9.827,Thousand Metric Tonnes (TMT),PPAC,1751964547_PT_IMPORT_TMT_H.xlsx,PT_IMPORT_H_2015-16,17,2026-08-21T15:32:19.094415+00:00,1.0
2015-07-01,2015,2015-16,July,HSD,IMPORT,1.85,Thousand Metric Tonnes (TMT),PPAC,1751964547_PT_IMPORT_TMT_H.xlsx,PT_IMPORT_H_2015-16,17,2026-08-21T15:32:19.094415+00:00,1.0
2015-08-01,2015,2015-16,August,HSD,IMPORT,0.521,Thousand Metric Tonnes (TMT),PPAC,1751964547_PT_IMPORT_TMT_H.xlsx,PT_IMPORT_H_2015-16,17,2026-08-21T15:32:19.094415+00:00,1.0
2015-09-01,2015,2015-16,September,HSD,IMPORT,1.028,Thousand Metric Tonnes (TMT),PPAC,1751964547_PT_IMPORT_TMT_H.xlsx,PT_IMPORT_H_2015-16,17,2026-08-21T15:32:19.094415+00:00,1.0
2015-10-01,2015,2015-16,October,HSD,IMPORT,6.528,Thousand Metric Tonnes (TMT),PPAC,1751964547_PT_IMPORT_TMT_H.xlsx,PT_IMPORT_H_2015-16,17,2026-08-21T15:32:19.094415+00:00,1.0
2015-11-01,2015,2015-16,November,HSD,IMPORT,9.928,Thousand Metric Tonnes (TMT),PPAC,1751964547_PT_IMPORT_TMT_H.xlsx,PT_IMPORT_H_2015-16,17,2026-08-21T15:32:19.094415+00:00,1.0
2015-12-01,2015,2015-16,December,HSD,IMPORT,10.416,Thousand Metric Tonnes (TMT),PPAC,1751964547_PT_IMPORT_TMT_H.xlsx,PT_IMPORT_H_2015-16,17,2026-08-21T15:32:19.094415+00:00,1.0
2016-01-01,2016,2015-16,January,HSD,IMPORT,2.193,Thousand Metric Tonnes (TMT),PPAC,1751964547_PT_IMPORT_TMT_H.xlsx,PT_IMPORT_H_2015-16,17,2026-08-21T15:32:19.094415+00:00,1.0
2016-02-01,2016,2015-16,February,HSD,IMPORT,71.515,Thousand Metric Tonnes (TMT),PPAC,1751964547_PT_IMPORT_TMT_H.xlsx,PT_IMPORT_H_2015-16,17,2026-08-21T15:32:19.094415+00:00,1.0
2016-03-01,2016,2015-16,March,HSD,IMPORT,61.696547,Thousand Metric Tonnes (TMT),PPAC,1751964547_PT_IMPORT_TMT_H.xlsx,PT_IMPORT_H_2015-16,17,2026-08-21T15:32:19.094415+00:00,1.0
2015-04-01,2015,2015-16,April,LOBS/ Lube oil,IMPORT,205.383581,Thousand Metric Tonnes (TMT),PPAC,1751964547_PT_IMPORT_TMT_H.xlsx,PT_IMPORT_H_2015-16,18,2026-08-21T15:32:19.094415+00:00,1.0
2015-05-01,2015,2015-16,May,LOBS/ Lube oil,IMPORT,162.481483,Thousand Metric Tonnes (TMT),PPAC,1751964547_PT_IMPORT_TMT_H.xlsx,PT_IMPORT_H_2015-16,18,2026-08-21T15:32:19.094415+00:00,1.0
2015-06-01,2015,2015-16,June,LOBS/ Lube oil,IMPORT,194.919,Thousand Metric Tonnes (TMT),PPAC,1751964547_PT_IMPORT_TMT_H.xlsx,PT_IMPORT_H_2015-16,18,2026-08-21T15:32:19.094415+00:00,1.0
2015-07-01,2015,2015-16,July,LOBS/ Lube oil,IMPORT,181.973,Thousand Metric Tonnes (TMT),PPAC,1751964547_PT_IMPORT_TMT_H.xlsx,PT_IMPORT_H_2015-16,18,2026-08-21T15:32:19.094415+00:00,1.0
2015-08-01,2015,2015-16,August,LOBS/ Lube oil,IMPORT,172.683956,Thousand Metric Tonnes (TMT),PPAC,1751964547_PT_IMPORT_TMT_H.xlsx,PT_IMPORT_H_2015-16,18,2026-08-21T15:32:19.094415+00:00,1.0
2015-09-01,2015,2015-16,September,LOBS/ Lube oil,IMPORT,191.20218,Thousand Metric Tonnes (TMT),PPAC,1751964547_PT_IMPORT_TMT_H.xlsx,PT_IMPORT_H_2015-16,18,2026-08-21T15:32:19.094415+00:00,1.0
2015-10-01,2015,2015-16,October,LOBS/ Lube oil,IMPORT,150.053066,Thousand Metric Tonnes (TMT),PPAC,1751964547_PT_IMPORT_TMT_H.xlsx,PT_IMPORT_H_2015-16,18,2026-08-21T15:32:19.094415+00:00,1.0
2015-11-01,2015,2015-16,November,LOBS/ Lube oil,IMPORT,209.480039,Thousand Metric Tonnes (TMT),PPAC,1751964547_PT_IMPORT_TMT_H.xlsx,PT_IMPORT_H_2015-16,18,2026-08-21T15:32:19.094415+00:00,1.0
2015-12-01,2015,2015-16,December,LOBS/ Lube oil,IMPORT,185.819953,Thousand Metric Tonnes (TMT),PPAC,1751964547_PT_IMPORT_TMT_H.xlsx,PT_IMPORT_H_2015-16,18,2026-08-21T15:32:19.094415+00:00,1.0
2016-01-01,2016,2015-16,January,LOBS/ Lube oil,IMPORT,201.40474899999998,Thousand Metric Tonnes (TMT),PPAC,1751964547_PT_IMPORT_TMT_H.xlsx,PT_IMPORT_H_2015-16,18,2026-08-21T15:32:19.094415+00:00,1.0
2016-02-01,2016,2015-16,February,LOBS/ Lube oil,IMPORT,198.785336,Thousand Metric Tonnes (TMT),PPAC,1751964547_PT_IMPORT_TMT_H.xlsx,PT_IMPORT_H_2015-16,18,2026-08-21T15:32:19.094415+00:00,1.0
2016-03-01,2016,2015-16,March,LOBS/ Lube oil,IMPORT,210.18165399999998,Thousand Metric Tonnes (TMT),PPAC,1751964547_PT_IMPORT_TMT_H.xlsx,PT_IMPORT_H_2015-16,18,2026-08-21T15:32:19.094415+00:00,1.0
2015-04-01,2015,2015-16,April,Fuel Oil,IMPORT,35.856,Thousand Metric Tonnes (TMT),PPAC,1751964547_PT_IMPORT_TMT_H.xlsx,PT_IMPORT_H_2015-16,19,2026-08-21T15:32:19.094415+00:00,1.0
2015-05-01,2015,2015-16,May,Fuel Oil,IMPORT,49.401048,Thousand Metric Tonnes (TMT),PPAC,1751964547_PT_IMPORT_TMT_H.xlsx,PT_IMPORT_H_2015-16,19,2026-08-21T15:32:19.094415+00:00,1.0
2015-06-01,2015,2015-16,June,Fuel Oil,IMPORT,272.7434071,Thousand Metric Tonnes (TMT),PPAC,1751964547_PT_IMPORT_TMT_H.xlsx,PT_IMPORT_H_2015-16,19,2026-08-21T15:32:19.094415+00:00,1.0
2015-07-01,2015,2015-16,July,Fuel Oil,IMPORT,48.24695,Thousand Metric Tonnes (TMT),PPAC,1751964547_PT_IMPORT_TMT_H.xlsx,PT_IMPORT_H_2015-16,19,2026-08-21T15:32:19.094415+00:00,1.0
2015-08-01,2015,2015-16,August,Fuel Oil,IMPORT,50.321217000000004,Thousand Metric Tonnes (TMT),PPAC,1751964547_PT_IMPORT_TMT_H.xlsx,PT_IMPORT_H_2015-16,19,2026-08-21T15:32:19.094415+00:00,1.0
2015-09-01,2015,2015-16,September,Fuel Oil,IMPORT,115.661855,Thousand Metric Tonnes (TMT),PPAC,1751964547_PT_IMPORT_TMT_H.xlsx,PT_IMPORT_H_2015-16,19,2026-08-21T15:32:19.094415+00:00,1.0
2015-10-01,2015,2015-16,October,Fuel Oil,IMPORT,77.663156,Thousand Metric Tonnes (TMT),PPAC,1751964547_PT_IMPORT_TMT_H.xlsx,PT_IMPORT_H_2015-16,19,2026-08-21T15:32:19.094415+00:00,1.0
2015-11-01,2015,2015-16,November,Fuel Oil,IMPORT,63.505,Thousand Metric Tonnes (TMT),PPAC,1751964547_PT_IMPORT_TMT_H.xlsx,PT_IMPORT_H_2015-16,19,2026-08-21T15:32:19.094415+00:00,1.0
2015-12-01,2015,2015-16,December,Fuel Oil,IMPORT,45.427183,Thousand Metric Tonnes (TMT),PPAC,1751964547_PT_IMPORT_TMT_H.xlsx,PT_IMPORT_H_2015-16,19,2026-08-21T15:32:19.094415+00:00,1.0
2016-01-01,2016,2015-16,January,Fuel Oil,IMPORT,270.16559,Thousand Metric Tonnes (TMT),PPAC,1751964547_PT_IMPORT_TMT_H.xlsx,PT_IMPORT_H_2015-16,19,2026-08-21T15:32:19.094415+00:00,1.0
2016-02-01,2016,2015-16,February,Fuel Oil,IMPORT,29.950903000000004,Thousand Metric Tonnes (TMT),PPAC,1751964547_PT_IMPORT_TMT_H.xlsx,PT_IMPORT_H_2015-16,19,2026-08-21T15:32:19.094415+00:00,1.0
2016-03-01,2016,2015-16,March,Fuel Oil,IMPORT,110.898,Thousand Metric Tonnes (TMT),PPAC,1751964547_PT_IMPORT_TMT_H.xlsx,PT_IMPORT_H_2015-16,19,2026-08-21T15:32:19.094415+00:00,1.0
2015-04-01,2015,2015-16,April,Bitumen,IMPORT,90.93576700000001,Thousand Metric Tonnes (TMT),PPAC,1751964547_PT_IMPORT_TMT_H.xlsx,PT_IMPORT_H_2015-16,20,2026-08-21T15:32:19.094415+00:00,1.0
2015-05-01,2015,2015-16,May,Bitumen,IMPORT,94.58894399999998,Thousand Metric Tonnes (TMT),PPAC,1751964547_PT_IMPORT_TMT_H.xlsx,PT_IMPORT_H_2015-16,20,2026-08-21T15:32:19.094415+00:00,1.0
2015-06-01,2015,2015-16,June,Bitumen,IMPORT,83.716575,Thousand Metric Tonnes (TMT),PPAC,1751964547_PT_IMPORT_TMT_H.xlsx,PT_IMPORT_H_2015-16,20,2026-08-21T15:32:19.094415+00:00,1.0
2015-07-01,2015,2015-16,July,Bitumen,IMPORT,50.343244000000006,Thousand Metric Tonnes (TMT),PPAC,1751964547_PT_IMPORT_TMT_H.xlsx,PT_IMPORT_H_2015-16,20,2026-08-21T15:32:19.094415+00:00,1.0
2015-08-01,2015,2015-16,August,Bitumen,IMPORT,37.244575000000005,Thousand Metric Tonnes (TMT),PPAC,1751964547_PT_IMPORT_TMT_H.xlsx,PT_IMPORT_H_2015-16,20,2026-08-21T15:32:19.094415+00:00,1.0
2015-09-01,2015,2015-16,September,Bitumen,IMPORT,36.499588,Thousand Metric Tonnes (TMT),PPAC,1751964547_PT_IMPORT_TMT_H.xlsx,PT_IMPORT_H_2015-16,20,2026-08-21T15:32:19.094415+00:00,1.0
2015-10-01,2015,2015-16,October,Bitumen,IMPORT,97.890701,Thousand Metric Tonnes (TMT),PPAC,1751964547_PT_IMPORT_TMT_H.xlsx,PT_IMPORT_H_2015-16,20,2026-08-21T15:32:19.094415+00:00,1.0
2015-11-01,2015,2015-16,November,Bitumen,IMPORT,72.503772,Thousand Metric Tonnes (TMT),PPAC,1751964547_PT_IMPORT_TMT_H.xlsx,PT_IMPORT_H_2015-16,20,2026-08-21T15:32:19.094415+00:00,1.0
2015-12-01,2015,2015-16,December,Bitumen,IMPORT,92.75776200000003,Thousand Metric Tonnes (TMT),PPAC,1751964547_PT_IMPORT_TMT_H.xlsx,PT_IMPORT_H_2015-16,20,2026-08-21T15:32:19.094415+00:00,1.0
2016-01-01,2016,2015-16,January,Bitumen,IMPORT,62.37590199999999,Thousand Metric Tonnes (TMT),PPAC,1751964547_PT_IMPORT_TMT_H.xlsx,PT_IMPORT_H_2015-16,20,2026-08-21T15:32:19.094415+00:00,1.0
2016-02-01,2016,2015-16,February,Bitumen,IMPORT,49.18525000000001,Thousand Metric Tonnes (TMT),PPAC,1751964547_PT_IMPORT_TMT_H.xlsx,PT_IMPORT_H_2015-16,20,2026-08-21T15:32:19.094415+00:00,1.0
2016-03-01,2016,2015-16,March,Bitumen,IMPORT,110.96570299999996,Thousand Metric Tonnes (TMT),PPAC,1751964547_PT_IMPORT_TMT_H.xlsx,PT_IMPORT_H_2015-16,20,2026-08-21T15:32:19.094415+00:00,1.0
2015-04-01,2015,2015-16,April,Others&,IMPORT,671.7291090000001,Thousand Metric Tonnes (TMT),PPAC,1751964547_PT_IMPORT_TMT_H.xlsx,PT_IMPORT_H_2015-16,21,2026-08-21T15:32:19.094415+00:00,1.0
2015-05-01,2015,2015-16,May,Others&,IMPORT,958.7013119999999,Thousand Metric Tonnes (TMT),PPAC,1751964547_PT_IMPORT_TMT_H.xlsx,PT_IMPORT_H_2015-16,21,2026-08-21T15:32:19.094415+00:00,1.0
2015-06-01,2015,2015-16,June,Others&,IMPORT,673.993007,Thousand Metric Tonnes (TMT),PPAC,1751964547_PT_IMPORT_TMT_H.xlsx,PT_IMPORT_H_2015-16,21,2026-08-21T15:32:19.094415+00:00,1.0
2015-07-01,2015,2015-16,July,Others&,IMPORT,916.038145,Thousand Metric Tonnes (TMT),PPAC,1751964547_PT_IMPORT_TMT_H.xlsx,PT_IMPORT_H_2015-16,21,2026-08-21T15:32:19.094415+00:00,1.0
2015-08-01,2015,2015-16,August,Others&,IMPORT,974.2811980000004,Thousand Metric Tonnes (TMT),PPAC,1751964547_PT_IMPORT_TMT_H.xlsx,PT_IMPORT_H_2015-16,21,2026-08-21T15:32:19.094415+00:00,1.0
2015-09-01,2015,2015-16,September,Others&,IMPORT,1092.274057,Thousand Metric Tonnes (TMT),PPAC,1751964547_PT_IMPORT_TMT_H.xlsx,PT_IMPORT_H_2015-16,21,2026-08-21T15:32:19.094415+00:00,1.0
2015-10-01,2015,2015-16,October,Others&,IMPORT,1043.3482179999999,Thousand Metric Tonnes (TMT),PPAC,1751964547_PT_IMPORT_TMT_H.xlsx,PT_IMPORT_H_2015-16,21,2026-08-21T15:32:19.094415+00:00,1.0
2015-11-01,2015,2015-16,November,Others&,IMPORT,872.2622819999999,Thousand Metric Tonnes (TMT),PPAC,1751964547_PT_IMPORT_TMT_H.xlsx,PT_IMPORT_H_2015-16,21,2026-08-21T15:32:19.094415+00:00,1.0
2015-12-01,2015,2015-16,December,Others&,IMPORT,749.1475870000006,Thousand Metric Tonnes (TMT),PPAC,1751964547_PT_IMPORT_TMT_H.xlsx,PT_IMPORT_H_2015-16,21,2026-08-21T15:32:19.094415+00:00,1.0
2016-01-01,2016,2015-16,January,Others&,IMPORT,1305.9014889999999,Thousand Metric Tonnes (TMT),PPAC,1751964547_PT_IMPORT_TMT_H.xlsx,PT_IMPORT_H_2015-16,21,2026-08-21T15:32:19.094415+00:00,1.0
2016-02-01,2016,2015-16,February,Others&,IMPORT,1313.733495,Thousand Metric Tonnes (TMT),PPAC,1751964547_PT_IMPORT_TMT_H.xlsx,PT_IMPORT_H_2015-16,21,2026-08-21T15:32:19.094415+00:00,1.0
2016-03-01,2016,2015-16,March,Others&,IMPORT,1164.0125519999997,Thousand Metric Tonnes (TMT),PPAC,1751964547_PT_IMPORT_TMT_H.xlsx,PT_IMPORT_H_2015-16,21,2026-08-21T15:32:19.094415+00:00,1.0
2015-04-01,2015,2015-16,April,LPG,EXPORT,23.955987,Thousand Metric Tonnes (TMT),PPAC,1751964547_PT_IMPORT_TMT_H.xlsx,PT_IMPORT_H_2015-16,25,2026-08-21T15:32:19.094415+00:00,1.0
2015-05-01,2015,2015-16,May,LPG,EXPORT,19.307807,Thousand Metric Tonnes (TMT),PPAC,1751964547_PT_IMPORT_TMT_H.xlsx,PT_IMPORT_H_2015-16,25,2026-08-21T15:32:19.094415+00:00,1.0
2015-06-01,2015,2015-16,June,LPG,EXPORT,20.412318,Thousand Metric Tonnes (TMT),PPAC,1751964547_PT_IMPORT_TMT_H.xlsx,PT_IMPORT_H_2015-16,25,2026-08-21T15:32:19.094415+00:00,1.0
2015-07-01,2015,2015-16,July,LPG,EXPORT,21.909898,Thousand Metric Tonnes (TMT),PPAC,1751964547_PT_IMPORT_TMT_H.xlsx,PT_IMPORT_H_2015-16,25,2026-08-21T15:32:19.094415+00:00,1.0
2015-08-01,2015,2015-16,August,LPG,EXPORT,19.317633,Thousand Metric Tonnes (TMT),PPAC,1751964547_PT_IMPORT_TMT_H.xlsx,PT_IMPORT_H_2015-16,25,2026-08-21T15:32:19.094415+00:00,1.0
2015-09-01,2015,2015-16,September,LPG,EXPORT,13.054597,Thousand Metric Tonnes (TMT),PPAC,1751964547_PT_IMPORT_TMT_H.xlsx,PT_IMPORT_H_2015-16,25,2026-08-21T15:32:19.094415+00:00,1.0
2015-10-01,2015,2015-16,October,LPG,EXPORT,6.374173,Thousand Metric Tonnes (TMT),PPAC,1751964547_PT_IMPORT_TMT_H.xlsx,PT_IMPORT_H_2015-16,25,2026-08-21T15:32:19.094415+00:00,1.0
2015-11-01,2015,2015-16,November,LPG,EXPORT,4.972254,Thousand Metric Tonnes (TMT),PPAC,1751964547_PT_IMPORT_TMT_H.xlsx,PT_IMPORT_H_2015-16,25,2026-08-21T15:32:19.094415+00:00,1.0
2015-12-01,2015,2015-16,December,LPG,EXPORT,7.296014,Thousand Metric Tonnes (TMT),PPAC,1751964547_PT_IMPORT_TMT_H.xlsx,PT_IMPORT_H_2015-16,25,2026-08-21T15:32:19.094415+00:00,1.0
2016-01-01,2016,2015-16,January,LPG,EXPORT,11.676776,Thousand Metric Tonnes (TMT),PPAC,1751964547_PT_IMPORT_TMT_H.xlsx,PT_IMPORT_H_2015-16,25,2026-08-21T15:32:19.094415+00:00,1.0
2016-02-01,2016,2015-16,February,LPG,EXPORT,16.791557,Thousand Metric Tonnes (TMT),PPAC,1751964547_PT_IMPORT_TMT_H.xlsx,PT_IMPORT_H_2015-16,25,2026-08-21T15:32:19.094415+00:00,1.0
2016-03-01,2016,2015-16,March,LPG,EXPORT,30.134584,Thousand Metric Tonnes (TMT),PPAC,1751964547_PT_IMPORT_TMT_H.xlsx,PT_IMPORT_H_2015-16,25,2026-08-21T15:32:19.094415+00:00,1.0
2015-04-01,2015,2015-16,April,MS!,EXPORT,934.990288,Thousand Metric Tonnes (TMT),PPAC,1751964547_PT_IMPORT_TMT_H.xlsx,PT_IMPORT_H_2015-16,26,2026-08-21T15:32:19.094415+00:00,1.0
2015-05-01,2015,2015-16,May,MS!,EXPORT,1341.194227,Thousand Metric Tonnes (TMT),PPAC,1751964547_PT_IMPORT_TMT_H.xlsx,PT_IMPORT_H_2015-16,26,2026-08-21T15:32:19.094415+00:00,1.0
2015-06-01,2015,2015-16,June,MS!,EXPORT,1286.470169,Thousand Metric Tonnes (TMT),PPAC,1751964547_PT_IMPORT_TMT_H.xlsx,PT_IMPORT_H_2015-16,26,2026-08-21T15:32:19.094415+00:00,1.0
2015-07-01,2015,2015-16,July,MS!,EXPORT,1356.6583850000002,Thousand Metric Tonnes (TMT),PPAC,1751964547_PT_IMPORT_TMT_H.xlsx,PT_IMPORT_H_2015-16,26,2026-08-21T15:32:19.094415+00:00,1.0
2015-08-01,2015,2015-16,August,MS!,EXPORT,1536.8691350000004,Thousand Metric Tonnes (TMT),PPAC,1751964547_PT_IMPORT_TMT_H.xlsx,PT_IMPORT_H_2015-16,26,2026-08-21T15:32:19.094415+00:00,1.0
2015-09-01,2015,2015-16,September,MS!,EXPORT,1331.15194,Thousand Metric Tonnes (TMT),PPAC,1751964547_PT_IMPORT_TMT_H.xlsx,PT_IMPORT_H_2015-16,26,2026-08-21T15:32:19.094415+00:00,1.0
2015-10-01,2015,2015-16,October,MS!,EXPORT,1509.040635,Thousand Metric Tonnes (TMT),PPAC,1751964547_PT_IMPORT_TMT_H.xlsx,PT_IMPORT_H_2015-16,26,2026-08-21T15:32:19.094415+00:00,1.0
2015-11-01,2015,2015-16,November,MS!,EXPORT,1438.2580710000002,Thousand Metric Tonnes (TMT),PPAC,1751964547_PT_IMPORT_TMT_H.xlsx,PT_IMPORT_H_2015-16,26,2026-08-21T15:32:19.094415+00:00,1.0
2015-12-01,2015,2015-16,December,MS!,EXPORT,1493.358079,Thousand Metric Tonnes (TMT),PPAC,1751964547_PT_IMPORT_TMT_H.xlsx,PT_IMPORT_H_2015-16,26,2026-08-21T15:32:19.094415+00:00,1.0
2016-01-01,2016,2015-16,January,MS!,EXPORT,1499.5466029999998,Thousand Metric Tonnes (TMT),PPAC,1751964547_PT_IMPORT_TMT_H.xlsx,PT_IMPORT_H_2015-16,26,2026-08-21T15:32:19.094415+00:00,1.0
2016-02-01,2016,2015-16,February,MS!,EXPORT,1572.574177,Thousand Metric Tonnes (TMT),PPAC,1751964547_PT_IMPORT_TMT_H.xlsx,PT_IMPORT_H_2015-16,26,2026-08-21T15:32:19.094415+00:00,1.0
2016-03-01,2016,2015-16,March,MS!,EXPORT,1516.5163430000002,Thousand Metric Tonnes (TMT),PPAC,1751964547_PT_IMPORT_TMT_H.xlsx,PT_IMPORT_H_2015-16,26,2026-08-21T15:32:19.094415+00:00,1.0
2015-04-01,2015,2015-16,April,Naphtha,EXPORT,575.879647,Thousand Metric Tonnes (TMT),PPAC,1751964547_PT_IMPORT_TMT_H.xlsx,PT_IMPORT_H_2015-16,27,2026-08-21T15:32:19.094415+00:00,1.0
2015-05-01,2015,2015-16,May,Naphtha,EXPORT,492.473711,Thousand Metric Tonnes (TMT),PPAC,1751964547_PT_IMPORT_TMT_H.xlsx,PT_IMPORT_H_2015-16,27,2026-08-21T15:32:19.094415+00:00,1.0
2015-06-01,2015,2015-16,June,Naphtha,EXPORT,613.6987389999999,Thousand Metric Tonnes (TMT),PPAC,1751964547_PT_IMPORT_TMT_H.xlsx,PT_IMPORT_H_2015-16,27,2026-08-21T15:32:19.094415+00:00,1.0
2015-07-01,2015,2015-16,July,Naphtha,EXPORT,682.581498,Thousand Metric Tonnes (TMT),PPAC,1751964547_PT_IMPORT_TMT_H.xlsx,PT_IMPORT_H_2015-16,27,2026-08-21T15:32:19.094415+00:00,1.0
2015-08-01,2015,2015-16,August,Naphtha,EXPORT,656.3087830000001,Thousand Metric Tonnes (TMT),PPAC,1751964547_PT_IMPORT_TMT_H.xlsx,PT_IMPORT_H_2015-16,27,2026-08-21T15:32:19.094415+00:00,1.0
2015-09-01,2015,2015-16,September,Naphtha,EXPORT,552.314892,Thousand Metric Tonnes (TMT),PPAC,1751964547_PT_IMPORT_TMT_H.xlsx,PT_IMPORT_H_2015-16,27,2026-08-21T15:32:19.094415+00:00,1.0
2015-10-01,2015,2015-16,October,Naphtha,EXPORT,357.76628099999994,Thousand Metric Tonnes (TMT),PPAC,1751964547_PT_IMPORT_TMT_H.xlsx,PT_IMPORT_H_2015-16,27,2026-08-21T15:32:19.094415+00:00,1.0
2015-11-01,2015,2015-16,November,Naphtha,EXPORT,545.547746,Thousand Metric Tonnes (TMT),PPAC,1751964547_PT_IMPORT_TMT_H.xlsx,PT_IMPORT_H_2015-16,27,2026-08-21T15:32:19.094415+00:00,1.0
2015-12-01,2015,2015-16,December,Naphtha,EXPORT,698.473566,Thousand Metric Tonnes (TMT),PPAC,1751964547_PT_IMPORT_TMT_H.xlsx,PT_IMPORT_H_2015-16,27,2026-08-21T15:32:19.094415+00:00,1.0
2016-01-01,2016,2015-16,January,Naphtha,EXPORT,581.33389,Thousand Metric Tonnes (TMT),PPAC,1751964547_PT_IMPORT_TMT_H.xlsx,PT_IMPORT_H_2015-16,27,2026-08-21T15:32:19.094415+00:00,1.0
2016-02-01,2016,2015-16,February,Naphtha,EXPORT,710.260412,Thousand Metric Tonnes (TMT),PPAC,1751964547_PT_IMPORT_TMT_H.xlsx,PT_IMPORT_H_2015-16,27,2026-08-21T15:32:19.094415+00:00,1.0
2016-03-01,2016,2015-16,March,Naphtha,EXPORT,649.461289,Thousand Metric Tonnes (TMT),PPAC,1751964547_PT_IMPORT_TMT_H.xlsx,PT_IMPORT_H_2015-16,27,2026-08-21T15:32:19.094415+00:00,1.0
2015-04-01,2015,2015-16,April,ATF#,EXPORT,153.47803900000002,Thousand Metric Tonnes (TMT),PPAC,1751964547_PT_IMPORT_TMT_H.xlsx,PT_IMPORT_H_2015-16,28,2026-08-21T15:32:19.094415+00:00,1.0
2015-05-01,2015,2015-16,May,ATF#,EXPORT,260.355002,Thousand Metric Tonnes (TMT),PPAC,1751964547_PT_IMPORT_TMT_H.xlsx,PT_IMPORT_H_2015-16,28,2026-08-21T15:32:19.094415+00:00,1.0
2015-06-01,2015,2015-16,June,ATF#,EXPORT,377.228342,Thousand Metric Tonnes (TMT),PPAC,1751964547_PT_IMPORT_TMT_H.xlsx,PT_IMPORT_H_2015-16,28,2026-08-21T15:32:19.094415+00:00,1.0
2015-07-01,2015,2015-16,July,ATF#,EXPORT,501.41702900000007,Thousand Metric Tonnes (TMT),PPAC,1751964547_PT_IMPORT_TMT_H.xlsx,PT_IMPORT_H_2015-16,28,2026-08-21T15:32:19.094415+00:00,1.0
2015-08-01,2015,2015-16,August,ATF#,EXPORT,588.989268,Thousand Metric Tonnes (TMT),PPAC,1751964547_PT_IMPORT_TMT_H.xlsx,PT_IMPORT_H_2015-16,28,2026-08-21T15:32:19.094415+00:00,1.0
2015-09-01,2015,2015-16,September,ATF#,EXPORT,668.505324,Thousand Metric Tonnes (TMT),PPAC,1751964547_PT_IMPORT_TMT_H.xlsx,PT_IMPORT_H_2015-16,28,2026-08-21T15:32:19.094415+00:00,1.0
2015-10-01,2015,2015-16,October,ATF#,EXPORT,299.991332,Thousand Metric Tonnes (TMT),PPAC,1751964547_PT_IMPORT_TMT_H.xlsx,PT_IMPORT_H_2015-16,28,2026-08-21T15:32:19.094415+00:00,1.0
2015-11-01,2015,2015-16,November,ATF#,EXPORT,460.471719,Thousand Metric Tonnes (TMT),PPAC,1751964547_PT_IMPORT_TMT_H.xlsx,PT_IMPORT_H_2015-16,28,2026-08-21T15:32:19.094415+00:00,1.0
2015-12-01,2015,2015-16,December,ATF#,EXPORT,386.2435260000001,Thousand Metric Tonnes (TMT),PPAC,1751964547_PT_IMPORT_TMT_H.xlsx,PT_IMPORT_H_2015-16,28,2026-08-21T15:32:19.094415+00:00,1.0
2016-01-01,2016,2015-16,January,ATF#,EXPORT,692.828685,Thousand Metric Tonnes (TMT),PPAC,1751964547_PT_IMPORT_TMT_H.xlsx,PT_IMPORT_H_2015-16,28,2026-08-21T15:32:19.094415+00:00,1.0
2016-02-01,2016,2015-16,February,ATF#,EXPORT,578.9058070000001,Thousand Metric Tonnes (TMT),PPAC,1751964547_PT_IMPORT_TMT_H.xlsx,PT_IMPORT_H_2015-16,28,2026-08-21T15:32:19.094415+00:00,1.0
2016-03-01,2016,2015-16,March,ATF#,EXPORT,717.64887,Thousand Metric Tonnes (TMT),PPAC,1751964547_PT_IMPORT_TMT_H.xlsx,PT_IMPORT_H_2015-16,28,2026-08-21T15:32:19.094415+00:00,1.0
2015-04-01,2015,2015-16,April,SKO,EXPORT,0.941048,Thousand Metric Tonnes (TMT),PPAC,1751964547_PT_IMPORT_TMT_H.xlsx,PT_IMPORT_H_2015-16,29,2026-08-21T15:32:19.094415+00:00,1.0
2015-05-01,2015,2015-16,May,SKO,EXPORT,1.036561,Thousand Metric Tonnes (TMT),PPAC,1751964547_PT_IMPORT_TMT_H.xlsx,PT_IMPORT_H_2015-16,29,2026-08-21T15:32:19.094415+00:00,1.0
2015-06-01,2015,2015-16,June,SKO,EXPORT,1.045956,Thousand Metric Tonnes (TMT),PPAC,1751964547_PT_IMPORT_TMT_H.xlsx,PT_IMPORT_H_2015-16,29,2026-08-21T15:32:19.094415+00:00,1.0
2015-07-01,2015,2015-16,July,SKO,EXPORT,1.039693,Thousand Metric Tonnes (TMT),PPAC,1751964547_PT_IMPORT_TMT_H.xlsx,PT_IMPORT_H_2015-16,29,2026-08-21T15:32:19.094415+00:00,1.0
2015-08-01,2015,2015-16,August,SKO,EXPORT,0.706177,Thousand Metric Tonnes (TMT),PPAC,1751964547_PT_IMPORT_TMT_H.xlsx,PT_IMPORT_H_2015-16,29,2026-08-21T15:32:19.094415+00:00,1.0
2015-09-01,2015,2015-16,September,SKO,EXPORT,0.543334,Thousand Metric Tonnes (TMT),PPAC,1751964547_PT_IMPORT_TMT_H.xlsx,PT_IMPORT_H_2015-16,29,2026-08-21T15:32:19.094415+00:00,1.0
2015-10-01,2015,2015-16,October,SKO,EXPORT,0.300634,Thousand Metric Tonnes (TMT),PPAC,1751964547_PT_IMPORT_TMT_H.xlsx,PT_IMPORT_H_2015-16,29,2026-08-21T15:32:19.094415+00:00,1.0
2015-11-01,2015,2015-16,November,SKO,EXPORT,0.200423,Thousand Metric Tonnes (TMT),PPAC,1751964547_PT_IMPORT_TMT_H.xlsx,PT_IMPORT_H_2015-16,29,2026-08-21T15:32:19.094415+00:00,1.0
2015-12-01,2015,2015-16,December,SKO,EXPORT,0.6639,Thousand Metric Tonnes (TMT),PPAC,1751964547_PT_IMPORT_TMT_H.xlsx,PT_IMPORT_H_2015-16,29,2026-08-21T15:32:19.094415+00:00,1.0
2016-01-01,2016,2015-16,January,SKO,EXPORT,0.995851,Thousand Metric Tonnes (TMT),PPAC,1751964547_PT_IMPORT_TMT_H.xlsx,PT_IMPORT_H_2015-16,29,2026-08-21T15:32:19.094415+00:00,1.0
2016-02-01,2016,2015-16,February,SKO,EXPORT,0.9387,Thousand Metric Tonnes (TMT),PPAC,1751964547_PT_IMPORT_TMT_H.xlsx,PT_IMPORT_H_2015-16,29,2026-08-21T15:32:19.094415+00:00,1.0
2016-03-01,2016,2015-16,March,SKO,EXPORT,1.305088,Thousand Metric Tonnes (TMT),PPAC,1751964547_PT_IMPORT_TMT_H.xlsx,PT_IMPORT_H_2015-16,29,2026-08-21T15:32:19.094415+00:00,1.0
2015-04-01,2015,2015-16,April,HSD,EXPORT,1366.420082,Thousand Metric Tonnes (TMT),PPAC,1751964547_PT_IMPORT_TMT_H.xlsx,PT_IMPORT_H_2015-16,30,2026-08-21T15:32:19.094415+00:00,1.0
2015-05-01,2015,2015-16,May,HSD,EXPORT,1495.313963,Thousand Metric Tonnes (TMT),PPAC,1751964547_PT_IMPORT_TMT_H.xlsx,PT_IMPORT_H_2015-16,30,2026-08-21T15:32:19.094415+00:00,1.0
2015-06-01,2015,2015-16,June,HSD,EXPORT,1809.166545,Thousand Metric Tonnes (TMT),PPAC,1751964547_PT_IMPORT_TMT_H.xlsx,PT_IMPORT_H_2015-16,30,2026-08-21T15:32:19.094415+00:00,1.0
2015-07-01,2015,2015-16,July,HSD,EXPORT,2180.600055,Thousand Metric Tonnes (TMT),PPAC,1751964547_PT_IMPORT_TMT_H.xlsx,PT_IMPORT_H_2015-16,30,2026-08-21T15:32:19.094415+00:00,1.0
2015-08-01,2015,2015-16,August,HSD,EXPORT,2432.135994,Thousand Metric Tonnes (TMT),PPAC,1751964547_PT_IMPORT_TMT_H.xlsx,PT_IMPORT_H_2015-16,30,2026-08-21T15:32:19.094415+00:00,1.0
2015-09-01,2015,2015-16,September,HSD,EXPORT,2129.4632659999997,Thousand Metric Tonnes (TMT),PPAC,1751964547_PT_IMPORT_TMT_H.xlsx,PT_IMPORT_H_2015-16,30,2026-08-21T15:32:19.094415+00:00,1.0
2015-10-01,2015,2015-16,October,HSD,EXPORT,1778.4902949999998,Thousand Metric Tonnes (TMT),PPAC,1751964547_PT_IMPORT_TMT_H.xlsx,PT_IMPORT_H_2015-16,30,2026-08-21T15:32:19.094415+00:00,1.0
2015-11-01,2015,2015-16,November,HSD,EXPORT,2264.4520860000002,Thousand Metric Tonnes (TMT),PPAC,1751964547_PT_IMPORT_TMT_H.xlsx,PT_IMPORT_H_2015-16,30,2026-08-21T15:32:19.094415+00:00,1.0
2015-12-01,2015,2015-16,December,HSD,EXPORT,1784.108565,Thousand Metric Tonnes (TMT),PPAC,1751964547_PT_IMPORT_TMT_H.xlsx,PT_IMPORT_H_2015-16,30,2026-08-21T15:32:19.094415+00:00,1.0
2016-01-01,2016,2015-16,January,HSD,EXPORT,2375.365557,Thousand Metric Tonnes (TMT),PPAC,1751964547_PT_IMPORT_TMT_H.xlsx,PT_IMPORT_H_2015-16,30,2026-08-21T15:32:19.094415+00:00,1.0
2016-02-01,2016,2015-16,February,HSD,EXPORT,2353.353601,Thousand Metric Tonnes (TMT),PPAC,1751964547_PT_IMPORT_TMT_H.xlsx,PT_IMPORT_H_2015-16,30,2026-08-21T15:32:19.094415+00:00,1.0
2016-03-01,2016,2015-16,March,HSD,EXPORT,2068.516493,Thousand Metric Tonnes (TMT),PPAC,1751964547_PT_IMPORT_TMT_H.xlsx,PT_IMPORT_H_2015-16,30,2026-08-21T15:32:19.094415+00:00,1.0
2015-04-01,2015,2015-16,April,LDO,EXPORT,0.0,Thousand Metric Tonnes (TMT),PPAC,1751964547_PT_IMPORT_TMT_H.xlsx,PT_IMPORT_H_2015-16,31,2026-08-21T15:32:19.094415+00:00,1.0
2015-05-01,2015,2015-16,May,LDO,EXPORT,0.0,Thousand Metric Tonnes (TMT),PPAC,1751964547_PT_IMPORT_TMT_H.xlsx,PT_IMPORT_H_2015-16,31,2026-08-21T15:32:19.094415+00:00,1.0
2015-06-01,2015,2015-16,June,LDO,EXPORT,0.0,Thousand Metric Tonnes (TMT),PPAC,1751964547_PT_IMPORT_TMT_H.xlsx,PT_IMPORT_H_2015-16,31,2026-08-21T15:32:19.094415+00:00,1.0
2015-07-01,2015,2015-16,July,LDO,EXPORT,0.0,Thousand Metric Tonnes (TMT),PPAC,1751964547_PT_IMPORT_TMT_H.xlsx,PT_IMPORT_H_2015-16,31,2026-08-21T15:32:19.094415+00:00,1.0
2015-08-01,2015,2015-16,August,LDO,EXPORT,0.0,Thousand Metric Tonnes (TMT),PPAC,1751964547_PT_IMPORT_TMT_H.xlsx,PT_IMPORT_H_2015-16,31,2026-08-21T15:32:19.094415+00:00,1.0
2015-09-01,2015,2015-16,September,LDO,EXPORT,0.0,Thousand Metric Tonnes (TMT),PPAC,1751964547_PT_IMPORT_TMT_H.xlsx,PT_IMPORT_H_2015-16,31,2026-08-21T15:32:19.094415+00:00,1.0
2015-10-01,2015,2015-16,October,LDO,EXPORT,0.0,Thousand Metric Tonnes (TMT),PPAC,1751964547_PT_IMPORT_TMT_H.xlsx,PT_IMPORT_H_2015-16,31,2026-08-21T15:32:19.094415+00:00,1.0
2015-11-01,2015,2015-16,November,LDO,EXPORT,0.0,Thousand Metric Tonnes (TMT),PPAC,1751964547_PT_IMPORT_TMT_H.xlsx,PT_IMPORT_H_2015-16,31,2026-08-21T15:32:19.094415+00:00,1.0
2015-12-01,2015,2015-16,December,LDO,EXPORT,0.0,Thousand Metric Tonnes (TMT),PPAC,1751964547_PT_IMPORT_TMT_H.xlsx,PT_IMPORT_H_2015-16,31,2026-08-21T15:32:19.094415+00:00,1.0
2016-01-01,2016,2015-16,January,LDO,EXPORT,0.0,Thousand Metric Tonnes (TMT),PPAC,1751964547_PT_IMPORT_TMT_H.xlsx,PT_IMPORT_H_2015-16,31,2026-08-21T15:32:19.094415+00:00,1.0
2016-02-01,2016,2015-16,February,LDO,EXPORT,0.0,Thousand Metric Tonnes (TMT),PPAC,1751964547_PT_IMPORT_TMT_H.xlsx,PT_IMPORT_H_2015-16,31,2026-08-21T15:32:19.094415+00:00,1.0
2016-03-01,2016,2015-16,March,LDO,EXPORT,0.0,Thousand Metric Tonnes (TMT),PPAC,1751964547_PT_IMPORT_TMT_H.xlsx,PT_IMPORT_H_2015-16,31,2026-08-21T15:32:19.094415+00:00,1.0
2015-04-01,2015,2015-16,April,LOBS/ Lube Oil,EXPORT,4.183474,Thousand Metric Tonnes (TMT),PPAC,1751964547_PT_IMPORT_TMT_H.xlsx,PT_IMPORT_H_2015-16,32,2026-08-21T15:32:19.094415+00:00,1.0
2015-05-01,2015,2015-16,May,LOBS/ Lube Oil,EXPORT,0.6053660000000001,Thousand Metric Tonnes (TMT),PPAC,1751964547_PT_IMPORT_TMT_H.xlsx,PT_IMPORT_H_2015-16,32,2026-08-21T15:32:19.094415+00:00,1.0
2015-06-01,2015,2015-16,June,LOBS/ Lube Oil,EXPORT,3.419978,Thousand Metric Tonnes (TMT),PPAC,1751964547_PT_IMPORT_TMT_H.xlsx,PT_IMPORT_H_2015-16,32,2026-08-21T15:32:19.094415+00:00,1.0
2015-07-01,2015,2015-16,July,LOBS/ Lube Oil,EXPORT,0.812669,Thousand Metric Tonnes (TMT),PPAC,1751964547_PT_IMPORT_TMT_H.xlsx,PT_IMPORT_H_2015-16,32,2026-08-21T15:32:19.094415+00:00,1.0
2015-08-01,2015,2015-16,August,LOBS/ Lube Oil,EXPORT,0.748484,Thousand Metric Tonnes (TMT),PPAC,1751964547_PT_IMPORT_TMT_H.xlsx,PT_IMPORT_H_2015-16,32,2026-08-21T15:32:19.094415+00:00,1.0
2015-09-01,2015,2015-16,September,LOBS/ Lube Oil,EXPORT,0.40617600000000004,Thousand Metric Tonnes (TMT),PPAC,1751964547_PT_IMPORT_TMT_H.xlsx,PT_IMPORT_H_2015-16,32,2026-08-21T15:32:19.094415+00:00,1.0
2015-10-01,2015,2015-16,October,LOBS/ Lube Oil,EXPORT,0.65237,Thousand Metric Tonnes (TMT),PPAC,1751964547_PT_IMPORT_TMT_H.xlsx,PT_IMPORT_H_2015-16,32,2026-08-21T15:32:19.094415+00:00,1.0
2015-11-01,2015,2015-16,November,LOBS/ Lube Oil,EXPORT,0.40648999999999996,Thousand Metric Tonnes (TMT),PPAC,1751964547_PT_IMPORT_TMT_H.xlsx,PT_IMPORT_H_2015-16,32,2026-08-21T15:32:19.094415+00:00,1.0
2015-12-01,2015,2015-16,December,LOBS/ Lube Oil,EXPORT,3.0437659999999997,Thousand Metric Tonnes (TMT),PPAC,1751964547_PT_IMPORT_TMT_H.xlsx,PT_IMPORT_H_2015-16,32,2026-08-21T15:32:19.094415+00:00,1.0
2016-01-01,2016,2015-16,January,LOBS/ Lube Oil,EXPORT,0.8458109999999999,Thousand Metric Tonnes (TMT),PPAC,1751964547_PT_IMPORT_TMT_H.xlsx,PT_IMPORT_H_2015-16,32,2026-08-21T15:32:19.094415+00:00,1.0
2016-02-01,2016,2015-16,February,LOBS/ Lube Oil,EXPORT,0.805733,Thousand Metric Tonnes (TMT),PPAC,1751964547_PT_IMPORT_TMT_H.xlsx,PT_IMPORT_H_2015-16,32,2026-08-21T15:32:19.094415+00:00,1.0
2016-03-01,2016,2015-16,March,LOBS/ Lube Oil,EXPORT,1.315567,Thousand Metric Tonnes (TMT),PPAC,1751964547_PT_IMPORT_TMT_H.xlsx,PT_IMPORT_H_2015-16,32,2026-08-21T15:32:19.094415+00:00,1.0
2015-04-01,2015,2015-16,April,Fuel Oil,EXPORT,363.00363200000004,Thousand Metric Tonnes (TMT),PPAC,1751964547_PT_IMPORT_TMT_H.xlsx,PT_IMPORT_H_2015-16,33,2026-08-21T15:32:19.094415+00:00,1.0
2015-05-01,2015,2015-16,May,Fuel Oil,EXPORT,497.582114,Thousand Metric Tonnes (TMT),PPAC,1751964547_PT_IMPORT_TMT_H.xlsx,PT_IMPORT_H_2015-16,33,2026-08-21T15:32:19.094415+00:00,1.0
2015-06-01,2015,2015-16,June,Fuel Oil,EXPORT,130.331061,Thousand Metric Tonnes (TMT),PPAC,1751964547_PT_IMPORT_TMT_H.xlsx,PT_IMPORT_H_2015-16,33,2026-08-21T15:32:19.094415+00:00,1.0
2015-07-01,2015,2015-16,July,Fuel Oil,EXPORT,161.986471,Thousand Metric Tonnes (TMT),PPAC,1751964547_PT_IMPORT_TMT_H.xlsx,PT_IMPORT_H_2015-16,33,2026-08-21T15:32:19.094415+00:00,1.0
2015-08-01,2015,2015-16,August,Fuel Oil,EXPORT,285.271626,Thousand Metric Tonnes (TMT),PPAC,1751964547_PT_IMPORT_TMT_H.xlsx,PT_IMPORT_H_2015-16,33,2026-08-21T15:32:19.094415+00:00,1.0
2015-09-01,2015,2015-16,September,Fuel Oil,EXPORT,288.186153,Thousand Metric Tonnes (TMT),PPAC,1751964547_PT_IMPORT_TMT_H.xlsx,PT_IMPORT_H_2015-16,33,2026-08-21T15:32:19.094415+00:00,1.0
2015-10-01,2015,2015-16,October,Fuel Oil,EXPORT,133.308661,Thousand Metric Tonnes (TMT),PPAC,1751964547_PT_IMPORT_TMT_H.xlsx,PT_IMPORT_H_2015-16,33,2026-08-21T15:32:19.094415+00:00,1.0
2015-11-01,2015,2015-16,November,Fuel Oil,EXPORT,191.491936,Thousand Metric Tonnes (TMT),PPAC,1751964547_PT_IMPORT_TMT_H.xlsx,PT_IMPORT_H_2015-16,33,2026-08-21T15:32:19.094415+00:00,1.0
2015-12-01,2015,2015-16,December,Fuel Oil,EXPORT,225.781094,Thousand Metric Tonnes (TMT),PPAC,1751964547_PT_IMPORT_TMT_H.xlsx,PT_IMPORT_H_2015-16,33,2026-08-21T15:32:19.094415+00:00,1.0
2016-01-01,2016,2015-16,January,Fuel Oil,EXPORT,163.845057,Thousand Metric Tonnes (TMT),PPAC,1751964547_PT_IMPORT_TMT_H.xlsx,PT_IMPORT_H_2015-16,33,2026-08-21T15:32:19.094415+00:00,1.0
2016-02-01,2016,2015-16,February,Fuel Oil,EXPORT,239.09880099999998,Thousand Metric Tonnes (TMT),PPAC,1751964547_PT_IMPORT_TMT_H.xlsx,PT_IMPORT_H_2015-16,33,2026-08-21T15:32:19.094415+00:00,1.0
2016-03-01,2016,2015-16,March,Fuel Oil,EXPORT,126.013022,Thousand Metric Tonnes (TMT),PPAC,1751964547_PT_IMPORT_TMT_H.xlsx,PT_IMPORT_H_2015-16,33,2026-08-21T15:32:19.094415+00:00,1.0
2015-04-01,2015,2015-16,April,Bitumen,EXPORT,7.595911,Thousand Metric Tonnes (TMT),PPAC,1751964547_PT_IMPORT_TMT_H.xlsx,PT_IMPORT_H_2015-16,34,2026-08-21T15:32:19.094415+00:00,1.0
2015-05-01,2015,2015-16,May,Bitumen,EXPORT,9.717057,Thousand Metric Tonnes (TMT),PPAC,1751964547_PT_IMPORT_TMT_H.xlsx,PT_IMPORT_H_2015-16,34,2026-08-21T15:32:19.094415+00:00,1.0
2015-06-01,2015,2015-16,June,Bitumen,EXPORT,7.9774270000000005,Thousand Metric Tonnes (TMT),PPAC,1751964547_PT_IMPORT_TMT_H.xlsx,PT_IMPORT_H_2015-16,34,2026-08-21T15:32:19.094415+00:00,1.0
2015-07-01,2015,2015-16,July,Bitumen,EXPORT,3.9153,Thousand Metric Tonnes (TMT),PPAC,1751964547_PT_IMPORT_TMT_H.xlsx,PT_IMPORT_H_2015-16,34,2026-08-21T15:32:19.094415+00:00,1.0
2015-08-01,2015,2015-16,August,Bitumen,EXPORT,14.360931,Thousand Metric Tonnes (TMT),PPAC,1751964547_PT_IMPORT_TMT_H.xlsx,PT_IMPORT_H_2015-16,34,2026-08-21T15:32:19.094415+00:00,1.0
2015-09-01,2015,2015-16,September,Bitumen,EXPORT,8.826,Thousand Metric Tonnes (TMT),PPAC,1751964547_PT_IMPORT_TMT_H.xlsx,PT_IMPORT_H_2015-16,34,2026-08-21T15:32:19.094415+00:00,1.0
2015-10-01,2015,2015-16,October,Bitumen,EXPORT,15.386954000000001,Thousand Metric Tonnes (TMT),PPAC,1751964547_PT_IMPORT_TMT_H.xlsx,PT_IMPORT_H_2015-16,34,2026-08-21T15:32:19.094415+00:00,1.0
2015-11-01,2015,2015-16,November,Bitumen,EXPORT,3.199211,Thousand Metric Tonnes (TMT),PPAC,1751964547_PT_IMPORT_TMT_H.xlsx,PT_IMPORT_H_2015-16,34,2026-08-21T15:32:19.094415+00:00,1.0
2015-12-01,2015,2015-16,December,Bitumen,EXPORT,6.7643819999999995,Thousand Metric Tonnes (TMT),PPAC,1751964547_PT_IMPORT_TMT_H.xlsx,PT_IMPORT_H_2015-16,34,2026-08-21T15:32:19.094415+00:00,1.0
2016-01-01,2016,2015-16,January,Bitumen,EXPORT,6.04871,Thousand Metric Tonnes (TMT),PPAC,1751964547_PT_IMPORT_TMT_H.xlsx,PT_IMPORT_H_2015-16,34,2026-08-21T15:32:19.094415+00:00,1.0
2016-02-01,2016,2015-16,February,Bitumen,EXPORT,7.621289,Thousand Metric Tonnes (TMT),PPAC,1751964547_PT_IMPORT_TMT_H.xlsx,PT_IMPORT_H_2015-16,34,2026-08-21T15:32:19.094415+00:00,1.0
2016-03-01,2016,2015-16,March,Bitumen,EXPORT,9.529258,Thousand Metric Tonnes (TMT),PPAC,1751964547_PT_IMPORT_TMT_H.xlsx,PT_IMPORT_H_2015-16,34,2026-08-21T15:32:19.094415+00:00,1.0
2015-04-01,2015,2015-16,April,Others,EXPORT,312.90919200000053,Thousand Metric Tonnes (TMT),PPAC,1751964547_PT_IMPORT_TMT_H.xlsx,PT_IMPORT_H_2015-16,35,2026-08-21T15:32:19.094415+00:00,1.0
2015-05-01,2015,2015-16,May,Others,EXPORT,424.3701939999992,Thousand Metric Tonnes (TMT),PPAC,1751964547_PT_IMPORT_TMT_H.xlsx,PT_IMPORT_H_2015-16,35,2026-08-21T15:32:19.094415+00:00,1.0
2015-06-01,2015,2015-16,June,Others,EXPORT,280.6599560000004,Thousand Metric Tonnes (TMT),PPAC,1751964547_PT_IMPORT_TMT_H.xlsx,PT_IMPORT_H_2015-16,35,2026-08-21T15:32:19.094415+00:00,1.0
2015-07-01,2015,2015-16,July,Others,EXPORT,318.66160300000047,Thousand Metric Tonnes (TMT),PPAC,1751964547_PT_IMPORT_TMT_H.xlsx,PT_IMPORT_H_2015-16,35,2026-08-21T15:32:19.094415+00:00,1.0
2015-08-01,2015,2015-16,August,Others,EXPORT,387.7528860000002,Thousand Metric Tonnes (TMT),PPAC,1751964547_PT_IMPORT_TMT_H.xlsx,PT_IMPORT_H_2015-16,35,2026-08-21T15:32:19.094415+00:00,1.0
2015-09-01,2015,2015-16,September,Others,EXPORT,247.2676279999987,Thousand Metric Tonnes (TMT),PPAC,1751964547_PT_IMPORT_TMT_H.xlsx,PT_IMPORT_H_2015-16,35,2026-08-21T15:32:19.094415+00:00,1.0
2015-10-01,2015,2015-16,October,Others,EXPORT,330.0763539999998,Thousand Metric Tonnes (TMT),PPAC,1751964547_PT_IMPORT_TMT_H.xlsx,PT_IMPORT_H_2015-16,35,2026-08-21T15:32:19.094415+00:00,1.0
2015-11-01,2015,2015-16,November,Others,EXPORT,350.97574799999984,Thousand Metric Tonnes (TMT),PPAC,1751964547_PT_IMPORT_TMT_H.xlsx,PT_IMPORT_H_2015-16,35,2026-08-21T15:32:19.094415+00:00,1.0
2015-12-01,2015,2015-16,December,Others,EXPORT,274.3036399999992,Thousand Metric Tonnes (TMT),PPAC,1751964547_PT_IMPORT_TMT_H.xlsx,PT_IMPORT_H_2015-16,35,2026-08-21T15:32:19.094415+00:00,1.0
2016-01-01,2016,2015-16,January,Others,EXPORT,291.85766799999874,Thousand Metric Tonnes (TMT),PPAC,1751964547_PT_IMPORT_TMT_H.xlsx,PT_IMPORT_H_2015-16,35,2026-08-21T15:32:19.094415+00:00,1.0
2016-02-01,2016,2015-16,February,Others,EXPORT,290.3262539999996,Thousand Metric Tonnes (TMT),PPAC,1751964547_PT_IMPORT_TMT_H.xlsx,PT_IMPORT_H_2015-16,35,2026-08-21T15:32:19.094415+00:00,1.0
2016-03-01,2016,2015-16,March,Others,EXPORT,244.21423400000003,Thousand Metric Tonnes (TMT),PPAC,1751964547_PT_IMPORT_TMT_H.xlsx,PT_IMPORT_H_2015-16,35,2026-08-21T15:32:19.094415+00:00,1.0
2014-04-01,2014,2014-15,April,CRUDE OIL,IMPORT,16902.408887365113,Thousand Metric Tonnes (TMT),PPAC,1751964547_PT_IMPORT_TMT_H.xlsx,PT_Import_H_2014-15,10,2026-08-21T15:32:19.110667+00:00,1.0
2014-05-01,2014,2014-15,May,CRUDE OIL,IMPORT,14905.480813537,Thousand Metric Tonnes (TMT),PPAC,1751964547_PT_IMPORT_TMT_H.xlsx,PT_Import_H_2014-15,10,2026-08-21T15:32:19.110667+00:00,1.0
2014-06-01,2014,2014-15,June,CRUDE OIL,IMPORT,16210.598099818,Thousand Metric Tonnes (TMT),PPAC,1751964547_PT_IMPORT_TMT_H.xlsx,PT_Import_H_2014-15,10,2026-08-21T15:32:19.110667+00:00,1.0
2014-07-01,2014,2014-15,July,CRUDE OIL,IMPORT,14221.889895466167,Thousand Metric Tonnes (TMT),PPAC,1751964547_PT_IMPORT_TMT_H.xlsx,PT_Import_H_2014-15,10,2026-08-21T15:32:19.110667+00:00,1.0
2014-08-01,2014,2014-15,August,CRUDE OIL,IMPORT,15990.115609459739,Thousand Metric Tonnes (TMT),PPAC,1751964547_PT_IMPORT_TMT_H.xlsx,PT_Import_H_2014-15,10,2026-08-21T15:32:19.110667+00:00,1.0
2014-09-01,2014,2014-15,September,CRUDE OIL,IMPORT,15989.274013320002,Thousand Metric Tonnes (TMT),PPAC,1751964547_PT_IMPORT_TMT_H.xlsx,PT_Import_H_2014-15,10,2026-08-21T15:32:19.110667+00:00,1.0
2014-10-01,2014,2014-15,October,CRUDE OIL,IMPORT,16192.553907344998,Thousand Metric Tonnes (TMT),PPAC,1751964547_PT_IMPORT_TMT_H.xlsx,PT_Import_H_2014-15,10,2026-08-21T15:32:19.110667+00:00,1.0
2014-11-01,2014,2014-15,November,CRUDE OIL,IMPORT,15005.134175626,Thousand Metric Tonnes (TMT),PPAC,1751964547_PT_IMPORT_TMT_H.xlsx,PT_Import_H_2014-15,10,2026-08-21T15:32:19.110667+00:00,1.0
2014-12-01,2014,2014-15,December,CRUDE OIL,IMPORT,16820.206212207922,Thousand Metric Tonnes (TMT),PPAC,1751964547_PT_IMPORT_TMT_H.xlsx,PT_Import_H_2014-15,10,2026-08-21T15:32:19.110667+00:00,1.0
2015-01-01,2015,2014-15,January,CRUDE OIL,IMPORT,17714.539781822,Thousand Metric Tonnes (TMT),PPAC,1751964547_PT_IMPORT_TMT_H.xlsx,PT_Import_H_2014-15,10,2026-08-21T15:32:19.110667+00:00,1.0
2015-02-01,2015,2014-15,February,CRUDE OIL,IMPORT,12993.225715431,Thousand Metric Tonnes (TMT),PPAC,1751964547_PT_IMPORT_TMT_H.xlsx,PT_Import_H_2014-15,10,2026-08-21T15:32:19.110667+00:00,1.0
2015-03-01,2015,2014-15,March,CRUDE OIL,IMPORT,16489.429432626,Thousand Metric Tonnes (TMT),PPAC,1751964547_PT_IMPORT_TMT_H.xlsx,PT_Import_H_2014-15,10,2026-08-21T15:32:19.110667+00:00,1.0
2014-04-01,2014,2014-15,April,LPG,IMPORT,657.237253,Thousand Metric Tonnes (TMT),PPAC,1751964547_PT_IMPORT_TMT_H.xlsx,PT_Import_H_2014-15,12,2026-08-21T15:32:19.110667+00:00,1.0
2014-05-01,2014,2014-15,May,LPG,IMPORT,633.1052549999998,Thousand Metric Tonnes (TMT),PPAC,1751964547_PT_IMPORT_TMT_H.xlsx,PT_Import_H_2014-15,12,2026-08-21T15:32:19.110667+00:00,1.0
2014-06-01,2014,2014-15,June,LPG,IMPORT,563.682578,Thousand Metric Tonnes (TMT),PPAC,1751964547_PT_IMPORT_TMT_H.xlsx,PT_Import_H_2014-15,12,2026-08-21T15:32:19.110667+00:00,1.0
2014-07-01,2014,2014-15,July,LPG,IMPORT,711.418654,Thousand Metric Tonnes (TMT),PPAC,1751964547_PT_IMPORT_TMT_H.xlsx,PT_Import_H_2014-15,12,2026-08-21T15:32:19.110667+00:00,1.0
2014-08-01,2014,2014-15,August,LPG,IMPORT,623.685815,Thousand Metric Tonnes (TMT),PPAC,1751964547_PT_IMPORT_TMT_H.xlsx,PT_Import_H_2014-15,12,2026-08-21T15:32:19.110667+00:00,1.0
2014-09-01,2014,2014-15,September,LPG,IMPORT,757.9649989999999,Thousand Metric Tonnes (TMT),PPAC,1751964547_PT_IMPORT_TMT_H.xlsx,PT_Import_H_2014-15,12,2026-08-21T15:32:19.110667+00:00,1.0
2014-10-01,2014,2014-15,October,LPG,IMPORT,720.803757,Thousand Metric Tonnes (TMT),PPAC,1751964547_PT_IMPORT_TMT_H.xlsx,PT_Import_H_2014-15,12,2026-08-21T15:32:19.110667+00:00,1.0
2014-11-01,2014,2014-15,November,LPG,IMPORT,651.2177159999999,Thousand Metric Tonnes (TMT),PPAC,1751964547_PT_IMPORT_TMT_H.xlsx,PT_Import_H_2014-15,12,2026-08-21T15:32:19.110667+00:00,1.0
2014-12-01,2014,2014-15,December,LPG,IMPORT,816.4395680000001,Thousand Metric Tonnes (TMT),PPAC,1751964547_PT_IMPORT_TMT_H.xlsx,PT_Import_H_2014-15,12,2026-08-21T15:32:19.110667+00:00,1.0
2015-01-01,2015,2014-15,January,LPG,IMPORT,711.41548,Thousand Metric Tonnes (TMT),PPAC,1751964547_PT_IMPORT_TMT_H.xlsx,PT_Import_H_2014-15,12,2026-08-21T15:32:19.110667+00:00,1.0
2015-02-01,2015,2014-15,February,LPG,IMPORT,623.0430200000001,Thousand Metric Tonnes (TMT),PPAC,1751964547_PT_IMPORT_TMT_H.xlsx,PT_Import_H_2014-15,12,2026-08-21T15:32:19.110667+00:00,1.0
2015-03-01,2015,2014-15,March,LPG,IMPORT,843.380456,Thousand Metric Tonnes (TMT),PPAC,1751964547_PT_IMPORT_TMT_H.xlsx,PT_Import_H_2014-15,12,2026-08-21T15:32:19.110667+00:00,1.0
2014-04-01,2014,2014-15,April,MS,IMPORT,0.0,Thousand Metric Tonnes (TMT),PPAC,1751964547_PT_IMPORT_TMT_H.xlsx,PT_Import_H_2014-15,13,2026-08-21T15:32:19.110667+00:00,1.0
2014-05-01,2014,2014-15,May,MS,IMPORT,0.0,Thousand Metric Tonnes (TMT),PPAC,1751964547_PT_IMPORT_TMT_H.xlsx,PT_Import_H_2014-15,13,2026-08-21T15:32:19.110667+00:00,1.0
2014-06-01,2014,2014-15,June,MS,IMPORT,60.732511,Thousand Metric Tonnes (TMT),PPAC,1751964547_PT_IMPORT_TMT_H.xlsx,PT_Import_H_2014-15,13,2026-08-21T15:32:19.110667+00:00,1.0
2014-07-01,2014,2014-15,July,MS,IMPORT,143.299687,Thousand Metric Tonnes (TMT),PPAC,1751964547_PT_IMPORT_TMT_H.xlsx,PT_Import_H_2014-15,13,2026-08-21T15:32:19.110667+00:00,1.0
2014-08-01,2014,2014-15,August,MS,IMPORT,50.045629999999996,Thousand Metric Tonnes (TMT),PPAC,1751964547_PT_IMPORT_TMT_H.xlsx,PT_Import_H_2014-15,13,2026-08-21T15:32:19.110667+00:00,1.0
2014-09-01,2014,2014-15,September,MS,IMPORT,20.312917000000002,Thousand Metric Tonnes (TMT),PPAC,1751964547_PT_IMPORT_TMT_H.xlsx,PT_Import_H_2014-15,13,2026-08-21T15:32:19.110667+00:00,1.0
2014-10-01,2014,2014-15,October,MS,IMPORT,37.649578,Thousand Metric Tonnes (TMT),PPAC,1751964547_PT_IMPORT_TMT_H.xlsx,PT_Import_H_2014-15,13,2026-08-21T15:32:19.110667+00:00,1.0
2014-11-01,2014,2014-15,November,MS,IMPORT,15.625337,Thousand Metric Tonnes (TMT),PPAC,1751964547_PT_IMPORT_TMT_H.xlsx,PT_Import_H_2014-15,13,2026-08-21T15:32:19.110667+00:00,1.0
2014-12-01,2014,2014-15,December,MS,IMPORT,0.0,Thousand Metric Tonnes (TMT),PPAC,1751964547_PT_IMPORT_TMT_H.xlsx,PT_Import_H_2014-15,13,2026-08-21T15:32:19.110667+00:00,1.0
2015-01-01,2015,2014-15,January,MS,IMPORT,0.0,Thousand Metric Tonnes (TMT),PPAC,1751964547_PT_IMPORT_TMT_H.xlsx,PT_Import_H_2014-15,13,2026-08-21T15:32:19.110667+00:00,1.0
2015-02-01,2015,2014-15,February,MS,IMPORT,0.0,Thousand Metric Tonnes (TMT),PPAC,1751964547_PT_IMPORT_TMT_H.xlsx,PT_Import_H_2014-15,13,2026-08-21T15:32:19.110667+00:00,1.0
2015-03-01,2015,2014-15,March,MS,IMPORT,44.108732,Thousand Metric Tonnes (TMT),PPAC,1751964547_PT_IMPORT_TMT_H.xlsx,PT_Import_H_2014-15,13,2026-08-21T15:32:19.110667+00:00,1.0
2014-04-01,2014,2014-15,April,Naphtha,IMPORT,46.056,Thousand Metric Tonnes (TMT),PPAC,1751964547_PT_IMPORT_TMT_H.xlsx,PT_Import_H_2014-15,14,2026-08-21T15:32:19.110667+00:00,1.0
2014-05-01,2014,2014-15,May,Naphtha,IMPORT,66.44019,Thousand Metric Tonnes (TMT),PPAC,1751964547_PT_IMPORT_TMT_H.xlsx,PT_Import_H_2014-15,14,2026-08-21T15:32:19.110667+00:00,1.0
2014-06-01,2014,2014-15,June,Naphtha,IMPORT,69.13957,Thousand Metric Tonnes (TMT),PPAC,1751964547_PT_IMPORT_TMT_H.xlsx,PT_Import_H_2014-15,14,2026-08-21T15:32:19.110667+00:00,1.0
2014-07-01,2014,2014-15,July,Naphtha,IMPORT,71.740165,Thousand Metric Tonnes (TMT),PPAC,1751964547_PT_IMPORT_TMT_H.xlsx,PT_Import_H_2014-15,14,2026-08-21T15:32:19.110667+00:00,1.0
2014-08-01,2014,2014-15,August,Naphtha,IMPORT,98.928206,Thousand Metric Tonnes (TMT),PPAC,1751964547_PT_IMPORT_TMT_H.xlsx,PT_Import_H_2014-15,14,2026-08-21T15:32:19.110667+00:00,1.0
2014-09-01,2014,2014-15,September,Naphtha,IMPORT,61.976937,Thousand Metric Tonnes (TMT),PPAC,1751964547_PT_IMPORT_TMT_H.xlsx,PT_Import_H_2014-15,14,2026-08-21T15:32:19.110667+00:00,1.0
2014-10-01,2014,2014-15,October,Naphtha,IMPORT,0.0,Thousand Metric Tonnes (TMT),PPAC,1751964547_PT_IMPORT_TMT_H.xlsx,PT_Import_H_2014-15,14,2026-08-21T15:32:19.110667+00:00,1.0
2014-11-01,2014,2014-15,November,Naphtha,IMPORT,23.456,Thousand Metric Tonnes (TMT),PPAC,1751964547_PT_IMPORT_TMT_H.xlsx,PT_Import_H_2014-15,14,2026-08-21T15:32:19.110667+00:00,1.0
2014-12-01,2014,2014-15,December,Naphtha,IMPORT,47.068,Thousand Metric Tonnes (TMT),PPAC,1751964547_PT_IMPORT_TMT_H.xlsx,PT_Import_H_2014-15,14,2026-08-21T15:32:19.110667+00:00,1.0
2015-01-01,2015,2014-15,January,Naphtha,IMPORT,85.66559799999999,Thousand Metric Tonnes (TMT),PPAC,1751964547_PT_IMPORT_TMT_H.xlsx,PT_Import_H_2014-15,14,2026-08-21T15:32:19.110667+00:00,1.0
2015-02-01,2015,2014-15,February,Naphtha,IMPORT,136.66694999999999,Thousand Metric Tonnes (TMT),PPAC,1751964547_PT_IMPORT_TMT_H.xlsx,PT_Import_H_2014-15,14,2026-08-21T15:32:19.110667+00:00,1.0
2015-03-01,2015,2014-15,March,Naphtha,IMPORT,327.128636,Thousand Metric Tonnes (TMT),PPAC,1751964547_PT_IMPORT_TMT_H.xlsx,PT_Import_H_2014-15,14,2026-08-21T15:32:19.110667+00:00,1.0
2014-04-01,2014,2014-15,April,ATF,IMPORT,10.481,Thousand Metric Tonnes (TMT),PPAC,1751964547_PT_IMPORT_TMT_H.xlsx,PT_Import_H_2014-15,15,2026-08-21T15:32:19.110667+00:00,1.0
2014-05-01,2014,2014-15,May,ATF,IMPORT,5.196,Thousand Metric Tonnes (TMT),PPAC,1751964547_PT_IMPORT_TMT_H.xlsx,PT_Import_H_2014-15,15,2026-08-21T15:32:19.110667+00:00,1.0
2014-06-01,2014,2014-15,June,ATF,IMPORT,0.0,Thousand Metric Tonnes (TMT),PPAC,1751964547_PT_IMPORT_TMT_H.xlsx,PT_Import_H_2014-15,15,2026-08-21T15:32:19.110667+00:00,1.0
2014-07-01,2014,2014-15,July,ATF,IMPORT,5.491,Thousand Metric Tonnes (TMT),PPAC,1751964547_PT_IMPORT_TMT_H.xlsx,PT_Import_H_2014-15,15,2026-08-21T15:32:19.110667+00:00,1.0
2014-08-01,2014,2014-15,August,ATF,IMPORT,14.274,Thousand Metric Tonnes (TMT),PPAC,1751964547_PT_IMPORT_TMT_H.xlsx,PT_Import_H_2014-15,15,2026-08-21T15:32:19.110667+00:00,1.0
2014-09-01,2014,2014-15,September,ATF,IMPORT,20.844,Thousand Metric Tonnes (TMT),PPAC,1751964547_PT_IMPORT_TMT_H.xlsx,PT_Import_H_2014-15,15,2026-08-21T15:32:19.110667+00:00,1.0
2014-10-01,2014,2014-15,October,ATF,IMPORT,13.996,Thousand Metric Tonnes (TMT),PPAC,1751964547_PT_IMPORT_TMT_H.xlsx,PT_Import_H_2014-15,15,2026-08-21T15:32:19.110667+00:00,1.0
2014-11-01,2014,2014-15,November,ATF,IMPORT,5.248,Thousand Metric Tonnes (TMT),PPAC,1751964547_PT_IMPORT_TMT_H.xlsx,PT_Import_H_2014-15,15,2026-08-21T15:32:19.110667+00:00,1.0
2014-12-01,2014,2014-15,December,ATF,IMPORT,14.405,Thousand Metric Tonnes (TMT),PPAC,1751964547_PT_IMPORT_TMT_H.xlsx,PT_Import_H_2014-15,15,2026-08-21T15:32:19.110667+00:00,1.0
2015-01-01,2015,2014-15,January,ATF,IMPORT,19.019,Thousand Metric Tonnes (TMT),PPAC,1751964547_PT_IMPORT_TMT_H.xlsx,PT_Import_H_2014-15,15,2026-08-21T15:32:19.110667+00:00,1.0
2015-02-01,2015,2014-15,February,ATF,IMPORT,10.759,Thousand Metric Tonnes (TMT),PPAC,1751964547_PT_IMPORT_TMT_H.xlsx,PT_Import_H_2014-15,15,2026-08-21T15:32:19.110667+00:00,1.0
2015-03-01,2015,2014-15,March,ATF,IMPORT,19.917,Thousand Metric Tonnes (TMT),PPAC,1751964547_PT_IMPORT_TMT_H.xlsx,PT_Import_H_2014-15,15,2026-08-21T15:32:19.110667+00:00,1.0
2014-04-01,2014,2014-15,April,SKO,IMPORT,0.0,Thousand Metric Tonnes (TMT),PPAC,1751964547_PT_IMPORT_TMT_H.xlsx,PT_Import_H_2014-15,16,2026-08-21T15:32:19.110667+00:00,1.0
2014-05-01,2014,2014-15,May,SKO,IMPORT,29.638436000000002,Thousand Metric Tonnes (TMT),PPAC,1751964547_PT_IMPORT_TMT_H.xlsx,PT_Import_H_2014-15,16,2026-08-21T15:32:19.110667+00:00,1.0
2014-06-01,2014,2014-15,June,SKO,IMPORT,0.0,Thousand Metric Tonnes (TMT),PPAC,1751964547_PT_IMPORT_TMT_H.xlsx,PT_Import_H_2014-15,16,2026-08-21T15:32:19.110667+00:00,1.0
2014-07-01,2014,2014-15,July,SKO,IMPORT,0.0,Thousand Metric Tonnes (TMT),PPAC,1751964547_PT_IMPORT_TMT_H.xlsx,PT_Import_H_2014-15,16,2026-08-21T15:32:19.110667+00:00,1.0
2014-08-01,2014,2014-15,August,SKO,IMPORT,0.0,Thousand Metric Tonnes (TMT),PPAC,1751964547_PT_IMPORT_TMT_H.xlsx,PT_Import_H_2014-15,16,2026-08-21T15:32:19.110667+00:00,1.0
2014-09-01,2014,2014-15,September,SKO,IMPORT,0.0,Thousand Metric Tonnes (TMT),PPAC,1751964547_PT_IMPORT_TMT_H.xlsx,PT_Import_H_2014-15,16,2026-08-21T15:32:19.110667+00:00,1.0
2014-10-01,2014,2014-15,October,SKO,IMPORT,0.0,Thousand Metric Tonnes (TMT),PPAC,1751964547_PT_IMPORT_TMT_H.xlsx,PT_Import_H_2014-15,16,2026-08-21T15:32:19.110667+00:00,1.0
2014-11-01,2014,2014-15,November,SKO,IMPORT,0.0,Thousand Metric Tonnes (TMT),PPAC,1751964547_PT_IMPORT_TMT_H.xlsx,PT_Import_H_2014-15,16,2026-08-21T15:32:19.110667+00:00,1.0
2014-12-01,2014,2014-15,December,SKO,IMPORT,0.0,Thousand Metric Tonnes (TMT),PPAC,1751964547_PT_IMPORT_TMT_H.xlsx,PT_Import_H_2014-15,16,2026-08-21T15:32:19.110667+00:00,1.0
2015-01-01,2015,2014-15,January,SKO,IMPORT,0.0,Thousand Metric Tonnes (TMT),PPAC,1751964547_PT_IMPORT_TMT_H.xlsx,PT_Import_H_2014-15,16,2026-08-21T15:32:19.110667+00:00,1.0
2015-02-01,2015,2014-15,February,SKO,IMPORT,0.0,Thousand Metric Tonnes (TMT),PPAC,1751964547_PT_IMPORT_TMT_H.xlsx,PT_Import_H_2014-15,16,2026-08-21T15:32:19.110667+00:00,1.0
2015-03-01,2015,2014-15,March,SKO,IMPORT,0.0,Thousand Metric Tonnes (TMT),PPAC,1751964547_PT_IMPORT_TMT_H.xlsx,PT_Import_H_2014-15,16,2026-08-21T15:32:19.110667+00:00,1.0
2014-04-01,2014,2014-15,April,HSD,IMPORT,0.096,Thousand Metric Tonnes (TMT),PPAC,1751964547_PT_IMPORT_TMT_H.xlsx,PT_Import_H_2014-15,17,2026-08-21T15:32:19.110667+00:00,1.0
2014-05-01,2014,2014-15,May,HSD,IMPORT,4.749,Thousand Metric Tonnes (TMT),PPAC,1751964547_PT_IMPORT_TMT_H.xlsx,PT_Import_H_2014-15,17,2026-08-21T15:32:19.110667+00:00,1.0
2014-06-01,2014,2014-15,June,HSD,IMPORT,2.391,Thousand Metric Tonnes (TMT),PPAC,1751964547_PT_IMPORT_TMT_H.xlsx,PT_Import_H_2014-15,17,2026-08-21T15:32:19.110667+00:00,1.0
2014-07-01,2014,2014-15,July,HSD,IMPORT,50.697436,Thousand Metric Tonnes (TMT),PPAC,1751964547_PT_IMPORT_TMT_H.xlsx,PT_Import_H_2014-15,17,2026-08-21T15:32:19.110667+00:00,1.0
2014-08-01,2014,2014-15,August,HSD,IMPORT,1.282,Thousand Metric Tonnes (TMT),PPAC,1751964547_PT_IMPORT_TMT_H.xlsx,PT_Import_H_2014-15,17,2026-08-21T15:32:19.110667+00:00,1.0
2014-09-01,2014,2014-15,September,HSD,IMPORT,6.215,Thousand Metric Tonnes (TMT),PPAC,1751964547_PT_IMPORT_TMT_H.xlsx,PT_Import_H_2014-15,17,2026-08-21T15:32:19.110667+00:00,1.0
2014-10-01,2014,2014-15,October,HSD,IMPORT,9.553,Thousand Metric Tonnes (TMT),PPAC,1751964547_PT_IMPORT_TMT_H.xlsx,PT_Import_H_2014-15,17,2026-08-21T15:32:19.110667+00:00,1.0
2014-11-01,2014,2014-15,November,HSD,IMPORT,8.302,Thousand Metric Tonnes (TMT),PPAC,1751964547_PT_IMPORT_TMT_H.xlsx,PT_Import_H_2014-15,17,2026-08-21T15:32:19.110667+00:00,1.0
2014-12-01,2014,2014-15,December,HSD,IMPORT,10.423,Thousand Metric Tonnes (TMT),PPAC,1751964547_PT_IMPORT_TMT_H.xlsx,PT_Import_H_2014-15,17,2026-08-21T15:32:19.110667+00:00,1.0
2015-01-01,2015,2014-15,January,HSD,IMPORT,2.579,Thousand Metric Tonnes (TMT),PPAC,1751964547_PT_IMPORT_TMT_H.xlsx,PT_Import_H_2014-15,17,2026-08-21T15:32:19.110667+00:00,1.0
2015-02-01,2015,2014-15,February,HSD,IMPORT,9.783,Thousand Metric Tonnes (TMT),PPAC,1751964547_PT_IMPORT_TMT_H.xlsx,PT_Import_H_2014-15,17,2026-08-21T15:32:19.110667+00:00,1.0
2015-03-01,2015,2014-15,March,HSD,IMPORT,17.564,Thousand Metric Tonnes (TMT),PPAC,1751964547_PT_IMPORT_TMT_H.xlsx,PT_Import_H_2014-15,17,2026-08-21T15:32:19.110667+00:00,1.0
2014-04-01,2014,2014-15,April,LOBS/ Lube oil,IMPORT,273.312,Thousand Metric Tonnes (TMT),PPAC,1751964547_PT_IMPORT_TMT_H.xlsx,PT_Import_H_2014-15,18,2026-08-21T15:32:19.110667+00:00,1.0
2014-05-01,2014,2014-15,May,LOBS/ Lube oil,IMPORT,364.617,Thousand Metric Tonnes (TMT),PPAC,1751964547_PT_IMPORT_TMT_H.xlsx,PT_Import_H_2014-15,18,2026-08-21T15:32:19.110667+00:00,1.0
2014-06-01,2014,2014-15,June,LOBS/ Lube oil,IMPORT,111.441,Thousand Metric Tonnes (TMT),PPAC,1751964547_PT_IMPORT_TMT_H.xlsx,PT_Import_H_2014-15,18,2026-08-21T15:32:19.110667+00:00,1.0
2014-07-01,2014,2014-15,July,LOBS/ Lube oil,IMPORT,149.599,Thousand Metric Tonnes (TMT),PPAC,1751964547_PT_IMPORT_TMT_H.xlsx,PT_Import_H_2014-15,18,2026-08-21T15:32:19.110667+00:00,1.0
2014-08-01,2014,2014-15,August,LOBS/ Lube oil,IMPORT,236.527,Thousand Metric Tonnes (TMT),PPAC,1751964547_PT_IMPORT_TMT_H.xlsx,PT_Import_H_2014-15,18,2026-08-21T15:32:19.110667+00:00,1.0
2014-09-01,2014,2014-15,September,LOBS/ Lube oil,IMPORT,136.139,Thousand Metric Tonnes (TMT),PPAC,1751964547_PT_IMPORT_TMT_H.xlsx,PT_Import_H_2014-15,18,2026-08-21T15:32:19.110667+00:00,1.0
2014-10-01,2014,2014-15,October,LOBS/ Lube oil,IMPORT,170.513,Thousand Metric Tonnes (TMT),PPAC,1751964547_PT_IMPORT_TMT_H.xlsx,PT_Import_H_2014-15,18,2026-08-21T15:32:19.110667+00:00,1.0
2014-11-01,2014,2014-15,November,LOBS/ Lube oil,IMPORT,144.336,Thousand Metric Tonnes (TMT),PPAC,1751964547_PT_IMPORT_TMT_H.xlsx,PT_Import_H_2014-15,18,2026-08-21T15:32:19.110667+00:00,1.0
2014-12-01,2014,2014-15,December,LOBS/ Lube oil,IMPORT,129.271,Thousand Metric Tonnes (TMT),PPAC,1751964547_PT_IMPORT_TMT_H.xlsx,PT_Import_H_2014-15,18,2026-08-21T15:32:19.110667+00:00,1.0
2015-01-01,2015,2014-15,January,LOBS/ Lube oil,IMPORT,100.416,Thousand Metric Tonnes (TMT),PPAC,1751964547_PT_IMPORT_TMT_H.xlsx,PT_Import_H_2014-15,18,2026-08-21T15:32:19.110667+00:00,1.0
2015-02-01,2015,2014-15,February,LOBS/ Lube oil,IMPORT,151.498,Thousand Metric Tonnes (TMT),PPAC,1751964547_PT_IMPORT_TMT_H.xlsx,PT_Import_H_2014-15,18,2026-08-21T15:32:19.110667+00:00,1.0
2015-03-01,2015,2014-15,March,LOBS/ Lube oil,IMPORT,180.442,Thousand Metric Tonnes (TMT),PPAC,1751964547_PT_IMPORT_TMT_H.xlsx,PT_Import_H_2014-15,18,2026-08-21T15:32:19.110667+00:00,1.0
2014-04-01,2014,2014-15,April,Fuel Oil,IMPORT,158.941,Thousand Metric Tonnes (TMT),PPAC,1751964547_PT_IMPORT_TMT_H.xlsx,PT_Import_H_2014-15,19,2026-08-21T15:32:19.110667+00:00,1.0
2014-05-01,2014,2014-15,May,Fuel Oil,IMPORT,123.856,Thousand Metric Tonnes (TMT),PPAC,1751964547_PT_IMPORT_TMT_H.xlsx,PT_Import_H_2014-15,19,2026-08-21T15:32:19.110667+00:00,1.0
2014-06-01,2014,2014-15,June,Fuel Oil,IMPORT,125.75,Thousand Metric Tonnes (TMT),PPAC,1751964547_PT_IMPORT_TMT_H.xlsx,PT_Import_H_2014-15,19,2026-08-21T15:32:19.110667+00:00,1.0
2014-07-01,2014,2014-15,July,Fuel Oil,IMPORT,19.552,Thousand Metric Tonnes (TMT),PPAC,1751964547_PT_IMPORT_TMT_H.xlsx,PT_Import_H_2014-15,19,2026-08-21T15:32:19.110667+00:00,1.0
2014-08-01,2014,2014-15,August,Fuel Oil,IMPORT,105.768,Thousand Metric Tonnes (TMT),PPAC,1751964547_PT_IMPORT_TMT_H.xlsx,PT_Import_H_2014-15,19,2026-08-21T15:32:19.110667+00:00,1.0
2014-09-01,2014,2014-15,September,Fuel Oil,IMPORT,76.177,Thousand Metric Tonnes (TMT),PPAC,1751964547_PT_IMPORT_TMT_H.xlsx,PT_Import_H_2014-15,19,2026-08-21T15:32:19.110667+00:00,1.0
2014-10-01,2014,2014-15,October,Fuel Oil,IMPORT,11.839,Thousand Metric Tonnes (TMT),PPAC,1751964547_PT_IMPORT_TMT_H.xlsx,PT_Import_H_2014-15,19,2026-08-21T15:32:19.110667+00:00,1.0
2014-11-01,2014,2014-15,November,Fuel Oil,IMPORT,60.774,Thousand Metric Tonnes (TMT),PPAC,1751964547_PT_IMPORT_TMT_H.xlsx,PT_Import_H_2014-15,19,2026-08-21T15:32:19.110667+00:00,1.0
2014-12-01,2014,2014-15,December,Fuel Oil,IMPORT,29.862,Thousand Metric Tonnes (TMT),PPAC,1751964547_PT_IMPORT_TMT_H.xlsx,PT_Import_H_2014-15,19,2026-08-21T15:32:19.110667+00:00,1.0
2015-01-01,2015,2014-15,January,Fuel Oil,IMPORT,86.795435,Thousand Metric Tonnes (TMT),PPAC,1751964547_PT_IMPORT_TMT_H.xlsx,PT_Import_H_2014-15,19,2026-08-21T15:32:19.110667+00:00,1.0
2015-02-01,2015,2014-15,February,Fuel Oil,IMPORT,53.195736000000004,Thousand Metric Tonnes (TMT),PPAC,1751964547_PT_IMPORT_TMT_H.xlsx,PT_Import_H_2014-15,19,2026-08-21T15:32:19.110667+00:00,1.0
2015-03-01,2015,2014-15,March,Fuel Oil,IMPORT,49.557044,Thousand Metric Tonnes (TMT),PPAC,1751964547_PT_IMPORT_TMT_H.xlsx,PT_Import_H_2014-15,19,2026-08-21T15:32:19.110667+00:00,1.0
2014-04-01,2014,2014-15,April,Bitumen,IMPORT,36.113575,Thousand Metric Tonnes (TMT),PPAC,1751964547_PT_IMPORT_TMT_H.xlsx,PT_Import_H_2014-15,20,2026-08-21T15:32:19.110667+00:00,1.0
2014-05-01,2014,2014-15,May,Bitumen,IMPORT,38.777261,Thousand Metric Tonnes (TMT),PPAC,1751964547_PT_IMPORT_TMT_H.xlsx,PT_Import_H_2014-15,20,2026-08-21T15:32:19.110667+00:00,1.0
2014-06-01,2014,2014-15,June,Bitumen,IMPORT,30.937423000000003,Thousand Metric Tonnes (TMT),PPAC,1751964547_PT_IMPORT_TMT_H.xlsx,PT_Import_H_2014-15,20,2026-08-21T15:32:19.110667+00:00,1.0
2014-07-01,2014,2014-15,July,Bitumen,IMPORT,15.965710000000001,Thousand Metric Tonnes (TMT),PPAC,1751964547_PT_IMPORT_TMT_H.xlsx,PT_Import_H_2014-15,20,2026-08-21T15:32:19.110667+00:00,1.0
2014-08-01,2014,2014-15,August,Bitumen,IMPORT,25.638129999999997,Thousand Metric Tonnes (TMT),PPAC,1751964547_PT_IMPORT_TMT_H.xlsx,PT_Import_H_2014-15,20,2026-08-21T15:32:19.110667+00:00,1.0
2014-09-01,2014,2014-15,September,Bitumen,IMPORT,20.555105,Thousand Metric Tonnes (TMT),PPAC,1751964547_PT_IMPORT_TMT_H.xlsx,PT_Import_H_2014-15,20,2026-08-21T15:32:19.110667+00:00,1.0
2014-10-01,2014,2014-15,October,Bitumen,IMPORT,30.188076999999996,Thousand Metric Tonnes (TMT),PPAC,1751964547_PT_IMPORT_TMT_H.xlsx,PT_Import_H_2014-15,20,2026-08-21T15:32:19.110667+00:00,1.0
2014-11-01,2014,2014-15,November,Bitumen,IMPORT,56.09254500000001,Thousand Metric Tonnes (TMT),PPAC,1751964547_PT_IMPORT_TMT_H.xlsx,PT_Import_H_2014-15,20,2026-08-21T15:32:19.110667+00:00,1.0
2014-12-01,2014,2014-15,December,Bitumen,IMPORT,63.660599999999995,Thousand Metric Tonnes (TMT),PPAC,1751964547_PT_IMPORT_TMT_H.xlsx,PT_Import_H_2014-15,20,2026-08-21T15:32:19.110667+00:00,1.0
2015-01-01,2015,2014-15,January,Bitumen,IMPORT,52.104119000000004,Thousand Metric Tonnes (TMT),PPAC,1751964547_PT_IMPORT_TMT_H.xlsx,PT_Import_H_2014-15,20,2026-08-21T15:32:19.110667+00:00,1.0
2015-02-01,2015,2014-15,February,Bitumen,IMPORT,63.214615,Thousand Metric Tonnes (TMT),PPAC,1751964547_PT_IMPORT_TMT_H.xlsx,PT_Import_H_2014-15,20,2026-08-21T15:32:19.110667+00:00,1.0
2015-03-01,2015,2014-15,March,Bitumen,IMPORT,83.754271,Thousand Metric Tonnes (TMT),PPAC,1751964547_PT_IMPORT_TMT_H.xlsx,PT_Import_H_2014-15,20,2026-08-21T15:32:19.110667+00:00,1.0
2014-04-01,2014,2014-15,April,Others&,IMPORT,422.1420079999998,Thousand Metric Tonnes (TMT),PPAC,1751964547_PT_IMPORT_TMT_H.xlsx,PT_Import_H_2014-15,21,2026-08-21T15:32:19.110667+00:00,1.0
2014-05-01,2014,2014-15,May,Others&,IMPORT,491.1043000000003,Thousand Metric Tonnes (TMT),PPAC,1751964547_PT_IMPORT_TMT_H.xlsx,PT_Import_H_2014-15,21,2026-08-21T15:32:19.110667+00:00,1.0
2014-06-01,2014,2014-15,June,Others&,IMPORT,662.398827,Thousand Metric Tonnes (TMT),PPAC,1751964547_PT_IMPORT_TMT_H.xlsx,PT_Import_H_2014-15,21,2026-08-21T15:32:19.110667+00:00,1.0
2014-07-01,2014,2014-15,July,Others&,IMPORT,627.8577710000002,Thousand Metric Tonnes (TMT),PPAC,1751964547_PT_IMPORT_TMT_H.xlsx,PT_Import_H_2014-15,21,2026-08-21T15:32:19.110667+00:00,1.0
2014-08-01,2014,2014-15,August,Others&,IMPORT,645.5319639999999,Thousand Metric Tonnes (TMT),PPAC,1751964547_PT_IMPORT_TMT_H.xlsx,PT_Import_H_2014-15,21,2026-08-21T15:32:19.110667+00:00,1.0
2014-09-01,2014,2014-15,September,Others&,IMPORT,866.1771170000002,Thousand Metric Tonnes (TMT),PPAC,1751964547_PT_IMPORT_TMT_H.xlsx,PT_Import_H_2014-15,21,2026-08-21T15:32:19.110667+00:00,1.0
2014-10-01,2014,2014-15,October,Others&,IMPORT,502.66676799999993,Thousand Metric Tonnes (TMT),PPAC,1751964547_PT_IMPORT_TMT_H.xlsx,PT_Import_H_2014-15,21,2026-08-21T15:32:19.110667+00:00,1.0
2014-11-01,2014,2014-15,November,Others&,IMPORT,659.3273339999997,Thousand Metric Tonnes (TMT),PPAC,1751964547_PT_IMPORT_TMT_H.xlsx,PT_Import_H_2014-15,21,2026-08-21T15:32:19.110667+00:00,1.0
2014-12-01,2014,2014-15,December,Others&,IMPORT,783.8803890000004,Thousand Metric Tonnes (TMT),PPAC,1751964547_PT_IMPORT_TMT_H.xlsx,PT_Import_H_2014-15,21,2026-08-21T15:32:19.110667+00:00,1.0
2015-01-01,2015,2014-15,January,Others&,IMPORT,634.891746,Thousand Metric Tonnes (TMT),PPAC,1751964547_PT_IMPORT_TMT_H.xlsx,PT_Import_H_2014-15,21,2026-08-21T15:32:19.110667+00:00,1.0
2015-02-01,2015,2014-15,February,Others&,IMPORT,772.0141370000001,Thousand Metric Tonnes (TMT),PPAC,1751964547_PT_IMPORT_TMT_H.xlsx,PT_Import_H_2014-15,21,2026-08-21T15:32:19.110667+00:00,1.0
2015-03-01,2015,2014-15,March,Others&,IMPORT,653.6514830000002,Thousand Metric Tonnes (TMT),PPAC,1751964547_PT_IMPORT_TMT_H.xlsx,PT_Import_H_2014-15,21,2026-08-21T15:32:19.110667+00:00,1.0
2014-04-01,2014,2014-15,April,LPG,EXPORT,20.614384,Thousand Metric Tonnes (TMT),PPAC,1751964547_PT_IMPORT_TMT_H.xlsx,PT_Import_H_2014-15,25,2026-08-21T15:32:19.110667+00:00,1.0
2014-05-01,2014,2014-15,May,LPG,EXPORT,21.052841,Thousand Metric Tonnes (TMT),PPAC,1751964547_PT_IMPORT_TMT_H.xlsx,PT_Import_H_2014-15,25,2026-08-21T15:32:19.110667+00:00,1.0
2014-06-01,2014,2014-15,June,LPG,EXPORT,17.284395,Thousand Metric Tonnes (TMT),PPAC,1751964547_PT_IMPORT_TMT_H.xlsx,PT_Import_H_2014-15,25,2026-08-21T15:32:19.110667+00:00,1.0
2014-07-01,2014,2014-15,July,LPG,EXPORT,20.018066,Thousand Metric Tonnes (TMT),PPAC,1751964547_PT_IMPORT_TMT_H.xlsx,PT_Import_H_2014-15,25,2026-08-21T15:32:19.110667+00:00,1.0
2014-08-01,2014,2014-15,August,LPG,EXPORT,16.065,Thousand Metric Tonnes (TMT),PPAC,1751964547_PT_IMPORT_TMT_H.xlsx,PT_Import_H_2014-15,25,2026-08-21T15:32:19.110667+00:00,1.0
2014-09-01,2014,2014-15,September,LPG,EXPORT,21.293679,Thousand Metric Tonnes (TMT),PPAC,1751964547_PT_IMPORT_TMT_H.xlsx,PT_Import_H_2014-15,25,2026-08-21T15:32:19.110667+00:00,1.0
2014-10-01,2014,2014-15,October,LPG,EXPORT,18.408804,Thousand Metric Tonnes (TMT),PPAC,1751964547_PT_IMPORT_TMT_H.xlsx,PT_Import_H_2014-15,25,2026-08-21T15:32:19.110667+00:00,1.0
2014-11-01,2014,2014-15,November,LPG,EXPORT,20.020124,Thousand Metric Tonnes (TMT),PPAC,1751964547_PT_IMPORT_TMT_H.xlsx,PT_Import_H_2014-15,25,2026-08-21T15:32:19.110667+00:00,1.0
2014-12-01,2014,2014-15,December,LPG,EXPORT,18.886371,Thousand Metric Tonnes (TMT),PPAC,1751964547_PT_IMPORT_TMT_H.xlsx,PT_Import_H_2014-15,25,2026-08-21T15:32:19.110667+00:00,1.0
2015-01-01,2015,2014-15,January,LPG,EXPORT,26.156762,Thousand Metric Tonnes (TMT),PPAC,1751964547_PT_IMPORT_TMT_H.xlsx,PT_Import_H_2014-15,25,2026-08-21T15:32:19.110667+00:00,1.0
2015-02-01,2015,2014-15,February,LPG,EXPORT,26.055482,Thousand Metric Tonnes (TMT),PPAC,1751964547_PT_IMPORT_TMT_H.xlsx,PT_Import_H_2014-15,25,2026-08-21T15:32:19.110667+00:00,1.0
2015-03-01,2015,2014-15,March,LPG,EXPORT,27.690415,Thousand Metric Tonnes (TMT),PPAC,1751964547_PT_IMPORT_TMT_H.xlsx,PT_Import_H_2014-15,25,2026-08-21T15:32:19.110667+00:00,1.0
2014-04-01,2014,2014-15,April,MS!,EXPORT,1199.785048,Thousand Metric Tonnes (TMT),PPAC,1751964547_PT_IMPORT_TMT_H.xlsx,PT_Import_H_2014-15,26,2026-08-21T15:32:19.110667+00:00,1.0
2014-05-01,2014,2014-15,May,MS!,EXPORT,1458.7064540000001,Thousand Metric Tonnes (TMT),PPAC,1751964547_PT_IMPORT_TMT_H.xlsx,PT_Import_H_2014-15,26,2026-08-21T15:32:19.110667+00:00,1.0
2014-06-01,2014,2014-15,June,MS!,EXPORT,1403.678594,Thousand Metric Tonnes (TMT),PPAC,1751964547_PT_IMPORT_TMT_H.xlsx,PT_Import_H_2014-15,26,2026-08-21T15:32:19.110667+00:00,1.0
2014-07-01,2014,2014-15,July,MS!,EXPORT,1240.757471,Thousand Metric Tonnes (TMT),PPAC,1751964547_PT_IMPORT_TMT_H.xlsx,PT_Import_H_2014-15,26,2026-08-21T15:32:19.110667+00:00,1.0
2014-08-01,2014,2014-15,August,MS!,EXPORT,1434.788681,Thousand Metric Tonnes (TMT),PPAC,1751964547_PT_IMPORT_TMT_H.xlsx,PT_Import_H_2014-15,26,2026-08-21T15:32:19.110667+00:00,1.0
2014-09-01,2014,2014-15,September,MS!,EXPORT,1276.300084,Thousand Metric Tonnes (TMT),PPAC,1751964547_PT_IMPORT_TMT_H.xlsx,PT_Import_H_2014-15,26,2026-08-21T15:32:19.110667+00:00,1.0
2014-10-01,2014,2014-15,October,MS!,EXPORT,1391.054627,Thousand Metric Tonnes (TMT),PPAC,1751964547_PT_IMPORT_TMT_H.xlsx,PT_Import_H_2014-15,26,2026-08-21T15:32:19.110667+00:00,1.0
2014-11-01,2014,2014-15,November,MS!,EXPORT,1311.188654,Thousand Metric Tonnes (TMT),PPAC,1751964547_PT_IMPORT_TMT_H.xlsx,PT_Import_H_2014-15,26,2026-08-21T15:32:19.110667+00:00,1.0
2014-12-01,2014,2014-15,December,MS!,EXPORT,1666.903063,Thousand Metric Tonnes (TMT),PPAC,1751964547_PT_IMPORT_TMT_H.xlsx,PT_Import_H_2014-15,26,2026-08-21T15:32:19.110667+00:00,1.0
2015-01-01,2015,2014-15,January,MS!,EXPORT,1352.180366,Thousand Metric Tonnes (TMT),PPAC,1751964547_PT_IMPORT_TMT_H.xlsx,PT_Import_H_2014-15,26,2026-08-21T15:32:19.110667+00:00,1.0
2015-02-01,2015,2014-15,February,MS!,EXPORT,1245.7215110000002,Thousand Metric Tonnes (TMT),PPAC,1751964547_PT_IMPORT_TMT_H.xlsx,PT_Import_H_2014-15,26,2026-08-21T15:32:19.110667+00:00,1.0
2015-03-01,2015,2014-15,March,MS!,EXPORT,1066.617123,Thousand Metric Tonnes (TMT),PPAC,1751964547_PT_IMPORT_TMT_H.xlsx,PT_Import_H_2014-15,26,2026-08-21T15:32:19.110667+00:00,1.0
2014-04-01,2014,2014-15,April,Naphtha,EXPORT,539.727794,Thousand Metric Tonnes (TMT),PPAC,1751964547_PT_IMPORT_TMT_H.xlsx,PT_Import_H_2014-15,27,2026-08-21T15:32:19.110667+00:00,1.0
2014-05-01,2014,2014-15,May,Naphtha,EXPORT,521.543487,Thousand Metric Tonnes (TMT),PPAC,1751964547_PT_IMPORT_TMT_H.xlsx,PT_Import_H_2014-15,27,2026-08-21T15:32:19.110667+00:00,1.0
2014-06-01,2014,2014-15,June,Naphtha,EXPORT,685.0731000000001,Thousand Metric Tonnes (TMT),PPAC,1751964547_PT_IMPORT_TMT_H.xlsx,PT_Import_H_2014-15,27,2026-08-21T15:32:19.110667+00:00,1.0
2014-07-01,2014,2014-15,July,Naphtha,EXPORT,580.952602,Thousand Metric Tonnes (TMT),PPAC,1751964547_PT_IMPORT_TMT_H.xlsx,PT_Import_H_2014-15,27,2026-08-21T15:32:19.110667+00:00,1.0
2014-08-01,2014,2014-15,August,Naphtha,EXPORT,571.594278,Thousand Metric Tonnes (TMT),PPAC,1751964547_PT_IMPORT_TMT_H.xlsx,PT_Import_H_2014-15,27,2026-08-21T15:32:19.110667+00:00,1.0
2014-09-01,2014,2014-15,September,Naphtha,EXPORT,709.258104,Thousand Metric Tonnes (TMT),PPAC,1751964547_PT_IMPORT_TMT_H.xlsx,PT_Import_H_2014-15,27,2026-08-21T15:32:19.110667+00:00,1.0
2014-10-01,2014,2014-15,October,Naphtha,EXPORT,540.0278569999999,Thousand Metric Tonnes (TMT),PPAC,1751964547_PT_IMPORT_TMT_H.xlsx,PT_Import_H_2014-15,27,2026-08-21T15:32:19.110667+00:00,1.0
2014-11-01,2014,2014-15,November,Naphtha,EXPORT,755.605873,Thousand Metric Tonnes (TMT),PPAC,1751964547_PT_IMPORT_TMT_H.xlsx,PT_Import_H_2014-15,27,2026-08-21T15:32:19.110667+00:00,1.0
2014-12-01,2014,2014-15,December,Naphtha,EXPORT,571.7905959999999,Thousand Metric Tonnes (TMT),PPAC,1751964547_PT_IMPORT_TMT_H.xlsx,PT_Import_H_2014-15,27,2026-08-21T15:32:19.110667+00:00,1.0
2015-01-01,2015,2014-15,January,Naphtha,EXPORT,648.6949743,Thousand Metric Tonnes (TMT),PPAC,1751964547_PT_IMPORT_TMT_H.xlsx,PT_Import_H_2014-15,27,2026-08-21T15:32:19.110667+00:00,1.0
2015-02-01,2015,2014-15,February,Naphtha,EXPORT,404.389909,Thousand Metric Tonnes (TMT),PPAC,1751964547_PT_IMPORT_TMT_H.xlsx,PT_Import_H_2014-15,27,2026-08-21T15:32:19.110667+00:00,1.0
2015-03-01,2015,2014-15,March,Naphtha,EXPORT,479.73904600000003,Thousand Metric Tonnes (TMT),PPAC,1751964547_PT_IMPORT_TMT_H.xlsx,PT_Import_H_2014-15,27,2026-08-21T15:32:19.110667+00:00,1.0
2014-04-01,2014,2014-15,April,ATF#,EXPORT,233.975,Thousand Metric Tonnes (TMT),PPAC,1751964547_PT_IMPORT_TMT_H.xlsx,PT_Import_H_2014-15,28,2026-08-21T15:32:19.110667+00:00,1.0
2014-05-01,2014,2014-15,May,ATF#,EXPORT,396.92459599999995,Thousand Metric Tonnes (TMT),PPAC,1751964547_PT_IMPORT_TMT_H.xlsx,PT_Import_H_2014-15,28,2026-08-21T15:32:19.110667+00:00,1.0
2014-06-01,2014,2014-15,June,ATF#,EXPORT,333.039752,Thousand Metric Tonnes (TMT),PPAC,1751964547_PT_IMPORT_TMT_H.xlsx,PT_Import_H_2014-15,28,2026-08-21T15:32:19.110667+00:00,1.0
2014-07-01,2014,2014-15,July,ATF#,EXPORT,400.728447,Thousand Metric Tonnes (TMT),PPAC,1751964547_PT_IMPORT_TMT_H.xlsx,PT_Import_H_2014-15,28,2026-08-21T15:32:19.110667+00:00,1.0
2014-08-01,2014,2014-15,August,ATF#,EXPORT,307.24199999999996,Thousand Metric Tonnes (TMT),PPAC,1751964547_PT_IMPORT_TMT_H.xlsx,PT_Import_H_2014-15,28,2026-08-21T15:32:19.110667+00:00,1.0
2014-09-01,2014,2014-15,September,ATF#,EXPORT,614.0353129999999,Thousand Metric Tonnes (TMT),PPAC,1751964547_PT_IMPORT_TMT_H.xlsx,PT_Import_H_2014-15,28,2026-08-21T15:32:19.110667+00:00,1.0
2014-10-01,2014,2014-15,October,ATF#,EXPORT,515.635082,Thousand Metric Tonnes (TMT),PPAC,1751964547_PT_IMPORT_TMT_H.xlsx,PT_Import_H_2014-15,28,2026-08-21T15:32:19.110667+00:00,1.0
2014-11-01,2014,2014-15,November,ATF#,EXPORT,559.026741,Thousand Metric Tonnes (TMT),PPAC,1751964547_PT_IMPORT_TMT_H.xlsx,PT_Import_H_2014-15,28,2026-08-21T15:32:19.110667+00:00,1.0
2014-12-01,2014,2014-15,December,ATF#,EXPORT,603.019822,Thousand Metric Tonnes (TMT),PPAC,1751964547_PT_IMPORT_TMT_H.xlsx,PT_Import_H_2014-15,28,2026-08-21T15:32:19.110667+00:00,1.0
2015-01-01,2015,2014-15,January,ATF#,EXPORT,501.7633819999999,Thousand Metric Tonnes (TMT),PPAC,1751964547_PT_IMPORT_TMT_H.xlsx,PT_Import_H_2014-15,28,2026-08-21T15:32:19.110667+00:00,1.0
2015-02-01,2015,2014-15,February,ATF#,EXPORT,491.952231,Thousand Metric Tonnes (TMT),PPAC,1751964547_PT_IMPORT_TMT_H.xlsx,PT_Import_H_2014-15,28,2026-08-21T15:32:19.110667+00:00,1.0
2015-03-01,2015,2014-15,March,ATF#,EXPORT,562.657027,Thousand Metric Tonnes (TMT),PPAC,1751964547_PT_IMPORT_TMT_H.xlsx,PT_Import_H_2014-15,28,2026-08-21T15:32:19.110667+00:00,1.0
2014-04-01,2014,2014-15,April,SKO,EXPORT,0.873718,Thousand Metric Tonnes (TMT),PPAC,1751964547_PT_IMPORT_TMT_H.xlsx,PT_Import_H_2014-15,29,2026-08-21T15:32:19.110667+00:00,1.0
2014-05-01,2014,2014-15,May,SKO,EXPORT,0.977061,Thousand Metric Tonnes (TMT),PPAC,1751964547_PT_IMPORT_TMT_H.xlsx,PT_Import_H_2014-15,29,2026-08-21T15:32:19.110667+00:00,1.0
2014-06-01,2014,2014-15,June,SKO,EXPORT,0.812652,Thousand Metric Tonnes (TMT),PPAC,1751964547_PT_IMPORT_TMT_H.xlsx,PT_Import_H_2014-15,29,2026-08-21T15:32:19.110667+00:00,1.0
2014-07-01,2014,2014-15,July,SKO,EXPORT,1.298833,Thousand Metric Tonnes (TMT),PPAC,1751964547_PT_IMPORT_TMT_H.xlsx,PT_Import_H_2014-15,29,2026-08-21T15:32:19.110667+00:00,1.0
2014-08-01,2014,2014-15,August,SKO,EXPORT,1.1,Thousand Metric Tonnes (TMT),PPAC,1751964547_PT_IMPORT_TMT_H.xlsx,PT_Import_H_2014-15,29,2026-08-21T15:32:19.110667+00:00,1.0
2014-09-01,2014,2014-15,September,SKO,EXPORT,1.304,Thousand Metric Tonnes (TMT),PPAC,1751964547_PT_IMPORT_TMT_H.xlsx,PT_Import_H_2014-15,29,2026-08-21T15:32:19.110667+00:00,1.0
2014-10-01,2014,2014-15,October,SKO,EXPORT,0.948094,Thousand Metric Tonnes (TMT),PPAC,1751964547_PT_IMPORT_TMT_H.xlsx,PT_Import_H_2014-15,29,2026-08-21T15:32:19.110667+00:00,1.0
2014-11-01,2014,2014-15,November,SKO,EXPORT,0.870586,Thousand Metric Tonnes (TMT),PPAC,1751964547_PT_IMPORT_TMT_H.xlsx,PT_Import_H_2014-15,29,2026-08-21T15:32:19.110667+00:00,1.0
2014-12-01,2014,2014-15,December,SKO,EXPORT,1.155563,Thousand Metric Tonnes (TMT),PPAC,1751964547_PT_IMPORT_TMT_H.xlsx,PT_Import_H_2014-15,29,2026-08-21T15:32:19.110667+00:00,1.0
2015-01-01,2015,2014-15,January,SKO,EXPORT,1.895404,Thousand Metric Tonnes (TMT),PPAC,1751964547_PT_IMPORT_TMT_H.xlsx,PT_Import_H_2014-15,29,2026-08-21T15:32:19.110667+00:00,1.0
2015-02-01,2015,2014-15,February,SKO,EXPORT,2.129492,Thousand Metric Tonnes (TMT),PPAC,1751964547_PT_IMPORT_TMT_H.xlsx,PT_Import_H_2014-15,29,2026-08-21T15:32:19.110667+00:00,1.0
2015-03-01,2015,2014-15,March,SKO,EXPORT,1.778752,Thousand Metric Tonnes (TMT),PPAC,1751964547_PT_IMPORT_TMT_H.xlsx,PT_Import_H_2014-15,29,2026-08-21T15:32:19.110667+00:00,1.0
2014-04-01,2014,2014-15,April,HSD,EXPORT,1737.7075360000001,Thousand Metric Tonnes (TMT),PPAC,1751964547_PT_IMPORT_TMT_H.xlsx,PT_Import_H_2014-15,30,2026-08-21T15:32:19.110667+00:00,1.0
2014-05-01,2014,2014-15,May,HSD,EXPORT,2005.8831109999999,Thousand Metric Tonnes (TMT),PPAC,1751964547_PT_IMPORT_TMT_H.xlsx,PT_Import_H_2014-15,30,2026-08-21T15:32:19.110667+00:00,1.0
2014-06-01,2014,2014-15,June,HSD,EXPORT,2156.350593,Thousand Metric Tonnes (TMT),PPAC,1751964547_PT_IMPORT_TMT_H.xlsx,PT_Import_H_2014-15,30,2026-08-21T15:32:19.110667+00:00,1.0
2014-07-01,2014,2014-15,July,HSD,EXPORT,1354.135027,Thousand Metric Tonnes (TMT),PPAC,1751964547_PT_IMPORT_TMT_H.xlsx,PT_Import_H_2014-15,30,2026-08-21T15:32:19.110667+00:00,1.0
2014-08-01,2014,2014-15,August,HSD,EXPORT,1869.739973,Thousand Metric Tonnes (TMT),PPAC,1751964547_PT_IMPORT_TMT_H.xlsx,PT_Import_H_2014-15,30,2026-08-21T15:32:19.110667+00:00,1.0
2014-09-01,2014,2014-15,September,HSD,EXPORT,2814.248683,Thousand Metric Tonnes (TMT),PPAC,1751964547_PT_IMPORT_TMT_H.xlsx,PT_Import_H_2014-15,30,2026-08-21T15:32:19.110667+00:00,1.0
2014-10-01,2014,2014-15,October,HSD,EXPORT,2796.9097490000004,Thousand Metric Tonnes (TMT),PPAC,1751964547_PT_IMPORT_TMT_H.xlsx,PT_Import_H_2014-15,30,2026-08-21T15:32:19.110667+00:00,1.0
2014-11-01,2014,2014-15,November,HSD,EXPORT,2627.464992,Thousand Metric Tonnes (TMT),PPAC,1751964547_PT_IMPORT_TMT_H.xlsx,PT_Import_H_2014-15,30,2026-08-21T15:32:19.110667+00:00,1.0
2014-12-01,2014,2014-15,December,HSD,EXPORT,2276.757317,Thousand Metric Tonnes (TMT),PPAC,1751964547_PT_IMPORT_TMT_H.xlsx,PT_Import_H_2014-15,30,2026-08-21T15:32:19.110667+00:00,1.0
2015-01-01,2015,2014-15,January,HSD,EXPORT,1975.069562,Thousand Metric Tonnes (TMT),PPAC,1751964547_PT_IMPORT_TMT_H.xlsx,PT_Import_H_2014-15,30,2026-08-21T15:32:19.110667+00:00,1.0
2015-02-01,2015,2014-15,February,HSD,EXPORT,2130.2714940000005,Thousand Metric Tonnes (TMT),PPAC,1751964547_PT_IMPORT_TMT_H.xlsx,PT_Import_H_2014-15,30,2026-08-21T15:32:19.110667+00:00,1.0
2015-03-01,2015,2014-15,March,HSD,EXPORT,1814.72541,Thousand Metric Tonnes (TMT),PPAC,1751964547_PT_IMPORT_TMT_H.xlsx,PT_Import_H_2014-15,30,2026-08-21T15:32:19.110667+00:00,1.0
2014-04-01,2014,2014-15,April,LDO,EXPORT,0.0,Thousand Metric Tonnes (TMT),PPAC,1751964547_PT_IMPORT_TMT_H.xlsx,PT_Import_H_2014-15,31,2026-08-21T15:32:19.110667+00:00,1.0
2014-05-01,2014,2014-15,May,LDO,EXPORT,6.390511,Thousand Metric Tonnes (TMT),PPAC,1751964547_PT_IMPORT_TMT_H.xlsx,PT_Import_H_2014-15,31,2026-08-21T15:32:19.110667+00:00,1.0
2014-06-01,2014,2014-15,June,LDO,EXPORT,0.0,Thousand Metric Tonnes (TMT),PPAC,1751964547_PT_IMPORT_TMT_H.xlsx,PT_Import_H_2014-15,31,2026-08-21T15:32:19.110667+00:00,1.0
2014-07-01,2014,2014-15,July,LDO,EXPORT,0.0,Thousand Metric Tonnes (TMT),PPAC,1751964547_PT_IMPORT_TMT_H.xlsx,PT_Import_H_2014-15,31,2026-08-21T15:32:19.110667+00:00,1.0
2014-08-01,2014,2014-15,August,LDO,EXPORT,0.0,Thousand Metric Tonnes (TMT),PPAC,1751964547_PT_IMPORT_TMT_H.xlsx,PT_Import_H_2014-15,31,2026-08-21T15:32:19.110667+00:00,1.0
2014-09-01,2014,2014-15,September,LDO,EXPORT,0.0,Thousand Metric Tonnes (TMT),PPAC,1751964547_PT_IMPORT_TMT_H.xlsx,PT_Import_H_2014-15,31,2026-08-21T15:32:19.110667+00:00,1.0
2014-10-01,2014,2014-15,October,LDO,EXPORT,0.0,Thousand Metric Tonnes (TMT),PPAC,1751964547_PT_IMPORT_TMT_H.xlsx,PT_Import_H_2014-15,31,2026-08-21T15:32:19.110667+00:00,1.0
2014-11-01,2014,2014-15,November,LDO,EXPORT,0.0,Thousand Metric Tonnes (TMT),PPAC,1751964547_PT_IMPORT_TMT_H.xlsx,PT_Import_H_2014-15,31,2026-08-21T15:32:19.110667+00:00,1.0
2014-12-01,2014,2014-15,December,LDO,EXPORT,0.0,Thousand Metric Tonnes (TMT),PPAC,1751964547_PT_IMPORT_TMT_H.xlsx,PT_Import_H_2014-15,31,2026-08-21T15:32:19.110667+00:00,1.0
2015-01-01,2015,2014-15,January,LDO,EXPORT,0.0,Thousand Metric Tonnes (TMT),PPAC,1751964547_PT_IMPORT_TMT_H.xlsx,PT_Import_H_2014-15,31,2026-08-21T15:32:19.110667+00:00,1.0
2015-02-01,2015,2014-15,February,LDO,EXPORT,0.0,Thousand Metric Tonnes (TMT),PPAC,1751964547_PT_IMPORT_TMT_H.xlsx,PT_Import_H_2014-15,31,2026-08-21T15:32:19.110667+00:00,1.0
2015-03-01,2015,2014-15,March,LDO,EXPORT,0.0,Thousand Metric Tonnes (TMT),PPAC,1751964547_PT_IMPORT_TMT_H.xlsx,PT_Import_H_2014-15,31,2026-08-21T15:32:19.110667+00:00,1.0
2014-04-01,2014,2014-15,April,LOBS/ Lube Oil,EXPORT,0.49258100000000005,Thousand Metric Tonnes (TMT),PPAC,1751964547_PT_IMPORT_TMT_H.xlsx,PT_Import_H_2014-15,32,2026-08-21T15:32:19.110667+00:00,1.0
2014-05-01,2014,2014-15,May,LOBS/ Lube Oil,EXPORT,0.89618,Thousand Metric Tonnes (TMT),PPAC,1751964547_PT_IMPORT_TMT_H.xlsx,PT_Import_H_2014-15,32,2026-08-21T15:32:19.110667+00:00,1.0
2014-06-01,2014,2014-15,June,LOBS/ Lube Oil,EXPORT,0.751819,Thousand Metric Tonnes (TMT),PPAC,1751964547_PT_IMPORT_TMT_H.xlsx,PT_Import_H_2014-15,32,2026-08-21T15:32:19.110667+00:00,1.0
2014-07-01,2014,2014-15,July,LOBS/ Lube Oil,EXPORT,0.5134070000000001,Thousand Metric Tonnes (TMT),PPAC,1751964547_PT_IMPORT_TMT_H.xlsx,PT_Import_H_2014-15,32,2026-08-21T15:32:19.110667+00:00,1.0
2014-08-01,2014,2014-15,August,LOBS/ Lube Oil,EXPORT,0.6666099999999999,Thousand Metric Tonnes (TMT),PPAC,1751964547_PT_IMPORT_TMT_H.xlsx,PT_Import_H_2014-15,32,2026-08-21T15:32:19.110667+00:00,1.0
2014-09-01,2014,2014-15,September,LOBS/ Lube Oil,EXPORT,0.6719919999999999,Thousand Metric Tonnes (TMT),PPAC,1751964547_PT_IMPORT_TMT_H.xlsx,PT_Import_H_2014-15,32,2026-08-21T15:32:19.110667+00:00,1.0
2014-10-01,2014,2014-15,October,LOBS/ Lube Oil,EXPORT,0.6405599999999999,Thousand Metric Tonnes (TMT),PPAC,1751964547_PT_IMPORT_TMT_H.xlsx,PT_Import_H_2014-15,32,2026-08-21T15:32:19.110667+00:00,1.0
2014-11-01,2014,2014-15,November,LOBS/ Lube Oil,EXPORT,0.6446890000000001,Thousand Metric Tonnes (TMT),PPAC,1751964547_PT_IMPORT_TMT_H.xlsx,PT_Import_H_2014-15,32,2026-08-21T15:32:19.110667+00:00,1.0
2014-12-01,2014,2014-15,December,LOBS/ Lube Oil,EXPORT,0.72436,Thousand Metric Tonnes (TMT),PPAC,1751964547_PT_IMPORT_TMT_H.xlsx,PT_Import_H_2014-15,32,2026-08-21T15:32:19.110667+00:00,1.0
2015-01-01,2015,2014-15,January,LOBS/ Lube Oil,EXPORT,3.747559,Thousand Metric Tonnes (TMT),PPAC,1751964547_PT_IMPORT_TMT_H.xlsx,PT_Import_H_2014-15,32,2026-08-21T15:32:19.110667+00:00,1.0
2015-02-01,2015,2014-15,February,LOBS/ Lube Oil,EXPORT,0.6382829999999999,Thousand Metric Tonnes (TMT),PPAC,1751964547_PT_IMPORT_TMT_H.xlsx,PT_Import_H_2014-15,32,2026-08-21T15:32:19.110667+00:00,1.0
2015-03-01,2015,2014-15,March,LOBS/ Lube Oil,EXPORT,0.768059,Thousand Metric Tonnes (TMT),PPAC,1751964547_PT_IMPORT_TMT_H.xlsx,PT_Import_H_2014-15,32,2026-08-21T15:32:19.110667+00:00,1.0
2014-04-01,2014,2014-15,April,Fuel Oil,EXPORT,355.26183999999995,Thousand Metric Tonnes (TMT),PPAC,1751964547_PT_IMPORT_TMT_H.xlsx,PT_Import_H_2014-15,33,2026-08-21T15:32:19.110667+00:00,1.0
2014-05-01,2014,2014-15,May,Fuel Oil,EXPORT,489.12261499999994,Thousand Metric Tonnes (TMT),PPAC,1751964547_PT_IMPORT_TMT_H.xlsx,PT_Import_H_2014-15,33,2026-08-21T15:32:19.110667+00:00,1.0
2014-06-01,2014,2014-15,June,Fuel Oil,EXPORT,329.01561499999997,Thousand Metric Tonnes (TMT),PPAC,1751964547_PT_IMPORT_TMT_H.xlsx,PT_Import_H_2014-15,33,2026-08-21T15:32:19.110667+00:00,1.0
2014-07-01,2014,2014-15,July,Fuel Oil,EXPORT,459.582877,Thousand Metric Tonnes (TMT),PPAC,1751964547_PT_IMPORT_TMT_H.xlsx,PT_Import_H_2014-15,33,2026-08-21T15:32:19.110667+00:00,1.0
2014-08-01,2014,2014-15,August,Fuel Oil,EXPORT,536.0056940000001,Thousand Metric Tonnes (TMT),PPAC,1751964547_PT_IMPORT_TMT_H.xlsx,PT_Import_H_2014-15,33,2026-08-21T15:32:19.110667+00:00,1.0
2014-09-01,2014,2014-15,September,Fuel Oil,EXPORT,476.39240400000006,Thousand Metric Tonnes (TMT),PPAC,1751964547_PT_IMPORT_TMT_H.xlsx,PT_Import_H_2014-15,33,2026-08-21T15:32:19.110667+00:00,1.0
2014-10-01,2014,2014-15,October,Fuel Oil,EXPORT,376.266969,Thousand Metric Tonnes (TMT),PPAC,1751964547_PT_IMPORT_TMT_H.xlsx,PT_Import_H_2014-15,33,2026-08-21T15:32:19.110667+00:00,1.0
2014-11-01,2014,2014-15,November,Fuel Oil,EXPORT,407.722397,Thousand Metric Tonnes (TMT),PPAC,1751964547_PT_IMPORT_TMT_H.xlsx,PT_Import_H_2014-15,33,2026-08-21T15:32:19.110667+00:00,1.0
2014-12-01,2014,2014-15,December,Fuel Oil,EXPORT,455.79919500000005,Thousand Metric Tonnes (TMT),PPAC,1751964547_PT_IMPORT_TMT_H.xlsx,PT_Import_H_2014-15,33,2026-08-21T15:32:19.110667+00:00,1.0
2015-01-01,2015,2014-15,January,Fuel Oil,EXPORT,343.774696,Thousand Metric Tonnes (TMT),PPAC,1751964547_PT_IMPORT_TMT_H.xlsx,PT_Import_H_2014-15,33,2026-08-21T15:32:19.110667+00:00,1.0
2015-02-01,2015,2014-15,February,Fuel Oil,EXPORT,161.26942499999998,Thousand Metric Tonnes (TMT),PPAC,1751964547_PT_IMPORT_TMT_H.xlsx,PT_Import_H_2014-15,33,2026-08-21T15:32:19.110667+00:00,1.0
2015-03-01,2015,2014-15,March,Fuel Oil,EXPORT,372.221541,Thousand Metric Tonnes (TMT),PPAC,1751964547_PT_IMPORT_TMT_H.xlsx,PT_Import_H_2014-15,33,2026-08-21T15:32:19.110667+00:00,1.0
2014-04-01,2014,2014-15,April,Bitumen,EXPORT,10.488982,Thousand Metric Tonnes (TMT),PPAC,1751964547_PT_IMPORT_TMT_H.xlsx,PT_Import_H_2014-15,34,2026-08-21T15:32:19.110667+00:00,1.0
2014-05-01,2014,2014-15,May,Bitumen,EXPORT,2.329,Thousand Metric Tonnes (TMT),PPAC,1751964547_PT_IMPORT_TMT_H.xlsx,PT_Import_H_2014-15,34,2026-08-21T15:32:19.110667+00:00,1.0
2014-06-01,2014,2014-15,June,Bitumen,EXPORT,12.488904999999999,Thousand Metric Tonnes (TMT),PPAC,1751964547_PT_IMPORT_TMT_H.xlsx,PT_Import_H_2014-15,34,2026-08-21T15:32:19.110667+00:00,1.0
2014-07-01,2014,2014-15,July,Bitumen,EXPORT,9.06193,Thousand Metric Tonnes (TMT),PPAC,1751964547_PT_IMPORT_TMT_H.xlsx,PT_Import_H_2014-15,34,2026-08-21T15:32:19.110667+00:00,1.0
2014-08-01,2014,2014-15,August,Bitumen,EXPORT,9.213039000000002,Thousand Metric Tonnes (TMT),PPAC,1751964547_PT_IMPORT_TMT_H.xlsx,PT_Import_H_2014-15,34,2026-08-21T15:32:19.110667+00:00,1.0
2014-09-01,2014,2014-15,September,Bitumen,EXPORT,0.0,Thousand Metric Tonnes (TMT),PPAC,1751964547_PT_IMPORT_TMT_H.xlsx,PT_Import_H_2014-15,34,2026-08-21T15:32:19.110667+00:00,1.0
2014-10-01,2014,2014-15,October,Bitumen,EXPORT,4.675245,Thousand Metric Tonnes (TMT),PPAC,1751964547_PT_IMPORT_TMT_H.xlsx,PT_Import_H_2014-15,34,2026-08-21T15:32:19.110667+00:00,1.0
2014-11-01,2014,2014-15,November,Bitumen,EXPORT,8.889001,Thousand Metric Tonnes (TMT),PPAC,1751964547_PT_IMPORT_TMT_H.xlsx,PT_Import_H_2014-15,34,2026-08-21T15:32:19.110667+00:00,1.0
2014-12-01,2014,2014-15,December,Bitumen,EXPORT,8.056047,Thousand Metric Tonnes (TMT),PPAC,1751964547_PT_IMPORT_TMT_H.xlsx,PT_Import_H_2014-15,34,2026-08-21T15:32:19.110667+00:00,1.0
2015-01-01,2015,2014-15,January,Bitumen,EXPORT,7.482001,Thousand Metric Tonnes (TMT),PPAC,1751964547_PT_IMPORT_TMT_H.xlsx,PT_Import_H_2014-15,34,2026-08-21T15:32:19.110667+00:00,1.0
2015-02-01,2015,2014-15,February,Bitumen,EXPORT,8.264732,Thousand Metric Tonnes (TMT),PPAC,1751964547_PT_IMPORT_TMT_H.xlsx,PT_Import_H_2014-15,34,2026-08-21T15:32:19.110667+00:00,1.0
2015-03-01,2015,2014-15,March,Bitumen,EXPORT,13.542127,Thousand Metric Tonnes (TMT),PPAC,1751964547_PT_IMPORT_TMT_H.xlsx,PT_Import_H_2014-15,34,2026-08-21T15:32:19.110667+00:00,1.0
2014-04-01,2014,2014-15,April,Others,EXPORT,365.14221,Thousand Metric Tonnes (TMT),PPAC,1751964547_PT_IMPORT_TMT_H.xlsx,PT_Import_H_2014-15,35,2026-08-21T15:32:19.110667+00:00,1.0
2014-05-01,2014,2014-15,May,Others,EXPORT,300.7893039999999,Thousand Metric Tonnes (TMT),PPAC,1751964547_PT_IMPORT_TMT_H.xlsx,PT_Import_H_2014-15,35,2026-08-21T15:32:19.110667+00:00,1.0
2014-06-01,2014,2014-15,June,Others,EXPORT,356.9083099999989,Thousand Metric Tonnes (TMT),PPAC,1751964547_PT_IMPORT_TMT_H.xlsx,PT_Import_H_2014-15,35,2026-08-21T15:32:19.110667+00:00,1.0
2014-07-01,2014,2014-15,July,Others,EXPORT,359.44180000000006,Thousand Metric Tonnes (TMT),PPAC,1751964547_PT_IMPORT_TMT_H.xlsx,PT_Import_H_2014-15,35,2026-08-21T15:32:19.110667+00:00,1.0
2014-08-01,2014,2014-15,August,Others,EXPORT,518.0860219999995,Thousand Metric Tonnes (TMT),PPAC,1751964547_PT_IMPORT_TMT_H.xlsx,PT_Import_H_2014-15,35,2026-08-21T15:32:19.110667+00:00,1.0
2014-09-01,2014,2014-15,September,Others,EXPORT,431.77844300000106,Thousand Metric Tonnes (TMT),PPAC,1751964547_PT_IMPORT_TMT_H.xlsx,PT_Import_H_2014-15,35,2026-08-21T15:32:19.110667+00:00,1.0
2014-10-01,2014,2014-15,October,Others,EXPORT,482.10645999999906,Thousand Metric Tonnes (TMT),PPAC,1751964547_PT_IMPORT_TMT_H.xlsx,PT_Import_H_2014-15,35,2026-08-21T15:32:19.110667+00:00,1.0
2014-11-01,2014,2014-15,November,Others,EXPORT,320.97965100000147,Thousand Metric Tonnes (TMT),PPAC,1751964547_PT_IMPORT_TMT_H.xlsx,PT_Import_H_2014-15,35,2026-08-21T15:32:19.110667+00:00,1.0
2014-12-01,2014,2014-15,December,Others,EXPORT,357.6086830000004,Thousand Metric Tonnes (TMT),PPAC,1751964547_PT_IMPORT_TMT_H.xlsx,PT_Import_H_2014-15,35,2026-08-21T15:32:19.110667+00:00,1.0
2015-01-01,2015,2014-15,January,Others,EXPORT,310.15315199999895,Thousand Metric Tonnes (TMT),PPAC,1751964547_PT_IMPORT_TMT_H.xlsx,PT_Import_H_2014-15,35,2026-08-21T15:32:19.110667+00:00,1.0
2015-02-01,2015,2014-15,February,Others,EXPORT,282.3560119999993,Thousand Metric Tonnes (TMT),PPAC,1751964547_PT_IMPORT_TMT_H.xlsx,PT_Import_H_2014-15,35,2026-08-21T15:32:19.110667+00:00,1.0
2015-03-01,2015,2014-15,March,Others,EXPORT,568.0014780000001,Thousand Metric Tonnes (TMT),PPAC,1751964547_PT_IMPORT_TMT_H.xlsx,PT_Import_H_2014-15,35,2026-08-21T15:32:19.110667+00:00,1.0
2013-04-01,2013,2013-14,April,CRUDE OIL,IMPORT,16408.189321125003,Thousand Metric Tonnes (TMT),PPAC,1751964547_PT_IMPORT_TMT_H.xlsx,PT_import_H_2013-14,11,2026-08-21T15:32:19.126691+00:00,1.0
2013-05-01,2013,2013-14,May,CRUDE OIL,IMPORT,17180.707063651,Thousand Metric Tonnes (TMT),PPAC,1751964547_PT_IMPORT_TMT_H.xlsx,PT_import_H_2013-14,11,2026-08-21T15:32:19.126691+00:00,1.0
2013-06-01,2013,2013-14,June,CRUDE OIL,IMPORT,14309.989961932999,Thousand Metric Tonnes (TMT),PPAC,1751964547_PT_IMPORT_TMT_H.xlsx,PT_import_H_2013-14,11,2026-08-21T15:32:19.126691+00:00,1.0
2013-07-01,2013,2013-14,July,CRUDE OIL,IMPORT,16352.810682237,Thousand Metric Tonnes (TMT),PPAC,1751964547_PT_IMPORT_TMT_H.xlsx,PT_import_H_2013-14,11,2026-08-21T15:32:19.126691+00:00,1.0
2013-08-01,2013,2013-14,August,CRUDE OIL,IMPORT,17572.946994470003,Thousand Metric Tonnes (TMT),PPAC,1751964547_PT_IMPORT_TMT_H.xlsx,PT_import_H_2013-14,11,2026-08-21T15:32:19.126691+00:00,1.0
2013-09-01,2013,2013-14,September,CRUDE OIL,IMPORT,15081.777216514,Thousand Metric Tonnes (TMT),PPAC,1751964547_PT_IMPORT_TMT_H.xlsx,PT_import_H_2013-14,11,2026-08-21T15:32:19.126691+00:00,1.0
2013-10-01,2013,2013-14,October,CRUDE OIL,IMPORT,15361.249192754,Thousand Metric Tonnes (TMT),PPAC,1751964547_PT_IMPORT_TMT_H.xlsx,PT_import_H_2013-14,11,2026-08-21T15:32:19.126691+00:00,1.0
2013-11-01,2013,2013-14,November,CRUDE OIL,IMPORT,14614.359237193,Thousand Metric Tonnes (TMT),PPAC,1751964547_PT_IMPORT_TMT_H.xlsx,PT_import_H_2013-14,11,2026-08-21T15:32:19.126691+00:00,1.0
2013-12-01,2013,2013-14,December,CRUDE OIL,IMPORT,15821.725862716,Thousand Metric Tonnes (TMT),PPAC,1751964547_PT_IMPORT_TMT_H.xlsx,PT_import_H_2013-14,11,2026-08-21T15:32:19.126691+00:00,1.0
2014-01-01,2014,2013-14,January,CRUDE OIL,IMPORT,15503.431621505,Thousand Metric Tonnes (TMT),PPAC,1751964547_PT_IMPORT_TMT_H.xlsx,PT_import_H_2013-14,11,2026-08-21T15:32:19.126691+00:00,1.0
2014-02-01,2014,2013-14,February,CRUDE OIL,IMPORT,16515.090577927,Thousand Metric Tonnes (TMT),PPAC,1751964547_PT_IMPORT_TMT_H.xlsx,PT_import_H_2013-14,11,2026-08-21T15:32:19.126691+00:00,1.0
2014-03-01,2014,2013-14,March,CRUDE OIL,IMPORT,14515.92405135,Thousand Metric Tonnes (TMT),PPAC,1751964547_PT_IMPORT_TMT_H.xlsx,PT_import_H_2013-14,11,2026-08-21T15:32:19.126691+00:00,1.0
2013-04-01,2013,2013-14,April,LPG,IMPORT,519.8643020000001,Thousand Metric Tonnes (TMT),PPAC,1751964547_PT_IMPORT_TMT_H.xlsx,PT_import_H_2013-14,13,2026-08-21T15:32:19.126691+00:00,1.0
2013-05-01,2013,2013-14,May,LPG,IMPORT,600.8405730000001,Thousand Metric Tonnes (TMT),PPAC,1751964547_PT_IMPORT_TMT_H.xlsx,PT_import_H_2013-14,13,2026-08-21T15:32:19.126691+00:00,1.0
2013-06-01,2013,2013-14,June,LPG,IMPORT,345.340827,Thousand Metric Tonnes (TMT),PPAC,1751964547_PT_IMPORT_TMT_H.xlsx,PT_import_H_2013-14,13,2026-08-21T15:32:19.126691+00:00,1.0
2013-07-01,2013,2013-14,July,LPG,IMPORT,400.02643700000004,Thousand Metric Tonnes (TMT),PPAC,1751964547_PT_IMPORT_TMT_H.xlsx,PT_import_H_2013-14,13,2026-08-21T15:32:19.126691+00:00,1.0
2013-08-01,2013,2013-14,August,LPG,IMPORT,553.134861,Thousand Metric Tonnes (TMT),PPAC,1751964547_PT_IMPORT_TMT_H.xlsx,PT_import_H_2013-14,13,2026-08-21T15:32:19.126691+00:00,1.0
2013-09-01,2013,2013-14,September,LPG,IMPORT,572.652476,Thousand Metric Tonnes (TMT),PPAC,1751964547_PT_IMPORT_TMT_H.xlsx,PT_import_H_2013-14,13,2026-08-21T15:32:19.126691+00:00,1.0
2013-10-01,2013,2013-14,October,LPG,IMPORT,642.548423,Thousand Metric Tonnes (TMT),PPAC,1751964547_PT_IMPORT_TMT_H.xlsx,PT_import_H_2013-14,13,2026-08-21T15:32:19.126691+00:00,1.0
2013-11-01,2013,2013-14,November,LPG,IMPORT,352.48770300000007,Thousand Metric Tonnes (TMT),PPAC,1751964547_PT_IMPORT_TMT_H.xlsx,PT_import_H_2013-14,13,2026-08-21T15:32:19.126691+00:00,1.0
2013-12-01,2013,2013-14,December,LPG,IMPORT,665.936007,Thousand Metric Tonnes (TMT),PPAC,1751964547_PT_IMPORT_TMT_H.xlsx,PT_import_H_2013-14,13,2026-08-21T15:32:19.126691+00:00,1.0
2014-01-01,2014,2013-14,January,LPG,IMPORT,712.601468,Thousand Metric Tonnes (TMT),PPAC,1751964547_PT_IMPORT_TMT_H.xlsx,PT_import_H_2013-14,13,2026-08-21T15:32:19.126691+00:00,1.0
2014-02-01,2014,2013-14,February,LPG,IMPORT,650.8706030000001,Thousand Metric Tonnes (TMT),PPAC,1751964547_PT_IMPORT_TMT_H.xlsx,PT_import_H_2013-14,13,2026-08-21T15:32:19.126691+00:00,1.0
2014-03-01,2014,2013-14,March,LPG,IMPORT,551.109948,Thousand Metric Tonnes (TMT),PPAC,1751964547_PT_IMPORT_TMT_H.xlsx,PT_import_H_2013-14,13,2026-08-21T15:32:19.126691+00:00,1.0
2013-04-01,2013,2013-14,April,MS,IMPORT,0.0,Thousand Metric Tonnes (TMT),PPAC,1751964547_PT_IMPORT_TMT_H.xlsx,PT_import_H_2013-14,14,2026-08-21T15:32:19.126691+00:00,1.0
2013-05-01,2013,2013-14,May,MS,IMPORT,15.489953,Thousand Metric Tonnes (TMT),PPAC,1751964547_PT_IMPORT_TMT_H.xlsx,PT_import_H_2013-14,14,2026-08-21T15:32:19.126691+00:00,1.0
2013-06-01,2013,2013-14,June,MS,IMPORT,114.68573799999999,Thousand Metric Tonnes (TMT),PPAC,1751964547_PT_IMPORT_TMT_H.xlsx,PT_import_H_2013-14,14,2026-08-21T15:32:19.126691+00:00,1.0
2013-07-01,2013,2013-14,July,MS,IMPORT,76.154048,Thousand Metric Tonnes (TMT),PPAC,1751964547_PT_IMPORT_TMT_H.xlsx,PT_import_H_2013-14,14,2026-08-21T15:32:19.126691+00:00,1.0
2013-08-01,2013,2013-14,August,MS,IMPORT,0.0,Thousand Metric Tonnes (TMT),PPAC,1751964547_PT_IMPORT_TMT_H.xlsx,PT_import_H_2013-14,14,2026-08-21T15:32:19.126691+00:00,1.0
2013-09-01,2013,2013-14,September,MS,IMPORT,0.0,Thousand Metric Tonnes (TMT),PPAC,1751964547_PT_IMPORT_TMT_H.xlsx,PT_import_H_2013-14,14,2026-08-21T15:32:19.126691+00:00,1.0
2013-10-01,2013,2013-14,October,MS,IMPORT,28.990000000000002,Thousand Metric Tonnes (TMT),PPAC,1751964547_PT_IMPORT_TMT_H.xlsx,PT_import_H_2013-14,14,2026-08-21T15:32:19.126691+00:00,1.0
2013-11-01,2013,2013-14,November,MS,IMPORT,0.0,Thousand Metric Tonnes (TMT),PPAC,1751964547_PT_IMPORT_TMT_H.xlsx,PT_import_H_2013-14,14,2026-08-21T15:32:19.126691+00:00,1.0
2013-12-01,2013,2013-14,December,MS,IMPORT,0.0,Thousand Metric Tonnes (TMT),PPAC,1751964547_PT_IMPORT_TMT_H.xlsx,PT_import_H_2013-14,14,2026-08-21T15:32:19.126691+00:00,1.0
2014-01-01,2014,2013-14,January,MS,IMPORT,0.0,Thousand Metric Tonnes (TMT),PPAC,1751964547_PT_IMPORT_TMT_H.xlsx,PT_import_H_2013-14,14,2026-08-21T15:32:19.126691+00:00,1.0
2014-02-01,2014,2013-14,February,MS,IMPORT,0.0,Thousand Metric Tonnes (TMT),PPAC,1751964547_PT_IMPORT_TMT_H.xlsx,PT_import_H_2013-14,14,2026-08-21T15:32:19.126691+00:00,1.0
2014-03-01,2014,2013-14,March,MS,IMPORT,0.0,Thousand Metric Tonnes (TMT),PPAC,1751964547_PT_IMPORT_TMT_H.xlsx,PT_import_H_2013-14,14,2026-08-21T15:32:19.126691+00:00,1.0
2013-04-01,2013,2013-14,April,Naphtha,IMPORT,65.795007,Thousand Metric Tonnes (TMT),PPAC,1751964547_PT_IMPORT_TMT_H.xlsx,PT_import_H_2013-14,15,2026-08-21T15:32:19.126691+00:00,1.0
2013-05-01,2013,2013-14,May,Naphtha,IMPORT,65.806,Thousand Metric Tonnes (TMT),PPAC,1751964547_PT_IMPORT_TMT_H.xlsx,PT_import_H_2013-14,15,2026-08-21T15:32:19.126691+00:00,1.0
2013-06-01,2013,2013-14,June,Naphtha,IMPORT,124.679257,Thousand Metric Tonnes (TMT),PPAC,1751964547_PT_IMPORT_TMT_H.xlsx,PT_import_H_2013-14,15,2026-08-21T15:32:19.126691+00:00,1.0
2013-07-01,2013,2013-14,July,Naphtha,IMPORT,95.29449299999999,Thousand Metric Tonnes (TMT),PPAC,1751964547_PT_IMPORT_TMT_H.xlsx,PT_import_H_2013-14,15,2026-08-21T15:32:19.126691+00:00,1.0
2013-08-01,2013,2013-14,August,Naphtha,IMPORT,100.479,Thousand Metric Tonnes (TMT),PPAC,1751964547_PT_IMPORT_TMT_H.xlsx,PT_import_H_2013-14,15,2026-08-21T15:32:19.126691+00:00,1.0
2013-09-01,2013,2013-14,September,Naphtha,IMPORT,155.833622,Thousand Metric Tonnes (TMT),PPAC,1751964547_PT_IMPORT_TMT_H.xlsx,PT_import_H_2013-14,15,2026-08-21T15:32:19.126691+00:00,1.0
2013-10-01,2013,2013-14,October,Naphtha,IMPORT,73.129,Thousand Metric Tonnes (TMT),PPAC,1751964547_PT_IMPORT_TMT_H.xlsx,PT_import_H_2013-14,15,2026-08-21T15:32:19.126691+00:00,1.0
2013-11-01,2013,2013-14,November,Naphtha,IMPORT,108.109,Thousand Metric Tonnes (TMT),PPAC,1751964547_PT_IMPORT_TMT_H.xlsx,PT_import_H_2013-14,15,2026-08-21T15:32:19.126691+00:00,1.0
2013-12-01,2013,2013-14,December,Naphtha,IMPORT,92.65,Thousand Metric Tonnes (TMT),PPAC,1751964547_PT_IMPORT_TMT_H.xlsx,PT_import_H_2013-14,15,2026-08-21T15:32:19.126691+00:00,1.0
2014-01-01,2014,2013-14,January,Naphtha,IMPORT,65.511,Thousand Metric Tonnes (TMT),PPAC,1751964547_PT_IMPORT_TMT_H.xlsx,PT_import_H_2013-14,15,2026-08-21T15:32:19.126691+00:00,1.0
2014-02-01,2014,2013-14,February,Naphtha,IMPORT,56.381,Thousand Metric Tonnes (TMT),PPAC,1751964547_PT_IMPORT_TMT_H.xlsx,PT_import_H_2013-14,15,2026-08-21T15:32:19.126691+00:00,1.0
2014-03-01,2014,2013-14,March,Naphtha,IMPORT,16.555,Thousand Metric Tonnes (TMT),PPAC,1751964547_PT_IMPORT_TMT_H.xlsx,PT_import_H_2013-14,15,2026-08-21T15:32:19.126691+00:00,1.0
2013-04-01,2013,2013-14,April,ATF,IMPORT,0.0,Thousand Metric Tonnes (TMT),PPAC,1751964547_PT_IMPORT_TMT_H.xlsx,PT_import_H_2013-14,16,2026-08-21T15:32:19.126691+00:00,1.0
2013-05-01,2013,2013-14,May,ATF,IMPORT,0.0,Thousand Metric Tonnes (TMT),PPAC,1751964547_PT_IMPORT_TMT_H.xlsx,PT_import_H_2013-14,16,2026-08-21T15:32:19.126691+00:00,1.0
2013-06-01,2013,2013-14,June,ATF,IMPORT,0.0,Thousand Metric Tonnes (TMT),PPAC,1751964547_PT_IMPORT_TMT_H.xlsx,PT_import_H_2013-14,16,2026-08-21T15:32:19.126691+00:00,1.0
2013-07-01,2013,2013-14,July,ATF,IMPORT,0.0,Thousand Metric Tonnes (TMT),PPAC,1751964547_PT_IMPORT_TMT_H.xlsx,PT_import_H_2013-14,16,2026-08-21T15:32:19.126691+00:00,1.0
2013-08-01,2013,2013-14,August,ATF,IMPORT,0.0,Thousand Metric Tonnes (TMT),PPAC,1751964547_PT_IMPORT_TMT_H.xlsx,PT_import_H_2013-14,16,2026-08-21T15:32:19.126691+00:00,1.0
2013-09-01,2013,2013-14,September,ATF,IMPORT,0.0,Thousand Metric Tonnes (TMT),PPAC,1751964547_PT_IMPORT_TMT_H.xlsx,PT_import_H_2013-14,16,2026-08-21T15:32:19.126691+00:00,1.0
2013-10-01,2013,2013-14,October,ATF,IMPORT,0.0,Thousand Metric Tonnes (TMT),PPAC,1751964547_PT_IMPORT_TMT_H.xlsx,PT_import_H_2013-14,16,2026-08-21T15:32:19.126691+00:00,1.0
2013-11-01,2013,2013-14,November,ATF,IMPORT,0.0,Thousand Metric Tonnes (TMT),PPAC,1751964547_PT_IMPORT_TMT_H.xlsx,PT_import_H_2013-14,16,2026-08-21T15:32:19.126691+00:00,1.0
2013-12-01,2013,2013-14,December,ATF,IMPORT,0.0,Thousand Metric Tonnes (TMT),PPAC,1751964547_PT_IMPORT_TMT_H.xlsx,PT_import_H_2013-14,16,2026-08-21T15:32:19.126691+00:00,1.0
2014-01-01,2014,2013-14,January,ATF,IMPORT,0.0,Thousand Metric Tonnes (TMT),PPAC,1751964547_PT_IMPORT_TMT_H.xlsx,PT_import_H_2013-14,16,2026-08-21T15:32:19.126691+00:00,1.0
2014-02-01,2014,2013-14,February,ATF,IMPORT,0.0,Thousand Metric Tonnes (TMT),PPAC,1751964547_PT_IMPORT_TMT_H.xlsx,PT_import_H_2013-14,16,2026-08-21T15:32:19.126691+00:00,1.0
2014-03-01,2014,2013-14,March,ATF,IMPORT,0.0,Thousand Metric Tonnes (TMT),PPAC,1751964547_PT_IMPORT_TMT_H.xlsx,PT_import_H_2013-14,16,2026-08-21T15:32:19.126691+00:00,1.0
2013-04-01,2013,2013-14,April,SKO,IMPORT,0.0,Thousand Metric Tonnes (TMT),PPAC,1751964547_PT_IMPORT_TMT_H.xlsx,PT_import_H_2013-14,17,2026-08-21T15:32:19.126691+00:00,1.0
2013-05-01,2013,2013-14,May,SKO,IMPORT,0.0,Thousand Metric Tonnes (TMT),PPAC,1751964547_PT_IMPORT_TMT_H.xlsx,PT_import_H_2013-14,17,2026-08-21T15:32:19.126691+00:00,1.0
2013-06-01,2013,2013-14,June,SKO,IMPORT,0.0,Thousand Metric Tonnes (TMT),PPAC,1751964547_PT_IMPORT_TMT_H.xlsx,PT_import_H_2013-14,17,2026-08-21T15:32:19.126691+00:00,1.0
2013-07-01,2013,2013-14,July,SKO,IMPORT,0.0,Thousand Metric Tonnes (TMT),PPAC,1751964547_PT_IMPORT_TMT_H.xlsx,PT_import_H_2013-14,17,2026-08-21T15:32:19.126691+00:00,1.0
2013-08-01,2013,2013-14,August,SKO,IMPORT,0.0,Thousand Metric Tonnes (TMT),PPAC,1751964547_PT_IMPORT_TMT_H.xlsx,PT_import_H_2013-14,17,2026-08-21T15:32:19.126691+00:00,1.0
2013-09-01,2013,2013-14,September,SKO,IMPORT,0.0,Thousand Metric Tonnes (TMT),PPAC,1751964547_PT_IMPORT_TMT_H.xlsx,PT_import_H_2013-14,17,2026-08-21T15:32:19.126691+00:00,1.0
2013-10-01,2013,2013-14,October,SKO,IMPORT,0.0,Thousand Metric Tonnes (TMT),PPAC,1751964547_PT_IMPORT_TMT_H.xlsx,PT_import_H_2013-14,17,2026-08-21T15:32:19.126691+00:00,1.0
2013-11-01,2013,2013-14,November,SKO,IMPORT,0.0,Thousand Metric Tonnes (TMT),PPAC,1751964547_PT_IMPORT_TMT_H.xlsx,PT_import_H_2013-14,17,2026-08-21T15:32:19.126691+00:00,1.0
2013-12-01,2013,2013-14,December,SKO,IMPORT,0.0,Thousand Metric Tonnes (TMT),PPAC,1751964547_PT_IMPORT_TMT_H.xlsx,PT_import_H_2013-14,17,2026-08-21T15:32:19.126691+00:00,1.0
2014-01-01,2014,2013-14,January,SKO,IMPORT,0.0,Thousand Metric Tonnes (TMT),PPAC,1751964547_PT_IMPORT_TMT_H.xlsx,PT_import_H_2013-14,17,2026-08-21T15:32:19.126691+00:00,1.0
2014-02-01,2014,2013-14,February,SKO,IMPORT,0.0,Thousand Metric Tonnes (TMT),PPAC,1751964547_PT_IMPORT_TMT_H.xlsx,PT_import_H_2013-14,17,2026-08-21T15:32:19.126691+00:00,1.0
2014-03-01,2014,2013-14,March,SKO,IMPORT,0.0,Thousand Metric Tonnes (TMT),PPAC,1751964547_PT_IMPORT_TMT_H.xlsx,PT_import_H_2013-14,17,2026-08-21T15:32:19.126691+00:00,1.0
2013-04-01,2013,2013-14,April,HSD,IMPORT,5.656,Thousand Metric Tonnes (TMT),PPAC,1751964547_PT_IMPORT_TMT_H.xlsx,PT_import_H_2013-14,18,2026-08-21T15:32:19.126691+00:00,1.0
2013-05-01,2013,2013-14,May,HSD,IMPORT,16.671,Thousand Metric Tonnes (TMT),PPAC,1751964547_PT_IMPORT_TMT_H.xlsx,PT_import_H_2013-14,18,2026-08-21T15:32:19.126691+00:00,1.0
2013-06-01,2013,2013-14,June,HSD,IMPORT,0.283,Thousand Metric Tonnes (TMT),PPAC,1751964547_PT_IMPORT_TMT_H.xlsx,PT_import_H_2013-14,18,2026-08-21T15:32:19.126691+00:00,1.0
2013-07-01,2013,2013-14,July,HSD,IMPORT,0.942,Thousand Metric Tonnes (TMT),PPAC,1751964547_PT_IMPORT_TMT_H.xlsx,PT_import_H_2013-14,18,2026-08-21T15:32:19.126691+00:00,1.0
2013-08-01,2013,2013-14,August,HSD,IMPORT,3.253,Thousand Metric Tonnes (TMT),PPAC,1751964547_PT_IMPORT_TMT_H.xlsx,PT_import_H_2013-14,18,2026-08-21T15:32:19.126691+00:00,1.0
2013-09-01,2013,2013-14,September,HSD,IMPORT,0.611,Thousand Metric Tonnes (TMT),PPAC,1751964547_PT_IMPORT_TMT_H.xlsx,PT_import_H_2013-14,18,2026-08-21T15:32:19.126691+00:00,1.0
2013-10-01,2013,2013-14,October,HSD,IMPORT,3.059,Thousand Metric Tonnes (TMT),PPAC,1751964547_PT_IMPORT_TMT_H.xlsx,PT_import_H_2013-14,18,2026-08-21T15:32:19.126691+00:00,1.0
2013-11-01,2013,2013-14,November,HSD,IMPORT,28.758,Thousand Metric Tonnes (TMT),PPAC,1751964547_PT_IMPORT_TMT_H.xlsx,PT_import_H_2013-14,18,2026-08-21T15:32:19.126691+00:00,1.0
2013-12-01,2013,2013-14,December,HSD,IMPORT,3.617,Thousand Metric Tonnes (TMT),PPAC,1751964547_PT_IMPORT_TMT_H.xlsx,PT_import_H_2013-14,18,2026-08-21T15:32:19.126691+00:00,1.0
2014-01-01,2014,2013-14,January,HSD,IMPORT,1.779,Thousand Metric Tonnes (TMT),PPAC,1751964547_PT_IMPORT_TMT_H.xlsx,PT_import_H_2013-14,18,2026-08-21T15:32:19.126691+00:00,1.0
2014-02-01,2014,2013-14,February,HSD,IMPORT,7.323,Thousand Metric Tonnes (TMT),PPAC,1751964547_PT_IMPORT_TMT_H.xlsx,PT_import_H_2013-14,18,2026-08-21T15:32:19.126691+00:00,1.0
2014-03-01,2014,2013-14,March,HSD,IMPORT,4.696,Thousand Metric Tonnes (TMT),PPAC,1751964547_PT_IMPORT_TMT_H.xlsx,PT_import_H_2013-14,18,2026-08-21T15:32:19.126691+00:00,1.0
2013-04-01,2013,2013-14,April,LOBS/ Lube oil,IMPORT,146.61820999999998,Thousand Metric Tonnes (TMT),PPAC,1751964547_PT_IMPORT_TMT_H.xlsx,PT_import_H_2013-14,19,2026-08-21T15:32:19.126691+00:00,1.0
2013-05-01,2013,2013-14,May,LOBS/ Lube oil,IMPORT,212.342,Thousand Metric Tonnes (TMT),PPAC,1751964547_PT_IMPORT_TMT_H.xlsx,PT_import_H_2013-14,19,2026-08-21T15:32:19.126691+00:00,1.0
2013-06-01,2013,2013-14,June,LOBS/ Lube oil,IMPORT,139.662385,Thousand Metric Tonnes (TMT),PPAC,1751964547_PT_IMPORT_TMT_H.xlsx,PT_import_H_2013-14,19,2026-08-21T15:32:19.126691+00:00,1.0
2013-07-01,2013,2013-14,July,LOBS/ Lube oil,IMPORT,185.477,Thousand Metric Tonnes (TMT),PPAC,1751964547_PT_IMPORT_TMT_H.xlsx,PT_import_H_2013-14,19,2026-08-21T15:32:19.126691+00:00,1.0
2013-08-01,2013,2013-14,August,LOBS/ Lube oil,IMPORT,150.758,Thousand Metric Tonnes (TMT),PPAC,1751964547_PT_IMPORT_TMT_H.xlsx,PT_import_H_2013-14,19,2026-08-21T15:32:19.126691+00:00,1.0
2013-09-01,2013,2013-14,September,LOBS/ Lube oil,IMPORT,103.467,Thousand Metric Tonnes (TMT),PPAC,1751964547_PT_IMPORT_TMT_H.xlsx,PT_import_H_2013-14,19,2026-08-21T15:32:19.126691+00:00,1.0
2013-10-01,2013,2013-14,October,LOBS/ Lube oil,IMPORT,188.228,Thousand Metric Tonnes (TMT),PPAC,1751964547_PT_IMPORT_TMT_H.xlsx,PT_import_H_2013-14,19,2026-08-21T15:32:19.126691+00:00,1.0
2013-11-01,2013,2013-14,November,LOBS/ Lube oil,IMPORT,120.501,Thousand Metric Tonnes (TMT),PPAC,1751964547_PT_IMPORT_TMT_H.xlsx,PT_import_H_2013-14,19,2026-08-21T15:32:19.126691+00:00,1.0
2013-12-01,2013,2013-14,December,LOBS/ Lube oil,IMPORT,229.779,Thousand Metric Tonnes (TMT),PPAC,1751964547_PT_IMPORT_TMT_H.xlsx,PT_import_H_2013-14,19,2026-08-21T15:32:19.126691+00:00,1.0
2014-01-01,2014,2013-14,January,LOBS/ Lube oil,IMPORT,269.186,Thousand Metric Tonnes (TMT),PPAC,1751964547_PT_IMPORT_TMT_H.xlsx,PT_import_H_2013-14,19,2026-08-21T15:32:19.126691+00:00,1.0
2014-02-01,2014,2013-14,February,LOBS/ Lube oil,IMPORT,186.418,Thousand Metric Tonnes (TMT),PPAC,1751964547_PT_IMPORT_TMT_H.xlsx,PT_import_H_2013-14,19,2026-08-21T15:32:19.126691+00:00,1.0
2014-03-01,2014,2013-14,March,LOBS/ Lube oil,IMPORT,157.58376,Thousand Metric Tonnes (TMT),PPAC,1751964547_PT_IMPORT_TMT_H.xlsx,PT_import_H_2013-14,19,2026-08-21T15:32:19.126691+00:00,1.0
2013-04-01,2013,2013-14,April,Fuel Oil,IMPORT,107.577,Thousand Metric Tonnes (TMT),PPAC,1751964547_PT_IMPORT_TMT_H.xlsx,PT_import_H_2013-14,20,2026-08-21T15:32:19.126691+00:00,1.0
2013-05-01,2013,2013-14,May,Fuel Oil,IMPORT,59.683,Thousand Metric Tonnes (TMT),PPAC,1751964547_PT_IMPORT_TMT_H.xlsx,PT_import_H_2013-14,20,2026-08-21T15:32:19.126691+00:00,1.0
2013-06-01,2013,2013-14,June,Fuel Oil,IMPORT,48.098,Thousand Metric Tonnes (TMT),PPAC,1751964547_PT_IMPORT_TMT_H.xlsx,PT_import_H_2013-14,20,2026-08-21T15:32:19.126691+00:00,1.0
2013-07-01,2013,2013-14,July,Fuel Oil,IMPORT,181.65,Thousand Metric Tonnes (TMT),PPAC,1751964547_PT_IMPORT_TMT_H.xlsx,PT_import_H_2013-14,20,2026-08-21T15:32:19.126691+00:00,1.0
2013-08-01,2013,2013-14,August,Fuel Oil,IMPORT,147.357,Thousand Metric Tonnes (TMT),PPAC,1751964547_PT_IMPORT_TMT_H.xlsx,PT_import_H_2013-14,20,2026-08-21T15:32:19.126691+00:00,1.0
2013-09-01,2013,2013-14,September,Fuel Oil,IMPORT,120.519,Thousand Metric Tonnes (TMT),PPAC,1751964547_PT_IMPORT_TMT_H.xlsx,PT_import_H_2013-14,20,2026-08-21T15:32:19.126691+00:00,1.0
2013-10-01,2013,2013-14,October,Fuel Oil,IMPORT,168.29500000000002,Thousand Metric Tonnes (TMT),PPAC,1751964547_PT_IMPORT_TMT_H.xlsx,PT_import_H_2013-14,20,2026-08-21T15:32:19.126691+00:00,1.0
2013-11-01,2013,2013-14,November,Fuel Oil,IMPORT,40.445,Thousand Metric Tonnes (TMT),PPAC,1751964547_PT_IMPORT_TMT_H.xlsx,PT_import_H_2013-14,20,2026-08-21T15:32:19.126691+00:00,1.0
2013-12-01,2013,2013-14,December,Fuel Oil,IMPORT,121.61820900000001,Thousand Metric Tonnes (TMT),PPAC,1751964547_PT_IMPORT_TMT_H.xlsx,PT_import_H_2013-14,20,2026-08-21T15:32:19.126691+00:00,1.0
2014-01-01,2014,2013-14,January,Fuel Oil,IMPORT,65.77600799999999,Thousand Metric Tonnes (TMT),PPAC,1751964547_PT_IMPORT_TMT_H.xlsx,PT_import_H_2013-14,20,2026-08-21T15:32:19.126691+00:00,1.0
2014-02-01,2014,2013-14,February,Fuel Oil,IMPORT,95.82826100000011,Thousand Metric Tonnes (TMT),PPAC,1751964547_PT_IMPORT_TMT_H.xlsx,PT_import_H_2013-14,20,2026-08-21T15:32:19.126691+00:00,1.0
2014-03-01,2014,2013-14,March,Fuel Oil,IMPORT,174.638752,Thousand Metric Tonnes (TMT),PPAC,1751964547_PT_IMPORT_TMT_H.xlsx,PT_import_H_2013-14,20,2026-08-21T15:32:19.126691+00:00,1.0
2013-04-01,2013,2013-14,April,Bitumen,IMPORT,24.723,Thousand Metric Tonnes (TMT),PPAC,1751964547_PT_IMPORT_TMT_H.xlsx,PT_import_H_2013-14,21,2026-08-21T15:32:19.126691+00:00,1.0
2013-05-01,2013,2013-14,May,Bitumen,IMPORT,31.517,Thousand Metric Tonnes (TMT),PPAC,1751964547_PT_IMPORT_TMT_H.xlsx,PT_import_H_2013-14,21,2026-08-21T15:32:19.126691+00:00,1.0
2013-06-01,2013,2013-14,June,Bitumen,IMPORT,7.024,Thousand Metric Tonnes (TMT),PPAC,1751964547_PT_IMPORT_TMT_H.xlsx,PT_import_H_2013-14,21,2026-08-21T15:32:19.126691+00:00,1.0
2013-07-01,2013,2013-14,July,Bitumen,IMPORT,7.0093119999999995,Thousand Metric Tonnes (TMT),PPAC,1751964547_PT_IMPORT_TMT_H.xlsx,PT_import_H_2013-14,21,2026-08-21T15:32:19.126691+00:00,1.0
2013-08-01,2013,2013-14,August,Bitumen,IMPORT,1.558328,Thousand Metric Tonnes (TMT),PPAC,1751964547_PT_IMPORT_TMT_H.xlsx,PT_import_H_2013-14,21,2026-08-21T15:32:19.126691+00:00,1.0
2013-09-01,2013,2013-14,September,Bitumen,IMPORT,4.556477,Thousand Metric Tonnes (TMT),PPAC,1751964547_PT_IMPORT_TMT_H.xlsx,PT_import_H_2013-14,21,2026-08-21T15:32:19.126691+00:00,1.0
2013-10-01,2013,2013-14,October,Bitumen,IMPORT,11.043,Thousand Metric Tonnes (TMT),PPAC,1751964547_PT_IMPORT_TMT_H.xlsx,PT_import_H_2013-14,21,2026-08-21T15:32:19.126691+00:00,1.0
2013-11-01,2013,2013-14,November,Bitumen,IMPORT,20.991,Thousand Metric Tonnes (TMT),PPAC,1751964547_PT_IMPORT_TMT_H.xlsx,PT_import_H_2013-14,21,2026-08-21T15:32:19.126691+00:00,1.0
2013-12-01,2013,2013-14,December,Bitumen,IMPORT,22.296205999999998,Thousand Metric Tonnes (TMT),PPAC,1751964547_PT_IMPORT_TMT_H.xlsx,PT_import_H_2013-14,21,2026-08-21T15:32:19.126691+00:00,1.0
2014-01-01,2014,2013-14,January,Bitumen,IMPORT,20.332,Thousand Metric Tonnes (TMT),PPAC,1751964547_PT_IMPORT_TMT_H.xlsx,PT_import_H_2013-14,21,2026-08-21T15:32:19.126691+00:00,1.0
2014-02-01,2014,2013-14,February,Bitumen,IMPORT,62.64791,Thousand Metric Tonnes (TMT),PPAC,1751964547_PT_IMPORT_TMT_H.xlsx,PT_import_H_2013-14,21,2026-08-21T15:32:19.126691+00:00,1.0
2014-03-01,2014,2013-14,March,Bitumen,IMPORT,32.223217,Thousand Metric Tonnes (TMT),PPAC,1751964547_PT_IMPORT_TMT_H.xlsx,PT_import_H_2013-14,21,2026-08-21T15:32:19.126691+00:00,1.0
2013-04-01,2013,2013-14,April,Others&,IMPORT,312.04107599999986,Thousand Metric Tonnes (TMT),PPAC,1751964547_PT_IMPORT_TMT_H.xlsx,PT_import_H_2013-14,22,2026-08-21T15:32:19.126691+00:00,1.0
2013-05-01,2013,2013-14,May,Others&,IMPORT,467.45656699999995,Thousand Metric Tonnes (TMT),PPAC,1751964547_PT_IMPORT_TMT_H.xlsx,PT_import_H_2013-14,22,2026-08-21T15:32:19.126691+00:00,1.0
2013-06-01,2013,2013-14,June,Others&,IMPORT,262.1650870000001,Thousand Metric Tonnes (TMT),PPAC,1751964547_PT_IMPORT_TMT_H.xlsx,PT_import_H_2013-14,22,2026-08-21T15:32:19.126691+00:00,1.0
2013-07-01,2013,2013-14,July,Others&,IMPORT,470.29302900000005,Thousand Metric Tonnes (TMT),PPAC,1751964547_PT_IMPORT_TMT_H.xlsx,PT_import_H_2013-14,22,2026-08-21T15:32:19.126691+00:00,1.0
2013-08-01,2013,2013-14,August,Others&,IMPORT,441.34237800000005,Thousand Metric Tonnes (TMT),PPAC,1751964547_PT_IMPORT_TMT_H.xlsx,PT_import_H_2013-14,22,2026-08-21T15:32:19.126691+00:00,1.0
2013-09-01,2013,2013-14,September,Others&,IMPORT,589.389277,Thousand Metric Tonnes (TMT),PPAC,1751964547_PT_IMPORT_TMT_H.xlsx,PT_import_H_2013-14,22,2026-08-21T15:32:19.126691+00:00,1.0
2013-10-01,2013,2013-14,October,Others&,IMPORT,470.511297,Thousand Metric Tonnes (TMT),PPAC,1751964547_PT_IMPORT_TMT_H.xlsx,PT_import_H_2013-14,22,2026-08-21T15:32:19.126691+00:00,1.0
2013-11-01,2013,2013-14,November,Others&,IMPORT,413.94994099999985,Thousand Metric Tonnes (TMT),PPAC,1751964547_PT_IMPORT_TMT_H.xlsx,PT_import_H_2013-14,22,2026-08-21T15:32:19.126691+00:00,1.0
2013-12-01,2013,2013-14,December,Others&,IMPORT,271.9615729999998,Thousand Metric Tonnes (TMT),PPAC,1751964547_PT_IMPORT_TMT_H.xlsx,PT_import_H_2013-14,22,2026-08-21T15:32:19.126691+00:00,1.0
2014-01-01,2014,2013-14,January,Others&,IMPORT,519.4029029999997,Thousand Metric Tonnes (TMT),PPAC,1751964547_PT_IMPORT_TMT_H.xlsx,PT_import_H_2013-14,22,2026-08-21T15:32:19.126691+00:00,1.0
2014-02-01,2014,2013-14,February,Others&,IMPORT,435.67113900000004,Thousand Metric Tonnes (TMT),PPAC,1751964547_PT_IMPORT_TMT_H.xlsx,PT_import_H_2013-14,22,2026-08-21T15:32:19.126691+00:00,1.0
2014-03-01,2014,2013-14,March,Others&,IMPORT,475.78963999999996,Thousand Metric Tonnes (TMT),PPAC,1751964547_PT_IMPORT_TMT_H.xlsx,PT_import_H_2013-14,22,2026-08-21T15:32:19.126691+00:00,1.0
2013-04-01,2013,2013-14,April,LPG,EXPORT,18.96372,Thousand Metric Tonnes (TMT),PPAC,1751964547_PT_IMPORT_TMT_H.xlsx,PT_import_H_2013-14,26,2026-08-21T15:32:19.126691+00:00,1.0
2013-05-01,2013,2013-14,May,LPG,EXPORT,17.18137,Thousand Metric Tonnes (TMT),PPAC,1751964547_PT_IMPORT_TMT_H.xlsx,PT_import_H_2013-14,26,2026-08-21T15:32:19.126691+00:00,1.0
2013-06-01,2013,2013-14,June,LPG,EXPORT,17.2389,Thousand Metric Tonnes (TMT),PPAC,1751964547_PT_IMPORT_TMT_H.xlsx,PT_import_H_2013-14,26,2026-08-21T15:32:19.126691+00:00,1.0
2013-07-01,2013,2013-14,July,LPG,EXPORT,18.25297,Thousand Metric Tonnes (TMT),PPAC,1751964547_PT_IMPORT_TMT_H.xlsx,PT_import_H_2013-14,26,2026-08-21T15:32:19.126691+00:00,1.0
2013-08-01,2013,2013-14,August,LPG,EXPORT,20.52525,Thousand Metric Tonnes (TMT),PPAC,1751964547_PT_IMPORT_TMT_H.xlsx,PT_import_H_2013-14,26,2026-08-21T15:32:19.126691+00:00,1.0
2013-09-01,2013,2013-14,September,LPG,EXPORT,18.07867,Thousand Metric Tonnes (TMT),PPAC,1751964547_PT_IMPORT_TMT_H.xlsx,PT_import_H_2013-14,26,2026-08-21T15:32:19.126691+00:00,1.0
2013-10-01,2013,2013-14,October,LPG,EXPORT,14.71848,Thousand Metric Tonnes (TMT),PPAC,1751964547_PT_IMPORT_TMT_H.xlsx,PT_import_H_2013-14,26,2026-08-21T15:32:19.126691+00:00,1.0
2013-11-01,2013,2013-14,November,LPG,EXPORT,16.771630000000002,Thousand Metric Tonnes (TMT),PPAC,1751964547_PT_IMPORT_TMT_H.xlsx,PT_import_H_2013-14,26,2026-08-21T15:32:19.126691+00:00,1.0
2013-12-01,2013,2013-14,December,LPG,EXPORT,19.77515,Thousand Metric Tonnes (TMT),PPAC,1751964547_PT_IMPORT_TMT_H.xlsx,PT_import_H_2013-14,26,2026-08-21T15:32:19.126691+00:00,1.0
2014-01-01,2014,2013-14,January,LPG,EXPORT,23.243509999999997,Thousand Metric Tonnes (TMT),PPAC,1751964547_PT_IMPORT_TMT_H.xlsx,PT_import_H_2013-14,26,2026-08-21T15:32:19.126691+00:00,1.0
2014-02-01,2014,2013-14,February,LPG,EXPORT,20.967917,Thousand Metric Tonnes (TMT),PPAC,1751964547_PT_IMPORT_TMT_H.xlsx,PT_import_H_2013-14,26,2026-08-21T15:32:19.126691+00:00,1.0
2014-03-01,2014,2013-14,March,LPG,EXPORT,21.629797,Thousand Metric Tonnes (TMT),PPAC,1751964547_PT_IMPORT_TMT_H.xlsx,PT_import_H_2013-14,26,2026-08-21T15:32:19.126691+00:00,1.0
2013-04-01,2013,2013-14,April,MS!,EXPORT,1211.0251480000002,Thousand Metric Tonnes (TMT),PPAC,1751964547_PT_IMPORT_TMT_H.xlsx,PT_import_H_2013-14,27,2026-08-21T15:32:19.126691+00:00,1.0
2013-05-01,2013,2013-14,May,MS!,EXPORT,1402.7396119999999,Thousand Metric Tonnes (TMT),PPAC,1751964547_PT_IMPORT_TMT_H.xlsx,PT_import_H_2013-14,27,2026-08-21T15:32:19.126691+00:00,1.0
2013-06-01,2013,2013-14,June,MS!,EXPORT,1489.142616,Thousand Metric Tonnes (TMT),PPAC,1751964547_PT_IMPORT_TMT_H.xlsx,PT_import_H_2013-14,27,2026-08-21T15:32:19.126691+00:00,1.0
2013-07-01,2013,2013-14,July,MS!,EXPORT,1241.930861,Thousand Metric Tonnes (TMT),PPAC,1751964547_PT_IMPORT_TMT_H.xlsx,PT_import_H_2013-14,27,2026-08-21T15:32:19.126691+00:00,1.0
2013-08-01,2013,2013-14,August,MS!,EXPORT,1376.789581,Thousand Metric Tonnes (TMT),PPAC,1751964547_PT_IMPORT_TMT_H.xlsx,PT_import_H_2013-14,27,2026-08-21T15:32:19.126691+00:00,1.0
2013-09-01,2013,2013-14,September,MS!,EXPORT,1305.2761488,Thousand Metric Tonnes (TMT),PPAC,1751964547_PT_IMPORT_TMT_H.xlsx,PT_import_H_2013-14,27,2026-08-21T15:32:19.126691+00:00,1.0
2013-10-01,2013,2013-14,October,MS!,EXPORT,1222.137583,Thousand Metric Tonnes (TMT),PPAC,1751964547_PT_IMPORT_TMT_H.xlsx,PT_import_H_2013-14,27,2026-08-21T15:32:19.126691+00:00,1.0
2013-11-01,2013,2013-14,November,MS!,EXPORT,1137.56287,Thousand Metric Tonnes (TMT),PPAC,1751964547_PT_IMPORT_TMT_H.xlsx,PT_import_H_2013-14,27,2026-08-21T15:32:19.126691+00:00,1.0
2013-12-01,2013,2013-14,December,MS!,EXPORT,1301.36668,Thousand Metric Tonnes (TMT),PPAC,1751964547_PT_IMPORT_TMT_H.xlsx,PT_import_H_2013-14,27,2026-08-21T15:32:19.126691+00:00,1.0
2014-01-01,2014,2013-14,January,MS!,EXPORT,1013.410548,Thousand Metric Tonnes (TMT),PPAC,1751964547_PT_IMPORT_TMT_H.xlsx,PT_import_H_2013-14,27,2026-08-21T15:32:19.126691+00:00,1.0
2014-02-01,2014,2013-14,February,MS!,EXPORT,1009.2773890000001,Thousand Metric Tonnes (TMT),PPAC,1751964547_PT_IMPORT_TMT_H.xlsx,PT_import_H_2013-14,27,2026-08-21T15:32:19.126691+00:00,1.0
2014-03-01,2014,2013-14,March,MS!,EXPORT,1535.9844540000001,Thousand Metric Tonnes (TMT),PPAC,1751964547_PT_IMPORT_TMT_H.xlsx,PT_import_H_2013-14,27,2026-08-21T15:32:19.126691+00:00,1.0
2013-04-01,2013,2013-14,April,Naphtha,EXPORT,623.181052,Thousand Metric Tonnes (TMT),PPAC,1751964547_PT_IMPORT_TMT_H.xlsx,PT_import_H_2013-14,28,2026-08-21T15:32:19.126691+00:00,1.0
2013-05-01,2013,2013-14,May,Naphtha,EXPORT,738.81124,Thousand Metric Tonnes (TMT),PPAC,1751964547_PT_IMPORT_TMT_H.xlsx,PT_import_H_2013-14,28,2026-08-21T15:32:19.126691+00:00,1.0
2013-06-01,2013,2013-14,June,Naphtha,EXPORT,676.402961,Thousand Metric Tonnes (TMT),PPAC,1751964547_PT_IMPORT_TMT_H.xlsx,PT_import_H_2013-14,28,2026-08-21T15:32:19.126691+00:00,1.0
2013-07-01,2013,2013-14,July,Naphtha,EXPORT,763.087598,Thousand Metric Tonnes (TMT),PPAC,1751964547_PT_IMPORT_TMT_H.xlsx,PT_import_H_2013-14,28,2026-08-21T15:32:19.126691+00:00,1.0
2013-08-01,2013,2013-14,August,Naphtha,EXPORT,831.616382,Thousand Metric Tonnes (TMT),PPAC,1751964547_PT_IMPORT_TMT_H.xlsx,PT_import_H_2013-14,28,2026-08-21T15:32:19.126691+00:00,1.0
2013-09-01,2013,2013-14,September,Naphtha,EXPORT,679.3910640000001,Thousand Metric Tonnes (TMT),PPAC,1751964547_PT_IMPORT_TMT_H.xlsx,PT_import_H_2013-14,28,2026-08-21T15:32:19.126691+00:00,1.0
2013-10-01,2013,2013-14,October,Naphtha,EXPORT,794.470509,Thousand Metric Tonnes (TMT),PPAC,1751964547_PT_IMPORT_TMT_H.xlsx,PT_import_H_2013-14,28,2026-08-21T15:32:19.126691+00:00,1.0
2013-11-01,2013,2013-14,November,Naphtha,EXPORT,586.334968,Thousand Metric Tonnes (TMT),PPAC,1751964547_PT_IMPORT_TMT_H.xlsx,PT_import_H_2013-14,28,2026-08-21T15:32:19.126691+00:00,1.0
2013-12-01,2013,2013-14,December,Naphtha,EXPORT,707.389823,Thousand Metric Tonnes (TMT),PPAC,1751964547_PT_IMPORT_TMT_H.xlsx,PT_import_H_2013-14,28,2026-08-21T15:32:19.126691+00:00,1.0
2014-01-01,2014,2013-14,January,Naphtha,EXPORT,625.0546740000001,Thousand Metric Tonnes (TMT),PPAC,1751964547_PT_IMPORT_TMT_H.xlsx,PT_import_H_2013-14,28,2026-08-21T15:32:19.126691+00:00,1.0
2014-02-01,2014,2013-14,February,Naphtha,EXPORT,614.2754,Thousand Metric Tonnes (TMT),PPAC,1751964547_PT_IMPORT_TMT_H.xlsx,PT_import_H_2013-14,28,2026-08-21T15:32:19.126691+00:00,1.0
2014-03-01,2014,2013-14,March,Naphtha,EXPORT,681.974414,Thousand Metric Tonnes (TMT),PPAC,1751964547_PT_IMPORT_TMT_H.xlsx,PT_import_H_2013-14,28,2026-08-21T15:32:19.126691+00:00,1.0
2013-04-01,2013,2013-14,April,ATF#,EXPORT,551.083248,Thousand Metric Tonnes (TMT),PPAC,1751964547_PT_IMPORT_TMT_H.xlsx,PT_import_H_2013-14,29,2026-08-21T15:32:19.126691+00:00,1.0
2013-05-01,2013,2013-14,May,ATF#,EXPORT,541.973522,Thousand Metric Tonnes (TMT),PPAC,1751964547_PT_IMPORT_TMT_H.xlsx,PT_import_H_2013-14,29,2026-08-21T15:32:19.126691+00:00,1.0
2013-06-01,2013,2013-14,June,ATF#,EXPORT,336.477727,Thousand Metric Tonnes (TMT),PPAC,1751964547_PT_IMPORT_TMT_H.xlsx,PT_import_H_2013-14,29,2026-08-21T15:32:19.126691+00:00,1.0
2013-07-01,2013,2013-14,July,ATF#,EXPORT,414.828621,Thousand Metric Tonnes (TMT),PPAC,1751964547_PT_IMPORT_TMT_H.xlsx,PT_import_H_2013-14,29,2026-08-21T15:32:19.126691+00:00,1.0
2013-08-01,2013,2013-14,August,ATF#,EXPORT,439.666894,Thousand Metric Tonnes (TMT),PPAC,1751964547_PT_IMPORT_TMT_H.xlsx,PT_import_H_2013-14,29,2026-08-21T15:32:19.126691+00:00,1.0
2013-09-01,2013,2013-14,September,ATF#,EXPORT,559.3924870000001,Thousand Metric Tonnes (TMT),PPAC,1751964547_PT_IMPORT_TMT_H.xlsx,PT_import_H_2013-14,29,2026-08-21T15:32:19.126691+00:00,1.0
2013-10-01,2013,2013-14,October,ATF#,EXPORT,536.175248,Thousand Metric Tonnes (TMT),PPAC,1751964547_PT_IMPORT_TMT_H.xlsx,PT_import_H_2013-14,29,2026-08-21T15:32:19.126691+00:00,1.0
2013-11-01,2013,2013-14,November,ATF#,EXPORT,524.7877100000001,Thousand Metric Tonnes (TMT),PPAC,1751964547_PT_IMPORT_TMT_H.xlsx,PT_import_H_2013-14,29,2026-08-21T15:32:19.126691+00:00,1.0
2013-12-01,2013,2013-14,December,ATF#,EXPORT,504.23561199999995,Thousand Metric Tonnes (TMT),PPAC,1751964547_PT_IMPORT_TMT_H.xlsx,PT_import_H_2013-14,29,2026-08-21T15:32:19.126691+00:00,1.0
2014-01-01,2014,2013-14,January,ATF#,EXPORT,379.54405999999994,Thousand Metric Tonnes (TMT),PPAC,1751964547_PT_IMPORT_TMT_H.xlsx,PT_import_H_2013-14,29,2026-08-21T15:32:19.126691+00:00,1.0
2014-02-01,2014,2013-14,February,ATF#,EXPORT,453.8450919999999,Thousand Metric Tonnes (TMT),PPAC,1751964547_PT_IMPORT_TMT_H.xlsx,PT_import_H_2013-14,29,2026-08-21T15:32:19.126691+00:00,1.0
2014-03-01,2014,2013-14,March,ATF#,EXPORT,502.502649,Thousand Metric Tonnes (TMT),PPAC,1751964547_PT_IMPORT_TMT_H.xlsx,PT_import_H_2013-14,29,2026-08-21T15:32:19.126691+00:00,1.0
2013-04-01,2013,2013-14,April,SKO,EXPORT,1.034996,Thousand Metric Tonnes (TMT),PPAC,1751964547_PT_IMPORT_TMT_H.xlsx,PT_import_H_2013-14,30,2026-08-21T15:32:19.126691+00:00,1.0
2013-05-01,2013,2013-14,May,SKO,EXPORT,1.231504,Thousand Metric Tonnes (TMT),PPAC,1751964547_PT_IMPORT_TMT_H.xlsx,PT_import_H_2013-14,30,2026-08-21T15:32:19.126691+00:00,1.0
2013-06-01,2013,2013-14,June,SKO,EXPORT,1.248728,Thousand Metric Tonnes (TMT),PPAC,1751964547_PT_IMPORT_TMT_H.xlsx,PT_import_H_2013-14,30,2026-08-21T15:32:19.126691+00:00,1.0
2013-07-01,2013,2013-14,July,SKO,EXPORT,1.3371959999999998,Thousand Metric Tonnes (TMT),PPAC,1751964547_PT_IMPORT_TMT_H.xlsx,PT_import_H_2013-14,30,2026-08-21T15:32:19.126691+00:00,1.0
2013-08-01,2013,2013-14,August,SKO,EXPORT,1.01722,Thousand Metric Tonnes (TMT),PPAC,1751964547_PT_IMPORT_TMT_H.xlsx,PT_import_H_2013-14,30,2026-08-21T15:32:19.126691+00:00,1.0
2013-09-01,2013,2013-14,September,SKO,EXPORT,1.096062,Thousand Metric Tonnes (TMT),PPAC,1751964547_PT_IMPORT_TMT_H.xlsx,PT_import_H_2013-14,30,2026-08-21T15:32:19.126691+00:00,1.0
2013-10-01,2013,2013-14,October,SKO,EXPORT,1.3231030000000001,Thousand Metric Tonnes (TMT),PPAC,1751964547_PT_IMPORT_TMT_H.xlsx,PT_import_H_2013-14,30,2026-08-21T15:32:19.126691+00:00,1.0
2013-11-01,2013,2013-14,November,SKO,EXPORT,0.784467,Thousand Metric Tonnes (TMT),PPAC,1751964547_PT_IMPORT_TMT_H.xlsx,PT_import_H_2013-14,30,2026-08-21T15:32:19.126691+00:00,1.0
2013-12-01,2013,2013-14,December,SKO,EXPORT,1.329367,Thousand Metric Tonnes (TMT),PPAC,1751964547_PT_IMPORT_TMT_H.xlsx,PT_import_H_2013-14,30,2026-08-21T15:32:19.126691+00:00,1.0
2014-01-01,2014,2013-14,January,SKO,EXPORT,2.058248,Thousand Metric Tonnes (TMT),PPAC,1751964547_PT_IMPORT_TMT_H.xlsx,PT_import_H_2013-14,30,2026-08-21T15:32:19.126691+00:00,1.0
2014-02-01,2014,2013-14,February,SKO,EXPORT,1.752133,Thousand Metric Tonnes (TMT),PPAC,1751964547_PT_IMPORT_TMT_H.xlsx,PT_import_H_2013-14,30,2026-08-21T15:32:19.126691+00:00,1.0
2014-03-01,2014,2013-14,March,SKO,EXPORT,1.0326469999999999,Thousand Metric Tonnes (TMT),PPAC,1751964547_PT_IMPORT_TMT_H.xlsx,PT_import_H_2013-14,30,2026-08-21T15:32:19.126691+00:00,1.0
2013-04-01,2013,2013-14,April,HSD,EXPORT,1620.6934370000001,Thousand Metric Tonnes (TMT),PPAC,1751964547_PT_IMPORT_TMT_H.xlsx,PT_import_H_2013-14,31,2026-08-21T15:32:19.126691+00:00,1.0
2013-05-01,2013,2013-14,May,HSD,EXPORT,1812.84915,Thousand Metric Tonnes (TMT),PPAC,1751964547_PT_IMPORT_TMT_H.xlsx,PT_import_H_2013-14,31,2026-08-21T15:32:19.126691+00:00,1.0
2013-06-01,2013,2013-14,June,HSD,EXPORT,1813.4510799999998,Thousand Metric Tonnes (TMT),PPAC,1751964547_PT_IMPORT_TMT_H.xlsx,PT_import_H_2013-14,31,2026-08-21T15:32:19.126691+00:00,1.0
2013-07-01,2013,2013-14,July,HSD,EXPORT,2357.6037210000004,Thousand Metric Tonnes (TMT),PPAC,1751964547_PT_IMPORT_TMT_H.xlsx,PT_import_H_2013-14,31,2026-08-21T15:32:19.126691+00:00,1.0
2013-08-01,2013,2013-14,August,HSD,EXPORT,2410.087398,Thousand Metric Tonnes (TMT),PPAC,1751964547_PT_IMPORT_TMT_H.xlsx,PT_import_H_2013-14,31,2026-08-21T15:32:19.126691+00:00,1.0
2013-09-01,2013,2013-14,September,HSD,EXPORT,3370.8281729999994,Thousand Metric Tonnes (TMT),PPAC,1751964547_PT_IMPORT_TMT_H.xlsx,PT_import_H_2013-14,31,2026-08-21T15:32:19.126691+00:00,1.0
2013-10-01,2013,2013-14,October,HSD,EXPORT,2357.489138,Thousand Metric Tonnes (TMT),PPAC,1751964547_PT_IMPORT_TMT_H.xlsx,PT_import_H_2013-14,31,2026-08-21T15:32:19.126691+00:00,1.0
2013-11-01,2013,2013-14,November,HSD,EXPORT,2028.2762340000002,Thousand Metric Tonnes (TMT),PPAC,1751964547_PT_IMPORT_TMT_H.xlsx,PT_import_H_2013-14,31,2026-08-21T15:32:19.126691+00:00,1.0
2013-12-01,2013,2013-14,December,HSD,EXPORT,2580.4258579999996,Thousand Metric Tonnes (TMT),PPAC,1751964547_PT_IMPORT_TMT_H.xlsx,PT_import_H_2013-14,31,2026-08-21T15:32:19.126691+00:00,1.0
2014-01-01,2014,2013-14,January,HSD,EXPORT,1562.452606,Thousand Metric Tonnes (TMT),PPAC,1751964547_PT_IMPORT_TMT_H.xlsx,PT_import_H_2013-14,31,2026-08-21T15:32:19.126691+00:00,1.0
2014-02-01,2014,2013-14,February,HSD,EXPORT,2056.139436,Thousand Metric Tonnes (TMT),PPAC,1751964547_PT_IMPORT_TMT_H.xlsx,PT_import_H_2013-14,31,2026-08-21T15:32:19.126691+00:00,1.0
2014-03-01,2014,2013-14,March,HSD,EXPORT,2498.426186,Thousand Metric Tonnes (TMT),PPAC,1751964547_PT_IMPORT_TMT_H.xlsx,PT_import_H_2013-14,31,2026-08-21T15:32:19.126691+00:00,1.0
2013-04-01,2013,2013-14,April,LDO,EXPORT,0.0,Thousand Metric Tonnes (TMT),PPAC,1751964547_PT_IMPORT_TMT_H.xlsx,PT_import_H_2013-14,32,2026-08-21T15:32:19.126691+00:00,1.0
2013-05-01,2013,2013-14,May,LDO,EXPORT,0.0,Thousand Metric Tonnes (TMT),PPAC,1751964547_PT_IMPORT_TMT_H.xlsx,PT_import_H_2013-14,32,2026-08-21T15:32:19.126691+00:00,1.0
2013-06-01,2013,2013-14,June,LDO,EXPORT,0.0,Thousand Metric Tonnes (TMT),PPAC,1751964547_PT_IMPORT_TMT_H.xlsx,PT_import_H_2013-14,32,2026-08-21T15:32:19.126691+00:00,1.0
2013-07-01,2013,2013-14,July,LDO,EXPORT,0.0,Thousand Metric Tonnes (TMT),PPAC,1751964547_PT_IMPORT_TMT_H.xlsx,PT_import_H_2013-14,32,2026-08-21T15:32:19.126691+00:00,1.0
2013-08-01,2013,2013-14,August,LDO,EXPORT,0.0,Thousand Metric Tonnes (TMT),PPAC,1751964547_PT_IMPORT_TMT_H.xlsx,PT_import_H_2013-14,32,2026-08-21T15:32:19.126691+00:00,1.0
2013-09-01,2013,2013-14,September,LDO,EXPORT,0.0,Thousand Metric Tonnes (TMT),PPAC,1751964547_PT_IMPORT_TMT_H.xlsx,PT_import_H_2013-14,32,2026-08-21T15:32:19.126691+00:00,1.0
2013-10-01,2013,2013-14,October,LDO,EXPORT,7.9,Thousand Metric Tonnes (TMT),PPAC,1751964547_PT_IMPORT_TMT_H.xlsx,PT_import_H_2013-14,32,2026-08-21T15:32:19.126691+00:00,1.0
2013-11-01,2013,2013-14,November,LDO,EXPORT,7.5,Thousand Metric Tonnes (TMT),PPAC,1751964547_PT_IMPORT_TMT_H.xlsx,PT_import_H_2013-14,32,2026-08-21T15:32:19.126691+00:00,1.0
2013-12-01,2013,2013-14,December,LDO,EXPORT,6.7,Thousand Metric Tonnes (TMT),PPAC,1751964547_PT_IMPORT_TMT_H.xlsx,PT_import_H_2013-14,32,2026-08-21T15:32:19.126691+00:00,1.0
2014-01-01,2014,2013-14,January,LDO,EXPORT,7.7,Thousand Metric Tonnes (TMT),PPAC,1751964547_PT_IMPORT_TMT_H.xlsx,PT_import_H_2013-14,32,2026-08-21T15:32:19.126691+00:00,1.0
2014-02-01,2014,2013-14,February,LDO,EXPORT,0.0,Thousand Metric Tonnes (TMT),PPAC,1751964547_PT_IMPORT_TMT_H.xlsx,PT_import_H_2013-14,32,2026-08-21T15:32:19.126691+00:00,1.0
2014-03-01,2014,2013-14,March,LDO,EXPORT,0.0,Thousand Metric Tonnes (TMT),PPAC,1751964547_PT_IMPORT_TMT_H.xlsx,PT_import_H_2013-14,32,2026-08-21T15:32:19.126691+00:00,1.0
2013-04-01,2013,2013-14,April,LOBS/ Lube Oil,EXPORT,3.524262,Thousand Metric Tonnes (TMT),PPAC,1751964547_PT_IMPORT_TMT_H.xlsx,PT_import_H_2013-14,33,2026-08-21T15:32:19.126691+00:00,1.0
2013-05-01,2013,2013-14,May,LOBS/ Lube Oil,EXPORT,0.434126,Thousand Metric Tonnes (TMT),PPAC,1751964547_PT_IMPORT_TMT_H.xlsx,PT_import_H_2013-14,33,2026-08-21T15:32:19.126691+00:00,1.0
2013-06-01,2013,2013-14,June,LOBS/ Lube Oil,EXPORT,6.681621,Thousand Metric Tonnes (TMT),PPAC,1751964547_PT_IMPORT_TMT_H.xlsx,PT_import_H_2013-14,33,2026-08-21T15:32:19.126691+00:00,1.0
2013-07-01,2013,2013-14,July,LOBS/ Lube Oil,EXPORT,0.812781,Thousand Metric Tonnes (TMT),PPAC,1751964547_PT_IMPORT_TMT_H.xlsx,PT_import_H_2013-14,33,2026-08-21T15:32:19.126691+00:00,1.0
2013-08-01,2013,2013-14,August,LOBS/ Lube Oil,EXPORT,0.7364940000000001,Thousand Metric Tonnes (TMT),PPAC,1751964547_PT_IMPORT_TMT_H.xlsx,PT_import_H_2013-14,33,2026-08-21T15:32:19.126691+00:00,1.0
2013-09-01,2013,2013-14,September,LOBS/ Lube Oil,EXPORT,0.76088,Thousand Metric Tonnes (TMT),PPAC,1751964547_PT_IMPORT_TMT_H.xlsx,PT_import_H_2013-14,33,2026-08-21T15:32:19.126691+00:00,1.0
2013-10-01,2013,2013-14,October,LOBS/ Lube Oil,EXPORT,0.529428,Thousand Metric Tonnes (TMT),PPAC,1751964547_PT_IMPORT_TMT_H.xlsx,PT_import_H_2013-14,33,2026-08-21T15:32:19.126691+00:00,1.0
2013-11-01,2013,2013-14,November,LOBS/ Lube Oil,EXPORT,0.543263,Thousand Metric Tonnes (TMT),PPAC,1751964547_PT_IMPORT_TMT_H.xlsx,PT_import_H_2013-14,33,2026-08-21T15:32:19.126691+00:00,1.0
2013-12-01,2013,2013-14,December,LOBS/ Lube Oil,EXPORT,0.51307,Thousand Metric Tonnes (TMT),PPAC,1751964547_PT_IMPORT_TMT_H.xlsx,PT_import_H_2013-14,33,2026-08-21T15:32:19.126691+00:00,1.0
2014-01-01,2014,2013-14,January,LOBS/ Lube Oil,EXPORT,0.430519,Thousand Metric Tonnes (TMT),PPAC,1751964547_PT_IMPORT_TMT_H.xlsx,PT_import_H_2013-14,33,2026-08-21T15:32:19.126691+00:00,1.0
2014-02-01,2014,2013-14,February,LOBS/ Lube Oil,EXPORT,0.7385879999999999,Thousand Metric Tonnes (TMT),PPAC,1751964547_PT_IMPORT_TMT_H.xlsx,PT_import_H_2013-14,33,2026-08-21T15:32:19.126691+00:00,1.0
2014-03-01,2014,2013-14,March,LOBS/ Lube Oil,EXPORT,4.506492,Thousand Metric Tonnes (TMT),PPAC,1751964547_PT_IMPORT_TMT_H.xlsx,PT_import_H_2013-14,33,2026-08-21T15:32:19.126691+00:00,1.0
2013-04-01,2013,2013-14,April,Fuel Oil,EXPORT,495.06272700000005,Thousand Metric Tonnes (TMT),PPAC,1751964547_PT_IMPORT_TMT_H.xlsx,PT_import_H_2013-14,34,2026-08-21T15:32:19.126691+00:00,1.0
2013-05-01,2013,2013-14,May,Fuel Oil,EXPORT,419.324102,Thousand Metric Tonnes (TMT),PPAC,1751964547_PT_IMPORT_TMT_H.xlsx,PT_import_H_2013-14,34,2026-08-21T15:32:19.126691+00:00,1.0
2013-06-01,2013,2013-14,June,Fuel Oil,EXPORT,551.27068,Thousand Metric Tonnes (TMT),PPAC,1751964547_PT_IMPORT_TMT_H.xlsx,PT_import_H_2013-14,34,2026-08-21T15:32:19.126691+00:00,1.0
2013-07-01,2013,2013-14,July,Fuel Oil,EXPORT,560.3198600000001,Thousand Metric Tonnes (TMT),PPAC,1751964547_PT_IMPORT_TMT_H.xlsx,PT_import_H_2013-14,34,2026-08-21T15:32:19.126691+00:00,1.0
2013-08-01,2013,2013-14,August,Fuel Oil,EXPORT,752.321615,Thousand Metric Tonnes (TMT),PPAC,1751964547_PT_IMPORT_TMT_H.xlsx,PT_import_H_2013-14,34,2026-08-21T15:32:19.126691+00:00,1.0
2013-09-01,2013,2013-14,September,Fuel Oil,EXPORT,570.4111119999999,Thousand Metric Tonnes (TMT),PPAC,1751964547_PT_IMPORT_TMT_H.xlsx,PT_import_H_2013-14,34,2026-08-21T15:32:19.126691+00:00,1.0
2013-10-01,2013,2013-14,October,Fuel Oil,EXPORT,576.9969100000001,Thousand Metric Tonnes (TMT),PPAC,1751964547_PT_IMPORT_TMT_H.xlsx,PT_import_H_2013-14,34,2026-08-21T15:32:19.126691+00:00,1.0
2013-11-01,2013,2013-14,November,Fuel Oil,EXPORT,497.652074,Thousand Metric Tonnes (TMT),PPAC,1751964547_PT_IMPORT_TMT_H.xlsx,PT_import_H_2013-14,34,2026-08-21T15:32:19.126691+00:00,1.0
2013-12-01,2013,2013-14,December,Fuel Oil,EXPORT,433.92224500000003,Thousand Metric Tonnes (TMT),PPAC,1751964547_PT_IMPORT_TMT_H.xlsx,PT_import_H_2013-14,34,2026-08-21T15:32:19.126691+00:00,1.0
2014-01-01,2014,2013-14,January,Fuel Oil,EXPORT,287.65865,Thousand Metric Tonnes (TMT),PPAC,1751964547_PT_IMPORT_TMT_H.xlsx,PT_import_H_2013-14,34,2026-08-21T15:32:19.126691+00:00,1.0
2014-02-01,2014,2013-14,February,Fuel Oil,EXPORT,515.24745,Thousand Metric Tonnes (TMT),PPAC,1751964547_PT_IMPORT_TMT_H.xlsx,PT_import_H_2013-14,34,2026-08-21T15:32:19.126691+00:00,1.0
2014-03-01,2014,2013-14,March,Fuel Oil,EXPORT,499.096649,Thousand Metric Tonnes (TMT),PPAC,1751964547_PT_IMPORT_TMT_H.xlsx,PT_import_H_2013-14,34,2026-08-21T15:32:19.126691+00:00,1.0
2013-04-01,2013,2013-14,April,Bitumen,EXPORT,5.102831,Thousand Metric Tonnes (TMT),PPAC,1751964547_PT_IMPORT_TMT_H.xlsx,PT_import_H_2013-14,35,2026-08-21T15:32:19.126691+00:00,1.0
2013-05-01,2013,2013-14,May,Bitumen,EXPORT,5.590843,Thousand Metric Tonnes (TMT),PPAC,1751964547_PT_IMPORT_TMT_H.xlsx,PT_import_H_2013-14,35,2026-08-21T15:32:19.126691+00:00,1.0
2013-06-01,2013,2013-14,June,Bitumen,EXPORT,5.305864,Thousand Metric Tonnes (TMT),PPAC,1751964547_PT_IMPORT_TMT_H.xlsx,PT_import_H_2013-14,35,2026-08-21T15:32:19.126691+00:00,1.0
2013-07-01,2013,2013-14,July,Bitumen,EXPORT,16.210074,Thousand Metric Tonnes (TMT),PPAC,1751964547_PT_IMPORT_TMT_H.xlsx,PT_import_H_2013-14,35,2026-08-21T15:32:19.126691+00:00,1.0
2013-08-01,2013,2013-14,August,Bitumen,EXPORT,14.386615,Thousand Metric Tonnes (TMT),PPAC,1751964547_PT_IMPORT_TMT_H.xlsx,PT_import_H_2013-14,35,2026-08-21T15:32:19.126691+00:00,1.0
2013-09-01,2013,2013-14,September,Bitumen,EXPORT,8.985126,Thousand Metric Tonnes (TMT),PPAC,1751964547_PT_IMPORT_TMT_H.xlsx,PT_import_H_2013-14,35,2026-08-21T15:32:19.126691+00:00,1.0
2013-10-01,2013,2013-14,October,Bitumen,EXPORT,11.888418,Thousand Metric Tonnes (TMT),PPAC,1751964547_PT_IMPORT_TMT_H.xlsx,PT_import_H_2013-14,35,2026-08-21T15:32:19.126691+00:00,1.0
2013-11-01,2013,2013-14,November,Bitumen,EXPORT,10.303357,Thousand Metric Tonnes (TMT),PPAC,1751964547_PT_IMPORT_TMT_H.xlsx,PT_import_H_2013-14,35,2026-08-21T15:32:19.126691+00:00,1.0
2013-12-01,2013,2013-14,December,Bitumen,EXPORT,8.557860999999999,Thousand Metric Tonnes (TMT),PPAC,1751964547_PT_IMPORT_TMT_H.xlsx,PT_import_H_2013-14,35,2026-08-21T15:32:19.126691+00:00,1.0
2014-01-01,2014,2013-14,January,Bitumen,EXPORT,3.855887,Thousand Metric Tonnes (TMT),PPAC,1751964547_PT_IMPORT_TMT_H.xlsx,PT_import_H_2013-14,35,2026-08-21T15:32:19.126691+00:00,1.0
2014-02-01,2014,2013-14,February,Bitumen,EXPORT,4.341514,Thousand Metric Tonnes (TMT),PPAC,1751964547_PT_IMPORT_TMT_H.xlsx,PT_import_H_2013-14,35,2026-08-21T15:32:19.126691+00:00,1.0
2014-03-01,2014,2013-14,March,Bitumen,EXPORT,0.349,Thousand Metric Tonnes (TMT),PPAC,1751964547_PT_IMPORT_TMT_H.xlsx,PT_import_H_2013-14,35,2026-08-21T15:32:19.126691+00:00,1.0
2013-04-01,2013,2013-14,April,Others,EXPORT,400.2670440000011,Thousand Metric Tonnes (TMT),PPAC,1751964547_PT_IMPORT_TMT_H.xlsx,PT_import_H_2013-14,36,2026-08-21T15:32:19.126691+00:00,1.0
2013-05-01,2013,2013-14,May,Others,EXPORT,524.834151,Thousand Metric Tonnes (TMT),PPAC,1751964547_PT_IMPORT_TMT_H.xlsx,PT_import_H_2013-14,36,2026-08-21T15:32:19.126691+00:00,1.0
2013-06-01,2013,2013-14,June,Others,EXPORT,365.1115030000028,Thousand Metric Tonnes (TMT),PPAC,1751964547_PT_IMPORT_TMT_H.xlsx,PT_import_H_2013-14,36,2026-08-21T15:32:19.126691+00:00,1.0
2013-07-01,2013,2013-14,July,Others,EXPORT,342.00009899999895,Thousand Metric Tonnes (TMT),PPAC,1751964547_PT_IMPORT_TMT_H.xlsx,PT_import_H_2013-14,36,2026-08-21T15:32:19.126691+00:00,1.0
2013-08-01,2013,2013-14,August,Others,EXPORT,599.3515480000005,Thousand Metric Tonnes (TMT),PPAC,1751964547_PT_IMPORT_TMT_H.xlsx,PT_import_H_2013-14,36,2026-08-21T15:32:19.126691+00:00,1.0
2013-09-01,2013,2013-14,September,Others,EXPORT,600.5409799999998,Thousand Metric Tonnes (TMT),PPAC,1751964547_PT_IMPORT_TMT_H.xlsx,PT_import_H_2013-14,36,2026-08-21T15:32:19.126691+00:00,1.0
2013-10-01,2013,2013-14,October,Others,EXPORT,602.6449679999996,Thousand Metric Tonnes (TMT),PPAC,1751964547_PT_IMPORT_TMT_H.xlsx,PT_import_H_2013-14,36,2026-08-21T15:32:19.126691+00:00,1.0
2013-11-01,2013,2013-14,November,Others,EXPORT,565.4933250000013,Thousand Metric Tonnes (TMT),PPAC,1751964547_PT_IMPORT_TMT_H.xlsx,PT_import_H_2013-14,36,2026-08-21T15:32:19.126691+00:00,1.0
2013-12-01,2013,2013-14,December,Others,EXPORT,625.7291049999994,Thousand Metric Tonnes (TMT),PPAC,1751964547_PT_IMPORT_TMT_H.xlsx,PT_import_H_2013-14,36,2026-08-21T15:32:19.126691+00:00,1.0
2014-01-01,2014,2013-14,January,Others,EXPORT,200.25161000000026,Thousand Metric Tonnes (TMT),PPAC,1751964547_PT_IMPORT_TMT_H.xlsx,PT_import_H_2013-14,36,2026-08-21T15:32:19.126691+00:00,1.0
2014-02-01,2014,2013-14,February,Others,EXPORT,340.302577999998,Thousand Metric Tonnes (TMT),PPAC,1751964547_PT_IMPORT_TMT_H.xlsx,PT_import_H_2013-14,36,2026-08-21T15:32:19.126691+00:00,1.0
2014-03-01,2014,2013-14,March,Others,EXPORT,368.85290299999997,Thousand Metric Tonnes (TMT),PPAC,1751964547_PT_IMPORT_TMT_H.xlsx,PT_import_H_2013-14,36,2026-08-21T15:32:19.126691+00:00,1.0
2012-04-01,2012,2012-13,April,CRUDE OIL,IMPORT,14808.66964932467,Thousand Metric Tonnes (TMT),PPAC,1751964547_PT_IMPORT_TMT_H.xlsx,PT_import_H_2012-13,11,2026-08-21T15:32:19.146737+00:00,1.0
2012-05-01,2012,2012-13,May,CRUDE OIL,IMPORT,15627.294558958667,Thousand Metric Tonnes (TMT),PPAC,1751964547_PT_IMPORT_TMT_H.xlsx,PT_import_H_2012-13,11,2026-08-21T15:32:19.146737+00:00,1.0
2012-06-01,2012,2012-13,June,CRUDE OIL,IMPORT,14817.471143912666,Thousand Metric Tonnes (TMT),PPAC,1751964547_PT_IMPORT_TMT_H.xlsx,PT_import_H_2012-13,11,2026-08-21T15:32:19.146737+00:00,1.0
2012-07-01,2012,2012-13,July,CRUDE OIL,IMPORT,14593.566961666667,Thousand Metric Tonnes (TMT),PPAC,1751964547_PT_IMPORT_TMT_H.xlsx,PT_import_H_2012-13,11,2026-08-21T15:32:19.146737+00:00,1.0
2012-08-01,2012,2012-13,August,CRUDE OIL,IMPORT,15045.266794666666,Thousand Metric Tonnes (TMT),PPAC,1751964547_PT_IMPORT_TMT_H.xlsx,PT_import_H_2012-13,11,2026-08-21T15:32:19.146737+00:00,1.0
2012-09-01,2012,2012-13,September,CRUDE OIL,IMPORT,15236.305464666666,Thousand Metric Tonnes (TMT),PPAC,1751964547_PT_IMPORT_TMT_H.xlsx,PT_import_H_2012-13,11,2026-08-21T15:32:19.146737+00:00,1.0
2012-10-01,2012,2012-13,October,CRUDE OIL,IMPORT,16503.270211095,Thousand Metric Tonnes (TMT),PPAC,1751964547_PT_IMPORT_TMT_H.xlsx,PT_import_H_2012-13,11,2026-08-21T15:32:19.146737+00:00,1.0
2012-11-01,2012,2012-13,November,CRUDE OIL,IMPORT,15495.250487872001,Thousand Metric Tonnes (TMT),PPAC,1751964547_PT_IMPORT_TMT_H.xlsx,PT_import_H_2012-13,11,2026-08-21T15:32:19.146737+00:00,1.0
2012-12-01,2012,2012-13,December,CRUDE OIL,IMPORT,16021.072007765002,Thousand Metric Tonnes (TMT),PPAC,1751964547_PT_IMPORT_TMT_H.xlsx,PT_import_H_2012-13,11,2026-08-21T15:32:19.146737+00:00,1.0
2013-01-01,2013,2012-13,January,CRUDE OIL,IMPORT,18344.706450821002,Thousand Metric Tonnes (TMT),PPAC,1751964547_PT_IMPORT_TMT_H.xlsx,PT_import_H_2012-13,11,2026-08-21T15:32:19.146737+00:00,1.0
2013-02-01,2013,2012-13,February,CRUDE OIL,IMPORT,13365.88675781,Thousand Metric Tonnes (TMT),PPAC,1751964547_PT_IMPORT_TMT_H.xlsx,PT_import_H_2012-13,11,2026-08-21T15:32:19.146737+00:00,1.0
2013-03-01,2013,2012-13,March,CRUDE OIL,IMPORT,14936.487400820999,Thousand Metric Tonnes (TMT),PPAC,1751964547_PT_IMPORT_TMT_H.xlsx,PT_import_H_2012-13,11,2026-08-21T15:32:19.146737+00:00,1.0
2012-04-01,2012,2012-13,April,LPG,IMPORT,655.337698,Thousand Metric Tonnes (TMT),PPAC,1751964547_PT_IMPORT_TMT_H.xlsx,PT_import_H_2012-13,13,2026-08-21T15:32:19.146737+00:00,1.0
2012-05-01,2012,2012-13,May,LPG,IMPORT,628.002433,Thousand Metric Tonnes (TMT),PPAC,1751964547_PT_IMPORT_TMT_H.xlsx,PT_import_H_2012-13,13,2026-08-21T15:32:19.146737+00:00,1.0
2012-06-01,2012,2012-13,June,LPG,IMPORT,459.483013,Thousand Metric Tonnes (TMT),PPAC,1751964547_PT_IMPORT_TMT_H.xlsx,PT_import_H_2012-13,13,2026-08-21T15:32:19.146737+00:00,1.0
2012-07-01,2012,2012-13,July,LPG,IMPORT,525.556294,Thousand Metric Tonnes (TMT),PPAC,1751964547_PT_IMPORT_TMT_H.xlsx,PT_import_H_2012-13,13,2026-08-21T15:32:19.146737+00:00,1.0
2012-08-01,2012,2012-13,August,LPG,IMPORT,527.512353,Thousand Metric Tonnes (TMT),PPAC,1751964547_PT_IMPORT_TMT_H.xlsx,PT_import_H_2012-13,13,2026-08-21T15:32:19.146737+00:00,1.0
2012-09-01,2012,2012-13,September,LPG,IMPORT,591.671903,Thousand Metric Tonnes (TMT),PPAC,1751964547_PT_IMPORT_TMT_H.xlsx,PT_import_H_2012-13,13,2026-08-21T15:32:19.146737+00:00,1.0
2012-10-01,2012,2012-13,October,LPG,IMPORT,508.07505100000003,Thousand Metric Tonnes (TMT),PPAC,1751964547_PT_IMPORT_TMT_H.xlsx,PT_import_H_2012-13,13,2026-08-21T15:32:19.146737+00:00,1.0
2012-11-01,2012,2012-13,November,LPG,IMPORT,508.67066200000005,Thousand Metric Tonnes (TMT),PPAC,1751964547_PT_IMPORT_TMT_H.xlsx,PT_import_H_2012-13,13,2026-08-21T15:32:19.146737+00:00,1.0
2012-12-01,2012,2012-13,December,LPG,IMPORT,533.243198,Thousand Metric Tonnes (TMT),PPAC,1751964547_PT_IMPORT_TMT_H.xlsx,PT_import_H_2012-13,13,2026-08-21T15:32:19.146737+00:00,1.0
2013-01-01,2013,2012-13,January,LPG,IMPORT,448.47711000000004,Thousand Metric Tonnes (TMT),PPAC,1751964547_PT_IMPORT_TMT_H.xlsx,PT_import_H_2012-13,13,2026-08-21T15:32:19.146737+00:00,1.0
2013-02-01,2013,2012-13,February,LPG,IMPORT,383.379069,Thousand Metric Tonnes (TMT),PPAC,1751964547_PT_IMPORT_TMT_H.xlsx,PT_import_H_2012-13,13,2026-08-21T15:32:19.146737+00:00,1.0
2013-03-01,2013,2012-13,March,LPG,IMPORT,531.388247,Thousand Metric Tonnes (TMT),PPAC,1751964547_PT_IMPORT_TMT_H.xlsx,PT_import_H_2012-13,13,2026-08-21T15:32:19.146737+00:00,1.0
2012-04-01,2012,2012-13,April,MS,IMPORT,0.0,Thousand Metric Tonnes (TMT),PPAC,1751964547_PT_IMPORT_TMT_H.xlsx,PT_import_H_2012-13,14,2026-08-21T15:32:19.146737+00:00,1.0
2012-05-01,2012,2012-13,May,MS,IMPORT,0.0,Thousand Metric Tonnes (TMT),PPAC,1751964547_PT_IMPORT_TMT_H.xlsx,PT_import_H_2012-13,14,2026-08-21T15:32:19.146737+00:00,1.0
2012-06-01,2012,2012-13,June,MS,IMPORT,0.0,Thousand Metric Tonnes (TMT),PPAC,1751964547_PT_IMPORT_TMT_H.xlsx,PT_import_H_2012-13,14,2026-08-21T15:32:19.146737+00:00,1.0
2012-07-01,2012,2012-13,July,MS,IMPORT,56.85825899999999,Thousand Metric Tonnes (TMT),PPAC,1751964547_PT_IMPORT_TMT_H.xlsx,PT_import_H_2012-13,14,2026-08-21T15:32:19.146737+00:00,1.0
2012-08-01,2012,2012-13,August,MS,IMPORT,89.97,Thousand Metric Tonnes (TMT),PPAC,1751964547_PT_IMPORT_TMT_H.xlsx,PT_import_H_2012-13,14,2026-08-21T15:32:19.146737+00:00,1.0
2012-09-01,2012,2012-13,September,MS,IMPORT,0.0,Thousand Metric Tonnes (TMT),PPAC,1751964547_PT_IMPORT_TMT_H.xlsx,PT_import_H_2012-13,14,2026-08-21T15:32:19.146737+00:00,1.0
2012-10-01,2012,2012-13,October,MS,IMPORT,0.0,Thousand Metric Tonnes (TMT),PPAC,1751964547_PT_IMPORT_TMT_H.xlsx,PT_import_H_2012-13,14,2026-08-21T15:32:19.146737+00:00,1.0
2012-11-01,2012,2012-13,November,MS,IMPORT,0.0,Thousand Metric Tonnes (TMT),PPAC,1751964547_PT_IMPORT_TMT_H.xlsx,PT_import_H_2012-13,14,2026-08-21T15:32:19.146737+00:00,1.0
2012-12-01,2012,2012-13,December,MS,IMPORT,0.0,Thousand Metric Tonnes (TMT),PPAC,1751964547_PT_IMPORT_TMT_H.xlsx,PT_import_H_2012-13,14,2026-08-21T15:32:19.146737+00:00,1.0
2013-01-01,2013,2012-13,January,MS,IMPORT,0.0,Thousand Metric Tonnes (TMT),PPAC,1751964547_PT_IMPORT_TMT_H.xlsx,PT_import_H_2012-13,14,2026-08-21T15:32:19.146737+00:00,1.0
2013-02-01,2013,2012-13,February,MS,IMPORT,0.0,Thousand Metric Tonnes (TMT),PPAC,1751964547_PT_IMPORT_TMT_H.xlsx,PT_import_H_2012-13,14,2026-08-21T15:32:19.146737+00:00,1.0
2013-03-01,2013,2012-13,March,MS,IMPORT,0.0,Thousand Metric Tonnes (TMT),PPAC,1751964547_PT_IMPORT_TMT_H.xlsx,PT_import_H_2012-13,14,2026-08-21T15:32:19.146737+00:00,1.0
2012-04-01,2012,2012-13,April,Naphtha,IMPORT,138.26999999999998,Thousand Metric Tonnes (TMT),PPAC,1751964547_PT_IMPORT_TMT_H.xlsx,PT_import_H_2012-13,15,2026-08-21T15:32:19.146737+00:00,1.0
2012-05-01,2012,2012-13,May,Naphtha,IMPORT,173.411,Thousand Metric Tonnes (TMT),PPAC,1751964547_PT_IMPORT_TMT_H.xlsx,PT_import_H_2012-13,15,2026-08-21T15:32:19.146737+00:00,1.0
2012-06-01,2012,2012-13,June,Naphtha,IMPORT,178.93,Thousand Metric Tonnes (TMT),PPAC,1751964547_PT_IMPORT_TMT_H.xlsx,PT_import_H_2012-13,15,2026-08-21T15:32:19.146737+00:00,1.0
2012-07-01,2012,2012-13,July,Naphtha,IMPORT,186.881997,Thousand Metric Tonnes (TMT),PPAC,1751964547_PT_IMPORT_TMT_H.xlsx,PT_import_H_2012-13,15,2026-08-21T15:32:19.146737+00:00,1.0
2012-08-01,2012,2012-13,August,Naphtha,IMPORT,189.761,Thousand Metric Tonnes (TMT),PPAC,1751964547_PT_IMPORT_TMT_H.xlsx,PT_import_H_2012-13,15,2026-08-21T15:32:19.146737+00:00,1.0
2012-09-01,2012,2012-13,September,Naphtha,IMPORT,187.97490200000001,Thousand Metric Tonnes (TMT),PPAC,1751964547_PT_IMPORT_TMT_H.xlsx,PT_import_H_2012-13,15,2026-08-21T15:32:19.146737+00:00,1.0
2012-10-01,2012,2012-13,October,Naphtha,IMPORT,85.333637,Thousand Metric Tonnes (TMT),PPAC,1751964547_PT_IMPORT_TMT_H.xlsx,PT_import_H_2012-13,15,2026-08-21T15:32:19.146737+00:00,1.0
2012-11-01,2012,2012-13,November,Naphtha,IMPORT,214.20946700000002,Thousand Metric Tonnes (TMT),PPAC,1751964547_PT_IMPORT_TMT_H.xlsx,PT_import_H_2012-13,15,2026-08-21T15:32:19.146737+00:00,1.0
2012-12-01,2012,2012-13,December,Naphtha,IMPORT,111.56857600000001,Thousand Metric Tonnes (TMT),PPAC,1751964547_PT_IMPORT_TMT_H.xlsx,PT_import_H_2012-13,15,2026-08-21T15:32:19.146737+00:00,1.0
2013-01-01,2013,2012-13,January,Naphtha,IMPORT,94.668,Thousand Metric Tonnes (TMT),PPAC,1751964547_PT_IMPORT_TMT_H.xlsx,PT_import_H_2012-13,15,2026-08-21T15:32:19.146737+00:00,1.0
2013-02-01,2013,2012-13,February,Naphtha,IMPORT,120.069106,Thousand Metric Tonnes (TMT),PPAC,1751964547_PT_IMPORT_TMT_H.xlsx,PT_import_H_2012-13,15,2026-08-21T15:32:19.146737+00:00,1.0
2013-03-01,2013,2012-13,March,Naphtha,IMPORT,80.657,Thousand Metric Tonnes (TMT),PPAC,1751964547_PT_IMPORT_TMT_H.xlsx,PT_import_H_2012-13,15,2026-08-21T15:32:19.146737+00:00,1.0
2012-04-01,2012,2012-13,April,ATF,IMPORT,0.0,Thousand Metric Tonnes (TMT),PPAC,1751964547_PT_IMPORT_TMT_H.xlsx,PT_import_H_2012-13,16,2026-08-21T15:32:19.146737+00:00,1.0
2012-05-01,2012,2012-13,May,ATF,IMPORT,0.0,Thousand Metric Tonnes (TMT),PPAC,1751964547_PT_IMPORT_TMT_H.xlsx,PT_import_H_2012-13,16,2026-08-21T15:32:19.146737+00:00,1.0
2012-06-01,2012,2012-13,June,ATF,IMPORT,0.0,Thousand Metric Tonnes (TMT),PPAC,1751964547_PT_IMPORT_TMT_H.xlsx,PT_import_H_2012-13,16,2026-08-21T15:32:19.146737+00:00,1.0
2012-07-01,2012,2012-13,July,ATF,IMPORT,0.0,Thousand Metric Tonnes (TMT),PPAC,1751964547_PT_IMPORT_TMT_H.xlsx,PT_import_H_2012-13,16,2026-08-21T15:32:19.146737+00:00,1.0
2012-08-01,2012,2012-13,August,ATF,IMPORT,0.0,Thousand Metric Tonnes (TMT),PPAC,1751964547_PT_IMPORT_TMT_H.xlsx,PT_import_H_2012-13,16,2026-08-21T15:32:19.146737+00:00,1.0
2012-09-01,2012,2012-13,September,ATF,IMPORT,0.0,Thousand Metric Tonnes (TMT),PPAC,1751964547_PT_IMPORT_TMT_H.xlsx,PT_import_H_2012-13,16,2026-08-21T15:32:19.146737+00:00,1.0
2012-10-01,2012,2012-13,October,ATF,IMPORT,0.0,Thousand Metric Tonnes (TMT),PPAC,1751964547_PT_IMPORT_TMT_H.xlsx,PT_import_H_2012-13,16,2026-08-21T15:32:19.146737+00:00,1.0
2012-11-01,2012,2012-13,November,ATF,IMPORT,0.0,Thousand Metric Tonnes (TMT),PPAC,1751964547_PT_IMPORT_TMT_H.xlsx,PT_import_H_2012-13,16,2026-08-21T15:32:19.146737+00:00,1.0
2012-12-01,2012,2012-13,December,ATF,IMPORT,0.0,Thousand Metric Tonnes (TMT),PPAC,1751964547_PT_IMPORT_TMT_H.xlsx,PT_import_H_2012-13,16,2026-08-21T15:32:19.146737+00:00,1.0
2013-01-01,2013,2012-13,January,ATF,IMPORT,0.0,Thousand Metric Tonnes (TMT),PPAC,1751964547_PT_IMPORT_TMT_H.xlsx,PT_import_H_2012-13,16,2026-08-21T15:32:19.146737+00:00,1.0
2013-02-01,2013,2012-13,February,ATF,IMPORT,0.0,Thousand Metric Tonnes (TMT),PPAC,1751964547_PT_IMPORT_TMT_H.xlsx,PT_import_H_2012-13,16,2026-08-21T15:32:19.146737+00:00,1.0
2013-03-01,2013,2012-13,March,ATF,IMPORT,0.0,Thousand Metric Tonnes (TMT),PPAC,1751964547_PT_IMPORT_TMT_H.xlsx,PT_import_H_2012-13,16,2026-08-21T15:32:19.146737+00:00,1.0
2012-04-01,2012,2012-13,April,SKO,IMPORT,0.0,Thousand Metric Tonnes (TMT),PPAC,1751964547_PT_IMPORT_TMT_H.xlsx,PT_import_H_2012-13,17,2026-08-21T15:32:19.146737+00:00,1.0
2012-05-01,2012,2012-13,May,SKO,IMPORT,0.0,Thousand Metric Tonnes (TMT),PPAC,1751964547_PT_IMPORT_TMT_H.xlsx,PT_import_H_2012-13,17,2026-08-21T15:32:19.146737+00:00,1.0
2012-06-01,2012,2012-13,June,SKO,IMPORT,0.0,Thousand Metric Tonnes (TMT),PPAC,1751964547_PT_IMPORT_TMT_H.xlsx,PT_import_H_2012-13,17,2026-08-21T15:32:19.146737+00:00,1.0
2012-07-01,2012,2012-13,July,SKO,IMPORT,0.0,Thousand Metric Tonnes (TMT),PPAC,1751964547_PT_IMPORT_TMT_H.xlsx,PT_import_H_2012-13,17,2026-08-21T15:32:19.146737+00:00,1.0
2012-08-01,2012,2012-13,August,SKO,IMPORT,0.0,Thousand Metric Tonnes (TMT),PPAC,1751964547_PT_IMPORT_TMT_H.xlsx,PT_import_H_2012-13,17,2026-08-21T15:32:19.146737+00:00,1.0
2012-09-01,2012,2012-13,September,SKO,IMPORT,0.0,Thousand Metric Tonnes (TMT),PPAC,1751964547_PT_IMPORT_TMT_H.xlsx,PT_import_H_2012-13,17,2026-08-21T15:32:19.146737+00:00,1.0
2012-10-01,2012,2012-13,October,SKO,IMPORT,0.0,Thousand Metric Tonnes (TMT),PPAC,1751964547_PT_IMPORT_TMT_H.xlsx,PT_import_H_2012-13,17,2026-08-21T15:32:19.146737+00:00,1.0
2012-11-01,2012,2012-13,November,SKO,IMPORT,0.0,Thousand Metric Tonnes (TMT),PPAC,1751964547_PT_IMPORT_TMT_H.xlsx,PT_import_H_2012-13,17,2026-08-21T15:32:19.146737+00:00,1.0
2012-12-01,2012,2012-13,December,SKO,IMPORT,0.0,Thousand Metric Tonnes (TMT),PPAC,1751964547_PT_IMPORT_TMT_H.xlsx,PT_import_H_2012-13,17,2026-08-21T15:32:19.146737+00:00,1.0
2013-01-01,2013,2012-13,January,SKO,IMPORT,0.0,Thousand Metric Tonnes (TMT),PPAC,1751964547_PT_IMPORT_TMT_H.xlsx,PT_import_H_2012-13,17,2026-08-21T15:32:19.146737+00:00,1.0
2013-02-01,2013,2012-13,February,SKO,IMPORT,0.0,Thousand Metric Tonnes (TMT),PPAC,1751964547_PT_IMPORT_TMT_H.xlsx,PT_import_H_2012-13,17,2026-08-21T15:32:19.146737+00:00,1.0
2013-03-01,2013,2012-13,March,SKO,IMPORT,0.0,Thousand Metric Tonnes (TMT),PPAC,1751964547_PT_IMPORT_TMT_H.xlsx,PT_import_H_2012-13,17,2026-08-21T15:32:19.146737+00:00,1.0
2012-04-01,2012,2012-13,April,HSD,IMPORT,132.62939299999996,Thousand Metric Tonnes (TMT),PPAC,1751964547_PT_IMPORT_TMT_H.xlsx,PT_import_H_2012-13,18,2026-08-21T15:32:19.146737+00:00,1.0
2012-05-01,2012,2012-13,May,HSD,IMPORT,108.97502100000001,Thousand Metric Tonnes (TMT),PPAC,1751964547_PT_IMPORT_TMT_H.xlsx,PT_import_H_2012-13,18,2026-08-21T15:32:19.146737+00:00,1.0
2012-06-01,2012,2012-13,June,HSD,IMPORT,60.876,Thousand Metric Tonnes (TMT),PPAC,1751964547_PT_IMPORT_TMT_H.xlsx,PT_import_H_2012-13,18,2026-08-21T15:32:19.146737+00:00,1.0
2012-07-01,2012,2012-13,July,HSD,IMPORT,131.697952,Thousand Metric Tonnes (TMT),PPAC,1751964547_PT_IMPORT_TMT_H.xlsx,PT_import_H_2012-13,18,2026-08-21T15:32:19.146737+00:00,1.0
2012-08-01,2012,2012-13,August,HSD,IMPORT,62.9107,Thousand Metric Tonnes (TMT),PPAC,1751964547_PT_IMPORT_TMT_H.xlsx,PT_import_H_2012-13,18,2026-08-21T15:32:19.146737+00:00,1.0
2012-09-01,2012,2012-13,September,HSD,IMPORT,1.715,Thousand Metric Tonnes (TMT),PPAC,1751964547_PT_IMPORT_TMT_H.xlsx,PT_import_H_2012-13,18,2026-08-21T15:32:19.146737+00:00,1.0
2012-10-01,2012,2012-13,October,HSD,IMPORT,1.15,Thousand Metric Tonnes (TMT),PPAC,1751964547_PT_IMPORT_TMT_H.xlsx,PT_import_H_2012-13,18,2026-08-21T15:32:19.146737+00:00,1.0
2012-11-01,2012,2012-13,November,HSD,IMPORT,2.185,Thousand Metric Tonnes (TMT),PPAC,1751964547_PT_IMPORT_TMT_H.xlsx,PT_import_H_2012-13,18,2026-08-21T15:32:19.146737+00:00,1.0
2012-12-01,2012,2012-13,December,HSD,IMPORT,7.563,Thousand Metric Tonnes (TMT),PPAC,1751964547_PT_IMPORT_TMT_H.xlsx,PT_import_H_2012-13,18,2026-08-21T15:32:19.146737+00:00,1.0
2013-01-01,2013,2012-13,January,HSD,IMPORT,8.454,Thousand Metric Tonnes (TMT),PPAC,1751964547_PT_IMPORT_TMT_H.xlsx,PT_import_H_2012-13,18,2026-08-21T15:32:19.146737+00:00,1.0
2013-02-01,2013,2012-13,February,HSD,IMPORT,4.579,Thousand Metric Tonnes (TMT),PPAC,1751964547_PT_IMPORT_TMT_H.xlsx,PT_import_H_2012-13,18,2026-08-21T15:32:19.146737+00:00,1.0
2013-03-01,2013,2012-13,March,HSD,IMPORT,5.15,Thousand Metric Tonnes (TMT),PPAC,1751964547_PT_IMPORT_TMT_H.xlsx,PT_import_H_2012-13,18,2026-08-21T15:32:19.146737+00:00,1.0
2012-04-01,2012,2012-13,April,LOBS/ Lube oil,IMPORT,141.9785,Thousand Metric Tonnes (TMT),PPAC,1751964547_PT_IMPORT_TMT_H.xlsx,PT_import_H_2012-13,19,2026-08-21T15:32:19.146737+00:00,1.0
2012-05-01,2012,2012-13,May,LOBS/ Lube oil,IMPORT,183.15970000000002,Thousand Metric Tonnes (TMT),PPAC,1751964547_PT_IMPORT_TMT_H.xlsx,PT_import_H_2012-13,19,2026-08-21T15:32:19.146737+00:00,1.0
2012-06-01,2012,2012-13,June,LOBS/ Lube oil,IMPORT,143.757163,Thousand Metric Tonnes (TMT),PPAC,1751964547_PT_IMPORT_TMT_H.xlsx,PT_import_H_2012-13,19,2026-08-21T15:32:19.146737+00:00,1.0
2012-07-01,2012,2012-13,July,LOBS/ Lube oil,IMPORT,121.06389999999999,Thousand Metric Tonnes (TMT),PPAC,1751964547_PT_IMPORT_TMT_H.xlsx,PT_import_H_2012-13,19,2026-08-21T15:32:19.146737+00:00,1.0
2012-08-01,2012,2012-13,August,LOBS/ Lube oil,IMPORT,259.065696,Thousand Metric Tonnes (TMT),PPAC,1751964547_PT_IMPORT_TMT_H.xlsx,PT_import_H_2012-13,19,2026-08-21T15:32:19.146737+00:00,1.0
2012-09-01,2012,2012-13,September,LOBS/ Lube oil,IMPORT,170.86249099999995,Thousand Metric Tonnes (TMT),PPAC,1751964547_PT_IMPORT_TMT_H.xlsx,PT_import_H_2012-13,19,2026-08-21T15:32:19.146737+00:00,1.0
2012-10-01,2012,2012-13,October,LOBS/ Lube oil,IMPORT,143.805,Thousand Metric Tonnes (TMT),PPAC,1751964547_PT_IMPORT_TMT_H.xlsx,PT_import_H_2012-13,19,2026-08-21T15:32:19.146737+00:00,1.0
2012-11-01,2012,2012-13,November,LOBS/ Lube oil,IMPORT,262.007482,Thousand Metric Tonnes (TMT),PPAC,1751964547_PT_IMPORT_TMT_H.xlsx,PT_import_H_2012-13,19,2026-08-21T15:32:19.146737+00:00,1.0
2012-12-01,2012,2012-13,December,LOBS/ Lube oil,IMPORT,101.43588700000001,Thousand Metric Tonnes (TMT),PPAC,1751964547_PT_IMPORT_TMT_H.xlsx,PT_import_H_2012-13,19,2026-08-21T15:32:19.146737+00:00,1.0
2013-01-01,2013,2012-13,January,LOBS/ Lube oil,IMPORT,157.092097,Thousand Metric Tonnes (TMT),PPAC,1751964547_PT_IMPORT_TMT_H.xlsx,PT_import_H_2012-13,19,2026-08-21T15:32:19.146737+00:00,1.0
2013-02-01,2013,2012-13,February,LOBS/ Lube oil,IMPORT,146.565,Thousand Metric Tonnes (TMT),PPAC,1751964547_PT_IMPORT_TMT_H.xlsx,PT_import_H_2012-13,19,2026-08-21T15:32:19.146737+00:00,1.0
2013-03-01,2013,2012-13,March,LOBS/ Lube oil,IMPORT,146.033,Thousand Metric Tonnes (TMT),PPAC,1751964547_PT_IMPORT_TMT_H.xlsx,PT_import_H_2012-13,19,2026-08-21T15:32:19.146737+00:00,1.0
2012-04-01,2012,2012-13,April,Fuel Oil,IMPORT,126.94329299999998,Thousand Metric Tonnes (TMT),PPAC,1751964547_PT_IMPORT_TMT_H.xlsx,PT_import_H_2012-13,20,2026-08-21T15:32:19.146737+00:00,1.0
2012-05-01,2012,2012-13,May,Fuel Oil,IMPORT,62.818,Thousand Metric Tonnes (TMT),PPAC,1751964547_PT_IMPORT_TMT_H.xlsx,PT_import_H_2012-13,20,2026-08-21T15:32:19.146737+00:00,1.0
2012-06-01,2012,2012-13,June,Fuel Oil,IMPORT,50.038,Thousand Metric Tonnes (TMT),PPAC,1751964547_PT_IMPORT_TMT_H.xlsx,PT_import_H_2012-13,20,2026-08-21T15:32:19.146737+00:00,1.0
2012-07-01,2012,2012-13,July,Fuel Oil,IMPORT,84.57021700000001,Thousand Metric Tonnes (TMT),PPAC,1751964547_PT_IMPORT_TMT_H.xlsx,PT_import_H_2012-13,20,2026-08-21T15:32:19.146737+00:00,1.0
2012-08-01,2012,2012-13,August,Fuel Oil,IMPORT,51.907,Thousand Metric Tonnes (TMT),PPAC,1751964547_PT_IMPORT_TMT_H.xlsx,PT_import_H_2012-13,20,2026-08-21T15:32:19.146737+00:00,1.0
2012-09-01,2012,2012-13,September,Fuel Oil,IMPORT,95.172556,Thousand Metric Tonnes (TMT),PPAC,1751964547_PT_IMPORT_TMT_H.xlsx,PT_import_H_2012-13,20,2026-08-21T15:32:19.146737+00:00,1.0
2012-10-01,2012,2012-13,October,Fuel Oil,IMPORT,63.44573,Thousand Metric Tonnes (TMT),PPAC,1751964547_PT_IMPORT_TMT_H.xlsx,PT_import_H_2012-13,20,2026-08-21T15:32:19.146737+00:00,1.0
2012-11-01,2012,2012-13,November,Fuel Oil,IMPORT,88.29941099999999,Thousand Metric Tonnes (TMT),PPAC,1751964547_PT_IMPORT_TMT_H.xlsx,PT_import_H_2012-13,20,2026-08-21T15:32:19.146737+00:00,1.0
2012-12-01,2012,2012-13,December,Fuel Oil,IMPORT,77.873269,Thousand Metric Tonnes (TMT),PPAC,1751964547_PT_IMPORT_TMT_H.xlsx,PT_import_H_2012-13,20,2026-08-21T15:32:19.146737+00:00,1.0
2013-01-01,2013,2012-13,January,Fuel Oil,IMPORT,122.655,Thousand Metric Tonnes (TMT),PPAC,1751964547_PT_IMPORT_TMT_H.xlsx,PT_import_H_2012-13,20,2026-08-21T15:32:19.146737+00:00,1.0
2013-02-01,2013,2012-13,February,Fuel Oil,IMPORT,112.513688,Thousand Metric Tonnes (TMT),PPAC,1751964547_PT_IMPORT_TMT_H.xlsx,PT_import_H_2012-13,20,2026-08-21T15:32:19.146737+00:00,1.0
2013-03-01,2013,2012-13,March,Fuel Oil,IMPORT,101.469,Thousand Metric Tonnes (TMT),PPAC,1751964547_PT_IMPORT_TMT_H.xlsx,PT_import_H_2012-13,20,2026-08-21T15:32:19.146737+00:00,1.0
2012-04-01,2012,2012-13,April,Bitumen,IMPORT,6.993609,Thousand Metric Tonnes (TMT),PPAC,1751964547_PT_IMPORT_TMT_H.xlsx,PT_import_H_2012-13,21,2026-08-21T15:32:19.146737+00:00,1.0
2012-05-01,2012,2012-13,May,Bitumen,IMPORT,14.372243000000001,Thousand Metric Tonnes (TMT),PPAC,1751964547_PT_IMPORT_TMT_H.xlsx,PT_import_H_2012-13,21,2026-08-21T15:32:19.146737+00:00,1.0
2012-06-01,2012,2012-13,June,Bitumen,IMPORT,3.0761999999999996,Thousand Metric Tonnes (TMT),PPAC,1751964547_PT_IMPORT_TMT_H.xlsx,PT_import_H_2012-13,21,2026-08-21T15:32:19.146737+00:00,1.0
2012-07-01,2012,2012-13,July,Bitumen,IMPORT,3.792,Thousand Metric Tonnes (TMT),PPAC,1751964547_PT_IMPORT_TMT_H.xlsx,PT_import_H_2012-13,21,2026-08-21T15:32:19.146737+00:00,1.0
2012-08-01,2012,2012-13,August,Bitumen,IMPORT,1.023,Thousand Metric Tonnes (TMT),PPAC,1751964547_PT_IMPORT_TMT_H.xlsx,PT_import_H_2012-13,21,2026-08-21T15:32:19.146737+00:00,1.0
2012-09-01,2012,2012-13,September,Bitumen,IMPORT,2.658,Thousand Metric Tonnes (TMT),PPAC,1751964547_PT_IMPORT_TMT_H.xlsx,PT_import_H_2012-13,21,2026-08-21T15:32:19.146737+00:00,1.0
2012-10-01,2012,2012-13,October,Bitumen,IMPORT,8.362076999999998,Thousand Metric Tonnes (TMT),PPAC,1751964547_PT_IMPORT_TMT_H.xlsx,PT_import_H_2012-13,21,2026-08-21T15:32:19.146737+00:00,1.0
2012-11-01,2012,2012-13,November,Bitumen,IMPORT,13.473368,Thousand Metric Tonnes (TMT),PPAC,1751964547_PT_IMPORT_TMT_H.xlsx,PT_import_H_2012-13,21,2026-08-21T15:32:19.146737+00:00,1.0
2012-12-01,2012,2012-13,December,Bitumen,IMPORT,7.539689999999999,Thousand Metric Tonnes (TMT),PPAC,1751964547_PT_IMPORT_TMT_H.xlsx,PT_import_H_2012-13,21,2026-08-21T15:32:19.146737+00:00,1.0
2013-01-01,2013,2012-13,January,Bitumen,IMPORT,4.676,Thousand Metric Tonnes (TMT),PPAC,1751964547_PT_IMPORT_TMT_H.xlsx,PT_import_H_2012-13,21,2026-08-21T15:32:19.146737+00:00,1.0
2013-02-01,2013,2012-13,February,Bitumen,IMPORT,15.617517,Thousand Metric Tonnes (TMT),PPAC,1751964547_PT_IMPORT_TMT_H.xlsx,PT_import_H_2012-13,21,2026-08-21T15:32:19.146737+00:00,1.0
2013-03-01,2013,2012-13,March,Bitumen,IMPORT,20.067835,Thousand Metric Tonnes (TMT),PPAC,1751964547_PT_IMPORT_TMT_H.xlsx,PT_import_H_2012-13,21,2026-08-21T15:32:19.146737+00:00,1.0
2012-04-01,2012,2012-13,April,Others&,IMPORT,357.65154299999995,Thousand Metric Tonnes (TMT),PPAC,1751964547_PT_IMPORT_TMT_H.xlsx,PT_import_H_2012-13,22,2026-08-21T15:32:19.146737+00:00,1.0
2012-05-01,2012,2012-13,May,Others&,IMPORT,333.74949900000024,Thousand Metric Tonnes (TMT),PPAC,1751964547_PT_IMPORT_TMT_H.xlsx,PT_import_H_2012-13,22,2026-08-21T15:32:19.146737+00:00,1.0
2012-06-01,2012,2012-13,June,Others&,IMPORT,300.74775699999987,Thousand Metric Tonnes (TMT),PPAC,1751964547_PT_IMPORT_TMT_H.xlsx,PT_import_H_2012-13,22,2026-08-21T15:32:19.146737+00:00,1.0
2012-07-01,2012,2012-13,July,Others&,IMPORT,335.8901779999999,Thousand Metric Tonnes (TMT),PPAC,1751964547_PT_IMPORT_TMT_H.xlsx,PT_import_H_2012-13,22,2026-08-21T15:32:19.146737+00:00,1.0
2012-08-01,2012,2012-13,August,Others&,IMPORT,569.6863510000003,Thousand Metric Tonnes (TMT),PPAC,1751964547_PT_IMPORT_TMT_H.xlsx,PT_import_H_2012-13,22,2026-08-21T15:32:19.146737+00:00,1.0
2012-09-01,2012,2012-13,September,Others&,IMPORT,355.7165400000001,Thousand Metric Tonnes (TMT),PPAC,1751964547_PT_IMPORT_TMT_H.xlsx,PT_import_H_2012-13,22,2026-08-21T15:32:19.146737+00:00,1.0
2012-10-01,2012,2012-13,October,Others&,IMPORT,370.4622300000002,Thousand Metric Tonnes (TMT),PPAC,1751964547_PT_IMPORT_TMT_H.xlsx,PT_import_H_2012-13,22,2026-08-21T15:32:19.146737+00:00,1.0
2012-11-01,2012,2012-13,November,Others&,IMPORT,375.0831730000002,Thousand Metric Tonnes (TMT),PPAC,1751964547_PT_IMPORT_TMT_H.xlsx,PT_import_H_2012-13,22,2026-08-21T15:32:19.146737+00:00,1.0
2012-12-01,2012,2012-13,December,Others&,IMPORT,374.9190960000002,Thousand Metric Tonnes (TMT),PPAC,1751964547_PT_IMPORT_TMT_H.xlsx,PT_import_H_2012-13,22,2026-08-21T15:32:19.146737+00:00,1.0
2013-01-01,2013,2012-13,January,Others&,IMPORT,450.71753100000024,Thousand Metric Tonnes (TMT),PPAC,1751964547_PT_IMPORT_TMT_H.xlsx,PT_import_H_2012-13,22,2026-08-21T15:32:19.146737+00:00,1.0
2013-02-01,2013,2012-13,February,Others&,IMPORT,321.537641,Thousand Metric Tonnes (TMT),PPAC,1751964547_PT_IMPORT_TMT_H.xlsx,PT_import_H_2012-13,22,2026-08-21T15:32:19.146737+00:00,1.0
2013-03-01,2013,2012-13,March,Others&,IMPORT,354.5304540000001,Thousand Metric Tonnes (TMT),PPAC,1751964547_PT_IMPORT_TMT_H.xlsx,PT_import_H_2012-13,22,2026-08-21T15:32:19.146737+00:00,1.0
2012-04-01,2012,2012-13,April,LPG,EXPORT,17.45,Thousand Metric Tonnes (TMT),PPAC,1751964547_PT_IMPORT_TMT_H.xlsx,PT_import_H_2012-13,26,2026-08-21T15:32:19.146737+00:00,1.0
2012-05-01,2012,2012-13,May,LPG,EXPORT,17.22333,Thousand Metric Tonnes (TMT),PPAC,1751964547_PT_IMPORT_TMT_H.xlsx,PT_import_H_2012-13,26,2026-08-21T15:32:19.146737+00:00,1.0
2012-06-01,2012,2012-13,June,LPG,EXPORT,13.48649,Thousand Metric Tonnes (TMT),PPAC,1751964547_PT_IMPORT_TMT_H.xlsx,PT_import_H_2012-13,26,2026-08-21T15:32:19.146737+00:00,1.0
2012-07-01,2012,2012-13,July,LPG,EXPORT,18.53264,Thousand Metric Tonnes (TMT),PPAC,1751964547_PT_IMPORT_TMT_H.xlsx,PT_import_H_2012-13,26,2026-08-21T15:32:19.146737+00:00,1.0
2012-08-01,2012,2012-13,August,LPG,EXPORT,12.61844,Thousand Metric Tonnes (TMT),PPAC,1751964547_PT_IMPORT_TMT_H.xlsx,PT_import_H_2012-13,26,2026-08-21T15:32:19.146737+00:00,1.0
2012-09-01,2012,2012-13,September,LPG,EXPORT,14.78714,Thousand Metric Tonnes (TMT),PPAC,1751964547_PT_IMPORT_TMT_H.xlsx,PT_import_H_2012-13,26,2026-08-21T15:32:19.146737+00:00,1.0
2012-10-01,2012,2012-13,October,LPG,EXPORT,17.59428,Thousand Metric Tonnes (TMT),PPAC,1751964547_PT_IMPORT_TMT_H.xlsx,PT_import_H_2012-13,26,2026-08-21T15:32:19.146737+00:00,1.0
2012-11-01,2012,2012-13,November,LPG,EXPORT,18.31092,Thousand Metric Tonnes (TMT),PPAC,1751964547_PT_IMPORT_TMT_H.xlsx,PT_import_H_2012-13,26,2026-08-21T15:32:19.146737+00:00,1.0
2012-12-01,2012,2012-13,December,LPG,EXPORT,18.60602,Thousand Metric Tonnes (TMT),PPAC,1751964547_PT_IMPORT_TMT_H.xlsx,PT_import_H_2012-13,26,2026-08-21T15:32:19.146737+00:00,1.0
2013-01-01,2013,2012-13,January,LPG,EXPORT,18.82926,Thousand Metric Tonnes (TMT),PPAC,1751964547_PT_IMPORT_TMT_H.xlsx,PT_import_H_2012-13,26,2026-08-21T15:32:19.146737+00:00,1.0
2013-02-01,2013,2012-13,February,LPG,EXPORT,15.5674,Thousand Metric Tonnes (TMT),PPAC,1751964547_PT_IMPORT_TMT_H.xlsx,PT_import_H_2012-13,26,2026-08-21T15:32:19.146737+00:00,1.0
2013-03-01,2013,2012-13,March,LPG,EXPORT,17.4592,Thousand Metric Tonnes (TMT),PPAC,1751964547_PT_IMPORT_TMT_H.xlsx,PT_import_H_2012-13,26,2026-08-21T15:32:19.146737+00:00,1.0
2012-04-01,2012,2012-13,April,MS!,EXPORT,1230.702366,Thousand Metric Tonnes (TMT),PPAC,1751964547_PT_IMPORT_TMT_H.xlsx,PT_import_H_2012-13,27,2026-08-21T15:32:19.146737+00:00,1.0
2012-05-01,2012,2012-13,May,MS!,EXPORT,1317.927919,Thousand Metric Tonnes (TMT),PPAC,1751964547_PT_IMPORT_TMT_H.xlsx,PT_import_H_2012-13,27,2026-08-21T15:32:19.146737+00:00,1.0
2012-06-01,2012,2012-13,June,MS!,EXPORT,1478.635432,Thousand Metric Tonnes (TMT),PPAC,1751964547_PT_IMPORT_TMT_H.xlsx,PT_import_H_2012-13,27,2026-08-21T15:32:19.146737+00:00,1.0
2012-07-01,2012,2012-13,July,MS!,EXPORT,1309.6958430000002,Thousand Metric Tonnes (TMT),PPAC,1751964547_PT_IMPORT_TMT_H.xlsx,PT_import_H_2012-13,27,2026-08-21T15:32:19.146737+00:00,1.0
2012-08-01,2012,2012-13,August,MS!,EXPORT,1378.6276980000002,Thousand Metric Tonnes (TMT),PPAC,1751964547_PT_IMPORT_TMT_H.xlsx,PT_import_H_2012-13,27,2026-08-21T15:32:19.146737+00:00,1.0
2012-09-01,2012,2012-13,September,MS!,EXPORT,1526.93135,Thousand Metric Tonnes (TMT),PPAC,1751964547_PT_IMPORT_TMT_H.xlsx,PT_import_H_2012-13,27,2026-08-21T15:32:19.146737+00:00,1.0
2012-10-01,2012,2012-13,October,MS!,EXPORT,1513.76356,Thousand Metric Tonnes (TMT),PPAC,1751964547_PT_IMPORT_TMT_H.xlsx,PT_import_H_2012-13,27,2026-08-21T15:32:19.146737+00:00,1.0
2012-11-01,2012,2012-13,November,MS!,EXPORT,1295.2563930000001,Thousand Metric Tonnes (TMT),PPAC,1751964547_PT_IMPORT_TMT_H.xlsx,PT_import_H_2012-13,27,2026-08-21T15:32:19.146737+00:00,1.0
2012-12-01,2012,2012-13,December,MS!,EXPORT,1419.444689,Thousand Metric Tonnes (TMT),PPAC,1751964547_PT_IMPORT_TMT_H.xlsx,PT_import_H_2012-13,27,2026-08-21T15:32:19.146737+00:00,1.0
2013-01-01,2013,2012-13,January,MS!,EXPORT,1435.8086449999998,Thousand Metric Tonnes (TMT),PPAC,1751964547_PT_IMPORT_TMT_H.xlsx,PT_import_H_2012-13,27,2026-08-21T15:32:19.146737+00:00,1.0
2013-02-01,2013,2012-13,February,MS!,EXPORT,1074.905857,Thousand Metric Tonnes (TMT),PPAC,1751964547_PT_IMPORT_TMT_H.xlsx,PT_import_H_2012-13,27,2026-08-21T15:32:19.146737+00:00,1.0
2013-03-01,2013,2012-13,March,MS!,EXPORT,1675.4498429999999,Thousand Metric Tonnes (TMT),PPAC,1751964547_PT_IMPORT_TMT_H.xlsx,PT_import_H_2012-13,27,2026-08-21T15:32:19.146737+00:00,1.0
2012-04-01,2012,2012-13,April,Naphtha,EXPORT,646.922555,Thousand Metric Tonnes (TMT),PPAC,1751964547_PT_IMPORT_TMT_H.xlsx,PT_import_H_2012-13,28,2026-08-21T15:32:19.146737+00:00,1.0
2012-05-01,2012,2012-13,May,Naphtha,EXPORT,638.011795,Thousand Metric Tonnes (TMT),PPAC,1751964547_PT_IMPORT_TMT_H.xlsx,PT_import_H_2012-13,28,2026-08-21T15:32:19.146737+00:00,1.0
2012-06-01,2012,2012-13,June,Naphtha,EXPORT,698.572,Thousand Metric Tonnes (TMT),PPAC,1751964547_PT_IMPORT_TMT_H.xlsx,PT_import_H_2012-13,28,2026-08-21T15:32:19.146737+00:00,1.0
2012-07-01,2012,2012-13,July,Naphtha,EXPORT,680.4336370000001,Thousand Metric Tonnes (TMT),PPAC,1751964547_PT_IMPORT_TMT_H.xlsx,PT_import_H_2012-13,28,2026-08-21T15:32:19.146737+00:00,1.0
2012-08-01,2012,2012-13,August,Naphtha,EXPORT,755.590283,Thousand Metric Tonnes (TMT),PPAC,1751964547_PT_IMPORT_TMT_H.xlsx,PT_import_H_2012-13,28,2026-08-21T15:32:19.146737+00:00,1.0
2012-09-01,2012,2012-13,September,Naphtha,EXPORT,535.698945,Thousand Metric Tonnes (TMT),PPAC,1751964547_PT_IMPORT_TMT_H.xlsx,PT_import_H_2012-13,28,2026-08-21T15:32:19.146737+00:00,1.0
2012-10-01,2012,2012-13,October,Naphtha,EXPORT,815.61806,Thousand Metric Tonnes (TMT),PPAC,1751964547_PT_IMPORT_TMT_H.xlsx,PT_import_H_2012-13,28,2026-08-21T15:32:19.146737+00:00,1.0
2012-11-01,2012,2012-13,November,Naphtha,EXPORT,924.2907449999999,Thousand Metric Tonnes (TMT),PPAC,1751964547_PT_IMPORT_TMT_H.xlsx,PT_import_H_2012-13,28,2026-08-21T15:32:19.146737+00:00,1.0
2012-12-01,2012,2012-13,December,Naphtha,EXPORT,856.52335,Thousand Metric Tonnes (TMT),PPAC,1751964547_PT_IMPORT_TMT_H.xlsx,PT_import_H_2012-13,28,2026-08-21T15:32:19.146737+00:00,1.0
2013-01-01,2013,2012-13,January,Naphtha,EXPORT,733.5562280000001,Thousand Metric Tonnes (TMT),PPAC,1751964547_PT_IMPORT_TMT_H.xlsx,PT_import_H_2012-13,28,2026-08-21T15:32:19.146737+00:00,1.0
2013-02-01,2013,2012-13,February,Naphtha,EXPORT,655.5744629999999,Thousand Metric Tonnes (TMT),PPAC,1751964547_PT_IMPORT_TMT_H.xlsx,PT_import_H_2012-13,28,2026-08-21T15:32:19.146737+00:00,1.0
2013-03-01,2013,2012-13,March,Naphtha,EXPORT,706.313703,Thousand Metric Tonnes (TMT),PPAC,1751964547_PT_IMPORT_TMT_H.xlsx,PT_import_H_2012-13,28,2026-08-21T15:32:19.146737+00:00,1.0
2012-04-01,2012,2012-13,April,ATF#,EXPORT,299.14101400000004,Thousand Metric Tonnes (TMT),PPAC,1751964547_PT_IMPORT_TMT_H.xlsx,PT_import_H_2012-13,29,2026-08-21T15:32:19.146737+00:00,1.0
2012-05-01,2012,2012-13,May,ATF#,EXPORT,328.266388,Thousand Metric Tonnes (TMT),PPAC,1751964547_PT_IMPORT_TMT_H.xlsx,PT_import_H_2012-13,29,2026-08-21T15:32:19.146737+00:00,1.0
2012-06-01,2012,2012-13,June,ATF#,EXPORT,246.389602,Thousand Metric Tonnes (TMT),PPAC,1751964547_PT_IMPORT_TMT_H.xlsx,PT_import_H_2012-13,29,2026-08-21T15:32:19.146737+00:00,1.0
2012-07-01,2012,2012-13,July,ATF#,EXPORT,267.14029800000003,Thousand Metric Tonnes (TMT),PPAC,1751964547_PT_IMPORT_TMT_H.xlsx,PT_import_H_2012-13,29,2026-08-21T15:32:19.146737+00:00,1.0
2012-08-01,2012,2012-13,August,ATF#,EXPORT,253.16951600000002,Thousand Metric Tonnes (TMT),PPAC,1751964547_PT_IMPORT_TMT_H.xlsx,PT_import_H_2012-13,29,2026-08-21T15:32:19.146737+00:00,1.0
2012-09-01,2012,2012-13,September,ATF#,EXPORT,392.125851,Thousand Metric Tonnes (TMT),PPAC,1751964547_PT_IMPORT_TMT_H.xlsx,PT_import_H_2012-13,29,2026-08-21T15:32:19.146737+00:00,1.0
2012-10-01,2012,2012-13,October,ATF#,EXPORT,455.12971999999996,Thousand Metric Tonnes (TMT),PPAC,1751964547_PT_IMPORT_TMT_H.xlsx,PT_import_H_2012-13,29,2026-08-21T15:32:19.146737+00:00,1.0
2012-11-01,2012,2012-13,November,ATF#,EXPORT,624.5964039999999,Thousand Metric Tonnes (TMT),PPAC,1751964547_PT_IMPORT_TMT_H.xlsx,PT_import_H_2012-13,29,2026-08-21T15:32:19.146737+00:00,1.0
2012-12-01,2012,2012-13,December,ATF#,EXPORT,490.19363999999996,Thousand Metric Tonnes (TMT),PPAC,1751964547_PT_IMPORT_TMT_H.xlsx,PT_import_H_2012-13,29,2026-08-21T15:32:19.146737+00:00,1.0
2013-01-01,2013,2012-13,January,ATF#,EXPORT,426.006553,Thousand Metric Tonnes (TMT),PPAC,1751964547_PT_IMPORT_TMT_H.xlsx,PT_import_H_2012-13,29,2026-08-21T15:32:19.146737+00:00,1.0
2013-02-01,2013,2012-13,February,ATF#,EXPORT,414.28324,Thousand Metric Tonnes (TMT),PPAC,1751964547_PT_IMPORT_TMT_H.xlsx,PT_import_H_2012-13,29,2026-08-21T15:32:19.146737+00:00,1.0
2013-03-01,2013,2012-13,March,ATF#,EXPORT,467.228248,Thousand Metric Tonnes (TMT),PPAC,1751964547_PT_IMPORT_TMT_H.xlsx,PT_import_H_2012-13,29,2026-08-21T15:32:19.146737+00:00,1.0
2012-04-01,2012,2012-13,April,SKO,EXPORT,1.924372,Thousand Metric Tonnes (TMT),PPAC,1751964547_PT_IMPORT_TMT_H.xlsx,PT_import_H_2012-13,30,2026-08-21T15:32:19.146737+00:00,1.0
2012-05-01,2012,2012-13,May,SKO,EXPORT,2.621937,Thousand Metric Tonnes (TMT),PPAC,1751964547_PT_IMPORT_TMT_H.xlsx,PT_import_H_2012-13,30,2026-08-21T15:32:19.146737+00:00,1.0
2012-06-01,2012,2012-13,June,SKO,EXPORT,2.640727,Thousand Metric Tonnes (TMT),PPAC,1751964547_PT_IMPORT_TMT_H.xlsx,PT_import_H_2012-13,30,2026-08-21T15:32:19.146737+00:00,1.0
2012-07-01,2012,2012-13,July,SKO,EXPORT,2.708839,Thousand Metric Tonnes (TMT),PPAC,1751964547_PT_IMPORT_TMT_H.xlsx,PT_import_H_2012-13,30,2026-08-21T15:32:19.146737+00:00,1.0
2012-08-01,2012,2012-13,August,SKO,EXPORT,1.774838,Thousand Metric Tonnes (TMT),PPAC,1751964547_PT_IMPORT_TMT_H.xlsx,PT_import_H_2012-13,30,2026-08-21T15:32:19.146737+00:00,1.0
2012-09-01,2012,2012-13,September,SKO,EXPORT,1.734127,Thousand Metric Tonnes (TMT),PPAC,1751964547_PT_IMPORT_TMT_H.xlsx,PT_import_H_2012-13,30,2026-08-21T15:32:19.146737+00:00,1.0
2012-10-01,2012,2012-13,October,SKO,EXPORT,1.630001,Thousand Metric Tonnes (TMT),PPAC,1751964547_PT_IMPORT_TMT_H.xlsx,PT_import_H_2012-13,30,2026-08-21T15:32:19.146737+00:00,1.0
2012-11-01,2012,2012-13,November,SKO,EXPORT,1.107806,Thousand Metric Tonnes (TMT),PPAC,1751964547_PT_IMPORT_TMT_H.xlsx,PT_import_H_2012-13,30,2026-08-21T15:32:19.146737+00:00,1.0
2012-12-01,2012,2012-13,December,SKO,EXPORT,1.645659,Thousand Metric Tonnes (TMT),PPAC,1751964547_PT_IMPORT_TMT_H.xlsx,PT_import_H_2012-13,30,2026-08-21T15:32:19.146737+00:00,1.0
2013-01-01,2013,2012-13,January,SKO,EXPORT,2.454396,Thousand Metric Tonnes (TMT),PPAC,1751964547_PT_IMPORT_TMT_H.xlsx,PT_import_H_2012-13,30,2026-08-21T15:32:19.146737+00:00,1.0
2013-02-01,2013,2012-13,February,SKO,EXPORT,1.796759,Thousand Metric Tonnes (TMT),PPAC,1751964547_PT_IMPORT_TMT_H.xlsx,PT_import_H_2012-13,30,2026-08-21T15:32:19.146737+00:00,1.0
2013-03-01,2013,2012-13,March,SKO,EXPORT,1.128161,Thousand Metric Tonnes (TMT),PPAC,1751964547_PT_IMPORT_TMT_H.xlsx,PT_import_H_2012-13,30,2026-08-21T15:32:19.146737+00:00,1.0
2012-04-01,2012,2012-13,April,HSD,EXPORT,1331.0627399999998,Thousand Metric Tonnes (TMT),PPAC,1751964547_PT_IMPORT_TMT_H.xlsx,PT_import_H_2012-13,31,2026-08-21T15:32:19.146737+00:00,1.0
2012-05-01,2012,2012-13,May,HSD,EXPORT,1613.8375999999998,Thousand Metric Tonnes (TMT),PPAC,1751964547_PT_IMPORT_TMT_H.xlsx,PT_import_H_2012-13,31,2026-08-21T15:32:19.146737+00:00,1.0
2012-06-01,2012,2012-13,June,HSD,EXPORT,1717.369281,Thousand Metric Tonnes (TMT),PPAC,1751964547_PT_IMPORT_TMT_H.xlsx,PT_import_H_2012-13,31,2026-08-21T15:32:19.146737+00:00,1.0
2012-07-01,2012,2012-13,July,HSD,EXPORT,1611.3929839999998,Thousand Metric Tonnes (TMT),PPAC,1751964547_PT_IMPORT_TMT_H.xlsx,PT_import_H_2012-13,31,2026-08-21T15:32:19.146737+00:00,1.0
2012-08-01,2012,2012-13,August,HSD,EXPORT,1561.747977,Thousand Metric Tonnes (TMT),PPAC,1751964547_PT_IMPORT_TMT_H.xlsx,PT_import_H_2012-13,31,2026-08-21T15:32:19.146737+00:00,1.0
2012-09-01,2012,2012-13,September,HSD,EXPORT,1795.04281793,Thousand Metric Tonnes (TMT),PPAC,1751964547_PT_IMPORT_TMT_H.xlsx,PT_import_H_2012-13,31,2026-08-21T15:32:19.146737+00:00,1.0
2012-10-01,2012,2012-13,October,HSD,EXPORT,2636.65296,Thousand Metric Tonnes (TMT),PPAC,1751964547_PT_IMPORT_TMT_H.xlsx,PT_import_H_2012-13,31,2026-08-21T15:32:19.146737+00:00,1.0
2012-11-01,2012,2012-13,November,HSD,EXPORT,2005.4367509999997,Thousand Metric Tonnes (TMT),PPAC,1751964547_PT_IMPORT_TMT_H.xlsx,PT_import_H_2012-13,31,2026-08-21T15:32:19.146737+00:00,1.0
2012-12-01,2012,2012-13,December,HSD,EXPORT,2545.83446,Thousand Metric Tonnes (TMT),PPAC,1751964547_PT_IMPORT_TMT_H.xlsx,PT_import_H_2012-13,31,2026-08-21T15:32:19.146737+00:00,1.0
2013-01-01,2013,2012-13,January,HSD,EXPORT,1928.863627,Thousand Metric Tonnes (TMT),PPAC,1751964547_PT_IMPORT_TMT_H.xlsx,PT_import_H_2012-13,31,2026-08-21T15:32:19.146737+00:00,1.0
2013-02-01,2013,2012-13,February,HSD,EXPORT,1517.0719319999998,Thousand Metric Tonnes (TMT),PPAC,1751964547_PT_IMPORT_TMT_H.xlsx,PT_import_H_2012-13,31,2026-08-21T15:32:19.146737+00:00,1.0
2013-03-01,2013,2012-13,March,HSD,EXPORT,2199.725393,Thousand Metric Tonnes (TMT),PPAC,1751964547_PT_IMPORT_TMT_H.xlsx,PT_import_H_2012-13,31,2026-08-21T15:32:19.146737+00:00,1.0
2012-04-01,2012,2012-13,April,LDO,EXPORT,8.961,Thousand Metric Tonnes (TMT),PPAC,1751964547_PT_IMPORT_TMT_H.xlsx,PT_import_H_2012-13,32,2026-08-21T15:32:19.146737+00:00,1.0
2012-05-01,2012,2012-13,May,LDO,EXPORT,0.0,Thousand Metric Tonnes (TMT),PPAC,1751964547_PT_IMPORT_TMT_H.xlsx,PT_import_H_2012-13,32,2026-08-21T15:32:19.146737+00:00,1.0
2012-06-01,2012,2012-13,June,LDO,EXPORT,0.0,Thousand Metric Tonnes (TMT),PPAC,1751964547_PT_IMPORT_TMT_H.xlsx,PT_import_H_2012-13,32,2026-08-21T15:32:19.146737+00:00,1.0
2012-07-01,2012,2012-13,July,LDO,EXPORT,0.0,Thousand Metric Tonnes (TMT),PPAC,1751964547_PT_IMPORT_TMT_H.xlsx,PT_import_H_2012-13,32,2026-08-21T15:32:19.146737+00:00,1.0
2012-08-01,2012,2012-13,August,LDO,EXPORT,0.0,Thousand Metric Tonnes (TMT),PPAC,1751964547_PT_IMPORT_TMT_H.xlsx,PT_import_H_2012-13,32,2026-08-21T15:32:19.146737+00:00,1.0
2012-09-01,2012,2012-13,September,LDO,EXPORT,0.0,Thousand Metric Tonnes (TMT),PPAC,1751964547_PT_IMPORT_TMT_H.xlsx,PT_import_H_2012-13,32,2026-08-21T15:32:19.146737+00:00,1.0
2012-10-01,2012,2012-13,October,LDO,EXPORT,0.0,Thousand Metric Tonnes (TMT),PPAC,1751964547_PT_IMPORT_TMT_H.xlsx,PT_import_H_2012-13,32,2026-08-21T15:32:19.146737+00:00,1.0
2012-11-01,2012,2012-13,November,LDO,EXPORT,0.0,Thousand Metric Tonnes (TMT),PPAC,1751964547_PT_IMPORT_TMT_H.xlsx,PT_import_H_2012-13,32,2026-08-21T15:32:19.146737+00:00,1.0
2012-12-01,2012,2012-13,December,LDO,EXPORT,0.0,Thousand Metric Tonnes (TMT),PPAC,1751964547_PT_IMPORT_TMT_H.xlsx,PT_import_H_2012-13,32,2026-08-21T15:32:19.146737+00:00,1.0
2013-01-01,2013,2012-13,January,LDO,EXPORT,0.136519,Thousand Metric Tonnes (TMT),PPAC,1751964547_PT_IMPORT_TMT_H.xlsx,PT_import_H_2012-13,32,2026-08-21T15:32:19.146737+00:00,1.0
2013-02-01,2013,2012-13,February,LDO,EXPORT,0.085324,Thousand Metric Tonnes (TMT),PPAC,1751964547_PT_IMPORT_TMT_H.xlsx,PT_import_H_2012-13,32,2026-08-21T15:32:19.146737+00:00,1.0
2013-03-01,2013,2012-13,March,LDO,EXPORT,0.0,Thousand Metric Tonnes (TMT),PPAC,1751964547_PT_IMPORT_TMT_H.xlsx,PT_import_H_2012-13,32,2026-08-21T15:32:19.146737+00:00,1.0
2012-04-01,2012,2012-13,April,LOBS/ Lube Oil,EXPORT,8.957142000000001,Thousand Metric Tonnes (TMT),PPAC,1751964547_PT_IMPORT_TMT_H.xlsx,PT_import_H_2012-13,33,2026-08-21T15:32:19.146737+00:00,1.0
2012-05-01,2012,2012-13,May,LOBS/ Lube Oil,EXPORT,14.342929999999999,Thousand Metric Tonnes (TMT),PPAC,1751964547_PT_IMPORT_TMT_H.xlsx,PT_import_H_2012-13,33,2026-08-21T15:32:19.146737+00:00,1.0
2012-06-01,2012,2012-13,June,LOBS/ Lube Oil,EXPORT,1.003922,Thousand Metric Tonnes (TMT),PPAC,1751964547_PT_IMPORT_TMT_H.xlsx,PT_import_H_2012-13,33,2026-08-21T15:32:19.146737+00:00,1.0
2012-07-01,2012,2012-13,July,LOBS/ Lube Oil,EXPORT,8.99533,Thousand Metric Tonnes (TMT),PPAC,1751964547_PT_IMPORT_TMT_H.xlsx,PT_import_H_2012-13,33,2026-08-21T15:32:19.146737+00:00,1.0
2012-08-01,2012,2012-13,August,LOBS/ Lube Oil,EXPORT,6.5289600000000005,Thousand Metric Tonnes (TMT),PPAC,1751964547_PT_IMPORT_TMT_H.xlsx,PT_import_H_2012-13,33,2026-08-21T15:32:19.146737+00:00,1.0
2012-09-01,2012,2012-13,September,LOBS/ Lube Oil,EXPORT,8.11706,Thousand Metric Tonnes (TMT),PPAC,1751964547_PT_IMPORT_TMT_H.xlsx,PT_import_H_2012-13,33,2026-08-21T15:32:19.146737+00:00,1.0
2012-10-01,2012,2012-13,October,LOBS/ Lube Oil,EXPORT,0.28922,Thousand Metric Tonnes (TMT),PPAC,1751964547_PT_IMPORT_TMT_H.xlsx,PT_import_H_2012-13,33,2026-08-21T15:32:19.146737+00:00,1.0
2012-11-01,2012,2012-13,November,LOBS/ Lube Oil,EXPORT,5.39987,Thousand Metric Tonnes (TMT),PPAC,1751964547_PT_IMPORT_TMT_H.xlsx,PT_import_H_2012-13,33,2026-08-21T15:32:19.146737+00:00,1.0
2012-12-01,2012,2012-13,December,LOBS/ Lube Oil,EXPORT,0.9570110000000001,Thousand Metric Tonnes (TMT),PPAC,1751964547_PT_IMPORT_TMT_H.xlsx,PT_import_H_2012-13,33,2026-08-21T15:32:19.146737+00:00,1.0
2013-01-01,2013,2012-13,January,LOBS/ Lube Oil,EXPORT,1.200759,Thousand Metric Tonnes (TMT),PPAC,1751964547_PT_IMPORT_TMT_H.xlsx,PT_import_H_2012-13,33,2026-08-21T15:32:19.146737+00:00,1.0
2013-02-01,2013,2012-13,February,LOBS/ Lube Oil,EXPORT,0.88147,Thousand Metric Tonnes (TMT),PPAC,1751964547_PT_IMPORT_TMT_H.xlsx,PT_import_H_2012-13,33,2026-08-21T15:32:19.146737+00:00,1.0
2013-03-01,2013,2012-13,March,LOBS/ Lube Oil,EXPORT,2.380387,Thousand Metric Tonnes (TMT),PPAC,1751964547_PT_IMPORT_TMT_H.xlsx,PT_import_H_2012-13,33,2026-08-21T15:32:19.146737+00:00,1.0
2012-04-01,2012,2012-13,April,Fuel Oil,EXPORT,490.853349,Thousand Metric Tonnes (TMT),PPAC,1751964547_PT_IMPORT_TMT_H.xlsx,PT_import_H_2012-13,34,2026-08-21T15:32:19.146737+00:00,1.0
2012-05-01,2012,2012-13,May,Fuel Oil,EXPORT,337.96835699999997,Thousand Metric Tonnes (TMT),PPAC,1751964547_PT_IMPORT_TMT_H.xlsx,PT_import_H_2012-13,34,2026-08-21T15:32:19.146737+00:00,1.0
2012-06-01,2012,2012-13,June,Fuel Oil,EXPORT,391.758413,Thousand Metric Tonnes (TMT),PPAC,1751964547_PT_IMPORT_TMT_H.xlsx,PT_import_H_2012-13,34,2026-08-21T15:32:19.146737+00:00,1.0
2012-07-01,2012,2012-13,July,Fuel Oil,EXPORT,508.23362599999996,Thousand Metric Tonnes (TMT),PPAC,1751964547_PT_IMPORT_TMT_H.xlsx,PT_import_H_2012-13,34,2026-08-21T15:32:19.146737+00:00,1.0
2012-08-01,2012,2012-13,August,Fuel Oil,EXPORT,511.51996199999996,Thousand Metric Tonnes (TMT),PPAC,1751964547_PT_IMPORT_TMT_H.xlsx,PT_import_H_2012-13,34,2026-08-21T15:32:19.146737+00:00,1.0
2012-09-01,2012,2012-13,September,Fuel Oil,EXPORT,703.828029,Thousand Metric Tonnes (TMT),PPAC,1751964547_PT_IMPORT_TMT_H.xlsx,PT_import_H_2012-13,34,2026-08-21T15:32:19.146737+00:00,1.0
2012-10-01,2012,2012-13,October,Fuel Oil,EXPORT,634.506438,Thousand Metric Tonnes (TMT),PPAC,1751964547_PT_IMPORT_TMT_H.xlsx,PT_import_H_2012-13,34,2026-08-21T15:32:19.146737+00:00,1.0
2012-11-01,2012,2012-13,November,Fuel Oil,EXPORT,477.326198,Thousand Metric Tonnes (TMT),PPAC,1751964547_PT_IMPORT_TMT_H.xlsx,PT_import_H_2012-13,34,2026-08-21T15:32:19.146737+00:00,1.0
2012-12-01,2012,2012-13,December,Fuel Oil,EXPORT,442.30834200000004,Thousand Metric Tonnes (TMT),PPAC,1751964547_PT_IMPORT_TMT_H.xlsx,PT_import_H_2012-13,34,2026-08-21T15:32:19.146737+00:00,1.0
2013-01-01,2013,2012-13,January,Fuel Oil,EXPORT,520.6637119999999,Thousand Metric Tonnes (TMT),PPAC,1751964547_PT_IMPORT_TMT_H.xlsx,PT_import_H_2012-13,34,2026-08-21T15:32:19.146737+00:00,1.0
2013-02-01,2013,2012-13,February,Fuel Oil,EXPORT,393.17791,Thousand Metric Tonnes (TMT),PPAC,1751964547_PT_IMPORT_TMT_H.xlsx,PT_import_H_2012-13,34,2026-08-21T15:32:19.146737+00:00,1.0
2013-03-01,2013,2012-13,March,Fuel Oil,EXPORT,509.60914499999996,Thousand Metric Tonnes (TMT),PPAC,1751964547_PT_IMPORT_TMT_H.xlsx,PT_import_H_2012-13,34,2026-08-21T15:32:19.146737+00:00,1.0
2012-04-01,2012,2012-13,April,Bitumen,EXPORT,3.107,Thousand Metric Tonnes (TMT),PPAC,1751964547_PT_IMPORT_TMT_H.xlsx,PT_import_H_2012-13,35,2026-08-21T15:32:19.146737+00:00,1.0
2012-05-01,2012,2012-13,May,Bitumen,EXPORT,5.576,Thousand Metric Tonnes (TMT),PPAC,1751964547_PT_IMPORT_TMT_H.xlsx,PT_import_H_2012-13,35,2026-08-21T15:32:19.146737+00:00,1.0
2012-06-01,2012,2012-13,June,Bitumen,EXPORT,0.33,Thousand Metric Tonnes (TMT),PPAC,1751964547_PT_IMPORT_TMT_H.xlsx,PT_import_H_2012-13,35,2026-08-21T15:32:19.146737+00:00,1.0
2012-07-01,2012,2012-13,July,Bitumen,EXPORT,5.348380000000001,Thousand Metric Tonnes (TMT),PPAC,1751964547_PT_IMPORT_TMT_H.xlsx,PT_import_H_2012-13,35,2026-08-21T15:32:19.146737+00:00,1.0
2012-08-01,2012,2012-13,August,Bitumen,EXPORT,8.571169999999999,Thousand Metric Tonnes (TMT),PPAC,1751964547_PT_IMPORT_TMT_H.xlsx,PT_import_H_2012-13,35,2026-08-21T15:32:19.146737+00:00,1.0
2012-09-01,2012,2012-13,September,Bitumen,EXPORT,6.0280000000000005,Thousand Metric Tonnes (TMT),PPAC,1751964547_PT_IMPORT_TMT_H.xlsx,PT_import_H_2012-13,35,2026-08-21T15:32:19.146737+00:00,1.0
2012-10-01,2012,2012-13,October,Bitumen,EXPORT,15.76142,Thousand Metric Tonnes (TMT),PPAC,1751964547_PT_IMPORT_TMT_H.xlsx,PT_import_H_2012-13,35,2026-08-21T15:32:19.146737+00:00,1.0
2012-11-01,2012,2012-13,November,Bitumen,EXPORT,10.258000000000001,Thousand Metric Tonnes (TMT),PPAC,1751964547_PT_IMPORT_TMT_H.xlsx,PT_import_H_2012-13,35,2026-08-21T15:32:19.146737+00:00,1.0
2012-12-01,2012,2012-13,December,Bitumen,EXPORT,10.055052,Thousand Metric Tonnes (TMT),PPAC,1751964547_PT_IMPORT_TMT_H.xlsx,PT_import_H_2012-13,35,2026-08-21T15:32:19.146737+00:00,1.0
2013-01-01,2013,2012-13,January,Bitumen,EXPORT,8.815538,Thousand Metric Tonnes (TMT),PPAC,1751964547_PT_IMPORT_TMT_H.xlsx,PT_import_H_2012-13,35,2026-08-21T15:32:19.146737+00:00,1.0
2013-02-01,2013,2012-13,February,Bitumen,EXPORT,4.129745,Thousand Metric Tonnes (TMT),PPAC,1751964547_PT_IMPORT_TMT_H.xlsx,PT_import_H_2012-13,35,2026-08-21T15:32:19.146737+00:00,1.0
2013-03-01,2013,2012-13,March,Bitumen,EXPORT,8.906852,Thousand Metric Tonnes (TMT),PPAC,1751964547_PT_IMPORT_TMT_H.xlsx,PT_import_H_2012-13,35,2026-08-21T15:32:19.146737+00:00,1.0
2012-04-01,2012,2012-13,April,Others,EXPORT,173.34769499999902,Thousand Metric Tonnes (TMT),PPAC,1751964547_PT_IMPORT_TMT_H.xlsx,PT_import_H_2012-13,36,2026-08-21T15:32:19.146737+00:00,1.0
2012-05-01,2012,2012-13,May,Others,EXPORT,300.3439559999988,Thousand Metric Tonnes (TMT),PPAC,1751964547_PT_IMPORT_TMT_H.xlsx,PT_import_H_2012-13,36,2026-08-21T15:32:19.146737+00:00,1.0
2012-06-01,2012,2012-13,June,Others,EXPORT,307.2926209999996,Thousand Metric Tonnes (TMT),PPAC,1751964547_PT_IMPORT_TMT_H.xlsx,PT_import_H_2012-13,36,2026-08-21T15:32:19.146737+00:00,1.0
2012-07-01,2012,2012-13,July,Others,EXPORT,558.1297919999997,Thousand Metric Tonnes (TMT),PPAC,1751964547_PT_IMPORT_TMT_H.xlsx,PT_import_H_2012-13,36,2026-08-21T15:32:19.146737+00:00,1.0
2012-08-01,2012,2012-13,August,Others,EXPORT,293.1465640000006,Thousand Metric Tonnes (TMT),PPAC,1751964547_PT_IMPORT_TMT_H.xlsx,PT_import_H_2012-13,36,2026-08-21T15:32:19.146737+00:00,1.0
2012-09-01,2012,2012-13,September,Others,EXPORT,446.60076000000026,Thousand Metric Tonnes (TMT),PPAC,1751964547_PT_IMPORT_TMT_H.xlsx,PT_import_H_2012-13,36,2026-08-21T15:32:19.146737+00:00,1.0
2012-10-01,2012,2012-13,October,Others,EXPORT,312.98757300000034,Thousand Metric Tonnes (TMT),PPAC,1751964547_PT_IMPORT_TMT_H.xlsx,PT_import_H_2012-13,36,2026-08-21T15:32:19.146737+00:00,1.0
2012-11-01,2012,2012-13,November,Others,EXPORT,405.1659529999997,Thousand Metric Tonnes (TMT),PPAC,1751964547_PT_IMPORT_TMT_H.xlsx,PT_import_H_2012-13,36,2026-08-21T15:32:19.146737+00:00,1.0
2012-12-01,2012,2012-13,December,Others,EXPORT,551.0080920000009,Thousand Metric Tonnes (TMT),PPAC,1751964547_PT_IMPORT_TMT_H.xlsx,PT_import_H_2012-13,36,2026-08-21T15:32:19.146737+00:00,1.0
2013-01-01,2013,2012-13,January,Others,EXPORT,371.04699999999957,Thousand Metric Tonnes (TMT),PPAC,1751964547_PT_IMPORT_TMT_H.xlsx,PT_import_H_2012-13,36,2026-08-21T15:32:19.146737+00:00,1.0
2013-02-01,2013,2012-13,February,Others,EXPORT,487.5251440000002,Thousand Metric Tonnes (TMT),PPAC,1751964547_PT_IMPORT_TMT_H.xlsx,PT_import_H_2012-13,36,2026-08-21T15:32:19.146737+00:00,1.0
2013-03-01,2013,2012-13,March,Others,EXPORT,468.6921860000002,Thousand Metric Tonnes (TMT),PPAC,1751964547_PT_IMPORT_TMT_H.xlsx,PT_import_H_2012-13,36,2026-08-21T15:32:19.146737+00:00,1.0
2011-04-01,2011,2011-12,April,CRUDE OIL,IMPORT,15736.680377493,Thousand Metric Tonnes (TMT),PPAC,1751964547_PT_IMPORT_TMT_H.xlsx,PT_import_H_2011-12,11,2026-08-21T15:32:19.163637+00:00,1.0
2011-05-01,2011,2011-12,May,CRUDE OIL,IMPORT,13784.48931984,Thousand Metric Tonnes (TMT),PPAC,1751964547_PT_IMPORT_TMT_H.xlsx,PT_import_H_2011-12,11,2026-08-21T15:32:19.163637+00:00,1.0
2011-06-01,2011,2011-12,June,CRUDE OIL,IMPORT,13934.808788703,Thousand Metric Tonnes (TMT),PPAC,1751964547_PT_IMPORT_TMT_H.xlsx,PT_import_H_2011-12,11,2026-08-21T15:32:19.163637+00:00,1.0
2011-07-01,2011,2011-12,July,CRUDE OIL,IMPORT,13749.861859729,Thousand Metric Tonnes (TMT),PPAC,1751964547_PT_IMPORT_TMT_H.xlsx,PT_import_H_2011-12,11,2026-08-21T15:32:19.163637+00:00,1.0
2011-08-01,2011,2011-12,August,CRUDE OIL,IMPORT,14263.804069545,Thousand Metric Tonnes (TMT),PPAC,1751964547_PT_IMPORT_TMT_H.xlsx,PT_import_H_2011-12,11,2026-08-21T15:32:19.163637+00:00,1.0
2011-09-01,2011,2011-12,September,CRUDE OIL,IMPORT,12989.752229177,Thousand Metric Tonnes (TMT),PPAC,1751964547_PT_IMPORT_TMT_H.xlsx,PT_import_H_2011-12,11,2026-08-21T15:32:19.163637+00:00,1.0
2011-10-01,2011,2011-12,October,CRUDE OIL,IMPORT,12462.82488745,Thousand Metric Tonnes (TMT),PPAC,1751964547_PT_IMPORT_TMT_H.xlsx,PT_import_H_2011-12,11,2026-08-21T15:32:19.163637+00:00,1.0
2011-11-01,2011,2011-12,November,CRUDE OIL,IMPORT,14849.809222831,Thousand Metric Tonnes (TMT),PPAC,1751964547_PT_IMPORT_TMT_H.xlsx,PT_import_H_2011-12,11,2026-08-21T15:32:19.163637+00:00,1.0
2011-12-01,2011,2011-12,December,CRUDE OIL,IMPORT,13932.537784142998,Thousand Metric Tonnes (TMT),PPAC,1751964547_PT_IMPORT_TMT_H.xlsx,PT_import_H_2011-12,11,2026-08-21T15:32:19.163637+00:00,1.0
2012-01-01,2012,2011-12,January,CRUDE OIL,IMPORT,17017.134084138,Thousand Metric Tonnes (TMT),PPAC,1751964547_PT_IMPORT_TMT_H.xlsx,PT_import_H_2011-12,11,2026-08-21T15:32:19.163637+00:00,1.0
2012-02-01,2012,2011-12,February,CRUDE OIL,IMPORT,13718.539503831998,Thousand Metric Tonnes (TMT),PPAC,1751964547_PT_IMPORT_TMT_H.xlsx,PT_import_H_2011-12,11,2026-08-21T15:32:19.163637+00:00,1.0
2012-03-01,2012,2011-12,March,CRUDE OIL,IMPORT,15288.91197034,Thousand Metric Tonnes (TMT),PPAC,1751964547_PT_IMPORT_TMT_H.xlsx,PT_import_H_2011-12,11,2026-08-21T15:32:19.163637+00:00,1.0
2011-04-01,2011,2011-12,April,LPG,IMPORT,418.585689,Thousand Metric Tonnes (TMT),PPAC,1751964547_PT_IMPORT_TMT_H.xlsx,PT_import_H_2011-12,13,2026-08-21T15:32:19.163637+00:00,1.0
2011-05-01,2011,2011-12,May,LPG,IMPORT,469.10727499999996,Thousand Metric Tonnes (TMT),PPAC,1751964547_PT_IMPORT_TMT_H.xlsx,PT_import_H_2011-12,13,2026-08-21T15:32:19.163637+00:00,1.0
2011-06-01,2011,2011-12,June,LPG,IMPORT,481.71323899999993,Thousand Metric Tonnes (TMT),PPAC,1751964547_PT_IMPORT_TMT_H.xlsx,PT_import_H_2011-12,13,2026-08-21T15:32:19.163637+00:00,1.0
2011-07-01,2011,2011-12,July,LPG,IMPORT,494.590978,Thousand Metric Tonnes (TMT),PPAC,1751964547_PT_IMPORT_TMT_H.xlsx,PT_import_H_2011-12,13,2026-08-21T15:32:19.163637+00:00,1.0
2011-08-01,2011,2011-12,August,LPG,IMPORT,428.477,Thousand Metric Tonnes (TMT),PPAC,1751964547_PT_IMPORT_TMT_H.xlsx,PT_import_H_2011-12,13,2026-08-21T15:32:19.163637+00:00,1.0
2011-09-01,2011,2011-12,September,LPG,IMPORT,503.91924600000004,Thousand Metric Tonnes (TMT),PPAC,1751964547_PT_IMPORT_TMT_H.xlsx,PT_import_H_2011-12,13,2026-08-21T15:32:19.163637+00:00,1.0
2011-10-01,2011,2011-12,October,LPG,IMPORT,453.23164500000007,Thousand Metric Tonnes (TMT),PPAC,1751964547_PT_IMPORT_TMT_H.xlsx,PT_import_H_2011-12,13,2026-08-21T15:32:19.163637+00:00,1.0
2011-11-01,2011,2011-12,November,LPG,IMPORT,446.837556,Thousand Metric Tonnes (TMT),PPAC,1751964547_PT_IMPORT_TMT_H.xlsx,PT_import_H_2011-12,13,2026-08-21T15:32:19.163637+00:00,1.0
2011-12-01,2011,2011-12,December,LPG,IMPORT,475.32441000000006,Thousand Metric Tonnes (TMT),PPAC,1751964547_PT_IMPORT_TMT_H.xlsx,PT_import_H_2011-12,13,2026-08-21T15:32:19.163637+00:00,1.0
2012-01-01,2012,2011-12,January,LPG,IMPORT,512.204081,Thousand Metric Tonnes (TMT),PPAC,1751964547_PT_IMPORT_TMT_H.xlsx,PT_import_H_2011-12,13,2026-08-21T15:32:19.163637+00:00,1.0
2012-02-01,2012,2011-12,February,LPG,IMPORT,514.065891,Thousand Metric Tonnes (TMT),PPAC,1751964547_PT_IMPORT_TMT_H.xlsx,PT_import_H_2011-12,13,2026-08-21T15:32:19.163637+00:00,1.0
2012-03-01,2012,2011-12,March,LPG,IMPORT,591.977225,Thousand Metric Tonnes (TMT),PPAC,1751964547_PT_IMPORT_TMT_H.xlsx,PT_import_H_2011-12,13,2026-08-21T15:32:19.163637+00:00,1.0
2011-04-01,2011,2011-12,April,MS,IMPORT,19.972120999999998,Thousand Metric Tonnes (TMT),PPAC,1751964547_PT_IMPORT_TMT_H.xlsx,PT_import_H_2011-12,14,2026-08-21T15:32:19.163637+00:00,1.0
2011-05-01,2011,2011-12,May,MS,IMPORT,0.0,Thousand Metric Tonnes (TMT),PPAC,1751964547_PT_IMPORT_TMT_H.xlsx,PT_import_H_2011-12,14,2026-08-21T15:32:19.163637+00:00,1.0
2011-06-01,2011,2011-12,June,MS,IMPORT,215.04945600000002,Thousand Metric Tonnes (TMT),PPAC,1751964547_PT_IMPORT_TMT_H.xlsx,PT_import_H_2011-12,14,2026-08-21T15:32:19.163637+00:00,1.0
2011-07-01,2011,2011-12,July,MS,IMPORT,134.569524,Thousand Metric Tonnes (TMT),PPAC,1751964547_PT_IMPORT_TMT_H.xlsx,PT_import_H_2011-12,14,2026-08-21T15:32:19.163637+00:00,1.0
2011-08-01,2011,2011-12,August,MS,IMPORT,108.447183,Thousand Metric Tonnes (TMT),PPAC,1751964547_PT_IMPORT_TMT_H.xlsx,PT_import_H_2011-12,14,2026-08-21T15:32:19.163637+00:00,1.0
2011-09-01,2011,2011-12,September,MS,IMPORT,35.948,Thousand Metric Tonnes (TMT),PPAC,1751964547_PT_IMPORT_TMT_H.xlsx,PT_import_H_2011-12,14,2026-08-21T15:32:19.163637+00:00,1.0
2011-10-01,2011,2011-12,October,MS,IMPORT,139.79465125299998,Thousand Metric Tonnes (TMT),PPAC,1751964547_PT_IMPORT_TMT_H.xlsx,PT_import_H_2011-12,14,2026-08-21T15:32:19.163637+00:00,1.0
2011-11-01,2011,2011-12,November,MS,IMPORT,0.0,Thousand Metric Tonnes (TMT),PPAC,1751964547_PT_IMPORT_TMT_H.xlsx,PT_import_H_2011-12,14,2026-08-21T15:32:19.163637+00:00,1.0
2011-12-01,2011,2011-12,December,MS,IMPORT,0.0,Thousand Metric Tonnes (TMT),PPAC,1751964547_PT_IMPORT_TMT_H.xlsx,PT_import_H_2011-12,14,2026-08-21T15:32:19.163637+00:00,1.0
2012-01-01,2012,2011-12,January,MS,IMPORT,0.0,Thousand Metric Tonnes (TMT),PPAC,1751964547_PT_IMPORT_TMT_H.xlsx,PT_import_H_2011-12,14,2026-08-21T15:32:19.163637+00:00,1.0
2012-02-01,2012,2011-12,February,MS,IMPORT,0.0,Thousand Metric Tonnes (TMT),PPAC,1751964547_PT_IMPORT_TMT_H.xlsx,PT_import_H_2011-12,14,2026-08-21T15:32:19.163637+00:00,1.0
2012-03-01,2012,2011-12,March,MS,IMPORT,0.0,Thousand Metric Tonnes (TMT),PPAC,1751964547_PT_IMPORT_TMT_H.xlsx,PT_import_H_2011-12,14,2026-08-21T15:32:19.163637+00:00,1.0
2011-04-01,2011,2011-12,April,Naphtha,IMPORT,152.94,Thousand Metric Tonnes (TMT),PPAC,1751964547_PT_IMPORT_TMT_H.xlsx,PT_import_H_2011-12,15,2026-08-21T15:32:19.163637+00:00,1.0
2011-05-01,2011,2011-12,May,Naphtha,IMPORT,133.498256,Thousand Metric Tonnes (TMT),PPAC,1751964547_PT_IMPORT_TMT_H.xlsx,PT_import_H_2011-12,15,2026-08-21T15:32:19.163637+00:00,1.0
2011-06-01,2011,2011-12,June,Naphtha,IMPORT,161.747,Thousand Metric Tonnes (TMT),PPAC,1751964547_PT_IMPORT_TMT_H.xlsx,PT_import_H_2011-12,15,2026-08-21T15:32:19.163637+00:00,1.0
2011-07-01,2011,2011-12,July,Naphtha,IMPORT,227.453,Thousand Metric Tonnes (TMT),PPAC,1751964547_PT_IMPORT_TMT_H.xlsx,PT_import_H_2011-12,15,2026-08-21T15:32:19.163637+00:00,1.0
2011-08-01,2011,2011-12,August,Naphtha,IMPORT,121.904,Thousand Metric Tonnes (TMT),PPAC,1751964547_PT_IMPORT_TMT_H.xlsx,PT_import_H_2011-12,15,2026-08-21T15:32:19.163637+00:00,1.0
2011-09-01,2011,2011-12,September,Naphtha,IMPORT,202.37,Thousand Metric Tonnes (TMT),PPAC,1751964547_PT_IMPORT_TMT_H.xlsx,PT_import_H_2011-12,15,2026-08-21T15:32:19.163637+00:00,1.0
2011-10-01,2011,2011-12,October,Naphtha,IMPORT,181.87199999999999,Thousand Metric Tonnes (TMT),PPAC,1751964547_PT_IMPORT_TMT_H.xlsx,PT_import_H_2011-12,15,2026-08-21T15:32:19.163637+00:00,1.0
2011-11-01,2011,2011-12,November,Naphtha,IMPORT,273.927,Thousand Metric Tonnes (TMT),PPAC,1751964547_PT_IMPORT_TMT_H.xlsx,PT_import_H_2011-12,15,2026-08-21T15:32:19.163637+00:00,1.0
2011-12-01,2011,2011-12,December,Naphtha,IMPORT,240.209,Thousand Metric Tonnes (TMT),PPAC,1751964547_PT_IMPORT_TMT_H.xlsx,PT_import_H_2011-12,15,2026-08-21T15:32:19.163637+00:00,1.0
2012-01-01,2012,2011-12,January,Naphtha,IMPORT,111.07300000000001,Thousand Metric Tonnes (TMT),PPAC,1751964547_PT_IMPORT_TMT_H.xlsx,PT_import_H_2011-12,15,2026-08-21T15:32:19.163637+00:00,1.0
2012-02-01,2012,2011-12,February,Naphtha,IMPORT,108.437979,Thousand Metric Tonnes (TMT),PPAC,1751964547_PT_IMPORT_TMT_H.xlsx,PT_import_H_2011-12,15,2026-08-21T15:32:19.163637+00:00,1.0
2012-03-01,2012,2011-12,March,Naphtha,IMPORT,175.108035,Thousand Metric Tonnes (TMT),PPAC,1751964547_PT_IMPORT_TMT_H.xlsx,PT_import_H_2011-12,15,2026-08-21T15:32:19.163637+00:00,1.0
2011-04-01,2011,2011-12,April,ATF,IMPORT,0.0,Thousand Metric Tonnes (TMT),PPAC,1751964547_PT_IMPORT_TMT_H.xlsx,PT_import_H_2011-12,16,2026-08-21T15:32:19.163637+00:00,1.0
2011-05-01,2011,2011-12,May,ATF,IMPORT,0.0,Thousand Metric Tonnes (TMT),PPAC,1751964547_PT_IMPORT_TMT_H.xlsx,PT_import_H_2011-12,16,2026-08-21T15:32:19.163637+00:00,1.0
2011-06-01,2011,2011-12,June,ATF,IMPORT,0.0,Thousand Metric Tonnes (TMT),PPAC,1751964547_PT_IMPORT_TMT_H.xlsx,PT_import_H_2011-12,16,2026-08-21T15:32:19.163637+00:00,1.0
2011-07-01,2011,2011-12,July,ATF,IMPORT,0.0,Thousand Metric Tonnes (TMT),PPAC,1751964547_PT_IMPORT_TMT_H.xlsx,PT_import_H_2011-12,16,2026-08-21T15:32:19.163637+00:00,1.0
2011-08-01,2011,2011-12,August,ATF,IMPORT,0.0,Thousand Metric Tonnes (TMT),PPAC,1751964547_PT_IMPORT_TMT_H.xlsx,PT_import_H_2011-12,16,2026-08-21T15:32:19.163637+00:00,1.0
2011-09-01,2011,2011-12,September,ATF,IMPORT,0.0,Thousand Metric Tonnes (TMT),PPAC,1751964547_PT_IMPORT_TMT_H.xlsx,PT_import_H_2011-12,16,2026-08-21T15:32:19.163637+00:00,1.0
2011-10-01,2011,2011-12,October,ATF,IMPORT,0.0,Thousand Metric Tonnes (TMT),PPAC,1751964547_PT_IMPORT_TMT_H.xlsx,PT_import_H_2011-12,16,2026-08-21T15:32:19.163637+00:00,1.0
2011-11-01,2011,2011-12,November,ATF,IMPORT,0.0,Thousand Metric Tonnes (TMT),PPAC,1751964547_PT_IMPORT_TMT_H.xlsx,PT_import_H_2011-12,16,2026-08-21T15:32:19.163637+00:00,1.0
2011-12-01,2011,2011-12,December,ATF,IMPORT,0.0,Thousand Metric Tonnes (TMT),PPAC,1751964547_PT_IMPORT_TMT_H.xlsx,PT_import_H_2011-12,16,2026-08-21T15:32:19.163637+00:00,1.0
2012-01-01,2012,2011-12,January,ATF,IMPORT,0.0,Thousand Metric Tonnes (TMT),PPAC,1751964547_PT_IMPORT_TMT_H.xlsx,PT_import_H_2011-12,16,2026-08-21T15:32:19.163637+00:00,1.0
2012-02-01,2012,2011-12,February,ATF,IMPORT,0.0,Thousand Metric Tonnes (TMT),PPAC,1751964547_PT_IMPORT_TMT_H.xlsx,PT_import_H_2011-12,16,2026-08-21T15:32:19.163637+00:00,1.0
2012-03-01,2012,2011-12,March,ATF,IMPORT,0.0,Thousand Metric Tonnes (TMT),PPAC,1751964547_PT_IMPORT_TMT_H.xlsx,PT_import_H_2011-12,16,2026-08-21T15:32:19.163637+00:00,1.0
2011-04-01,2011,2011-12,April,SKO,IMPORT,128.545077,Thousand Metric Tonnes (TMT),PPAC,1751964547_PT_IMPORT_TMT_H.xlsx,PT_import_H_2011-12,17,2026-08-21T15:32:19.163637+00:00,1.0
2011-05-01,2011,2011-12,May,SKO,IMPORT,141.321841,Thousand Metric Tonnes (TMT),PPAC,1751964547_PT_IMPORT_TMT_H.xlsx,PT_import_H_2011-12,17,2026-08-21T15:32:19.163637+00:00,1.0
2011-06-01,2011,2011-12,June,SKO,IMPORT,110.542865,Thousand Metric Tonnes (TMT),PPAC,1751964547_PT_IMPORT_TMT_H.xlsx,PT_import_H_2011-12,17,2026-08-21T15:32:19.163637+00:00,1.0
2011-07-01,2011,2011-12,July,SKO,IMPORT,110.19062799999999,Thousand Metric Tonnes (TMT),PPAC,1751964547_PT_IMPORT_TMT_H.xlsx,PT_import_H_2011-12,17,2026-08-21T15:32:19.163637+00:00,1.0
2011-08-01,2011,2011-12,August,SKO,IMPORT,73.49956,Thousand Metric Tonnes (TMT),PPAC,1751964547_PT_IMPORT_TMT_H.xlsx,PT_import_H_2011-12,17,2026-08-21T15:32:19.163637+00:00,1.0
2011-09-01,2011,2011-12,September,SKO,IMPORT,0.0,Thousand Metric Tonnes (TMT),PPAC,1751964547_PT_IMPORT_TMT_H.xlsx,PT_import_H_2011-12,17,2026-08-21T15:32:19.163637+00:00,1.0
2011-10-01,2011,2011-12,October,SKO,IMPORT,0.0,Thousand Metric Tonnes (TMT),PPAC,1751964547_PT_IMPORT_TMT_H.xlsx,PT_import_H_2011-12,17,2026-08-21T15:32:19.163637+00:00,1.0
2011-11-01,2011,2011-12,November,SKO,IMPORT,0.0,Thousand Metric Tonnes (TMT),PPAC,1751964547_PT_IMPORT_TMT_H.xlsx,PT_import_H_2011-12,17,2026-08-21T15:32:19.163637+00:00,1.0
2011-12-01,2011,2011-12,December,SKO,IMPORT,0.0,Thousand Metric Tonnes (TMT),PPAC,1751964547_PT_IMPORT_TMT_H.xlsx,PT_import_H_2011-12,17,2026-08-21T15:32:19.163637+00:00,1.0
2012-01-01,2012,2011-12,January,SKO,IMPORT,0.0,Thousand Metric Tonnes (TMT),PPAC,1751964547_PT_IMPORT_TMT_H.xlsx,PT_import_H_2011-12,17,2026-08-21T15:32:19.163637+00:00,1.0
2012-02-01,2012,2011-12,February,SKO,IMPORT,0.0,Thousand Metric Tonnes (TMT),PPAC,1751964547_PT_IMPORT_TMT_H.xlsx,PT_import_H_2011-12,17,2026-08-21T15:32:19.163637+00:00,1.0
2012-03-01,2012,2011-12,March,SKO,IMPORT,0.0,Thousand Metric Tonnes (TMT),PPAC,1751964547_PT_IMPORT_TMT_H.xlsx,PT_import_H_2011-12,17,2026-08-21T15:32:19.163637+00:00,1.0
2011-04-01,2011,2011-12,April,HSD,IMPORT,507.951669,Thousand Metric Tonnes (TMT),PPAC,1751964547_PT_IMPORT_TMT_H.xlsx,PT_import_H_2011-12,18,2026-08-21T15:32:19.163637+00:00,1.0
2011-05-01,2011,2011-12,May,HSD,IMPORT,39.605000000000004,Thousand Metric Tonnes (TMT),PPAC,1751964547_PT_IMPORT_TMT_H.xlsx,PT_import_H_2011-12,18,2026-08-21T15:32:19.163637+00:00,1.0
2011-06-01,2011,2011-12,June,HSD,IMPORT,191.777623,Thousand Metric Tonnes (TMT),PPAC,1751964547_PT_IMPORT_TMT_H.xlsx,PT_import_H_2011-12,18,2026-08-21T15:32:19.163637+00:00,1.0
2011-07-01,2011,2011-12,July,HSD,IMPORT,0.194,Thousand Metric Tonnes (TMT),PPAC,1751964547_PT_IMPORT_TMT_H.xlsx,PT_import_H_2011-12,18,2026-08-21T15:32:19.163637+00:00,1.0
2011-08-01,2011,2011-12,August,HSD,IMPORT,15.834000000000001,Thousand Metric Tonnes (TMT),PPAC,1751964547_PT_IMPORT_TMT_H.xlsx,PT_import_H_2011-12,18,2026-08-21T15:32:19.163637+00:00,1.0
2011-09-01,2011,2011-12,September,HSD,IMPORT,1.013,Thousand Metric Tonnes (TMT),PPAC,1751964547_PT_IMPORT_TMT_H.xlsx,PT_import_H_2011-12,18,2026-08-21T15:32:19.163637+00:00,1.0
2011-10-01,2011,2011-12,October,HSD,IMPORT,4.759,Thousand Metric Tonnes (TMT),PPAC,1751964547_PT_IMPORT_TMT_H.xlsx,PT_import_H_2011-12,18,2026-08-21T15:32:19.163637+00:00,1.0
2011-11-01,2011,2011-12,November,HSD,IMPORT,2.122,Thousand Metric Tonnes (TMT),PPAC,1751964547_PT_IMPORT_TMT_H.xlsx,PT_import_H_2011-12,18,2026-08-21T15:32:19.163637+00:00,1.0
2011-12-01,2011,2011-12,December,HSD,IMPORT,22.271,Thousand Metric Tonnes (TMT),PPAC,1751964547_PT_IMPORT_TMT_H.xlsx,PT_import_H_2011-12,18,2026-08-21T15:32:19.163637+00:00,1.0
2012-01-01,2012,2011-12,January,HSD,IMPORT,206.904006,Thousand Metric Tonnes (TMT),PPAC,1751964547_PT_IMPORT_TMT_H.xlsx,PT_import_H_2011-12,18,2026-08-21T15:32:19.163637+00:00,1.0
2012-02-01,2012,2011-12,February,HSD,IMPORT,62.336392000000004,Thousand Metric Tonnes (TMT),PPAC,1751964547_PT_IMPORT_TMT_H.xlsx,PT_import_H_2011-12,18,2026-08-21T15:32:19.163637+00:00,1.0
2012-03-01,2012,2011-12,March,HSD,IMPORT,4.232,Thousand Metric Tonnes (TMT),PPAC,1751964547_PT_IMPORT_TMT_H.xlsx,PT_import_H_2011-12,18,2026-08-21T15:32:19.163637+00:00,1.0
2011-04-01,2011,2011-12,April,LOBS/ Lube oil,IMPORT,115.88279399999999,Thousand Metric Tonnes (TMT),PPAC,1751964547_PT_IMPORT_TMT_H.xlsx,PT_import_H_2011-12,19,2026-08-21T15:32:19.163637+00:00,1.0
2011-05-01,2011,2011-12,May,LOBS/ Lube oil,IMPORT,100.57746400000002,Thousand Metric Tonnes (TMT),PPAC,1751964547_PT_IMPORT_TMT_H.xlsx,PT_import_H_2011-12,19,2026-08-21T15:32:19.163637+00:00,1.0
2011-06-01,2011,2011-12,June,LOBS/ Lube oil,IMPORT,104.63935,Thousand Metric Tonnes (TMT),PPAC,1751964547_PT_IMPORT_TMT_H.xlsx,PT_import_H_2011-12,19,2026-08-21T15:32:19.163637+00:00,1.0
2011-07-01,2011,2011-12,July,LOBS/ Lube oil,IMPORT,81.90348900000001,Thousand Metric Tonnes (TMT),PPAC,1751964547_PT_IMPORT_TMT_H.xlsx,PT_import_H_2011-12,19,2026-08-21T15:32:19.163637+00:00,1.0
2011-08-01,2011,2011-12,August,LOBS/ Lube oil,IMPORT,150.37384400000002,Thousand Metric Tonnes (TMT),PPAC,1751964547_PT_IMPORT_TMT_H.xlsx,PT_import_H_2011-12,19,2026-08-21T15:32:19.163637+00:00,1.0
2011-09-01,2011,2011-12,September,LOBS/ Lube oil,IMPORT,132.53557100000003,Thousand Metric Tonnes (TMT),PPAC,1751964547_PT_IMPORT_TMT_H.xlsx,PT_import_H_2011-12,19,2026-08-21T15:32:19.163637+00:00,1.0
2011-10-01,2011,2011-12,October,LOBS/ Lube oil,IMPORT,94.39088700000002,Thousand Metric Tonnes (TMT),PPAC,1751964547_PT_IMPORT_TMT_H.xlsx,PT_import_H_2011-12,19,2026-08-21T15:32:19.163637+00:00,1.0
2011-11-01,2011,2011-12,November,LOBS/ Lube oil,IMPORT,165.06313099999997,Thousand Metric Tonnes (TMT),PPAC,1751964547_PT_IMPORT_TMT_H.xlsx,PT_import_H_2011-12,19,2026-08-21T15:32:19.163637+00:00,1.0
2011-12-01,2011,2011-12,December,LOBS/ Lube oil,IMPORT,130.68663999999998,Thousand Metric Tonnes (TMT),PPAC,1751964547_PT_IMPORT_TMT_H.xlsx,PT_import_H_2011-12,19,2026-08-21T15:32:19.163637+00:00,1.0
2012-01-01,2012,2011-12,January,LOBS/ Lube oil,IMPORT,128.012492,Thousand Metric Tonnes (TMT),PPAC,1751964547_PT_IMPORT_TMT_H.xlsx,PT_import_H_2011-12,19,2026-08-21T15:32:19.163637+00:00,1.0
2012-02-01,2012,2011-12,February,LOBS/ Lube oil,IMPORT,107.22715600000001,Thousand Metric Tonnes (TMT),PPAC,1751964547_PT_IMPORT_TMT_H.xlsx,PT_import_H_2011-12,19,2026-08-21T15:32:19.163637+00:00,1.0
2012-03-01,2012,2011-12,March,LOBS/ Lube oil,IMPORT,122.915229,Thousand Metric Tonnes (TMT),PPAC,1751964547_PT_IMPORT_TMT_H.xlsx,PT_import_H_2011-12,19,2026-08-21T15:32:19.163637+00:00,1.0
2011-04-01,2011,2011-12,April,Fuel Oil,IMPORT,94.50317,Thousand Metric Tonnes (TMT),PPAC,1751964547_PT_IMPORT_TMT_H.xlsx,PT_import_H_2011-12,20,2026-08-21T15:32:19.163637+00:00,1.0
2011-05-01,2011,2011-12,May,Fuel Oil,IMPORT,20.572,Thousand Metric Tonnes (TMT),PPAC,1751964547_PT_IMPORT_TMT_H.xlsx,PT_import_H_2011-12,20,2026-08-21T15:32:19.163637+00:00,1.0
2011-06-01,2011,2011-12,June,Fuel Oil,IMPORT,59.887,Thousand Metric Tonnes (TMT),PPAC,1751964547_PT_IMPORT_TMT_H.xlsx,PT_import_H_2011-12,20,2026-08-21T15:32:19.163637+00:00,1.0
2011-07-01,2011,2011-12,July,Fuel Oil,IMPORT,140.79592300000002,Thousand Metric Tonnes (TMT),PPAC,1751964547_PT_IMPORT_TMT_H.xlsx,PT_import_H_2011-12,20,2026-08-21T15:32:19.163637+00:00,1.0
2011-08-01,2011,2011-12,August,Fuel Oil,IMPORT,183.442,Thousand Metric Tonnes (TMT),PPAC,1751964547_PT_IMPORT_TMT_H.xlsx,PT_import_H_2011-12,20,2026-08-21T15:32:19.163637+00:00,1.0
2011-09-01,2011,2011-12,September,Fuel Oil,IMPORT,158.63,Thousand Metric Tonnes (TMT),PPAC,1751964547_PT_IMPORT_TMT_H.xlsx,PT_import_H_2011-12,20,2026-08-21T15:32:19.163637+00:00,1.0
2011-10-01,2011,2011-12,October,Fuel Oil,IMPORT,56.491,Thousand Metric Tonnes (TMT),PPAC,1751964547_PT_IMPORT_TMT_H.xlsx,PT_import_H_2011-12,20,2026-08-21T15:32:19.163637+00:00,1.0
2011-11-01,2011,2011-12,November,Fuel Oil,IMPORT,136.987,Thousand Metric Tonnes (TMT),PPAC,1751964547_PT_IMPORT_TMT_H.xlsx,PT_import_H_2011-12,20,2026-08-21T15:32:19.163637+00:00,1.0
2011-12-01,2011,2011-12,December,Fuel Oil,IMPORT,80.76419999999999,Thousand Metric Tonnes (TMT),PPAC,1751964547_PT_IMPORT_TMT_H.xlsx,PT_import_H_2011-12,20,2026-08-21T15:32:19.163637+00:00,1.0
2012-01-01,2012,2011-12,January,Fuel Oil,IMPORT,9.909,Thousand Metric Tonnes (TMT),PPAC,1751964547_PT_IMPORT_TMT_H.xlsx,PT_import_H_2011-12,20,2026-08-21T15:32:19.163637+00:00,1.0
2012-02-01,2012,2011-12,February,Fuel Oil,IMPORT,170.670052,Thousand Metric Tonnes (TMT),PPAC,1751964547_PT_IMPORT_TMT_H.xlsx,PT_import_H_2011-12,20,2026-08-21T15:32:19.163637+00:00,1.0
2012-03-01,2012,2011-12,March,Fuel Oil,IMPORT,90.040758,Thousand Metric Tonnes (TMT),PPAC,1751964547_PT_IMPORT_TMT_H.xlsx,PT_import_H_2011-12,20,2026-08-21T15:32:19.163637+00:00,1.0
2011-04-01,2011,2011-12,April,Bitumen,IMPORT,6.7001599999999994,Thousand Metric Tonnes (TMT),PPAC,1751964547_PT_IMPORT_TMT_H.xlsx,PT_import_H_2011-12,21,2026-08-21T15:32:19.163637+00:00,1.0
2011-05-01,2011,2011-12,May,Bitumen,IMPORT,9.400273,Thousand Metric Tonnes (TMT),PPAC,1751964547_PT_IMPORT_TMT_H.xlsx,PT_import_H_2011-12,21,2026-08-21T15:32:19.163637+00:00,1.0
2011-06-01,2011,2011-12,June,Bitumen,IMPORT,1.802,Thousand Metric Tonnes (TMT),PPAC,1751964547_PT_IMPORT_TMT_H.xlsx,PT_import_H_2011-12,21,2026-08-21T15:32:19.163637+00:00,1.0
2011-07-01,2011,2011-12,July,Bitumen,IMPORT,4.867316,Thousand Metric Tonnes (TMT),PPAC,1751964547_PT_IMPORT_TMT_H.xlsx,PT_import_H_2011-12,21,2026-08-21T15:32:19.163637+00:00,1.0
2011-08-01,2011,2011-12,August,Bitumen,IMPORT,1.0714650000000001,Thousand Metric Tonnes (TMT),PPAC,1751964547_PT_IMPORT_TMT_H.xlsx,PT_import_H_2011-12,21,2026-08-21T15:32:19.163637+00:00,1.0
2011-09-01,2011,2011-12,September,Bitumen,IMPORT,1.655105,Thousand Metric Tonnes (TMT),PPAC,1751964547_PT_IMPORT_TMT_H.xlsx,PT_import_H_2011-12,21,2026-08-21T15:32:19.163637+00:00,1.0
2011-10-01,2011,2011-12,October,Bitumen,IMPORT,1.370577,Thousand Metric Tonnes (TMT),PPAC,1751964547_PT_IMPORT_TMT_H.xlsx,PT_import_H_2011-12,21,2026-08-21T15:32:19.163637+00:00,1.0
2011-11-01,2011,2011-12,November,Bitumen,IMPORT,5.47403,Thousand Metric Tonnes (TMT),PPAC,1751964547_PT_IMPORT_TMT_H.xlsx,PT_import_H_2011-12,21,2026-08-21T15:32:19.163637+00:00,1.0
2011-12-01,2011,2011-12,December,Bitumen,IMPORT,6.347111,Thousand Metric Tonnes (TMT),PPAC,1751964547_PT_IMPORT_TMT_H.xlsx,PT_import_H_2011-12,21,2026-08-21T15:32:19.163637+00:00,1.0
2012-01-01,2012,2011-12,January,Bitumen,IMPORT,2.911255,Thousand Metric Tonnes (TMT),PPAC,1751964547_PT_IMPORT_TMT_H.xlsx,PT_import_H_2011-12,21,2026-08-21T15:32:19.163637+00:00,1.0
2012-02-01,2012,2011-12,February,Bitumen,IMPORT,14.619481,Thousand Metric Tonnes (TMT),PPAC,1751964547_PT_IMPORT_TMT_H.xlsx,PT_import_H_2011-12,21,2026-08-21T15:32:19.163637+00:00,1.0
2012-03-01,2012,2011-12,March,Bitumen,IMPORT,21.621626000000003,Thousand Metric Tonnes (TMT),PPAC,1751964547_PT_IMPORT_TMT_H.xlsx,PT_import_H_2011-12,21,2026-08-21T15:32:19.163637+00:00,1.0
2011-04-01,2011,2011-12,April,Others&,IMPORT,256.13049199999955,Thousand Metric Tonnes (TMT),PPAC,1751964547_PT_IMPORT_TMT_H.xlsx,PT_import_H_2011-12,22,2026-08-21T15:32:19.163637+00:00,1.0
2011-05-01,2011,2011-12,May,Others&,IMPORT,280.655977,Thousand Metric Tonnes (TMT),PPAC,1751964547_PT_IMPORT_TMT_H.xlsx,PT_import_H_2011-12,22,2026-08-21T15:32:19.163637+00:00,1.0
2011-06-01,2011,2011-12,June,Others&,IMPORT,292.9308430000003,Thousand Metric Tonnes (TMT),PPAC,1751964547_PT_IMPORT_TMT_H.xlsx,PT_import_H_2011-12,22,2026-08-21T15:32:19.163637+00:00,1.0
2011-07-01,2011,2011-12,July,Others&,IMPORT,214.43734199999994,Thousand Metric Tonnes (TMT),PPAC,1751964547_PT_IMPORT_TMT_H.xlsx,PT_import_H_2011-12,22,2026-08-21T15:32:19.163637+00:00,1.0
2011-08-01,2011,2011-12,August,Others&,IMPORT,241.3537650000003,Thousand Metric Tonnes (TMT),PPAC,1751964547_PT_IMPORT_TMT_H.xlsx,PT_import_H_2011-12,22,2026-08-21T15:32:19.163637+00:00,1.0
2011-09-01,2011,2011-12,September,Others&,IMPORT,232.91821499999992,Thousand Metric Tonnes (TMT),PPAC,1751964547_PT_IMPORT_TMT_H.xlsx,PT_import_H_2011-12,22,2026-08-21T15:32:19.163637+00:00,1.0
2011-10-01,2011,2011-12,October,Others&,IMPORT,141.12664600000016,Thousand Metric Tonnes (TMT),PPAC,1751964547_PT_IMPORT_TMT_H.xlsx,PT_import_H_2011-12,22,2026-08-21T15:32:19.163637+00:00,1.0
2011-11-01,2011,2011-12,November,Others&,IMPORT,344.31115599999976,Thousand Metric Tonnes (TMT),PPAC,1751964547_PT_IMPORT_TMT_H.xlsx,PT_import_H_2011-12,22,2026-08-21T15:32:19.163637+00:00,1.0
2011-12-01,2011,2011-12,December,Others&,IMPORT,174.83071900000027,Thousand Metric Tonnes (TMT),PPAC,1751964547_PT_IMPORT_TMT_H.xlsx,PT_import_H_2011-12,22,2026-08-21T15:32:19.163637+00:00,1.0
2012-01-01,2012,2011-12,January,Others&,IMPORT,263.5505750000001,Thousand Metric Tonnes (TMT),PPAC,1751964547_PT_IMPORT_TMT_H.xlsx,PT_import_H_2011-12,22,2026-08-21T15:32:19.163637+00:00,1.0
2012-02-01,2012,2011-12,February,Others&,IMPORT,239.54758700000002,Thousand Metric Tonnes (TMT),PPAC,1751964547_PT_IMPORT_TMT_H.xlsx,PT_import_H_2011-12,22,2026-08-21T15:32:19.163637+00:00,1.0
2012-03-01,2012,2011-12,March,Others&,IMPORT,295.3824790000002,Thousand Metric Tonnes (TMT),PPAC,1751964547_PT_IMPORT_TMT_H.xlsx,PT_import_H_2011-12,22,2026-08-21T15:32:19.163637+00:00,1.0
2011-04-01,2011,2011-12,April,LPG,EXPORT,13.404,Thousand Metric Tonnes (TMT),PPAC,1751964547_PT_IMPORT_TMT_H.xlsx,PT_import_H_2011-12,26,2026-08-21T15:32:19.163637+00:00,1.0
2011-05-01,2011,2011-12,May,LPG,EXPORT,15.967,Thousand Metric Tonnes (TMT),PPAC,1751964547_PT_IMPORT_TMT_H.xlsx,PT_import_H_2011-12,26,2026-08-21T15:32:19.163637+00:00,1.0
2011-06-01,2011,2011-12,June,LPG,EXPORT,13.459,Thousand Metric Tonnes (TMT),PPAC,1751964547_PT_IMPORT_TMT_H.xlsx,PT_import_H_2011-12,26,2026-08-21T15:32:19.163637+00:00,1.0
2011-07-01,2011,2011-12,July,LPG,EXPORT,12.17319,Thousand Metric Tonnes (TMT),PPAC,1751964547_PT_IMPORT_TMT_H.xlsx,PT_import_H_2011-12,26,2026-08-21T15:32:19.163637+00:00,1.0
2011-08-01,2011,2011-12,August,LPG,EXPORT,10.14397,Thousand Metric Tonnes (TMT),PPAC,1751964547_PT_IMPORT_TMT_H.xlsx,PT_import_H_2011-12,26,2026-08-21T15:32:19.163637+00:00,1.0
2011-09-01,2011,2011-12,September,LPG,EXPORT,16.21197,Thousand Metric Tonnes (TMT),PPAC,1751964547_PT_IMPORT_TMT_H.xlsx,PT_import_H_2011-12,26,2026-08-21T15:32:19.163637+00:00,1.0
2011-10-01,2011,2011-12,October,LPG,EXPORT,15.28102,Thousand Metric Tonnes (TMT),PPAC,1751964547_PT_IMPORT_TMT_H.xlsx,PT_import_H_2011-12,26,2026-08-21T15:32:19.163637+00:00,1.0
2011-11-01,2011,2011-12,November,LPG,EXPORT,16.43814,Thousand Metric Tonnes (TMT),PPAC,1751964547_PT_IMPORT_TMT_H.xlsx,PT_import_H_2011-12,26,2026-08-21T15:32:19.163637+00:00,1.0
2011-12-01,2011,2011-12,December,LPG,EXPORT,14.867,Thousand Metric Tonnes (TMT),PPAC,1751964547_PT_IMPORT_TMT_H.xlsx,PT_import_H_2011-12,26,2026-08-21T15:32:19.163637+00:00,1.0
2012-01-01,2012,2011-12,January,LPG,EXPORT,11.51487,Thousand Metric Tonnes (TMT),PPAC,1751964547_PT_IMPORT_TMT_H.xlsx,PT_import_H_2011-12,26,2026-08-21T15:32:19.163637+00:00,1.0
2012-02-01,2012,2011-12,February,LPG,EXPORT,17.52905,Thousand Metric Tonnes (TMT),PPAC,1751964547_PT_IMPORT_TMT_H.xlsx,PT_import_H_2011-12,26,2026-08-21T15:32:19.163637+00:00,1.0
2012-03-01,2012,2011-12,March,LPG,EXPORT,17.45397,Thousand Metric Tonnes (TMT),PPAC,1751964547_PT_IMPORT_TMT_H.xlsx,PT_import_H_2011-12,26,2026-08-21T15:32:19.163637+00:00,1.0
2011-04-01,2011,2011-12,April,MS!,EXPORT,1184.215063,Thousand Metric Tonnes (TMT),PPAC,1751964547_PT_IMPORT_TMT_H.xlsx,PT_import_H_2011-12,27,2026-08-21T15:32:19.163637+00:00,1.0
2011-05-01,2011,2011-12,May,MS!,EXPORT,1475.895012,Thousand Metric Tonnes (TMT),PPAC,1751964547_PT_IMPORT_TMT_H.xlsx,PT_import_H_2011-12,27,2026-08-21T15:32:19.163637+00:00,1.0
2011-06-01,2011,2011-12,June,MS!,EXPORT,1359.308087,Thousand Metric Tonnes (TMT),PPAC,1751964547_PT_IMPORT_TMT_H.xlsx,PT_import_H_2011-12,27,2026-08-21T15:32:19.163637+00:00,1.0
2011-07-01,2011,2011-12,July,MS!,EXPORT,1144.416601,Thousand Metric Tonnes (TMT),PPAC,1751964547_PT_IMPORT_TMT_H.xlsx,PT_import_H_2011-12,27,2026-08-21T15:32:19.163637+00:00,1.0
2011-08-01,2011,2011-12,August,MS!,EXPORT,1076.322031,Thousand Metric Tonnes (TMT),PPAC,1751964547_PT_IMPORT_TMT_H.xlsx,PT_import_H_2011-12,27,2026-08-21T15:32:19.163637+00:00,1.0
2011-09-01,2011,2011-12,September,MS!,EXPORT,1295.261032,Thousand Metric Tonnes (TMT),PPAC,1751964547_PT_IMPORT_TMT_H.xlsx,PT_import_H_2011-12,27,2026-08-21T15:32:19.163637+00:00,1.0
2011-10-01,2011,2011-12,October,MS!,EXPORT,886.374549,Thousand Metric Tonnes (TMT),PPAC,1751964547_PT_IMPORT_TMT_H.xlsx,PT_import_H_2011-12,27,2026-08-21T15:32:19.163637+00:00,1.0
2011-11-01,2011,2011-12,November,MS!,EXPORT,1052.293694,Thousand Metric Tonnes (TMT),PPAC,1751964547_PT_IMPORT_TMT_H.xlsx,PT_import_H_2011-12,27,2026-08-21T15:32:19.163637+00:00,1.0
2011-12-01,2011,2011-12,December,MS!,EXPORT,1422.46799,Thousand Metric Tonnes (TMT),PPAC,1751964547_PT_IMPORT_TMT_H.xlsx,PT_import_H_2011-12,27,2026-08-21T15:32:19.163637+00:00,1.0
2012-01-01,2012,2011-12,January,MS!,EXPORT,1089.243441,Thousand Metric Tonnes (TMT),PPAC,1751964547_PT_IMPORT_TMT_H.xlsx,PT_import_H_2011-12,27,2026-08-21T15:32:19.163637+00:00,1.0
2012-02-01,2012,2011-12,February,MS!,EXPORT,1009.802834,Thousand Metric Tonnes (TMT),PPAC,1751964547_PT_IMPORT_TMT_H.xlsx,PT_import_H_2011-12,27,2026-08-21T15:32:19.163637+00:00,1.0
2012-03-01,2012,2011-12,March,MS!,EXPORT,1527.902765,Thousand Metric Tonnes (TMT),PPAC,1751964547_PT_IMPORT_TMT_H.xlsx,PT_import_H_2011-12,27,2026-08-21T15:32:19.163637+00:00,1.0
2011-04-01,2011,2011-12,April,Naphtha,EXPORT,870.1864309999999,Thousand Metric Tonnes (TMT),PPAC,1751964547_PT_IMPORT_TMT_H.xlsx,PT_import_H_2011-12,28,2026-08-21T15:32:19.163637+00:00,1.0
2011-05-01,2011,2011-12,May,Naphtha,EXPORT,799.5379950000001,Thousand Metric Tonnes (TMT),PPAC,1751964547_PT_IMPORT_TMT_H.xlsx,PT_import_H_2011-12,28,2026-08-21T15:32:19.163637+00:00,1.0
2011-06-01,2011,2011-12,June,Naphtha,EXPORT,818.441527,Thousand Metric Tonnes (TMT),PPAC,1751964547_PT_IMPORT_TMT_H.xlsx,PT_import_H_2011-12,28,2026-08-21T15:32:19.163637+00:00,1.0
2011-07-01,2011,2011-12,July,Naphtha,EXPORT,976.9568360000001,Thousand Metric Tonnes (TMT),PPAC,1751964547_PT_IMPORT_TMT_H.xlsx,PT_import_H_2011-12,28,2026-08-21T15:32:19.163637+00:00,1.0
2011-08-01,2011,2011-12,August,Naphtha,EXPORT,998.4351929999999,Thousand Metric Tonnes (TMT),PPAC,1751964547_PT_IMPORT_TMT_H.xlsx,PT_import_H_2011-12,28,2026-08-21T15:32:19.163637+00:00,1.0
2011-09-01,2011,2011-12,September,Naphtha,EXPORT,751.533714,Thousand Metric Tonnes (TMT),PPAC,1751964547_PT_IMPORT_TMT_H.xlsx,PT_import_H_2011-12,28,2026-08-21T15:32:19.163637+00:00,1.0
2011-10-01,2011,2011-12,October,Naphtha,EXPORT,635.009505,Thousand Metric Tonnes (TMT),PPAC,1751964547_PT_IMPORT_TMT_H.xlsx,PT_import_H_2011-12,28,2026-08-21T15:32:19.163637+00:00,1.0
2011-11-01,2011,2011-12,November,Naphtha,EXPORT,1025.1019999999999,Thousand Metric Tonnes (TMT),PPAC,1751964547_PT_IMPORT_TMT_H.xlsx,PT_import_H_2011-12,28,2026-08-21T15:32:19.163637+00:00,1.0
2011-12-01,2011,2011-12,December,Naphtha,EXPORT,779.8516259999999,Thousand Metric Tonnes (TMT),PPAC,1751964547_PT_IMPORT_TMT_H.xlsx,PT_import_H_2011-12,28,2026-08-21T15:32:19.163637+00:00,1.0
2012-01-01,2012,2011-12,January,Naphtha,EXPORT,775.39787,Thousand Metric Tonnes (TMT),PPAC,1751964547_PT_IMPORT_TMT_H.xlsx,PT_import_H_2011-12,28,2026-08-21T15:32:19.163637+00:00,1.0
2012-02-01,2012,2011-12,February,Naphtha,EXPORT,841.789434,Thousand Metric Tonnes (TMT),PPAC,1751964547_PT_IMPORT_TMT_H.xlsx,PT_import_H_2011-12,28,2026-08-21T15:32:19.163637+00:00,1.0
2012-03-01,2012,2011-12,March,Naphtha,EXPORT,866.486861,Thousand Metric Tonnes (TMT),PPAC,1751964547_PT_IMPORT_TMT_H.xlsx,PT_import_H_2011-12,28,2026-08-21T15:32:19.163637+00:00,1.0
2011-04-01,2011,2011-12,April,ATF#,EXPORT,295.193,Thousand Metric Tonnes (TMT),PPAC,1751964547_PT_IMPORT_TMT_H.xlsx,PT_import_H_2011-12,29,2026-08-21T15:32:19.163637+00:00,1.0
2011-05-01,2011,2011-12,May,ATF#,EXPORT,336.50800000000004,Thousand Metric Tonnes (TMT),PPAC,1751964547_PT_IMPORT_TMT_H.xlsx,PT_import_H_2011-12,29,2026-08-21T15:32:19.163637+00:00,1.0
2011-06-01,2011,2011-12,June,ATF#,EXPORT,435.803,Thousand Metric Tonnes (TMT),PPAC,1751964547_PT_IMPORT_TMT_H.xlsx,PT_import_H_2011-12,29,2026-08-21T15:32:19.163637+00:00,1.0
2011-07-01,2011,2011-12,July,ATF#,EXPORT,418.334944,Thousand Metric Tonnes (TMT),PPAC,1751964547_PT_IMPORT_TMT_H.xlsx,PT_import_H_2011-12,29,2026-08-21T15:32:19.163637+00:00,1.0
2011-08-01,2011,2011-12,August,ATF#,EXPORT,455.78999999999996,Thousand Metric Tonnes (TMT),PPAC,1751964547_PT_IMPORT_TMT_H.xlsx,PT_import_H_2011-12,29,2026-08-21T15:32:19.163637+00:00,1.0
2011-09-01,2011,2011-12,September,ATF#,EXPORT,460.785658,Thousand Metric Tonnes (TMT),PPAC,1751964547_PT_IMPORT_TMT_H.xlsx,PT_import_H_2011-12,29,2026-08-21T15:32:19.163637+00:00,1.0
2011-10-01,2011,2011-12,October,ATF#,EXPORT,520.9450810000001,Thousand Metric Tonnes (TMT),PPAC,1751964547_PT_IMPORT_TMT_H.xlsx,PT_import_H_2011-12,29,2026-08-21T15:32:19.163637+00:00,1.0
2011-11-01,2011,2011-12,November,ATF#,EXPORT,429.30492499999997,Thousand Metric Tonnes (TMT),PPAC,1751964547_PT_IMPORT_TMT_H.xlsx,PT_import_H_2011-12,29,2026-08-21T15:32:19.163637+00:00,1.0
2011-12-01,2011,2011-12,December,ATF#,EXPORT,410.89255299999996,Thousand Metric Tonnes (TMT),PPAC,1751964547_PT_IMPORT_TMT_H.xlsx,PT_import_H_2011-12,29,2026-08-21T15:32:19.163637+00:00,1.0
2012-01-01,2012,2011-12,January,ATF#,EXPORT,306.908168,Thousand Metric Tonnes (TMT),PPAC,1751964547_PT_IMPORT_TMT_H.xlsx,PT_import_H_2011-12,29,2026-08-21T15:32:19.163637+00:00,1.0
2012-02-01,2012,2011-12,February,ATF#,EXPORT,245.060255,Thousand Metric Tonnes (TMT),PPAC,1751964547_PT_IMPORT_TMT_H.xlsx,PT_import_H_2011-12,29,2026-08-21T15:32:19.163637+00:00,1.0
2012-03-01,2012,2011-12,March,ATF#,EXPORT,245.27100000000002,Thousand Metric Tonnes (TMT),PPAC,1751964547_PT_IMPORT_TMT_H.xlsx,PT_import_H_2011-12,29,2026-08-21T15:32:19.163637+00:00,1.0
2011-04-01,2011,2011-12,April,SKO,EXPORT,2.454,Thousand Metric Tonnes (TMT),PPAC,1751964547_PT_IMPORT_TMT_H.xlsx,PT_import_H_2011-12,30,2026-08-21T15:32:19.163637+00:00,1.0
2011-05-01,2011,2011-12,May,SKO,EXPORT,3.64,Thousand Metric Tonnes (TMT),PPAC,1751964547_PT_IMPORT_TMT_H.xlsx,PT_import_H_2011-12,30,2026-08-21T15:32:19.163637+00:00,1.0
2011-06-01,2011,2011-12,June,SKO,EXPORT,1.874,Thousand Metric Tonnes (TMT),PPAC,1751964547_PT_IMPORT_TMT_H.xlsx,PT_import_H_2011-12,30,2026-08-21T15:32:19.163637+00:00,1.0
2011-07-01,2011,2011-12,July,SKO,EXPORT,2.840366,Thousand Metric Tonnes (TMT),PPAC,1751964547_PT_IMPORT_TMT_H.xlsx,PT_import_H_2011-12,30,2026-08-21T15:32:19.163637+00:00,1.0
2011-08-01,2011,2011-12,August,SKO,EXPORT,1.947859,Thousand Metric Tonnes (TMT),PPAC,1751964547_PT_IMPORT_TMT_H.xlsx,PT_import_H_2011-12,30,2026-08-21T15:32:19.163637+00:00,1.0
2011-09-01,2011,2011-12,September,SKO,EXPORT,2.553042,Thousand Metric Tonnes (TMT),PPAC,1751964547_PT_IMPORT_TMT_H.xlsx,PT_import_H_2011-12,30,2026-08-21T15:32:19.163637+00:00,1.0
2011-10-01,2011,2011-12,October,SKO,EXPORT,1.819463,Thousand Metric Tonnes (TMT),PPAC,1751964547_PT_IMPORT_TMT_H.xlsx,PT_import_H_2011-12,30,2026-08-21T15:32:19.163637+00:00,1.0
2011-11-01,2011,2011-12,November,SKO,EXPORT,2.370626,Thousand Metric Tonnes (TMT),PPAC,1751964547_PT_IMPORT_TMT_H.xlsx,PT_import_H_2011-12,30,2026-08-21T15:32:19.163637+00:00,1.0
2011-12-01,2011,2011-12,December,SKO,EXPORT,3.018868,Thousand Metric Tonnes (TMT),PPAC,1751964547_PT_IMPORT_TMT_H.xlsx,PT_import_H_2011-12,30,2026-08-21T15:32:19.163637+00:00,1.0
2012-01-01,2012,2011-12,January,SKO,EXPORT,3.92077,Thousand Metric Tonnes (TMT),PPAC,1751964547_PT_IMPORT_TMT_H.xlsx,PT_import_H_2011-12,30,2026-08-21T15:32:19.163637+00:00,1.0
2012-02-01,2012,2011-12,February,SKO,EXPORT,3.555938,Thousand Metric Tonnes (TMT),PPAC,1751964547_PT_IMPORT_TMT_H.xlsx,PT_import_H_2011-12,30,2026-08-21T15:32:19.163637+00:00,1.0
2012-03-01,2012,2011-12,March,SKO,EXPORT,3.604,Thousand Metric Tonnes (TMT),PPAC,1751964547_PT_IMPORT_TMT_H.xlsx,PT_import_H_2011-12,30,2026-08-21T15:32:19.163637+00:00,1.0
2011-04-01,2011,2011-12,April,HSD,EXPORT,1391.2586800000001,Thousand Metric Tonnes (TMT),PPAC,1751964547_PT_IMPORT_TMT_H.xlsx,PT_import_H_2011-12,31,2026-08-21T15:32:19.163637+00:00,1.0
2011-05-01,2011,2011-12,May,HSD,EXPORT,2163.755279,Thousand Metric Tonnes (TMT),PPAC,1751964547_PT_IMPORT_TMT_H.xlsx,PT_import_H_2011-12,31,2026-08-21T15:32:19.163637+00:00,1.0
2011-06-01,2011,2011-12,June,HSD,EXPORT,1587.48702,Thousand Metric Tonnes (TMT),PPAC,1751964547_PT_IMPORT_TMT_H.xlsx,PT_import_H_2011-12,31,2026-08-21T15:32:19.163637+00:00,1.0
2011-07-01,2011,2011-12,July,HSD,EXPORT,1637.0714709999997,Thousand Metric Tonnes (TMT),PPAC,1751964547_PT_IMPORT_TMT_H.xlsx,PT_import_H_2011-12,31,2026-08-21T15:32:19.163637+00:00,1.0
2011-08-01,2011,2011-12,August,HSD,EXPORT,1720.5523640000001,Thousand Metric Tonnes (TMT),PPAC,1751964547_PT_IMPORT_TMT_H.xlsx,PT_import_H_2011-12,31,2026-08-21T15:32:19.163637+00:00,1.0
2011-09-01,2011,2011-12,September,HSD,EXPORT,1916.069316,Thousand Metric Tonnes (TMT),PPAC,1751964547_PT_IMPORT_TMT_H.xlsx,PT_import_H_2011-12,31,2026-08-21T15:32:19.163637+00:00,1.0
2011-10-01,2011,2011-12,October,HSD,EXPORT,2079.1034499999996,Thousand Metric Tonnes (TMT),PPAC,1751964547_PT_IMPORT_TMT_H.xlsx,PT_import_H_2011-12,31,2026-08-21T15:32:19.163637+00:00,1.0
2011-11-01,2011,2011-12,November,HSD,EXPORT,1730.907971,Thousand Metric Tonnes (TMT),PPAC,1751964547_PT_IMPORT_TMT_H.xlsx,PT_import_H_2011-12,31,2026-08-21T15:32:19.163637+00:00,1.0
2011-12-01,2011,2011-12,December,HSD,EXPORT,1705.141514,Thousand Metric Tonnes (TMT),PPAC,1751964547_PT_IMPORT_TMT_H.xlsx,PT_import_H_2011-12,31,2026-08-21T15:32:19.163637+00:00,1.0
2012-01-01,2012,2011-12,January,HSD,EXPORT,1261.7665799999997,Thousand Metric Tonnes (TMT),PPAC,1751964547_PT_IMPORT_TMT_H.xlsx,PT_import_H_2011-12,31,2026-08-21T15:32:19.163637+00:00,1.0
2012-02-01,2012,2011-12,February,HSD,EXPORT,1122.161918,Thousand Metric Tonnes (TMT),PPAC,1751964547_PT_IMPORT_TMT_H.xlsx,PT_import_H_2011-12,31,2026-08-21T15:32:19.163637+00:00,1.0
2012-03-01,2012,2011-12,March,HSD,EXPORT,2091.63126,Thousand Metric Tonnes (TMT),PPAC,1751964547_PT_IMPORT_TMT_H.xlsx,PT_import_H_2011-12,31,2026-08-21T15:32:19.163637+00:00,1.0
2011-04-01,2011,2011-12,April,LDO,EXPORT,8.968,Thousand Metric Tonnes (TMT),PPAC,1751964547_PT_IMPORT_TMT_H.xlsx,PT_import_H_2011-12,32,2026-08-21T15:32:19.163637+00:00,1.0
2011-05-01,2011,2011-12,May,LDO,EXPORT,8.703,Thousand Metric Tonnes (TMT),PPAC,1751964547_PT_IMPORT_TMT_H.xlsx,PT_import_H_2011-12,32,2026-08-21T15:32:19.163637+00:00,1.0
2011-06-01,2011,2011-12,June,LDO,EXPORT,6.058,Thousand Metric Tonnes (TMT),PPAC,1751964547_PT_IMPORT_TMT_H.xlsx,PT_import_H_2011-12,32,2026-08-21T15:32:19.163637+00:00,1.0
2011-07-01,2011,2011-12,July,LDO,EXPORT,8.9,Thousand Metric Tonnes (TMT),PPAC,1751964547_PT_IMPORT_TMT_H.xlsx,PT_import_H_2011-12,32,2026-08-21T15:32:19.163637+00:00,1.0
2011-08-01,2011,2011-12,August,LDO,EXPORT,8.9,Thousand Metric Tonnes (TMT),PPAC,1751964547_PT_IMPORT_TMT_H.xlsx,PT_import_H_2011-12,32,2026-08-21T15:32:19.163637+00:00,1.0
2011-09-01,2011,2011-12,September,LDO,EXPORT,8.25,Thousand Metric Tonnes (TMT),PPAC,1751964547_PT_IMPORT_TMT_H.xlsx,PT_import_H_2011-12,32,2026-08-21T15:32:19.163637+00:00,1.0
2011-10-01,2011,2011-12,October,LDO,EXPORT,8.99,Thousand Metric Tonnes (TMT),PPAC,1751964547_PT_IMPORT_TMT_H.xlsx,PT_import_H_2011-12,32,2026-08-21T15:32:19.163637+00:00,1.0
2011-11-01,2011,2011-12,November,LDO,EXPORT,0.0,Thousand Metric Tonnes (TMT),PPAC,1751964547_PT_IMPORT_TMT_H.xlsx,PT_import_H_2011-12,32,2026-08-21T15:32:19.163637+00:00,1.0
2011-12-01,2011,2011-12,December,LDO,EXPORT,8.200000000000001,Thousand Metric Tonnes (TMT),PPAC,1751964547_PT_IMPORT_TMT_H.xlsx,PT_import_H_2011-12,32,2026-08-21T15:32:19.163637+00:00,1.0
2012-01-01,2012,2011-12,January,LDO,EXPORT,0.0,Thousand Metric Tonnes (TMT),PPAC,1751964547_PT_IMPORT_TMT_H.xlsx,PT_import_H_2011-12,32,2026-08-21T15:32:19.163637+00:00,1.0
2012-02-01,2012,2011-12,February,LDO,EXPORT,8.248,Thousand Metric Tonnes (TMT),PPAC,1751964547_PT_IMPORT_TMT_H.xlsx,PT_import_H_2011-12,32,2026-08-21T15:32:19.163637+00:00,1.0
2012-03-01,2012,2011-12,March,LDO,EXPORT,8.887,Thousand Metric Tonnes (TMT),PPAC,1751964547_PT_IMPORT_TMT_H.xlsx,PT_import_H_2011-12,32,2026-08-21T15:32:19.163637+00:00,1.0
2011-04-01,2011,2011-12,April,LOBS/ Lube Oil,EXPORT,0.11788,Thousand Metric Tonnes (TMT),PPAC,1751964547_PT_IMPORT_TMT_H.xlsx,PT_import_H_2011-12,33,2026-08-21T15:32:19.163637+00:00,1.0
2011-05-01,2011,2011-12,May,LOBS/ Lube Oil,EXPORT,0.24537,Thousand Metric Tonnes (TMT),PPAC,1751964547_PT_IMPORT_TMT_H.xlsx,PT_import_H_2011-12,33,2026-08-21T15:32:19.163637+00:00,1.0
2011-06-01,2011,2011-12,June,LOBS/ Lube Oil,EXPORT,0.27187,Thousand Metric Tonnes (TMT),PPAC,1751964547_PT_IMPORT_TMT_H.xlsx,PT_import_H_2011-12,33,2026-08-21T15:32:19.163637+00:00,1.0
2011-07-01,2011,2011-12,July,LOBS/ Lube Oil,EXPORT,0.25583,Thousand Metric Tonnes (TMT),PPAC,1751964547_PT_IMPORT_TMT_H.xlsx,PT_import_H_2011-12,33,2026-08-21T15:32:19.163637+00:00,1.0
2011-08-01,2011,2011-12,August,LOBS/ Lube Oil,EXPORT,0.24142000000000002,Thousand Metric Tonnes (TMT),PPAC,1751964547_PT_IMPORT_TMT_H.xlsx,PT_import_H_2011-12,33,2026-08-21T15:32:19.163637+00:00,1.0
2011-09-01,2011,2011-12,September,LOBS/ Lube Oil,EXPORT,0.47062,Thousand Metric Tonnes (TMT),PPAC,1751964547_PT_IMPORT_TMT_H.xlsx,PT_import_H_2011-12,33,2026-08-21T15:32:19.163637+00:00,1.0
2011-10-01,2011,2011-12,October,LOBS/ Lube Oil,EXPORT,0.22248,Thousand Metric Tonnes (TMT),PPAC,1751964547_PT_IMPORT_TMT_H.xlsx,PT_import_H_2011-12,33,2026-08-21T15:32:19.163637+00:00,1.0
2011-11-01,2011,2011-12,November,LOBS/ Lube Oil,EXPORT,0.22123,Thousand Metric Tonnes (TMT),PPAC,1751964547_PT_IMPORT_TMT_H.xlsx,PT_import_H_2011-12,33,2026-08-21T15:32:19.163637+00:00,1.0
2011-12-01,2011,2011-12,December,LOBS/ Lube Oil,EXPORT,5.03896,Thousand Metric Tonnes (TMT),PPAC,1751964547_PT_IMPORT_TMT_H.xlsx,PT_import_H_2011-12,33,2026-08-21T15:32:19.163637+00:00,1.0
2012-01-01,2012,2011-12,January,LOBS/ Lube Oil,EXPORT,4.449009,Thousand Metric Tonnes (TMT),PPAC,1751964547_PT_IMPORT_TMT_H.xlsx,PT_import_H_2011-12,33,2026-08-21T15:32:19.163637+00:00,1.0
2012-02-01,2012,2011-12,February,LOBS/ Lube Oil,EXPORT,11.913957,Thousand Metric Tonnes (TMT),PPAC,1751964547_PT_IMPORT_TMT_H.xlsx,PT_import_H_2011-12,33,2026-08-21T15:32:19.163637+00:00,1.0
2012-03-01,2012,2011-12,March,LOBS/ Lube Oil,EXPORT,3.6966859999999997,Thousand Metric Tonnes (TMT),PPAC,1751964547_PT_IMPORT_TMT_H.xlsx,PT_import_H_2011-12,33,2026-08-21T15:32:19.163637+00:00,1.0
2011-04-01,2011,2011-12,April,Fuel Oil,EXPORT,402.52239499999996,Thousand Metric Tonnes (TMT),PPAC,1751964547_PT_IMPORT_TMT_H.xlsx,PT_import_H_2011-12,34,2026-08-21T15:32:19.163637+00:00,1.0
2011-05-01,2011,2011-12,May,Fuel Oil,EXPORT,677.588679,Thousand Metric Tonnes (TMT),PPAC,1751964547_PT_IMPORT_TMT_H.xlsx,PT_import_H_2011-12,34,2026-08-21T15:32:19.163637+00:00,1.0
2011-06-01,2011,2011-12,June,Fuel Oil,EXPORT,663.458775,Thousand Metric Tonnes (TMT),PPAC,1751964547_PT_IMPORT_TMT_H.xlsx,PT_import_H_2011-12,34,2026-08-21T15:32:19.163637+00:00,1.0
2011-07-01,2011,2011-12,July,Fuel Oil,EXPORT,765.893774,Thousand Metric Tonnes (TMT),PPAC,1751964547_PT_IMPORT_TMT_H.xlsx,PT_import_H_2011-12,34,2026-08-21T15:32:19.163637+00:00,1.0
2011-08-01,2011,2011-12,August,Fuel Oil,EXPORT,815.9508370000001,Thousand Metric Tonnes (TMT),PPAC,1751964547_PT_IMPORT_TMT_H.xlsx,PT_import_H_2011-12,34,2026-08-21T15:32:19.163637+00:00,1.0
2011-09-01,2011,2011-12,September,Fuel Oil,EXPORT,670.3232310000001,Thousand Metric Tonnes (TMT),PPAC,1751964547_PT_IMPORT_TMT_H.xlsx,PT_import_H_2011-12,34,2026-08-21T15:32:19.163637+00:00,1.0
2011-10-01,2011,2011-12,October,Fuel Oil,EXPORT,586.7612549999999,Thousand Metric Tonnes (TMT),PPAC,1751964547_PT_IMPORT_TMT_H.xlsx,PT_import_H_2011-12,34,2026-08-21T15:32:19.163637+00:00,1.0
2011-11-01,2011,2011-12,November,Fuel Oil,EXPORT,631.843396,Thousand Metric Tonnes (TMT),PPAC,1751964547_PT_IMPORT_TMT_H.xlsx,PT_import_H_2011-12,34,2026-08-21T15:32:19.163637+00:00,1.0
2011-12-01,2011,2011-12,December,Fuel Oil,EXPORT,699.690472,Thousand Metric Tonnes (TMT),PPAC,1751964547_PT_IMPORT_TMT_H.xlsx,PT_import_H_2011-12,34,2026-08-21T15:32:19.163637+00:00,1.0
2012-01-01,2012,2011-12,January,Fuel Oil,EXPORT,761.3577,Thousand Metric Tonnes (TMT),PPAC,1751964547_PT_IMPORT_TMT_H.xlsx,PT_import_H_2011-12,34,2026-08-21T15:32:19.163637+00:00,1.0
2012-02-01,2012,2011-12,February,Fuel Oil,EXPORT,605.6648699999998,Thousand Metric Tonnes (TMT),PPAC,1751964547_PT_IMPORT_TMT_H.xlsx,PT_import_H_2011-12,34,2026-08-21T15:32:19.163637+00:00,1.0
2012-03-01,2012,2011-12,March,Fuel Oil,EXPORT,614.4384680000001,Thousand Metric Tonnes (TMT),PPAC,1751964547_PT_IMPORT_TMT_H.xlsx,PT_import_H_2011-12,34,2026-08-21T15:32:19.163637+00:00,1.0
2011-04-01,2011,2011-12,April,Bitumen,EXPORT,2.18,Thousand Metric Tonnes (TMT),PPAC,1751964547_PT_IMPORT_TMT_H.xlsx,PT_import_H_2011-12,35,2026-08-21T15:32:19.163637+00:00,1.0
2011-05-01,2011,2011-12,May,Bitumen,EXPORT,0.189,Thousand Metric Tonnes (TMT),PPAC,1751964547_PT_IMPORT_TMT_H.xlsx,PT_import_H_2011-12,35,2026-08-21T15:32:19.163637+00:00,1.0
2011-06-01,2011,2011-12,June,Bitumen,EXPORT,1.937,Thousand Metric Tonnes (TMT),PPAC,1751964547_PT_IMPORT_TMT_H.xlsx,PT_import_H_2011-12,35,2026-08-21T15:32:19.163637+00:00,1.0
2011-07-01,2011,2011-12,July,Bitumen,EXPORT,0.0,Thousand Metric Tonnes (TMT),PPAC,1751964547_PT_IMPORT_TMT_H.xlsx,PT_import_H_2011-12,35,2026-08-21T15:32:19.163637+00:00,1.0
2011-08-01,2011,2011-12,August,Bitumen,EXPORT,0.0,Thousand Metric Tonnes (TMT),PPAC,1751964547_PT_IMPORT_TMT_H.xlsx,PT_import_H_2011-12,35,2026-08-21T15:32:19.163637+00:00,1.0
2011-09-01,2011,2011-12,September,Bitumen,EXPORT,0.0,Thousand Metric Tonnes (TMT),PPAC,1751964547_PT_IMPORT_TMT_H.xlsx,PT_import_H_2011-12,35,2026-08-21T15:32:19.163637+00:00,1.0
2011-10-01,2011,2011-12,October,Bitumen,EXPORT,0.0,Thousand Metric Tonnes (TMT),PPAC,1751964547_PT_IMPORT_TMT_H.xlsx,PT_import_H_2011-12,35,2026-08-21T15:32:19.163637+00:00,1.0
2011-11-01,2011,2011-12,November,Bitumen,EXPORT,0.0193,Thousand Metric Tonnes (TMT),PPAC,1751964547_PT_IMPORT_TMT_H.xlsx,PT_import_H_2011-12,35,2026-08-21T15:32:19.163637+00:00,1.0
2011-12-01,2011,2011-12,December,Bitumen,EXPORT,0.1861,Thousand Metric Tonnes (TMT),PPAC,1751964547_PT_IMPORT_TMT_H.xlsx,PT_import_H_2011-12,35,2026-08-21T15:32:19.163637+00:00,1.0
2012-01-01,2012,2011-12,January,Bitumen,EXPORT,0.0,Thousand Metric Tonnes (TMT),PPAC,1751964547_PT_IMPORT_TMT_H.xlsx,PT_import_H_2011-12,35,2026-08-21T15:32:19.163637+00:00,1.0
2012-02-01,2012,2011-12,February,Bitumen,EXPORT,0.0194,Thousand Metric Tonnes (TMT),PPAC,1751964547_PT_IMPORT_TMT_H.xlsx,PT_import_H_2011-12,35,2026-08-21T15:32:19.163637+00:00,1.0
2012-03-01,2012,2011-12,March,Bitumen,EXPORT,0.007168000000000001,Thousand Metric Tonnes (TMT),PPAC,1751964547_PT_IMPORT_TMT_H.xlsx,PT_import_H_2011-12,35,2026-08-21T15:32:19.163637+00:00,1.0
2011-04-01,2011,2011-12,April,Others,EXPORT,427.5719999999992,Thousand Metric Tonnes (TMT),PPAC,1751964547_PT_IMPORT_TMT_H.xlsx,PT_import_H_2011-12,36,2026-08-21T15:32:19.163637+00:00,1.0
2011-05-01,2011,2011-12,May,Others,EXPORT,275.3167779999985,Thousand Metric Tonnes (TMT),PPAC,1751964547_PT_IMPORT_TMT_H.xlsx,PT_import_H_2011-12,36,2026-08-21T15:32:19.163637+00:00,1.0
2011-06-01,2011,2011-12,June,Others,EXPORT,177.00500000000102,Thousand Metric Tonnes (TMT),PPAC,1751964547_PT_IMPORT_TMT_H.xlsx,PT_import_H_2011-12,36,2026-08-21T15:32:19.163637+00:00,1.0
2011-07-01,2011,2011-12,July,Others,EXPORT,262.2330000000011,Thousand Metric Tonnes (TMT),PPAC,1751964547_PT_IMPORT_TMT_H.xlsx,PT_import_H_2011-12,36,2026-08-21T15:32:19.163637+00:00,1.0
2011-08-01,2011,2011-12,August,Others,EXPORT,169.02599999999984,Thousand Metric Tonnes (TMT),PPAC,1751964547_PT_IMPORT_TMT_H.xlsx,PT_import_H_2011-12,36,2026-08-21T15:32:19.163637+00:00,1.0
2011-09-01,2011,2011-12,September,Others,EXPORT,214.9430000000002,Thousand Metric Tonnes (TMT),PPAC,1751964547_PT_IMPORT_TMT_H.xlsx,PT_import_H_2011-12,36,2026-08-21T15:32:19.163637+00:00,1.0
2011-10-01,2011,2011-12,October,Others,EXPORT,290.48999999999796,Thousand Metric Tonnes (TMT),PPAC,1751964547_PT_IMPORT_TMT_H.xlsx,PT_import_H_2011-12,36,2026-08-21T15:32:19.163637+00:00,1.0
2011-11-01,2011,2011-12,November,Others,EXPORT,274.04699999999957,Thousand Metric Tonnes (TMT),PPAC,1751964547_PT_IMPORT_TMT_H.xlsx,PT_import_H_2011-12,36,2026-08-21T15:32:19.163637+00:00,1.0
2011-12-01,2011,2011-12,December,Others,EXPORT,148.01599999999962,Thousand Metric Tonnes (TMT),PPAC,1751964547_PT_IMPORT_TMT_H.xlsx,PT_import_H_2011-12,36,2026-08-21T15:32:19.163637+00:00,1.0
2012-01-01,2012,2011-12,January,Others,EXPORT,144.0,Thousand Metric Tonnes (TMT),PPAC,1751964547_PT_IMPORT_TMT_H.xlsx,PT_import_H_2011-12,36,2026-08-21T15:32:19.163637+00:00,1.0
2012-02-01,2012,2011-12,February,Others,EXPORT,305.39300000000003,Thousand Metric Tonnes (TMT),PPAC,1751964547_PT_IMPORT_TMT_H.xlsx,PT_import_H_2011-12,36,2026-08-21T15:32:19.163637+00:00,1.0
2012-03-01,2012,2011-12,March,Others,EXPORT,300.03999999999996,Thousand Metric Tonnes (TMT),PPAC,1751964547_PT_IMPORT_TMT_H.xlsx,PT_import_H_2011-12,36,2026-08-21T15:32:19.163637+00:00,1.0
2026-04-01,2026,2026-27,April,CRUDE OIL,IMPORT,18468.056066028,Thousand Metric Tonnes (TMT),PPAC,1787119551_PT_import.xls,PT_import,11,2026-08-21T15:32:19.177852+00:00,1.0
2026-05-01,2026,2026-27,May,CRUDE OIL,IMPORT,22421.028278395006,Thousand Metric Tonnes (TMT),PPAC,1787119551_PT_import.xls,PT_import,11,2026-08-21T15:32:19.177852+00:00,1.0
2026-06-01,2026,2026-27,June,CRUDE OIL,IMPORT,19592.332240133,Thousand Metric Tonnes (TMT),PPAC,1787119551_PT_import.xls,PT_import,11,2026-08-21T15:32:19.177852+00:00,1.0
2026-07-01,2026,2026-27,July,CRUDE OIL,IMPORT,21404.62591828,Thousand Metric Tonnes (TMT),PPAC,1787119551_PT_import.xls,PT_import,11,2026-08-21T15:32:19.177852+00:00,1.0
2026-08-01,2026,2026-27,August,CRUDE OIL,IMPORT,0.0,Thousand Metric Tonnes (TMT),PPAC,1787119551_PT_import.xls,PT_import,11,2026-08-21T15:32:19.177852+00:00,1.0
2026-09-01,2026,2026-27,September,CRUDE OIL,IMPORT,0.0,Thousand Metric Tonnes (TMT),PPAC,1787119551_PT_import.xls,PT_import,11,2026-08-21T15:32:19.177852+00:00,1.0
2026-10-01,2026,2026-27,October,CRUDE OIL,IMPORT,0.0,Thousand Metric Tonnes (TMT),PPAC,1787119551_PT_import.xls,PT_import,11,2026-08-21T15:32:19.177852+00:00,1.0
2026-11-01,2026,2026-27,November,CRUDE OIL,IMPORT,0.0,Thousand Metric Tonnes (TMT),PPAC,1787119551_PT_import.xls,PT_import,11,2026-08-21T15:32:19.177852+00:00,1.0
2026-12-01,2026,2026-27,December,CRUDE OIL,IMPORT,0.0,Thousand Metric Tonnes (TMT),PPAC,1787119551_PT_import.xls,PT_import,11,2026-08-21T15:32:19.177852+00:00,1.0
2027-01-01,2027,2026-27,January,CRUDE OIL,IMPORT,0.0,Thousand Metric Tonnes (TMT),PPAC,1787119551_PT_import.xls,PT_import,11,2026-08-21T15:32:19.177852+00:00,1.0
2027-02-01,2027,2026-27,February,CRUDE OIL,IMPORT,0.0,Thousand Metric Tonnes (TMT),PPAC,1787119551_PT_import.xls,PT_import,11,2026-08-21T15:32:19.177852+00:00,1.0
2027-03-01,2027,2026-27,March,CRUDE OIL,IMPORT,0.0,Thousand Metric Tonnes (TMT),PPAC,1787119551_PT_import.xls,PT_import,11,2026-08-21T15:32:19.177852+00:00,1.0
2026-04-01,2026,2026-27,April,LPG,IMPORT,678.261039,Thousand Metric Tonnes (TMT),PPAC,1787119551_PT_import.xls,PT_import,13,2026-08-21T15:32:19.177852+00:00,1.0
2026-05-01,2026,2026-27,May,LPG,IMPORT,1130.6986700000002,Thousand Metric Tonnes (TMT),PPAC,1787119551_PT_import.xls,PT_import,13,2026-08-21T15:32:19.177852+00:00,1.0
2026-06-01,2026,2026-27,June,LPG,IMPORT,1023.9050275,Thousand Metric Tonnes (TMT),PPAC,1787119551_PT_import.xls,PT_import,13,2026-08-21T15:32:19.177852+00:00,1.0
2026-07-01,2026,2026-27,July,LPG,IMPORT,870.3037065000001,Thousand Metric Tonnes (TMT),PPAC,1787119551_PT_import.xls,PT_import,13,2026-08-21T15:32:19.177852+00:00,1.0
2026-08-01,2026,2026-27,August,LPG,IMPORT,0.0,Thousand Metric Tonnes (TMT),PPAC,1787119551_PT_import.xls,PT_import,13,2026-08-21T15:32:19.177852+00:00,1.0
2026-09-01,2026,2026-27,September,LPG,IMPORT,0.0,Thousand Metric Tonnes (TMT),PPAC,1787119551_PT_import.xls,PT_import,13,2026-08-21T15:32:19.177852+00:00,1.0
2026-10-01,2026,2026-27,October,LPG,IMPORT,0.0,Thousand Metric Tonnes (TMT),PPAC,1787119551_PT_import.xls,PT_import,13,2026-08-21T15:32:19.177852+00:00,1.0
2026-11-01,2026,2026-27,November,LPG,IMPORT,0.0,Thousand Metric Tonnes (TMT),PPAC,1787119551_PT_import.xls,PT_import,13,2026-08-21T15:32:19.177852+00:00,1.0
2026-12-01,2026,2026-27,December,LPG,IMPORT,0.0,Thousand Metric Tonnes (TMT),PPAC,1787119551_PT_import.xls,PT_import,13,2026-08-21T15:32:19.177852+00:00,1.0
2027-01-01,2027,2026-27,January,LPG,IMPORT,0.0,Thousand Metric Tonnes (TMT),PPAC,1787119551_PT_import.xls,PT_import,13,2026-08-21T15:32:19.177852+00:00,1.0
2027-02-01,2027,2026-27,February,LPG,IMPORT,0.0,Thousand Metric Tonnes (TMT),PPAC,1787119551_PT_import.xls,PT_import,13,2026-08-21T15:32:19.177852+00:00,1.0
2027-03-01,2027,2026-27,March,LPG,IMPORT,0.0,Thousand Metric Tonnes (TMT),PPAC,1787119551_PT_import.xls,PT_import,13,2026-08-21T15:32:19.177852+00:00,1.0
2026-04-01,2026,2026-27,April,MS,IMPORT,0.0,Thousand Metric Tonnes (TMT),PPAC,1787119551_PT_import.xls,PT_import,14,2026-08-21T15:32:19.177852+00:00,1.0
2026-05-01,2026,2026-27,May,MS,IMPORT,0.0,Thousand Metric Tonnes (TMT),PPAC,1787119551_PT_import.xls,PT_import,14,2026-08-21T15:32:19.177852+00:00,1.0
2026-06-01,2026,2026-27,June,MS,IMPORT,0.0012838333333333332,Thousand Metric Tonnes (TMT),PPAC,1787119551_PT_import.xls,PT_import,14,2026-08-21T15:32:19.177852+00:00,1.0
2026-07-01,2026,2026-27,July,MS,IMPORT,0.0012838333333333332,Thousand Metric Tonnes (TMT),PPAC,1787119551_PT_import.xls,PT_import,14,2026-08-21T15:32:19.177852+00:00,1.0
2026-08-01,2026,2026-27,August,MS,IMPORT,0.0,Thousand Metric Tonnes (TMT),PPAC,1787119551_PT_import.xls,PT_import,14,2026-08-21T15:32:19.177852+00:00,1.0
2026-09-01,2026,2026-27,September,MS,IMPORT,0.0,Thousand Metric Tonnes (TMT),PPAC,1787119551_PT_import.xls,PT_import,14,2026-08-21T15:32:19.177852+00:00,1.0
2026-10-01,2026,2026-27,October,MS,IMPORT,0.0,Thousand Metric Tonnes (TMT),PPAC,1787119551_PT_import.xls,PT_import,14,2026-08-21T15:32:19.177852+00:00,1.0
2026-11-01,2026,2026-27,November,MS,IMPORT,0.0,Thousand Metric Tonnes (TMT),PPAC,1787119551_PT_import.xls,PT_import,14,2026-08-21T15:32:19.177852+00:00,1.0
2026-12-01,2026,2026-27,December,MS,IMPORT,0.0,Thousand Metric Tonnes (TMT),PPAC,1787119551_PT_import.xls,PT_import,14,2026-08-21T15:32:19.177852+00:00,1.0
2027-01-01,2027,2026-27,January,MS,IMPORT,0.0,Thousand Metric Tonnes (TMT),PPAC,1787119551_PT_import.xls,PT_import,14,2026-08-21T15:32:19.177852+00:00,1.0
2027-02-01,2027,2026-27,February,MS,IMPORT,0.0,Thousand Metric Tonnes (TMT),PPAC,1787119551_PT_import.xls,PT_import,14,2026-08-21T15:32:19.177852+00:00,1.0
2027-03-01,2027,2026-27,March,MS,IMPORT,0.0,Thousand Metric Tonnes (TMT),PPAC,1787119551_PT_import.xls,PT_import,14,2026-08-21T15:32:19.177852+00:00,1.0
2026-04-01,2026,2026-27,April,Naphtha,IMPORT,52.225184,Thousand Metric Tonnes (TMT),PPAC,1787119551_PT_import.xls,PT_import,15,2026-08-21T15:32:19.177852+00:00,1.0
2026-05-01,2026,2026-27,May,Naphtha,IMPORT,86.92916400000001,Thousand Metric Tonnes (TMT),PPAC,1787119551_PT_import.xls,PT_import,15,2026-08-21T15:32:19.177852+00:00,1.0
2026-06-01,2026,2026-27,June,Naphtha,IMPORT,101.42788308333333,Thousand Metric Tonnes (TMT),PPAC,1787119551_PT_import.xls,PT_import,15,2026-08-21T15:32:19.177852+00:00,1.0
2026-07-01,2026,2026-27,July,Naphtha,IMPORT,30.09204108333334,Thousand Metric Tonnes (TMT),PPAC,1787119551_PT_import.xls,PT_import,15,2026-08-21T15:32:19.177852+00:00,1.0
2026-08-01,2026,2026-27,August,Naphtha,IMPORT,0.0,Thousand Metric Tonnes (TMT),PPAC,1787119551_PT_import.xls,PT_import,15,2026-08-21T15:32:19.177852+00:00,1.0
2026-09-01,2026,2026-27,September,Naphtha,IMPORT,0.0,Thousand Metric Tonnes (TMT),PPAC,1787119551_PT_import.xls,PT_import,15,2026-08-21T15:32:19.177852+00:00,1.0
2026-10-01,2026,2026-27,October,Naphtha,IMPORT,0.0,Thousand Metric Tonnes (TMT),PPAC,1787119551_PT_import.xls,PT_import,15,2026-08-21T15:32:19.177852+00:00,1.0
2026-11-01,2026,2026-27,November,Naphtha,IMPORT,0.0,Thousand Metric Tonnes (TMT),PPAC,1787119551_PT_import.xls,PT_import,15,2026-08-21T15:32:19.177852+00:00,1.0
2026-12-01,2026,2026-27,December,Naphtha,IMPORT,0.0,Thousand Metric Tonnes (TMT),PPAC,1787119551_PT_import.xls,PT_import,15,2026-08-21T15:32:19.177852+00:00,1.0
2027-01-01,2027,2026-27,January,Naphtha,IMPORT,0.0,Thousand Metric Tonnes (TMT),PPAC,1787119551_PT_import.xls,PT_import,15,2026-08-21T15:32:19.177852+00:00,1.0
2027-02-01,2027,2026-27,February,Naphtha,IMPORT,0.0,Thousand Metric Tonnes (TMT),PPAC,1787119551_PT_import.xls,PT_import,15,2026-08-21T15:32:19.177852+00:00,1.0
2027-03-01,2027,2026-27,March,Naphtha,IMPORT,0.0,Thousand Metric Tonnes (TMT),PPAC,1787119551_PT_import.xls,PT_import,15,2026-08-21T15:32:19.177852+00:00,1.0
2026-04-01,2026,2026-27,April,ATF,IMPORT,0.0,Thousand Metric Tonnes (TMT),PPAC,1787119551_PT_import.xls,PT_import,16,2026-08-21T15:32:19.177852+00:00,1.0
2026-05-01,2026,2026-27,May,ATF,IMPORT,0.010001,Thousand Metric Tonnes (TMT),PPAC,1787119551_PT_import.xls,PT_import,16,2026-08-21T15:32:19.177852+00:00,1.0
2026-06-01,2026,2026-27,June,ATF,IMPORT,0.023730166666666667,Thousand Metric Tonnes (TMT),PPAC,1787119551_PT_import.xls,PT_import,16,2026-08-21T15:32:19.177852+00:00,1.0
2026-07-01,2026,2026-27,July,ATF,IMPORT,0.023730166666666667,Thousand Metric Tonnes (TMT),PPAC,1787119551_PT_import.xls,PT_import,16,2026-08-21T15:32:19.177852+00:00,1.0
2026-08-01,2026,2026-27,August,ATF,IMPORT,0.0,Thousand Metric Tonnes (TMT),PPAC,1787119551_PT_import.xls,PT_import,16,2026-08-21T15:32:19.177852+00:00,1.0
2026-09-01,2026,2026-27,September,ATF,IMPORT,0.0,Thousand Metric Tonnes (TMT),PPAC,1787119551_PT_import.xls,PT_import,16,2026-08-21T15:32:19.177852+00:00,1.0
2026-10-01,2026,2026-27,October,ATF,IMPORT,0.0,Thousand Metric Tonnes (TMT),PPAC,1787119551_PT_import.xls,PT_import,16,2026-08-21T15:32:19.177852+00:00,1.0
2026-11-01,2026,2026-27,November,ATF,IMPORT,0.0,Thousand Metric Tonnes (TMT),PPAC,1787119551_PT_import.xls,PT_import,16,2026-08-21T15:32:19.177852+00:00,1.0
2026-12-01,2026,2026-27,December,ATF,IMPORT,0.0,Thousand Metric Tonnes (TMT),PPAC,1787119551_PT_import.xls,PT_import,16,2026-08-21T15:32:19.177852+00:00,1.0
2027-01-01,2027,2026-27,January,ATF,IMPORT,0.0,Thousand Metric Tonnes (TMT),PPAC,1787119551_PT_import.xls,PT_import,16,2026-08-21T15:32:19.177852+00:00,1.0
2027-02-01,2027,2026-27,February,ATF,IMPORT,0.0,Thousand Metric Tonnes (TMT),PPAC,1787119551_PT_import.xls,PT_import,16,2026-08-21T15:32:19.177852+00:00,1.0
2027-03-01,2027,2026-27,March,ATF,IMPORT,0.0,Thousand Metric Tonnes (TMT),PPAC,1787119551_PT_import.xls,PT_import,16,2026-08-21T15:32:19.177852+00:00,1.0
2026-04-01,2026,2026-27,April,SKO,IMPORT,0.0,Thousand Metric Tonnes (TMT),PPAC,1787119551_PT_import.xls,PT_import,17,2026-08-21T15:32:19.177852+00:00,1.0
2026-05-01,2026,2026-27,May,SKO,IMPORT,0.0,Thousand Metric Tonnes (TMT),PPAC,1787119551_PT_import.xls,PT_import,17,2026-08-21T15:32:19.177852+00:00,1.0
2026-06-01,2026,2026-27,June,SKO,IMPORT,0.0,Thousand Metric Tonnes (TMT),PPAC,1787119551_PT_import.xls,PT_import,17,2026-08-21T15:32:19.177852+00:00,1.0
2026-07-01,2026,2026-27,July,SKO,IMPORT,0.0,Thousand Metric Tonnes (TMT),PPAC,1787119551_PT_import.xls,PT_import,17,2026-08-21T15:32:19.177852+00:00,1.0
2026-08-01,2026,2026-27,August,SKO,IMPORT,0.0,Thousand Metric Tonnes (TMT),PPAC,1787119551_PT_import.xls,PT_import,17,2026-08-21T15:32:19.177852+00:00,1.0
2026-09-01,2026,2026-27,September,SKO,IMPORT,0.0,Thousand Metric Tonnes (TMT),PPAC,1787119551_PT_import.xls,PT_import,17,2026-08-21T15:32:19.177852+00:00,1.0
2026-10-01,2026,2026-27,October,SKO,IMPORT,0.0,Thousand Metric Tonnes (TMT),PPAC,1787119551_PT_import.xls,PT_import,17,2026-08-21T15:32:19.177852+00:00,1.0
2026-11-01,2026,2026-27,November,SKO,IMPORT,0.0,Thousand Metric Tonnes (TMT),PPAC,1787119551_PT_import.xls,PT_import,17,2026-08-21T15:32:19.177852+00:00,1.0
2026-12-01,2026,2026-27,December,SKO,IMPORT,0.0,Thousand Metric Tonnes (TMT),PPAC,1787119551_PT_import.xls,PT_import,17,2026-08-21T15:32:19.177852+00:00,1.0
2027-01-01,2027,2026-27,January,SKO,IMPORT,0.0,Thousand Metric Tonnes (TMT),PPAC,1787119551_PT_import.xls,PT_import,17,2026-08-21T15:32:19.177852+00:00,1.0
2027-02-01,2027,2026-27,February,SKO,IMPORT,0.0,Thousand Metric Tonnes (TMT),PPAC,1787119551_PT_import.xls,PT_import,17,2026-08-21T15:32:19.177852+00:00,1.0
2027-03-01,2027,2026-27,March,SKO,IMPORT,0.0,Thousand Metric Tonnes (TMT),PPAC,1787119551_PT_import.xls,PT_import,17,2026-08-21T15:32:19.177852+00:00,1.0
2026-04-01,2026,2026-27,April,HSD,IMPORT,1.280519,Thousand Metric Tonnes (TMT),PPAC,1787119551_PT_import.xls,PT_import,18,2026-08-21T15:32:19.177852+00:00,1.0
2026-05-01,2026,2026-27,May,HSD,IMPORT,0.86858,Thousand Metric Tonnes (TMT),PPAC,1787119551_PT_import.xls,PT_import,18,2026-08-21T15:32:19.177852+00:00,1.0
2026-06-01,2026,2026-27,June,HSD,IMPORT,3.065878416666666,Thousand Metric Tonnes (TMT),PPAC,1787119551_PT_import.xls,PT_import,18,2026-08-21T15:32:19.177852+00:00,1.0
2026-07-01,2026,2026-27,July,HSD,IMPORT,3.065878416666666,Thousand Metric Tonnes (TMT),PPAC,1787119551_PT_import.xls,PT_import,18,2026-08-21T15:32:19.177852+00:00,1.0
2026-08-01,2026,2026-27,August,HSD,IMPORT,0.0,Thousand Metric Tonnes (TMT),PPAC,1787119551_PT_import.xls,PT_import,18,2026-08-21T15:32:19.177852+00:00,1.0
2026-09-01,2026,2026-27,September,HSD,IMPORT,0.0,Thousand Metric Tonnes (TMT),PPAC,1787119551_PT_import.xls,PT_import,18,2026-08-21T15:32:19.177852+00:00,1.0
2026-10-01,2026,2026-27,October,HSD,IMPORT,0.0,Thousand Metric Tonnes (TMT),PPAC,1787119551_PT_import.xls,PT_import,18,2026-08-21T15:32:19.177852+00:00,1.0
2026-11-01,2026,2026-27,November,HSD,IMPORT,0.0,Thousand Metric Tonnes (TMT),PPAC,1787119551_PT_import.xls,PT_import,18,2026-08-21T15:32:19.177852+00:00,1.0
2026-12-01,2026,2026-27,December,HSD,IMPORT,0.0,Thousand Metric Tonnes (TMT),PPAC,1787119551_PT_import.xls,PT_import,18,2026-08-21T15:32:19.177852+00:00,1.0
2027-01-01,2027,2026-27,January,HSD,IMPORT,0.0,Thousand Metric Tonnes (TMT),PPAC,1787119551_PT_import.xls,PT_import,18,2026-08-21T15:32:19.177852+00:00,1.0
2027-02-01,2027,2026-27,February,HSD,IMPORT,0.0,Thousand Metric Tonnes (TMT),PPAC,1787119551_PT_import.xls,PT_import,18,2026-08-21T15:32:19.177852+00:00,1.0
2027-03-01,2027,2026-27,March,HSD,IMPORT,0.0,Thousand Metric Tonnes (TMT),PPAC,1787119551_PT_import.xls,PT_import,18,2026-08-21T15:32:19.177852+00:00,1.0
2026-04-01,2026,2026-27,April,LOBS/ Lube oil,IMPORT,255.606721,Thousand Metric Tonnes (TMT),PPAC,1787119551_PT_import.xls,PT_import,19,2026-08-21T15:32:19.177852+00:00,1.0
2026-05-01,2026,2026-27,May,LOBS/ Lube oil,IMPORT,221.400313,Thousand Metric Tonnes (TMT),PPAC,1787119551_PT_import.xls,PT_import,19,2026-08-21T15:32:19.177852+00:00,1.0
2026-06-01,2026,2026-27,June,LOBS/ Lube oil,IMPORT,253.61589408333327,Thousand Metric Tonnes (TMT),PPAC,1787119551_PT_import.xls,PT_import,19,2026-08-21T15:32:19.177852+00:00,1.0
2026-07-01,2026,2026-27,July,LOBS/ Lube oil,IMPORT,251.64735408333328,Thousand Metric Tonnes (TMT),PPAC,1787119551_PT_import.xls,PT_import,19,2026-08-21T15:32:19.177852+00:00,1.0
2026-08-01,2026,2026-27,August,LOBS/ Lube oil,IMPORT,0.0,Thousand Metric Tonnes (TMT),PPAC,1787119551_PT_import.xls,PT_import,19,2026-08-21T15:32:19.177852+00:00,1.0
2026-09-01,2026,2026-27,September,LOBS/ Lube oil,IMPORT,0.0,Thousand Metric Tonnes (TMT),PPAC,1787119551_PT_import.xls,PT_import,19,2026-08-21T15:32:19.177852+00:00,1.0
2026-10-01,2026,2026-27,October,LOBS/ Lube oil,IMPORT,0.0,Thousand Metric Tonnes (TMT),PPAC,1787119551_PT_import.xls,PT_import,19,2026-08-21T15:32:19.177852+00:00,1.0
2026-11-01,2026,2026-27,November,LOBS/ Lube oil,IMPORT,0.0,Thousand Metric Tonnes (TMT),PPAC,1787119551_PT_import.xls,PT_import,19,2026-08-21T15:32:19.177852+00:00,1.0
2026-12-01,2026,2026-27,December,LOBS/ Lube oil,IMPORT,0.0,Thousand Metric Tonnes (TMT),PPAC,1787119551_PT_import.xls,PT_import,19,2026-08-21T15:32:19.177852+00:00,1.0
2027-01-01,2027,2026-27,January,LOBS/ Lube oil,IMPORT,0.0,Thousand Metric Tonnes (TMT),PPAC,1787119551_PT_import.xls,PT_import,19,2026-08-21T15:32:19.177852+00:00,1.0
2027-02-01,2027,2026-27,February,LOBS/ Lube oil,IMPORT,0.0,Thousand Metric Tonnes (TMT),PPAC,1787119551_PT_import.xls,PT_import,19,2026-08-21T15:32:19.177852+00:00,1.0
2027-03-01,2027,2026-27,March,LOBS/ Lube oil,IMPORT,0.0,Thousand Metric Tonnes (TMT),PPAC,1787119551_PT_import.xls,PT_import,19,2026-08-21T15:32:19.177852+00:00,1.0
2026-04-01,2026,2026-27,April,Fuel Oil,IMPORT,53.156861,Thousand Metric Tonnes (TMT),PPAC,1787119551_PT_import.xls,PT_import,20,2026-08-21T15:32:19.177852+00:00,1.0
2026-05-01,2026,2026-27,May,Fuel Oil,IMPORT,138.558615,Thousand Metric Tonnes (TMT),PPAC,1787119551_PT_import.xls,PT_import,20,2026-08-21T15:32:19.177852+00:00,1.0
2026-06-01,2026,2026-27,June,Fuel Oil,IMPORT,17.439341666666664,Thousand Metric Tonnes (TMT),PPAC,1787119551_PT_import.xls,PT_import,20,2026-08-21T15:32:19.177852+00:00,1.0
2026-07-01,2026,2026-27,July,Fuel Oil,IMPORT,232.98983166666665,Thousand Metric Tonnes (TMT),PPAC,1787119551_PT_import.xls,PT_import,20,2026-08-21T15:32:19.177852+00:00,1.0
2026-08-01,2026,2026-27,August,Fuel Oil,IMPORT,0.0,Thousand Metric Tonnes (TMT),PPAC,1787119551_PT_import.xls,PT_import,20,2026-08-21T15:32:19.177852+00:00,1.0
2026-09-01,2026,2026-27,September,Fuel Oil,IMPORT,0.0,Thousand Metric Tonnes (TMT),PPAC,1787119551_PT_import.xls,PT_import,20,2026-08-21T15:32:19.177852+00:00,1.0
2026-10-01,2026,2026-27,October,Fuel Oil,IMPORT,0.0,Thousand Metric Tonnes (TMT),PPAC,1787119551_PT_import.xls,PT_import,20,2026-08-21T15:32:19.177852+00:00,1.0
2026-11-01,2026,2026-27,November,Fuel Oil,IMPORT,0.0,Thousand Metric Tonnes (TMT),PPAC,1787119551_PT_import.xls,PT_import,20,2026-08-21T15:32:19.177852+00:00,1.0
2026-12-01,2026,2026-27,December,Fuel Oil,IMPORT,0.0,Thousand Metric Tonnes (TMT),PPAC,1787119551_PT_import.xls,PT_import,20,2026-08-21T15:32:19.177852+00:00,1.0
2027-01-01,2027,2026-27,January,Fuel Oil,IMPORT,0.0,Thousand Metric Tonnes (TMT),PPAC,1787119551_PT_import.xls,PT_import,20,2026-08-21T15:32:19.177852+00:00,1.0
2027-02-01,2027,2026-27,February,Fuel Oil,IMPORT,0.0,Thousand Metric Tonnes (TMT),PPAC,1787119551_PT_import.xls,PT_import,20,2026-08-21T15:32:19.177852+00:00,1.0
2027-03-01,2027,2026-27,March,Fuel Oil,IMPORT,0.0,Thousand Metric Tonnes (TMT),PPAC,1787119551_PT_import.xls,PT_import,20,2026-08-21T15:32:19.177852+00:00,1.0
2026-04-01,2026,2026-27,April,Bitumen,IMPORT,49.638306,Thousand Metric Tonnes (TMT),PPAC,1787119551_PT_import.xls,PT_import,21,2026-08-21T15:32:19.177852+00:00,1.0
2026-05-01,2026,2026-27,May,Bitumen,IMPORT,108.84670000000001,Thousand Metric Tonnes (TMT),PPAC,1787119551_PT_import.xls,PT_import,21,2026-08-21T15:32:19.177852+00:00,1.0
2026-06-01,2026,2026-27,June,Bitumen,IMPORT,197.32650825,Thousand Metric Tonnes (TMT),PPAC,1787119551_PT_import.xls,PT_import,21,2026-08-21T15:32:19.177852+00:00,1.0
2026-07-01,2026,2026-27,July,Bitumen,IMPORT,186.65650825,Thousand Metric Tonnes (TMT),PPAC,1787119551_PT_import.xls,PT_import,21,2026-08-21T15:32:19.177852+00:00,1.0
2026-08-01,2026,2026-27,August,Bitumen,IMPORT,0.0,Thousand Metric Tonnes (TMT),PPAC,1787119551_PT_import.xls,PT_import,21,2026-08-21T15:32:19.177852+00:00,1.0
2026-09-01,2026,2026-27,September,Bitumen,IMPORT,0.0,Thousand Metric Tonnes (TMT),PPAC,1787119551_PT_import.xls,PT_import,21,2026-08-21T15:32:19.177852+00:00,1.0
2026-10-01,2026,2026-27,October,Bitumen,IMPORT,0.0,Thousand Metric Tonnes (TMT),PPAC,1787119551_PT_import.xls,PT_import,21,2026-08-21T15:32:19.177852+00:00,1.0
2026-11-01,2026,2026-27,November,Bitumen,IMPORT,0.0,Thousand Metric Tonnes (TMT),PPAC,1787119551_PT_import.xls,PT_import,21,2026-08-21T15:32:19.177852+00:00,1.0
2026-12-01,2026,2026-27,December,Bitumen,IMPORT,0.0,Thousand Metric Tonnes (TMT),PPAC,1787119551_PT_import.xls,PT_import,21,2026-08-21T15:32:19.177852+00:00,1.0
2027-01-01,2027,2026-27,January,Bitumen,IMPORT,0.0,Thousand Metric Tonnes (TMT),PPAC,1787119551_PT_import.xls,PT_import,21,2026-08-21T15:32:19.177852+00:00,1.0
2027-02-01,2027,2026-27,February,Bitumen,IMPORT,0.0,Thousand Metric Tonnes (TMT),PPAC,1787119551_PT_import.xls,PT_import,21,2026-08-21T15:32:19.177852+00:00,1.0
2027-03-01,2027,2026-27,March,Bitumen,IMPORT,0.0,Thousand Metric Tonnes (TMT),PPAC,1787119551_PT_import.xls,PT_import,21,2026-08-21T15:32:19.177852+00:00,1.0
2026-04-01,2026,2026-27,April,Petcoke,IMPORT,493.453613,Thousand Metric Tonnes (TMT),PPAC,1787119551_PT_import.xls,PT_import,22,2026-08-21T15:32:19.177852+00:00,1.0
2026-05-01,2026,2026-27,May,Petcoke,IMPORT,254.183545,Thousand Metric Tonnes (TMT),PPAC,1787119551_PT_import.xls,PT_import,22,2026-08-21T15:32:19.177852+00:00,1.0
2026-06-01,2026,2026-27,June,Petcoke,IMPORT,727.6713189166667,Thousand Metric Tonnes (TMT),PPAC,1787119551_PT_import.xls,PT_import,22,2026-08-21T15:32:19.177852+00:00,1.0
2026-07-01,2026,2026-27,July,Petcoke,IMPORT,727.6713189166667,Thousand Metric Tonnes (TMT),PPAC,1787119551_PT_import.xls,PT_import,22,2026-08-21T15:32:19.177852+00:00,1.0
2026-08-01,2026,2026-27,August,Petcoke,IMPORT,0.0,Thousand Metric Tonnes (TMT),PPAC,1787119551_PT_import.xls,PT_import,22,2026-08-21T15:32:19.177852+00:00,1.0
2026-09-01,2026,2026-27,September,Petcoke,IMPORT,0.0,Thousand Metric Tonnes (TMT),PPAC,1787119551_PT_import.xls,PT_import,22,2026-08-21T15:32:19.177852+00:00,1.0
2026-10-01,2026,2026-27,October,Petcoke,IMPORT,0.0,Thousand Metric Tonnes (TMT),PPAC,1787119551_PT_import.xls,PT_import,22,2026-08-21T15:32:19.177852+00:00,1.0
2026-11-01,2026,2026-27,November,Petcoke,IMPORT,0.0,Thousand Metric Tonnes (TMT),PPAC,1787119551_PT_import.xls,PT_import,22,2026-08-21T15:32:19.177852+00:00,1.0
2026-12-01,2026,2026-27,December,Petcoke,IMPORT,0.0,Thousand Metric Tonnes (TMT),PPAC,1787119551_PT_import.xls,PT_import,22,2026-08-21T15:32:19.177852+00:00,1.0
2027-01-01,2027,2026-27,January,Petcoke,IMPORT,0.0,Thousand Metric Tonnes (TMT),PPAC,1787119551_PT_import.xls,PT_import,22,2026-08-21T15:32:19.177852+00:00,1.0
2027-02-01,2027,2026-27,February,Petcoke,IMPORT,0.0,Thousand Metric Tonnes (TMT),PPAC,1787119551_PT_import.xls,PT_import,22,2026-08-21T15:32:19.177852+00:00,1.0
2027-03-01,2027,2026-27,March,Petcoke,IMPORT,0.0,Thousand Metric Tonnes (TMT),PPAC,1787119551_PT_import.xls,PT_import,22,2026-08-21T15:32:19.177852+00:00,1.0
2026-04-01,2026,2026-27,April,Others&,IMPORT,146.428686,Thousand Metric Tonnes (TMT),PPAC,1787119551_PT_import.xls,PT_import,23,2026-08-21T15:32:19.177852+00:00,1.0
2026-05-01,2026,2026-27,May,Others&,IMPORT,249.786721,Thousand Metric Tonnes (TMT),PPAC,1787119551_PT_import.xls,PT_import,23,2026-08-21T15:32:19.177852+00:00,1.0
2026-06-01,2026,2026-27,June,Others&,IMPORT,251.8833018333333,Thousand Metric Tonnes (TMT),PPAC,1787119551_PT_import.xls,PT_import,23,2026-08-21T15:32:19.177852+00:00,1.0
2026-07-01,2026,2026-27,July,Others&,IMPORT,230.60145983333337,Thousand Metric Tonnes (TMT),PPAC,1787119551_PT_import.xls,PT_import,23,2026-08-21T15:32:19.177852+00:00,1.0
2026-08-01,2026,2026-27,August,Others&,IMPORT,0.0,Thousand Metric Tonnes (TMT),PPAC,1787119551_PT_import.xls,PT_import,23,2026-08-21T15:32:19.177852+00:00,1.0
2026-09-01,2026,2026-27,September,Others&,IMPORT,0.0,Thousand Metric Tonnes (TMT),PPAC,1787119551_PT_import.xls,PT_import,23,2026-08-21T15:32:19.177852+00:00,1.0
2026-10-01,2026,2026-27,October,Others&,IMPORT,0.0,Thousand Metric Tonnes (TMT),PPAC,1787119551_PT_import.xls,PT_import,23,2026-08-21T15:32:19.177852+00:00,1.0
2026-11-01,2026,2026-27,November,Others&,IMPORT,0.0,Thousand Metric Tonnes (TMT),PPAC,1787119551_PT_import.xls,PT_import,23,2026-08-21T15:32:19.177852+00:00,1.0
2026-12-01,2026,2026-27,December,Others&,IMPORT,0.0,Thousand Metric Tonnes (TMT),PPAC,1787119551_PT_import.xls,PT_import,23,2026-08-21T15:32:19.177852+00:00,1.0
2027-01-01,2027,2026-27,January,Others&,IMPORT,0.0,Thousand Metric Tonnes (TMT),PPAC,1787119551_PT_import.xls,PT_import,23,2026-08-21T15:32:19.177852+00:00,1.0
2027-02-01,2027,2026-27,February,Others&,IMPORT,0.0,Thousand Metric Tonnes (TMT),PPAC,1787119551_PT_import.xls,PT_import,23,2026-08-21T15:32:19.177852+00:00,1.0
2027-03-01,2027,2026-27,March,Others&,IMPORT,0.0,Thousand Metric Tonnes (TMT),PPAC,1787119551_PT_import.xls,PT_import,23,2026-08-21T15:32:19.177852+00:00,1.0
2026-04-01,2026,2026-27,April,LPG,EXPORT,35.34768,Thousand Metric Tonnes (TMT),PPAC,1787119551_PT_import.xls,PT_import,27,2026-08-21T15:32:19.177852+00:00,1.0
2026-05-01,2026,2026-27,May,LPG,EXPORT,29.20437,Thousand Metric Tonnes (TMT),PPAC,1787119551_PT_import.xls,PT_import,27,2026-08-21T15:32:19.177852+00:00,1.0
2026-06-01,2026,2026-27,June,LPG,EXPORT,44.23023,Thousand Metric Tonnes (TMT),PPAC,1787119551_PT_import.xls,PT_import,27,2026-08-21T15:32:19.177852+00:00,1.0
2026-07-01,2026,2026-27,July,LPG,EXPORT,48.06427,Thousand Metric Tonnes (TMT),PPAC,1787119551_PT_import.xls,PT_import,27,2026-08-21T15:32:19.177852+00:00,1.0
2026-08-01,2026,2026-27,August,LPG,EXPORT,0.0,Thousand Metric Tonnes (TMT),PPAC,1787119551_PT_import.xls,PT_import,27,2026-08-21T15:32:19.177852+00:00,1.0
2026-09-01,2026,2026-27,September,LPG,EXPORT,0.0,Thousand Metric Tonnes (TMT),PPAC,1787119551_PT_import.xls,PT_import,27,2026-08-21T15:32:19.177852+00:00,1.0
2026-10-01,2026,2026-27,October,LPG,EXPORT,0.0,Thousand Metric Tonnes (TMT),PPAC,1787119551_PT_import.xls,PT_import,27,2026-08-21T15:32:19.177852+00:00,1.0
2026-11-01,2026,2026-27,November,LPG,EXPORT,0.0,Thousand Metric Tonnes (TMT),PPAC,1787119551_PT_import.xls,PT_import,27,2026-08-21T15:32:19.177852+00:00,1.0
2026-12-01,2026,2026-27,December,LPG,EXPORT,0.0,Thousand Metric Tonnes (TMT),PPAC,1787119551_PT_import.xls,PT_import,27,2026-08-21T15:32:19.177852+00:00,1.0
2027-01-01,2027,2026-27,January,LPG,EXPORT,0.0,Thousand Metric Tonnes (TMT),PPAC,1787119551_PT_import.xls,PT_import,27,2026-08-21T15:32:19.177852+00:00,1.0
2027-02-01,2027,2026-27,February,LPG,EXPORT,0.0,Thousand Metric Tonnes (TMT),PPAC,1787119551_PT_import.xls,PT_import,27,2026-08-21T15:32:19.177852+00:00,1.0
2027-03-01,2027,2026-27,March,LPG,EXPORT,0.0,Thousand Metric Tonnes (TMT),PPAC,1787119551_PT_import.xls,PT_import,27,2026-08-21T15:32:19.177852+00:00,1.0
2026-04-01,2026,2026-27,April,MS!,EXPORT,886.6277731239406,Thousand Metric Tonnes (TMT),PPAC,1787119551_PT_import.xls,PT_import,28,2026-08-21T15:32:19.177852+00:00,1.0
2026-05-01,2026,2026-27,May,MS!,EXPORT,909.552381702282,Thousand Metric Tonnes (TMT),PPAC,1787119551_PT_import.xls,PT_import,28,2026-08-21T15:32:19.177852+00:00,1.0
2026-06-01,2026,2026-27,June,MS!,EXPORT,974.0068672959602,Thousand Metric Tonnes (TMT),PPAC,1787119551_PT_import.xls,PT_import,28,2026-08-21T15:32:19.177852+00:00,1.0
2026-07-01,2026,2026-27,July,MS!,EXPORT,1282.9220201311978,Thousand Metric Tonnes (TMT),PPAC,1787119551_PT_import.xls,PT_import,28,2026-08-21T15:32:19.177852+00:00,1.0
2026-08-01,2026,2026-27,August,MS!,EXPORT,0.0,Thousand Metric Tonnes (TMT),PPAC,1787119551_PT_import.xls,PT_import,28,2026-08-21T15:32:19.177852+00:00,1.0
2026-09-01,2026,2026-27,September,MS!,EXPORT,0.0,Thousand Metric Tonnes (TMT),PPAC,1787119551_PT_import.xls,PT_import,28,2026-08-21T15:32:19.177852+00:00,1.0
2026-10-01,2026,2026-27,October,MS!,EXPORT,0.0,Thousand Metric Tonnes (TMT),PPAC,1787119551_PT_import.xls,PT_import,28,2026-08-21T15:32:19.177852+00:00,1.0
2026-11-01,2026,2026-27,November,MS!,EXPORT,0.0,Thousand Metric Tonnes (TMT),PPAC,1787119551_PT_import.xls,PT_import,28,2026-08-21T15:32:19.177852+00:00,1.0
2026-12-01,2026,2026-27,December,MS!,EXPORT,0.0,Thousand Metric Tonnes (TMT),PPAC,1787119551_PT_import.xls,PT_import,28,2026-08-21T15:32:19.177852+00:00,1.0
2027-01-01,2027,2026-27,January,MS!,EXPORT,0.0,Thousand Metric Tonnes (TMT),PPAC,1787119551_PT_import.xls,PT_import,28,2026-08-21T15:32:19.177852+00:00,1.0
2027-02-01,2027,2026-27,February,MS!,EXPORT,0.0,Thousand Metric Tonnes (TMT),PPAC,1787119551_PT_import.xls,PT_import,28,2026-08-21T15:32:19.177852+00:00,1.0
2027-03-01,2027,2026-27,March,MS!,EXPORT,0.0,Thousand Metric Tonnes (TMT),PPAC,1787119551_PT_import.xls,PT_import,28,2026-08-21T15:32:19.177852+00:00,1.0
2026-04-01,2026,2026-27,April,Naphtha$,EXPORT,323.838872,Thousand Metric Tonnes (TMT),PPAC,1787119551_PT_import.xls,PT_import,29,2026-08-21T15:32:19.177852+00:00,1.0
2026-05-01,2026,2026-27,May,Naphtha$,EXPORT,532.1950979999999,Thousand Metric Tonnes (TMT),PPAC,1787119551_PT_import.xls,PT_import,29,2026-08-21T15:32:19.177852+00:00,1.0
2026-06-01,2026,2026-27,June,Naphtha$,EXPORT,414.169441,Thousand Metric Tonnes (TMT),PPAC,1787119551_PT_import.xls,PT_import,29,2026-08-21T15:32:19.177852+00:00,1.0
2026-07-01,2026,2026-27,July,Naphtha$,EXPORT,500.15387,Thousand Metric Tonnes (TMT),PPAC,1787119551_PT_import.xls,PT_import,29,2026-08-21T15:32:19.177852+00:00,1.0
2026-08-01,2026,2026-27,August,Naphtha$,EXPORT,0.0,Thousand Metric Tonnes (TMT),PPAC,1787119551_PT_import.xls,PT_import,29,2026-08-21T15:32:19.177852+00:00,1.0
2026-09-01,2026,2026-27,September,Naphtha$,EXPORT,0.0,Thousand Metric Tonnes (TMT),PPAC,1787119551_PT_import.xls,PT_import,29,2026-08-21T15:32:19.177852+00:00,1.0
2026-10-01,2026,2026-27,October,Naphtha$,EXPORT,0.0,Thousand Metric Tonnes (TMT),PPAC,1787119551_PT_import.xls,PT_import,29,2026-08-21T15:32:19.177852+00:00,1.0
2026-11-01,2026,2026-27,November,Naphtha$,EXPORT,0.0,Thousand Metric Tonnes (TMT),PPAC,1787119551_PT_import.xls,PT_import,29,2026-08-21T15:32:19.177852+00:00,1.0
2026-12-01,2026,2026-27,December,Naphtha$,EXPORT,0.0,Thousand Metric Tonnes (TMT),PPAC,1787119551_PT_import.xls,PT_import,29,2026-08-21T15:32:19.177852+00:00,1.0
2027-01-01,2027,2026-27,January,Naphtha$,EXPORT,0.0,Thousand Metric Tonnes (TMT),PPAC,1787119551_PT_import.xls,PT_import,29,2026-08-21T15:32:19.177852+00:00,1.0
2027-02-01,2027,2026-27,February,Naphtha$,EXPORT,0.0,Thousand Metric Tonnes (TMT),PPAC,1787119551_PT_import.xls,PT_import,29,2026-08-21T15:32:19.177852+00:00,1.0
2027-03-01,2027,2026-27,March,Naphtha$,EXPORT,0.0,Thousand Metric Tonnes (TMT),PPAC,1787119551_PT_import.xls,PT_import,29,2026-08-21T15:32:19.177852+00:00,1.0
2026-04-01,2026,2026-27,April,ATF#,EXPORT,426.4697309999998,Thousand Metric Tonnes (TMT),PPAC,1787119551_PT_import.xls,PT_import,30,2026-08-21T15:32:19.177852+00:00,1.0
2026-05-01,2026,2026-27,May,ATF#,EXPORT,468.89722700000004,Thousand Metric Tonnes (TMT),PPAC,1787119551_PT_import.xls,PT_import,30,2026-08-21T15:32:19.177852+00:00,1.0
2026-06-01,2026,2026-27,June,ATF#,EXPORT,413.89682200000004,Thousand Metric Tonnes (TMT),PPAC,1787119551_PT_import.xls,PT_import,30,2026-08-21T15:32:19.177852+00:00,1.0
2026-07-01,2026,2026-27,July,ATF#,EXPORT,438.5092630000001,Thousand Metric Tonnes (TMT),PPAC,1787119551_PT_import.xls,PT_import,30,2026-08-21T15:32:19.177852+00:00,1.0
2026-08-01,2026,2026-27,August,ATF#,EXPORT,0.0,Thousand Metric Tonnes (TMT),PPAC,1787119551_PT_import.xls,PT_import,30,2026-08-21T15:32:19.177852+00:00,1.0
2026-09-01,2026,2026-27,September,ATF#,EXPORT,0.0,Thousand Metric Tonnes (TMT),PPAC,1787119551_PT_import.xls,PT_import,30,2026-08-21T15:32:19.177852+00:00,1.0
2026-10-01,2026,2026-27,October,ATF#,EXPORT,0.0,Thousand Metric Tonnes (TMT),PPAC,1787119551_PT_import.xls,PT_import,30,2026-08-21T15:32:19.177852+00:00,1.0
2026-11-01,2026,2026-27,November,ATF#,EXPORT,0.0,Thousand Metric Tonnes (TMT),PPAC,1787119551_PT_import.xls,PT_import,30,2026-08-21T15:32:19.177852+00:00,1.0
2026-12-01,2026,2026-27,December,ATF#,EXPORT,0.0,Thousand Metric Tonnes (TMT),PPAC,1787119551_PT_import.xls,PT_import,30,2026-08-21T15:32:19.177852+00:00,1.0
2027-01-01,2027,2026-27,January,ATF#,EXPORT,0.0,Thousand Metric Tonnes (TMT),PPAC,1787119551_PT_import.xls,PT_import,30,2026-08-21T15:32:19.177852+00:00,1.0
2027-02-01,2027,2026-27,February,ATF#,EXPORT,0.0,Thousand Metric Tonnes (TMT),PPAC,1787119551_PT_import.xls,PT_import,30,2026-08-21T15:32:19.177852+00:00,1.0
2027-03-01,2027,2026-27,March,ATF#,EXPORT,0.0,Thousand Metric Tonnes (TMT),PPAC,1787119551_PT_import.xls,PT_import,30,2026-08-21T15:32:19.177852+00:00,1.0
2026-04-01,2026,2026-27,April,SKO,EXPORT,0.63,Thousand Metric Tonnes (TMT),PPAC,1787119551_PT_import.xls,PT_import,31,2026-08-21T15:32:19.177852+00:00,1.0
2026-05-01,2026,2026-27,May,SKO,EXPORT,0.72,Thousand Metric Tonnes (TMT),PPAC,1787119551_PT_import.xls,PT_import,31,2026-08-21T15:32:19.177852+00:00,1.0
2026-06-01,2026,2026-27,June,SKO,EXPORT,1.5499999999999998,Thousand Metric Tonnes (TMT),PPAC,1787119551_PT_import.xls,PT_import,31,2026-08-21T15:32:19.177852+00:00,1.0
2026-07-01,2026,2026-27,July,SKO,EXPORT,1.63,Thousand Metric Tonnes (TMT),PPAC,1787119551_PT_import.xls,PT_import,31,2026-08-21T15:32:19.177852+00:00,1.0
2026-08-01,2026,2026-27,August,SKO,EXPORT,0.0,Thousand Metric Tonnes (TMT),PPAC,1787119551_PT_import.xls,PT_import,31,2026-08-21T15:32:19.177852+00:00,1.0
2026-09-01,2026,2026-27,September,SKO,EXPORT,0.0,Thousand Metric Tonnes (TMT),PPAC,1787119551_PT_import.xls,PT_import,31,2026-08-21T15:32:19.177852+00:00,1.0
2026-10-01,2026,2026-27,October,SKO,EXPORT,0.0,Thousand Metric Tonnes (TMT),PPAC,1787119551_PT_import.xls,PT_import,31,2026-08-21T15:32:19.177852+00:00,1.0
2026-11-01,2026,2026-27,November,SKO,EXPORT,0.0,Thousand Metric Tonnes (TMT),PPAC,1787119551_PT_import.xls,PT_import,31,2026-08-21T15:32:19.177852+00:00,1.0
2026-12-01,2026,2026-27,December,SKO,EXPORT,0.0,Thousand Metric Tonnes (TMT),PPAC,1787119551_PT_import.xls,PT_import,31,2026-08-21T15:32:19.177852+00:00,1.0
2027-01-01,2027,2026-27,January,SKO,EXPORT,0.0,Thousand Metric Tonnes (TMT),PPAC,1787119551_PT_import.xls,PT_import,31,2026-08-21T15:32:19.177852+00:00,1.0
2027-02-01,2027,2026-27,February,SKO,EXPORT,0.0,Thousand Metric Tonnes (TMT),PPAC,1787119551_PT_import.xls,PT_import,31,2026-08-21T15:32:19.177852+00:00,1.0
2027-03-01,2027,2026-27,March,SKO,EXPORT,0.0,Thousand Metric Tonnes (TMT),PPAC,1787119551_PT_import.xls,PT_import,31,2026-08-21T15:32:19.177852+00:00,1.0
2026-04-01,2026,2026-27,April,HSD,EXPORT,1627.0728563611572,Thousand Metric Tonnes (TMT),PPAC,1787119551_PT_import.xls,PT_import,32,2026-08-21T15:32:19.177852+00:00,1.0
2026-05-01,2026,2026-27,May,HSD,EXPORT,1483.8585460913225,Thousand Metric Tonnes (TMT),PPAC,1787119551_PT_import.xls,PT_import,32,2026-08-21T15:32:19.177852+00:00,1.0
2026-06-01,2026,2026-27,June,HSD,EXPORT,1338.7423135338843,Thousand Metric Tonnes (TMT),PPAC,1787119551_PT_import.xls,PT_import,32,2026-08-21T15:32:19.177852+00:00,1.0
2026-07-01,2026,2026-27,July,HSD,EXPORT,2437.980514834711,Thousand Metric Tonnes (TMT),PPAC,1787119551_PT_import.xls,PT_import,32,2026-08-21T15:32:19.177852+00:00,1.0
2026-08-01,2026,2026-27,August,HSD,EXPORT,0.0,Thousand Metric Tonnes (TMT),PPAC,1787119551_PT_import.xls,PT_import,32,2026-08-21T15:32:19.177852+00:00,1.0
2026-09-01,2026,2026-27,September,HSD,EXPORT,0.0,Thousand Metric Tonnes (TMT),PPAC,1787119551_PT_import.xls,PT_import,32,2026-08-21T15:32:19.177852+00:00,1.0
2026-10-01,2026,2026-27,October,HSD,EXPORT,0.0,Thousand Metric Tonnes (TMT),PPAC,1787119551_PT_import.xls,PT_import,32,2026-08-21T15:32:19.177852+00:00,1.0
2026-11-01,2026,2026-27,November,HSD,EXPORT,0.0,Thousand Metric Tonnes (TMT),PPAC,1787119551_PT_import.xls,PT_import,32,2026-08-21T15:32:19.177852+00:00,1.0
2026-12-01,2026,2026-27,December,HSD,EXPORT,0.0,Thousand Metric Tonnes (TMT),PPAC,1787119551_PT_import.xls,PT_import,32,2026-08-21T15:32:19.177852+00:00,1.0
2027-01-01,2027,2026-27,January,HSD,EXPORT,0.0,Thousand Metric Tonnes (TMT),PPAC,1787119551_PT_import.xls,PT_import,32,2026-08-21T15:32:19.177852+00:00,1.0
2027-02-01,2027,2026-27,February,HSD,EXPORT,0.0,Thousand Metric Tonnes (TMT),PPAC,1787119551_PT_import.xls,PT_import,32,2026-08-21T15:32:19.177852+00:00,1.0
2027-03-01,2027,2026-27,March,HSD,EXPORT,0.0,Thousand Metric Tonnes (TMT),PPAC,1787119551_PT_import.xls,PT_import,32,2026-08-21T15:32:19.177852+00:00,1.0
2026-04-01,2026,2026-27,April,LDO,EXPORT,0.0,Thousand Metric Tonnes (TMT),PPAC,1787119551_PT_import.xls,PT_import,33,2026-08-21T15:32:19.177852+00:00,1.0
2026-05-01,2026,2026-27,May,LDO,EXPORT,0.0,Thousand Metric Tonnes (TMT),PPAC,1787119551_PT_import.xls,PT_import,33,2026-08-21T15:32:19.177852+00:00,1.0
2026-06-01,2026,2026-27,June,LDO,EXPORT,0.0,Thousand Metric Tonnes (TMT),PPAC,1787119551_PT_import.xls,PT_import,33,2026-08-21T15:32:19.177852+00:00,1.0
2026-07-01,2026,2026-27,July,LDO,EXPORT,0.0,Thousand Metric Tonnes (TMT),PPAC,1787119551_PT_import.xls,PT_import,33,2026-08-21T15:32:19.177852+00:00,1.0
2026-08-01,2026,2026-27,August,LDO,EXPORT,0.0,Thousand Metric Tonnes (TMT),PPAC,1787119551_PT_import.xls,PT_import,33,2026-08-21T15:32:19.177852+00:00,1.0
2026-09-01,2026,2026-27,September,LDO,EXPORT,0.0,Thousand Metric Tonnes (TMT),PPAC,1787119551_PT_import.xls,PT_import,33,2026-08-21T15:32:19.177852+00:00,1.0
2026-10-01,2026,2026-27,October,LDO,EXPORT,0.0,Thousand Metric Tonnes (TMT),PPAC,1787119551_PT_import.xls,PT_import,33,2026-08-21T15:32:19.177852+00:00,1.0
2026-11-01,2026,2026-27,November,LDO,EXPORT,0.0,Thousand Metric Tonnes (TMT),PPAC,1787119551_PT_import.xls,PT_import,33,2026-08-21T15:32:19.177852+00:00,1.0
2026-12-01,2026,2026-27,December,LDO,EXPORT,0.0,Thousand Metric Tonnes (TMT),PPAC,1787119551_PT_import.xls,PT_import,33,2026-08-21T15:32:19.177852+00:00,1.0
2027-01-01,2027,2026-27,January,LDO,EXPORT,0.0,Thousand Metric Tonnes (TMT),PPAC,1787119551_PT_import.xls,PT_import,33,2026-08-21T15:32:19.177852+00:00,1.0
2027-02-01,2027,2026-27,February,LDO,EXPORT,0.0,Thousand Metric Tonnes (TMT),PPAC,1787119551_PT_import.xls,PT_import,33,2026-08-21T15:32:19.177852+00:00,1.0
2027-03-01,2027,2026-27,March,LDO,EXPORT,0.0,Thousand Metric Tonnes (TMT),PPAC,1787119551_PT_import.xls,PT_import,33,2026-08-21T15:32:19.177852+00:00,1.0
2026-04-01,2026,2026-27,April,LOBS/ Lube Oil,EXPORT,0.5547782890754038,Thousand Metric Tonnes (TMT),PPAC,1787119551_PT_import.xls,PT_import,34,2026-08-21T15:32:19.177852+00:00,1.0
2026-05-01,2026,2026-27,May,LOBS/ Lube Oil,EXPORT,0.31774460422980244,Thousand Metric Tonnes (TMT),PPAC,1787119551_PT_import.xls,PT_import,34,2026-08-21T15:32:19.177852+00:00,1.0
2026-06-01,2026,2026-27,June,LOBS/ Lube Oil,EXPORT,2.0540921451723513,Thousand Metric Tonnes (TMT),PPAC,1787119551_PT_import.xls,PT_import,34,2026-08-21T15:32:19.177852+00:00,1.0
2026-07-01,2026,2026-27,July,LOBS/ Lube Oil,EXPORT,7.264267557854576,Thousand Metric Tonnes (TMT),PPAC,1787119551_PT_import.xls,PT_import,34,2026-08-21T15:32:19.177852+00:00,1.0
2026-08-01,2026,2026-27,August,LOBS/ Lube Oil,EXPORT,0.0,Thousand Metric Tonnes (TMT),PPAC,1787119551_PT_import.xls,PT_import,34,2026-08-21T15:32:19.177852+00:00,1.0
2026-09-01,2026,2026-27,September,LOBS/ Lube Oil,EXPORT,0.0,Thousand Metric Tonnes (TMT),PPAC,1787119551_PT_import.xls,PT_import,34,2026-08-21T15:32:19.177852+00:00,1.0
2026-10-01,2026,2026-27,October,LOBS/ Lube Oil,EXPORT,0.0,Thousand Metric Tonnes (TMT),PPAC,1787119551_PT_import.xls,PT_import,34,2026-08-21T15:32:19.177852+00:00,1.0
2026-11-01,2026,2026-27,November,LOBS/ Lube Oil,EXPORT,0.0,Thousand Metric Tonnes (TMT),PPAC,1787119551_PT_import.xls,PT_import,34,2026-08-21T15:32:19.177852+00:00,1.0
2026-12-01,2026,2026-27,December,LOBS/ Lube Oil,EXPORT,0.0,Thousand Metric Tonnes (TMT),PPAC,1787119551_PT_import.xls,PT_import,34,2026-08-21T15:32:19.177852+00:00,1.0
2027-01-01,2027,2026-27,January,LOBS/ Lube Oil,EXPORT,0.0,Thousand Metric Tonnes (TMT),PPAC,1787119551_PT_import.xls,PT_import,34,2026-08-21T15:32:19.177852+00:00,1.0
2027-02-01,2027,2026-27,February,LOBS/ Lube Oil,EXPORT,0.0,Thousand Metric Tonnes (TMT),PPAC,1787119551_PT_import.xls,PT_import,34,2026-08-21T15:32:19.177852+00:00,1.0
2027-03-01,2027,2026-27,March,LOBS/ Lube Oil,EXPORT,0.0,Thousand Metric Tonnes (TMT),PPAC,1787119551_PT_import.xls,PT_import,34,2026-08-21T15:32:19.177852+00:00,1.0
2026-04-01,2026,2026-27,April,Fuel Oil,EXPORT,138.040617,Thousand Metric Tonnes (TMT),PPAC,1787119551_PT_import.xls,PT_import,35,2026-08-21T15:32:19.177852+00:00,1.0
2026-05-01,2026,2026-27,May,Fuel Oil,EXPORT,214.29185100000004,Thousand Metric Tonnes (TMT),PPAC,1787119551_PT_import.xls,PT_import,35,2026-08-21T15:32:19.177852+00:00,1.0
2026-06-01,2026,2026-27,June,Fuel Oil,EXPORT,286.84208600000005,Thousand Metric Tonnes (TMT),PPAC,1787119551_PT_import.xls,PT_import,35,2026-08-21T15:32:19.177852+00:00,1.0
2026-07-01,2026,2026-27,July,Fuel Oil,EXPORT,423.70028,Thousand Metric Tonnes (TMT),PPAC,1787119551_PT_import.xls,PT_import,35,2026-08-21T15:32:19.177852+00:00,1.0
2026-08-01,2026,2026-27,August,Fuel Oil,EXPORT,0.0,Thousand Metric Tonnes (TMT),PPAC,1787119551_PT_import.xls,PT_import,35,2026-08-21T15:32:19.177852+00:00,1.0
2026-09-01,2026,2026-27,September,Fuel Oil,EXPORT,0.0,Thousand Metric Tonnes (TMT),PPAC,1787119551_PT_import.xls,PT_import,35,2026-08-21T15:32:19.177852+00:00,1.0
2026-10-01,2026,2026-27,October,Fuel Oil,EXPORT,0.0,Thousand Metric Tonnes (TMT),PPAC,1787119551_PT_import.xls,PT_import,35,2026-08-21T15:32:19.177852+00:00,1.0
2026-11-01,2026,2026-27,November,Fuel Oil,EXPORT,0.0,Thousand Metric Tonnes (TMT),PPAC,1787119551_PT_import.xls,PT_import,35,2026-08-21T15:32:19.177852+00:00,1.0
2026-12-01,2026,2026-27,December,Fuel Oil,EXPORT,0.0,Thousand Metric Tonnes (TMT),PPAC,1787119551_PT_import.xls,PT_import,35,2026-08-21T15:32:19.177852+00:00,1.0
2027-01-01,2027,2026-27,January,Fuel Oil,EXPORT,0.0,Thousand Metric Tonnes (TMT),PPAC,1787119551_PT_import.xls,PT_import,35,2026-08-21T15:32:19.177852+00:00,1.0
2027-02-01,2027,2026-27,February,Fuel Oil,EXPORT,0.0,Thousand Metric Tonnes (TMT),PPAC,1787119551_PT_import.xls,PT_import,35,2026-08-21T15:32:19.177852+00:00,1.0
2027-03-01,2027,2026-27,March,Fuel Oil,EXPORT,0.0,Thousand Metric Tonnes (TMT),PPAC,1787119551_PT_import.xls,PT_import,35,2026-08-21T15:32:19.177852+00:00,1.0
2026-04-01,2026,2026-27,April,Bitumen,EXPORT,0.70606,Thousand Metric Tonnes (TMT),PPAC,1787119551_PT_import.xls,PT_import,36,2026-08-21T15:32:19.177852+00:00,1.0
2026-05-01,2026,2026-27,May,Bitumen,EXPORT,0.06183,Thousand Metric Tonnes (TMT),PPAC,1787119551_PT_import.xls,PT_import,36,2026-08-21T15:32:19.177852+00:00,1.0
2026-06-01,2026,2026-27,June,Bitumen,EXPORT,0.82067,Thousand Metric Tonnes (TMT),PPAC,1787119551_PT_import.xls,PT_import,36,2026-08-21T15:32:19.177852+00:00,1.0
2026-07-01,2026,2026-27,July,Bitumen,EXPORT,1.36124,Thousand Metric Tonnes (TMT),PPAC,1787119551_PT_import.xls,PT_import,36,2026-08-21T15:32:19.177852+00:00,1.0
2026-08-01,2026,2026-27,August,Bitumen,EXPORT,0.0,Thousand Metric Tonnes (TMT),PPAC,1787119551_PT_import.xls,PT_import,36,2026-08-21T15:32:19.177852+00:00,1.0
2026-09-01,2026,2026-27,September,Bitumen,EXPORT,0.0,Thousand Metric Tonnes (TMT),PPAC,1787119551_PT_import.xls,PT_import,36,2026-08-21T15:32:19.177852+00:00,1.0
2026-10-01,2026,2026-27,October,Bitumen,EXPORT,0.0,Thousand Metric Tonnes (TMT),PPAC,1787119551_PT_import.xls,PT_import,36,2026-08-21T15:32:19.177852+00:00,1.0
2026-11-01,2026,2026-27,November,Bitumen,EXPORT,0.0,Thousand Metric Tonnes (TMT),PPAC,1787119551_PT_import.xls,PT_import,36,2026-08-21T15:32:19.177852+00:00,1.0
2026-12-01,2026,2026-27,December,Bitumen,EXPORT,0.0,Thousand Metric Tonnes (TMT),PPAC,1787119551_PT_import.xls,PT_import,36,2026-08-21T15:32:19.177852+00:00,1.0
2027-01-01,2027,2026-27,January,Bitumen,EXPORT,0.0,Thousand Metric Tonnes (TMT),PPAC,1787119551_PT_import.xls,PT_import,36,2026-08-21T15:32:19.177852+00:00,1.0
2027-02-01,2027,2026-27,February,Bitumen,EXPORT,0.0,Thousand Metric Tonnes (TMT),PPAC,1787119551_PT_import.xls,PT_import,36,2026-08-21T15:32:19.177852+00:00,1.0
2027-03-01,2027,2026-27,March,Bitumen,EXPORT,0.0,Thousand Metric Tonnes (TMT),PPAC,1787119551_PT_import.xls,PT_import,36,2026-08-21T15:32:19.177852+00:00,1.0
2026-04-01,2026,2026-27,April,Petcoke / CBFS,EXPORT,11.12,Thousand Metric Tonnes (TMT),PPAC,1787119551_PT_import.xls,PT_import,37,2026-08-21T15:32:19.177852+00:00,1.0
2026-05-01,2026,2026-27,May,Petcoke / CBFS,EXPORT,0.18,Thousand Metric Tonnes (TMT),PPAC,1787119551_PT_import.xls,PT_import,37,2026-08-21T15:32:19.177852+00:00,1.0
2026-06-01,2026,2026-27,June,Petcoke / CBFS,EXPORT,0.36,Thousand Metric Tonnes (TMT),PPAC,1787119551_PT_import.xls,PT_import,37,2026-08-21T15:32:19.177852+00:00,1.0
2026-07-01,2026,2026-27,July,Petcoke / CBFS,EXPORT,243.141799,Thousand Metric Tonnes (TMT),PPAC,1787119551_PT_import.xls,PT_import,37,2026-08-21T15:32:19.177852+00:00,1.0
2026-08-01,2026,2026-27,August,Petcoke / CBFS,EXPORT,0.0,Thousand Metric Tonnes (TMT),PPAC,1787119551_PT_import.xls,PT_import,37,2026-08-21T15:32:19.177852+00:00,1.0
2026-09-01,2026,2026-27,September,Petcoke / CBFS,EXPORT,0.0,Thousand Metric Tonnes (TMT),PPAC,1787119551_PT_import.xls,PT_import,37,2026-08-21T15:32:19.177852+00:00,1.0
2026-10-01,2026,2026-27,October,Petcoke / CBFS,EXPORT,0.0,Thousand Metric Tonnes (TMT),PPAC,1787119551_PT_import.xls,PT_import,37,2026-08-21T15:32:19.177852+00:00,1.0
2026-11-01,2026,2026-27,November,Petcoke / CBFS,EXPORT,0.0,Thousand Metric Tonnes (TMT),PPAC,1787119551_PT_import.xls,PT_import,37,2026-08-21T15:32:19.177852+00:00,1.0
2026-12-01,2026,2026-27,December,Petcoke / CBFS,EXPORT,0.0,Thousand Metric Tonnes (TMT),PPAC,1787119551_PT_import.xls,PT_import,37,2026-08-21T15:32:19.177852+00:00,1.0
2027-01-01,2027,2026-27,January,Petcoke / CBFS,EXPORT,0.0,Thousand Metric Tonnes (TMT),PPAC,1787119551_PT_import.xls,PT_import,37,2026-08-21T15:32:19.177852+00:00,1.0
2027-02-01,2027,2026-27,February,Petcoke / CBFS,EXPORT,0.0,Thousand Metric Tonnes (TMT),PPAC,1787119551_PT_import.xls,PT_import,37,2026-08-21T15:32:19.177852+00:00,1.0
2027-03-01,2027,2026-27,March,Petcoke / CBFS,EXPORT,0.0,Thousand Metric Tonnes (TMT),PPAC,1787119551_PT_import.xls,PT_import,37,2026-08-21T15:32:19.177852+00:00,1.0
2026-04-01,2026,2026-27,April,Others%,EXPORT,67.904087,Thousand Metric Tonnes (TMT),PPAC,1787119551_PT_import.xls,PT_import,38,2026-08-21T15:32:19.177852+00:00,1.0
2026-05-01,2026,2026-27,May,Others%,EXPORT,101.30529200000001,Thousand Metric Tonnes (TMT),PPAC,1787119551_PT_import.xls,PT_import,38,2026-08-21T15:32:19.177852+00:00,1.0
2026-06-01,2026,2026-27,June,Others%,EXPORT,356.15636599999993,Thousand Metric Tonnes (TMT),PPAC,1787119551_PT_import.xls,PT_import,38,2026-08-21T15:32:19.177852+00:00,1.0
2026-07-01,2026,2026-27,July,Others%,EXPORT,65.421408,Thousand Metric Tonnes (TMT),PPAC,1787119551_PT_import.xls,PT_import,38,2026-08-21T15:32:19.177852+00:00,1.0
2026-08-01,2026,2026-27,August,Others%,EXPORT,0.0,Thousand Metric Tonnes (TMT),PPAC,1787119551_PT_import.xls,PT_import,38,2026-08-21T15:32:19.177852+00:00,1.0
2026-09-01,2026,2026-27,September,Others%,EXPORT,0.0,Thousand Metric Tonnes (TMT),PPAC,1787119551_PT_import.xls,PT_import,38,2026-08-21T15:32:19.177852+00:00,1.0
2026-10-01,2026,2026-27,October,Others%,EXPORT,0.0,Thousand Metric Tonnes (TMT),PPAC,1787119551_PT_import.xls,PT_import,38,2026-08-21T15:32:19.177852+00:00,1.0
2026-11-01,2026,2026-27,November,Others%,EXPORT,0.0,Thousand Metric Tonnes (TMT),PPAC,1787119551_PT_import.xls,PT_import,38,2026-08-21T15:32:19.177852+00:00,1.0
2026-12-01,2026,2026-27,December,Others%,EXPORT,0.0,Thousand Metric Tonnes (TMT),PPAC,1787119551_PT_import.xls,PT_import,38,2026-08-21T15:32:19.177852+00:00,1.0
2027-01-01,2027,2026-27,January,Others%,EXPORT,0.0,Thousand Metric Tonnes (TMT),PPAC,1787119551_PT_import.xls,PT_import,38,2026-08-21T15:32:19.177852+00:00,1.0
2027-02-01,2027,2026-27,February,Others%,EXPORT,0.0,Thousand Metric Tonnes (TMT),PPAC,1787119551_PT_import.xls,PT_import,38,2026-08-21T15:32:19.177852+00:00,1.0
2027-03-01,2027,2026-27,March,Others%,EXPORT,0.0,Thousand Metric Tonnes (TMT),PPAC,1787119551_PT_import.xls,PT_import,38,2026-08-21T15:32:19.177852+00:00,1.0
