date,calendar_year,financial_year,month,product,flow_type,value_inr_crores,value_usd_million,source,source_file_inr,source_sheet_inr,source_row_inr,source_file_usd,source_sheet_usd,source_row_usd,ingestion_timestamp,transformation_version
2011-04-01,2011,2011-12,April,ATF,IMPORT,0.0,0.0,PPAC,1751964598_PT_IMPORT_VAL_RS.CRS._H.xlsx,PT_IMPORT_VALRS_H 2011-12,16.0,1751964622_PT_IMPORT_VAL_US$_H.xlsx,PT_IMPORT_VAL$_H_2011-12,16.0,2026-08-21T15:32:19.538410+00:00,1.0
2011-04-01,2011,2011-12,April,ATF#,EXPORT,1425.3400000000001,321.95275368797496,PPAC,1751964598_PT_IMPORT_VAL_RS.CRS._H.xlsx,PT_IMPORT_VALRS_H 2011-12,29.0,1751964622_PT_IMPORT_VAL_US$_H.xlsx,PT_IMPORT_VAL$_H_2011-12,29.0,2026-08-21T15:32:19.538410+00:00,1.0
2011-04-01,2011,2011-12,April,Bitumen,EXPORT,8.652598862,1.9318148832328599,PPAC,1751964598_PT_IMPORT_VAL_RS.CRS._H.xlsx,PT_IMPORT_VALRS_H 2011-12,35.0,1751964622_PT_IMPORT_VAL_US$_H.xlsx,PT_IMPORT_VAL$_H_2011-12,35.0,2026-08-21T15:32:19.538410+00:00,1.0
2011-04-01,2011,2011-12,April,Bitumen,IMPORT,15.6622943,3.5007363209655784,PPAC,1751964598_PT_IMPORT_VAL_RS.CRS._H.xlsx,PT_IMPORT_VALRS_H 2011-12,21.0,1751964622_PT_IMPORT_VAL_US$_H.xlsx,PT_IMPORT_VAL$_H_2011-12,21.0,2026-08-21T15:32:19.538410+00:00,1.0
2011-04-01,2011,2011-12,April,CRUDE OIL,IMPORT,60453.029132742726,13511.412841489051,PPAC,1751964598_PT_IMPORT_VAL_RS.CRS._H.xlsx,PT_IMPORT_VALRS_H 2011-12,11.0,1751964622_PT_IMPORT_VAL_US$_H.xlsx,PT_IMPORT_VAL$_H_2011-12,11.0,2026-08-21T15:32:19.538410+00:00,1.0
2011-04-01,2011,2011-12,April,Fuel Oil,EXPORT,1186.6190670467504,266.2587765002526,PPAC,1751964598_PT_IMPORT_VAL_RS.CRS._H.xlsx,PT_IMPORT_VALRS_H 2011-12,34.0,1751964622_PT_IMPORT_VAL_US$_H.xlsx,PT_IMPORT_VAL$_H_2011-12,34.0,2026-08-21T15:32:19.538410+00:00,1.0
2011-04-01,2011,2011-12,April,Fuel Oil,IMPORT,318.6720379,71.07339782826229,PPAC,1751964598_PT_IMPORT_VAL_RS.CRS._H.xlsx,PT_IMPORT_VALRS_H 2011-12,20.0,1751964622_PT_IMPORT_VAL_US$_H.xlsx,PT_IMPORT_VAL$_H_2011-12,20.0,2026-08-21T15:32:19.538410+00:00,1.0
2011-04-01,2011,2011-12,April,HSD,EXPORT,7267.679301712417,1616.247943641007,PPAC,1751964598_PT_IMPORT_VAL_RS.CRS._H.xlsx,PT_IMPORT_VALRS_H 2011-12,31.0,1751964622_PT_IMPORT_VAL_US$_H.xlsx,PT_IMPORT_VAL$_H_2011-12,31.0,2026-08-21T15:32:19.538410+00:00,1.0
2011-04-01,2011,2011-12,April,HSD,IMPORT,2463.9830716890006,551.0485974970593,PPAC,1751964598_PT_IMPORT_VAL_RS.CRS._H.xlsx,PT_IMPORT_VALRS_H 2011-12,18.0,1751964622_PT_IMPORT_VAL_US$_H.xlsx,PT_IMPORT_VAL$_H_2011-12,18.0,2026-08-21T15:32:19.538410+00:00,1.0
2011-04-01,2011,2011-12,April,LDO,EXPORT,32.33,7.23,PPAC,1751964598_PT_IMPORT_VAL_RS.CRS._H.xlsx,PT_IMPORT_VALRS_H 2011-12,32.0,1751964622_PT_IMPORT_VAL_US$_H.xlsx,PT_IMPORT_VAL$_H_2011-12,32.0,2026-08-21T15:32:19.538410+00:00,1.0
2011-04-01,2011,2011-12,April,LOBS/ Lube Oil,EXPORT,1.3113432660000002,0.2927759022103148,PPAC,1751964598_PT_IMPORT_VAL_RS.CRS._H.xlsx,PT_IMPORT_VALRS_H 2011-12,33.0,1751964622_PT_IMPORT_VAL_US$_H.xlsx,PT_IMPORT_VAL$_H_2011-12,33.0,2026-08-21T15:32:19.538410+00:00,1.0
2011-04-01,2011,2011-12,April,LOBS/ Lube oil,IMPORT,598.185659,133.70265064818952,PPAC,1751964598_PT_IMPORT_VAL_RS.CRS._H.xlsx,PT_IMPORT_VALRS_H 2011-12,19.0,1751964622_PT_IMPORT_VAL_US$_H.xlsx,PT_IMPORT_VAL$_H_2011-12,19.0,2026-08-21T15:32:19.538410+00:00,1.0
2011-04-01,2011,2011-12,April,LPG,EXPORT,68.28,15.26151095216808,PPAC,1751964598_PT_IMPORT_VAL_RS.CRS._H.xlsx,PT_IMPORT_VALRS_H 2011-12,26.0,1751964622_PT_IMPORT_VAL_US$_H.xlsx,PT_IMPORT_VAL$_H_2011-12,26.0,2026-08-21T15:32:19.538410+00:00,1.0
2011-04-01,2011,2011-12,April,LPG,IMPORT,1785.849570775,393.79393524135,PPAC,1751964598_PT_IMPORT_VAL_RS.CRS._H.xlsx,PT_IMPORT_VALRS_H 2011-12,13.0,1751964622_PT_IMPORT_VAL_US$_H.xlsx,PT_IMPORT_VAL$_H_2011-12,13.0,2026-08-21T15:32:19.538410+00:00,1.0
2011-04-01,2011,2011-12,April,MS,IMPORT,103.432408596,23.177101464000003,PPAC,1751964598_PT_IMPORT_VAL_RS.CRS._H.xlsx,PT_IMPORT_VALRS_H 2011-12,14.0,1751964622_PT_IMPORT_VAL_US$_H.xlsx,PT_IMPORT_VAL$_H_2011-12,14.0,2026-08-21T15:32:19.538410+00:00,1.0
2011-04-01,2011,2011-12,April,MS!,EXPORT,6134.356489816746,1381.0466928411327,PPAC,1751964598_PT_IMPORT_VAL_RS.CRS._H.xlsx,PT_IMPORT_VALRS_H 2011-12,27.0,1751964622_PT_IMPORT_VAL_US$_H.xlsx,PT_IMPORT_VAL$_H_2011-12,27.0,2026-08-21T15:32:19.538410+00:00,1.0
2011-04-01,2011,2011-12,April,Naphtha,EXPORT,4031.29778795,905.4137450002628,PPAC,1751964598_PT_IMPORT_VAL_RS.CRS._H.xlsx,PT_IMPORT_VALRS_H 2011-12,28.0,1751964622_PT_IMPORT_VAL_US$_H.xlsx,PT_IMPORT_VAL$_H_2011-12,28.0,2026-08-21T15:32:19.538410+00:00,1.0
2011-04-01,2011,2011-12,April,Naphtha,IMPORT,808.8319065000001,180.7849583147072,PPAC,1751964598_PT_IMPORT_VAL_RS.CRS._H.xlsx,PT_IMPORT_VALRS_H 2011-12,15.0,1751964622_PT_IMPORT_VAL_US$_H.xlsx,PT_IMPORT_VAL$_H_2011-12,15.0,2026-08-21T15:32:19.538410+00:00,1.0
2011-04-01,2011,2011-12,April,Others,EXPORT,,319.6199999999999,PPAC,,,,1751964622_PT_IMPORT_VAL_US$_H.xlsx,PT_IMPORT_VAL$_H_2011-12,36.0,,
2011-04-01,2011,2011-12,April,Others%,EXPORT,1428.2000000000007,,PPAC,1751964598_PT_IMPORT_VAL_RS.CRS._H.xlsx,PT_IMPORT_VALRS_H 2011-12,36.0,,,,2026-08-21T15:32:19.538410+00:00,1.0
2011-04-01,2011,2011-12,April,Others&,IMPORT,682.4371084000004,152.53170630308432,PPAC,1751964598_PT_IMPORT_VAL_RS.CRS._H.xlsx,PT_IMPORT_VALRS_H 2011-12,22.0,1751964622_PT_IMPORT_VAL_US$_H.xlsx,PT_IMPORT_VAL$_H_2011-12,22.0,2026-08-21T15:32:19.538410+00:00,1.0
2011-04-01,2011,2011-12,April,SKO,EXPORT,13.96,3.120250335270452,PPAC,1751964598_PT_IMPORT_VAL_RS.CRS._H.xlsx,PT_IMPORT_VALRS_H 2011-12,30.0,1751964622_PT_IMPORT_VAL_US$_H.xlsx,PT_IMPORT_VAL$_H_2011-12,30.0,2026-08-21T15:32:19.538410+00:00,1.0
2011-04-01,2011,2011-12,April,SKO,IMPORT,634.12199205,141.82739556932,PPAC,1751964598_PT_IMPORT_VAL_RS.CRS._H.xlsx,PT_IMPORT_VALRS_H 2011-12,17.0,1751964622_PT_IMPORT_VAL_US$_H.xlsx,PT_IMPORT_VAL$_H_2011-12,17.0,2026-08-21T15:32:19.538410+00:00,1.0
2011-05-01,2011,2011-12,May,ATF,IMPORT,0.0,0.0,PPAC,1751964598_PT_IMPORT_VAL_RS.CRS._H.xlsx,PT_IMPORT_VALRS_H 2011-12,16.0,1751964622_PT_IMPORT_VAL_US$_H.xlsx,PT_IMPORT_VAL$_H_2011-12,16.0,2026-08-21T15:32:19.538410+00:00,1.0
2011-05-01,2011,2011-12,May,ATF#,EXPORT,1522.9758947470002,339.713383881388,PPAC,1751964598_PT_IMPORT_VAL_RS.CRS._H.xlsx,PT_IMPORT_VALRS_H 2011-12,29.0,1751964622_PT_IMPORT_VAL_US$_H.xlsx,PT_IMPORT_VAL$_H_2011-12,29.0,2026-08-21T15:32:19.538410+00:00,1.0
2011-05-01,2011,2011-12,May,Bitumen,EXPORT,0.732351962,0.1613465437321,PPAC,1751964598_PT_IMPORT_VAL_RS.CRS._H.xlsx,PT_IMPORT_VALRS_H 2011-12,35.0,1751964622_PT_IMPORT_VAL_US$_H.xlsx,PT_IMPORT_VAL$_H_2011-12,35.0,2026-08-21T15:32:19.538410+00:00,1.0
2011-05-01,2011,2011-12,May,Bitumen,IMPORT,22.6825586,4.997258999779687,PPAC,1751964598_PT_IMPORT_VAL_RS.CRS._H.xlsx,PT_IMPORT_VALRS_H 2011-12,21.0,1751964622_PT_IMPORT_VAL_US$_H.xlsx,PT_IMPORT_VAL$_H_2011-12,21.0,2026-08-21T15:32:19.538410+00:00,1.0
2011-05-01,2011,2011-12,May,CRUDE OIL,IMPORT,49738.4211131323,11096.445388510594,PPAC,1751964598_PT_IMPORT_VAL_RS.CRS._H.xlsx,PT_IMPORT_VALRS_H 2011-12,11.0,1751964622_PT_IMPORT_VAL_US$_H.xlsx,PT_IMPORT_VAL$_H_2011-12,11.0,2026-08-21T15:32:19.538410+00:00,1.0
2011-05-01,2011,2011-12,May,Fuel Oil,EXPORT,1935.771690232691,429.5578327055183,PPAC,1751964598_PT_IMPORT_VAL_RS.CRS._H.xlsx,PT_IMPORT_VALRS_H 2011-12,34.0,1751964622_PT_IMPORT_VAL_US$_H.xlsx,PT_IMPORT_VAL$_H_2011-12,34.0,2026-08-21T15:32:19.538410+00:00,1.0
2011-05-01,2011,2011-12,May,Fuel Oil,IMPORT,71.8061809,15.819823948006169,PPAC,1751964598_PT_IMPORT_VAL_RS.CRS._H.xlsx,PT_IMPORT_VALRS_H 2011-12,20.0,1751964622_PT_IMPORT_VAL_US$_H.xlsx,PT_IMPORT_VAL$_H_2011-12,20.0,2026-08-21T15:32:19.538410+00:00,1.0
2011-05-01,2011,2011-12,May,HSD,EXPORT,10182.760364414824,2246.82207862288,PPAC,1751964598_PT_IMPORT_VAL_RS.CRS._H.xlsx,PT_IMPORT_VALRS_H 2011-12,31.0,1751964622_PT_IMPORT_VAL_US$_H.xlsx,PT_IMPORT_VAL$_H_2011-12,31.0,2026-08-21T15:32:19.538410+00:00,1.0
2011-05-01,2011,2011-12,May,HSD,IMPORT,195.339676,43.0358396122494,PPAC,1751964598_PT_IMPORT_VAL_RS.CRS._H.xlsx,PT_IMPORT_VALRS_H 2011-12,18.0,1751964622_PT_IMPORT_VAL_US$_H.xlsx,PT_IMPORT_VAL$_H_2011-12,18.0,2026-08-21T15:32:19.538410+00:00,1.0
2011-05-01,2011,2011-12,May,LDO,EXPORT,33.616331,7.406109495483586,PPAC,1751964598_PT_IMPORT_VAL_RS.CRS._H.xlsx,PT_IMPORT_VALRS_H 2011-12,32.0,1751964622_PT_IMPORT_VAL_US$_H.xlsx,PT_IMPORT_VAL$_H_2011-12,32.0,2026-08-21T15:32:19.538410+00:00,1.0
2011-05-01,2011,2011-12,May,LOBS/ Lube Oil,EXPORT,2.590637139,0.570750636483807,PPAC,1751964598_PT_IMPORT_VAL_RS.CRS._H.xlsx,PT_IMPORT_VALRS_H 2011-12,33.0,1751964622_PT_IMPORT_VAL_US$_H.xlsx,PT_IMPORT_VAL$_H_2011-12,33.0,2026-08-21T15:32:19.538410+00:00,1.0
2011-05-01,2011,2011-12,May,LOBS/ Lube oil,IMPORT,532.4417433,117.30375485789821,PPAC,1751964598_PT_IMPORT_VAL_RS.CRS._H.xlsx,PT_IMPORT_VALRS_H 2011-12,19.0,1751964622_PT_IMPORT_VAL_US$_H.xlsx,PT_IMPORT_VAL$_H_2011-12,19.0,2026-08-21T15:32:19.538410+00:00,1.0
2011-05-01,2011,2011-12,May,LPG,EXPORT,83.43,18.38070059484468,PPAC,1751964598_PT_IMPORT_VAL_RS.CRS._H.xlsx,PT_IMPORT_VALRS_H 2011-12,26.0,1751964622_PT_IMPORT_VAL_US$_H.xlsx,PT_IMPORT_VAL$_H_2011-12,26.0,2026-08-21T15:32:19.538410+00:00,1.0
2011-05-01,2011,2011-12,May,LPG,IMPORT,2177.44098703242,474.13323222300943,PPAC,1751964598_PT_IMPORT_VAL_RS.CRS._H.xlsx,PT_IMPORT_VALRS_H 2011-12,13.0,1751964622_PT_IMPORT_VAL_US$_H.xlsx,PT_IMPORT_VAL$_H_2011-12,13.0,2026-08-21T15:32:19.538410+00:00,1.0
2011-05-01,2011,2011-12,May,MS,IMPORT,0.0,0.0,PPAC,1751964598_PT_IMPORT_VAL_RS.CRS._H.xlsx,PT_IMPORT_VALRS_H 2011-12,14.0,1751964622_PT_IMPORT_VAL_US$_H.xlsx,PT_IMPORT_VAL$_H_2011-12,14.0,2026-08-21T15:32:19.538410+00:00,1.0
2011-05-01,2011,2011-12,May,MS!,EXPORT,6187.952352797271,1378.803058737929,PPAC,1751964598_PT_IMPORT_VAL_RS.CRS._H.xlsx,PT_IMPORT_VALRS_H 2011-12,27.0,1751964622_PT_IMPORT_VAL_US$_H.xlsx,PT_IMPORT_VAL$_H_2011-12,27.0,2026-08-21T15:32:19.538410+00:00,1.0
2011-05-01,2011,2011-12,May,Naphtha,EXPORT,3581.2296775644286,792.5351286900486,PPAC,1751964598_PT_IMPORT_VAL_RS.CRS._H.xlsx,PT_IMPORT_VALRS_H 2011-12,28.0,1751964622_PT_IMPORT_VAL_US$_H.xlsx,PT_IMPORT_VAL$_H_2011-12,28.0,2026-08-21T15:32:19.538410+00:00,1.0
2011-05-01,2011,2011-12,May,Naphtha,IMPORT,644.7493019,142.04655252258206,PPAC,1751964598_PT_IMPORT_VAL_RS.CRS._H.xlsx,PT_IMPORT_VALRS_H 2011-12,15.0,1751964622_PT_IMPORT_VAL_US$_H.xlsx,PT_IMPORT_VAL$_H_2011-12,15.0,2026-08-21T15:32:19.538410+00:00,1.0
2011-05-01,2011,2011-12,May,Others,EXPORT,,232.78323404509592,PPAC,,,,1751964622_PT_IMPORT_VAL_US$_H.xlsx,PT_IMPORT_VAL$_H_2011-12,36.0,,
2011-05-01,2011,2011-12,May,Others%,EXPORT,1062.2022951941362,,PPAC,1751964598_PT_IMPORT_VAL_RS.CRS._H.xlsx,PT_IMPORT_VALRS_H 2011-12,36.0,,,,2026-08-21T15:32:19.538410+00:00,1.0
2011-05-01,2011,2011-12,May,Others&,IMPORT,716.1419976999996,157.77528039215667,PPAC,1751964598_PT_IMPORT_VAL_RS.CRS._H.xlsx,PT_IMPORT_VALRS_H 2011-12,22.0,1751964622_PT_IMPORT_VAL_US$_H.xlsx,PT_IMPORT_VAL$_H_2011-12,22.0,2026-08-21T15:32:19.538410+00:00,1.0
2011-05-01,2011,2011-12,May,SKO,EXPORT,21.38,4.710288609825953,PPAC,1751964598_PT_IMPORT_VAL_RS.CRS._H.xlsx,PT_IMPORT_VALRS_H 2011-12,30.0,1751964622_PT_IMPORT_VAL_US$_H.xlsx,PT_IMPORT_VAL$_H_2011-12,30.0,2026-08-21T15:32:19.538410+00:00,1.0
2011-05-01,2011,2011-12,May,SKO,IMPORT,663.8476798822165,147.207908088,PPAC,1751964598_PT_IMPORT_VAL_RS.CRS._H.xlsx,PT_IMPORT_VALRS_H 2011-12,17.0,1751964622_PT_IMPORT_VAL_US$_H.xlsx,PT_IMPORT_VAL$_H_2011-12,17.0,2026-08-21T15:32:19.538410+00:00,1.0
2011-06-01,2011,2011-12,June,ATF,IMPORT,0.0,0.0,PPAC,1751964598_PT_IMPORT_VAL_RS.CRS._H.xlsx,PT_IMPORT_VALRS_H 2011-12,16.0,1751964622_PT_IMPORT_VAL_US$_H.xlsx,PT_IMPORT_VAL$_H_2011-12,16.0,2026-08-21T15:32:19.538410+00:00,1.0
2011-06-01,2011,2011-12,June,ATF#,EXPORT,1949.95,435.56391738840773,PPAC,1751964598_PT_IMPORT_VAL_RS.CRS._H.xlsx,PT_IMPORT_VALRS_H 2011-12,29.0,1751964622_PT_IMPORT_VAL_US$_H.xlsx,PT_IMPORT_VAL$_H_2011-12,29.0,2026-08-21T15:32:19.538410+00:00,1.0
2011-06-01,2011,2011-12,June,Bitumen,EXPORT,7.049742059000001,1.56556563602043,PPAC,1751964598_PT_IMPORT_VAL_RS.CRS._H.xlsx,PT_IMPORT_VALRS_H 2011-12,35.0,1751964622_PT_IMPORT_VAL_US$_H.xlsx,PT_IMPORT_VAL$_H_2011-12,35.0,2026-08-21T15:32:19.538410+00:00,1.0
2011-06-01,2011,2011-12,June,Bitumen,IMPORT,4.181035,0.9284998889629136,PPAC,1751964598_PT_IMPORT_VAL_RS.CRS._H.xlsx,PT_IMPORT_VALRS_H 2011-12,21.0,1751964622_PT_IMPORT_VAL_US$_H.xlsx,PT_IMPORT_VAL$_H_2011-12,21.0,2026-08-21T15:32:19.538410+00:00,1.0
2011-06-01,2011,2011-12,June,CRUDE OIL,IMPORT,49976.338626533776,11153.634917464547,PPAC,1751964598_PT_IMPORT_VAL_RS.CRS._H.xlsx,PT_IMPORT_VALRS_H 2011-12,11.0,1751964622_PT_IMPORT_VAL_US$_H.xlsx,PT_IMPORT_VAL$_H_2011-12,11.0,2026-08-21T15:32:19.538410+00:00,1.0
2011-06-01,2011,2011-12,June,Fuel Oil,EXPORT,1967.42966301776,438.6086962343237,PPAC,1751964598_PT_IMPORT_VAL_RS.CRS._H.xlsx,PT_IMPORT_VALRS_H 2011-12,34.0,1751964622_PT_IMPORT_VAL_US$_H.xlsx,PT_IMPORT_VAL$_H_2011-12,34.0,2026-08-21T15:32:19.538410+00:00,1.0
2011-06-01,2011,2011-12,June,Fuel Oil,IMPORT,195.12870709999999,43.333046213635356,PPAC,1751964598_PT_IMPORT_VAL_RS.CRS._H.xlsx,PT_IMPORT_VALRS_H 2011-12,20.0,1751964622_PT_IMPORT_VAL_US$_H.xlsx,PT_IMPORT_VAL$_H_2011-12,20.0,2026-08-21T15:32:19.538410+00:00,1.0
2011-06-01,2011,2011-12,June,HSD,EXPORT,7589.082041466417,1670.0521070432983,PPAC,1751964598_PT_IMPORT_VAL_RS.CRS._H.xlsx,PT_IMPORT_VALRS_H 2011-12,31.0,1751964622_PT_IMPORT_VAL_US$_H.xlsx,PT_IMPORT_VAL$_H_2011-12,31.0,2026-08-21T15:32:19.538410+00:00,1.0
2011-06-01,2011,2011-12,June,HSD,IMPORT,841.31881681,188.87790621865642,PPAC,1751964598_PT_IMPORT_VAL_RS.CRS._H.xlsx,PT_IMPORT_VALRS_H 2011-12,18.0,1751964622_PT_IMPORT_VAL_US$_H.xlsx,PT_IMPORT_VAL$_H_2011-12,18.0,2026-08-21T15:32:19.538410+00:00,1.0
2011-06-01,2011,2011-12,June,LDO,EXPORT,29.664650000000005,6.58775260937153,PPAC,1751964598_PT_IMPORT_VAL_RS.CRS._H.xlsx,PT_IMPORT_VALRS_H 2011-12,32.0,1751964622_PT_IMPORT_VAL_US$_H.xlsx,PT_IMPORT_VAL$_H_2011-12,32.0,2026-08-21T15:32:19.538410+00:00,1.0
2011-06-01,2011,2011-12,June,LOBS/ Lube Oil,EXPORT,2.817351964,0.6256611068176772,PPAC,1751964598_PT_IMPORT_VAL_RS.CRS._H.xlsx,PT_IMPORT_VALRS_H 2011-12,33.0,1751964622_PT_IMPORT_VAL_US$_H.xlsx,PT_IMPORT_VAL$_H_2011-12,33.0,2026-08-21T15:32:19.538410+00:00,1.0
2011-06-01,2011,2011-12,June,LOBS/ Lube oil,IMPORT,583.7110555,129.62714978902954,PPAC,1751964598_PT_IMPORT_VAL_RS.CRS._H.xlsx,PT_IMPORT_VALRS_H 2011-12,19.0,1751964622_PT_IMPORT_VAL_US$_H.xlsx,PT_IMPORT_VAL$_H_2011-12,19.0,2026-08-21T15:32:19.538410+00:00,1.0
2011-06-01,2011,2011-12,June,LPG,EXPORT,74.23,16.48456584499223,PPAC,1751964598_PT_IMPORT_VAL_RS.CRS._H.xlsx,PT_IMPORT_VALRS_H 2011-12,26.0,1751964622_PT_IMPORT_VAL_US$_H.xlsx,PT_IMPORT_VAL$_H_2011-12,26.0,2026-08-21T15:32:19.538410+00:00,1.0
2011-06-01,2011,2011-12,June,LPG,IMPORT,2137.03510824,472.2649496295025,PPAC,1751964598_PT_IMPORT_VAL_RS.CRS._H.xlsx,PT_IMPORT_VALRS_H 2011-12,13.0,1751964622_PT_IMPORT_VAL_US$_H.xlsx,PT_IMPORT_VAL$_H_2011-12,13.0,2026-08-21T15:32:19.538410+00:00,1.0
2011-06-01,2011,2011-12,June,MS,IMPORT,1038.637640699,232.92313503999998,PPAC,1751964598_PT_IMPORT_VAL_RS.CRS._H.xlsx,PT_IMPORT_VALRS_H 2011-12,14.0,1751964622_PT_IMPORT_VAL_US$_H.xlsx,PT_IMPORT_VAL$_H_2011-12,14.0,2026-08-21T15:32:19.538410+00:00,1.0
2011-06-01,2011,2011-12,June,MS!,EXPORT,6216.4194451559,1385.8393711375438,PPAC,1751964598_PT_IMPORT_VAL_RS.CRS._H.xlsx,PT_IMPORT_VALRS_H 2011-12,27.0,1751964622_PT_IMPORT_VAL_US$_H.xlsx,PT_IMPORT_VAL$_H_2011-12,27.0,2026-08-21T15:32:19.538410+00:00,1.0
2011-06-01,2011,2011-12,June,Naphtha,EXPORT,3426.73684271492,760.0217171099999,PPAC,1751964598_PT_IMPORT_VAL_RS.CRS._H.xlsx,PT_IMPORT_VALRS_H 2011-12,28.0,1751964622_PT_IMPORT_VAL_US$_H.xlsx,PT_IMPORT_VAL$_H_2011-12,28.0,2026-08-21T15:32:19.538410+00:00,1.0
2011-06-01,2011,2011-12,June,Naphtha,IMPORT,719.3260033,159.7437271374639,PPAC,1751964598_PT_IMPORT_VAL_RS.CRS._H.xlsx,PT_IMPORT_VALRS_H 2011-12,15.0,1751964622_PT_IMPORT_VAL_US$_H.xlsx,PT_IMPORT_VAL$_H_2011-12,15.0,2026-08-21T15:32:19.538410+00:00,1.0
2011-06-01,2011,2011-12,June,Others,EXPORT,,180.8699999999999,PPAC,,,,1751964622_PT_IMPORT_VAL_US$_H.xlsx,PT_IMPORT_VAL$_H_2011-12,36.0,,
2011-06-01,2011,2011-12,June,Others%,EXPORT,814.8110593999991,,PPAC,1751964598_PT_IMPORT_VAL_RS.CRS._H.xlsx,PT_IMPORT_VALRS_H 2011-12,36.0,,,,2026-08-21T15:32:19.538410+00:00,1.0
2011-06-01,2011,2011-12,June,Others&,IMPORT,754.0138767529997,167.68244592600377,PPAC,1751964598_PT_IMPORT_VAL_RS.CRS._H.xlsx,PT_IMPORT_VALRS_H 2011-12,22.0,1751964622_PT_IMPORT_VAL_US$_H.xlsx,PT_IMPORT_VAL$_H_2011-12,22.0,2026-08-21T15:32:19.538410+00:00,1.0
2011-06-01,2011,2011-12,June,SKO,EXPORT,10.25,2.2762602709304907,PPAC,1751964598_PT_IMPORT_VAL_RS.CRS._H.xlsx,PT_IMPORT_VALRS_H 2011-12,30.0,1751964622_PT_IMPORT_VAL_US$_H.xlsx,PT_IMPORT_VAL$_H_2011-12,30.0,2026-08-21T15:32:19.538410+00:00,1.0
2011-06-01,2011,2011-12,June,SKO,IMPORT,501.067,111.57820717752,PPAC,1751964598_PT_IMPORT_VAL_RS.CRS._H.xlsx,PT_IMPORT_VALRS_H 2011-12,17.0,1751964622_PT_IMPORT_VAL_US$_H.xlsx,PT_IMPORT_VAL$_H_2011-12,17.0,2026-08-21T15:32:19.538410+00:00,1.0
2011-07-01,2011,2011-12,July,ATF,IMPORT,0.0,0.0,PPAC,1751964598_PT_IMPORT_VAL_RS.CRS._H.xlsx,PT_IMPORT_VALRS_H 2011-12,16.0,1751964622_PT_IMPORT_VAL_US$_H.xlsx,PT_IMPORT_VAL$_H_2011-12,16.0,2026-08-21T15:32:19.538410+00:00,1.0
2011-07-01,2011,2011-12,July,ATF#,EXPORT,1875.35,422.5805286839145,PPAC,1751964598_PT_IMPORT_VAL_RS.CRS._H.xlsx,PT_IMPORT_VALRS_H 2011-12,29.0,1751964622_PT_IMPORT_VAL_US$_H.xlsx,PT_IMPORT_VAL$_H_2011-12,29.0,2026-08-21T15:32:19.538410+00:00,1.0
2011-07-01,2011,2011-12,July,Bitumen,EXPORT,0.0,0.0,PPAC,1751964598_PT_IMPORT_VAL_RS.CRS._H.xlsx,PT_IMPORT_VALRS_H 2011-12,35.0,1751964622_PT_IMPORT_VAL_US$_H.xlsx,PT_IMPORT_VAL$_H_2011-12,35.0,2026-08-21T15:32:19.538410+00:00,1.0
2011-07-01,2011,2011-12,July,Bitumen,IMPORT,13.4420397,3.024080922384702,PPAC,1751964598_PT_IMPORT_VAL_RS.CRS._H.xlsx,PT_IMPORT_VALRS_H 2011-12,21.0,1751964622_PT_IMPORT_VAL_US$_H.xlsx,PT_IMPORT_VAL$_H_2011-12,21.0,2026-08-21T15:32:19.538410+00:00,1.0
2011-07-01,2011,2011-12,July,CRUDE OIL,IMPORT,49793.56054398,11085.525876503427,PPAC,1751964598_PT_IMPORT_VAL_RS.CRS._H.xlsx,PT_IMPORT_VALRS_H 2011-12,11.0,1751964622_PT_IMPORT_VAL_US$_H.xlsx,PT_IMPORT_VAL$_H_2011-12,11.0,2026-08-21T15:32:19.538410+00:00,1.0
2011-07-01,2011,2011-12,July,Fuel Oil,EXPORT,2284.7891306491465,505.4062419583689,PPAC,1751964598_PT_IMPORT_VAL_RS.CRS._H.xlsx,PT_IMPORT_VALRS_H 2011-12,34.0,1751964622_PT_IMPORT_VAL_US$_H.xlsx,PT_IMPORT_VAL$_H_2011-12,34.0,2026-08-21T15:32:19.538410+00:00,1.0
2011-07-01,2011,2011-12,July,Fuel Oil,IMPORT,469.9382018,105.74181075188984,PPAC,1751964598_PT_IMPORT_VAL_RS.CRS._H.xlsx,PT_IMPORT_VALRS_H 2011-12,20.0,1751964622_PT_IMPORT_VAL_US$_H.xlsx,PT_IMPORT_VAL$_H_2011-12,20.0,2026-08-21T15:32:19.538410+00:00,1.0
2011-07-01,2011,2011-12,July,HSD,EXPORT,7937.313394031217,1764.0154768236796,PPAC,1751964598_PT_IMPORT_VAL_RS.CRS._H.xlsx,PT_IMPORT_VALRS_H 2011-12,31.0,1751964622_PT_IMPORT_VAL_US$_H.xlsx,PT_IMPORT_VAL$_H_2011-12,31.0,2026-08-21T15:32:19.538410+00:00,1.0
2011-07-01,2011,2011-12,July,HSD,IMPORT,1.0963243,0.2466421372328459,PPAC,1751964598_PT_IMPORT_VAL_RS.CRS._H.xlsx,PT_IMPORT_VALRS_H 2011-12,18.0,1751964622_PT_IMPORT_VAL_US$_H.xlsx,PT_IMPORT_VAL$_H_2011-12,18.0,2026-08-21T15:32:19.538410+00:00,1.0
2011-07-01,2011,2011-12,July,LDO,EXPORT,32.49295,7.31,PPAC,1751964598_PT_IMPORT_VAL_RS.CRS._H.xlsx,PT_IMPORT_VALRS_H 2011-12,32.0,1751964622_PT_IMPORT_VAL_US$_H.xlsx,PT_IMPORT_VAL$_H_2011-12,32.0,2026-08-21T15:32:19.538410+00:00,1.0
2011-07-01,2011,2011-12,July,LOBS/ Lube Oil,EXPORT,2.892781364,0.6507944575928009,PPAC,1751964598_PT_IMPORT_VAL_RS.CRS._H.xlsx,PT_IMPORT_VALRS_H 2011-12,33.0,1751964622_PT_IMPORT_VAL_US$_H.xlsx,PT_IMPORT_VAL$_H_2011-12,33.0,2026-08-21T15:32:19.538410+00:00,1.0
2011-07-01,2011,2011-12,July,LOBS/ Lube oil,IMPORT,464.4597245,104.49037671541056,PPAC,1751964598_PT_IMPORT_VAL_RS.CRS._H.xlsx,PT_IMPORT_VALRS_H 2011-12,19.0,1751964622_PT_IMPORT_VAL_US$_H.xlsx,PT_IMPORT_VAL$_H_2011-12,19.0,2026-08-21T15:32:19.538410+00:00,1.0
2011-07-01,2011,2011-12,July,LPG,EXPORT,63.97,14.391451068616423,PPAC,1751964598_PT_IMPORT_VAL_RS.CRS._H.xlsx,PT_IMPORT_VALRS_H 2011-12,26.0,1751964622_PT_IMPORT_VAL_US$_H.xlsx,PT_IMPORT_VAL$_H_2011-12,26.0,2026-08-21T15:32:19.538410+00:00,1.0
2011-07-01,2011,2011-12,July,LPG,IMPORT,2041.57451344,452.8024498146457,PPAC,1751964598_PT_IMPORT_VAL_RS.CRS._H.xlsx,PT_IMPORT_VALRS_H 2011-12,13.0,1751964622_PT_IMPORT_VAL_US$_H.xlsx,PT_IMPORT_VAL$_H_2011-12,13.0,2026-08-21T15:32:19.538410+00:00,1.0
2011-07-01,2011,2011-12,July,MS,IMPORT,691.76028178,154.226890362,PPAC,1751964598_PT_IMPORT_VAL_RS.CRS._H.xlsx,PT_IMPORT_VALRS_H 2011-12,14.0,1751964622_PT_IMPORT_VAL_US$_H.xlsx,PT_IMPORT_VAL$_H_2011-12,14.0,2026-08-21T15:32:19.538410+00:00,1.0
2011-07-01,2011,2011-12,July,MS!,EXPORT,5633.3723482937585,1268.2462627787522,PPAC,1751964598_PT_IMPORT_VAL_RS.CRS._H.xlsx,PT_IMPORT_VALRS_H 2011-12,27.0,1751964622_PT_IMPORT_VAL_US$_H.xlsx,PT_IMPORT_VAL$_H_2011-12,27.0,2026-08-21T15:32:19.538410+00:00,1.0
2011-07-01,2011,2011-12,July,Naphtha,EXPORT,3948.0693170357677,921.8792687299999,PPAC,1751964598_PT_IMPORT_VAL_RS.CRS._H.xlsx,PT_IMPORT_VALRS_H 2011-12,28.0,1751964622_PT_IMPORT_VAL_US$_H.xlsx,PT_IMPORT_VAL$_H_2011-12,28.0,2026-08-21T15:32:19.538410+00:00,1.0
2011-07-01,2011,2011-12,July,Naphtha,IMPORT,985.017458,221.60040337457815,PPAC,1751964598_PT_IMPORT_VAL_RS.CRS._H.xlsx,PT_IMPORT_VALRS_H 2011-12,15.0,1751964622_PT_IMPORT_VAL_US$_H.xlsx,PT_IMPORT_VAL$_H_2011-12,15.0,2026-08-21T15:32:19.538410+00:00,1.0
2011-07-01,2011,2011-12,July,Others,EXPORT,,226.01000000000113,PPAC,,,,1751964622_PT_IMPORT_VAL_US$_H.xlsx,PT_IMPORT_VAL$_H_2011-12,36.0,,
2011-07-01,2011,2011-12,July,Others%,EXPORT,1003.0399999999972,,PPAC,1751964598_PT_IMPORT_VAL_RS.CRS._H.xlsx,PT_IMPORT_VALRS_H 2011-12,36.0,,,,2026-08-21T15:32:19.538410+00:00,1.0
2011-07-01,2011,2011-12,July,Others&,IMPORT,520.386164399998,117.0722529583802,PPAC,1751964598_PT_IMPORT_VAL_RS.CRS._H.xlsx,PT_IMPORT_VALRS_H 2011-12,22.0,1751964622_PT_IMPORT_VAL_US$_H.xlsx,PT_IMPORT_VAL$_H_2011-12,22.0,2026-08-21T15:32:19.538410+00:00,1.0
2011-07-01,2011,2011-12,July,SKO,EXPORT,14.98,3.3700787401574805,PPAC,1751964598_PT_IMPORT_VAL_RS.CRS._H.xlsx,PT_IMPORT_VALRS_H 2011-12,30.0,1751964622_PT_IMPORT_VAL_US$_H.xlsx,PT_IMPORT_VAL$_H_2011-12,30.0,2026-08-21T15:32:19.538410+00:00,1.0
2011-07-01,2011,2011-12,July,SKO,IMPORT,501.059355,111.88450189,PPAC,1751964598_PT_IMPORT_VAL_RS.CRS._H.xlsx,PT_IMPORT_VALRS_H 2011-12,17.0,1751964622_PT_IMPORT_VAL_US$_H.xlsx,PT_IMPORT_VAL$_H_2011-12,17.0,2026-08-21T15:32:19.538410+00:00,1.0
2011-08-01,2011,2011-12,August,ATF,IMPORT,0.0,0.0,PPAC,1751964598_PT_IMPORT_VAL_RS.CRS._H.xlsx,PT_IMPORT_VALRS_H 2011-12,16.0,1751964622_PT_IMPORT_VAL_US$_H.xlsx,PT_IMPORT_VAL$_H_2011-12,16.0,2026-08-21T15:32:19.538410+00:00,1.0
2011-08-01,2011,2011-12,August,ATF#,EXPORT,2033.3400000000001,446.40491598448943,PPAC,1751964598_PT_IMPORT_VAL_RS.CRS._H.xlsx,PT_IMPORT_VALRS_H 2011-12,29.0,1751964622_PT_IMPORT_VAL_US$_H.xlsx,PT_IMPORT_VAL$_H_2011-12,29.0,2026-08-21T15:32:19.538410+00:00,1.0
2011-08-01,2011,2011-12,August,Bitumen,EXPORT,0.0,0.0,PPAC,1751964598_PT_IMPORT_VAL_RS.CRS._H.xlsx,PT_IMPORT_VALRS_H 2011-12,35.0,1751964622_PT_IMPORT_VAL_US$_H.xlsx,PT_IMPORT_VAL$_H_2011-12,35.0,2026-08-21T15:32:19.538410+00:00,1.0
2011-08-01,2011,2011-12,August,Bitumen,IMPORT,2.0986021,0.45209006893580356,PPAC,1751964598_PT_IMPORT_VAL_RS.CRS._H.xlsx,PT_IMPORT_VALRS_H 2011-12,21.0,1751964622_PT_IMPORT_VAL_US$_H.xlsx,PT_IMPORT_VAL$_H_2011-12,21.0,2026-08-21T15:32:19.538410+00:00,1.0
2011-08-01,2011,2011-12,August,CRUDE OIL,IMPORT,50643.58916474669,11042.891387114345,PPAC,1751964598_PT_IMPORT_VAL_RS.CRS._H.xlsx,PT_IMPORT_VALRS_H 2011-12,11.0,1751964622_PT_IMPORT_VAL_US$_H.xlsx,PT_IMPORT_VAL$_H_2011-12,11.0,2026-08-21T15:32:19.538410+00:00,1.0
2011-08-01,2011,2011-12,August,Fuel Oil,EXPORT,2393.675220584764,517.7514827672629,PPAC,1751964598_PT_IMPORT_VAL_RS.CRS._H.xlsx,PT_IMPORT_VALRS_H 2011-12,34.0,1751964622_PT_IMPORT_VAL_US$_H.xlsx,PT_IMPORT_VAL$_H_2011-12,34.0,2026-08-21T15:32:19.538410+00:00,1.0
2011-08-01,2011,2011-12,August,Fuel Oil,IMPORT,626.6222793,137.71832815596724,PPAC,1751964598_PT_IMPORT_VAL_RS.CRS._H.xlsx,PT_IMPORT_VALRS_H 2011-12,20.0,1751964622_PT_IMPORT_VAL_US$_H.xlsx,PT_IMPORT_VAL$_H_2011-12,20.0,2026-08-21T15:32:19.538410+00:00,1.0
2011-08-01,2011,2011-12,August,HSD,EXPORT,8115.226926213417,1763.0805758071456,PPAC,1751964598_PT_IMPORT_VAL_RS.CRS._H.xlsx,PT_IMPORT_VALRS_H 2011-12,31.0,1751964622_PT_IMPORT_VAL_US$_H.xlsx,PT_IMPORT_VAL$_H_2011-12,31.0,2026-08-21T15:32:19.538410+00:00,1.0
2011-08-01,2011,2011-12,August,HSD,IMPORT,61.7525594,13.303007195174494,PPAC,1751964598_PT_IMPORT_VAL_RS.CRS._H.xlsx,PT_IMPORT_VALRS_H 2011-12,18.0,1751964622_PT_IMPORT_VAL_US$_H.xlsx,PT_IMPORT_VAL$_H_2011-12,18.0,2026-08-21T15:32:19.538410+00:00,1.0
2011-08-01,2011,2011-12,August,LDO,EXPORT,29.10534,6.27,PPAC,1751964598_PT_IMPORT_VAL_RS.CRS._H.xlsx,PT_IMPORT_VALRS_H 2011-12,32.0,1751964622_PT_IMPORT_VAL_US$_H.xlsx,PT_IMPORT_VAL$_H_2011-12,32.0,2026-08-21T15:32:19.538410+00:00,1.0
2011-08-01,2011,2011-12,August,LOBS/ Lube Oil,EXPORT,2.7324060660000002,0.59271462,PPAC,1751964598_PT_IMPORT_VAL_RS.CRS._H.xlsx,PT_IMPORT_VALRS_H 2011-12,33.0,1751964622_PT_IMPORT_VAL_US$_H.xlsx,PT_IMPORT_VAL$_H_2011-12,33.0,2026-08-21T15:32:19.538410+00:00,1.0
2011-08-01,2011,2011-12,August,LOBS/ Lube oil,IMPORT,811.0185429,174.71317167169326,PPAC,1751964598_PT_IMPORT_VAL_RS.CRS._H.xlsx,PT_IMPORT_VALRS_H 2011-12,19.0,1751964622_PT_IMPORT_VAL_US$_H.xlsx,PT_IMPORT_VAL$_H_2011-12,19.0,2026-08-21T15:32:19.538410+00:00,1.0
2011-08-01,2011,2011-12,August,LPG,EXPORT,49.32,10.624730719517448,PPAC,1751964598_PT_IMPORT_VAL_RS.CRS._H.xlsx,PT_IMPORT_VALRS_H 2011-12,26.0,1751964622_PT_IMPORT_VAL_US$_H.xlsx,PT_IMPORT_VAL$_H_2011-12,26.0,2026-08-21T15:32:19.538410+00:00,1.0
2011-08-01,2011,2011-12,August,LPG,IMPORT,1906.7266513000004,406.557634920293,PPAC,1751964598_PT_IMPORT_VAL_RS.CRS._H.xlsx,PT_IMPORT_VALRS_H 2011-12,13.0,1751964622_PT_IMPORT_VAL_US$_H.xlsx,PT_IMPORT_VAL$_H_2011-12,13.0,2026-08-21T15:32:19.538410+00:00,1.0
2011-08-01,2011,2011-12,August,MS,IMPORT,546.2906917849999,115.51997954135999,PPAC,1751964598_PT_IMPORT_VAL_RS.CRS._H.xlsx,PT_IMPORT_VALRS_H 2011-12,14.0,1751964622_PT_IMPORT_VAL_US$_H.xlsx,PT_IMPORT_VAL$_H_2011-12,14.0,2026-08-21T15:32:19.538410+00:00,1.0
2011-08-01,2011,2011-12,August,MS!,EXPORT,5103.112155336,1121.4756543239002,PPAC,1751964598_PT_IMPORT_VAL_RS.CRS._H.xlsx,PT_IMPORT_VALRS_H 2011-12,27.0,1751964622_PT_IMPORT_VAL_US$_H.xlsx,PT_IMPORT_VAL$_H_2011-12,27.0,2026-08-21T15:32:19.538410+00:00,1.0
2011-08-01,2011,2011-12,August,Naphtha,EXPORT,4112.049800282499,919.9687444698816,PPAC,1751964598_PT_IMPORT_VAL_RS.CRS._H.xlsx,PT_IMPORT_VALRS_H 2011-12,28.0,1751964622_PT_IMPORT_VAL_US$_H.xlsx,PT_IMPORT_VAL$_H_2011-12,28.0,2026-08-21T15:32:19.538410+00:00,1.0
2011-08-01,2011,2011-12,August,Naphtha,IMPORT,521.087228,112.25489616544593,PPAC,1751964598_PT_IMPORT_VAL_RS.CRS._H.xlsx,PT_IMPORT_VALRS_H 2011-12,15.0,1751964622_PT_IMPORT_VAL_US$_H.xlsx,PT_IMPORT_VAL$_H_2011-12,15.0,2026-08-21T15:32:19.538410+00:00,1.0
2011-08-01,2011,2011-12,August,Others,EXPORT,,134.04399999999805,PPAC,,,,1751964622_PT_IMPORT_VAL_US$_H.xlsx,PT_IMPORT_VAL$_H_2011-12,36.0,,
2011-08-01,2011,2011-12,August,Others%,EXPORT,646.2210593999989,,PPAC,1751964598_PT_IMPORT_VAL_RS.CRS._H.xlsx,PT_IMPORT_VALRS_H 2011-12,36.0,,,,2026-08-21T15:32:19.538410+00:00,1.0
2011-08-01,2011,2011-12,August,Others&,IMPORT,629.1252328999999,135.52891704006902,PPAC,1751964598_PT_IMPORT_VAL_RS.CRS._H.xlsx,PT_IMPORT_VALRS_H 2011-12,22.0,1751964622_PT_IMPORT_VAL_US$_H.xlsx,PT_IMPORT_VAL$_H_2011-12,22.0,2026-08-21T15:32:19.538410+00:00,1.0
2011-08-01,2011,2011-12,August,SKO,EXPORT,10.25,2.2080999569151225,PPAC,1751964598_PT_IMPORT_VAL_RS.CRS._H.xlsx,PT_IMPORT_VALRS_H 2011-12,30.0,1751964622_PT_IMPORT_VAL_US$_H.xlsx,PT_IMPORT_VAL$_H_2011-12,30.0,2026-08-21T15:32:19.538410+00:00,1.0
2011-08-01,2011,2011-12,August,SKO,IMPORT,410.262198,84.33752396,PPAC,1751964598_PT_IMPORT_VAL_RS.CRS._H.xlsx,PT_IMPORT_VALRS_H 2011-12,17.0,1751964622_PT_IMPORT_VAL_US$_H.xlsx,PT_IMPORT_VAL$_H_2011-12,17.0,2026-08-21T15:32:19.538410+00:00,1.0
2011-09-01,2011,2011-12,September,ATF,IMPORT,0.0,0.0,PPAC,1751964598_PT_IMPORT_VAL_RS.CRS._H.xlsx,PT_IMPORT_VALRS_H 2011-12,16.0,1751964622_PT_IMPORT_VAL_US$_H.xlsx,PT_IMPORT_VAL$_H_2011-12,16.0,2026-08-21T15:32:19.538410+00:00,1.0
2011-09-01,2011,2011-12,September,ATF#,EXPORT,2115.63,444.42586843160854,PPAC,1751964598_PT_IMPORT_VAL_RS.CRS._H.xlsx,PT_IMPORT_VALRS_H 2011-12,29.0,1751964622_PT_IMPORT_VAL_US$_H.xlsx,PT_IMPORT_VAL$_H_2011-12,29.0,2026-08-21T15:32:19.538410+00:00,1.0
2011-09-01,2011,2011-12,September,Bitumen,EXPORT,0.0,0.0,PPAC,1751964598_PT_IMPORT_VAL_RS.CRS._H.xlsx,PT_IMPORT_VALRS_H 2011-12,35.0,1751964622_PT_IMPORT_VAL_US$_H.xlsx,PT_IMPORT_VAL$_H_2011-12,35.0,2026-08-21T15:32:19.538410+00:00,1.0
2011-09-01,2011,2011-12,September,Bitumen,IMPORT,3.9878675,0.7998129763337345,PPAC,1751964598_PT_IMPORT_VAL_RS.CRS._H.xlsx,PT_IMPORT_VALRS_H 2011-12,21.0,1751964622_PT_IMPORT_VAL_US$_H.xlsx,PT_IMPORT_VAL$_H_2011-12,21.0,2026-08-21T15:32:19.538410+00:00,1.0
2011-09-01,2011,2011-12,September,CRUDE OIL,IMPORT,48390.44075353644,10101.36477292666,PPAC,1751964598_PT_IMPORT_VAL_RS.CRS._H.xlsx,PT_IMPORT_VALRS_H 2011-12,11.0,1751964622_PT_IMPORT_VAL_US$_H.xlsx,PT_IMPORT_VAL$_H_2011-12,11.0,2026-08-21T15:32:19.538410+00:00,1.0
2011-09-01,2011,2011-12,September,Fuel Oil,EXPORT,2107.056949511,436.2401103854202,PPAC,1751964598_PT_IMPORT_VAL_RS.CRS._H.xlsx,PT_IMPORT_VALRS_H 2011-12,34.0,1751964622_PT_IMPORT_VAL_US$_H.xlsx,PT_IMPORT_VAL$_H_2011-12,34.0,2026-08-21T15:32:19.538410+00:00,1.0
2011-09-01,2011,2011-12,September,Fuel Oil,IMPORT,579.9655287999999,121.18208760529481,PPAC,1751964598_PT_IMPORT_VAL_RS.CRS._H.xlsx,PT_IMPORT_VALRS_H 2011-12,20.0,1751964622_PT_IMPORT_VAL_US$_H.xlsx,PT_IMPORT_VAL$_H_2011-12,20.0,2026-08-21T15:32:19.538410+00:00,1.0
2011-09-01,2011,2011-12,September,HSD,EXPORT,9178.102079949416,1931.6366559089352,PPAC,1751964598_PT_IMPORT_VAL_RS.CRS._H.xlsx,PT_IMPORT_VALRS_H 2011-12,31.0,1751964622_PT_IMPORT_VAL_US$_H.xlsx,PT_IMPORT_VAL$_H_2011-12,31.0,2026-08-21T15:32:19.538410+00:00,1.0
2011-09-01,2011,2011-12,September,HSD,IMPORT,7.129882,1.4299803449659048,PPAC,1751964598_PT_IMPORT_VAL_RS.CRS._H.xlsx,PT_IMPORT_VALRS_H 2011-12,18.0,1751964622_PT_IMPORT_VAL_US$_H.xlsx,PT_IMPORT_VAL$_H_2011-12,18.0,2026-08-21T15:32:19.538410+00:00,1.0
2011-09-01,2011,2011-12,September,LDO,EXPORT,31.71096,6.36,PPAC,1751964598_PT_IMPORT_VAL_RS.CRS._H.xlsx,PT_IMPORT_VALRS_H 2011-12,32.0,1751964622_PT_IMPORT_VAL_US$_H.xlsx,PT_IMPORT_VAL$_H_2011-12,32.0,2026-08-21T15:32:19.538410+00:00,1.0
2011-09-01,2011,2011-12,September,LOBS/ Lube Oil,EXPORT,5.986473866,1.2006566117127957,PPAC,1751964598_PT_IMPORT_VAL_RS.CRS._H.xlsx,PT_IMPORT_VALRS_H 2011-12,33.0,1751964622_PT_IMPORT_VAL_US$_H.xlsx,PT_IMPORT_VAL$_H_2011-12,33.0,2026-08-21T15:32:19.538410+00:00,1.0
2011-09-01,2011,2011-12,September,LOBS/ Lube oil,IMPORT,825.0789794,165.47913746490173,PPAC,1751964598_PT_IMPORT_VAL_RS.CRS._H.xlsx,PT_IMPORT_VALRS_H 2011-12,19.0,1751964622_PT_IMPORT_VAL_US$_H.xlsx,PT_IMPORT_VAL$_H_2011-12,19.0,2026-08-21T15:32:19.538410+00:00,1.0
2011-09-01,2011,2011-12,September,LPG,EXPORT,83.02,16.65062174087445,PPAC,1751964598_PT_IMPORT_VAL_RS.CRS._H.xlsx,PT_IMPORT_VALRS_H 2011-12,26.0,1751964622_PT_IMPORT_VAL_US$_H.xlsx,PT_IMPORT_VAL$_H_2011-12,26.0,2026-08-21T15:32:19.538410+00:00,1.0
2011-09-01,2011,2011-12,September,LPG,IMPORT,2224.68086929856,450.4006840860148,PPAC,1751964598_PT_IMPORT_VAL_RS.CRS._H.xlsx,PT_IMPORT_VALRS_H 2011-12,13.0,1751964622_PT_IMPORT_VAL_US$_H.xlsx,PT_IMPORT_VAL$_H_2011-12,13.0,2026-08-21T15:32:19.538410+00:00,1.0
2011-09-01,2011,2011-12,September,MS,IMPORT,185.96,41.33,PPAC,1751964598_PT_IMPORT_VAL_RS.CRS._H.xlsx,PT_IMPORT_VALRS_H 2011-12,14.0,1751964622_PT_IMPORT_VAL_US$_H.xlsx,PT_IMPORT_VAL$_H_2011-12,14.0,2026-08-21T15:32:19.538410+00:00,1.0
2011-09-01,2011,2011-12,September,MS!,EXPORT,7017.252490533855,1486.6433841015291,PPAC,1751964598_PT_IMPORT_VAL_RS.CRS._H.xlsx,PT_IMPORT_VALRS_H 2011-12,27.0,1751964622_PT_IMPORT_VAL_US$_H.xlsx,PT_IMPORT_VAL$_H_2011-12,27.0,2026-08-21T15:32:19.538410+00:00,1.0
2011-09-01,2011,2011-12,September,Naphtha,EXPORT,3230.144847096529,690.492514919338,PPAC,1751964598_PT_IMPORT_VAL_RS.CRS._H.xlsx,PT_IMPORT_VALRS_H 2011-12,28.0,1751964622_PT_IMPORT_VAL_US$_H.xlsx,PT_IMPORT_VAL$_H_2011-12,28.0,2026-08-21T15:32:19.538410+00:00,1.0
2011-09-01,2011,2011-12,September,Naphtha,IMPORT,924.1961348,185.35771736863217,PPAC,1751964598_PT_IMPORT_VAL_RS.CRS._H.xlsx,PT_IMPORT_VALRS_H 2011-12,15.0,1751964622_PT_IMPORT_VAL_US$_H.xlsx,PT_IMPORT_VAL$_H_2011-12,15.0,2026-08-21T15:32:19.538410+00:00,1.0
2011-09-01,2011,2011-12,September,Others,EXPORT,,181.39433602085774,PPAC,,,,1751964622_PT_IMPORT_VAL_US$_H.xlsx,PT_IMPORT_VAL$_H_2011-12,36.0,,
2011-09-01,2011,2011-12,September,Others%,EXPORT,796.0510594000043,,PPAC,1751964598_PT_IMPORT_VAL_RS.CRS._H.xlsx,PT_IMPORT_VALRS_H 2011-12,36.0,,,,2026-08-21T15:32:19.538410+00:00,1.0
2011-09-01,2011,2011-12,September,Others&,IMPORT,497.04169959999854,99.68760521460092,PPAC,1751964598_PT_IMPORT_VAL_RS.CRS._H.xlsx,PT_IMPORT_VALRS_H 2011-12,22.0,1751964622_PT_IMPORT_VAL_US$_H.xlsx,PT_IMPORT_VAL$_H_2011-12,22.0,2026-08-21T15:32:19.538410+00:00,1.0
2011-09-01,2011,2011-12,September,SKO,EXPORT,13.27,2.6614520657841956,PPAC,1751964598_PT_IMPORT_VAL_RS.CRS._H.xlsx,PT_IMPORT_VALRS_H 2011-12,30.0,1751964622_PT_IMPORT_VAL_US$_H.xlsx,PT_IMPORT_VAL$_H_2011-12,30.0,2026-08-21T15:32:19.538410+00:00,1.0
2011-09-01,2011,2011-12,September,SKO,IMPORT,0.0,0.0,PPAC,1751964598_PT_IMPORT_VAL_RS.CRS._H.xlsx,PT_IMPORT_VALRS_H 2011-12,17.0,1751964622_PT_IMPORT_VAL_US$_H.xlsx,PT_IMPORT_VAL$_H_2011-12,17.0,2026-08-21T15:32:19.538410+00:00,1.0
2011-10-01,2011,2011-12,October,ATF,IMPORT,0.0,0.0,PPAC,1751964598_PT_IMPORT_VAL_RS.CRS._H.xlsx,PT_IMPORT_VALRS_H 2011-12,16.0,1751964622_PT_IMPORT_VAL_US$_H.xlsx,PT_IMPORT_VAL$_H_2011-12,16.0,2026-08-21T15:32:19.538410+00:00,1.0
2011-10-01,2011,2011-12,October,ATF#,EXPORT,2487.1,504.20290034503756,PPAC,1751964598_PT_IMPORT_VAL_RS.CRS._H.xlsx,PT_IMPORT_VALRS_H 2011-12,29.0,1751964622_PT_IMPORT_VAL_US$_H.xlsx,PT_IMPORT_VAL$_H_2011-12,29.0,2026-08-21T15:32:19.538410+00:00,1.0
2011-10-01,2011,2011-12,October,Bitumen,EXPORT,0.0,0.0,PPAC,1751964598_PT_IMPORT_VAL_RS.CRS._H.xlsx,PT_IMPORT_VALRS_H 2011-12,35.0,1751964622_PT_IMPORT_VAL_US$_H.xlsx,PT_IMPORT_VAL$_H_2011-12,35.0,2026-08-21T15:32:19.538410+00:00,1.0
2011-10-01,2011,2011-12,October,Bitumen,IMPORT,3.5058825,0.711565354170895,PPAC,1751964598_PT_IMPORT_VAL_RS.CRS._H.xlsx,PT_IMPORT_VALRS_H 2011-12,21.0,1751964622_PT_IMPORT_VAL_US$_H.xlsx,PT_IMPORT_VAL$_H_2011-12,21.0,2026-08-21T15:32:19.538410+00:00,1.0
2011-10-01,2011,2011-12,October,CRUDE OIL,IMPORT,47834.463277143004,9662.725311692358,PPAC,1751964598_PT_IMPORT_VAL_RS.CRS._H.xlsx,PT_IMPORT_VALRS_H 2011-12,11.0,1751964622_PT_IMPORT_VAL_US$_H.xlsx,PT_IMPORT_VAL$_H_2011-12,11.0,2026-08-21T15:32:19.538410+00:00,1.0
2011-10-01,2011,2011-12,October,Fuel Oil,EXPORT,1939.979635919,393.5385297117922,PPAC,1751964598_PT_IMPORT_VAL_RS.CRS._H.xlsx,PT_IMPORT_VALRS_H 2011-12,34.0,1751964622_PT_IMPORT_VAL_US$_H.xlsx,PT_IMPORT_VAL$_H_2011-12,34.0,2026-08-21T15:32:19.538410+00:00,1.0
2011-10-01,2011,2011-12,October,Fuel Oil,IMPORT,197.0142706,39.98665934645829,PPAC,1751964598_PT_IMPORT_VAL_RS.CRS._H.xlsx,PT_IMPORT_VALRS_H 2011-12,20.0,1751964622_PT_IMPORT_VAL_US$_H.xlsx,PT_IMPORT_VAL$_H_2011-12,20.0,2026-08-21T15:32:19.538410+00:00,1.0
2011-10-01,2011,2011-12,October,HSD,EXPORT,10364.897390422417,2102.0958422989156,PPAC,1751964598_PT_IMPORT_VAL_RS.CRS._H.xlsx,PT_IMPORT_VALRS_H 2011-12,31.0,1751964622_PT_IMPORT_VAL_US$_H.xlsx,PT_IMPORT_VAL$_H_2011-12,31.0,2026-08-21T15:32:19.538410+00:00,1.0
2011-10-01,2011,2011-12,October,HSD,IMPORT,17.8469005,3.6222651715039578,PPAC,1751964598_PT_IMPORT_VAL_RS.CRS._H.xlsx,PT_IMPORT_VALRS_H 2011-12,18.0,1751964622_PT_IMPORT_VAL_US$_H.xlsx,PT_IMPORT_VAL$_H_2011-12,18.0,2026-08-21T15:32:19.538410+00:00,1.0
2011-10-01,2011,2011-12,October,LDO,EXPORT,33.818928,6.864,PPAC,1751964598_PT_IMPORT_VAL_RS.CRS._H.xlsx,PT_IMPORT_VALRS_H 2011-12,32.0,1751964622_PT_IMPORT_VAL_US$_H.xlsx,PT_IMPORT_VAL$_H_2011-12,32.0,2026-08-21T15:32:19.538410+00:00,1.0
2011-10-01,2011,2011-12,October,LOBS/ Lube Oil,EXPORT,2.7516557930000003,0.5584850401867262,PPAC,1751964598_PT_IMPORT_VAL_RS.CRS._H.xlsx,PT_IMPORT_VALRS_H 2011-12,33.0,1751964622_PT_IMPORT_VAL_US$_H.xlsx,PT_IMPORT_VAL$_H_2011-12,33.0,2026-08-21T15:32:19.538410+00:00,1.0
2011-10-01,2011,2011-12,October,LOBS/ Lube oil,IMPORT,568.645459,115.41413821798253,PPAC,1751964598_PT_IMPORT_VAL_RS.CRS._H.xlsx,PT_IMPORT_VALRS_H 2011-12,19.0,1751964622_PT_IMPORT_VAL_US$_H.xlsx,PT_IMPORT_VAL$_H_2011-12,19.0,2026-08-21T15:32:19.538410+00:00,1.0
2011-10-01,2011,2011-12,October,LPG,EXPORT,78.79,15.99147554292673,PPAC,1751964598_PT_IMPORT_VAL_RS.CRS._H.xlsx,PT_IMPORT_VALRS_H 2011-12,26.0,1751964622_PT_IMPORT_VAL_US$_H.xlsx,PT_IMPORT_VAL$_H_2011-12,26.0,2026-08-21T15:32:19.538410+00:00,1.0
2011-10-01,2011,2011-12,October,LPG,IMPORT,1952.596548555,397.8001925507205,PPAC,1751964598_PT_IMPORT_VAL_RS.CRS._H.xlsx,PT_IMPORT_VALRS_H 2011-12,13.0,1751964622_PT_IMPORT_VAL_US$_H.xlsx,PT_IMPORT_VAL$_H_2011-12,13.0,2026-08-21T15:32:19.538410+00:00,1.0
2011-10-01,2011,2011-12,October,MS,IMPORT,745.401269766,148.96076067674,PPAC,1751964598_PT_IMPORT_VAL_RS.CRS._H.xlsx,PT_IMPORT_VALRS_H 2011-12,14.0,1751964622_PT_IMPORT_VAL_US$_H.xlsx,PT_IMPORT_VAL$_H_2011-12,14.0,2026-08-21T15:32:19.538410+00:00,1.0
2011-10-01,2011,2011-12,October,MS!,EXPORT,4586.728613964,930.5601570862593,PPAC,1751964598_PT_IMPORT_VAL_RS.CRS._H.xlsx,PT_IMPORT_VALRS_H 2011-12,27.0,1751964622_PT_IMPORT_VAL_US$_H.xlsx,PT_IMPORT_VAL$_H_2011-12,27.0,2026-08-21T15:32:19.538410+00:00,1.0
2011-10-01,2011,2011-12,October,Naphtha,EXPORT,2802.8993036400007,458.461,PPAC,1751964598_PT_IMPORT_VAL_RS.CRS._H.xlsx,PT_IMPORT_VALRS_H 2011-12,28.0,1751964622_PT_IMPORT_VAL_US$_H.xlsx,PT_IMPORT_VAL$_H_2011-12,28.0,2026-08-21T15:32:19.538410+00:00,1.0
2011-10-01,2011,2011-12,October,Naphtha,IMPORT,848.1407476999999,172.14009472295515,PPAC,1751964598_PT_IMPORT_VAL_RS.CRS._H.xlsx,PT_IMPORT_VALRS_H 2011-12,15.0,1751964622_PT_IMPORT_VAL_US$_H.xlsx,PT_IMPORT_VAL$_H_2011-12,15.0,2026-08-21T15:32:19.538410+00:00,1.0
2011-10-01,2011,2011-12,October,Others,EXPORT,,195.09347355388763,PPAC,,,,1751964622_PT_IMPORT_VAL_US$_H.xlsx,PT_IMPORT_VAL$_H_2011-12,36.0,,
2011-10-01,2011,2011-12,October,Others%,EXPORT,958.4841941999985,,PPAC,1751964598_PT_IMPORT_VAL_RS.CRS._H.xlsx,PT_IMPORT_VALRS_H 2011-12,36.0,,,,2026-08-21T15:32:19.538410+00:00,1.0
2011-10-01,2011,2011-12,October,Others&,IMPORT,314.6479195690008,63.88650849574276,PPAC,1751964598_PT_IMPORT_VAL_RS.CRS._H.xlsx,PT_IMPORT_VALRS_H 2011-12,22.0,1751964622_PT_IMPORT_VAL_US$_H.xlsx,PT_IMPORT_VAL$_H_2011-12,22.0,2026-08-21T15:32:19.538410+00:00,1.0
2011-10-01,2011,2011-12,October,SKO,EXPORT,9.81,1.9910696163994317,PPAC,1751964598_PT_IMPORT_VAL_RS.CRS._H.xlsx,PT_IMPORT_VALRS_H 2011-12,30.0,1751964622_PT_IMPORT_VAL_US$_H.xlsx,PT_IMPORT_VAL$_H_2011-12,30.0,2026-08-21T15:32:19.538410+00:00,1.0
2011-10-01,2011,2011-12,October,SKO,IMPORT,0.0,0.0,PPAC,1751964598_PT_IMPORT_VAL_RS.CRS._H.xlsx,PT_IMPORT_VALRS_H 2011-12,17.0,1751964622_PT_IMPORT_VAL_US$_H.xlsx,PT_IMPORT_VAL$_H_2011-12,17.0,2026-08-21T15:32:19.538410+00:00,1.0
2011-11-01,2011,2011-12,November,ATF,IMPORT,0.0,0.0,PPAC,1751964598_PT_IMPORT_VAL_RS.CRS._H.xlsx,PT_IMPORT_VALRS_H 2011-12,16.0,1751964622_PT_IMPORT_VAL_US$_H.xlsx,PT_IMPORT_VAL$_H_2011-12,16.0,2026-08-21T15:32:19.538410+00:00,1.0
2011-11-01,2011,2011-12,November,ATF#,EXPORT,2195.5299999999997,431.8982368723649,PPAC,1751964598_PT_IMPORT_VAL_RS.CRS._H.xlsx,PT_IMPORT_VALRS_H 2011-12,29.0,1751964622_PT_IMPORT_VAL_US$_H.xlsx,PT_IMPORT_VAL$_H_2011-12,29.0,2026-08-21T15:32:19.538410+00:00,1.0
2011-11-01,2011,2011-12,November,Bitumen,EXPORT,0.8683511,0.16641454580298964,PPAC,1751964598_PT_IMPORT_VAL_RS.CRS._H.xlsx,PT_IMPORT_VALRS_H 2011-12,35.0,1751964622_PT_IMPORT_VAL_US$_H.xlsx,PT_IMPORT_VAL$_H_2011-12,35.0,2026-08-21T15:32:19.538410+00:00,1.0
2011-11-01,2011,2011-12,November,Bitumen,IMPORT,12.5808775,2.411053564584132,PPAC,1751964598_PT_IMPORT_VAL_RS.CRS._H.xlsx,PT_IMPORT_VALRS_H 2011-12,21.0,1751964622_PT_IMPORT_VAL_US$_H.xlsx,PT_IMPORT_VAL$_H_2011-12,21.0,2026-08-21T15:32:19.538410+00:00,1.0
2011-11-01,2011,2011-12,November,CRUDE OIL,IMPORT,60742.333386678154,11855.026767331245,PPAC,1751964598_PT_IMPORT_VAL_RS.CRS._H.xlsx,PT_IMPORT_VALRS_H 2011-12,11.0,1751964622_PT_IMPORT_VAL_US$_H.xlsx,PT_IMPORT_VAL$_H_2011-12,11.0,2026-08-21T15:32:19.538410+00:00,1.0
2011-11-01,2011,2011-12,November,Fuel Oil,EXPORT,2161.056765973093,422.81724609259334,PPAC,1751964598_PT_IMPORT_VAL_RS.CRS._H.xlsx,PT_IMPORT_VALRS_H 2011-12,34.0,1751964622_PT_IMPORT_VAL_US$_H.xlsx,PT_IMPORT_VAL$_H_2011-12,34.0,2026-08-21T15:32:19.538410+00:00,1.0
2011-11-01,2011,2011-12,November,Fuel Oil,IMPORT,521.5843709000001,100.40526617477961,PPAC,1751964598_PT_IMPORT_VAL_RS.CRS._H.xlsx,PT_IMPORT_VALRS_H 2011-12,20.0,1751964622_PT_IMPORT_VAL_US$_H.xlsx,PT_IMPORT_VAL$_H_2011-12,20.0,2026-08-21T15:32:19.538410+00:00,1.0
2011-11-01,2011,2011-12,November,HSD,EXPORT,9416.003637248417,1855.5190752869776,PPAC,1751964598_PT_IMPORT_VAL_RS.CRS._H.xlsx,PT_IMPORT_VALRS_H 2011-12,31.0,1751964622_PT_IMPORT_VAL_US$_H.xlsx,PT_IMPORT_VAL$_H_2011-12,31.0,2026-08-21T15:32:19.538410+00:00,1.0
2011-11-01,2011,2011-12,November,HSD,IMPORT,7.1289446,1.3662216558068225,PPAC,1751964598_PT_IMPORT_VAL_RS.CRS._H.xlsx,PT_IMPORT_VALRS_H 2011-12,18.0,1751964622_PT_IMPORT_VAL_US$_H.xlsx,PT_IMPORT_VAL$_H_2011-12,18.0,2026-08-21T15:32:19.538410+00:00,1.0
2011-11-01,2011,2011-12,November,LDO,EXPORT,0.0,0.0,PPAC,1751964598_PT_IMPORT_VAL_RS.CRS._H.xlsx,PT_IMPORT_VALRS_H 2011-12,32.0,1751964622_PT_IMPORT_VAL_US$_H.xlsx,PT_IMPORT_VAL$_H_2011-12,32.0,2026-08-21T15:32:19.538410+00:00,1.0
2011-11-01,2011,2011-12,November,LOBS/ Lube Oil,EXPORT,2.8855567090000003,0.5530005191644308,PPAC,1751964598_PT_IMPORT_VAL_RS.CRS._H.xlsx,PT_IMPORT_VALRS_H 2011-12,33.0,1751964622_PT_IMPORT_VAL_US$_H.xlsx,PT_IMPORT_VAL$_H_2011-12,33.0,2026-08-21T15:32:19.538410+00:00,1.0
2011-11-01,2011,2011-12,November,LOBS/ Lube oil,IMPORT,988.6606242,189.47118133384438,PPAC,1751964598_PT_IMPORT_VAL_RS.CRS._H.xlsx,PT_IMPORT_VALRS_H 2011-12,19.0,1751964622_PT_IMPORT_VAL_US$_H.xlsx,PT_IMPORT_VAL$_H_2011-12,19.0,2026-08-21T15:32:19.538410+00:00,1.0
2011-11-01,2011,2011-12,November,LPG,EXPORT,83.34,15.971636642391722,PPAC,1751964598_PT_IMPORT_VAL_RS.CRS._H.xlsx,PT_IMPORT_VALRS_H 2011-12,26.0,1751964622_PT_IMPORT_VAL_US$_H.xlsx,PT_IMPORT_VAL$_H_2011-12,26.0,2026-08-21T15:32:19.538410+00:00,1.0
2011-11-01,2011,2011-12,November,LPG,IMPORT,1948.68901,378.8983500639326,PPAC,1751964598_PT_IMPORT_VAL_RS.CRS._H.xlsx,PT_IMPORT_VALRS_H 2011-12,13.0,1751964622_PT_IMPORT_VAL_US$_H.xlsx,PT_IMPORT_VAL$_H_2011-12,13.0,2026-08-21T15:32:19.538410+00:00,1.0
2011-11-01,2011,2011-12,November,MS,IMPORT,0.0,0.0,PPAC,1751964598_PT_IMPORT_VAL_RS.CRS._H.xlsx,PT_IMPORT_VALRS_H 2011-12,14.0,1751964622_PT_IMPORT_VAL_US$_H.xlsx,PT_IMPORT_VAL$_H_2011-12,14.0,2026-08-21T15:32:19.538410+00:00,1.0
2011-11-01,2011,2011-12,November,MS!,EXPORT,5065.9683271628755,998.3341751770148,PPAC,1751964598_PT_IMPORT_VAL_RS.CRS._H.xlsx,PT_IMPORT_VALRS_H 2011-12,27.0,1751964622_PT_IMPORT_VAL_US$_H.xlsx,PT_IMPORT_VAL$_H_2011-12,27.0,2026-08-21T15:32:19.538410+00:00,1.0
2011-11-01,2011,2011-12,November,Naphtha,EXPORT,4630.95582574,891.1516818,PPAC,1751964598_PT_IMPORT_VAL_RS.CRS._H.xlsx,PT_IMPORT_VALRS_H 2011-12,28.0,1751964622_PT_IMPORT_VAL_US$_H.xlsx,PT_IMPORT_VAL$_H_2011-12,28.0,2026-08-21T15:32:19.538410+00:00,1.0
2011-11-01,2011,2011-12,November,Naphtha,IMPORT,1149.2541031,220.24673267535454,PPAC,1751964598_PT_IMPORT_VAL_RS.CRS._H.xlsx,PT_IMPORT_VALRS_H 2011-12,15.0,1751964622_PT_IMPORT_VAL_US$_H.xlsx,PT_IMPORT_VAL$_H_2011-12,15.0,2026-08-21T15:32:19.538410+00:00,1.0
2011-11-01,2011,2011-12,November,Others,EXPORT,,191.9399999999996,PPAC,,,,1751964622_PT_IMPORT_VAL_US$_H.xlsx,PT_IMPORT_VAL$_H_2011-12,36.0,,
2011-11-01,2011,2011-12,November,Others%,EXPORT,972.9300000000039,,PPAC,1751964598_PT_IMPORT_VAL_RS.CRS._H.xlsx,PT_IMPORT_VALRS_H 2011-12,36.0,,,,2026-08-21T15:32:19.538410+00:00,1.0
2011-11-01,2011,2011-12,November,Others&,IMPORT,954.0325407635646,184.1332015229974,PPAC,1751964598_PT_IMPORT_VAL_RS.CRS._H.xlsx,PT_IMPORT_VALRS_H 2011-12,22.0,1751964622_PT_IMPORT_VAL_US$_H.xlsx,PT_IMPORT_VAL$_H_2011-12,22.0,2026-08-21T15:32:19.538410+00:00,1.0
2011-11-01,2011,2011-12,November,SKO,EXPORT,13.12,2.5143733231123035,PPAC,1751964598_PT_IMPORT_VAL_RS.CRS._H.xlsx,PT_IMPORT_VALRS_H 2011-12,30.0,1751964622_PT_IMPORT_VAL_US$_H.xlsx,PT_IMPORT_VAL$_H_2011-12,30.0,2026-08-21T15:32:19.538410+00:00,1.0
2011-11-01,2011,2011-12,November,SKO,IMPORT,0.0,0.0,PPAC,1751964598_PT_IMPORT_VAL_RS.CRS._H.xlsx,PT_IMPORT_VALRS_H 2011-12,17.0,1751964622_PT_IMPORT_VAL_US$_H.xlsx,PT_IMPORT_VAL$_H_2011-12,17.0,2026-08-21T15:32:19.538410+00:00,1.0
2011-12-01,2011,2011-12,December,ATF,IMPORT,0.0,0.0,PPAC,1751964598_PT_IMPORT_VAL_RS.CRS._H.xlsx,PT_IMPORT_VALRS_H 2011-12,16.0,1751964622_PT_IMPORT_VAL_US$_H.xlsx,PT_IMPORT_VAL$_H_2011-12,16.0,2026-08-21T15:32:19.538410+00:00,1.0
2011-12-01,2011,2011-12,December,ATF#,EXPORT,2092.62,396.09160358008575,PPAC,1751964598_PT_IMPORT_VAL_RS.CRS._H.xlsx,PT_IMPORT_VALRS_H 2011-12,29.0,1751964622_PT_IMPORT_VAL_US$_H.xlsx,PT_IMPORT_VAL$_H_2011-12,29.0,2026-08-21T15:32:19.538410+00:00,1.0
2011-12-01,2011,2011-12,December,Bitumen,EXPORT,8.2535352,1.5389772888308781,PPAC,1751964598_PT_IMPORT_VAL_RS.CRS._H.xlsx,PT_IMPORT_VALRS_H 2011-12,35.0,1751964622_PT_IMPORT_VAL_US$_H.xlsx,PT_IMPORT_VAL$_H_2011-12,35.0,2026-08-21T15:32:19.538410+00:00,1.0
2011-12-01,2011,2011-12,December,Bitumen,IMPORT,13.8748384,2.587141226925228,PPAC,1751964598_PT_IMPORT_VAL_RS.CRS._H.xlsx,PT_IMPORT_VALRS_H 2011-12,21.0,1751964622_PT_IMPORT_VAL_US$_H.xlsx,PT_IMPORT_VAL$_H_2011-12,21.0,2026-08-21T15:32:19.538410+00:00,1.0
2011-12-01,2011,2011-12,December,CRUDE OIL,IMPORT,57271.521699503974,10986.831158929579,PPAC,1751964598_PT_IMPORT_VAL_RS.CRS._H.xlsx,PT_IMPORT_VALRS_H 2011-12,11.0,1751964622_PT_IMPORT_VAL_US$_H.xlsx,PT_IMPORT_VAL$_H_2011-12,11.0,2026-08-21T15:32:19.538410+00:00,1.0
2011-12-01,2011,2011-12,December,Fuel Oil,EXPORT,2494.7087700783686,477.6372636173158,PPAC,1751964598_PT_IMPORT_VAL_RS.CRS._H.xlsx,PT_IMPORT_VALRS_H 2011-12,34.0,1751964622_PT_IMPORT_VAL_US$_H.xlsx,PT_IMPORT_VAL$_H_2011-12,34.0,2026-08-21T15:32:19.538410+00:00,1.0
2011-12-01,2011,2011-12,December,Fuel Oil,IMPORT,323.96177500000005,60.40634066753683,PPAC,1751964598_PT_IMPORT_VAL_RS.CRS._H.xlsx,PT_IMPORT_VALRS_H 2011-12,20.0,1751964622_PT_IMPORT_VAL_US$_H.xlsx,PT_IMPORT_VAL$_H_2011-12,20.0,2026-08-21T15:32:19.538410+00:00,1.0
2011-12-01,2011,2011-12,December,HSD,EXPORT,9246.247329909416,1764.758618824598,PPAC,1751964598_PT_IMPORT_VAL_RS.CRS._H.xlsx,PT_IMPORT_VALRS_H 2011-12,31.0,1751964622_PT_IMPORT_VAL_US$_H.xlsx,PT_IMPORT_VAL$_H_2011-12,31.0,2026-08-21T15:32:19.538410+00:00,1.0
2011-12-01,2011,2011-12,December,HSD,IMPORT,93.0217385,17.345093884020137,PPAC,1751964598_PT_IMPORT_VAL_RS.CRS._H.xlsx,PT_IMPORT_VALRS_H 2011-12,18.0,1751964622_PT_IMPORT_VAL_US$_H.xlsx,PT_IMPORT_VAL$_H_2011-12,18.0,2026-08-21T15:32:19.538410+00:00,1.0
2011-12-01,2011,2011-12,December,LDO,EXPORT,34.28029600000001,6.392,PPAC,1751964598_PT_IMPORT_VAL_RS.CRS._H.xlsx,PT_IMPORT_VALRS_H 2011-12,32.0,1751964622_PT_IMPORT_VAL_US$_H.xlsx,PT_IMPORT_VAL$_H_2011-12,32.0,2026-08-21T15:32:19.538410+00:00,1.0
2011-12-01,2011,2011-12,December,LOBS/ Lube Oil,EXPORT,28.332569,5.474426440425135,PPAC,1751964598_PT_IMPORT_VAL_RS.CRS._H.xlsx,PT_IMPORT_VALRS_H 2011-12,33.0,1751964622_PT_IMPORT_VAL_US$_H.xlsx,PT_IMPORT_VAL$_H_2011-12,33.0,2026-08-21T15:32:19.538410+00:00,1.0
2011-12-01,2011,2011-12,December,LOBS/ Lube oil,IMPORT,811.3347834,151.28375599477903,PPAC,1751964598_PT_IMPORT_VAL_RS.CRS._H.xlsx,PT_IMPORT_VALRS_H 2011-12,19.0,1751964622_PT_IMPORT_VAL_US$_H.xlsx,PT_IMPORT_VAL$_H_2011-12,19.0,2026-08-21T15:32:19.538410+00:00,1.0
2011-12-01,2011,2011-12,December,LPG,EXPORT,79.19,14.76598918515756,PPAC,1751964598_PT_IMPORT_VAL_RS.CRS._H.xlsx,PT_IMPORT_VALRS_H 2011-12,26.0,1751964622_PT_IMPORT_VAL_US$_H.xlsx,PT_IMPORT_VAL$_H_2011-12,26.0,2026-08-21T15:32:19.538410+00:00,1.0
2011-12-01,2011,2011-12,December,LPG,IMPORT,2170.996041396,413.5743766473988,PPAC,1751964598_PT_IMPORT_VAL_RS.CRS._H.xlsx,PT_IMPORT_VALRS_H 2011-12,13.0,1751964622_PT_IMPORT_VAL_US$_H.xlsx,PT_IMPORT_VAL$_H_2011-12,13.0,2026-08-21T15:32:19.538410+00:00,1.0
2011-12-01,2011,2011-12,December,MS,IMPORT,0.0,0.0,PPAC,1751964598_PT_IMPORT_VAL_RS.CRS._H.xlsx,PT_IMPORT_VALRS_H 2011-12,14.0,1751964622_PT_IMPORT_VAL_US$_H.xlsx,PT_IMPORT_VAL$_H_2011-12,14.0,2026-08-21T15:32:19.538410+00:00,1.0
2011-12-01,2011,2011-12,December,MS!,EXPORT,7383.744329492338,1405.2396961931474,PPAC,1751964598_PT_IMPORT_VAL_RS.CRS._H.xlsx,PT_IMPORT_VALRS_H 2011-12,27.0,1751964622_PT_IMPORT_VAL_US$_H.xlsx,PT_IMPORT_VAL$_H_2011-12,27.0,2026-08-21T15:32:19.538410+00:00,1.0
2011-12-01,2011,2011-12,December,Naphtha,EXPORT,3634.6215843222076,690.8912673101602,PPAC,1751964598_PT_IMPORT_VAL_RS.CRS._H.xlsx,PT_IMPORT_VALRS_H 2011-12,28.0,1751964622_PT_IMPORT_VAL_US$_H.xlsx,PT_IMPORT_VAL$_H_2011-12,28.0,2026-08-21T15:32:19.538410+00:00,1.0
2011-12-01,2011,2011-12,December,Naphtha,IMPORT,1159.9836497,216.29305625582697,PPAC,1751964598_PT_IMPORT_VAL_RS.CRS._H.xlsx,PT_IMPORT_VALRS_H 2011-12,15.0,1751964622_PT_IMPORT_VAL_US$_H.xlsx,PT_IMPORT_VAL$_H_2011-12,15.0,2026-08-21T15:32:19.538410+00:00,1.0
2011-12-01,2011,2011-12,December,Others,EXPORT,,133.02176177512592,PPAC,,,,1751964622_PT_IMPORT_VAL_US$_H.xlsx,PT_IMPORT_VAL$_H_2011-12,36.0,,
2011-12-01,2011,2011-12,December,Others%,EXPORT,703.1167083999972,,PPAC,1751964598_PT_IMPORT_VAL_RS.CRS._H.xlsx,PT_IMPORT_VALRS_H 2011-12,36.0,,,,2026-08-21T15:32:19.538410+00:00,1.0
2011-12-01,2011,2011-12,December,Others&,IMPORT,466.1817351569998,87.51384005542968,PPAC,1751964598_PT_IMPORT_VAL_RS.CRS._H.xlsx,PT_IMPORT_VALRS_H 2011-12,22.0,1751964622_PT_IMPORT_VAL_US$_H.xlsx,PT_IMPORT_VAL$_H_2011-12,22.0,2026-08-21T15:32:19.538410+00:00,1.0
2011-12-01,2011,2011-12,December,SKO,EXPORT,17.92,3.341413388029088,PPAC,1751964598_PT_IMPORT_VAL_RS.CRS._H.xlsx,PT_IMPORT_VALRS_H 2011-12,30.0,1751964622_PT_IMPORT_VAL_US$_H.xlsx,PT_IMPORT_VAL$_H_2011-12,30.0,2026-08-21T15:32:19.538410+00:00,1.0
2011-12-01,2011,2011-12,December,SKO,IMPORT,0.0,0.0,PPAC,1751964598_PT_IMPORT_VAL_RS.CRS._H.xlsx,PT_IMPORT_VALRS_H 2011-12,17.0,1751964622_PT_IMPORT_VAL_US$_H.xlsx,PT_IMPORT_VAL$_H_2011-12,17.0,2026-08-21T15:32:19.538410+00:00,1.0
2012-01-01,2012,2011-12,January,ATF,IMPORT,0.0,0.0,PPAC,1751964598_PT_IMPORT_VAL_RS.CRS._H.xlsx,PT_IMPORT_VALRS_H 2011-12,16.0,1751964622_PT_IMPORT_VAL_US$_H.xlsx,PT_IMPORT_VAL$_H_2011-12,16.0,2026-08-21T15:32:19.538410+00:00,1.0
2012-01-01,2012,2011-12,January,ATF#,EXPORT,1570.2789999999998,308.0674109643858,PPAC,1751964598_PT_IMPORT_VAL_RS.CRS._H.xlsx,PT_IMPORT_VALRS_H 2011-12,29.0,1751964622_PT_IMPORT_VAL_US$_H.xlsx,PT_IMPORT_VAL$_H_2011-12,29.0,2026-08-21T15:32:19.538410+00:00,1.0
2012-01-01,2012,2011-12,January,Bitumen,EXPORT,0.0,0.0,PPAC,1751964598_PT_IMPORT_VAL_RS.CRS._H.xlsx,PT_IMPORT_VALRS_H 2011-12,35.0,1751964622_PT_IMPORT_VAL_US$_H.xlsx,PT_IMPORT_VAL$_H_2011-12,35.0,2026-08-21T15:32:19.538410+00:00,1.0
2012-01-01,2012,2011-12,January,Bitumen,IMPORT,7.4337785,1.4873506402561025,PPAC,1751964598_PT_IMPORT_VAL_RS.CRS._H.xlsx,PT_IMPORT_VALRS_H 2011-12,21.0,1751964622_PT_IMPORT_VAL_US$_H.xlsx,PT_IMPORT_VAL$_H_2011-12,21.0,2026-08-21T15:32:19.538410+00:00,1.0
2012-01-01,2012,2011-12,January,CRUDE OIL,IMPORT,69998.74672691742,13865.360298612304,PPAC,1751964598_PT_IMPORT_VAL_RS.CRS._H.xlsx,PT_IMPORT_VALRS_H 2011-12,11.0,1751964622_PT_IMPORT_VAL_US$_H.xlsx,PT_IMPORT_VAL$_H_2011-12,11.0,2026-08-21T15:32:19.538410+00:00,1.0
2012-01-01,2012,2011-12,January,Fuel Oil,EXPORT,2730.590913751868,538.7490036478337,PPAC,1751964598_PT_IMPORT_VAL_RS.CRS._H.xlsx,PT_IMPORT_VALRS_H 2011-12,34.0,1751964622_PT_IMPORT_VAL_US$_H.xlsx,PT_IMPORT_VAL$_H_2011-12,34.0,2026-08-21T15:32:19.538410+00:00,1.0
2012-01-01,2012,2011-12,January,Fuel Oil,IMPORT,30.1467624,6.031765186074431,PPAC,1751964598_PT_IMPORT_VAL_RS.CRS._H.xlsx,PT_IMPORT_VALRS_H 2011-12,20.0,1751964622_PT_IMPORT_VAL_US$_H.xlsx,PT_IMPORT_VAL$_H_2011-12,20.0,2026-08-21T15:32:19.538410+00:00,1.0
2012-01-01,2012,2011-12,January,HSD,EXPORT,7087.052794285417,1395.4899995428702,PPAC,1751964598_PT_IMPORT_VAL_RS.CRS._H.xlsx,PT_IMPORT_VALRS_H 2011-12,31.0,1751964622_PT_IMPORT_VAL_US$_H.xlsx,PT_IMPORT_VAL$_H_2011-12,31.0,2026-08-21T15:32:19.538410+00:00,1.0
2012-01-01,2012,2011-12,January,HSD,IMPORT,1017.1270852488,208.51438444250172,PPAC,1751964598_PT_IMPORT_VAL_RS.CRS._H.xlsx,PT_IMPORT_VALRS_H 2011-12,18.0,1751964622_PT_IMPORT_VAL_US$_H.xlsx,PT_IMPORT_VAL$_H_2011-12,18.0,2026-08-21T15:32:19.538410+00:00,1.0
2012-01-01,2012,2011-12,January,LDO,EXPORT,0.0,0.0,PPAC,1751964598_PT_IMPORT_VAL_RS.CRS._H.xlsx,PT_IMPORT_VALRS_H 2011-12,32.0,1751964622_PT_IMPORT_VAL_US$_H.xlsx,PT_IMPORT_VAL$_H_2011-12,32.0,2026-08-21T15:32:19.538410+00:00,1.0
2012-01-01,2012,2011-12,January,LOBS/ Lube Oil,EXPORT,36.798209951000004,7.658181319127651,PPAC,1751964598_PT_IMPORT_VAL_RS.CRS._H.xlsx,PT_IMPORT_VALRS_H 2011-12,33.0,1751964622_PT_IMPORT_VAL_US$_H.xlsx,PT_IMPORT_VAL$_H_2011-12,33.0,2026-08-21T15:32:19.538410+00:00,1.0
2012-01-01,2012,2011-12,January,LOBS/ Lube oil,IMPORT,841.8834002,169.76728655462185,PPAC,1751964598_PT_IMPORT_VAL_RS.CRS._H.xlsx,PT_IMPORT_VALRS_H 2011-12,19.0,1751964622_PT_IMPORT_VAL_US$_H.xlsx,PT_IMPORT_VAL$_H_2011-12,19.0,2026-08-21T15:32:19.538410+00:00,1.0
2012-01-01,2012,2011-12,January,LPG,EXPORT,64.687,12.942577030812325,PPAC,1751964598_PT_IMPORT_VAL_RS.CRS._H.xlsx,PT_IMPORT_VALRS_H 2011-12,26.0,1751964622_PT_IMPORT_VAL_US$_H.xlsx,PT_IMPORT_VAL$_H_2011-12,26.0,2026-08-21T15:32:19.538410+00:00,1.0
2012-01-01,2012,2011-12,January,LPG,IMPORT,2348.683694956,479.2960420119247,PPAC,1751964598_PT_IMPORT_VAL_RS.CRS._H.xlsx,PT_IMPORT_VALRS_H 2011-12,13.0,1751964622_PT_IMPORT_VAL_US$_H.xlsx,PT_IMPORT_VAL$_H_2011-12,13.0,2026-08-21T15:32:19.538410+00:00,1.0
2012-01-01,2012,2011-12,January,MS,IMPORT,0.0,0.0,PPAC,1751964598_PT_IMPORT_VAL_RS.CRS._H.xlsx,PT_IMPORT_VALRS_H 2011-12,14.0,1751964622_PT_IMPORT_VAL_US$_H.xlsx,PT_IMPORT_VAL$_H_2011-12,14.0,2026-08-21T15:32:19.538410+00:00,1.0
2012-01-01,2012,2011-12,January,MS!,EXPORT,5834.110212695724,1152.711895922068,PPAC,1751964598_PT_IMPORT_VAL_RS.CRS._H.xlsx,PT_IMPORT_VALRS_H 2011-12,27.0,1751964622_PT_IMPORT_VAL_US$_H.xlsx,PT_IMPORT_VAL$_H_2011-12,27.0,2026-08-21T15:32:19.538410+00:00,1.0
2012-01-01,2012,2011-12,January,Naphtha,EXPORT,3557.941647321224,706.2354870989337,PPAC,1751964598_PT_IMPORT_VAL_RS.CRS._H.xlsx,PT_IMPORT_VALRS_H 2011-12,28.0,1751964622_PT_IMPORT_VAL_US$_H.xlsx,PT_IMPORT_VAL$_H_2011-12,28.0,2026-08-21T15:32:19.538410+00:00,1.0
2012-01-01,2012,2011-12,January,Naphtha,IMPORT,554.8654966,112.0348280512205,PPAC,1751964598_PT_IMPORT_VAL_RS.CRS._H.xlsx,PT_IMPORT_VALRS_H 2011-12,15.0,1751964622_PT_IMPORT_VAL_US$_H.xlsx,PT_IMPORT_VAL$_H_2011-12,15.0,2026-08-21T15:32:19.538410+00:00,1.0
2012-01-01,2012,2011-12,January,Others,EXPORT,,129.0000000000009,PPAC,,,,1751964622_PT_IMPORT_VAL_US$_H.xlsx,PT_IMPORT_VAL$_H_2011-12,36.0,,
2012-01-01,2012,2011-12,January,Others%,EXPORT,660.0,,PPAC,1751964598_PT_IMPORT_VAL_RS.CRS._H.xlsx,PT_IMPORT_VALRS_H 2011-12,36.0,,,,2026-08-21T15:32:19.538410+00:00,1.0
2012-01-01,2012,2011-12,January,Others&,IMPORT,586.2591804000003,117.29875558223296,PPAC,1751964598_PT_IMPORT_VAL_RS.CRS._H.xlsx,PT_IMPORT_VALRS_H 2011-12,22.0,1751964622_PT_IMPORT_VAL_US$_H.xlsx,PT_IMPORT_VAL$_H_2011-12,22.0,2026-08-21T15:32:19.538410+00:00,1.0
2012-01-01,2012,2011-12,January,SKO,EXPORT,23.267,4.6552621048419365,PPAC,1751964598_PT_IMPORT_VAL_RS.CRS._H.xlsx,PT_IMPORT_VALRS_H 2011-12,30.0,1751964622_PT_IMPORT_VAL_US$_H.xlsx,PT_IMPORT_VAL$_H_2011-12,30.0,2026-08-21T15:32:19.538410+00:00,1.0
2012-01-01,2012,2011-12,January,SKO,IMPORT,0.0,0.0,PPAC,1751964598_PT_IMPORT_VAL_RS.CRS._H.xlsx,PT_IMPORT_VALRS_H 2011-12,17.0,1751964622_PT_IMPORT_VAL_US$_H.xlsx,PT_IMPORT_VAL$_H_2011-12,17.0,2026-08-21T15:32:19.538410+00:00,1.0
2012-02-01,2012,2011-12,February,ATF,IMPORT,0.0,0.0,PPAC,1751964598_PT_IMPORT_VAL_RS.CRS._H.xlsx,PT_IMPORT_VALRS_H 2011-12,16.0,1751964622_PT_IMPORT_VAL_US$_H.xlsx,PT_IMPORT_VAL$_H_2011-12,16.0,2026-08-21T15:32:19.538410+00:00,1.0
2012-02-01,2012,2011-12,February,ATF#,EXPORT,1256.92,254.63893376413571,PPAC,1751964598_PT_IMPORT_VAL_RS.CRS._H.xlsx,PT_IMPORT_VALRS_H 2011-12,29.0,1751964622_PT_IMPORT_VAL_US$_H.xlsx,PT_IMPORT_VAL$_H_2011-12,29.0,2026-08-21T15:32:19.538410+00:00,1.0
2012-02-01,2012,2011-12,February,Bitumen,EXPORT,0.9825816,0.1984211631663974,PPAC,1751964598_PT_IMPORT_VAL_RS.CRS._H.xlsx,PT_IMPORT_VALRS_H 2011-12,35.0,1751964622_PT_IMPORT_VAL_US$_H.xlsx,PT_IMPORT_VAL$_H_2011-12,35.0,2026-08-21T15:32:19.538410+00:00,1.0
2012-02-01,2012,2011-12,February,Bitumen,IMPORT,41.4731932,8.37503901453958,PPAC,1751964598_PT_IMPORT_VAL_RS.CRS._H.xlsx,PT_IMPORT_VALRS_H 2011-12,21.0,1751964622_PT_IMPORT_VAL_US$_H.xlsx,PT_IMPORT_VAL$_H_2011-12,21.0,2026-08-21T15:32:19.538410+00:00,1.0
2012-02-01,2012,2011-12,February,CRUDE OIL,IMPORT,58893.911486386314,11754.857065265376,PPAC,1751964598_PT_IMPORT_VAL_RS.CRS._H.xlsx,PT_IMPORT_VALRS_H 2011-12,11.0,1751964622_PT_IMPORT_VAL_US$_H.xlsx,PT_IMPORT_VAL$_H_2011-12,11.0,2026-08-21T15:32:19.538410+00:00,1.0
2012-02-01,2012,2011-12,February,Fuel Oil,EXPORT,2144.3810468450893,437.8432151292868,PPAC,1751964598_PT_IMPORT_VAL_RS.CRS._H.xlsx,PT_IMPORT_VALRS_H 2011-12,34.0,1751964622_PT_IMPORT_VAL_US$_H.xlsx,PT_IMPORT_VAL$_H_2011-12,34.0,2026-08-21T15:32:19.538410+00:00,1.0
2012-02-01,2012,2011-12,February,Fuel Oil,IMPORT,705.020090366,140.94266768038773,PPAC,1751964598_PT_IMPORT_VAL_RS.CRS._H.xlsx,PT_IMPORT_VALRS_H 2011-12,20.0,1751964622_PT_IMPORT_VAL_US$_H.xlsx,PT_IMPORT_VAL$_H_2011-12,20.0,2026-08-21T15:32:19.538410+00:00,1.0
2012-02-01,2012,2011-12,February,HSD,EXPORT,6473.863117105417,1315.0845970645248,PPAC,1751964598_PT_IMPORT_VAL_RS.CRS._H.xlsx,PT_IMPORT_VALRS_H 2011-12,31.0,1751964622_PT_IMPORT_VAL_US$_H.xlsx,PT_IMPORT_VAL$_H_2011-12,31.0,2026-08-21T15:32:19.538410+00:00,1.0
2012-02-01,2012,2011-12,February,HSD,IMPORT,315.22893526900003,63.65689322599354,PPAC,1751964598_PT_IMPORT_VAL_RS.CRS._H.xlsx,PT_IMPORT_VALRS_H 2011-12,18.0,1751964622_PT_IMPORT_VAL_US$_H.xlsx,PT_IMPORT_VAL$_H_2011-12,18.0,2026-08-21T15:32:19.538410+00:00,1.0
2012-02-01,2012,2011-12,February,LDO,EXPORT,35.030448,7.074,PPAC,1751964598_PT_IMPORT_VAL_RS.CRS._H.xlsx,PT_IMPORT_VALRS_H 2011-12,32.0,1751964622_PT_IMPORT_VAL_US$_H.xlsx,PT_IMPORT_VAL$_H_2011-12,32.0,2026-08-21T15:32:19.538410+00:00,1.0
2012-02-01,2012,2011-12,February,LOBS/ Lube Oil,EXPORT,67.785231002,13.526503884087237,PPAC,1751964598_PT_IMPORT_VAL_RS.CRS._H.xlsx,PT_IMPORT_VALRS_H 2011-12,33.0,1751964622_PT_IMPORT_VAL_US$_H.xlsx,PT_IMPORT_VAL$_H_2011-12,33.0,2026-08-21T15:32:19.538410+00:00,1.0
2012-02-01,2012,2011-12,February,LOBS/ Lube oil,IMPORT,609.3827839999999,123.05751615508883,PPAC,1751964598_PT_IMPORT_VAL_RS.CRS._H.xlsx,PT_IMPORT_VALRS_H 2011-12,19.0,1751964622_PT_IMPORT_VAL_US$_H.xlsx,PT_IMPORT_VAL$_H_2011-12,19.0,2026-08-21T15:32:19.538410+00:00,1.0
2012-02-01,2012,2011-12,February,LPG,EXPORT,105.52,21.308562197092083,PPAC,1751964598_PT_IMPORT_VAL_RS.CRS._H.xlsx,PT_IMPORT_VALRS_H 2011-12,26.0,1751964622_PT_IMPORT_VAL_US$_H.xlsx,PT_IMPORT_VAL$_H_2011-12,26.0,2026-08-21T15:32:19.538410+00:00,1.0
2012-02-01,2012,2011-12,February,LPG,IMPORT,2704.220835663,548.28637876063,PPAC,1751964598_PT_IMPORT_VAL_RS.CRS._H.xlsx,PT_IMPORT_VALRS_H 2011-12,13.0,1751964622_PT_IMPORT_VAL_US$_H.xlsx,PT_IMPORT_VAL$_H_2011-12,13.0,2026-08-21T15:32:19.538410+00:00,1.0
2012-02-01,2012,2011-12,February,MS,IMPORT,0.0,0.0,PPAC,1751964598_PT_IMPORT_VAL_RS.CRS._H.xlsx,PT_IMPORT_VALRS_H 2011-12,14.0,1751964622_PT_IMPORT_VAL_US$_H.xlsx,PT_IMPORT_VAL$_H_2011-12,14.0,2026-08-21T15:32:19.538410+00:00,1.0
2012-02-01,2012,2011-12,February,MS!,EXPORT,5704.566346427834,1160.2264573623347,PPAC,1751964598_PT_IMPORT_VAL_RS.CRS._H.xlsx,PT_IMPORT_VALRS_H 2011-12,27.0,1751964622_PT_IMPORT_VAL_US$_H.xlsx,PT_IMPORT_VAL$_H_2011-12,27.0,2026-08-21T15:32:19.538410+00:00,1.0
2012-02-01,2012,2011-12,February,Naphtha,EXPORT,4085.7089225009927,837.6138399245508,PPAC,1751964598_PT_IMPORT_VAL_RS.CRS._H.xlsx,PT_IMPORT_VALRS_H 2011-12,28.0,1751964622_PT_IMPORT_VAL_US$_H.xlsx,PT_IMPORT_VAL$_H_2011-12,28.0,2026-08-21T15:32:19.538410+00:00,1.0
2012-02-01,2012,2011-12,February,Naphtha,IMPORT,555.091305874,112.09436709479806,PPAC,1751964598_PT_IMPORT_VAL_RS.CRS._H.xlsx,PT_IMPORT_VALRS_H 2011-12,15.0,1751964622_PT_IMPORT_VAL_US$_H.xlsx,PT_IMPORT_VAL$_H_2011-12,15.0,2026-08-21T15:32:19.538410+00:00,1.0
2012-02-01,2012,2011-12,February,Others,EXPORT,,210.3435679321483,PPAC,,,,1751964622_PT_IMPORT_VAL_US$_H.xlsx,PT_IMPORT_VAL$_H_2011-12,36.0,,
2012-02-01,2012,2011-12,February,Others%,EXPORT,1041.0567084000031,,PPAC,1751964598_PT_IMPORT_VAL_RS.CRS._H.xlsx,PT_IMPORT_VALRS_H 2011-12,36.0,,,,2026-08-21T15:32:19.538410+00:00,1.0
2012-02-01,2012,2011-12,February,Others&,IMPORT,519.2305162519997,104.852689068514,PPAC,1751964598_PT_IMPORT_VAL_RS.CRS._H.xlsx,PT_IMPORT_VALRS_H 2011-12,22.0,1751964622_PT_IMPORT_VAL_US$_H.xlsx,PT_IMPORT_VAL$_H_2011-12,22.0,2026-08-21T15:32:19.538410+00:00,1.0
2012-02-01,2012,2011-12,February,SKO,EXPORT,21.23,4.287156704361874,PPAC,1751964598_PT_IMPORT_VAL_RS.CRS._H.xlsx,PT_IMPORT_VALRS_H 2011-12,30.0,1751964622_PT_IMPORT_VAL_US$_H.xlsx,PT_IMPORT_VAL$_H_2011-12,30.0,2026-08-21T15:32:19.538410+00:00,1.0
2012-02-01,2012,2011-12,February,SKO,IMPORT,0.0,0.0,PPAC,1751964598_PT_IMPORT_VAL_RS.CRS._H.xlsx,PT_IMPORT_VALRS_H 2011-12,17.0,1751964622_PT_IMPORT_VAL_US$_H.xlsx,PT_IMPORT_VAL$_H_2011-12,17.0,2026-08-21T15:32:19.538410+00:00,1.0
2012-03-01,2012,2011-12,March,ATF,IMPORT,0.0,0.0,PPAC,1751964598_PT_IMPORT_VAL_RS.CRS._H.xlsx,PT_IMPORT_VALRS_H 2011-12,16.0,1751964622_PT_IMPORT_VAL_US$_H.xlsx,PT_IMPORT_VAL$_H_2011-12,16.0,2026-08-21T15:32:19.538410+00:00,1.0
2012-03-01,2012,2011-12,March,ATF#,EXPORT,1331.6100000000001,262.7709579897919,PPAC,1751964598_PT_IMPORT_VAL_RS.CRS._H.xlsx,PT_IMPORT_VALRS_H 2011-12,29.0,1751964622_PT_IMPORT_VAL_US$_H.xlsx,PT_IMPORT_VAL$_H_2011-12,29.0,2026-08-21T15:32:19.538410+00:00,1.0
2012-03-01,2012,2011-12,March,Bitumen,EXPORT,0.2630561,0.05164038084020416,PPAC,1751964598_PT_IMPORT_VAL_RS.CRS._H.xlsx,PT_IMPORT_VALRS_H 2011-12,35.0,1751964622_PT_IMPORT_VAL_US$_H.xlsx,PT_IMPORT_VAL$_H_2011-12,35.0,2026-08-21T15:32:19.538410+00:00,1.0
2012-03-01,2012,2011-12,March,Bitumen,IMPORT,55.8586278,10.965572791519435,PPAC,1751964598_PT_IMPORT_VAL_RS.CRS._H.xlsx,PT_IMPORT_VALRS_H 2011-12,21.0,1751964622_PT_IMPORT_VAL_US$_H.xlsx,PT_IMPORT_VAL$_H_2011-12,21.0,2026-08-21T15:32:19.538410+00:00,1.0
2012-03-01,2012,2011-12,March,CRUDE OIL,IMPORT,68483.48624470847,13573.8401672584,PPAC,1751964598_PT_IMPORT_VAL_RS.CRS._H.xlsx,PT_IMPORT_VALRS_H 2011-12,11.0,1751964622_PT_IMPORT_VAL_US$_H.xlsx,PT_IMPORT_VAL$_H_2011-12,11.0,2026-08-21T15:32:19.538410+00:00,1.0
2012-03-01,2012,2011-12,March,Fuel Oil,EXPORT,2230.207691335345,447.52411609082094,PPAC,1751964598_PT_IMPORT_VAL_RS.CRS._H.xlsx,PT_IMPORT_VALRS_H 2011-12,34.0,1751964622_PT_IMPORT_VAL_US$_H.xlsx,PT_IMPORT_VAL$_H_2011-12,34.0,2026-08-21T15:32:19.538410+00:00,1.0
2012-03-01,2012,2011-12,March,Fuel Oil,IMPORT,352.2425852,69.14877659942286,PPAC,1751964598_PT_IMPORT_VAL_RS.CRS._H.xlsx,PT_IMPORT_VALRS_H 2011-12,20.0,1751964622_PT_IMPORT_VAL_US$_H.xlsx,PT_IMPORT_VAL$_H_2011-12,20.0,2026-08-21T15:32:19.538410+00:00,1.0
2012-03-01,2012,2011-12,March,HSD,EXPORT,11713.695838343416,2321.2774094213864,PPAC,1751964598_PT_IMPORT_VAL_RS.CRS._H.xlsx,PT_IMPORT_VALRS_H 2011-12,31.0,1751964622_PT_IMPORT_VAL_US$_H.xlsx,PT_IMPORT_VAL$_H_2011-12,31.0,2026-08-21T15:32:19.538410+00:00,1.0
2012-03-01,2012,2011-12,March,HSD,IMPORT,18.2829722,3.5891190027483315,PPAC,1751964598_PT_IMPORT_VAL_RS.CRS._H.xlsx,PT_IMPORT_VALRS_H 2011-12,18.0,1751964622_PT_IMPORT_VAL_US$_H.xlsx,PT_IMPORT_VAL$_H_2011-12,18.0,2026-08-21T15:32:19.538410+00:00,1.0
2012-03-01,2012,2011-12,March,LDO,EXPORT,39.1,7.675,PPAC,1751964598_PT_IMPORT_VAL_RS.CRS._H.xlsx,PT_IMPORT_VALRS_H 2011-12,32.0,1751964622_PT_IMPORT_VAL_US$_H.xlsx,PT_IMPORT_VAL$_H_2011-12,32.0,2026-08-21T15:32:19.538410+00:00,1.0
2012-03-01,2012,2011-12,March,LOBS/ Lube Oil,EXPORT,23.888681434000002,4.795214073812328,PPAC,1751964598_PT_IMPORT_VAL_RS.CRS._H.xlsx,PT_IMPORT_VALRS_H 2011-12,33.0,1751964622_PT_IMPORT_VAL_US$_H.xlsx,PT_IMPORT_VAL$_H_2011-12,33.0,2026-08-21T15:32:19.538410+00:00,1.0
2012-03-01,2012,2011-12,March,LOBS/ Lube oil,IMPORT,678.829076,133.26142716921868,PPAC,1751964598_PT_IMPORT_VAL_RS.CRS._H.xlsx,PT_IMPORT_VALRS_H 2011-12,19.0,1751964622_PT_IMPORT_VAL_US$_H.xlsx,PT_IMPORT_VAL$_H_2011-12,19.0,2026-08-21T15:32:19.538410+00:00,1.0
2012-03-01,2012,2011-12,March,LPG,EXPORT,113.4,22.26148409893993,PPAC,1751964598_PT_IMPORT_VAL_RS.CRS._H.xlsx,PT_IMPORT_VALRS_H 2011-12,26.0,1751964622_PT_IMPORT_VAL_US$_H.xlsx,PT_IMPORT_VAL$_H_2011-12,26.0,2026-08-21T15:32:19.538410+00:00,1.0
2012-03-01,2012,2011-12,March,LPG,IMPORT,3620.0364326000004,716.2138971354534,PPAC,1751964598_PT_IMPORT_VAL_RS.CRS._H.xlsx,PT_IMPORT_VALRS_H 2011-12,13.0,1751964622_PT_IMPORT_VAL_US$_H.xlsx,PT_IMPORT_VAL$_H_2011-12,13.0,2026-08-21T15:32:19.538410+00:00,1.0
2012-03-01,2012,2011-12,March,MS,IMPORT,0.0,0.0,PPAC,1751964598_PT_IMPORT_VAL_RS.CRS._H.xlsx,PT_IMPORT_VALRS_H 2011-12,14.0,1751964622_PT_IMPORT_VAL_US$_H.xlsx,PT_IMPORT_VAL$_H_2011-12,14.0,2026-08-21T15:32:19.538410+00:00,1.0
2012-03-01,2012,2011-12,March,MS!,EXPORT,9114.234525293574,1808.6919588279484,PPAC,1751964598_PT_IMPORT_VAL_RS.CRS._H.xlsx,PT_IMPORT_VALRS_H 2011-12,27.0,1751964622_PT_IMPORT_VAL_US$_H.xlsx,PT_IMPORT_VAL$_H_2011-12,27.0,2026-08-21T15:32:19.538410+00:00,1.0
2012-03-01,2012,2011-12,March,Naphtha,EXPORT,4578.090484768233,907.4481458616347,PPAC,1751964598_PT_IMPORT_VAL_RS.CRS._H.xlsx,PT_IMPORT_VALRS_H 2011-12,28.0,1751964622_PT_IMPORT_VAL_US$_H.xlsx,PT_IMPORT_VAL$_H_2011-12,28.0,2026-08-21T15:32:19.538410+00:00,1.0
2012-03-01,2012,2011-12,March,Naphtha,IMPORT,956.8930968,187.84688696707107,PPAC,1751964598_PT_IMPORT_VAL_RS.CRS._H.xlsx,PT_IMPORT_VALRS_H 2011-12,15.0,1751964622_PT_IMPORT_VAL_US$_H.xlsx,PT_IMPORT_VAL$_H_2011-12,15.0,2026-08-21T15:32:19.538410+00:00,1.0
2012-03-01,2012,2011-12,March,Others,EXPORT,,252.8726080775432,PPAC,,,,1751964622_PT_IMPORT_VAL_US$_H.xlsx,PT_IMPORT_VAL$_H_2011-12,36.0,,
2012-03-01,2012,2011-12,March,Others%,EXPORT,1274.8985952000003,,PPAC,1751964598_PT_IMPORT_VAL_RS.CRS._H.xlsx,PT_IMPORT_VALRS_H 2011-12,36.0,,,,2026-08-21T15:32:19.538410+00:00,1.0
2012-03-01,2012,2011-12,March,Others&,IMPORT,642.0443250079998,125.75950755325084,PPAC,1751964598_PT_IMPORT_VAL_RS.CRS._H.xlsx,PT_IMPORT_VALRS_H 2011-12,22.0,1751964622_PT_IMPORT_VAL_US$_H.xlsx,PT_IMPORT_VAL$_H_2011-12,22.0,2026-08-21T15:32:19.538410+00:00,1.0
2012-03-01,2012,2011-12,March,SKO,EXPORT,21.48,4.216725559481744,PPAC,1751964598_PT_IMPORT_VAL_RS.CRS._H.xlsx,PT_IMPORT_VALRS_H 2011-12,30.0,1751964622_PT_IMPORT_VAL_US$_H.xlsx,PT_IMPORT_VAL$_H_2011-12,30.0,2026-08-21T15:32:19.538410+00:00,1.0
2012-03-01,2012,2011-12,March,SKO,IMPORT,0.0,0.0,PPAC,1751964598_PT_IMPORT_VAL_RS.CRS._H.xlsx,PT_IMPORT_VALRS_H 2011-12,17.0,1751964622_PT_IMPORT_VAL_US$_H.xlsx,PT_IMPORT_VAL$_H_2011-12,17.0,2026-08-21T15:32:19.538410+00:00,1.0
2012-04-01,2012,2012-13,April,ATF,IMPORT,0.0,0.0,PPAC,1751964598_PT_IMPORT_VAL_RS.CRS._H.xlsx,PT_IMPORT_VALRS_H 2012-13 ,16.0,1751964622_PT_IMPORT_VAL_US$_H.xlsx,PT_IMPORT_VAL$_H_2012-13,16.0,2026-08-21T15:32:19.524581+00:00,1.0
2012-04-01,2012,2012-13,April,ATF#,EXPORT,1624.91692118,313.1527790867931,PPAC,1751964598_PT_IMPORT_VAL_RS.CRS._H.xlsx,PT_IMPORT_VALRS_H 2012-13 ,29.0,1751964622_PT_IMPORT_VAL_US$_H.xlsx,PT_IMPORT_VAL$_H_2012-13,29.0,2026-08-21T15:32:19.524581+00:00,1.0
2012-04-01,2012,2012-13,April,Bitumen,EXPORT,11.7335894,2.212632359042052,PPAC,1751964598_PT_IMPORT_VAL_RS.CRS._H.xlsx,PT_IMPORT_VALRS_H 2012-13 ,35.0,1751964622_PT_IMPORT_VAL_US$_H.xlsx,PT_IMPORT_VAL$_H_2012-13,35.0,2026-08-21T15:32:19.524581+00:00,1.0
2012-04-01,2012,2012-13,April,Bitumen,IMPORT,16.7245847,3.1537968508391483,PPAC,1751964598_PT_IMPORT_VAL_RS.CRS._H.xlsx,PT_IMPORT_VALRS_H 2012-13 ,21.0,1751964622_PT_IMPORT_VAL_US$_H.xlsx,PT_IMPORT_VAL$_H_2012-13,21.0,2026-08-21T15:32:19.524581+00:00,1.0
2012-04-01,2012,2012-13,April,CRUDE OIL,IMPORT,68136.59341412263,12891.373809482466,PPAC,1751964598_PT_IMPORT_VAL_RS.CRS._H.xlsx,PT_IMPORT_VALRS_H 2012-13 ,11.0,1751964622_PT_IMPORT_VAL_US$_H.xlsx,PT_IMPORT_VAL$_H_2012-13,11.0,2026-08-21T15:32:19.524581+00:00,1.0
2012-04-01,2012,2012-13,April,Fuel Oil,EXPORT,1826.8558910320735,351.6399996470665,PPAC,1751964598_PT_IMPORT_VAL_RS.CRS._H.xlsx,PT_IMPORT_VALRS_H 2012-13 ,34.0,1751964622_PT_IMPORT_VAL_US$_H.xlsx,PT_IMPORT_VAL$_H_2012-13,34.0,2026-08-21T15:32:19.524581+00:00,1.0
2012-04-01,2012,2012-13,April,Fuel Oil,IMPORT,544.5550778209999,103.85572120421787,PPAC,1751964598_PT_IMPORT_VAL_RS.CRS._H.xlsx,PT_IMPORT_VALRS_H 2012-13 ,20.0,1751964622_PT_IMPORT_VAL_US$_H.xlsx,PT_IMPORT_VAL$_H_2012-13,20.0,2026-08-21T15:32:19.524581+00:00,1.0
2012-04-01,2012,2012-13,April,HSD,EXPORT,6967.3650401859995,1340.2853081841834,PPAC,1751964598_PT_IMPORT_VAL_RS.CRS._H.xlsx,PT_IMPORT_VALRS_H 2012-13 ,31.0,1751964622_PT_IMPORT_VAL_US$_H.xlsx,PT_IMPORT_VAL$_H_2012-13,31.0,2026-08-21T15:32:19.524581+00:00,1.0
2012-04-01,2012,2012-13,April,HSD,IMPORT,715.2465315,136.2100623001056,PPAC,1751964598_PT_IMPORT_VAL_RS.CRS._H.xlsx,PT_IMPORT_VALRS_H 2012-13 ,18.0,1751964622_PT_IMPORT_VAL_US$_H.xlsx,PT_IMPORT_VAL$_H_2012-13,18.0,2026-08-21T15:32:19.524581+00:00,1.0
2012-04-01,2012,2012-13,April,LDO,EXPORT,40.41,7.62,PPAC,1751964598_PT_IMPORT_VAL_RS.CRS._H.xlsx,PT_IMPORT_VALRS_H 2012-13 ,32.0,1751964622_PT_IMPORT_VAL_US$_H.xlsx,PT_IMPORT_VAL$_H_2012-13,32.0,2026-08-21T15:32:19.524581+00:00,1.0
2012-04-01,2012,2012-13,April,LOBS/ Lube Oil,EXPORT,54.036035415,6.165426991299264,PPAC,1751964598_PT_IMPORT_VAL_RS.CRS._H.xlsx,PT_IMPORT_VALRS_H 2012-13 ,33.0,1751964622_PT_IMPORT_VAL_US$_H.xlsx,PT_IMPORT_VAL$_H_2012-13,33.0,2026-08-21T15:32:19.524581+00:00,1.0
2012-04-01,2012,2012-13,April,LOBS/ Lube oil,IMPORT,799.5155833,150.7666572317556,PPAC,1751964598_PT_IMPORT_VAL_RS.CRS._H.xlsx,PT_IMPORT_VALRS_H 2012-13 ,19.0,1751964622_PT_IMPORT_VAL_US$_H.xlsx,PT_IMPORT_VAL$_H_2012-13,19.0,2026-08-21T15:32:19.524581+00:00,1.0
2012-04-01,2012,2012-13,April,LPG,EXPORT,130.683,23.610298102981027,PPAC,1751964598_PT_IMPORT_VAL_RS.CRS._H.xlsx,PT_IMPORT_VALRS_H 2012-13 ,26.0,1751964622_PT_IMPORT_VAL_US$_H.xlsx,PT_IMPORT_VAL$_H_2012-13,26.0,2026-08-21T15:32:19.524581+00:00,1.0
2012-04-01,2012,2012-13,April,LPG,IMPORT,3581.50300906,676.7005330296058,PPAC,1751964598_PT_IMPORT_VAL_RS.CRS._H.xlsx,PT_IMPORT_VALRS_H 2012-13 ,13.0,1751964622_PT_IMPORT_VAL_US$_H.xlsx,PT_IMPORT_VAL$_H_2012-13,13.0,2026-08-21T15:32:19.524581+00:00,1.0
2012-04-01,2012,2012-13,April,MS,IMPORT,0.0,0.0,PPAC,1751964598_PT_IMPORT_VAL_RS.CRS._H.xlsx,PT_IMPORT_VALRS_H 2012-13 ,14.0,1751964622_PT_IMPORT_VAL_US$_H.xlsx,PT_IMPORT_VAL$_H_2012-13,14.0,2026-08-21T15:32:19.524581+00:00,1.0
2012-04-01,2012,2012-13,April,MS!,EXPORT,7366.804137521033,1422.769494946743,PPAC,1751964598_PT_IMPORT_VAL_RS.CRS._H.xlsx,PT_IMPORT_VALRS_H 2012-13 ,27.0,1751964622_PT_IMPORT_VAL_US$_H.xlsx,PT_IMPORT_VAL$_H_2012-13,27.0,2026-08-21T15:32:19.524581+00:00,1.0
2012-04-01,2012,2012-13,April,Naphtha,EXPORT,3512.224446297954,667.9458453483206,PPAC,1751964598_PT_IMPORT_VAL_RS.CRS._H.xlsx,PT_IMPORT_VALRS_H 2012-13 ,28.0,1751964622_PT_IMPORT_VAL_US$_H.xlsx,PT_IMPORT_VAL$_H_2012-13,28.0,2026-08-21T15:32:19.524581+00:00,1.0
2012-04-01,2012,2012-13,April,Naphtha,IMPORT,787.6158465000001,148.52269404110882,PPAC,1751964598_PT_IMPORT_VAL_RS.CRS._H.xlsx,PT_IMPORT_VALRS_H 2012-13 ,15.0,1751964622_PT_IMPORT_VAL_US$_H.xlsx,PT_IMPORT_VAL$_H_2012-13,15.0,2026-08-21T15:32:19.524581+00:00,1.0
2012-04-01,2012,2012-13,April,Others,EXPORT,,160.24047640664594,PPAC,,,,1751964622_PT_IMPORT_VAL_US$_H.xlsx,PT_IMPORT_VAL$_H_2012-13,36.0,,
2012-04-01,2012,2012-13,April,Others%,EXPORT,818.3496962249956,,PPAC,1751964598_PT_IMPORT_VAL_RS.CRS._H.xlsx,PT_IMPORT_VALRS_H 2012-13 ,36.0,,,,2026-08-21T15:32:19.524581+00:00,1.0
2012-04-01,2012,2012-13,April,Others&,IMPORT,571.3451634000003,107.73998932679592,PPAC,1751964598_PT_IMPORT_VAL_RS.CRS._H.xlsx,PT_IMPORT_VALRS_H 2012-13 ,22.0,1751964622_PT_IMPORT_VAL_US$_H.xlsx,PT_IMPORT_VAL$_H_2012-13,22.0,2026-08-21T15:32:19.524581+00:00,1.0
2012-04-01,2012,2012-13,April,SKO,EXPORT,12.117,2.189159891598916,PPAC,1751964598_PT_IMPORT_VAL_RS.CRS._H.xlsx,PT_IMPORT_VALRS_H 2012-13 ,30.0,1751964622_PT_IMPORT_VAL_US$_H.xlsx,PT_IMPORT_VAL$_H_2012-13,30.0,2026-08-21T15:32:19.524581+00:00,1.0
2012-04-01,2012,2012-13,April,SKO,IMPORT,0.0,0.0,PPAC,1751964598_PT_IMPORT_VAL_RS.CRS._H.xlsx,PT_IMPORT_VALRS_H 2012-13 ,17.0,1751964622_PT_IMPORT_VAL_US$_H.xlsx,PT_IMPORT_VAL$_H_2012-13,17.0,2026-08-21T15:32:19.524581+00:00,1.0
2012-05-01,2012,2012-13,May,ATF,IMPORT,0.0,0.0,PPAC,1751964598_PT_IMPORT_VAL_RS.CRS._H.xlsx,PT_IMPORT_VALRS_H 2012-13 ,16.0,1751964622_PT_IMPORT_VAL_US$_H.xlsx,PT_IMPORT_VAL$_H_2012-13,16.0,2026-08-21T15:32:19.524581+00:00,1.0
2012-05-01,2012,2012-13,May,ATF#,EXPORT,1752.143103179,319.5630703090515,PPAC,1751964598_PT_IMPORT_VAL_RS.CRS._H.xlsx,PT_IMPORT_VALRS_H 2012-13 ,29.0,1751964622_PT_IMPORT_VAL_US$_H.xlsx,PT_IMPORT_VAL$_H_2012-13,29.0,2026-08-21T15:32:19.524581+00:00,1.0
2012-05-01,2012,2012-13,May,Bitumen,EXPORT,21.5487928,3.8931874977416436,PPAC,1751964598_PT_IMPORT_VAL_RS.CRS._H.xlsx,PT_IMPORT_VALRS_H 2012-13 ,35.0,1751964622_PT_IMPORT_VAL_US$_H.xlsx,PT_IMPORT_VAL$_H_2012-13,35.0,2026-08-21T15:32:19.524581+00:00,1.0
2012-05-01,2012,2012-13,May,Bitumen,IMPORT,37.5389495,6.782104697380307,PPAC,1751964598_PT_IMPORT_VAL_RS.CRS._H.xlsx,PT_IMPORT_VALRS_H 2012-13 ,21.0,1751964622_PT_IMPORT_VAL_US$_H.xlsx,PT_IMPORT_VAL$_H_2012-13,21.0,2026-08-21T15:32:19.524581+00:00,1.0
2012-05-01,2012,2012-13,May,CRUDE OIL,IMPORT,67715.90623482721,12496.313061751356,PPAC,1751964598_PT_IMPORT_VAL_RS.CRS._H.xlsx,PT_IMPORT_VALRS_H 2012-13 ,11.0,1751964622_PT_IMPORT_VAL_US$_H.xlsx,PT_IMPORT_VAL$_H_2012-13,11.0,2026-08-21T15:32:19.524581+00:00,1.0
2012-05-01,2012,2012-13,May,Fuel Oil,EXPORT,1226.2122948685926,222.04871439788562,PPAC,1751964598_PT_IMPORT_VAL_RS.CRS._H.xlsx,PT_IMPORT_VALRS_H 2012-13 ,34.0,1751964622_PT_IMPORT_VAL_US$_H.xlsx,PT_IMPORT_VAL$_H_2012-13,34.0,2026-08-21T15:32:19.524581+00:00,1.0
2012-05-01,2012,2012-13,May,Fuel Oil,IMPORT,247.0521795,44.63454010840108,PPAC,1751964598_PT_IMPORT_VAL_RS.CRS._H.xlsx,PT_IMPORT_VALRS_H 2012-13 ,20.0,1751964622_PT_IMPORT_VAL_US$_H.xlsx,PT_IMPORT_VAL$_H_2012-13,20.0,2026-08-21T15:32:19.524581+00:00,1.0
2012-05-01,2012,2012-13,May,HSD,EXPORT,8222.383398155,1504.4520321869918,PPAC,1751964598_PT_IMPORT_VAL_RS.CRS._H.xlsx,PT_IMPORT_VALRS_H 2012-13 ,31.0,1751964622_PT_IMPORT_VAL_US$_H.xlsx,PT_IMPORT_VAL$_H_2012-13,31.0,2026-08-21T15:32:19.524581+00:00,1.0
2012-05-01,2012,2012-13,May,HSD,IMPORT,567.4807898,103.94354525762422,PPAC,1751964598_PT_IMPORT_VAL_RS.CRS._H.xlsx,PT_IMPORT_VALRS_H 2012-13 ,18.0,1751964622_PT_IMPORT_VAL_US$_H.xlsx,PT_IMPORT_VAL$_H_2012-13,18.0,2026-08-21T15:32:19.524581+00:00,1.0
2012-05-01,2012,2012-13,May,LDO,EXPORT,0.0,0.0,PPAC,1751964598_PT_IMPORT_VAL_RS.CRS._H.xlsx,PT_IMPORT_VALRS_H 2012-13 ,32.0,1751964622_PT_IMPORT_VAL_US$_H.xlsx,PT_IMPORT_VAL$_H_2012-13,32.0,2026-08-21T15:32:19.524581+00:00,1.0
2012-05-01,2012,2012-13,May,LOBS/ Lube Oil,EXPORT,97.241011895,17.278276765130983,PPAC,1751964598_PT_IMPORT_VAL_RS.CRS._H.xlsx,PT_IMPORT_VALRS_H 2012-13 ,33.0,1751964622_PT_IMPORT_VAL_US$_H.xlsx,PT_IMPORT_VAL$_H_2012-13,33.0,2026-08-21T15:32:19.524581+00:00,1.0
2012-05-01,2012,2012-13,May,LOBS/ Lube oil,IMPORT,1077.6532862,194.69797401987353,PPAC,1751964598_PT_IMPORT_VAL_RS.CRS._H.xlsx,PT_IMPORT_VALRS_H 2012-13 ,19.0,1751964622_PT_IMPORT_VAL_US$_H.xlsx,PT_IMPORT_VAL$_H_2012-13,19.0,2026-08-21T15:32:19.524581+00:00,1.0
2012-05-01,2012,2012-13,May,LPG,EXPORT,114.431,20.674074074074074,PPAC,1751964598_PT_IMPORT_VAL_RS.CRS._H.xlsx,PT_IMPORT_VALRS_H 2012-13 ,26.0,1751964622_PT_IMPORT_VAL_US$_H.xlsx,PT_IMPORT_VAL$_H_2012-13,26.0,2026-08-21T15:32:19.524581+00:00,1.0
2012-05-01,2012,2012-13,May,LPG,IMPORT,3062.9691056449997,554.4776255691056,PPAC,1751964598_PT_IMPORT_VAL_RS.CRS._H.xlsx,PT_IMPORT_VALRS_H 2012-13 ,13.0,1751964622_PT_IMPORT_VAL_US$_H.xlsx,PT_IMPORT_VAL$_H_2012-13,13.0,2026-08-21T15:32:19.524581+00:00,1.0
2012-05-01,2012,2012-13,May,MS,IMPORT,0.0,0.0,PPAC,1751964598_PT_IMPORT_VAL_RS.CRS._H.xlsx,PT_IMPORT_VALRS_H 2012-13 ,14.0,1751964622_PT_IMPORT_VAL_US$_H.xlsx,PT_IMPORT_VAL$_H_2012-13,14.0,2026-08-21T15:32:19.524581+00:00,1.0
2012-05-01,2012,2012-13,May,MS!,EXPORT,7487.611236807068,1372.4786469288927,PPAC,1751964598_PT_IMPORT_VAL_RS.CRS._H.xlsx,PT_IMPORT_VALRS_H 2012-13 ,27.0,1751964622_PT_IMPORT_VAL_US$_H.xlsx,PT_IMPORT_VAL$_H_2012-13,27.0,2026-08-21T15:32:19.524581+00:00,1.0
2012-05-01,2012,2012-13,May,Naphtha,EXPORT,3243.9339964526635,592.2813766700697,PPAC,1751964598_PT_IMPORT_VAL_RS.CRS._H.xlsx,PT_IMPORT_VALRS_H 2012-13 ,28.0,1751964622_PT_IMPORT_VAL_US$_H.xlsx,PT_IMPORT_VAL$_H_2012-13,28.0,2026-08-21T15:32:19.524581+00:00,1.0
2012-05-01,2012,2012-13,May,Naphtha,IMPORT,975.4733385,176.23727886178858,PPAC,1751964598_PT_IMPORT_VAL_RS.CRS._H.xlsx,PT_IMPORT_VALRS_H 2012-13 ,15.0,1751964622_PT_IMPORT_VAL_US$_H.xlsx,PT_IMPORT_VAL$_H_2012-13,15.0,2026-08-21T15:32:19.524581+00:00,1.0
2012-05-01,2012,2012-13,May,Others,EXPORT,,219.37929795377067,PPAC,,,,1751964622_PT_IMPORT_VAL_US$_H.xlsx,PT_IMPORT_VAL$_H_2012-13,36.0,,
2012-05-01,2012,2012-13,May,Others%,EXPORT,1188.1038639340004,,PPAC,1751964598_PT_IMPORT_VAL_RS.CRS._H.xlsx,PT_IMPORT_VALRS_H 2012-13 ,36.0,,,,2026-08-21T15:32:19.524581+00:00,1.0
2012-05-01,2012,2012-13,May,Others&,IMPORT,729.6228176000004,131.8198772276421,PPAC,1751964598_PT_IMPORT_VAL_RS.CRS._H.xlsx,PT_IMPORT_VALRS_H 2012-13 ,22.0,1751964622_PT_IMPORT_VAL_US$_H.xlsx,PT_IMPORT_VAL$_H_2012-13,22.0,2026-08-21T15:32:19.524581+00:00,1.0
2012-05-01,2012,2012-13,May,SKO,EXPORT,15.977,2.8865401987353208,PPAC,1751964598_PT_IMPORT_VAL_RS.CRS._H.xlsx,PT_IMPORT_VALRS_H 2012-13 ,30.0,1751964622_PT_IMPORT_VAL_US$_H.xlsx,PT_IMPORT_VAL$_H_2012-13,30.0,2026-08-21T15:32:19.524581+00:00,1.0
2012-05-01,2012,2012-13,May,SKO,IMPORT,0.0,0.0,PPAC,1751964598_PT_IMPORT_VAL_RS.CRS._H.xlsx,PT_IMPORT_VALRS_H 2012-13 ,17.0,1751964622_PT_IMPORT_VAL_US$_H.xlsx,PT_IMPORT_VAL$_H_2012-13,17.0,2026-08-21T15:32:19.524581+00:00,1.0
2012-06-01,2012,2012-13,June,ATF,IMPORT,0.0,0.0,PPAC,1751964598_PT_IMPORT_VAL_RS.CRS._H.xlsx,PT_IMPORT_VALRS_H 2012-13 ,16.0,1751964622_PT_IMPORT_VAL_US$_H.xlsx,PT_IMPORT_VAL$_H_2012-13,16.0,2026-08-21T15:32:19.524581+00:00,1.0
2012-06-01,2012,2012-13,June,ATF#,EXPORT,1206.5639999999999,215.06723577235772,PPAC,1751964598_PT_IMPORT_VAL_RS.CRS._H.xlsx,PT_IMPORT_VALRS_H 2012-13 ,29.0,1751964622_PT_IMPORT_VAL_US$_H.xlsx,PT_IMPORT_VAL$_H_2012-13,29.0,2026-08-21T15:32:19.524581+00:00,1.0
2012-06-01,2012,2012-13,June,Bitumen,EXPORT,1.28,0.23,PPAC,1751964598_PT_IMPORT_VAL_RS.CRS._H.xlsx,PT_IMPORT_VALRS_H 2012-13 ,35.0,1751964622_PT_IMPORT_VAL_US$_H.xlsx,PT_IMPORT_VAL$_H_2012-13,35.0,2026-08-21T15:32:19.524581+00:00,1.0
2012-06-01,2012,2012-13,June,Bitumen,IMPORT,8.045354,1.435901124397644,PPAC,1751964598_PT_IMPORT_VAL_RS.CRS._H.xlsx,PT_IMPORT_VALRS_H 2012-13 ,21.0,1751964622_PT_IMPORT_VAL_US$_H.xlsx,PT_IMPORT_VAL$_H_2012-13,21.0,2026-08-21T15:32:19.524581+00:00,1.0
2012-06-01,2012,2012-13,June,CRUDE OIL,IMPORT,58525.20387894247,10575.267643970896,PPAC,1751964598_PT_IMPORT_VAL_RS.CRS._H.xlsx,PT_IMPORT_VALRS_H 2012-13 ,11.0,1751964622_PT_IMPORT_VAL_US$_H.xlsx,PT_IMPORT_VAL$_H_2012-13,11.0,2026-08-21T15:32:19.524581+00:00,1.0
2012-06-01,2012,2012-13,June,Fuel Oil,EXPORT,1261.631665988,226.95127812004387,PPAC,1751964598_PT_IMPORT_VAL_RS.CRS._H.xlsx,PT_IMPORT_VALRS_H 2012-13 ,34.0,1751964622_PT_IMPORT_VAL_US$_H.xlsx,PT_IMPORT_VAL$_H_2012-13,34.0,2026-08-21T15:32:19.524581+00:00,1.0
2012-06-01,2012,2012-13,June,Fuel Oil,IMPORT,194.86306059999998,34.790375120471175,PPAC,1751964598_PT_IMPORT_VAL_RS.CRS._H.xlsx,PT_IMPORT_VALRS_H 2012-13 ,20.0,1751964622_PT_IMPORT_VAL_US$_H.xlsx,PT_IMPORT_VAL$_H_2012-13,20.0,2026-08-21T15:32:19.524581+00:00,1.0
2012-06-01,2012,2012-13,June,HSD,EXPORT,8075.488,1442.3011472448059,PPAC,1751964598_PT_IMPORT_VAL_RS.CRS._H.xlsx,PT_IMPORT_VALRS_H 2012-13 ,31.0,1751964622_PT_IMPORT_VAL_US$_H.xlsx,PT_IMPORT_VAL$_H_2012-13,31.0,2026-08-21T15:32:19.524581+00:00,1.0
2012-06-01,2012,2012-13,June,HSD,IMPORT,290.60645420000003,51.940253114403,PPAC,1751964598_PT_IMPORT_VAL_RS.CRS._H.xlsx,PT_IMPORT_VALRS_H 2012-13 ,18.0,1751964622_PT_IMPORT_VAL_US$_H.xlsx,PT_IMPORT_VAL$_H_2012-13,18.0,2026-08-21T15:32:19.524581+00:00,1.0
2012-06-01,2012,2012-13,June,LDO,EXPORT,0.0,0.0,PPAC,1751964598_PT_IMPORT_VAL_RS.CRS._H.xlsx,PT_IMPORT_VALRS_H 2012-13 ,32.0,1751964622_PT_IMPORT_VAL_US$_H.xlsx,PT_IMPORT_VAL$_H_2012-13,32.0,2026-08-21T15:32:19.524581+00:00,1.0
2012-06-01,2012,2012-13,June,LOBS/ Lube Oil,EXPORT,11.223463751999999,2.197849961539537,PPAC,1751964598_PT_IMPORT_VAL_RS.CRS._H.xlsx,PT_IMPORT_VALRS_H 2012-13 ,33.0,1751964622_PT_IMPORT_VAL_US$_H.xlsx,PT_IMPORT_VAL$_H_2012-13,33.0,2026-08-21T15:32:19.524581+00:00,1.0
2012-06-01,2012,2012-13,June,LOBS/ Lube oil,IMPORT,962.0260828,171.69839064786723,PPAC,1751964598_PT_IMPORT_VAL_RS.CRS._H.xlsx,PT_IMPORT_VALRS_H 2012-13 ,19.0,1751964622_PT_IMPORT_VAL_US$_H.xlsx,PT_IMPORT_VAL$_H_2012-13,19.0,2026-08-21T15:32:19.524581+00:00,1.0
2012-06-01,2012,2012-13,June,LPG,EXPORT,81.603,14.743089430894308,PPAC,1751964598_PT_IMPORT_VAL_RS.CRS._H.xlsx,PT_IMPORT_VALRS_H 2012-13 ,26.0,1751964622_PT_IMPORT_VAL_US$_H.xlsx,PT_IMPORT_VAL$_H_2012-13,26.0,2026-08-21T15:32:19.524581+00:00,1.0
2012-06-01,2012,2012-13,June,LPG,IMPORT,1977.941490566,353.20002437372835,PPAC,1751964598_PT_IMPORT_VAL_RS.CRS._H.xlsx,PT_IMPORT_VALRS_H 2012-13 ,13.0,1751964622_PT_IMPORT_VAL_US$_H.xlsx,PT_IMPORT_VAL$_H_2012-13,13.0,2026-08-21T15:32:19.524581+00:00,1.0
2012-06-01,2012,2012-13,June,MS,IMPORT,0.0,0.0,PPAC,1751964598_PT_IMPORT_VAL_RS.CRS._H.xlsx,PT_IMPORT_VALRS_H 2012-13 ,14.0,1751964622_PT_IMPORT_VAL_US$_H.xlsx,PT_IMPORT_VAL$_H_2012-13,14.0,2026-08-21T15:32:19.524581+00:00,1.0
2012-06-01,2012,2012-13,June,MS!,EXPORT,7381.16522731604,1318.7446570982509,PPAC,1751964598_PT_IMPORT_VAL_RS.CRS._H.xlsx,PT_IMPORT_VALRS_H 2012-13 ,27.0,1751964622_PT_IMPORT_VAL_US$_H.xlsx,PT_IMPORT_VAL$_H_2012-13,27.0,2026-08-21T15:32:19.524581+00:00,1.0
2012-06-01,2012,2012-13,June,Naphtha,EXPORT,2907.9666529225583,519.7123499772548,PPAC,1751964598_PT_IMPORT_VAL_RS.CRS._H.xlsx,PT_IMPORT_VALRS_H 2012-13 ,28.0,1751964622_PT_IMPORT_VAL_US$_H.xlsx,PT_IMPORT_VAL$_H_2012-13,28.0,2026-08-21T15:32:19.524581+00:00,1.0
2012-06-01,2012,2012-13,June,Naphtha,IMPORT,919.3356086,164.12156355523825,PPAC,1751964598_PT_IMPORT_VAL_RS.CRS._H.xlsx,PT_IMPORT_VALRS_H 2012-13 ,15.0,1751964622_PT_IMPORT_VAL_US$_H.xlsx,PT_IMPORT_VAL$_H_2012-13,15.0,2026-08-21T15:32:19.524581+00:00,1.0
2012-06-01,2012,2012-13,June,Others,EXPORT,,239.15225487031694,PPAC,,,,1751964622_PT_IMPORT_VAL_US$_H.xlsx,PT_IMPORT_VAL$_H_2012-13,36.0,,
2012-06-01,2012,2012-13,June,Others%,EXPORT,1340.0612782829994,,PPAC,1751964598_PT_IMPORT_VAL_RS.CRS._H.xlsx,PT_IMPORT_VALRS_H 2012-13 ,36.0,,,,2026-08-21T15:32:19.524581+00:00,1.0
2012-06-01,2012,2012-13,June,Others&,IMPORT,652.7418968000011,116.49864301267189,PPAC,1751964598_PT_IMPORT_VAL_RS.CRS._H.xlsx,PT_IMPORT_VALRS_H 2012-13 ,22.0,1751964622_PT_IMPORT_VAL_US$_H.xlsx,PT_IMPORT_VAL$_H_2012-13,22.0,2026-08-21T15:32:19.524581+00:00,1.0
2012-06-01,2012,2012-13,June,SKO,EXPORT,15.782,2.8513098464317976,PPAC,1751964598_PT_IMPORT_VAL_RS.CRS._H.xlsx,PT_IMPORT_VALRS_H 2012-13 ,30.0,1751964622_PT_IMPORT_VAL_US$_H.xlsx,PT_IMPORT_VAL$_H_2012-13,30.0,2026-08-21T15:32:19.524581+00:00,1.0
2012-06-01,2012,2012-13,June,SKO,IMPORT,0.0,0.0,PPAC,1751964598_PT_IMPORT_VAL_RS.CRS._H.xlsx,PT_IMPORT_VALRS_H 2012-13 ,17.0,1751964622_PT_IMPORT_VAL_US$_H.xlsx,PT_IMPORT_VAL$_H_2012-13,17.0,2026-08-21T15:32:19.524581+00:00,1.0
2012-07-01,2012,2012-13,July,ATF,IMPORT,0.0,0.0,PPAC,1751964598_PT_IMPORT_VAL_RS.CRS._H.xlsx,PT_IMPORT_VALRS_H 2012-13 ,16.0,1751964622_PT_IMPORT_VAL_US$_H.xlsx,PT_IMPORT_VAL$_H_2012-13,16.0,2026-08-21T15:32:19.524581+00:00,1.0
2012-07-01,2012,2012-13,July,ATF#,EXPORT,1365.991,245.60904217298068,PPAC,1751964598_PT_IMPORT_VAL_RS.CRS._H.xlsx,PT_IMPORT_VALRS_H 2012-13 ,29.0,1751964622_PT_IMPORT_VAL_US$_H.xlsx,PT_IMPORT_VAL$_H_2012-13,29.0,2026-08-21T15:32:19.524581+00:00,1.0
2012-07-01,2012,2012-13,July,Bitumen,EXPORT,18.6323423,3.347680897069335,PPAC,1751964598_PT_IMPORT_VAL_RS.CRS._H.xlsx,PT_IMPORT_VALRS_H 2012-13 ,35.0,1751964622_PT_IMPORT_VAL_US$_H.xlsx,PT_IMPORT_VAL$_H_2012-13,35.0,2026-08-21T15:32:19.524581+00:00,1.0
2012-07-01,2012,2012-13,July,Bitumen,IMPORT,9.6971748,1.7328761258041459,PPAC,1751964598_PT_IMPORT_VAL_RS.CRS._H.xlsx,PT_IMPORT_VALRS_H 2012-13 ,21.0,1751964622_PT_IMPORT_VAL_US$_H.xlsx,PT_IMPORT_VAL$_H_2012-13,21.0,2026-08-21T15:32:19.524581+00:00,1.0
2012-07-01,2012,2012-13,July,CRUDE OIL,IMPORT,58144.21270284601,10462.481177232992,PPAC,1751964598_PT_IMPORT_VAL_RS.CRS._H.xlsx,PT_IMPORT_VALRS_H 2012-13 ,11.0,1751964622_PT_IMPORT_VAL_US$_H.xlsx,PT_IMPORT_VAL$_H_2012-13,11.0,2026-08-21T15:32:19.524581+00:00,1.0
2012-07-01,2012,2012-13,July,Fuel Oil,EXPORT,1724.820026808,310.01489400989516,PPAC,1751964598_PT_IMPORT_VAL_RS.CRS._H.xlsx,PT_IMPORT_VALRS_H 2012-13 ,34.0,1751964622_PT_IMPORT_VAL_US$_H.xlsx,PT_IMPORT_VAL$_H_2012-13,34.0,2026-08-21T15:32:19.524581+00:00,1.0
2012-07-01,2012,2012-13,July,Fuel Oil,IMPORT,326.5209151,58.34759221364546,PPAC,1751964598_PT_IMPORT_VAL_RS.CRS._H.xlsx,PT_IMPORT_VALRS_H 2012-13 ,20.0,1751964622_PT_IMPORT_VAL_US$_H.xlsx,PT_IMPORT_VAL$_H_2012-13,20.0,2026-08-21T15:32:19.524581+00:00,1.0
2012-07-01,2012,2012-13,July,HSD,EXPORT,7967.796498196,1435.357944638313,PPAC,1751964598_PT_IMPORT_VAL_RS.CRS._H.xlsx,PT_IMPORT_VALRS_H 2012-13 ,31.0,1751964622_PT_IMPORT_VAL_US$_H.xlsx,PT_IMPORT_VAL$_H_2012-13,31.0,2026-08-21T15:32:19.524581+00:00,1.0
2012-07-01,2012,2012-13,July,HSD,IMPORT,677.567666,121.07443349178699,PPAC,1751964598_PT_IMPORT_VAL_RS.CRS._H.xlsx,PT_IMPORT_VALRS_H 2012-13 ,18.0,1751964622_PT_IMPORT_VAL_US$_H.xlsx,PT_IMPORT_VAL$_H_2012-13,18.0,2026-08-21T15:32:19.524581+00:00,1.0
2012-07-01,2012,2012-13,July,LDO,EXPORT,0.0,0.0,PPAC,1751964598_PT_IMPORT_VAL_RS.CRS._H.xlsx,PT_IMPORT_VALRS_H 2012-13 ,32.0,1751964622_PT_IMPORT_VAL_US$_H.xlsx,PT_IMPORT_VAL$_H_2012-13,32.0,2026-08-21T15:32:19.524581+00:00,1.0
2012-07-01,2012,2012-13,July,LOBS/ Lube Oil,EXPORT,56.937171511,10.22465538080772,PPAC,1751964598_PT_IMPORT_VAL_RS.CRS._H.xlsx,PT_IMPORT_VALRS_H 2012-13 ,33.0,1751964622_PT_IMPORT_VAL_US$_H.xlsx,PT_IMPORT_VAL$_H_2012-13,33.0,2026-08-21T15:32:19.524581+00:00,1.0
2012-07-01,2012,2012-13,July,LOBS/ Lube oil,IMPORT,792.291614,141.58177519656897,PPAC,1751964598_PT_IMPORT_VAL_RS.CRS._H.xlsx,PT_IMPORT_VALRS_H 2012-13 ,19.0,1751964622_PT_IMPORT_VAL_US$_H.xlsx,PT_IMPORT_VAL$_H_2012-13,19.0,2026-08-21T15:32:19.524581+00:00,1.0
2012-07-01,2012,2012-13,July,LPG,EXPORT,103.026,18.410650464617582,PPAC,1751964598_PT_IMPORT_VAL_RS.CRS._H.xlsx,PT_IMPORT_VALRS_H 2012-13 ,26.0,1751964622_PT_IMPORT_VAL_US$_H.xlsx,PT_IMPORT_VAL$_H_2012-13,26.0,2026-08-21T15:32:19.524581+00:00,1.0
2012-07-01,2012,2012-13,July,LPG,IMPORT,1943.4975123819997,348.3878372653038,PPAC,1751964598_PT_IMPORT_VAL_RS.CRS._H.xlsx,PT_IMPORT_VALRS_H 2012-13 ,13.0,1751964622_PT_IMPORT_VAL_US$_H.xlsx,PT_IMPORT_VAL$_H_2012-13,13.0,2026-08-21T15:32:19.524581+00:00,1.0
2012-07-01,2012,2012-13,July,MS,IMPORT,326.310992901939,58.77461948,PPAC,1751964598_PT_IMPORT_VAL_RS.CRS._H.xlsx,PT_IMPORT_VALRS_H 2012-13 ,14.0,1751964622_PT_IMPORT_VAL_US$_H.xlsx,PT_IMPORT_VAL$_H_2012-13,14.0,2026-08-21T15:32:19.524581+00:00,1.0
2012-07-01,2012,2012-13,July,MS!,EXPORT,7222.232428104,1301.7766260198673,PPAC,1751964598_PT_IMPORT_VAL_RS.CRS._H.xlsx,PT_IMPORT_VALRS_H 2012-13 ,27.0,1751964622_PT_IMPORT_VAL_US$_H.xlsx,PT_IMPORT_VAL$_H_2012-13,27.0,2026-08-21T15:32:19.524581+00:00,1.0
2012-07-01,2012,2012-13,July,Naphtha,EXPORT,3062.352959476396,550.7915257546458,PPAC,1751964598_PT_IMPORT_VAL_RS.CRS._H.xlsx,PT_IMPORT_VALRS_H 2012-13 ,28.0,1751964622_PT_IMPORT_VAL_US$_H.xlsx,PT_IMPORT_VAL$_H_2012-13,28.0,2026-08-21T15:32:19.524581+00:00,1.0
2012-07-01,2012,2012-13,July,Naphtha,IMPORT,831.6469138,148.61243689110077,PPAC,1751964598_PT_IMPORT_VAL_RS.CRS._H.xlsx,PT_IMPORT_VALRS_H 2012-13 ,15.0,1751964622_PT_IMPORT_VAL_US$_H.xlsx,PT_IMPORT_VAL$_H_2012-13,15.0,2026-08-21T15:32:19.524581+00:00,1.0
2012-07-01,2012,2012-13,July,Others,EXPORT,,407.82134458993824,PPAC,,,,1751964622_PT_IMPORT_VAL_US$_H.xlsx,PT_IMPORT_VAL$_H_2012-13,36.0,,
2012-07-01,2012,2012-13,July,Others%,EXPORT,2264.1074761029995,,PPAC,1751964598_PT_IMPORT_VAL_RS.CRS._H.xlsx,PT_IMPORT_VALRS_H 2012-13 ,36.0,,,,2026-08-21T15:32:19.524581+00:00,1.0
2012-07-01,2012,2012-13,July,Others&,IMPORT,651.1296221000002,116.35534347748376,PPAC,1751964598_PT_IMPORT_VAL_RS.CRS._H.xlsx,PT_IMPORT_VALRS_H 2012-13 ,22.0,1751964622_PT_IMPORT_VAL_US$_H.xlsx,PT_IMPORT_VAL$_H_2012-13,22.0,2026-08-21T15:32:19.524581+00:00,1.0
2012-07-01,2012,2012-13,July,SKO,EXPORT,14.991,2.6788777698355966,PPAC,1751964598_PT_IMPORT_VAL_RS.CRS._H.xlsx,PT_IMPORT_VALRS_H 2012-13 ,30.0,1751964622_PT_IMPORT_VAL_US$_H.xlsx,PT_IMPORT_VAL$_H_2012-13,30.0,2026-08-21T15:32:19.524581+00:00,1.0
2012-07-01,2012,2012-13,July,SKO,IMPORT,0.0,0.0,PPAC,1751964598_PT_IMPORT_VAL_RS.CRS._H.xlsx,PT_IMPORT_VALRS_H 2012-13 ,17.0,1751964622_PT_IMPORT_VAL_US$_H.xlsx,PT_IMPORT_VAL$_H_2012-13,17.0,2026-08-21T15:32:19.524581+00:00,1.0
2012-08-01,2012,2012-13,August,ATF,IMPORT,0.0,0.0,PPAC,1751964598_PT_IMPORT_VAL_RS.CRS._H.xlsx,PT_IMPORT_VALRS_H 2012-13 ,16.0,1751964622_PT_IMPORT_VAL_US$_H.xlsx,PT_IMPORT_VAL$_H_2012-13,16.0,2026-08-21T15:32:19.524581+00:00,1.0
2012-08-01,2012,2012-13,August,ATF#,EXPORT,1430.338,256.1262246909156,PPAC,1751964598_PT_IMPORT_VAL_RS.CRS._H.xlsx,PT_IMPORT_VALRS_H 2012-13 ,29.0,1751964622_PT_IMPORT_VAL_US$_H.xlsx,PT_IMPORT_VAL$_H_2012-13,29.0,2026-08-21T15:32:19.524581+00:00,1.0
2012-08-01,2012,2012-13,August,Bitumen,EXPORT,25.880000000000003,4.68,PPAC,1751964598_PT_IMPORT_VAL_RS.CRS._H.xlsx,PT_IMPORT_VALRS_H 2012-13 ,35.0,1751964622_PT_IMPORT_VAL_US$_H.xlsx,PT_IMPORT_VAL$_H_2012-13,35.0,2026-08-21T15:32:19.524581+00:00,1.0
2012-08-01,2012,2012-13,August,Bitumen,IMPORT,1.4806764,0.2644065,PPAC,1751964598_PT_IMPORT_VAL_RS.CRS._H.xlsx,PT_IMPORT_VALRS_H 2012-13 ,21.0,1751964622_PT_IMPORT_VAL_US$_H.xlsx,PT_IMPORT_VAL$_H_2012-13,21.0,2026-08-21T15:32:19.524581+00:00,1.0
2012-08-01,2012,2012-13,August,CRUDE OIL,IMPORT,64623.48382581666,11678.520635647754,PPAC,1751964598_PT_IMPORT_VAL_RS.CRS._H.xlsx,PT_IMPORT_VALRS_H 2012-13 ,11.0,1751964622_PT_IMPORT_VAL_US$_H.xlsx,PT_IMPORT_VAL$_H_2012-13,11.0,2026-08-21T15:32:19.524581+00:00,1.0
2012-08-01,2012,2012-13,August,Fuel Oil,EXPORT,1797.838367505,328.55454949086584,PPAC,1751964598_PT_IMPORT_VAL_RS.CRS._H.xlsx,PT_IMPORT_VALRS_H 2012-13 ,34.0,1751964622_PT_IMPORT_VAL_US$_H.xlsx,PT_IMPORT_VAL$_H_2012-13,34.0,2026-08-21T15:32:19.524581+00:00,1.0
2012-08-01,2012,2012-13,August,Fuel Oil,IMPORT,218.8191927,39.104440124999996,PPAC,1751964598_PT_IMPORT_VAL_RS.CRS._H.xlsx,PT_IMPORT_VALRS_H 2012-13 ,20.0,1751964622_PT_IMPORT_VAL_US$_H.xlsx,PT_IMPORT_VAL$_H_2012-13,20.0,2026-08-21T15:32:19.524581+00:00,1.0
2012-08-01,2012,2012-13,August,HSD,EXPORT,8497.265,1529.8992725318044,PPAC,1751964598_PT_IMPORT_VAL_RS.CRS._H.xlsx,PT_IMPORT_VALRS_H 2012-13 ,31.0,1751964622_PT_IMPORT_VAL_US$_H.xlsx,PT_IMPORT_VAL$_H_2012-13,31.0,2026-08-21T15:32:19.524581+00:00,1.0
2012-08-01,2012,2012-13,August,HSD,IMPORT,361.8920749,64.83736851785714,PPAC,1751964598_PT_IMPORT_VAL_RS.CRS._H.xlsx,PT_IMPORT_VALRS_H 2012-13 ,18.0,1751964622_PT_IMPORT_VAL_US$_H.xlsx,PT_IMPORT_VAL$_H_2012-13,18.0,2026-08-21T15:32:19.524581+00:00,1.0
2012-08-01,2012,2012-13,August,LDO,EXPORT,0.0,0.0,PPAC,1751964598_PT_IMPORT_VAL_RS.CRS._H.xlsx,PT_IMPORT_VALRS_H 2012-13 ,32.0,1751964622_PT_IMPORT_VAL_US$_H.xlsx,PT_IMPORT_VAL$_H_2012-13,32.0,2026-08-21T15:32:19.524581+00:00,1.0
2012-08-01,2012,2012-13,August,LOBS/ Lube Oil,EXPORT,36.69,6.8,PPAC,1751964598_PT_IMPORT_VAL_RS.CRS._H.xlsx,PT_IMPORT_VALRS_H 2012-13 ,33.0,1751964622_PT_IMPORT_VAL_US$_H.xlsx,PT_IMPORT_VAL$_H_2012-13,33.0,2026-08-21T15:32:19.524581+00:00,1.0
2012-08-01,2012,2012-13,August,LOBS/ Lube oil,IMPORT,1436.8892199,256.58736069642856,PPAC,1751964598_PT_IMPORT_VAL_RS.CRS._H.xlsx,PT_IMPORT_VALRS_H 2012-13 ,19.0,1751964622_PT_IMPORT_VAL_US$_H.xlsx,PT_IMPORT_VAL$_H_2012-13,19.0,2026-08-21T15:32:19.524581+00:00,1.0
2012-08-01,2012,2012-13,August,LPG,EXPORT,62.274,11.158215373588963,PPAC,1751964598_PT_IMPORT_VAL_RS.CRS._H.xlsx,PT_IMPORT_VALRS_H 2012-13 ,26.0,1751964622_PT_IMPORT_VAL_US$_H.xlsx,PT_IMPORT_VAL$_H_2012-13,26.0,2026-08-21T15:32:19.524581+00:00,1.0
2012-08-01,2012,2012-13,August,LPG,IMPORT,2321.800171038,417.3935300892857,PPAC,1751964598_PT_IMPORT_VAL_RS.CRS._H.xlsx,PT_IMPORT_VALRS_H 2012-13 ,13.0,1751964622_PT_IMPORT_VAL_US$_H.xlsx,PT_IMPORT_VAL$_H_2012-13,13.0,2026-08-21T15:32:19.524581+00:00,1.0
2012-08-01,2012,2012-13,August,MS,IMPORT,564.2,101.08702100000001,PPAC,1751964598_PT_IMPORT_VAL_RS.CRS._H.xlsx,PT_IMPORT_VALRS_H 2012-13 ,14.0,1751964622_PT_IMPORT_VAL_US$_H.xlsx,PT_IMPORT_VAL$_H_2012-13,14.0,2026-08-21T15:32:19.524581+00:00,1.0
2012-08-01,2012,2012-13,August,MS!,EXPORT,8404.810722441689,1514.9038991519442,PPAC,1751964598_PT_IMPORT_VAL_RS.CRS._H.xlsx,PT_IMPORT_VALRS_H 2012-13 ,27.0,1751964622_PT_IMPORT_VAL_US$_H.xlsx,PT_IMPORT_VAL$_H_2012-13,27.0,2026-08-21T15:32:19.524581+00:00,1.0
2012-08-01,2012,2012-13,August,Naphtha,EXPORT,3851.5335859855495,697.0141968892717,PPAC,1751964598_PT_IMPORT_VAL_RS.CRS._H.xlsx,PT_IMPORT_VALRS_H 2012-13 ,28.0,1751964622_PT_IMPORT_VAL_US$_H.xlsx,PT_IMPORT_VAL$_H_2012-13,28.0,2026-08-21T15:32:19.524581+00:00,1.0
2012-08-01,2012,2012-13,August,Naphtha,IMPORT,943.6930133,168.62116115214283,PPAC,1751964598_PT_IMPORT_VAL_RS.CRS._H.xlsx,PT_IMPORT_VALRS_H 2012-13 ,15.0,1751964622_PT_IMPORT_VAL_US$_H.xlsx,PT_IMPORT_VAL$_H_2012-13,15.0,2026-08-21T15:32:19.524581+00:00,1.0
2012-08-01,2012,2012-13,August,Others,EXPORT,,196.55842398432014,PPAC,,,,1751964622_PT_IMPORT_VAL_US$_H.xlsx,PT_IMPORT_VAL$_H_2012-13,36.0,,
2012-08-01,2012,2012-13,August,Others%,EXPORT,1092.6348923520018,,PPAC,1751964598_PT_IMPORT_VAL_RS.CRS._H.xlsx,PT_IMPORT_VALRS_H 2012-13 ,36.0,,,,2026-08-21T15:32:19.524581+00:00,1.0
2012-08-01,2012,2012-13,August,Others&,IMPORT,865.927322399999,154.63387899999998,PPAC,1751964598_PT_IMPORT_VAL_RS.CRS._H.xlsx,PT_IMPORT_VALRS_H 2012-13 ,22.0,1751964622_PT_IMPORT_VAL_US$_H.xlsx,PT_IMPORT_VAL$_H_2012-13,22.0,2026-08-21T15:32:19.524581+00:00,1.0
2012-08-01,2012,2012-13,August,SKO,EXPORT,10.12,1.8132951084035118,PPAC,1751964598_PT_IMPORT_VAL_RS.CRS._H.xlsx,PT_IMPORT_VALRS_H 2012-13 ,30.0,1751964622_PT_IMPORT_VAL_US$_H.xlsx,PT_IMPORT_VAL$_H_2012-13,30.0,2026-08-21T15:32:19.524581+00:00,1.0
2012-08-01,2012,2012-13,August,SKO,IMPORT,0.0,0.0,PPAC,1751964598_PT_IMPORT_VAL_RS.CRS._H.xlsx,PT_IMPORT_VALRS_H 2012-13 ,17.0,1751964622_PT_IMPORT_VAL_US$_H.xlsx,PT_IMPORT_VAL$_H_2012-13,17.0,2026-08-21T15:32:19.524581+00:00,1.0
2012-09-01,2012,2012-13,September,ATF,IMPORT,0.0,0.0,PPAC,1751964598_PT_IMPORT_VAL_RS.CRS._H.xlsx,PT_IMPORT_VALRS_H 2012-13 ,16.0,1751964622_PT_IMPORT_VAL_US$_H.xlsx,PT_IMPORT_VAL$_H_2012-13,16.0,2026-08-21T15:32:19.524581+00:00,1.0
2012-09-01,2012,2012-13,September,ATF#,EXPORT,2212.022,409.4120570570571,PPAC,1751964598_PT_IMPORT_VAL_RS.CRS._H.xlsx,PT_IMPORT_VALRS_H 2012-13 ,29.0,1751964622_PT_IMPORT_VAL_US$_H.xlsx,PT_IMPORT_VAL$_H_2012-13,29.0,2026-08-21T15:32:19.524581+00:00,1.0
2012-09-01,2012,2012-13,September,Bitumen,EXPORT,22.29,4.1,PPAC,1751964598_PT_IMPORT_VAL_RS.CRS._H.xlsx,PT_IMPORT_VALRS_H 2012-13 ,35.0,1751964622_PT_IMPORT_VAL_US$_H.xlsx,PT_IMPORT_VAL$_H_2012-13,35.0,2026-08-21T15:32:19.524581+00:00,1.0
2012-09-01,2012,2012-13,September,Bitumen,IMPORT,6.4393036,1.2085780030030029,PPAC,1751964598_PT_IMPORT_VAL_RS.CRS._H.xlsx,PT_IMPORT_VALRS_H 2012-13 ,21.0,1751964622_PT_IMPORT_VAL_US$_H.xlsx,PT_IMPORT_VAL$_H_2012-13,21.0,2026-08-21T15:32:19.524581+00:00,1.0
2012-09-01,2012,2012-13,September,CRUDE OIL,IMPORT,66273.27257323879,12237.000701576006,PPAC,1751964598_PT_IMPORT_VAL_RS.CRS._H.xlsx,PT_IMPORT_VALRS_H 2012-13 ,11.0,1751964622_PT_IMPORT_VAL_US$_H.xlsx,PT_IMPORT_VAL$_H_2012-13,11.0,2026-08-21T15:32:19.524581+00:00,1.0
2012-09-01,2012,2012-13,September,Fuel Oil,EXPORT,2500.9927335951197,462.8892035202613,PPAC,1751964598_PT_IMPORT_VAL_RS.CRS._H.xlsx,PT_IMPORT_VALRS_H 2012-13 ,34.0,1751964622_PT_IMPORT_VAL_US$_H.xlsx,PT_IMPORT_VAL$_H_2012-13,34.0,2026-08-21T15:32:19.524581+00:00,1.0
2012-09-01,2012,2012-13,September,Fuel Oil,IMPORT,390.17157105888003,73.23039997351351,PPAC,1751964598_PT_IMPORT_VAL_RS.CRS._H.xlsx,PT_IMPORT_VALRS_H 2012-13 ,20.0,1751964622_PT_IMPORT_VAL_US$_H.xlsx,PT_IMPORT_VAL$_H_2012-13,20.0,2026-08-21T15:32:19.524581+00:00,1.0
2012-09-01,2012,2012-13,September,HSD,EXPORT,9795.93,1798.8067117117116,PPAC,1751964598_PT_IMPORT_VAL_RS.CRS._H.xlsx,PT_IMPORT_VALRS_H 2012-13 ,31.0,1751964622_PT_IMPORT_VAL_US$_H.xlsx,PT_IMPORT_VAL$_H_2012-13,31.0,2026-08-21T15:32:19.524581+00:00,1.0
2012-09-01,2012,2012-13,September,HSD,IMPORT,9.6880145,1.8183210397897898,PPAC,1751964598_PT_IMPORT_VAL_RS.CRS._H.xlsx,PT_IMPORT_VALRS_H 2012-13 ,18.0,1751964622_PT_IMPORT_VAL_US$_H.xlsx,PT_IMPORT_VAL$_H_2012-13,18.0,2026-08-21T15:32:19.524581+00:00,1.0
2012-09-01,2012,2012-13,September,LDO,EXPORT,0.0,0.0,PPAC,1751964598_PT_IMPORT_VAL_RS.CRS._H.xlsx,PT_IMPORT_VALRS_H 2012-13 ,32.0,1751964622_PT_IMPORT_VAL_US$_H.xlsx,PT_IMPORT_VAL$_H_2012-13,32.0,2026-08-21T15:32:19.524581+00:00,1.0
2012-09-01,2012,2012-13,September,LOBS/ Lube Oil,EXPORT,43.08,8.02,PPAC,1751964598_PT_IMPORT_VAL_RS.CRS._H.xlsx,PT_IMPORT_VALRS_H 2012-13 ,33.0,1751964622_PT_IMPORT_VAL_US$_H.xlsx,PT_IMPORT_VAL$_H_2012-13,33.0,2026-08-21T15:32:19.524581+00:00,1.0
2012-09-01,2012,2012-13,September,LOBS/ Lube oil,IMPORT,959.617029,180.10830123873873,PPAC,1751964598_PT_IMPORT_VAL_RS.CRS._H.xlsx,PT_IMPORT_VALRS_H 2012-13 ,19.0,1751964622_PT_IMPORT_VAL_US$_H.xlsx,PT_IMPORT_VAL$_H_2012-13,19.0,2026-08-21T15:32:19.524581+00:00,1.0
2012-09-01,2012,2012-13,September,LPG,EXPORT,85.802,16.10397897897898,PPAC,1751964598_PT_IMPORT_VAL_RS.CRS._H.xlsx,PT_IMPORT_VALRS_H 2012-13 ,26.0,1751964622_PT_IMPORT_VAL_US$_H.xlsx,PT_IMPORT_VAL$_H_2012-13,26.0,2026-08-21T15:32:19.524581+00:00,1.0
2012-09-01,2012,2012-13,September,LPG,IMPORT,3111.76889324,580.264799210961,PPAC,1751964598_PT_IMPORT_VAL_RS.CRS._H.xlsx,PT_IMPORT_VALRS_H 2012-13 ,13.0,1751964622_PT_IMPORT_VAL_US$_H.xlsx,PT_IMPORT_VAL$_H_2012-13,13.0,2026-08-21T15:32:19.524581+00:00,1.0
2012-09-01,2012,2012-13,September,MS,IMPORT,0.0,0.0,PPAC,1751964598_PT_IMPORT_VAL_RS.CRS._H.xlsx,PT_IMPORT_VALRS_H 2012-13 ,14.0,1751964622_PT_IMPORT_VAL_US$_H.xlsx,PT_IMPORT_VAL$_H_2012-13,14.0,2026-08-21T15:32:19.524581+00:00,1.0
2012-09-01,2012,2012-13,September,MS!,EXPORT,8992.596206679389,1647.5024754510457,PPAC,1751964598_PT_IMPORT_VAL_RS.CRS._H.xlsx,PT_IMPORT_VALRS_H 2012-13 ,27.0,1751964622_PT_IMPORT_VAL_US$_H.xlsx,PT_IMPORT_VAL$_H_2012-13,27.0,2026-08-21T15:32:19.524581+00:00,1.0
2012-09-01,2012,2012-13,September,Naphtha,EXPORT,2767.2213091795848,515.3555065097806,PPAC,1751964598_PT_IMPORT_VAL_RS.CRS._H.xlsx,PT_IMPORT_VALRS_H 2012-13 ,28.0,1751964622_PT_IMPORT_VAL_US$_H.xlsx,PT_IMPORT_VAL$_H_2012-13,28.0,2026-08-21T15:32:19.524581+00:00,1.0
2012-09-01,2012,2012-13,September,Naphtha,IMPORT,1028.5204012,193.0381883134835,PPAC,1751964598_PT_IMPORT_VAL_RS.CRS._H.xlsx,PT_IMPORT_VALRS_H 2012-13 ,15.0,1751964622_PT_IMPORT_VAL_US$_H.xlsx,PT_IMPORT_VAL$_H_2012-13,15.0,2026-08-21T15:32:19.524581+00:00,1.0
2012-09-01,2012,2012-13,September,Others,EXPORT,,323.4654872462306,PPAC,,,,1751964622_PT_IMPORT_VAL_US$_H.xlsx,PT_IMPORT_VAL$_H_2012-13,36.0,,
2012-09-01,2012,2012-13,September,Others%,EXPORT,1738.2306309569976,,PPAC,1751964598_PT_IMPORT_VAL_RS.CRS._H.xlsx,PT_IMPORT_VALRS_H 2012-13 ,36.0,,,,2026-08-21T15:32:19.524581+00:00,1.0
2012-09-01,2012,2012-13,September,Others&,IMPORT,593.9430748000013,111.47561343543566,PPAC,1751964598_PT_IMPORT_VAL_RS.CRS._H.xlsx,PT_IMPORT_VALRS_H 2012-13 ,22.0,1751964622_PT_IMPORT_VAL_US$_H.xlsx,PT_IMPORT_VAL$_H_2012-13,22.0,2026-08-21T15:32:19.524581+00:00,1.0
2012-09-01,2012,2012-13,September,SKO,EXPORT,10.842,2.03490990990991,PPAC,1751964598_PT_IMPORT_VAL_RS.CRS._H.xlsx,PT_IMPORT_VALRS_H 2012-13 ,30.0,1751964622_PT_IMPORT_VAL_US$_H.xlsx,PT_IMPORT_VAL$_H_2012-13,30.0,2026-08-21T15:32:19.524581+00:00,1.0
2012-09-01,2012,2012-13,September,SKO,IMPORT,0.0,0.0,PPAC,1751964598_PT_IMPORT_VAL_RS.CRS._H.xlsx,PT_IMPORT_VALRS_H 2012-13 ,17.0,1751964622_PT_IMPORT_VAL_US$_H.xlsx,PT_IMPORT_VAL$_H_2012-13,17.0,2026-08-21T15:32:19.524581+00:00,1.0
2012-10-01,2012,2012-13,October,ATF,IMPORT,0.0,0.0,PPAC,1751964598_PT_IMPORT_VAL_RS.CRS._H.xlsx,PT_IMPORT_VALRS_H 2012-13 ,16.0,1751964622_PT_IMPORT_VAL_US$_H.xlsx,PT_IMPORT_VAL$_H_2012-13,16.0,2026-08-21T15:32:19.524581+00:00,1.0
2012-10-01,2012,2012-13,October,ATF#,EXPORT,2487.124,469.93007380073806,PPAC,1751964598_PT_IMPORT_VAL_RS.CRS._H.xlsx,PT_IMPORT_VALRS_H 2012-13 ,29.0,1751964622_PT_IMPORT_VAL_US$_H.xlsx,PT_IMPORT_VAL$_H_2012-13,29.0,2026-08-21T15:32:19.524581+00:00,1.0
2012-10-01,2012,2012-13,October,Bitumen,EXPORT,47.81,9.2,PPAC,1751964598_PT_IMPORT_VAL_RS.CRS._H.xlsx,PT_IMPORT_VALRS_H 2012-13 ,35.0,1751964622_PT_IMPORT_VAL_US$_H.xlsx,PT_IMPORT_VAL$_H_2012-13,35.0,2026-08-21T15:32:19.524581+00:00,1.0
2012-10-01,2012,2012-13,October,Bitumen,IMPORT,23.4238809,4.321749243542436,PPAC,1751964598_PT_IMPORT_VAL_RS.CRS._H.xlsx,PT_IMPORT_VALRS_H 2012-13 ,21.0,1751964622_PT_IMPORT_VAL_US$_H.xlsx,PT_IMPORT_VAL$_H_2012-13,21.0,2026-08-21T15:32:19.524581+00:00,1.0
2012-10-01,2012,2012-13,October,CRUDE OIL,IMPORT,70246.43461659136,12991.386465634918,PPAC,1751964598_PT_IMPORT_VAL_RS.CRS._H.xlsx,PT_IMPORT_VALRS_H 2012-13 ,11.0,1751964622_PT_IMPORT_VAL_US$_H.xlsx,PT_IMPORT_VAL$_H_2012-13,11.0,2026-08-21T15:32:19.524581+00:00,1.0
2012-10-01,2012,2012-13,October,Fuel Oil,EXPORT,2145.4504614019997,398.4792402200256,PPAC,1751964598_PT_IMPORT_VAL_RS.CRS._H.xlsx,PT_IMPORT_VALRS_H 2012-13 ,34.0,1751964622_PT_IMPORT_VAL_US$_H.xlsx,PT_IMPORT_VAL$_H_2012-13,34.0,2026-08-21T15:32:19.524581+00:00,1.0
2012-10-01,2012,2012-13,October,Fuel Oil,IMPORT,257.4179156,47.493216978487084,PPAC,1751964598_PT_IMPORT_VAL_RS.CRS._H.xlsx,PT_IMPORT_VALRS_H 2012-13 ,20.0,1751964622_PT_IMPORT_VAL_US$_H.xlsx,PT_IMPORT_VAL$_H_2012-13,20.0,2026-08-21T15:32:19.524581+00:00,1.0
2012-10-01,2012,2012-13,October,HSD,EXPORT,13654.90444932281,2573.2515692982606,PPAC,1751964598_PT_IMPORT_VAL_RS.CRS._H.xlsx,PT_IMPORT_VALRS_H 2012-13 ,31.0,1751964622_PT_IMPORT_VAL_US$_H.xlsx,PT_IMPORT_VAL$_H_2012-13,31.0,2026-08-21T15:32:19.524581+00:00,1.0
2012-10-01,2012,2012-13,October,HSD,IMPORT,6.734176,1.2424678966789666,PPAC,1751964598_PT_IMPORT_VAL_RS.CRS._H.xlsx,PT_IMPORT_VALRS_H 2012-13 ,18.0,1751964622_PT_IMPORT_VAL_US$_H.xlsx,PT_IMPORT_VAL$_H_2012-13,18.0,2026-08-21T15:32:19.524581+00:00,1.0
2012-10-01,2012,2012-13,October,LDO,EXPORT,0.0,0.0,PPAC,1751964598_PT_IMPORT_VAL_RS.CRS._H.xlsx,PT_IMPORT_VALRS_H 2012-13 ,32.0,1751964622_PT_IMPORT_VAL_US$_H.xlsx,PT_IMPORT_VAL$_H_2012-13,32.0,2026-08-21T15:32:19.524581+00:00,1.0
2012-10-01,2012,2012-13,October,LOBS/ Lube Oil,EXPORT,2.72,0.51,PPAC,1751964598_PT_IMPORT_VAL_RS.CRS._H.xlsx,PT_IMPORT_VALRS_H 2012-13 ,33.0,1751964622_PT_IMPORT_VAL_US$_H.xlsx,PT_IMPORT_VAL$_H_2012-13,33.0,2026-08-21T15:32:19.524581+00:00,1.0
2012-10-01,2012,2012-13,October,LOBS/ Lube oil,IMPORT,800.4909577,147.69205861623615,PPAC,1751964598_PT_IMPORT_VAL_RS.CRS._H.xlsx,PT_IMPORT_VALRS_H 2012-13 ,19.0,1751964622_PT_IMPORT_VAL_US$_H.xlsx,PT_IMPORT_VAL$_H_2012-13,19.0,2026-08-21T15:32:19.524581+00:00,1.0
2012-10-01,2012,2012-13,October,LPG,EXPORT,117.671,21.710516605166053,PPAC,1751964598_PT_IMPORT_VAL_RS.CRS._H.xlsx,PT_IMPORT_VALRS_H 2012-13 ,26.0,1751964622_PT_IMPORT_VAL_US$_H.xlsx,PT_IMPORT_VAL$_H_2012-13,26.0,2026-08-21T15:32:19.524581+00:00,1.0
2012-10-01,2012,2012-13,October,LPG,IMPORT,2797.996154956,517.0526934206642,PPAC,1751964598_PT_IMPORT_VAL_RS.CRS._H.xlsx,PT_IMPORT_VALRS_H 2012-13 ,13.0,1751964622_PT_IMPORT_VAL_US$_H.xlsx,PT_IMPORT_VAL$_H_2012-13,13.0,2026-08-21T15:32:19.524581+00:00,1.0
2012-10-01,2012,2012-13,October,MS,IMPORT,0.0,0.0,PPAC,1751964598_PT_IMPORT_VAL_RS.CRS._H.xlsx,PT_IMPORT_VALRS_H 2012-13 ,14.0,1751964622_PT_IMPORT_VAL_US$_H.xlsx,PT_IMPORT_VAL$_H_2012-13,14.0,2026-08-21T15:32:19.524581+00:00,1.0
2012-10-01,2012,2012-13,October,MS!,EXPORT,8532.510769046525,1605.0134193789224,PPAC,1751964598_PT_IMPORT_VAL_RS.CRS._H.xlsx,PT_IMPORT_VALRS_H 2012-13 ,27.0,1751964622_PT_IMPORT_VAL_US$_H.xlsx,PT_IMPORT_VAL$_H_2012-13,27.0,2026-08-21T15:32:19.524581+00:00,1.0
2012-10-01,2012,2012-13,October,Naphtha,EXPORT,4114.284021733058,768.188870672406,PPAC,1751964598_PT_IMPORT_VAL_RS.CRS._H.xlsx,PT_IMPORT_VALRS_H 2012-13 ,28.0,1751964622_PT_IMPORT_VAL_US$_H.xlsx,PT_IMPORT_VAL$_H_2012-13,28.0,2026-08-21T15:32:19.524581+00:00,1.0
2012-10-01,2012,2012-13,October,Naphtha,IMPORT,457.5787964,84.42292226428043,PPAC,1751964598_PT_IMPORT_VAL_RS.CRS._H.xlsx,PT_IMPORT_VALRS_H 2012-13 ,15.0,1751964622_PT_IMPORT_VAL_US$_H.xlsx,PT_IMPORT_VAL$_H_2012-13,15.0,2026-08-21T15:32:19.524581+00:00,1.0
2012-10-01,2012,2012-13,October,Others,EXPORT,,269.4540508359405,PPAC,,,,1751964622_PT_IMPORT_VAL_US$_H.xlsx,PT_IMPORT_VAL$_H_2012-13,36.0,,
2012-10-01,2012,2012-13,October,Others%,EXPORT,1434.584596233999,,PPAC,1751964598_PT_IMPORT_VAL_RS.CRS._H.xlsx,PT_IMPORT_VALRS_H 2012-13 ,36.0,,,,2026-08-21T15:32:19.524581+00:00,1.0
2012-10-01,2012,2012-13,October,Others&,IMPORT,615.9210942000009,113.63764284132856,PPAC,1751964598_PT_IMPORT_VAL_RS.CRS._H.xlsx,PT_IMPORT_VALRS_H 2012-13 ,22.0,1751964622_PT_IMPORT_VAL_US$_H.xlsx,PT_IMPORT_VAL$_H_2012-13,22.0,2026-08-21T15:32:19.524581+00:00,1.0
2012-10-01,2012,2012-13,October,SKO,EXPORT,10.474,1.9324723247232474,PPAC,1751964598_PT_IMPORT_VAL_RS.CRS._H.xlsx,PT_IMPORT_VALRS_H 2012-13 ,30.0,1751964622_PT_IMPORT_VAL_US$_H.xlsx,PT_IMPORT_VAL$_H_2012-13,30.0,2026-08-21T15:32:19.524581+00:00,1.0
2012-10-01,2012,2012-13,October,SKO,IMPORT,0.0,0.0,PPAC,1751964598_PT_IMPORT_VAL_RS.CRS._H.xlsx,PT_IMPORT_VALRS_H 2012-13 ,17.0,1751964622_PT_IMPORT_VAL_US$_H.xlsx,PT_IMPORT_VAL$_H_2012-13,17.0,2026-08-21T15:32:19.524581+00:00,1.0
2012-11-01,2012,2012-13,November,ATF,IMPORT,0.0,0.0,PPAC,1751964598_PT_IMPORT_VAL_RS.CRS._H.xlsx,PT_IMPORT_VALRS_H 2012-13 ,16.0,1751964622_PT_IMPORT_VAL_US$_H.xlsx,PT_IMPORT_VAL$_H_2012-13,16.0,2026-08-21T15:32:19.524581+00:00,1.0
2012-11-01,2012,2012-13,November,ATF#,EXPORT,3367.103,616.4469116840373,PPAC,1751964598_PT_IMPORT_VAL_RS.CRS._H.xlsx,PT_IMPORT_VALRS_H 2012-13 ,29.0,1751964622_PT_IMPORT_VAL_US$_H.xlsx,PT_IMPORT_VAL$_H_2012-13,29.0,2026-08-21T15:32:19.524581+00:00,1.0
2012-11-01,2012,2012-13,November,Bitumen,EXPORT,32.46,6.0,PPAC,1751964598_PT_IMPORT_VAL_RS.CRS._H.xlsx,PT_IMPORT_VALRS_H 2012-13 ,35.0,1751964622_PT_IMPORT_VAL_US$_H.xlsx,PT_IMPORT_VAL$_H_2012-13,35.0,2026-08-21T15:32:19.524581+00:00,1.0
2012-11-01,2012,2012-13,November,Bitumen,IMPORT,34.7031888,6.3454358749314315,PPAC,1751964598_PT_IMPORT_VAL_RS.CRS._H.xlsx,PT_IMPORT_VALRS_H 2012-13 ,21.0,1751964622_PT_IMPORT_VAL_US$_H.xlsx,PT_IMPORT_VAL$_H_2012-13,21.0,2026-08-21T15:32:19.524581+00:00,1.0
2012-11-01,2012,2012-13,November,CRUDE OIL,IMPORT,65621.18415871324,12095.080429014772,PPAC,1751964598_PT_IMPORT_VAL_RS.CRS._H.xlsx,PT_IMPORT_VALRS_H 2012-13 ,11.0,1751964622_PT_IMPORT_VAL_US$_H.xlsx,PT_IMPORT_VAL$_H_2012-13,11.0,2026-08-21T15:32:19.524581+00:00,1.0
2012-11-01,2012,2012-13,November,Fuel Oil,EXPORT,1563.88,285.88731862,PPAC,1751964598_PT_IMPORT_VAL_RS.CRS._H.xlsx,PT_IMPORT_VALRS_H 2012-13 ,34.0,1751964622_PT_IMPORT_VAL_US$_H.xlsx,PT_IMPORT_VAL$_H_2012-13,34.0,2026-08-21T15:32:19.524581+00:00,1.0
2012-11-01,2012,2012-13,November,Fuel Oil,IMPORT,358.1614346,66.0677615771439,PPAC,1751964598_PT_IMPORT_VAL_RS.CRS._H.xlsx,PT_IMPORT_VALRS_H 2012-13 ,20.0,1751964622_PT_IMPORT_VAL_US$_H.xlsx,PT_IMPORT_VAL$_H_2012-13,20.0,2026-08-21T15:32:19.524581+00:00,1.0
2012-11-01,2012,2012-13,November,HSD,EXPORT,10273.728377228506,1878.5610169948377,PPAC,1751964598_PT_IMPORT_VAL_RS.CRS._H.xlsx,PT_IMPORT_VALRS_H 2012-13 ,31.0,1751964622_PT_IMPORT_VAL_US$_H.xlsx,PT_IMPORT_VAL$_H_2012-13,31.0,2026-08-21T15:32:19.524581+00:00,1.0
2012-11-01,2012,2012-13,November,HSD,IMPORT,10.622537,1.9423179740354728,PPAC,1751964598_PT_IMPORT_VAL_RS.CRS._H.xlsx,PT_IMPORT_VALRS_H 2012-13 ,18.0,1751964622_PT_IMPORT_VAL_US$_H.xlsx,PT_IMPORT_VAL$_H_2012-13,18.0,2026-08-21T15:32:19.524581+00:00,1.0
2012-11-01,2012,2012-13,November,LDO,EXPORT,0.0,0.0,PPAC,1751964598_PT_IMPORT_VAL_RS.CRS._H.xlsx,PT_IMPORT_VALRS_H 2012-13 ,32.0,1751964622_PT_IMPORT_VAL_US$_H.xlsx,PT_IMPORT_VAL$_H_2012-13,32.0,2026-08-21T15:32:19.524581+00:00,1.0
2012-11-01,2012,2012-13,November,LOBS/ Lube Oil,EXPORT,29.38,5.39,PPAC,1751964598_PT_IMPORT_VAL_RS.CRS._H.xlsx,PT_IMPORT_VALRS_H 2012-13 ,33.0,1751964622_PT_IMPORT_VAL_US$_H.xlsx,PT_IMPORT_VAL$_H_2012-13,33.0,2026-08-21T15:32:19.524581+00:00,1.0
2012-11-01,2012,2012-13,November,LOBS/ Lube oil,IMPORT,1334.5737497,244.02518736514904,PPAC,1751964598_PT_IMPORT_VAL_RS.CRS._H.xlsx,PT_IMPORT_VALRS_H 2012-13 ,19.0,1751964622_PT_IMPORT_VAL_US$_H.xlsx,PT_IMPORT_VAL$_H_2012-13,19.0,2026-08-21T15:32:19.524581+00:00,1.0
2012-11-01,2012,2012-13,November,LPG,EXPORT,120.205,21.979338087401718,PPAC,1751964598_PT_IMPORT_VAL_RS.CRS._H.xlsx,PT_IMPORT_VALRS_H 2012-13 ,26.0,1751964622_PT_IMPORT_VAL_US$_H.xlsx,PT_IMPORT_VAL$_H_2012-13,26.0,2026-08-21T15:32:19.524581+00:00,1.0
2012-11-01,2012,2012-13,November,LPG,IMPORT,2883.4605103633917,525.9308903956555,PPAC,1751964598_PT_IMPORT_VAL_RS.CRS._H.xlsx,PT_IMPORT_VALRS_H 2012-13 ,13.0,1751964622_PT_IMPORT_VAL_US$_H.xlsx,PT_IMPORT_VAL$_H_2012-13,13.0,2026-08-21T15:32:19.524581+00:00,1.0
2012-11-01,2012,2012-13,November,MS,IMPORT,0.0,0.0,PPAC,1751964598_PT_IMPORT_VAL_RS.CRS._H.xlsx,PT_IMPORT_VALRS_H 2012-13 ,14.0,1751964622_PT_IMPORT_VAL_US$_H.xlsx,PT_IMPORT_VAL$_H_2012-13,14.0,2026-08-21T15:32:19.524581+00:00,1.0
2012-11-01,2012,2012-13,November,MS!,EXPORT,7277.960899219497,1326.5902929250285,PPAC,1751964598_PT_IMPORT_VAL_RS.CRS._H.xlsx,PT_IMPORT_VALRS_H 2012-13 ,27.0,1751964622_PT_IMPORT_VAL_US$_H.xlsx,PT_IMPORT_VAL$_H_2012-13,27.0,2026-08-21T15:32:19.524581+00:00,1.0
2012-11-01,2012,2012-13,November,Naphtha,EXPORT,4696.904049207522,857.0210185995315,PPAC,1751964598_PT_IMPORT_VAL_RS.CRS._H.xlsx,PT_IMPORT_VALRS_H 2012-13 ,28.0,1751964622_PT_IMPORT_VAL_US$_H.xlsx,PT_IMPORT_VAL$_H_2012-13,28.0,2026-08-21T15:32:19.524581+00:00,1.0
2012-11-01,2012,2012-13,November,Naphtha,IMPORT,1124.919157,205.6880993765917,PPAC,1751964598_PT_IMPORT_VAL_RS.CRS._H.xlsx,PT_IMPORT_VALRS_H 2012-13 ,15.0,1751964622_PT_IMPORT_VAL_US$_H.xlsx,PT_IMPORT_VAL$_H_2012-13,15.0,2026-08-21T15:32:19.524581+00:00,1.0
2012-11-01,2012,2012-13,November,Others,EXPORT,,273.5243307247347,PPAC,,,,1751964622_PT_IMPORT_VAL_US$_H.xlsx,PT_IMPORT_VAL$_H_2012-13,36.0,,
2012-11-01,2012,2012-13,November,Others%,EXPORT,1499.9875330809955,,PPAC,1751964598_PT_IMPORT_VAL_RS.CRS._H.xlsx,PT_IMPORT_VALRS_H 2012-13 ,36.0,,,,2026-08-21T15:32:19.524581+00:00,1.0
2012-11-01,2012,2012-13,November,Others&,IMPORT,827.6094370000001,151.32700691899822,PPAC,1751964598_PT_IMPORT_VAL_RS.CRS._H.xlsx,PT_IMPORT_VALRS_H 2012-13 ,22.0,1751964622_PT_IMPORT_VAL_US$_H.xlsx,PT_IMPORT_VAL$_H_2012-13,22.0,2026-08-21T15:32:19.524581+00:00,1.0
2012-11-01,2012,2012-13,November,SKO,EXPORT,6.734,1.2313037118303165,PPAC,1751964598_PT_IMPORT_VAL_RS.CRS._H.xlsx,PT_IMPORT_VALRS_H 2012-13 ,30.0,1751964622_PT_IMPORT_VAL_US$_H.xlsx,PT_IMPORT_VAL$_H_2012-13,30.0,2026-08-21T15:32:19.524581+00:00,1.0
2012-11-01,2012,2012-13,November,SKO,IMPORT,0.0,0.0,PPAC,1751964598_PT_IMPORT_VAL_RS.CRS._H.xlsx,PT_IMPORT_VALRS_H 2012-13 ,17.0,1751964622_PT_IMPORT_VAL_US$_H.xlsx,PT_IMPORT_VAL$_H_2012-13,17.0,2026-08-21T15:32:19.524581+00:00,1.0
2012-12-01,2012,2012-13,December,ATF,IMPORT,0.0,0.0,PPAC,1751964598_PT_IMPORT_VAL_RS.CRS._H.xlsx,PT_IMPORT_VALRS_H 2012-13 ,16.0,1751964622_PT_IMPORT_VAL_US$_H.xlsx,PT_IMPORT_VAL$_H_2012-13,16.0,2026-08-21T15:32:19.524581+00:00,1.0
2012-12-01,2012,2012-13,December,ATF#,EXPORT,2620.389,478.242185406482,PPAC,1751964598_PT_IMPORT_VAL_RS.CRS._H.xlsx,PT_IMPORT_VALRS_H 2012-13 ,29.0,1751964622_PT_IMPORT_VAL_US$_H.xlsx,PT_IMPORT_VAL$_H_2012-13,29.0,2026-08-21T15:32:19.524581+00:00,1.0
2012-12-01,2012,2012-13,December,Bitumen,EXPORT,31.756876922,5.86719943,PPAC,1751964598_PT_IMPORT_VAL_RS.CRS._H.xlsx,PT_IMPORT_VALRS_H 2012-13 ,35.0,1751964622_PT_IMPORT_VAL_US$_H.xlsx,PT_IMPORT_VAL$_H_2012-13,35.0,2026-08-21T15:32:19.524581+00:00,1.0
2012-12-01,2012,2012-13,December,Bitumen,IMPORT,20.3513101,3.684828915444505,PPAC,1751964598_PT_IMPORT_VAL_RS.CRS._H.xlsx,PT_IMPORT_VALRS_H 2012-13 ,21.0,1751964622_PT_IMPORT_VAL_US$_H.xlsx,PT_IMPORT_VAL$_H_2012-13,21.0,2026-08-21T15:32:19.524581+00:00,1.0
2012-12-01,2012,2012-13,December,CRUDE OIL,IMPORT,66755.92041219596,12260.705440505773,PPAC,1751964598_PT_IMPORT_VAL_RS.CRS._H.xlsx,PT_IMPORT_VALRS_H 2012-13 ,11.0,1751964622_PT_IMPORT_VAL_US$_H.xlsx,PT_IMPORT_VAL$_H_2012-13,11.0,2026-08-21T15:32:19.524581+00:00,1.0
2012-12-01,2012,2012-13,December,Fuel Oil,EXPORT,1430.1599999999999,260.51435596,PPAC,1751964598_PT_IMPORT_VAL_RS.CRS._H.xlsx,PT_IMPORT_VALRS_H 2012-13 ,34.0,1751964622_PT_IMPORT_VAL_US$_H.xlsx,PT_IMPORT_VAL$_H_2012-13,34.0,2026-08-21T15:32:19.524581+00:00,1.0
2012-12-01,2012,2012-13,December,Fuel Oil,IMPORT,314.2064118,57.42125462333153,PPAC,1751964598_PT_IMPORT_VAL_RS.CRS._H.xlsx,PT_IMPORT_VALRS_H 2012-13 ,20.0,1751964622_PT_IMPORT_VAL_US$_H.xlsx,PT_IMPORT_VAL$_H_2012-13,20.0,2026-08-21T15:32:19.524581+00:00,1.0
2012-12-01,2012,2012-13,December,HSD,EXPORT,12978.97180904086,2373.475598685385,PPAC,1751964598_PT_IMPORT_VAL_RS.CRS._H.xlsx,PT_IMPORT_VALRS_H 2012-13 ,31.0,1751964622_PT_IMPORT_VAL_US$_H.xlsx,PT_IMPORT_VAL$_H_2012-13,31.0,2026-08-21T15:32:19.524581+00:00,1.0
2012-12-01,2012,2012-13,December,HSD,IMPORT,38.8915187,7.041737950389281,PPAC,1751964598_PT_IMPORT_VAL_RS.CRS._H.xlsx,PT_IMPORT_VALRS_H 2012-13 ,18.0,1751964622_PT_IMPORT_VAL_US$_H.xlsx,PT_IMPORT_VAL$_H_2012-13,18.0,2026-08-21T15:32:19.524581+00:00,1.0
2012-12-01,2012,2012-13,December,LDO,EXPORT,0.0,0.0,PPAC,1751964598_PT_IMPORT_VAL_RS.CRS._H.xlsx,PT_IMPORT_VALRS_H 2012-13 ,32.0,1751964622_PT_IMPORT_VAL_US$_H.xlsx,PT_IMPORT_VAL$_H_2012-13,32.0,2026-08-21T15:32:19.524581+00:00,1.0
2012-12-01,2012,2012-13,December,LOBS/ Lube Oil,EXPORT,9.7439501,2.624668,PPAC,1751964598_PT_IMPORT_VAL_RS.CRS._H.xlsx,PT_IMPORT_VALRS_H 2012-13 ,33.0,1751964622_PT_IMPORT_VAL_US$_H.xlsx,PT_IMPORT_VAL$_H_2012-13,33.0,2026-08-21T15:32:19.524581+00:00,1.0
2012-12-01,2012,2012-13,December,LOBS/ Lube oil,IMPORT,598.623027,108.38729440521456,PPAC,1751964598_PT_IMPORT_VAL_RS.CRS._H.xlsx,PT_IMPORT_VALRS_H 2012-13 ,19.0,1751964622_PT_IMPORT_VAL_US$_H.xlsx,PT_IMPORT_VAL$_H_2012-13,19.0,2026-08-21T15:32:19.524581+00:00,1.0
2012-12-01,2012,2012-13,December,LPG,EXPORT,131.266,23.767155531414087,PPAC,1751964598_PT_IMPORT_VAL_RS.CRS._H.xlsx,PT_IMPORT_VALRS_H 2012-13 ,26.0,1751964622_PT_IMPORT_VAL_US$_H.xlsx,PT_IMPORT_VAL$_H_2012-13,26.0,2026-08-21T15:32:19.524581+00:00,1.0
2012-12-01,2012,2012-13,December,LPG,IMPORT,2912.3666822978175,529.4119830456564,PPAC,1751964598_PT_IMPORT_VAL_RS.CRS._H.xlsx,PT_IMPORT_VALRS_H 2012-13 ,13.0,1751964622_PT_IMPORT_VAL_US$_H.xlsx,PT_IMPORT_VAL$_H_2012-13,13.0,2026-08-21T15:32:19.524581+00:00,1.0
2012-12-01,2012,2012-13,December,MS,IMPORT,0.0,0.0,PPAC,1751964598_PT_IMPORT_VAL_RS.CRS._H.xlsx,PT_IMPORT_VALRS_H 2012-13 ,14.0,1751964622_PT_IMPORT_VAL_US$_H.xlsx,PT_IMPORT_VAL$_H_2012-13,14.0,2026-08-21T15:32:19.524581+00:00,1.0
2012-12-01,2012,2012-13,December,MS!,EXPORT,7941.089883185277,1452.9498331353775,PPAC,1751964598_PT_IMPORT_VAL_RS.CRS._H.xlsx,PT_IMPORT_VALRS_H 2012-13 ,27.0,1751964622_PT_IMPORT_VAL_US$_H.xlsx,PT_IMPORT_VAL$_H_2012-13,27.0,2026-08-21T15:32:19.524581+00:00,1.0
2012-12-01,2012,2012-13,December,Naphtha,EXPORT,4386.432882110631,800.3495126940672,PPAC,1751964598_PT_IMPORT_VAL_RS.CRS._H.xlsx,PT_IMPORT_VALRS_H 2012-13 ,28.0,1751964622_PT_IMPORT_VAL_US$_H.xlsx,PT_IMPORT_VAL$_H_2012-13,28.0,2026-08-21T15:32:19.524581+00:00,1.0
2012-12-01,2012,2012-13,December,Naphtha,IMPORT,594.9062434,107.71188049378236,PPAC,1751964598_PT_IMPORT_VAL_RS.CRS._H.xlsx,PT_IMPORT_VALRS_H 2012-13 ,15.0,1751964622_PT_IMPORT_VAL_US$_H.xlsx,PT_IMPORT_VAL$_H_2012-13,15.0,2026-08-21T15:32:19.524581+00:00,1.0
2012-12-01,2012,2012-13,December,Others,EXPORT,,312.765919753092,PPAC,,,,1751964622_PT_IMPORT_VAL_US$_H.xlsx,PT_IMPORT_VAL$_H_2012-13,36.0,,
2012-12-01,2012,2012-13,December,Others%,EXPORT,1709.8524619029995,,PPAC,1751964598_PT_IMPORT_VAL_RS.CRS._H.xlsx,PT_IMPORT_VALRS_H 2012-13 ,36.0,,,,2026-08-21T15:32:19.524581+00:00,1.0
2012-12-01,2012,2012-13,December,Others&,IMPORT,642.5962384000004,116.38196422234307,PPAC,1751964598_PT_IMPORT_VAL_RS.CRS._H.xlsx,PT_IMPORT_VALRS_H 2012-13 ,22.0,1751964622_PT_IMPORT_VAL_US$_H.xlsx,PT_IMPORT_VAL$_H_2012-13,22.0,2026-08-21T15:32:19.524581+00:00,1.0
2012-12-01,2012,2012-13,December,SKO,EXPORT,9.923,1.7966684772768424,PPAC,1751964598_PT_IMPORT_VAL_RS.CRS._H.xlsx,PT_IMPORT_VALRS_H 2012-13 ,30.0,1751964622_PT_IMPORT_VAL_US$_H.xlsx,PT_IMPORT_VAL$_H_2012-13,30.0,2026-08-21T15:32:19.524581+00:00,1.0
2012-12-01,2012,2012-13,December,SKO,IMPORT,0.0,0.0,PPAC,1751964598_PT_IMPORT_VAL_RS.CRS._H.xlsx,PT_IMPORT_VALRS_H 2012-13 ,17.0,1751964622_PT_IMPORT_VAL_US$_H.xlsx,PT_IMPORT_VAL$_H_2012-13,17.0,2026-08-21T15:32:19.524581+00:00,1.0
2013-01-01,2013,2012-13,January,ATF,IMPORT,0.0,0.0,PPAC,1751964598_PT_IMPORT_VAL_RS.CRS._H.xlsx,PT_IMPORT_VALRS_H 2012-13 ,16.0,1751964622_PT_IMPORT_VAL_US$_H.xlsx,PT_IMPORT_VAL$_H_2012-13,16.0,2026-08-21T15:32:19.524581+00:00,1.0
2013-01-01,2013,2012-13,January,ATF#,EXPORT,2322.5299999999997,428.9737108792846,PPAC,1751964598_PT_IMPORT_VAL_RS.CRS._H.xlsx,PT_IMPORT_VALRS_H 2012-13 ,29.0,1751964622_PT_IMPORT_VAL_US$_H.xlsx,PT_IMPORT_VAL$_H_2012-13,29.0,2026-08-21T15:32:19.524581+00:00,1.0
2013-01-01,2013,2012-13,January,Bitumen,EXPORT,27.701194700000002,5.118931,PPAC,1751964598_PT_IMPORT_VAL_RS.CRS._H.xlsx,PT_IMPORT_VALRS_H 2012-13 ,35.0,1751964622_PT_IMPORT_VAL_US$_H.xlsx,PT_IMPORT_VAL$_H_2012-13,35.0,2026-08-21T15:32:19.524581+00:00,1.0
2013-01-01,2013,2012-13,January,Bitumen,IMPORT,10.9817524,1.9883672641680246,PPAC,1751964598_PT_IMPORT_VAL_RS.CRS._H.xlsx,PT_IMPORT_VALRS_H 2012-13 ,21.0,1751964622_PT_IMPORT_VAL_US$_H.xlsx,PT_IMPORT_VAL$_H_2012-13,21.0,2026-08-21T15:32:19.524581+00:00,1.0
2013-01-01,2013,2012-13,January,CRUDE OIL,IMPORT,77673.89476928292,14350.714482190464,PPAC,1751964598_PT_IMPORT_VAL_RS.CRS._H.xlsx,PT_IMPORT_VALRS_H 2012-13 ,11.0,1751964622_PT_IMPORT_VAL_US$_H.xlsx,PT_IMPORT_VAL$_H_2012-13,11.0,2026-08-21T15:32:19.524581+00:00,1.0
2013-01-01,2013,2012-13,January,Fuel Oil,EXPORT,1808.19378138,336.1038817211962,PPAC,1751964598_PT_IMPORT_VAL_RS.CRS._H.xlsx,PT_IMPORT_VALRS_H 2012-13 ,34.0,1751964622_PT_IMPORT_VAL_US$_H.xlsx,PT_IMPORT_VAL$_H_2012-13,34.0,2026-08-21T15:32:19.524581+00:00,1.0
2013-01-01,2013,2012-13,January,Fuel Oil,IMPORT,464.30239009999997,84.01932103929023,PPAC,1751964598_PT_IMPORT_VAL_RS.CRS._H.xlsx,PT_IMPORT_VALRS_H 2012-13 ,20.0,1751964622_PT_IMPORT_VAL_US$_H.xlsx,PT_IMPORT_VAL$_H_2012-13,20.0,2026-08-21T15:32:19.524581+00:00,1.0
2013-01-01,2013,2012-13,January,HSD,EXPORT,9938.180868413,1833.1968702499964,PPAC,1751964598_PT_IMPORT_VAL_RS.CRS._H.xlsx,PT_IMPORT_VALRS_H 2012-13 ,31.0,1751964622_PT_IMPORT_VAL_US$_H.xlsx,PT_IMPORT_VAL$_H_2012-13,31.0,2026-08-21T15:32:19.524581+00:00,1.0
2013-01-01,2013,2012-13,January,HSD,IMPORT,43.5730099,7.889373510773131,PPAC,1751964598_PT_IMPORT_VAL_RS.CRS._H.xlsx,PT_IMPORT_VALRS_H 2012-13 ,18.0,1751964622_PT_IMPORT_VAL_US$_H.xlsx,PT_IMPORT_VAL$_H_2012-13,18.0,2026-08-21T15:32:19.524581+00:00,1.0
2013-01-01,2013,2012-13,January,LDO,EXPORT,0.761,0.14176602086438153,PPAC,1751964598_PT_IMPORT_VAL_RS.CRS._H.xlsx,PT_IMPORT_VALRS_H 2012-13 ,32.0,1751964622_PT_IMPORT_VAL_US$_H.xlsx,PT_IMPORT_VAL$_H_2012-13,32.0,2026-08-21T15:32:19.524581+00:00,1.0
2013-01-01,2013,2012-13,January,LOBS/ Lube Oil,EXPORT,11.229735900000001,2.090323672876304,PPAC,1751964598_PT_IMPORT_VAL_RS.CRS._H.xlsx,PT_IMPORT_VALRS_H 2012-13 ,33.0,1751964622_PT_IMPORT_VAL_US$_H.xlsx,PT_IMPORT_VAL$_H_2012-13,33.0,2026-08-21T15:32:19.524581+00:00,1.0
2013-01-01,2013,2012-13,January,LOBS/ Lube oil,IMPORT,872.1082306,157.9665670106826,PPAC,1751964598_PT_IMPORT_VAL_RS.CRS._H.xlsx,PT_IMPORT_VALRS_H 2012-13 ,19.0,1751964622_PT_IMPORT_VAL_US$_H.xlsx,PT_IMPORT_VAL$_H_2012-13,19.0,2026-08-21T15:32:19.524581+00:00,1.0
2013-01-01,2013,2012-13,January,LPG,EXPORT,128.739,23.982675111773474,PPAC,1751964598_PT_IMPORT_VAL_RS.CRS._H.xlsx,PT_IMPORT_VALRS_H 2012-13 ,26.0,1751964622_PT_IMPORT_VAL_US$_H.xlsx,PT_IMPORT_VAL$_H_2012-13,26.0,2026-08-21T15:32:19.524581+00:00,1.0
2013-01-01,2013,2012-13,January,LPG,IMPORT,2385.3344856559997,440.345636919971,PPAC,1751964598_PT_IMPORT_VAL_RS.CRS._H.xlsx,PT_IMPORT_VALRS_H 2012-13 ,13.0,1751964622_PT_IMPORT_VAL_US$_H.xlsx,PT_IMPORT_VAL$_H_2012-13,13.0,2026-08-21T15:32:19.524581+00:00,1.0
2013-01-01,2013,2012-13,January,MS,IMPORT,0.0,0.0,PPAC,1751964598_PT_IMPORT_VAL_RS.CRS._H.xlsx,PT_IMPORT_VALRS_H 2012-13 ,14.0,1751964622_PT_IMPORT_VAL_US$_H.xlsx,PT_IMPORT_VAL$_H_2012-13,14.0,2026-08-21T15:32:19.524581+00:00,1.0
2013-01-01,2013,2012-13,January,MS!,EXPORT,8265.708934653285,1522.5868995424644,PPAC,1751964598_PT_IMPORT_VAL_RS.CRS._H.xlsx,PT_IMPORT_VALRS_H 2012-13 ,27.0,1751964622_PT_IMPORT_VAL_US$_H.xlsx,PT_IMPORT_VAL$_H_2012-13,27.0,2026-08-21T15:32:19.524581+00:00,1.0
2013-01-01,2013,2012-13,January,Naphtha,EXPORT,3805.504806407845,704.6788541743302,PPAC,1751964598_PT_IMPORT_VAL_RS.CRS._H.xlsx,PT_IMPORT_VALRS_H 2012-13 ,28.0,1751964622_PT_IMPORT_VAL_US$_H.xlsx,PT_IMPORT_VAL$_H_2012-13,28.0,2026-08-21T15:32:19.524581+00:00,1.0
2013-01-01,2013,2012-13,January,Naphtha,IMPORT,500.2751095,90.58032038747058,PPAC,1751964598_PT_IMPORT_VAL_RS.CRS._H.xlsx,PT_IMPORT_VALRS_H 2012-13 ,15.0,1751964622_PT_IMPORT_VAL_US$_H.xlsx,PT_IMPORT_VAL$_H_2012-13,15.0,2026-08-21T15:32:19.524581+00:00,1.0
2013-01-01,2013,2012-13,January,Others,EXPORT,,224.3800000000001,PPAC,,,,1751964622_PT_IMPORT_VAL_US$_H.xlsx,PT_IMPORT_VAL$_H_2012-13,36.0,,
2013-01-01,2013,2012-13,January,Others%,EXPORT,1217.8099999999977,,PPAC,1751964598_PT_IMPORT_VAL_RS.CRS._H.xlsx,PT_IMPORT_VALRS_H 2012-13 ,36.0,,,,2026-08-21T15:32:19.524581+00:00,1.0
2013-01-01,2013,2012-13,January,Others&,IMPORT,777.9066227000012,140.86248030056117,PPAC,1751964598_PT_IMPORT_VAL_RS.CRS._H.xlsx,PT_IMPORT_VALRS_H 2012-13 ,22.0,1751964622_PT_IMPORT_VAL_US$_H.xlsx,PT_IMPORT_VAL$_H_2012-13,22.0,2026-08-21T15:32:19.524581+00:00,1.0
2013-01-01,2013,2012-13,January,SKO,EXPORT,14.709,2.7401266766020864,PPAC,1751964598_PT_IMPORT_VAL_RS.CRS._H.xlsx,PT_IMPORT_VALRS_H 2012-13 ,30.0,1751964622_PT_IMPORT_VAL_US$_H.xlsx,PT_IMPORT_VAL$_H_2012-13,30.0,2026-08-21T15:32:19.524581+00:00,1.0
2013-01-01,2013,2012-13,January,SKO,IMPORT,0.0,0.0,PPAC,1751964598_PT_IMPORT_VAL_RS.CRS._H.xlsx,PT_IMPORT_VALRS_H 2012-13 ,17.0,1751964622_PT_IMPORT_VAL_US$_H.xlsx,PT_IMPORT_VAL$_H_2012-13,17.0,2026-08-21T15:32:19.524581+00:00,1.0
2013-02-01,2013,2012-13,February,ATF,IMPORT,0.0,0.0,PPAC,1751964598_PT_IMPORT_VAL_RS.CRS._H.xlsx,PT_IMPORT_VALRS_H 2012-13 ,16.0,1751964622_PT_IMPORT_VAL_US$_H.xlsx,PT_IMPORT_VAL$_H_2012-13,16.0,2026-08-21T15:32:19.524581+00:00,1.0
2013-02-01,2013,2012-13,February,ATF#,EXPORT,2316.65,430.32536851683346,PPAC,1751964598_PT_IMPORT_VAL_RS.CRS._H.xlsx,PT_IMPORT_VALRS_H 2012-13 ,29.0,1751964622_PT_IMPORT_VAL_US$_H.xlsx,PT_IMPORT_VAL$_H_2012-13,29.0,2026-08-21T15:32:19.524581+00:00,1.0
2013-02-01,2013,2012-13,February,Bitumen,EXPORT,12.1832123,2.298719,PPAC,1751964598_PT_IMPORT_VAL_RS.CRS._H.xlsx,PT_IMPORT_VALRS_H 2012-13 ,35.0,1751964622_PT_IMPORT_VAL_US$_H.xlsx,PT_IMPORT_VAL$_H_2012-13,35.0,2026-08-21T15:32:19.524581+00:00,1.0
2013-02-01,2013,2012-13,February,Bitumen,IMPORT,43.2830348,8.063158494783904,PPAC,1751964598_PT_IMPORT_VAL_RS.CRS._H.xlsx,PT_IMPORT_VALRS_H 2012-13 ,21.0,1751964622_PT_IMPORT_VAL_US$_H.xlsx,PT_IMPORT_VAL$_H_2012-13,21.0,2026-08-21T15:32:19.524581+00:00,1.0
2013-02-01,2013,2012-13,February,CRUDE OIL,IMPORT,58465.21609636785,10784.098898245109,PPAC,1751964598_PT_IMPORT_VAL_RS.CRS._H.xlsx,PT_IMPORT_VALRS_H 2012-13 ,11.0,1751964622_PT_IMPORT_VAL_US$_H.xlsx,PT_IMPORT_VAL$_H_2012-13,11.0,2026-08-21T15:32:19.524581+00:00,1.0
2013-02-01,2013,2012-13,February,Fuel Oil,EXPORT,1400.3904558579752,257.715217880482,PPAC,1751964598_PT_IMPORT_VAL_RS.CRS._H.xlsx,PT_IMPORT_VALRS_H 2012-13 ,34.0,1751964622_PT_IMPORT_VAL_US$_H.xlsx,PT_IMPORT_VAL$_H_2012-13,34.0,2026-08-21T15:32:19.524581+00:00,1.0
2013-02-01,2013,2012-13,February,Fuel Oil,IMPORT,548.995498094,102.78467777587184,PPAC,1751964598_PT_IMPORT_VAL_RS.CRS._H.xlsx,PT_IMPORT_VALRS_H 2012-13 ,20.0,1751964622_PT_IMPORT_VAL_US$_H.xlsx,PT_IMPORT_VAL$_H_2012-13,20.0,2026-08-21T15:32:19.524581+00:00,1.0
2013-02-01,2013,2012-13,February,HSD,EXPORT,8112.78,1508.5878161965425,PPAC,1751964598_PT_IMPORT_VAL_RS.CRS._H.xlsx,PT_IMPORT_VALRS_H 2012-13 ,31.0,1751964622_PT_IMPORT_VAL_US$_H.xlsx,PT_IMPORT_VAL$_H_2012-13,31.0,2026-08-21T15:32:19.524581+00:00,1.0
2013-02-01,2013,2012-13,February,HSD,IMPORT,22.1330953,4.123154862146051,PPAC,1751964598_PT_IMPORT_VAL_RS.CRS._H.xlsx,PT_IMPORT_VALRS_H 2012-13 ,18.0,1751964622_PT_IMPORT_VAL_US$_H.xlsx,PT_IMPORT_VAL$_H_2012-13,18.0,2026-08-21T15:32:19.524581+00:00,1.0
2013-02-01,2013,2012-13,February,LDO,EXPORT,0.48,0.08735213830755231,PPAC,1751964598_PT_IMPORT_VAL_RS.CRS._H.xlsx,PT_IMPORT_VALRS_H 2012-13 ,32.0,1751964622_PT_IMPORT_VAL_US$_H.xlsx,PT_IMPORT_VAL$_H_2012-13,32.0,2026-08-21T15:32:19.524581+00:00,1.0
2013-02-01,2013,2012-13,February,LOBS/ Lube Oil,EXPORT,7.0147022,1.292660907188353,PPAC,1751964598_PT_IMPORT_VAL_RS.CRS._H.xlsx,PT_IMPORT_VALRS_H 2012-13 ,33.0,1751964622_PT_IMPORT_VAL_US$_H.xlsx,PT_IMPORT_VAL$_H_2012-13,33.0,2026-08-21T15:32:19.524581+00:00,1.0
2013-02-01,2013,2012-13,February,LOBS/ Lube oil,IMPORT,855.5733917,159.352684742921,PPAC,1751964598_PT_IMPORT_VAL_RS.CRS._H.xlsx,PT_IMPORT_VALRS_H 2012-13 ,19.0,1751964622_PT_IMPORT_VAL_US$_H.xlsx,PT_IMPORT_VAL$_H_2012-13,19.0,2026-08-21T15:32:19.524581+00:00,1.0
2013-02-01,2013,2012-13,February,LPG,EXPORT,105.45,19.1901728844404,PPAC,1751964598_PT_IMPORT_VAL_RS.CRS._H.xlsx,PT_IMPORT_VALRS_H 2012-13 ,26.0,1751964622_PT_IMPORT_VAL_US$_H.xlsx,PT_IMPORT_VAL$_H_2012-13,26.0,2026-08-21T15:32:19.524581+00:00,1.0
2013-02-01,2013,2012-13,February,LPG,IMPORT,1975.80222555287,362.54006660257727,PPAC,1751964598_PT_IMPORT_VAL_RS.CRS._H.xlsx,PT_IMPORT_VALRS_H 2012-13 ,13.0,1751964622_PT_IMPORT_VAL_US$_H.xlsx,PT_IMPORT_VAL$_H_2012-13,13.0,2026-08-21T15:32:19.524581+00:00,1.0
2013-02-01,2013,2012-13,February,MS,IMPORT,0.0,0.0,PPAC,1751964598_PT_IMPORT_VAL_RS.CRS._H.xlsx,PT_IMPORT_VALRS_H 2012-13 ,14.0,1751964622_PT_IMPORT_VAL_US$_H.xlsx,PT_IMPORT_VAL$_H_2012-13,14.0,2026-08-21T15:32:19.524581+00:00,1.0
2013-02-01,2013,2012-13,February,MS!,EXPORT,6677.323104012,1241.1067883249616,PPAC,1751964598_PT_IMPORT_VAL_RS.CRS._H.xlsx,PT_IMPORT_VALRS_H 2012-13 ,27.0,1751964622_PT_IMPORT_VAL_US$_H.xlsx,PT_IMPORT_VAL$_H_2012-13,27.0,2026-08-21T15:32:19.524581+00:00,1.0
2013-02-01,2013,2012-13,February,Naphtha,EXPORT,3564.033152006033,656.5848972563629,PPAC,1751964598_PT_IMPORT_VAL_RS.CRS._H.xlsx,PT_IMPORT_VALRS_H 2012-13 ,28.0,1751964622_PT_IMPORT_VAL_US$_H.xlsx,PT_IMPORT_VAL$_H_2012-13,28.0,2026-08-21T15:32:19.524581+00:00,1.0
2013-02-01,2013,2012-13,February,Naphtha,IMPORT,668.3931572700001,123.73147521202682,PPAC,1751964598_PT_IMPORT_VAL_RS.CRS._H.xlsx,PT_IMPORT_VALRS_H 2012-13 ,15.0,1751964622_PT_IMPORT_VAL_US$_H.xlsx,PT_IMPORT_VAL$_H_2012-13,15.0,2026-08-21T15:32:19.524581+00:00,1.0
2013-02-01,2013,2012-13,February,Others,EXPORT,,316.00178263016096,PPAC,,,,1751964622_PT_IMPORT_VAL_US$_H.xlsx,PT_IMPORT_VAL$_H_2012-13,36.0,,
2013-02-01,2013,2012-13,February,Others%,EXPORT,1697.174970881999,,PPAC,1751964598_PT_IMPORT_VAL_RS.CRS._H.xlsx,PT_IMPORT_VALRS_H 2012-13 ,36.0,,,,2026-08-21T15:32:19.524581+00:00,1.0
2013-02-01,2013,2012-13,February,Others&,IMPORT,601.8413332,111.90616178539483,PPAC,1751964598_PT_IMPORT_VAL_RS.CRS._H.xlsx,PT_IMPORT_VALRS_H 2012-13 ,22.0,1751964622_PT_IMPORT_VAL_US$_H.xlsx,PT_IMPORT_VAL$_H_2012-13,22.0,2026-08-21T15:32:19.524581+00:00,1.0
2013-02-01,2013,2012-13,February,SKO,EXPORT,11.0,2.0018198362147404,PPAC,1751964598_PT_IMPORT_VAL_RS.CRS._H.xlsx,PT_IMPORT_VALRS_H 2012-13 ,30.0,1751964622_PT_IMPORT_VAL_US$_H.xlsx,PT_IMPORT_VAL$_H_2012-13,30.0,2026-08-21T15:32:19.524581+00:00,1.0
2013-02-01,2013,2012-13,February,SKO,IMPORT,0.0,0.0,PPAC,1751964598_PT_IMPORT_VAL_RS.CRS._H.xlsx,PT_IMPORT_VALRS_H 2012-13 ,17.0,1751964622_PT_IMPORT_VAL_US$_H.xlsx,PT_IMPORT_VAL$_H_2012-13,17.0,2026-08-21T15:32:19.524581+00:00,1.0
2013-03-01,2013,2012-13,March,ATF,IMPORT,0.0,0.0,PPAC,1751964598_PT_IMPORT_VAL_RS.CRS._H.xlsx,PT_IMPORT_VALRS_H 2012-13 ,16.0,1751964622_PT_IMPORT_VAL_US$_H.xlsx,PT_IMPORT_VAL$_H_2012-13,16.0,2026-08-21T15:32:19.524581+00:00,1.0
2013-03-01,2013,2012-13,March,ATF#,EXPORT,2517.019,461.70707838479814,PPAC,1751964598_PT_IMPORT_VAL_RS.CRS._H.xlsx,PT_IMPORT_VALRS_H 2012-13 ,29.0,1751964622_PT_IMPORT_VAL_US$_H.xlsx,PT_IMPORT_VAL$_H_2012-13,29.0,2026-08-21T15:32:19.524581+00:00,1.0
2013-03-01,2013,2012-13,March,Bitumen,EXPORT,27.9431565,5.080573,PPAC,1751964598_PT_IMPORT_VAL_RS.CRS._H.xlsx,PT_IMPORT_VALRS_H 2012-13 ,35.0,1751964622_PT_IMPORT_VAL_US$_H.xlsx,PT_IMPORT_VAL$_H_2012-13,35.0,2026-08-21T15:32:19.524581+00:00,1.0
2013-03-01,2013,2012-13,March,Bitumen,IMPORT,59.4475034,10.81847195632393,PPAC,1751964598_PT_IMPORT_VAL_RS.CRS._H.xlsx,PT_IMPORT_VALRS_H 2012-13 ,21.0,1751964622_PT_IMPORT_VAL_US$_H.xlsx,PT_IMPORT_VAL$_H_2012-13,21.0,2026-08-21T15:32:19.524581+00:00,1.0
2013-03-01,2013,2012-13,March,CRUDE OIL,IMPORT,62470.956680551724,11470.17346905524,PPAC,1751964598_PT_IMPORT_VAL_RS.CRS._H.xlsx,PT_IMPORT_VALRS_H 2012-13 ,11.0,1751964622_PT_IMPORT_VAL_US$_H.xlsx,PT_IMPORT_VAL$_H_2012-13,11.0,2026-08-21T15:32:19.524581+00:00,1.0
2013-03-01,2013,2012-13,March,Fuel Oil,EXPORT,1729.051086,316.26677928010236,PPAC,1751964598_PT_IMPORT_VAL_RS.CRS._H.xlsx,PT_IMPORT_VALRS_H 2012-13 ,34.0,1751964622_PT_IMPORT_VAL_US$_H.xlsx,PT_IMPORT_VAL$_H_2012-13,34.0,2026-08-21T15:32:19.524581+00:00,1.0
2013-03-01,2013,2012-13,March,Fuel Oil,IMPORT,352.66433440000003,65.85793164695177,PPAC,1751964598_PT_IMPORT_VAL_RS.CRS._H.xlsx,PT_IMPORT_VALRS_H 2012-13 ,20.0,1751964622_PT_IMPORT_VAL_US$_H.xlsx,PT_IMPORT_VAL$_H_2012-13,20.0,2026-08-21T15:32:19.524581+00:00,1.0
2013-03-01,2013,2012-13,March,HSD,EXPORT,11069.01370354392,2034.5967430205028,PPAC,1751964598_PT_IMPORT_VAL_RS.CRS._H.xlsx,PT_IMPORT_VALRS_H 2012-13 ,31.0,1751964622_PT_IMPORT_VAL_US$_H.xlsx,PT_IMPORT_VAL$_H_2012-13,31.0,2026-08-21T15:32:19.524581+00:00,1.0
2013-03-01,2013,2012-13,March,HSD,IMPORT,26.511373,4.824635668789808,PPAC,1751964598_PT_IMPORT_VAL_RS.CRS._H.xlsx,PT_IMPORT_VALRS_H 2012-13 ,18.0,1751964622_PT_IMPORT_VAL_US$_H.xlsx,PT_IMPORT_VAL$_H_2012-13,18.0,2026-08-21T15:32:19.524581+00:00,1.0
2013-03-01,2013,2012-13,March,LDO,EXPORT,0.0,0.0,PPAC,1751964598_PT_IMPORT_VAL_RS.CRS._H.xlsx,PT_IMPORT_VALRS_H 2012-13 ,32.0,1751964622_PT_IMPORT_VAL_US$_H.xlsx,PT_IMPORT_VAL$_H_2012-13,32.0,2026-08-21T15:32:19.524581+00:00,1.0
2013-03-01,2013,2012-13,March,LOBS/ Lube Oil,EXPORT,22.158145100000002,2.3459157,PPAC,1751964598_PT_IMPORT_VAL_RS.CRS._H.xlsx,PT_IMPORT_VALRS_H 2012-13 ,33.0,1751964622_PT_IMPORT_VAL_US$_H.xlsx,PT_IMPORT_VAL$_H_2012-13,33.0,2026-08-21T15:32:19.524581+00:00,1.0
2013-03-01,2013,2012-13,March,LOBS/ Lube oil,IMPORT,849.8905629,154.6661624931756,PPAC,1751964598_PT_IMPORT_VAL_RS.CRS._H.xlsx,PT_IMPORT_VALRS_H 2012-13 ,19.0,1751964622_PT_IMPORT_VAL_US$_H.xlsx,PT_IMPORT_VAL$_H_2012-13,19.0,2026-08-21T15:32:19.524581+00:00,1.0
2013-03-01,2013,2012-13,March,LPG,EXPORT,112.88,20.62488580303307,PPAC,1751964598_PT_IMPORT_VAL_RS.CRS._H.xlsx,PT_IMPORT_VALRS_H 2012-13 ,26.0,1751964622_PT_IMPORT_VAL_US$_H.xlsx,PT_IMPORT_VAL$_H_2012-13,26.0,2026-08-21T15:32:19.524581+00:00,1.0
2013-03-01,2013,2012-13,March,LPG,IMPORT,2719.7481546885,497.5865889040037,PPAC,1751964598_PT_IMPORT_VAL_RS.CRS._H.xlsx,PT_IMPORT_VALRS_H 2012-13 ,13.0,1751964622_PT_IMPORT_VAL_US$_H.xlsx,PT_IMPORT_VAL$_H_2012-13,13.0,2026-08-21T15:32:19.524581+00:00,1.0
2013-03-01,2013,2012-13,March,MS,IMPORT,0.0,0.0,PPAC,1751964598_PT_IMPORT_VAL_RS.CRS._H.xlsx,PT_IMPORT_VALRS_H 2012-13 ,14.0,1751964622_PT_IMPORT_VAL_US$_H.xlsx,PT_IMPORT_VAL$_H_2012-13,14.0,2026-08-21T15:32:19.524581+00:00,1.0
2013-03-01,2013,2012-13,March,MS!,EXPORT,9796.100284769343,1801.7954511869286,PPAC,1751964598_PT_IMPORT_VAL_RS.CRS._H.xlsx,PT_IMPORT_VALRS_H 2012-13 ,27.0,1751964622_PT_IMPORT_VAL_US$_H.xlsx,PT_IMPORT_VAL$_H_2012-13,27.0,2026-08-21T15:32:19.524581+00:00,1.0
2013-03-01,2013,2012-13,March,Naphtha,EXPORT,3620.6942364039114,661.7976567375415,PPAC,1751964598_PT_IMPORT_VAL_RS.CRS._H.xlsx,PT_IMPORT_VALRS_H 2012-13 ,28.0,1751964622_PT_IMPORT_VAL_US$_H.xlsx,PT_IMPORT_VAL$_H_2012-13,28.0,2026-08-21T15:32:19.524581+00:00,1.0
2013-03-01,2013,2012-13,March,Naphtha,IMPORT,439.7556743,80.08356429481347,PPAC,1751964598_PT_IMPORT_VAL_RS.CRS._H.xlsx,PT_IMPORT_VALRS_H 2012-13 ,15.0,1751964622_PT_IMPORT_VAL_US$_H.xlsx,PT_IMPORT_VAL$_H_2012-13,15.0,2026-08-21T15:32:19.524581+00:00,1.0
2013-03-01,2013,2012-13,March,Others,EXPORT,,345.0948698403763,PPAC,,,,1751964622_PT_IMPORT_VAL_US$_H.xlsx,PT_IMPORT_VAL$_H_2012-13,36.0,,
2013-03-01,2013,2012-13,March,Others%,EXPORT,1879.4198901630007,,PPAC,1751964598_PT_IMPORT_VAL_RS.CRS._H.xlsx,PT_IMPORT_VALRS_H 2012-13 ,36.0,,,,2026-08-21T15:32:19.524581+00:00,1.0
2013-03-01,2013,2012-13,March,Others&,IMPORT,884.6114581000002,160.99124715195626,PPAC,1751964598_PT_IMPORT_VAL_RS.CRS._H.xlsx,PT_IMPORT_VALRS_H 2012-13 ,22.0,1751964622_PT_IMPORT_VAL_US$_H.xlsx,PT_IMPORT_VAL$_H_2012-13,22.0,2026-08-21T15:32:19.524581+00:00,1.0
2013-03-01,2013,2012-13,March,SKO,EXPORT,7.178,1.3115293257811074,PPAC,1751964598_PT_IMPORT_VAL_RS.CRS._H.xlsx,PT_IMPORT_VALRS_H 2012-13 ,30.0,1751964622_PT_IMPORT_VAL_US$_H.xlsx,PT_IMPORT_VAL$_H_2012-13,30.0,2026-08-21T15:32:19.524581+00:00,1.0
2013-03-01,2013,2012-13,March,SKO,IMPORT,0.0,0.0,PPAC,1751964598_PT_IMPORT_VAL_RS.CRS._H.xlsx,PT_IMPORT_VALRS_H 2012-13 ,17.0,1751964622_PT_IMPORT_VAL_US$_H.xlsx,PT_IMPORT_VAL$_H_2012-13,17.0,2026-08-21T15:32:19.524581+00:00,1.0
2013-04-01,2013,2013-14,April,ATF,IMPORT,0.0,0.0,PPAC,1751964598_PT_IMPORT_VAL_RS.CRS._H.xlsx,PT_IMPORT_VALRS_H_2013-14,16.0,1751964622_PT_IMPORT_VAL_US$_H.xlsx,PT_IMPORT_VALUS$_H_2013-14,16.0,2026-08-21T15:32:19.510272+00:00,1.0
2013-04-01,2013,2013-14,April,ATF#,EXPORT,2747.846,,PPAC,1751964598_PT_IMPORT_VAL_RS.CRS._H.xlsx,PT_IMPORT_VALRS_H_2013-14,29.0,,,,2026-08-21T15:32:19.510272+00:00,1.0
2013-04-01,2013,2013-14,April,ATF/Aviation Turbine Fuel,EXPORT,,504.39447071864026,PPAC,,,,1751964622_PT_IMPORT_VAL_US$_H.xlsx,PT_IMPORT_VALUS$_H_2013-14,29.0,,
2013-04-01,2013,2013-14,April,Bitumen,EXPORT,15.1307464,2.8072223166451136,PPAC,1751964598_PT_IMPORT_VAL_RS.CRS._H.xlsx,PT_IMPORT_VALRS_H_2013-14,35.0,1751964622_PT_IMPORT_VAL_US$_H.xlsx,PT_IMPORT_VALUS$_H_2013-14,35.0,2026-08-21T15:32:19.510272+00:00,1.0
2013-04-01,2013,2013-14,April,Bitumen,IMPORT,74.68194,13.796774431923147,PPAC,1751964598_PT_IMPORT_VAL_RS.CRS._H.xlsx,PT_IMPORT_VALRS_H_2013-14,21.0,1751964622_PT_IMPORT_VAL_US$_H.xlsx,PT_IMPORT_VALUS$_H_2013-14,21.0,2026-08-21T15:32:19.510272+00:00,1.0
2013-04-01,2013,2013-14,April,CRUDE OIL,IMPORT,66459.77661113249,12190.612279129386,PPAC,1751964598_PT_IMPORT_VAL_RS.CRS._H.xlsx,PT_IMPORT_VALRS_H_2013-14,11.0,1751964622_PT_IMPORT_VAL_US$_H.xlsx,PT_IMPORT_VALUS$_H_2013-14,11.0,2026-08-21T15:32:19.510272+00:00,1.0
2013-04-01,2013,2013-14,April,Fuel Oil,EXPORT,1628.3000111000001,300.2691100476833,PPAC,1751964598_PT_IMPORT_VAL_RS.CRS._H.xlsx,PT_IMPORT_VALRS_H_2013-14,34.0,1751964622_PT_IMPORT_VAL_US$_H.xlsx,PT_IMPORT_VALUS$_H_2013-14,34.0,2026-08-21T15:32:19.510272+00:00,1.0
2013-04-01,2013,2013-14,April,Fuel Oil,IMPORT,400.6239826,74.14778913726215,PPAC,1751964598_PT_IMPORT_VAL_RS.CRS._H.xlsx,PT_IMPORT_VALRS_H_2013-14,20.0,1751964622_PT_IMPORT_VAL_US$_H.xlsx,PT_IMPORT_VALUS$_H_2013-14,20.0,2026-08-21T15:32:19.510272+00:00,1.0
2013-04-01,2013,2013-14,April,HSD,EXPORT,7714.777261356,,PPAC,1751964598_PT_IMPORT_VAL_RS.CRS._H.xlsx,PT_IMPORT_VALRS_H_2013-14,31.0,,,,2026-08-21T15:32:19.510272+00:00,1.0
2013-04-01,2013,2013-14,April,HSD,IMPORT,22.6174625,4.17835996674672,PPAC,1751964598_PT_IMPORT_VAL_RS.CRS._H.xlsx,PT_IMPORT_VALRS_H_2013-14,18.0,1751964622_PT_IMPORT_VAL_US$_H.xlsx,PT_IMPORT_VALUS$_H_2013-14,18.0,2026-08-21T15:32:19.510272+00:00,1.0
2013-04-01,2013,2013-14,April,HSD/ Diesel,EXPORT,,1420.6704760931702,PPAC,,,,1751964622_PT_IMPORT_VAL_US$_H.xlsx,PT_IMPORT_VALUS$_H_2013-14,31.0,,
2013-04-01,2013,2013-14,April,LDO,EXPORT,0.0,0.0,PPAC,1751964598_PT_IMPORT_VAL_RS.CRS._H.xlsx,PT_IMPORT_VALRS_H_2013-14,32.0,1751964622_PT_IMPORT_VAL_US$_H.xlsx,PT_IMPORT_VALUS$_H_2013-14,32.0,2026-08-21T15:32:19.510272+00:00,1.0
2013-04-01,2013,2013-14,April,LOBS/ Lube Oil,EXPORT,20.4801488,3.6221250323295773,PPAC,1751964598_PT_IMPORT_VAL_RS.CRS._H.xlsx,PT_IMPORT_VALRS_H_2013-14,33.0,1751964622_PT_IMPORT_VAL_US$_H.xlsx,PT_IMPORT_VALUS$_H_2013-14,33.0,2026-08-21T15:32:19.510272+00:00,1.0
2013-04-01,2013,2013-14,April,LOBS/ Lube oil,IMPORT,805.5671600999999,148.80142141141692,PPAC,1751964598_PT_IMPORT_VAL_RS.CRS._H.xlsx,PT_IMPORT_VALRS_H_2013-14,19.0,1751964622_PT_IMPORT_VAL_US$_H.xlsx,PT_IMPORT_VALUS$_H_2013-14,19.0,2026-08-21T15:32:19.510272+00:00,1.0
2013-04-01,2013,2013-14,April,LPG,EXPORT,121.619,22.46794753371513,PPAC,1751964598_PT_IMPORT_VAL_RS.CRS._H.xlsx,PT_IMPORT_VALRS_H_2013-14,26.0,1751964622_PT_IMPORT_VAL_US$_H.xlsx,PT_IMPORT_VALUS$_H_2013-14,26.0,2026-08-21T15:32:19.510272+00:00,1.0
2013-04-01,2013,2013-14,April,LPG,IMPORT,2437.7706939586346,448.9396623678663,PPAC,1751964598_PT_IMPORT_VAL_RS.CRS._H.xlsx,PT_IMPORT_VALRS_H_2013-14,13.0,1751964622_PT_IMPORT_VAL_US$_H.xlsx,PT_IMPORT_VALUS$_H_2013-14,13.0,2026-08-21T15:32:19.510272+00:00,1.0
2013-04-01,2013,2013-14,April,MS,IMPORT,0.0,0.0,PPAC,1751964598_PT_IMPORT_VAL_RS.CRS._H.xlsx,PT_IMPORT_VALRS_H_2013-14,14.0,1751964622_PT_IMPORT_VAL_US$_H.xlsx,PT_IMPORT_VALUS$_H_2013-14,14.0,2026-08-21T15:32:19.510272+00:00,1.0
2013-04-01,2013,2013-14,April,MS!,EXPORT,6484.084662493745,,PPAC,1751964598_PT_IMPORT_VAL_RS.CRS._H.xlsx,PT_IMPORT_VALRS_H_2013-14,27.0,,,,2026-08-21T15:32:19.510272+00:00,1.0
2013-04-01,2013,2013-14,April,MS/ Petrol,EXPORT,,1193.6885364060784,PPAC,,,,1751964622_PT_IMPORT_VAL_US$_H.xlsx,PT_IMPORT_VALUS$_H_2013-14,27.0,,
2013-04-01,2013,2013-14,April,Naphtha,EXPORT,2957.966583506757,543.5153618772645,PPAC,1751964598_PT_IMPORT_VAL_RS.CRS._H.xlsx,PT_IMPORT_VALRS_H_2013-14,28.0,1751964622_PT_IMPORT_VAL_US$_H.xlsx,PT_IMPORT_VALUS$_H_2013-14,28.0,2026-08-21T15:32:19.510272+00:00,1.0
2013-04-01,2013,2013-14,April,Naphtha,IMPORT,358.77017384120995,66.2793588969721,PPAC,1751964598_PT_IMPORT_VAL_RS.CRS._H.xlsx,PT_IMPORT_VALRS_H_2013-14,15.0,1751964622_PT_IMPORT_VAL_US$_H.xlsx,PT_IMPORT_VALUS$_H_2013-14,15.0,2026-08-21T15:32:19.510272+00:00,1.0
2013-04-01,2013,2013-14,April,Others,EXPORT,,223.1611356572057,PPAC,,,,1751964622_PT_IMPORT_VAL_US$_H.xlsx,PT_IMPORT_VALUS$_H_2013-14,36.0,,
2013-04-01,2013,2013-14,April,Others%,EXPORT,1213.4212155740024,,PPAC,1751964598_PT_IMPORT_VAL_RS.CRS._H.xlsx,PT_IMPORT_VALRS_H_2013-14,36.0,,,,2026-08-21T15:32:19.510272+00:00,1.0
2013-04-01,2013,2013-14,April,Others&,IMPORT,708.0889801263229,130.80839943902095,PPAC,1751964598_PT_IMPORT_VAL_RS.CRS._H.xlsx,PT_IMPORT_VALRS_H_2013-14,22.0,1751964622_PT_IMPORT_VAL_US$_H.xlsx,PT_IMPORT_VALUS$_H_2013-14,22.0,2026-08-21T15:32:19.510272+00:00,1.0
2013-04-01,2013,2013-14,April,SKO,EXPORT,6.19,,PPAC,1751964598_PT_IMPORT_VAL_RS.CRS._H.xlsx,PT_IMPORT_VALRS_H_2013-14,30.0,,,,2026-08-21T15:32:19.510272+00:00,1.0
2013-04-01,2013,2013-14,April,SKO,IMPORT,0.0,0.0,PPAC,1751964598_PT_IMPORT_VAL_RS.CRS._H.xlsx,PT_IMPORT_VALRS_H_2013-14,17.0,1751964622_PT_IMPORT_VAL_US$_H.xlsx,PT_IMPORT_VALUS$_H_2013-14,17.0,2026-08-21T15:32:19.510272+00:00,1.0
2013-04-01,2013,2013-14,April,SKO/ Kerosene,EXPORT,,1.1435433216331055,PPAC,,,,1751964622_PT_IMPORT_VAL_US$_H.xlsx,PT_IMPORT_VALUS$_H_2013-14,30.0,,
2013-05-01,2013,2013-14,May,ATF,IMPORT,0.0,0.0,PPAC,1751964598_PT_IMPORT_VAL_RS.CRS._H.xlsx,PT_IMPORT_VALRS_H_2013-14,16.0,1751964622_PT_IMPORT_VAL_US$_H.xlsx,PT_IMPORT_VALUS$_H_2013-14,16.0,2026-08-21T15:32:19.510272+00:00,1.0
2013-05-01,2013,2013-14,May,ATF#,EXPORT,2704.1220000000003,,PPAC,1751964598_PT_IMPORT_VAL_RS.CRS._H.xlsx,PT_IMPORT_VALRS_H_2013-14,29.0,,,,2026-08-21T15:32:19.510272+00:00,1.0
2013-05-01,2013,2013-14,May,ATF/Aviation Turbine Fuel,EXPORT,,490.4123082336383,PPAC,,,,1751964622_PT_IMPORT_VAL_US$_H.xlsx,PT_IMPORT_VALUS$_H_2013-14,29.0,,
2013-05-01,2013,2013-14,May,Bitumen,EXPORT,21.4989246,4.005121854794014,PPAC,1751964598_PT_IMPORT_VAL_RS.CRS._H.xlsx,PT_IMPORT_VALRS_H_2013-14,35.0,1751964622_PT_IMPORT_VAL_US$_H.xlsx,PT_IMPORT_VALUS$_H_2013-14,35.0,2026-08-21T15:32:19.510272+00:00,1.0
2013-05-01,2013,2013-14,May,Bitumen,IMPORT,97.1726972,17.09582990851513,PPAC,1751964598_PT_IMPORT_VAL_RS.CRS._H.xlsx,PT_IMPORT_VALRS_H_2013-14,21.0,1751964622_PT_IMPORT_VAL_US$_H.xlsx,PT_IMPORT_VALUS$_H_2013-14,21.0,2026-08-21T15:32:19.510272+00:00,1.0
2013-05-01,2013,2013-14,May,CRUDE OIL,IMPORT,69338.75170981494,12393.631840334048,PPAC,1751964598_PT_IMPORT_VAL_RS.CRS._H.xlsx,PT_IMPORT_VALRS_H_2013-14,11.0,1751964622_PT_IMPORT_VAL_US$_H.xlsx,PT_IMPORT_VALUS$_H_2013-14,11.0,2026-08-21T15:32:19.510272+00:00,1.0
2013-05-01,2013,2013-14,May,Fuel Oil,EXPORT,1397.6522117660002,250.13827387226556,PPAC,1751964598_PT_IMPORT_VAL_RS.CRS._H.xlsx,PT_IMPORT_VALRS_H_2013-14,34.0,1751964622_PT_IMPORT_VAL_US$_H.xlsx,PT_IMPORT_VALUS$_H_2013-14,34.0,2026-08-21T15:32:19.510272+00:00,1.0
2013-05-01,2013,2013-14,May,Fuel Oil,IMPORT,196.4941056,34.569687825475015,PPAC,1751964598_PT_IMPORT_VAL_RS.CRS._H.xlsx,PT_IMPORT_VALRS_H_2013-14,20.0,1751964622_PT_IMPORT_VAL_US$_H.xlsx,PT_IMPORT_VALUS$_H_2013-14,20.0,2026-08-21T15:32:19.510272+00:00,1.0
2013-05-01,2013,2013-14,May,HSD,EXPORT,8692.850105290376,,PPAC,1751964598_PT_IMPORT_VAL_RS.CRS._H.xlsx,PT_IMPORT_VALRS_H_2013-14,31.0,,,,2026-08-21T15:32:19.510272+00:00,1.0
2013-05-01,2013,2013-14,May,HSD,IMPORT,80.6044951,14.180945654468683,PPAC,1751964598_PT_IMPORT_VAL_RS.CRS._H.xlsx,PT_IMPORT_VALRS_H_2013-14,18.0,1751964622_PT_IMPORT_VAL_US$_H.xlsx,PT_IMPORT_VALUS$_H_2013-14,18.0,2026-08-21T15:32:19.510272+00:00,1.0
2013-05-01,2013,2013-14,May,HSD/ Diesel,EXPORT,,1581.5170256795311,PPAC,,,,1751964622_PT_IMPORT_VAL_US$_H.xlsx,PT_IMPORT_VALUS$_H_2013-14,31.0,,
2013-05-01,2013,2013-14,May,LDO,EXPORT,0.0,0.0,PPAC,1751964598_PT_IMPORT_VAL_RS.CRS._H.xlsx,PT_IMPORT_VALRS_H_2013-14,32.0,1751964622_PT_IMPORT_VAL_US$_H.xlsx,PT_IMPORT_VALUS$_H_2013-14,32.0,2026-08-21T15:32:19.510272+00:00,1.0
2013-05-01,2013,2013-14,May,LOBS/ Lube Oil,EXPORT,3.6432319,0.6697571852093761,PPAC,1751964598_PT_IMPORT_VAL_RS.CRS._H.xlsx,PT_IMPORT_VALRS_H_2013-14,33.0,1751964622_PT_IMPORT_VAL_US$_H.xlsx,PT_IMPORT_VALUS$_H_2013-14,33.0,2026-08-21T15:32:19.510272+00:00,1.0
2013-05-01,2013,2013-14,May,LOBS/ Lube oil,IMPORT,1141.6807083,200.85867492962703,PPAC,1751964598_PT_IMPORT_VAL_RS.CRS._H.xlsx,PT_IMPORT_VALRS_H_2013-14,19.0,1751964622_PT_IMPORT_VAL_US$_H.xlsx,PT_IMPORT_VALUS$_H_2013-14,19.0,2026-08-21T15:32:19.510272+00:00,1.0
2013-05-01,2013,2013-14,May,LPG,EXPORT,103.034,18.12702322308234,PPAC,1751964598_PT_IMPORT_VAL_RS.CRS._H.xlsx,PT_IMPORT_VALRS_H_2013-14,26.0,1751964622_PT_IMPORT_VAL_US$_H.xlsx,PT_IMPORT_VALUS$_H_2013-14,26.0,2026-08-21T15:32:19.510272+00:00,1.0
2013-05-01,2013,2013-14,May,LPG,IMPORT,2736.25751134186,483.5632926723503,PPAC,1751964598_PT_IMPORT_VAL_RS.CRS._H.xlsx,PT_IMPORT_VALRS_H_2013-14,13.0,1751964622_PT_IMPORT_VAL_US$_H.xlsx,PT_IMPORT_VALUS$_H_2013-14,13.0,2026-08-21T15:32:19.510272+00:00,1.0
2013-05-01,2013,2013-14,May,MS,IMPORT,89.032588326,15.6628279,PPAC,1751964598_PT_IMPORT_VAL_RS.CRS._H.xlsx,PT_IMPORT_VALRS_H_2013-14,14.0,1751964622_PT_IMPORT_VAL_US$_H.xlsx,PT_IMPORT_VALUS$_H_2013-14,14.0,2026-08-21T15:32:19.510272+00:00,1.0
2013-05-01,2013,2013-14,May,MS!,EXPORT,7619.340861768891,,PPAC,1751964598_PT_IMPORT_VAL_RS.CRS._H.xlsx,PT_IMPORT_VALRS_H_2013-14,27.0,,,,2026-08-21T15:32:19.510272+00:00,1.0
2013-05-01,2013,2013-14,May,MS/ Petrol,EXPORT,,1388.9445836028358,PPAC,,,,1751964622_PT_IMPORT_VAL_US$_H.xlsx,PT_IMPORT_VALUS$_H_2013-14,27.0,,
2013-05-01,2013,2013-14,May,Naphtha,EXPORT,3591.958430831924,652.9313675163153,PPAC,1751964598_PT_IMPORT_VAL_RS.CRS._H.xlsx,PT_IMPORT_VALRS_H_2013-14,28.0,1751964622_PT_IMPORT_VAL_US$_H.xlsx,PT_IMPORT_VALUS$_H_2013-14,28.0,2026-08-21T15:32:19.510272+00:00,1.0
2013-05-01,2013,2013-14,May,Naphtha,IMPORT,329.8871643,58.0378543807178,PPAC,1751964598_PT_IMPORT_VAL_RS.CRS._H.xlsx,PT_IMPORT_VALRS_H_2013-14,15.0,1751964622_PT_IMPORT_VAL_US$_H.xlsx,PT_IMPORT_VALUS$_H_2013-14,15.0,2026-08-21T15:32:19.510272+00:00,1.0
2013-05-01,2013,2013-14,May,Others,EXPORT,,338.40981771234055,PPAC,,,,1751964622_PT_IMPORT_VAL_US$_H.xlsx,PT_IMPORT_VALUS$_H_2013-14,36.0,,
2013-05-01,2013,2013-14,May,Others%,EXPORT,1861.5407321699931,,PPAC,1751964598_PT_IMPORT_VAL_RS.CRS._H.xlsx,PT_IMPORT_VALRS_H_2013-14,36.0,,,,2026-08-21T15:32:19.510272+00:00,1.0
2013-05-01,2013,2013-14,May,Others&,IMPORT,866.993944875001,152.55350591686135,PPAC,1751964598_PT_IMPORT_VAL_RS.CRS._H.xlsx,PT_IMPORT_VALRS_H_2013-14,22.0,1751964622_PT_IMPORT_VAL_US$_H.xlsx,PT_IMPORT_VALUS$_H_2013-14,22.0,2026-08-21T15:32:19.510272+00:00,1.0
2013-05-01,2013,2013-14,May,SKO,EXPORT,6.952,,PPAC,1751964598_PT_IMPORT_VAL_RS.CRS._H.xlsx,PT_IMPORT_VALRS_H_2013-14,30.0,,,,2026-08-21T15:32:19.510272+00:00,1.0
2013-05-01,2013,2013-14,May,SKO,IMPORT,0.0,0.0,PPAC,1751964598_PT_IMPORT_VAL_RS.CRS._H.xlsx,PT_IMPORT_VALRS_H_2013-14,17.0,1751964622_PT_IMPORT_VAL_US$_H.xlsx,PT_IMPORT_VALUS$_H_2013-14,17.0,2026-08-21T15:32:19.510272+00:00,1.0
2013-05-01,2013,2013-14,May,SKO/ Kerosene,EXPORT,,1.223082336382829,PPAC,,,,1751964622_PT_IMPORT_VAL_US$_H.xlsx,PT_IMPORT_VALUS$_H_2013-14,30.0,,
2013-06-01,2013,2013-14,June,ATF,IMPORT,0.0,0.0,PPAC,1751964598_PT_IMPORT_VAL_RS.CRS._H.xlsx,PT_IMPORT_VALRS_H_2013-14,16.0,1751964622_PT_IMPORT_VAL_US$_H.xlsx,PT_IMPORT_VALUS$_H_2013-14,16.0,2026-08-21T15:32:19.510272+00:00,1.0
2013-06-01,2013,2013-14,June,ATF#,EXPORT,1811.646,,PPAC,1751964598_PT_IMPORT_VAL_RS.CRS._H.xlsx,PT_IMPORT_VALRS_H_2013-14,29.0,,,,2026-08-21T15:32:19.510272+00:00,1.0
2013-06-01,2013,2013-14,June,ATF/Aviation Turbine Fuel,EXPORT,,308.5115333110144,PPAC,,,,1751964622_PT_IMPORT_VAL_US$_H.xlsx,PT_IMPORT_VALUS$_H_2013-14,29.0,,
2013-06-01,2013,2013-14,June,Bitumen,EXPORT,16.916295,2.939045471232877,PPAC,1751964598_PT_IMPORT_VAL_RS.CRS._H.xlsx,PT_IMPORT_VALRS_H_2013-14,35.0,1751964622_PT_IMPORT_VAL_US$_H.xlsx,PT_IMPORT_VALUS$_H_2013-14,35.0,2026-08-21T15:32:19.510272+00:00,1.0
2013-06-01,2013,2013-14,June,Bitumen,IMPORT,22.0477471,3.6906171911617003,PPAC,1751964598_PT_IMPORT_VAL_RS.CRS._H.xlsx,PT_IMPORT_VALRS_H_2013-14,21.0,1751964622_PT_IMPORT_VAL_US$_H.xlsx,PT_IMPORT_VALUS$_H_2013-14,21.0,2026-08-21T15:32:19.510272+00:00,1.0
2013-06-01,2013,2013-14,June,CRUDE OIL,IMPORT,60223.14375737617,10390.963398064974,PPAC,1751964598_PT_IMPORT_VAL_RS.CRS._H.xlsx,PT_IMPORT_VALRS_H_2013-14,11.0,1751964622_PT_IMPORT_VAL_US$_H.xlsx,PT_IMPORT_VALUS$_H_2013-14,11.0,2026-08-21T15:32:19.510272+00:00,1.0
2013-06-01,2013,2013-14,June,Fuel Oil,EXPORT,1923.3804844739998,326.5316871847235,PPAC,1751964598_PT_IMPORT_VAL_RS.CRS._H.xlsx,PT_IMPORT_VALRS_H_2013-14,34.0,1751964622_PT_IMPORT_VAL_US$_H.xlsx,PT_IMPORT_VALUS$_H_2013-14,34.0,2026-08-21T15:32:19.510272+00:00,1.0
2013-06-01,2013,2013-14,June,Fuel Oil,IMPORT,182.1121262,31.260148342818884,PPAC,1751964598_PT_IMPORT_VAL_RS.CRS._H.xlsx,PT_IMPORT_VALRS_H_2013-14,20.0,1751964622_PT_IMPORT_VAL_US$_H.xlsx,PT_IMPORT_VALUS$_H_2013-14,20.0,2026-08-21T15:32:19.510272+00:00,1.0
2013-06-01,2013,2013-14,June,HSD,EXPORT,9457.467611671,,PPAC,1751964598_PT_IMPORT_VAL_RS.CRS._H.xlsx,PT_IMPORT_VALRS_H_2013-14,31.0,,,,2026-08-21T15:32:19.510272+00:00,1.0
2013-06-01,2013,2013-14,June,HSD,IMPORT,2.1519586,0.36022072313357884,PPAC,1751964598_PT_IMPORT_VAL_RS.CRS._H.xlsx,PT_IMPORT_VALRS_H_2013-14,18.0,1751964622_PT_IMPORT_VAL_US$_H.xlsx,PT_IMPORT_VALUS$_H_2013-14,18.0,2026-08-21T15:32:19.510272+00:00,1.0
2013-06-01,2013,2013-14,June,HSD/ Diesel,EXPORT,,1621.3972576408821,PPAC,,,,1751964622_PT_IMPORT_VAL_US$_H.xlsx,PT_IMPORT_VALUS$_H_2013-14,31.0,,
2013-06-01,2013,2013-14,June,LDO,EXPORT,0.0,0.0,PPAC,1751964598_PT_IMPORT_VAL_RS.CRS._H.xlsx,PT_IMPORT_VALRS_H_2013-14,32.0,1751964622_PT_IMPORT_VAL_US$_H.xlsx,PT_IMPORT_VALUS$_H_2013-14,32.0,2026-08-21T15:32:19.510272+00:00,1.0
2013-06-01,2013,2013-14,June,LOBS/ Lube Oil,EXPORT,41.304593499999996,6.932052657134478,PPAC,1751964598_PT_IMPORT_VAL_RS.CRS._H.xlsx,PT_IMPORT_VALRS_H_2013-14,33.0,1751964622_PT_IMPORT_VAL_US$_H.xlsx,PT_IMPORT_VALUS$_H_2013-14,33.0,2026-08-21T15:32:19.510272+00:00,1.0
2013-06-01,2013,2013-14,June,LOBS/ Lube oil,IMPORT,818.4128185,136.99578481754267,PPAC,1751964598_PT_IMPORT_VAL_RS.CRS._H.xlsx,PT_IMPORT_VALRS_H_2013-14,19.0,1751964622_PT_IMPORT_VAL_US$_H.xlsx,PT_IMPORT_VALUS$_H_2013-14,19.0,2026-08-21T15:32:19.510272+00:00,1.0
2013-06-01,2013,2013-14,June,LPG,EXPORT,98.211,16.439738868429863,PPAC,1751964598_PT_IMPORT_VAL_RS.CRS._H.xlsx,PT_IMPORT_VALRS_H_2013-14,26.0,1751964622_PT_IMPORT_VAL_US$_H.xlsx,PT_IMPORT_VALUS$_H_2013-14,26.0,2026-08-21T15:32:19.510272+00:00,1.0
2013-06-01,2013,2013-14,June,LPG,IMPORT,1640.1144885133626,275.87314270423394,PPAC,1751964598_PT_IMPORT_VAL_RS.CRS._H.xlsx,PT_IMPORT_VALRS_H_2013-14,13.0,1751964622_PT_IMPORT_VAL_US$_H.xlsx,PT_IMPORT_VALUS$_H_2013-14,13.0,2026-08-21T15:32:19.510272+00:00,1.0
2013-06-01,2013,2013-14,June,MS,IMPORT,714.145869875,120.965465588,PPAC,1751964598_PT_IMPORT_VAL_RS.CRS._H.xlsx,PT_IMPORT_VALRS_H_2013-14,14.0,1751964622_PT_IMPORT_VAL_US$_H.xlsx,PT_IMPORT_VALUS$_H_2013-14,14.0,2026-08-21T15:32:19.510272+00:00,1.0
2013-06-01,2013,2013-14,June,MS!,EXPORT,8792.054120034001,,PPAC,1751964598_PT_IMPORT_VAL_RS.CRS._H.xlsx,PT_IMPORT_VALRS_H_2013-14,27.0,,,,2026-08-21T15:32:19.510272+00:00,1.0
2013-06-01,2013,2013-14,June,MS/ Petrol,EXPORT,,1506.102767132616,PPAC,,,,1751964622_PT_IMPORT_VAL_US$_H.xlsx,PT_IMPORT_VALUS$_H_2013-14,27.0,,
2013-06-01,2013,2013-14,June,Naphtha,EXPORT,3399.4256987847266,580.6219185588454,PPAC,1751964598_PT_IMPORT_VAL_RS.CRS._H.xlsx,PT_IMPORT_VALRS_H_2013-14,28.0,1751964622_PT_IMPORT_VAL_US$_H.xlsx,PT_IMPORT_VALUS$_H_2013-14,28.0,2026-08-21T15:32:19.510272+00:00,1.0
2013-06-01,2013,2013-14,June,Naphtha,IMPORT,640.6785717610001,107.24306290285905,PPAC,1751964598_PT_IMPORT_VAL_RS.CRS._H.xlsx,PT_IMPORT_VALRS_H_2013-14,15.0,1751964622_PT_IMPORT_VAL_US$_H.xlsx,PT_IMPORT_VALUS$_H_2013-14,15.0,2026-08-21T15:32:19.510272+00:00,1.0
2013-06-01,2013,2013-14,June,Others,EXPORT,,278.53482487423844,PPAC,,,,1751964622_PT_IMPORT_VAL_US$_H.xlsx,PT_IMPORT_VALUS$_H_2013-14,36.0,,
2013-06-01,2013,2013-14,June,Others%,EXPORT,1635.8243868710015,,PPAC,1751964598_PT_IMPORT_VAL_RS.CRS._H.xlsx,PT_IMPORT_VALRS_H_2013-14,36.0,,,,2026-08-21T15:32:19.510272+00:00,1.0
2013-06-01,2013,2013-14,June,Others&,IMPORT,725.6114261999996,121.46157112119192,PPAC,1751964598_PT_IMPORT_VAL_RS.CRS._H.xlsx,PT_IMPORT_VALRS_H_2013-14,22.0,1751964622_PT_IMPORT_VAL_US$_H.xlsx,PT_IMPORT_VALUS$_H_2013-14,22.0,2026-08-21T15:32:19.510272+00:00,1.0
2013-06-01,2013,2013-14,June,SKO,EXPORT,7.023,,PPAC,1751964598_PT_IMPORT_VAL_RS.CRS._H.xlsx,PT_IMPORT_VALRS_H_2013-14,30.0,,,,2026-08-21T15:32:19.510272+00:00,1.0
2013-06-01,2013,2013-14,June,SKO,IMPORT,0.0,0.0,PPAC,1751964598_PT_IMPORT_VAL_RS.CRS._H.xlsx,PT_IMPORT_VALRS_H_2013-14,17.0,1751964622_PT_IMPORT_VAL_US$_H.xlsx,PT_IMPORT_VALUS$_H_2013-14,17.0,2026-08-21T15:32:19.510272+00:00,1.0
2013-06-01,2013,2013-14,June,SKO/ Kerosene,EXPORT,,1.175594241714094,PPAC,,,,1751964622_PT_IMPORT_VAL_US$_H.xlsx,PT_IMPORT_VALUS$_H_2013-14,30.0,,
2013-07-01,2013,2013-14,July,ATF,IMPORT,0.0,0.0,PPAC,1751964598_PT_IMPORT_VAL_RS.CRS._H.xlsx,PT_IMPORT_VALRS_H_2013-14,16.0,1751964622_PT_IMPORT_VAL_US$_H.xlsx,PT_IMPORT_VALUS$_H_2013-14,16.0,2026-08-21T15:32:19.510272+00:00,1.0
2013-07-01,2013,2013-14,July,ATF#,EXPORT,2368.8060000000005,,PPAC,1751964598_PT_IMPORT_VAL_RS.CRS._H.xlsx,PT_IMPORT_VALRS_H_2013-14,29.0,,,,2026-08-21T15:32:19.510272+00:00,1.0
2013-07-01,2013,2013-14,July,ATF/Aviation Turbine Fuel,EXPORT,,395.0882784909744,PPAC,,,,1751964622_PT_IMPORT_VAL_US$_H.xlsx,PT_IMPORT_VALUS$_H_2013-14,29.0,,
2013-07-01,2013,2013-14,July,Bitumen,EXPORT,55.7694992,9.28215836301033,PPAC,1751964598_PT_IMPORT_VAL_RS.CRS._H.xlsx,PT_IMPORT_VALRS_H_2013-14,35.0,1751964622_PT_IMPORT_VAL_US$_H.xlsx,PT_IMPORT_VALUS$_H_2013-14,35.0,2026-08-21T15:32:19.510272+00:00,1.0
2013-07-01,2013,2013-14,July,Bitumen,IMPORT,22.8111106,3.7399555030905187,PPAC,1751964598_PT_IMPORT_VAL_RS.CRS._H.xlsx,PT_IMPORT_VALRS_H_2013-14,21.0,1751964622_PT_IMPORT_VAL_US$_H.xlsx,PT_IMPORT_VALUS$_H_2013-14,21.0,2026-08-21T15:32:19.510272+00:00,1.0
2013-07-01,2013,2013-14,July,CRUDE OIL,IMPORT,73726.04193742154,12226.031501604779,PPAC,1751964598_PT_IMPORT_VAL_RS.CRS._H.xlsx,PT_IMPORT_VALRS_H_2013-14,11.0,1751964622_PT_IMPORT_VAL_US$_H.xlsx,PT_IMPORT_VALUS$_H_2013-14,11.0,2026-08-21T15:32:19.510272+00:00,1.0
2013-07-01,2013,2013-14,July,Fuel Oil,EXPORT,1999.6591195434735,329.532166212097,PPAC,1751964598_PT_IMPORT_VAL_RS.CRS._H.xlsx,PT_IMPORT_VALRS_H_2013-14,34.0,1751964622_PT_IMPORT_VAL_US$_H.xlsx,PT_IMPORT_VALUS$_H_2013-14,34.0,2026-08-21T15:32:19.510272+00:00,1.0
2013-07-01,2013,2013-14,July,Fuel Oil,IMPORT,717.6664742,118.64287282147131,PPAC,1751964598_PT_IMPORT_VAL_RS.CRS._H.xlsx,PT_IMPORT_VALRS_H_2013-14,20.0,1751964622_PT_IMPORT_VAL_US$_H.xlsx,PT_IMPORT_VALUS$_H_2013-14,20.0,2026-08-21T15:32:19.510272+00:00,1.0
2013-07-01,2013,2013-14,July,HSD,EXPORT,13080.187869685662,,PPAC,1751964598_PT_IMPORT_VAL_RS.CRS._H.xlsx,PT_IMPORT_VALRS_H_2013-14,31.0,,,,2026-08-21T15:32:19.510272+00:00,1.0
2013-07-01,2013,2013-14,July,HSD,IMPORT,9.991658,1.6381647074254422,PPAC,1751964598_PT_IMPORT_VAL_RS.CRS._H.xlsx,PT_IMPORT_VALRS_H_2013-14,18.0,1751964622_PT_IMPORT_VAL_US$_H.xlsx,PT_IMPORT_VALUS$_H_2013-14,18.0,2026-08-21T15:32:19.510272+00:00,1.0
2013-07-01,2013,2013-14,July,HSD/ Diesel,EXPORT,,2191.6121554896495,PPAC,,,,1751964622_PT_IMPORT_VAL_US$_H.xlsx,PT_IMPORT_VALUS$_H_2013-14,31.0,,
2013-07-01,2013,2013-14,July,LDO,EXPORT,0.0,0.0,PPAC,1751964598_PT_IMPORT_VAL_RS.CRS._H.xlsx,PT_IMPORT_VALRS_H_2013-14,32.0,1751964622_PT_IMPORT_VAL_US$_H.xlsx,PT_IMPORT_VALUS$_H_2013-14,32.0,2026-08-21T15:32:19.510272+00:00,1.0
2013-07-01,2013,2013-14,July,LOBS/ Lube Oil,EXPORT,8.880729,1.47865302415899,PPAC,1751964598_PT_IMPORT_VAL_RS.CRS._H.xlsx,PT_IMPORT_VALRS_H_2013-14,33.0,1751964622_PT_IMPORT_VAL_US$_H.xlsx,PT_IMPORT_VALUS$_H_2013-14,33.0,2026-08-21T15:32:19.510272+00:00,1.0
2013-07-01,2013,2013-14,July,LOBS/ Lube oil,IMPORT,1073.5171559999999,176.00661649697503,PPAC,1751964598_PT_IMPORT_VAL_RS.CRS._H.xlsx,PT_IMPORT_VALRS_H_2013-14,19.0,1751964622_PT_IMPORT_VAL_US$_H.xlsx,PT_IMPORT_VALUS$_H_2013-14,19.0,2026-08-21T15:32:19.510272+00:00,1.0
2013-07-01,2013,2013-14,July,LPG,EXPORT,108.648,17.81319167773351,PPAC,1751964598_PT_IMPORT_VAL_RS.CRS._H.xlsx,PT_IMPORT_VALRS_H_2013-14,26.0,1751964622_PT_IMPORT_VAL_US$_H.xlsx,PT_IMPORT_VALUS$_H_2013-14,26.0,2026-08-21T15:32:19.510272+00:00,1.0
2013-07-01,2013,2013-14,July,LPG,IMPORT,2036.1248001010679,333.02313445530564,PPAC,1751964598_PT_IMPORT_VAL_RS.CRS._H.xlsx,PT_IMPORT_VALRS_H_2013-14,13.0,1751964622_PT_IMPORT_VAL_US$_H.xlsx,PT_IMPORT_VALUS$_H_2013-14,13.0,2026-08-21T15:32:19.510272+00:00,1.0
2013-07-01,2013,2013-14,July,MS,IMPORT,496.28331054,81.36662141000001,PPAC,1751964598_PT_IMPORT_VAL_RS.CRS._H.xlsx,PT_IMPORT_VALRS_H_2013-14,14.0,1751964622_PT_IMPORT_VAL_US$_H.xlsx,PT_IMPORT_VALUS$_H_2013-14,14.0,2026-08-21T15:32:19.510272+00:00,1.0
2013-07-01,2013,2013-14,July,MS!,EXPORT,7872.679547642802,,PPAC,1751964598_PT_IMPORT_VAL_RS.CRS._H.xlsx,PT_IMPORT_VALRS_H_2013-14,27.0,,,,2026-08-21T15:32:19.510272+00:00,1.0
2013-07-01,2013,2013-14,July,MS/ Petrol,EXPORT,,1315.3722226406962,PPAC,,,,1751964622_PT_IMPORT_VAL_US$_H.xlsx,PT_IMPORT_VALUS$_H_2013-14,27.0,,
2013-07-01,2013,2013-14,July,Naphtha,EXPORT,4110.947958684265,679.0436834519221,PPAC,1751964598_PT_IMPORT_VAL_RS.CRS._H.xlsx,PT_IMPORT_VALRS_H_2013-14,28.0,1751964622_PT_IMPORT_VAL_US$_H.xlsx,PT_IMPORT_VALUS$_H_2013-14,28.0,2026-08-21T15:32:19.510272+00:00,1.0
2013-07-01,2013,2013-14,July,Naphtha,IMPORT,519.9244238599999,85.2431847697849,PPAC,1751964598_PT_IMPORT_VAL_RS.CRS._H.xlsx,PT_IMPORT_VALRS_H_2013-14,15.0,1751964622_PT_IMPORT_VAL_US$_H.xlsx,PT_IMPORT_VALUS$_H_2013-14,15.0,2026-08-21T15:32:19.510272+00:00,1.0
2013-07-01,2013,2013-14,July,Others,EXPORT,,246.70624226323798,PPAC,,,,1751964622_PT_IMPORT_VAL_US$_H.xlsx,PT_IMPORT_VALUS$_H_2013-14,36.0,,
2013-07-01,2013,2013-14,July,Others%,EXPORT,1474.3869400000003,,PPAC,1751964598_PT_IMPORT_VAL_RS.CRS._H.xlsx,PT_IMPORT_VALRS_H_2013-14,36.0,,,,2026-08-21T15:32:19.510272+00:00,1.0
2013-07-01,2013,2013-14,July,Others&,IMPORT,970.8997848099998,159.51650750628914,PPAC,1751964598_PT_IMPORT_VAL_RS.CRS._H.xlsx,PT_IMPORT_VALRS_H_2013-14,22.0,1751964622_PT_IMPORT_VAL_US$_H.xlsx,PT_IMPORT_VALUS$_H_2013-14,22.0,2026-08-21T15:32:19.510272+00:00,1.0
2013-07-01,2013,2013-14,July,SKO,EXPORT,8.0,,PPAC,1751964598_PT_IMPORT_VAL_RS.CRS._H.xlsx,PT_IMPORT_VALRS_H_2013-14,30.0,,,,2026-08-21T15:32:19.510272+00:00,1.0
2013-07-01,2013,2013-14,July,SKO,IMPORT,0.0,0.0,PPAC,1751964598_PT_IMPORT_VAL_RS.CRS._H.xlsx,PT_IMPORT_VALRS_H_2013-14,17.0,1751964622_PT_IMPORT_VAL_US$_H.xlsx,PT_IMPORT_VALUS$_H_2013-14,17.0,2026-08-21T15:32:19.510272+00:00,1.0
2013-07-01,2013,2013-14,July,SKO/ Kerosene,EXPORT,,1.3116259242863935,PPAC,,,,1751964622_PT_IMPORT_VAL_US$_H.xlsx,PT_IMPORT_VALUS$_H_2013-14,30.0,,
2013-08-01,2013,2013-14,August,ATF,IMPORT,0.0,0.0,PPAC,1751964598_PT_IMPORT_VAL_RS.CRS._H.xlsx,PT_IMPORT_VALRS_H_2013-14,16.0,1751964622_PT_IMPORT_VAL_US$_H.xlsx,PT_IMPORT_VALUS$_H_2013-14,16.0,2026-08-21T15:32:19.510272+00:00,1.0
2013-08-01,2013,2013-14,August,ATF#,EXPORT,2751.6249999999995,,PPAC,1751964598_PT_IMPORT_VAL_RS.CRS._H.xlsx,PT_IMPORT_VALRS_H_2013-14,29.0,,,,2026-08-21T15:32:19.510272+00:00,1.0
2013-08-01,2013,2013-14,August,ATF/Aviation Turbine Fuel,EXPORT,,431.25900602409644,PPAC,,,,1751964622_PT_IMPORT_VAL_US$_H.xlsx,PT_IMPORT_VALUS$_H_2013-14,29.0,,
2013-08-01,2013,2013-14,August,Bitumen,EXPORT,51.4219166,7.911064,PPAC,1751964598_PT_IMPORT_VAL_RS.CRS._H.xlsx,PT_IMPORT_VALRS_H_2013-14,35.0,1751964622_PT_IMPORT_VAL_US$_H.xlsx,PT_IMPORT_VALUS$_H_2013-14,35.0,2026-08-21T15:32:19.510272+00:00,1.0
2013-08-01,2013,2013-14,August,Bitumen,IMPORT,5.1042881,0.7687180873493974,PPAC,1751964598_PT_IMPORT_VAL_RS.CRS._H.xlsx,PT_IMPORT_VALRS_H_2013-14,21.0,1751964622_PT_IMPORT_VAL_US$_H.xlsx,PT_IMPORT_VALUS$_H_2013-14,21.0,2026-08-21T15:32:19.510272+00:00,1.0
2013-08-01,2013,2013-14,August,CRUDE OIL,IMPORT,83817.53060424047,13364.259989323045,PPAC,1751964598_PT_IMPORT_VAL_RS.CRS._H.xlsx,PT_IMPORT_VALRS_H_2013-14,11.0,1751964622_PT_IMPORT_VAL_US$_H.xlsx,PT_IMPORT_VALUS$_H_2013-14,11.0,2026-08-21T15:32:19.510272+00:00,1.0
2013-08-01,2013,2013-14,August,Fuel Oil,EXPORT,2902.312342853027,443.3548763542752,PPAC,1751964598_PT_IMPORT_VAL_RS.CRS._H.xlsx,PT_IMPORT_VALRS_H_2013-14,34.0,1751964622_PT_IMPORT_VAL_US$_H.xlsx,PT_IMPORT_VALUS$_H_2013-14,34.0,2026-08-21T15:32:19.510272+00:00,1.0
2013-08-01,2013,2013-14,August,Fuel Oil,IMPORT,631.7355134,99.36980623493974,PPAC,1751964598_PT_IMPORT_VAL_RS.CRS._H.xlsx,PT_IMPORT_VALRS_H_2013-14,20.0,1751964622_PT_IMPORT_VAL_US$_H.xlsx,PT_IMPORT_VALUS$_H_2013-14,20.0,2026-08-21T15:32:19.510272+00:00,1.0
2013-08-01,2013,2013-14,August,HSD,EXPORT,14163.9100532888,,PPAC,1751964598_PT_IMPORT_VAL_RS.CRS._H.xlsx,PT_IMPORT_VALRS_H_2013-14,31.0,,,,2026-08-21T15:32:19.510272+00:00,1.0
2013-08-01,2013,2013-14,August,HSD,IMPORT,20.0689689,3.0224350753012046,PPAC,1751964598_PT_IMPORT_VAL_RS.CRS._H.xlsx,PT_IMPORT_VALRS_H_2013-14,18.0,1751964622_PT_IMPORT_VAL_US$_H.xlsx,PT_IMPORT_VALUS$_H_2013-14,18.0,2026-08-21T15:32:19.510272+00:00,1.0
2013-08-01,2013,2013-14,August,HSD/ Diesel,EXPORT,,2248.264765915365,PPAC,,,,1751964622_PT_IMPORT_VAL_US$_H.xlsx,PT_IMPORT_VALUS$_H_2013-14,31.0,,
2013-08-01,2013,2013-14,August,LDO,EXPORT,0.0,0.0,PPAC,1751964598_PT_IMPORT_VAL_RS.CRS._H.xlsx,PT_IMPORT_VALRS_H_2013-14,32.0,1751964622_PT_IMPORT_VAL_US$_H.xlsx,PT_IMPORT_VALUS$_H_2013-14,32.0,2026-08-21T15:32:19.510272+00:00,1.0
2013-08-01,2013,2013-14,August,LOBS/ Lube Oil,EXPORT,8.3693369,1.3426292981927712,PPAC,1751964598_PT_IMPORT_VAL_RS.CRS._H.xlsx,PT_IMPORT_VALRS_H_2013-14,33.0,1751964622_PT_IMPORT_VAL_US$_H.xlsx,PT_IMPORT_VALUS$_H_2013-14,33.0,2026-08-21T15:32:19.510272+00:00,1.0
2013-08-01,2013,2013-14,August,LOBS/ Lube oil,IMPORT,1004.7927064,151.32420277108432,PPAC,1751964598_PT_IMPORT_VAL_RS.CRS._H.xlsx,PT_IMPORT_VALRS_H_2013-14,19.0,1751964622_PT_IMPORT_VAL_US$_H.xlsx,PT_IMPORT_VALUS$_H_2013-14,19.0,2026-08-21T15:32:19.510272+00:00,1.0
2013-08-01,2013,2013-14,August,LPG,EXPORT,129.101,19.442921686746985,PPAC,1751964598_PT_IMPORT_VAL_RS.CRS._H.xlsx,PT_IMPORT_VALRS_H_2013-14,26.0,1751964622_PT_IMPORT_VAL_US$_H.xlsx,PT_IMPORT_VALUS$_H_2013-14,26.0,2026-08-21T15:32:19.510272+00:00,1.0
2013-08-01,2013,2013-14,August,LPG,IMPORT,3102.046119670019,473.37903182948503,PPAC,1751964598_PT_IMPORT_VAL_RS.CRS._H.xlsx,PT_IMPORT_VALRS_H_2013-14,13.0,1751964622_PT_IMPORT_VAL_US$_H.xlsx,PT_IMPORT_VALUS$_H_2013-14,13.0,2026-08-21T15:32:19.510272+00:00,1.0
2013-08-01,2013,2013-14,August,MS,IMPORT,0.0,0.0,PPAC,1751964598_PT_IMPORT_VAL_RS.CRS._H.xlsx,PT_IMPORT_VALRS_H_2013-14,14.0,1751964622_PT_IMPORT_VAL_US$_H.xlsx,PT_IMPORT_VALUS$_H_2013-14,14.0,2026-08-21T15:32:19.510272+00:00,1.0
2013-08-01,2013,2013-14,August,MS!,EXPORT,8831.028609664376,,PPAC,1751964598_PT_IMPORT_VAL_RS.CRS._H.xlsx,PT_IMPORT_VALRS_H_2013-14,27.0,,,,2026-08-21T15:32:19.510272+00:00,1.0
2013-08-01,2013,2013-14,August,MS/ Petrol,EXPORT,,1399.6620728852383,PPAC,,,,1751964622_PT_IMPORT_VAL_US$_H.xlsx,PT_IMPORT_VALUS$_H_2013-14,27.0,,
2013-08-01,2013,2013-14,August,Naphtha,EXPORT,4806.968220221896,748.5061295944253,PPAC,1751964598_PT_IMPORT_VAL_RS.CRS._H.xlsx,PT_IMPORT_VALRS_H_2013-14,28.0,1751964622_PT_IMPORT_VAL_US$_H.xlsx,PT_IMPORT_VALUS$_H_2013-14,28.0,2026-08-21T15:32:19.510272+00:00,1.0
2013-08-01,2013,2013-14,August,Naphtha,IMPORT,581.9666837,87.6455848945783,PPAC,1751964598_PT_IMPORT_VAL_RS.CRS._H.xlsx,PT_IMPORT_VALRS_H_2013-14,15.0,1751964622_PT_IMPORT_VAL_US$_H.xlsx,PT_IMPORT_VALUS$_H_2013-14,15.0,2026-08-21T15:32:19.510272+00:00,1.0
2013-08-01,2013,2013-14,August,Others,EXPORT,,410.05644702961854,PPAC,,,,1751964622_PT_IMPORT_VAL_US$_H.xlsx,PT_IMPORT_VALUS$_H_2013-14,36.0,,
2013-08-01,2013,2013-14,August,Others%,EXPORT,2592.790137370008,,PPAC,1751964598_PT_IMPORT_VAL_RS.CRS._H.xlsx,PT_IMPORT_VALRS_H_2013-14,36.0,,,,2026-08-21T15:32:19.510272+00:00,1.0
2013-08-01,2013,2013-14,August,Others&,IMPORT,864.114623165,130.13772415409642,PPAC,1751964598_PT_IMPORT_VAL_RS.CRS._H.xlsx,PT_IMPORT_VALRS_H_2013-14,22.0,1751964622_PT_IMPORT_VAL_US$_H.xlsx,PT_IMPORT_VALUS$_H_2013-14,22.0,2026-08-21T15:32:19.510272+00:00,1.0
2013-08-01,2013,2013-14,August,SKO,EXPORT,6.493,,PPAC,1751964598_PT_IMPORT_VAL_RS.CRS._H.xlsx,PT_IMPORT_VALRS_H_2013-14,30.0,,,,2026-08-21T15:32:19.510272+00:00,1.0
2013-08-01,2013,2013-14,August,SKO,IMPORT,0.0,0.0,PPAC,1751964598_PT_IMPORT_VAL_RS.CRS._H.xlsx,PT_IMPORT_VALRS_H_2013-14,17.0,1751964622_PT_IMPORT_VAL_US$_H.xlsx,PT_IMPORT_VALUS$_H_2013-14,17.0,2026-08-21T15:32:19.510272+00:00,1.0
2013-08-01,2013,2013-14,August,SKO/ Kerosene,EXPORT,,0.9778614457831325,PPAC,,,,1751964622_PT_IMPORT_VAL_US$_H.xlsx,PT_IMPORT_VALUS$_H_2013-14,30.0,,
2013-09-01,2013,2013-14,September,ATF,IMPORT,0.0,0.0,PPAC,1751964598_PT_IMPORT_VAL_RS.CRS._H.xlsx,PT_IMPORT_VALRS_H_2013-14,16.0,1751964622_PT_IMPORT_VAL_US$_H.xlsx,PT_IMPORT_VALUS$_H_2013-14,16.0,2026-08-21T15:32:19.510272+00:00,1.0
2013-09-01,2013,2013-14,September,ATF#,EXPORT,3468.652810655784,,PPAC,1751964598_PT_IMPORT_VAL_RS.CRS._H.xlsx,PT_IMPORT_VALRS_H_2013-14,29.0,,,,2026-08-21T15:32:19.510272+00:00,1.0
2013-09-01,2013,2013-14,September,ATF/Aviation Turbine Fuel,EXPORT,,546.8339491885419,PPAC,,,,1751964622_PT_IMPORT_VAL_US$_H.xlsx,PT_IMPORT_VALUS$_H_2013-14,29.0,,
2013-09-01,2013,2013-14,September,Bitumen,EXPORT,31.7545701,4.885318,PPAC,1751964598_PT_IMPORT_VAL_RS.CRS._H.xlsx,PT_IMPORT_VALRS_H_2013-14,35.0,1751964622_PT_IMPORT_VAL_US$_H.xlsx,PT_IMPORT_VALUS$_H_2013-14,35.0,2026-08-21T15:32:19.510272+00:00,1.0
2013-09-01,2013,2013-14,September,Bitumen,IMPORT,15.5703072,2.4718696936021587,PPAC,1751964598_PT_IMPORT_VAL_RS.CRS._H.xlsx,PT_IMPORT_VALRS_H_2013-14,21.0,1751964622_PT_IMPORT_VAL_US$_H.xlsx,PT_IMPORT_VALUS$_H_2013-14,21.0,2026-08-21T15:32:19.510272+00:00,1.0
2013-09-01,2013,2013-14,September,CRUDE OIL,IMPORT,74317.16141813199,11794.265220825146,PPAC,1751964598_PT_IMPORT_VAL_RS.CRS._H.xlsx,PT_IMPORT_VALRS_H_2013-14,11.0,1751964622_PT_IMPORT_VAL_US$_H.xlsx,PT_IMPORT_VALUS$_H_2013-14,11.0,2026-08-21T15:32:19.510272+00:00,1.0
2013-09-01,2013,2013-14,September,Fuel Oil,EXPORT,2130.961741840845,338.11426701305277,PPAC,1751964598_PT_IMPORT_VAL_RS.CRS._H.xlsx,PT_IMPORT_VALRS_H_2013-14,34.0,1751964622_PT_IMPORT_VAL_US$_H.xlsx,PT_IMPORT_VALUS$_H_2013-14,34.0,2026-08-21T15:32:19.510272+00:00,1.0
2013-09-01,2013,2013-14,September,Fuel Oil,IMPORT,609.3151108,82.84700949357041,PPAC,1751964598_PT_IMPORT_VAL_RS.CRS._H.xlsx,PT_IMPORT_VALRS_H_2013-14,20.0,1751964622_PT_IMPORT_VAL_US$_H.xlsx,PT_IMPORT_VALUS$_H_2013-14,20.0,2026-08-21T15:32:19.510272+00:00,1.0
2013-09-01,2013,2013-14,September,HSD,EXPORT,20010.13336496239,,PPAC,1751964598_PT_IMPORT_VAL_RS.CRS._H.xlsx,PT_IMPORT_VALRS_H_2013-14,31.0,,,,2026-08-21T15:32:19.510272+00:00,1.0
2013-09-01,2013,2013-14,September,HSD,IMPORT,4.4380722,0.7045677409112557,PPAC,1751964598_PT_IMPORT_VAL_RS.CRS._H.xlsx,PT_IMPORT_VALRS_H_2013-14,18.0,1751964622_PT_IMPORT_VAL_US$_H.xlsx,PT_IMPORT_VALUS$_H_2013-14,18.0,2026-08-21T15:32:19.510272+00:00,1.0
2013-09-01,2013,2013-14,September,HSD/ Diesel,EXPORT,,3147.2277569674984,PPAC,,,,1751964622_PT_IMPORT_VAL_US$_H.xlsx,PT_IMPORT_VALUS$_H_2013-14,31.0,,
2013-09-01,2013,2013-14,September,LDO,EXPORT,0.0,0.0,PPAC,1751964598_PT_IMPORT_VAL_RS.CRS._H.xlsx,PT_IMPORT_VALRS_H_2013-14,32.0,1751964622_PT_IMPORT_VAL_US$_H.xlsx,PT_IMPORT_VALUS$_H_2013-14,32.0,2026-08-21T15:32:19.510272+00:00,1.0
2013-09-01,2013,2013-14,September,LOBS/ Lube Oil,EXPORT,8.5713856,1.3526951076361327,PPAC,1751964598_PT_IMPORT_VAL_RS.CRS._H.xlsx,PT_IMPORT_VALRS_H_2013-14,33.0,1751964622_PT_IMPORT_VAL_US$_H.xlsx,PT_IMPORT_VALUS$_H_2013-14,33.0,2026-08-21T15:32:19.510272+00:00,1.0
2013-09-01,2013,2013-14,September,LOBS/ Lube oil,IMPORT,742.1633458,117.82240765200825,PPAC,1751964598_PT_IMPORT_VAL_RS.CRS._H.xlsx,PT_IMPORT_VALRS_H_2013-14,19.0,1751964622_PT_IMPORT_VAL_US$_H.xlsx,PT_IMPORT_VALUS$_H_2013-14,19.0,2026-08-21T15:32:19.510272+00:00,1.0
2013-09-01,2013,2013-14,September,LPG,EXPORT,121.7,19.320527067788536,PPAC,1751964598_PT_IMPORT_VAL_RS.CRS._H.xlsx,PT_IMPORT_VALRS_H_2013-14,26.0,1751964622_PT_IMPORT_VAL_US$_H.xlsx,PT_IMPORT_VALUS$_H_2013-14,26.0,2026-08-21T15:32:19.510272+00:00,1.0
2013-09-01,2013,2013-14,September,LPG,IMPORT,3259.0674947834104,518.5894825817538,PPAC,1751964598_PT_IMPORT_VAL_RS.CRS._H.xlsx,PT_IMPORT_VALRS_H_2013-14,13.0,1751964622_PT_IMPORT_VAL_US$_H.xlsx,PT_IMPORT_VALUS$_H_2013-14,13.0,2026-08-21T15:32:19.510272+00:00,1.0
2013-09-01,2013,2013-14,September,MS,IMPORT,0.0,0.0,PPAC,1751964598_PT_IMPORT_VAL_RS.CRS._H.xlsx,PT_IMPORT_VALRS_H_2013-14,14.0,1751964622_PT_IMPORT_VAL_US$_H.xlsx,PT_IMPORT_VALUS$_H_2013-14,14.0,2026-08-21T15:32:19.510272+00:00,1.0
2013-09-01,2013,2013-14,September,MS!,EXPORT,8298.554177466442,,PPAC,1751964598_PT_IMPORT_VAL_RS.CRS._H.xlsx,PT_IMPORT_VALRS_H_2013-14,27.0,,,,2026-08-21T15:32:19.510272+00:00,1.0
2013-09-01,2013,2013-14,September,MS/ Petrol,EXPORT,,1302.748278663908,PPAC,,,,1751964622_PT_IMPORT_VAL_US$_H.xlsx,PT_IMPORT_VALUS$_H_2013-14,27.0,,
2013-09-01,2013,2013-14,September,Naphtha,EXPORT,3995.275699449707,632.8897128348042,PPAC,1751964598_PT_IMPORT_VAL_RS.CRS._H.xlsx,PT_IMPORT_VALRS_H_2013-14,28.0,1751964622_PT_IMPORT_VAL_US$_H.xlsx,PT_IMPORT_VALUS$_H_2013-14,28.0,2026-08-21T15:32:19.510272+00:00,1.0
2013-09-01,2013,2013-14,September,Naphtha,IMPORT,999.394097846,158.65748137545802,PPAC,1751964598_PT_IMPORT_VAL_RS.CRS._H.xlsx,PT_IMPORT_VALRS_H_2013-14,15.0,1751964622_PT_IMPORT_VAL_US$_H.xlsx,PT_IMPORT_VALUS$_H_2013-14,15.0,2026-08-21T15:32:19.510272+00:00,1.0
2013-09-01,2013,2013-14,September,Others,EXPORT,,408.4430916508518,PPAC,,,,1751964622_PT_IMPORT_VAL_US$_H.xlsx,PT_IMPORT_VALUS$_H_2013-14,36.0,,
2013-09-01,2013,2013-14,September,Others%,EXPORT,2585.5541586461914,,PPAC,1751964598_PT_IMPORT_VAL_RS.CRS._H.xlsx,PT_IMPORT_VALRS_H_2013-14,36.0,,,,2026-08-21T15:32:19.510272+00:00,1.0
2013-09-01,2013,2013-14,September,Others&,IMPORT,1181.6079929190018,187.44154971725357,PPAC,1751964598_PT_IMPORT_VAL_RS.CRS._H.xlsx,PT_IMPORT_VALRS_H_2013-14,22.0,1751964622_PT_IMPORT_VAL_US$_H.xlsx,PT_IMPORT_VALUS$_H_2013-14,22.0,2026-08-21T15:32:19.510272+00:00,1.0
2013-09-01,2013,2013-14,September,SKO,EXPORT,7.464,,PPAC,1751964598_PT_IMPORT_VAL_RS.CRS._H.xlsx,PT_IMPORT_VALRS_H_2013-14,30.0,,,,2026-08-21T15:32:19.510272+00:00,1.0
2013-09-01,2013,2013-14,September,SKO,IMPORT,0.0,0.0,PPAC,1751964598_PT_IMPORT_VAL_RS.CRS._H.xlsx,PT_IMPORT_VALRS_H_2013-14,17.0,1751964622_PT_IMPORT_VAL_US$_H.xlsx,PT_IMPORT_VALUS$_H_2013-14,17.0,2026-08-21T15:32:19.510272+00:00,1.0
2013-09-01,2013,2013-14,September,SKO/ Kerosene,EXPORT,,1.1849499920622322,PPAC,,,,1751964622_PT_IMPORT_VAL_US$_H.xlsx,PT_IMPORT_VALUS$_H_2013-14,30.0,,
2013-10-01,2013,2013-14,October,ATF,IMPORT,0.0,0.0,PPAC,1751964598_PT_IMPORT_VAL_RS.CRS._H.xlsx,PT_IMPORT_VALRS_H_2013-14,16.0,1751964622_PT_IMPORT_VAL_US$_H.xlsx,PT_IMPORT_VALUS$_H_2013-14,16.0,2026-08-21T15:32:19.510272+00:00,1.0
2013-10-01,2013,2013-14,October,ATF#,EXPORT,3205.696,,PPAC,1751964598_PT_IMPORT_VAL_RS.CRS._H.xlsx,PT_IMPORT_VALRS_H_2013-14,29.0,,,,2026-08-21T15:32:19.510272+00:00,1.0
2013-10-01,2013,2013-14,October,ATF/Aviation Turbine Fuel,EXPORT,,520.0743444730076,PPAC,,,,1751964622_PT_IMPORT_VAL_US$_H.xlsx,PT_IMPORT_VALUS$_H_2013-14,29.0,,
2013-10-01,2013,2013-14,October,Bitumen,EXPORT,40.03307277,6.354828804241645,PPAC,1751964598_PT_IMPORT_VAL_RS.CRS._H.xlsx,PT_IMPORT_VALRS_H_2013-14,35.0,1751964622_PT_IMPORT_VAL_US$_H.xlsx,PT_IMPORT_VALUS$_H_2013-14,35.0,2026-08-21T15:32:19.510272+00:00,1.0
2013-10-01,2013,2013-14,October,Bitumen,IMPORT,38.4833801,6.183062355398457,PPAC,1751964598_PT_IMPORT_VAL_RS.CRS._H.xlsx,PT_IMPORT_VALRS_H_2013-14,21.0,1751964622_PT_IMPORT_VAL_US$_H.xlsx,PT_IMPORT_VALUS$_H_2013-14,21.0,2026-08-21T15:32:19.510272+00:00,1.0
2013-10-01,2013,2013-14,October,CRUDE OIL,IMPORT,74210.95151463934,11887.947225275148,PPAC,1751964598_PT_IMPORT_VAL_RS.CRS._H.xlsx,PT_IMPORT_VALRS_H_2013-14,11.0,1751964622_PT_IMPORT_VAL_US$_H.xlsx,PT_IMPORT_VALUS$_H_2013-14,11.0,2026-08-21T15:32:19.510272+00:00,1.0
2013-10-01,2013,2013-14,October,Fuel Oil,EXPORT,2161.0048258,348.47432291131105,PPAC,1751964598_PT_IMPORT_VAL_RS.CRS._H.xlsx,PT_IMPORT_VALRS_H_2013-14,34.0,1751964622_PT_IMPORT_VAL_US$_H.xlsx,PT_IMPORT_VALUS$_H_2013-14,34.0,2026-08-21T15:32:19.510272+00:00,1.0
2013-10-01,2013,2013-14,October,Fuel Oil,IMPORT,798.6875265,127.07575939910025,PPAC,1751964598_PT_IMPORT_VAL_RS.CRS._H.xlsx,PT_IMPORT_VALRS_H_2013-14,20.0,1751964622_PT_IMPORT_VAL_US$_H.xlsx,PT_IMPORT_VALUS$_H_2013-14,20.0,2026-08-21T15:32:19.510272+00:00,1.0
2013-10-01,2013,2013-14,October,HSD,EXPORT,13573.647328985746,,PPAC,1751964598_PT_IMPORT_VAL_RS.CRS._H.xlsx,PT_IMPORT_VALRS_H_2013-14,31.0,,,,2026-08-21T15:32:19.510272+00:00,1.0
2013-10-01,2013,2013-14,October,HSD,IMPORT,20.2548793,3.2543186535989714,PPAC,1751964598_PT_IMPORT_VAL_RS.CRS._H.xlsx,PT_IMPORT_VALRS_H_2013-14,18.0,1751964622_PT_IMPORT_VAL_US$_H.xlsx,PT_IMPORT_VALUS$_H_2013-14,18.0,2026-08-21T15:32:19.510272+00:00,1.0
2013-10-01,2013,2013-14,October,HSD/ Diesel,EXPORT,,2203.542745487922,PPAC,,,,1751964622_PT_IMPORT_VAL_US$_H.xlsx,PT_IMPORT_VALUS$_H_2013-14,31.0,,
2013-10-01,2013,2013-14,October,LDO,EXPORT,35.053568,5.632,PPAC,1751964598_PT_IMPORT_VAL_RS.CRS._H.xlsx,PT_IMPORT_VALRS_H_2013-14,32.0,1751964622_PT_IMPORT_VAL_US$_H.xlsx,PT_IMPORT_VALUS$_H_2013-14,32.0,2026-08-21T15:32:19.510272+00:00,1.0
2013-10-01,2013,2013-14,October,LOBS/ Lube Oil,EXPORT,5.7906021,0.933531556940874,PPAC,1751964598_PT_IMPORT_VAL_RS.CRS._H.xlsx,PT_IMPORT_VALRS_H_2013-14,33.0,1751964622_PT_IMPORT_VAL_US$_H.xlsx,PT_IMPORT_VALUS$_H_2013-14,33.0,2026-08-21T15:32:19.510272+00:00,1.0
2013-10-01,2013,2013-14,October,LOBS/ Lube oil,IMPORT,1291.2095981,207.45655496465295,PPAC,1751964598_PT_IMPORT_VAL_RS.CRS._H.xlsx,PT_IMPORT_VALRS_H_2013-14,19.0,1751964622_PT_IMPORT_VAL_US$_H.xlsx,PT_IMPORT_VALUS$_H_2013-14,19.0,2026-08-21T15:32:19.510272+00:00,1.0
2013-10-01,2013,2013-14,October,LPG,EXPORT,106.1,17.046915167095115,PPAC,1751964598_PT_IMPORT_VAL_RS.CRS._H.xlsx,PT_IMPORT_VALRS_H_2013-14,26.0,1751964622_PT_IMPORT_VAL_US$_H.xlsx,PT_IMPORT_VALUS$_H_2013-14,26.0,2026-08-21T15:32:19.510272+00:00,1.0
2013-10-01,2013,2013-14,October,LPG,IMPORT,3505.0397572,563.5727501928021,PPAC,1751964598_PT_IMPORT_VAL_RS.CRS._H.xlsx,PT_IMPORT_VALRS_H_2013-14,13.0,1751964622_PT_IMPORT_VAL_US$_H.xlsx,PT_IMPORT_VALUS$_H_2013-14,13.0,2026-08-21T15:32:19.510272+00:00,1.0
2013-10-01,2013,2013-14,October,MS,IMPORT,181.55,29.55,PPAC,1751964598_PT_IMPORT_VAL_RS.CRS._H.xlsx,PT_IMPORT_VALRS_H_2013-14,14.0,1751964622_PT_IMPORT_VAL_US$_H.xlsx,PT_IMPORT_VALUS$_H_2013-14,14.0,2026-08-21T15:32:19.510272+00:00,1.0
2013-10-01,2013,2013-14,October,MS!,EXPORT,7369.7170094717185,,PPAC,1751964598_PT_IMPORT_VAL_RS.CRS._H.xlsx,PT_IMPORT_VALRS_H_2013-14,27.0,,,,2026-08-21T15:32:19.510272+00:00,1.0
2013-10-01,2013,2013-14,October,MS/ Petrol,EXPORT,,1196.0035841394852,PPAC,,,,1751964622_PT_IMPORT_VAL_US$_H.xlsx,PT_IMPORT_VALUS$_H_2013-14,27.0,,
2013-10-01,2013,2013-14,October,Naphtha,EXPORT,4454.518801948387,720.2468436653577,PPAC,1751964598_PT_IMPORT_VAL_RS.CRS._H.xlsx,PT_IMPORT_VALRS_H_2013-14,28.0,1751964622_PT_IMPORT_VAL_US$_H.xlsx,PT_IMPORT_VALUS$_H_2013-14,28.0,2026-08-21T15:32:19.510272+00:00,1.0
2013-10-01,2013,2013-14,October,Naphtha,IMPORT,462.0812663,74.24184869858611,PPAC,1751964598_PT_IMPORT_VAL_RS.CRS._H.xlsx,PT_IMPORT_VALRS_H_2013-14,15.0,1751964622_PT_IMPORT_VAL_US$_H.xlsx,PT_IMPORT_VALUS$_H_2013-14,15.0,2026-08-21T15:32:19.510272+00:00,1.0
2013-10-01,2013,2013-14,October,Others,EXPORT,,359.4111355369323,PPAC,,,,1751964622_PT_IMPORT_VAL_US$_H.xlsx,PT_IMPORT_VALUS$_H_2013-14,36.0,,
2013-10-01,2013,2013-14,October,Others%,EXPORT,2214.065594464926,,PPAC,1751964598_PT_IMPORT_VAL_RS.CRS._H.xlsx,PT_IMPORT_VALRS_H_2013-14,36.0,,,,2026-08-21T15:32:19.510272+00:00,1.0
2013-10-01,2013,2013-14,October,Others&,IMPORT,876.6244497619991,140.67672296683827,PPAC,1751964598_PT_IMPORT_VAL_RS.CRS._H.xlsx,PT_IMPORT_VALRS_H_2013-14,22.0,1751964622_PT_IMPORT_VAL_US$_H.xlsx,PT_IMPORT_VALUS$_H_2013-14,22.0,2026-08-21T15:32:19.510272+00:00,1.0
2013-10-01,2013,2013-14,October,SKO,EXPORT,9.284,,PPAC,1751964598_PT_IMPORT_VAL_RS.CRS._H.xlsx,PT_IMPORT_VALRS_H_2013-14,30.0,,,,2026-08-21T15:32:19.510272+00:00,1.0
2013-10-01,2013,2013-14,October,SKO,IMPORT,0.0,0.0,PPAC,1751964598_PT_IMPORT_VAL_RS.CRS._H.xlsx,PT_IMPORT_VALRS_H_2013-14,17.0,1751964622_PT_IMPORT_VAL_US$_H.xlsx,PT_IMPORT_VALUS$_H_2013-14,17.0,2026-08-21T15:32:19.510272+00:00,1.0
2013-10-01,2013,2013-14,October,SKO/ Kerosene,EXPORT,,1.4916452442159382,PPAC,,,,1751964622_PT_IMPORT_VAL_US$_H.xlsx,PT_IMPORT_VALUS$_H_2013-14,30.0,,
2013-11-01,2013,2013-14,November,ATF,IMPORT,0.0,0.0,PPAC,1751964598_PT_IMPORT_VAL_RS.CRS._H.xlsx,PT_IMPORT_VALRS_H_2013-14,16.0,1751964622_PT_IMPORT_VAL_US$_H.xlsx,PT_IMPORT_VALUS$_H_2013-14,16.0,2026-08-21T15:32:19.510272+00:00,1.0
2013-11-01,2013,2013-14,November,ATF#,EXPORT,3178.9740871430004,,PPAC,1751964598_PT_IMPORT_VAL_RS.CRS._H.xlsx,PT_IMPORT_VALRS_H_2013-14,29.0,,,,2026-08-21T15:32:19.510272+00:00,1.0
2013-11-01,2013,2013-14,November,ATF/Aviation Turbine Fuel,EXPORT,,508.02459573060884,PPAC,,,,1751964622_PT_IMPORT_VAL_US$_H.xlsx,PT_IMPORT_VALUS$_H_2013-14,29.0,,
2013-11-01,2013,2013-14,November,Bitumen,EXPORT,34.360431199999994,5.4718288797700785,PPAC,1751964598_PT_IMPORT_VAL_RS.CRS._H.xlsx,PT_IMPORT_VALRS_H_2013-14,35.0,1751964622_PT_IMPORT_VAL_US$_H.xlsx,PT_IMPORT_VALUS$_H_2013-14,35.0,2026-08-21T15:32:19.510272+00:00,1.0
2013-11-01,2013,2013-14,November,Bitumen,IMPORT,61.7485111,9.84196861651259,PPAC,1751964598_PT_IMPORT_VAL_RS.CRS._H.xlsx,PT_IMPORT_VALRS_H_2013-14,21.0,1751964622_PT_IMPORT_VAL_US$_H.xlsx,PT_IMPORT_VALUS$_H_2013-14,21.0,2026-08-21T15:32:19.510272+00:00,1.0
2013-11-01,2013,2013-14,November,CRUDE OIL,IMPORT,69315.82926975476,11162.830465689185,PPAC,1751964598_PT_IMPORT_VAL_RS.CRS._H.xlsx,PT_IMPORT_VALRS_H_2013-14,11.0,1751964622_PT_IMPORT_VAL_US$_H.xlsx,PT_IMPORT_VALUS$_H_2013-14,11.0,2026-08-21T15:32:19.510272+00:00,1.0
2013-11-01,2013,2013-14,November,Fuel Oil,EXPORT,1859.5315968550003,296.60540004461967,PPAC,1751964598_PT_IMPORT_VAL_RS.CRS._H.xlsx,PT_IMPORT_VALRS_H_2013-14,34.0,1751964622_PT_IMPORT_VAL_US$_H.xlsx,PT_IMPORT_VALUS$_H_2013-14,34.0,2026-08-21T15:32:19.510272+00:00,1.0
2013-11-01,2013,2013-14,November,Fuel Oil,IMPORT,176.56981309999998,28.142673430028687,PPAC,1751964598_PT_IMPORT_VAL_RS.CRS._H.xlsx,PT_IMPORT_VALRS_H_2013-14,20.0,1751964622_PT_IMPORT_VAL_US$_H.xlsx,PT_IMPORT_VALUS$_H_2013-14,20.0,2026-08-21T15:32:19.510272+00:00,1.0
2013-11-01,2013,2013-14,November,HSD,EXPORT,11787.541205209991,,PPAC,1751964598_PT_IMPORT_VAL_RS.CRS._H.xlsx,PT_IMPORT_VALRS_H_2013-14,31.0,,,,2026-08-21T15:32:19.510272+00:00,1.0
2013-11-01,2013,2013-14,November,HSD,IMPORT,175.8684389,28.031309993624483,PPAC,1751964598_PT_IMPORT_VAL_RS.CRS._H.xlsx,PT_IMPORT_VALRS_H_2013-14,18.0,1751964622_PT_IMPORT_VAL_US$_H.xlsx,PT_IMPORT_VALUS$_H_2013-14,18.0,2026-08-21T15:32:19.510272+00:00,1.0
2013-11-01,2013,2013-14,November,HSD/ Diesel,EXPORT,,1882.3065155159295,PPAC,,,,1751964622_PT_IMPORT_VAL_US$_H.xlsx,PT_IMPORT_VALUS$_H_2013-14,31.0,,
2013-11-01,2013,2013-14,November,LDO,EXPORT,36.188432,5.768,PPAC,1751964598_PT_IMPORT_VAL_RS.CRS._H.xlsx,PT_IMPORT_VALRS_H_2013-14,32.0,1751964622_PT_IMPORT_VAL_US$_H.xlsx,PT_IMPORT_VALUS$_H_2013-14,32.0,2026-08-21T15:32:19.510272+00:00,1.0
2013-11-01,2013,2013-14,November,LOBS/ Lube Oil,EXPORT,6.7224149,1.0781237118787566,PPAC,1751964598_PT_IMPORT_VAL_RS.CRS._H.xlsx,PT_IMPORT_VALRS_H_2013-14,33.0,1751964622_PT_IMPORT_VAL_US$_H.xlsx,PT_IMPORT_VALUS$_H_2013-14,33.0,2026-08-21T15:32:19.510272+00:00,1.0
2013-11-01,2013,2013-14,November,LOBS/ Lube oil,IMPORT,851.5159118,135.72137580490914,PPAC,1751964598_PT_IMPORT_VAL_RS.CRS._H.xlsx,PT_IMPORT_VALRS_H_2013-14,19.0,1751964622_PT_IMPORT_VAL_US$_H.xlsx,PT_IMPORT_VALUS$_H_2013-14,19.0,2026-08-21T15:32:19.510272+00:00,1.0
2013-11-01,2013,2013-14,November,LPG,EXPORT,114.394,18.233025183296142,PPAC,1751964598_PT_IMPORT_VAL_RS.CRS._H.xlsx,PT_IMPORT_VALRS_H_2013-14,26.0,1751964622_PT_IMPORT_VAL_US$_H.xlsx,PT_IMPORT_VALUS$_H_2013-14,26.0,2026-08-21T15:32:19.510272+00:00,1.0
2013-11-01,2013,2013-14,November,LPG,IMPORT,2082.7924141,332.3120109116991,PPAC,1751964598_PT_IMPORT_VAL_RS.CRS._H.xlsx,PT_IMPORT_VALRS_H_2013-14,13.0,1751964622_PT_IMPORT_VAL_US$_H.xlsx,PT_IMPORT_VALUS$_H_2013-14,13.0,2026-08-21T15:32:19.510272+00:00,1.0
2013-11-01,2013,2013-14,November,MS,IMPORT,0.0,0.0,PPAC,1751964598_PT_IMPORT_VAL_RS.CRS._H.xlsx,PT_IMPORT_VALRS_H_2013-14,14.0,1751964622_PT_IMPORT_VAL_US$_H.xlsx,PT_IMPORT_VALUS$_H_2013-14,14.0,2026-08-21T15:32:19.510272+00:00,1.0
2013-11-01,2013,2013-14,November,MS!,EXPORT,7009.182256242984,,PPAC,1751964598_PT_IMPORT_VAL_RS.CRS._H.xlsx,PT_IMPORT_VALRS_H_2013-14,27.0,,,,2026-08-21T15:32:19.510272+00:00,1.0
2013-11-01,2013,2013-14,November,MS/ Petrol,EXPORT,,1119.4851230618563,PPAC,,,,1751964622_PT_IMPORT_VAL_US$_H.xlsx,PT_IMPORT_VALUS$_H_2013-14,27.0,,
2013-11-01,2013,2013-14,November,Naphtha,EXPORT,3422.155321666518,546.3164006023778,PPAC,1751964598_PT_IMPORT_VAL_RS.CRS._H.xlsx,PT_IMPORT_VALRS_H_2013-14,28.0,1751964622_PT_IMPORT_VAL_US$_H.xlsx,PT_IMPORT_VALUS$_H_2013-14,28.0,2026-08-21T15:32:19.510272+00:00,1.0
2013-11-01,2013,2013-14,November,Naphtha,IMPORT,685.3405744,109.23502939113803,PPAC,1751964598_PT_IMPORT_VAL_RS.CRS._H.xlsx,PT_IMPORT_VALRS_H_2013-14,15.0,1751964622_PT_IMPORT_VAL_US$_H.xlsx,PT_IMPORT_VALUS$_H_2013-14,15.0,2026-08-21T15:32:19.510272+00:00,1.0
2013-11-01,2013,2013-14,November,Others,EXPORT,,334.2471567680486,PPAC,,,,1751964622_PT_IMPORT_VAL_US$_H.xlsx,PT_IMPORT_VALUS$_H_2013-14,36.0,,
2013-11-01,2013,2013-14,November,Others%,EXPORT,2093.703187710995,,PPAC,1751964598_PT_IMPORT_VAL_RS.CRS._H.xlsx,PT_IMPORT_VALRS_H_2013-14,36.0,,,,2026-08-21T15:32:19.510272+00:00,1.0
2013-11-01,2013,2013-14,November,Others&,IMPORT,1167.9592627000002,186.3311674460408,PPAC,1751964598_PT_IMPORT_VAL_RS.CRS._H.xlsx,PT_IMPORT_VALRS_H_2013-14,22.0,1751964622_PT_IMPORT_VAL_US$_H.xlsx,PT_IMPORT_VALUS$_H_2013-14,22.0,2026-08-21T15:32:19.510272+00:00,1.0
2013-11-01,2013,2013-14,November,SKO,EXPORT,5.242,,PPAC,1751964598_PT_IMPORT_VAL_RS.CRS._H.xlsx,PT_IMPORT_VALRS_H_2013-14,30.0,,,,2026-08-21T15:32:19.510272+00:00,1.0
2013-11-01,2013,2013-14,November,SKO,IMPORT,0.0,0.0,PPAC,1751964598_PT_IMPORT_VAL_RS.CRS._H.xlsx,PT_IMPORT_VALRS_H_2013-14,17.0,1751964622_PT_IMPORT_VAL_US$_H.xlsx,PT_IMPORT_VALUS$_H_2013-14,17.0,2026-08-21T15:32:19.510272+00:00,1.0
2013-11-01,2013,2013-14,November,SKO/ Kerosene,EXPORT,,0.8355116353203698,PPAC,,,,1751964622_PT_IMPORT_VAL_US$_H.xlsx,PT_IMPORT_VALUS$_H_2013-14,30.0,,
2013-12-01,2013,2013-14,December,ATF,IMPORT,0.0,0.0,PPAC,1751964598_PT_IMPORT_VAL_RS.CRS._H.xlsx,PT_IMPORT_VALRS_H_2013-14,16.0,1751964622_PT_IMPORT_VAL_US$_H.xlsx,PT_IMPORT_VALUS$_H_2013-14,16.0,2026-08-21T15:32:19.510272+00:00,1.0
2013-12-01,2013,2013-14,December,ATF#,EXPORT,3088.370885924,,PPAC,1751964598_PT_IMPORT_VAL_RS.CRS._H.xlsx,PT_IMPORT_VALRS_H_2013-14,29.0,,,,2026-08-21T15:32:19.510272+00:00,1.0
2013-12-01,2013,2013-14,December,ATF/Aviation Turbine Fuel,EXPORT,,498.33090803534594,PPAC,,,,1751964622_PT_IMPORT_VAL_US$_H.xlsx,PT_IMPORT_VALUS$_H_2013-14,29.0,,
2013-12-01,2013,2013-14,December,Bitumen,EXPORT,28.408240600000003,4.531636170570183,PPAC,1751964598_PT_IMPORT_VAL_RS.CRS._H.xlsx,PT_IMPORT_VALRS_H_2013-14,35.0,1751964622_PT_IMPORT_VAL_US$_H.xlsx,PT_IMPORT_VALUS$_H_2013-14,35.0,2026-08-21T15:32:19.510272+00:00,1.0
2013-12-01,2013,2013-14,December,Bitumen,IMPORT,76.6426184,12.304160924707016,PPAC,1751964598_PT_IMPORT_VAL_RS.CRS._H.xlsx,PT_IMPORT_VALRS_H_2013-14,21.0,1751964622_PT_IMPORT_VAL_US$_H.xlsx,PT_IMPORT_VALUS$_H_2013-14,21.0,2026-08-21T15:32:19.510272+00:00,1.0
2013-12-01,2013,2013-14,December,CRUDE OIL,IMPORT,76572.14171091527,12343.216353008676,PPAC,1751964598_PT_IMPORT_VAL_RS.CRS._H.xlsx,PT_IMPORT_VALRS_H_2013-14,11.0,1751964622_PT_IMPORT_VAL_US$_H.xlsx,PT_IMPORT_VALUS$_H_2013-14,11.0,2026-08-21T15:32:19.510272+00:00,1.0
2013-12-01,2013,2013-14,December,Fuel Oil,EXPORT,1632.6987077059998,262.9074243070095,PPAC,1751964598_PT_IMPORT_VAL_RS.CRS._H.xlsx,PT_IMPORT_VALRS_H_2013-14,34.0,1751964622_PT_IMPORT_VAL_US$_H.xlsx,PT_IMPORT_VALUS$_H_2013-14,34.0,2026-08-21T15:32:19.510272+00:00,1.0
2013-12-01,2013,2013-14,December,Fuel Oil,IMPORT,542.7935742110001,87.61075085572976,PPAC,1751964598_PT_IMPORT_VAL_RS.CRS._H.xlsx,PT_IMPORT_VALRS_H_2013-14,20.0,1751964622_PT_IMPORT_VAL_US$_H.xlsx,PT_IMPORT_VALUS$_H_2013-14,20.0,2026-08-21T15:32:19.510272+00:00,1.0
2013-12-01,2013,2013-14,December,HSD,EXPORT,15064.123599768003,,PPAC,1751964598_PT_IMPORT_VAL_RS.CRS._H.xlsx,PT_IMPORT_VALRS_H_2013-14,31.0,,,,2026-08-21T15:32:19.510272+00:00,1.0
2013-12-01,2013,2013-14,December,HSD,IMPORT,24.5868749,3.947162449831434,PPAC,1751964598_PT_IMPORT_VAL_RS.CRS._H.xlsx,PT_IMPORT_VALRS_H_2013-14,18.0,1751964622_PT_IMPORT_VAL_US$_H.xlsx,PT_IMPORT_VALUS$_H_2013-14,18.0,2026-08-21T15:32:19.510272+00:00,1.0
2013-12-01,2013,2013-14,December,HSD/ Diesel,EXPORT,,2429.5756065063774,PPAC,,,,1751964622_PT_IMPORT_VAL_US$_H.xlsx,PT_IMPORT_VALUS$_H_2013-14,31.0,,
2013-12-01,2013,2013-14,December,LDO,EXPORT,29.307445,4.705,PPAC,1751964598_PT_IMPORT_VAL_RS.CRS._H.xlsx,PT_IMPORT_VALRS_H_2013-14,32.0,1751964622_PT_IMPORT_VAL_US$_H.xlsx,PT_IMPORT_VALUS$_H_2013-14,32.0,2026-08-21T15:32:19.510272+00:00,1.0
2013-12-01,2013,2013-14,December,LOBS/ Lube Oil,EXPORT,6.2803509,1.014039002422872,PPAC,1751964598_PT_IMPORT_VAL_RS.CRS._H.xlsx,PT_IMPORT_VALRS_H_2013-14,33.0,1751964622_PT_IMPORT_VAL_US$_H.xlsx,PT_IMPORT_VALUS$_H_2013-14,33.0,2026-08-21T15:32:19.510272+00:00,1.0
2013-12-01,2013,2013-14,December,LOBS/ Lube oil,IMPORT,1357.9022643,217.9968316423182,PPAC,1751964598_PT_IMPORT_VAL_RS.CRS._H.xlsx,PT_IMPORT_VALRS_H_2013-14,19.0,1751964622_PT_IMPORT_VAL_US$_H.xlsx,PT_IMPORT_VALUS$_H_2013-14,19.0,2026-08-21T15:32:19.510272+00:00,1.0
2013-12-01,2013,2013-14,December,LPG,EXPORT,143.544,23.044469417241935,PPAC,1751964598_PT_IMPORT_VAL_RS.CRS._H.xlsx,PT_IMPORT_VALRS_H_2013-14,26.0,1751964622_PT_IMPORT_VAL_US$_H.xlsx,PT_IMPORT_VALUS$_H_2013-14,26.0,2026-08-21T15:32:19.510272+00:00,1.0
2013-12-01,2013,2013-14,December,LPG,IMPORT,4921.9263957,792.6964401509069,PPAC,1751964598_PT_IMPORT_VAL_RS.CRS._H.xlsx,PT_IMPORT_VALRS_H_2013-14,13.0,1751964622_PT_IMPORT_VAL_US$_H.xlsx,PT_IMPORT_VALUS$_H_2013-14,13.0,2026-08-21T15:32:19.510272+00:00,1.0
2013-12-01,2013,2013-14,December,MS,IMPORT,0.0,0.0,PPAC,1751964598_PT_IMPORT_VAL_RS.CRS._H.xlsx,PT_IMPORT_VALRS_H_2013-14,14.0,1751964622_PT_IMPORT_VAL_US$_H.xlsx,PT_IMPORT_VALUS$_H_2013-14,14.0,2026-08-21T15:32:19.510272+00:00,1.0
2013-12-01,2013,2013-14,December,MS!,EXPORT,8247.721861672,,PPAC,1751964598_PT_IMPORT_VAL_RS.CRS._H.xlsx,PT_IMPORT_VALRS_H_2013-14,27.0,,,,2026-08-21T15:32:19.510272+00:00,1.0
2013-12-01,2013,2013-14,December,MS/ Petrol,EXPORT,,1329.8653679968465,PPAC,,,,1751964622_PT_IMPORT_VAL_US$_H.xlsx,PT_IMPORT_VALUS$_H_2013-14,27.0,,
2013-12-01,2013,2013-14,December,Naphtha,EXPORT,4235.389280015437,683.7338816333086,PPAC,1751964598_PT_IMPORT_VAL_RS.CRS._H.xlsx,PT_IMPORT_VALRS_H_2013-14,28.0,1751964622_PT_IMPORT_VAL_US$_H.xlsx,PT_IMPORT_VALUS$_H_2013-14,28.0,2026-08-21T15:32:19.510272+00:00,1.0
2013-12-01,2013,2013-14,December,Naphtha,IMPORT,602.9948097,96.80443244501527,PPAC,1751964598_PT_IMPORT_VAL_RS.CRS._H.xlsx,PT_IMPORT_VALRS_H_2013-14,15.0,1751964622_PT_IMPORT_VAL_US$_H.xlsx,PT_IMPORT_VALUS$_H_2013-14,15.0,2026-08-21T15:32:19.510272+00:00,1.0
2013-12-01,2013,2013-14,December,Others,EXPORT,,451.93501111325895,PPAC,,,,1751964622_PT_IMPORT_VAL_US$_H.xlsx,PT_IMPORT_VALUS$_H_2013-14,36.0,,
2013-12-01,2013,2013-14,December,Others%,EXPORT,2793.3076987702043,,PPAC,1751964598_PT_IMPORT_VAL_RS.CRS._H.xlsx,PT_IMPORT_VALRS_H_2013-14,36.0,,,,2026-08-21T15:32:19.510272+00:00,1.0
2013-12-01,2013,2013-14,December,Others&,IMPORT,681.8438593390001,109.56615495942197,PPAC,1751964598_PT_IMPORT_VAL_RS.CRS._H.xlsx,PT_IMPORT_VALRS_H_2013-14,22.0,1751964622_PT_IMPORT_VAL_US$_H.xlsx,PT_IMPORT_VALUS$_H_2013-14,22.0,2026-08-21T15:32:19.510272+00:00,1.0
2013-12-01,2013,2013-14,December,SKO,EXPORT,8.958,,PPAC,1751964598_PT_IMPORT_VAL_RS.CRS._H.xlsx,PT_IMPORT_VALRS_H_2013-14,30.0,,,,2026-08-21T15:32:19.510272+00:00,1.0
2013-12-01,2013,2013-14,December,SKO,IMPORT,0.0,0.0,PPAC,1751964598_PT_IMPORT_VAL_RS.CRS._H.xlsx,PT_IMPORT_VALRS_H_2013-14,17.0,1751964622_PT_IMPORT_VAL_US$_H.xlsx,PT_IMPORT_VALUS$_H_2013-14,17.0,2026-08-21T15:32:19.510272+00:00,1.0
2013-12-01,2013,2013-14,December,SKO/ Kerosene,EXPORT,,1.438112056509873,PPAC,,,,1751964622_PT_IMPORT_VAL_US$_H.xlsx,PT_IMPORT_VALUS$_H_2013-14,30.0,,
2014-01-01,2014,2013-14,January,ATF,IMPORT,0.0,0.0,PPAC,1751964598_PT_IMPORT_VAL_RS.CRS._H.xlsx,PT_IMPORT_VALRS_H_2013-14,16.0,1751964622_PT_IMPORT_VAL_US$_H.xlsx,PT_IMPORT_VALUS$_H_2013-14,16.0,2026-08-21T15:32:19.510272+00:00,1.0
2014-01-01,2014,2013-14,January,ATF#,EXPORT,2266.660544481,,PPAC,1751964598_PT_IMPORT_VAL_RS.CRS._H.xlsx,PT_IMPORT_VALRS_H_2013-14,29.0,,,,2026-08-21T15:32:19.510272+00:00,1.0
2014-01-01,2014,2013-14,January,ATF/Aviation Turbine Fuel,EXPORT,,365.61524961713604,PPAC,,,,1751964622_PT_IMPORT_VAL_US$_H.xlsx,PT_IMPORT_VALUS$_H_2013-14,29.0,,
2014-01-01,2014,2013-14,January,Bitumen,EXPORT,11.825739500000001,1.8771320106366092,PPAC,1751964598_PT_IMPORT_VAL_RS.CRS._H.xlsx,PT_IMPORT_VALRS_H_2013-14,35.0,1751964622_PT_IMPORT_VAL_US$_H.xlsx,PT_IMPORT_VALUS$_H_2013-14,35.0,2026-08-21T15:32:19.510272+00:00,1.0
2014-01-01,2014,2013-14,January,Bitumen,IMPORT,65.7480692,10.437858263216384,PPAC,1751964598_PT_IMPORT_VAL_RS.CRS._H.xlsx,PT_IMPORT_VALRS_H_2013-14,21.0,1751964622_PT_IMPORT_VAL_US$_H.xlsx,PT_IMPORT_VALUS$_H_2013-14,21.0,2026-08-21T15:32:19.510272+00:00,1.0
2014-01-01,2014,2013-14,January,CRUDE OIL,IMPORT,73504.77474111936,11813.780152627558,PPAC,1751964598_PT_IMPORT_VAL_RS.CRS._H.xlsx,PT_IMPORT_VALRS_H_2013-14,11.0,1751964622_PT_IMPORT_VAL_US$_H.xlsx,PT_IMPORT_VALUS$_H_2013-14,11.0,2026-08-21T15:32:19.510272+00:00,1.0
2014-01-01,2014,2013-14,January,Fuel Oil,EXPORT,1065.896774595,171.2363035239968,PPAC,1751964598_PT_IMPORT_VAL_RS.CRS._H.xlsx,PT_IMPORT_VALRS_H_2013-14,34.0,1751964622_PT_IMPORT_VAL_US$_H.xlsx,PT_IMPORT_VALUS$_H_2013-14,34.0,2026-08-21T15:32:19.510272+00:00,1.0
2014-01-01,2014,2013-14,January,Fuel Oil,IMPORT,292.340731328,46.77353894815685,PPAC,1751964598_PT_IMPORT_VAL_RS.CRS._H.xlsx,PT_IMPORT_VALRS_H_2013-14,20.0,1751964622_PT_IMPORT_VAL_US$_H.xlsx,PT_IMPORT_VALUS$_H_2013-14,20.0,2026-08-21T15:32:19.510272+00:00,1.0
2014-01-01,2014,2013-14,January,HSD,EXPORT,8863.781000808405,,PPAC,1751964598_PT_IMPORT_VAL_RS.CRS._H.xlsx,PT_IMPORT_VALRS_H_2013-14,31.0,,,,2026-08-21T15:32:19.510272+00:00,1.0
2014-01-01,2014,2013-14,January,HSD,IMPORT,11.2566358,1.78705124622956,PPAC,1751964598_PT_IMPORT_VAL_RS.CRS._H.xlsx,PT_IMPORT_VALRS_H_2013-14,18.0,1751964622_PT_IMPORT_VAL_US$_H.xlsx,PT_IMPORT_VALUS$_H_2013-14,18.0,2026-08-21T15:32:19.510272+00:00,1.0
2014-01-01,2014,2013-14,January,HSD/ Diesel,EXPORT,,1428.01495960208,PPAC,,,,1751964622_PT_IMPORT_VAL_US$_H.xlsx,PT_IMPORT_VALUS$_H_2013-14,31.0,,
2014-01-01,2014,2013-14,January,LDO,EXPORT,34.417736000000005,5.464,PPAC,1751964598_PT_IMPORT_VAL_RS.CRS._H.xlsx,PT_IMPORT_VALRS_H_2013-14,32.0,1751964622_PT_IMPORT_VAL_US$_H.xlsx,PT_IMPORT_VALUS$_H_2013-14,32.0,2026-08-21T15:32:19.510272+00:00,1.0
2014-01-01,2014,2013-14,January,LOBS/ Lube Oil,EXPORT,9.788541899999998,1.5559493383076677,PPAC,1751964598_PT_IMPORT_VAL_RS.CRS._H.xlsx,PT_IMPORT_VALRS_H_2013-14,33.0,1751964622_PT_IMPORT_VAL_US$_H.xlsx,PT_IMPORT_VALUS$_H_2013-14,33.0,2026-08-21T15:32:19.510272+00:00,1.0
2014-01-01,2014,2013-14,January,LOBS/ Lube oil,IMPORT,1622.4151144,257.5670923003651,PPAC,1751964598_PT_IMPORT_VAL_RS.CRS._H.xlsx,PT_IMPORT_VALRS_H_2013-14,19.0,1751964622_PT_IMPORT_VAL_US$_H.xlsx,PT_IMPORT_VALUS$_H_2013-14,19.0,2026-08-21T15:32:19.510272+00:00,1.0
2014-01-01,2014,2013-14,January,LPG,EXPORT,205.834,32.677250357199554,PPAC,1751964598_PT_IMPORT_VAL_RS.CRS._H.xlsx,PT_IMPORT_VALRS_H_2013-14,26.0,1751964622_PT_IMPORT_VAL_US$_H.xlsx,PT_IMPORT_VALUS$_H_2013-14,26.0,2026-08-21T15:32:19.510272+00:00,1.0
2014-01-01,2014,2013-14,January,LPG,IMPORT,4708.354494,762.186434989681,PPAC,1751964598_PT_IMPORT_VAL_RS.CRS._H.xlsx,PT_IMPORT_VALRS_H_2013-14,13.0,1751964622_PT_IMPORT_VAL_US$_H.xlsx,PT_IMPORT_VALUS$_H_2013-14,13.0,2026-08-21T15:32:19.510272+00:00,1.0
2014-01-01,2014,2013-14,January,MS,IMPORT,0.0,0.0,PPAC,1751964598_PT_IMPORT_VAL_RS.CRS._H.xlsx,PT_IMPORT_VALRS_H_2013-14,14.0,1751964622_PT_IMPORT_VAL_US$_H.xlsx,PT_IMPORT_VALUS$_H_2013-14,14.0,2026-08-21T15:32:19.510272+00:00,1.0
2014-01-01,2014,2013-14,January,MS!,EXPORT,6269.766956086745,,PPAC,1751964598_PT_IMPORT_VAL_RS.CRS._H.xlsx,PT_IMPORT_VALRS_H_2013-14,27.0,,,,2026-08-21T15:32:19.510272+00:00,1.0
2014-01-01,2014,2013-14,January,MS/ Petrol,EXPORT,,1010.2731491253594,PPAC,,,,1751964622_PT_IMPORT_VAL_US$_H.xlsx,PT_IMPORT_VALUS$_H_2013-14,27.0,,
2014-01-01,2014,2013-14,January,Naphtha,EXPORT,3697.0714953758597,591.4117779011616,PPAC,1751964598_PT_IMPORT_VAL_RS.CRS._H.xlsx,PT_IMPORT_VALRS_H_2013-14,28.0,1751964622_PT_IMPORT_VAL_US$_H.xlsx,PT_IMPORT_VALUS$_H_2013-14,28.0,2026-08-21T15:32:19.510272+00:00,1.0
2014-01-01,2014,2013-14,January,Naphtha,IMPORT,405.76946269999996,64.41807631370058,PPAC,1751964598_PT_IMPORT_VAL_RS.CRS._H.xlsx,PT_IMPORT_VALRS_H_2013-14,15.0,1751964622_PT_IMPORT_VAL_US$_H.xlsx,PT_IMPORT_VALUS$_H_2013-14,15.0,2026-08-21T15:32:19.510272+00:00,1.0
2014-01-01,2014,2013-14,January,Others,EXPORT,,146.34301479798023,PPAC,,,,1751964622_PT_IMPORT_VAL_US$_H.xlsx,PT_IMPORT_VALUS$_H_2013-14,36.0,,
2014-01-01,2014,2013-14,January,Others%,EXPORT,909.883950657997,,PPAC,1751964598_PT_IMPORT_VAL_RS.CRS._H.xlsx,PT_IMPORT_VALRS_H_2013-14,36.0,,,,2026-08-21T15:32:19.510272+00:00,1.0
2014-01-01,2014,2013-14,January,Others&,IMPORT,1304.3869556,207.07841694110175,PPAC,1751964598_PT_IMPORT_VAL_RS.CRS._H.xlsx,PT_IMPORT_VALRS_H_2013-14,22.0,1751964622_PT_IMPORT_VAL_US$_H.xlsx,PT_IMPORT_VALUS$_H_2013-14,22.0,2026-08-21T15:32:19.510272+00:00,1.0
2014-01-01,2014,2013-14,January,SKO,EXPORT,14.168,,PPAC,1751964598_PT_IMPORT_VAL_RS.CRS._H.xlsx,PT_IMPORT_VALRS_H_2013-14,30.0,,,,2026-08-21T15:32:19.510272+00:00,1.0
2014-01-01,2014,2013-14,January,SKO,IMPORT,0.0,0.0,PPAC,1751964598_PT_IMPORT_VAL_RS.CRS._H.xlsx,PT_IMPORT_VALRS_H_2013-14,17.0,1751964622_PT_IMPORT_VAL_US$_H.xlsx,PT_IMPORT_VALUS$_H_2013-14,17.0,2026-08-21T15:32:19.510272+00:00,1.0
2014-01-01,2014,2013-14,January,SKO/ Kerosene,EXPORT,,2.2492459120495316,PPAC,,,,1751964622_PT_IMPORT_VAL_US$_H.xlsx,PT_IMPORT_VALUS$_H_2013-14,30.0,,
2014-02-01,2014,2013-14,February,ATF,IMPORT,0.0,0.0,PPAC,1751964598_PT_IMPORT_VAL_RS.CRS._H.xlsx,PT_IMPORT_VALRS_H_2013-14,16.0,1751964622_PT_IMPORT_VAL_US$_H.xlsx,PT_IMPORT_VALUS$_H_2013-14,16.0,2026-08-21T15:32:19.510272+00:00,1.0
2014-02-01,2014,2013-14,February,ATF#,EXPORT,2748.913548679,,PPAC,1751964598_PT_IMPORT_VAL_RS.CRS._H.xlsx,PT_IMPORT_VALRS_H_2013-14,29.0,,,,2026-08-21T15:32:19.510272+00:00,1.0
2014-02-01,2014,2013-14,February,ATF/Aviation Turbine Fuel,EXPORT,,442.1653341771351,PPAC,,,,1751964622_PT_IMPORT_VAL_US$_H.xlsx,PT_IMPORT_VALUS$_H_2013-14,29.0,,
2014-02-01,2014,2013-14,February,Bitumen,EXPORT,12.737410200000001,2.046609058283606,PPAC,1751964598_PT_IMPORT_VAL_RS.CRS._H.xlsx,PT_IMPORT_VALRS_H_2013-14,35.0,1751964622_PT_IMPORT_VAL_US$_H.xlsx,PT_IMPORT_VALUS$_H_2013-14,35.0,2026-08-21T15:32:19.510272+00:00,1.0
2014-02-01,2014,2013-14,February,Bitumen,IMPORT,214.7806774,34.45310834135387,PPAC,1751964598_PT_IMPORT_VAL_RS.CRS._H.xlsx,PT_IMPORT_VALRS_H_2013-14,21.0,1751964622_PT_IMPORT_VAL_US$_H.xlsx,PT_IMPORT_VALUS$_H_2013-14,21.0,2026-08-21T15:32:19.510272+00:00,1.0
2014-02-01,2014,2013-14,February,CRUDE OIL,IMPORT,77107.32916696384,12518.95822468622,PPAC,1751964598_PT_IMPORT_VAL_RS.CRS._H.xlsx,PT_IMPORT_VALRS_H_2013-14,11.0,1751964622_PT_IMPORT_VAL_US$_H.xlsx,PT_IMPORT_VALUS$_H_2013-14,11.0,2026-08-21T15:32:19.510272+00:00,1.0
2014-02-01,2014,2013-14,February,Fuel Oil,EXPORT,1930.609674306,309.9843494572286,PPAC,1751964598_PT_IMPORT_VAL_RS.CRS._H.xlsx,PT_IMPORT_VALRS_H_2013-14,34.0,1751964622_PT_IMPORT_VAL_US$_H.xlsx,PT_IMPORT_VALUS$_H_2013-14,34.0,2026-08-21T15:32:19.510272+00:00,1.0
2014-02-01,2014,2013-14,February,Fuel Oil,IMPORT,419.5110879470006,82.1947503360223,PPAC,1751964598_PT_IMPORT_VAL_RS.CRS._H.xlsx,PT_IMPORT_VALRS_H_2013-14,20.0,1751964622_PT_IMPORT_VAL_US$_H.xlsx,PT_IMPORT_VALUS$_H_2013-14,20.0,2026-08-21T15:32:19.510272+00:00,1.0
2014-02-01,2014,2013-14,February,HSD,EXPORT,11829.177963718756,,PPAC,1751964598_PT_IMPORT_VAL_RS.CRS._H.xlsx,PT_IMPORT_VALRS_H_2013-14,31.0,,,,2026-08-21T15:32:19.510272+00:00,1.0
2014-02-01,2014,2013-14,February,HSD,IMPORT,52.3102689,8.391124302213665,PPAC,1751964598_PT_IMPORT_VAL_RS.CRS._H.xlsx,PT_IMPORT_VALRS_H_2013-14,18.0,1751964622_PT_IMPORT_VAL_US$_H.xlsx,PT_IMPORT_VALUS$_H_2013-14,18.0,2026-08-21T15:32:19.510272+00:00,1.0
2014-02-01,2014,2013-14,February,HSD/ Diesel,EXPORT,,1900.4496663758334,PPAC,,,,1751964622_PT_IMPORT_VAL_US$_H.xlsx,PT_IMPORT_VALUS$_H_2013-14,31.0,,
2014-02-01,2014,2013-14,February,LDO,EXPORT,0.0,0.0,PPAC,1751964598_PT_IMPORT_VAL_RS.CRS._H.xlsx,PT_IMPORT_VALRS_H_2013-14,32.0,1751964622_PT_IMPORT_VAL_US$_H.xlsx,PT_IMPORT_VALUS$_H_2013-14,32.0,2026-08-21T15:32:19.510272+00:00,1.0
2014-02-01,2014,2013-14,February,LOBS/ Lube Oil,EXPORT,7.8288871,1.2632011539621433,PPAC,1751964598_PT_IMPORT_VAL_RS.CRS._H.xlsx,PT_IMPORT_VALRS_H_2013-14,33.0,1751964622_PT_IMPORT_VAL_US$_H.xlsx,PT_IMPORT_VALUS$_H_2013-14,33.0,2026-08-21T15:32:19.510272+00:00,1.0
2014-02-01,2014,2013-14,February,LOBS/ Lube oil,IMPORT,1231.7790503,197.59047967597047,PPAC,1751964598_PT_IMPORT_VAL_RS.CRS._H.xlsx,PT_IMPORT_VALRS_H_2013-14,19.0,1751964622_PT_IMPORT_VAL_US$_H.xlsx,PT_IMPORT_VALUS$_H_2013-14,19.0,2026-08-21T15:32:19.510272+00:00,1.0
2014-02-01,2014,2013-14,February,LPG,EXPORT,169.567,27.200352903432787,PPAC,1751964598_PT_IMPORT_VAL_RS.CRS._H.xlsx,PT_IMPORT_VALRS_H_2013-14,26.0,1751964622_PT_IMPORT_VAL_US$_H.xlsx,PT_IMPORT_VALUS$_H_2013-14,26.0,2026-08-21T15:32:19.510272+00:00,1.0
2014-02-01,2014,2013-14,February,LPG,IMPORT,3905.1392907,653.6519234359961,PPAC,1751964598_PT_IMPORT_VAL_RS.CRS._H.xlsx,PT_IMPORT_VALRS_H_2013-14,13.0,1751964622_PT_IMPORT_VAL_US$_H.xlsx,PT_IMPORT_VALUS$_H_2013-14,13.0,2026-08-21T15:32:19.510272+00:00,1.0
2014-02-01,2014,2013-14,February,MS,IMPORT,0.0,0.0,PPAC,1751964598_PT_IMPORT_VAL_RS.CRS._H.xlsx,PT_IMPORT_VALRS_H_2013-14,14.0,1751964622_PT_IMPORT_VAL_US$_H.xlsx,PT_IMPORT_VALUS$_H_2013-14,14.0,2026-08-21T15:32:19.510272+00:00,1.0
2014-02-01,2014,2013-14,February,MS!,EXPORT,6563.814037462999,,PPAC,1751964598_PT_IMPORT_VAL_RS.CRS._H.xlsx,PT_IMPORT_VALRS_H_2013-14,27.0,,,,2026-08-21T15:32:19.510272+00:00,1.0
2014-02-01,2014,2013-14,February,MS/ Petrol,EXPORT,,1056.6334007755568,PPAC,,,,1751964622_PT_IMPORT_VAL_US$_H.xlsx,PT_IMPORT_VALUS$_H_2013-14,27.0,,
2014-02-01,2014,2013-14,February,Naphtha,EXPORT,3565.2231789006846,574.0887297212329,PPAC,1751964598_PT_IMPORT_VAL_RS.CRS._H.xlsx,PT_IMPORT_VALRS_H_2013-14,28.0,1751964622_PT_IMPORT_VAL_US$_H.xlsx,PT_IMPORT_VALUS$_H_2013-14,28.0,2026-08-21T15:32:19.510272+00:00,1.0
2014-02-01,2014,2013-14,February,Naphtha,IMPORT,358.3832792,57.48849521976259,PPAC,1751964598_PT_IMPORT_VAL_RS.CRS._H.xlsx,PT_IMPORT_VALRS_H_2013-14,15.0,1751964622_PT_IMPORT_VAL_US$_H.xlsx,PT_IMPORT_VALUS$_H_2013-14,15.0,2026-08-21T15:32:19.510272+00:00,1.0
2014-02-01,2014,2013-14,February,Others,EXPORT,,288.7769261148551,PPAC,,,,1751964622_PT_IMPORT_VAL_US$_H.xlsx,PT_IMPORT_VALUS$_H_2013-14,36.0,,
2014-02-01,2014,2013-14,February,Others%,EXPORT,1795.1343787609949,,PPAC,1751964598_PT_IMPORT_VAL_RS.CRS._H.xlsx,PT_IMPORT_VALRS_H_2013-14,36.0,,,,2026-08-21T15:32:19.510272+00:00,1.0
2014-02-01,2014,2013-14,February,Others&,IMPORT,838.591577799999,134.50930304684016,PPAC,1751964598_PT_IMPORT_VAL_RS.CRS._H.xlsx,PT_IMPORT_VALRS_H_2013-14,22.0,1751964622_PT_IMPORT_VAL_US$_H.xlsx,PT_IMPORT_VALUS$_H_2013-14,22.0,2026-08-21T15:32:19.510272+00:00,1.0
2014-02-01,2014,2013-14,February,SKO,EXPORT,11.703,,PPAC,1751964598_PT_IMPORT_VAL_RS.CRS._H.xlsx,PT_IMPORT_VALRS_H_2013-14,30.0,,,,2026-08-21T15:32:19.510272+00:00,1.0
2014-02-01,2014,2013-14,February,SKO,IMPORT,0.0,0.0,PPAC,1751964598_PT_IMPORT_VAL_RS.CRS._H.xlsx,PT_IMPORT_VALRS_H_2013-14,17.0,1751964622_PT_IMPORT_VAL_US$_H.xlsx,PT_IMPORT_VALUS$_H_2013-14,17.0,2026-08-21T15:32:19.510272+00:00,1.0
2014-02-01,2014,2013-14,February,SKO/ Kerosene,EXPORT,,1.8772858517805582,PPAC,,,,1751964622_PT_IMPORT_VAL_US$_H.xlsx,PT_IMPORT_VALUS$_H_2013-14,30.0,,
2014-03-01,2014,2013-14,March,ATF,IMPORT,0.0,0.0,PPAC,1751964598_PT_IMPORT_VAL_RS.CRS._H.xlsx,PT_IMPORT_VALRS_H_2013-14,16.0,1751964622_PT_IMPORT_VAL_US$_H.xlsx,PT_IMPORT_VALUS$_H_2013-14,16.0,2026-08-21T15:32:19.510272+00:00,1.0
2014-03-01,2014,2013-14,March,ATF#,EXPORT,2904.995933773,,PPAC,1751964598_PT_IMPORT_VAL_RS.CRS._H.xlsx,PT_IMPORT_VALRS_H_2013-14,29.0,,,,2026-08-21T15:32:19.510272+00:00,1.0
2014-03-01,2014,2013-14,March,ATF/Aviation Turbine Fuel,EXPORT,,476.29235636312603,PPAC,,,,1751964622_PT_IMPORT_VAL_US$_H.xlsx,PT_IMPORT_VALUS$_H_2013-14,29.0,,
2014-03-01,2014,2013-14,March,Bitumen,EXPORT,1.4546979,0.24188525108081144,PPAC,1751964598_PT_IMPORT_VAL_RS.CRS._H.xlsx,PT_IMPORT_VALRS_H_2013-14,35.0,1751964622_PT_IMPORT_VAL_US$_H.xlsx,PT_IMPORT_VALUS$_H_2013-14,35.0,2026-08-21T15:32:19.510272+00:00,1.0
2014-03-01,2014,2013-14,March,Bitumen,IMPORT,106.168954,17.653633854339876,PPAC,1751964598_PT_IMPORT_VAL_RS.CRS._H.xlsx,PT_IMPORT_VALRS_H_2013-14,21.0,1751964622_PT_IMPORT_VAL_US$_H.xlsx,PT_IMPORT_VALUS$_H_2013-14,21.0,2026-08-21T15:32:19.510272+00:00,1.0
2014-03-01,2014,2013-14,March,CRUDE OIL,IMPORT,66281.34716545278,10875.093633551689,PPAC,1751964598_PT_IMPORT_VAL_RS.CRS._H.xlsx,PT_IMPORT_VALRS_H_2013-14,11.0,1751964622_PT_IMPORT_VAL_US$_H.xlsx,PT_IMPORT_VALUS$_H_2013-14,11.0,2026-08-21T15:32:19.510272+00:00,1.0
2014-03-01,2014,2013-14,March,Fuel Oil,EXPORT,1775.0794814162746,293.55294483426815,PPAC,1751964598_PT_IMPORT_VAL_RS.CRS._H.xlsx,PT_IMPORT_VALRS_H_2013-14,34.0,1751964622_PT_IMPORT_VAL_US$_H.xlsx,PT_IMPORT_VALUS$_H_2013-14,34.0,2026-08-21T15:32:19.510272+00:00,1.0
2014-03-01,2014,2013-14,March,Fuel Oil,IMPORT,790.848592771,129.4963686867672,PPAC,1751964598_PT_IMPORT_VAL_RS.CRS._H.xlsx,PT_IMPORT_VALRS_H_2013-14,20.0,1751964622_PT_IMPORT_VAL_US$_H.xlsx,PT_IMPORT_VALUS$_H_2013-14,20.0,2026-08-21T15:32:19.510272+00:00,1.0
2014-03-01,2014,2013-14,March,HSD,EXPORT,13900.535338350053,,PPAC,1751964598_PT_IMPORT_VAL_RS.CRS._H.xlsx,PT_IMPORT_VALRS_H_2013-14,31.0,,,,2026-08-21T15:32:19.510272+00:00,1.0
2014-03-01,2014,2013-14,March,HSD,IMPORT,27.5259093,4.5769719487861655,PPAC,1751964598_PT_IMPORT_VAL_RS.CRS._H.xlsx,PT_IMPORT_VALRS_H_2013-14,18.0,1751964622_PT_IMPORT_VAL_US$_H.xlsx,PT_IMPORT_VALUS$_H_2013-14,18.0,2026-08-21T15:32:19.510272+00:00,1.0
2014-03-01,2014,2013-14,March,HSD/ Diesel,EXPORT,,2281.603931583864,PPAC,,,,1751964622_PT_IMPORT_VAL_US$_H.xlsx,PT_IMPORT_VALUS$_H_2013-14,31.0,,
2014-03-01,2014,2013-14,March,LDO,EXPORT,0.0,0.0,PPAC,1751964598_PT_IMPORT_VAL_RS.CRS._H.xlsx,PT_IMPORT_VALRS_H_2013-14,32.0,1751964622_PT_IMPORT_VAL_US$_H.xlsx,PT_IMPORT_VALUS$_H_2013-14,32.0,2026-08-21T15:32:19.510272+00:00,1.0
2014-03-01,2014,2013-14,March,LOBS/ Lube Oil,EXPORT,10.6907549,5.289088812770203,PPAC,1751964598_PT_IMPORT_VAL_RS.CRS._H.xlsx,PT_IMPORT_VALRS_H_2013-14,33.0,1751964622_PT_IMPORT_VAL_US$_H.xlsx,PT_IMPORT_VALUS$_H_2013-14,33.0,2026-08-21T15:32:19.510272+00:00,1.0
2014-03-01,2014,2013-14,March,LOBS/ Lube oil,IMPORT,1043.5629839,173.44323954539408,PPAC,1751964598_PT_IMPORT_VAL_RS.CRS._H.xlsx,PT_IMPORT_VALRS_H_2013-14,19.0,1751964622_PT_IMPORT_VAL_US$_H.xlsx,PT_IMPORT_VALUS$_H_2013-14,19.0,2026-08-21T15:32:19.510272+00:00,1.0
2014-03-01,2014,2013-14,March,LPG,EXPORT,166.93,27.756900565347525,PPAC,1751964598_PT_IMPORT_VAL_RS.CRS._H.xlsx,PT_IMPORT_VALRS_H_2013-14,26.0,1751964622_PT_IMPORT_VAL_US$_H.xlsx,PT_IMPORT_VALUS$_H_2013-14,26.0,2026-08-21T15:32:19.510272+00:00,1.0
2014-03-01,2014,2013-14,March,LPG,IMPORT,2878.4543002717787,506.2290778142303,PPAC,1751964598_PT_IMPORT_VAL_RS.CRS._H.xlsx,PT_IMPORT_VALRS_H_2013-14,13.0,1751964622_PT_IMPORT_VAL_US$_H.xlsx,PT_IMPORT_VALUS$_H_2013-14,13.0,2026-08-21T15:32:19.510272+00:00,1.0
2014-03-01,2014,2013-14,March,MS,IMPORT,0.0,0.0,PPAC,1751964598_PT_IMPORT_VAL_RS.CRS._H.xlsx,PT_IMPORT_VALRS_H_2013-14,14.0,1751964622_PT_IMPORT_VAL_US$_H.xlsx,PT_IMPORT_VALUS$_H_2013-14,14.0,2026-08-21T15:32:19.510272+00:00,1.0
2014-03-01,2014,2013-14,March,MS!,EXPORT,9619.376340875498,,PPAC,1751964598_PT_IMPORT_VAL_RS.CRS._H.xlsx,PT_IMPORT_VALRS_H_2013-14,27.0,,,,2026-08-21T15:32:19.510272+00:00,1.0
2014-03-01,2014,2013-14,March,MS/ Petrol,EXPORT,,1578.4354387937594,PPAC,,,,1751964622_PT_IMPORT_VAL_US$_H.xlsx,PT_IMPORT_VALUS$_H_2013-14,27.0,,
2014-03-01,2014,2013-14,March,Naphtha,EXPORT,3822.270451049902,630.3664148404708,PPAC,1751964598_PT_IMPORT_VAL_RS.CRS._H.xlsx,PT_IMPORT_VALRS_H_2013-14,28.0,1751964622_PT_IMPORT_VAL_US$_H.xlsx,PT_IMPORT_VALUS$_H_2013-14,28.0,2026-08-21T15:32:19.510272+00:00,1.0
2014-03-01,2014,2013-14,March,Naphtha,IMPORT,98.8929561,16.443790505487197,PPAC,1751964598_PT_IMPORT_VAL_RS.CRS._H.xlsx,PT_IMPORT_VALRS_H_2013-14,15.0,1751964622_PT_IMPORT_VAL_US$_H.xlsx,PT_IMPORT_VALUS$_H_2013-14,15.0,2026-08-21T15:32:19.510272+00:00,1.0
2014-03-01,2014,2013-14,March,Others,EXPORT,,327.53138465692155,PPAC,,,,1751964622_PT_IMPORT_VAL_US$_H.xlsx,PT_IMPORT_VALUS$_H_2013-14,36.0,,
2014-03-01,2014,2013-14,March,Others%,EXPORT,1999.6679606240068,,PPAC,1751964598_PT_IMPORT_VAL_RS.CRS._H.xlsx,PT_IMPORT_VALRS_H_2013-14,36.0,,,,2026-08-21T15:32:19.510272+00:00,1.0
2014-03-01,2014,2013-14,March,Others&,IMPORT,975.4256502180015,162.1924605081408,PPAC,1751964598_PT_IMPORT_VAL_RS.CRS._H.xlsx,PT_IMPORT_VALRS_H_2013-14,22.0,1751964622_PT_IMPORT_VAL_US$_H.xlsx,PT_IMPORT_VALUS$_H_2013-14,22.0,2026-08-21T15:32:19.510272+00:00,1.0
2014-03-01,2014,2013-14,March,SKO,EXPORT,6.978,,PPAC,1751964598_PT_IMPORT_VAL_RS.CRS._H.xlsx,PT_IMPORT_VALRS_H_2013-14,30.0,,,,2026-08-21T15:32:19.510272+00:00,1.0
2014-03-01,2014,2013-14,March,SKO,IMPORT,0.0,0.0,PPAC,1751964598_PT_IMPORT_VAL_RS.CRS._H.xlsx,PT_IMPORT_VALRS_H_2013-14,17.0,1751964622_PT_IMPORT_VAL_US$_H.xlsx,PT_IMPORT_VALUS$_H_2013-14,17.0,2026-08-21T15:32:19.510272+00:00,1.0
2014-03-01,2014,2013-14,March,SKO/ Kerosene,EXPORT,,1.1602926504822082,PPAC,,,,1751964622_PT_IMPORT_VAL_US$_H.xlsx,PT_IMPORT_VALUS$_H_2013-14,30.0,,
2014-04-01,2014,2014-15,April,ATF,IMPORT,65.6102692,10.81963542216359,PPAC,1751964598_PT_IMPORT_VAL_RS.CRS._H.xlsx,PT_IMPORT_VALRS_H_2014-15,16.0,1751964622_PT_IMPORT_VAL_US$_H.xlsx,PT_IMPORT_VALUS$_2014-15,16.0,2026-08-21T15:32:19.493991+00:00,1.0
2014-04-01,2014,2014-15,April,ATF#,EXPORT,1342.7700000000002,222.2072427440633,PPAC,1751964598_PT_IMPORT_VAL_RS.CRS._H.xlsx,PT_IMPORT_VALRS_H_2014-15,29.0,1751964622_PT_IMPORT_VAL_US$_H.xlsx,PT_IMPORT_VALUS$_2014-15,29.0,2026-08-21T15:32:19.493991+00:00,1.0
2014-04-01,2014,2014-15,April,Bitumen,EXPORT,30.344377899999998,4.978478573218997,PPAC,1751964598_PT_IMPORT_VAL_RS.CRS._H.xlsx,PT_IMPORT_VALRS_H_2014-15,35.0,1751964622_PT_IMPORT_VAL_US$_H.xlsx,PT_IMPORT_VALUS$_2014-15,35.0,2026-08-21T15:32:19.493991+00:00,1.0
2014-04-01,2014,2014-15,April,Bitumen,IMPORT,119.5049444,19.70727974934037,PPAC,1751964598_PT_IMPORT_VAL_RS.CRS._H.xlsx,PT_IMPORT_VALRS_H_2014-15,21.0,1751964622_PT_IMPORT_VAL_US$_H.xlsx,PT_IMPORT_VALUS$_2014-15,21.0,2026-08-21T15:32:19.493991+00:00,1.0
2014-04-01,2014,2014-15,April,CRUDE OIL,IMPORT,76659.13274293212,12743.775741538633,PPAC,1751964598_PT_IMPORT_VAL_RS.CRS._H.xlsx,PT_IMPORT_VALRS_H_2014-15,11.0,1751964622_PT_IMPORT_VAL_US$_H.xlsx,PT_IMPORT_VALUS$_2014-15,11.0,2026-08-21T15:32:19.493991+00:00,1.0
2014-04-01,2014,2014-15,April,Fuel Oil,EXPORT,1244.2649130999998,205.94897886111505,PPAC,1751964598_PT_IMPORT_VAL_RS.CRS._H.xlsx,PT_IMPORT_VALRS_H_2014-15,34.0,1751964622_PT_IMPORT_VAL_US$_H.xlsx,PT_IMPORT_VALUS$_2014-15,34.0,2026-08-21T15:32:19.493991+00:00,1.0
2014-04-01,2014,2014-15,April,Fuel Oil,IMPORT,759.4968996,126.16745705804749,PPAC,1751964598_PT_IMPORT_VAL_RS.CRS._H.xlsx,PT_IMPORT_VALRS_H_2014-15,20.0,1751964622_PT_IMPORT_VAL_US$_H.xlsx,PT_IMPORT_VALUS$_2014-15,20.0,2026-08-21T15:32:19.493991+00:00,1.0
2014-04-01,2014,2014-15,April,HSD,EXPORT,9701.134167133001,1602.4970904665433,PPAC,1751964598_PT_IMPORT_VAL_RS.CRS._H.xlsx,PT_IMPORT_VALRS_H_2014-15,31.0,1751964622_PT_IMPORT_VAL_US$_H.xlsx,PT_IMPORT_VALUS$_2014-15,31.0,2026-08-21T15:32:19.493991+00:00,1.0
2014-04-01,2014,2014-15,April,HSD,IMPORT,0.8344737,0.13761109828496043,PPAC,1751964598_PT_IMPORT_VAL_RS.CRS._H.xlsx,PT_IMPORT_VALRS_H_2014-15,18.0,1751964622_PT_IMPORT_VAL_US$_H.xlsx,PT_IMPORT_VALUS$_2014-15,18.0,2026-08-21T15:32:19.493991+00:00,1.0
2014-04-01,2014,2014-15,April,LDO,EXPORT,0.0,0.0,PPAC,1751964598_PT_IMPORT_VAL_RS.CRS._H.xlsx,PT_IMPORT_VALRS_H_2014-15,32.0,1751964622_PT_IMPORT_VAL_US$_H.xlsx,PT_IMPORT_VALUS$_2014-15,32.0,2026-08-21T15:32:19.493991+00:00,1.0
2014-04-01,2014,2014-15,April,LOBS/ Lube Oil,EXPORT,4.5450626,0.7541214544854882,PPAC,1751964598_PT_IMPORT_VAL_RS.CRS._H.xlsx,PT_IMPORT_VALRS_H_2014-15,33.0,1751964622_PT_IMPORT_VAL_US$_H.xlsx,PT_IMPORT_VALUS$_2014-15,33.0,2026-08-21T15:32:19.493991+00:00,1.0
2014-04-01,2014,2014-15,April,LOBS/ Lube oil,IMPORT,1656.6284922,273.19071441292874,PPAC,1751964598_PT_IMPORT_VAL_RS.CRS._H.xlsx,PT_IMPORT_VALRS_H_2014-15,19.0,1751964622_PT_IMPORT_VAL_US$_H.xlsx,PT_IMPORT_VALUS$_2014-15,19.0,2026-08-21T15:32:19.493991+00:00,1.0
2014-04-01,2014,2014-15,April,LPG,EXPORT,143.71,23.69887862796834,PPAC,1751964598_PT_IMPORT_VAL_RS.CRS._H.xlsx,PT_IMPORT_VALRS_H_2014-15,26.0,1751964622_PT_IMPORT_VAL_US$_H.xlsx,PT_IMPORT_VALUS$_2014-15,26.0,2026-08-21T15:32:19.493991+00:00,1.0
2014-04-01,2014,2014-15,April,LPG,IMPORT,3438.817930388334,569.2095094780581,PPAC,1751964598_PT_IMPORT_VAL_RS.CRS._H.xlsx,PT_IMPORT_VALRS_H_2014-15,13.0,1751964622_PT_IMPORT_VAL_US$_H.xlsx,PT_IMPORT_VALUS$_2014-15,13.0,2026-08-21T15:32:19.493991+00:00,1.0
2014-04-01,2014,2014-15,April,MS,IMPORT,0.0,0.0,PPAC,1751964598_PT_IMPORT_VAL_RS.CRS._H.xlsx,PT_IMPORT_VALRS_H_2014-15,14.0,1751964622_PT_IMPORT_VAL_US$_H.xlsx,PT_IMPORT_VALUS$_2014-15,14.0,2026-08-21T15:32:19.493991+00:00,1.0
2014-04-01,2014,2014-15,April,MS!,EXPORT,7606.593181565785,1258.3521031629289,PPAC,1751964598_PT_IMPORT_VAL_RS.CRS._H.xlsx,PT_IMPORT_VALRS_H_2014-15,27.0,1751964622_PT_IMPORT_VAL_US$_H.xlsx,PT_IMPORT_VALUS$_2014-15,27.0,2026-08-21T15:32:19.493991+00:00,1.0
2014-04-01,2014,2014-15,April,Naphtha,EXPORT,3044.3940783241455,509.9529863942174,PPAC,1751964598_PT_IMPORT_VAL_RS.CRS._H.xlsx,PT_IMPORT_VALRS_H_2014-15,28.0,1751964622_PT_IMPORT_VAL_US$_H.xlsx,PT_IMPORT_VALUS$_2014-15,28.0,2026-08-21T15:32:19.493991+00:00,1.0
2014-04-01,2014,2014-15,April,Naphtha,IMPORT,273.1987233,45.05255991094987,PPAC,1751964598_PT_IMPORT_VAL_RS.CRS._H.xlsx,PT_IMPORT_VALRS_H_2014-15,15.0,1751964622_PT_IMPORT_VAL_US$_H.xlsx,PT_IMPORT_VALUS$_2014-15,15.0,2026-08-21T15:32:19.493991+00:00,1.0
2014-04-01,2014,2014-15,April,Others,EXPORT,,296.8352297641545,PPAC,,,,1751964622_PT_IMPORT_VAL_US$_H.xlsx,PT_IMPORT_VALUS$_2014-15,36.0,,
2014-04-01,2014,2014-15,April,Others%,EXPORT,1795.5087033909986,,PPAC,1751964598_PT_IMPORT_VAL_RS.CRS._H.xlsx,PT_IMPORT_VALRS_H_2014-15,36.0,,,,2026-08-21T15:32:19.493991+00:00,1.0
2014-04-01,2014,2014-15,April,Others&,IMPORT,937.7489142389381,154.66870745256168,PPAC,1751964598_PT_IMPORT_VAL_RS.CRS._H.xlsx,PT_IMPORT_VALRS_H_2014-15,22.0,1751964622_PT_IMPORT_VAL_US$_H.xlsx,PT_IMPORT_VALUS$_2014-15,22.0,2026-08-21T15:32:19.493991+00:00,1.0
2014-04-01,2014,2014-15,April,SKO,EXPORT,5.6899999999999995,0.9383245382585751,PPAC,1751964598_PT_IMPORT_VAL_RS.CRS._H.xlsx,PT_IMPORT_VALRS_H_2014-15,30.0,1751964622_PT_IMPORT_VAL_US$_H.xlsx,PT_IMPORT_VALUS$_2014-15,30.0,2026-08-21T15:32:19.493991+00:00,1.0
2014-04-01,2014,2014-15,April,SKO,IMPORT,0.0,0.0,PPAC,1751964598_PT_IMPORT_VAL_RS.CRS._H.xlsx,PT_IMPORT_VALRS_H_2014-15,17.0,1751964622_PT_IMPORT_VAL_US$_H.xlsx,PT_IMPORT_VALUS$_2014-15,17.0,2026-08-21T15:32:19.493991+00:00,1.0
2014-05-01,2014,2014-15,May,ATF,IMPORT,31.7400086,5.326398489679476,PPAC,1751964598_PT_IMPORT_VAL_RS.CRS._H.xlsx,PT_IMPORT_VALRS_H_2014-15,16.0,1751964622_PT_IMPORT_VAL_US$_H.xlsx,PT_IMPORT_VALUS$_2014-15,16.0,2026-08-21T15:32:19.493991+00:00,1.0
2014-05-01,2014,2014-15,May,ATF#,EXPORT,2241.61,377.0048665883537,PPAC,1751964598_PT_IMPORT_VAL_RS.CRS._H.xlsx,PT_IMPORT_VALRS_H_2014-15,29.0,1751964622_PT_IMPORT_VAL_US$_H.xlsx,PT_IMPORT_VALUS$_2014-15,29.0,2026-08-21T15:32:19.493991+00:00,1.0
2014-05-01,2014,2014-15,May,Bitumen,EXPORT,9.6920678,1.626458768249706,PPAC,1751964598_PT_IMPORT_VAL_RS.CRS._H.xlsx,PT_IMPORT_VALRS_H_2014-15,35.0,1751964622_PT_IMPORT_VAL_US$_H.xlsx,PT_IMPORT_VALUS$_2014-15,35.0,2026-08-21T15:32:19.493991+00:00,1.0
2014-05-01,2014,2014-15,May,Bitumen,IMPORT,129.2245011,21.685601795603286,PPAC,1751964598_PT_IMPORT_VAL_RS.CRS._H.xlsx,PT_IMPORT_VALRS_H_2014-15,21.0,1751964622_PT_IMPORT_VAL_US$_H.xlsx,PT_IMPORT_VALUS$_2014-15,21.0,2026-08-21T15:32:19.493991+00:00,1.0
2014-05-01,2014,2014-15,May,CRUDE OIL,IMPORT,67593.07947424806,11303.296127322952,PPAC,1751964598_PT_IMPORT_VAL_RS.CRS._H.xlsx,PT_IMPORT_VALRS_H_2014-15,11.0,1751964622_PT_IMPORT_VAL_US$_H.xlsx,PT_IMPORT_VALUS$_2014-15,11.0,2026-08-21T15:32:19.493991+00:00,1.0
2014-05-01,2014,2014-15,May,Fuel Oil,EXPORT,1708.1061547130796,286.95262644070505,PPAC,1751964598_PT_IMPORT_VAL_RS.CRS._H.xlsx,PT_IMPORT_VALRS_H_2014-15,34.0,1751964622_PT_IMPORT_VAL_US$_H.xlsx,PT_IMPORT_VALUS$_2014-15,34.0,2026-08-21T15:32:19.493991+00:00,1.0
2014-05-01,2014,2014-15,May,Fuel Oil,IMPORT,578.130071,95.92013274039269,PPAC,1751964598_PT_IMPORT_VAL_RS.CRS._H.xlsx,PT_IMPORT_VALRS_H_2014-15,20.0,1751964622_PT_IMPORT_VAL_US$_H.xlsx,PT_IMPORT_VALUS$_2014-15,20.0,2026-08-21T15:32:19.493991+00:00,1.0
2014-05-01,2014,2014-15,May,HSD,EXPORT,10901.43230686,1835.543512176288,PPAC,1751964598_PT_IMPORT_VAL_RS.CRS._H.xlsx,PT_IMPORT_VALRS_H_2014-15,31.0,1751964622_PT_IMPORT_VAL_US$_H.xlsx,PT_IMPORT_VALUS$_2014-15,31.0,2026-08-21T15:32:19.493991+00:00,1.0
2014-05-01,2014,2014-15,May,HSD,IMPORT,36.8076538,6.1768172176539675,PPAC,1751964598_PT_IMPORT_VAL_RS.CRS._H.xlsx,PT_IMPORT_VALRS_H_2014-15,18.0,1751964622_PT_IMPORT_VAL_US$_H.xlsx,PT_IMPORT_VALUS$_2014-15,18.0,2026-08-21T15:32:19.493991+00:00,1.0
2014-05-01,2014,2014-15,May,LDO,EXPORT,28.37,4.7613024,PPAC,1751964598_PT_IMPORT_VAL_RS.CRS._H.xlsx,PT_IMPORT_VALRS_H_2014-15,32.0,1751964622_PT_IMPORT_VAL_US$_H.xlsx,PT_IMPORT_VALUS$_2014-15,32.0,2026-08-21T15:32:19.493991+00:00,1.0
2014-05-01,2014,2014-15,May,LOBS/ Lube Oil,EXPORT,10.109111889,1.450936462393019,PPAC,1751964598_PT_IMPORT_VAL_RS.CRS._H.xlsx,PT_IMPORT_VALRS_H_2014-15,33.0,1751964622_PT_IMPORT_VAL_US$_H.xlsx,PT_IMPORT_VALUS$_2014-15,33.0,2026-08-21T15:32:19.493991+00:00,1.0
2014-05-01,2014,2014-15,May,LOBS/ Lube oil,IMPORT,2010.3654363,337.36624203725455,PPAC,1751964598_PT_IMPORT_VAL_RS.CRS._H.xlsx,PT_IMPORT_VALRS_H_2014-15,19.0,1751964622_PT_IMPORT_VAL_US$_H.xlsx,PT_IMPORT_VALUS$_2014-15,19.0,2026-08-21T15:32:19.493991+00:00,1.0
2014-05-01,2014,2014-15,May,LPG,EXPORT,138.14,23.181741903003857,PPAC,1751964598_PT_IMPORT_VAL_RS.CRS._H.xlsx,PT_IMPORT_VALRS_H_2014-15,26.0,1751964622_PT_IMPORT_VAL_US$_H.xlsx,PT_IMPORT_VALUS$_2014-15,26.0,2026-08-21T15:32:19.493991+00:00,1.0
2014-05-01,2014,2014-15,May,LPG,IMPORT,3279.9394322983867,549.5887843060194,PPAC,1751964598_PT_IMPORT_VAL_RS.CRS._H.xlsx,PT_IMPORT_VALRS_H_2014-15,13.0,1751964622_PT_IMPORT_VAL_US$_H.xlsx,PT_IMPORT_VALUS$_2014-15,13.0,2026-08-21T15:32:19.493991+00:00,1.0
2014-05-01,2014,2014-15,May,MS,IMPORT,0.0,0.0,PPAC,1751964598_PT_IMPORT_VAL_RS.CRS._H.xlsx,PT_IMPORT_VALRS_H_2014-15,14.0,1751964622_PT_IMPORT_VAL_US$_H.xlsx,PT_IMPORT_VALUS$_2014-15,14.0,2026-08-21T15:32:19.493991+00:00,1.0
2014-05-01,2014,2014-15,May,MS!,EXPORT,9012.953924647749,1519.5483788807196,PPAC,1751964598_PT_IMPORT_VAL_RS.CRS._H.xlsx,PT_IMPORT_VALRS_H_2014-15,27.0,1751964622_PT_IMPORT_VAL_US$_H.xlsx,PT_IMPORT_VALUS$_2014-15,27.0,2026-08-21T15:32:19.493991+00:00,1.0
2014-05-01,2014,2014-15,May,Naphtha,EXPORT,2939.492109553271,495.5309373913521,PPAC,1751964598_PT_IMPORT_VAL_RS.CRS._H.xlsx,PT_IMPORT_VALRS_H_2014-15,28.0,1751964622_PT_IMPORT_VAL_US$_H.xlsx,PT_IMPORT_VALUS$_2014-15,28.0,2026-08-21T15:32:19.493991+00:00,1.0
2014-05-01,2014,2014-15,May,Naphtha,IMPORT,406.1313725,68.15407480077697,PPAC,1751964598_PT_IMPORT_VAL_RS.CRS._H.xlsx,PT_IMPORT_VALRS_H_2014-15,15.0,1751964622_PT_IMPORT_VAL_US$_H.xlsx,PT_IMPORT_VALUS$_2014-15,15.0,2026-08-21T15:32:19.493991+00:00,1.0
2014-05-01,2014,2014-15,May,Others,EXPORT,,265.9832956439841,PPAC,,,,1751964622_PT_IMPORT_VAL_US$_H.xlsx,PT_IMPORT_VALUS$_2014-15,36.0,,
2014-05-01,2014,2014-15,May,Others%,EXPORT,1579.7466128479973,,PPAC,1751964598_PT_IMPORT_VAL_RS.CRS._H.xlsx,PT_IMPORT_VALRS_H_2014-15,36.0,,,,2026-08-21T15:32:19.493991+00:00,1.0
2014-05-01,2014,2014-15,May,Others&,IMPORT,711.6995663933119,119.47316158657544,PPAC,1751964598_PT_IMPORT_VAL_RS.CRS._H.xlsx,PT_IMPORT_VALRS_H_2014-15,22.0,1751964622_PT_IMPORT_VAL_US$_H.xlsx,PT_IMPORT_VALUS$_2014-15,22.0,2026-08-21T15:32:19.493991+00:00,1.0
2014-05-01,2014,2014-15,May,SKO,EXPORT,6.28,1.0538680986742741,PPAC,1751964598_PT_IMPORT_VAL_RS.CRS._H.xlsx,PT_IMPORT_VALRS_H_2014-15,30.0,1751964622_PT_IMPORT_VAL_US$_H.xlsx,PT_IMPORT_VALUS$_2014-15,30.0,2026-08-21T15:32:19.493991+00:00,1.0
2014-05-01,2014,2014-15,May,SKO,IMPORT,171.710275188,28.813641259999997,PPAC,1751964598_PT_IMPORT_VAL_RS.CRS._H.xlsx,PT_IMPORT_VALRS_H_2014-15,17.0,1751964622_PT_IMPORT_VAL_US$_H.xlsx,PT_IMPORT_VALUS$_2014-15,17.0,2026-08-21T15:32:19.493991+00:00,1.0
2014-06-01,2014,2014-15,June,ATF,IMPORT,0.0,0.0,PPAC,1751964598_PT_IMPORT_VAL_RS.CRS._H.xlsx,PT_IMPORT_VALRS_H_2014-15,16.0,1751964622_PT_IMPORT_VAL_US$_H.xlsx,PT_IMPORT_VALUS$_2014-15,16.0,2026-08-21T15:32:19.493991+00:00,1.0
2014-06-01,2014,2014-15,June,ATF#,EXPORT,1888.1431047,316.5011966798811,PPAC,1751964598_PT_IMPORT_VAL_RS.CRS._H.xlsx,PT_IMPORT_VALRS_H_2014-15,29.0,1751964622_PT_IMPORT_VAL_US$_H.xlsx,PT_IMPORT_VALUS$_2014-15,29.0,2026-08-21T15:32:19.493991+00:00,1.0
2014-06-01,2014,2014-15,June,Bitumen,EXPORT,35.9019081,5.888324264430128,PPAC,1751964598_PT_IMPORT_VAL_RS.CRS._H.xlsx,PT_IMPORT_VALRS_H_2014-15,35.0,1751964622_PT_IMPORT_VAL_US$_H.xlsx,PT_IMPORT_VALUS$_2014-15,35.0,2026-08-21T15:32:19.493991+00:00,1.0
2014-06-01,2014,2014-15,June,Bitumen,IMPORT,100.2700016,16.56260350181698,PPAC,1751964598_PT_IMPORT_VAL_RS.CRS._H.xlsx,PT_IMPORT_VALRS_H_2014-15,21.0,1751964622_PT_IMPORT_VAL_US$_H.xlsx,PT_IMPORT_VALUS$_2014-15,21.0,2026-08-21T15:32:19.493991+00:00,1.0
2014-06-01,2014,2014-15,June,CRUDE OIL,IMPORT,74463.4412524883,12437.447312848995,PPAC,1751964598_PT_IMPORT_VAL_RS.CRS._H.xlsx,PT_IMPORT_VALRS_H_2014-15,11.0,1751964622_PT_IMPORT_VAL_US$_H.xlsx,PT_IMPORT_VALUS$_2014-15,11.0,2026-08-21T15:32:19.493991+00:00,1.0
2014-06-01,2014,2014-15,June,Fuel Oil,EXPORT,1183.4026325,196.41000113744053,PPAC,1751964598_PT_IMPORT_VAL_RS.CRS._H.xlsx,PT_IMPORT_VALRS_H_2014-15,34.0,1751964622_PT_IMPORT_VAL_US$_H.xlsx,PT_IMPORT_VALUS$_2014-15,34.0,2026-08-21T15:32:19.493991+00:00,1.0
2014-06-01,2014,2014-15,June,Fuel Oil,IMPORT,570.1931708,95.143900033036,PPAC,1751964598_PT_IMPORT_VAL_RS.CRS._H.xlsx,PT_IMPORT_VALRS_H_2014-15,20.0,1751964622_PT_IMPORT_VAL_US$_H.xlsx,PT_IMPORT_VALUS$_2014-15,20.0,2026-08-21T15:32:19.493991+00:00,1.0
2014-06-01,2014,2014-15,June,HSD,EXPORT,11716.612304866,1961.242308378995,PPAC,1751964598_PT_IMPORT_VAL_RS.CRS._H.xlsx,PT_IMPORT_VALRS_H_2014-15,31.0,1751964622_PT_IMPORT_VAL_US$_H.xlsx,PT_IMPORT_VALUS$_2014-15,31.0,2026-08-21T15:32:19.493991+00:00,1.0
2014-06-01,2014,2014-15,June,HSD,IMPORT,14.5643167,2.4057345061116617,PPAC,1751964598_PT_IMPORT_VAL_RS.CRS._H.xlsx,PT_IMPORT_VALRS_H_2014-15,18.0,1751964622_PT_IMPORT_VAL_US$_H.xlsx,PT_IMPORT_VALUS$_2014-15,18.0,2026-08-21T15:32:19.493991+00:00,1.0
2014-06-01,2014,2014-15,June,LDO,EXPORT,0.0,0.0,PPAC,1751964598_PT_IMPORT_VAL_RS.CRS._H.xlsx,PT_IMPORT_VALRS_H_2014-15,32.0,1751964622_PT_IMPORT_VAL_US$_H.xlsx,PT_IMPORT_VALUS$_2014-15,32.0,2026-08-21T15:32:19.493991+00:00,1.0
2014-06-01,2014,2014-15,June,LOBS/ Lube Oil,EXPORT,8.766801141,1.449463188377932,PPAC,1751964598_PT_IMPORT_VAL_RS.CRS._H.xlsx,PT_IMPORT_VALRS_H_2014-15,33.0,1751964622_PT_IMPORT_VAL_US$_H.xlsx,PT_IMPORT_VALUS$_2014-15,33.0,2026-08-21T15:32:19.493991+00:00,1.0
2014-06-01,2014,2014-15,June,LOBS/ Lube oil,IMPORT,755.1242371,124.73145640898579,PPAC,1751964598_PT_IMPORT_VAL_RS.CRS._H.xlsx,PT_IMPORT_VALRS_H_2014-15,19.0,1751964622_PT_IMPORT_VAL_US$_H.xlsx,PT_IMPORT_VALUS$_2014-15,19.0,2026-08-21T15:32:19.493991+00:00,1.0
2014-06-01,2014,2014-15,June,LPG,EXPORT,110.9013085,18.318683267261317,PPAC,1751964598_PT_IMPORT_VAL_RS.CRS._H.xlsx,PT_IMPORT_VALRS_H_2014-15,26.0,1751964622_PT_IMPORT_VAL_US$_H.xlsx,PT_IMPORT_VALUS$_2014-15,26.0,2026-08-21T15:32:19.493991+00:00,1.0
2014-06-01,2014,2014-15,June,LPG,IMPORT,2976.4697361930625,494.03648485732725,PPAC,1751964598_PT_IMPORT_VAL_RS.CRS._H.xlsx,PT_IMPORT_VALRS_H_2014-15,13.0,1751964622_PT_IMPORT_VAL_US$_H.xlsx,PT_IMPORT_VALUS$_2014-15,13.0,2026-08-21T15:32:19.493991+00:00,1.0
2014-06-01,2014,2014-15,June,MS,IMPORT,414.382165471,68.44376396,PPAC,1751964598_PT_IMPORT_VAL_RS.CRS._H.xlsx,PT_IMPORT_VALRS_H_2014-15,14.0,1751964622_PT_IMPORT_VAL_US$_H.xlsx,PT_IMPORT_VALUS$_2014-15,14.0,2026-08-21T15:32:19.493991+00:00,1.0
2014-06-01,2014,2014-15,June,MS!,EXPORT,8994.153805158001,1503.5546054325796,PPAC,1751964598_PT_IMPORT_VAL_RS.CRS._H.xlsx,PT_IMPORT_VALRS_H_2014-15,27.0,1751964622_PT_IMPORT_VAL_US$_H.xlsx,PT_IMPORT_VALUS$_2014-15,27.0,2026-08-21T15:32:19.493991+00:00,1.0
2014-06-01,2014,2014-15,June,Naphtha,EXPORT,3970.588930198445,662.8733099991705,PPAC,1751964598_PT_IMPORT_VAL_RS.CRS._H.xlsx,PT_IMPORT_VALRS_H_2014-15,28.0,1751964622_PT_IMPORT_VAL_US$_H.xlsx,PT_IMPORT_VALUS$_2014-15,28.0,2026-08-21T15:32:19.493991+00:00,1.0
2014-06-01,2014,2014-15,June,Naphtha,IMPORT,422.0451583,69.71297658571854,PPAC,1751964598_PT_IMPORT_VAL_RS.CRS._H.xlsx,PT_IMPORT_VALRS_H_2014-15,15.0,1751964622_PT_IMPORT_VAL_US$_H.xlsx,PT_IMPORT_VALUS$_2014-15,15.0,2026-08-21T15:32:19.493991+00:00,1.0
2014-06-01,2014,2014-15,June,Others,EXPORT,,287.4548894874806,PPAC,,,,1751964622_PT_IMPORT_VAL_US$_H.xlsx,PT_IMPORT_VALUS$_2014-15,36.0,,
2014-06-01,2014,2014-15,June,Others%,EXPORT,1709.5656408249997,,PPAC,1751964598_PT_IMPORT_VAL_RS.CRS._H.xlsx,PT_IMPORT_VALRS_H_2014-15,36.0,,,,2026-08-21T15:32:19.493991+00:00,1.0
2014-06-01,2014,2014-15,June,Others&,IMPORT,1088.5347958890425,179.86372588211157,PPAC,1751964598_PT_IMPORT_VAL_RS.CRS._H.xlsx,PT_IMPORT_VALRS_H_2014-15,22.0,1751964622_PT_IMPORT_VAL_US$_H.xlsx,PT_IMPORT_VALUS$_2014-15,22.0,2026-08-21T15:32:19.493991+00:00,1.0
2014-06-01,2014,2014-15,June,SKO,EXPORT,5.1244827,0.8464622893954411,PPAC,1751964598_PT_IMPORT_VAL_RS.CRS._H.xlsx,PT_IMPORT_VALRS_H_2014-15,30.0,1751964622_PT_IMPORT_VAL_US$_H.xlsx,PT_IMPORT_VALUS$_2014-15,30.0,2026-08-21T15:32:19.493991+00:00,1.0
2014-06-01,2014,2014-15,June,SKO,IMPORT,0.0,0.0,PPAC,1751964598_PT_IMPORT_VAL_RS.CRS._H.xlsx,PT_IMPORT_VALRS_H_2014-15,17.0,1751964622_PT_IMPORT_VAL_US$_H.xlsx,PT_IMPORT_VALUS$_2014-15,17.0,2026-08-21T15:32:19.493991+00:00,1.0
2014-07-01,2014,2014-15,July,ATF,IMPORT,33.2627176,5.44041831861302,PPAC,1751964598_PT_IMPORT_VAL_RS.CRS._H.xlsx,PT_IMPORT_VALRS_H_2014-15,16.0,1751964622_PT_IMPORT_VAL_US$_H.xlsx,PT_IMPORT_VALUS$_2014-15,16.0,2026-08-21T15:32:19.493991+00:00,1.0
2014-07-01,2014,2014-15,July,ATF#,EXPORT,2258.5164848309996,375.84505310335294,PPAC,1751964598_PT_IMPORT_VAL_RS.CRS._H.xlsx,PT_IMPORT_VALRS_H_2014-15,29.0,1751964622_PT_IMPORT_VAL_US$_H.xlsx,PT_IMPORT_VALUS$_2014-15,29.0,2026-08-21T15:32:19.493991+00:00,1.0
2014-07-01,2014,2014-15,July,Bitumen,EXPORT,25.8279319,4.233636704003925,PPAC,1751964598_PT_IMPORT_VAL_RS.CRS._H.xlsx,PT_IMPORT_VALRS_H_2014-15,35.0,1751964622_PT_IMPORT_VAL_US$_H.xlsx,PT_IMPORT_VALUS$_2014-15,35.0,2026-08-21T15:32:19.493991+00:00,1.0
2014-07-01,2014,2014-15,July,Bitumen,IMPORT,51.1229508,8.361621000981355,PPAC,1751964598_PT_IMPORT_VAL_RS.CRS._H.xlsx,PT_IMPORT_VALRS_H_2014-15,21.0,1751964622_PT_IMPORT_VAL_US$_H.xlsx,PT_IMPORT_VALUS$_2014-15,21.0,2026-08-21T15:32:19.493991+00:00,1.0
2014-07-01,2014,2014-15,July,CRUDE OIL,IMPORT,65441.01455564622,10842.591790465181,PPAC,1751964598_PT_IMPORT_VAL_RS.CRS._H.xlsx,PT_IMPORT_VALRS_H_2014-15,11.0,1751964622_PT_IMPORT_VAL_US$_H.xlsx,PT_IMPORT_VALUS$_2014-15,11.0,2026-08-21T15:32:19.493991+00:00,1.0
2014-07-01,2014,2014-15,July,Fuel Oil,EXPORT,1658.5110462122486,272.99423892014613,PPAC,1751964598_PT_IMPORT_VAL_RS.CRS._H.xlsx,PT_IMPORT_VALRS_H_2014-15,34.0,1751964622_PT_IMPORT_VAL_US$_H.xlsx,PT_IMPORT_VALUS$_2014-15,34.0,2026-08-21T15:32:19.493991+00:00,1.0
2014-07-01,2014,2014-15,July,Fuel Oil,IMPORT,93.8329227,15.347223209028458,PPAC,1751964598_PT_IMPORT_VAL_RS.CRS._H.xlsx,PT_IMPORT_VALRS_H_2014-15,20.0,1751964622_PT_IMPORT_VAL_US$_H.xlsx,PT_IMPORT_VALUS$_2014-15,20.0,2026-08-21T15:32:19.493991+00:00,1.0
2014-07-01,2014,2014-15,July,HSD,EXPORT,7300.53392058497,1214.0302112408945,PPAC,1751964598_PT_IMPORT_VAL_RS.CRS._H.xlsx,PT_IMPORT_VALRS_H_2014-15,31.0,1751964622_PT_IMPORT_VAL_US$_H.xlsx,PT_IMPORT_VALUS$_2014-15,31.0,2026-08-21T15:32:19.493991+00:00,1.0
2014-07-01,2014,2014-15,July,HSD,IMPORT,291.99389959999996,47.75637432919856,PPAC,1751964598_PT_IMPORT_VAL_RS.CRS._H.xlsx,PT_IMPORT_VALRS_H_2014-15,18.0,1751964622_PT_IMPORT_VAL_US$_H.xlsx,PT_IMPORT_VALUS$_2014-15,18.0,2026-08-21T15:32:19.493991+00:00,1.0
2014-07-01,2014,2014-15,July,LDO,EXPORT,0.0,0.0,PPAC,1751964598_PT_IMPORT_VAL_RS.CRS._H.xlsx,PT_IMPORT_VALRS_H_2014-15,32.0,1751964622_PT_IMPORT_VAL_US$_H.xlsx,PT_IMPORT_VALUS$_2014-15,32.0,2026-08-21T15:32:19.493991+00:00,1.0
2014-07-01,2014,2014-15,July,LOBS/ Lube Oil,EXPORT,5.585443465,0.9203433669283612,PPAC,1751964598_PT_IMPORT_VAL_RS.CRS._H.xlsx,PT_IMPORT_VALRS_H_2014-15,33.0,1751964622_PT_IMPORT_VAL_US$_H.xlsx,PT_IMPORT_VALUS$_2014-15,33.0,2026-08-21T15:32:19.493991+00:00,1.0
2014-07-01,2014,2014-15,July,LOBS/ Lube oil,IMPORT,1001.7432029,163.84416141642131,PPAC,1751964598_PT_IMPORT_VAL_RS.CRS._H.xlsx,PT_IMPORT_VALRS_H_2014-15,19.0,1751964622_PT_IMPORT_VAL_US$_H.xlsx,PT_IMPORT_VALUS$_2014-15,19.0,2026-08-21T15:32:19.493991+00:00,1.0
2014-07-01,2014,2014-15,July,LPG,EXPORT,131.2,21.45894667975139,PPAC,1751964598_PT_IMPORT_VAL_RS.CRS._H.xlsx,PT_IMPORT_VALRS_H_2014-15,26.0,1751964622_PT_IMPORT_VAL_US$_H.xlsx,PT_IMPORT_VALUS$_2014-15,26.0,2026-08-21T15:32:19.493991+00:00,1.0
2014-07-01,2014,2014-15,July,LPG,IMPORT,3786.080591032223,623.6750788820323,PPAC,1751964598_PT_IMPORT_VAL_RS.CRS._H.xlsx,PT_IMPORT_VALRS_H_2014-15,13.0,1751964622_PT_IMPORT_VAL_US$_H.xlsx,PT_IMPORT_VALUS$_2014-15,13.0,2026-08-21T15:32:19.493991+00:00,1.0
2014-07-01,2014,2014-15,July,MS,IMPORT,959.6540898767321,157.1010017716927,PPAC,1751964598_PT_IMPORT_VAL_RS.CRS._H.xlsx,PT_IMPORT_VALRS_H_2014-15,14.0,1751964622_PT_IMPORT_VAL_US$_H.xlsx,PT_IMPORT_VALUS$_2014-15,14.0,2026-08-21T15:32:19.493991+00:00,1.0
2014-07-01,2014,2014-15,July,MS!,EXPORT,7636.8542168410095,1270.7580858166361,PPAC,1751964598_PT_IMPORT_VAL_RS.CRS._H.xlsx,PT_IMPORT_VALRS_H_2014-15,27.0,1751964622_PT_IMPORT_VAL_US$_H.xlsx,PT_IMPORT_VALUS$_2014-15,27.0,2026-08-21T15:32:19.493991+00:00,1.0
2014-07-01,2014,2014-15,July,Naphtha,EXPORT,3356.3719542972053,554.4829752830559,PPAC,1751964598_PT_IMPORT_VAL_RS.CRS._H.xlsx,PT_IMPORT_VALRS_H_2014-15,28.0,1751964622_PT_IMPORT_VAL_US$_H.xlsx,PT_IMPORT_VALUS$_2014-15,28.0,2026-08-21T15:32:19.493991+00:00,1.0
2014-07-01,2014,2014-15,July,Naphtha,IMPORT,431.975634088,70.65231764325483,PPAC,1751964598_PT_IMPORT_VAL_RS.CRS._H.xlsx,PT_IMPORT_VALRS_H_2014-15,15.0,1751964622_PT_IMPORT_VAL_US$_H.xlsx,PT_IMPORT_VALUS$_2014-15,15.0,2026-08-21T15:32:19.493991+00:00,1.0
2014-07-01,2014,2014-15,July,Others,EXPORT,,273.4098341232716,PPAC,,,,1751964622_PT_IMPORT_VAL_US$_H.xlsx,PT_IMPORT_VALUS$_2014-15,36.0,,
2014-07-01,2014,2014-15,July,Others%,EXPORT,1643.649252764004,,PPAC,1751964598_PT_IMPORT_VAL_RS.CRS._H.xlsx,PT_IMPORT_VALRS_H_2014-15,36.0,,,,2026-08-21T15:32:19.493991+00:00,1.0
2014-07-01,2014,2014-15,July,Others&,IMPORT,1028.0337494649852,168.2678262234635,PPAC,1751964598_PT_IMPORT_VAL_RS.CRS._H.xlsx,PT_IMPORT_VALRS_H_2014-15,22.0,1751964622_PT_IMPORT_VAL_US$_H.xlsx,PT_IMPORT_VALUS$_2014-15,22.0,2026-08-21T15:32:19.493991+00:00,1.0
2014-07-01,2014,2014-15,July,SKO,EXPORT,8.22,1.3444553483807655,PPAC,1751964598_PT_IMPORT_VAL_RS.CRS._H.xlsx,PT_IMPORT_VALRS_H_2014-15,30.0,1751964622_PT_IMPORT_VAL_US$_H.xlsx,PT_IMPORT_VALUS$_2014-15,30.0,2026-08-21T15:32:19.493991+00:00,1.0
2014-07-01,2014,2014-15,July,SKO,IMPORT,0.0,0.0,PPAC,1751964598_PT_IMPORT_VAL_RS.CRS._H.xlsx,PT_IMPORT_VALRS_H_2014-15,17.0,1751964622_PT_IMPORT_VAL_US$_H.xlsx,PT_IMPORT_VALUS$_2014-15,17.0,2026-08-21T15:32:19.493991+00:00,1.0
2014-08-01,2014,2014-15,August,ATF,IMPORT,87.6575924,14.39605721793398,PPAC,1751964598_PT_IMPORT_VAL_RS.CRS._H.xlsx,PT_IMPORT_VALRS_H_2014-15,16.0,1751964622_PT_IMPORT_VAL_US$_H.xlsx,PT_IMPORT_VALUS$_2014-15,16.0,2026-08-21T15:32:19.493991+00:00,1.0
2014-08-01,2014,2014-15,August,ATF#,EXPORT,1707.283073352,280.4188294995565,PPAC,1751964598_PT_IMPORT_VAL_RS.CRS._H.xlsx,PT_IMPORT_VALRS_H_2014-15,29.0,1751964622_PT_IMPORT_VAL_US$_H.xlsx,PT_IMPORT_VALUS$_2014-15,29.0,2026-08-21T15:32:19.493991+00:00,1.0
2014-08-01,2014,2014-15,August,Bitumen,EXPORT,25.812185665,4.231610039162561,PPAC,1751964598_PT_IMPORT_VAL_RS.CRS._H.xlsx,PT_IMPORT_VALRS_H_2014-15,35.0,1751964622_PT_IMPORT_VAL_US$_H.xlsx,PT_IMPORT_VALUS$_2014-15,35.0,2026-08-21T15:32:19.493991+00:00,1.0
2014-08-01,2014,2014-15,August,Bitumen,IMPORT,85.5937039,14.057103613072753,PPAC,1751964598_PT_IMPORT_VAL_RS.CRS._H.xlsx,PT_IMPORT_VALRS_H_2014-15,21.0,1751964622_PT_IMPORT_VAL_US$_H.xlsx,PT_IMPORT_VALUS$_2014-15,21.0,2026-08-21T15:32:19.493991+00:00,1.0
2014-08-01,2014,2014-15,August,CRUDE OIL,IMPORT,70817.84582652966,11657.11473217858,PPAC,1751964598_PT_IMPORT_VAL_RS.CRS._H.xlsx,PT_IMPORT_VALRS_H_2014-15,11.0,1751964622_PT_IMPORT_VAL_US$_H.xlsx,PT_IMPORT_VALUS$_2014-15,11.0,2026-08-21T15:32:19.493991+00:00,1.0
2014-08-01,2014,2014-15,August,Fuel Oil,EXPORT,1889.994725,309.75937286421754,PPAC,1751964598_PT_IMPORT_VAL_RS.CRS._H.xlsx,PT_IMPORT_VALRS_H_2014-15,34.0,1751964622_PT_IMPORT_VAL_US$_H.xlsx,PT_IMPORT_VALUS$_2014-15,34.0,2026-08-21T15:32:19.493991+00:00,1.0
2014-08-01,2014,2014-15,August,Fuel Oil,IMPORT,397.8907999,65.34583673838068,PPAC,1751964598_PT_IMPORT_VAL_RS.CRS._H.xlsx,PT_IMPORT_VALRS_H_2014-15,20.0,1751964622_PT_IMPORT_VAL_US$_H.xlsx,PT_IMPORT_VALUS$_2014-15,20.0,2026-08-21T15:32:19.493991+00:00,1.0
2014-08-01,2014,2014-15,August,HSD,EXPORT,9940.480386804325,1633.3841876212769,PPAC,1751964598_PT_IMPORT_VAL_RS.CRS._H.xlsx,PT_IMPORT_VALRS_H_2014-15,31.0,1751964622_PT_IMPORT_VAL_US$_H.xlsx,PT_IMPORT_VALUS$_2014-15,31.0,2026-08-21T15:32:19.493991+00:00,1.0
2014-08-01,2014,2014-15,August,HSD,IMPORT,8.0312019,1.3189689439973722,PPAC,1751964598_PT_IMPORT_VAL_RS.CRS._H.xlsx,PT_IMPORT_VALRS_H_2014-15,18.0,1751964622_PT_IMPORT_VAL_US$_H.xlsx,PT_IMPORT_VALUS$_2014-15,18.0,2026-08-21T15:32:19.493991+00:00,1.0
2014-08-01,2014,2014-15,August,LDO,EXPORT,0.0,0.0,PPAC,1751964598_PT_IMPORT_VAL_RS.CRS._H.xlsx,PT_IMPORT_VALRS_H_2014-15,32.0,1751964622_PT_IMPORT_VAL_US$_H.xlsx,PT_IMPORT_VALUS$_2014-15,32.0,2026-08-21T15:32:19.493991+00:00,1.0
2014-08-01,2014,2014-15,August,LOBS/ Lube Oil,EXPORT,6.51726105,1.076615375391426,PPAC,1751964598_PT_IMPORT_VAL_RS.CRS._H.xlsx,PT_IMPORT_VALRS_H_2014-15,33.0,1751964622_PT_IMPORT_VAL_US$_H.xlsx,PT_IMPORT_VALUS$_2014-15,33.0,2026-08-21T15:32:19.493991+00:00,1.0
2014-08-01,2014,2014-15,August,LOBS/ Lube oil,IMPORT,1428.7934782,234.6515812448678,PPAC,1751964598_PT_IMPORT_VAL_RS.CRS._H.xlsx,PT_IMPORT_VALRS_H_2014-15,19.0,1751964622_PT_IMPORT_VAL_US$_H.xlsx,PT_IMPORT_VALUS$_2014-15,19.0,2026-08-21T15:32:19.493991+00:00,1.0
2014-08-01,2014,2014-15,August,LPG,EXPORT,104.53,17.16702249958942,PPAC,1751964598_PT_IMPORT_VAL_RS.CRS._H.xlsx,PT_IMPORT_VALRS_H_2014-15,26.0,1751964622_PT_IMPORT_VAL_US$_H.xlsx,PT_IMPORT_VALUS$_2014-15,26.0,2026-08-21T15:32:19.493991+00:00,1.0
2014-08-01,2014,2014-15,August,LPG,IMPORT,3188.8700399003797,523.7553881699231,PPAC,1751964598_PT_IMPORT_VAL_RS.CRS._H.xlsx,PT_IMPORT_VALRS_H_2014-15,13.0,1751964622_PT_IMPORT_VAL_US$_H.xlsx,PT_IMPORT_VALUS$_2014-15,13.0,2026-08-21T15:32:19.493991+00:00,1.0
2014-08-01,2014,2014-15,August,MS,IMPORT,305.764870433,50.21307978,PPAC,1751964598_PT_IMPORT_VAL_RS.CRS._H.xlsx,PT_IMPORT_VALRS_H_2014-15,14.0,1751964622_PT_IMPORT_VAL_US$_H.xlsx,PT_IMPORT_VALUS$_2014-15,14.0,2026-08-21T15:32:19.493991+00:00,1.0
2014-08-01,2014,2014-15,August,MS!,EXPORT,8427.147383085809,1385.1752073073856,PPAC,1751964598_PT_IMPORT_VAL_RS.CRS._H.xlsx,PT_IMPORT_VALRS_H_2014-15,27.0,1751964622_PT_IMPORT_VAL_US$_H.xlsx,PT_IMPORT_VALUS$_2014-15,27.0,2026-08-21T15:32:19.493991+00:00,1.0
2014-08-01,2014,2014-15,August,Naphtha,EXPORT,3125.135104475234,514.3517115513114,PPAC,1751964598_PT_IMPORT_VAL_RS.CRS._H.xlsx,PT_IMPORT_VALRS_H_2014-15,28.0,1751964622_PT_IMPORT_VAL_US$_H.xlsx,PT_IMPORT_VALUS$_2014-15,28.0,2026-08-21T15:32:19.493991+00:00,1.0
2014-08-01,2014,2014-15,August,Naphtha,IMPORT,612.139102657,100.53137143029889,PPAC,1751964598_PT_IMPORT_VAL_RS.CRS._H.xlsx,PT_IMPORT_VALRS_H_2014-15,15.0,1751964622_PT_IMPORT_VAL_US$_H.xlsx,PT_IMPORT_VALUS$_2014-15,15.0,2026-08-21T15:32:19.493991+00:00,1.0
2014-08-01,2014,2014-15,August,Others,EXPORT,,356.798869542783,PPAC,,,,1751964622_PT_IMPORT_VAL_US$_H.xlsx,PT_IMPORT_VALUS$_2014-15,36.0,,
2014-08-01,2014,2014-15,August,Others%,EXPORT,2174.094040250995,,PPAC,1751964598_PT_IMPORT_VAL_RS.CRS._H.xlsx,PT_IMPORT_VALRS_H_2014-15,36.0,,,,2026-08-21T15:32:19.493991+00:00,1.0
2014-08-01,2014,2014-15,August,Others&,IMPORT,987.7448344873,162.31900006652674,PPAC,1751964598_PT_IMPORT_VAL_RS.CRS._H.xlsx,PT_IMPORT_VALRS_H_2014-15,22.0,1751964622_PT_IMPORT_VAL_US$_H.xlsx,PT_IMPORT_VALUS$_2014-15,22.0,2026-08-21T15:32:19.493991+00:00,1.0
2014-08-01,2014,2014-15,August,SKO,EXPORT,6.96,1.1430448349482674,PPAC,1751964598_PT_IMPORT_VAL_RS.CRS._H.xlsx,PT_IMPORT_VALRS_H_2014-15,30.0,1751964622_PT_IMPORT_VAL_US$_H.xlsx,PT_IMPORT_VALUS$_2014-15,30.0,2026-08-21T15:32:19.493991+00:00,1.0
2014-08-01,2014,2014-15,August,SKO,IMPORT,0.0,0.0,PPAC,1751964598_PT_IMPORT_VAL_RS.CRS._H.xlsx,PT_IMPORT_VALRS_H_2014-15,17.0,1751964622_PT_IMPORT_VAL_US$_H.xlsx,PT_IMPORT_VALUS$_2014-15,17.0,2026-08-21T15:32:19.493991+00:00,1.0
2014-09-01,2014,2014-15,September,ATF,IMPORT,123.3708939,19.523800269029913,PPAC,1751964598_PT_IMPORT_VAL_RS.CRS._H.xlsx,PT_IMPORT_VALRS_H_2014-15,16.0,1751964622_PT_IMPORT_VAL_US$_H.xlsx,PT_IMPORT_VALUS$_2014-15,16.0,2026-08-21T15:32:19.493991+00:00,1.0
2014-09-01,2014,2014-15,September,ATF#,EXPORT,3295.812987879,541.1570920720984,PPAC,1751964598_PT_IMPORT_VAL_RS.CRS._H.xlsx,PT_IMPORT_VALRS_H_2014-15,29.0,1751964622_PT_IMPORT_VAL_US$_H.xlsx,PT_IMPORT_VALUS$_2014-15,29.0,2026-08-21T15:32:19.493991+00:00,1.0
2014-09-01,2014,2014-15,September,Bitumen,EXPORT,0.0,0.0,PPAC,1751964598_PT_IMPORT_VAL_RS.CRS._H.xlsx,PT_IMPORT_VALRS_H_2014-15,35.0,1751964622_PT_IMPORT_VAL_US$_H.xlsx,PT_IMPORT_VALUS$_2014-15,35.0,2026-08-21T15:32:19.493991+00:00,1.0
2014-09-01,2014,2014-15,September,Bitumen,IMPORT,65.8430468,10.419852318404812,PPAC,1751964598_PT_IMPORT_VAL_RS.CRS._H.xlsx,PT_IMPORT_VALRS_H_2014-15,21.0,1751964622_PT_IMPORT_VAL_US$_H.xlsx,PT_IMPORT_VALUS$_2014-15,21.0,2026-08-21T15:32:19.493991+00:00,1.0
2014-09-01,2014,2014-15,September,CRUDE OIL,IMPORT,67561.5562821801,11067.61765853177,PPAC,1751964598_PT_IMPORT_VAL_RS.CRS._H.xlsx,PT_IMPORT_VALRS_H_2014-15,11.0,1751964622_PT_IMPORT_VAL_US$_H.xlsx,PT_IMPORT_VALUS$_2014-15,11.0,2026-08-21T15:32:19.493991+00:00,1.0
2014-09-01,2014,2014-15,September,Fuel Oil,EXPORT,1651.9019771588632,264.2307459451615,PPAC,1751964598_PT_IMPORT_VAL_RS.CRS._H.xlsx,PT_IMPORT_VALRS_H_2014-15,34.0,1751964622_PT_IMPORT_VAL_US$_H.xlsx,PT_IMPORT_VALUS$_2014-15,34.0,2026-08-21T15:32:19.493991+00:00,1.0
2014-09-01,2014,2014-15,September,Fuel Oil,IMPORT,294.7524017,46.64541884791898,PPAC,1751964598_PT_IMPORT_VAL_RS.CRS._H.xlsx,PT_IMPORT_VALRS_H_2014-15,20.0,1751964622_PT_IMPORT_VAL_US$_H.xlsx,PT_IMPORT_VALUS$_2014-15,20.0,2026-08-21T15:32:19.493991+00:00,1.0
2014-09-01,2014,2014-15,September,HSD,EXPORT,14220.228421944683,2333.1410808275173,PPAC,1751964598_PT_IMPORT_VAL_RS.CRS._H.xlsx,PT_IMPORT_VALRS_H_2014-15,31.0,1751964622_PT_IMPORT_VAL_US$_H.xlsx,PT_IMPORT_VALUS$_2014-15,31.0,2026-08-21T15:32:19.493991+00:00,1.0
2014-09-01,2014,2014-15,September,HSD,IMPORT,29.9729743,4.743309748377908,PPAC,1751964598_PT_IMPORT_VAL_RS.CRS._H.xlsx,PT_IMPORT_VALRS_H_2014-15,18.0,1751964622_PT_IMPORT_VAL_US$_H.xlsx,PT_IMPORT_VALUS$_2014-15,18.0,2026-08-21T15:32:19.493991+00:00,1.0
2014-09-01,2014,2014-15,September,LDO,EXPORT,0.0,0.0,PPAC,1751964598_PT_IMPORT_VAL_RS.CRS._H.xlsx,PT_IMPORT_VALRS_H_2014-15,32.0,1751964622_PT_IMPORT_VAL_US$_H.xlsx,PT_IMPORT_VALUS$_2014-15,32.0,2026-08-21T15:32:19.493991+00:00,1.0
2014-09-01,2014,2014-15,September,LOBS/ Lube Oil,EXPORT,7.418506750000001,1.1791497088146858,PPAC,1751964598_PT_IMPORT_VAL_RS.CRS._H.xlsx,PT_IMPORT_VALRS_H_2014-15,33.0,1751964622_PT_IMPORT_VAL_US$_H.xlsx,PT_IMPORT_VALUS$_2014-15,33.0,2026-08-21T15:32:19.493991+00:00,1.0
2014-09-01,2014,2014-15,September,LOBS/ Lube oil,IMPORT,916.2564011,145.00022172812152,PPAC,1751964598_PT_IMPORT_VAL_RS.CRS._H.xlsx,PT_IMPORT_VALRS_H_2014-15,19.0,1751964622_PT_IMPORT_VAL_US$_H.xlsx,PT_IMPORT_VALUS$_2014-15,19.0,2026-08-21T15:32:19.493991+00:00,1.0
2014-09-01,2014,2014-15,September,LPG,EXPORT,135.69,21.47333438835259,PPAC,1751964598_PT_IMPORT_VAL_RS.CRS._H.xlsx,PT_IMPORT_VALRS_H_2014-15,26.0,1751964622_PT_IMPORT_VAL_US$_H.xlsx,PT_IMPORT_VALUS$_2014-15,26.0,2026-08-21T15:32:19.493991+00:00,1.0
2014-09-01,2014,2014-15,September,LPG,IMPORT,3774.4554624783927,611.0930129820024,PPAC,1751964598_PT_IMPORT_VAL_RS.CRS._H.xlsx,PT_IMPORT_VALRS_H_2014-15,13.0,1751964622_PT_IMPORT_VAL_US$_H.xlsx,PT_IMPORT_VALUS$_2014-15,13.0,2026-08-21T15:32:19.493991+00:00,1.0
2014-09-01,2014,2014-15,September,MS,IMPORT,130.49608066800002,20.98225483,PPAC,1751964598_PT_IMPORT_VAL_RS.CRS._H.xlsx,PT_IMPORT_VALRS_H_2014-15,14.0,1751964622_PT_IMPORT_VAL_US$_H.xlsx,PT_IMPORT_VALUS$_2014-15,14.0,2026-08-21T15:32:19.493991+00:00,1.0
2014-09-01,2014,2014-15,September,MS!,EXPORT,7462.039138016762,1224.1892501613156,PPAC,1751964598_PT_IMPORT_VAL_RS.CRS._H.xlsx,PT_IMPORT_VALRS_H_2014-15,27.0,1751964622_PT_IMPORT_VAL_US$_H.xlsx,PT_IMPORT_VALUS$_2014-15,27.0,2026-08-21T15:32:19.493991+00:00,1.0
2014-09-01,2014,2014-15,September,Naphtha,EXPORT,3661.1682789356155,591.6671927228945,PPAC,1751964598_PT_IMPORT_VAL_RS.CRS._H.xlsx,PT_IMPORT_VALRS_H_2014-15,28.0,1751964622_PT_IMPORT_VAL_US$_H.xlsx,PT_IMPORT_VALUS$_2014-15,28.0,2026-08-21T15:32:19.493991+00:00,1.0
2014-09-01,2014,2014-15,September,Naphtha,IMPORT,353.046415455,56.02159960844913,PPAC,1751964598_PT_IMPORT_VAL_RS.CRS._H.xlsx,PT_IMPORT_VALRS_H_2014-15,15.0,1751964622_PT_IMPORT_VAL_US$_H.xlsx,PT_IMPORT_VALUS$_2014-15,15.0,2026-08-21T15:32:19.493991+00:00,1.0
2014-09-01,2014,2014-15,September,Others,EXPORT,,329.4361563579523,PPAC,,,,1751964622_PT_IMPORT_VAL_US$_H.xlsx,PT_IMPORT_VALUS$_2014-15,36.0,,
2014-09-01,2014,2014-15,September,Others%,EXPORT,2006.0302592989974,,PPAC,1751964598_PT_IMPORT_VAL_RS.CRS._H.xlsx,PT_IMPORT_VALRS_H_2014-15,36.0,,,,2026-08-21T15:32:19.493991+00:00,1.0
2014-09-01,2014,2014-15,September,Others&,IMPORT,1277.9135375031244,202.37558517869948,PPAC,1751964598_PT_IMPORT_VAL_RS.CRS._H.xlsx,PT_IMPORT_VALRS_H_2014-15,22.0,1751964622_PT_IMPORT_VAL_US$_H.xlsx,PT_IMPORT_VALUS$_2014-15,22.0,2026-08-21T15:32:19.493991+00:00,1.0
2014-09-01,2014,2014-15,September,SKO,EXPORT,8.19,1.2960911536635542,PPAC,1751964598_PT_IMPORT_VAL_RS.CRS._H.xlsx,PT_IMPORT_VALRS_H_2014-15,30.0,1751964622_PT_IMPORT_VAL_US$_H.xlsx,PT_IMPORT_VALUS$_2014-15,30.0,2026-08-21T15:32:19.493991+00:00,1.0
2014-09-01,2014,2014-15,September,SKO,IMPORT,0.0,0.0,PPAC,1751964598_PT_IMPORT_VAL_RS.CRS._H.xlsx,PT_IMPORT_VALRS_H_2014-15,17.0,1751964622_PT_IMPORT_VAL_US$_H.xlsx,PT_IMPORT_VALUS$_2014-15,17.0,2026-08-21T15:32:19.493991+00:00,1.0
2014-10-01,2014,2014-15,October,ATF,IMPORT,74.7313226,12.065115046819503,PPAC,1751964598_PT_IMPORT_VAL_RS.CRS._H.xlsx,PT_IMPORT_VALRS_H_2014-15,16.0,1751964622_PT_IMPORT_VAL_US$_H.xlsx,PT_IMPORT_VALUS$_2014-15,16.0,2026-08-21T15:32:19.493991+00:00,1.0
2014-10-01,2014,2014-15,October,ATF#,EXPORT,2511.1161827940005,408.727536164724,PPAC,1751964598_PT_IMPORT_VAL_RS.CRS._H.xlsx,PT_IMPORT_VALRS_H_2014-15,29.0,1751964622_PT_IMPORT_VAL_US$_H.xlsx,PT_IMPORT_VALUS$_2014-15,29.0,2026-08-21T15:32:19.493991+00:00,1.0
2014-10-01,2014,2014-15,October,Bitumen,EXPORT,13.5866011,2.2219524663710466,PPAC,1751964598_PT_IMPORT_VAL_RS.CRS._H.xlsx,PT_IMPORT_VALRS_H_2014-15,35.0,1751964622_PT_IMPORT_VAL_US$_H.xlsx,PT_IMPORT_VALUS$_2014-15,35.0,2026-08-21T15:32:19.493991+00:00,1.0
2014-10-01,2014,2014-15,October,Bitumen,IMPORT,99.2476459,16.02319113658379,PPAC,1751964598_PT_IMPORT_VAL_RS.CRS._H.xlsx,PT_IMPORT_VALRS_H_2014-15,21.0,1751964622_PT_IMPORT_VAL_US$_H.xlsx,PT_IMPORT_VALUS$_2014-15,21.0,2026-08-21T15:32:19.493991+00:00,1.0
2014-10-01,2014,2014-15,October,CRUDE OIL,IMPORT,61793.60077644211,10051.235871887577,PPAC,1751964598_PT_IMPORT_VAL_RS.CRS._H.xlsx,PT_IMPORT_VALRS_H_2014-15,11.0,1751964622_PT_IMPORT_VAL_US$_H.xlsx,PT_IMPORT_VALUS$_2014-15,11.0,2026-08-21T15:32:19.493991+00:00,1.0
2014-10-01,2014,2014-15,October,Fuel Oil,EXPORT,1138.7058318260001,181.8179574859365,PPAC,1751964598_PT_IMPORT_VAL_RS.CRS._H.xlsx,PT_IMPORT_VALRS_H_2014-15,34.0,1751964622_PT_IMPORT_VAL_US$_H.xlsx,PT_IMPORT_VALUS$_2014-15,34.0,2026-08-21T15:32:19.493991+00:00,1.0
2014-10-01,2014,2014-15,October,Fuel Oil,IMPORT,46.8970895,7.5713738295124315,PPAC,1751964598_PT_IMPORT_VAL_RS.CRS._H.xlsx,PT_IMPORT_VALRS_H_2014-15,20.0,1751964622_PT_IMPORT_VAL_US$_H.xlsx,PT_IMPORT_VALUS$_2014-15,20.0,2026-08-21T15:32:19.493991+00:00,1.0
2014-10-01,2014,2014-15,October,HSD,EXPORT,12807.301253768057,2085.5948863431586,PPAC,1751964598_PT_IMPORT_VAL_RS.CRS._H.xlsx,PT_IMPORT_VALRS_H_2014-15,31.0,1751964622_PT_IMPORT_VAL_US$_H.xlsx,PT_IMPORT_VALUS$_2014-15,31.0,2026-08-21T15:32:19.493991+00:00,1.0
2014-10-01,2014,2014-15,October,HSD,IMPORT,56.427879,9.110087019696481,PPAC,1751964598_PT_IMPORT_VAL_RS.CRS._H.xlsx,PT_IMPORT_VALRS_H_2014-15,18.0,1751964622_PT_IMPORT_VAL_US$_H.xlsx,PT_IMPORT_VALUS$_2014-15,18.0,2026-08-21T15:32:19.493991+00:00,1.0
2014-10-01,2014,2014-15,October,LDO,EXPORT,0.0,0.0,PPAC,1751964598_PT_IMPORT_VAL_RS.CRS._H.xlsx,PT_IMPORT_VALRS_H_2014-15,32.0,1751964622_PT_IMPORT_VAL_US$_H.xlsx,PT_IMPORT_VALUS$_2014-15,32.0,2026-08-21T15:32:19.493991+00:00,1.0
2014-10-01,2014,2014-15,October,LOBS/ Lube Oil,EXPORT,6.8185573999999995,1.1132474364407996,PPAC,1751964598_PT_IMPORT_VAL_RS.CRS._H.xlsx,PT_IMPORT_VALRS_H_2014-15,33.0,1751964622_PT_IMPORT_VAL_US$_H.xlsx,PT_IMPORT_VALUS$_2014-15,33.0,2026-08-21T15:32:19.493991+00:00,1.0
2014-10-01,2014,2014-15,October,LOBS/ Lube oil,IMPORT,1142.4095372,184.4380912495964,PPAC,1751964598_PT_IMPORT_VAL_RS.CRS._H.xlsx,PT_IMPORT_VALRS_H_2014-15,19.0,1751964622_PT_IMPORT_VAL_US$_H.xlsx,PT_IMPORT_VALUS$_2014-15,19.0,2026-08-21T15:32:19.493991+00:00,1.0
2014-10-01,2014,2014-15,October,LPG,EXPORT,114.05,18.412980303519536,PPAC,1751964598_PT_IMPORT_VAL_RS.CRS._H.xlsx,PT_IMPORT_VALRS_H_2014-15,26.0,1751964622_PT_IMPORT_VAL_US$_H.xlsx,PT_IMPORT_VALUS$_2014-15,26.0,2026-08-21T15:32:19.493991+00:00,1.0
2014-10-01,2014,2014-15,October,LPG,IMPORT,3482.645224085367,563.964273463218,PPAC,1751964598_PT_IMPORT_VAL_RS.CRS._H.xlsx,PT_IMPORT_VALRS_H_2014-15,13.0,1751964622_PT_IMPORT_VAL_US$_H.xlsx,PT_IMPORT_VALUS$_2014-15,13.0,2026-08-21T15:32:19.493991+00:00,1.0
2014-10-01,2014,2014-15,October,MS,IMPORT,221.693369904,35.7895922,PPAC,1751964598_PT_IMPORT_VAL_RS.CRS._H.xlsx,PT_IMPORT_VALRS_H_2014-15,14.0,1751964622_PT_IMPORT_VAL_US$_H.xlsx,PT_IMPORT_VALUS$_2014-15,14.0,2026-08-21T15:32:19.493991+00:00,1.0
2014-10-01,2014,2014-15,October,MS!,EXPORT,7245.806400677142,1180.4668635797577,PPAC,1751964598_PT_IMPORT_VAL_RS.CRS._H.xlsx,PT_IMPORT_VALRS_H_2014-15,27.0,1751964622_PT_IMPORT_VAL_US$_H.xlsx,PT_IMPORT_VALUS$_2014-15,27.0,2026-08-21T15:32:19.493991+00:00,1.0
2014-10-01,2014,2014-15,October,Naphtha,EXPORT,2318.0932267430917,376.87699883133115,PPAC,1751964598_PT_IMPORT_VAL_RS.CRS._H.xlsx,PT_IMPORT_VALRS_H_2014-15,28.0,1751964622_PT_IMPORT_VAL_US$_H.xlsx,PT_IMPORT_VALUS$_2014-15,28.0,2026-08-21T15:32:19.493991+00:00,1.0
2014-10-01,2014,2014-15,October,Naphtha,IMPORT,0.0,0.0,PPAC,1751964598_PT_IMPORT_VAL_RS.CRS._H.xlsx,PT_IMPORT_VALRS_H_2014-15,15.0,1751964622_PT_IMPORT_VAL_US$_H.xlsx,PT_IMPORT_VALUS$_2014-15,15.0,2026-08-21T15:32:19.493991+00:00,1.0
2014-10-01,2014,2014-15,October,Others,EXPORT,,269.53981442091845,PPAC,,,,1751964622_PT_IMPORT_VAL_US$_H.xlsx,PT_IMPORT_VALUS$_2014-15,36.0,,
2014-10-01,2014,2014-15,October,Others%,EXPORT,1652.4945354960655,,PPAC,1751964598_PT_IMPORT_VAL_RS.CRS._H.xlsx,PT_IMPORT_VALRS_H_2014-15,36.0,,,,2026-08-21T15:32:19.493991+00:00,1.0
2014-10-01,2014,2014-15,October,Others&,IMPORT,813.0766022314689,131.26836856319156,PPAC,1751964598_PT_IMPORT_VAL_RS.CRS._H.xlsx,PT_IMPORT_VALRS_H_2014-15,22.0,1751964622_PT_IMPORT_VAL_US$_H.xlsx,PT_IMPORT_VALUS$_2014-15,22.0,2026-08-21T15:32:19.493991+00:00,1.0
2014-10-01,2014,2014-15,October,SKO,EXPORT,5.78,0.933161123668066,PPAC,1751964598_PT_IMPORT_VAL_RS.CRS._H.xlsx,PT_IMPORT_VALRS_H_2014-15,30.0,1751964622_PT_IMPORT_VAL_US$_H.xlsx,PT_IMPORT_VALUS$_2014-15,30.0,2026-08-21T15:32:19.493991+00:00,1.0
2014-10-01,2014,2014-15,October,SKO,IMPORT,0.0,0.0,PPAC,1751964598_PT_IMPORT_VAL_RS.CRS._H.xlsx,PT_IMPORT_VALRS_H_2014-15,17.0,1751964622_PT_IMPORT_VAL_US$_H.xlsx,PT_IMPORT_VALUS$_2014-15,17.0,2026-08-21T15:32:19.493991+00:00,1.0
2014-11-01,2014,2014-15,November,ATF,IMPORT,27.5711567,4.405041811791021,PPAC,1751964598_PT_IMPORT_VAL_RS.CRS._H.xlsx,PT_IMPORT_VALRS_H_2014-15,16.0,1751964622_PT_IMPORT_VAL_US$_H.xlsx,PT_IMPORT_VALUS$_2014-15,16.0,2026-08-21T15:32:19.493991+00:00,1.0
2014-11-01,2014,2014-15,November,ATF#,EXPORT,2609.809300168,422.8750341561912,PPAC,1751964598_PT_IMPORT_VAL_RS.CRS._H.xlsx,PT_IMPORT_VALRS_H_2014-15,29.0,1751964622_PT_IMPORT_VAL_US$_H.xlsx,PT_IMPORT_VALUS$_2014-15,29.0,2026-08-21T15:32:19.493991+00:00,1.0
2014-11-01,2014,2014-15,November,Bitumen,EXPORT,25.734002021000002,4.16115608675028,PPAC,1751964598_PT_IMPORT_VAL_RS.CRS._H.xlsx,PT_IMPORT_VALRS_H_2014-15,35.0,1751964622_PT_IMPORT_VAL_US$_H.xlsx,PT_IMPORT_VALUS$_2014-15,35.0,2026-08-21T15:32:19.493991+00:00,1.0
2014-11-01,2014,2014-15,November,Bitumen,IMPORT,184.8747118,29.537420003195397,PPAC,1751964598_PT_IMPORT_VAL_RS.CRS._H.xlsx,PT_IMPORT_VALRS_H_2014-15,21.0,1751964622_PT_IMPORT_VAL_US$_H.xlsx,PT_IMPORT_VALUS$_2014-15,21.0,2026-08-21T15:32:19.493991+00:00,1.0
2014-11-01,2014,2014-15,November,CRUDE OIL,IMPORT,50780.97207189315,8208.404415176914,PPAC,1751964598_PT_IMPORT_VAL_RS.CRS._H.xlsx,PT_IMPORT_VALRS_H_2014-15,11.0,1751964622_PT_IMPORT_VAL_US$_H.xlsx,PT_IMPORT_VALUS$_2014-15,11.0,2026-08-21T15:32:19.493991+00:00,1.0
2014-11-01,2014,2014-15,November,Fuel Oil,EXPORT,1125.1960377,179.98984453733533,PPAC,1751964598_PT_IMPORT_VAL_RS.CRS._H.xlsx,PT_IMPORT_VALRS_H_2014-15,34.0,1751964622_PT_IMPORT_VAL_US$_H.xlsx,PT_IMPORT_VALUS$_2014-15,34.0,2026-08-21T15:32:19.493991+00:00,1.0
2014-11-01,2014,2014-15,November,Fuel Oil,IMPORT,212.9913394,34.02961166320498,PPAC,1751964598_PT_IMPORT_VAL_RS.CRS._H.xlsx,PT_IMPORT_VALRS_H_2014-15,20.0,1751964622_PT_IMPORT_VAL_US$_H.xlsx,PT_IMPORT_VALUS$_2014-15,20.0,2026-08-21T15:32:19.493991+00:00,1.0
2014-11-01,2014,2014-15,November,HSD,EXPORT,11204.410636641607,1815.7661450308972,PPAC,1751964598_PT_IMPORT_VAL_RS.CRS._H.xlsx,PT_IMPORT_VALRS_H_2014-15,31.0,1751964622_PT_IMPORT_VAL_US$_H.xlsx,PT_IMPORT_VALUS$_2014-15,31.0,2026-08-21T15:32:19.493991+00:00,1.0
2014-11-01,2014,2014-15,November,HSD,IMPORT,57.3902163,9.169230915481705,PPAC,1751964598_PT_IMPORT_VAL_RS.CRS._H.xlsx,PT_IMPORT_VALRS_H_2014-15,18.0,1751964622_PT_IMPORT_VAL_US$_H.xlsx,PT_IMPORT_VALUS$_2014-15,18.0,2026-08-21T15:32:19.493991+00:00,1.0
2014-11-01,2014,2014-15,November,LDO,EXPORT,0.0,0.0,PPAC,1751964598_PT_IMPORT_VAL_RS.CRS._H.xlsx,PT_IMPORT_VALRS_H_2014-15,32.0,1751964622_PT_IMPORT_VAL_US$_H.xlsx,PT_IMPORT_VALUS$_2014-15,32.0,2026-08-21T15:32:19.493991+00:00,1.0
2014-11-01,2014,2014-15,November,LOBS/ Lube Oil,EXPORT,7.172115721999999,1.1576602874101294,PPAC,1751964598_PT_IMPORT_VAL_RS.CRS._H.xlsx,PT_IMPORT_VALRS_H_2014-15,33.0,1751964622_PT_IMPORT_VAL_US$_H.xlsx,PT_IMPORT_VALUS$_2014-15,33.0,2026-08-21T15:32:19.493991+00:00,1.0
2014-11-01,2014,2014-15,November,LOBS/ Lube oil,IMPORT,950.286271,151.82717223198594,PPAC,1751964598_PT_IMPORT_VAL_RS.CRS._H.xlsx,PT_IMPORT_VALRS_H_2014-15,19.0,1751964622_PT_IMPORT_VAL_US$_H.xlsx,PT_IMPORT_VALUS$_2014-15,19.0,2026-08-21T15:32:19.493991+00:00,1.0
2014-11-01,2014,2014-15,November,LPG,EXPORT,121.5,19.41204665281994,PPAC,1751964598_PT_IMPORT_VAL_RS.CRS._H.xlsx,PT_IMPORT_VALRS_H_2014-15,26.0,1751964622_PT_IMPORT_VAL_US$_H.xlsx,PT_IMPORT_VALUS$_2014-15,26.0,2026-08-21T15:32:19.493991+00:00,1.0
2014-11-01,2014,2014-15,November,LPG,IMPORT,2655.857343186188,425.9884698919285,PPAC,1751964598_PT_IMPORT_VAL_RS.CRS._H.xlsx,PT_IMPORT_VALRS_H_2014-15,13.0,1751964622_PT_IMPORT_VAL_US$_H.xlsx,PT_IMPORT_VALUS$_2014-15,13.0,2026-08-21T15:32:19.493991+00:00,1.0
2014-11-01,2014,2014-15,November,MS,IMPORT,82.681347783,13.20924033,PPAC,1751964598_PT_IMPORT_VAL_RS.CRS._H.xlsx,PT_IMPORT_VALRS_H_2014-15,14.0,1751964622_PT_IMPORT_VAL_US$_H.xlsx,PT_IMPORT_VALUS$_2014-15,14.0,2026-08-21T15:32:19.493991+00:00,1.0
2014-11-01,2014,2014-15,November,MS!,EXPORT,6217.772147563861,1007.7553837429305,PPAC,1751964598_PT_IMPORT_VAL_RS.CRS._H.xlsx,PT_IMPORT_VALRS_H_2014-15,27.0,1751964622_PT_IMPORT_VAL_US$_H.xlsx,PT_IMPORT_VALUS$_2014-15,27.0,2026-08-21T15:32:19.493991+00:00,1.0
2014-11-01,2014,2014-15,November,Naphtha,EXPORT,2980.7433007876753,478.2613413638784,PPAC,1751964598_PT_IMPORT_VAL_RS.CRS._H.xlsx,PT_IMPORT_VALRS_H_2014-15,28.0,1751964622_PT_IMPORT_VAL_US$_H.xlsx,PT_IMPORT_VALUS$_2014-15,28.0,2026-08-21T15:32:19.493991+00:00,1.0
2014-11-01,2014,2014-15,November,Naphtha,IMPORT,136.5039052,21.809219555839586,PPAC,1751964598_PT_IMPORT_VAL_RS.CRS._H.xlsx,PT_IMPORT_VALRS_H_2014-15,15.0,1751964622_PT_IMPORT_VAL_US$_H.xlsx,PT_IMPORT_VALUS$_2014-15,15.0,2026-08-21T15:32:19.493991+00:00,1.0
2014-11-01,2014,2014-15,November,Others,EXPORT,,201.2502927393043,PPAC,,,,1751964622_PT_IMPORT_VAL_US$_H.xlsx,PT_IMPORT_VALUS$_2014-15,36.0,,
2014-11-01,2014,2014-15,November,Others%,EXPORT,1241.0147993270039,,PPAC,1751964598_PT_IMPORT_VAL_RS.CRS._H.xlsx,PT_IMPORT_VALRS_H_2014-15,36.0,,,,2026-08-21T15:32:19.493991+00:00,1.0
2014-11-01,2014,2014-15,November,Others&,IMPORT,1513.1770579793836,241.9242100427751,PPAC,1751964598_PT_IMPORT_VAL_RS.CRS._H.xlsx,PT_IMPORT_VALRS_H_2014-15,22.0,1751964622_PT_IMPORT_VAL_US$_H.xlsx,PT_IMPORT_VALUS$_2014-15,22.0,2026-08-21T15:32:19.493991+00:00,1.0
2014-11-01,2014,2014-15,November,SKO,EXPORT,4.9,0.7828726633647547,PPAC,1751964598_PT_IMPORT_VAL_RS.CRS._H.xlsx,PT_IMPORT_VALRS_H_2014-15,30.0,1751964622_PT_IMPORT_VAL_US$_H.xlsx,PT_IMPORT_VALUS$_2014-15,30.0,2026-08-21T15:32:19.493991+00:00,1.0
2014-11-01,2014,2014-15,November,SKO,IMPORT,0.0,0.0,PPAC,1751964598_PT_IMPORT_VAL_RS.CRS._H.xlsx,PT_IMPORT_VALRS_H_2014-15,17.0,1751964622_PT_IMPORT_VAL_US$_H.xlsx,PT_IMPORT_VALUS$_2014-15,17.0,2026-08-21T15:32:19.493991+00:00,1.0
2014-12-01,2014,2014-15,December,ATF,IMPORT,69.362377,10.897466928515318,PPAC,1751964598_PT_IMPORT_VAL_RS.CRS._H.xlsx,PT_IMPORT_VALRS_H_2014-15,16.0,1751964622_PT_IMPORT_VAL_US$_H.xlsx,PT_IMPORT_VALUS$_2014-15,16.0,2026-08-21T15:32:19.493991+00:00,1.0
2014-12-01,2014,2014-15,December,ATF#,EXPORT,2332.4836734180003,370.96642437725063,PPAC,1751964598_PT_IMPORT_VAL_RS.CRS._H.xlsx,PT_IMPORT_VALRS_H_2014-15,29.0,1751964622_PT_IMPORT_VAL_US$_H.xlsx,PT_IMPORT_VALUS$_2014-15,29.0,2026-08-21T15:32:19.493991+00:00,1.0
2014-12-01,2014,2014-15,December,Bitumen,EXPORT,23.044105603,3.7520160000000002,PPAC,1751964598_PT_IMPORT_VAL_RS.CRS._H.xlsx,PT_IMPORT_VALRS_H_2014-15,35.0,1751964622_PT_IMPORT_VAL_US$_H.xlsx,PT_IMPORT_VALUS$_2014-15,35.0,2026-08-21T15:32:19.493991+00:00,1.0
2014-12-01,2014,2014-15,December,Bitumen,IMPORT,283.2733439,44.504845860172814,PPAC,1751964598_PT_IMPORT_VAL_RS.CRS._H.xlsx,PT_IMPORT_VALRS_H_2014-15,21.0,1751964622_PT_IMPORT_VAL_US$_H.xlsx,PT_IMPORT_VALUS$_2014-15,21.0,2026-08-21T15:32:19.493991+00:00,1.0
2014-12-01,2014,2014-15,December,CRUDE OIL,IMPORT,46633.33803560112,7478.544565617977,PPAC,1751964598_PT_IMPORT_VAL_RS.CRS._H.xlsx,PT_IMPORT_VALRS_H_2014-15,11.0,1751964622_PT_IMPORT_VAL_US$_H.xlsx,PT_IMPORT_VALUS$_2014-15,11.0,2026-08-21T15:32:19.493991+00:00,1.0
2014-12-01,2014,2014-15,December,Fuel Oil,EXPORT,1006.42775,159.01062733474578,PPAC,1751964598_PT_IMPORT_VAL_RS.CRS._H.xlsx,PT_IMPORT_VALRS_H_2014-15,34.0,1751964622_PT_IMPORT_VAL_US$_H.xlsx,PT_IMPORT_VALUS$_2014-15,34.0,2026-08-21T15:32:19.493991+00:00,1.0
2014-12-01,2014,2014-15,December,Fuel Oil,IMPORT,89.2514488,14.022222906520032,PPAC,1751964598_PT_IMPORT_VAL_RS.CRS._H.xlsx,PT_IMPORT_VALRS_H_2014-15,20.0,1751964622_PT_IMPORT_VAL_US$_H.xlsx,PT_IMPORT_VALUS$_2014-15,20.0,2026-08-21T15:32:19.493991+00:00,1.0
2014-12-01,2014,2014-15,December,HSD,EXPORT,8326.85322119,1325.4187099611704,PPAC,1751964598_PT_IMPORT_VAL_RS.CRS._H.xlsx,PT_IMPORT_VALRS_H_2014-15,31.0,1751964622_PT_IMPORT_VAL_US$_H.xlsx,PT_IMPORT_VALUS$_2014-15,31.0,2026-08-21T15:32:19.493991+00:00,1.0
2014-12-01,2014,2014-15,December,HSD,IMPORT,49.6109522,7.794336559308719,PPAC,1751964598_PT_IMPORT_VAL_RS.CRS._H.xlsx,PT_IMPORT_VALRS_H_2014-15,18.0,1751964622_PT_IMPORT_VAL_US$_H.xlsx,PT_IMPORT_VALUS$_2014-15,18.0,2026-08-21T15:32:19.493991+00:00,1.0
2014-12-01,2014,2014-15,December,LDO,EXPORT,0.0,0.0,PPAC,1751964598_PT_IMPORT_VAL_RS.CRS._H.xlsx,PT_IMPORT_VALRS_H_2014-15,32.0,1751964622_PT_IMPORT_VAL_US$_H.xlsx,PT_IMPORT_VALUS$_2014-15,32.0,2026-08-21T15:32:19.493991+00:00,1.0
2014-12-01,2014,2014-15,December,LOBS/ Lube Oil,EXPORT,7.800546769,1.2344726747839747,PPAC,1751964598_PT_IMPORT_VAL_RS.CRS._H.xlsx,PT_IMPORT_VALRS_H_2014-15,33.0,1751964622_PT_IMPORT_VAL_US$_H.xlsx,PT_IMPORT_VALUS$_2014-15,33.0,2026-08-21T15:32:19.493991+00:00,1.0
2014-12-01,2014,2014-15,December,LOBS/ Lube oil,IMPORT,754.4980348,118.53857577376277,PPAC,1751964598_PT_IMPORT_VAL_RS.CRS._H.xlsx,PT_IMPORT_VALRS_H_2014-15,19.0,1751964622_PT_IMPORT_VAL_US$_H.xlsx,PT_IMPORT_VALUS$_2014-15,19.0,2026-08-21T15:32:19.493991+00:00,1.0
2014-12-01,2014,2014-15,December,LPG,EXPORT,98.38,15.456402199528672,PPAC,1751964598_PT_IMPORT_VAL_RS.CRS._H.xlsx,PT_IMPORT_VALRS_H_2014-15,26.0,1751964622_PT_IMPORT_VAL_US$_H.xlsx,PT_IMPORT_VALUS$_2014-15,26.0,2026-08-21T15:32:19.493991+00:00,1.0
2014-12-01,2014,2014-15,December,LPG,IMPORT,3101.625064266255,490.2409894979344,PPAC,1751964598_PT_IMPORT_VAL_RS.CRS._H.xlsx,PT_IMPORT_VALRS_H_2014-15,13.0,1751964622_PT_IMPORT_VAL_US$_H.xlsx,PT_IMPORT_VALUS$_2014-15,13.0,2026-08-21T15:32:19.493991+00:00,1.0
2014-12-01,2014,2014-15,December,MS,IMPORT,0.0,0.0,PPAC,1751964598_PT_IMPORT_VAL_RS.CRS._H.xlsx,PT_IMPORT_VALRS_H_2014-15,14.0,1751964622_PT_IMPORT_VAL_US$_H.xlsx,PT_IMPORT_VALUS$_2014-15,14.0,2026-08-21T15:32:19.493991+00:00,1.0
2014-12-01,2014,2014-15,December,MS!,EXPORT,6277.372306651001,999.1647435520896,PPAC,1751964598_PT_IMPORT_VAL_RS.CRS._H.xlsx,PT_IMPORT_VALRS_H_2014-15,27.0,1751964622_PT_IMPORT_VAL_US$_H.xlsx,PT_IMPORT_VALUS$_2014-15,27.0,2026-08-21T15:32:19.493991+00:00,1.0
2014-12-01,2014,2014-15,December,Naphtha,EXPORT,1818.3499489416931,286.798171774906,PPAC,1751964598_PT_IMPORT_VAL_RS.CRS._H.xlsx,PT_IMPORT_VALRS_H_2014-15,28.0,1751964622_PT_IMPORT_VAL_US$_H.xlsx,PT_IMPORT_VALUS$_2014-15,28.0,2026-08-21T15:32:19.493991+00:00,1.0
2014-12-01,2014,2014-15,December,Naphtha,IMPORT,167.3562917,26.29321157894737,PPAC,1751964598_PT_IMPORT_VAL_RS.CRS._H.xlsx,PT_IMPORT_VALRS_H_2014-15,15.0,1751964622_PT_IMPORT_VAL_US$_H.xlsx,PT_IMPORT_VALUS$_2014-15,15.0,2026-08-21T15:32:19.493991+00:00,1.0
2014-12-01,2014,2014-15,December,Others,EXPORT,,205.11138502870335,PPAC,,,,1751964622_PT_IMPORT_VAL_US$_H.xlsx,PT_IMPORT_VALUS$_2014-15,36.0,,
2014-12-01,2014,2014-15,December,Others%,EXPORT,1293.889374663995,,PPAC,1751964598_PT_IMPORT_VAL_RS.CRS._H.xlsx,PT_IMPORT_VALRS_H_2014-15,36.0,,,,2026-08-21T15:32:19.493991+00:00,1.0
2014-12-01,2014,2014-15,December,Others&,IMPORT,729.1917406789656,114.56720576733278,PPAC,1751964598_PT_IMPORT_VAL_RS.CRS._H.xlsx,PT_IMPORT_VALRS_H_2014-15,22.0,1751964622_PT_IMPORT_VAL_US$_H.xlsx,PT_IMPORT_VALUS$_2014-15,22.0,2026-08-21T15:32:19.493991+00:00,1.0
2014-12-01,2014,2014-15,December,SKO,EXPORT,6.22,0.9772191673212882,PPAC,1751964598_PT_IMPORT_VAL_RS.CRS._H.xlsx,PT_IMPORT_VALRS_H_2014-15,30.0,1751964622_PT_IMPORT_VAL_US$_H.xlsx,PT_IMPORT_VALUS$_2014-15,30.0,2026-08-21T15:32:19.493991+00:00,1.0
2014-12-01,2014,2014-15,December,SKO,IMPORT,0.0,0.0,PPAC,1751964598_PT_IMPORT_VAL_RS.CRS._H.xlsx,PT_IMPORT_VALRS_H_2014-15,17.0,1751964622_PT_IMPORT_VAL_US$_H.xlsx,PT_IMPORT_VALUS$_2014-15,17.0,2026-08-21T15:32:19.493991+00:00,1.0
2015-01-01,2015,2014-15,January,ATF,IMPORT,72.3695483,11.603262514029183,PPAC,1751964598_PT_IMPORT_VAL_RS.CRS._H.xlsx,PT_IMPORT_VALRS_H_2014-15,16.0,1751964622_PT_IMPORT_VAL_US$_H.xlsx,PT_IMPORT_VALUS$_2014-15,16.0,2026-08-21T15:32:19.493991+00:00,1.0
2015-01-01,2015,2014-15,January,ATF#,EXPORT,1563.784027018,251.61922258258772,PPAC,1751964598_PT_IMPORT_VAL_RS.CRS._H.xlsx,PT_IMPORT_VALRS_H_2014-15,29.0,1751964622_PT_IMPORT_VAL_US$_H.xlsx,PT_IMPORT_VALUS$_2014-15,29.0,2026-08-21T15:32:19.493991+00:00,1.0
2015-01-01,2015,2014-15,January,Bitumen,EXPORT,15.786965835,2.5867509831569664,PPAC,1751964598_PT_IMPORT_VAL_RS.CRS._H.xlsx,PT_IMPORT_VALRS_H_2014-15,35.0,1751964622_PT_IMPORT_VAL_US$_H.xlsx,PT_IMPORT_VALUS$_2014-15,35.0,2026-08-21T15:32:19.493991+00:00,1.0
2015-01-01,2015,2014-15,January,Bitumen,IMPORT,149.073447,23.90146657046657,PPAC,1751964598_PT_IMPORT_VAL_RS.CRS._H.xlsx,PT_IMPORT_VALRS_H_2014-15,21.0,1751964622_PT_IMPORT_VAL_US$_H.xlsx,PT_IMPORT_VALUS$_2014-15,21.0,2026-08-21T15:32:19.493991+00:00,1.0
2015-01-01,2015,2014-15,January,CRUDE OIL,IMPORT,37561.51487450153,6027.951288820079,PPAC,1751964598_PT_IMPORT_VAL_RS.CRS._H.xlsx,PT_IMPORT_VALRS_H_2014-15,11.0,1751964622_PT_IMPORT_VAL_US$_H.xlsx,PT_IMPORT_VALUS$_2014-15,11.0,2026-08-21T15:32:19.493991+00:00,1.0
2015-01-01,2015,2014-15,January,Fuel Oil,EXPORT,582.1214356,94.23328880063588,PPAC,1751964598_PT_IMPORT_VAL_RS.CRS._H.xlsx,PT_IMPORT_VALRS_H_2014-15,34.0,1751964622_PT_IMPORT_VAL_US$_H.xlsx,PT_IMPORT_VALUS$_2014-15,34.0,2026-08-21T15:32:19.493991+00:00,1.0
2015-01-01,2015,2014-15,January,Fuel Oil,IMPORT,352.459655118,56.51072187595639,PPAC,1751964598_PT_IMPORT_VAL_RS.CRS._H.xlsx,PT_IMPORT_VALRS_H_2014-15,20.0,1751964622_PT_IMPORT_VAL_US$_H.xlsx,PT_IMPORT_VALUS$_2014-15,20.0,2026-08-21T15:32:19.493991+00:00,1.0
2015-01-01,2015,2014-15,January,HSD,EXPORT,5799.051859624001,932.2405716644429,PPAC,1751964598_PT_IMPORT_VAL_RS.CRS._H.xlsx,PT_IMPORT_VALRS_H_2014-15,31.0,1751964622_PT_IMPORT_VAL_US$_H.xlsx,PT_IMPORT_VALUS$_2014-15,31.0,2026-08-21T15:32:19.493991+00:00,1.0
2015-01-01,2015,2014-15,January,HSD,IMPORT,18.5957643,2.9815238576238574,PPAC,1751964598_PT_IMPORT_VAL_RS.CRS._H.xlsx,PT_IMPORT_VALRS_H_2014-15,18.0,1751964622_PT_IMPORT_VAL_US$_H.xlsx,PT_IMPORT_VALUS$_2014-15,18.0,2026-08-21T15:32:19.493991+00:00,1.0
2015-01-01,2015,2014-15,January,LDO,EXPORT,0.0,0.0,PPAC,1751964598_PT_IMPORT_VAL_RS.CRS._H.xlsx,PT_IMPORT_VALRS_H_2014-15,32.0,1751964622_PT_IMPORT_VAL_US$_H.xlsx,PT_IMPORT_VALUS$_2014-15,32.0,2026-08-21T15:32:19.493991+00:00,1.0
2015-01-01,2015,2014-15,January,LOBS/ Lube Oil,EXPORT,19.984858634,3.291233580737534,PPAC,1751964598_PT_IMPORT_VAL_RS.CRS._H.xlsx,PT_IMPORT_VALRS_H_2014-15,33.0,1751964622_PT_IMPORT_VAL_US$_H.xlsx,PT_IMPORT_VALUS$_2014-15,33.0,2026-08-21T15:32:19.493991+00:00,1.0
2015-01-01,2015,2014-15,January,LOBS/ Lube oil,IMPORT,552.1076949,88.52135560365559,PPAC,1751964598_PT_IMPORT_VAL_RS.CRS._H.xlsx,PT_IMPORT_VALRS_H_2014-15,19.0,1751964622_PT_IMPORT_VAL_US$_H.xlsx,PT_IMPORT_VALUS$_2014-15,19.0,2026-08-21T15:32:19.493991+00:00,1.0
2015-01-01,2015,2014-15,January,LPG,EXPORT,129.14,20.705467372134038,PPAC,1751964598_PT_IMPORT_VAL_RS.CRS._H.xlsx,PT_IMPORT_VALRS_H_2014-15,26.0,1751964622_PT_IMPORT_VAL_US$_H.xlsx,PT_IMPORT_VALUS$_2014-15,26.0,2026-08-21T15:32:19.493991+00:00,1.0
2015-01-01,2015,2014-15,January,LPG,IMPORT,2187.8528725430256,351.4934356732269,PPAC,1751964598_PT_IMPORT_VAL_RS.CRS._H.xlsx,PT_IMPORT_VALRS_H_2014-15,13.0,1751964622_PT_IMPORT_VAL_US$_H.xlsx,PT_IMPORT_VALUS$_2014-15,13.0,2026-08-21T15:32:19.493991+00:00,1.0
2015-01-01,2015,2014-15,January,MS,IMPORT,0.0,0.0,PPAC,1751964598_PT_IMPORT_VAL_RS.CRS._H.xlsx,PT_IMPORT_VALRS_H_2014-15,14.0,1751964622_PT_IMPORT_VAL_US$_H.xlsx,PT_IMPORT_VALUS$_2014-15,14.0,2026-08-21T15:32:19.493991+00:00,1.0
2015-01-01,2015,2014-15,January,MS!,EXPORT,4200.107721038999,675.762241686641,PPAC,1751964598_PT_IMPORT_VAL_RS.CRS._H.xlsx,PT_IMPORT_VALRS_H_2014-15,27.0,1751964622_PT_IMPORT_VAL_US$_H.xlsx,PT_IMPORT_VALUS$_2014-15,27.0,2026-08-21T15:32:19.493991+00:00,1.0
2015-01-01,2015,2014-15,January,Naphtha,EXPORT,1643.219248489585,262.3399132444668,PPAC,1751964598_PT_IMPORT_VAL_RS.CRS._H.xlsx,PT_IMPORT_VALRS_H_2014-15,28.0,1751964622_PT_IMPORT_VAL_US$_H.xlsx,PT_IMPORT_VALUS$_2014-15,28.0,2026-08-21T15:32:19.493991+00:00,1.0
2015-01-01,2015,2014-15,January,Naphtha,IMPORT,230.56246729100002,36.966605888491266,PPAC,1751964598_PT_IMPORT_VAL_RS.CRS._H.xlsx,PT_IMPORT_VALRS_H_2014-15,15.0,1751964622_PT_IMPORT_VAL_US$_H.xlsx,PT_IMPORT_VALUS$_2014-15,15.0,2026-08-21T15:32:19.493991+00:00,1.0
2015-01-01,2015,2014-15,January,Others,EXPORT,,130.42806669552556,PPAC,,,,1751964622_PT_IMPORT_VAL_US$_H.xlsx,PT_IMPORT_VALUS$_2014-15,36.0,,
2015-01-01,2015,2014-15,January,Others%,EXPORT,812.0516374869985,,PPAC,1751964598_PT_IMPORT_VAL_RS.CRS._H.xlsx,PT_IMPORT_VALRS_H_2014-15,36.0,,,,2026-08-21T15:32:19.493991+00:00,1.0
2015-01-01,2015,2014-15,January,Others&,IMPORT,835.4293686408965,134.0242232579166,PPAC,1751964598_PT_IMPORT_VAL_RS.CRS._H.xlsx,PT_IMPORT_VALRS_H_2014-15,22.0,1751964622_PT_IMPORT_VAL_US$_H.xlsx,PT_IMPORT_VALUS$_2014-15,22.0,2026-08-21T15:32:19.493991+00:00,1.0
2015-01-01,2015,2014-15,January,SKO,EXPORT,8.63,1.3836780503447172,PPAC,1751964598_PT_IMPORT_VAL_RS.CRS._H.xlsx,PT_IMPORT_VALRS_H_2014-15,30.0,1751964622_PT_IMPORT_VAL_US$_H.xlsx,PT_IMPORT_VALUS$_2014-15,30.0,2026-08-21T15:32:19.493991+00:00,1.0
2015-01-01,2015,2014-15,January,SKO,IMPORT,0.0,0.0,PPAC,1751964598_PT_IMPORT_VAL_RS.CRS._H.xlsx,PT_IMPORT_VALRS_H_2014-15,17.0,1751964622_PT_IMPORT_VAL_US$_H.xlsx,PT_IMPORT_VALUS$_2014-15,17.0,2026-08-21T15:32:19.493991+00:00,1.0
2015-02-01,2015,2014-15,February,ATF,IMPORT,39.158876,6.281138079931219,PPAC,1751964598_PT_IMPORT_VAL_RS.CRS._H.xlsx,PT_IMPORT_VALRS_H_2014-15,16.0,1751964622_PT_IMPORT_VAL_US$_H.xlsx,PT_IMPORT_VALUS$_2014-15,16.0,2026-08-21T15:32:19.493991+00:00,1.0
2015-02-01,2015,2014-15,February,ATF#,EXPORT,1718.041006052,276.8497178041073,PPAC,1751964598_PT_IMPORT_VAL_RS.CRS._H.xlsx,PT_IMPORT_VALRS_H_2014-15,29.0,1751964622_PT_IMPORT_VAL_US$_H.xlsx,PT_IMPORT_VALUS$_2014-15,29.0,2026-08-21T15:32:19.493991+00:00,1.0
2015-02-01,2015,2014-15,February,Bitumen,EXPORT,13.814476895999999,2.2609893410715434,PPAC,1751964598_PT_IMPORT_VAL_RS.CRS._H.xlsx,PT_IMPORT_VALRS_H_2014-15,35.0,1751964622_PT_IMPORT_VAL_US$_H.xlsx,PT_IMPORT_VALUS$_2014-15,35.0,2026-08-21T15:32:19.493991+00:00,1.0
2015-02-01,2015,2014-15,February,Bitumen,IMPORT,159.781063,25.629104350727257,PPAC,1751964598_PT_IMPORT_VAL_RS.CRS._H.xlsx,PT_IMPORT_VALRS_H_2014-15,21.0,1751964622_PT_IMPORT_VAL_US$_H.xlsx,PT_IMPORT_VALUS$_2014-15,21.0,2026-08-21T15:32:19.493991+00:00,1.0
2015-02-01,2015,2014-15,February,CRUDE OIL,IMPORT,29836.440506354862,4796.874752322686,PPAC,1751964598_PT_IMPORT_VAL_RS.CRS._H.xlsx,PT_IMPORT_VALRS_H_2014-15,11.0,1751964622_PT_IMPORT_VAL_US$_H.xlsx,PT_IMPORT_VALUS$_2014-15,11.0,2026-08-21T15:32:19.493991+00:00,1.0
2015-02-01,2015,2014-15,February,Fuel Oil,EXPORT,333.5152251,53.13138897846834,PPAC,1751964598_PT_IMPORT_VAL_RS.CRS._H.xlsx,PT_IMPORT_VALRS_H_2014-15,34.0,1751964622_PT_IMPORT_VAL_US$_H.xlsx,PT_IMPORT_VALUS$_2014-15,34.0,2026-08-21T15:32:19.493991+00:00,1.0
2015-02-01,2015,2014-15,February,Fuel Oil,IMPORT,124.544147897,19.977058542277444,PPAC,1751964598_PT_IMPORT_VAL_RS.CRS._H.xlsx,PT_IMPORT_VALRS_H_2014-15,20.0,1751964622_PT_IMPORT_VAL_US$_H.xlsx,PT_IMPORT_VALUS$_2014-15,20.0,2026-08-21T15:32:19.493991+00:00,1.0
2015-02-01,2015,2014-15,February,HSD,EXPORT,7139.434774447,1151.1444777339577,PPAC,1751964598_PT_IMPORT_VAL_RS.CRS._H.xlsx,PT_IMPORT_VALRS_H_2014-15,31.0,1751964622_PT_IMPORT_VAL_US$_H.xlsx,PT_IMPORT_VALUS$_2014-15,31.0,2026-08-21T15:32:19.493991+00:00,1.0
2015-02-01,2015,2014-15,February,HSD,IMPORT,37.592841,6.029943891594325,PPAC,1751964598_PT_IMPORT_VAL_RS.CRS._H.xlsx,PT_IMPORT_VALRS_H_2014-15,18.0,1751964622_PT_IMPORT_VAL_US$_H.xlsx,PT_IMPORT_VALUS$_2014-15,18.0,2026-08-21T15:32:19.493991+00:00,1.0
2015-02-01,2015,2014-15,February,LDO,EXPORT,0.0,0.0,PPAC,1751964598_PT_IMPORT_VAL_RS.CRS._H.xlsx,PT_IMPORT_VALRS_H_2014-15,32.0,1751964622_PT_IMPORT_VAL_US$_H.xlsx,PT_IMPORT_VALUS$_2014-15,32.0,2026-08-21T15:32:19.493991+00:00,1.0
2015-02-01,2015,2014-15,February,LOBS/ Lube Oil,EXPORT,6.378182913,1.0272104498235481,PPAC,1751964598_PT_IMPORT_VAL_RS.CRS._H.xlsx,PT_IMPORT_VALRS_H_2014-15,33.0,1751964622_PT_IMPORT_VAL_US$_H.xlsx,PT_IMPORT_VALUS$_2014-15,33.0,2026-08-21T15:32:19.493991+00:00,1.0
2015-02-01,2015,2014-15,February,LOBS/ Lube oil,IMPORT,735.7609706,118.0170812400952,PPAC,1751964598_PT_IMPORT_VAL_RS.CRS._H.xlsx,PT_IMPORT_VALRS_H_2014-15,19.0,1751964622_PT_IMPORT_VAL_US$_H.xlsx,PT_IMPORT_VALUS$_2014-15,19.0,2026-08-21T15:32:19.493991+00:00,1.0
2015-02-01,2015,2014-15,February,LPG,EXPORT,109.8,17.612072450099127,PPAC,1751964598_PT_IMPORT_VAL_RS.CRS._H.xlsx,PT_IMPORT_VALRS_H_2014-15,26.0,1751964622_PT_IMPORT_VAL_US$_H.xlsx,PT_IMPORT_VALUS$_2014-15,26.0,2026-08-21T15:32:19.493991+00:00,1.0
2015-02-01,2015,2014-15,February,LPG,IMPORT,1977.7077305236223,317.57659710764057,PPAC,1751964598_PT_IMPORT_VAL_RS.CRS._H.xlsx,PT_IMPORT_VALRS_H_2014-15,13.0,1751964622_PT_IMPORT_VAL_US$_H.xlsx,PT_IMPORT_VALUS$_2014-15,13.0,2026-08-21T15:32:19.493991+00:00,1.0
2015-02-01,2015,2014-15,February,MS,IMPORT,0.0,0.0,PPAC,1751964598_PT_IMPORT_VAL_RS.CRS._H.xlsx,PT_IMPORT_VALRS_H_2014-15,14.0,1751964622_PT_IMPORT_VAL_US$_H.xlsx,PT_IMPORT_VALUS$_2014-15,14.0,2026-08-21T15:32:19.493991+00:00,1.0
2015-02-01,2015,2014-15,February,MS!,EXPORT,4776.060576686,769.6872816848751,PPAC,1751964598_PT_IMPORT_VAL_RS.CRS._H.xlsx,PT_IMPORT_VALRS_H_2014-15,27.0,1751964622_PT_IMPORT_VAL_US$_H.xlsx,PT_IMPORT_VALUS$_2014-15,27.0,2026-08-21T15:32:19.493991+00:00,1.0
2015-02-01,2015,2014-15,February,Naphtha,EXPORT,1227.5797949124458,197.96262689145297,PPAC,1751964598_PT_IMPORT_VAL_RS.CRS._H.xlsx,PT_IMPORT_VALRS_H_2014-15,28.0,1751964622_PT_IMPORT_VAL_US$_H.xlsx,PT_IMPORT_VALUS$_2014-15,28.0,2026-08-21T15:32:19.493991+00:00,1.0
2015-02-01,2015,2014-15,February,Naphtha,IMPORT,438.1445311752831,70.44807419296606,PPAC,1751964598_PT_IMPORT_VAL_RS.CRS._H.xlsx,PT_IMPORT_VALRS_H_2014-15,15.0,1751964622_PT_IMPORT_VAL_US$_H.xlsx,PT_IMPORT_VALUS$_2014-15,15.0,2026-08-21T15:32:19.493991+00:00,1.0
2015-02-01,2015,2014-15,February,Others,EXPORT,,148.60768639782464,PPAC,,,,1751964622_PT_IMPORT_VAL_US$_H.xlsx,PT_IMPORT_VALUS$_2014-15,36.0,,
2015-02-01,2015,2014-15,February,Others%,EXPORT,920.2118342170015,,PPAC,1751964598_PT_IMPORT_VAL_RS.CRS._H.xlsx,PT_IMPORT_VALRS_H_2014-15,36.0,,,,2026-08-21T15:32:19.493991+00:00,1.0
2015-02-01,2015,2014-15,February,Others&,IMPORT,848.5290465133357,136.112377208069,PPAC,1751964598_PT_IMPORT_VAL_RS.CRS._H.xlsx,PT_IMPORT_VALRS_H_2014-15,22.0,1751964622_PT_IMPORT_VAL_US$_H.xlsx,PT_IMPORT_VALUS$_2014-15,22.0,2026-08-21T15:32:19.493991+00:00,1.0
2015-02-01,2015,2014-15,February,SKO,EXPORT,8.0,1.2832111074753463,PPAC,1751964598_PT_IMPORT_VAL_RS.CRS._H.xlsx,PT_IMPORT_VALRS_H_2014-15,30.0,1751964622_PT_IMPORT_VAL_US$_H.xlsx,PT_IMPORT_VALUS$_2014-15,30.0,2026-08-21T15:32:19.493991+00:00,1.0
2015-02-01,2015,2014-15,February,SKO,IMPORT,0.0,0.0,PPAC,1751964598_PT_IMPORT_VAL_RS.CRS._H.xlsx,PT_IMPORT_VALRS_H_2014-15,17.0,1751964622_PT_IMPORT_VAL_US$_H.xlsx,PT_IMPORT_VALUS$_2014-15,17.0,2026-08-21T15:32:19.493991+00:00,1.0
2015-03-01,2015,2014-15,March,ATF,IMPORT,81.2465135,12.94558851179095,PPAC,1751964598_PT_IMPORT_VAL_RS.CRS._H.xlsx,PT_IMPORT_VALRS_H_2014-15,16.0,1751964622_PT_IMPORT_VAL_US$_H.xlsx,PT_IMPORT_VALUS$_2014-15,16.0,2026-08-21T15:32:19.493991+00:00,1.0
2015-03-01,2015,2014-15,March,ATF#,EXPORT,1943.535313385,311.21957552775655,PPAC,1751964598_PT_IMPORT_VAL_RS.CRS._H.xlsx,PT_IMPORT_VALRS_H_2014-15,29.0,1751964622_PT_IMPORT_VAL_US$_H.xlsx,PT_IMPORT_VALUS$_2014-15,29.0,2026-08-21T15:32:19.493991+00:00,1.0
2015-03-01,2015,2014-15,March,Bitumen,EXPORT,25.676575417,4.090895756934353,PPAC,1751964598_PT_IMPORT_VAL_RS.CRS._H.xlsx,PT_IMPORT_VALRS_H_2014-15,35.0,1751964622_PT_IMPORT_VAL_US$_H.xlsx,PT_IMPORT_VALUS$_2014-15,35.0,2026-08-21T15:32:19.493991+00:00,1.0
2015-03-01,2015,2014-15,March,Bitumen,IMPORT,195.3539301,31.12713991395794,PPAC,1751964598_PT_IMPORT_VAL_RS.CRS._H.xlsx,PT_IMPORT_VALRS_H_2014-15,21.0,1751964622_PT_IMPORT_VAL_US$_H.xlsx,PT_IMPORT_VALUS$_2014-15,21.0,2026-08-21T15:32:19.493991+00:00,1.0
2015-03-01,2015,2014-15,March,CRUDE OIL,IMPORT,38274.23790549372,6128.7255427162345,PPAC,1751964598_PT_IMPORT_VAL_RS.CRS._H.xlsx,PT_IMPORT_VALRS_H_2014-15,11.0,1751964622_PT_IMPORT_VAL_US$_H.xlsx,PT_IMPORT_VALUS$_2014-15,11.0,2026-08-21T15:32:19.493991+00:00,1.0
2015-03-01,2015,2014-15,March,Fuel Oil,EXPORT,728.5811872594401,116.20631005812618,PPAC,1751964598_PT_IMPORT_VAL_RS.CRS._H.xlsx,PT_IMPORT_VALRS_H_2014-15,34.0,1751964622_PT_IMPORT_VAL_US$_H.xlsx,PT_IMPORT_VALUS$_2014-15,34.0,2026-08-21T15:32:19.493991+00:00,1.0
2015-03-01,2015,2014-15,March,Fuel Oil,IMPORT,138.4911738,22.067222880178463,PPAC,1751964598_PT_IMPORT_VAL_RS.CRS._H.xlsx,PT_IMPORT_VALRS_H_2014-15,20.0,1751964622_PT_IMPORT_VAL_US$_H.xlsx,PT_IMPORT_VALUS$_2014-15,20.0,2026-08-21T15:32:19.493991+00:00,1.0
2015-03-01,2015,2014-15,March,HSD,EXPORT,6091.556096570002,975.2465736053155,PPAC,1751964598_PT_IMPORT_VAL_RS.CRS._H.xlsx,PT_IMPORT_VALRS_H_2014-15,31.0,1751964622_PT_IMPORT_VAL_US$_H.xlsx,PT_IMPORT_VALUS$_2014-15,31.0,2026-08-21T15:32:19.493991+00:00,1.0
2015-03-01,2015,2014-15,March,HSD,IMPORT,67.7269877,10.791425701083492,PPAC,1751964598_PT_IMPORT_VAL_RS.CRS._H.xlsx,PT_IMPORT_VALRS_H_2014-15,18.0,1751964622_PT_IMPORT_VAL_US$_H.xlsx,PT_IMPORT_VALUS$_2014-15,18.0,2026-08-21T15:32:19.493991+00:00,1.0
2015-03-01,2015,2014-15,March,LDO,EXPORT,0.0,0.0,PPAC,1751964598_PT_IMPORT_VAL_RS.CRS._H.xlsx,PT_IMPORT_VALRS_H_2014-15,32.0,1751964622_PT_IMPORT_VAL_US$_H.xlsx,PT_IMPORT_VALUS$_2014-15,32.0,2026-08-21T15:32:19.493991+00:00,1.0
2015-03-01,2015,2014-15,March,LOBS/ Lube Oil,EXPORT,8.457054287,1.3537485602931802,PPAC,1751964598_PT_IMPORT_VAL_RS.CRS._H.xlsx,PT_IMPORT_VALRS_H_2014-15,33.0,1751964622_PT_IMPORT_VAL_US$_H.xlsx,PT_IMPORT_VALUS$_2014-15,33.0,2026-08-21T15:32:19.493991+00:00,1.0
2015-03-01,2015,2014-15,March,LOBS/ Lube oil,IMPORT,797.5533104,127.07987737412365,PPAC,1751964598_PT_IMPORT_VAL_RS.CRS._H.xlsx,PT_IMPORT_VALRS_H_2014-15,19.0,1751964622_PT_IMPORT_VAL_US$_H.xlsx,PT_IMPORT_VALUS$_2014-15,19.0,2026-08-21T15:32:19.493991+00:00,1.0
2015-03-01,2015,2014-15,March,LPG,EXPORT,118.28,18.846398980242192,PPAC,1751964598_PT_IMPORT_VAL_RS.CRS._H.xlsx,PT_IMPORT_VALRS_H_2014-15,26.0,1751964622_PT_IMPORT_VAL_US$_H.xlsx,PT_IMPORT_VALUS$_2014-15,26.0,2026-08-21T15:32:19.493991+00:00,1.0
2015-03-01,2015,2014-15,March,LPG,IMPORT,2720.2253383,434.1348258546845,PPAC,1751964598_PT_IMPORT_VAL_RS.CRS._H.xlsx,PT_IMPORT_VALRS_H_2014-15,13.0,1751964622_PT_IMPORT_VAL_US$_H.xlsx,PT_IMPORT_VALUS$_2014-15,13.0,2026-08-21T15:32:19.493991+00:00,1.0
2015-03-01,2015,2014-15,March,MS,IMPORT,186.48,29.71107,PPAC,1751964598_PT_IMPORT_VAL_RS.CRS._H.xlsx,PT_IMPORT_VALRS_H_2014-15,14.0,1751964622_PT_IMPORT_VAL_US$_H.xlsx,PT_IMPORT_VALUS$_2014-15,14.0,2026-08-21T15:32:19.493991+00:00,1.0
2015-03-01,2015,2014-15,March,MS!,EXPORT,4114.16862835,659.463909107183,PPAC,1751964598_PT_IMPORT_VAL_RS.CRS._H.xlsx,PT_IMPORT_VALRS_H_2014-15,27.0,1751964622_PT_IMPORT_VAL_US$_H.xlsx,PT_IMPORT_VALUS$_2014-15,27.0,2026-08-21T15:32:19.493991+00:00,1.0
2015-03-01,2015,2014-15,March,Naphtha,EXPORT,1533.8635165058963,245.12667236604034,PPAC,1751964598_PT_IMPORT_VAL_RS.CRS._H.xlsx,PT_IMPORT_VALRS_H_2014-15,28.0,1751964622_PT_IMPORT_VAL_US$_H.xlsx,PT_IMPORT_VALUS$_2014-15,28.0,2026-08-21T15:32:19.493991+00:00,1.0
2015-03-01,2015,2014-15,March,Naphtha,IMPORT,1120.9356224408539,178.84910210255137,PPAC,1751964598_PT_IMPORT_VAL_RS.CRS._H.xlsx,PT_IMPORT_VALRS_H_2014-15,15.0,1751964622_PT_IMPORT_VAL_US$_H.xlsx,PT_IMPORT_VALUS$_2014-15,15.0,2026-08-21T15:32:19.493991+00:00,1.0
2015-03-01,2015,2014-15,March,Others,EXPORT,,230.61992803929752,PPAC,,,,1751964622_PT_IMPORT_VAL_US$_H.xlsx,PT_IMPORT_VALUS$_2014-15,36.0,,
2015-03-01,2015,2014-15,March,Others%,EXPORT,1439.036230782849,,PPAC,1751964598_PT_IMPORT_VAL_RS.CRS._H.xlsx,PT_IMPORT_VALRS_H_2014-15,36.0,,,,2026-08-21T15:32:19.493991+00:00,1.0
2015-03-01,2015,2014-15,March,Others&,IMPORT,878.3572909274255,140.01705613812527,PPAC,1751964598_PT_IMPORT_VAL_RS.CRS._H.xlsx,PT_IMPORT_VALRS_H_2014-15,22.0,1751964622_PT_IMPORT_VAL_US$_H.xlsx,PT_IMPORT_VALUS$_2014-15,22.0,2026-08-21T15:32:19.493991+00:00,1.0
2015-03-01,2015,2014-15,March,SKO,EXPORT,7.35,1.1711281070745698,PPAC,1751964598_PT_IMPORT_VAL_RS.CRS._H.xlsx,PT_IMPORT_VALRS_H_2014-15,30.0,1751964622_PT_IMPORT_VAL_US$_H.xlsx,PT_IMPORT_VALUS$_2014-15,30.0,2026-08-21T15:32:19.493991+00:00,1.0
2015-03-01,2015,2014-15,March,SKO,IMPORT,0.0,0.0,PPAC,1751964598_PT_IMPORT_VAL_RS.CRS._H.xlsx,PT_IMPORT_VALRS_H_2014-15,17.0,1751964622_PT_IMPORT_VAL_US$_H.xlsx,PT_IMPORT_VALUS$_2014-15,17.0,2026-08-21T15:32:19.493991+00:00,1.0
2015-04-01,2015,2015-16,April,ATF,IMPORT,74.7845988,11.66140633089038,PPAC,1751964598_PT_IMPORT_VAL_RS.CRS._H.xlsx,PT_IMPORT_VALRS_H_2015-16,16.0,1751964622_PT_IMPORT_VAL_US$_H.xlsx,PT_IMPORT_VAL$_2015-16,16.0,2026-08-21T15:32:19.478292+00:00,1.0
2015-04-01,2015,2015-16,April,ATF#,EXPORT,549.53380272,87.84875814166693,PPAC,1751964598_PT_IMPORT_VAL_RS.CRS._H.xlsx,PT_IMPORT_VALRS_H_2015-16,29.0,1751964622_PT_IMPORT_VAL_US$_H.xlsx,PT_IMPORT_VAL$_2015-16,29.0,2026-08-21T15:32:19.478292+00:00,1.0
2015-04-01,2015,2015-16,April,Bitumen,EXPORT,13.807772181,2.26356921,PPAC,1751964598_PT_IMPORT_VAL_RS.CRS._H.xlsx,PT_IMPORT_VALRS_H_2015-16,35.0,1751964622_PT_IMPORT_VAL_US$_H.xlsx,PT_IMPORT_VAL$_2015-16,35.0,2026-08-21T15:32:19.478292+00:00,1.0
2015-04-01,2015,2015-16,April,Bitumen,IMPORT,211.0528261,32.91015532512085,PPAC,1751964598_PT_IMPORT_VAL_RS.CRS._H.xlsx,PT_IMPORT_VALRS_H_2015-16,21.0,1751964622_PT_IMPORT_VAL_US$_H.xlsx,PT_IMPORT_VAL$_2015-16,21.0,2026-08-21T15:32:19.478292+00:00,1.0
2015-04-01,2015,2015-16,April,CRUDE OIL,IMPORT,39216.378385684075,6245.280107014814,PPAC,1751964598_PT_IMPORT_VAL_RS.CRS._H.xlsx,PT_IMPORT_VALRS_H_2015-16,11.0,1751964622_PT_IMPORT_VAL_US$_H.xlsx,PT_IMPORT_VAL$_2015-16,11.0,2026-08-21T15:32:19.478292+00:00,1.0
2015-04-01,2015,2015-16,April,Fuel Oil,EXPORT,726.7642320959867,114.98552908393991,PPAC,1751964598_PT_IMPORT_VAL_RS.CRS._H.xlsx,PT_IMPORT_VALRS_H_2015-16,34.0,1751964622_PT_IMPORT_VAL_US$_H.xlsx,PT_IMPORT_VAL$_2015-16,34.0,2026-08-21T15:32:19.478292+00:00,1.0
2015-04-01,2015,2015-16,April,Fuel Oil,IMPORT,94.8535792,14.79082788086699,PPAC,1751964598_PT_IMPORT_VAL_RS.CRS._H.xlsx,PT_IMPORT_VALRS_H_2015-16,20.0,1751964622_PT_IMPORT_VAL_US$_H.xlsx,PT_IMPORT_VAL$_2015-16,20.0,2026-08-21T15:32:19.478292+00:00,1.0
2015-04-01,2015,2015-16,April,HSD,EXPORT,4851.8690817140005,770.1090690987235,PPAC,1751964598_PT_IMPORT_VAL_RS.CRS._H.xlsx,PT_IMPORT_VALRS_H_2015-16,31.0,1751964622_PT_IMPORT_VAL_US$_H.xlsx,PT_IMPORT_VAL$_2015-16,31.0,2026-08-21T15:32:19.478292+00:00,1.0
2015-04-01,2015,2015-16,April,HSD,IMPORT,6.5849442,1.0268118197411509,PPAC,1751964598_PT_IMPORT_VAL_RS.CRS._H.xlsx,PT_IMPORT_VALRS_H_2015-16,18.0,1751964622_PT_IMPORT_VAL_US$_H.xlsx,PT_IMPORT_VAL$_2015-16,18.0,2026-08-21T15:32:19.478292+00:00,1.0
2015-04-01,2015,2015-16,April,LDO,EXPORT,0.0,0.0,PPAC,1751964598_PT_IMPORT_VAL_RS.CRS._H.xlsx,PT_IMPORT_VALRS_H_2015-16,32.0,1751964622_PT_IMPORT_VAL_US$_H.xlsx,PT_IMPORT_VAL$_2015-16,32.0,2026-08-21T15:32:19.478292+00:00,1.0
2015-04-01,2015,2015-16,April,LOBS/ Lube Oil,EXPORT,20.34968482,3.3143397193014197,PPAC,1751964598_PT_IMPORT_VAL_RS.CRS._H.xlsx,PT_IMPORT_VALRS_H_2015-16,33.0,1751964622_PT_IMPORT_VAL_US$_H.xlsx,PT_IMPORT_VAL$_2015-16,33.0,2026-08-21T15:32:19.478292+00:00,1.0
2015-04-01,2015,2015-16,April,LOBS/ Lube oil,IMPORT,928.4469524,144.77584181192577,PPAC,1751964598_PT_IMPORT_VAL_RS.CRS._H.xlsx,PT_IMPORT_VALRS_H_2015-16,19.0,1751964622_PT_IMPORT_VAL_US$_H.xlsx,PT_IMPORT_VAL$_2015-16,19.0,2026-08-21T15:32:19.478292+00:00,1.0
2015-04-01,2015,2015-16,April,LPG,EXPORT,,15.969125214408233,PPAC,,,,1751964622_PT_IMPORT_VAL_US$_H.xlsx,PT_IMPORT_VAL$_2015-16,26.0,,
2015-04-01,2015,2015-16,April,LPG,IMPORT,2224.846872867471,348.8297613249247,PPAC,1751964598_PT_IMPORT_VAL_RS.CRS._H.xlsx,PT_IMPORT_VALRS_H_2015-16,13.0,1751964622_PT_IMPORT_VAL_US$_H.xlsx,PT_IMPORT_VAL$_2015-16,13.0,2026-08-21T15:32:19.478292+00:00,1.0
2015-04-01,2015,2015-16,April,MS,IMPORT,517.3976756691425,80.67490810580983,PPAC,1751964598_PT_IMPORT_VAL_RS.CRS._H.xlsx,PT_IMPORT_VALRS_H_2015-16,14.0,1751964622_PT_IMPORT_VAL_US$_H.xlsx,PT_IMPORT_VAL$_2015-16,14.0,2026-08-21T15:32:19.478292+00:00,1.0
2015-04-01,2015,2015-16,April,MS!,EXPORT,3796.9353954549997,605.1108927889011,PPAC,1751964598_PT_IMPORT_VAL_RS.CRS._H.xlsx,PT_IMPORT_VALRS_H_2015-16,27.0,1751964622_PT_IMPORT_VAL_US$_H.xlsx,PT_IMPORT_VAL$_2015-16,27.0,2026-08-21T15:32:19.478292+00:00,1.0
2015-04-01,2015,2015-16,April,Naphtha,EXPORT,1929.8844972366019,308.149028070903,PPAC,1751964598_PT_IMPORT_VAL_RS.CRS._H.xlsx,PT_IMPORT_VALRS_H_2015-16,28.0,1751964622_PT_IMPORT_VAL_US$_H.xlsx,PT_IMPORT_VAL$_2015-16,28.0,2026-08-21T15:32:19.478292+00:00,1.0
2015-04-01,2015,2015-16,April,Naphtha,IMPORT,519.1714118797909,81.37004853244558,PPAC,1751964598_PT_IMPORT_VAL_RS.CRS._H.xlsx,PT_IMPORT_VALRS_H_2015-16,15.0,1751964622_PT_IMPORT_VAL_US$_H.xlsx,PT_IMPORT_VAL$_2015-16,15.0,2026-08-21T15:32:19.478292+00:00,1.0
2015-04-01,2015,2015-16,April,Others,EXPORT,,127.96666052903379,PPAC,,,,1751964622_PT_IMPORT_VAL_US$_H.xlsx,PT_IMPORT_VAL$_2015-16,36.0,,
2015-04-01,2015,2015-16,April,Others%,EXPORT,802.5609678105848,,PPAC,1751964598_PT_IMPORT_VAL_RS.CRS._H.xlsx,PT_IMPORT_VALRS_H_2015-16,36.0,,,,2026-08-21T15:32:19.478292+00:00,1.0
2015-04-01,2015,2015-16,April,Others&,IMPORT,781.0420974768695,121.79042318443635,PPAC,1751964598_PT_IMPORT_VAL_RS.CRS._H.xlsx,PT_IMPORT_VALRS_H_2015-16,22.0,1751964622_PT_IMPORT_VAL_US$_H.xlsx,PT_IMPORT_VAL$_2015-16,22.0,2026-08-21T15:32:19.478292+00:00,1.0
2015-04-01,2015,2015-16,April,SKO,EXPORT,3.83,0.5972243879619523,PPAC,1751964598_PT_IMPORT_VAL_RS.CRS._H.xlsx,PT_IMPORT_VALRS_H_2015-16,30.0,1751964622_PT_IMPORT_VAL_US$_H.xlsx,PT_IMPORT_VAL$_2015-16,30.0,2026-08-21T15:32:19.478292+00:00,1.0
2015-04-01,2015,2015-16,April,SKO,IMPORT,131.84443909240588,20.55776148256436,PPAC,1751964598_PT_IMPORT_VAL_RS.CRS._H.xlsx,PT_IMPORT_VALRS_H_2015-16,17.0,1751964622_PT_IMPORT_VAL_US$_H.xlsx,PT_IMPORT_VAL$_2015-16,17.0,2026-08-21T15:32:19.478292+00:00,1.0
2015-05-01,2015,2015-16,May,ATF,IMPORT,24.6087835,3.8331438473520247,PPAC,1751964598_PT_IMPORT_VAL_RS.CRS._H.xlsx,PT_IMPORT_VALRS_H_2015-16,16.0,1751964622_PT_IMPORT_VAL_US$_H.xlsx,PT_IMPORT_VAL$_2015-16,16.0,2026-08-21T15:32:19.478292+00:00,1.0
2015-05-01,2015,2015-16,May,ATF#,EXPORT,992.80158252,155.85796876168223,PPAC,1751964598_PT_IMPORT_VAL_RS.CRS._H.xlsx,PT_IMPORT_VALRS_H_2015-16,29.0,1751964622_PT_IMPORT_VAL_US$_H.xlsx,PT_IMPORT_VAL$_2015-16,29.0,2026-08-21T15:32:19.478292+00:00,1.0
2015-05-01,2015,2015-16,May,Bitumen,EXPORT,21.509355721,3.4729487969158876,PPAC,1751964598_PT_IMPORT_VAL_RS.CRS._H.xlsx,PT_IMPORT_VALRS_H_2015-16,35.0,1751964622_PT_IMPORT_VAL_US$_H.xlsx,PT_IMPORT_VAL$_2015-16,35.0,2026-08-21T15:32:19.478292+00:00,1.0
2015-05-01,2015,2015-16,May,Bitumen,IMPORT,224.0913616,34.90519651090342,PPAC,1751964598_PT_IMPORT_VAL_RS.CRS._H.xlsx,PT_IMPORT_VALRS_H_2015-16,21.0,1751964622_PT_IMPORT_VAL_US$_H.xlsx,PT_IMPORT_VAL$_2015-16,21.0,2026-08-21T15:32:19.478292+00:00,1.0
2015-05-01,2015,2015-16,May,CRUDE OIL,IMPORT,48052.27290362389,7559.368397177095,PPAC,1751964598_PT_IMPORT_VAL_RS.CRS._H.xlsx,PT_IMPORT_VALRS_H_2015-16,11.0,1751964622_PT_IMPORT_VAL_US$_H.xlsx,PT_IMPORT_VAL$_2015-16,11.0,2026-08-21T15:32:19.478292+00:00,1.0
2015-05-01,2015,2015-16,May,Fuel Oil,EXPORT,1130.9194370031328,176.79559595914458,PPAC,1751964598_PT_IMPORT_VAL_RS.CRS._H.xlsx,PT_IMPORT_VALRS_H_2015-16,34.0,1751964622_PT_IMPORT_VAL_US$_H.xlsx,PT_IMPORT_VAL$_2015-16,34.0,2026-08-21T15:32:19.478292+00:00,1.0
2015-05-01,2015,2015-16,May,Fuel Oil,IMPORT,138.564294487,21.702550724890965,PPAC,1751964598_PT_IMPORT_VAL_RS.CRS._H.xlsx,PT_IMPORT_VALRS_H_2015-16,20.0,1751964622_PT_IMPORT_VAL_US$_H.xlsx,PT_IMPORT_VAL$_2015-16,20.0,2026-08-21T15:32:19.478292+00:00,1.0
2015-05-01,2015,2015-16,May,HSD,EXPORT,5700.238522977,894.2518239010093,PPAC,1751964598_PT_IMPORT_VAL_RS.CRS._H.xlsx,PT_IMPORT_VALRS_H_2015-16,31.0,1751964622_PT_IMPORT_VAL_US$_H.xlsx,PT_IMPORT_VAL$_2015-16,31.0,2026-08-21T15:32:19.478292+00:00,1.0
2015-05-01,2015,2015-16,May,HSD,IMPORT,2.3142457,0.36047440809968845,PPAC,1751964598_PT_IMPORT_VAL_RS.CRS._H.xlsx,PT_IMPORT_VALRS_H_2015-16,18.0,1751964622_PT_IMPORT_VAL_US$_H.xlsx,PT_IMPORT_VAL$_2015-16,18.0,2026-08-21T15:32:19.478292+00:00,1.0
2015-05-01,2015,2015-16,May,LDO,EXPORT,0.0,0.0,PPAC,1751964598_PT_IMPORT_VAL_RS.CRS._H.xlsx,PT_IMPORT_VALRS_H_2015-16,32.0,1751964622_PT_IMPORT_VAL_US$_H.xlsx,PT_IMPORT_VAL$_2015-16,32.0,2026-08-21T15:32:19.478292+00:00,1.0
2015-05-01,2015,2015-16,May,LOBS/ Lube Oil,EXPORT,7.276321619,1.1407893165109035,PPAC,1751964598_PT_IMPORT_VAL_RS.CRS._H.xlsx,PT_IMPORT_VALRS_H_2015-16,33.0,1751964622_PT_IMPORT_VAL_US$_H.xlsx,PT_IMPORT_VAL$_2015-16,33.0,2026-08-21T15:32:19.478292+00:00,1.0
2015-05-01,2015,2015-16,May,LOBS/ Lube oil,IMPORT,715.3949499,111.43223475389408,PPAC,1751964598_PT_IMPORT_VAL_RS.CRS._H.xlsx,PT_IMPORT_VALRS_H_2015-16,19.0,1751964622_PT_IMPORT_VAL_US$_H.xlsx,PT_IMPORT_VAL$_2015-16,19.0,2026-08-21T15:32:19.478292+00:00,1.0
2015-05-01,2015,2015-16,May,LPG,EXPORT,,12.753894080996883,PPAC,,,,1751964622_PT_IMPORT_VAL_US$_H.xlsx,PT_IMPORT_VAL$_2015-16,26.0,,
2015-05-01,2015,2015-16,May,LPG,IMPORT,2648.9057153069566,413.3003449538584,PPAC,1751964598_PT_IMPORT_VAL_RS.CRS._H.xlsx,PT_IMPORT_VALRS_H_2015-16,13.0,1751964622_PT_IMPORT_VAL_US$_H.xlsx,PT_IMPORT_VAL$_2015-16,13.0,2026-08-21T15:32:19.478292+00:00,1.0
2015-05-01,2015,2015-16,May,MS,IMPORT,745.55,116.32459655381538,PPAC,1751964598_PT_IMPORT_VAL_RS.CRS._H.xlsx,PT_IMPORT_VALRS_H_2015-16,14.0,1751964622_PT_IMPORT_VAL_US$_H.xlsx,PT_IMPORT_VAL$_2015-16,14.0,2026-08-21T15:32:19.478292+00:00,1.0
2015-05-01,2015,2015-16,May,MS!,EXPORT,6089.451913532001,955.3491904721525,PPAC,1751964598_PT_IMPORT_VAL_RS.CRS._H.xlsx,PT_IMPORT_VALRS_H_2015-16,27.0,1751964622_PT_IMPORT_VAL_US$_H.xlsx,PT_IMPORT_VAL$_2015-16,27.0,2026-08-21T15:32:19.478292+00:00,1.0
2015-05-01,2015,2015-16,May,Naphtha,EXPORT,1763.0769001467013,276.513875390455,PPAC,1751964598_PT_IMPORT_VAL_RS.CRS._H.xlsx,PT_IMPORT_VALRS_H_2015-16,28.0,1751964622_PT_IMPORT_VAL_US$_H.xlsx,PT_IMPORT_VAL$_2015-16,28.0,2026-08-21T15:32:19.478292+00:00,1.0
2015-05-01,2015,2015-16,May,Naphtha,IMPORT,1393.489937575257,217.42195694033762,PPAC,1751964598_PT_IMPORT_VAL_RS.CRS._H.xlsx,PT_IMPORT_VALRS_H_2015-16,15.0,1751964622_PT_IMPORT_VAL_US$_H.xlsx,PT_IMPORT_VAL$_2015-16,15.0,2026-08-21T15:32:19.478292+00:00,1.0
2015-05-01,2015,2015-16,May,Others,EXPORT,,190.36802688466196,PPAC,,,,1751964622_PT_IMPORT_VAL_US$_H.xlsx,PT_IMPORT_VAL$_2015-16,36.0,,
2015-05-01,2015,2015-16,May,Others%,EXPORT,1214.1439840800977,,PPAC,1751964598_PT_IMPORT_VAL_RS.CRS._H.xlsx,PT_IMPORT_VALRS_H_2015-16,36.0,,,,2026-08-21T15:32:19.478292+00:00,1.0
2015-05-01,2015,2015-16,May,Others&,IMPORT,922.6209340000005,143.7104258566976,PPAC,1751964598_PT_IMPORT_VAL_RS.CRS._H.xlsx,PT_IMPORT_VALRS_H_2015-16,22.0,1751964622_PT_IMPORT_VAL_US$_H.xlsx,PT_IMPORT_VAL$_2015-16,22.0,2026-08-21T15:32:19.478292+00:00,1.0
2015-05-01,2015,2015-16,May,SKO,EXPORT,4.3,0.6697819314641744,PPAC,1751964598_PT_IMPORT_VAL_RS.CRS._H.xlsx,PT_IMPORT_VALRS_H_2015-16,30.0,1751964622_PT_IMPORT_VAL_US$_H.xlsx,PT_IMPORT_VAL$_2015-16,30.0,2026-08-21T15:32:19.478292+00:00,1.0
2015-05-01,2015,2015-16,May,SKO,IMPORT,0.0,0.0,PPAC,1751964598_PT_IMPORT_VAL_RS.CRS._H.xlsx,PT_IMPORT_VALRS_H_2015-16,17.0,1751964622_PT_IMPORT_VAL_US$_H.xlsx,PT_IMPORT_VAL$_2015-16,17.0,2026-08-21T15:32:19.478292+00:00,1.0
2015-06-01,2015,2015-16,June,ATF,IMPORT,143.07363067400001,22.3373776947541,PPAC,1751964598_PT_IMPORT_VAL_RS.CRS._H.xlsx,PT_IMPORT_VALRS_H_2015-16,16.0,1751964622_PT_IMPORT_VAL_US$_H.xlsx,PT_IMPORT_VAL$_2015-16,16.0,2026-08-21T15:32:19.478292+00:00,1.0
2015-06-01,2015,2015-16,June,ATF#,EXPORT,1425.1324908400002,223.13306401044497,PPAC,1751964598_PT_IMPORT_VAL_RS.CRS._H.xlsx,PT_IMPORT_VALRS_H_2015-16,29.0,1751964622_PT_IMPORT_VAL_US$_H.xlsx,PT_IMPORT_VAL$_2015-16,29.0,2026-08-21T15:32:19.478292+00:00,1.0
2015-06-01,2015,2015-16,June,Bitumen,EXPORT,16.928410317,2.7695645531381734,PPAC,1751964598_PT_IMPORT_VAL_RS.CRS._H.xlsx,PT_IMPORT_VALRS_H_2015-16,35.0,1751964622_PT_IMPORT_VAL_US$_H.xlsx,PT_IMPORT_VAL$_2015-16,35.0,2026-08-21T15:32:19.478292+00:00,1.0
2015-06-01,2015,2015-16,June,Bitumen,IMPORT,198.5937949,31.00605697111632,PPAC,1751964598_PT_IMPORT_VAL_RS.CRS._H.xlsx,PT_IMPORT_VALRS_H_2015-16,21.0,1751964622_PT_IMPORT_VAL_US$_H.xlsx,PT_IMPORT_VAL$_2015-16,21.0,2026-08-21T15:32:19.478292+00:00,1.0
2015-06-01,2015,2015-16,June,CRUDE OIL,IMPORT,42815.80045826938,6703.627482862945,PPAC,1751964598_PT_IMPORT_VAL_RS.CRS._H.xlsx,PT_IMPORT_VALRS_H_2015-16,11.0,1751964622_PT_IMPORT_VAL_US$_H.xlsx,PT_IMPORT_VAL$_2015-16,11.0,2026-08-21T15:32:19.478292+00:00,1.0
2015-06-01,2015,2015-16,June,Fuel Oil,EXPORT,280.15539042817227,43.74010779518693,PPAC,1751964598_PT_IMPORT_VAL_RS.CRS._H.xlsx,PT_IMPORT_VALRS_H_2015-16,34.0,1751964622_PT_IMPORT_VAL_US$_H.xlsx,PT_IMPORT_VAL$_2015-16,34.0,2026-08-21T15:32:19.478292+00:00,1.0
2015-06-01,2015,2015-16,June,Fuel Oil,IMPORT,693.1726899658713,108.62452991385413,PPAC,1751964598_PT_IMPORT_VAL_RS.CRS._H.xlsx,PT_IMPORT_VALRS_H_2015-16,20.0,1751964622_PT_IMPORT_VAL_US$_H.xlsx,PT_IMPORT_VAL$_2015-16,20.0,2026-08-21T15:32:19.478292+00:00,1.0
2015-06-01,2015,2015-16,June,HSD,EXPORT,6543.618485105271,1024.5501529646372,PPAC,1751964598_PT_IMPORT_VAL_RS.CRS._H.xlsx,PT_IMPORT_VALRS_H_2015-16,31.0,1751964622_PT_IMPORT_VAL_US$_H.xlsx,PT_IMPORT_VAL$_2015-16,31.0,2026-08-21T15:32:19.478292+00:00,1.0
2015-06-01,2015,2015-16,June,HSD,IMPORT,144.6880815,22.589864402810306,PPAC,1751964598_PT_IMPORT_VAL_RS.CRS._H.xlsx,PT_IMPORT_VALRS_H_2015-16,18.0,1751964622_PT_IMPORT_VAL_US$_H.xlsx,PT_IMPORT_VAL$_2015-16,18.0,2026-08-21T15:32:19.478292+00:00,1.0
2015-06-01,2015,2015-16,June,LDO,EXPORT,0.0,0.0,PPAC,1751964598_PT_IMPORT_VAL_RS.CRS._H.xlsx,PT_IMPORT_VALRS_H_2015-16,32.0,1751964622_PT_IMPORT_VAL_US$_H.xlsx,PT_IMPORT_VAL$_2015-16,32.0,2026-08-21T15:32:19.478292+00:00,1.0
2015-06-01,2015,2015-16,June,LOBS/ Lube Oil,EXPORT,19.447322173999996,3.1238370723341142,PPAC,1751964598_PT_IMPORT_VAL_RS.CRS._H.xlsx,PT_IMPORT_VALRS_H_2015-16,33.0,1751964622_PT_IMPORT_VAL_US$_H.xlsx,PT_IMPORT_VAL$_2015-16,33.0,2026-08-21T15:32:19.478292+00:00,1.0
2015-06-01,2015,2015-16,June,LOBS/ Lube oil,IMPORT,916.1261684,143.0329693052303,PPAC,1751964598_PT_IMPORT_VAL_RS.CRS._H.xlsx,PT_IMPORT_VALRS_H_2015-16,19.0,1751964622_PT_IMPORT_VAL_US$_H.xlsx,PT_IMPORT_VAL$_2015-16,19.0,2026-08-21T15:32:19.478292+00:00,1.0
2015-06-01,2015,2015-16,June,LPG,EXPORT,,13.814207650273225,PPAC,,,,1751964622_PT_IMPORT_VAL_US$_H.xlsx,PT_IMPORT_VAL$_2015-16,26.0,,
2015-06-01,2015,2015-16,June,LPG,IMPORT,1994.1906503208577,311.7840954535694,PPAC,1751964598_PT_IMPORT_VAL_RS.CRS._H.xlsx,PT_IMPORT_VALRS_H_2015-16,13.0,1751964622_PT_IMPORT_VAL_US$_H.xlsx,PT_IMPORT_VAL$_2015-16,13.0,2026-08-21T15:32:19.478292+00:00,1.0
2015-06-01,2015,2015-16,June,MS,IMPORT,840.8300914480001,131.51587583658397,PPAC,1751964598_PT_IMPORT_VAL_RS.CRS._H.xlsx,PT_IMPORT_VALRS_H_2015-16,14.0,1751964622_PT_IMPORT_VAL_US$_H.xlsx,PT_IMPORT_VAL$_2015-16,14.0,2026-08-21T15:32:19.478292+00:00,1.0
2015-06-01,2015,2015-16,June,MS!,EXPORT,6006.925365673729,940.9207629006714,PPAC,1751964598_PT_IMPORT_VAL_RS.CRS._H.xlsx,PT_IMPORT_VALRS_H_2015-16,27.0,1751964622_PT_IMPORT_VAL_US$_H.xlsx,PT_IMPORT_VAL$_2015-16,27.0,2026-08-21T15:32:19.478292+00:00,1.0
2015-06-01,2015,2015-16,June,Naphtha,EXPORT,2123.1475973263455,332.948376393808,PPAC,1751964598_PT_IMPORT_VAL_RS.CRS._H.xlsx,PT_IMPORT_VALRS_H_2015-16,28.0,1751964622_PT_IMPORT_VAL_US$_H.xlsx,PT_IMPORT_VAL$_2015-16,28.0,2026-08-21T15:32:19.478292+00:00,1.0
2015-06-01,2015,2015-16,June,Naphtha,IMPORT,1323.6603175723283,206.7084848896009,PPAC,1751964598_PT_IMPORT_VAL_RS.CRS._H.xlsx,PT_IMPORT_VALRS_H_2015-16,15.0,1751964622_PT_IMPORT_VAL_US$_H.xlsx,PT_IMPORT_VAL$_2015-16,15.0,2026-08-21T15:32:19.478292+00:00,1.0
2015-06-01,2015,2015-16,June,Others,EXPORT,,155.92424757311073,PPAC,,,,1751964622_PT_IMPORT_VAL_US$_H.xlsx,PT_IMPORT_VAL$_2015-16,36.0,,
2015-06-01,2015,2015-16,June,Others%,EXPORT,995.1444572859982,,PPAC,1751964598_PT_IMPORT_VAL_RS.CRS._H.xlsx,PT_IMPORT_VALRS_H_2015-16,36.0,,,,2026-08-21T15:32:19.478292+00:00,1.0
2015-06-01,2015,2015-16,June,Others&,IMPORT,903.7190351729096,141.15356113538974,PPAC,1751964598_PT_IMPORT_VAL_RS.CRS._H.xlsx,PT_IMPORT_VALRS_H_2015-16,22.0,1751964622_PT_IMPORT_VAL_US$_H.xlsx,PT_IMPORT_VAL$_2015-16,22.0,2026-08-21T15:32:19.478292+00:00,1.0
2015-06-01,2015,2015-16,June,SKO,EXPORT,4.75,0.741608118657299,PPAC,1751964598_PT_IMPORT_VAL_RS.CRS._H.xlsx,PT_IMPORT_VALRS_H_2015-16,30.0,1751964622_PT_IMPORT_VAL_US$_H.xlsx,PT_IMPORT_VAL$_2015-16,30.0,2026-08-21T15:32:19.478292+00:00,1.0
2015-06-01,2015,2015-16,June,SKO,IMPORT,26.276287235,4.102231,PPAC,1751964598_PT_IMPORT_VAL_RS.CRS._H.xlsx,PT_IMPORT_VALRS_H_2015-16,17.0,1751964622_PT_IMPORT_VAL_US$_H.xlsx,PT_IMPORT_VAL$_2015-16,17.0,2026-08-21T15:32:19.478292+00:00,1.0
2015-07-01,2015,2015-16,July,ATF,IMPORT,102.7865555,16.047861904761906,PPAC,1751964598_PT_IMPORT_VAL_RS.CRS._H.xlsx,PT_IMPORT_VALRS_H_2015-16,16.0,1751964622_PT_IMPORT_VAL_US$_H.xlsx,PT_IMPORT_VAL$_2015-16,16.0,2026-08-21T15:32:19.478292+00:00,1.0
2015-07-01,2015,2015-16,July,ATF#,EXPORT,1617.9188739585923,254.6059016460031,PPAC,1751964598_PT_IMPORT_VAL_RS.CRS._H.xlsx,PT_IMPORT_VALRS_H_2015-16,29.0,1751964622_PT_IMPORT_VAL_US$_H.xlsx,PT_IMPORT_VAL$_2015-16,29.0,2026-08-21T15:32:19.478292+00:00,1.0
2015-07-01,2015,2015-16,July,Bitumen,EXPORT,7.90538223,1.2959643,PPAC,1751964598_PT_IMPORT_VAL_RS.CRS._H.xlsx,PT_IMPORT_VALRS_H_2015-16,35.0,1751964622_PT_IMPORT_VAL_US$_H.xlsx,PT_IMPORT_VAL$_2015-16,35.0,2026-08-21T15:32:19.478292+00:00,1.0
2015-07-01,2015,2015-16,July,Bitumen,IMPORT,120.6822033,18.841874051522247,PPAC,1751964598_PT_IMPORT_VAL_RS.CRS._H.xlsx,PT_IMPORT_VALRS_H_2015-16,21.0,1751964622_PT_IMPORT_VAL_US$_H.xlsx,PT_IMPORT_VAL$_2015-16,21.0,2026-08-21T15:32:19.478292+00:00,1.0
2015-07-01,2015,2015-16,July,CRUDE OIL,IMPORT,45571.30988775144,7083.239222979242,PPAC,1751964598_PT_IMPORT_VAL_RS.CRS._H.xlsx,PT_IMPORT_VALRS_H_2015-16,11.0,1751964622_PT_IMPORT_VAL_US$_H.xlsx,PT_IMPORT_VAL$_2015-16,11.0,2026-08-21T15:32:19.478292+00:00,1.0
2015-07-01,2015,2015-16,July,Fuel Oil,EXPORT,295.98169600188044,46.33115472316635,PPAC,1751964598_PT_IMPORT_VAL_RS.CRS._H.xlsx,PT_IMPORT_VALRS_H_2015-16,34.0,1751964622_PT_IMPORT_VAL_US$_H.xlsx,PT_IMPORT_VAL$_2015-16,34.0,2026-08-21T15:32:19.478292+00:00,1.0
2015-07-01,2015,2015-16,July,Fuel Oil,IMPORT,121.960919422,19.041196372943016,PPAC,1751964598_PT_IMPORT_VAL_RS.CRS._H.xlsx,PT_IMPORT_VALRS_H_2015-16,20.0,1751964622_PT_IMPORT_VAL_US$_H.xlsx,PT_IMPORT_VAL$_2015-16,20.0,2026-08-21T15:32:19.478292+00:00,1.0
2015-07-01,2015,2015-16,July,HSD,EXPORT,6723.889667826139,1056.7135054584467,PPAC,1751964598_PT_IMPORT_VAL_RS.CRS._H.xlsx,PT_IMPORT_VALRS_H_2015-16,31.0,1751964622_PT_IMPORT_VAL_US$_H.xlsx,PT_IMPORT_VAL$_2015-16,31.0,2026-08-21T15:32:19.478292+00:00,1.0
2015-07-01,2015,2015-16,July,HSD,IMPORT,11.2246,1.752474629195941,PPAC,1751964598_PT_IMPORT_VAL_RS.CRS._H.xlsx,PT_IMPORT_VALRS_H_2015-16,18.0,1751964622_PT_IMPORT_VAL_US$_H.xlsx,PT_IMPORT_VAL$_2015-16,18.0,2026-08-21T15:32:19.478292+00:00,1.0
2015-07-01,2015,2015-16,July,LDO,EXPORT,0.0,0.0,PPAC,1751964598_PT_IMPORT_VAL_RS.CRS._H.xlsx,PT_IMPORT_VALRS_H_2015-16,32.0,1751964622_PT_IMPORT_VAL_US$_H.xlsx,PT_IMPORT_VAL$_2015-16,32.0,2026-08-21T15:32:19.478292+00:00,1.0
2015-07-01,2015,2015-16,July,LOBS/ Lube Oil,EXPORT,8.648310365,1.3544379523809524,PPAC,1751964598_PT_IMPORT_VAL_RS.CRS._H.xlsx,PT_IMPORT_VALRS_H_2015-16,33.0,1751964622_PT_IMPORT_VAL_US$_H.xlsx,PT_IMPORT_VAL$_2015-16,33.0,2026-08-21T15:32:19.478292+00:00,1.0
2015-07-01,2015,2015-16,July,LOBS/ Lube oil,IMPORT,875.8851705999999,136.72934863778295,PPAC,1751964598_PT_IMPORT_VAL_RS.CRS._H.xlsx,PT_IMPORT_VALRS_H_2015-16,19.0,1751964622_PT_IMPORT_VAL_US$_H.xlsx,PT_IMPORT_VAL$_2015-16,19.0,2026-08-21T15:32:19.478292+00:00,1.0
2015-07-01,2015,2015-16,July,LPG,EXPORT,,14.153005464480875,PPAC,,,,1751964622_PT_IMPORT_VAL_US$_H.xlsx,PT_IMPORT_VAL$_2015-16,26.0,,
2015-07-01,2015,2015-16,July,LPG,IMPORT,2098.145984440929,327.8551648239544,PPAC,1751964598_PT_IMPORT_VAL_RS.CRS._H.xlsx,PT_IMPORT_VALRS_H_2015-16,13.0,1751964622_PT_IMPORT_VAL_US$_H.xlsx,PT_IMPORT_VAL$_2015-16,13.0,2026-08-21T15:32:19.478292+00:00,1.0
2015-07-01,2015,2015-16,July,MS,IMPORT,568.3200118016969,88.72562363893687,PPAC,1751964598_PT_IMPORT_VAL_RS.CRS._H.xlsx,PT_IMPORT_VALRS_H_2015-16,14.0,1751964622_PT_IMPORT_VAL_US$_H.xlsx,PT_IMPORT_VAL$_2015-16,14.0,2026-08-21T15:32:19.478292+00:00,1.0
2015-07-01,2015,2015-16,July,MS!,EXPORT,5756.217874280269,904.6071074981577,PPAC,1751964598_PT_IMPORT_VAL_RS.CRS._H.xlsx,PT_IMPORT_VALRS_H_2015-16,27.0,1751964622_PT_IMPORT_VAL_US$_H.xlsx,PT_IMPORT_VAL$_2015-16,27.0,2026-08-21T15:32:19.478292+00:00,1.0
2015-07-01,2015,2015-16,July,Naphtha,EXPORT,2080.5417061821763,325.59776355889096,PPAC,1751964598_PT_IMPORT_VAL_RS.CRS._H.xlsx,PT_IMPORT_VALRS_H_2015-16,28.0,1751964622_PT_IMPORT_VAL_US$_H.xlsx,PT_IMPORT_VAL$_2015-16,28.0,2026-08-21T15:32:19.478292+00:00,1.0
2015-07-01,2015,2015-16,July,Naphtha,IMPORT,1288.5584179906436,201.4475871169645,PPAC,1751964598_PT_IMPORT_VAL_RS.CRS._H.xlsx,PT_IMPORT_VALRS_H_2015-16,15.0,1751964622_PT_IMPORT_VAL_US$_H.xlsx,PT_IMPORT_VAL$_2015-16,15.0,2026-08-21T15:32:19.478292+00:00,1.0
2015-07-01,2015,2015-16,July,Others,EXPORT,,132.4840857159793,PPAC,,,,1751964622_PT_IMPORT_VAL_US$_H.xlsx,PT_IMPORT_VAL$_2015-16,36.0,,
2015-07-01,2015,2015-16,July,Others%,EXPORT,844.0592982319977,,PPAC,1751964598_PT_IMPORT_VAL_RS.CRS._H.xlsx,PT_IMPORT_VALRS_H_2015-16,36.0,,,,2026-08-21T15:32:19.478292+00:00,1.0
2015-07-01,2015,2015-16,July,Others&,IMPORT,928.0591220269998,144.94447849473022,PPAC,1751964598_PT_IMPORT_VAL_RS.CRS._H.xlsx,PT_IMPORT_VALRS_H_2015-16,22.0,1751964622_PT_IMPORT_VAL_US$_H.xlsx,PT_IMPORT_VAL$_2015-16,22.0,2026-08-21T15:32:19.478292+00:00,1.0
2015-07-01,2015,2015-16,July,SKO,EXPORT,4.49,0.7010148321623733,PPAC,1751964598_PT_IMPORT_VAL_RS.CRS._H.xlsx,PT_IMPORT_VALRS_H_2015-16,30.0,1751964622_PT_IMPORT_VAL_US$_H.xlsx,PT_IMPORT_VAL$_2015-16,30.0,2026-08-21T15:32:19.478292+00:00,1.0
2015-07-01,2015,2015-16,July,SKO,IMPORT,0.0,0.0,PPAC,1751964598_PT_IMPORT_VAL_RS.CRS._H.xlsx,PT_IMPORT_VALRS_H_2015-16,17.0,1751964622_PT_IMPORT_VAL_US$_H.xlsx,PT_IMPORT_VAL$_2015-16,17.0,2026-08-21T15:32:19.478292+00:00,1.0
2015-08-01,2015,2015-16,August,ATF,IMPORT,69.8263799,10.476576129032258,PPAC,1751964598_PT_IMPORT_VAL_RS.CRS._H.xlsx,PT_IMPORT_VALRS_H_2015-16,16.0,1751964622_PT_IMPORT_VAL_US$_H.xlsx,PT_IMPORT_VAL$_2015-16,16.0,2026-08-21T15:32:19.478292+00:00,1.0
2015-08-01,2015,2015-16,August,ATF#,EXPORT,1712.2396360474077,262.7042013671793,PPAC,1751964598_PT_IMPORT_VAL_RS.CRS._H.xlsx,PT_IMPORT_VALRS_H_2015-16,29.0,1751964622_PT_IMPORT_VAL_US$_H.xlsx,PT_IMPORT_VAL$_2015-16,29.0,2026-08-21T15:32:19.478292+00:00,1.0
2015-08-01,2015,2015-16,August,Bitumen,EXPORT,28.833376400000002,3.25284261,PPAC,1751964598_PT_IMPORT_VAL_RS.CRS._H.xlsx,PT_IMPORT_VALRS_H_2015-16,35.0,1751964622_PT_IMPORT_VAL_US$_H.xlsx,PT_IMPORT_VAL$_2015-16,35.0,2026-08-21T15:32:19.478292+00:00,1.0
2015-08-01,2015,2015-16,August,Bitumen,IMPORT,89.4538749,13.421436594148537,PPAC,1751964598_PT_IMPORT_VAL_RS.CRS._H.xlsx,PT_IMPORT_VALRS_H_2015-16,21.0,1751964622_PT_IMPORT_VAL_US$_H.xlsx,PT_IMPORT_VAL$_2015-16,21.0,2026-08-21T15:32:19.478292+00:00,1.0
2015-08-01,2015,2015-16,August,CRUDE OIL,IMPORT,39024.211768270514,5992.1757637678365,PPAC,1751964598_PT_IMPORT_VAL_RS.CRS._H.xlsx,PT_IMPORT_VALRS_H_2015-16,11.0,1751964622_PT_IMPORT_VAL_US$_H.xlsx,PT_IMPORT_VAL$_2015-16,11.0,2026-08-21T15:32:19.478292+00:00,1.0
2015-08-01,2015,2015-16,August,Fuel Oil,EXPORT,421.275718602502,63.8780806767745,PPAC,1751964598_PT_IMPORT_VAL_RS.CRS._H.xlsx,PT_IMPORT_VALRS_H_2015-16,34.0,1751964622_PT_IMPORT_VAL_US$_H.xlsx,PT_IMPORT_VAL$_2015-16,34.0,2026-08-21T15:32:19.478292+00:00,1.0
2015-08-01,2015,2015-16,August,Fuel Oil,IMPORT,125.5775578,18.84069651492873,PPAC,1751964598_PT_IMPORT_VAL_RS.CRS._H.xlsx,PT_IMPORT_VALRS_H_2015-16,20.0,1751964622_PT_IMPORT_VAL_US$_H.xlsx,PT_IMPORT_VAL$_2015-16,20.0,2026-08-21T15:32:19.478292+00:00,1.0
2015-08-01,2015,2015-16,August,HSD,EXPORT,6758.9779884975915,1037.646180651703,PPAC,1751964598_PT_IMPORT_VAL_RS.CRS._H.xlsx,PT_IMPORT_VALRS_H_2015-16,31.0,1751964622_PT_IMPORT_VAL_US$_H.xlsx,PT_IMPORT_VAL$_2015-16,31.0,2026-08-21T15:32:19.478292+00:00,1.0
2015-08-01,2015,2015-16,August,HSD,IMPORT,2.7867064,0.41811048762190545,PPAC,1751964598_PT_IMPORT_VAL_RS.CRS._H.xlsx,PT_IMPORT_VALRS_H_2015-16,18.0,1751964622_PT_IMPORT_VAL_US$_H.xlsx,PT_IMPORT_VAL$_2015-16,18.0,2026-08-21T15:32:19.478292+00:00,1.0
2015-08-01,2015,2015-16,August,LDO,EXPORT,0.0,0.0,PPAC,1751964598_PT_IMPORT_VAL_RS.CRS._H.xlsx,PT_IMPORT_VALRS_H_2015-16,32.0,1751964622_PT_IMPORT_VAL_US$_H.xlsx,PT_IMPORT_VAL$_2015-16,32.0,2026-08-21T15:32:19.478292+00:00,1.0
2015-08-01,2015,2015-16,August,LOBS/ Lube Oil,EXPORT,7.029749735999999,1.0676450919729932,PPAC,1751964598_PT_IMPORT_VAL_RS.CRS._H.xlsx,PT_IMPORT_VALRS_H_2015-16,33.0,1751964622_PT_IMPORT_VAL_US$_H.xlsx,PT_IMPORT_VAL$_2015-16,33.0,2026-08-21T15:32:19.478292+00:00,1.0
2015-08-01,2015,2015-16,August,LOBS/ Lube oil,IMPORT,787.4705497,118.14430375468866,PPAC,1751964598_PT_IMPORT_VAL_RS.CRS._H.xlsx,PT_IMPORT_VALRS_H_2015-16,19.0,1751964622_PT_IMPORT_VAL_US$_H.xlsx,PT_IMPORT_VAL$_2015-16,19.0,2026-08-21T15:32:19.478292+00:00,1.0
2015-08-01,2015,2015-16,August,LPG,EXPORT,,11.479369842460615,PPAC,,,,1751964622_PT_IMPORT_VAL_US$_H.xlsx,PT_IMPORT_VAL$_2015-16,26.0,,
2015-08-01,2015,2015-16,August,LPG,IMPORT,2897.731913795264,437.4190009894155,PPAC,1751964598_PT_IMPORT_VAL_RS.CRS._H.xlsx,PT_IMPORT_VALRS_H_2015-16,13.0,1751964622_PT_IMPORT_VAL_US$_H.xlsx,PT_IMPORT_VAL$_2015-16,13.0,2026-08-21T15:32:19.478292+00:00,1.0
2015-08-01,2015,2015-16,August,MS,IMPORT,134.45,20.170682109999998,PPAC,1751964598_PT_IMPORT_VAL_RS.CRS._H.xlsx,PT_IMPORT_VALRS_H_2015-16,14.0,1751964622_PT_IMPORT_VAL_US$_H.xlsx,PT_IMPORT_VAL$_2015-16,14.0,2026-08-21T15:32:19.478292+00:00,1.0
2015-08-01,2015,2015-16,August,MS!,EXPORT,5383.728797535001,826.2455960548386,PPAC,1751964598_PT_IMPORT_VAL_RS.CRS._H.xlsx,PT_IMPORT_VALRS_H_2015-16,27.0,1751964622_PT_IMPORT_VAL_US$_H.xlsx,PT_IMPORT_VAL$_2015-16,27.0,2026-08-21T15:32:19.478292+00:00,1.0
2015-08-01,2015,2015-16,August,Naphtha,EXPORT,1805.9651435132714,274.92198969124706,PPAC,1751964598_PT_IMPORT_VAL_RS.CRS._H.xlsx,PT_IMPORT_VALRS_H_2015-16,28.0,1751964622_PT_IMPORT_VAL_US$_H.xlsx,PT_IMPORT_VAL$_2015-16,28.0,2026-08-21T15:32:19.478292+00:00,1.0
2015-08-01,2015,2015-16,August,Naphtha,IMPORT,956.9980370971975,144.142074648102,PPAC,1751964598_PT_IMPORT_VAL_RS.CRS._H.xlsx,PT_IMPORT_VALRS_H_2015-16,15.0,1751964622_PT_IMPORT_VAL_US$_H.xlsx,PT_IMPORT_VAL$_2015-16,15.0,2026-08-21T15:32:19.478292+00:00,1.0
2015-08-01,2015,2015-16,August,Others,EXPORT,,136.64641472217227,PPAC,,,,1751964622_PT_IMPORT_VAL_US$_H.xlsx,PT_IMPORT_VAL$_2015-16,36.0,,
2015-08-01,2015,2015-16,August,Others%,EXPORT,892.3261545840032,,PPAC,1751964598_PT_IMPORT_VAL_RS.CRS._H.xlsx,PT_IMPORT_VALRS_H_2015-16,36.0,,,,2026-08-21T15:32:19.478292+00:00,1.0
2015-08-01,2015,2015-16,August,Others&,IMPORT,1020.2691618999997,153.4670323503002,PPAC,1751964598_PT_IMPORT_VAL_RS.CRS._H.xlsx,PT_IMPORT_VALRS_H_2015-16,22.0,1751964622_PT_IMPORT_VAL_US$_H.xlsx,PT_IMPORT_VAL$_2015-16,22.0,2026-08-21T15:32:19.478292+00:00,1.0
2015-08-01,2015,2015-16,August,SKO,EXPORT,2.72,0.4081020255063766,PPAC,1751964598_PT_IMPORT_VAL_RS.CRS._H.xlsx,PT_IMPORT_VALRS_H_2015-16,30.0,1751964622_PT_IMPORT_VAL_US$_H.xlsx,PT_IMPORT_VAL$_2015-16,30.0,2026-08-21T15:32:19.478292+00:00,1.0
2015-08-01,2015,2015-16,August,SKO,IMPORT,0.0,0.0,PPAC,1751964598_PT_IMPORT_VAL_RS.CRS._H.xlsx,PT_IMPORT_VALRS_H_2015-16,17.0,1751964622_PT_IMPORT_VAL_US$_H.xlsx,PT_IMPORT_VAL$_2015-16,17.0,2026-08-21T15:32:19.478292+00:00,1.0
2015-09-01,2015,2015-16,September,ATF,IMPORT,70.7925133,10.722889018479249,PPAC,1751964598_PT_IMPORT_VAL_RS.CRS._H.xlsx,PT_IMPORT_VALRS_H_2015-16,16.0,1751964622_PT_IMPORT_VAL_US$_H.xlsx,PT_IMPORT_VAL$_2015-16,16.0,2026-08-21T15:32:19.478292+00:00,1.0
2015-09-01,2015,2015-16,September,ATF#,EXPORT,2011.408910342,303.52441232562376,PPAC,1751964598_PT_IMPORT_VAL_RS.CRS._H.xlsx,PT_IMPORT_VALRS_H_2015-16,29.0,1751964622_PT_IMPORT_VAL_US$_H.xlsx,PT_IMPORT_VAL$_2015-16,29.0,2026-08-21T15:32:19.478292+00:00,1.0
2015-09-01,2015,2015-16,September,Bitumen,EXPORT,16.124203694,2.43471425,PPAC,1751964598_PT_IMPORT_VAL_RS.CRS._H.xlsx,PT_IMPORT_VALRS_H_2015-16,35.0,1751964622_PT_IMPORT_VAL_US$_H.xlsx,PT_IMPORT_VAL$_2015-16,35.0,2026-08-21T15:32:19.478292+00:00,1.0
2015-09-01,2015,2015-16,September,Bitumen,IMPORT,82.9934767,12.570959815207512,PPAC,1751964598_PT_IMPORT_VAL_RS.CRS._H.xlsx,PT_IMPORT_VALRS_H_2015-16,21.0,1751964622_PT_IMPORT_VAL_US$_H.xlsx,PT_IMPORT_VAL$_2015-16,21.0,2026-08-21T15:32:19.478292+00:00,1.0
2015-09-01,2015,2015-16,September,CRUDE OIL,IMPORT,32786.01904088554,4999.183263990169,PPAC,1751964598_PT_IMPORT_VAL_RS.CRS._H.xlsx,PT_IMPORT_VALRS_H_2015-16,11.0,1751964622_PT_IMPORT_VAL_US$_H.xlsx,PT_IMPORT_VAL$_2015-16,11.0,2026-08-21T15:32:19.478292+00:00,1.0
2015-09-01,2015,2015-16,September,Fuel Oil,EXPORT,404.57193209999997,61.346305233233544,PPAC,1751964598_PT_IMPORT_VAL_RS.CRS._H.xlsx,PT_IMPORT_VALRS_H_2015-16,34.0,1751964622_PT_IMPORT_VAL_US$_H.xlsx,PT_IMPORT_VAL$_2015-16,34.0,2026-08-21T15:32:19.478292+00:00,1.0
2015-09-01,2015,2015-16,September,Fuel Oil,IMPORT,235.5269034736271,35.59381551073873,PPAC,1751964598_PT_IMPORT_VAL_RS.CRS._H.xlsx,PT_IMPORT_VALRS_H_2015-16,20.0,1751964622_PT_IMPORT_VAL_US$_H.xlsx,PT_IMPORT_VAL$_2015-16,20.0,2026-08-21T15:32:19.478292+00:00,1.0
2015-09-01,2015,2015-16,September,HSD,EXPORT,6268.74646149,947.0225889180309,PPAC,1751964598_PT_IMPORT_VAL_RS.CRS._H.xlsx,PT_IMPORT_VALRS_H_2015-16,31.0,1751964622_PT_IMPORT_VAL_US$_H.xlsx,PT_IMPORT_VAL$_2015-16,31.0,2026-08-21T15:32:19.478292+00:00,1.0
2015-09-01,2015,2015-16,September,HSD,IMPORT,3.8881933,0.588941729778855,PPAC,1751964598_PT_IMPORT_VAL_RS.CRS._H.xlsx,PT_IMPORT_VALRS_H_2015-16,18.0,1751964622_PT_IMPORT_VAL_US$_H.xlsx,PT_IMPORT_VAL$_2015-16,18.0,2026-08-21T15:32:19.478292+00:00,1.0
2015-09-01,2015,2015-16,September,LDO,EXPORT,0.0,0.0,PPAC,1751964598_PT_IMPORT_VAL_RS.CRS._H.xlsx,PT_IMPORT_VALRS_H_2015-16,32.0,1751964622_PT_IMPORT_VAL_US$_H.xlsx,PT_IMPORT_VAL$_2015-16,32.0,2026-08-21T15:32:19.478292+00:00,1.0
2015-09-01,2015,2015-16,September,LOBS/ Lube Oil,EXPORT,4.136910366,0.6280781429869737,PPAC,1751964598_PT_IMPORT_VAL_RS.CRS._H.xlsx,PT_IMPORT_VALRS_H_2015-16,33.0,1751964622_PT_IMPORT_VAL_US$_H.xlsx,PT_IMPORT_VAL$_2015-16,33.0,2026-08-21T15:32:19.478292+00:00,1.0
2015-09-01,2015,2015-16,September,LOBS/ Lube oil,IMPORT,876.1655528,132.71214070137535,PPAC,1751964598_PT_IMPORT_VAL_RS.CRS._H.xlsx,PT_IMPORT_VALRS_H_2015-16,19.0,1751964622_PT_IMPORT_VAL_US$_H.xlsx,PT_IMPORT_VAL$_2015-16,19.0,2026-08-21T15:32:19.478292+00:00,1.0
2015-09-01,2015,2015-16,September,LPG,EXPORT,,7.420478642835505,PPAC,,,,1751964622_PT_IMPORT_VAL_US$_H.xlsx,PT_IMPORT_VAL$_2015-16,26.0,,
2015-09-01,2015,2015-16,September,LPG,IMPORT,1645.2497887645723,249.30513849510845,PPAC,1751964598_PT_IMPORT_VAL_RS.CRS._H.xlsx,PT_IMPORT_VALRS_H_2015-16,13.0,1751964622_PT_IMPORT_VAL_US$_H.xlsx,PT_IMPORT_VAL$_2015-16,13.0,2026-08-21T15:32:19.478292+00:00,1.0
2015-09-01,2015,2015-16,September,MS,IMPORT,196.498981121,29.761857220000003,PPAC,1751964598_PT_IMPORT_VAL_RS.CRS._H.xlsx,PT_IMPORT_VALRS_H_2015-16,14.0,1751964622_PT_IMPORT_VAL_US$_H.xlsx,PT_IMPORT_VAL$_2015-16,14.0,2026-08-21T15:32:19.478292+00:00,1.0
2015-09-01,2015,2015-16,September,MS!,EXPORT,4909.949351097,740.3433519127537,PPAC,1751964598_PT_IMPORT_VAL_RS.CRS._H.xlsx,PT_IMPORT_VALRS_H_2015-16,27.0,1751964622_PT_IMPORT_VAL_US$_H.xlsx,PT_IMPORT_VAL$_2015-16,27.0,2026-08-21T15:32:19.478292+00:00,1.0
2015-09-01,2015,2015-16,September,Naphtha,EXPORT,1530.700834908541,232.57288962792902,PPAC,1751964598_PT_IMPORT_VAL_RS.CRS._H.xlsx,PT_IMPORT_VALRS_H_2015-16,28.0,1751964622_PT_IMPORT_VAL_US$_H.xlsx,PT_IMPORT_VAL$_2015-16,28.0,2026-08-21T15:32:19.478292+00:00,1.0
2015-09-01,2015,2015-16,September,Naphtha,IMPORT,548.8149070490001,83.12828988299609,PPAC,1751964598_PT_IMPORT_VAL_RS.CRS._H.xlsx,PT_IMPORT_VALRS_H_2015-16,15.0,1751964622_PT_IMPORT_VAL_US$_H.xlsx,PT_IMPORT_VAL$_2015-16,15.0,2026-08-21T15:32:19.478292+00:00,1.0
2015-09-01,2015,2015-16,September,Others,EXPORT,,105.61542679812646,PPAC,,,,1751964622_PT_IMPORT_VAL_US$_H.xlsx,PT_IMPORT_VAL$_2015-16,36.0,,
2015-09-01,2015,2015-16,September,Others%,EXPORT,700.8092924919965,,PPAC,1751964598_PT_IMPORT_VAL_RS.CRS._H.xlsx,PT_IMPORT_VALRS_H_2015-16,36.0,,,,2026-08-21T15:32:19.478292+00:00,1.0
2015-09-01,2015,2015-16,September,Others&,IMPORT,1066.66600217,161.56919900264165,PPAC,1751964598_PT_IMPORT_VAL_RS.CRS._H.xlsx,PT_IMPORT_VALRS_H_2015-16,22.0,1751964622_PT_IMPORT_VAL_US$_H.xlsx,PT_IMPORT_VAL$_2015-16,22.0,2026-08-21T15:32:19.478292+00:00,1.0
2015-09-01,2015,2015-16,September,SKO,EXPORT,1.87,0.28324750075734634,PPAC,1751964598_PT_IMPORT_VAL_RS.CRS._H.xlsx,PT_IMPORT_VALRS_H_2015-16,30.0,1751964622_PT_IMPORT_VAL_US$_H.xlsx,PT_IMPORT_VAL$_2015-16,30.0,2026-08-21T15:32:19.478292+00:00,1.0
2015-09-01,2015,2015-16,September,SKO,IMPORT,0.0,0.0,PPAC,1751964598_PT_IMPORT_VAL_RS.CRS._H.xlsx,PT_IMPORT_VALRS_H_2015-16,17.0,1751964622_PT_IMPORT_VAL_US$_H.xlsx,PT_IMPORT_VAL$_2015-16,17.0,2026-08-21T15:32:19.478292+00:00,1.0
2015-10-01,2015,2015-16,October,ATF,IMPORT,71.4822822,10.866871723928245,PPAC,1751964598_PT_IMPORT_VAL_RS.CRS._H.xlsx,PT_IMPORT_VALRS_H_2015-16,16.0,1751964622_PT_IMPORT_VAL_US$_H.xlsx,PT_IMPORT_VAL$_2015-16,16.0,2026-08-21T15:32:19.478292+00:00,1.0
2015-10-01,2015,2015-16,October,ATF#,EXPORT,908.412967802,139.45808373121008,PPAC,1751964598_PT_IMPORT_VAL_RS.CRS._H.xlsx,PT_IMPORT_VALRS_H_2015-16,29.0,1751964622_PT_IMPORT_VAL_US$_H.xlsx,PT_IMPORT_VAL$_2015-16,29.0,2026-08-21T15:32:19.478292+00:00,1.0
2015-10-01,2015,2015-16,October,Bitumen,EXPORT,28.277082636,4.28440646,PPAC,1751964598_PT_IMPORT_VAL_RS.CRS._H.xlsx,PT_IMPORT_VALRS_H_2015-16,35.0,1751964622_PT_IMPORT_VAL_US$_H.xlsx,PT_IMPORT_VAL$_2015-16,35.0,2026-08-21T15:32:19.478292+00:00,1.0
2015-10-01,2015,2015-16,October,Bitumen,IMPORT,206.7786638,31.434883520827,PPAC,1751964598_PT_IMPORT_VAL_RS.CRS._H.xlsx,PT_IMPORT_VALRS_H_2015-16,21.0,1751964622_PT_IMPORT_VAL_US$_H.xlsx,PT_IMPORT_VAL$_2015-16,21.0,2026-08-21T15:32:19.478292+00:00,1.0
2015-10-01,2015,2015-16,October,CRUDE OIL,IMPORT,32407.055503092164,4955.250309280339,PPAC,1751964598_PT_IMPORT_VAL_RS.CRS._H.xlsx,PT_IMPORT_VALRS_H_2015-16,11.0,1751964622_PT_IMPORT_VAL_US$_H.xlsx,PT_IMPORT_VAL$_2015-16,11.0,2026-08-21T15:32:19.478292+00:00,1.0
2015-10-01,2015,2015-16,October,Fuel Oil,EXPORT,191.45666048041576,29.074153311099998,PPAC,1751964598_PT_IMPORT_VAL_RS.CRS._H.xlsx,PT_IMPORT_VALRS_H_2015-16,34.0,1751964622_PT_IMPORT_VAL_US$_H.xlsx,PT_IMPORT_VAL$_2015-16,34.0,2026-08-21T15:32:19.478292+00:00,1.0
2015-10-01,2015,2015-16,October,Fuel Oil,IMPORT,180.59073137579733,27.309613501050734,PPAC,1751964598_PT_IMPORT_VAL_RS.CRS._H.xlsx,PT_IMPORT_VALRS_H_2015-16,20.0,1751964622_PT_IMPORT_VAL_US$_H.xlsx,PT_IMPORT_VAL$_2015-16,20.0,2026-08-21T15:32:19.478292+00:00,1.0
2015-10-01,2015,2015-16,October,HSD,EXPORT,5217.788910396999,801.2208214371328,PPAC,1751964598_PT_IMPORT_VAL_RS.CRS._H.xlsx,PT_IMPORT_VALRS_H_2015-16,31.0,1751964622_PT_IMPORT_VAL_US$_H.xlsx,PT_IMPORT_VAL$_2015-16,31.0,2026-08-21T15:32:19.478292+00:00,1.0
2015-10-01,2015,2015-16,October,HSD,IMPORT,26.5057434,4.0294532380662815,PPAC,1751964598_PT_IMPORT_VAL_RS.CRS._H.xlsx,PT_IMPORT_VALRS_H_2015-16,18.0,1751964622_PT_IMPORT_VAL_US$_H.xlsx,PT_IMPORT_VAL$_2015-16,18.0,2026-08-21T15:32:19.478292+00:00,1.0
2015-10-01,2015,2015-16,October,LDO,EXPORT,0.0,0.0,PPAC,1751964598_PT_IMPORT_VAL_RS.CRS._H.xlsx,PT_IMPORT_VALRS_H_2015-16,32.0,1751964622_PT_IMPORT_VAL_US$_H.xlsx,PT_IMPORT_VAL$_2015-16,32.0,2026-08-21T15:32:19.478292+00:00,1.0
2015-10-01,2015,2015-16,October,LOBS/ Lube Oil,EXPORT,6.895735143,1.0490903554879902,PPAC,1751964598_PT_IMPORT_VAL_RS.CRS._H.xlsx,PT_IMPORT_VALRS_H_2015-16,33.0,1751964622_PT_IMPORT_VAL_US$_H.xlsx,PT_IMPORT_VAL$_2015-16,33.0,2026-08-21T15:32:19.478292+00:00,1.0
2015-10-01,2015,2015-16,October,LOBS/ Lube oil,IMPORT,658.3213527,100.07925626056553,PPAC,1751964598_PT_IMPORT_VAL_RS.CRS._H.xlsx,PT_IMPORT_VALRS_H_2015-16,19.0,1751964622_PT_IMPORT_VAL_US$_H.xlsx,PT_IMPORT_VAL$_2015-16,19.0,2026-08-21T15:32:19.478292+00:00,1.0
2015-10-01,2015,2015-16,October,LPG,EXPORT,,3.429613864396473,PPAC,,,,1751964622_PT_IMPORT_VAL_US$_H.xlsx,PT_IMPORT_VAL$_2015-16,26.0,,
2015-10-01,2015,2015-16,October,LPG,IMPORT,1874.3300030704345,285.13224314960206,PPAC,1751964598_PT_IMPORT_VAL_RS.CRS._H.xlsx,PT_IMPORT_VALRS_H_2015-16,13.0,1751964622_PT_IMPORT_VAL_US$_H.xlsx,PT_IMPORT_VAL$_2015-16,13.0,2026-08-21T15:32:19.478292+00:00,1.0
2015-10-01,2015,2015-16,October,MS,IMPORT,523.8987654930697,79.63954164875138,PPAC,1751964598_PT_IMPORT_VAL_RS.CRS._H.xlsx,PT_IMPORT_VALRS_H_2015-16,14.0,1751964622_PT_IMPORT_VAL_US$_H.xlsx,PT_IMPORT_VAL$_2015-16,14.0,2026-08-21T15:32:19.478292+00:00,1.0
2015-10-01,2015,2015-16,October,MS!,EXPORT,5239.8644334909995,804.8440600342201,PPAC,1751964598_PT_IMPORT_VAL_RS.CRS._H.xlsx,PT_IMPORT_VALRS_H_2015-16,27.0,1751964622_PT_IMPORT_VAL_US$_H.xlsx,PT_IMPORT_VAL$_2015-16,27.0,2026-08-21T15:32:19.478292+00:00,1.0
2015-10-01,2015,2015-16,October,Naphtha,EXPORT,1032.4707912164563,159.02398693748,PPAC,1751964598_PT_IMPORT_VAL_RS.CRS._H.xlsx,PT_IMPORT_VALRS_H_2015-16,28.0,1751964622_PT_IMPORT_VAL_US$_H.xlsx,PT_IMPORT_VAL$_2015-16,28.0,2026-08-21T15:32:19.478292+00:00,1.0
2015-10-01,2015,2015-16,October,Naphtha,IMPORT,758.7759240063593,115.33809725812415,PPAC,1751964598_PT_IMPORT_VAL_RS.CRS._H.xlsx,PT_IMPORT_VALRS_H_2015-16,15.0,1751964622_PT_IMPORT_VAL_US$_H.xlsx,PT_IMPORT_VAL$_2015-16,15.0,2026-08-21T15:32:19.478292+00:00,1.0
2015-10-01,2015,2015-16,October,Others,EXPORT,,108.54187782100416,PPAC,,,,1751964622_PT_IMPORT_VAL_US$_H.xlsx,PT_IMPORT_VAL$_2015-16,36.0,,
2015-10-01,2015,2015-16,October,Others%,EXPORT,706.2488609223183,,PPAC,1751964598_PT_IMPORT_VAL_RS.CRS._H.xlsx,PT_IMPORT_VALRS_H_2015-16,36.0,,,,2026-08-21T15:32:19.478292+00:00,1.0
2015-10-01,2015,2015-16,October,Others&,IMPORT,997.1994742008155,151.58881423371474,PPAC,1751964598_PT_IMPORT_VAL_RS.CRS._H.xlsx,PT_IMPORT_VALRS_H_2015-16,22.0,1751964622_PT_IMPORT_VAL_US$_H.xlsx,PT_IMPORT_VAL$_2015-16,22.0,2026-08-21T15:32:19.478292+00:00,1.0
2015-10-01,2015,2015-16,October,SKO,EXPORT,1.11,0.16874429917908182,PPAC,1751964598_PT_IMPORT_VAL_RS.CRS._H.xlsx,PT_IMPORT_VALRS_H_2015-16,30.0,1751964622_PT_IMPORT_VAL_US$_H.xlsx,PT_IMPORT_VAL$_2015-16,30.0,2026-08-21T15:32:19.478292+00:00,1.0
2015-10-01,2015,2015-16,October,SKO,IMPORT,0.0,0.0,PPAC,1751964598_PT_IMPORT_VAL_RS.CRS._H.xlsx,PT_IMPORT_VALRS_H_2015-16,17.0,1751964622_PT_IMPORT_VAL_US$_H.xlsx,PT_IMPORT_VAL$_2015-16,17.0,2026-08-21T15:32:19.478292+00:00,1.0
2015-11-01,2015,2015-16,November,ATF,IMPORT,93.0788817,13.882010693512305,PPAC,1751964598_PT_IMPORT_VAL_RS.CRS._H.xlsx,PT_IMPORT_VALRS_H_2015-16,16.0,1751964622_PT_IMPORT_VAL_US$_H.xlsx,PT_IMPORT_VAL$_2015-16,16.0,2026-08-21T15:32:19.478292+00:00,1.0
2015-11-01,2015,2015-16,November,ATF#,EXPORT,1386.600389086,209.78462193806115,PPAC,1751964598_PT_IMPORT_VAL_RS.CRS._H.xlsx,PT_IMPORT_VALRS_H_2015-16,29.0,1751964622_PT_IMPORT_VAL_US$_H.xlsx,PT_IMPORT_VAL$_2015-16,29.0,2026-08-21T15:32:19.478292+00:00,1.0
2015-11-01,2015,2015-16,November,Bitumen,EXPORT,5.6408888,0.895379,PPAC,1751964598_PT_IMPORT_VAL_RS.CRS._H.xlsx,PT_IMPORT_VALRS_H_2015-16,35.0,1751964622_PT_IMPORT_VAL_US$_H.xlsx,PT_IMPORT_VAL$_2015-16,35.0,2026-08-21T15:32:19.478292+00:00,1.0
2015-11-01,2015,2015-16,November,Bitumen,IMPORT,149.8646874,22.351183803131992,PPAC,1751964598_PT_IMPORT_VAL_RS.CRS._H.xlsx,PT_IMPORT_VALRS_H_2015-16,21.0,1751964622_PT_IMPORT_VAL_US$_H.xlsx,PT_IMPORT_VAL$_2015-16,21.0,2026-08-21T15:32:19.478292+00:00,1.0
2015-11-01,2015,2015-16,November,CRUDE OIL,IMPORT,31642.854285152727,4779.661915172904,PPAC,1751964598_PT_IMPORT_VAL_RS.CRS._H.xlsx,PT_IMPORT_VALRS_H_2015-16,11.0,1751964622_PT_IMPORT_VAL_US$_H.xlsx,PT_IMPORT_VAL$_2015-16,11.0,2026-08-21T15:32:19.478292+00:00,1.0
2015-11-01,2015,2015-16,November,Fuel Oil,EXPORT,270.083600175,40.556555999873225,PPAC,1751964598_PT_IMPORT_VAL_RS.CRS._H.xlsx,PT_IMPORT_VALRS_H_2015-16,34.0,1751964622_PT_IMPORT_VAL_US$_H.xlsx,PT_IMPORT_VAL$_2015-16,34.0,2026-08-21T15:32:19.478292+00:00,1.0
2015-11-01,2015,2015-16,November,Fuel Oil,IMPORT,115.6988722,17.255611066368385,PPAC,1751964598_PT_IMPORT_VAL_RS.CRS._H.xlsx,PT_IMPORT_VALRS_H_2015-16,20.0,1751964622_PT_IMPORT_VAL_US$_H.xlsx,PT_IMPORT_VAL$_2015-16,20.0,2026-08-21T15:32:19.478292+00:00,1.0
2015-11-01,2015,2015-16,November,HSD,EXPORT,6451.722292963614,975.7378865913124,PPAC,1751964598_PT_IMPORT_VAL_RS.CRS._H.xlsx,PT_IMPORT_VALRS_H_2015-16,31.0,1751964622_PT_IMPORT_VAL_US$_H.xlsx,PT_IMPORT_VAL$_2015-16,31.0,2026-08-21T15:32:19.478292+00:00,1.0
2015-11-01,2015,2015-16,November,HSD,IMPORT,43.1633448,6.4374861744966445,PPAC,1751964598_PT_IMPORT_VAL_RS.CRS._H.xlsx,PT_IMPORT_VALRS_H_2015-16,18.0,1751964622_PT_IMPORT_VAL_US$_H.xlsx,PT_IMPORT_VAL$_2015-16,18.0,2026-08-21T15:32:19.478292+00:00,1.0
2015-11-01,2015,2015-16,November,LDO,EXPORT,0.0,0.0,PPAC,1751964598_PT_IMPORT_VAL_RS.CRS._H.xlsx,PT_IMPORT_VALRS_H_2015-16,32.0,1751964622_PT_IMPORT_VAL_US$_H.xlsx,PT_IMPORT_VAL$_2015-16,32.0,2026-08-21T15:32:19.478292+00:00,1.0
2015-11-01,2015,2015-16,November,LOBS/ Lube Oil,EXPORT,4.199001000000001,0.6274980984340045,PPAC,1751964598_PT_IMPORT_VAL_RS.CRS._H.xlsx,PT_IMPORT_VALRS_H_2015-16,33.0,1751964622_PT_IMPORT_VAL_US$_H.xlsx,PT_IMPORT_VAL$_2015-16,33.0,2026-08-21T15:32:19.478292+00:00,1.0
2015-11-01,2015,2015-16,November,LOBS/ Lube oil,IMPORT,844.9431687,126.01687762117824,PPAC,1751964598_PT_IMPORT_VAL_RS.CRS._H.xlsx,PT_IMPORT_VALRS_H_2015-16,19.0,1751964622_PT_IMPORT_VAL_US$_H.xlsx,PT_IMPORT_VAL$_2015-16,19.0,2026-08-21T15:32:19.478292+00:00,1.0
2015-11-01,2015,2015-16,November,LPG,EXPORT,,2.7949291573452646,PPAC,,,,1751964622_PT_IMPORT_VAL_US$_H.xlsx,PT_IMPORT_VAL$_2015-16,26.0,,
2015-11-01,2015,2015-16,November,LPG,IMPORT,2193.546323514095,328.61546666848005,PPAC,1751964598_PT_IMPORT_VAL_RS.CRS._H.xlsx,PT_IMPORT_VALRS_H_2015-16,13.0,1751964622_PT_IMPORT_VAL_US$_H.xlsx,PT_IMPORT_VAL$_2015-16,13.0,2026-08-21T15:32:19.478292+00:00,1.0
2015-11-01,2015,2015-16,November,MS,IMPORT,119.262844685,17.78613677,PPAC,1751964598_PT_IMPORT_VAL_RS.CRS._H.xlsx,PT_IMPORT_VALRS_H_2015-16,14.0,1751964622_PT_IMPORT_VAL_US$_H.xlsx,PT_IMPORT_VAL$_2015-16,14.0,2026-08-21T15:32:19.478292+00:00,1.0
2015-11-01,2015,2015-16,November,MS!,EXPORT,4639.512035121387,701.437365984012,PPAC,1751964598_PT_IMPORT_VAL_RS.CRS._H.xlsx,PT_IMPORT_VALRS_H_2015-16,27.0,1751964622_PT_IMPORT_VAL_US$_H.xlsx,PT_IMPORT_VAL$_2015-16,27.0,2026-08-21T15:32:19.478292+00:00,1.0
2015-11-01,2015,2015-16,November,Naphtha,EXPORT,1592.300786266326,239.64545236480598,PPAC,1751964598_PT_IMPORT_VAL_RS.CRS._H.xlsx,PT_IMPORT_VALRS_H_2015-16,28.0,1751964622_PT_IMPORT_VAL_US$_H.xlsx,PT_IMPORT_VAL$_2015-16,28.0,2026-08-21T15:32:19.478292+00:00,1.0
2015-11-01,2015,2015-16,November,Naphtha,IMPORT,392.030923212,58.46814885275168,PPAC,1751964598_PT_IMPORT_VAL_RS.CRS._H.xlsx,PT_IMPORT_VALRS_H_2015-16,15.0,1751964622_PT_IMPORT_VAL_US$_H.xlsx,PT_IMPORT_VAL$_2015-16,15.0,2026-08-21T15:32:19.478292+00:00,1.0
2015-11-01,2015,2015-16,November,Others,EXPORT,,119.0703540448767,PPAC,,,,1751964622_PT_IMPORT_VAL_US$_H.xlsx,PT_IMPORT_VAL$_2015-16,36.0,,
2015-11-01,2015,2015-16,November,Others%,EXPORT,788.9838867389972,,PPAC,1751964598_PT_IMPORT_VAL_RS.CRS._H.xlsx,PT_IMPORT_VALRS_H_2015-16,36.0,,,,2026-08-21T15:32:19.478292+00:00,1.0
2015-11-01,2015,2015-16,November,Others&,IMPORT,778.3873178000013,116.32619952274422,PPAC,1751964598_PT_IMPORT_VAL_RS.CRS._H.xlsx,PT_IMPORT_VALRS_H_2015-16,22.0,1751964622_PT_IMPORT_VAL_US$_H.xlsx,PT_IMPORT_VAL$_2015-16,22.0,2026-08-21T15:32:19.478292+00:00,1.0
2015-11-01,2015,2015-16,November,SKO,EXPORT,0.73,0.10887397464578673,PPAC,1751964598_PT_IMPORT_VAL_RS.CRS._H.xlsx,PT_IMPORT_VALRS_H_2015-16,30.0,1751964622_PT_IMPORT_VAL_US$_H.xlsx,PT_IMPORT_VAL$_2015-16,30.0,2026-08-21T15:32:19.478292+00:00,1.0
2015-11-01,2015,2015-16,November,SKO,IMPORT,0.0,0.0,PPAC,1751964598_PT_IMPORT_VAL_RS.CRS._H.xlsx,PT_IMPORT_VALRS_H_2015-16,17.0,1751964622_PT_IMPORT_VAL_US$_H.xlsx,PT_IMPORT_VAL$_2015-16,17.0,2026-08-21T15:32:19.478292+00:00,1.0
2015-12-01,2015,2015-16,December,ATF,IMPORT,76.0244042,11.421935727163461,PPAC,1751964598_PT_IMPORT_VAL_RS.CRS._H.xlsx,PT_IMPORT_VALRS_H_2015-16,16.0,1751964622_PT_IMPORT_VAL_US$_H.xlsx,PT_IMPORT_VAL$_2015-16,16.0,2026-08-21T15:32:19.478292+00:00,1.0
2015-12-01,2015,2015-16,December,ATF#,EXPORT,962.7182489730001,144.77722651384616,PPAC,1751964598_PT_IMPORT_VAL_RS.CRS._H.xlsx,PT_IMPORT_VALRS_H_2015-16,29.0,1751964622_PT_IMPORT_VAL_US$_H.xlsx,PT_IMPORT_VAL$_2015-16,29.0,2026-08-21T15:32:19.478292+00:00,1.0
2015-12-01,2015,2015-16,December,Bitumen,EXPORT,11.507252988000001,1.74352318,PPAC,1751964598_PT_IMPORT_VAL_RS.CRS._H.xlsx,PT_IMPORT_VALRS_H_2015-16,35.0,1751964622_PT_IMPORT_VAL_US$_H.xlsx,PT_IMPORT_VAL$_2015-16,35.0,2026-08-21T15:32:19.478292+00:00,1.0
2015-12-01,2015,2015-16,December,Bitumen,IMPORT,191.0395747,28.7018591796875,PPAC,1751964598_PT_IMPORT_VAL_RS.CRS._H.xlsx,PT_IMPORT_VALRS_H_2015-16,21.0,1751964622_PT_IMPORT_VAL_US$_H.xlsx,PT_IMPORT_VAL$_2015-16,21.0,2026-08-21T15:32:19.478292+00:00,1.0
2015-12-01,2015,2015-16,December,CRUDE OIL,IMPORT,29280.44980600694,4387.07911487505,PPAC,1751964598_PT_IMPORT_VAL_RS.CRS._H.xlsx,PT_IMPORT_VALRS_H_2015-16,11.0,1751964622_PT_IMPORT_VAL_US$_H.xlsx,PT_IMPORT_VAL$_2015-16,11.0,2026-08-21T15:32:19.478292+00:00,1.0
2015-12-01,2015,2015-16,December,Fuel Oil,EXPORT,226.90799166256,34.02728240122596,PPAC,1751964598_PT_IMPORT_VAL_RS.CRS._H.xlsx,PT_IMPORT_VALRS_H_2015-16,34.0,1751964622_PT_IMPORT_VAL_US$_H.xlsx,PT_IMPORT_VAL$_2015-16,34.0,2026-08-21T15:32:19.478292+00:00,1.0
2015-12-01,2015,2015-16,December,Fuel Oil,IMPORT,100.188283248,15.052183953653849,PPAC,1751964598_PT_IMPORT_VAL_RS.CRS._H.xlsx,PT_IMPORT_VALRS_H_2015-16,20.0,1751964622_PT_IMPORT_VAL_US$_H.xlsx,PT_IMPORT_VAL$_2015-16,20.0,2026-08-21T15:32:19.478292+00:00,1.0
2015-12-01,2015,2015-16,December,HSD,EXPORT,4146.221224723387,622.8262613332632,PPAC,1751964598_PT_IMPORT_VAL_RS.CRS._H.xlsx,PT_IMPORT_VALRS_H_2015-16,31.0,1751964622_PT_IMPORT_VAL_US$_H.xlsx,PT_IMPORT_VAL$_2015-16,31.0,2026-08-21T15:32:19.478292+00:00,1.0
2015-12-01,2015,2015-16,December,HSD,IMPORT,40.7423421,6.121145147235577,PPAC,1751964598_PT_IMPORT_VAL_RS.CRS._H.xlsx,PT_IMPORT_VALRS_H_2015-16,18.0,1751964622_PT_IMPORT_VAL_US$_H.xlsx,PT_IMPORT_VAL$_2015-16,18.0,2026-08-21T15:32:19.478292+00:00,1.0
2015-12-01,2015,2015-16,December,LDO,EXPORT,0.0,0.0,PPAC,1751964598_PT_IMPORT_VAL_RS.CRS._H.xlsx,PT_IMPORT_VALRS_H_2015-16,32.0,1751964622_PT_IMPORT_VAL_US$_H.xlsx,PT_IMPORT_VAL$_2015-16,32.0,2026-08-21T15:32:19.478292+00:00,1.0
2015-12-01,2015,2015-16,December,LOBS/ Lube Oil,EXPORT,17.546597151,2.6515285921274034,PPAC,1751964598_PT_IMPORT_VAL_RS.CRS._H.xlsx,PT_IMPORT_VALRS_H_2015-16,33.0,1751964622_PT_IMPORT_VAL_US$_H.xlsx,PT_IMPORT_VAL$_2015-16,33.0,2026-08-21T15:32:19.478292+00:00,1.0
2015-12-01,2015,2015-16,December,LOBS/ Lube oil,IMPORT,791.746232652,118.9522585101923,PPAC,1751964598_PT_IMPORT_VAL_RS.CRS._H.xlsx,PT_IMPORT_VALRS_H_2015-16,19.0,1751964622_PT_IMPORT_VAL_US$_H.xlsx,PT_IMPORT_VAL$_2015-16,19.0,2026-08-21T15:32:19.478292+00:00,1.0
2015-12-01,2015,2015-16,December,LPG,EXPORT,,4.6379206730769225,PPAC,,,,1751964622_PT_IMPORT_VAL_US$_H.xlsx,PT_IMPORT_VAL$_2015-16,26.0,,
2015-12-01,2015,2015-16,December,LPG,IMPORT,2646.8161183137895,397.3577468536256,PPAC,1751964598_PT_IMPORT_VAL_RS.CRS._H.xlsx,PT_IMPORT_VALRS_H_2015-16,13.0,1751964622_PT_IMPORT_VAL_US$_H.xlsx,PT_IMPORT_VAL$_2015-16,13.0,2026-08-21T15:32:19.478292+00:00,1.0
2015-12-01,2015,2015-16,December,MS,IMPORT,324.3485999421612,48.727480938358326,PPAC,1751964598_PT_IMPORT_VAL_RS.CRS._H.xlsx,PT_IMPORT_VALRS_H_2015-16,14.0,1751964622_PT_IMPORT_VAL_US$_H.xlsx,PT_IMPORT_VAL$_2015-16,14.0,2026-08-21T15:32:19.478292+00:00,1.0
2015-12-01,2015,2015-16,December,MS!,EXPORT,4768.131955956612,716.690754818732,PPAC,1751964598_PT_IMPORT_VAL_RS.CRS._H.xlsx,PT_IMPORT_VALRS_H_2015-16,27.0,1751964622_PT_IMPORT_VAL_US$_H.xlsx,PT_IMPORT_VAL$_2015-16,27.0,2026-08-21T15:32:19.478292+00:00,1.0
2015-12-01,2015,2015-16,December,Naphtha,EXPORT,1897.0071591313797,284.77848862530897,PPAC,1751964598_PT_IMPORT_VAL_RS.CRS._H.xlsx,PT_IMPORT_VALRS_H_2015-16,28.0,1751964622_PT_IMPORT_VAL_US$_H.xlsx,PT_IMPORT_VAL$_2015-16,28.0,2026-08-21T15:32:19.478292+00:00,1.0
2015-12-01,2015,2015-16,December,Naphtha,IMPORT,653.2559302,98.14454552783653,PPAC,1751964598_PT_IMPORT_VAL_RS.CRS._H.xlsx,PT_IMPORT_VALRS_H_2015-16,15.0,1751964622_PT_IMPORT_VAL_US$_H.xlsx,PT_IMPORT_VAL$_2015-16,15.0,2026-08-21T15:32:19.478292+00:00,1.0
2015-12-01,2015,2015-16,December,Others,EXPORT,,81.00474296820585,PPAC,,,,1751964622_PT_IMPORT_VAL_US$_H.xlsx,PT_IMPORT_VAL$_2015-16,36.0,,
2015-12-01,2015,2015-16,December,Others%,EXPORT,539.809777841001,,PPAC,1751964598_PT_IMPORT_VAL_RS.CRS._H.xlsx,PT_IMPORT_VALRS_H_2015-16,36.0,,,,2026-08-21T15:32:19.478292+00:00,1.0
2015-12-01,2015,2015-16,December,Others&,IMPORT,703.7027554000006,105.70459666466343,PPAC,1751964598_PT_IMPORT_VAL_RS.CRS._H.xlsx,PT_IMPORT_VALRS_H_2015-16,22.0,1751964622_PT_IMPORT_VAL_US$_H.xlsx,PT_IMPORT_VAL$_2015-16,22.0,2026-08-21T15:32:19.478292+00:00,1.0
2015-12-01,2015,2015-16,December,SKO,EXPORT,2.39,0.3590745192307693,PPAC,1751964598_PT_IMPORT_VAL_RS.CRS._H.xlsx,PT_IMPORT_VALRS_H_2015-16,30.0,1751964622_PT_IMPORT_VAL_US$_H.xlsx,PT_IMPORT_VAL$_2015-16,30.0,2026-08-21T15:32:19.478292+00:00,1.0
2015-12-01,2015,2015-16,December,SKO,IMPORT,0.0,0.0,PPAC,1751964598_PT_IMPORT_VAL_RS.CRS._H.xlsx,PT_IMPORT_VALRS_H_2015-16,17.0,1751964622_PT_IMPORT_VAL_US$_H.xlsx,PT_IMPORT_VAL$_2015-16,17.0,2026-08-21T15:32:19.478292+00:00,1.0
2016-01-01,2016,2015-16,January,ATF,IMPORT,15.2174965,2.231304472140762,PPAC,1751964598_PT_IMPORT_VAL_RS.CRS._H.xlsx,PT_IMPORT_VALRS_H_2015-16,16.0,1751964622_PT_IMPORT_VAL_US$_H.xlsx,PT_IMPORT_VAL$_2015-16,16.0,2026-08-21T15:32:19.478292+00:00,1.0
2016-01-01,2016,2015-16,January,ATF#,EXPORT,1399.8028922910003,207.68390540102638,PPAC,1751964598_PT_IMPORT_VAL_RS.CRS._H.xlsx,PT_IMPORT_VALRS_H_2015-16,29.0,1751964622_PT_IMPORT_VAL_US$_H.xlsx,PT_IMPORT_VAL$_2015-16,29.0,2026-08-21T15:32:19.478292+00:00,1.0
2016-01-01,2016,2015-16,January,Bitumen,EXPORT,11.756750117,1.744113594692082,PPAC,1751964598_PT_IMPORT_VAL_RS.CRS._H.xlsx,PT_IMPORT_VALRS_H_2015-16,35.0,1751964622_PT_IMPORT_VAL_US$_H.xlsx,PT_IMPORT_VAL$_2015-16,35.0,2026-08-21T15:32:19.478292+00:00,1.0
2016-01-01,2016,2015-16,January,Bitumen,IMPORT,118.35221,17.353696480938414,PPAC,1751964598_PT_IMPORT_VAL_RS.CRS._H.xlsx,PT_IMPORT_VALRS_H_2015-16,21.0,1751964622_PT_IMPORT_VAL_US$_H.xlsx,PT_IMPORT_VAL$_2015-16,21.0,2026-08-21T15:32:19.478292+00:00,1.0
2016-01-01,2016,2015-16,January,CRUDE OIL,IMPORT,24202.80091502262,3593.749980717012,PPAC,1751964598_PT_IMPORT_VAL_RS.CRS._H.xlsx,PT_IMPORT_VALRS_H_2015-16,11.0,1751964622_PT_IMPORT_VAL_US$_H.xlsx,PT_IMPORT_VAL$_2015-16,11.0,2026-08-21T15:32:19.478292+00:00,1.0
2016-01-01,2016,2015-16,January,Fuel Oil,EXPORT,155.1334,22.885627415495,PPAC,1751964598_PT_IMPORT_VAL_RS.CRS._H.xlsx,PT_IMPORT_VALRS_H_2015-16,34.0,1751964622_PT_IMPORT_VAL_US$_H.xlsx,PT_IMPORT_VAL$_2015-16,34.0,2026-08-21T15:32:19.478292+00:00,1.0
2016-01-01,2016,2015-16,January,Fuel Oil,IMPORT,378.68151000202494,56.12547652108094,PPAC,1751964598_PT_IMPORT_VAL_RS.CRS._H.xlsx,PT_IMPORT_VALRS_H_2015-16,20.0,1751964622_PT_IMPORT_VAL_US$_H.xlsx,PT_IMPORT_VAL$_2015-16,20.0,2026-08-21T15:32:19.478292+00:00,1.0
2016-01-01,2016,2015-16,January,HSD,EXPORT,4357.5339107,648.4763587714369,PPAC,1751964598_PT_IMPORT_VAL_RS.CRS._H.xlsx,PT_IMPORT_VALRS_H_2015-16,31.0,1751964622_PT_IMPORT_VAL_US$_H.xlsx,PT_IMPORT_VAL$_2015-16,31.0,2026-08-21T15:32:19.478292+00:00,1.0
2016-01-01,2016,2015-16,January,HSD,IMPORT,10.2735357,1.50638353372434,PPAC,1751964598_PT_IMPORT_VAL_RS.CRS._H.xlsx,PT_IMPORT_VALRS_H_2015-16,18.0,1751964622_PT_IMPORT_VAL_US$_H.xlsx,PT_IMPORT_VAL$_2015-16,18.0,2026-08-21T15:32:19.478292+00:00,1.0
2016-01-01,2016,2015-16,January,LDO,EXPORT,0.0,0.0,PPAC,1751964598_PT_IMPORT_VAL_RS.CRS._H.xlsx,PT_IMPORT_VALRS_H_2015-16,32.0,1751964622_PT_IMPORT_VAL_US$_H.xlsx,PT_IMPORT_VAL$_2015-16,32.0,2026-08-21T15:32:19.478292+00:00,1.0
2016-01-01,2016,2015-16,January,LOBS/ Lube Oil,EXPORT,8.522848265423331,1.2541586840796672,PPAC,1751964598_PT_IMPORT_VAL_RS.CRS._H.xlsx,PT_IMPORT_VALRS_H_2015-16,33.0,1751964622_PT_IMPORT_VAL_US$_H.xlsx,PT_IMPORT_VAL$_2015-16,33.0,2026-08-21T15:32:19.478292+00:00,1.0
2016-01-01,2016,2015-16,January,LOBS/ Lube oil,IMPORT,780.647792748,114.46266872070382,PPAC,1751964598_PT_IMPORT_VAL_RS.CRS._H.xlsx,PT_IMPORT_VALRS_H_2015-16,19.0,1751964622_PT_IMPORT_VAL_US$_H.xlsx,PT_IMPORT_VAL$_2015-16,19.0,2026-08-21T15:32:19.478292+00:00,1.0
2016-01-01,2016,2015-16,January,LPG,EXPORT,,7.818181818181818,PPAC,,,,1751964622_PT_IMPORT_VAL_US$_H.xlsx,PT_IMPORT_VAL$_2015-16,26.0,,
2016-01-01,2016,2015-16,January,LPG,IMPORT,2239.9267481508664,329.4121561777328,PPAC,1751964598_PT_IMPORT_VAL_RS.CRS._H.xlsx,PT_IMPORT_VALRS_H_2015-16,13.0,1751964622_PT_IMPORT_VAL_US$_H.xlsx,PT_IMPORT_VAL$_2015-16,13.0,2026-08-21T15:32:19.478292+00:00,1.0
2016-01-01,2016,2015-16,January,MS,IMPORT,172.182003108,25.24518905,PPAC,1751964598_PT_IMPORT_VAL_RS.CRS._H.xlsx,PT_IMPORT_VALRS_H_2015-16,14.0,1751964622_PT_IMPORT_VAL_US$_H.xlsx,PT_IMPORT_VAL$_2015-16,14.0,2026-08-21T15:32:19.478292+00:00,1.0
2016-01-01,2016,2015-16,January,MS!,EXPORT,4309.333180052,640.8600992069502,PPAC,1751964598_PT_IMPORT_VAL_RS.CRS._H.xlsx,PT_IMPORT_VALRS_H_2015-16,27.0,1751964622_PT_IMPORT_VAL_US$_H.xlsx,PT_IMPORT_VAL$_2015-16,27.0,2026-08-21T15:32:19.478292+00:00,1.0
2016-01-01,2016,2015-16,January,Naphtha,EXPORT,1297.5966501603,191.837326704359,PPAC,1751964598_PT_IMPORT_VAL_RS.CRS._H.xlsx,PT_IMPORT_VALRS_H_2015-16,28.0,1751964622_PT_IMPORT_VAL_US$_H.xlsx,PT_IMPORT_VAL$_2015-16,28.0,2026-08-21T15:32:19.478292+00:00,1.0
2016-01-01,2016,2015-16,January,Naphtha,IMPORT,652.0150302119999,95.60313014422286,PPAC,1751964598_PT_IMPORT_VAL_RS.CRS._H.xlsx,PT_IMPORT_VALRS_H_2015-16,15.0,1751964622_PT_IMPORT_VAL_US$_H.xlsx,PT_IMPORT_VAL$_2015-16,15.0,2026-08-21T15:32:19.478292+00:00,1.0
2016-01-01,2016,2015-16,January,Others,EXPORT,,81.26804290621294,PPAC,,,,1751964622_PT_IMPORT_VAL_US$_H.xlsx,PT_IMPORT_VAL$_2015-16,36.0,,
2016-01-01,2016,2015-16,January,Others%,EXPORT,546.3011290647792,,PPAC,1751964598_PT_IMPORT_VAL_RS.CRS._H.xlsx,PT_IMPORT_VALRS_H_2015-16,36.0,,,,2026-08-21T15:32:19.478292+00:00,1.0
2016-01-01,2016,2015-16,January,Others&,IMPORT,881.238960153999,129.20430575087983,PPAC,1751964598_PT_IMPORT_VAL_RS.CRS._H.xlsx,PT_IMPORT_VALRS_H_2015-16,22.0,1751964622_PT_IMPORT_VAL_US$_H.xlsx,PT_IMPORT_VAL$_2015-16,22.0,2026-08-21T15:32:19.478292+00:00,1.0
2016-01-01,2016,2015-16,January,SKO,EXPORT,3.09,0.4530791788856305,PPAC,1751964598_PT_IMPORT_VAL_RS.CRS._H.xlsx,PT_IMPORT_VALRS_H_2015-16,30.0,1751964622_PT_IMPORT_VAL_US$_H.xlsx,PT_IMPORT_VAL$_2015-16,30.0,2026-08-21T15:32:19.478292+00:00,1.0
2016-01-01,2016,2015-16,January,SKO,IMPORT,0.0,0.0,PPAC,1751964598_PT_IMPORT_VAL_RS.CRS._H.xlsx,PT_IMPORT_VALRS_H_2015-16,17.0,1751964622_PT_IMPORT_VAL_US$_H.xlsx,PT_IMPORT_VAL$_2015-16,17.0,2026-08-21T15:32:19.478292+00:00,1.0
2016-02-01,2016,2015-16,February,ATF,IMPORT,48.0581906,6.990282269090909,PPAC,1751964598_PT_IMPORT_VAL_RS.CRS._H.xlsx,PT_IMPORT_VALRS_H_2015-16,16.0,1751964622_PT_IMPORT_VAL_US$_H.xlsx,PT_IMPORT_VAL$_2015-16,16.0,2026-08-21T15:32:19.478292+00:00,1.0
2016-02-01,2016,2015-16,February,ATF#,EXPORT,1276.9258890140002,186.41774318367624,PPAC,1751964598_PT_IMPORT_VAL_RS.CRS._H.xlsx,PT_IMPORT_VALRS_H_2015-16,29.0,1751964622_PT_IMPORT_VAL_US$_H.xlsx,PT_IMPORT_VAL$_2015-16,29.0,2026-08-21T15:32:19.478292+00:00,1.0
2016-02-01,2016,2015-16,February,Bitumen,EXPORT,5.5354611,2.0214062,PPAC,1751964598_PT_IMPORT_VAL_RS.CRS._H.xlsx,PT_IMPORT_VALRS_H_2015-16,35.0,1751964622_PT_IMPORT_VAL_US$_H.xlsx,PT_IMPORT_VAL$_2015-16,35.0,2026-08-21T15:32:19.478292+00:00,1.0
2016-02-01,2016,2015-16,February,Bitumen,IMPORT,81.4924401,11.853445832727273,PPAC,1751964598_PT_IMPORT_VAL_RS.CRS._H.xlsx,PT_IMPORT_VALRS_H_2015-16,21.0,1751964622_PT_IMPORT_VAL_US$_H.xlsx,PT_IMPORT_VAL$_2015-16,21.0,2026-08-21T15:32:19.478292+00:00,1.0
2016-02-01,2016,2015-16,February,CRUDE OIL,IMPORT,22542.044233936973,3343.182298151365,PPAC,1751964598_PT_IMPORT_VAL_RS.CRS._H.xlsx,PT_IMPORT_VALRS_H_2015-16,11.0,1751964622_PT_IMPORT_VAL_US$_H.xlsx,PT_IMPORT_VAL$_2015-16,11.0,2026-08-21T15:32:19.478292+00:00,1.0
2016-02-01,2016,2015-16,February,Fuel Oil,EXPORT,232.5831176,33.93053811315543,PPAC,1751964598_PT_IMPORT_VAL_RS.CRS._H.xlsx,PT_IMPORT_VALRS_H_2015-16,34.0,1751964622_PT_IMPORT_VAL_US$_H.xlsx,PT_IMPORT_VAL$_2015-16,34.0,2026-08-21T15:32:19.478292+00:00,1.0
2016-02-01,2016,2015-16,February,Fuel Oil,IMPORT,48.5277993,7.058787575454546,PPAC,1751964598_PT_IMPORT_VAL_RS.CRS._H.xlsx,PT_IMPORT_VALRS_H_2015-16,20.0,1751964622_PT_IMPORT_VAL_US$_H.xlsx,PT_IMPORT_VAL$_2015-16,20.0,2026-08-21T15:32:19.478292+00:00,1.0
2016-02-01,2016,2015-16,February,HSD,EXPORT,4693.4819087141,687.3329217301018,PPAC,1751964598_PT_IMPORT_VAL_RS.CRS._H.xlsx,PT_IMPORT_VALRS_H_2015-16,31.0,1751964622_PT_IMPORT_VAL_US$_H.xlsx,PT_IMPORT_VAL$_2015-16,31.0,2026-08-21T15:32:19.478292+00:00,1.0
2016-02-01,2016,2015-16,February,HSD,IMPORT,162.7280712,24.27553762909091,PPAC,1751964598_PT_IMPORT_VAL_RS.CRS._H.xlsx,PT_IMPORT_VALRS_H_2015-16,18.0,1751964622_PT_IMPORT_VAL_US$_H.xlsx,PT_IMPORT_VAL$_2015-16,18.0,2026-08-21T15:32:19.478292+00:00,1.0
2016-02-01,2016,2015-16,February,LDO,EXPORT,0.0,0.0,PPAC,1751964598_PT_IMPORT_VAL_RS.CRS._H.xlsx,PT_IMPORT_VALRS_H_2015-16,32.0,1751964622_PT_IMPORT_VAL_US$_H.xlsx,PT_IMPORT_VAL$_2015-16,32.0,2026-08-21T15:32:19.478292+00:00,1.0
2016-02-01,2016,2015-16,February,LOBS/ Lube Oil,EXPORT,8.545576552,1.2466838854545457,PPAC,1751964598_PT_IMPORT_VAL_RS.CRS._H.xlsx,PT_IMPORT_VALRS_H_2015-16,33.0,1751964622_PT_IMPORT_VAL_US$_H.xlsx,PT_IMPORT_VAL$_2015-16,33.0,2026-08-21T15:32:19.478292+00:00,1.0
2016-02-01,2016,2015-16,February,LOBS/ Lube oil,IMPORT,596.3385675000001,86.74015527272726,PPAC,1751964598_PT_IMPORT_VAL_RS.CRS._H.xlsx,PT_IMPORT_VALRS_H_2015-16,19.0,1751964622_PT_IMPORT_VAL_US$_H.xlsx,PT_IMPORT_VAL$_2015-16,19.0,2026-08-21T15:32:19.478292+00:00,1.0
2016-02-01,2016,2015-16,February,LPG,EXPORT,,9.560727272727274,PPAC,,,,1751964622_PT_IMPORT_VAL_US$_H.xlsx,PT_IMPORT_VAL$_2015-16,26.0,,
2016-02-01,2016,2015-16,February,LPG,IMPORT,1602.58416716509,236.31073139982544,PPAC,1751964598_PT_IMPORT_VAL_RS.CRS._H.xlsx,PT_IMPORT_VALRS_H_2015-16,13.0,1751964622_PT_IMPORT_VAL_US$_H.xlsx,PT_IMPORT_VAL$_2015-16,13.0,2026-08-21T15:32:19.478292+00:00,1.0
2016-02-01,2016,2015-16,February,MS,IMPORT,0.0,0.0,PPAC,1751964598_PT_IMPORT_VAL_RS.CRS._H.xlsx,PT_IMPORT_VALRS_H_2015-16,14.0,1751964622_PT_IMPORT_VAL_US$_H.xlsx,PT_IMPORT_VAL$_2015-16,14.0,2026-08-21T15:32:19.478292+00:00,1.0
2016-02-01,2016,2015-16,February,MS!,EXPORT,4116.072042111,602.692940291993,PPAC,1751964598_PT_IMPORT_VAL_RS.CRS._H.xlsx,PT_IMPORT_VALRS_H_2015-16,27.0,1751964622_PT_IMPORT_VAL_US$_H.xlsx,PT_IMPORT_VAL$_2015-16,27.0,2026-08-21T15:32:19.478292+00:00,1.0
2016-02-01,2016,2015-16,February,Naphtha,EXPORT,1492.5716580730934,218.56615167077356,PPAC,1751964598_PT_IMPORT_VAL_RS.CRS._H.xlsx,PT_IMPORT_VALRS_H_2015-16,28.0,1751964622_PT_IMPORT_VAL_US$_H.xlsx,PT_IMPORT_VAL$_2015-16,28.0,2026-08-21T15:32:19.478292+00:00,1.0
2016-02-01,2016,2015-16,February,Naphtha,IMPORT,496.647669093,72.23943875272727,PPAC,1751964598_PT_IMPORT_VAL_RS.CRS._H.xlsx,PT_IMPORT_VALRS_H_2015-16,15.0,1751964622_PT_IMPORT_VAL_US$_H.xlsx,PT_IMPORT_VAL$_2015-16,15.0,2026-08-21T15:32:19.478292+00:00,1.0
2016-02-01,2016,2015-16,February,Others,EXPORT,,79.72839717666966,PPAC,,,,1751964622_PT_IMPORT_VAL_US$_H.xlsx,PT_IMPORT_VAL$_2015-16,36.0,,
2016-02-01,2016,2015-16,February,Others%,EXPORT,546.7688304260009,,PPAC,1751964598_PT_IMPORT_VAL_RS.CRS._H.xlsx,PT_IMPORT_VALRS_H_2015-16,36.0,,,,2026-08-21T15:32:19.478292+00:00,1.0
2016-02-01,2016,2015-16,February,Others&,IMPORT,794.8445327000004,115.6066198172727,PPAC,1751964598_PT_IMPORT_VAL_RS.CRS._H.xlsx,PT_IMPORT_VALRS_H_2015-16,22.0,1751964622_PT_IMPORT_VAL_US$_H.xlsx,PT_IMPORT_VAL$_2015-16,22.0,2026-08-21T15:32:19.478292+00:00,1.0
2016-02-01,2016,2015-16,February,SKO,EXPORT,2.42,0.352,PPAC,1751964598_PT_IMPORT_VAL_RS.CRS._H.xlsx,PT_IMPORT_VALRS_H_2015-16,30.0,1751964622_PT_IMPORT_VAL_US$_H.xlsx,PT_IMPORT_VAL$_2015-16,30.0,2026-08-21T15:32:19.478292+00:00,1.0
2016-02-01,2016,2015-16,February,SKO,IMPORT,0.0,0.0,PPAC,1751964598_PT_IMPORT_VAL_RS.CRS._H.xlsx,PT_IMPORT_VALRS_H_2015-16,17.0,1751964622_PT_IMPORT_VAL_US$_H.xlsx,PT_IMPORT_VAL$_2015-16,17.0,2026-08-21T15:32:19.478292+00:00,1.0
2016-03-01,2016,2015-16,March,ATF,IMPORT,99.070778,14.842064119850189,PPAC,1751964598_PT_IMPORT_VAL_RS.CRS._H.xlsx,PT_IMPORT_VALRS_H_2015-16,16.0,1751964622_PT_IMPORT_VAL_US$_H.xlsx,PT_IMPORT_VAL$_2015-16,16.0,2026-08-21T15:32:19.478292+00:00,1.0
2016-03-01,2016,2015-16,March,ATF#,EXPORT,1763.585652194,263.96963206231936,PPAC,1751964598_PT_IMPORT_VAL_RS.CRS._H.xlsx,PT_IMPORT_VALRS_H_2015-16,29.0,1751964622_PT_IMPORT_VAL_US$_H.xlsx,PT_IMPORT_VAL$_2015-16,29.0,2026-08-21T15:32:19.478292+00:00,1.0
2016-03-01,2016,2015-16,March,Bitumen,EXPORT,8.370969432,1.2608854694382021,PPAC,1751964598_PT_IMPORT_VAL_RS.CRS._H.xlsx,PT_IMPORT_VALRS_H_2015-16,35.0,1751964622_PT_IMPORT_VAL_US$_H.xlsx,PT_IMPORT_VAL$_2015-16,35.0,2026-08-21T15:32:19.478292+00:00,1.0
2016-03-01,2016,2015-16,March,Bitumen,IMPORT,157.1283399,23.53982620224719,PPAC,1751964598_PT_IMPORT_VAL_RS.CRS._H.xlsx,PT_IMPORT_VALRS_H_2015-16,21.0,1751964622_PT_IMPORT_VAL_US$_H.xlsx,PT_IMPORT_VAL$_2015-16,21.0,2026-08-21T15:32:19.478292+00:00,1.0
2016-03-01,2016,2015-16,March,CRUDE OIL,IMPORT,29037.647861886184,4330.578027246629,PPAC,1751964598_PT_IMPORT_VAL_RS.CRS._H.xlsx,PT_IMPORT_VALRS_H_2015-16,11.0,1751964622_PT_IMPORT_VAL_US$_H.xlsx,PT_IMPORT_VAL$_2015-16,11.0,2026-08-21T15:32:19.478292+00:00,1.0
2016-03-01,2016,2015-16,March,Fuel Oil,EXPORT,135.1535007,20.218326280374527,PPAC,1751964598_PT_IMPORT_VAL_RS.CRS._H.xlsx,PT_IMPORT_VALRS_H_2015-16,34.0,1751964622_PT_IMPORT_VAL_US$_H.xlsx,PT_IMPORT_VAL$_2015-16,34.0,2026-08-21T15:32:19.478292+00:00,1.0
2016-03-01,2016,2015-16,March,Fuel Oil,IMPORT,146.2686448,21.996006764044942,PPAC,1751964598_PT_IMPORT_VAL_RS.CRS._H.xlsx,PT_IMPORT_VALRS_H_2015-16,20.0,1751964622_PT_IMPORT_VAL_US$_H.xlsx,PT_IMPORT_VAL$_2015-16,20.0,2026-08-21T15:32:19.478292+00:00,1.0
2016-03-01,2016,2015-16,March,HSD,EXPORT,4778.232978879,713.7471134884491,PPAC,1751964598_PT_IMPORT_VAL_RS.CRS._H.xlsx,PT_IMPORT_VALRS_H_2015-16,31.0,1751964622_PT_IMPORT_VAL_US$_H.xlsx,PT_IMPORT_VAL$_2015-16,31.0,2026-08-21T15:32:19.478292+00:00,1.0
2016-03-01,2016,2015-16,March,HSD,IMPORT,150.29456949999997,22.51447811172285,PPAC,1751964598_PT_IMPORT_VAL_RS.CRS._H.xlsx,PT_IMPORT_VALRS_H_2015-16,18.0,1751964622_PT_IMPORT_VAL_US$_H.xlsx,PT_IMPORT_VAL$_2015-16,18.0,2026-08-21T15:32:19.478292+00:00,1.0
2016-03-01,2016,2015-16,March,LDO,EXPORT,0.0,0.0,PPAC,1751964598_PT_IMPORT_VAL_RS.CRS._H.xlsx,PT_IMPORT_VALRS_H_2015-16,32.0,1751964622_PT_IMPORT_VAL_US$_H.xlsx,PT_IMPORT_VAL$_2015-16,32.0,2026-08-21T15:32:19.478292+00:00,1.0
2016-03-01,2016,2015-16,March,LOBS/ Lube Oil,EXPORT,14.491929072,2.168229640449438,PPAC,1751964598_PT_IMPORT_VAL_RS.CRS._H.xlsx,PT_IMPORT_VALRS_H_2015-16,33.0,1751964622_PT_IMPORT_VAL_US$_H.xlsx,PT_IMPORT_VAL$_2015-16,33.0,2026-08-21T15:32:19.478292+00:00,1.0
2016-03-01,2016,2015-16,March,LOBS/ Lube oil,IMPORT,706.194274395,105.79689504044944,PPAC,1751964598_PT_IMPORT_VAL_RS.CRS._H.xlsx,PT_IMPORT_VALRS_H_2015-16,19.0,1751964622_PT_IMPORT_VAL_US$_H.xlsx,PT_IMPORT_VAL$_2015-16,19.0,2026-08-21T15:32:19.478292+00:00,1.0
2016-03-01,2016,2015-16,March,LPG,EXPORT,,15.70187265917603,PPAC,,,,1751964622_PT_IMPORT_VAL_US$_H.xlsx,PT_IMPORT_VAL$_2015-16,26.0,,
2016-03-01,2016,2015-16,March,LPG,IMPORT,1711.5651991,256.40027938576776,PPAC,1751964598_PT_IMPORT_VAL_RS.CRS._H.xlsx,PT_IMPORT_VALRS_H_2015-16,13.0,1751964622_PT_IMPORT_VAL_US$_H.xlsx,PT_IMPORT_VAL$_2015-16,13.0,2026-08-21T15:32:19.478292+00:00,1.0
2016-03-01,2016,2015-16,March,MS,IMPORT,64.703836551,9.69290616,PPAC,1751964598_PT_IMPORT_VAL_RS.CRS._H.xlsx,PT_IMPORT_VALRS_H_2015-16,14.0,1751964622_PT_IMPORT_VAL_US$_H.xlsx,PT_IMPORT_VAL$_2015-16,14.0,2026-08-21T15:32:19.478292+00:00,1.0
2016-03-01,2016,2015-16,March,MS!,EXPORT,4559.269284162,680.4379365831115,PPAC,1751964598_PT_IMPORT_VAL_RS.CRS._H.xlsx,PT_IMPORT_VALRS_H_2015-16,27.0,1751964622_PT_IMPORT_VAL_US$_H.xlsx,PT_IMPORT_VAL$_2015-16,27.0,2026-08-21T15:32:19.478292+00:00,1.0
2016-03-01,2016,2015-16,March,Naphtha,EXPORT,1511.2466013806518,226.31638981273318,PPAC,1751964598_PT_IMPORT_VAL_RS.CRS._H.xlsx,PT_IMPORT_VALRS_H_2015-16,28.0,1751964622_PT_IMPORT_VAL_US$_H.xlsx,PT_IMPORT_VAL$_2015-16,28.0,2026-08-21T15:32:19.478292+00:00,1.0
2016-03-01,2016,2015-16,March,Naphtha,IMPORT,597.1845876340001,88.91861578385767,PPAC,1751964598_PT_IMPORT_VAL_RS.CRS._H.xlsx,PT_IMPORT_VALRS_H_2015-16,15.0,1751964622_PT_IMPORT_VAL_US$_H.xlsx,PT_IMPORT_VAL$_2015-16,15.0,2026-08-21T15:32:19.478292+00:00,1.0
2016-03-01,2016,2015-16,March,Others,EXPORT,,71.16502426629245,PPAC,,,,1751964622_PT_IMPORT_VAL_US$_H.xlsx,PT_IMPORT_VAL$_2015-16,36.0,,
2016-03-01,2016,2015-16,March,Others%,EXPORT,476.58630470000026,,PPAC,1751964598_PT_IMPORT_VAL_RS.CRS._H.xlsx,PT_IMPORT_VALRS_H_2015-16,36.0,,,,2026-08-21T15:32:19.478292+00:00,1.0
2016-03-01,2016,2015-16,March,Others&,IMPORT,676.4535262000004,101.33503073782776,PPAC,1751964598_PT_IMPORT_VAL_RS.CRS._H.xlsx,PT_IMPORT_VALRS_H_2015-16,22.0,1751964622_PT_IMPORT_VAL_US$_H.xlsx,PT_IMPORT_VAL$_2015-16,22.0,2026-08-21T15:32:19.478292+00:00,1.0
2016-03-01,2016,2015-16,March,SKO,EXPORT,3.61,0.5408239700374532,PPAC,1751964598_PT_IMPORT_VAL_RS.CRS._H.xlsx,PT_IMPORT_VALRS_H_2015-16,30.0,1751964622_PT_IMPORT_VAL_US$_H.xlsx,PT_IMPORT_VAL$_2015-16,30.0,2026-08-21T15:32:19.478292+00:00,1.0
2016-03-01,2016,2015-16,March,SKO,IMPORT,0.0,0.0,PPAC,1751964598_PT_IMPORT_VAL_RS.CRS._H.xlsx,PT_IMPORT_VALRS_H_2015-16,17.0,1751964622_PT_IMPORT_VAL_US$_H.xlsx,PT_IMPORT_VAL$_2015-16,17.0,2026-08-21T15:32:19.478292+00:00,1.0
2018-04-01,2018,2018-19,April,ATF,IMPORT,176.71896310000002,27.816616260034632,PPAC,1751964598_PT_IMPORT_VAL_RS.CRS._H.xlsx,PT_Import_Val_2018-19,16.0,1751964622_PT_IMPORT_VAL_US$_H.xlsx,PT_Import_Val_2018-19,16.0,2026-08-21T15:32:19.402247+00:00,1.0
2018-04-01,2018,2018-19,April,ATF#,EXPORT,2153.547118851,327.3401050730916,PPAC,1751964598_PT_IMPORT_VAL_RS.CRS._H.xlsx,PT_Import_Val_2018-19,29.0,1751964622_PT_IMPORT_VAL_US$_H.xlsx,PT_Import_Val_2018-19,29.0,2026-08-21T15:32:19.402247+00:00,1.0
2018-04-01,2018,2018-19,April,Bitumen,EXPORT,0.0,0.0,PPAC,1751964598_PT_IMPORT_VAL_RS.CRS._H.xlsx,PT_Import_Val_2018-19,35.0,1751964622_PT_IMPORT_VAL_US$_H.xlsx,PT_Import_Val_2018-19,35.0,2026-08-21T15:32:19.402247+00:00,1.0
2018-04-01,2018,2018-19,April,Bitumen,IMPORT,228.02166850000012,35.8919673382654,PPAC,1751964598_PT_IMPORT_VAL_RS.CRS._H.xlsx,PT_Import_Val_2018-19,21.0,1751964622_PT_IMPORT_VAL_US$_H.xlsx,PT_Import_Val_2018-19,21.0,2026-08-21T15:32:19.402247+00:00,1.0
2018-04-01,2018,2018-19,April,CRUDE OIL$,IMPORT,54773.944352908766,8288.062658323483,PPAC,1751964598_PT_IMPORT_VAL_RS.CRS._H.xlsx,PT_Import_Val_2018-19,11.0,1751964622_PT_IMPORT_VAL_US$_H.xlsx,PT_Import_Val_2018-19,11.0,2026-08-21T15:32:19.402247+00:00,1.0
2018-04-01,2018,2018-19,April,Fuel Oil,EXPORT,40.426410499999996,6.078599165748465,PPAC,1751964598_PT_IMPORT_VAL_RS.CRS._H.xlsx,PT_Import_Val_2018-19,34.0,1751964622_PT_IMPORT_VAL_US$_H.xlsx,PT_Import_Val_2018-19,34.0,2026-08-21T15:32:19.402247+00:00,1.0
2018-04-01,2018,2018-19,April,Fuel Oil,IMPORT,930.8103603505035,143.6227837326605,PPAC,1751964598_PT_IMPORT_VAL_RS.CRS._H.xlsx,PT_Import_Val_2018-19,20.0,1751964622_PT_IMPORT_VAL_US$_H.xlsx,PT_Import_Val_2018-19,20.0,2026-08-21T15:32:19.402247+00:00,1.0
2018-04-01,2018,2018-19,April,HSD,EXPORT,6433.996468471623,981.8317285398577,PPAC,1751964598_PT_IMPORT_VAL_RS.CRS._H.xlsx,PT_Import_Val_2018-19,31.0,1751964622_PT_IMPORT_VAL_US$_H.xlsx,PT_Import_Val_2018-19,31.0,2026-08-21T15:32:19.402247+00:00,1.0
2018-04-01,2018,2018-19,April,HSD,IMPORT,295.535984861085,44.54648970342673,PPAC,1751964598_PT_IMPORT_VAL_RS.CRS._H.xlsx,PT_Import_Val_2018-19,18.0,1751964622_PT_IMPORT_VAL_US$_H.xlsx,PT_Import_Val_2018-19,18.0,2026-08-21T15:32:19.402247+00:00,1.0
2018-04-01,2018,2018-19,April,LDO,EXPORT,0.0,0.0,PPAC,1751964598_PT_IMPORT_VAL_RS.CRS._H.xlsx,PT_Import_Val_2018-19,32.0,1751964622_PT_IMPORT_VAL_US$_H.xlsx,PT_Import_Val_2018-19,32.0,2026-08-21T15:32:19.402247+00:00,1.0
2018-04-01,2018,2018-19,April,LOBS/ Lube Oil,EXPORT,2.88,0.4533291358413348,PPAC,1751964598_PT_IMPORT_VAL_RS.CRS._H.xlsx,PT_Import_Val_2018-19,33.0,1751964622_PT_IMPORT_VAL_US$_H.xlsx,PT_Import_Val_2018-19,33.0,2026-08-21T15:32:19.402247+00:00,1.0
2018-04-01,2018,2018-19,April,LOBS/ Lube oil,IMPORT,608.6111880999991,95.7990222099794,PPAC,1751964598_PT_IMPORT_VAL_RS.CRS._H.xlsx,PT_Import_Val_2018-19,19.0,1751964622_PT_IMPORT_VAL_US$_H.xlsx,PT_Import_Val_2018-19,19.0,2026-08-21T15:32:19.402247+00:00,1.0
2018-04-01,2018,2018-19,April,LPG,EXPORT,119.7943018,18.85633587281599,PPAC,1751964598_PT_IMPORT_VAL_RS.CRS._H.xlsx,PT_Import_Val_2018-19,26.0,1751964622_PT_IMPORT_VAL_US$_H.xlsx,PT_Import_Val_2018-19,26.0,2026-08-21T15:32:19.402247+00:00,1.0
2018-04-01,2018,2018-19,April,LPG,IMPORT,2757.009795145292,418.3426665826152,PPAC,1751964598_PT_IMPORT_VAL_RS.CRS._H.xlsx,PT_Import_Val_2018-19,13.0,1751964622_PT_IMPORT_VAL_US$_H.xlsx,PT_Import_Val_2018-19,13.0,2026-08-21T15:32:19.402247+00:00,1.0
2018-04-01,2018,2018-19,April,MS,IMPORT,0.0,0.0,PPAC,1751964598_PT_IMPORT_VAL_RS.CRS._H.xlsx,PT_Import_Val_2018-19,14.0,1751964622_PT_IMPORT_VAL_US$_H.xlsx,PT_Import_Val_2018-19,14.0,2026-08-21T15:32:19.402247+00:00,1.0
2018-04-01,2018,2018-19,April,MS!,EXPORT,4192.192209983777,638.3471879549596,PPAC,1751964598_PT_IMPORT_VAL_RS.CRS._H.xlsx,PT_Import_Val_2018-19,27.0,1751964622_PT_IMPORT_VAL_US$_H.xlsx,PT_Import_Val_2018-19,27.0,2026-08-21T15:32:19.402247+00:00,1.0
2018-04-01,2018,2018-19,April,Naphtha,IMPORT,1353.4022294755969,211.75749308550743,PPAC,1751964598_PT_IMPORT_VAL_RS.CRS._H.xlsx,PT_Import_Val_2018-19,15.0,1751964622_PT_IMPORT_VAL_US$_H.xlsx,PT_Import_Val_2018-19,15.0,2026-08-21T15:32:19.402247+00:00,1.0
2018-04-01,2018,2018-19,April,Naphtha$,EXPORT,2063.5679421593745,316.7815771435669,PPAC,1751964598_PT_IMPORT_VAL_RS.CRS._H.xlsx,PT_Import_Val_2018-19,28.0,1751964622_PT_IMPORT_VAL_US$_H.xlsx,PT_Import_Val_2018-19,28.0,2026-08-21T15:32:19.402247+00:00,1.0
2018-04-01,2018,2018-19,April,Others%,EXPORT,1012.8220009884817,154.53812936374143,PPAC,1751964598_PT_IMPORT_VAL_RS.CRS._H.xlsx,PT_Import_Val_2018-19,36.0,1751964622_PT_IMPORT_VAL_US$_H.xlsx,PT_Import_Val_2018-19,36.0,2026-08-21T15:32:19.402247+00:00,1.0
2018-04-01,2018,2018-19,April,Others&,IMPORT,2021.5808955166526,317.1208848748641,PPAC,1751964598_PT_IMPORT_VAL_RS.CRS._H.xlsx,PT_Import_Val_2018-19,22.0,1751964622_PT_IMPORT_VAL_US$_H.xlsx,PT_Import_Val_2018-19,22.0,2026-08-21T15:32:19.402247+00:00,1.0
2018-04-01,2018,2018-19,April,SKO,EXPORT,6.0975412,0.9597892649142138,PPAC,1751964598_PT_IMPORT_VAL_RS.CRS._H.xlsx,PT_Import_Val_2018-19,30.0,1751964622_PT_IMPORT_VAL_US$_H.xlsx,PT_Import_Val_2018-19,30.0,2026-08-21T15:32:19.402247+00:00,1.0
2018-04-01,2018,2018-19,April,SKO,IMPORT,0.0,0.0,PPAC,1751964598_PT_IMPORT_VAL_RS.CRS._H.xlsx,PT_Import_Val_2018-19,17.0,1751964622_PT_IMPORT_VAL_US$_H.xlsx,PT_Import_Val_2018-19,17.0,2026-08-21T15:32:19.402247+00:00,1.0
2018-05-01,2018,2018-19,May,ATF,IMPORT,34.9884553,5.2143748584202685,PPAC,1751964598_PT_IMPORT_VAL_RS.CRS._H.xlsx,PT_Import_Val_2018-19,16.0,1751964622_PT_IMPORT_VAL_US$_H.xlsx,PT_Import_Val_2018-19,16.0,2026-08-21T15:32:19.402247+00:00,1.0
2018-05-01,2018,2018-19,May,ATF#,EXPORT,2595.3934686848997,384.38290173491805,PPAC,1751964598_PT_IMPORT_VAL_RS.CRS._H.xlsx,PT_Import_Val_2018-19,29.0,1751964622_PT_IMPORT_VAL_US$_H.xlsx,PT_Import_Val_2018-19,29.0,2026-08-21T15:32:19.402247+00:00,1.0
2018-05-01,2018,2018-19,May,Bitumen,EXPORT,1.1405297,0.16997461997019375,PPAC,1751964598_PT_IMPORT_VAL_RS.CRS._H.xlsx,PT_Import_Val_2018-19,35.0,1751964622_PT_IMPORT_VAL_US$_H.xlsx,PT_Import_Val_2018-19,35.0,2026-08-21T15:32:19.402247+00:00,1.0
2018-05-01,2018,2018-19,May,Bitumen,IMPORT,201.1762520000001,29.98155767511179,PPAC,1751964598_PT_IMPORT_VAL_RS.CRS._H.xlsx,PT_Import_Val_2018-19,21.0,1751964622_PT_IMPORT_VAL_US$_H.xlsx,PT_Import_Val_2018-19,21.0,2026-08-21T15:32:19.402247+00:00,1.0
2018-05-01,2018,2018-19,May,CRUDE OIL$,IMPORT,68799.38059590533,10205.16140996509,PPAC,1751964598_PT_IMPORT_VAL_RS.CRS._H.xlsx,PT_Import_Val_2018-19,11.0,1751964622_PT_IMPORT_VAL_US$_H.xlsx,PT_Import_Val_2018-19,11.0,2026-08-21T15:32:19.402247+00:00,1.0
2018-05-01,2018,2018-19,May,Fuel Oil,EXPORT,98.2453353,14.560422934059076,PPAC,1751964598_PT_IMPORT_VAL_RS.CRS._H.xlsx,PT_Import_Val_2018-19,34.0,1751964622_PT_IMPORT_VAL_US$_H.xlsx,PT_Import_Val_2018-19,34.0,2026-08-21T15:32:19.402247+00:00,1.0
2018-05-01,2018,2018-19,May,Fuel Oil,IMPORT,405.3468174657521,60.104147004325114,PPAC,1751964598_PT_IMPORT_VAL_RS.CRS._H.xlsx,PT_Import_Val_2018-19,20.0,1751964622_PT_IMPORT_VAL_US$_H.xlsx,PT_Import_Val_2018-19,20.0,2026-08-21T15:32:19.402247+00:00,1.0
2018-05-01,2018,2018-19,May,HSD,EXPORT,8960.374855866976,1328.7243524926646,PPAC,1751964598_PT_IMPORT_VAL_RS.CRS._H.xlsx,PT_Import_Val_2018-19,31.0,1751964622_PT_IMPORT_VAL_US$_H.xlsx,PT_Import_Val_2018-19,31.0,2026-08-21T15:32:19.402247+00:00,1.0
2018-05-01,2018,2018-19,May,HSD,IMPORT,545.7665787135593,80.6663426803994,PPAC,1751964598_PT_IMPORT_VAL_RS.CRS._H.xlsx,PT_Import_Val_2018-19,18.0,1751964622_PT_IMPORT_VAL_US$_H.xlsx,PT_Import_Val_2018-19,18.0,2026-08-21T15:32:19.402247+00:00,1.0
2018-05-01,2018,2018-19,May,LDO,EXPORT,0.0,0.0,PPAC,1751964598_PT_IMPORT_VAL_RS.CRS._H.xlsx,PT_Import_Val_2018-19,32.0,1751964622_PT_IMPORT_VAL_US$_H.xlsx,PT_Import_Val_2018-19,32.0,2026-08-21T15:32:19.402247+00:00,1.0
2018-05-01,2018,2018-19,May,LOBS/ Lube Oil,EXPORT,5.56,0.8286140089418778,PPAC,1751964598_PT_IMPORT_VAL_RS.CRS._H.xlsx,PT_Import_Val_2018-19,33.0,1751964622_PT_IMPORT_VAL_US$_H.xlsx,PT_Import_Val_2018-19,33.0,2026-08-21T15:32:19.402247+00:00,1.0
2018-05-01,2018,2018-19,May,LOBS/ Lube oil,IMPORT,1117.6558270999974,166.5656970342768,PPAC,1751964598_PT_IMPORT_VAL_RS.CRS._H.xlsx,PT_Import_Val_2018-19,19.0,1751964622_PT_IMPORT_VAL_US$_H.xlsx,PT_Import_Val_2018-19,19.0,2026-08-21T15:32:19.402247+00:00,1.0
2018-05-01,2018,2018-19,May,LPG,EXPORT,137.0889821,20.430548748137113,PPAC,1751964598_PT_IMPORT_VAL_RS.CRS._H.xlsx,PT_Import_Val_2018-19,26.0,1751964622_PT_IMPORT_VAL_US$_H.xlsx,PT_Import_Val_2018-19,26.0,2026-08-21T15:32:19.402247+00:00,1.0
2018-05-01,2018,2018-19,May,LPG,IMPORT,3035.20636458348,451.2612964062993,PPAC,1751964598_PT_IMPORT_VAL_RS.CRS._H.xlsx,PT_Import_Val_2018-19,13.0,1751964622_PT_IMPORT_VAL_US$_H.xlsx,PT_Import_Val_2018-19,13.0,2026-08-21T15:32:19.402247+00:00,1.0
2018-05-01,2018,2018-19,May,MS,IMPORT,862.974431564746,127.19659602403999,PPAC,1751964598_PT_IMPORT_VAL_RS.CRS._H.xlsx,PT_Import_Val_2018-19,14.0,1751964622_PT_IMPORT_VAL_US$_H.xlsx,PT_Import_Val_2018-19,14.0,2026-08-21T15:32:19.402247+00:00,1.0
2018-05-01,2018,2018-19,May,MS!,EXPORT,5836.464384317178,864.5544555802795,PPAC,1751964598_PT_IMPORT_VAL_RS.CRS._H.xlsx,PT_Import_Val_2018-19,27.0,1751964622_PT_IMPORT_VAL_US$_H.xlsx,PT_Import_Val_2018-19,27.0,2026-08-21T15:32:19.402247+00:00,1.0
2018-05-01,2018,2018-19,May,Naphtha,IMPORT,588.1531976338124,87.83567508229285,PPAC,1751964598_PT_IMPORT_VAL_RS.CRS._H.xlsx,PT_Import_Val_2018-19,15.0,1751964622_PT_IMPORT_VAL_US$_H.xlsx,PT_Import_Val_2018-19,15.0,2026-08-21T15:32:19.402247+00:00,1.0
2018-05-01,2018,2018-19,May,Naphtha$,EXPORT,2427.2590552090132,360.44726557817694,PPAC,1751964598_PT_IMPORT_VAL_RS.CRS._H.xlsx,PT_Import_Val_2018-19,28.0,1751964622_PT_IMPORT_VAL_US$_H.xlsx,PT_Import_Val_2018-19,28.0,2026-08-21T15:32:19.402247+00:00,1.0
2018-05-01,2018,2018-19,May,Others%,EXPORT,1025.3972695246682,152.04392058234566,PPAC,1751964598_PT_IMPORT_VAL_RS.CRS._H.xlsx,PT_Import_Val_2018-19,36.0,1751964622_PT_IMPORT_VAL_US$_H.xlsx,PT_Import_Val_2018-19,36.0,2026-08-21T15:32:19.402247+00:00,1.0
2018-05-01,2018,2018-19,May,Others&,IMPORT,2052.4860110790923,306.1096749413433,PPAC,1751964598_PT_IMPORT_VAL_RS.CRS._H.xlsx,PT_Import_Val_2018-19,22.0,1751964622_PT_IMPORT_VAL_US$_H.xlsx,PT_Import_Val_2018-19,22.0,2026-08-21T15:32:19.402247+00:00,1.0
2018-05-01,2018,2018-19,May,SKO,EXPORT,8.7787065,1.3083020119225037,PPAC,1751964598_PT_IMPORT_VAL_RS.CRS._H.xlsx,PT_Import_Val_2018-19,30.0,1751964622_PT_IMPORT_VAL_US$_H.xlsx,PT_Import_Val_2018-19,30.0,2026-08-21T15:32:19.402247+00:00,1.0
2018-05-01,2018,2018-19,May,SKO,IMPORT,0.0,0.0,PPAC,1751964598_PT_IMPORT_VAL_RS.CRS._H.xlsx,PT_Import_Val_2018-19,17.0,1751964622_PT_IMPORT_VAL_US$_H.xlsx,PT_Import_Val_2018-19,17.0,2026-08-21T15:32:19.402247+00:00,1.0
2018-06-01,2018,2018-19,June,ATF,IMPORT,76.2981145,11.278361345158904,PPAC,1751964598_PT_IMPORT_VAL_RS.CRS._H.xlsx,PT_Import_Val_2018-19,16.0,1751964622_PT_IMPORT_VAL_US$_H.xlsx,PT_Import_Val_2018-19,16.0,2026-08-21T15:32:19.402247+00:00,1.0
2018-06-01,2018,2018-19,June,ATF#,EXPORT,3420.200119336149,505.0476524586792,PPAC,1751964598_PT_IMPORT_VAL_RS.CRS._H.xlsx,PT_Import_Val_2018-19,29.0,1751964622_PT_IMPORT_VAL_US$_H.xlsx,PT_Import_Val_2018-19,29.0,2026-08-21T15:32:19.402247+00:00,1.0
2018-06-01,2018,2018-19,June,Bitumen,EXPORT,9.2947649,1.3739489874353288,PPAC,1751964598_PT_IMPORT_VAL_RS.CRS._H.xlsx,PT_Import_Val_2018-19,35.0,1751964622_PT_IMPORT_VAL_US$_H.xlsx,PT_Import_Val_2018-19,35.0,2026-08-21T15:32:19.402247+00:00,1.0
2018-06-01,2018,2018-19,June,Bitumen,IMPORT,129.29772709999995,19.112746060606053,PPAC,1751964598_PT_IMPORT_VAL_RS.CRS._H.xlsx,PT_Import_Val_2018-19,21.0,1751964622_PT_IMPORT_VAL_US$_H.xlsx,PT_Import_Val_2018-19,21.0,2026-08-21T15:32:19.402247+00:00,1.0
2018-06-01,2018,2018-19,June,CRUDE OIL$,IMPORT,69745.59032409028,10246.968186921851,PPAC,1751964598_PT_IMPORT_VAL_RS.CRS._H.xlsx,PT_Import_Val_2018-19,11.0,1751964622_PT_IMPORT_VAL_US$_H.xlsx,PT_Import_Val_2018-19,11.0,2026-08-21T15:32:19.402247+00:00,1.0
2018-06-01,2018,2018-19,June,Fuel Oil,EXPORT,218.73405309999998,32.24112288402718,PPAC,1751964598_PT_IMPORT_VAL_RS.CRS._H.xlsx,PT_Import_Val_2018-19,34.0,1751964622_PT_IMPORT_VAL_US$_H.xlsx,PT_Import_Val_2018-19,34.0,2026-08-21T15:32:19.402247+00:00,1.0
2018-06-01,2018,2018-19,June,Fuel Oil,IMPORT,703.108100539316,104.18855561905852,PPAC,1751964598_PT_IMPORT_VAL_RS.CRS._H.xlsx,PT_Import_Val_2018-19,20.0,1751964622_PT_IMPORT_VAL_US$_H.xlsx,PT_Import_Val_2018-19,20.0,2026-08-21T15:32:19.402247+00:00,1.0
2018-06-01,2018,2018-19,June,HSD,EXPORT,10802.442077544041,1593.0386306191447,PPAC,1751964598_PT_IMPORT_VAL_RS.CRS._H.xlsx,PT_Import_Val_2018-19,31.0,1751964622_PT_IMPORT_VAL_US$_H.xlsx,PT_Import_Val_2018-19,31.0,2026-08-21T15:32:19.402247+00:00,1.0
2018-06-01,2018,2018-19,June,HSD,IMPORT,29.937406699999993,4.425337280118254,PPAC,1751964598_PT_IMPORT_VAL_RS.CRS._H.xlsx,PT_Import_Val_2018-19,18.0,1751964622_PT_IMPORT_VAL_US$_H.xlsx,PT_Import_Val_2018-19,18.0,2026-08-21T15:32:19.402247+00:00,1.0
2018-06-01,2018,2018-19,June,LDO,EXPORT,0.0,0.0,PPAC,1751964598_PT_IMPORT_VAL_RS.CRS._H.xlsx,PT_Import_Val_2018-19,32.0,1751964622_PT_IMPORT_VAL_US$_H.xlsx,PT_Import_Val_2018-19,32.0,2026-08-21T15:32:19.402247+00:00,1.0
2018-06-01,2018,2018-19,June,LOBS/ Lube Oil,EXPORT,8.86,1.3096821877309681,PPAC,1751964598_PT_IMPORT_VAL_RS.CRS._H.xlsx,PT_Import_Val_2018-19,33.0,1751964622_PT_IMPORT_VAL_US$_H.xlsx,PT_Import_Val_2018-19,33.0,2026-08-21T15:32:19.402247+00:00,1.0
2018-06-01,2018,2018-19,June,LOBS/ Lube oil,IMPORT,1229.4522331999995,181.73721111603834,PPAC,1751964598_PT_IMPORT_VAL_RS.CRS._H.xlsx,PT_Import_Val_2018-19,19.0,1751964622_PT_IMPORT_VAL_US$_H.xlsx,PT_Import_Val_2018-19,19.0,2026-08-21T15:32:19.402247+00:00,1.0
2018-06-01,2018,2018-19,June,LPG,EXPORT,151.5571988,22.403133599408722,PPAC,1751964598_PT_IMPORT_VAL_RS.CRS._H.xlsx,PT_Import_Val_2018-19,26.0,1751964622_PT_IMPORT_VAL_US$_H.xlsx,PT_Import_Val_2018-19,26.0,2026-08-21T15:32:19.402247+00:00,1.0
2018-06-01,2018,2018-19,June,LPG,IMPORT,4267.9005282536755,630.5689178726623,PPAC,1751964598_PT_IMPORT_VAL_RS.CRS._H.xlsx,PT_Import_Val_2018-19,13.0,1751964622_PT_IMPORT_VAL_US$_H.xlsx,PT_Import_Val_2018-19,13.0,2026-08-21T15:32:19.402247+00:00,1.0
2018-06-01,2018,2018-19,June,MS,IMPORT,0.0,0.0,PPAC,1751964598_PT_IMPORT_VAL_RS.CRS._H.xlsx,PT_Import_Val_2018-19,14.0,1751964622_PT_IMPORT_VAL_US$_H.xlsx,PT_Import_Val_2018-19,14.0,2026-08-21T15:32:19.402247+00:00,1.0
2018-06-01,2018,2018-19,June,MS!,EXPORT,5930.768767053055,875.3082382998383,PPAC,1751964598_PT_IMPORT_VAL_RS.CRS._H.xlsx,PT_Import_Val_2018-19,27.0,1751964622_PT_IMPORT_VAL_US$_H.xlsx,PT_Import_Val_2018-19,27.0,2026-08-21T15:32:19.402247+00:00,1.0
2018-06-01,2018,2018-19,June,Naphtha,IMPORT,977.1644903301062,144.444122739114,PPAC,1751964598_PT_IMPORT_VAL_RS.CRS._H.xlsx,PT_Import_Val_2018-19,15.0,1751964622_PT_IMPORT_VAL_US$_H.xlsx,PT_Import_Val_2018-19,15.0,2026-08-21T15:32:19.402247+00:00,1.0
2018-06-01,2018,2018-19,June,Naphtha$,EXPORT,2767.753567152717,408.4969449082088,PPAC,1751964598_PT_IMPORT_VAL_RS.CRS._H.xlsx,PT_Import_Val_2018-19,28.0,1751964622_PT_IMPORT_VAL_US$_H.xlsx,PT_Import_Val_2018-19,28.0,2026-08-21T15:32:19.402247+00:00,1.0
2018-06-01,2018,2018-19,June,Others%,EXPORT,786.4053009338174,115.82250739099362,PPAC,1751964598_PT_IMPORT_VAL_RS.CRS._H.xlsx,PT_Import_Val_2018-19,36.0,1751964622_PT_IMPORT_VAL_US$_H.xlsx,PT_Import_Val_2018-19,36.0,2026-08-21T15:32:19.402247+00:00,1.0
2018-06-01,2018,2018-19,June,Others&,IMPORT,2411.7698026364733,356.42851245772937,PPAC,1751964598_PT_IMPORT_VAL_RS.CRS._H.xlsx,PT_Import_Val_2018-19,22.0,1751964622_PT_IMPORT_VAL_US$_H.xlsx,PT_Import_Val_2018-19,22.0,2026-08-21T15:32:19.402247+00:00,1.0
2018-06-01,2018,2018-19,June,SKO,EXPORT,9.3953493,1.3888173392461196,PPAC,1751964598_PT_IMPORT_VAL_RS.CRS._H.xlsx,PT_Import_Val_2018-19,30.0,1751964622_PT_IMPORT_VAL_US$_H.xlsx,PT_Import_Val_2018-19,30.0,2026-08-21T15:32:19.402247+00:00,1.0
2018-06-01,2018,2018-19,June,SKO,IMPORT,0.0,0.0,PPAC,1751964598_PT_IMPORT_VAL_RS.CRS._H.xlsx,PT_Import_Val_2018-19,17.0,1751964622_PT_IMPORT_VAL_US$_H.xlsx,PT_Import_Val_2018-19,17.0,2026-08-21T15:32:19.402247+00:00,1.0
2018-07-01,2018,2018-19,July,ATF,IMPORT,157.3663777,22.856409251997093,PPAC,1751964598_PT_IMPORT_VAL_RS.CRS._H.xlsx,PT_Import_Val_2018-19,16.0,1751964622_PT_IMPORT_VAL_US$_H.xlsx,PT_Import_Val_2018-19,16.0,2026-08-21T15:32:19.402247+00:00,1.0
2018-07-01,2018,2018-19,July,ATF#,EXPORT,3089.6859802801464,449.3758848869406,PPAC,1751964598_PT_IMPORT_VAL_RS.CRS._H.xlsx,PT_Import_Val_2018-19,29.0,1751964622_PT_IMPORT_VAL_US$_H.xlsx,PT_Import_Val_2018-19,29.0,2026-08-21T15:32:19.402247+00:00,1.0
2018-07-01,2018,2018-19,July,Bitumen,EXPORT,0.0,0.0,PPAC,1751964598_PT_IMPORT_VAL_RS.CRS._H.xlsx,PT_Import_Val_2018-19,35.0,1751964622_PT_IMPORT_VAL_US$_H.xlsx,PT_Import_Val_2018-19,35.0,2026-08-21T15:32:19.402247+00:00,1.0
2018-07-01,2018,2018-19,July,Bitumen,IMPORT,107.08283110000004,15.55306188816268,PPAC,1751964598_PT_IMPORT_VAL_RS.CRS._H.xlsx,PT_Import_Val_2018-19,21.0,1751964622_PT_IMPORT_VAL_US$_H.xlsx,PT_Import_Val_2018-19,21.0,2026-08-21T15:32:19.402247+00:00,1.0
2018-07-01,2018,2018-19,July,CRUDE OIL$,IMPORT,71013.14156541936,10260.859847671076,PPAC,1751964598_PT_IMPORT_VAL_RS.CRS._H.xlsx,PT_Import_Val_2018-19,11.0,1751964622_PT_IMPORT_VAL_US$_H.xlsx,PT_Import_Val_2018-19,11.0,2026-08-21T15:32:19.402247+00:00,1.0
2018-07-01,2018,2018-19,July,Fuel Oil,EXPORT,583.6946052616,84.71153905965323,PPAC,1751964598_PT_IMPORT_VAL_RS.CRS._H.xlsx,PT_Import_Val_2018-19,34.0,1751964622_PT_IMPORT_VAL_US$_H.xlsx,PT_Import_Val_2018-19,34.0,2026-08-21T15:32:19.402247+00:00,1.0
2018-07-01,2018,2018-19,July,Fuel Oil,IMPORT,596.5477873680337,87.2856171390499,PPAC,1751964598_PT_IMPORT_VAL_RS.CRS._H.xlsx,PT_Import_Val_2018-19,20.0,1751964622_PT_IMPORT_VAL_US$_H.xlsx,PT_Import_Val_2018-19,20.0,2026-08-21T15:32:19.402247+00:00,1.0
2018-07-01,2018,2018-19,July,HSD,EXPORT,10941.490300839683,1592.1508092744734,PPAC,1751964598_PT_IMPORT_VAL_RS.CRS._H.xlsx,PT_Import_Val_2018-19,31.0,1751964622_PT_IMPORT_VAL_US$_H.xlsx,PT_Import_Val_2018-19,31.0,2026-08-21T15:32:19.402247+00:00,1.0
2018-07-01,2018,2018-19,July,HSD,IMPORT,11.300313199999998,1.6412945824255627,PPAC,1751964598_PT_IMPORT_VAL_RS.CRS._H.xlsx,PT_Import_Val_2018-19,18.0,1751964622_PT_IMPORT_VAL_US$_H.xlsx,PT_Import_Val_2018-19,18.0,2026-08-21T15:32:19.402247+00:00,1.0
2018-07-01,2018,2018-19,July,LDO,EXPORT,0.0,0.0,PPAC,1751964598_PT_IMPORT_VAL_RS.CRS._H.xlsx,PT_Import_Val_2018-19,32.0,1751964622_PT_IMPORT_VAL_US$_H.xlsx,PT_Import_Val_2018-19,32.0,2026-08-21T15:32:19.402247+00:00,1.0
2018-07-01,2018,2018-19,July,LOBS/ Lube Oil,EXPORT,7.22,1.048656499636892,PPAC,1751964598_PT_IMPORT_VAL_RS.CRS._H.xlsx,PT_Import_Val_2018-19,33.0,1751964622_PT_IMPORT_VAL_US$_H.xlsx,PT_Import_Val_2018-19,33.0,2026-08-21T15:32:19.402247+00:00,1.0
2018-07-01,2018,2018-19,July,LOBS/ Lube oil,IMPORT,1053.901062053635,153.0720496809928,PPAC,1751964598_PT_IMPORT_VAL_RS.CRS._H.xlsx,PT_Import_Val_2018-19,19.0,1751964622_PT_IMPORT_VAL_US$_H.xlsx,PT_Import_Val_2018-19,19.0,2026-08-21T15:32:19.402247+00:00,1.0
2018-07-01,2018,2018-19,July,LPG,EXPORT,162.4785888,23.598923572984752,PPAC,1751964598_PT_IMPORT_VAL_RS.CRS._H.xlsx,PT_Import_Val_2018-19,26.0,1751964622_PT_IMPORT_VAL_US$_H.xlsx,PT_Import_Val_2018-19,26.0,2026-08-21T15:32:19.402247+00:00,1.0
2018-07-01,2018,2018-19,July,LPG,IMPORT,4310.919907843068,628.9281299406385,PPAC,1751964598_PT_IMPORT_VAL_RS.CRS._H.xlsx,PT_Import_Val_2018-19,13.0,1751964622_PT_IMPORT_VAL_US$_H.xlsx,PT_Import_Val_2018-19,13.0,2026-08-21T15:32:19.402247+00:00,1.0
2018-07-01,2018,2018-19,July,MS,IMPORT,0.0,0.0,PPAC,1751964598_PT_IMPORT_VAL_RS.CRS._H.xlsx,PT_Import_Val_2018-19,14.0,1751964622_PT_IMPORT_VAL_US$_H.xlsx,PT_Import_Val_2018-19,14.0,2026-08-21T15:32:19.402247+00:00,1.0
2018-07-01,2018,2018-19,July,MS!,EXPORT,5225.796466767466,760.4436289224046,PPAC,1751964598_PT_IMPORT_VAL_RS.CRS._H.xlsx,PT_Import_Val_2018-19,27.0,1751964622_PT_IMPORT_VAL_US$_H.xlsx,PT_Import_Val_2018-19,27.0,2026-08-21T15:32:19.402247+00:00,1.0
2018-07-01,2018,2018-19,July,Naphtha,IMPORT,783.8342163746106,113.84665452064061,PPAC,1751964598_PT_IMPORT_VAL_RS.CRS._H.xlsx,PT_Import_Val_2018-19,15.0,1751964622_PT_IMPORT_VAL_US$_H.xlsx,PT_Import_Val_2018-19,15.0,2026-08-21T15:32:19.402247+00:00,1.0
2018-07-01,2018,2018-19,July,Naphtha$,EXPORT,2777.4232129734664,403.5605139644918,PPAC,1751964598_PT_IMPORT_VAL_RS.CRS._H.xlsx,PT_Import_Val_2018-19,28.0,1751964622_PT_IMPORT_VAL_US$_H.xlsx,PT_Import_Val_2018-19,28.0,2026-08-21T15:32:19.402247+00:00,1.0
2018-07-01,2018,2018-19,July,Others%,EXPORT,1097.3939334136774,159.58267040551587,PPAC,1751964598_PT_IMPORT_VAL_RS.CRS._H.xlsx,PT_Import_Val_2018-19,36.0,1751964622_PT_IMPORT_VAL_US$_H.xlsx,PT_Import_Val_2018-19,36.0,2026-08-21T15:32:19.402247+00:00,1.0
2018-07-01,2018,2018-19,July,Others&,IMPORT,2445.600735595788,355.6494792893888,PPAC,1751964598_PT_IMPORT_VAL_RS.CRS._H.xlsx,PT_Import_Val_2018-19,22.0,1751964622_PT_IMPORT_VAL_US$_H.xlsx,PT_Import_Val_2018-19,22.0,2026-08-21T15:32:19.402247+00:00,1.0
2018-07-01,2018,2018-19,July,SKO,EXPORT,8.2056697,1.1918184023238927,PPAC,1751964598_PT_IMPORT_VAL_RS.CRS._H.xlsx,PT_Import_Val_2018-19,30.0,1751964622_PT_IMPORT_VAL_US$_H.xlsx,PT_Import_Val_2018-19,30.0,2026-08-21T15:32:19.402247+00:00,1.0
2018-07-01,2018,2018-19,July,SKO,IMPORT,0.0,0.0,PPAC,1751964598_PT_IMPORT_VAL_RS.CRS._H.xlsx,PT_Import_Val_2018-19,17.0,1751964622_PT_IMPORT_VAL_US$_H.xlsx,PT_Import_Val_2018-19,17.0,2026-08-21T15:32:19.402247+00:00,1.0
2018-08-01,2018,2018-19,August,ATF,IMPORT,199.0777909,28.851853753623185,PPAC,1751964598_PT_IMPORT_VAL_RS.CRS._H.xlsx,PT_Import_Val_2018-19,16.0,1751964622_PT_IMPORT_VAL_US$_H.xlsx,PT_Import_Val_2018-19,16.0,2026-08-21T15:32:19.402247+00:00,1.0
2018-08-01,2018,2018-19,August,ATF#,EXPORT,2914.012744940213,420.193732256842,PPAC,1751964598_PT_IMPORT_VAL_RS.CRS._H.xlsx,PT_Import_Val_2018-19,29.0,1751964622_PT_IMPORT_VAL_US$_H.xlsx,PT_Import_Val_2018-19,29.0,2026-08-21T15:32:19.402247+00:00,1.0
2018-08-01,2018,2018-19,August,Bitumen,EXPORT,6.515428,0.9442649275362319,PPAC,1751964598_PT_IMPORT_VAL_RS.CRS._H.xlsx,PT_Import_Val_2018-19,35.0,1751964622_PT_IMPORT_VAL_US$_H.xlsx,PT_Import_Val_2018-19,35.0,2026-08-21T15:32:19.402247+00:00,1.0
2018-08-01,2018,2018-19,August,Bitumen,IMPORT,91.3799122,13.243465536231886,PPAC,1751964598_PT_IMPORT_VAL_RS.CRS._H.xlsx,PT_Import_Val_2018-19,21.0,1751964622_PT_IMPORT_VAL_US$_H.xlsx,PT_Import_Val_2018-19,21.0,2026-08-21T15:32:19.402247+00:00,1.0
2018-08-01,2018,2018-19,August,CRUDE OIL$,IMPORT,69055.32315261489,9784.598495875052,PPAC,1751964598_PT_IMPORT_VAL_RS.CRS._H.xlsx,PT_Import_Val_2018-19,11.0,1751964622_PT_IMPORT_VAL_US$_H.xlsx,PT_Import_Val_2018-19,11.0,2026-08-21T15:32:19.402247+00:00,1.0
2018-08-01,2018,2018-19,August,Fuel Oil,EXPORT,1029.858949257,147.44167641831808,PPAC,1751964598_PT_IMPORT_VAL_RS.CRS._H.xlsx,PT_Import_Val_2018-19,34.0,1751964622_PT_IMPORT_VAL_US$_H.xlsx,PT_Import_Val_2018-19,34.0,2026-08-21T15:32:19.402247+00:00,1.0
2018-08-01,2018,2018-19,August,Fuel Oil,IMPORT,264.05185100000017,38.268384202898574,PPAC,1751964598_PT_IMPORT_VAL_RS.CRS._H.xlsx,PT_Import_Val_2018-19,20.0,1751964622_PT_IMPORT_VAL_US$_H.xlsx,PT_Import_Val_2018-19,20.0,2026-08-21T15:32:19.402247+00:00,1.0
2018-08-01,2018,2018-19,August,HSD,EXPORT,12955.968069218432,1864.3388459091907,PPAC,1751964598_PT_IMPORT_VAL_RS.CRS._H.xlsx,PT_Import_Val_2018-19,31.0,1751964622_PT_IMPORT_VAL_US$_H.xlsx,PT_Import_Val_2018-19,31.0,2026-08-21T15:32:19.402247+00:00,1.0
2018-08-01,2018,2018-19,August,HSD,IMPORT,20.150009599999994,2.9202912463768107,PPAC,1751964598_PT_IMPORT_VAL_RS.CRS._H.xlsx,PT_Import_Val_2018-19,18.0,1751964622_PT_IMPORT_VAL_US$_H.xlsx,PT_Import_Val_2018-19,18.0,2026-08-21T15:32:19.402247+00:00,1.0
2018-08-01,2018,2018-19,August,LDO,EXPORT,0.0,0.0,PPAC,1751964598_PT_IMPORT_VAL_RS.CRS._H.xlsx,PT_Import_Val_2018-19,32.0,1751964622_PT_IMPORT_VAL_US$_H.xlsx,PT_Import_Val_2018-19,32.0,2026-08-21T15:32:19.402247+00:00,1.0
2018-08-01,2018,2018-19,August,LOBS/ Lube Oil,EXPORT,9.46,1.3710144927536232,PPAC,1751964598_PT_IMPORT_VAL_RS.CRS._H.xlsx,PT_Import_Val_2018-19,33.0,1751964622_PT_IMPORT_VAL_US$_H.xlsx,PT_Import_Val_2018-19,33.0,2026-08-21T15:32:19.402247+00:00,1.0
2018-08-01,2018,2018-19,August,LOBS/ Lube oil,IMPORT,1232.4479588649983,178.61564621231858,PPAC,1751964598_PT_IMPORT_VAL_RS.CRS._H.xlsx,PT_Import_Val_2018-19,19.0,1751964622_PT_IMPORT_VAL_US$_H.xlsx,PT_Import_Val_2018-19,19.0,2026-08-21T15:32:19.402247+00:00,1.0
2018-08-01,2018,2018-19,August,LPG,EXPORT,158.7438838,23.006359971014493,PPAC,1751964598_PT_IMPORT_VAL_RS.CRS._H.xlsx,PT_Import_Val_2018-19,26.0,1751964622_PT_IMPORT_VAL_US$_H.xlsx,PT_Import_Val_2018-19,26.0,2026-08-21T15:32:19.402247+00:00,1.0
2018-08-01,2018,2018-19,August,LPG,IMPORT,5131.261197093075,743.7473782599758,PPAC,1751964598_PT_IMPORT_VAL_RS.CRS._H.xlsx,PT_Import_Val_2018-19,13.0,1751964622_PT_IMPORT_VAL_US$_H.xlsx,PT_Import_Val_2018-19,13.0,2026-08-21T15:32:19.402247+00:00,1.0
2018-08-01,2018,2018-19,August,MS,IMPORT,193.91637524700002,27.3250275,PPAC,1751964598_PT_IMPORT_VAL_RS.CRS._H.xlsx,PT_Import_Val_2018-19,14.0,1751964622_PT_IMPORT_VAL_US$_H.xlsx,PT_Import_Val_2018-19,14.0,2026-08-21T15:32:19.402247+00:00,1.0
2018-08-01,2018,2018-19,August,MS!,EXPORT,4276.538829103614,615.6326868526311,PPAC,1751964598_PT_IMPORT_VAL_RS.CRS._H.xlsx,PT_Import_Val_2018-19,27.0,1751964622_PT_IMPORT_VAL_US$_H.xlsx,PT_Import_Val_2018-19,27.0,2026-08-21T15:32:19.402247+00:00,1.0
2018-08-01,2018,2018-19,August,Naphtha,IMPORT,761.58518887739,110.37466505469422,PPAC,1751964598_PT_IMPORT_VAL_RS.CRS._H.xlsx,PT_Import_Val_2018-19,15.0,1751964622_PT_IMPORT_VAL_US$_H.xlsx,PT_Import_Val_2018-19,15.0,2026-08-21T15:32:19.402247+00:00,1.0
2018-08-01,2018,2018-19,August,Naphtha$,EXPORT,3059.525593933997,440.43685946291555,PPAC,1751964598_PT_IMPORT_VAL_RS.CRS._H.xlsx,PT_Import_Val_2018-19,28.0,1751964622_PT_IMPORT_VAL_US$_H.xlsx,PT_Import_Val_2018-19,28.0,2026-08-21T15:32:19.402247+00:00,1.0
2018-08-01,2018,2018-19,August,Others%,EXPORT,1067.952484363,153.921383053816,PPAC,1751964598_PT_IMPORT_VAL_RS.CRS._H.xlsx,PT_Import_Val_2018-19,36.0,1751964622_PT_IMPORT_VAL_US$_H.xlsx,PT_Import_Val_2018-19,36.0,2026-08-21T15:32:19.402247+00:00,1.0
2018-08-01,2018,2018-19,August,Others&,IMPORT,2353.9809282677006,341.05383547831883,PPAC,1751964598_PT_IMPORT_VAL_RS.CRS._H.xlsx,PT_Import_Val_2018-19,22.0,1751964622_PT_IMPORT_VAL_US$_H.xlsx,PT_Import_Val_2018-19,22.0,2026-08-21T15:32:19.402247+00:00,1.0
2018-08-01,2018,2018-19,August,SKO,EXPORT,9.4184028,1.3649859130434785,PPAC,1751964598_PT_IMPORT_VAL_RS.CRS._H.xlsx,PT_Import_Val_2018-19,30.0,1751964622_PT_IMPORT_VAL_US$_H.xlsx,PT_Import_Val_2018-19,30.0,2026-08-21T15:32:19.402247+00:00,1.0
2018-08-01,2018,2018-19,August,SKO,IMPORT,0.0,0.0,PPAC,1751964598_PT_IMPORT_VAL_RS.CRS._H.xlsx,PT_Import_Val_2018-19,17.0,1751964622_PT_IMPORT_VAL_US$_H.xlsx,PT_Import_Val_2018-19,17.0,2026-08-21T15:32:19.402247+00:00,1.0
2018-09-01,2018,2018-19,September,ATF,IMPORT,208.8739823,29.33623346910112,PPAC,1751964598_PT_IMPORT_VAL_RS.CRS._H.xlsx,PT_Import_Val_2018-19,16.0,1751964622_PT_IMPORT_VAL_US$_H.xlsx,PT_Import_Val_2018-19,16.0,2026-08-21T15:32:19.402247+00:00,1.0
2018-09-01,2018,2018-19,September,ATF#,EXPORT,3348.2525455744335,465.95271544538696,PPAC,1751964598_PT_IMPORT_VAL_RS.CRS._H.xlsx,PT_Import_Val_2018-19,29.0,1751964622_PT_IMPORT_VAL_US$_H.xlsx,PT_Import_Val_2018-19,29.0,2026-08-21T15:32:19.402247+00:00,1.0
2018-09-01,2018,2018-19,September,Bitumen,EXPORT,15.9212971,2.2361372331460676,PPAC,1751964598_PT_IMPORT_VAL_RS.CRS._H.xlsx,PT_Import_Val_2018-19,35.0,1751964622_PT_IMPORT_VAL_US$_H.xlsx,PT_Import_Val_2018-19,35.0,2026-08-21T15:32:19.402247+00:00,1.0
2018-09-01,2018,2018-19,September,Bitumen,IMPORT,142.17174949999998,19.967942345505616,PPAC,1751964598_PT_IMPORT_VAL_RS.CRS._H.xlsx,PT_Import_Val_2018-19,21.0,1751964622_PT_IMPORT_VAL_US$_H.xlsx,PT_Import_Val_2018-19,21.0,2026-08-21T15:32:19.402247+00:00,1.0
2018-09-01,2018,2018-19,September,CRUDE OIL$,IMPORT,70493.00431792041,9790.70169995041,PPAC,1751964598_PT_IMPORT_VAL_RS.CRS._H.xlsx,PT_Import_Val_2018-19,11.0,1751964622_PT_IMPORT_VAL_US$_H.xlsx,PT_Import_Val_2018-19,11.0,2026-08-21T15:32:19.402247+00:00,1.0
2018-09-01,2018,2018-19,September,Fuel Oil,EXPORT,1032.962150208,143.2602544769434,PPAC,1751964598_PT_IMPORT_VAL_RS.CRS._H.xlsx,PT_Import_Val_2018-19,34.0,1751964622_PT_IMPORT_VAL_US$_H.xlsx,PT_Import_Val_2018-19,34.0,2026-08-21T15:32:19.402247+00:00,1.0
2018-09-01,2018,2018-19,September,Fuel Oil,IMPORT,201.68005656243713,28.32585064079173,PPAC,1751964598_PT_IMPORT_VAL_RS.CRS._H.xlsx,PT_Import_Val_2018-19,20.0,1751964622_PT_IMPORT_VAL_US$_H.xlsx,PT_Import_Val_2018-19,20.0,2026-08-21T15:32:19.402247+00:00,1.0
2018-09-01,2018,2018-19,September,HSD,EXPORT,14046.101001239786,1950.4868655464386,PPAC,1751964598_PT_IMPORT_VAL_RS.CRS._H.xlsx,PT_Import_Val_2018-19,31.0,1751964622_PT_IMPORT_VAL_US$_H.xlsx,PT_Import_Val_2018-19,31.0,2026-08-21T15:32:19.402247+00:00,1.0
2018-09-01,2018,2018-19,September,HSD,IMPORT,13.5016651,1.8963012780898876,PPAC,1751964598_PT_IMPORT_VAL_RS.CRS._H.xlsx,PT_Import_Val_2018-19,18.0,1751964622_PT_IMPORT_VAL_US$_H.xlsx,PT_Import_Val_2018-19,18.0,2026-08-21T15:32:19.402247+00:00,1.0
2018-09-01,2018,2018-19,September,LDO,EXPORT,0.0,0.0,PPAC,1751964598_PT_IMPORT_VAL_RS.CRS._H.xlsx,PT_Import_Val_2018-19,32.0,1751964622_PT_IMPORT_VAL_US$_H.xlsx,PT_Import_Val_2018-19,32.0,2026-08-21T15:32:19.402247+00:00,1.0
2018-09-01,2018,2018-19,September,LOBS/ Lube Oil,EXPORT,10.92,1.5337078651685392,PPAC,1751964598_PT_IMPORT_VAL_RS.CRS._H.xlsx,PT_Import_Val_2018-19,33.0,1751964622_PT_IMPORT_VAL_US$_H.xlsx,PT_Import_Val_2018-19,33.0,2026-08-21T15:32:19.402247+00:00,1.0
2018-09-01,2018,2018-19,September,LOBS/ Lube oil,IMPORT,942.8735347321996,132.4260582489044,PPAC,1751964598_PT_IMPORT_VAL_RS.CRS._H.xlsx,PT_Import_Val_2018-19,19.0,1751964622_PT_IMPORT_VAL_US$_H.xlsx,PT_Import_Val_2018-19,19.0,2026-08-21T15:32:19.402247+00:00,1.0
2018-09-01,2018,2018-19,September,LPG,EXPORT,173.2727881,24.336065744382026,PPAC,1751964598_PT_IMPORT_VAL_RS.CRS._H.xlsx,PT_Import_Val_2018-19,26.0,1751964622_PT_IMPORT_VAL_US$_H.xlsx,PT_Import_Val_2018-19,26.0,2026-08-21T15:32:19.402247+00:00,1.0
2018-09-01,2018,2018-19,September,LPG,IMPORT,5237.166359424682,739.7244207794063,PPAC,1751964598_PT_IMPORT_VAL_RS.CRS._H.xlsx,PT_Import_Val_2018-19,13.0,1751964622_PT_IMPORT_VAL_US$_H.xlsx,PT_Import_Val_2018-19,13.0,2026-08-21T15:32:19.402247+00:00,1.0
2018-09-01,2018,2018-19,September,MS,IMPORT,244.38610186871347,33.653923686,PPAC,1751964598_PT_IMPORT_VAL_RS.CRS._H.xlsx,PT_Import_Val_2018-19,14.0,1751964622_PT_IMPORT_VAL_US$_H.xlsx,PT_Import_Val_2018-19,14.0,2026-08-21T15:32:19.402247+00:00,1.0
2018-09-01,2018,2018-19,September,MS!,EXPORT,6355.688987340834,881.3154929431869,PPAC,1751964598_PT_IMPORT_VAL_RS.CRS._H.xlsx,PT_Import_Val_2018-19,27.0,1751964622_PT_IMPORT_VAL_US$_H.xlsx,PT_Import_Val_2018-19,27.0,2026-08-21T15:32:19.402247+00:00,1.0
2018-09-01,2018,2018-19,September,Naphtha,IMPORT,821.1899409559129,115.3356658645945,PPAC,1751964598_PT_IMPORT_VAL_RS.CRS._H.xlsx,PT_Import_Val_2018-19,15.0,1751964622_PT_IMPORT_VAL_US$_H.xlsx,PT_Import_Val_2018-19,15.0,2026-08-21T15:32:19.402247+00:00,1.0
2018-09-01,2018,2018-19,September,Naphtha$,EXPORT,3720.6767414184087,517.4912168305698,PPAC,1751964598_PT_IMPORT_VAL_RS.CRS._H.xlsx,PT_Import_Val_2018-19,28.0,1751964622_PT_IMPORT_VAL_US$_H.xlsx,PT_Import_Val_2018-19,28.0,2026-08-21T15:32:19.402247+00:00,1.0
2018-09-01,2018,2018-19,September,Others%,EXPORT,999.0369604003049,138.18181600302336,PPAC,1751964598_PT_IMPORT_VAL_RS.CRS._H.xlsx,PT_Import_Val_2018-19,36.0,1751964622_PT_IMPORT_VAL_US$_H.xlsx,PT_Import_Val_2018-19,36.0,2026-08-21T15:32:19.402247+00:00,1.0
2018-09-01,2018,2018-19,September,Others&,IMPORT,1908.5649153295526,267.709998002951,PPAC,1751964598_PT_IMPORT_VAL_RS.CRS._H.xlsx,PT_Import_Val_2018-19,22.0,1751964622_PT_IMPORT_VAL_US$_H.xlsx,PT_Import_Val_2018-19,22.0,2026-08-21T15:32:19.402247+00:00,1.0
2018-09-01,2018,2018-19,September,SKO,EXPORT,7.9145972,1.1116007303370785,PPAC,1751964598_PT_IMPORT_VAL_RS.CRS._H.xlsx,PT_Import_Val_2018-19,30.0,1751964622_PT_IMPORT_VAL_US$_H.xlsx,PT_Import_Val_2018-19,30.0,2026-08-21T15:32:19.402247+00:00,1.0
2018-09-01,2018,2018-19,September,SKO,IMPORT,0.0,0.0,PPAC,1751964598_PT_IMPORT_VAL_RS.CRS._H.xlsx,PT_Import_Val_2018-19,17.0,1751964622_PT_IMPORT_VAL_US$_H.xlsx,PT_Import_Val_2018-19,17.0,2026-08-21T15:32:19.402247+00:00,1.0
2018-10-01,2018,2018-19,October,ATF,IMPORT,249.3218651,34.130303230663934,PPAC,1751964598_PT_IMPORT_VAL_RS.CRS._H.xlsx,PT_Import_Val_2018-19,16.0,1751964622_PT_IMPORT_VAL_US$_H.xlsx,PT_Import_Val_2018-19,16.0,2026-08-21T15:32:19.402247+00:00,1.0
2018-10-01,2018,2018-19,October,ATF#,EXPORT,3274.5212726969276,444.9010577615614,PPAC,1751964598_PT_IMPORT_VAL_RS.CRS._H.xlsx,PT_Import_Val_2018-19,29.0,1751964622_PT_IMPORT_VAL_US$_H.xlsx,PT_Import_Val_2018-19,29.0,2026-08-21T15:32:19.402247+00:00,1.0
2018-10-01,2018,2018-19,October,Bitumen,EXPORT,7.4231193,1.0161696509240246,PPAC,1751964598_PT_IMPORT_VAL_RS.CRS._H.xlsx,PT_Import_Val_2018-19,35.0,1751964622_PT_IMPORT_VAL_US$_H.xlsx,PT_Import_Val_2018-19,35.0,2026-08-21T15:32:19.402247+00:00,1.0
2018-10-01,2018,2018-19,October,Bitumen,IMPORT,160.02712939999998,21.906520109514027,PPAC,1751964598_PT_IMPORT_VAL_RS.CRS._H.xlsx,PT_Import_Val_2018-19,21.0,1751964622_PT_IMPORT_VAL_US$_H.xlsx,PT_Import_Val_2018-19,21.0,2026-08-21T15:32:19.402247+00:00,1.0
2018-10-01,2018,2018-19,October,CRUDE OIL$,IMPORT,84901.82842967285,11724.59447190426,PPAC,1751964598_PT_IMPORT_VAL_RS.CRS._H.xlsx,PT_Import_Val_2018-19,11.0,1751964622_PT_IMPORT_VAL_US$_H.xlsx,PT_Import_Val_2018-19,11.0,2026-08-21T15:32:19.402247+00:00,1.0
2018-10-01,2018,2018-19,October,Fuel Oil,EXPORT,1124.74846587748,154.45506278922005,PPAC,1751964598_PT_IMPORT_VAL_RS.CRS._H.xlsx,PT_Import_Val_2018-19,34.0,1751964622_PT_IMPORT_VAL_US$_H.xlsx,PT_Import_Val_2018-19,34.0,2026-08-21T15:32:19.402247+00:00,1.0
2018-10-01,2018,2018-19,October,Fuel Oil,IMPORT,191.4856610000001,26.212958384668053,PPAC,1751964598_PT_IMPORT_VAL_RS.CRS._H.xlsx,PT_Import_Val_2018-19,20.0,1751964622_PT_IMPORT_VAL_US$_H.xlsx,PT_Import_Val_2018-19,20.0,2026-08-21T15:32:19.402247+00:00,1.0
2018-10-01,2018,2018-19,October,HSD,EXPORT,14534.118829628345,1975.3945471831257,PPAC,1751964598_PT_IMPORT_VAL_RS.CRS._H.xlsx,PT_Import_Val_2018-19,31.0,1751964622_PT_IMPORT_VAL_US$_H.xlsx,PT_Import_Val_2018-19,31.0,2026-08-21T15:32:19.402247+00:00,1.0
2018-10-01,2018,2018-19,October,HSD,IMPORT,112.01790749999995,15.33441581108829,PPAC,1751964598_PT_IMPORT_VAL_RS.CRS._H.xlsx,PT_Import_Val_2018-19,18.0,1751964622_PT_IMPORT_VAL_US$_H.xlsx,PT_Import_Val_2018-19,18.0,2026-08-21T15:32:19.402247+00:00,1.0
2018-10-01,2018,2018-19,October,LDO,EXPORT,131.6361,18.02,PPAC,1751964598_PT_IMPORT_VAL_RS.CRS._H.xlsx,PT_Import_Val_2018-19,32.0,1751964622_PT_IMPORT_VAL_US$_H.xlsx,PT_Import_Val_2018-19,32.0,2026-08-21T15:32:19.402247+00:00,1.0
2018-10-01,2018,2018-19,October,LOBS/ Lube Oil,EXPORT,6.42,0.8788501026694046,PPAC,1751964598_PT_IMPORT_VAL_RS.CRS._H.xlsx,PT_Import_Val_2018-19,33.0,1751964622_PT_IMPORT_VAL_US$_H.xlsx,PT_Import_Val_2018-19,33.0,2026-08-21T15:32:19.402247+00:00,1.0
2018-10-01,2018,2018-19,October,LOBS/ Lube oil,IMPORT,1425.1504386999998,195.09246251882269,PPAC,1751964598_PT_IMPORT_VAL_RS.CRS._H.xlsx,PT_Import_Val_2018-19,19.0,1751964622_PT_IMPORT_VAL_US$_H.xlsx,PT_Import_Val_2018-19,19.0,2026-08-21T15:32:19.402247+00:00,1.0
2018-10-01,2018,2018-19,October,LPG,EXPORT,192.81618490000002,26.395097180013693,PPAC,1751964598_PT_IMPORT_VAL_RS.CRS._H.xlsx,PT_Import_Val_2018-19,26.0,1751964622_PT_IMPORT_VAL_US$_H.xlsx,PT_Import_Val_2018-19,26.0,2026-08-21T15:32:19.402247+00:00,1.0
2018-10-01,2018,2018-19,October,LPG,IMPORT,4842.869797546227,669.5809890088468,PPAC,1751964598_PT_IMPORT_VAL_RS.CRS._H.xlsx,PT_Import_Val_2018-19,13.0,1751964622_PT_IMPORT_VAL_US$_H.xlsx,PT_Import_Val_2018-19,13.0,2026-08-21T15:32:19.402247+00:00,1.0
2018-10-01,2018,2018-19,October,MS,IMPORT,194.87476033889482,26.334259326,PPAC,1751964598_PT_IMPORT_VAL_RS.CRS._H.xlsx,PT_Import_Val_2018-19,14.0,1751964622_PT_IMPORT_VAL_US$_H.xlsx,PT_Import_Val_2018-19,14.0,2026-08-21T15:32:19.402247+00:00,1.0
2018-10-01,2018,2018-19,October,MS!,EXPORT,6397.896248697012,869.376887962921,PPAC,1751964598_PT_IMPORT_VAL_RS.CRS._H.xlsx,PT_Import_Val_2018-19,27.0,1751964622_PT_IMPORT_VAL_US$_H.xlsx,PT_Import_Val_2018-19,27.0,2026-08-21T15:32:19.402247+00:00,1.0
2018-10-01,2018,2018-19,October,Naphtha,IMPORT,1346.767570310599,184.36243262294306,PPAC,1751964598_PT_IMPORT_VAL_RS.CRS._H.xlsx,PT_Import_Val_2018-19,15.0,1751964622_PT_IMPORT_VAL_US$_H.xlsx,PT_Import_Val_2018-19,15.0,2026-08-21T15:32:19.402247+00:00,1.0
2018-10-01,2018,2018-19,October,Naphtha$,EXPORT,2771.823105086124,377.7879782745015,PPAC,1751964598_PT_IMPORT_VAL_RS.CRS._H.xlsx,PT_Import_Val_2018-19,28.0,1751964622_PT_IMPORT_VAL_US$_H.xlsx,PT_Import_Val_2018-19,28.0,2026-08-21T15:32:19.402247+00:00,1.0
2018-10-01,2018,2018-19,October,Others%,EXPORT,1137.8397089399998,154.89377490612787,PPAC,1751964598_PT_IMPORT_VAL_RS.CRS._H.xlsx,PT_Import_Val_2018-19,36.0,1751964622_PT_IMPORT_VAL_US$_H.xlsx,PT_Import_Val_2018-19,36.0,2026-08-21T15:32:19.402247+00:00,1.0
2018-10-01,2018,2018-19,October,Others&,IMPORT,1661.870150300666,227.21516834058372,PPAC,1751964598_PT_IMPORT_VAL_RS.CRS._H.xlsx,PT_Import_Val_2018-19,22.0,1751964622_PT_IMPORT_VAL_US$_H.xlsx,PT_Import_Val_2018-19,22.0,2026-08-21T15:32:19.402247+00:00,1.0
2018-10-01,2018,2018-19,October,SKO,EXPORT,10.0312564,1.3732041615331967,PPAC,1751964598_PT_IMPORT_VAL_RS.CRS._H.xlsx,PT_Import_Val_2018-19,30.0,1751964622_PT_IMPORT_VAL_US$_H.xlsx,PT_Import_Val_2018-19,30.0,2026-08-21T15:32:19.402247+00:00,1.0
2018-10-01,2018,2018-19,October,SKO,IMPORT,0.0,0.0,PPAC,1751964598_PT_IMPORT_VAL_RS.CRS._H.xlsx,PT_Import_Val_2018-19,17.0,1751964622_PT_IMPORT_VAL_US$_H.xlsx,PT_Import_Val_2018-19,17.0,2026-08-21T15:32:19.402247+00:00,1.0
2018-11-01,2018,2018-19,November,ATF,IMPORT,114.69872120000001,15.594659578518016,PPAC,1751964598_PT_IMPORT_VAL_RS.CRS._H.xlsx,PT_Import_Val_2018-19,16.0,1751964622_PT_IMPORT_VAL_US$_H.xlsx,PT_Import_Val_2018-19,16.0,2026-08-21T15:32:19.402247+00:00,1.0
2018-11-01,2018,2018-19,November,ATF#,EXPORT,2923.2247727200634,406.1754821863915,PPAC,1751964598_PT_IMPORT_VAL_RS.CRS._H.xlsx,PT_Import_Val_2018-19,29.0,1751964622_PT_IMPORT_VAL_US$_H.xlsx,PT_Import_Val_2018-19,29.0,2026-08-21T15:32:19.402247+00:00,1.0
2018-11-01,2018,2018-19,November,Bitumen,EXPORT,0.3021494,0.041080815771583956,PPAC,1751964598_PT_IMPORT_VAL_RS.CRS._H.xlsx,PT_Import_Val_2018-19,35.0,1751964622_PT_IMPORT_VAL_US$_H.xlsx,PT_Import_Val_2018-19,35.0,2026-08-21T15:32:19.402247+00:00,1.0
2018-11-01,2018,2018-19,November,Bitumen,IMPORT,173.5426213,23.595189843643784,PPAC,1751964598_PT_IMPORT_VAL_RS.CRS._H.xlsx,PT_Import_Val_2018-19,21.0,1751964622_PT_IMPORT_VAL_US$_H.xlsx,PT_Import_Val_2018-19,21.0,2026-08-21T15:32:19.402247+00:00,1.0
2018-11-01,2018,2018-19,November,CRUDE OIL$,IMPORT,59275.17012568331,8256.474594583739,PPAC,1751964598_PT_IMPORT_VAL_RS.CRS._H.xlsx,PT_Import_Val_2018-19,11.0,1751964622_PT_IMPORT_VAL_US$_H.xlsx,PT_Import_Val_2018-19,11.0,2026-08-21T15:32:19.402247+00:00,1.0
2018-11-01,2018,2018-19,November,Fuel Oil,EXPORT,242.61502419999994,32.986407097212776,PPAC,1751964598_PT_IMPORT_VAL_RS.CRS._H.xlsx,PT_Import_Val_2018-19,34.0,1751964622_PT_IMPORT_VAL_US$_H.xlsx,PT_Import_Val_2018-19,34.0,2026-08-21T15:32:19.402247+00:00,1.0
2018-11-01,2018,2018-19,November,Fuel Oil,IMPORT,132.85493430000002,18.063213365057788,PPAC,1751964598_PT_IMPORT_VAL_RS.CRS._H.xlsx,PT_Import_Val_2018-19,20.0,1751964622_PT_IMPORT_VAL_US$_H.xlsx,PT_Import_Val_2018-19,20.0,2026-08-21T15:32:19.402247+00:00,1.0
2018-11-01,2018,2018-19,November,HSD,EXPORT,10435.9239360284,1446.991088300506,PPAC,1751964598_PT_IMPORT_VAL_RS.CRS._H.xlsx,PT_Import_Val_2018-19,31.0,1751964622_PT_IMPORT_VAL_US$_H.xlsx,PT_Import_Val_2018-19,31.0,2026-08-21T15:32:19.402247+00:00,1.0
2018-11-01,2018,2018-19,November,HSD,IMPORT,46.3990081,6.308498721957853,PPAC,1751964598_PT_IMPORT_VAL_RS.CRS._H.xlsx,PT_Import_Val_2018-19,18.0,1751964622_PT_IMPORT_VAL_US$_H.xlsx,PT_Import_Val_2018-19,18.0,2026-08-21T15:32:19.402247+00:00,1.0
2018-11-01,2018,2018-19,November,LDO,EXPORT,232.19735,31.57,PPAC,1751964598_PT_IMPORT_VAL_RS.CRS._H.xlsx,PT_Import_Val_2018-19,32.0,1751964622_PT_IMPORT_VAL_US$_H.xlsx,PT_Import_Val_2018-19,32.0,2026-08-21T15:32:19.402247+00:00,1.0
2018-11-01,2018,2018-19,November,LOBS/ Lube Oil,EXPORT,8.85,1.203263086335826,PPAC,1751964598_PT_IMPORT_VAL_RS.CRS._H.xlsx,PT_Import_Val_2018-19,33.0,1751964622_PT_IMPORT_VAL_US$_H.xlsx,PT_Import_Val_2018-19,33.0,2026-08-21T15:32:19.402247+00:00,1.0
2018-11-01,2018,2018-19,November,LOBS/ Lube oil,IMPORT,1223.8616022429983,166.39858630088355,PPAC,1751964598_PT_IMPORT_VAL_RS.CRS._H.xlsx,PT_Import_Val_2018-19,19.0,1751964622_PT_IMPORT_VAL_US$_H.xlsx,PT_Import_Val_2018-19,19.0,2026-08-21T15:32:19.402247+00:00,1.0
2018-11-01,2018,2018-19,November,LPG,EXPORT,173.8859253,23.64186611828688,PPAC,1751964598_PT_IMPORT_VAL_RS.CRS._H.xlsx,PT_Import_Val_2018-19,26.0,1751964622_PT_IMPORT_VAL_US$_H.xlsx,PT_Import_Val_2018-19,26.0,2026-08-21T15:32:19.402247+00:00,1.0
2018-11-01,2018,2018-19,November,LPG,IMPORT,4134.269240996949,575.7742778147558,PPAC,1751964598_PT_IMPORT_VAL_RS.CRS._H.xlsx,PT_Import_Val_2018-19,13.0,1751964622_PT_IMPORT_VAL_US$_H.xlsx,PT_Import_Val_2018-19,13.0,2026-08-21T15:32:19.402247+00:00,1.0
2018-11-01,2018,2018-19,November,MS,IMPORT,155.44096716781175,21.950858311999998,PPAC,1751964598_PT_IMPORT_VAL_RS.CRS._H.xlsx,PT_Import_Val_2018-19,14.0,1751964622_PT_IMPORT_VAL_US$_H.xlsx,PT_Import_Val_2018-19,14.0,2026-08-21T15:32:19.402247+00:00,1.0
2018-11-01,2018,2018-19,November,MS!,EXPORT,4683.24503870945,648.3873799122958,PPAC,1751964598_PT_IMPORT_VAL_RS.CRS._H.xlsx,PT_Import_Val_2018-19,27.0,1751964622_PT_IMPORT_VAL_US$_H.xlsx,PT_Import_Val_2018-19,27.0,2026-08-21T15:32:19.402247+00:00,1.0
2018-11-01,2018,2018-19,November,Naphtha,IMPORT,1166.5783805963817,158.61024889141834,PPAC,1751964598_PT_IMPORT_VAL_RS.CRS._H.xlsx,PT_Import_Val_2018-19,15.0,1751964622_PT_IMPORT_VAL_US$_H.xlsx,PT_Import_Val_2018-19,15.0,2026-08-21T15:32:19.402247+00:00,1.0
2018-11-01,2018,2018-19,November,Naphtha$,EXPORT,2538.2831196302764,351.67423527965263,PPAC,1751964598_PT_IMPORT_VAL_RS.CRS._H.xlsx,PT_Import_Val_2018-19,28.0,1751964622_PT_IMPORT_VAL_US$_H.xlsx,PT_Import_Val_2018-19,28.0,2026-08-21T15:32:19.402247+00:00,1.0
2018-11-01,2018,2018-19,November,Others%,EXPORT,996.1793439127,137.65674400550205,PPAC,1751964598_PT_IMPORT_VAL_RS.CRS._H.xlsx,PT_Import_Val_2018-19,36.0,1751964622_PT_IMPORT_VAL_US$_H.xlsx,PT_Import_Val_2018-19,36.0,2026-08-21T15:32:19.402247+00:00,1.0
2018-11-01,2018,2018-19,November,Others&,IMPORT,1892.250887758687,257.76740164272735,PPAC,1751964598_PT_IMPORT_VAL_RS.CRS._H.xlsx,PT_Import_Val_2018-19,22.0,1751964622_PT_IMPORT_VAL_US$_H.xlsx,PT_Import_Val_2018-19,22.0,2026-08-21T15:32:19.402247+00:00,1.0
2018-11-01,2018,2018-19,November,SKO,EXPORT,8.4089086,1.1432914479945617,PPAC,1751964598_PT_IMPORT_VAL_RS.CRS._H.xlsx,PT_Import_Val_2018-19,30.0,1751964622_PT_IMPORT_VAL_US$_H.xlsx,PT_Import_Val_2018-19,30.0,2026-08-21T15:32:19.402247+00:00,1.0
2018-11-01,2018,2018-19,November,SKO,IMPORT,0.0,0.0,PPAC,1751964598_PT_IMPORT_VAL_RS.CRS._H.xlsx,PT_Import_Val_2018-19,17.0,1751964622_PT_IMPORT_VAL_US$_H.xlsx,PT_Import_Val_2018-19,17.0,2026-08-21T15:32:19.402247+00:00,1.0
2018-12-01,2018,2018-19,December,ATF,IMPORT,126.2723012,17.951706170031276,PPAC,1751964598_PT_IMPORT_VAL_RS.CRS._H.xlsx,PT_Import_Val_2018-19,16.0,1751964622_PT_IMPORT_VAL_US$_H.xlsx,PT_Import_Val_2018-19,16.0,2026-08-21T15:32:19.402247+00:00,1.0
2018-12-01,2018,2018-19,December,ATF#,EXPORT,2537.26097862596,359.6099806435968,PPAC,1751964598_PT_IMPORT_VAL_RS.CRS._H.xlsx,PT_Import_Val_2018-19,29.0,1751964622_PT_IMPORT_VAL_US$_H.xlsx,PT_Import_Val_2018-19,29.0,2026-08-21T15:32:19.402247+00:00,1.0
2018-12-01,2018,2018-19,December,Bitumen,EXPORT,14.5175753,2.0639146005118,PPAC,1751964598_PT_IMPORT_VAL_RS.CRS._H.xlsx,PT_Import_Val_2018-19,35.0,1751964622_PT_IMPORT_VAL_US$_H.xlsx,PT_Import_Val_2018-19,35.0,2026-08-21T15:32:19.402247+00:00,1.0
2018-12-01,2018,2018-19,December,Bitumen,IMPORT,170.83771980000003,24.287421069092982,PPAC,1751964598_PT_IMPORT_VAL_RS.CRS._H.xlsx,PT_Import_Val_2018-19,21.0,1751964622_PT_IMPORT_VAL_US$_H.xlsx,PT_Import_Val_2018-19,21.0,2026-08-21T15:32:19.402247+00:00,1.0
2018-12-01,2018,2018-19,December,CRUDE OIL$,IMPORT,59454.51148509,8380.431200172538,PPAC,1751964598_PT_IMPORT_VAL_RS.CRS._H.xlsx,PT_Import_Val_2018-19,11.0,1751964622_PT_IMPORT_VAL_US$_H.xlsx,PT_Import_Val_2018-19,11.0,2026-08-21T15:32:19.402247+00:00,1.0
2018-12-01,2018,2018-19,December,Fuel Oil,EXPORT,993.8029286240039,141.27933139845027,PPAC,1751964598_PT_IMPORT_VAL_RS.CRS._H.xlsx,PT_Import_Val_2018-19,34.0,1751964622_PT_IMPORT_VAL_US$_H.xlsx,PT_Import_Val_2018-19,34.0,2026-08-21T15:32:19.402247+00:00,1.0
2018-12-01,2018,2018-19,December,Fuel Oil,IMPORT,655.1984613996967,91.66675555714568,PPAC,1751964598_PT_IMPORT_VAL_RS.CRS._H.xlsx,PT_Import_Val_2018-19,20.0,1751964622_PT_IMPORT_VAL_US$_H.xlsx,PT_Import_Val_2018-19,20.0,2026-08-21T15:32:19.402247+00:00,1.0
2018-12-01,2018,2018-19,December,HSD,EXPORT,8446.627537095945,1198.2651579778842,PPAC,1751964598_PT_IMPORT_VAL_RS.CRS._H.xlsx,PT_Import_Val_2018-19,31.0,1751964622_PT_IMPORT_VAL_US$_H.xlsx,PT_Import_Val_2018-19,31.0,2026-08-21T15:32:19.402247+00:00,1.0
2018-12-01,2018,2018-19,December,HSD,IMPORT,34.026876,4.837485925504692,PPAC,1751964598_PT_IMPORT_VAL_RS.CRS._H.xlsx,PT_Import_Val_2018-19,18.0,1751964622_PT_IMPORT_VAL_US$_H.xlsx,PT_Import_Val_2018-19,18.0,2026-08-21T15:32:19.402247+00:00,1.0
2018-12-01,2018,2018-19,December,LDO,EXPORT,0.0,0.0,PPAC,1751964598_PT_IMPORT_VAL_RS.CRS._H.xlsx,PT_Import_Val_2018-19,32.0,1751964622_PT_IMPORT_VAL_US$_H.xlsx,PT_Import_Val_2018-19,32.0,2026-08-21T15:32:19.402247+00:00,1.0
2018-12-01,2018,2018-19,December,LOBS/ Lube Oil,EXPORT,10.54,1.4984361671879443,PPAC,1751964598_PT_IMPORT_VAL_RS.CRS._H.xlsx,PT_Import_Val_2018-19,33.0,1751964622_PT_IMPORT_VAL_US$_H.xlsx,PT_Import_Val_2018-19,33.0,2026-08-21T15:32:19.402247+00:00,1.0
2018-12-01,2018,2018-19,December,LOBS/ Lube oil,IMPORT,1103.090072189987,156.8225863221477,PPAC,1751964598_PT_IMPORT_VAL_RS.CRS._H.xlsx,PT_Import_Val_2018-19,19.0,1751964622_PT_IMPORT_VAL_US$_H.xlsx,PT_Import_Val_2018-19,19.0,2026-08-21T15:32:19.402247+00:00,1.0
2018-12-01,2018,2018-19,December,LPG,EXPORT,209.220598,29.744185100938296,PPAC,1751964598_PT_IMPORT_VAL_RS.CRS._H.xlsx,PT_Import_Val_2018-19,26.0,1751964622_PT_IMPORT_VAL_US$_H.xlsx,PT_Import_Val_2018-19,26.0,2026-08-21T15:32:19.402247+00:00,1.0
2018-12-01,2018,2018-19,December,LPG,IMPORT,3868.2432880573406,554.0064340428854,PPAC,1751964598_PT_IMPORT_VAL_RS.CRS._H.xlsx,PT_Import_Val_2018-19,13.0,1751964622_PT_IMPORT_VAL_US$_H.xlsx,PT_Import_Val_2018-19,13.0,2026-08-21T15:32:19.402247+00:00,1.0
2018-12-01,2018,2018-19,December,MS,IMPORT,131.0159723636276,18.786082149,PPAC,1751964598_PT_IMPORT_VAL_RS.CRS._H.xlsx,PT_Import_Val_2018-19,14.0,1751964622_PT_IMPORT_VAL_US$_H.xlsx,PT_Import_Val_2018-19,14.0,2026-08-21T15:32:19.402247+00:00,1.0
2018-12-01,2018,2018-19,December,MS!,EXPORT,3971.70440022712,563.7322461853029,PPAC,1751964598_PT_IMPORT_VAL_RS.CRS._H.xlsx,PT_Import_Val_2018-19,27.0,1751964622_PT_IMPORT_VAL_US$_H.xlsx,PT_Import_Val_2018-19,27.0,2026-08-21T15:32:19.402247+00:00,1.0
2018-12-01,2018,2018-19,December,Naphtha,IMPORT,703.5494442610088,100.02124598535808,PPAC,1751964598_PT_IMPORT_VAL_RS.CRS._H.xlsx,PT_Import_Val_2018-19,15.0,1751964622_PT_IMPORT_VAL_US$_H.xlsx,PT_Import_Val_2018-19,15.0,2026-08-21T15:32:19.402247+00:00,1.0
2018-12-01,2018,2018-19,December,Naphtha$,EXPORT,2010.6125314238452,285.657451500718,PPAC,1751964598_PT_IMPORT_VAL_RS.CRS._H.xlsx,PT_Import_Val_2018-19,28.0,1751964622_PT_IMPORT_VAL_US$_H.xlsx,PT_Import_Val_2018-19,28.0,2026-08-21T15:32:19.402247+00:00,1.0
2018-12-01,2018,2018-19,December,Others%,EXPORT,745.1886680580001,105.7831170605794,PPAC,1751964598_PT_IMPORT_VAL_RS.CRS._H.xlsx,PT_Import_Val_2018-19,36.0,1751964622_PT_IMPORT_VAL_US$_H.xlsx,PT_Import_Val_2018-19,36.0,2026-08-21T15:32:19.402247+00:00,1.0
2018-12-01,2018,2018-19,December,Others&,IMPORT,2764.037534813905,391.5605969726152,PPAC,1751964598_PT_IMPORT_VAL_RS.CRS._H.xlsx,PT_Import_Val_2018-19,22.0,1751964622_PT_IMPORT_VAL_US$_H.xlsx,PT_Import_Val_2018-19,22.0,2026-08-21T15:32:19.402247+00:00,1.0
2018-12-01,2018,2018-19,December,SKO,EXPORT,7.70049,1.0947526300824566,PPAC,1751964598_PT_IMPORT_VAL_RS.CRS._H.xlsx,PT_Import_Val_2018-19,30.0,1751964622_PT_IMPORT_VAL_US$_H.xlsx,PT_Import_Val_2018-19,30.0,2026-08-21T15:32:19.402247+00:00,1.0
2018-12-01,2018,2018-19,December,SKO,IMPORT,0.0,0.0,PPAC,1751964598_PT_IMPORT_VAL_RS.CRS._H.xlsx,PT_Import_Val_2018-19,17.0,1751964622_PT_IMPORT_VAL_US$_H.xlsx,PT_Import_Val_2018-19,17.0,2026-08-21T15:32:19.402247+00:00,1.0
2019-01-01,2019,2018-19,January,ATF,IMPORT,23.6715212,3.376821854493581,PPAC,1751964598_PT_IMPORT_VAL_RS.CRS._H.xlsx,PT_Import_Val_2018-19,16.0,1751964622_PT_IMPORT_VAL_US$_H.xlsx,PT_Import_Val_2018-19,16.0,2026-08-21T15:32:19.402247+00:00,1.0
2019-01-01,2019,2018-19,January,ATF#,EXPORT,2399.6221852281833,339.3688206313179,PPAC,1751964598_PT_IMPORT_VAL_RS.CRS._H.xlsx,PT_Import_Val_2018-19,29.0,1751964622_PT_IMPORT_VAL_US$_H.xlsx,PT_Import_Val_2018-19,29.0,2026-08-21T15:32:19.402247+00:00,1.0
2019-01-01,2019,2018-19,January,Bitumen,EXPORT,0.0,0.0,PPAC,1751964598_PT_IMPORT_VAL_RS.CRS._H.xlsx,PT_Import_Val_2018-19,35.0,1751964622_PT_IMPORT_VAL_US$_H.xlsx,PT_Import_Val_2018-19,35.0,2026-08-21T15:32:19.402247+00:00,1.0
2019-01-01,2019,2018-19,January,Bitumen,IMPORT,209.16618689999996,29.838257760342366,PPAC,1751964598_PT_IMPORT_VAL_RS.CRS._H.xlsx,PT_Import_Val_2018-19,21.0,1751964622_PT_IMPORT_VAL_US$_H.xlsx,PT_Import_Val_2018-19,21.0,2026-08-21T15:32:19.402247+00:00,1.0
2019-01-01,2019,2018-19,January,CRUDE OIL$,IMPORT,58810.76231757933,8332.441104821428,PPAC,1751964598_PT_IMPORT_VAL_RS.CRS._H.xlsx,PT_Import_Val_2018-19,11.0,1751964622_PT_IMPORT_VAL_US$_H.xlsx,PT_Import_Val_2018-19,11.0,2026-08-21T15:32:19.402247+00:00,1.0
2019-01-01,2019,2018-19,January,Fuel Oil,EXPORT,681.2449377343552,96.29900328097428,PPAC,1751964598_PT_IMPORT_VAL_RS.CRS._H.xlsx,PT_Import_Val_2018-19,34.0,1751964622_PT_IMPORT_VAL_US$_H.xlsx,PT_Import_Val_2018-19,34.0,2026-08-21T15:32:19.402247+00:00,1.0
2019-01-01,2019,2018-19,January,Fuel Oil,IMPORT,65.60104849999998,9.35820948644793,PPAC,1751964598_PT_IMPORT_VAL_RS.CRS._H.xlsx,PT_Import_Val_2018-19,20.0,1751964622_PT_IMPORT_VAL_US$_H.xlsx,PT_Import_Val_2018-19,20.0,2026-08-21T15:32:19.402247+00:00,1.0
2019-01-01,2019,2018-19,January,HSD,EXPORT,6941.02317351768,982.7764596669394,PPAC,1751964598_PT_IMPORT_VAL_RS.CRS._H.xlsx,PT_Import_Val_2018-19,31.0,1751964622_PT_IMPORT_VAL_US$_H.xlsx,PT_Import_Val_2018-19,31.0,2026-08-21T15:32:19.402247+00:00,1.0
2019-01-01,2019,2018-19,January,HSD,IMPORT,301.8213984569337,43.499592731483595,PPAC,1751964598_PT_IMPORT_VAL_RS.CRS._H.xlsx,PT_Import_Val_2018-19,18.0,1751964622_PT_IMPORT_VAL_US$_H.xlsx,PT_Import_Val_2018-19,18.0,2026-08-21T15:32:19.402247+00:00,1.0
2019-01-01,2019,2018-19,January,LDO,EXPORT,0.0,0.0,PPAC,1751964598_PT_IMPORT_VAL_RS.CRS._H.xlsx,PT_Import_Val_2018-19,32.0,1751964622_PT_IMPORT_VAL_US$_H.xlsx,PT_Import_Val_2018-19,32.0,2026-08-21T15:32:19.402247+00:00,1.0
2019-01-01,2019,2018-19,January,LOBS/ Lube Oil,EXPORT,8.37,1.1940085592011411,PPAC,1751964598_PT_IMPORT_VAL_RS.CRS._H.xlsx,PT_Import_Val_2018-19,33.0,1751964622_PT_IMPORT_VAL_US$_H.xlsx,PT_Import_Val_2018-19,33.0,2026-08-21T15:32:19.402247+00:00,1.0
2019-01-01,2019,2018-19,January,LOBS/ Lube oil,IMPORT,1049.0551736807497,149.60708727287445,PPAC,1751964598_PT_IMPORT_VAL_RS.CRS._H.xlsx,PT_Import_Val_2018-19,19.0,1751964622_PT_IMPORT_VAL_US$_H.xlsx,PT_Import_Val_2018-19,19.0,2026-08-21T15:32:19.402247+00:00,1.0
2019-01-01,2019,2018-19,January,LPG,EXPORT,172.8871765,24.66293530670471,PPAC,1751964598_PT_IMPORT_VAL_RS.CRS._H.xlsx,PT_Import_Val_2018-19,26.0,1751964622_PT_IMPORT_VAL_US$_H.xlsx,PT_Import_Val_2018-19,26.0,2026-08-21T15:32:19.402247+00:00,1.0
2019-01-01,2019,2018-19,January,LPG,IMPORT,3279.6500651517886,470.26080957344277,PPAC,1751964598_PT_IMPORT_VAL_RS.CRS._H.xlsx,PT_Import_Val_2018-19,13.0,1751964622_PT_IMPORT_VAL_US$_H.xlsx,PT_Import_Val_2018-19,13.0,2026-08-21T15:32:19.402247+00:00,1.0
2019-01-01,2019,2018-19,January,MS,IMPORT,249.2984345777875,34.98641980000001,PPAC,1751964598_PT_IMPORT_VAL_RS.CRS._H.xlsx,PT_Import_Val_2018-19,14.0,1751964622_PT_IMPORT_VAL_US$_H.xlsx,PT_Import_Val_2018-19,14.0,2026-08-21T15:32:19.402247+00:00,1.0
2019-01-01,2019,2018-19,January,MS!,EXPORT,4013.47458991648,568.0380428188708,PPAC,1751964598_PT_IMPORT_VAL_RS.CRS._H.xlsx,PT_Import_Val_2018-19,27.0,1751964622_PT_IMPORT_VAL_US$_H.xlsx,PT_Import_Val_2018-19,27.0,2026-08-21T15:32:19.402247+00:00,1.0
2019-01-01,2019,2018-19,January,Naphtha,IMPORT,196.4365229580286,28.022328524683108,PPAC,1751964598_PT_IMPORT_VAL_RS.CRS._H.xlsx,PT_Import_Val_2018-19,15.0,1751964622_PT_IMPORT_VAL_US$_H.xlsx,PT_Import_Val_2018-19,15.0,2026-08-21T15:32:19.402247+00:00,1.0
2019-01-01,2019,2018-19,January,Naphtha$,EXPORT,1489.9123230261084,210.5670040591907,PPAC,1751964598_PT_IMPORT_VAL_RS.CRS._H.xlsx,PT_Import_Val_2018-19,28.0,1751964622_PT_IMPORT_VAL_US$_H.xlsx,PT_Import_Val_2018-19,28.0,2026-08-21T15:32:19.402247+00:00,1.0
2019-01-01,2019,2018-19,January,Others%,EXPORT,966.3404917990001,136.64643132497358,PPAC,1751964598_PT_IMPORT_VAL_RS.CRS._H.xlsx,PT_Import_Val_2018-19,36.0,1751964622_PT_IMPORT_VAL_US$_H.xlsx,PT_Import_Val_2018-19,36.0,2026-08-21T15:32:19.402247+00:00,1.0
2019-01-01,2019,2018-19,January,Others&,IMPORT,2564.083743653684,365.1018470212567,PPAC,1751964598_PT_IMPORT_VAL_RS.CRS._H.xlsx,PT_Import_Val_2018-19,22.0,1751964622_PT_IMPORT_VAL_US$_H.xlsx,PT_Import_Val_2018-19,22.0,2026-08-21T15:32:19.402247+00:00,1.0
2019-01-01,2019,2018-19,January,SKO,EXPORT,6.9460234,0.9908735235378032,PPAC,1751964598_PT_IMPORT_VAL_RS.CRS._H.xlsx,PT_Import_Val_2018-19,30.0,1751964622_PT_IMPORT_VAL_US$_H.xlsx,PT_Import_Val_2018-19,30.0,2026-08-21T15:32:19.402247+00:00,1.0
2019-01-01,2019,2018-19,January,SKO,IMPORT,0.0,0.0,PPAC,1751964598_PT_IMPORT_VAL_RS.CRS._H.xlsx,PT_Import_Val_2018-19,17.0,1751964622_PT_IMPORT_VAL_US$_H.xlsx,PT_Import_Val_2018-19,17.0,2026-08-21T15:32:19.402247+00:00,1.0
2019-02-01,2019,2018-19,February,ATF,IMPORT,0.0,0.0,PPAC,1751964598_PT_IMPORT_VAL_RS.CRS._H.xlsx,PT_Import_Val_2018-19,16.0,1751964622_PT_IMPORT_VAL_US$_H.xlsx,PT_Import_Val_2018-19,16.0,2026-08-21T15:32:19.402247+00:00,1.0
2019-02-01,2019,2018-19,February,ATF#,EXPORT,2118.4888799465,297.55211943006606,PPAC,1751964598_PT_IMPORT_VAL_RS.CRS._H.xlsx,PT_Import_Val_2018-19,29.0,1751964622_PT_IMPORT_VAL_US$_H.xlsx,PT_Import_Val_2018-19,29.0,2026-08-21T15:32:19.402247+00:00,1.0
2019-02-01,2019,2018-19,February,Bitumen,EXPORT,15.3048512,2.1390427952480784,PPAC,1751964598_PT_IMPORT_VAL_RS.CRS._H.xlsx,PT_Import_Val_2018-19,35.0,1751964622_PT_IMPORT_VAL_US$_H.xlsx,PT_Import_Val_2018-19,35.0,2026-08-21T15:32:19.402247+00:00,1.0
2019-02-01,2019,2018-19,February,Bitumen,IMPORT,204.59118739999994,28.594156170510125,PPAC,1751964598_PT_IMPORT_VAL_RS.CRS._H.xlsx,PT_Import_Val_2018-19,21.0,1751964622_PT_IMPORT_VAL_US$_H.xlsx,PT_Import_Val_2018-19,21.0,2026-08-21T15:32:19.402247+00:00,1.0
2019-02-01,2019,2018-19,February,CRUDE OIL$,IMPORT,54282.29974256237,7697.027354230555,PPAC,1751964598_PT_IMPORT_VAL_RS.CRS._H.xlsx,PT_Import_Val_2018-19,11.0,1751964622_PT_IMPORT_VAL_US$_H.xlsx,PT_Import_Val_2018-19,11.0,2026-08-21T15:32:19.402247+00:00,1.0
2019-02-01,2019,2018-19,February,Fuel Oil,EXPORT,217.2263388,30.408440083857442,PPAC,1751964598_PT_IMPORT_VAL_RS.CRS._H.xlsx,PT_Import_Val_2018-19,34.0,1751964622_PT_IMPORT_VAL_US$_H.xlsx,PT_Import_Val_2018-19,34.0,2026-08-21T15:32:19.402247+00:00,1.0
2019-02-01,2019,2018-19,February,Fuel Oil,IMPORT,399.33325184809803,55.90915185104403,PPAC,1751964598_PT_IMPORT_VAL_RS.CRS._H.xlsx,PT_Import_Val_2018-19,20.0,1751964622_PT_IMPORT_VAL_US$_H.xlsx,PT_Import_Val_2018-19,20.0,2026-08-21T15:32:19.402247+00:00,1.0
2019-02-01,2019,2018-19,February,HSD,EXPORT,7924.022774583944,1113.3091103863512,PPAC,1751964598_PT_IMPORT_VAL_RS.CRS._H.xlsx,PT_Import_Val_2018-19,31.0,1751964622_PT_IMPORT_VAL_US$_H.xlsx,PT_Import_Val_2018-19,31.0,2026-08-21T15:32:19.402247+00:00,1.0
2019-02-01,2019,2018-19,February,HSD,IMPORT,740.36327081485,105.97602489569532,PPAC,1751964598_PT_IMPORT_VAL_RS.CRS._H.xlsx,PT_Import_Val_2018-19,18.0,1751964622_PT_IMPORT_VAL_US$_H.xlsx,PT_Import_Val_2018-19,18.0,2026-08-21T15:32:19.402247+00:00,1.0
2019-02-01,2019,2018-19,February,LDO,EXPORT,0.0,0.0,PPAC,1751964598_PT_IMPORT_VAL_RS.CRS._H.xlsx,PT_Import_Val_2018-19,32.0,1751964622_PT_IMPORT_VAL_US$_H.xlsx,PT_Import_Val_2018-19,32.0,2026-08-21T15:32:19.402247+00:00,1.0
2019-02-01,2019,2018-19,February,LOBS/ Lube Oil,EXPORT,8.41,1.175401816911251,PPAC,1751964598_PT_IMPORT_VAL_RS.CRS._H.xlsx,PT_Import_Val_2018-19,33.0,1751964622_PT_IMPORT_VAL_US$_H.xlsx,PT_Import_Val_2018-19,33.0,2026-08-21T15:32:19.402247+00:00,1.0
2019-02-01,2019,2018-19,February,LOBS/ Lube oil,IMPORT,945.252924667166,132.1108210576053,PPAC,1751964598_PT_IMPORT_VAL_RS.CRS._H.xlsx,PT_Import_Val_2018-19,19.0,1751964622_PT_IMPORT_VAL_US$_H.xlsx,PT_Import_Val_2018-19,19.0,2026-08-21T15:32:19.402247+00:00,1.0
2019-02-01,2019,2018-19,February,LPG,EXPORT,145.64079379999998,20.355107449336128,PPAC,1751964598_PT_IMPORT_VAL_RS.CRS._H.xlsx,PT_Import_Val_2018-19,26.0,1751964622_PT_IMPORT_VAL_US$_H.xlsx,PT_Import_Val_2018-19,26.0,2026-08-21T15:32:19.402247+00:00,1.0
2019-02-01,2019,2018-19,February,LPG,IMPORT,4070.018207253781,576.3723641561369,PPAC,1751964598_PT_IMPORT_VAL_RS.CRS._H.xlsx,PT_Import_Val_2018-19,13.0,1751964622_PT_IMPORT_VAL_US$_H.xlsx,PT_Import_Val_2018-19,13.0,2026-08-21T15:32:19.402247+00:00,1.0
2019-02-01,2019,2018-19,February,MS,IMPORT,414.408722279914,58.94206588889,PPAC,1751964598_PT_IMPORT_VAL_RS.CRS._H.xlsx,PT_Import_Val_2018-19,14.0,1751964622_PT_IMPORT_VAL_US$_H.xlsx,PT_Import_Val_2018-19,14.0,2026-08-21T15:32:19.402247+00:00,1.0
2019-02-01,2019,2018-19,February,MS!,EXPORT,4057.900510317,569.1845995621915,PPAC,1751964598_PT_IMPORT_VAL_RS.CRS._H.xlsx,PT_Import_Val_2018-19,27.0,1751964622_PT_IMPORT_VAL_US$_H.xlsx,PT_Import_Val_2018-19,27.0,2026-08-21T15:32:19.402247+00:00,1.0
2019-02-01,2019,2018-19,February,Naphtha,IMPORT,668.1411173871938,93.48540120311434,PPAC,1751964598_PT_IMPORT_VAL_RS.CRS._H.xlsx,PT_Import_Val_2018-19,15.0,1751964622_PT_IMPORT_VAL_US$_H.xlsx,PT_Import_Val_2018-19,15.0,2026-08-21T15:32:19.402247+00:00,1.0
2019-02-01,2019,2018-19,February,Naphtha$,EXPORT,1535.6897872087177,215.62325647035988,PPAC,1751964598_PT_IMPORT_VAL_RS.CRS._H.xlsx,PT_Import_Val_2018-19,28.0,1751964622_PT_IMPORT_VAL_US$_H.xlsx,PT_Import_Val_2018-19,28.0,2026-08-21T15:32:19.402247+00:00,1.0
2019-02-01,2019,2018-19,February,Others%,EXPORT,831.789280689,116.67833009931516,PPAC,1751964598_PT_IMPORT_VAL_RS.CRS._H.xlsx,PT_Import_Val_2018-19,36.0,1751964622_PT_IMPORT_VAL_US$_H.xlsx,PT_Import_Val_2018-19,36.0,2026-08-21T15:32:19.402247+00:00,1.0
2019-02-01,2019,2018-19,February,Others&,IMPORT,2439.5474819180945,341.5777579098359,PPAC,1751964598_PT_IMPORT_VAL_RS.CRS._H.xlsx,PT_Import_Val_2018-19,22.0,1751964622_PT_IMPORT_VAL_US$_H.xlsx,PT_Import_Val_2018-19,22.0,2026-08-21T15:32:19.402247+00:00,1.0
2019-02-01,2019,2018-19,February,SKO,EXPORT,7.1694645,1.0020215932914047,PPAC,1751964598_PT_IMPORT_VAL_RS.CRS._H.xlsx,PT_Import_Val_2018-19,30.0,1751964622_PT_IMPORT_VAL_US$_H.xlsx,PT_Import_Val_2018-19,30.0,2026-08-21T15:32:19.402247+00:00,1.0
2019-02-01,2019,2018-19,February,SKO,IMPORT,0.0,0.0,PPAC,1751964598_PT_IMPORT_VAL_RS.CRS._H.xlsx,PT_Import_Val_2018-19,17.0,1751964622_PT_IMPORT_VAL_US$_H.xlsx,PT_Import_Val_2018-19,17.0,2026-08-21T15:32:19.402247+00:00,1.0
2019-03-01,2019,2018-19,March,ATF,IMPORT,25.1747725,3.5739313600227147,PPAC,1751964598_PT_IMPORT_VAL_RS.CRS._H.xlsx,PT_Import_Val_2018-19,16.0,1751964622_PT_IMPORT_VAL_US$_H.xlsx,PT_Import_Val_2018-19,16.0,2026-08-21T15:32:19.402247+00:00,1.0
2019-03-01,2019,2018-19,March,ATF#,EXPORT,3255.7852089910302,466.7886463142938,PPAC,1751964598_PT_IMPORT_VAL_RS.CRS._H.xlsx,PT_Import_Val_2018-19,29.0,1751964622_PT_IMPORT_VAL_US$_H.xlsx,PT_Import_Val_2018-19,29.0,2026-08-21T15:32:19.402247+00:00,1.0
2019-03-01,2019,2018-19,March,Bitumen,EXPORT,1.3777244,0.19558835888699602,PPAC,1751964598_PT_IMPORT_VAL_RS.CRS._H.xlsx,PT_Import_Val_2018-19,35.0,1751964622_PT_IMPORT_VAL_US$_H.xlsx,PT_Import_Val_2018-19,35.0,2026-08-21T15:32:19.402247+00:00,1.0
2019-03-01,2019,2018-19,March,Bitumen,IMPORT,332.1798092000001,47.157837762634884,PPAC,1751964598_PT_IMPORT_VAL_RS.CRS._H.xlsx,PT_Import_Val_2018-19,21.0,1751964622_PT_IMPORT_VAL_US$_H.xlsx,PT_Import_Val_2018-19,21.0,2026-08-21T15:32:19.402247+00:00,1.0
2019-03-01,2019,2018-19,March,CRUDE OIL$,IMPORT,62577.89369692175,8947.350861478226,PPAC,1751964598_PT_IMPORT_VAL_RS.CRS._H.xlsx,PT_Import_Val_2018-19,11.0,1751964622_PT_IMPORT_VAL_US$_H.xlsx,PT_Import_Val_2018-19,11.0,2026-08-21T15:32:19.402247+00:00,1.0
2019-03-01,2019,2018-19,March,Fuel Oil,EXPORT,273.54807255400004,38.909518999238855,PPAC,1751964598_PT_IMPORT_VAL_RS.CRS._H.xlsx,PT_Import_Val_2018-19,34.0,1751964622_PT_IMPORT_VAL_US$_H.xlsx,PT_Import_Val_2018-19,34.0,2026-08-21T15:32:19.402247+00:00,1.0
2019-03-01,2019,2018-19,March,Fuel Oil,IMPORT,235.85536442485855,33.48315792516448,PPAC,1751964598_PT_IMPORT_VAL_RS.CRS._H.xlsx,PT_Import_Val_2018-19,20.0,1751964622_PT_IMPORT_VAL_US$_H.xlsx,PT_Import_Val_2018-19,20.0,2026-08-21T15:32:19.402247+00:00,1.0
2019-03-01,2019,2018-19,March,HSD,EXPORT,11096.535501257555,1597.8694909386468,PPAC,1751964598_PT_IMPORT_VAL_RS.CRS._H.xlsx,PT_Import_Val_2018-19,31.0,1751964622_PT_IMPORT_VAL_US$_H.xlsx,PT_Import_Val_2018-19,31.0,2026-08-21T15:32:19.402247+00:00,1.0
2019-03-01,2019,2018-19,March,HSD,IMPORT,334.94552788031996,48.407265389551384,PPAC,1751964598_PT_IMPORT_VAL_RS.CRS._H.xlsx,PT_Import_Val_2018-19,18.0,1751964622_PT_IMPORT_VAL_US$_H.xlsx,PT_Import_Val_2018-19,18.0,2026-08-21T15:32:19.402247+00:00,1.0
2019-03-01,2019,2018-19,March,LDO,EXPORT,0.0,0.0,PPAC,1751964598_PT_IMPORT_VAL_RS.CRS._H.xlsx,PT_Import_Val_2018-19,32.0,1751964622_PT_IMPORT_VAL_US$_H.xlsx,PT_Import_Val_2018-19,32.0,2026-08-21T15:32:19.402247+00:00,1.0
2019-03-01,2019,2018-19,March,LOBS/ Lube Oil,EXPORT,18.509999999999998,2.6277683134582626,PPAC,1751964598_PT_IMPORT_VAL_RS.CRS._H.xlsx,PT_Import_Val_2018-19,33.0,1751964622_PT_IMPORT_VAL_US$_H.xlsx,PT_Import_Val_2018-19,33.0,2026-08-21T15:32:19.402247+00:00,1.0
2019-03-01,2019,2018-19,March,LOBS/ Lube oil,IMPORT,1417.8945933378388,201.2911120581827,PPAC,1751964598_PT_IMPORT_VAL_RS.CRS._H.xlsx,PT_Import_Val_2018-19,19.0,1751964622_PT_IMPORT_VAL_US$_H.xlsx,PT_Import_Val_2018-19,19.0,2026-08-21T15:32:19.402247+00:00,1.0
2019-03-01,2019,2018-19,March,LPG,EXPORT,178.3506874,25.31951837024418,PPAC,1751964598_PT_IMPORT_VAL_RS.CRS._H.xlsx,PT_Import_Val_2018-19,26.0,1751964622_PT_IMPORT_VAL_US$_H.xlsx,PT_Import_Val_2018-19,26.0,2026-08-21T15:32:19.402247+00:00,1.0
2019-03-01,2019,2018-19,March,LPG,IMPORT,5004.528095876609,719.6642659847437,PPAC,1751964598_PT_IMPORT_VAL_RS.CRS._H.xlsx,PT_Import_Val_2018-19,13.0,1751964622_PT_IMPORT_VAL_US$_H.xlsx,PT_Import_Val_2018-19,13.0,2026-08-21T15:32:19.402247+00:00,1.0
2019-03-01,2019,2018-19,March,MS,IMPORT,657.61486835878,95.70521398,PPAC,1751964598_PT_IMPORT_VAL_RS.CRS._H.xlsx,PT_Import_Val_2018-19,14.0,1751964622_PT_IMPORT_VAL_US$_H.xlsx,PT_Import_Val_2018-19,14.0,2026-08-21T15:32:19.402247+00:00,1.0
2019-03-01,2019,2018-19,March,MS!,EXPORT,5477.138601873672,786.8128313500382,PPAC,1751964598_PT_IMPORT_VAL_RS.CRS._H.xlsx,PT_Import_Val_2018-19,27.0,1751964622_PT_IMPORT_VAL_US$_H.xlsx,PT_Import_Val_2018-19,27.0,2026-08-21T15:32:19.402247+00:00,1.0
2019-03-01,2019,2018-19,March,Naphtha,IMPORT,298.57490026229993,42.464910532042325,PPAC,1751964598_PT_IMPORT_VAL_RS.CRS._H.xlsx,PT_Import_Val_2018-19,15.0,1751964622_PT_IMPORT_VAL_US$_H.xlsx,PT_Import_Val_2018-19,15.0,2026-08-21T15:32:19.402247+00:00,1.0
2019-03-01,2019,2018-19,March,Naphtha$,EXPORT,1730.5941543638662,248.52099138894857,PPAC,1751964598_PT_IMPORT_VAL_RS.CRS._H.xlsx,PT_Import_Val_2018-19,28.0,1751964622_PT_IMPORT_VAL_US$_H.xlsx,PT_Import_Val_2018-19,28.0,2026-08-21T15:32:19.402247+00:00,1.0
2019-03-01,2019,2018-19,March,Others%,EXPORT,1017.513739466,145.55076981501526,PPAC,1751964598_PT_IMPORT_VAL_RS.CRS._H.xlsx,PT_Import_Val_2018-19,36.0,1751964622_PT_IMPORT_VAL_US$_H.xlsx,PT_Import_Val_2018-19,36.0,2026-08-21T15:32:19.402247+00:00,1.0
2019-03-01,2019,2018-19,March,Others&,IMPORT,2282.4894894110316,324.22356529152773,PPAC,1751964598_PT_IMPORT_VAL_RS.CRS._H.xlsx,PT_Import_Val_2018-19,22.0,1751964622_PT_IMPORT_VAL_US$_H.xlsx,PT_Import_Val_2018-19,22.0,2026-08-21T15:32:19.402247+00:00,1.0
2019-03-01,2019,2018-19,March,SKO,EXPORT,7.5735677,1.0751799687677455,PPAC,1751964598_PT_IMPORT_VAL_RS.CRS._H.xlsx,PT_Import_Val_2018-19,30.0,1751964622_PT_IMPORT_VAL_US$_H.xlsx,PT_Import_Val_2018-19,30.0,2026-08-21T15:32:19.402247+00:00,1.0
2019-03-01,2019,2018-19,March,SKO,IMPORT,0.0,0.0,PPAC,1751964598_PT_IMPORT_VAL_RS.CRS._H.xlsx,PT_Import_Val_2018-19,17.0,1751964622_PT_IMPORT_VAL_US$_H.xlsx,PT_Import_Val_2018-19,17.0,2026-08-21T15:32:19.402247+00:00,1.0
2019-04-01,2019,2019-20,April,ATF,IMPORT,308.649756236177,44.66711378237,PPAC,1751964598_PT_IMPORT_VAL_RS.CRS._H.xlsx,PT_Import_Val_2019-20,16.0,1751964622_PT_IMPORT_VAL_US$_H.xlsx,PT_Import_Val_2019-20,16.0,2026-08-21T15:32:19.380704+00:00,1.0
2019-04-01,2019,2019-20,April,ATF#,EXPORT,2484.486854725659,357.3801505640263,PPAC,1751964598_PT_IMPORT_VAL_RS.CRS._H.xlsx,PT_Import_Val_2019-20,29.0,1751964622_PT_IMPORT_VAL_US$_H.xlsx,PT_Import_Val_2019-20,29.0,2026-08-21T15:32:19.380704+00:00,1.0
2019-04-01,2019,2019-20,April,Bitumen,EXPORT,12.3616809,1.7889552677279308,PPAC,1751964598_PT_IMPORT_VAL_RS.CRS._H.xlsx,PT_Import_Val_2019-20,35.0,1751964622_PT_IMPORT_VAL_US$_H.xlsx,PT_Import_Val_2019-20,35.0,2026-08-21T15:32:19.380704+00:00,1.0
2019-04-01,2019,2019-20,April,Bitumen,IMPORT,264.95648469999986,38.343919638205485,PPAC,1751964598_PT_IMPORT_VAL_RS.CRS._H.xlsx,PT_Import_Val_2019-20,21.0,1751964622_PT_IMPORT_VAL_US$_H.xlsx,PT_Import_Val_2019-20,21.0,2026-08-21T15:32:19.380704+00:00,1.0
2019-04-01,2019,2019-20,April,CRUDE OIL,IMPORT,67513.65731155791,9737.982363079547,PPAC,1751964598_PT_IMPORT_VAL_RS.CRS._H.xlsx,PT_Import_Val_2019-20,11.0,1751964622_PT_IMPORT_VAL_US$_H.xlsx,PT_Import_Val_2019-20,11.0,2026-08-21T15:32:19.380704+00:00,1.0
2019-04-01,2019,2019-20,April,Fuel Oil,EXPORT,160.5199377,23.03209290791904,PPAC,1751964598_PT_IMPORT_VAL_RS.CRS._H.xlsx,PT_Import_Val_2019-20,34.0,1751964622_PT_IMPORT_VAL_US$_H.xlsx,PT_Import_Val_2019-20,34.0,2026-08-21T15:32:19.380704+00:00,1.0
2019-04-01,2019,2019-20,April,Fuel Oil,IMPORT,111.27334410000009,16.10323358900146,PPAC,1751964598_PT_IMPORT_VAL_RS.CRS._H.xlsx,PT_Import_Val_2019-20,20.0,1751964622_PT_IMPORT_VAL_US$_H.xlsx,PT_Import_Val_2019-20,20.0,2026-08-21T15:32:19.380704+00:00,1.0
2019-04-01,2019,2019-20,April,HSD,EXPORT,8771.29414482058,1261.6814018562668,PPAC,1751964598_PT_IMPORT_VAL_RS.CRS._H.xlsx,PT_Import_Val_2019-20,31.0,1751964622_PT_IMPORT_VAL_US$_H.xlsx,PT_Import_Val_2019-20,31.0,2026-08-21T15:32:19.380704+00:00,1.0
2019-04-01,2019,2019-20,April,HSD,IMPORT,604.4823128380001,86.99078326401013,PPAC,1751964598_PT_IMPORT_VAL_RS.CRS._H.xlsx,PT_Import_Val_2019-20,18.0,1751964622_PT_IMPORT_VAL_US$_H.xlsx,PT_Import_Val_2019-20,18.0,2026-08-21T15:32:19.380704+00:00,1.0
2019-04-01,2019,2019-20,April,LDO,EXPORT,0.0,0.0,PPAC,1751964598_PT_IMPORT_VAL_RS.CRS._H.xlsx,PT_Import_Val_2019-20,32.0,1751964622_PT_IMPORT_VAL_US$_H.xlsx,PT_Import_Val_2019-20,32.0,2026-08-21T15:32:19.380704+00:00,1.0
2019-04-01,2019,2019-20,April,LOBS/ Lube Oil,EXPORT,0.87,0.125904486251809,PPAC,1751964598_PT_IMPORT_VAL_RS.CRS._H.xlsx,PT_Import_Val_2019-20,33.0,1751964622_PT_IMPORT_VAL_US$_H.xlsx,PT_Import_Val_2019-20,33.0,2026-08-21T15:32:19.380704+00:00,1.0
2019-04-01,2019,2019-20,April,LOBS/ Lube oil,IMPORT,881.3313683999987,127.53820092619372,PPAC,1751964598_PT_IMPORT_VAL_RS.CRS._H.xlsx,PT_Import_Val_2019-20,19.0,1751964622_PT_IMPORT_VAL_US$_H.xlsx,PT_Import_Val_2019-20,19.0,2026-08-21T15:32:19.380704+00:00,1.0
2019-04-01,2019,2019-20,April,LPG,EXPORT,174.8827465,25.30864638205499,PPAC,1751964598_PT_IMPORT_VAL_RS.CRS._H.xlsx,PT_Import_Val_2019-20,26.0,1751964622_PT_IMPORT_VAL_US$_H.xlsx,PT_Import_Val_2019-20,26.0,2026-08-21T15:32:19.380704+00:00,1.0
2019-04-01,2019,2019-20,April,LPG,IMPORT,4769.772749343366,687.9661755575819,PPAC,1751964598_PT_IMPORT_VAL_RS.CRS._H.xlsx,PT_Import_Val_2019-20,13.0,1751964622_PT_IMPORT_VAL_US$_H.xlsx,PT_Import_Val_2019-20,13.0,2026-08-21T15:32:19.380704+00:00,1.0
2019-04-01,2019,2019-20,April,MS,IMPORT,597.855312057,85.92454847808,PPAC,1751964598_PT_IMPORT_VAL_RS.CRS._H.xlsx,PT_Import_Val_2019-20,14.0,1751964622_PT_IMPORT_VAL_US$_H.xlsx,PT_Import_Val_2019-20,14.0,2026-08-21T15:32:19.380704+00:00,1.0
2019-04-01,2019,2019-20,April,MS!,EXPORT,4999.853591777,719.6765281506629,PPAC,1751964598_PT_IMPORT_VAL_RS.CRS._H.xlsx,PT_Import_Val_2019-20,27.0,1751964622_PT_IMPORT_VAL_US$_H.xlsx,PT_Import_Val_2019-20,27.0,2026-08-21T15:32:19.380704+00:00,1.0
2019-04-01,2019,2019-20,April,Naphtha,IMPORT,516.4710318600299,74.74255164399854,PPAC,1751964598_PT_IMPORT_VAL_RS.CRS._H.xlsx,PT_Import_Val_2019-20,15.0,1751964622_PT_IMPORT_VAL_US$_H.xlsx,PT_Import_Val_2019-20,15.0,2026-08-21T15:32:19.380704+00:00,1.0
2019-04-01,2019,2019-20,April,Naphtha$,EXPORT,2453.6156261546894,353.25427434043456,PPAC,1751964598_PT_IMPORT_VAL_RS.CRS._H.xlsx,PT_Import_Val_2019-20,28.0,1751964622_PT_IMPORT_VAL_US$_H.xlsx,PT_Import_Val_2019-20,28.0,2026-08-21T15:32:19.380704+00:00,1.0
2019-04-01,2019,2019-20,April,Others%,EXPORT,398.41286671870347,57.20295541701967,PPAC,1751964598_PT_IMPORT_VAL_RS.CRS._H.xlsx,PT_Import_Val_2019-20,36.0,1751964622_PT_IMPORT_VAL_US$_H.xlsx,PT_Import_Val_2019-20,36.0,2026-08-21T15:32:19.380704+00:00,1.0
2019-04-01,2019,2019-20,April,Others&,IMPORT,2093.7864028127397,302.8583847678767,PPAC,1751964598_PT_IMPORT_VAL_RS.CRS._H.xlsx,PT_Import_Val_2019-20,22.0,1751964622_PT_IMPORT_VAL_US$_H.xlsx,PT_Import_Val_2019-20,22.0,2026-08-21T15:32:19.380704+00:00,1.0
2019-04-01,2019,2019-20,April,SKO,EXPORT,8.1339013,1.1771203039073805,PPAC,1751964598_PT_IMPORT_VAL_RS.CRS._H.xlsx,PT_Import_Val_2019-20,30.0,1751964622_PT_IMPORT_VAL_US$_H.xlsx,PT_Import_Val_2019-20,30.0,2026-08-21T15:32:19.380704+00:00,1.0
2019-04-01,2019,2019-20,April,SKO,IMPORT,0.0,0.0,PPAC,1751964598_PT_IMPORT_VAL_RS.CRS._H.xlsx,PT_Import_Val_2019-20,17.0,1751964622_PT_IMPORT_VAL_US$_H.xlsx,PT_Import_Val_2019-20,17.0,2026-08-21T15:32:19.380704+00:00,1.0
2019-05-01,2019,2019-20,May,ATF,IMPORT,0.0,0.0,PPAC,1751964598_PT_IMPORT_VAL_RS.CRS._H.xlsx,PT_Import_Val_2019-20,16.0,1751964622_PT_IMPORT_VAL_US$_H.xlsx,PT_Import_Val_2019-20,16.0,2026-08-21T15:32:19.380704+00:00,1.0
2019-05-01,2019,2019-20,May,ATF#,EXPORT,2129.932848422,304.88488496336487,PPAC,1751964598_PT_IMPORT_VAL_RS.CRS._H.xlsx,PT_Import_Val_2019-20,29.0,1751964622_PT_IMPORT_VAL_US$_H.xlsx,PT_Import_Val_2019-20,29.0,2026-08-21T15:32:19.380704+00:00,1.0
2019-05-01,2019,2019-20,May,Bitumen,EXPORT,11.3246259,1.6145745508982035,PPAC,1751964598_PT_IMPORT_VAL_RS.CRS._H.xlsx,PT_Import_Val_2019-20,35.0,1751964622_PT_IMPORT_VAL_US$_H.xlsx,PT_Import_Val_2019-20,35.0,2026-08-21T15:32:19.380704+00:00,1.0
2019-05-01,2019,2019-20,May,Bitumen,IMPORT,306.8215026,43.744154918733955,PPAC,1751964598_PT_IMPORT_VAL_RS.CRS._H.xlsx,PT_Import_Val_2019-20,21.0,1751964622_PT_IMPORT_VAL_US$_H.xlsx,PT_Import_Val_2019-20,21.0,2026-08-21T15:32:19.380704+00:00,1.0
2019-05-01,2019,2019-20,May,CRUDE OIL,IMPORT,66391.61577026776,9531.551213595401,PPAC,1751964598_PT_IMPORT_VAL_RS.CRS._H.xlsx,PT_Import_Val_2019-20,11.0,1751964622_PT_IMPORT_VAL_US$_H.xlsx,PT_Import_Val_2019-20,11.0,2026-08-21T15:32:19.380704+00:00,1.0
2019-05-01,2019,2019-20,May,Fuel Oil,EXPORT,280.11,39.97,PPAC,1751964598_PT_IMPORT_VAL_RS.CRS._H.xlsx,PT_Import_Val_2019-20,34.0,1751964622_PT_IMPORT_VAL_US$_H.xlsx,PT_Import_Val_2019-20,34.0,2026-08-21T15:32:19.380704+00:00,1.0
2019-05-01,2019,2019-20,May,Fuel Oil,IMPORT,287.1030396496,40.99452175933847,PPAC,1751964598_PT_IMPORT_VAL_RS.CRS._H.xlsx,PT_Import_Val_2019-20,20.0,1751964622_PT_IMPORT_VAL_US$_H.xlsx,PT_Import_Val_2019-20,20.0,2026-08-21T15:32:19.380704+00:00,1.0
2019-05-01,2019,2019-20,May,HSD,EXPORT,9143.309619448344,1308.2487857662456,PPAC,1751964598_PT_IMPORT_VAL_RS.CRS._H.xlsx,PT_Import_Val_2019-20,31.0,1751964622_PT_IMPORT_VAL_US$_H.xlsx,PT_Import_Val_2019-20,31.0,2026-08-21T15:32:19.380704+00:00,1.0
2019-05-01,2019,2019-20,May,HSD,IMPORT,817.8773433330491,117.92507070617032,PPAC,1751964598_PT_IMPORT_VAL_RS.CRS._H.xlsx,PT_Import_Val_2019-20,18.0,1751964622_PT_IMPORT_VAL_US$_H.xlsx,PT_Import_Val_2019-20,18.0,2026-08-21T15:32:19.380704+00:00,1.0
2019-05-01,2019,2019-20,May,LDO,EXPORT,0.0,0.0,PPAC,1751964598_PT_IMPORT_VAL_RS.CRS._H.xlsx,PT_Import_Val_2019-20,32.0,1751964622_PT_IMPORT_VAL_US$_H.xlsx,PT_Import_Val_2019-20,32.0,2026-08-21T15:32:19.380704+00:00,1.0
2019-05-01,2019,2019-20,May,LOBS/ Lube Oil,EXPORT,5.91,0.8426005132591958,PPAC,1751964598_PT_IMPORT_VAL_RS.CRS._H.xlsx,PT_Import_Val_2019-20,33.0,1751964622_PT_IMPORT_VAL_US$_H.xlsx,PT_Import_Val_2019-20,33.0,2026-08-21T15:32:19.380704+00:00,1.0
2019-05-01,2019,2019-20,May,LOBS/ Lube oil,IMPORT,1326.0387175020496,189.06025342202017,PPAC,1751964598_PT_IMPORT_VAL_RS.CRS._H.xlsx,PT_Import_Val_2019-20,19.0,1751964622_PT_IMPORT_VAL_US$_H.xlsx,PT_Import_Val_2019-20,19.0,2026-08-21T15:32:19.380704+00:00,1.0
2019-05-01,2019,2019-20,May,LPG,EXPORT,168.9648985,24.089663316224694,PPAC,1751964598_PT_IMPORT_VAL_RS.CRS._H.xlsx,PT_Import_Val_2019-20,26.0,1751964622_PT_IMPORT_VAL_US$_H.xlsx,PT_Import_Val_2019-20,26.0,2026-08-21T15:32:19.380704+00:00,1.0
2019-05-01,2019,2019-20,May,LPG,IMPORT,3904.5130632338332,558.3828007164143,PPAC,1751964598_PT_IMPORT_VAL_RS.CRS._H.xlsx,PT_Import_Val_2019-20,13.0,1751964622_PT_IMPORT_VAL_US$_H.xlsx,PT_Import_Val_2019-20,13.0,2026-08-21T15:32:19.380704+00:00,1.0
2019-05-01,2019,2019-20,May,MS,IMPORT,583.6617332400366,83.7842595395,PPAC,1751964598_PT_IMPORT_VAL_RS.CRS._H.xlsx,PT_Import_Val_2019-20,14.0,1751964622_PT_IMPORT_VAL_US$_H.xlsx,PT_Import_Val_2019-20,14.0,2026-08-21T15:32:19.380704+00:00,1.0
2019-05-01,2019,2019-20,May,MS!,EXPORT,6508.598332817327,932.199488525221,PPAC,1751964598_PT_IMPORT_VAL_RS.CRS._H.xlsx,PT_Import_Val_2019-20,27.0,1751964622_PT_IMPORT_VAL_US$_H.xlsx,PT_Import_Val_2019-20,27.0,2026-08-21T15:32:19.380704+00:00,1.0
2019-05-01,2019,2019-20,May,Naphtha,IMPORT,555.4177212999999,79.18701472768747,PPAC,1751964598_PT_IMPORT_VAL_RS.CRS._H.xlsx,PT_Import_Val_2019-20,15.0,1751964622_PT_IMPORT_VAL_US$_H.xlsx,PT_Import_Val_2019-20,15.0,2026-08-21T15:32:19.380704+00:00,1.0
2019-05-01,2019,2019-20,May,Naphtha$,EXPORT,3729.7819551904786,534.4010335066864,PPAC,1751964598_PT_IMPORT_VAL_RS.CRS._H.xlsx,PT_Import_Val_2019-20,28.0,1751964622_PT_IMPORT_VAL_US$_H.xlsx,PT_Import_Val_2019-20,28.0,2026-08-21T15:32:19.380704+00:00,1.0
2019-05-01,2019,2019-20,May,Others%,EXPORT,935.21856080146,133.82676838231302,PPAC,1751964598_PT_IMPORT_VAL_RS.CRS._H.xlsx,PT_Import_Val_2019-20,36.0,1751964622_PT_IMPORT_VAL_US$_H.xlsx,PT_Import_Val_2019-20,36.0,2026-08-21T15:32:19.380704+00:00,1.0
2019-05-01,2019,2019-20,May,Others&,IMPORT,2627.794384909326,374.88478836293876,PPAC,1751964598_PT_IMPORT_VAL_RS.CRS._H.xlsx,PT_Import_Val_2019-20,22.0,1751964622_PT_IMPORT_VAL_US$_H.xlsx,PT_Import_Val_2019-20,22.0,2026-08-21T15:32:19.380704+00:00,1.0
2019-05-01,2019,2019-20,May,SKO,EXPORT,8.1023231,1.1551643997718848,PPAC,1751964598_PT_IMPORT_VAL_RS.CRS._H.xlsx,PT_Import_Val_2019-20,30.0,1751964622_PT_IMPORT_VAL_US$_H.xlsx,PT_Import_Val_2019-20,30.0,2026-08-21T15:32:19.380704+00:00,1.0
2019-05-01,2019,2019-20,May,SKO,IMPORT,0.0,0.0,PPAC,1751964598_PT_IMPORT_VAL_RS.CRS._H.xlsx,PT_Import_Val_2019-20,17.0,1751964622_PT_IMPORT_VAL_US$_H.xlsx,PT_Import_Val_2019-20,17.0,2026-08-21T15:32:19.380704+00:00,1.0
2019-06-01,2019,2019-20,June,ATF,IMPORT,0.0,0.0,PPAC,1751964598_PT_IMPORT_VAL_RS.CRS._H.xlsx,PT_Import_Val_2019-20,16.0,1751964622_PT_IMPORT_VAL_US$_H.xlsx,PT_Import_Val_2019-20,16.0,2026-08-21T15:32:19.380704+00:00,1.0
2019-06-01,2019,2019-20,June,ATF#,EXPORT,2623.3304930340805,377.6799005145754,PPAC,1751964598_PT_IMPORT_VAL_RS.CRS._H.xlsx,PT_Import_Val_2019-20,29.0,1751964622_PT_IMPORT_VAL_US$_H.xlsx,PT_Import_Val_2019-20,29.0,2026-08-21T15:32:19.380704+00:00,1.0
2019-06-01,2019,2019-20,June,Bitumen,EXPORT,2.4015566,0.3435703290414878,PPAC,1751964598_PT_IMPORT_VAL_RS.CRS._H.xlsx,PT_Import_Val_2019-20,35.0,1751964622_PT_IMPORT_VAL_US$_H.xlsx,PT_Import_Val_2019-20,35.0,2026-08-21T15:32:19.380704+00:00,1.0
2019-06-01,2019,2019-20,June,Bitumen,IMPORT,290.1377242,41.507542804005716,PPAC,1751964598_PT_IMPORT_VAL_RS.CRS._H.xlsx,PT_Import_Val_2019-20,21.0,1751964622_PT_IMPORT_VAL_US$_H.xlsx,PT_Import_Val_2019-20,21.0,2026-08-21T15:32:19.380704+00:00,1.0
2019-06-01,2019,2019-20,June,CRUDE OIL,IMPORT,55094.71031387508,7993.9698032265605,PPAC,1751964598_PT_IMPORT_VAL_RS.CRS._H.xlsx,PT_Import_Val_2019-20,11.0,1751964622_PT_IMPORT_VAL_US$_H.xlsx,PT_Import_Val_2019-20,11.0,2026-08-21T15:32:19.380704+00:00,1.0
2019-06-01,2019,2019-20,June,Fuel Oil,EXPORT,315.68453170000004,45.50844716685059,PPAC,1751964598_PT_IMPORT_VAL_RS.CRS._H.xlsx,PT_Import_Val_2019-20,34.0,1751964622_PT_IMPORT_VAL_US$_H.xlsx,PT_Import_Val_2019-20,34.0,2026-08-21T15:32:19.380704+00:00,1.0
2019-06-01,2019,2019-20,June,Fuel Oil,IMPORT,925.8392975370102,133.0000247515982,PPAC,1751964598_PT_IMPORT_VAL_RS.CRS._H.xlsx,PT_Import_Val_2019-20,20.0,1751964622_PT_IMPORT_VAL_US$_H.xlsx,PT_Import_Val_2019-20,20.0,2026-08-21T15:32:19.380704+00:00,1.0
2019-06-01,2019,2019-20,June,HSD,EXPORT,8744.309642720658,1259.8439503492682,PPAC,1751964598_PT_IMPORT_VAL_RS.CRS._H.xlsx,PT_Import_Val_2019-20,31.0,1751964622_PT_IMPORT_VAL_US$_H.xlsx,PT_Import_Val_2019-20,31.0,2026-08-21T15:32:19.380704+00:00,1.0
2019-06-01,2019,2019-20,June,HSD,IMPORT,1775.5339655609366,257.90742960788435,PPAC,1751964598_PT_IMPORT_VAL_RS.CRS._H.xlsx,PT_Import_Val_2019-20,18.0,1751964622_PT_IMPORT_VAL_US$_H.xlsx,PT_Import_Val_2019-20,18.0,2026-08-21T15:32:19.380704+00:00,1.0
2019-06-01,2019,2019-20,June,LDO,EXPORT,0.0,0.0,PPAC,1751964598_PT_IMPORT_VAL_RS.CRS._H.xlsx,PT_Import_Val_2019-20,32.0,1751964622_PT_IMPORT_VAL_US$_H.xlsx,PT_Import_Val_2019-20,32.0,2026-08-21T15:32:19.380704+00:00,1.0
2019-06-01,2019,2019-20,June,LOBS/ Lube Oil,EXPORT,9.690000000000001,1.386266094420601,PPAC,1751964598_PT_IMPORT_VAL_RS.CRS._H.xlsx,PT_Import_Val_2019-20,33.0,1751964622_PT_IMPORT_VAL_US$_H.xlsx,PT_Import_Val_2019-20,33.0,2026-08-21T15:32:19.380704+00:00,1.0
2019-06-01,2019,2019-20,June,LOBS/ Lube oil,IMPORT,1188.1614829711402,169.98018354379687,PPAC,1751964598_PT_IMPORT_VAL_RS.CRS._H.xlsx,PT_Import_Val_2019-20,19.0,1751964622_PT_IMPORT_VAL_US$_H.xlsx,PT_Import_Val_2019-20,19.0,2026-08-21T15:32:19.380704+00:00,1.0
2019-06-01,2019,2019-20,June,LPG,EXPORT,161.1536281,23.054882417739623,PPAC,1751964598_PT_IMPORT_VAL_RS.CRS._H.xlsx,PT_Import_Val_2019-20,26.0,1751964622_PT_IMPORT_VAL_US$_H.xlsx,PT_Import_Val_2019-20,26.0,2026-08-21T15:32:19.380704+00:00,1.0
2019-06-01,2019,2019-20,June,LPG,IMPORT,3089.955489344962,444.6539465229548,PPAC,1751964598_PT_IMPORT_VAL_RS.CRS._H.xlsx,PT_Import_Val_2019-20,13.0,1751964622_PT_IMPORT_VAL_US$_H.xlsx,PT_Import_Val_2019-20,13.0,2026-08-21T15:32:19.380704+00:00,1.0
2019-06-01,2019,2019-20,June,MS,IMPORT,781.7343916372175,113.294833436915,PPAC,1751964598_PT_IMPORT_VAL_RS.CRS._H.xlsx,PT_Import_Val_2019-20,14.0,1751964622_PT_IMPORT_VAL_US$_H.xlsx,PT_Import_Val_2019-20,14.0,2026-08-21T15:32:19.380704+00:00,1.0
2019-06-01,2019,2019-20,June,MS!,EXPORT,3494.713614348761,503.14625482027503,PPAC,1751964598_PT_IMPORT_VAL_RS.CRS._H.xlsx,PT_Import_Val_2019-20,27.0,1751964622_PT_IMPORT_VAL_US$_H.xlsx,PT_Import_Val_2019-20,27.0,2026-08-21T15:32:19.380704+00:00,1.0
2019-06-01,2019,2019-20,June,Naphtha,IMPORT,272.19264371038486,38.94029237630684,PPAC,1751964598_PT_IMPORT_VAL_RS.CRS._H.xlsx,PT_Import_Val_2019-20,15.0,1751964622_PT_IMPORT_VAL_US$_H.xlsx,PT_Import_Val_2019-20,15.0,2026-08-21T15:32:19.380704+00:00,1.0
2019-06-01,2019,2019-20,June,Naphtha$,EXPORT,1815.4589436252204,262.0281547318119,PPAC,1751964598_PT_IMPORT_VAL_RS.CRS._H.xlsx,PT_Import_Val_2019-20,28.0,1751964622_PT_IMPORT_VAL_US$_H.xlsx,PT_Import_Val_2019-20,28.0,2026-08-21T15:32:19.380704+00:00,1.0
2019-06-01,2019,2019-20,June,Others%,EXPORT,525.4042814414216,75.72794441833037,PPAC,1751964598_PT_IMPORT_VAL_RS.CRS._H.xlsx,PT_Import_Val_2019-20,36.0,1751964622_PT_IMPORT_VAL_US$_H.xlsx,PT_Import_Val_2019-20,36.0,2026-08-21T15:32:19.380704+00:00,1.0
2019-06-01,2019,2019-20,June,Others&,IMPORT,2285.88943417891,327.55244967266447,PPAC,1751964598_PT_IMPORT_VAL_RS.CRS._H.xlsx,PT_Import_Val_2019-20,22.0,1751964622_PT_IMPORT_VAL_US$_H.xlsx,PT_Import_Val_2019-20,22.0,2026-08-21T15:32:19.380704+00:00,1.0
2019-06-01,2019,2019-20,June,SKO,EXPORT,10.0452182,1.4370841487839772,PPAC,1751964598_PT_IMPORT_VAL_RS.CRS._H.xlsx,PT_Import_Val_2019-20,30.0,1751964622_PT_IMPORT_VAL_US$_H.xlsx,PT_Import_Val_2019-20,30.0,2026-08-21T15:32:19.380704+00:00,1.0
2019-06-01,2019,2019-20,June,SKO,IMPORT,0.0,0.0,PPAC,1751964598_PT_IMPORT_VAL_RS.CRS._H.xlsx,PT_Import_Val_2019-20,17.0,1751964622_PT_IMPORT_VAL_US$_H.xlsx,PT_Import_Val_2019-20,17.0,2026-08-21T15:32:19.380704+00:00,1.0
2019-07-01,2019,2019-20,July,ATF,IMPORT,0.0,0.0,PPAC,1751964598_PT_IMPORT_VAL_RS.CRS._H.xlsx,PT_Import_Val_2019-20,16.0,1751964622_PT_IMPORT_VAL_US$_H.xlsx,PT_Import_Val_2019-20,16.0,2026-08-21T15:32:19.380704+00:00,1.0
2019-07-01,2019,2019-20,July,ATF#,EXPORT,2043.2540154800004,296.640331373409,PPAC,1751964598_PT_IMPORT_VAL_RS.CRS._H.xlsx,PT_Import_Val_2019-20,29.0,1751964622_PT_IMPORT_VAL_US$_H.xlsx,PT_Import_Val_2019-20,29.0,2026-08-21T15:32:19.380704+00:00,1.0
2019-07-01,2019,2019-20,July,Bitumen,EXPORT,2.9478871,0.4247675936599423,PPAC,1751964598_PT_IMPORT_VAL_RS.CRS._H.xlsx,PT_Import_Val_2019-20,35.0,1751964622_PT_IMPORT_VAL_US$_H.xlsx,PT_Import_Val_2019-20,35.0,2026-08-21T15:32:19.380704+00:00,1.0
2019-07-01,2019,2019-20,July,Bitumen,IMPORT,210.6938274000001,30.35934112391932,PPAC,1751964598_PT_IMPORT_VAL_RS.CRS._H.xlsx,PT_Import_Val_2019-20,21.0,1751964622_PT_IMPORT_VAL_US$_H.xlsx,PT_Import_Val_2019-20,21.0,2026-08-21T15:32:19.380704+00:00,1.0
2019-07-01,2019,2019-20,July,CRUDE OIL,IMPORT,62690.27461527054,9042.63130679201,PPAC,1751964598_PT_IMPORT_VAL_RS.CRS._H.xlsx,PT_Import_Val_2019-20,11.0,1751964622_PT_IMPORT_VAL_US$_H.xlsx,PT_Import_Val_2019-20,11.0,2026-08-21T15:32:19.380704+00:00,1.0
2019-07-01,2019,2019-20,July,Fuel Oil,EXPORT,425.9154017,61.066719237190355,PPAC,1751964598_PT_IMPORT_VAL_RS.CRS._H.xlsx,PT_Import_Val_2019-20,34.0,1751964622_PT_IMPORT_VAL_US$_H.xlsx,PT_Import_Val_2019-20,34.0,2026-08-21T15:32:19.380704+00:00,1.0
2019-07-01,2019,2019-20,July,Fuel Oil,IMPORT,429.6372060778587,61.93500044731061,PPAC,1751964598_PT_IMPORT_VAL_RS.CRS._H.xlsx,PT_Import_Val_2019-20,20.0,1751964622_PT_IMPORT_VAL_US$_H.xlsx,PT_Import_Val_2019-20,20.0,2026-08-21T15:32:19.380704+00:00,1.0
2019-07-01,2019,2019-20,July,HSD,EXPORT,10609.2845082856,1540.980087335986,PPAC,1751964598_PT_IMPORT_VAL_RS.CRS._H.xlsx,PT_Import_Val_2019-20,31.0,1751964622_PT_IMPORT_VAL_US$_H.xlsx,PT_Import_Val_2019-20,31.0,2026-08-21T15:32:19.380704+00:00,1.0
2019-07-01,2019,2019-20,July,HSD,IMPORT,486.381447182885,67.5824122601268,PPAC,1751964598_PT_IMPORT_VAL_RS.CRS._H.xlsx,PT_Import_Val_2019-20,18.0,1751964622_PT_IMPORT_VAL_US$_H.xlsx,PT_Import_Val_2019-20,18.0,2026-08-21T15:32:19.380704+00:00,1.0
2019-07-01,2019,2019-20,July,LDO,EXPORT,0.0,0.0,PPAC,1751964598_PT_IMPORT_VAL_RS.CRS._H.xlsx,PT_Import_Val_2019-20,32.0,1751964622_PT_IMPORT_VAL_US$_H.xlsx,PT_Import_Val_2019-20,32.0,2026-08-21T15:32:19.380704+00:00,1.0
2019-07-01,2019,2019-20,July,LOBS/ Lube Oil,EXPORT,9.9,1.4265129682997117,PPAC,1751964598_PT_IMPORT_VAL_RS.CRS._H.xlsx,PT_Import_Val_2019-20,33.0,1751964622_PT_IMPORT_VAL_US$_H.xlsx,PT_Import_Val_2019-20,33.0,2026-08-21T15:32:19.380704+00:00,1.0
2019-07-01,2019,2019-20,July,LOBS/ Lube oil,IMPORT,1046.8374098353418,150.84112533650455,PPAC,1751964598_PT_IMPORT_VAL_RS.CRS._H.xlsx,PT_Import_Val_2019-20,19.0,1751964622_PT_IMPORT_VAL_US$_H.xlsx,PT_Import_Val_2019-20,19.0,2026-08-21T15:32:19.380704+00:00,1.0
2019-07-01,2019,2019-20,July,LPG,EXPORT,147.576961,21.264691786743516,PPAC,1751964598_PT_IMPORT_VAL_RS.CRS._H.xlsx,PT_Import_Val_2019-20,26.0,1751964622_PT_IMPORT_VAL_US$_H.xlsx,PT_Import_Val_2019-20,26.0,2026-08-21T15:32:19.380704+00:00,1.0
2019-07-01,2019,2019-20,July,LPG,IMPORT,2316.0578840636986,332.66931863273595,PPAC,1751964598_PT_IMPORT_VAL_RS.CRS._H.xlsx,PT_Import_Val_2019-20,13.0,1751964622_PT_IMPORT_VAL_US$_H.xlsx,PT_Import_Val_2019-20,13.0,2026-08-21T15:32:19.380704+00:00,1.0
2019-07-01,2019,2019-20,July,MS,IMPORT,1118.5332148658658,159.72667790656,PPAC,1751964598_PT_IMPORT_VAL_RS.CRS._H.xlsx,PT_Import_Val_2019-20,14.0,1751964622_PT_IMPORT_VAL_US$_H.xlsx,PT_Import_Val_2019-20,14.0,2026-08-21T15:32:19.380704+00:00,1.0
2019-07-01,2019,2019-20,July,MS!,EXPORT,5087.21761922,739.0422010755827,PPAC,1751964598_PT_IMPORT_VAL_RS.CRS._H.xlsx,PT_Import_Val_2019-20,27.0,1751964622_PT_IMPORT_VAL_US$_H.xlsx,PT_Import_Val_2019-20,27.0,2026-08-21T15:32:19.380704+00:00,1.0
2019-07-01,2019,2019-20,July,Naphtha,IMPORT,764.862339085467,110.21071168378488,PPAC,1751964598_PT_IMPORT_VAL_RS.CRS._H.xlsx,PT_Import_Val_2019-20,15.0,1751964622_PT_IMPORT_VAL_US$_H.xlsx,PT_Import_Val_2019-20,15.0,2026-08-21T15:32:19.380704+00:00,1.0
2019-07-01,2019,2019-20,July,Naphtha$,EXPORT,1387.5573958896,201.27876691758837,PPAC,1751964598_PT_IMPORT_VAL_RS.CRS._H.xlsx,PT_Import_Val_2019-20,28.0,1751964622_PT_IMPORT_VAL_US$_H.xlsx,PT_Import_Val_2019-20,28.0,2026-08-21T15:32:19.380704+00:00,1.0
2019-07-01,2019,2019-20,July,Others%,EXPORT,891.0852871038,129.55073302653625,PPAC,1751964598_PT_IMPORT_VAL_RS.CRS._H.xlsx,PT_Import_Val_2019-20,36.0,1751964622_PT_IMPORT_VAL_US$_H.xlsx,PT_Import_Val_2019-20,36.0,2026-08-21T15:32:19.380704+00:00,1.0
2019-07-01,2019,2019-20,July,Others&,IMPORT,1799.7161168724979,259.41284933325903,PPAC,1751964598_PT_IMPORT_VAL_RS.CRS._H.xlsx,PT_Import_Val_2019-20,22.0,1751964622_PT_IMPORT_VAL_US$_H.xlsx,PT_Import_Val_2019-20,22.0,2026-08-21T15:32:19.380704+00:00,1.0
2019-07-01,2019,2019-20,July,SKO,EXPORT,8.1984372,1.181331008645533,PPAC,1751964598_PT_IMPORT_VAL_RS.CRS._H.xlsx,PT_Import_Val_2019-20,30.0,1751964622_PT_IMPORT_VAL_US$_H.xlsx,PT_Import_Val_2019-20,30.0,2026-08-21T15:32:19.380704+00:00,1.0
2019-07-01,2019,2019-20,July,SKO,IMPORT,0.0,0.0,PPAC,1751964598_PT_IMPORT_VAL_RS.CRS._H.xlsx,PT_Import_Val_2019-20,17.0,1751964622_PT_IMPORT_VAL_US$_H.xlsx,PT_Import_Val_2019-20,17.0,2026-08-21T15:32:19.380704+00:00,1.0
2019-08-01,2019,2019-20,August,ATF,IMPORT,0.0046871,0.0006739180445722501,PPAC,1751964598_PT_IMPORT_VAL_RS.CRS._H.xlsx,PT_Import_Val_2019-20,16.0,1751964622_PT_IMPORT_VAL_US$_H.xlsx,PT_Import_Val_2019-20,16.0,2026-08-21T15:32:19.380704+00:00,1.0
2019-08-01,2019,2019-20,August,ATF#,EXPORT,2276.249611452,319.6556649419406,PPAC,1751964598_PT_IMPORT_VAL_RS.CRS._H.xlsx,PT_Import_Val_2019-20,29.0,1751964622_PT_IMPORT_VAL_US$_H.xlsx,PT_Import_Val_2019-20,29.0,2026-08-21T15:32:19.380704+00:00,1.0
2019-08-01,2019,2019-20,August,Bitumen,EXPORT,15.0445694,2.1631300359453633,PPAC,1751964598_PT_IMPORT_VAL_RS.CRS._H.xlsx,PT_Import_Val_2019-20,35.0,1751964622_PT_IMPORT_VAL_US$_H.xlsx,PT_Import_Val_2019-20,35.0,2026-08-21T15:32:19.380704+00:00,1.0
2019-08-01,2019,2019-20,August,Bitumen,IMPORT,121.87327759999998,17.52311683680805,PPAC,1751964598_PT_IMPORT_VAL_RS.CRS._H.xlsx,PT_Import_Val_2019-20,21.0,1751964622_PT_IMPORT_VAL_US$_H.xlsx,PT_Import_Val_2019-20,21.0,2026-08-21T15:32:19.380704+00:00,1.0
2019-08-01,2019,2019-20,August,CRUDE OIL,IMPORT,62338.084064030896,8814.665509840373,PPAC,1751964598_PT_IMPORT_VAL_RS.CRS._H.xlsx,PT_Import_Val_2019-20,11.0,1751964622_PT_IMPORT_VAL_US$_H.xlsx,PT_Import_Val_2019-20,11.0,2026-08-21T15:32:19.380704+00:00,1.0
2019-08-01,2019,2019-20,August,Fuel Oil,EXPORT,371.47372041335,52.65078814302841,PPAC,1751964598_PT_IMPORT_VAL_RS.CRS._H.xlsx,PT_Import_Val_2019-20,34.0,1751964622_PT_IMPORT_VAL_US$_H.xlsx,PT_Import_Val_2019-20,34.0,2026-08-21T15:32:19.380704+00:00,1.0
2019-08-01,2019,2019-20,August,Fuel Oil,IMPORT,814.8033117578279,114.64187530738522,PPAC,1751964598_PT_IMPORT_VAL_RS.CRS._H.xlsx,PT_Import_Val_2019-20,20.0,1751964622_PT_IMPORT_VAL_US$_H.xlsx,PT_Import_Val_2019-20,20.0,2026-08-21T15:32:19.380704+00:00,1.0
2019-08-01,2019,2019-20,August,HSD,EXPORT,9452.203447628137,1331.3891813444775,PPAC,1751964598_PT_IMPORT_VAL_RS.CRS._H.xlsx,PT_Import_Val_2019-20,31.0,1751964622_PT_IMPORT_VAL_US$_H.xlsx,PT_Import_Val_2019-20,31.0,2026-08-21T15:32:19.380704+00:00,1.0
2019-08-01,2019,2019-20,August,HSD,IMPORT,197.047453789715,27.34370351632027,PPAC,1751964598_PT_IMPORT_VAL_RS.CRS._H.xlsx,PT_Import_Val_2019-20,18.0,1751964622_PT_IMPORT_VAL_US$_H.xlsx,PT_Import_Val_2019-20,18.0,2026-08-21T15:32:19.380704+00:00,1.0
2019-08-01,2019,2019-20,August,LDO,EXPORT,0.0,0.0,PPAC,1751964598_PT_IMPORT_VAL_RS.CRS._H.xlsx,PT_Import_Val_2019-20,32.0,1751964622_PT_IMPORT_VAL_US$_H.xlsx,PT_Import_Val_2019-20,32.0,2026-08-21T15:32:19.380704+00:00,1.0
2019-08-01,2019,2019-20,August,LOBS/ Lube Oil,EXPORT,8.57,1.2322070452911573,PPAC,1751964598_PT_IMPORT_VAL_RS.CRS._H.xlsx,PT_Import_Val_2019-20,33.0,1751964622_PT_IMPORT_VAL_US$_H.xlsx,PT_Import_Val_2019-20,33.0,2026-08-21T15:32:19.380704+00:00,1.0
2019-08-01,2019,2019-20,August,LOBS/ Lube oil,IMPORT,1033.1027523141076,148.54101399196372,PPAC,1751964598_PT_IMPORT_VAL_RS.CRS._H.xlsx,PT_Import_Val_2019-20,19.0,1751964622_PT_IMPORT_VAL_US$_H.xlsx,PT_Import_Val_2019-20,19.0,2026-08-21T15:32:19.380704+00:00,1.0
2019-08-01,2019,2019-20,August,LPG,EXPORT,103.6308223,14.900190122214235,PPAC,1751964598_PT_IMPORT_VAL_RS.CRS._H.xlsx,PT_Import_Val_2019-20,26.0,1751964622_PT_IMPORT_VAL_US$_H.xlsx,PT_Import_Val_2019-20,26.0,2026-08-21T15:32:19.380704+00:00,1.0
2019-08-01,2019,2019-20,August,LPG,IMPORT,3239.6885931917186,459.97801771528964,PPAC,1751964598_PT_IMPORT_VAL_RS.CRS._H.xlsx,PT_Import_Val_2019-20,13.0,1751964622_PT_IMPORT_VAL_US$_H.xlsx,PT_Import_Val_2019-20,13.0,2026-08-21T15:32:19.380704+00:00,1.0
2019-08-01,2019,2019-20,August,MS,IMPORT,745.7456583003,105.948590671,PPAC,1751964598_PT_IMPORT_VAL_RS.CRS._H.xlsx,PT_Import_Val_2019-20,14.0,1751964622_PT_IMPORT_VAL_US$_H.xlsx,PT_Import_Val_2019-20,14.0,2026-08-21T15:32:19.380704+00:00,1.0
2019-08-01,2019,2019-20,August,MS!,EXPORT,3765.730299748,531.1301728885982,PPAC,1751964598_PT_IMPORT_VAL_RS.CRS._H.xlsx,PT_Import_Val_2019-20,27.0,1751964622_PT_IMPORT_VAL_US$_H.xlsx,PT_Import_Val_2019-20,27.0,2026-08-21T15:32:19.380704+00:00,1.0
2019-08-01,2019,2019-20,August,Naphtha,IMPORT,752.7479277090154,108.52111825726405,PPAC,1751964598_PT_IMPORT_VAL_RS.CRS._H.xlsx,PT_Import_Val_2019-20,15.0,1751964622_PT_IMPORT_VAL_US$_H.xlsx,PT_Import_Val_2019-20,15.0,2026-08-21T15:32:19.380704+00:00,1.0
2019-08-01,2019,2019-20,August,Naphtha$,EXPORT,2201.9511629057747,311.27295547512,PPAC,1751964598_PT_IMPORT_VAL_RS.CRS._H.xlsx,PT_Import_Val_2019-20,28.0,1751964622_PT_IMPORT_VAL_US$_H.xlsx,PT_Import_Val_2019-20,28.0,2026-08-21T15:32:19.380704+00:00,1.0
2019-08-01,2019,2019-20,August,Others%,EXPORT,1474.175670999161,207.26306846095434,PPAC,1751964598_PT_IMPORT_VAL_RS.CRS._H.xlsx,PT_Import_Val_2019-20,36.0,1751964622_PT_IMPORT_VAL_US$_H.xlsx,PT_Import_Val_2019-20,36.0,2026-08-21T15:32:19.380704+00:00,1.0
2019-08-01,2019,2019-20,August,Others&,IMPORT,1543.342404796074,221.57970921710987,PPAC,1751964598_PT_IMPORT_VAL_RS.CRS._H.xlsx,PT_Import_Val_2019-20,22.0,1751964622_PT_IMPORT_VAL_US$_H.xlsx,PT_Import_Val_2019-20,22.0,2026-08-21T15:32:19.380704+00:00,1.0
2019-08-01,2019,2019-20,August,SKO,EXPORT,10.428487,1.4994230050323512,PPAC,1751964598_PT_IMPORT_VAL_RS.CRS._H.xlsx,PT_Import_Val_2019-20,30.0,1751964622_PT_IMPORT_VAL_US$_H.xlsx,PT_Import_Val_2019-20,30.0,2026-08-21T15:32:19.380704+00:00,1.0
2019-08-01,2019,2019-20,August,SKO,IMPORT,0.0,0.0,PPAC,1751964598_PT_IMPORT_VAL_RS.CRS._H.xlsx,PT_Import_Val_2019-20,17.0,1751964622_PT_IMPORT_VAL_US$_H.xlsx,PT_Import_Val_2019-20,17.0,2026-08-21T15:32:19.380704+00:00,1.0
2019-09-01,2019,2019-20,September,ATF,IMPORT,0.0,0.0,PPAC,1751964598_PT_IMPORT_VAL_RS.CRS._H.xlsx,PT_Import_Val_2019-20,16.0,1751964622_PT_IMPORT_VAL_US$_H.xlsx,PT_Import_Val_2019-20,16.0,2026-08-21T15:32:19.380704+00:00,1.0
2019-09-01,2019,2019-20,September,ATF#,EXPORT,3124.5278713999523,438.46295871138716,PPAC,1751964598_PT_IMPORT_VAL_RS.CRS._H.xlsx,PT_Import_Val_2019-20,29.0,1751964622_PT_IMPORT_VAL_US$_H.xlsx,PT_Import_Val_2019-20,29.0,2026-08-21T15:32:19.380704+00:00,1.0
2019-09-01,2019,2019-20,September,Bitumen,EXPORT,7.0681826,0.9729088231245697,PPAC,1751964598_PT_IMPORT_VAL_RS.CRS._H.xlsx,PT_Import_Val_2019-20,35.0,1751964622_PT_IMPORT_VAL_US$_H.xlsx,PT_Import_Val_2019-20,35.0,2026-08-21T15:32:19.380704+00:00,1.0
2019-09-01,2019,2019-20,September,Bitumen,IMPORT,154.23904090000008,21.230425450791476,PPAC,1751964598_PT_IMPORT_VAL_RS.CRS._H.xlsx,PT_Import_Val_2019-20,21.0,1751964622_PT_IMPORT_VAL_US$_H.xlsx,PT_Import_Val_2019-20,21.0,2026-08-21T15:32:19.380704+00:00,1.0
2019-09-01,2019,2019-20,September,CRUDE OIL,IMPORT,52955.349576878245,7430.596177367594,PPAC,1751964598_PT_IMPORT_VAL_RS.CRS._H.xlsx,PT_Import_Val_2019-20,11.0,1751964622_PT_IMPORT_VAL_US$_H.xlsx,PT_Import_Val_2019-20,11.0,2026-08-21T15:32:19.380704+00:00,1.0
2019-09-01,2019,2019-20,September,Fuel Oil,EXPORT,979.8708299985999,136.70307424283325,PPAC,1751964598_PT_IMPORT_VAL_RS.CRS._H.xlsx,PT_Import_Val_2019-20,34.0,1751964622_PT_IMPORT_VAL_US$_H.xlsx,PT_Import_Val_2019-20,34.0,2026-08-21T15:32:19.380704+00:00,1.0
2019-09-01,2019,2019-20,September,Fuel Oil,IMPORT,1202.448062792559,168.35886208829515,PPAC,1751964598_PT_IMPORT_VAL_RS.CRS._H.xlsx,PT_Import_Val_2019-20,20.0,1751964622_PT_IMPORT_VAL_US$_H.xlsx,PT_Import_Val_2019-20,20.0,2026-08-21T15:32:19.380704+00:00,1.0
2019-09-01,2019,2019-20,September,HSD,EXPORT,13679.849593225288,1913.4397886060806,PPAC,1751964598_PT_IMPORT_VAL_RS.CRS._H.xlsx,PT_Import_Val_2019-20,31.0,1751964622_PT_IMPORT_VAL_US$_H.xlsx,PT_Import_Val_2019-20,31.0,2026-08-21T15:32:19.380704+00:00,1.0
2019-09-01,2019,2019-20,September,HSD,IMPORT,592.5903631,83.35142046943531,PPAC,1751964598_PT_IMPORT_VAL_RS.CRS._H.xlsx,PT_Import_Val_2019-20,18.0,1751964622_PT_IMPORT_VAL_US$_H.xlsx,PT_Import_Val_2019-20,18.0,2026-08-21T15:32:19.380704+00:00,1.0
2019-09-01,2019,2019-20,September,LDO,EXPORT,0.0,0.0,PPAC,1751964598_PT_IMPORT_VAL_RS.CRS._H.xlsx,PT_Import_Val_2019-20,32.0,1751964622_PT_IMPORT_VAL_US$_H.xlsx,PT_Import_Val_2019-20,32.0,2026-08-21T15:32:19.380704+00:00,1.0
2019-09-01,2019,2019-20,September,LOBS/ Lube Oil,EXPORT,10.61,1.4604267033723328,PPAC,1751964598_PT_IMPORT_VAL_RS.CRS._H.xlsx,PT_Import_Val_2019-20,33.0,1751964622_PT_IMPORT_VAL_US$_H.xlsx,PT_Import_Val_2019-20,33.0,2026-08-21T15:32:19.380704+00:00,1.0
2019-09-01,2019,2019-20,September,LOBS/ Lube oil,IMPORT,885.7578071000002,121.92123979353065,PPAC,1751964598_PT_IMPORT_VAL_RS.CRS._H.xlsx,PT_Import_Val_2019-20,19.0,1751964622_PT_IMPORT_VAL_US$_H.xlsx,PT_Import_Val_2019-20,19.0,2026-08-21T15:32:19.380704+00:00,1.0
2019-09-01,2019,2019-20,September,LPG,EXPORT,135.8747662,18.702651920165177,PPAC,1751964598_PT_IMPORT_VAL_RS.CRS._H.xlsx,PT_Import_Val_2019-20,26.0,1751964622_PT_IMPORT_VAL_US$_H.xlsx,PT_Import_Val_2019-20,26.0,2026-08-21T15:32:19.380704+00:00,1.0
2019-09-01,2019,2019-20,September,LPG,IMPORT,4280.9287226063525,596.1425858415118,PPAC,1751964598_PT_IMPORT_VAL_RS.CRS._H.xlsx,PT_Import_Val_2019-20,13.0,1751964622_PT_IMPORT_VAL_US$_H.xlsx,PT_Import_Val_2019-20,13.0,2026-08-21T15:32:19.380704+00:00,1.0
2019-09-01,2019,2019-20,September,MS,IMPORT,1864.531756840276,262.4455834465,PPAC,1751964598_PT_IMPORT_VAL_RS.CRS._H.xlsx,PT_Import_Val_2019-20,14.0,1751964622_PT_IMPORT_VAL_US$_H.xlsx,PT_Import_Val_2019-20,14.0,2026-08-21T15:32:19.380704+00:00,1.0
2019-09-01,2019,2019-20,September,MS!,EXPORT,5158.652369580895,722.9271918114435,PPAC,1751964598_PT_IMPORT_VAL_RS.CRS._H.xlsx,PT_Import_Val_2019-20,27.0,1751964622_PT_IMPORT_VAL_US$_H.xlsx,PT_Import_Val_2019-20,27.0,2026-08-21T15:32:19.380704+00:00,1.0
2019-09-01,2019,2019-20,September,Naphtha,IMPORT,977.8052024551442,135.01612948456753,PPAC,1751964598_PT_IMPORT_VAL_RS.CRS._H.xlsx,PT_Import_Val_2019-20,15.0,1751964622_PT_IMPORT_VAL_US$_H.xlsx,PT_Import_Val_2019-20,15.0,2026-08-21T15:32:19.380704+00:00,1.0
2019-09-01,2019,2019-20,September,Naphtha$,EXPORT,2666.733128540717,372.7095920713501,PPAC,1751964598_PT_IMPORT_VAL_RS.CRS._H.xlsx,PT_Import_Val_2019-20,28.0,1751964622_PT_IMPORT_VAL_US$_H.xlsx,PT_Import_Val_2019-20,28.0,2026-08-21T15:32:19.380704+00:00,1.0
2019-09-01,2019,2019-20,September,Others%,EXPORT,582.9310590879692,81.72827515503587,PPAC,1751964598_PT_IMPORT_VAL_RS.CRS._H.xlsx,PT_Import_Val_2019-20,36.0,1751964622_PT_IMPORT_VAL_US$_H.xlsx,PT_Import_Val_2019-20,36.0,2026-08-21T15:32:19.380704+00:00,1.0
2019-09-01,2019,2019-20,September,Others&,IMPORT,1533.0798238246994,211.27061392254814,PPAC,1751964598_PT_IMPORT_VAL_RS.CRS._H.xlsx,PT_Import_Val_2019-20,22.0,1751964622_PT_IMPORT_VAL_US$_H.xlsx,PT_Import_Val_2019-20,22.0,2026-08-21T15:32:19.380704+00:00,1.0
2019-09-01,2019,2019-20,September,SKO,EXPORT,10.8211068,1.4894847625602203,PPAC,1751964598_PT_IMPORT_VAL_RS.CRS._H.xlsx,PT_Import_Val_2019-20,30.0,1751964622_PT_IMPORT_VAL_US$_H.xlsx,PT_Import_Val_2019-20,30.0,2026-08-21T15:32:19.380704+00:00,1.0
2019-09-01,2019,2019-20,September,SKO,IMPORT,0.0,0.0,PPAC,1751964598_PT_IMPORT_VAL_RS.CRS._H.xlsx,PT_Import_Val_2019-20,17.0,1751964622_PT_IMPORT_VAL_US$_H.xlsx,PT_Import_Val_2019-20,17.0,2026-08-21T15:32:19.380704+00:00,1.0
2019-10-01,2019,2019-20,October,ATF,IMPORT,0.0,0.0,PPAC,1751964598_PT_IMPORT_VAL_RS.CRS._H.xlsx,PT_Import_Val_2019-20,16.0,1751964622_PT_IMPORT_VAL_US$_H.xlsx,PT_Import_Val_2019-20,16.0,2026-08-21T15:32:19.380704+00:00,1.0
2019-10-01,2019,2019-20,October,ATF#,EXPORT,2604.009550048461,366.61229338781476,PPAC,1751964598_PT_IMPORT_VAL_RS.CRS._H.xlsx,PT_Import_Val_2019-20,29.0,1751964622_PT_IMPORT_VAL_US$_H.xlsx,PT_Import_Val_2019-20,29.0,2026-08-21T15:32:19.380704+00:00,1.0
2019-10-01,2019,2019-20,October,Bitumen,EXPORT,7.7166939,1.0830447578947369,PPAC,1751964598_PT_IMPORT_VAL_RS.CRS._H.xlsx,PT_Import_Val_2019-20,35.0,1751964622_PT_IMPORT_VAL_US$_H.xlsx,PT_Import_Val_2019-20,35.0,2026-08-21T15:32:19.380704+00:00,1.0
2019-10-01,2019,2019-20,October,Bitumen,IMPORT,282.18787230000015,39.60531541052634,PPAC,1751964598_PT_IMPORT_VAL_RS.CRS._H.xlsx,PT_Import_Val_2019-20,21.0,1751964622_PT_IMPORT_VAL_US$_H.xlsx,PT_Import_Val_2019-20,21.0,2026-08-21T15:32:19.380704+00:00,1.0
2019-10-01,2019,2019-20,October,CRUDE OIL,IMPORT,59815.41049519008,8415.093438323469,PPAC,1751964598_PT_IMPORT_VAL_RS.CRS._H.xlsx,PT_Import_Val_2019-20,11.0,1751964622_PT_IMPORT_VAL_US$_H.xlsx,PT_Import_Val_2019-20,11.0,2026-08-21T15:32:19.380704+00:00,1.0
2019-10-01,2019,2019-20,October,Fuel Oil,EXPORT,329.32121636625,46.169788459984005,PPAC,1751964598_PT_IMPORT_VAL_RS.CRS._H.xlsx,PT_Import_Val_2019-20,34.0,1751964622_PT_IMPORT_VAL_US$_H.xlsx,PT_Import_Val_2019-20,34.0,2026-08-21T15:32:19.380704+00:00,1.0
2019-10-01,2019,2019-20,October,Fuel Oil,IMPORT,742.1067285878091,104.37842485395419,PPAC,1751964598_PT_IMPORT_VAL_RS.CRS._H.xlsx,PT_Import_Val_2019-20,20.0,1751964622_PT_IMPORT_VAL_US$_H.xlsx,PT_Import_Val_2019-20,20.0,2026-08-21T15:32:19.380704+00:00,1.0
2019-10-01,2019,2019-20,October,HSD,EXPORT,12534.041081649917,1763.4793556225413,PPAC,1751964598_PT_IMPORT_VAL_RS.CRS._H.xlsx,PT_Import_Val_2019-20,31.0,1751964622_PT_IMPORT_VAL_US$_H.xlsx,PT_Import_Val_2019-20,31.0,2026-08-21T15:32:19.380704+00:00,1.0
2019-10-01,2019,2019-20,October,HSD,IMPORT,278.21554000000003,38.75327644054386,PPAC,1751964598_PT_IMPORT_VAL_RS.CRS._H.xlsx,PT_Import_Val_2019-20,18.0,1751964622_PT_IMPORT_VAL_US$_H.xlsx,PT_Import_Val_2019-20,18.0,2026-08-21T15:32:19.380704+00:00,1.0
2019-10-01,2019,2019-20,October,LDO,EXPORT,0.0,0.0,PPAC,1751964598_PT_IMPORT_VAL_RS.CRS._H.xlsx,PT_Import_Val_2019-20,32.0,1751964622_PT_IMPORT_VAL_US$_H.xlsx,PT_Import_Val_2019-20,32.0,2026-08-21T15:32:19.380704+00:00,1.0
2019-10-01,2019,2019-20,October,LOBS/ Lube Oil,EXPORT,8.6,1.207017543859649,PPAC,1751964598_PT_IMPORT_VAL_RS.CRS._H.xlsx,PT_Import_Val_2019-20,33.0,1751964622_PT_IMPORT_VAL_US$_H.xlsx,PT_Import_Val_2019-20,33.0,2026-08-21T15:32:19.380704+00:00,1.0
2019-10-01,2019,2019-20,October,LOBS/ Lube oil,IMPORT,1038.379342802126,145.73745162135103,PPAC,1751964598_PT_IMPORT_VAL_RS.CRS._H.xlsx,PT_Import_Val_2019-20,19.0,1751964622_PT_IMPORT_VAL_US$_H.xlsx,PT_Import_Val_2019-20,19.0,2026-08-21T15:32:19.380704+00:00,1.0
2019-10-01,2019,2019-20,October,LPG,EXPORT,128.7411443,18.06893253333333,PPAC,1751964598_PT_IMPORT_VAL_RS.CRS._H.xlsx,PT_Import_Val_2019-20,26.0,1751964622_PT_IMPORT_VAL_US$_H.xlsx,PT_Import_Val_2019-20,26.0,2026-08-21T15:32:19.380704+00:00,1.0
2019-10-01,2019,2019-20,October,LPG,IMPORT,4476.943753971113,629.2494090921051,PPAC,1751964598_PT_IMPORT_VAL_RS.CRS._H.xlsx,PT_Import_Val_2019-20,13.0,1751964622_PT_IMPORT_VAL_US$_H.xlsx,PT_Import_Val_2019-20,13.0,2026-08-21T15:32:19.380704+00:00,1.0
2019-10-01,2019,2019-20,October,MS,IMPORT,865.7023323000001,121.4145490999,PPAC,1751964598_PT_IMPORT_VAL_RS.CRS._H.xlsx,PT_Import_Val_2019-20,14.0,1751964622_PT_IMPORT_VAL_US$_H.xlsx,PT_Import_Val_2019-20,14.0,2026-08-21T15:32:19.380704+00:00,1.0
2019-10-01,2019,2019-20,October,MS!,EXPORT,4304.154192634688,606.1565091522391,PPAC,1751964598_PT_IMPORT_VAL_RS.CRS._H.xlsx,PT_Import_Val_2019-20,27.0,1751964622_PT_IMPORT_VAL_US$_H.xlsx,PT_Import_Val_2019-20,27.0,2026-08-21T15:32:19.380704+00:00,1.0
2019-10-01,2019,2019-20,October,Naphtha,IMPORT,471.6717358105242,66.23240976783649,PPAC,1751964598_PT_IMPORT_VAL_RS.CRS._H.xlsx,PT_Import_Val_2019-20,15.0,1751964622_PT_IMPORT_VAL_US$_H.xlsx,PT_Import_Val_2019-20,15.0,2026-08-21T15:32:19.380704+00:00,1.0
2019-10-01,2019,2019-20,October,Naphtha$,EXPORT,3165.247303991447,444.70221761202754,PPAC,1751964598_PT_IMPORT_VAL_RS.CRS._H.xlsx,PT_Import_Val_2019-20,28.0,1751964622_PT_IMPORT_VAL_US$_H.xlsx,PT_Import_Val_2019-20,28.0,2026-08-21T15:32:19.380704+00:00,1.0
2019-10-01,2019,2019-20,October,Others%,EXPORT,504.01173496745986,70.98834445403075,PPAC,1751964598_PT_IMPORT_VAL_RS.CRS._H.xlsx,PT_Import_Val_2019-20,36.0,1751964622_PT_IMPORT_VAL_US$_H.xlsx,PT_Import_Val_2019-20,36.0,2026-08-21T15:32:19.380704+00:00,1.0
2019-10-01,2019,2019-20,October,Others&,IMPORT,1893.642489026255,266.0674423634305,PPAC,1751964598_PT_IMPORT_VAL_RS.CRS._H.xlsx,PT_Import_Val_2019-20,22.0,1751964622_PT_IMPORT_VAL_US$_H.xlsx,PT_Import_Val_2019-20,22.0,2026-08-21T15:32:19.380704+00:00,1.0
2019-10-01,2019,2019-20,October,SKO,EXPORT,4.6546983,0.6532909894736841,PPAC,1751964598_PT_IMPORT_VAL_RS.CRS._H.xlsx,PT_Import_Val_2019-20,30.0,1751964622_PT_IMPORT_VAL_US$_H.xlsx,PT_Import_Val_2019-20,30.0,2026-08-21T15:32:19.380704+00:00,1.0
2019-10-01,2019,2019-20,October,SKO,IMPORT,0.0,0.0,PPAC,1751964598_PT_IMPORT_VAL_RS.CRS._H.xlsx,PT_Import_Val_2019-20,17.0,1751964622_PT_IMPORT_VAL_US$_H.xlsx,PT_Import_Val_2019-20,17.0,2026-08-21T15:32:19.380704+00:00,1.0
2019-11-01,2019,2019-20,November,ATF,IMPORT,0.0,0.0,PPAC,1751964598_PT_IMPORT_VAL_RS.CRS._H.xlsx,PT_Import_Val_2019-20,16.0,1751964622_PT_IMPORT_VAL_US$_H.xlsx,PT_Import_Val_2019-20,16.0,2026-08-21T15:32:19.380704+00:00,1.0
2019-11-01,2019,2019-20,November,ATF#,EXPORT,2995.4610617580083,419.4115400494628,PPAC,1751964598_PT_IMPORT_VAL_RS.CRS._H.xlsx,PT_Import_Val_2019-20,29.0,1751964622_PT_IMPORT_VAL_US$_H.xlsx,PT_Import_Val_2019-20,29.0,2026-08-21T15:32:19.380704+00:00,1.0
2019-11-01,2019,2019-20,November,Bitumen,EXPORT,7.8224159,1.0951163236735266,PPAC,1751964598_PT_IMPORT_VAL_RS.CRS._H.xlsx,PT_Import_Val_2019-20,35.0,1751964622_PT_IMPORT_VAL_US$_H.xlsx,PT_Import_Val_2019-20,35.0,2026-08-21T15:32:19.380704+00:00,1.0
2019-11-01,2019,2019-20,November,Bitumen,IMPORT,284.48569069999996,39.827200153996905,PPAC,1751964598_PT_IMPORT_VAL_RS.CRS._H.xlsx,PT_Import_Val_2019-20,21.0,1751964622_PT_IMPORT_VAL_US$_H.xlsx,PT_Import_Val_2019-20,21.0,2026-08-21T15:32:19.380704+00:00,1.0
2019-11-01,2019,2019-20,November,CRUDE OIL,IMPORT,61260.05954154835,8621.291426477004,PPAC,1751964598_PT_IMPORT_VAL_RS.CRS._H.xlsx,PT_Import_Val_2019-20,11.0,1751964622_PT_IMPORT_VAL_US$_H.xlsx,PT_Import_Val_2019-20,11.0,2026-08-21T15:32:19.380704+00:00,1.0
2019-11-01,2019,2019-20,November,Fuel Oil,EXPORT,330.48936723196,46.19244437061185,PPAC,1751964598_PT_IMPORT_VAL_RS.CRS._H.xlsx,PT_Import_Val_2019-20,34.0,1751964622_PT_IMPORT_VAL_US$_H.xlsx,PT_Import_Val_2019-20,34.0,2026-08-21T15:32:19.380704+00:00,1.0
2019-11-01,2019,2019-20,November,Fuel Oil,IMPORT,624.4350286398235,87.4780189302589,PPAC,1751964598_PT_IMPORT_VAL_RS.CRS._H.xlsx,PT_Import_Val_2019-20,20.0,1751964622_PT_IMPORT_VAL_US$_H.xlsx,PT_Import_Val_2019-20,20.0,2026-08-21T15:32:19.380704+00:00,1.0
2019-11-01,2019,2019-20,November,HSD,EXPORT,13264.074826040778,1857.068024071701,PPAC,1751964598_PT_IMPORT_VAL_RS.CRS._H.xlsx,PT_Import_Val_2019-20,31.0,1751964622_PT_IMPORT_VAL_US$_H.xlsx,PT_Import_Val_2019-20,31.0,2026-08-21T15:32:19.380704+00:00,1.0
2019-11-01,2019,2019-20,November,HSD,IMPORT,50.677233900000004,7.094670852582948,PPAC,1751964598_PT_IMPORT_VAL_RS.CRS._H.xlsx,PT_Import_Val_2019-20,18.0,1751964622_PT_IMPORT_VAL_US$_H.xlsx,PT_Import_Val_2019-20,18.0,2026-08-21T15:32:19.380704+00:00,1.0
2019-11-01,2019,2019-20,November,LDO,EXPORT,0.0,0.0,PPAC,1751964598_PT_IMPORT_VAL_RS.CRS._H.xlsx,PT_Import_Val_2019-20,32.0,1751964622_PT_IMPORT_VAL_US$_H.xlsx,PT_Import_Val_2019-20,32.0,2026-08-21T15:32:19.380704+00:00,1.0
2019-11-01,2019,2019-20,November,LOBS/ Lube Oil,EXPORT,10.390000000000002,1.4545709085818281,PPAC,1751964598_PT_IMPORT_VAL_RS.CRS._H.xlsx,PT_Import_Val_2019-20,33.0,1751964622_PT_IMPORT_VAL_US$_H.xlsx,PT_Import_Val_2019-20,33.0,2026-08-21T15:32:19.380704+00:00,1.0
2019-11-01,2019,2019-20,November,LOBS/ Lube oil,IMPORT,807.3951188594552,113.03305597920414,PPAC,1751964598_PT_IMPORT_VAL_RS.CRS._H.xlsx,PT_Import_Val_2019-20,19.0,1751964622_PT_IMPORT_VAL_US$_H.xlsx,PT_Import_Val_2019-20,19.0,2026-08-21T15:32:19.380704+00:00,1.0
2019-11-01,2019,2019-20,November,LPG,EXPORT,169.5476079,23.736190382192355,PPAC,1751964598_PT_IMPORT_VAL_RS.CRS._H.xlsx,PT_Import_Val_2019-20,26.0,1751964622_PT_IMPORT_VAL_US$_H.xlsx,PT_Import_Val_2019-20,26.0,2026-08-21T15:32:19.380704+00:00,1.0
2019-11-01,2019,2019-20,November,LPG,IMPORT,4389.490399909115,614.3059967162106,PPAC,1751964598_PT_IMPORT_VAL_RS.CRS._H.xlsx,PT_Import_Val_2019-20,13.0,1751964622_PT_IMPORT_VAL_US$_H.xlsx,PT_Import_Val_2019-20,13.0,2026-08-21T15:32:19.380704+00:00,1.0
2019-11-01,2019,2019-20,November,MS,IMPORT,627.4876286738,88.14962434856001,PPAC,1751964598_PT_IMPORT_VAL_RS.CRS._H.xlsx,PT_Import_Val_2019-20,14.0,1751964622_PT_IMPORT_VAL_US$_H.xlsx,PT_Import_Val_2019-20,14.0,2026-08-21T15:32:19.380704+00:00,1.0
2019-11-01,2019,2019-20,November,MS!,EXPORT,4564.350980885007,638.5045144939892,PPAC,1751964598_PT_IMPORT_VAL_RS.CRS._H.xlsx,PT_Import_Val_2019-20,27.0,1751964622_PT_IMPORT_VAL_US$_H.xlsx,PT_Import_Val_2019-20,27.0,2026-08-21T15:32:19.380704+00:00,1.0
2019-11-01,2019,2019-20,November,Naphtha,IMPORT,394.59651465326743,55.29818089543633,PPAC,1751964598_PT_IMPORT_VAL_RS.CRS._H.xlsx,PT_Import_Val_2019-20,15.0,1751964622_PT_IMPORT_VAL_US$_H.xlsx,PT_Import_Val_2019-20,15.0,2026-08-21T15:32:19.380704+00:00,1.0
2019-11-01,2019,2019-20,November,Naphtha$,EXPORT,2823.362668562617,395.65746811462066,PPAC,1751964598_PT_IMPORT_VAL_RS.CRS._H.xlsx,PT_Import_Val_2019-20,28.0,1751964622_PT_IMPORT_VAL_US$_H.xlsx,PT_Import_Val_2019-20,28.0,2026-08-21T15:32:19.380704+00:00,1.0
2019-11-01,2019,2019-20,November,Others%,EXPORT,690.8500988768,96.7529198812819,PPAC,1751964598_PT_IMPORT_VAL_RS.CRS._H.xlsx,PT_Import_Val_2019-20,36.0,1751964622_PT_IMPORT_VAL_US$_H.xlsx,PT_Import_Val_2019-20,36.0,2026-08-21T15:32:19.380704+00:00,1.0
2019-11-01,2019,2019-20,November,Others&,IMPORT,1306.5910016000103,183.01133678034626,PPAC,1751964598_PT_IMPORT_VAL_RS.CRS._H.xlsx,PT_Import_Val_2019-20,22.0,1751964622_PT_IMPORT_VAL_US$_H.xlsx,PT_Import_Val_2019-20,22.0,2026-08-21T15:32:19.380704+00:00,1.0
2019-11-01,2019,2019-20,November,SKO,EXPORT,8.7533441,1.2254436651266973,PPAC,1751964598_PT_IMPORT_VAL_RS.CRS._H.xlsx,PT_Import_Val_2019-20,30.0,1751964622_PT_IMPORT_VAL_US$_H.xlsx,PT_Import_Val_2019-20,30.0,2026-08-21T15:32:19.380704+00:00,1.0
2019-11-01,2019,2019-20,November,SKO,IMPORT,0.0,0.0,PPAC,1751964598_PT_IMPORT_VAL_RS.CRS._H.xlsx,PT_Import_Val_2019-20,17.0,1751964622_PT_IMPORT_VAL_US$_H.xlsx,PT_Import_Val_2019-20,17.0,2026-08-21T15:32:19.380704+00:00,1.0
2019-12-01,2019,2019-20,December,ATF,IMPORT,0.0002503,3.466759002770083e-05,PPAC,1751964598_PT_IMPORT_VAL_RS.CRS._H.xlsx,PT_Import_Val_2019-20,16.0,1751964622_PT_IMPORT_VAL_US$_H.xlsx,PT_Import_Val_2019-20,16.0,2026-08-21T15:32:19.380704+00:00,1.0
2019-12-01,2019,2019-20,December,ATF#,EXPORT,2835.414445568238,398.02583400609774,PPAC,1751964598_PT_IMPORT_VAL_RS.CRS._H.xlsx,PT_Import_Val_2019-20,29.0,1751964622_PT_IMPORT_VAL_US$_H.xlsx,PT_Import_Val_2019-20,29.0,2026-08-21T15:32:19.380704+00:00,1.0
2019-12-01,2019,2019-20,December,Bitumen,EXPORT,0.0,0.0,PPAC,1751964598_PT_IMPORT_VAL_RS.CRS._H.xlsx,PT_Import_Val_2019-20,35.0,1751964622_PT_IMPORT_VAL_US$_H.xlsx,PT_Import_Val_2019-20,35.0,2026-08-21T15:32:19.380704+00:00,1.0
2019-12-01,2019,2019-20,December,Bitumen,IMPORT,335.8476049,46.51628876731302,PPAC,1751964598_PT_IMPORT_VAL_RS.CRS._H.xlsx,PT_Import_Val_2019-20,21.0,1751964622_PT_IMPORT_VAL_US$_H.xlsx,PT_Import_Val_2019-20,21.0,2026-08-21T15:32:19.380704+00:00,1.0
2019-12-01,2019,2019-20,December,CRUDE OIL,IMPORT,62309.012601042254,8749.369336664382,PPAC,1751964598_PT_IMPORT_VAL_RS.CRS._H.xlsx,PT_Import_Val_2019-20,11.0,1751964622_PT_IMPORT_VAL_US$_H.xlsx,PT_Import_Val_2019-20,11.0,2026-08-21T15:32:19.380704+00:00,1.0
2019-12-01,2019,2019-20,December,Fuel Oil,EXPORT,66.622912261,9.277446999418421,PPAC,1751964598_PT_IMPORT_VAL_RS.CRS._H.xlsx,PT_Import_Val_2019-20,34.0,1751964622_PT_IMPORT_VAL_US$_H.xlsx,PT_Import_Val_2019-20,34.0,2026-08-21T15:32:19.380704+00:00,1.0
2019-12-01,2019,2019-20,December,Fuel Oil,IMPORT,1501.871262514674,210.56478866438187,PPAC,1751964598_PT_IMPORT_VAL_RS.CRS._H.xlsx,PT_Import_Val_2019-20,20.0,1751964622_PT_IMPORT_VAL_US$_H.xlsx,PT_Import_Val_2019-20,20.0,2026-08-21T15:32:19.380704+00:00,1.0
2019-12-01,2019,2019-20,December,HSD,EXPORT,13113.094808258575,1837.8964056894615,PPAC,1751964598_PT_IMPORT_VAL_RS.CRS._H.xlsx,PT_Import_Val_2019-20,31.0,1751964622_PT_IMPORT_VAL_US$_H.xlsx,PT_Import_Val_2019-20,31.0,2026-08-21T15:32:19.380704+00:00,1.0
2019-12-01,2019,2019-20,December,HSD,IMPORT,2292.22890523416,320.1044473161221,PPAC,1751964598_PT_IMPORT_VAL_RS.CRS._H.xlsx,PT_Import_Val_2019-20,18.0,1751964622_PT_IMPORT_VAL_US$_H.xlsx,PT_Import_Val_2019-20,18.0,2026-08-21T15:32:19.380704+00:00,1.0
2019-12-01,2019,2019-20,December,LDO,EXPORT,0.0,0.0,PPAC,1751964598_PT_IMPORT_VAL_RS.CRS._H.xlsx,PT_Import_Val_2019-20,32.0,1751964622_PT_IMPORT_VAL_US$_H.xlsx,PT_Import_Val_2019-20,32.0,2026-08-21T15:32:19.380704+00:00,1.0
2019-12-01,2019,2019-20,December,LOBS/ Lube Oil,EXPORT,7.540000000000001,1.0443213296398892,PPAC,1751964598_PT_IMPORT_VAL_RS.CRS._H.xlsx,PT_Import_Val_2019-20,33.0,1751964622_PT_IMPORT_VAL_US$_H.xlsx,PT_Import_Val_2019-20,33.0,2026-08-21T15:32:19.380704+00:00,1.0
2019-12-01,2019,2019-20,December,LOBS/ Lube oil,IMPORT,788.1211621569,109.15805570040166,PPAC,1751964598_PT_IMPORT_VAL_RS.CRS._H.xlsx,PT_Import_Val_2019-20,19.0,1751964622_PT_IMPORT_VAL_US$_H.xlsx,PT_Import_Val_2019-20,19.0,2026-08-21T15:32:19.380704+00:00,1.0
2019-12-01,2019,2019-20,December,LPG,EXPORT,174.0389021,24.105111094182824,PPAC,1751964598_PT_IMPORT_VAL_RS.CRS._H.xlsx,PT_Import_Val_2019-20,26.0,1751964622_PT_IMPORT_VAL_US$_H.xlsx,PT_Import_Val_2019-20,26.0,2026-08-21T15:32:19.380704+00:00,1.0
2019-12-01,2019,2019-20,December,LPG,IMPORT,4178.381530380905,582.1900863291778,PPAC,1751964598_PT_IMPORT_VAL_RS.CRS._H.xlsx,PT_Import_Val_2019-20,13.0,1751964622_PT_IMPORT_VAL_US$_H.xlsx,PT_Import_Val_2019-20,13.0,2026-08-21T15:32:19.380704+00:00,1.0
2019-12-01,2019,2019-20,December,MS,IMPORT,1060.0784448,148.499114618,PPAC,1751964598_PT_IMPORT_VAL_RS.CRS._H.xlsx,PT_Import_Val_2019-20,14.0,1751964622_PT_IMPORT_VAL_US$_H.xlsx,PT_Import_Val_2019-20,14.0,2026-08-21T15:32:19.380704+00:00,1.0
2019-12-01,2019,2019-20,December,MS!,EXPORT,6138.715110449488,861.196381957168,PPAC,1751964598_PT_IMPORT_VAL_RS.CRS._H.xlsx,PT_Import_Val_2019-20,27.0,1751964622_PT_IMPORT_VAL_US$_H.xlsx,PT_Import_Val_2019-20,27.0,2026-08-21T15:32:19.380704+00:00,1.0
2019-12-01,2019,2019-20,December,Naphtha,IMPORT,580.1069872872511,80.53099484434978,PPAC,1751964598_PT_IMPORT_VAL_RS.CRS._H.xlsx,PT_Import_Val_2019-20,15.0,1751964622_PT_IMPORT_VAL_US$_H.xlsx,PT_Import_Val_2019-20,15.0,2026-08-21T15:32:19.380704+00:00,1.0
2019-12-01,2019,2019-20,December,Naphtha$,EXPORT,3931.0219684355784,550.5052046772187,PPAC,1751964598_PT_IMPORT_VAL_RS.CRS._H.xlsx,PT_Import_Val_2019-20,28.0,1751964622_PT_IMPORT_VAL_US$_H.xlsx,PT_Import_Val_2019-20,28.0,2026-08-21T15:32:19.380704+00:00,1.0
2019-12-01,2019,2019-20,December,Others%,EXPORT,824.7896731573335,115.70893171781377,PPAC,1751964598_PT_IMPORT_VAL_RS.CRS._H.xlsx,PT_Import_Val_2019-20,36.0,1751964622_PT_IMPORT_VAL_US$_H.xlsx,PT_Import_Val_2019-20,36.0,2026-08-21T15:32:19.380704+00:00,1.0
2019-12-01,2019,2019-20,December,Others&,IMPORT,1546.9334370772349,215.10371948369988,PPAC,1751964598_PT_IMPORT_VAL_RS.CRS._H.xlsx,PT_Import_Val_2019-20,22.0,1751964622_PT_IMPORT_VAL_US$_H.xlsx,PT_Import_Val_2019-20,22.0,2026-08-21T15:32:19.380704+00:00,1.0
2019-12-01,2019,2019-20,December,SKO,EXPORT,83.648421396,11.58565393296399,PPAC,1751964598_PT_IMPORT_VAL_RS.CRS._H.xlsx,PT_Import_Val_2019-20,30.0,1751964622_PT_IMPORT_VAL_US$_H.xlsx,PT_Import_Val_2019-20,30.0,2026-08-21T15:32:19.380704+00:00,1.0
2019-12-01,2019,2019-20,December,SKO,IMPORT,0.0,0.0,PPAC,1751964598_PT_IMPORT_VAL_RS.CRS._H.xlsx,PT_Import_Val_2019-20,17.0,1751964622_PT_IMPORT_VAL_US$_H.xlsx,PT_Import_Val_2019-20,17.0,2026-08-21T15:32:19.380704+00:00,1.0
2020-01-01,2020,2019-20,January,ATF,IMPORT,0.0,0.0,PPAC,1751964598_PT_IMPORT_VAL_RS.CRS._H.xlsx,PT_Import_Val_2019-20,16.0,1751964622_PT_IMPORT_VAL_US$_H.xlsx,PT_Import_Val_2019-20,16.0,2026-08-21T15:32:19.380704+00:00,1.0
2020-01-01,2020,2019-20,January,ATF#,EXPORT,2105.8387321061955,295.41108486550814,PPAC,1751964598_PT_IMPORT_VAL_RS.CRS._H.xlsx,PT_Import_Val_2019-20,29.0,1751964622_PT_IMPORT_VAL_US$_H.xlsx,PT_Import_Val_2019-20,29.0,2026-08-21T15:32:19.380704+00:00,1.0
2020-01-01,2020,2019-20,January,Bitumen,EXPORT,14.4480266,1.9928312551724139,PPAC,1751964598_PT_IMPORT_VAL_RS.CRS._H.xlsx,PT_Import_Val_2019-20,35.0,1751964622_PT_IMPORT_VAL_US$_H.xlsx,PT_Import_Val_2019-20,35.0,2026-08-21T15:32:19.380704+00:00,1.0
2020-01-01,2020,2019-20,January,Bitumen,IMPORT,430.06187704581765,59.318879592526564,PPAC,1751964598_PT_IMPORT_VAL_RS.CRS._H.xlsx,PT_Import_Val_2019-20,21.0,1751964622_PT_IMPORT_VAL_US$_H.xlsx,PT_Import_Val_2019-20,21.0,2026-08-21T15:32:19.380704+00:00,1.0
2020-01-01,2020,2019-20,January,CRUDE OIL,IMPORT,68082.7349574121,9526.690153032912,PPAC,1751964598_PT_IMPORT_VAL_RS.CRS._H.xlsx,PT_Import_Val_2019-20,11.0,1751964622_PT_IMPORT_VAL_US$_H.xlsx,PT_Import_Val_2019-20,11.0,2026-08-21T15:32:19.380704+00:00,1.0
2020-01-01,2020,2019-20,January,Fuel Oil,EXPORT,0.3254741,0.044892979310344826,PPAC,1751964598_PT_IMPORT_VAL_RS.CRS._H.xlsx,PT_Import_Val_2019-20,34.0,1751964622_PT_IMPORT_VAL_US$_H.xlsx,PT_Import_Val_2019-20,34.0,2026-08-21T15:32:19.380704+00:00,1.0
2020-01-01,2020,2019-20,January,Fuel Oil,IMPORT,2264.2628458354866,316.35190296951885,PPAC,1751964598_PT_IMPORT_VAL_RS.CRS._H.xlsx,PT_Import_Val_2019-20,20.0,1751964622_PT_IMPORT_VAL_US$_H.xlsx,PT_Import_Val_2019-20,20.0,2026-08-21T15:32:19.380704+00:00,1.0
2020-01-01,2020,2019-20,January,HSD,EXPORT,8781.891636672572,1230.2598694127623,PPAC,1751964598_PT_IMPORT_VAL_RS.CRS._H.xlsx,PT_Import_Val_2019-20,31.0,1751964622_PT_IMPORT_VAL_US$_H.xlsx,PT_Import_Val_2019-20,31.0,2026-08-21T15:32:19.380704+00:00,1.0
2020-01-01,2020,2019-20,January,HSD,IMPORT,3035.0355093518583,423.76149416983515,PPAC,1751964598_PT_IMPORT_VAL_RS.CRS._H.xlsx,PT_Import_Val_2019-20,18.0,1751964622_PT_IMPORT_VAL_US$_H.xlsx,PT_Import_Val_2019-20,18.0,2026-08-21T15:32:19.380704+00:00,1.0
2020-01-01,2020,2019-20,January,LDO,EXPORT,0.0,0.0,PPAC,1751964598_PT_IMPORT_VAL_RS.CRS._H.xlsx,PT_Import_Val_2019-20,32.0,1751964622_PT_IMPORT_VAL_US$_H.xlsx,PT_Import_Val_2019-20,32.0,2026-08-21T15:32:19.380704+00:00,1.0
2020-01-01,2020,2019-20,January,LOBS/ Lube Oil,EXPORT,8.56,1.180689655172414,PPAC,1751964598_PT_IMPORT_VAL_RS.CRS._H.xlsx,PT_Import_Val_2019-20,33.0,1751964622_PT_IMPORT_VAL_US$_H.xlsx,PT_Import_Val_2019-20,33.0,2026-08-21T15:32:19.380704+00:00,1.0
2020-01-01,2020,2019-20,January,LOBS/ Lube oil,IMPORT,960.4585869022495,132.47704646927582,PPAC,1751964598_PT_IMPORT_VAL_RS.CRS._H.xlsx,PT_Import_Val_2019-20,19.0,1751964622_PT_IMPORT_VAL_US$_H.xlsx,PT_Import_Val_2019-20,19.0,2026-08-21T15:32:19.380704+00:00,1.0
2020-01-01,2020,2019-20,January,LPG,EXPORT,167.4897747,23.102037889655172,PPAC,1751964598_PT_IMPORT_VAL_RS.CRS._H.xlsx,PT_Import_Val_2019-20,26.0,1751964622_PT_IMPORT_VAL_US$_H.xlsx,PT_Import_Val_2019-20,26.0,2026-08-21T15:32:19.380704+00:00,1.0
2020-01-01,2020,2019-20,January,LPG,IMPORT,6001.003931802572,833.8316750901613,PPAC,1751964598_PT_IMPORT_VAL_RS.CRS._H.xlsx,PT_Import_Val_2019-20,13.0,1751964622_PT_IMPORT_VAL_US$_H.xlsx,PT_Import_Val_2019-20,13.0,2026-08-21T15:32:19.380704+00:00,1.0
2020-01-01,2020,2019-20,January,MS,IMPORT,889.6523773649569,124.08970745786299,PPAC,1751964598_PT_IMPORT_VAL_RS.CRS._H.xlsx,PT_Import_Val_2019-20,14.0,1751964622_PT_IMPORT_VAL_US$_H.xlsx,PT_Import_Val_2019-20,14.0,2026-08-21T15:32:19.380704+00:00,1.0
2020-01-01,2020,2019-20,January,MS!,EXPORT,3562.1121078309607,499.25682083660695,PPAC,1751964598_PT_IMPORT_VAL_RS.CRS._H.xlsx,PT_Import_Val_2019-20,27.0,1751964622_PT_IMPORT_VAL_US$_H.xlsx,PT_Import_Val_2019-20,27.0,2026-08-21T15:32:19.380704+00:00,1.0
2020-01-01,2020,2019-20,January,Naphtha,IMPORT,798.8766641452252,110.18988470968624,PPAC,1751964598_PT_IMPORT_VAL_RS.CRS._H.xlsx,PT_Import_Val_2019-20,15.0,1751964622_PT_IMPORT_VAL_US$_H.xlsx,PT_Import_Val_2019-20,15.0,2026-08-21T15:32:19.380704+00:00,1.0
2020-01-01,2020,2019-20,January,Naphtha$,EXPORT,3156.091797023923,439.7492476059149,PPAC,1751964598_PT_IMPORT_VAL_RS.CRS._H.xlsx,PT_Import_Val_2019-20,28.0,1751964622_PT_IMPORT_VAL_US$_H.xlsx,PT_Import_Val_2019-20,28.0,2026-08-21T15:32:19.380704+00:00,1.0
2020-01-01,2020,2019-20,January,Others%,EXPORT,877.8238888674999,122.58217272604364,PPAC,1751964598_PT_IMPORT_VAL_RS.CRS._H.xlsx,PT_Import_Val_2019-20,36.0,1751964622_PT_IMPORT_VAL_US$_H.xlsx,PT_Import_Val_2019-20,36.0,2026-08-21T15:32:19.380704+00:00,1.0
2020-01-01,2020,2019-20,January,Others&,IMPORT,1155.196258688,159.3702570952027,PPAC,1751964598_PT_IMPORT_VAL_RS.CRS._H.xlsx,PT_Import_Val_2019-20,22.0,1751964622_PT_IMPORT_VAL_US$_H.xlsx,PT_Import_Val_2019-20,22.0,2026-08-21T15:32:19.380704+00:00,1.0
2020-01-01,2020,2019-20,January,SKO,EXPORT,222.34123498999998,30.667756550344826,PPAC,1751964598_PT_IMPORT_VAL_RS.CRS._H.xlsx,PT_Import_Val_2019-20,30.0,1751964622_PT_IMPORT_VAL_US$_H.xlsx,PT_Import_Val_2019-20,30.0,2026-08-21T15:32:19.380704+00:00,1.0
2020-01-01,2020,2019-20,January,SKO,IMPORT,0.0,0.0,PPAC,1751964598_PT_IMPORT_VAL_RS.CRS._H.xlsx,PT_Import_Val_2019-20,17.0,1751964622_PT_IMPORT_VAL_US$_H.xlsx,PT_Import_Val_2019-20,17.0,2026-08-21T15:32:19.380704+00:00,1.0
2020-02-01,2020,2019-20,February,ATF,IMPORT,0.0,0.0,PPAC,1751964598_PT_IMPORT_VAL_RS.CRS._H.xlsx,PT_Import_Val_2019-20,16.0,1751964622_PT_IMPORT_VAL_US$_H.xlsx,PT_Import_Val_2019-20,16.0,2026-08-21T15:32:19.380704+00:00,1.0
2020-02-01,2020,2019-20,February,ATF#,EXPORT,1930.0484617728864,269.89890142369205,PPAC,1751964598_PT_IMPORT_VAL_RS.CRS._H.xlsx,PT_Import_Val_2019-20,29.0,1751964622_PT_IMPORT_VAL_US$_H.xlsx,PT_Import_Val_2019-20,29.0,2026-08-21T15:32:19.380704+00:00,1.0
2020-02-01,2020,2019-20,February,Bitumen,EXPORT,7.4645774,1.0360273976405274,PPAC,1751964598_PT_IMPORT_VAL_RS.CRS._H.xlsx,PT_Import_Val_2019-20,35.0,1751964622_PT_IMPORT_VAL_US$_H.xlsx,PT_Import_Val_2019-20,35.0,2026-08-21T15:32:19.380704+00:00,1.0
2020-02-01,2020,2019-20,February,Bitumen,IMPORT,517.8012877999998,71.86693793199166,PPAC,1751964598_PT_IMPORT_VAL_RS.CRS._H.xlsx,PT_Import_Val_2019-20,21.0,1751964622_PT_IMPORT_VAL_US$_H.xlsx,PT_Import_Val_2019-20,21.0,2026-08-21T15:32:19.380704+00:00,1.0
2020-02-01,2020,2019-20,February,CRUDE OIL,IMPORT,55633.007482685905,7721.121454082084,PPAC,1751964598_PT_IMPORT_VAL_RS.CRS._H.xlsx,PT_Import_Val_2019-20,11.0,1751964622_PT_IMPORT_VAL_US$_H.xlsx,PT_Import_Val_2019-20,11.0,2026-08-21T15:32:19.380704+00:00,1.0
2020-02-01,2020,2019-20,February,Fuel Oil,EXPORT,336.23655091324196,46.72532874014061,PPAC,1751964598_PT_IMPORT_VAL_RS.CRS._H.xlsx,PT_Import_Val_2019-20,34.0,1751964622_PT_IMPORT_VAL_US$_H.xlsx,PT_Import_Val_2019-20,34.0,2026-08-21T15:32:19.380704+00:00,1.0
2020-02-01,2020,2019-20,February,Fuel Oil,IMPORT,1248.8811482372187,174.24569442148928,PPAC,1751964598_PT_IMPORT_VAL_RS.CRS._H.xlsx,PT_Import_Val_2019-20,20.0,1751964622_PT_IMPORT_VAL_US$_H.xlsx,PT_Import_Val_2019-20,20.0,2026-08-21T15:32:19.380704+00:00,1.0
2020-02-01,2020,2019-20,February,HSD,EXPORT,8499.744875016531,1188.083849576863,PPAC,1751964598_PT_IMPORT_VAL_RS.CRS._H.xlsx,PT_Import_Val_2019-20,31.0,1751964622_PT_IMPORT_VAL_US$_H.xlsx,PT_Import_Val_2019-20,31.0,2026-08-21T15:32:19.380704+00:00,1.0
2020-02-01,2020,2019-20,February,HSD,IMPORT,1070.3523640386218,146.1288701696211,PPAC,1751964598_PT_IMPORT_VAL_RS.CRS._H.xlsx,PT_Import_Val_2019-20,18.0,1751964622_PT_IMPORT_VAL_US$_H.xlsx,PT_Import_Val_2019-20,18.0,2026-08-21T15:32:19.380704+00:00,1.0
2020-02-01,2020,2019-20,February,LDO,EXPORT,0.0,0.0,PPAC,1751964598_PT_IMPORT_VAL_RS.CRS._H.xlsx,PT_Import_Val_2019-20,32.0,1751964622_PT_IMPORT_VAL_US$_H.xlsx,PT_Import_Val_2019-20,32.0,2026-08-21T15:32:19.380704+00:00,1.0
2020-02-01,2020,2019-20,February,LOBS/ Lube Oil,EXPORT,10.15,1.4087439278278975,PPAC,1751964598_PT_IMPORT_VAL_RS.CRS._H.xlsx,PT_Import_Val_2019-20,33.0,1751964622_PT_IMPORT_VAL_US$_H.xlsx,PT_Import_Val_2019-20,33.0,2026-08-21T15:32:19.380704+00:00,1.0
2020-02-01,2020,2019-20,February,LOBS/ Lube oil,IMPORT,980.2518128401715,136.05181076508143,PPAC,1751964598_PT_IMPORT_VAL_RS.CRS._H.xlsx,PT_Import_Val_2019-20,19.0,1751964622_PT_IMPORT_VAL_US$_H.xlsx,PT_Import_Val_2019-20,19.0,2026-08-21T15:32:19.380704+00:00,1.0
2020-02-01,2020,2019-20,February,LPG,EXPORT,217.5620414,30.19598076335878,PPAC,1751964598_PT_IMPORT_VAL_RS.CRS._H.xlsx,PT_Import_Val_2019-20,26.0,1751964622_PT_IMPORT_VAL_US$_H.xlsx,PT_Import_Val_2019-20,26.0,2026-08-21T15:32:19.380704+00:00,1.0
2020-02-01,2020,2019-20,February,LPG,IMPORT,5380.740049943989,743.3248461593796,PPAC,1751964598_PT_IMPORT_VAL_RS.CRS._H.xlsx,PT_Import_Val_2019-20,13.0,1751964622_PT_IMPORT_VAL_US$_H.xlsx,PT_Import_Val_2019-20,13.0,2026-08-21T15:32:19.380704+00:00,1.0
2020-02-01,2020,2019-20,February,MS,IMPORT,255.56608507273177,34.38457511304,PPAC,1751964598_PT_IMPORT_VAL_RS.CRS._H.xlsx,PT_Import_Val_2019-20,14.0,1751964622_PT_IMPORT_VAL_US$_H.xlsx,PT_Import_Val_2019-20,14.0,2026-08-21T15:32:19.380704+00:00,1.0
2020-02-01,2020,2019-20,February,MS!,EXPORT,4260.265857986627,595.5829325420691,PPAC,1751964598_PT_IMPORT_VAL_RS.CRS._H.xlsx,PT_Import_Val_2019-20,27.0,1751964622_PT_IMPORT_VAL_US$_H.xlsx,PT_Import_Val_2019-20,27.0,2026-08-21T15:32:19.380704+00:00,1.0
2020-02-01,2020,2019-20,February,Naphtha,IMPORT,269.51891140000004,37.40720491325469,PPAC,1751964598_PT_IMPORT_VAL_RS.CRS._H.xlsx,PT_Import_Val_2019-20,15.0,1751964622_PT_IMPORT_VAL_US$_H.xlsx,PT_Import_Val_2019-20,15.0,2026-08-21T15:32:19.380704+00:00,1.0
2020-02-01,2020,2019-20,February,Naphtha$,EXPORT,2464.465852310911,341.9937168139469,PPAC,1751964598_PT_IMPORT_VAL_RS.CRS._H.xlsx,PT_Import_Val_2019-20,28.0,1751964622_PT_IMPORT_VAL_US$_H.xlsx,PT_Import_Val_2019-20,28.0,2026-08-21T15:32:19.380704+00:00,1.0
2020-02-01,2020,2019-20,February,Others%,EXPORT,750.5252563451811,105.13175413322527,PPAC,1751964598_PT_IMPORT_VAL_RS.CRS._H.xlsx,PT_Import_Val_2019-20,36.0,1751964622_PT_IMPORT_VAL_US$_H.xlsx,PT_Import_Val_2019-20,36.0,2026-08-21T15:32:19.380704+00:00,1.0
2020-02-01,2020,2019-20,February,Others&,IMPORT,1063.3128064384036,147.57984822184642,PPAC,1751964598_PT_IMPORT_VAL_RS.CRS._H.xlsx,PT_Import_Val_2019-20,22.0,1751964622_PT_IMPORT_VAL_US$_H.xlsx,PT_Import_Val_2019-20,22.0,2026-08-21T15:32:19.380704+00:00,1.0
2020-02-01,2020,2019-20,February,SKO,EXPORT,69.73989766815,9.679375110083274,PPAC,1751964598_PT_IMPORT_VAL_RS.CRS._H.xlsx,PT_Import_Val_2019-20,30.0,1751964622_PT_IMPORT_VAL_US$_H.xlsx,PT_Import_Val_2019-20,30.0,2026-08-21T15:32:19.380704+00:00,1.0
2020-02-01,2020,2019-20,February,SKO,IMPORT,0.0,0.0,PPAC,1751964598_PT_IMPORT_VAL_RS.CRS._H.xlsx,PT_Import_Val_2019-20,17.0,1751964622_PT_IMPORT_VAL_US$_H.xlsx,PT_Import_Val_2019-20,17.0,2026-08-21T15:32:19.380704+00:00,1.0
2020-03-01,2020,2019-20,March,ATF,IMPORT,0.0,0.0,PPAC,1751964598_PT_IMPORT_VAL_RS.CRS._H.xlsx,PT_Import_Val_2019-20,16.0,1751964622_PT_IMPORT_VAL_US$_H.xlsx,PT_Import_Val_2019-20,16.0,2026-08-21T15:32:19.380704+00:00,1.0
2020-03-01,2020,2019-20,March,ATF#,EXPORT,1305.7168691875029,176.92393455734708,PPAC,1751964598_PT_IMPORT_VAL_RS.CRS._H.xlsx,PT_Import_Val_2019-20,29.0,1751964622_PT_IMPORT_VAL_US$_H.xlsx,PT_Import_Val_2019-20,29.0,2026-08-21T15:32:19.380704+00:00,1.0
2020-03-01,2020,2019-20,March,Bitumen,EXPORT,0.0,0.0,PPAC,1751964598_PT_IMPORT_VAL_RS.CRS._H.xlsx,PT_Import_Val_2019-20,35.0,1751964622_PT_IMPORT_VAL_US$_H.xlsx,PT_Import_Val_2019-20,35.0,2026-08-21T15:32:19.380704+00:00,1.0
2020-03-01,2020,2019-20,March,Bitumen,IMPORT,434.5351199999997,59.894572019297,PPAC,1751964598_PT_IMPORT_VAL_RS.CRS._H.xlsx,PT_Import_Val_2019-20,21.0,1751964622_PT_IMPORT_VAL_US$_H.xlsx,PT_Import_Val_2019-20,21.0,2026-08-21T15:32:19.380704+00:00,1.0
2020-03-01,2020,2019-20,March,CRUDE OIL,IMPORT,42917.05842957163,5791.230975585812,PPAC,1751964598_PT_IMPORT_VAL_RS.CRS._H.xlsx,PT_Import_Val_2019-20,11.0,1751964622_PT_IMPORT_VAL_US$_H.xlsx,PT_Import_Val_2019-20,11.0,2026-08-21T15:32:19.380704+00:00,1.0
2020-03-01,2020,2019-20,March,Fuel Oil,EXPORT,214.64686494742142,29.17018813885891,PPAC,1751964598_PT_IMPORT_VAL_RS.CRS._H.xlsx,PT_Import_Val_2019-20,34.0,1751964622_PT_IMPORT_VAL_US$_H.xlsx,PT_Import_Val_2019-20,34.0,2026-08-21T15:32:19.380704+00:00,1.0
2020-03-01,2020,2019-20,March,Fuel Oil,IMPORT,1638.7793761314263,221.72333794755372,PPAC,1751964598_PT_IMPORT_VAL_RS.CRS._H.xlsx,PT_Import_Val_2019-20,20.0,1751964622_PT_IMPORT_VAL_US$_H.xlsx,PT_Import_Val_2019-20,20.0,2026-08-21T15:32:19.380704+00:00,1.0
2020-03-01,2020,2019-20,March,HSD,EXPORT,7326.172053834494,988.2927457456044,PPAC,1751964598_PT_IMPORT_VAL_RS.CRS._H.xlsx,PT_Import_Val_2019-20,31.0,1751964622_PT_IMPORT_VAL_US$_H.xlsx,PT_Import_Val_2019-20,31.0,2026-08-21T15:32:19.380704+00:00,1.0
2020-03-01,2020,2019-20,March,HSD,IMPORT,418.626934957437,55.43303938523059,PPAC,1751964598_PT_IMPORT_VAL_RS.CRS._H.xlsx,PT_Import_Val_2019-20,18.0,1751964622_PT_IMPORT_VAL_US$_H.xlsx,PT_Import_Val_2019-20,18.0,2026-08-21T15:32:19.380704+00:00,1.0
2020-03-01,2020,2019-20,March,LDO,EXPORT,0.0,0.0,PPAC,1751964598_PT_IMPORT_VAL_RS.CRS._H.xlsx,PT_Import_Val_2019-20,32.0,1751964622_PT_IMPORT_VAL_US$_H.xlsx,PT_Import_Val_2019-20,32.0,2026-08-21T15:32:19.380704+00:00,1.0
2020-03-01,2020,2019-20,March,LOBS/ Lube Oil,EXPORT,5.18,0.7139903514817366,PPAC,1751964598_PT_IMPORT_VAL_RS.CRS._H.xlsx,PT_Import_Val_2019-20,33.0,1751964622_PT_IMPORT_VAL_US$_H.xlsx,PT_Import_Val_2019-20,33.0,2026-08-21T15:32:19.380704+00:00,1.0
2020-03-01,2020,2019-20,March,LOBS/ Lube oil,IMPORT,932.9085200082195,128.58835561794893,PPAC,1751964598_PT_IMPORT_VAL_RS.CRS._H.xlsx,PT_Import_Val_2019-20,19.0,1751964622_PT_IMPORT_VAL_US$_H.xlsx,PT_Import_Val_2019-20,19.0,2026-08-21T15:32:19.380704+00:00,1.0
2020-03-01,2020,2019-20,March,LPG,EXPORT,220.9902304,30.4604039145417,PPAC,1751964598_PT_IMPORT_VAL_RS.CRS._H.xlsx,PT_Import_Val_2019-20,26.0,1751964622_PT_IMPORT_VAL_US$_H.xlsx,PT_Import_Val_2019-20,26.0,2026-08-21T15:32:19.380704+00:00,1.0
2020-03-01,2020,2019-20,March,LPG,IMPORT,4319.976628177378,587.2913515555563,PPAC,1751964598_PT_IMPORT_VAL_RS.CRS._H.xlsx,PT_Import_Val_2019-20,13.0,1751964622_PT_IMPORT_VAL_US$_H.xlsx,PT_Import_Val_2019-20,13.0,2026-08-21T15:32:19.380704+00:00,1.0
2020-03-01,2020,2019-20,March,MS,IMPORT,219.4877506944568,29.140548539999998,PPAC,1751964598_PT_IMPORT_VAL_RS.CRS._H.xlsx,PT_Import_Val_2019-20,14.0,1751964622_PT_IMPORT_VAL_US$_H.xlsx,PT_Import_Val_2019-20,14.0,2026-08-21T15:32:19.380704+00:00,1.0
2020-03-01,2020,2019-20,March,MS!,EXPORT,2667.499484867107,358.69001443665155,PPAC,1751964598_PT_IMPORT_VAL_RS.CRS._H.xlsx,PT_Import_Val_2019-20,27.0,1751964622_PT_IMPORT_VAL_US$_H.xlsx,PT_Import_Val_2019-20,27.0,2026-08-21T15:32:19.380704+00:00,1.0
2020-03-01,2020,2019-20,March,Naphtha,IMPORT,323.4600292656916,44.75934105315467,PPAC,1751964598_PT_IMPORT_VAL_RS.CRS._H.xlsx,PT_Import_Val_2019-20,15.0,1751964622_PT_IMPORT_VAL_US$_H.xlsx,PT_Import_Val_2019-20,15.0,2026-08-21T15:32:19.380704+00:00,1.0
2020-03-01,2020,2019-20,March,Naphtha$,EXPORT,1713.2610367147001,231.4430481663655,PPAC,1751964598_PT_IMPORT_VAL_RS.CRS._H.xlsx,PT_Import_Val_2019-20,28.0,1751964622_PT_IMPORT_VAL_US$_H.xlsx,PT_Import_Val_2019-20,28.0,2026-08-21T15:32:19.380704+00:00,1.0
2020-03-01,2020,2019-20,March,Others%,EXPORT,638.419120174,86.25078103348697,PPAC,1751964598_PT_IMPORT_VAL_RS.CRS._H.xlsx,PT_Import_Val_2019-20,36.0,1751964622_PT_IMPORT_VAL_US$_H.xlsx,PT_Import_Val_2019-20,36.0,2026-08-21T15:32:19.380704+00:00,1.0
2020-03-01,2020,2019-20,March,Others&,IMPORT,1035.5560266430998,142.67695921733372,PPAC,1751964598_PT_IMPORT_VAL_RS.CRS._H.xlsx,PT_Import_Val_2019-20,22.0,1751964622_PT_IMPORT_VAL_US$_H.xlsx,PT_Import_Val_2019-20,22.0,2026-08-21T15:32:19.380704+00:00,1.0
2020-03-01,2020,2019-20,March,SKO,EXPORT,114.83362020565,15.82820402558925,PPAC,1751964598_PT_IMPORT_VAL_RS.CRS._H.xlsx,PT_Import_Val_2019-20,30.0,1751964622_PT_IMPORT_VAL_US$_H.xlsx,PT_Import_Val_2019-20,30.0,2026-08-21T15:32:19.380704+00:00,1.0
2020-03-01,2020,2019-20,March,SKO,IMPORT,0.0,0.0,PPAC,1751964598_PT_IMPORT_VAL_RS.CRS._H.xlsx,PT_Import_Val_2019-20,17.0,1751964622_PT_IMPORT_VAL_US$_H.xlsx,PT_Import_Val_2019-20,17.0,2026-08-21T15:32:19.380704+00:00,1.0
2020-04-01,2020,2020-21,April,ATF,IMPORT,0.0025391,0.0003330556885481364,PPAC,1751964598_PT_IMPORT_VAL_RS.CRS._H.xlsx,PT_Import_Val_2020-21,16.0,1751964622_PT_IMPORT_VAL_US$_H.xlsx,PT_Import_Val_2020-21,16.0,2026-08-21T15:32:19.368860+00:00,1.0
2020-04-01,2020,2020-21,April,ATF#,EXPORT,628.9936902766902,82.65541330979016,PPAC,1751964598_PT_IMPORT_VAL_RS.CRS._H.xlsx,PT_Import_Val_2020-21,30.0,1751964622_PT_IMPORT_VAL_US$_H.xlsx,PT_Import_Val_2020-21,30.0,2026-08-21T15:32:19.368860+00:00,1.0
2020-04-01,2020,2020-21,April,Bitumen,EXPORT,0.0,0.0,PPAC,1751964598_PT_IMPORT_VAL_RS.CRS._H.xlsx,PT_Import_Val_2020-21,36.0,1751964622_PT_IMPORT_VAL_US$_H.xlsx,PT_Import_Val_2020-21,36.0,2026-08-21T15:32:19.368860+00:00,1.0
2020-04-01,2020,2020-21,April,Bitumen,IMPORT,191.8744181,25.168314140864283,PPAC,1751964598_PT_IMPORT_VAL_RS.CRS._H.xlsx,PT_Import_Val_2020-21,21.0,1751964622_PT_IMPORT_VAL_US$_H.xlsx,PT_Import_Val_2020-21,21.0,2026-08-21T15:32:19.368860+00:00,1.0
2020-04-01,2020,2020-21,April,CRUDE OIL,IMPORT,23097.82128634103,3048.5803908675944,PPAC,1751964598_PT_IMPORT_VAL_RS.CRS._H.xlsx,PT_Import_Val_2020-21,11.0,1751964622_PT_IMPORT_VAL_US$_H.xlsx,PT_Import_Val_2020-21,11.0,2026-08-21T15:32:19.368860+00:00,1.0
2020-04-01,2020,2020-21,April,Fuel Oil,EXPORT,154.63447308675,20.40130714885465,PPAC,1751964598_PT_IMPORT_VAL_RS.CRS._H.xlsx,PT_Import_Val_2020-21,35.0,1751964622_PT_IMPORT_VAL_US$_H.xlsx,PT_Import_Val_2020-21,35.0,2026-08-21T15:32:19.368860+00:00,1.0
2020-04-01,2020,2020-21,April,Fuel Oil,IMPORT,555.1084811989077,72.92703371123959,PPAC,1751964598_PT_IMPORT_VAL_RS.CRS._H.xlsx,PT_Import_Val_2020-21,20.0,1751964622_PT_IMPORT_VAL_US$_H.xlsx,PT_Import_Val_2020-21,20.0,2026-08-21T15:32:19.368860+00:00,1.0
2020-04-01,2020,2020-21,April,HSD,EXPORT,5441.858583679861,712.8126689370042,PPAC,1751964598_PT_IMPORT_VAL_RS.CRS._H.xlsx,PT_Import_Val_2020-21,32.0,1751964622_PT_IMPORT_VAL_US$_H.xlsx,PT_Import_Val_2020-21,32.0,2026-08-21T15:32:19.368860+00:00,1.0
2020-04-01,2020,2020-21,April,HSD,IMPORT,83.84489366709133,11.071805236578143,PPAC,1751964598_PT_IMPORT_VAL_RS.CRS._H.xlsx,PT_Import_Val_2020-21,18.0,1751964622_PT_IMPORT_VAL_US$_H.xlsx,PT_Import_Val_2020-21,18.0,2026-08-21T15:32:19.368860+00:00,1.0
2020-04-01,2020,2020-21,April,LDO,EXPORT,0.0,0.0,PPAC,1751964598_PT_IMPORT_VAL_RS.CRS._H.xlsx,PT_Import_Val_2020-21,33.0,1751964622_PT_IMPORT_VAL_US$_H.xlsx,PT_Import_Val_2020-21,33.0,2026-08-21T15:32:19.368860+00:00,1.0
2020-04-01,2020,2020-21,April,LOBS/ Lube Oil,EXPORT,0.0,0.0,PPAC,1751964598_PT_IMPORT_VAL_RS.CRS._H.xlsx,PT_Import_Val_2020-21,34.0,1751964622_PT_IMPORT_VAL_US$_H.xlsx,PT_Import_Val_2020-21,34.0,2026-08-21T15:32:19.368860+00:00,1.0
2020-04-01,2020,2020-21,April,LOBS/ Lube oil,IMPORT,735.3166190000004,96.45204318141573,PPAC,1751964598_PT_IMPORT_VAL_RS.CRS._H.xlsx,PT_Import_Val_2020-21,19.0,1751964622_PT_IMPORT_VAL_US$_H.xlsx,PT_Import_Val_2020-21,19.0,2026-08-21T15:32:19.368860+00:00,1.0
2020-04-01,2020,2020-21,April,LPG,EXPORT,155.446878,20.253664885993484,PPAC,1751964598_PT_IMPORT_VAL_RS.CRS._H.xlsx,PT_Import_Val_2020-21,27.0,1751964622_PT_IMPORT_VAL_US$_H.xlsx,PT_Import_Val_2020-21,27.0,2026-08-21T15:32:19.368860+00:00,1.0
2020-04-01,2020,2020-21,April,LPG,IMPORT,3028.6633525381358,396.92983667143557,PPAC,1751964598_PT_IMPORT_VAL_RS.CRS._H.xlsx,PT_Import_Val_2020-21,13.0,1751964622_PT_IMPORT_VAL_US$_H.xlsx,PT_Import_Val_2020-21,13.0,2026-08-21T15:32:19.368860+00:00,1.0
2020-04-01,2020,2020-21,April,MS,IMPORT,0.4033338,0.05290560295921245,PPAC,1751964598_PT_IMPORT_VAL_RS.CRS._H.xlsx,PT_Import_Val_2020-21,14.0,1751964622_PT_IMPORT_VAL_US$_H.xlsx,PT_Import_Val_2020-21,14.0,2026-08-21T15:32:19.368860+00:00,1.0
2020-04-01,2020,2020-21,April,MS!,EXPORT,1381.7336046734495,180.89277340190267,PPAC,1751964598_PT_IMPORT_VAL_RS.CRS._H.xlsx,PT_Import_Val_2020-21,28.0,1751964622_PT_IMPORT_VAL_US$_H.xlsx,PT_Import_Val_2020-21,28.0,2026-08-21T15:32:19.368860+00:00,1.0
2020-04-01,2020,2020-21,April,Naphtha,IMPORT,63.38574395344,8.294526611201764,PPAC,1751964598_PT_IMPORT_VAL_RS.CRS._H.xlsx,PT_Import_Val_2020-21,15.0,1751964622_PT_IMPORT_VAL_US$_H.xlsx,PT_Import_Val_2020-21,15.0,2026-08-21T15:32:19.368860+00:00,1.0
2020-04-01,2020,2020-21,April,Naphtha$,EXPORT,655.6673951806681,86.13953503648246,PPAC,1751964598_PT_IMPORT_VAL_RS.CRS._H.xlsx,PT_Import_Val_2020-21,29.0,1751964622_PT_IMPORT_VAL_US$_H.xlsx,PT_Import_Val_2020-21,29.0,2026-08-21T15:32:19.368860+00:00,1.0
2020-04-01,2020,2020-21,April,Others%,EXPORT,558.6193968434999,73.1834857333571,PPAC,1751964598_PT_IMPORT_VAL_RS.CRS._H.xlsx,PT_Import_Val_2020-21,38.0,1751964622_PT_IMPORT_VAL_US$_H.xlsx,PT_Import_Val_2020-21,38.0,2026-08-21T15:32:19.368860+00:00,1.0
2020-04-01,2020,2020-21,April,Others&,IMPORT,628.77301123375,82.47442145697697,PPAC,1751964598_PT_IMPORT_VAL_RS.CRS._H.xlsx,PT_Import_Val_2020-21,23.0,1751964622_PT_IMPORT_VAL_US$_H.xlsx,PT_Import_Val_2020-21,23.0,2026-08-21T15:32:19.368860+00:00,1.0
2020-04-01,2020,2020-21,April,Petcoke,IMPORT,386.73427810000004,50.728230978599484,PPAC,1751964598_PT_IMPORT_VAL_RS.CRS._H.xlsx,PT_Import_Val_2020-21,22.0,1751964622_PT_IMPORT_VAL_US$_H.xlsx,PT_Import_Val_2020-21,22.0,2026-08-21T15:32:19.368860+00:00,1.0
2020-04-01,2020,2020-21,April,Petcoke / CBFS,EXPORT,27.6517713,3.621002,PPAC,1751964598_PT_IMPORT_VAL_RS.CRS._H.xlsx,PT_Import_Val_2020-21,37.0,1751964622_PT_IMPORT_VAL_US$_H.xlsx,PT_Import_Val_2020-21,37.0,2026-08-21T15:32:19.368860+00:00,1.0
2020-04-01,2020,2020-21,April,SKO,EXPORT,0.0951482,0.012397159609120521,PPAC,1751964598_PT_IMPORT_VAL_RS.CRS._H.xlsx,PT_Import_Val_2020-21,31.0,1751964622_PT_IMPORT_VAL_US$_H.xlsx,PT_Import_Val_2020-21,31.0,2026-08-21T15:32:19.368860+00:00,1.0
2020-04-01,2020,2020-21,April,SKO,IMPORT,0.0,0.0,PPAC,1751964598_PT_IMPORT_VAL_RS.CRS._H.xlsx,PT_Import_Val_2020-21,17.0,1751964622_PT_IMPORT_VAL_US$_H.xlsx,PT_Import_Val_2020-21,17.0,2026-08-21T15:32:19.368860+00:00,1.0
2020-05-01,2020,2020-21,May,ATF,IMPORT,0.0010004,0.00013222327811694175,PPAC,1751964598_PT_IMPORT_VAL_RS.CRS._H.xlsx,PT_Import_Val_2020-21,16.0,1751964622_PT_IMPORT_VAL_US$_H.xlsx,PT_Import_Val_2020-21,16.0,2026-08-21T15:32:19.368860+00:00,1.0
2020-05-01,2020,2020-21,May,ATF#,EXPORT,436.58388847000003,57.73951315572664,PPAC,1751964598_PT_IMPORT_VAL_RS.CRS._H.xlsx,PT_Import_Val_2020-21,30.0,1751964622_PT_IMPORT_VAL_US$_H.xlsx,PT_Import_Val_2020-21,30.0,2026-08-21T15:32:19.368860+00:00,1.0
2020-05-01,2020,2020-21,May,Bitumen,EXPORT,0.0,0.0,PPAC,1751964598_PT_IMPORT_VAL_RS.CRS._H.xlsx,PT_Import_Val_2020-21,36.0,1751964622_PT_IMPORT_VAL_US$_H.xlsx,PT_Import_Val_2020-21,36.0,2026-08-21T15:32:19.368860+00:00,1.0
2020-05-01,2020,2020-21,May,Bitumen,IMPORT,180.86787529999998,23.905381225721946,PPAC,1751964598_PT_IMPORT_VAL_RS.CRS._H.xlsx,PT_Import_Val_2020-21,21.0,1751964622_PT_IMPORT_VAL_US$_H.xlsx,PT_Import_Val_2020-21,21.0,2026-08-21T15:32:19.368860+00:00,1.0
2020-05-01,2020,2020-21,May,CRUDE OIL,IMPORT,17134.221652653792,2261.598013915703,PPAC,1751964598_PT_IMPORT_VAL_RS.CRS._H.xlsx,PT_Import_Val_2020-21,11.0,1751964622_PT_IMPORT_VAL_US$_H.xlsx,PT_Import_Val_2020-21,11.0,2026-08-21T15:32:19.368860+00:00,1.0
2020-05-01,2020,2020-21,May,Fuel Oil,EXPORT,290.6006488025184,38.419163408834,PPAC,1751964598_PT_IMPORT_VAL_RS.CRS._H.xlsx,PT_Import_Val_2020-21,35.0,1751964622_PT_IMPORT_VAL_US$_H.xlsx,PT_Import_Val_2020-21,35.0,2026-08-21T15:32:19.368860+00:00,1.0
2020-05-01,2020,2020-21,May,Fuel Oil,IMPORT,639.86338558529,84.73516483973688,PPAC,1751964598_PT_IMPORT_VAL_RS.CRS._H.xlsx,PT_Import_Val_2020-21,20.0,1751964622_PT_IMPORT_VAL_US$_H.xlsx,PT_Import_Val_2020-21,20.0,2026-08-21T15:32:19.368860+00:00,1.0
2020-05-01,2020,2020-21,May,HSD,EXPORT,4816.319411693045,637.0943388272773,PPAC,1751964598_PT_IMPORT_VAL_RS.CRS._H.xlsx,PT_Import_Val_2020-21,32.0,1751964622_PT_IMPORT_VAL_US$_H.xlsx,PT_Import_Val_2020-21,32.0,2026-08-21T15:32:19.368860+00:00,1.0
2020-05-01,2020,2020-21,May,HSD,IMPORT,74.72322906323276,9.900748090398976,PPAC,1751964598_PT_IMPORT_VAL_RS.CRS._H.xlsx,PT_Import_Val_2020-21,18.0,1751964622_PT_IMPORT_VAL_US$_H.xlsx,PT_Import_Val_2020-21,18.0,2026-08-21T15:32:19.368860+00:00,1.0
2020-05-01,2020,2020-21,May,LDO,EXPORT,0.0,0.0,PPAC,1751964598_PT_IMPORT_VAL_RS.CRS._H.xlsx,PT_Import_Val_2020-21,33.0,1751964622_PT_IMPORT_VAL_US$_H.xlsx,PT_Import_Val_2020-21,33.0,2026-08-21T15:32:19.368860+00:00,1.0
2020-05-01,2020,2020-21,May,LOBS/ Lube Oil,EXPORT,9.704523172,1.2769109436842105,PPAC,1751964598_PT_IMPORT_VAL_RS.CRS._H.xlsx,PT_Import_Val_2020-21,34.0,1751964622_PT_IMPORT_VAL_US$_H.xlsx,PT_Import_Val_2020-21,34.0,2026-08-21T15:32:19.368860+00:00,1.0
2020-05-01,2020,2020-21,May,LOBS/ Lube oil,IMPORT,407.72031679999986,53.88856141760694,PPAC,1751964598_PT_IMPORT_VAL_RS.CRS._H.xlsx,PT_Import_Val_2020-21,19.0,1751964622_PT_IMPORT_VAL_US$_H.xlsx,PT_Import_Val_2020-21,19.0,2026-08-21T15:32:19.368860+00:00,1.0
2020-05-01,2020,2020-21,May,LPG,EXPORT,91.7003908,12.06584089473684,PPAC,1751964598_PT_IMPORT_VAL_RS.CRS._H.xlsx,PT_Import_Val_2020-21,27.0,1751964622_PT_IMPORT_VAL_US$_H.xlsx,PT_Import_Val_2020-21,27.0,2026-08-21T15:32:19.368860+00:00,1.0
2020-05-01,2020,2020-21,May,LPG,IMPORT,4080.382347547283,537.7338937821453,PPAC,1751964598_PT_IMPORT_VAL_RS.CRS._H.xlsx,PT_Import_Val_2020-21,13.0,1751964622_PT_IMPORT_VAL_US$_H.xlsx,PT_Import_Val_2020-21,13.0,2026-08-21T15:32:19.368860+00:00,1.0
2020-05-01,2020,2020-21,May,MS,IMPORT,0.0,0.0,PPAC,1751964598_PT_IMPORT_VAL_RS.CRS._H.xlsx,PT_Import_Val_2020-21,14.0,1751964622_PT_IMPORT_VAL_US$_H.xlsx,PT_Import_Val_2020-21,14.0,2026-08-21T15:32:19.368860+00:00,1.0
2020-05-01,2020,2020-21,May,MS!,EXPORT,2194.3455142640364,290.2056958126153,PPAC,1751964598_PT_IMPORT_VAL_RS.CRS._H.xlsx,PT_Import_Val_2020-21,28.0,1751964622_PT_IMPORT_VAL_US$_H.xlsx,PT_Import_Val_2020-21,28.0,2026-08-21T15:32:19.368860+00:00,1.0
2020-05-01,2020,2020-21,May,Naphtha,IMPORT,86.6099886472,11.435206696961174,PPAC,1751964598_PT_IMPORT_VAL_RS.CRS._H.xlsx,PT_Import_Val_2020-21,15.0,1751964622_PT_IMPORT_VAL_US$_H.xlsx,PT_Import_Val_2020-21,15.0,2026-08-21T15:32:19.368860+00:00,1.0
2020-05-01,2020,2020-21,May,Naphtha$,EXPORT,781.7454419159853,103.26961339664295,PPAC,1751964598_PT_IMPORT_VAL_RS.CRS._H.xlsx,PT_Import_Val_2020-21,29.0,1751964622_PT_IMPORT_VAL_US$_H.xlsx,PT_Import_Val_2020-21,29.0,2026-08-21T15:32:19.368860+00:00,1.0
2020-05-01,2020,2020-21,May,Others%,EXPORT,1023.0439134365689,135.17350691659215,PPAC,1751964598_PT_IMPORT_VAL_RS.CRS._H.xlsx,PT_Import_Val_2020-21,38.0,1751964622_PT_IMPORT_VAL_US$_H.xlsx,PT_Import_Val_2020-21,38.0,2026-08-21T15:32:19.368860+00:00,1.0
2020-05-01,2020,2020-21,May,Others&,IMPORT,478.89013616,63.29246895197773,PPAC,1751964598_PT_IMPORT_VAL_RS.CRS._H.xlsx,PT_Import_Val_2020-21,23.0,1751964622_PT_IMPORT_VAL_US$_H.xlsx,PT_Import_Val_2020-21,23.0,2026-08-21T15:32:19.368860+00:00,1.0
2020-05-01,2020,2020-21,May,Petcoke,IMPORT,1138.4077264,150.46381589190577,PPAC,1751964598_PT_IMPORT_VAL_RS.CRS._H.xlsx,PT_Import_Val_2020-21,22.0,1751964622_PT_IMPORT_VAL_US$_H.xlsx,PT_Import_Val_2020-21,22.0,2026-08-21T15:32:19.368860+00:00,1.0
2020-05-01,2020,2020-21,May,Petcoke / CBFS,EXPORT,81.679647448,10.8237481816,PPAC,1751964598_PT_IMPORT_VAL_RS.CRS._H.xlsx,PT_Import_Val_2020-21,37.0,1751964622_PT_IMPORT_VAL_US$_H.xlsx,PT_Import_Val_2020-21,37.0,2026-08-21T15:32:19.368860+00:00,1.0
2020-05-01,2020,2020-21,May,SKO,EXPORT,0.0775353,0.010202013157894737,PPAC,1751964598_PT_IMPORT_VAL_RS.CRS._H.xlsx,PT_Import_Val_2020-21,31.0,1751964622_PT_IMPORT_VAL_US$_H.xlsx,PT_Import_Val_2020-21,31.0,2026-08-21T15:32:19.368860+00:00,1.0
2020-05-01,2020,2020-21,May,SKO,IMPORT,0.0,0.0,PPAC,1751964598_PT_IMPORT_VAL_RS.CRS._H.xlsx,PT_Import_Val_2020-21,17.0,1751964622_PT_IMPORT_VAL_US$_H.xlsx,PT_Import_Val_2020-21,17.0,2026-08-21T15:32:19.368860+00:00,1.0
2020-06-01,2020,2020-21,June,ATF,IMPORT,0.0,0.0,PPAC,1751964598_PT_IMPORT_VAL_RS.CRS._H.xlsx,PT_Import_Val_2020-21,16.0,1751964622_PT_IMPORT_VAL_US$_H.xlsx,PT_Import_Val_2020-21,16.0,2026-08-21T15:32:19.368860+00:00,1.0
2020-06-01,2020,2020-21,June,ATF#,EXPORT,574.1667882310604,79.73511201293297,PPAC,1751964598_PT_IMPORT_VAL_RS.CRS._H.xlsx,PT_Import_Val_2020-21,30.0,1751964622_PT_IMPORT_VAL_US$_H.xlsx,PT_Import_Val_2020-21,30.0,2026-08-21T15:32:19.368860+00:00,1.0
2020-06-01,2020,2020-21,June,Bitumen,EXPORT,0.0,0.0,PPAC,1751964598_PT_IMPORT_VAL_RS.CRS._H.xlsx,PT_Import_Val_2020-21,36.0,1751964622_PT_IMPORT_VAL_US$_H.xlsx,PT_Import_Val_2020-21,36.0,2026-08-21T15:32:19.368860+00:00,1.0
2020-06-01,2020,2020-21,June,Bitumen,IMPORT,274.9576401,36.30915872584079,PPAC,1751964598_PT_IMPORT_VAL_RS.CRS._H.xlsx,PT_Import_Val_2020-21,21.0,1751964622_PT_IMPORT_VAL_US$_H.xlsx,PT_Import_Val_2020-21,21.0,2026-08-21T15:32:19.368860+00:00,1.0
2020-06-01,2020,2020-21,June,CRUDE OIL,IMPORT,24391.22860384245,3228.2711816538404,PPAC,1751964598_PT_IMPORT_VAL_RS.CRS._H.xlsx,PT_Import_Val_2020-21,11.0,1751964622_PT_IMPORT_VAL_US$_H.xlsx,PT_Import_Val_2020-21,11.0,2026-08-21T15:32:19.368860+00:00,1.0
2020-06-01,2020,2020-21,June,Fuel Oil,EXPORT,259.845193813,34.48193097786151,PPAC,1751964598_PT_IMPORT_VAL_RS.CRS._H.xlsx,PT_Import_Val_2020-21,35.0,1751964622_PT_IMPORT_VAL_US$_H.xlsx,PT_Import_Val_2020-21,35.0,2026-08-21T15:32:19.368860+00:00,1.0
2020-06-01,2020,2020-21,June,Fuel Oil,IMPORT,964.776561560023,127.3564418738809,PPAC,1751964598_PT_IMPORT_VAL_RS.CRS._H.xlsx,PT_Import_Val_2020-21,20.0,1751964622_PT_IMPORT_VAL_US$_H.xlsx,PT_Import_Val_2020-21,20.0,2026-08-21T15:32:19.368860+00:00,1.0
2020-06-01,2020,2020-21,June,HSD,EXPORT,5162.711802244785,692.9053806377907,PPAC,1751964598_PT_IMPORT_VAL_RS.CRS._H.xlsx,PT_Import_Val_2020-21,32.0,1751964622_PT_IMPORT_VAL_US$_H.xlsx,PT_Import_Val_2020-21,32.0,2026-08-21T15:32:19.368860+00:00,1.0
2020-06-01,2020,2020-21,June,HSD,IMPORT,199.16736699999998,26.53467235513677,PPAC,1751964598_PT_IMPORT_VAL_RS.CRS._H.xlsx,PT_Import_Val_2020-21,18.0,1751964622_PT_IMPORT_VAL_US$_H.xlsx,PT_Import_Val_2020-21,18.0,2026-08-21T15:32:19.368860+00:00,1.0
2020-06-01,2020,2020-21,June,LDO,EXPORT,0.0,0.0,PPAC,1751964598_PT_IMPORT_VAL_RS.CRS._H.xlsx,PT_Import_Val_2020-21,33.0,1751964622_PT_IMPORT_VAL_US$_H.xlsx,PT_Import_Val_2020-21,33.0,2026-08-21T15:32:19.368860+00:00,1.0
2020-06-01,2020,2020-21,June,LOBS/ Lube Oil,EXPORT,13.62142,1.8159472070390614,PPAC,1751964598_PT_IMPORT_VAL_RS.CRS._H.xlsx,PT_Import_Val_2020-21,34.0,1751964622_PT_IMPORT_VAL_US$_H.xlsx,PT_Import_Val_2020-21,34.0,2026-08-21T15:32:19.368860+00:00,1.0
2020-06-01,2020,2020-21,June,LOBS/ Lube oil,IMPORT,443.6546620999998,58.58621546136902,PPAC,1751964598_PT_IMPORT_VAL_RS.CRS._H.xlsx,PT_Import_Val_2020-21,19.0,1751964622_PT_IMPORT_VAL_US$_H.xlsx,PT_Import_Val_2020-21,19.0,2026-08-21T15:32:19.368860+00:00,1.0
2020-06-01,2020,2020-21,June,LPG,EXPORT,105.9198383,13.977281380311426,PPAC,1751964598_PT_IMPORT_VAL_RS.CRS._H.xlsx,PT_Import_Val_2020-21,27.0,1751964622_PT_IMPORT_VAL_US$_H.xlsx,PT_Import_Val_2020-21,27.0,2026-08-21T15:32:19.368860+00:00,1.0
2020-06-01,2020,2020-21,June,LPG,IMPORT,3267.746646853416,432.3058677373557,PPAC,1751964598_PT_IMPORT_VAL_RS.CRS._H.xlsx,PT_Import_Val_2020-21,13.0,1751964622_PT_IMPORT_VAL_US$_H.xlsx,PT_Import_Val_2020-21,13.0,2026-08-21T15:32:19.368860+00:00,1.0
2020-06-01,2020,2020-21,June,MS,IMPORT,101.93460759999999,13.593455958459998,PPAC,1751964598_PT_IMPORT_VAL_RS.CRS._H.xlsx,PT_Import_Val_2020-21,14.0,1751964622_PT_IMPORT_VAL_US$_H.xlsx,PT_Import_Val_2020-21,14.0,2026-08-21T15:32:19.368860+00:00,1.0
2020-06-01,2020,2020-21,June,MS!,EXPORT,2815.1927810390403,375.5719626468711,PPAC,1751964598_PT_IMPORT_VAL_RS.CRS._H.xlsx,PT_Import_Val_2020-21,28.0,1751964622_PT_IMPORT_VAL_US$_H.xlsx,PT_Import_Val_2020-21,28.0,2026-08-21T15:32:19.368860+00:00,1.0
2020-06-01,2020,2020-21,June,Naphtha,IMPORT,464.45646922784,61.33062504274714,PPAC,1751964598_PT_IMPORT_VAL_RS.CRS._H.xlsx,PT_Import_Val_2020-21,15.0,1751964622_PT_IMPORT_VAL_US$_H.xlsx,PT_Import_Val_2020-21,15.0,2026-08-21T15:32:19.368860+00:00,1.0
2020-06-01,2020,2020-21,June,Naphtha$,EXPORT,1164.382352873814,154.028741986933,PPAC,1751964598_PT_IMPORT_VAL_RS.CRS._H.xlsx,PT_Import_Val_2020-21,29.0,1751964622_PT_IMPORT_VAL_US$_H.xlsx,PT_Import_Val_2020-21,29.0,2026-08-21T15:32:19.368860+00:00,1.0
2020-06-01,2020,2020-21,June,Others%,EXPORT,492.28350541285744,65.13557848653552,PPAC,1751964598_PT_IMPORT_VAL_RS.CRS._H.xlsx,PT_Import_Val_2020-21,38.0,1751964622_PT_IMPORT_VAL_US$_H.xlsx,PT_Import_Val_2020-21,38.0,2026-08-21T15:32:19.368860+00:00,1.0
2020-06-01,2020,2020-21,June,Others&,IMPORT,762.2435894117086,100.70935455765296,PPAC,1751964598_PT_IMPORT_VAL_RS.CRS._H.xlsx,PT_Import_Val_2020-21,23.0,1751964622_PT_IMPORT_VAL_US$_H.xlsx,PT_Import_Val_2020-21,23.0,2026-08-21T15:32:19.368860+00:00,1.0
2020-06-01,2020,2020-21,June,Petcoke,IMPORT,501.11749720000006,66.17439231553425,PPAC,1751964598_PT_IMPORT_VAL_RS.CRS._H.xlsx,PT_Import_Val_2020-21,22.0,1751964622_PT_IMPORT_VAL_US$_H.xlsx,PT_Import_Val_2020-21,22.0,2026-08-21T15:32:19.368860+00:00,1.0
2020-06-01,2020,2020-21,June,Petcoke / CBFS,EXPORT,146.390329131,19.37919829224134,PPAC,1751964598_PT_IMPORT_VAL_RS.CRS._H.xlsx,PT_Import_Val_2020-21,37.0,1751964622_PT_IMPORT_VAL_US$_H.xlsx,PT_Import_Val_2020-21,37.0,2026-08-21T15:32:19.368860+00:00,1.0
2020-06-01,2020,2020-21,June,SKO,EXPORT,1.5432244,0.20364534177883345,PPAC,1751964598_PT_IMPORT_VAL_RS.CRS._H.xlsx,PT_Import_Val_2020-21,31.0,1751964622_PT_IMPORT_VAL_US$_H.xlsx,PT_Import_Val_2020-21,31.0,2026-08-21T15:32:19.368860+00:00,1.0
2020-06-01,2020,2020-21,June,SKO,IMPORT,0.0026053,0.0003440393625506426,PPAC,1751964598_PT_IMPORT_VAL_RS.CRS._H.xlsx,PT_Import_Val_2020-21,17.0,1751964622_PT_IMPORT_VAL_US$_H.xlsx,PT_Import_Val_2020-21,17.0,2026-08-21T15:32:19.368860+00:00,1.0
2020-07-01,2020,2020-21,July,ATF,IMPORT,0.0027309,0.00036415204537999346,PPAC,1751964598_PT_IMPORT_VAL_RS.CRS._H.xlsx,PT_Import_Val_2020-21,16.0,1751964622_PT_IMPORT_VAL_US$_H.xlsx,PT_Import_Val_2020-21,16.0,2026-08-21T15:32:19.368860+00:00,1.0
2020-07-01,2020,2020-21,July,ATF#,EXPORT,579.5925364453201,76.93137420461906,PPAC,1751964598_PT_IMPORT_VAL_RS.CRS._H.xlsx,PT_Import_Val_2020-21,30.0,1751964622_PT_IMPORT_VAL_US$_H.xlsx,PT_Import_Val_2020-21,30.0,2026-08-21T15:32:19.368860+00:00,1.0
2020-07-01,2020,2020-21,July,Bitumen,EXPORT,0.0,0.0,PPAC,1751964598_PT_IMPORT_VAL_RS.CRS._H.xlsx,PT_Import_Val_2020-21,36.0,1751964622_PT_IMPORT_VAL_US$_H.xlsx,PT_Import_Val_2020-21,36.0,2026-08-21T15:32:19.368860+00:00,1.0
2020-07-01,2020,2020-21,July,Bitumen,IMPORT,290.28508020000004,38.708083671363084,PPAC,1751964598_PT_IMPORT_VAL_RS.CRS._H.xlsx,PT_Import_Val_2020-21,21.0,1751964622_PT_IMPORT_VAL_US$_H.xlsx,PT_Import_Val_2020-21,21.0,2026-08-21T15:32:19.368860+00:00,1.0
2020-07-01,2020,2020-21,July,CRUDE OIL,IMPORT,28431.99353711386,3793.613642567001,PPAC,1751964598_PT_IMPORT_VAL_RS.CRS._H.xlsx,PT_Import_Val_2020-21,11.0,1751964622_PT_IMPORT_VAL_US$_H.xlsx,PT_Import_Val_2020-21,11.0,2026-08-21T15:32:19.368860+00:00,1.0
2020-07-01,2020,2020-21,July,Fuel Oil,EXPORT,91.29430736205515,12.3135195438535,PPAC,1751964598_PT_IMPORT_VAL_RS.CRS._H.xlsx,PT_Import_Val_2020-21,35.0,1751964622_PT_IMPORT_VAL_US$_H.xlsx,PT_Import_Val_2020-21,35.0,2026-08-21T15:32:19.368860+00:00,1.0
2020-07-01,2020,2020-21,July,Fuel Oil,IMPORT,2459.707613089351,327.7042411352304,PPAC,1751964598_PT_IMPORT_VAL_RS.CRS._H.xlsx,PT_Import_Val_2020-21,20.0,1751964622_PT_IMPORT_VAL_US$_H.xlsx,PT_Import_Val_2020-21,20.0,2026-08-21T15:32:19.368860+00:00,1.0
2020-07-01,2020,2020-21,July,HSD,EXPORT,5836.639789602927,777.0637022467772,PPAC,1751964598_PT_IMPORT_VAL_RS.CRS._H.xlsx,PT_Import_Val_2020-21,32.0,1751964622_PT_IMPORT_VAL_US$_H.xlsx,PT_Import_Val_2020-21,32.0,2026-08-21T15:32:19.368860+00:00,1.0
2020-07-01,2020,2020-21,July,HSD,IMPORT,394.9717086,52.76633674550575,PPAC,1751964598_PT_IMPORT_VAL_RS.CRS._H.xlsx,PT_Import_Val_2020-21,18.0,1751964622_PT_IMPORT_VAL_US$_H.xlsx,PT_Import_Val_2020-21,18.0,2026-08-21T15:32:19.368860+00:00,1.0
2020-07-01,2020,2020-21,July,LDO,EXPORT,0.0,0.0,PPAC,1751964598_PT_IMPORT_VAL_RS.CRS._H.xlsx,PT_Import_Val_2020-21,33.0,1751964622_PT_IMPORT_VAL_US$_H.xlsx,PT_Import_Val_2020-21,33.0,2026-08-21T15:32:19.368860+00:00,1.0
2020-07-01,2020,2020-21,July,LOBS/ Lube Oil,EXPORT,15.44879,2.0335382387784655,PPAC,1751964598_PT_IMPORT_VAL_RS.CRS._H.xlsx,PT_Import_Val_2020-21,34.0,1751964622_PT_IMPORT_VAL_US$_H.xlsx,PT_Import_Val_2020-21,34.0,2026-08-21T15:32:19.368860+00:00,1.0
2020-07-01,2020,2020-21,July,LOBS/ Lube oil,IMPORT,747.2174759584699,99.6222151332175,PPAC,1751964598_PT_IMPORT_VAL_RS.CRS._H.xlsx,PT_Import_Val_2020-21,19.0,1751964622_PT_IMPORT_VAL_US$_H.xlsx,PT_Import_Val_2020-21,19.0,2026-08-21T15:32:19.368860+00:00,1.0
2020-07-01,2020,2020-21,July,LPG,EXPORT,103.8656992,13.671936185336316,PPAC,1751964598_PT_IMPORT_VAL_RS.CRS._H.xlsx,PT_Import_Val_2020-21,27.0,1751964622_PT_IMPORT_VAL_US$_H.xlsx,PT_Import_Val_2020-21,27.0,2026-08-21T15:32:19.368860+00:00,1.0
2020-07-01,2020,2020-21,July,LPG,IMPORT,2565.33854944702,340.5257877322224,PPAC,1751964598_PT_IMPORT_VAL_RS.CRS._H.xlsx,PT_Import_Val_2020-21,13.0,1751964622_PT_IMPORT_VAL_US$_H.xlsx,PT_Import_Val_2020-21,13.0,2026-08-21T15:32:19.368860+00:00,1.0
2020-07-01,2020,2020-21,July,MS,IMPORT,115.6366644653536,15.464533645711999,PPAC,1751964598_PT_IMPORT_VAL_RS.CRS._H.xlsx,PT_Import_Val_2020-21,14.0,1751964622_PT_IMPORT_VAL_US$_H.xlsx,PT_Import_Val_2020-21,14.0,2026-08-21T15:32:19.368860+00:00,1.0
2020-07-01,2020,2020-21,July,MS!,EXPORT,3024.7832033696504,402.91304151205935,PPAC,1751964598_PT_IMPORT_VAL_RS.CRS._H.xlsx,PT_Import_Val_2020-21,28.0,1751964622_PT_IMPORT_VAL_US$_H.xlsx,PT_Import_Val_2020-21,28.0,2026-08-21T15:32:19.368860+00:00,1.0
2020-07-01,2020,2020-21,July,Naphtha,IMPORT,488.29294905733,64.98408127962362,PPAC,1751964598_PT_IMPORT_VAL_RS.CRS._H.xlsx,PT_Import_Val_2020-21,15.0,1751964622_PT_IMPORT_VAL_US$_H.xlsx,PT_Import_Val_2020-21,15.0,2026-08-21T15:32:19.368860+00:00,1.0
2020-07-01,2020,2020-21,July,Naphtha$,EXPORT,895.232514066726,119.274091829208,PPAC,1751964598_PT_IMPORT_VAL_RS.CRS._H.xlsx,PT_Import_Val_2020-21,29.0,1751964622_PT_IMPORT_VAL_US$_H.xlsx,PT_Import_Val_2020-21,29.0,2026-08-21T15:32:19.368860+00:00,1.0
2020-07-01,2020,2020-21,July,Others%,EXPORT,444.885308833582,59.15635000897313,PPAC,1751964598_PT_IMPORT_VAL_RS.CRS._H.xlsx,PT_Import_Val_2020-21,38.0,1751964622_PT_IMPORT_VAL_US$_H.xlsx,PT_Import_Val_2020-21,38.0,2026-08-21T15:32:19.368860+00:00,1.0
2020-07-01,2020,2020-21,July,Others&,IMPORT,872.5749012511261,116.33623214143438,PPAC,1751964598_PT_IMPORT_VAL_RS.CRS._H.xlsx,PT_Import_Val_2020-21,23.0,1751964622_PT_IMPORT_VAL_US$_H.xlsx,PT_Import_Val_2020-21,23.0,2026-08-21T15:32:19.368860+00:00,1.0
2020-07-01,2020,2020-21,July,Petcoke,IMPORT,630.6938689,84.09991664599818,PPAC,1751964598_PT_IMPORT_VAL_RS.CRS._H.xlsx,PT_Import_Val_2020-21,22.0,1751964622_PT_IMPORT_VAL_US$_H.xlsx,PT_Import_Val_2020-21,22.0,2026-08-21T15:32:19.368860+00:00,1.0
2020-07-01,2020,2020-21,July,Petcoke / CBFS,EXPORT,22.755857903,3.043055066532798,PPAC,1751964598_PT_IMPORT_VAL_RS.CRS._H.xlsx,PT_Import_Val_2020-21,37.0,1751964622_PT_IMPORT_VAL_US$_H.xlsx,PT_Import_Val_2020-21,37.0,2026-08-21T15:32:19.368860+00:00,1.0
2020-07-01,2020,2020-21,July,SKO,EXPORT,4.4183477,0.5815911149137817,PPAC,1751964598_PT_IMPORT_VAL_RS.CRS._H.xlsx,PT_Import_Val_2020-21,31.0,1751964622_PT_IMPORT_VAL_US$_H.xlsx,PT_Import_Val_2020-21,31.0,2026-08-21T15:32:19.368860+00:00,1.0
2020-07-01,2020,2020-21,July,SKO,IMPORT,9.375249,1.250143212602709,PPAC,1751964598_PT_IMPORT_VAL_RS.CRS._H.xlsx,PT_Import_Val_2020-21,17.0,1751964622_PT_IMPORT_VAL_US$_H.xlsx,PT_Import_Val_2020-21,17.0,2026-08-21T15:32:19.368860+00:00,1.0
2020-08-01,2020,2020-21,August,ATF,IMPORT,0.0,0.0,PPAC,1751964598_PT_IMPORT_VAL_RS.CRS._H.xlsx,PT_Import_Val_2020-21,16.0,1751964622_PT_IMPORT_VAL_US$_H.xlsx,PT_Import_Val_2020-21,16.0,2026-08-21T15:32:19.368860+00:00,1.0
2020-08-01,2020,2020-21,August,ATF#,EXPORT,372.74702348447533,49.7513133958406,PPAC,1751964598_PT_IMPORT_VAL_RS.CRS._H.xlsx,PT_Import_Val_2020-21,30.0,1751964622_PT_IMPORT_VAL_US$_H.xlsx,PT_Import_Val_2020-21,30.0,2026-08-21T15:32:19.368860+00:00,1.0
2020-08-01,2020,2020-21,August,Bitumen,EXPORT,0.0,0.0,PPAC,1751964598_PT_IMPORT_VAL_RS.CRS._H.xlsx,PT_Import_Val_2020-21,36.0,1751964622_PT_IMPORT_VAL_US$_H.xlsx,PT_Import_Val_2020-21,36.0,2026-08-21T15:32:19.368860+00:00,1.0
2020-08-01,2020,2020-21,August,Bitumen,IMPORT,154.8337665,20.735211840062995,PPAC,1751964598_PT_IMPORT_VAL_RS.CRS._H.xlsx,PT_Import_Val_2020-21,21.0,1751964622_PT_IMPORT_VAL_US$_H.xlsx,PT_Import_Val_2020-21,21.0,2026-08-21T15:32:19.368860+00:00,1.0
2020-08-01,2020,2020-21,August,CRUDE OIL,IMPORT,40659.06849864601,5461.566387953082,PPAC,1751964598_PT_IMPORT_VAL_RS.CRS._H.xlsx,PT_Import_Val_2020-21,11.0,1751964622_PT_IMPORT_VAL_US$_H.xlsx,PT_Import_Val_2020-21,11.0,2026-08-21T15:32:19.368860+00:00,1.0
2020-08-01,2020,2020-21,August,Fuel Oil,EXPORT,0.0,0.0,PPAC,1751964598_PT_IMPORT_VAL_RS.CRS._H.xlsx,PT_Import_Val_2020-21,35.0,1751964622_PT_IMPORT_VAL_US$_H.xlsx,PT_Import_Val_2020-21,35.0,2026-08-21T15:32:19.368860+00:00,1.0
2020-08-01,2020,2020-21,August,Fuel Oil,IMPORT,1005.471106441974,134.89623631802516,PPAC,1751964598_PT_IMPORT_VAL_RS.CRS._H.xlsx,PT_Import_Val_2020-21,20.0,1751964622_PT_IMPORT_VAL_US$_H.xlsx,PT_Import_Val_2020-21,20.0,2026-08-21T15:32:19.368860+00:00,1.0
2020-08-01,2020,2020-21,August,HSD,EXPORT,7935.018580913391,1063.2882037675595,PPAC,1751964598_PT_IMPORT_VAL_RS.CRS._H.xlsx,PT_Import_Val_2020-21,32.0,1751964622_PT_IMPORT_VAL_US$_H.xlsx,PT_Import_Val_2020-21,32.0,2026-08-21T15:32:19.368860+00:00,1.0
2020-08-01,2020,2020-21,August,HSD,IMPORT,11.737663100000002,1.57189827766536,PPAC,1751964598_PT_IMPORT_VAL_RS.CRS._H.xlsx,PT_Import_Val_2020-21,18.0,1751964622_PT_IMPORT_VAL_US$_H.xlsx,PT_Import_Val_2020-21,18.0,2026-08-21T15:32:19.368860+00:00,1.0
2020-08-01,2020,2020-21,August,LDO,EXPORT,0.0,0.0,PPAC,1751964598_PT_IMPORT_VAL_RS.CRS._H.xlsx,PT_Import_Val_2020-21,33.0,1751964622_PT_IMPORT_VAL_US$_H.xlsx,PT_Import_Val_2020-21,33.0,2026-08-21T15:32:19.368860+00:00,1.0
2020-08-01,2020,2020-21,August,LOBS/ Lube Oil,EXPORT,6.22,0.8452235358064953,PPAC,1751964598_PT_IMPORT_VAL_RS.CRS._H.xlsx,PT_Import_Val_2020-21,34.0,1751964622_PT_IMPORT_VAL_US$_H.xlsx,PT_Import_Val_2020-21,34.0,2026-08-21T15:32:19.368860+00:00,1.0
2020-08-01,2020,2020-21,August,LOBS/ Lube oil,IMPORT,886.3972601243945,118.65493132720553,PPAC,1751964598_PT_IMPORT_VAL_RS.CRS._H.xlsx,PT_Import_Val_2020-21,19.0,1751964622_PT_IMPORT_VAL_US$_H.xlsx,PT_Import_Val_2020-21,19.0,2026-08-21T15:32:19.368860+00:00,1.0
2020-08-01,2020,2020-21,August,LPG,EXPORT,114.5435052,15.201526901128071,PPAC,1751964598_PT_IMPORT_VAL_RS.CRS._H.xlsx,PT_Import_Val_2020-21,27.0,1751964622_PT_IMPORT_VAL_US$_H.xlsx,PT_Import_Val_2020-21,27.0,2026-08-21T15:32:19.368860+00:00,1.0
2020-08-01,2020,2020-21,August,LPG,IMPORT,3400.678271558294,454.3550185199134,PPAC,1751964598_PT_IMPORT_VAL_RS.CRS._H.xlsx,PT_Import_Val_2020-21,13.0,1751964622_PT_IMPORT_VAL_US$_H.xlsx,PT_Import_Val_2020-21,13.0,2026-08-21T15:32:19.368860+00:00,1.0
2020-08-01,2020,2020-21,August,MS,IMPORT,109.04839910000001,14.813328533740536,PPAC,1751964598_PT_IMPORT_VAL_RS.CRS._H.xlsx,PT_Import_Val_2020-21,14.0,1751964622_PT_IMPORT_VAL_US$_H.xlsx,PT_Import_Val_2020-21,14.0,2026-08-21T15:32:19.368860+00:00,1.0
2020-08-01,2020,2020-21,August,MS!,EXPORT,2809.2707406456307,376.5625157357058,PPAC,1751964598_PT_IMPORT_VAL_RS.CRS._H.xlsx,PT_Import_Val_2020-21,28.0,1751964622_PT_IMPORT_VAL_US$_H.xlsx,PT_Import_Val_2020-21,28.0,2026-08-21T15:32:19.368860+00:00,1.0
2020-08-01,2020,2020-21,August,Naphtha,IMPORT,422.69160846475,56.53112447198364,PPAC,1751964598_PT_IMPORT_VAL_RS.CRS._H.xlsx,PT_Import_Val_2020-21,15.0,1751964622_PT_IMPORT_VAL_US$_H.xlsx,PT_Import_Val_2020-21,15.0,2026-08-21T15:32:19.368860+00:00,1.0
2020-08-01,2020,2020-21,August,Naphtha$,EXPORT,1622.3321342989757,218.19890621505414,PPAC,1751964598_PT_IMPORT_VAL_RS.CRS._H.xlsx,PT_Import_Val_2020-21,29.0,1751964622_PT_IMPORT_VAL_US$_H.xlsx,PT_Import_Val_2020-21,29.0,2026-08-21T15:32:19.368860+00:00,1.0
2020-08-01,2020,2020-21,August,Others%,EXPORT,512.4478172939998,69.1101766945637,PPAC,1751964598_PT_IMPORT_VAL_RS.CRS._H.xlsx,PT_Import_Val_2020-21,38.0,1751964622_PT_IMPORT_VAL_US$_H.xlsx,PT_Import_Val_2020-21,38.0,2026-08-21T15:32:19.368860+00:00,1.0
2020-08-01,2020,2020-21,August,Others&,IMPORT,476.2824657363168,63.744719358186174,PPAC,1751964598_PT_IMPORT_VAL_RS.CRS._H.xlsx,PT_Import_Val_2020-21,23.0,1751964622_PT_IMPORT_VAL_US$_H.xlsx,PT_Import_Val_2020-21,23.0,2026-08-21T15:32:19.368860+00:00,1.0
2020-08-01,2020,2020-21,August,Petcoke,IMPORT,592.5778104,79.35753749402386,PPAC,1751964598_PT_IMPORT_VAL_RS.CRS._H.xlsx,PT_Import_Val_2020-21,22.0,1751964622_PT_IMPORT_VAL_US$_H.xlsx,PT_Import_Val_2020-21,22.0,2026-08-21T15:32:19.368860+00:00,1.0
2020-08-01,2020,2020-21,August,Petcoke / CBFS,EXPORT,3.502017985,0.4767408160810811,PPAC,1751964598_PT_IMPORT_VAL_RS.CRS._H.xlsx,PT_Import_Val_2020-21,37.0,1751964622_PT_IMPORT_VAL_US$_H.xlsx,PT_Import_Val_2020-21,37.0,2026-08-21T15:32:19.368860+00:00,1.0
2020-08-01,2020,2020-21,August,SKO,EXPORT,2.1868383,0.2902240610484406,PPAC,1751964598_PT_IMPORT_VAL_RS.CRS._H.xlsx,PT_Import_Val_2020-21,31.0,1751964622_PT_IMPORT_VAL_US$_H.xlsx,PT_Import_Val_2020-21,31.0,2026-08-21T15:32:19.368860+00:00,1.0
2020-08-01,2020,2020-21,August,SKO,IMPORT,0.0,0.0,PPAC,1751964598_PT_IMPORT_VAL_RS.CRS._H.xlsx,PT_Import_Val_2020-21,17.0,1751964622_PT_IMPORT_VAL_US$_H.xlsx,PT_Import_Val_2020-21,17.0,2026-08-21T15:32:19.368860+00:00,1.0
2020-09-01,2020,2020-21,September,ATF,IMPORT,0.0,0.0,PPAC,1751964598_PT_IMPORT_VAL_RS.CRS._H.xlsx,PT_Import_Val_2020-21,16.0,1751964622_PT_IMPORT_VAL_US$_H.xlsx,PT_Import_Val_2020-21,16.0,2026-08-21T15:32:19.368860+00:00,1.0
2020-09-01,2020,2020-21,September,ATF#,EXPORT,633.8336663140121,87.43120141602444,PPAC,1751964598_PT_IMPORT_VAL_RS.CRS._H.xlsx,PT_Import_Val_2020-21,30.0,1751964622_PT_IMPORT_VAL_US$_H.xlsx,PT_Import_Val_2020-21,30.0,2026-08-21T15:32:19.368860+00:00,1.0
2020-09-01,2020,2020-21,September,Bitumen,EXPORT,6.6969465,0.9138846206331876,PPAC,1751964598_PT_IMPORT_VAL_RS.CRS._H.xlsx,PT_Import_Val_2020-21,36.0,1751964622_PT_IMPORT_VAL_US$_H.xlsx,PT_Import_Val_2020-21,36.0,2026-08-21T15:32:19.368860+00:00,1.0
2020-09-01,2020,2020-21,September,Bitumen,IMPORT,195.8835041,26.657454046381616,PPAC,1751964598_PT_IMPORT_VAL_RS.CRS._H.xlsx,PT_Import_Val_2020-21,21.0,1751964622_PT_IMPORT_VAL_US$_H.xlsx,PT_Import_Val_2020-21,21.0,2026-08-21T15:32:19.368860+00:00,1.0
2020-09-01,2020,2020-21,September,CRUDE OIL,IMPORT,34353.850793896505,4655.144801686256,PPAC,1751964598_PT_IMPORT_VAL_RS.CRS._H.xlsx,PT_Import_Val_2020-21,11.0,1751964622_PT_IMPORT_VAL_US$_H.xlsx,PT_Import_Val_2020-21,11.0,2026-08-21T15:32:19.368860+00:00,1.0
2020-09-01,2020,2020-21,September,Fuel Oil,EXPORT,32.8904224,4.483741320261659,PPAC,1751964598_PT_IMPORT_VAL_RS.CRS._H.xlsx,PT_Import_Val_2020-21,35.0,1751964622_PT_IMPORT_VAL_US$_H.xlsx,PT_Import_Val_2020-21,35.0,2026-08-21T15:32:19.368860+00:00,1.0
2020-09-01,2020,2020-21,September,Fuel Oil,IMPORT,493.7421307869213,67.11173113486173,PPAC,1751964598_PT_IMPORT_VAL_RS.CRS._H.xlsx,PT_Import_Val_2020-21,20.0,1751964622_PT_IMPORT_VAL_US$_H.xlsx,PT_Import_Val_2020-21,20.0,2026-08-21T15:32:19.368860+00:00,1.0
2020-09-01,2020,2020-21,September,HSD,EXPORT,6628.566553341836,934.8440021507259,PPAC,1751964598_PT_IMPORT_VAL_RS.CRS._H.xlsx,PT_Import_Val_2020-21,32.0,1751964622_PT_IMPORT_VAL_US$_H.xlsx,PT_Import_Val_2020-21,32.0,2026-08-21T15:32:19.368860+00:00,1.0
2020-09-01,2020,2020-21,September,HSD,IMPORT,7.5919417,1.0331744774549307,PPAC,1751964598_PT_IMPORT_VAL_RS.CRS._H.xlsx,PT_Import_Val_2020-21,18.0,1751964622_PT_IMPORT_VAL_US$_H.xlsx,PT_Import_Val_2020-21,18.0,2026-08-21T15:32:19.368860+00:00,1.0
2020-09-01,2020,2020-21,September,LDO,EXPORT,0.0,0.0,PPAC,1751964598_PT_IMPORT_VAL_RS.CRS._H.xlsx,PT_Import_Val_2020-21,33.0,1751964622_PT_IMPORT_VAL_US$_H.xlsx,PT_Import_Val_2020-21,33.0,2026-08-21T15:32:19.368860+00:00,1.0
2020-09-01,2020,2020-21,September,LOBS/ Lube Oil,EXPORT,7.17,0.9784388646288208,PPAC,1751964598_PT_IMPORT_VAL_RS.CRS._H.xlsx,PT_Import_Val_2020-21,34.0,1751964622_PT_IMPORT_VAL_US$_H.xlsx,PT_Import_Val_2020-21,34.0,2026-08-21T15:32:19.368860+00:00,1.0
2020-09-01,2020,2020-21,September,LOBS/ Lube oil,IMPORT,922.9986974999998,125.60932824090894,PPAC,1751964598_PT_IMPORT_VAL_RS.CRS._H.xlsx,PT_Import_Val_2020-21,19.0,1751964622_PT_IMPORT_VAL_US$_H.xlsx,PT_Import_Val_2020-21,19.0,2026-08-21T15:32:19.368860+00:00,1.0
2020-09-01,2020,2020-21,September,LPG,EXPORT,128.22865697,17.398732289009498,PPAC,1751964598_PT_IMPORT_VAL_RS.CRS._H.xlsx,PT_Import_Val_2020-21,27.0,1751964622_PT_IMPORT_VAL_US$_H.xlsx,PT_Import_Val_2020-21,27.0,2026-08-21T15:32:19.368860+00:00,1.0
2020-09-01,2020,2020-21,September,LPG,IMPORT,4559.296100658465,619.420171850074,PPAC,1751964598_PT_IMPORT_VAL_RS.CRS._H.xlsx,PT_Import_Val_2020-21,13.0,1751964622_PT_IMPORT_VAL_US$_H.xlsx,PT_Import_Val_2020-21,13.0,2026-08-21T15:32:19.368860+00:00,1.0
2020-09-01,2020,2020-21,September,MS,IMPORT,230.528673665278,31.32780081971395,PPAC,1751964598_PT_IMPORT_VAL_RS.CRS._H.xlsx,PT_Import_Val_2020-21,14.0,1751964622_PT_IMPORT_VAL_US$_H.xlsx,PT_Import_Val_2020-21,14.0,2026-08-21T15:32:19.368860+00:00,1.0
2020-09-01,2020,2020-21,September,MS!,EXPORT,2847.7059307795516,403.0943103199344,PPAC,1751964598_PT_IMPORT_VAL_RS.CRS._H.xlsx,PT_Import_Val_2020-21,28.0,1751964622_PT_IMPORT_VAL_US$_H.xlsx,PT_Import_Val_2020-21,28.0,2026-08-21T15:32:19.368860+00:00,1.0
2020-09-01,2020,2020-21,September,Naphtha,IMPORT,287.535476,39.13021555026626,PPAC,1751964598_PT_IMPORT_VAL_RS.CRS._H.xlsx,PT_Import_Val_2020-21,15.0,1751964622_PT_IMPORT_VAL_US$_H.xlsx,PT_Import_Val_2020-21,15.0,2026-08-21T15:32:19.368860+00:00,1.0
2020-09-01,2020,2020-21,September,Naphtha$,EXPORT,1717.4900534805142,236.63875286069302,PPAC,1751964598_PT_IMPORT_VAL_RS.CRS._H.xlsx,PT_Import_Val_2020-21,29.0,1751964622_PT_IMPORT_VAL_US$_H.xlsx,PT_Import_Val_2020-21,29.0,2026-08-21T15:32:19.368860+00:00,1.0
2020-09-01,2020,2020-21,September,Others%,EXPORT,546.3932428252806,74.27553915071887,PPAC,1751964598_PT_IMPORT_VAL_RS.CRS._H.xlsx,PT_Import_Val_2020-21,38.0,1751964622_PT_IMPORT_VAL_US$_H.xlsx,PT_Import_Val_2020-21,38.0,2026-08-21T15:32:19.368860+00:00,1.0
2020-09-01,2020,2020-21,September,Others&,IMPORT,369.22605322490006,50.18545982758886,PPAC,1751964598_PT_IMPORT_VAL_RS.CRS._H.xlsx,PT_Import_Val_2020-21,23.0,1751964622_PT_IMPORT_VAL_US$_H.xlsx,PT_Import_Val_2020-21,23.0,2026-08-21T15:32:19.368860+00:00,1.0
2020-09-01,2020,2020-21,September,Petcoke,IMPORT,482.70316490000005,65.69025551940143,PPAC,1751964598_PT_IMPORT_VAL_RS.CRS._H.xlsx,PT_Import_Val_2020-21,22.0,1751964622_PT_IMPORT_VAL_US$_H.xlsx,PT_Import_Val_2020-21,22.0,2026-08-21T15:32:19.368860+00:00,1.0
2020-09-01,2020,2020-21,September,Petcoke / CBFS,EXPORT,2.80896268875,0.3828758647195687,PPAC,1751964598_PT_IMPORT_VAL_RS.CRS._H.xlsx,PT_Import_Val_2020-21,37.0,1751964622_PT_IMPORT_VAL_US$_H.xlsx,PT_Import_Val_2020-21,37.0,2026-08-21T15:32:19.368860+00:00,1.0
2020-09-01,2020,2020-21,September,SKO,EXPORT,1.9761498,0.2681343012211669,PPAC,1751964598_PT_IMPORT_VAL_RS.CRS._H.xlsx,PT_Import_Val_2020-21,31.0,1751964622_PT_IMPORT_VAL_US$_H.xlsx,PT_Import_Val_2020-21,31.0,2026-08-21T15:32:19.368860+00:00,1.0
2020-09-01,2020,2020-21,September,SKO,IMPORT,0.6224536,0.08470865535228499,PPAC,1751964598_PT_IMPORT_VAL_RS.CRS._H.xlsx,PT_Import_Val_2020-21,17.0,1751964622_PT_IMPORT_VAL_US$_H.xlsx,PT_Import_Val_2020-21,17.0,2026-08-21T15:32:19.368860+00:00,1.0
2020-10-01,2020,2020-21,October,ATF,IMPORT,0.0003558,4.8435774951979425e-05,PPAC,1751964598_PT_IMPORT_VAL_RS.CRS._H.xlsx,PT_Import_Val_2020-21,16.0,1751964622_PT_IMPORT_VAL_US$_H.xlsx,PT_Import_Val_2020-21,16.0,2026-08-21T15:32:19.368860+00:00,1.0
2020-10-01,2020,2020-21,October,ATF#,EXPORT,423.12917131834394,57.960675055875164,PPAC,1751964598_PT_IMPORT_VAL_RS.CRS._H.xlsx,PT_Import_Val_2020-21,30.0,1751964622_PT_IMPORT_VAL_US$_H.xlsx,PT_Import_Val_2020-21,30.0,2026-08-21T15:32:19.368860+00:00,1.0
2020-10-01,2020,2020-21,October,Bitumen,EXPORT,6.1853821,0.8346217919309135,PPAC,1751964598_PT_IMPORT_VAL_RS.CRS._H.xlsx,PT_Import_Val_2020-21,36.0,1751964622_PT_IMPORT_VAL_US$_H.xlsx,PT_Import_Val_2020-21,36.0,2026-08-21T15:32:19.368860+00:00,1.0
2020-10-01,2020,2020-21,October,Bitumen,IMPORT,196.86051840000002,26.79902126518383,PPAC,1751964598_PT_IMPORT_VAL_RS.CRS._H.xlsx,PT_Import_Val_2020-21,21.0,1751964622_PT_IMPORT_VAL_US$_H.xlsx,PT_Import_Val_2020-21,21.0,2026-08-21T15:32:19.368860+00:00,1.0
2020-10-01,2020,2020-21,October,CRUDE OIL,IMPORT,33074.49167439095,4494.147451859739,PPAC,1751964598_PT_IMPORT_VAL_RS.CRS._H.xlsx,PT_Import_Val_2020-21,11.0,1751964622_PT_IMPORT_VAL_US$_H.xlsx,PT_Import_Val_2020-21,11.0,2026-08-21T15:32:19.368860+00:00,1.0
2020-10-01,2020,2020-21,October,Fuel Oil,EXPORT,143.0235567,19.27630249593172,PPAC,1751964598_PT_IMPORT_VAL_RS.CRS._H.xlsx,PT_Import_Val_2020-21,35.0,1751964622_PT_IMPORT_VAL_US$_H.xlsx,PT_Import_Val_2020-21,35.0,2026-08-21T15:32:19.368860+00:00,1.0
2020-10-01,2020,2020-21,October,Fuel Oil,IMPORT,328.048935753482,44.698757252585025,PPAC,1751964598_PT_IMPORT_VAL_RS.CRS._H.xlsx,PT_Import_Val_2020-21,20.0,1751964622_PT_IMPORT_VAL_US$_H.xlsx,PT_Import_Val_2020-21,20.0,2026-08-21T15:32:19.368860+00:00,1.0
2020-10-01,2020,2020-21,October,HSD,EXPORT,5699.819877196684,775.2409782926642,PPAC,1751964598_PT_IMPORT_VAL_RS.CRS._H.xlsx,PT_Import_Val_2020-21,32.0,1751964622_PT_IMPORT_VAL_US$_H.xlsx,PT_Import_Val_2020-21,32.0,2026-08-21T15:32:19.368860+00:00,1.0
2020-10-01,2020,2020-21,October,HSD,IMPORT,35.406694200000004,4.819985025477109,PPAC,1751964598_PT_IMPORT_VAL_RS.CRS._H.xlsx,PT_Import_Val_2020-21,18.0,1751964622_PT_IMPORT_VAL_US$_H.xlsx,PT_Import_Val_2020-21,18.0,2026-08-21T15:32:19.368860+00:00,1.0
2020-10-01,2020,2020-21,October,LDO,EXPORT,0.0,0.0,PPAC,1751964598_PT_IMPORT_VAL_RS.CRS._H.xlsx,PT_Import_Val_2020-21,33.0,1751964622_PT_IMPORT_VAL_US$_H.xlsx,PT_Import_Val_2020-21,33.0,2026-08-21T15:32:19.368860+00:00,1.0
2020-10-01,2020,2020-21,October,LOBS/ Lube Oil,EXPORT,6.65,0.8973148023208743,PPAC,1751964598_PT_IMPORT_VAL_RS.CRS._H.xlsx,PT_Import_Val_2020-21,34.0,1751964622_PT_IMPORT_VAL_US$_H.xlsx,PT_Import_Val_2020-21,34.0,2026-08-21T15:32:19.368860+00:00,1.0
2020-10-01,2020,2020-21,October,LOBS/ Lube oil,IMPORT,1127.878103319471,153.52286046787262,PPAC,1751964598_PT_IMPORT_VAL_RS.CRS._H.xlsx,PT_Import_Val_2020-21,19.0,1751964622_PT_IMPORT_VAL_US$_H.xlsx,PT_Import_Val_2020-21,19.0,2026-08-21T15:32:19.368860+00:00,1.0
2020-10-01,2020,2020-21,October,LPG,EXPORT,124.2146614,16.854092455902308,PPAC,1751964598_PT_IMPORT_VAL_RS.CRS._H.xlsx,PT_Import_Val_2020-21,27.0,1751964622_PT_IMPORT_VAL_US$_H.xlsx,PT_Import_Val_2020-21,27.0,2026-08-21T15:32:19.368860+00:00,1.0
2020-10-01,2020,2020-21,October,LPG,IMPORT,4185.403510247692,567.2060054058019,PPAC,1751964598_PT_IMPORT_VAL_RS.CRS._H.xlsx,PT_Import_Val_2020-21,13.0,1751964622_PT_IMPORT_VAL_US$_H.xlsx,PT_Import_Val_2020-21,13.0,2026-08-21T15:32:19.368860+00:00,1.0
2020-10-01,2020,2020-21,October,MS,IMPORT,399.5626555105933,54.09966140100832,PPAC,1751964598_PT_IMPORT_VAL_RS.CRS._H.xlsx,PT_Import_Val_2020-21,14.0,1751964622_PT_IMPORT_VAL_US$_H.xlsx,PT_Import_Val_2020-21,14.0,2026-08-21T15:32:19.368860+00:00,1.0
2020-10-01,2020,2020-21,October,MS!,EXPORT,2299.5540512528996,312.5471495125847,PPAC,1751964598_PT_IMPORT_VAL_RS.CRS._H.xlsx,PT_Import_Val_2020-21,28.0,1751964622_PT_IMPORT_VAL_US$_H.xlsx,PT_Import_Val_2020-21,28.0,2026-08-21T15:32:19.368860+00:00,1.0
2020-10-01,2020,2020-21,October,Naphtha,IMPORT,472.8076556,64.36426419959133,PPAC,1751964598_PT_IMPORT_VAL_RS.CRS._H.xlsx,PT_Import_Val_2020-21,15.0,1751964622_PT_IMPORT_VAL_US$_H.xlsx,PT_Import_Val_2020-21,15.0,2026-08-21T15:32:19.368860+00:00,1.0
2020-10-01,2020,2020-21,October,Naphtha$,EXPORT,801.6063452848,108.93612988912199,PPAC,1751964598_PT_IMPORT_VAL_RS.CRS._H.xlsx,PT_Import_Val_2020-21,29.0,1751964622_PT_IMPORT_VAL_US$_H.xlsx,PT_Import_Val_2020-21,29.0,2026-08-21T15:32:19.368860+00:00,1.0
2020-10-01,2020,2020-21,October,Others%,EXPORT,377.2399526506,51.31999335273172,PPAC,1751964598_PT_IMPORT_VAL_RS.CRS._H.xlsx,PT_Import_Val_2020-21,38.0,1751964622_PT_IMPORT_VAL_US$_H.xlsx,PT_Import_Val_2020-21,38.0,2026-08-21T15:32:19.368860+00:00,1.0
2020-10-01,2020,2020-21,October,Others&,IMPORT,523.0039155636159,71.17123906342442,PPAC,1751964598_PT_IMPORT_VAL_RS.CRS._H.xlsx,PT_Import_Val_2020-21,23.0,1751964622_PT_IMPORT_VAL_US$_H.xlsx,PT_Import_Val_2020-21,23.0,2026-08-21T15:32:19.368860+00:00,1.0
2020-10-01,2020,2020-21,October,Petcoke,IMPORT,519.7697786,70.75731316219722,PPAC,1751964598_PT_IMPORT_VAL_RS.CRS._H.xlsx,PT_Import_Val_2020-21,22.0,1751964622_PT_IMPORT_VAL_US$_H.xlsx,PT_Import_Val_2020-21,22.0,2026-08-21T15:32:19.368860+00:00,1.0
2020-10-01,2020,2020-21,October,Petcoke / CBFS,EXPORT,0.329220045,0.04522253365384615,PPAC,1751964598_PT_IMPORT_VAL_RS.CRS._H.xlsx,PT_Import_Val_2020-21,37.0,1751964622_PT_IMPORT_VAL_US$_H.xlsx,PT_Import_Val_2020-21,37.0,2026-08-21T15:32:19.368860+00:00,1.0
2020-10-01,2020,2020-21,October,SKO,EXPORT,6.2903462,0.853506947082768,PPAC,1751964598_PT_IMPORT_VAL_RS.CRS._H.xlsx,PT_Import_Val_2020-21,31.0,1751964622_PT_IMPORT_VAL_US$_H.xlsx,PT_Import_Val_2020-21,31.0,2026-08-21T15:32:19.368860+00:00,1.0
2020-10-01,2020,2020-21,October,SKO,IMPORT,2.0913014999999997,0.28469311076654585,PPAC,1751964598_PT_IMPORT_VAL_RS.CRS._H.xlsx,PT_Import_Val_2020-21,17.0,1751964622_PT_IMPORT_VAL_US$_H.xlsx,PT_Import_Val_2020-21,17.0,2026-08-21T15:32:19.368860+00:00,1.0
2020-11-01,2020,2020-21,November,ATF,IMPORT,0.0,0.0,PPAC,1751964598_PT_IMPORT_VAL_RS.CRS._H.xlsx,PT_Import_Val_2020-21,16.0,1751964622_PT_IMPORT_VAL_US$_H.xlsx,PT_Import_Val_2020-21,16.0,2026-08-21T15:32:19.368860+00:00,1.0
2020-11-01,2020,2020-21,November,ATF#,EXPORT,718.482853146,97.13435521741452,PPAC,1751964598_PT_IMPORT_VAL_RS.CRS._H.xlsx,PT_Import_Val_2020-21,30.0,1751964622_PT_IMPORT_VAL_US$_H.xlsx,PT_Import_Val_2020-21,30.0,2026-08-21T15:32:19.368860+00:00,1.0
2020-11-01,2020,2020-21,November,Bitumen,EXPORT,0.1906253,0.025843994034707156,PPAC,1751964598_PT_IMPORT_VAL_RS.CRS._H.xlsx,PT_Import_Val_2020-21,36.0,1751964622_PT_IMPORT_VAL_US$_H.xlsx,PT_Import_Val_2020-21,36.0,2026-08-21T15:32:19.368860+00:00,1.0
2020-11-01,2020,2020-21,November,Bitumen,IMPORT,293.7064176,39.57251536651945,PPAC,1751964598_PT_IMPORT_VAL_RS.CRS._H.xlsx,PT_Import_Val_2020-21,21.0,1751964622_PT_IMPORT_VAL_US$_H.xlsx,PT_Import_Val_2020-21,21.0,2026-08-21T15:32:19.368860+00:00,1.0
2020-11-01,2020,2020-21,November,CRUDE OIL,IMPORT,40926.853933740225,5533.659278689289,PPAC,1751964598_PT_IMPORT_VAL_RS.CRS._H.xlsx,PT_Import_Val_2020-21,11.0,1751964622_PT_IMPORT_VAL_US$_H.xlsx,PT_Import_Val_2020-21,11.0,2026-08-21T15:32:19.368860+00:00,1.0
2020-11-01,2020,2020-21,November,Fuel Oil,EXPORT,51.3165513,6.944655355363124,PPAC,1751964598_PT_IMPORT_VAL_RS.CRS._H.xlsx,PT_Import_Val_2020-21,35.0,1751964622_PT_IMPORT_VAL_US$_H.xlsx,PT_Import_Val_2020-21,35.0,2026-08-21T15:32:19.368860+00:00,1.0
2020-11-01,2020,2020-21,November,Fuel Oil,IMPORT,495.9697027339651,66.82634053543882,PPAC,1751964598_PT_IMPORT_VAL_RS.CRS._H.xlsx,PT_Import_Val_2020-21,20.0,1751964622_PT_IMPORT_VAL_US$_H.xlsx,PT_Import_Val_2020-21,20.0,2026-08-21T15:32:19.368860+00:00,1.0
2020-11-01,2020,2020-21,November,HSD,EXPORT,5811.136923298794,782.1161753358173,PPAC,1751964598_PT_IMPORT_VAL_RS.CRS._H.xlsx,PT_Import_Val_2020-21,32.0,1751964622_PT_IMPORT_VAL_US$_H.xlsx,PT_Import_Val_2020-21,32.0,2026-08-21T15:32:19.368860+00:00,1.0
2020-11-01,2020,2020-21,November,HSD,IMPORT,9.2796564,1.2502939107893043,PPAC,1751964598_PT_IMPORT_VAL_RS.CRS._H.xlsx,PT_Import_Val_2020-21,18.0,1751964622_PT_IMPORT_VAL_US$_H.xlsx,PT_Import_Val_2020-21,18.0,2026-08-21T15:32:19.368860+00:00,1.0
2020-11-01,2020,2020-21,November,LDO,EXPORT,0.0,0.0,PPAC,1751964598_PT_IMPORT_VAL_RS.CRS._H.xlsx,PT_Import_Val_2020-21,33.0,1751964622_PT_IMPORT_VAL_US$_H.xlsx,PT_Import_Val_2020-21,33.0,2026-08-21T15:32:19.368860+00:00,1.0
2020-11-01,2020,2020-21,November,LOBS/ Lube Oil,EXPORT,6.170000000000001,0.8364967462039046,PPAC,1751964598_PT_IMPORT_VAL_RS.CRS._H.xlsx,PT_Import_Val_2020-21,34.0,1751964622_PT_IMPORT_VAL_US$_H.xlsx,PT_Import_Val_2020-21,34.0,2026-08-21T15:32:19.368860+00:00,1.0
2020-11-01,2020,2020-21,November,LOBS/ Lube oil,IMPORT,1370.4986952698562,184.5790813498118,PPAC,1751964598_PT_IMPORT_VAL_RS.CRS._H.xlsx,PT_Import_Val_2020-21,19.0,1751964622_PT_IMPORT_VAL_US$_H.xlsx,PT_Import_Val_2020-21,19.0,2026-08-21T15:32:19.368860+00:00,1.0
2020-11-01,2020,2020-21,November,LPG,EXPORT,143.8617535,19.212306824252135,PPAC,1751964598_PT_IMPORT_VAL_RS.CRS._H.xlsx,PT_Import_Val_2020-21,27.0,1751964622_PT_IMPORT_VAL_US$_H.xlsx,PT_Import_Val_2020-21,27.0,2026-08-21T15:32:19.368860+00:00,1.0
2020-11-01,2020,2020-21,November,LPG,IMPORT,4774.568147717668,641.1177494449379,PPAC,1751964598_PT_IMPORT_VAL_RS.CRS._H.xlsx,PT_Import_Val_2020-21,13.0,1751964622_PT_IMPORT_VAL_US$_H.xlsx,PT_Import_Val_2020-21,13.0,2026-08-21T15:32:19.368860+00:00,1.0
2020-11-01,2020,2020-21,November,MS,IMPORT,473.67174739591036,64.28989737139237,PPAC,1751964598_PT_IMPORT_VAL_RS.CRS._H.xlsx,PT_Import_Val_2020-21,14.0,1751964622_PT_IMPORT_VAL_US$_H.xlsx,PT_Import_Val_2020-21,14.0,2026-08-21T15:32:19.368860+00:00,1.0
2020-11-01,2020,2020-21,November,MS!,EXPORT,2777.09542854384,374.54596343121386,PPAC,1751964598_PT_IMPORT_VAL_RS.CRS._H.xlsx,PT_Import_Val_2020-21,28.0,1751964622_PT_IMPORT_VAL_US$_H.xlsx,PT_Import_Val_2020-21,28.0,2026-08-21T15:32:19.368860+00:00,1.0
2020-11-01,2020,2020-21,November,Naphtha,IMPORT,540.0515544,72.76381159744435,PPAC,1751964598_PT_IMPORT_VAL_RS.CRS._H.xlsx,PT_Import_Val_2020-21,15.0,1751964622_PT_IMPORT_VAL_US$_H.xlsx,PT_Import_Val_2020-21,15.0,2026-08-21T15:32:19.368860+00:00,1.0
2020-11-01,2020,2020-21,November,Naphtha$,EXPORT,1212.35633166873,163.659942591929,PPAC,1751964598_PT_IMPORT_VAL_RS.CRS._H.xlsx,PT_Import_Val_2020-21,29.0,1751964622_PT_IMPORT_VAL_US$_H.xlsx,PT_Import_Val_2020-21,29.0,2026-08-21T15:32:19.368860+00:00,1.0
2020-11-01,2020,2020-21,November,Others%,EXPORT,333.47897643832005,44.81527274249517,PPAC,1751964598_PT_IMPORT_VAL_RS.CRS._H.xlsx,PT_Import_Val_2020-21,38.0,1751964622_PT_IMPORT_VAL_US$_H.xlsx,PT_Import_Val_2020-21,38.0,2026-08-21T15:32:19.368860+00:00,1.0
2020-11-01,2020,2020-21,November,Others&,IMPORT,388.158773977088,52.29005216128317,PPAC,1751964598_PT_IMPORT_VAL_RS.CRS._H.xlsx,PT_Import_Val_2020-21,23.0,1751964622_PT_IMPORT_VAL_US$_H.xlsx,PT_Import_Val_2020-21,23.0,2026-08-21T15:32:19.368860+00:00,1.0
2020-11-01,2020,2020-21,November,Petcoke,IMPORT,495.5756451,66.77135280612451,PPAC,1751964598_PT_IMPORT_VAL_RS.CRS._H.xlsx,PT_Import_Val_2020-21,22.0,1751964622_PT_IMPORT_VAL_US$_H.xlsx,PT_Import_Val_2020-21,22.0,2026-08-21T15:32:19.368860+00:00,1.0
2020-11-01,2020,2020-21,November,Petcoke / CBFS,EXPORT,0.615487633,0.08379681865214432,PPAC,1751964598_PT_IMPORT_VAL_RS.CRS._H.xlsx,PT_Import_Val_2020-21,37.0,1751964622_PT_IMPORT_VAL_US$_H.xlsx,PT_Import_Val_2020-21,37.0,2026-08-21T15:32:19.368860+00:00,1.0
2020-11-01,2020,2020-21,November,SKO,EXPORT,5.5339283,0.7390395699786325,PPAC,1751964598_PT_IMPORT_VAL_RS.CRS._H.xlsx,PT_Import_Val_2020-21,31.0,1751964622_PT_IMPORT_VAL_US$_H.xlsx,PT_Import_Val_2020-21,31.0,2026-08-21T15:32:19.368860+00:00,1.0
2020-11-01,2020,2020-21,November,SKO,IMPORT,0.0183525,0.0024727229122148,PPAC,1751964598_PT_IMPORT_VAL_RS.CRS._H.xlsx,PT_Import_Val_2020-21,17.0,1751964622_PT_IMPORT_VAL_US$_H.xlsx,PT_Import_Val_2020-21,17.0,2026-08-21T15:32:19.368860+00:00,1.0
2020-12-01,2020,2020-21,December,ATF,IMPORT,0.0,0.0,PPAC,1751964598_PT_IMPORT_VAL_RS.CRS._H.xlsx,PT_Import_Val_2020-21,16.0,1751964622_PT_IMPORT_VAL_US$_H.xlsx,PT_Import_Val_2020-21,16.0,2026-08-21T15:32:19.368860+00:00,1.0
2020-12-01,2020,2020-21,December,ATF#,EXPORT,917.2579175828319,130.15671488380565,PPAC,1751964598_PT_IMPORT_VAL_RS.CRS._H.xlsx,PT_Import_Val_2020-21,30.0,1751964622_PT_IMPORT_VAL_US$_H.xlsx,PT_Import_Val_2020-21,30.0,2026-08-21T15:32:19.368860+00:00,1.0
2020-12-01,2020,2020-21,December,Bitumen,EXPORT,8.0361574,1.0936523407729994,PPAC,1751964598_PT_IMPORT_VAL_RS.CRS._H.xlsx,PT_Import_Val_2020-21,36.0,1751964622_PT_IMPORT_VAL_US$_H.xlsx,PT_Import_Val_2020-21,36.0,2026-08-21T15:32:19.368860+00:00,1.0
2020-12-01,2020,2020-21,December,Bitumen,IMPORT,464.9900679,63.183492572723715,PPAC,1751964598_PT_IMPORT_VAL_RS.CRS._H.xlsx,PT_Import_Val_2020-21,21.0,1751964622_PT_IMPORT_VAL_US$_H.xlsx,PT_Import_Val_2020-21,21.0,2026-08-21T15:32:19.368860+00:00,1.0
2020-12-01,2020,2020-21,December,CRUDE OIL,IMPORT,52165.863453700425,7097.1795033934495,PPAC,1751964598_PT_IMPORT_VAL_RS.CRS._H.xlsx,PT_Import_Val_2020-21,11.0,1751964622_PT_IMPORT_VAL_US$_H.xlsx,PT_Import_Val_2020-21,11.0,2026-08-21T15:32:19.368860+00:00,1.0
2020-12-01,2020,2020-21,December,Fuel Oil,EXPORT,113.39126780000001,15.45201984639608,PPAC,1751964598_PT_IMPORT_VAL_RS.CRS._H.xlsx,PT_Import_Val_2020-21,35.0,1751964622_PT_IMPORT_VAL_US$_H.xlsx,PT_Import_Val_2020-21,35.0,2026-08-21T15:32:19.368860+00:00,1.0
2020-12-01,2020,2020-21,December,Fuel Oil,IMPORT,1138.160132364475,154.9521999451442,PPAC,1751964598_PT_IMPORT_VAL_RS.CRS._H.xlsx,PT_Import_Val_2020-21,20.0,1751964622_PT_IMPORT_VAL_US$_H.xlsx,PT_Import_Val_2020-21,20.0,2026-08-21T15:32:19.368860+00:00,1.0
2020-12-01,2020,2020-21,December,HSD,EXPORT,7591.758638686319,1073.710180782662,PPAC,1751964598_PT_IMPORT_VAL_RS.CRS._H.xlsx,PT_Import_Val_2020-21,32.0,1751964622_PT_IMPORT_VAL_US$_H.xlsx,PT_Import_Val_2020-21,32.0,2026-08-21T15:32:19.368860+00:00,1.0
2020-12-01,2020,2020-21,December,HSD,IMPORT,797.0263859438626,108.83128756423913,PPAC,1751964598_PT_IMPORT_VAL_RS.CRS._H.xlsx,PT_Import_Val_2020-21,18.0,1751964622_PT_IMPORT_VAL_US$_H.xlsx,PT_Import_Val_2020-21,18.0,2026-08-21T15:32:19.368860+00:00,1.0
2020-12-01,2020,2020-21,December,LDO,EXPORT,0.0,0.0,PPAC,1751964598_PT_IMPORT_VAL_RS.CRS._H.xlsx,PT_Import_Val_2020-21,33.0,1751964622_PT_IMPORT_VAL_US$_H.xlsx,PT_Import_Val_2020-21,33.0,2026-08-21T15:32:19.368860+00:00,1.0
2020-12-01,2020,2020-21,December,LOBS/ Lube Oil,EXPORT,5.23,0.7117583015786608,PPAC,1751964598_PT_IMPORT_VAL_RS.CRS._H.xlsx,PT_Import_Val_2020-21,34.0,1751964622_PT_IMPORT_VAL_US$_H.xlsx,PT_Import_Val_2020-21,34.0,2026-08-21T15:32:19.368860+00:00,1.0
2020-12-01,2020,2020-21,December,LOBS/ Lube oil,IMPORT,1344.134791641525,182.60227119475155,PPAC,1751964598_PT_IMPORT_VAL_RS.CRS._H.xlsx,PT_Import_Val_2020-21,19.0,1751964622_PT_IMPORT_VAL_US$_H.xlsx,PT_Import_Val_2020-21,19.0,2026-08-21T15:32:19.368860+00:00,1.0
2020-12-01,2020,2020-21,December,LPG,EXPORT,170.7614646,23.044732064777328,PPAC,1751964598_PT_IMPORT_VAL_RS.CRS._H.xlsx,PT_Import_Val_2020-21,27.0,1751964622_PT_IMPORT_VAL_US$_H.xlsx,PT_Import_Val_2020-21,27.0,2026-08-21T15:32:19.368860+00:00,1.0
2020-12-01,2020,2020-21,December,LPG,IMPORT,5254.25697030769,712.8208807810461,PPAC,1751964598_PT_IMPORT_VAL_RS.CRS._H.xlsx,PT_Import_Val_2020-21,13.0,1751964622_PT_IMPORT_VAL_US$_H.xlsx,PT_Import_Val_2020-21,13.0,2026-08-21T15:32:19.368860+00:00,1.0
2020-12-01,2020,2020-21,December,MS,IMPORT,2016.7760473986834,275.4680481434637,PPAC,1751964598_PT_IMPORT_VAL_RS.CRS._H.xlsx,PT_Import_Val_2020-21,14.0,1751964622_PT_IMPORT_VAL_US$_H.xlsx,PT_Import_Val_2020-21,14.0,2026-08-21T15:32:19.368860+00:00,1.0
2020-12-01,2020,2020-21,December,MS!,EXPORT,3131.506699534024,438.0403273144881,PPAC,1751964598_PT_IMPORT_VAL_RS.CRS._H.xlsx,PT_Import_Val_2020-21,28.0,1751964622_PT_IMPORT_VAL_US$_H.xlsx,PT_Import_Val_2020-21,28.0,2026-08-21T15:32:19.368860+00:00,1.0
2020-12-01,2020,2020-21,December,Naphtha,IMPORT,272.7170998,37.05717614031654,PPAC,1751964598_PT_IMPORT_VAL_RS.CRS._H.xlsx,PT_Import_Val_2020-21,15.0,1751964622_PT_IMPORT_VAL_US$_H.xlsx,PT_Import_Val_2020-21,15.0,2026-08-21T15:32:19.368860+00:00,1.0
2020-12-01,2020,2020-21,December,Naphtha$,EXPORT,1846.2792666603623,254.38955737218402,PPAC,1751964598_PT_IMPORT_VAL_RS.CRS._H.xlsx,PT_Import_Val_2020-21,29.0,1751964622_PT_IMPORT_VAL_US$_H.xlsx,PT_Import_Val_2020-21,29.0,2026-08-21T15:32:19.368860+00:00,1.0
2020-12-01,2020,2020-21,December,Others%,EXPORT,298.95637884650006,40.52045182435141,PPAC,1751964598_PT_IMPORT_VAL_RS.CRS._H.xlsx,PT_Import_Val_2020-21,38.0,1751964622_PT_IMPORT_VAL_US$_H.xlsx,PT_Import_Val_2020-21,38.0,2026-08-21T15:32:19.368860+00:00,1.0
2020-12-01,2020,2020-21,December,Others&,IMPORT,494.1323029701984,67.1396659226496,PPAC,1751964598_PT_IMPORT_VAL_RS.CRS._H.xlsx,PT_Import_Val_2020-21,23.0,1751964622_PT_IMPORT_VAL_US$_H.xlsx,PT_Import_Val_2020-21,23.0,2026-08-21T15:32:19.368860+00:00,1.0
2020-12-01,2020,2020-21,December,Petcoke,IMPORT,500.87192909999993,68.0591694250587,PPAC,1751964598_PT_IMPORT_VAL_RS.CRS._H.xlsx,PT_Import_Val_2020-21,22.0,1751964622_PT_IMPORT_VAL_US$_H.xlsx,PT_Import_Val_2020-21,22.0,2026-08-21T15:32:19.368860+00:00,1.0
2020-12-01,2020,2020-21,December,Petcoke / CBFS,EXPORT,0.9901547539999999,0.13563763753424657,PPAC,1751964598_PT_IMPORT_VAL_RS.CRS._H.xlsx,PT_Import_Val_2020-21,37.0,1751964622_PT_IMPORT_VAL_US$_H.xlsx,PT_Import_Val_2020-21,37.0,2026-08-21T15:32:19.368860+00:00,1.0
2020-12-01,2020,2020-21,December,SKO,EXPORT,6.6919014,0.9030906072874495,PPAC,1751964598_PT_IMPORT_VAL_RS.CRS._H.xlsx,PT_Import_Val_2020-21,31.0,1751964622_PT_IMPORT_VAL_US$_H.xlsx,PT_Import_Val_2020-21,31.0,2026-08-21T15:32:19.368860+00:00,1.0
2020-12-01,2020,2020-21,December,SKO,IMPORT,0.0256935,0.0034912682624576048,PPAC,1751964598_PT_IMPORT_VAL_RS.CRS._H.xlsx,PT_Import_Val_2020-21,17.0,1751964622_PT_IMPORT_VAL_US$_H.xlsx,PT_Import_Val_2020-21,17.0,2026-08-21T15:32:19.368860+00:00,1.0
2021-01-01,2021,2020-21,January,ATF,IMPORT,0.0,0.0,PPAC,1751964598_PT_IMPORT_VAL_RS.CRS._H.xlsx,PT_Import_Val_2020-21,16.0,1751964622_PT_IMPORT_VAL_US$_H.xlsx,PT_Import_Val_2020-21,16.0,2026-08-21T15:32:19.368860+00:00,1.0
2021-01-01,2021,2020-21,January,ATF#,EXPORT,989.102628436,135.24579735006526,PPAC,1751964598_PT_IMPORT_VAL_RS.CRS._H.xlsx,PT_Import_Val_2020-21,30.0,1751964622_PT_IMPORT_VAL_US$_H.xlsx,PT_Import_Val_2020-21,30.0,2026-08-21T15:32:19.368860+00:00,1.0
2021-01-01,2021,2020-21,January,Bitumen,EXPORT,0.3243114,0.0445115838594565,PPAC,1751964598_PT_IMPORT_VAL_RS.CRS._H.xlsx,PT_Import_Val_2020-21,36.0,1751964622_PT_IMPORT_VAL_US$_H.xlsx,PT_Import_Val_2020-21,36.0,2026-08-21T15:32:19.368860+00:00,1.0
2021-01-01,2021,2020-21,January,Bitumen,IMPORT,670.9122065000001,91.76825503970763,PPAC,1751964598_PT_IMPORT_VAL_RS.CRS._H.xlsx,PT_Import_Val_2020-21,21.0,1751964622_PT_IMPORT_VAL_US$_H.xlsx,PT_Import_Val_2020-21,21.0,2026-08-21T15:32:19.368860+00:00,1.0
2021-01-01,2021,2020-21,January,CRUDE OIL,IMPORT,55990.92460245936,7660.108318207189,PPAC,1751964598_PT_IMPORT_VAL_RS.CRS._H.xlsx,PT_Import_Val_2020-21,11.0,1751964622_PT_IMPORT_VAL_US$_H.xlsx,PT_Import_Val_2020-21,11.0,2026-08-21T15:32:19.368860+00:00,1.0
2021-01-01,2021,2020-21,January,Fuel Oil,EXPORT,286.7138096,39.30638093759033,PPAC,1751964598_PT_IMPORT_VAL_RS.CRS._H.xlsx,PT_Import_Val_2020-21,35.0,1751964622_PT_IMPORT_VAL_US$_H.xlsx,PT_Import_Val_2020-21,35.0,2026-08-21T15:32:19.368860+00:00,1.0
2021-01-01,2021,2020-21,January,Fuel Oil,IMPORT,949.7354185474741,129.75766909875279,PPAC,1751964598_PT_IMPORT_VAL_RS.CRS._H.xlsx,PT_Import_Val_2020-21,20.0,1751964622_PT_IMPORT_VAL_US$_H.xlsx,PT_Import_Val_2020-21,20.0,2026-08-21T15:32:19.368860+00:00,1.0
2021-01-01,2021,2020-21,January,HSD,EXPORT,7555.988157683297,1033.3593468514966,PPAC,1751964598_PT_IMPORT_VAL_RS.CRS._H.xlsx,PT_Import_Val_2020-21,32.0,1751964622_PT_IMPORT_VAL_US$_H.xlsx,PT_Import_Val_2020-21,32.0,2026-08-21T15:32:19.368860+00:00,1.0
2021-01-01,2021,2020-21,January,HSD,IMPORT,242.4326350439409,33.24628975781272,PPAC,1751964598_PT_IMPORT_VAL_RS.CRS._H.xlsx,PT_Import_Val_2020-21,18.0,1751964622_PT_IMPORT_VAL_US$_H.xlsx,PT_Import_Val_2020-21,18.0,2026-08-21T15:32:19.368860+00:00,1.0
2021-01-01,2021,2020-21,January,LDO,EXPORT,0.0,0.0,PPAC,1751964598_PT_IMPORT_VAL_RS.CRS._H.xlsx,PT_Import_Val_2020-21,33.0,1751964622_PT_IMPORT_VAL_US$_H.xlsx,PT_Import_Val_2020-21,33.0,2026-08-21T15:32:19.368860+00:00,1.0
2021-01-01,2021,2020-21,January,LOBS/ Lube Oil,EXPORT,5.220000000000001,0.7164424924512764,PPAC,1751964598_PT_IMPORT_VAL_RS.CRS._H.xlsx,PT_Import_Val_2020-21,34.0,1751964622_PT_IMPORT_VAL_US$_H.xlsx,PT_Import_Val_2020-21,34.0,2026-08-21T15:32:19.368860+00:00,1.0
2021-01-01,2021,2020-21,January,LOBS/ Lube oil,IMPORT,1452.609064647561,198.61653448519698,PPAC,1751964598_PT_IMPORT_VAL_RS.CRS._H.xlsx,PT_Import_Val_2020-21,19.0,1751964622_PT_IMPORT_VAL_US$_H.xlsx,PT_Import_Val_2020-21,19.0,2026-08-21T15:32:19.368860+00:00,1.0
2021-01-01,2021,2020-21,January,LPG,EXPORT,195.8834326,26.643557208922743,PPAC,1751964598_PT_IMPORT_VAL_RS.CRS._H.xlsx,PT_Import_Val_2020-21,27.0,1751964622_PT_IMPORT_VAL_US$_H.xlsx,PT_Import_Val_2020-21,27.0,2026-08-21T15:32:19.368860+00:00,1.0
2021-01-01,2021,2020-21,January,LPG,IMPORT,5572.305055754067,761.2420694978007,PPAC,1751964598_PT_IMPORT_VAL_RS.CRS._H.xlsx,PT_Import_Val_2020-21,13.0,1751964622_PT_IMPORT_VAL_US$_H.xlsx,PT_Import_Val_2020-21,13.0,2026-08-21T15:32:19.368860+00:00,1.0
2021-01-01,2021,2020-21,January,MS,IMPORT,513.697026153834,70.4361497361761,PPAC,1751964598_PT_IMPORT_VAL_RS.CRS._H.xlsx,PT_Import_Val_2020-21,14.0,1751964622_PT_IMPORT_VAL_US$_H.xlsx,PT_Import_Val_2020-21,14.0,2026-08-21T15:32:19.368860+00:00,1.0
2021-01-01,2021,2020-21,January,MS!,EXPORT,3422.33662823184,468.161080715174,PPAC,1751964598_PT_IMPORT_VAL_RS.CRS._H.xlsx,PT_Import_Val_2020-21,28.0,1751964622_PT_IMPORT_VAL_US$_H.xlsx,PT_Import_Val_2020-21,28.0,2026-08-21T15:32:19.368860+00:00,1.0
2021-01-01,2021,2020-21,January,Naphtha,IMPORT,170.25713480000002,23.287995086815105,PPAC,1751964598_PT_IMPORT_VAL_RS.CRS._H.xlsx,PT_Import_Val_2020-21,15.0,1751964622_PT_IMPORT_VAL_US$_H.xlsx,PT_Import_Val_2020-21,15.0,2026-08-21T15:32:19.368860+00:00,1.0
2021-01-01,2021,2020-21,January,Naphtha$,EXPORT,2210.216055101492,302.337886673072,PPAC,1751964598_PT_IMPORT_VAL_RS.CRS._H.xlsx,PT_Import_Val_2020-21,29.0,1751964622_PT_IMPORT_VAL_US$_H.xlsx,PT_Import_Val_2020-21,29.0,2026-08-21T15:32:19.368860+00:00,1.0
2021-01-01,2021,2020-21,January,Others%,EXPORT,464.54155146467997,63.37137200490606,PPAC,1751964598_PT_IMPORT_VAL_RS.CRS._H.xlsx,PT_Import_Val_2020-21,38.0,1751964622_PT_IMPORT_VAL_US$_H.xlsx,PT_Import_Val_2020-21,38.0,2026-08-21T15:32:19.368860+00:00,1.0
2021-01-01,2021,2020-21,January,Others&,IMPORT,825.2841059684,112.87977682772298,PPAC,1751964598_PT_IMPORT_VAL_RS.CRS._H.xlsx,PT_Import_Val_2020-21,23.0,1751964622_PT_IMPORT_VAL_US$_H.xlsx,PT_Import_Val_2020-21,23.0,2026-08-21T15:32:19.368860+00:00,1.0
2021-01-01,2021,2020-21,January,Petcoke,IMPORT,307.32140499999997,42.03582644639403,PPAC,1751964598_PT_IMPORT_VAL_RS.CRS._H.xlsx,PT_Import_Val_2020-21,22.0,1751964622_PT_IMPORT_VAL_US$_H.xlsx,PT_Import_Val_2020-21,22.0,2026-08-21T15:32:19.368860+00:00,1.0
2021-01-01,2021,2020-21,January,Petcoke / CBFS,EXPORT,2.25427036,0.31179396403872756,PPAC,1751964598_PT_IMPORT_VAL_RS.CRS._H.xlsx,PT_Import_Val_2020-21,37.0,1751964622_PT_IMPORT_VAL_US$_H.xlsx,PT_Import_Val_2020-21,37.0,2026-08-21T15:32:19.368860+00:00,1.0
2021-01-01,2021,2020-21,January,SKO,EXPORT,6.7677022,0.9205253264417845,PPAC,1751964598_PT_IMPORT_VAL_RS.CRS._H.xlsx,PT_Import_Val_2020-21,31.0,1751964622_PT_IMPORT_VAL_US$_H.xlsx,PT_Import_Val_2020-21,31.0,2026-08-21T15:32:19.368860+00:00,1.0
2021-01-01,2021,2020-21,January,SKO,IMPORT,0.0,0.0,PPAC,1751964598_PT_IMPORT_VAL_RS.CRS._H.xlsx,PT_Import_Val_2020-21,17.0,1751964622_PT_IMPORT_VAL_US$_H.xlsx,PT_Import_Val_2020-21,17.0,2026-08-21T15:32:19.368860+00:00,1.0
2021-02-01,2021,2020-21,February,ATF,IMPORT,0.0020701,0.0002845244067540357,PPAC,1751964598_PT_IMPORT_VAL_RS.CRS._H.xlsx,PT_Import_Val_2020-21,16.0,1751964622_PT_IMPORT_VAL_US$_H.xlsx,PT_Import_Val_2020-21,16.0,2026-08-21T15:32:19.368860+00:00,1.0
2021-02-01,2021,2020-21,February,ATF#,EXPORT,1581.758552644,217.45803727435293,PPAC,1751964598_PT_IMPORT_VAL_RS.CRS._H.xlsx,PT_Import_Val_2020-21,30.0,1751964622_PT_IMPORT_VAL_US$_H.xlsx,PT_Import_Val_2020-21,30.0,2026-08-21T15:32:19.368860+00:00,1.0
2021-02-01,2021,2020-21,February,Bitumen,EXPORT,0.1052075,0.014294497282608697,PPAC,1751964598_PT_IMPORT_VAL_RS.CRS._H.xlsx,PT_Import_Val_2020-21,36.0,1751964622_PT_IMPORT_VAL_US$_H.xlsx,PT_Import_Val_2020-21,36.0,2026-08-21T15:32:19.368860+00:00,1.0
2021-02-01,2021,2020-21,February,Bitumen,IMPORT,697.81682327188,95.88054773550596,PPAC,1751964598_PT_IMPORT_VAL_RS.CRS._H.xlsx,PT_Import_Val_2020-21,21.0,1751964622_PT_IMPORT_VAL_US$_H.xlsx,PT_Import_Val_2020-21,21.0,2026-08-21T15:32:19.368860+00:00,1.0
2021-02-01,2021,2020-21,February,CRUDE OIL,IMPORT,48033.5588921318,6582.968612823589,PPAC,1751964598_PT_IMPORT_VAL_RS.CRS._H.xlsx,PT_Import_Val_2020-21,11.0,1751964622_PT_IMPORT_VAL_US$_H.xlsx,PT_Import_Val_2020-21,11.0,2026-08-21T15:32:19.368860+00:00,1.0
2021-02-01,2021,2020-21,February,Fuel Oil,EXPORT,235.76860700000003,32.47564939812335,PPAC,1751964598_PT_IMPORT_VAL_RS.CRS._H.xlsx,PT_Import_Val_2020-21,35.0,1751964622_PT_IMPORT_VAL_US$_H.xlsx,PT_Import_Val_2020-21,35.0,2026-08-21T15:32:19.368860+00:00,1.0
2021-02-01,2021,2020-21,February,Fuel Oil,IMPORT,2109.5523972849037,289.37184201668157,PPAC,1751964598_PT_IMPORT_VAL_RS.CRS._H.xlsx,PT_Import_Val_2020-21,20.0,1751964622_PT_IMPORT_VAL_US$_H.xlsx,PT_Import_Val_2020-21,20.0,2026-08-21T15:32:19.368860+00:00,1.0
2021-02-01,2021,2020-21,February,HSD,EXPORT,7727.068351880152,1060.992194526003,PPAC,1751964598_PT_IMPORT_VAL_RS.CRS._H.xlsx,PT_Import_Val_2020-21,32.0,1751964622_PT_IMPORT_VAL_US$_H.xlsx,PT_Import_Val_2020-21,32.0,2026-08-21T15:32:19.368860+00:00,1.0
2021-02-01,2021,2020-21,February,HSD,IMPORT,67.2374939,9.241441506944398,PPAC,1751964598_PT_IMPORT_VAL_RS.CRS._H.xlsx,PT_Import_Val_2020-21,18.0,1751964622_PT_IMPORT_VAL_US$_H.xlsx,PT_Import_Val_2020-21,18.0,2026-08-21T15:32:19.368860+00:00,1.0
2021-02-01,2021,2020-21,February,LDO,EXPORT,0.0,0.0,PPAC,1751964598_PT_IMPORT_VAL_RS.CRS._H.xlsx,PT_Import_Val_2020-21,33.0,1751964622_PT_IMPORT_VAL_US$_H.xlsx,PT_Import_Val_2020-21,33.0,2026-08-21T15:32:19.368860+00:00,1.0
2021-02-01,2021,2020-21,February,LOBS/ Lube Oil,EXPORT,7.36,1.0,PPAC,1751964598_PT_IMPORT_VAL_RS.CRS._H.xlsx,PT_Import_Val_2020-21,34.0,1751964622_PT_IMPORT_VAL_US$_H.xlsx,PT_Import_Val_2020-21,34.0,2026-08-21T15:32:19.368860+00:00,1.0
2021-02-01,2021,2020-21,February,LOBS/ Lube oil,IMPORT,1385.095677962381,190.35498974907526,PPAC,1751964598_PT_IMPORT_VAL_RS.CRS._H.xlsx,PT_Import_Val_2020-21,19.0,1751964622_PT_IMPORT_VAL_US$_H.xlsx,PT_Import_Val_2020-21,19.0,2026-08-21T15:32:19.368860+00:00,1.0
2021-02-01,2021,2020-21,February,LPG,EXPORT,207.2172376,28.258180499113596,PPAC,1751964598_PT_IMPORT_VAL_RS.CRS._H.xlsx,PT_Import_Val_2020-21,27.0,1751964622_PT_IMPORT_VAL_US$_H.xlsx,PT_Import_Val_2020-21,27.0,2026-08-21T15:32:19.368860+00:00,1.0
2021-02-01,2021,2020-21,February,LPG,IMPORT,6807.572575191677,931.441632593948,PPAC,1751964598_PT_IMPORT_VAL_RS.CRS._H.xlsx,PT_Import_Val_2020-21,13.0,1751964622_PT_IMPORT_VAL_US$_H.xlsx,PT_Import_Val_2020-21,13.0,2026-08-21T15:32:19.368860+00:00,1.0
2021-02-01,2021,2020-21,February,MS,IMPORT,357.413542793392,49.218529064456916,PPAC,1751964598_PT_IMPORT_VAL_RS.CRS._H.xlsx,PT_Import_Val_2020-21,14.0,1751964622_PT_IMPORT_VAL_US$_H.xlsx,PT_Import_Val_2020-21,14.0,2026-08-21T15:32:19.368860+00:00,1.0
2021-02-01,2021,2020-21,February,MS!,EXPORT,3935.553848056,541.0514995280389,PPAC,1751964598_PT_IMPORT_VAL_RS.CRS._H.xlsx,PT_Import_Val_2020-21,28.0,1751964622_PT_IMPORT_VAL_US$_H.xlsx,PT_Import_Val_2020-21,28.0,2026-08-21T15:32:19.368860+00:00,1.0
2021-02-01,2021,2020-21,February,Naphtha,IMPORT,425.8315119,58.52831182093696,PPAC,1751964598_PT_IMPORT_VAL_RS.CRS._H.xlsx,PT_Import_Val_2020-21,15.0,1751964622_PT_IMPORT_VAL_US$_H.xlsx,PT_Import_Val_2020-21,15.0,2026-08-21T15:32:19.368860+00:00,1.0
2021-02-01,2021,2020-21,February,Naphtha$,EXPORT,2282.7482927700735,312.235512962032,PPAC,1751964598_PT_IMPORT_VAL_RS.CRS._H.xlsx,PT_Import_Val_2020-21,29.0,1751964622_PT_IMPORT_VAL_US$_H.xlsx,PT_Import_Val_2020-21,29.0,2026-08-21T15:32:19.368860+00:00,1.0
2021-02-01,2021,2020-21,February,Others%,EXPORT,331.86515404842,45.529167696224874,PPAC,1751964598_PT_IMPORT_VAL_RS.CRS._H.xlsx,PT_Import_Val_2020-21,38.0,1751964622_PT_IMPORT_VAL_US$_H.xlsx,PT_Import_Val_2020-21,38.0,2026-08-21T15:32:19.368860+00:00,1.0
2021-02-01,2021,2020-21,February,Others&,IMPORT,931.2518110528235,127.9920042321165,PPAC,1751964598_PT_IMPORT_VAL_RS.CRS._H.xlsx,PT_Import_Val_2020-21,23.0,1751964622_PT_IMPORT_VAL_US$_H.xlsx,PT_Import_Val_2020-21,23.0,2026-08-21T15:32:19.368860+00:00,1.0
2021-02-01,2021,2020-21,February,Petcoke,IMPORT,150.2582668,20.652212077271447,PPAC,1751964598_PT_IMPORT_VAL_RS.CRS._H.xlsx,PT_Import_Val_2020-21,22.0,1751964622_PT_IMPORT_VAL_US$_H.xlsx,PT_Import_Val_2020-21,22.0,2026-08-21T15:32:19.368860+00:00,1.0
2021-02-01,2021,2020-21,February,Petcoke / CBFS,EXPORT,2.4003686849999997,0.33292214771151174,PPAC,1751964598_PT_IMPORT_VAL_RS.CRS._H.xlsx,PT_Import_Val_2020-21,37.0,1751964622_PT_IMPORT_VAL_US$_H.xlsx,PT_Import_Val_2020-21,37.0,2026-08-21T15:32:19.368860+00:00,1.0
2021-02-01,2021,2020-21,February,SKO,EXPORT,5.432813,0.7408718123551071,PPAC,1751964598_PT_IMPORT_VAL_RS.CRS._H.xlsx,PT_Import_Val_2020-21,31.0,1751964622_PT_IMPORT_VAL_US$_H.xlsx,PT_Import_Val_2020-21,31.0,2026-08-21T15:32:19.368860+00:00,1.0
2021-02-01,2021,2020-21,February,SKO,IMPORT,0.0,0.0,PPAC,1751964598_PT_IMPORT_VAL_RS.CRS._H.xlsx,PT_Import_Val_2020-21,17.0,1751964622_PT_IMPORT_VAL_US$_H.xlsx,PT_Import_Val_2020-21,17.0,2026-08-21T15:32:19.368860+00:00,1.0
2021-03-01,2021,2020-21,March,ATF,IMPORT,0.0,0.0,PPAC,1751964598_PT_IMPORT_VAL_RS.CRS._H.xlsx,PT_Import_Val_2020-21,16.0,1751964622_PT_IMPORT_VAL_US$_H.xlsx,PT_Import_Val_2020-21,16.0,2026-08-21T15:32:19.368860+00:00,1.0
2021-03-01,2021,2020-21,March,ATF#,EXPORT,1521.1674765816956,214.8406270511535,PPAC,1751964598_PT_IMPORT_VAL_RS.CRS._H.xlsx,PT_Import_Val_2020-21,30.0,1751964622_PT_IMPORT_VAL_US$_H.xlsx,PT_Import_Val_2020-21,30.0,2026-08-21T15:32:19.368860+00:00,1.0
2021-03-01,2021,2020-21,March,Bitumen,EXPORT,1.9467151,0.26116381808425004,PPAC,1751964598_PT_IMPORT_VAL_RS.CRS._H.xlsx,PT_Import_Val_2020-21,36.0,1751964622_PT_IMPORT_VAL_US$_H.xlsx,PT_Import_Val_2020-21,36.0,2026-08-21T15:32:19.368860+00:00,1.0
2021-03-01,2021,2020-21,March,Bitumen,IMPORT,712.2257095766101,97.71430457210396,PPAC,1751964598_PT_IMPORT_VAL_RS.CRS._H.xlsx,PT_Import_Val_2020-21,21.0,1751964622_PT_IMPORT_VAL_US$_H.xlsx,PT_Import_Val_2020-21,21.0,2026-08-21T15:32:19.368860+00:00,1.0
2021-03-01,2021,2020-21,March,CRUDE OIL,IMPORT,61518.69228410724,8431.209362785015,PPAC,1751964598_PT_IMPORT_VAL_RS.CRS._H.xlsx,PT_Import_Val_2020-21,11.0,1751964622_PT_IMPORT_VAL_US$_H.xlsx,PT_Import_Val_2020-21,11.0,2026-08-21T15:32:19.368860+00:00,1.0
2021-03-01,2021,2020-21,March,Fuel Oil,EXPORT,658.8808814,89.57647853837231,PPAC,1751964598_PT_IMPORT_VAL_RS.CRS._H.xlsx,PT_Import_Val_2020-21,35.0,1751964622_PT_IMPORT_VAL_US$_H.xlsx,PT_Import_Val_2020-21,35.0,2026-08-21T15:32:19.368860+00:00,1.0
2021-03-01,2021,2020-21,March,Fuel Oil,IMPORT,3171.5482803821787,435.48832869701505,PPAC,1751964598_PT_IMPORT_VAL_RS.CRS._H.xlsx,PT_Import_Val_2020-21,20.0,1751964622_PT_IMPORT_VAL_US$_H.xlsx,PT_Import_Val_2020-21,20.0,2026-08-21T15:32:19.368860+00:00,1.0
2021-03-01,2021,2020-21,March,HSD,EXPORT,11403.864568672729,1588.862013382575,PPAC,1751964598_PT_IMPORT_VAL_RS.CRS._H.xlsx,PT_Import_Val_2020-21,32.0,1751964622_PT_IMPORT_VAL_US$_H.xlsx,PT_Import_Val_2020-21,32.0,2026-08-21T15:32:19.368860+00:00,1.0
2021-03-01,2021,2020-21,March,HSD,IMPORT,36.623313100000004,5.031172464859162,PPAC,1751964598_PT_IMPORT_VAL_RS.CRS._H.xlsx,PT_Import_Val_2020-21,18.0,1751964622_PT_IMPORT_VAL_US$_H.xlsx,PT_Import_Val_2020-21,18.0,2026-08-21T15:32:19.368860+00:00,1.0
2021-03-01,2021,2020-21,March,LDO,EXPORT,0.0,0.0,PPAC,1751964598_PT_IMPORT_VAL_RS.CRS._H.xlsx,PT_Import_Val_2020-21,33.0,1751964622_PT_IMPORT_VAL_US$_H.xlsx,PT_Import_Val_2020-21,33.0,2026-08-21T15:32:19.368860+00:00,1.0
2021-03-01,2021,2020-21,March,LOBS/ Lube Oil,EXPORT,10.15,1.3616850013415616,PPAC,1751964598_PT_IMPORT_VAL_RS.CRS._H.xlsx,PT_Import_Val_2020-21,34.0,1751964622_PT_IMPORT_VAL_US$_H.xlsx,PT_Import_Val_2020-21,34.0,2026-08-21T15:32:19.368860+00:00,1.0
2021-03-01,2021,2020-21,March,LOBS/ Lube oil,IMPORT,1346.7315984108504,184.87708437708523,PPAC,1751964598_PT_IMPORT_VAL_RS.CRS._H.xlsx,PT_Import_Val_2020-21,19.0,1751964622_PT_IMPORT_VAL_US$_H.xlsx,PT_Import_Val_2020-21,19.0,2026-08-21T15:32:19.368860+00:00,1.0
2021-03-01,2021,2020-21,March,LPG,EXPORT,255.0219082,34.36489801913489,PPAC,1751964598_PT_IMPORT_VAL_RS.CRS._H.xlsx,PT_Import_Val_2020-21,27.0,1751964622_PT_IMPORT_VAL_US$_H.xlsx,PT_Import_Val_2020-21,27.0,2026-08-21T15:32:19.368860+00:00,1.0
2021-03-01,2021,2020-21,March,LPG,IMPORT,6256.247024476412,846.905578812003,PPAC,1751964598_PT_IMPORT_VAL_RS.CRS._H.xlsx,PT_Import_Val_2020-21,13.0,1751964622_PT_IMPORT_VAL_US$_H.xlsx,PT_Import_Val_2020-21,13.0,2026-08-21T15:32:19.368860+00:00,1.0
2021-03-01,2021,2020-21,March,MS,IMPORT,630.9525388439483,85.29690310372851,PPAC,1751964598_PT_IMPORT_VAL_RS.CRS._H.xlsx,PT_Import_Val_2020-21,14.0,1751964622_PT_IMPORT_VAL_US$_H.xlsx,PT_Import_Val_2020-21,14.0,2026-08-21T15:32:19.368860+00:00,1.0
2021-03-01,2021,2020-21,March,MS!,EXPORT,5890.539578951062,812.9687666574448,PPAC,1751964598_PT_IMPORT_VAL_RS.CRS._H.xlsx,PT_Import_Val_2020-21,28.0,1751964622_PT_IMPORT_VAL_US$_H.xlsx,PT_Import_Val_2020-21,28.0,2026-08-21T15:32:19.368860+00:00,1.0
2021-03-01,2021,2020-21,March,Naphtha,IMPORT,149.4064343,20.524891788748338,PPAC,1751964598_PT_IMPORT_VAL_RS.CRS._H.xlsx,PT_Import_Val_2020-21,15.0,1751964622_PT_IMPORT_VAL_US$_H.xlsx,PT_Import_Val_2020-21,15.0,2026-08-21T15:32:19.368860+00:00,1.0
2021-03-01,2021,2020-21,March,Naphtha$,EXPORT,3452.7649996716973,471.00006832088496,PPAC,1751964598_PT_IMPORT_VAL_RS.CRS._H.xlsx,PT_Import_Val_2020-21,29.0,1751964622_PT_IMPORT_VAL_US$_H.xlsx,PT_Import_Val_2020-21,29.0,2026-08-21T15:32:19.368860+00:00,1.0
2021-03-01,2021,2020-21,March,Others%,EXPORT,1051.94552096509,143.58998280678225,PPAC,1751964598_PT_IMPORT_VAL_RS.CRS._H.xlsx,PT_Import_Val_2020-21,38.0,1751964622_PT_IMPORT_VAL_US$_H.xlsx,PT_Import_Val_2020-21,38.0,2026-08-21T15:32:19.368860+00:00,1.0
2021-03-01,2021,2020-21,March,Others&,IMPORT,944.723805760327,129.75041437372835,PPAC,1751964598_PT_IMPORT_VAL_RS.CRS._H.xlsx,PT_Import_Val_2020-21,23.0,1751964622_PT_IMPORT_VAL_US$_H.xlsx,PT_Import_Val_2020-21,23.0,2026-08-21T15:32:19.368860+00:00,1.0
2021-03-01,2021,2020-21,March,Petcoke,IMPORT,703.6212987,96.66083715697157,PPAC,1751964598_PT_IMPORT_VAL_RS.CRS._H.xlsx,PT_Import_Val_2020-21,22.0,1751964622_PT_IMPORT_VAL_US$_H.xlsx,PT_Import_Val_2020-21,22.0,2026-08-21T15:32:19.368860+00:00,1.0
2021-03-01,2021,2020-21,March,Petcoke / CBFS,EXPORT,0.7533307,0.104339,PPAC,1751964598_PT_IMPORT_VAL_RS.CRS._H.xlsx,PT_Import_Val_2020-21,37.0,1751964622_PT_IMPORT_VAL_US$_H.xlsx,PT_Import_Val_2020-21,37.0,2026-08-21T15:32:19.368860+00:00,1.0
2021-03-01,2021,2020-21,March,SKO,EXPORT,7.4026479,0.9975270044468401,PPAC,1751964598_PT_IMPORT_VAL_RS.CRS._H.xlsx,PT_Import_Val_2020-21,31.0,1751964622_PT_IMPORT_VAL_US$_H.xlsx,PT_Import_Val_2020-21,31.0,2026-08-21T15:32:19.368860+00:00,1.0
2021-03-01,2021,2020-21,March,SKO,IMPORT,0.0018431,0.0002531981184952358,PPAC,1751964598_PT_IMPORT_VAL_RS.CRS._H.xlsx,PT_Import_Val_2020-21,17.0,1751964622_PT_IMPORT_VAL_US$_H.xlsx,PT_Import_Val_2020-21,17.0,2026-08-21T15:32:19.368860+00:00,1.0
2021-04-01,2021,2021-22,April,ATF,IMPORT,0.0,0.0,PPAC,1751964598_PT_IMPORT_VAL_RS.CRS._H.xlsx,PT_Import_Val_2021-22,16.0,1751964622_PT_IMPORT_VAL_US$_H.xlsx,PT_Import_Val_2021-22,16.0,2026-08-21T15:32:19.354002+00:00,1.0
2021-04-01,2021,2021-22,April,ATF#,EXPORT,1054.046287482,140.64305642054055,PPAC,1751964598_PT_IMPORT_VAL_RS.CRS._H.xlsx,PT_Import_Val_2021-22,30.0,1751964622_PT_IMPORT_VAL_US$_H.xlsx,PT_Import_Val_2021-22,30.0,2026-08-21T15:32:19.354002+00:00,1.0
2021-04-01,2021,2021-22,April,Bitumen,EXPORT,0.7120126,0.09715003411106561,PPAC,1751964598_PT_IMPORT_VAL_RS.CRS._H.xlsx,PT_Import_Val_2021-22,36.0,1751964622_PT_IMPORT_VAL_US$_H.xlsx,PT_Import_Val_2021-22,36.0,2026-08-21T15:32:19.354002+00:00,1.0
2021-04-01,2021,2021-22,April,Bitumen,IMPORT,844.6062986740001,113.42622700999999,PPAC,1751964598_PT_IMPORT_VAL_RS.CRS._H.xlsx,PT_Import_Val_2021-22,21.0,1751964622_PT_IMPORT_VAL_US$_H.xlsx,PT_Import_Val_2021-22,21.0,2026-08-21T15:32:19.354002+00:00,1.0
2021-04-01,2021,2021-22,April,CRUDE OIL,IMPORT,63309.49862274987,8555.124305166928,PPAC,1751964598_PT_IMPORT_VAL_RS.CRS._H.xlsx,PT_Import_Val_2021-22,11.0,1751964622_PT_IMPORT_VAL_US$_H.xlsx,PT_Import_Val_2021-22,11.0,2026-08-21T15:32:19.354002+00:00,1.0
2021-04-01,2021,2021-22,April,Fuel Oil,EXPORT,287.78608955799996,38.86,PPAC,1751964598_PT_IMPORT_VAL_RS.CRS._H.xlsx,PT_Import_Val_2021-22,35.0,1751964622_PT_IMPORT_VAL_US$_H.xlsx,PT_Import_Val_2021-22,35.0,2026-08-21T15:32:19.354002+00:00,1.0
2021-04-01,2021,2021-22,April,Fuel Oil,IMPORT,2288.4191319281085,308.45352584787724,PPAC,1751964598_PT_IMPORT_VAL_RS.CRS._H.xlsx,PT_Import_Val_2021-22,20.0,1751964622_PT_IMPORT_VAL_US$_H.xlsx,PT_Import_Val_2021-22,20.0,2026-08-21T15:32:19.354002+00:00,1.0
2021-04-01,2021,2021-22,April,HSD,EXPORT,7212.999099310061,967.5123552939045,PPAC,1751964598_PT_IMPORT_VAL_RS.CRS._H.xlsx,PT_Import_Val_2021-22,32.0,1751964622_PT_IMPORT_VAL_US$_H.xlsx,PT_Import_Val_2021-22,32.0,2026-08-21T15:32:19.354002+00:00,1.0
2021-04-01,2021,2021-22,April,HSD,IMPORT,10.8569897,1.4578000000000002,PPAC,1751964598_PT_IMPORT_VAL_RS.CRS._H.xlsx,PT_Import_Val_2021-22,18.0,1751964622_PT_IMPORT_VAL_US$_H.xlsx,PT_Import_Val_2021-22,18.0,2026-08-21T15:32:19.354002+00:00,1.0
2021-04-01,2021,2021-22,April,LDO,EXPORT,0.0,0.0,PPAC,1751964598_PT_IMPORT_VAL_RS.CRS._H.xlsx,PT_Import_Val_2021-22,33.0,1751964622_PT_IMPORT_VAL_US$_H.xlsx,PT_Import_Val_2021-22,33.0,2026-08-21T15:32:19.354002+00:00,1.0
2021-04-01,2021,2021-22,April,LOBS/ Lube Oil,EXPORT,3.33,0.4543593941874744,PPAC,1751964598_PT_IMPORT_VAL_RS.CRS._H.xlsx,PT_Import_Val_2021-22,34.0,1751964622_PT_IMPORT_VAL_US$_H.xlsx,PT_Import_Val_2021-22,34.0,2026-08-21T15:32:19.354002+00:00,1.0
2021-04-01,2021,2021-22,April,LOBS/ Lube oil,IMPORT,1866.1582330269998,250.628523855,PPAC,1751964598_PT_IMPORT_VAL_RS.CRS._H.xlsx,PT_Import_Val_2021-22,19.0,1751964622_PT_IMPORT_VAL_US$_H.xlsx,PT_Import_Val_2021-22,19.0,2026-08-21T15:32:19.354002+00:00,1.0
2021-04-01,2021,2021-22,April,LPG,EXPORT,232.1362244,31.36976005405405,PPAC,1751964598_PT_IMPORT_VAL_RS.CRS._H.xlsx,PT_Import_Val_2021-22,27.0,1751964622_PT_IMPORT_VAL_US$_H.xlsx,PT_Import_Val_2021-22,27.0,2026-08-21T15:32:19.354002+00:00,1.0
2021-04-01,2021,2021-22,April,LPG,IMPORT,4331.080504553582,585.4628479056299,PPAC,1751964598_PT_IMPORT_VAL_RS.CRS._H.xlsx,PT_Import_Val_2021-22,13.0,1751964622_PT_IMPORT_VAL_US$_H.xlsx,PT_Import_Val_2021-22,13.0,2026-08-21T15:32:19.354002+00:00,1.0
2021-04-01,2021,2021-22,April,MS,IMPORT,349.4550366345606,47.231402943999996,PPAC,1751964598_PT_IMPORT_VAL_RS.CRS._H.xlsx,PT_Import_Val_2021-22,14.0,1751964622_PT_IMPORT_VAL_US$_H.xlsx,PT_Import_Val_2021-22,14.0,2026-08-21T15:32:19.354002+00:00,1.0
2021-04-01,2021,2021-22,April,MS!,EXPORT,4405.4636600250005,590.5635548761556,PPAC,1751964598_PT_IMPORT_VAL_RS.CRS._H.xlsx,PT_Import_Val_2021-22,28.0,1751964622_PT_IMPORT_VAL_US$_H.xlsx,PT_Import_Val_2021-22,28.0,2026-08-21T15:32:19.354002+00:00,1.0
2021-04-01,2021,2021-22,April,Naphtha,IMPORT,169.3745448352459,22.7494253882057,PPAC,1751964598_PT_IMPORT_VAL_RS.CRS._H.xlsx,PT_Import_Val_2021-22,15.0,1751964622_PT_IMPORT_VAL_US$_H.xlsx,PT_Import_Val_2021-22,15.0,2026-08-21T15:32:19.354002+00:00,1.0
2021-04-01,2021,2021-22,April,Naphtha$,EXPORT,1936.3570467834807,260.819477748275,PPAC,1751964598_PT_IMPORT_VAL_RS.CRS._H.xlsx,PT_Import_Val_2021-22,29.0,1751964622_PT_IMPORT_VAL_US$_H.xlsx,PT_Import_Val_2021-22,29.0,2026-08-21T15:32:19.354002+00:00,1.0
2021-04-01,2021,2021-22,April,Others%,EXPORT,1006.2859617869999,135.923058825024,PPAC,1751964598_PT_IMPORT_VAL_RS.CRS._H.xlsx,PT_Import_Val_2021-22,38.0,1751964622_PT_IMPORT_VAL_US$_H.xlsx,PT_Import_Val_2021-22,38.0,2026-08-21T15:32:19.354002+00:00,1.0
2021-04-01,2021,2021-22,April,Others&,IMPORT,975.8300584874012,130.98582683812003,PPAC,1751964598_PT_IMPORT_VAL_RS.CRS._H.xlsx,PT_Import_Val_2021-22,23.0,1751964622_PT_IMPORT_VAL_US$_H.xlsx,PT_Import_Val_2021-22,23.0,2026-08-21T15:32:19.354002+00:00,1.0
2021-04-01,2021,2021-22,April,Petcoke,IMPORT,62.3657357,8.3744,PPAC,1751964598_PT_IMPORT_VAL_RS.CRS._H.xlsx,PT_Import_Val_2021-22,22.0,1751964622_PT_IMPORT_VAL_US$_H.xlsx,PT_Import_Val_2021-22,22.0,2026-08-21T15:32:19.354002+00:00,1.0
2021-04-01,2021,2021-22,April,Petcoke / CBFS,EXPORT,2.5674964,0.354382,PPAC,1751964598_PT_IMPORT_VAL_RS.CRS._H.xlsx,PT_Import_Val_2021-22,37.0,1751964622_PT_IMPORT_VAL_US$_H.xlsx,PT_Import_Val_2021-22,37.0,2026-08-21T15:32:19.354002+00:00,1.0
2021-04-01,2021,2021-22,April,SKO,EXPORT,6.0118874,0.8124172162162162,PPAC,1751964598_PT_IMPORT_VAL_RS.CRS._H.xlsx,PT_Import_Val_2021-22,31.0,1751964622_PT_IMPORT_VAL_US$_H.xlsx,PT_Import_Val_2021-22,31.0,2026-08-21T15:32:19.354002+00:00,1.0
2021-04-01,2021,2021-22,April,SKO,IMPORT,0.0,0.0,PPAC,1751964598_PT_IMPORT_VAL_RS.CRS._H.xlsx,PT_Import_Val_2021-22,17.0,1751964622_PT_IMPORT_VAL_US$_H.xlsx,PT_Import_Val_2021-22,17.0,2026-08-21T15:32:19.354002+00:00,1.0
2021-05-01,2021,2021-22,May,ATF,IMPORT,0.0,0.0,PPAC,1751964598_PT_IMPORT_VAL_RS.CRS._H.xlsx,PT_Import_Val_2021-22,16.0,1751964622_PT_IMPORT_VAL_US$_H.xlsx,PT_Import_Val_2021-22,16.0,2026-08-21T15:32:19.354002+00:00,1.0
2021-05-01,2021,2021-22,May,ATF#,EXPORT,1700.809281238,232.4171533547083,PPAC,1751964598_PT_IMPORT_VAL_RS.CRS._H.xlsx,PT_Import_Val_2021-22,30.0,1751964622_PT_IMPORT_VAL_US$_H.xlsx,PT_Import_Val_2021-22,30.0,2026-08-21T15:32:19.354002+00:00,1.0
2021-05-01,2021,2021-22,May,Bitumen,EXPORT,0.0,0.0,PPAC,1751964598_PT_IMPORT_VAL_RS.CRS._H.xlsx,PT_Import_Val_2021-22,36.0,1751964622_PT_IMPORT_VAL_US$_H.xlsx,PT_Import_Val_2021-22,36.0,2026-08-21T15:32:19.354002+00:00,1.0
2021-05-01,2021,2021-22,May,Bitumen,IMPORT,680.3293508999999,92.8553,PPAC,1751964598_PT_IMPORT_VAL_RS.CRS._H.xlsx,PT_Import_Val_2021-22,21.0,1751964622_PT_IMPORT_VAL_US$_H.xlsx,PT_Import_Val_2021-22,21.0,2026-08-21T15:32:19.354002+00:00,1.0
2021-05-01,2021,2021-22,May,CRUDE OIL,IMPORT,60800.38348158721,8262.459133435845,PPAC,1751964598_PT_IMPORT_VAL_RS.CRS._H.xlsx,PT_Import_Val_2021-22,11.0,1751964622_PT_IMPORT_VAL_US$_H.xlsx,PT_Import_Val_2021-22,11.0,2026-08-21T15:32:19.354002+00:00,1.0
2021-05-01,2021,2021-22,May,Fuel Oil,EXPORT,774.174632162,104.39220815759,PPAC,1751964598_PT_IMPORT_VAL_RS.CRS._H.xlsx,PT_Import_Val_2021-22,35.0,1751964622_PT_IMPORT_VAL_US$_H.xlsx,PT_Import_Val_2021-22,35.0,2026-08-21T15:32:19.354002+00:00,1.0
2021-05-01,2021,2021-22,May,Fuel Oil,IMPORT,1770.472859400174,238.2146066625,PPAC,1751964598_PT_IMPORT_VAL_RS.CRS._H.xlsx,PT_Import_Val_2021-22,20.0,1751964622_PT_IMPORT_VAL_US$_H.xlsx,PT_Import_Val_2021-22,20.0,2026-08-21T15:32:19.354002+00:00,1.0
2021-05-01,2021,2021-22,May,HSD,EXPORT,11833.966427543517,1616.330930631216,PPAC,1751964598_PT_IMPORT_VAL_RS.CRS._H.xlsx,PT_Import_Val_2021-22,32.0,1751964622_PT_IMPORT_VAL_US$_H.xlsx,PT_Import_Val_2021-22,32.0,2026-08-21T15:32:19.354002+00:00,1.0
2021-05-01,2021,2021-22,May,HSD,IMPORT,19.542610300000003,2.6672,PPAC,1751964598_PT_IMPORT_VAL_RS.CRS._H.xlsx,PT_Import_Val_2021-22,18.0,1751964622_PT_IMPORT_VAL_US$_H.xlsx,PT_Import_Val_2021-22,18.0,2026-08-21T15:32:19.354002+00:00,1.0
2021-05-01,2021,2021-22,May,LDO,EXPORT,0.0,0.0,PPAC,1751964598_PT_IMPORT_VAL_RS.CRS._H.xlsx,PT_Import_Val_2021-22,33.0,1751964622_PT_IMPORT_VAL_US$_H.xlsx,PT_Import_Val_2021-22,33.0,2026-08-21T15:32:19.354002+00:00,1.0
2021-05-01,2021,2021-22,May,LOBS/ Lube Oil,EXPORT,0.79,0.10823400465817236,PPAC,1751964598_PT_IMPORT_VAL_RS.CRS._H.xlsx,PT_Import_Val_2021-22,34.0,1751964622_PT_IMPORT_VAL_US$_H.xlsx,PT_Import_Val_2021-22,34.0,2026-08-21T15:32:19.354002+00:00,1.0
2021-05-01,2021,2021-22,May,LOBS/ Lube oil,IMPORT,1665.0693524753249,227.27697354500003,PPAC,1751964598_PT_IMPORT_VAL_RS.CRS._H.xlsx,PT_Import_Val_2021-22,19.0,1751964622_PT_IMPORT_VAL_US$_H.xlsx,PT_Import_Val_2021-22,19.0,2026-08-21T15:32:19.354002+00:00,1.0
2021-05-01,2021,2021-22,May,LPG,EXPORT,247.8726825,34.0250765271105,PPAC,1751964598_PT_IMPORT_VAL_RS.CRS._H.xlsx,PT_Import_Val_2021-22,27.0,1751964622_PT_IMPORT_VAL_US$_H.xlsx,PT_Import_Val_2021-22,27.0,2026-08-21T15:32:19.354002+00:00,1.0
2021-05-01,2021,2021-22,May,LPG,IMPORT,3901.849708535707,534.42041881145,PPAC,1751964598_PT_IMPORT_VAL_RS.CRS._H.xlsx,PT_Import_Val_2021-22,13.0,1751964622_PT_IMPORT_VAL_US$_H.xlsx,PT_Import_Val_2021-22,13.0,2026-08-21T15:32:19.354002+00:00,1.0
2021-05-01,2021,2021-22,May,MS,IMPORT,0.0,0.0,PPAC,1751964598_PT_IMPORT_VAL_RS.CRS._H.xlsx,PT_Import_Val_2021-22,14.0,1751964622_PT_IMPORT_VAL_US$_H.xlsx,PT_Import_Val_2021-22,14.0,2026-08-21T15:32:19.354002+00:00,1.0
2021-05-01,2021,2021-22,May,MS!,EXPORT,6512.212404155057,889.3822854021479,PPAC,1751964598_PT_IMPORT_VAL_RS.CRS._H.xlsx,PT_Import_Val_2021-22,28.0,1751964622_PT_IMPORT_VAL_US$_H.xlsx,PT_Import_Val_2021-22,28.0,2026-08-21T15:32:19.354002+00:00,1.0
2021-05-01,2021,2021-22,May,Naphtha,IMPORT,179.870949,24.5498,PPAC,1751964598_PT_IMPORT_VAL_RS.CRS._H.xlsx,PT_Import_Val_2021-22,15.0,1751964622_PT_IMPORT_VAL_US$_H.xlsx,PT_Import_Val_2021-22,15.0,2026-08-21T15:32:19.354002+00:00,1.0
2021-05-01,2021,2021-22,May,Naphtha$,EXPORT,2184.37572354475,299.07120996,PPAC,1751964598_PT_IMPORT_VAL_RS.CRS._H.xlsx,PT_Import_Val_2021-22,29.0,1751964622_PT_IMPORT_VAL_US$_H.xlsx,PT_Import_Val_2021-22,29.0,2026-08-21T15:32:19.354002+00:00,1.0
2021-05-01,2021,2021-22,May,Others%,EXPORT,1112.8164521980998,152.16899657034025,PPAC,1751964598_PT_IMPORT_VAL_RS.CRS._H.xlsx,PT_Import_Val_2021-22,38.0,1751964622_PT_IMPORT_VAL_US$_H.xlsx,PT_Import_Val_2021-22,38.0,2026-08-21T15:32:19.354002+00:00,1.0
2021-05-01,2021,2021-22,May,Others&,IMPORT,681.4074608650255,93.00630033837001,PPAC,1751964598_PT_IMPORT_VAL_RS.CRS._H.xlsx,PT_Import_Val_2021-22,23.0,1751964622_PT_IMPORT_VAL_US$_H.xlsx,PT_Import_Val_2021-22,23.0,2026-08-21T15:32:19.354002+00:00,1.0
2021-05-01,2021,2021-22,May,Petcoke,IMPORT,347.4716012,47.425000000000004,PPAC,1751964598_PT_IMPORT_VAL_RS.CRS._H.xlsx,PT_Import_Val_2021-22,22.0,1751964622_PT_IMPORT_VAL_US$_H.xlsx,PT_Import_Val_2021-22,22.0,2026-08-21T15:32:19.354002+00:00,1.0
2021-05-01,2021,2021-22,May,Petcoke / CBFS,EXPORT,0.40168055,0.05498707049965777,PPAC,1751964598_PT_IMPORT_VAL_RS.CRS._H.xlsx,PT_Import_Val_2021-22,37.0,1751964622_PT_IMPORT_VAL_US$_H.xlsx,PT_Import_Val_2021-22,37.0,2026-08-21T15:32:19.354002+00:00,1.0
2021-05-01,2021,2021-22,May,SKO,EXPORT,5.899197,0.80977309540151,PPAC,1751964598_PT_IMPORT_VAL_RS.CRS._H.xlsx,PT_Import_Val_2021-22,31.0,1751964622_PT_IMPORT_VAL_US$_H.xlsx,PT_Import_Val_2021-22,31.0,2026-08-21T15:32:19.354002+00:00,1.0
2021-05-01,2021,2021-22,May,SKO,IMPORT,0.0,0.0,PPAC,1751964598_PT_IMPORT_VAL_RS.CRS._H.xlsx,PT_Import_Val_2021-22,17.0,1751964622_PT_IMPORT_VAL_US$_H.xlsx,PT_Import_Val_2021-22,17.0,2026-08-21T15:32:19.354002+00:00,1.0
2021-06-01,2021,2021-22,June,ATF,IMPORT,0.0,0.0,PPAC,1751964598_PT_IMPORT_VAL_RS.CRS._H.xlsx,PT_Import_Val_2021-22,16.0,1751964622_PT_IMPORT_VAL_US$_H.xlsx,PT_Import_Val_2021-22,16.0,2026-08-21T15:32:19.354002+00:00,1.0
2021-06-01,2021,2021-22,June,ATF#,EXPORT,2085.926018599682,290.8375180682699,PPAC,1751964598_PT_IMPORT_VAL_RS.CRS._H.xlsx,PT_Import_Val_2021-22,30.0,1751964622_PT_IMPORT_VAL_US$_H.xlsx,PT_Import_Val_2021-22,30.0,2026-08-21T15:32:19.354002+00:00,1.0
2021-06-01,2021,2021-22,June,Bitumen,EXPORT,0.0,0.0,PPAC,1751964598_PT_IMPORT_VAL_RS.CRS._H.xlsx,PT_Import_Val_2021-22,36.0,1751964622_PT_IMPORT_VAL_US$_H.xlsx,PT_Import_Val_2021-22,36.0,2026-08-21T15:32:19.354002+00:00,1.0
2021-06-01,2021,2021-22,June,Bitumen,IMPORT,537.6219371,73.0879,PPAC,1751964598_PT_IMPORT_VAL_RS.CRS._H.xlsx,PT_Import_Val_2021-22,21.0,1751964622_PT_IMPORT_VAL_US$_H.xlsx,PT_Import_Val_2021-22,21.0,2026-08-21T15:32:19.354002+00:00,1.0
2021-06-01,2021,2021-22,June,CRUDE OIL,IMPORT,61073.298999169296,8288.663904386827,PPAC,1751964598_PT_IMPORT_VAL_RS.CRS._H.xlsx,PT_Import_Val_2021-22,11.0,1751964622_PT_IMPORT_VAL_US$_H.xlsx,PT_Import_Val_2021-22,11.0,2026-08-21T15:32:19.354002+00:00,1.0
2021-06-01,2021,2021-22,June,Fuel Oil,EXPORT,654.5860061,88.539541824118,PPAC,1751964598_PT_IMPORT_VAL_RS.CRS._H.xlsx,PT_Import_Val_2021-22,35.0,1751964622_PT_IMPORT_VAL_US$_H.xlsx,PT_Import_Val_2021-22,35.0,2026-08-21T15:32:19.354002+00:00,1.0
2021-06-01,2021,2021-22,June,Fuel Oil,IMPORT,1770.7152182333036,241.04344359218797,PPAC,1751964598_PT_IMPORT_VAL_RS.CRS._H.xlsx,PT_Import_Val_2021-22,20.0,1751964622_PT_IMPORT_VAL_US$_H.xlsx,PT_Import_Val_2021-22,20.0,2026-08-21T15:32:19.354002+00:00,1.0
2021-06-01,2021,2021-22,June,HSD,EXPORT,12122.688467489328,1666.947998454376,PPAC,1751964598_PT_IMPORT_VAL_RS.CRS._H.xlsx,PT_Import_Val_2021-22,32.0,1751964622_PT_IMPORT_VAL_US$_H.xlsx,PT_Import_Val_2021-22,32.0,2026-08-21T15:32:19.354002+00:00,1.0
2021-06-01,2021,2021-22,June,HSD,IMPORT,6.5960564,0.8967,PPAC,1751964598_PT_IMPORT_VAL_RS.CRS._H.xlsx,PT_Import_Val_2021-22,18.0,1751964622_PT_IMPORT_VAL_US$_H.xlsx,PT_Import_Val_2021-22,18.0,2026-08-21T15:32:19.354002+00:00,1.0
2021-06-01,2021,2021-22,June,LDO,EXPORT,0.0,0.0,PPAC,1751964598_PT_IMPORT_VAL_RS.CRS._H.xlsx,PT_Import_Val_2021-22,33.0,1751964622_PT_IMPORT_VAL_US$_H.xlsx,PT_Import_Val_2021-22,33.0,2026-08-21T15:32:19.354002+00:00,1.0
2021-06-01,2021,2021-22,June,LOBS/ Lube Oil,EXPORT,6.01,0.8032611601176156,PPAC,1751964598_PT_IMPORT_VAL_RS.CRS._H.xlsx,PT_Import_Val_2021-22,34.0,1751964622_PT_IMPORT_VAL_US$_H.xlsx,PT_Import_Val_2021-22,34.0,2026-08-21T15:32:19.354002+00:00,1.0
2021-06-01,2021,2021-22,June,LOBS/ Lube oil,IMPORT,1332.6023745,181.1627,PPAC,1751964598_PT_IMPORT_VAL_RS.CRS._H.xlsx,PT_Import_Val_2021-22,19.0,1751964622_PT_IMPORT_VAL_US$_H.xlsx,PT_Import_Val_2021-22,19.0,2026-08-21T15:32:19.354002+00:00,1.0
2021-06-01,2021,2021-22,June,LPG,EXPORT,174.2045129,23.27381601870408,PPAC,1751964598_PT_IMPORT_VAL_RS.CRS._H.xlsx,PT_Import_Val_2021-22,27.0,1751964622_PT_IMPORT_VAL_US$_H.xlsx,PT_Import_Val_2021-22,27.0,2026-08-21T15:32:19.354002+00:00,1.0
2021-06-01,2021,2021-22,June,LPG,IMPORT,5595.704520158647,752.2036130272102,PPAC,1751964598_PT_IMPORT_VAL_RS.CRS._H.xlsx,PT_Import_Val_2021-22,13.0,1751964622_PT_IMPORT_VAL_US$_H.xlsx,PT_Import_Val_2021-22,13.0,2026-08-21T15:32:19.354002+00:00,1.0
2021-06-01,2021,2021-22,June,MS,IMPORT,0.0,0.0,PPAC,1751964598_PT_IMPORT_VAL_RS.CRS._H.xlsx,PT_Import_Val_2021-22,14.0,1751964622_PT_IMPORT_VAL_US$_H.xlsx,PT_Import_Val_2021-22,14.0,2026-08-21T15:32:19.354002+00:00,1.0
2021-06-01,2021,2021-22,June,MS!,EXPORT,5894.791507827048,796.4665789723729,PPAC,1751964598_PT_IMPORT_VAL_RS.CRS._H.xlsx,PT_Import_Val_2021-22,28.0,1751964622_PT_IMPORT_VAL_US$_H.xlsx,PT_Import_Val_2021-22,28.0,2026-08-21T15:32:19.354002+00:00,1.0
2021-06-01,2021,2021-22,June,Naphtha,IMPORT,184.2415644170293,25.11057533,PPAC,1751964598_PT_IMPORT_VAL_RS.CRS._H.xlsx,PT_Import_Val_2021-22,15.0,1751964622_PT_IMPORT_VAL_US$_H.xlsx,PT_Import_Val_2021-22,15.0,2026-08-21T15:32:19.354002+00:00,1.0
2021-06-01,2021,2021-22,June,Naphtha$,EXPORT,2867.2175609456,388.286757345501,PPAC,1751964598_PT_IMPORT_VAL_RS.CRS._H.xlsx,PT_Import_Val_2021-22,29.0,1751964622_PT_IMPORT_VAL_US$_H.xlsx,PT_Import_Val_2021-22,29.0,2026-08-21T15:32:19.354002+00:00,1.0
2021-06-01,2021,2021-22,June,Others%,EXPORT,971.1531487938657,131.63015146261435,PPAC,1751964598_PT_IMPORT_VAL_RS.CRS._H.xlsx,PT_Import_Val_2021-22,38.0,1751964622_PT_IMPORT_VAL_US$_H.xlsx,PT_Import_Val_2021-22,38.0,2026-08-21T15:32:19.354002+00:00,1.0
2021-06-01,2021,2021-22,June,Others&,IMPORT,826.3761881096,112.34137936000002,PPAC,1751964598_PT_IMPORT_VAL_RS.CRS._H.xlsx,PT_Import_Val_2021-22,23.0,1751964622_PT_IMPORT_VAL_US$_H.xlsx,PT_Import_Val_2021-22,23.0,2026-08-21T15:32:19.354002+00:00,1.0
2021-06-01,2021,2021-22,June,Petcoke,IMPORT,352.1920557,47.8793,PPAC,1751964598_PT_IMPORT_VAL_RS.CRS._H.xlsx,PT_Import_Val_2021-22,22.0,1751964622_PT_IMPORT_VAL_US$_H.xlsx,PT_Import_Val_2021-22,22.0,2026-08-21T15:32:19.354002+00:00,1.0
2021-06-01,2021,2021-22,June,Petcoke / CBFS,EXPORT,0.7957958799999999,0.11014475847750863,PPAC,1751964598_PT_IMPORT_VAL_RS.CRS._H.xlsx,PT_Import_Val_2021-22,37.0,1751964622_PT_IMPORT_VAL_US$_H.xlsx,PT_Import_Val_2021-22,37.0,2026-08-21T15:32:19.354002+00:00,1.0
2021-06-01,2021,2021-22,June,SKO,EXPORT,8.8274251,1.179348710754843,PPAC,1751964598_PT_IMPORT_VAL_RS.CRS._H.xlsx,PT_Import_Val_2021-22,31.0,1751964622_PT_IMPORT_VAL_US$_H.xlsx,PT_Import_Val_2021-22,31.0,2026-08-21T15:32:19.354002+00:00,1.0
2021-06-01,2021,2021-22,June,SKO,IMPORT,0.0,0.0,PPAC,1751964598_PT_IMPORT_VAL_RS.CRS._H.xlsx,PT_Import_Val_2021-22,17.0,1751964622_PT_IMPORT_VAL_US$_H.xlsx,PT_Import_Val_2021-22,17.0,2026-08-21T15:32:19.354002+00:00,1.0
2021-07-01,2021,2021-22,July,ATF,IMPORT,0.0,0.0,PPAC,1751964598_PT_IMPORT_VAL_RS.CRS._H.xlsx,PT_Import_Val_2021-22,16.0,1751964622_PT_IMPORT_VAL_US$_H.xlsx,PT_Import_Val_2021-22,16.0,2026-08-21T15:32:19.354002+00:00,1.0
2021-07-01,2021,2021-22,July,ATF#,EXPORT,1521.1799402474192,204.18299277610808,PPAC,1751964598_PT_IMPORT_VAL_RS.CRS._H.xlsx,PT_Import_Val_2021-22,30.0,1751964622_PT_IMPORT_VAL_US$_H.xlsx,PT_Import_Val_2021-22,30.0,2026-08-21T15:32:19.354002+00:00,1.0
2021-07-01,2021,2021-22,July,Bitumen,EXPORT,0.0,0.0,PPAC,1751964598_PT_IMPORT_VAL_RS.CRS._H.xlsx,PT_Import_Val_2021-22,36.0,1751964622_PT_IMPORT_VAL_US$_H.xlsx,PT_Import_Val_2021-22,36.0,2026-08-21T15:32:19.354002+00:00,1.0
2021-07-01,2021,2021-22,July,Bitumen,IMPORT,406.94049250000006,54.6031,PPAC,1751964598_PT_IMPORT_VAL_RS.CRS._H.xlsx,PT_Import_Val_2021-22,21.0,1751964622_PT_IMPORT_VAL_US$_H.xlsx,PT_Import_Val_2021-22,21.0,2026-08-21T15:32:19.354002+00:00,1.0
2021-07-01,2021,2021-22,July,CRUDE OIL,IMPORT,59460.95043805776,7975.557676093822,PPAC,1751964598_PT_IMPORT_VAL_RS.CRS._H.xlsx,PT_Import_Val_2021-22,11.0,1751964622_PT_IMPORT_VAL_US$_H.xlsx,PT_Import_Val_2021-22,11.0,2026-08-21T15:32:19.354002+00:00,1.0
2021-07-01,2021,2021-22,July,Fuel Oil,EXPORT,1063.5743677,142.921560749352,PPAC,1751964598_PT_IMPORT_VAL_RS.CRS._H.xlsx,PT_Import_Val_2021-22,35.0,1751964622_PT_IMPORT_VAL_US$_H.xlsx,PT_Import_Val_2021-22,35.0,2026-08-21T15:32:19.354002+00:00,1.0
2021-07-01,2021,2021-22,July,Fuel Oil,IMPORT,3191.2333356598238,422.702347452765,PPAC,1751964598_PT_IMPORT_VAL_RS.CRS._H.xlsx,PT_Import_Val_2021-22,20.0,1751964622_PT_IMPORT_VAL_US$_H.xlsx,PT_Import_Val_2021-22,20.0,2026-08-21T15:32:19.354002+00:00,1.0
2021-07-01,2021,2021-22,July,HSD,EXPORT,10066.060952620057,1349.7338356598543,PPAC,1751964598_PT_IMPORT_VAL_RS.CRS._H.xlsx,PT_Import_Val_2021-22,32.0,1751964622_PT_IMPORT_VAL_US$_H.xlsx,PT_Import_Val_2021-22,32.0,2026-08-21T15:32:19.354002+00:00,1.0
2021-07-01,2021,2021-22,July,HSD,IMPORT,4.8623181,0.6525000000000001,PPAC,1751964598_PT_IMPORT_VAL_RS.CRS._H.xlsx,PT_Import_Val_2021-22,18.0,1751964622_PT_IMPORT_VAL_US$_H.xlsx,PT_Import_Val_2021-22,18.0,2026-08-21T15:32:19.354002+00:00,1.0
2021-07-01,2021,2021-22,July,LDO,EXPORT,0.0,0.0,PPAC,1751964598_PT_IMPORT_VAL_RS.CRS._H.xlsx,PT_Import_Val_2021-22,33.0,1751964622_PT_IMPORT_VAL_US$_H.xlsx,PT_Import_Val_2021-22,33.0,2026-08-21T15:32:19.354002+00:00,1.0
2021-07-01,2021,2021-22,July,LOBS/ Lube Oil,EXPORT,3.1100000000000003,0.4175057054638207,PPAC,1751964598_PT_IMPORT_VAL_RS.CRS._H.xlsx,PT_Import_Val_2021-22,34.0,1751964622_PT_IMPORT_VAL_US$_H.xlsx,PT_Import_Val_2021-22,34.0,2026-08-21T15:32:19.354002+00:00,1.0
2021-07-01,2021,2021-22,July,LOBS/ Lube oil,IMPORT,1368.84348327055,183.63098363000003,PPAC,1751964598_PT_IMPORT_VAL_RS.CRS._H.xlsx,PT_Import_Val_2021-22,19.0,1751964622_PT_IMPORT_VAL_US$_H.xlsx,PT_Import_Val_2021-22,19.0,2026-08-21T15:32:19.354002+00:00,1.0
2021-07-01,2021,2021-22,July,LPG,EXPORT,164.3105234,21.95197373413494,PPAC,1751964598_PT_IMPORT_VAL_RS.CRS._H.xlsx,PT_Import_Val_2021-22,27.0,1751964622_PT_IMPORT_VAL_US$_H.xlsx,PT_Import_Val_2021-22,27.0,2026-08-21T15:32:19.354002+00:00,1.0
2021-07-01,2021,2021-22,July,LPG,IMPORT,6495.733533154049,870.17250029602,PPAC,1751964598_PT_IMPORT_VAL_RS.CRS._H.xlsx,PT_Import_Val_2021-22,13.0,1751964622_PT_IMPORT_VAL_US$_H.xlsx,PT_Import_Val_2021-22,13.0,2026-08-21T15:32:19.354002+00:00,1.0
2021-07-01,2021,2021-22,July,MS,IMPORT,0.1478954,0.0198,PPAC,1751964598_PT_IMPORT_VAL_RS.CRS._H.xlsx,PT_Import_Val_2021-22,14.0,1751964622_PT_IMPORT_VAL_US$_H.xlsx,PT_Import_Val_2021-22,14.0,2026-08-21T15:32:19.354002+00:00,1.0
2021-07-01,2021,2021-22,July,MS!,EXPORT,5486.903095747707,736.0028252136244,PPAC,1751964598_PT_IMPORT_VAL_RS.CRS._H.xlsx,PT_Import_Val_2021-22,28.0,1751964622_PT_IMPORT_VAL_US$_H.xlsx,PT_Import_Val_2021-22,28.0,2026-08-21T15:32:19.354002+00:00,1.0
2021-07-01,2021,2021-22,July,Naphtha,IMPORT,0.0,0.0,PPAC,1751964598_PT_IMPORT_VAL_RS.CRS._H.xlsx,PT_Import_Val_2021-22,15.0,1751964622_PT_IMPORT_VAL_US$_H.xlsx,PT_Import_Val_2021-22,15.0,2026-08-21T15:32:19.354002+00:00,1.0
2021-07-01,2021,2021-22,July,Naphtha$,EXPORT,2410.0106215043625,322.99026397985506,PPAC,1751964598_PT_IMPORT_VAL_RS.CRS._H.xlsx,PT_Import_Val_2021-22,29.0,1751964622_PT_IMPORT_VAL_US$_H.xlsx,PT_Import_Val_2021-22,29.0,2026-08-21T15:32:19.354002+00:00,1.0
2021-07-01,2021,2021-22,July,Others%,EXPORT,1088.25382676329,145.889767705813,PPAC,1751964598_PT_IMPORT_VAL_RS.CRS._H.xlsx,PT_Import_Val_2021-22,38.0,1751964622_PT_IMPORT_VAL_US$_H.xlsx,PT_Import_Val_2021-22,38.0,2026-08-21T15:32:19.354002+00:00,1.0
2021-07-01,2021,2021-22,July,Others&,IMPORT,1313.1363583684201,176.26164956855996,PPAC,1751964598_PT_IMPORT_VAL_RS.CRS._H.xlsx,PT_Import_Val_2021-22,23.0,1751964622_PT_IMPORT_VAL_US$_H.xlsx,PT_Import_Val_2021-22,23.0,2026-08-21T15:32:19.354002+00:00,1.0
2021-07-01,2021,2021-22,July,Petcoke,IMPORT,618.5916156,83.00240000000001,PPAC,1751964598_PT_IMPORT_VAL_RS.CRS._H.xlsx,PT_Import_Val_2021-22,22.0,1751964622_PT_IMPORT_VAL_US$_H.xlsx,PT_Import_Val_2021-22,22.0,2026-08-21T15:32:19.354002+00:00,1.0
2021-07-01,2021,2021-22,July,Petcoke / CBFS,EXPORT,0.6344876730000001,0.08620756426630435,PPAC,1751964598_PT_IMPORT_VAL_RS.CRS._H.xlsx,PT_Import_Val_2021-22,37.0,1751964622_PT_IMPORT_VAL_US$_H.xlsx,PT_Import_Val_2021-22,37.0,2026-08-21T15:32:19.354002+00:00,1.0
2021-07-01,2021,2021-22,July,SKO,EXPORT,5.6966829,0.7610798797595191,PPAC,1751964598_PT_IMPORT_VAL_RS.CRS._H.xlsx,PT_Import_Val_2021-22,31.0,1751964622_PT_IMPORT_VAL_US$_H.xlsx,PT_Import_Val_2021-22,31.0,2026-08-21T15:32:19.354002+00:00,1.0
2021-07-01,2021,2021-22,July,SKO,IMPORT,0.0,0.0,PPAC,1751964598_PT_IMPORT_VAL_RS.CRS._H.xlsx,PT_Import_Val_2021-22,17.0,1751964622_PT_IMPORT_VAL_US$_H.xlsx,PT_Import_Val_2021-22,17.0,2026-08-21T15:32:19.354002+00:00,1.0
2021-08-01,2021,2021-22,August,ATF,IMPORT,0.0,0.0,PPAC,1751964598_PT_IMPORT_VAL_RS.CRS._H.xlsx,PT_Import_Val_2021-22,16.0,1751964622_PT_IMPORT_VAL_US$_H.xlsx,PT_Import_Val_2021-22,16.0,2026-08-21T15:32:19.354002+00:00,1.0
2021-08-01,2021,2021-22,August,ATF#,EXPORT,1389.7582930160002,187.64143115672334,PPAC,1751964598_PT_IMPORT_VAL_RS.CRS._H.xlsx,PT_Import_Val_2021-22,30.0,1751964622_PT_IMPORT_VAL_US$_H.xlsx,PT_Import_Val_2021-22,30.0,2026-08-21T15:32:19.354002+00:00,1.0
2021-08-01,2021,2021-22,August,Bitumen,EXPORT,0.0,0.0,PPAC,1751964598_PT_IMPORT_VAL_RS.CRS._H.xlsx,PT_Import_Val_2021-22,36.0,1751964622_PT_IMPORT_VAL_US$_H.xlsx,PT_Import_Val_2021-22,36.0,2026-08-21T15:32:19.354002+00:00,1.0
2021-08-01,2021,2021-22,August,Bitumen,IMPORT,303.7964078,40.95140000000001,PPAC,1751964598_PT_IMPORT_VAL_RS.CRS._H.xlsx,PT_Import_Val_2021-22,21.0,1751964622_PT_IMPORT_VAL_US$_H.xlsx,PT_Import_Val_2021-22,21.0,2026-08-21T15:32:19.354002+00:00,1.0
2021-08-01,2021,2021-22,August,CRUDE OIL,IMPORT,67310.65983063364,9075.03631256518,PPAC,1751964598_PT_IMPORT_VAL_RS.CRS._H.xlsx,PT_Import_Val_2021-22,11.0,1751964622_PT_IMPORT_VAL_US$_H.xlsx,PT_Import_Val_2021-22,11.0,2026-08-21T15:32:19.354002+00:00,1.0
2021-08-01,2021,2021-22,August,Fuel Oil,EXPORT,574.9572014,78.99975473068,PPAC,1751964598_PT_IMPORT_VAL_RS.CRS._H.xlsx,PT_Import_Val_2021-22,35.0,1751964622_PT_IMPORT_VAL_US$_H.xlsx,PT_Import_Val_2021-22,35.0,2026-08-21T15:32:19.354002+00:00,1.0
2021-08-01,2021,2021-22,August,Fuel Oil,IMPORT,2269.8730316273113,304.92125379432076,PPAC,1751964598_PT_IMPORT_VAL_RS.CRS._H.xlsx,PT_Import_Val_2021-22,20.0,1751964622_PT_IMPORT_VAL_US$_H.xlsx,PT_Import_Val_2021-22,20.0,2026-08-21T15:32:19.354002+00:00,1.0
2021-08-01,2021,2021-22,August,HSD,EXPORT,11127.397368607577,1481.3026024430187,PPAC,1751964598_PT_IMPORT_VAL_RS.CRS._H.xlsx,PT_Import_Val_2021-22,32.0,1751964622_PT_IMPORT_VAL_US$_H.xlsx,PT_Import_Val_2021-22,32.0,2026-08-21T15:32:19.354002+00:00,1.0
2021-08-01,2021,2021-22,August,HSD,IMPORT,20.7515882,2.7973,PPAC,1751964598_PT_IMPORT_VAL_RS.CRS._H.xlsx,PT_Import_Val_2021-22,18.0,1751964622_PT_IMPORT_VAL_US$_H.xlsx,PT_Import_Val_2021-22,18.0,2026-08-21T15:32:19.354002+00:00,1.0
2021-08-01,2021,2021-22,August,LDO,EXPORT,0.0,0.0,PPAC,1751964598_PT_IMPORT_VAL_RS.CRS._H.xlsx,PT_Import_Val_2021-22,33.0,1751964622_PT_IMPORT_VAL_US$_H.xlsx,PT_Import_Val_2021-22,33.0,2026-08-21T15:32:19.354002+00:00,1.0
2021-08-01,2021,2021-22,August,LOBS/ Lube Oil,EXPORT,7.83,1.0609756097560974,PPAC,1751964598_PT_IMPORT_VAL_RS.CRS._H.xlsx,PT_Import_Val_2021-22,34.0,1751964622_PT_IMPORT_VAL_US$_H.xlsx,PT_Import_Val_2021-22,34.0,2026-08-21T15:32:19.354002+00:00,1.0
2021-08-01,2021,2021-22,August,LOBS/ Lube oil,IMPORT,1584.2582096367328,213.63388144465,PPAC,1751964598_PT_IMPORT_VAL_RS.CRS._H.xlsx,PT_Import_Val_2021-22,19.0,1751964622_PT_IMPORT_VAL_US$_H.xlsx,PT_Import_Val_2021-22,19.0,2026-08-21T15:32:19.354002+00:00,1.0
2021-08-01,2021,2021-22,August,LPG,EXPORT,242.7560621,33.03252988161655,PPAC,1751964598_PT_IMPORT_VAL_RS.CRS._H.xlsx,PT_Import_Val_2021-22,27.0,1751964622_PT_IMPORT_VAL_US$_H.xlsx,PT_Import_Val_2021-22,27.0,2026-08-21T15:32:19.354002+00:00,1.0
2021-08-01,2021,2021-22,August,LPG,IMPORT,8248.4288123209,1119.065996340756,PPAC,1751964598_PT_IMPORT_VAL_RS.CRS._H.xlsx,PT_Import_Val_2021-22,13.0,1751964622_PT_IMPORT_VAL_US$_H.xlsx,PT_Import_Val_2021-22,13.0,2026-08-21T15:32:19.354002+00:00,1.0
2021-08-01,2021,2021-22,August,MS,IMPORT,0.0,0.0,PPAC,1751964598_PT_IMPORT_VAL_RS.CRS._H.xlsx,PT_Import_Val_2021-22,14.0,1751964622_PT_IMPORT_VAL_US$_H.xlsx,PT_Import_Val_2021-22,14.0,2026-08-21T15:32:19.354002+00:00,1.0
2021-08-01,2021,2021-22,August,MS!,EXPORT,4714.780959106,634.4122667389227,PPAC,1751964598_PT_IMPORT_VAL_RS.CRS._H.xlsx,PT_Import_Val_2021-22,28.0,1751964622_PT_IMPORT_VAL_US$_H.xlsx,PT_Import_Val_2021-22,28.0,2026-08-21T15:32:19.354002+00:00,1.0
2021-08-01,2021,2021-22,August,Naphtha,IMPORT,0.0,0.0,PPAC,1751964598_PT_IMPORT_VAL_RS.CRS._H.xlsx,PT_Import_Val_2021-22,15.0,1751964622_PT_IMPORT_VAL_US$_H.xlsx,PT_Import_Val_2021-22,15.0,2026-08-21T15:32:19.354002+00:00,1.0
2021-08-01,2021,2021-22,August,Naphtha$,EXPORT,3074.6301026091796,415.326092305808,PPAC,1751964598_PT_IMPORT_VAL_RS.CRS._H.xlsx,PT_Import_Val_2021-22,29.0,1751964622_PT_IMPORT_VAL_US$_H.xlsx,PT_Import_Val_2021-22,29.0,2026-08-21T15:32:19.354002+00:00,1.0
2021-08-01,2021,2021-22,August,Others%,EXPORT,405.77332243820285,54.67504533783054,PPAC,1751964598_PT_IMPORT_VAL_RS.CRS._H.xlsx,PT_Import_Val_2021-22,38.0,1751964622_PT_IMPORT_VAL_US$_H.xlsx,PT_Import_Val_2021-22,38.0,2026-08-21T15:32:19.354002+00:00,1.0
2021-08-01,2021,2021-22,August,Others&,IMPORT,945.2745514754054,127.59417384,PPAC,1751964598_PT_IMPORT_VAL_RS.CRS._H.xlsx,PT_Import_Val_2021-22,23.0,1751964622_PT_IMPORT_VAL_US$_H.xlsx,PT_Import_Val_2021-22,23.0,2026-08-21T15:32:19.354002+00:00,1.0
2021-08-01,2021,2021-22,August,Petcoke,IMPORT,299.9730813,40.435900000000004,PPAC,1751964598_PT_IMPORT_VAL_RS.CRS._H.xlsx,PT_Import_Val_2021-22,22.0,1751964622_PT_IMPORT_VAL_US$_H.xlsx,PT_Import_Val_2021-22,22.0,2026-08-21T15:32:19.354002+00:00,1.0
2021-08-01,2021,2021-22,August,Petcoke / CBFS,EXPORT,148.598040768,19.96574518485014,PPAC,1751964598_PT_IMPORT_VAL_RS.CRS._H.xlsx,PT_Import_Val_2021-22,37.0,1751964622_PT_IMPORT_VAL_US$_H.xlsx,PT_Import_Val_2021-22,37.0,2026-08-21T15:32:19.354002+00:00,1.0
2021-08-01,2021,2021-22,August,SKO,EXPORT,3.2972661,0.4486686760103416,PPAC,1751964598_PT_IMPORT_VAL_RS.CRS._H.xlsx,PT_Import_Val_2021-22,31.0,1751964622_PT_IMPORT_VAL_US$_H.xlsx,PT_Import_Val_2021-22,31.0,2026-08-21T15:32:19.354002+00:00,1.0
2021-08-01,2021,2021-22,August,SKO,IMPORT,0.0,0.0,PPAC,1751964598_PT_IMPORT_VAL_RS.CRS._H.xlsx,PT_Import_Val_2021-22,17.0,1751964622_PT_IMPORT_VAL_US$_H.xlsx,PT_Import_Val_2021-22,17.0,2026-08-21T15:32:19.354002+00:00,1.0
2021-09-01,2021,2021-22,September,ATF,IMPORT,0.0,0.0,PPAC,1751964598_PT_IMPORT_VAL_RS.CRS._H.xlsx,PT_Import_Val_2021-22,16.0,1751964622_PT_IMPORT_VAL_US$_H.xlsx,PT_Import_Val_2021-22,16.0,2026-08-21T15:32:19.354002+00:00,1.0
2021-09-01,2021,2021-22,September,ATF#,EXPORT,1281.2574352668096,182.90237140079603,PPAC,1751964598_PT_IMPORT_VAL_RS.CRS._H.xlsx,PT_Import_Val_2021-22,30.0,1751964622_PT_IMPORT_VAL_US$_H.xlsx,PT_Import_Val_2021-22,30.0,2026-08-21T15:32:19.354002+00:00,1.0
2021-09-01,2021,2021-22,September,Bitumen,EXPORT,8.6388581,1.1553909455664038,PPAC,1751964598_PT_IMPORT_VAL_RS.CRS._H.xlsx,PT_Import_Val_2021-22,36.0,1751964622_PT_IMPORT_VAL_US$_H.xlsx,PT_Import_Val_2021-22,36.0,2026-08-21T15:32:19.354002+00:00,1.0
2021-09-01,2021,2021-22,September,Bitumen,IMPORT,405.4263807,55.1124,PPAC,1751964598_PT_IMPORT_VAL_RS.CRS._H.xlsx,PT_Import_Val_2021-22,21.0,1751964622_PT_IMPORT_VAL_US$_H.xlsx,PT_Import_Val_2021-22,21.0,2026-08-21T15:32:19.354002+00:00,1.0
2021-09-01,2021,2021-22,September,CRUDE OIL,IMPORT,69109.87619444002,9340.09072813396,PPAC,1751964598_PT_IMPORT_VAL_RS.CRS._H.xlsx,PT_Import_Val_2021-22,11.0,1751964622_PT_IMPORT_VAL_US$_H.xlsx,PT_Import_Val_2021-22,11.0,2026-08-21T15:32:19.354002+00:00,1.0
2021-09-01,2021,2021-22,September,Fuel Oil,EXPORT,503.14039436967505,68.35573813991199,PPAC,1751964598_PT_IMPORT_VAL_RS.CRS._H.xlsx,PT_Import_Val_2021-22,35.0,1751964622_PT_IMPORT_VAL_US$_H.xlsx,PT_Import_Val_2021-22,35.0,2026-08-21T15:32:19.354002+00:00,1.0
2021-09-01,2021,2021-22,September,Fuel Oil,IMPORT,1392.653815630355,188.85616976000003,PPAC,1751964598_PT_IMPORT_VAL_RS.CRS._H.xlsx,PT_Import_Val_2021-22,20.0,1751964622_PT_IMPORT_VAL_US$_H.xlsx,PT_Import_Val_2021-22,20.0,2026-08-21T15:32:19.354002+00:00,1.0
2021-09-01,2021,2021-22,September,HSD,EXPORT,12496.824887223802,1714.600808293053,PPAC,1751964598_PT_IMPORT_VAL_RS.CRS._H.xlsx,PT_Import_Val_2021-22,32.0,1751964622_PT_IMPORT_VAL_US$_H.xlsx,PT_Import_Val_2021-22,32.0,2026-08-21T15:32:19.354002+00:00,1.0
2021-09-01,2021,2021-22,September,HSD,IMPORT,21.584827699999998,2.9341000000000004,PPAC,1751964598_PT_IMPORT_VAL_RS.CRS._H.xlsx,PT_Import_Val_2021-22,18.0,1751964622_PT_IMPORT_VAL_US$_H.xlsx,PT_Import_Val_2021-22,18.0,2026-08-21T15:32:19.354002+00:00,1.0
2021-09-01,2021,2021-22,September,LDO,EXPORT,0.0,0.0,PPAC,1751964598_PT_IMPORT_VAL_RS.CRS._H.xlsx,PT_Import_Val_2021-22,33.0,1751964622_PT_IMPORT_VAL_US$_H.xlsx,PT_Import_Val_2021-22,33.0,2026-08-21T15:32:19.354002+00:00,1.0
2021-09-01,2021,2021-22,September,LOBS/ Lube Oil,EXPORT,5.5,0.7355891400294235,PPAC,1751964598_PT_IMPORT_VAL_RS.CRS._H.xlsx,PT_Import_Val_2021-22,34.0,1751964622_PT_IMPORT_VAL_US$_H.xlsx,PT_Import_Val_2021-22,34.0,2026-08-21T15:32:19.354002+00:00,1.0
2021-09-01,2021,2021-22,September,LOBS/ Lube oil,IMPORT,1559.201638631417,211.96296820402995,PPAC,1751964598_PT_IMPORT_VAL_RS.CRS._H.xlsx,PT_Import_Val_2021-22,19.0,1751964622_PT_IMPORT_VAL_US$_H.xlsx,PT_Import_Val_2021-22,19.0,2026-08-21T15:32:19.354002+00:00,1.0
2021-09-01,2021,2021-22,September,LPG,EXPORT,263.9085029,35.910804585657914,PPAC,1751964598_PT_IMPORT_VAL_RS.CRS._H.xlsx,PT_Import_Val_2021-22,27.0,1751964622_PT_IMPORT_VAL_US$_H.xlsx,PT_Import_Val_2021-22,27.0,2026-08-21T15:32:19.354002+00:00,1.0
2021-09-01,2021,2021-22,September,LPG,IMPORT,7704.76507362068,1042.47585668648,PPAC,1751964598_PT_IMPORT_VAL_RS.CRS._H.xlsx,PT_Import_Val_2021-22,13.0,1751964622_PT_IMPORT_VAL_US$_H.xlsx,PT_Import_Val_2021-22,13.0,2026-08-21T15:32:19.354002+00:00,1.0
2021-09-01,2021,2021-22,September,MS,IMPORT,592.97964412445,79.51008727780001,PPAC,1751964598_PT_IMPORT_VAL_RS.CRS._H.xlsx,PT_Import_Val_2021-22,14.0,1751964622_PT_IMPORT_VAL_US$_H.xlsx,PT_Import_Val_2021-22,14.0,2026-08-21T15:32:19.354002+00:00,1.0
2021-09-01,2021,2021-22,September,MS!,EXPORT,4648.250825532367,629.9160887775482,PPAC,1751964598_PT_IMPORT_VAL_RS.CRS._H.xlsx,PT_Import_Val_2021-22,28.0,1751964622_PT_IMPORT_VAL_US$_H.xlsx,PT_Import_Val_2021-22,28.0,2026-08-21T15:32:19.354002+00:00,1.0
2021-09-01,2021,2021-22,September,Naphtha,IMPORT,0.0,0.0,PPAC,1751964598_PT_IMPORT_VAL_RS.CRS._H.xlsx,PT_Import_Val_2021-22,15.0,1751964622_PT_IMPORT_VAL_US$_H.xlsx,PT_Import_Val_2021-22,15.0,2026-08-21T15:32:19.354002+00:00,1.0
2021-09-01,2021,2021-22,September,Naphtha$,EXPORT,3259.260849449187,442.23012029434005,PPAC,1751964598_PT_IMPORT_VAL_RS.CRS._H.xlsx,PT_Import_Val_2021-22,29.0,1751964622_PT_IMPORT_VAL_US$_H.xlsx,PT_Import_Val_2021-22,29.0,2026-08-21T15:32:19.354002+00:00,1.0
2021-09-01,2021,2021-22,September,Others%,EXPORT,567.8815979316694,77.097868457197,PPAC,1751964598_PT_IMPORT_VAL_RS.CRS._H.xlsx,PT_Import_Val_2021-22,38.0,1751964622_PT_IMPORT_VAL_US$_H.xlsx,PT_Import_Val_2021-22,38.0,2026-08-21T15:32:19.354002+00:00,1.0
2021-09-01,2021,2021-22,September,Others&,IMPORT,1888.013117229702,256.29260891,PPAC,1751964598_PT_IMPORT_VAL_RS.CRS._H.xlsx,PT_Import_Val_2021-22,23.0,1751964622_PT_IMPORT_VAL_US$_H.xlsx,PT_Import_Val_2021-22,23.0,2026-08-21T15:32:19.354002+00:00,1.0
2021-09-01,2021,2021-22,September,Petcoke,IMPORT,360.67321450000003,49.0289,PPAC,1751964598_PT_IMPORT_VAL_RS.CRS._H.xlsx,PT_Import_Val_2021-22,22.0,1751964622_PT_IMPORT_VAL_US$_H.xlsx,PT_Import_Val_2021-22,22.0,2026-08-21T15:32:19.354002+00:00,1.0
2021-09-01,2021,2021-22,September,Petcoke / CBFS,EXPORT,158.32308773699998,21.485551823391003,PPAC,1751964598_PT_IMPORT_VAL_RS.CRS._H.xlsx,PT_Import_Val_2021-22,37.0,1751964622_PT_IMPORT_VAL_US$_H.xlsx,PT_Import_Val_2021-22,37.0,2026-08-21T15:32:19.354002+00:00,1.0
2021-09-01,2021,2021-22,September,SKO,EXPORT,5.337546,0.7262955504150225,PPAC,1751964598_PT_IMPORT_VAL_RS.CRS._H.xlsx,PT_Import_Val_2021-22,31.0,1751964622_PT_IMPORT_VAL_US$_H.xlsx,PT_Import_Val_2021-22,31.0,2026-08-21T15:32:19.354002+00:00,1.0
2021-09-01,2021,2021-22,September,SKO,IMPORT,0.0,0.0,PPAC,1751964598_PT_IMPORT_VAL_RS.CRS._H.xlsx,PT_Import_Val_2021-22,17.0,1751964622_PT_IMPORT_VAL_US$_H.xlsx,PT_Import_Val_2021-22,17.0,2026-08-21T15:32:19.354002+00:00,1.0
2021-10-01,2021,2021-22,October,ATF,IMPORT,0.0,0.0,PPAC,1751964598_PT_IMPORT_VAL_RS.CRS._H.xlsx,PT_Import_Val_2021-22,16.0,1751964622_PT_IMPORT_VAL_US$_H.xlsx,PT_Import_Val_2021-22,16.0,2026-08-21T15:32:19.354002+00:00,1.0
2021-10-01,2021,2021-22,October,ATF#,EXPORT,2439.0396655186005,325.36141313737403,PPAC,1751964598_PT_IMPORT_VAL_RS.CRS._H.xlsx,PT_Import_Val_2021-22,30.0,1751964622_PT_IMPORT_VAL_US$_H.xlsx,PT_Import_Val_2021-22,30.0,2026-08-21T15:32:19.354002+00:00,1.0
2021-10-01,2021,2021-22,October,Bitumen,EXPORT,18.512186200000002,2.495576462658398,PPAC,1751964598_PT_IMPORT_VAL_RS.CRS._H.xlsx,PT_Import_Val_2021-22,36.0,1751964622_PT_IMPORT_VAL_US$_H.xlsx,PT_Import_Val_2021-22,36.0,2026-08-21T15:32:19.354002+00:00,1.0
2021-10-01,2021,2021-22,October,Bitumen,IMPORT,524.575374,70.02239999999999,PPAC,1751964598_PT_IMPORT_VAL_RS.CRS._H.xlsx,PT_Import_Val_2021-22,21.0,1751964622_PT_IMPORT_VAL_US$_H.xlsx,PT_Import_Val_2021-22,21.0,2026-08-21T15:32:19.354002+00:00,1.0
2021-10-01,2021,2021-22,October,CRUDE OIL,IMPORT,72054.19693085934,9636.909789185687,PPAC,1751964598_PT_IMPORT_VAL_RS.CRS._H.xlsx,PT_Import_Val_2021-22,11.0,1751964622_PT_IMPORT_VAL_US$_H.xlsx,PT_Import_Val_2021-22,11.0,2026-08-21T15:32:19.354002+00:00,1.0
2021-10-01,2021,2021-22,October,Fuel Oil,EXPORT,450.89345987251664,60.193781918948005,PPAC,1751964598_PT_IMPORT_VAL_RS.CRS._H.xlsx,PT_Import_Val_2021-22,35.0,1751964622_PT_IMPORT_VAL_US$_H.xlsx,PT_Import_Val_2021-22,35.0,2026-08-21T15:32:19.354002+00:00,1.0
2021-10-01,2021,2021-22,October,Fuel Oil,IMPORT,2786.0343695399292,372.064452821766,PPAC,1751964598_PT_IMPORT_VAL_RS.CRS._H.xlsx,PT_Import_Val_2021-22,20.0,1751964622_PT_IMPORT_VAL_US$_H.xlsx,PT_Import_Val_2021-22,20.0,2026-08-21T15:32:19.354002+00:00,1.0
2021-10-01,2021,2021-22,October,HSD,EXPORT,15298.121776823842,2039.4359522224643,PPAC,1751964598_PT_IMPORT_VAL_RS.CRS._H.xlsx,PT_Import_Val_2021-22,32.0,1751964622_PT_IMPORT_VAL_US$_H.xlsx,PT_Import_Val_2021-22,32.0,2026-08-21T15:32:19.354002+00:00,1.0
2021-10-01,2021,2021-22,October,HSD,IMPORT,10.9217086,1.4578000000000002,PPAC,1751964598_PT_IMPORT_VAL_RS.CRS._H.xlsx,PT_Import_Val_2021-22,18.0,1751964622_PT_IMPORT_VAL_US$_H.xlsx,PT_Import_Val_2021-22,18.0,2026-08-21T15:32:19.354002+00:00,1.0
2021-10-01,2021,2021-22,October,LDO,EXPORT,0.0,0.0,PPAC,1751964598_PT_IMPORT_VAL_RS.CRS._H.xlsx,PT_Import_Val_2021-22,33.0,1751964622_PT_IMPORT_VAL_US$_H.xlsx,PT_Import_Val_2021-22,33.0,2026-08-21T15:32:19.354002+00:00,1.0
2021-10-01,2021,2021-22,October,LOBS/ Lube Oil,EXPORT,4.8500000000000005,0.6538150444863844,PPAC,1751964598_PT_IMPORT_VAL_RS.CRS._H.xlsx,PT_Import_Val_2021-22,34.0,1751964622_PT_IMPORT_VAL_US$_H.xlsx,PT_Import_Val_2021-22,34.0,2026-08-21T15:32:19.354002+00:00,1.0
2021-10-01,2021,2021-22,October,LOBS/ Lube oil,IMPORT,2181.2363866461196,291.10338645174,PPAC,1751964598_PT_IMPORT_VAL_RS.CRS._H.xlsx,PT_Import_Val_2021-22,19.0,1751964622_PT_IMPORT_VAL_US$_H.xlsx,PT_Import_Val_2021-22,19.0,2026-08-21T15:32:19.354002+00:00,1.0
2021-10-01,2021,2021-22,October,LPG,EXPORT,265.2113485,35.17391889920424,PPAC,1751964598_PT_IMPORT_VAL_RS.CRS._H.xlsx,PT_Import_Val_2021-22,27.0,1751964622_PT_IMPORT_VAL_US$_H.xlsx,PT_Import_Val_2021-22,27.0,2026-08-21T15:32:19.354002+00:00,1.0
2021-10-01,2021,2021-22,October,LPG,IMPORT,9772.186843978123,1301.8809358859498,PPAC,1751964598_PT_IMPORT_VAL_RS.CRS._H.xlsx,PT_Import_Val_2021-22,13.0,1751964622_PT_IMPORT_VAL_US$_H.xlsx,PT_Import_Val_2021-22,13.0,2026-08-21T15:32:19.354002+00:00,1.0
2021-10-01,2021,2021-22,October,MS,IMPORT,2753.5997885095185,366.14170345452703,PPAC,1751964598_PT_IMPORT_VAL_RS.CRS._H.xlsx,PT_Import_Val_2021-22,14.0,1751964622_PT_IMPORT_VAL_US$_H.xlsx,PT_Import_Val_2021-22,14.0,2026-08-21T15:32:19.354002+00:00,1.0
2021-10-01,2021,2021-22,October,MS!,EXPORT,6265.885551987397,837.6356601807345,PPAC,1751964598_PT_IMPORT_VAL_RS.CRS._H.xlsx,PT_Import_Val_2021-22,28.0,1751964622_PT_IMPORT_VAL_US$_H.xlsx,PT_Import_Val_2021-22,28.0,2026-08-21T15:32:19.354002+00:00,1.0
2021-10-01,2021,2021-22,October,Naphtha,IMPORT,0.0,0.0,PPAC,1751964598_PT_IMPORT_VAL_RS.CRS._H.xlsx,PT_Import_Val_2021-22,15.0,1751964622_PT_IMPORT_VAL_US$_H.xlsx,PT_Import_Val_2021-22,15.0,2026-08-21T15:32:19.354002+00:00,1.0
2021-10-01,2021,2021-22,October,Naphtha$,EXPORT,3027.843072690383,404.621385579629,PPAC,1751964598_PT_IMPORT_VAL_RS.CRS._H.xlsx,PT_Import_Val_2021-22,29.0,1751964622_PT_IMPORT_VAL_US$_H.xlsx,PT_Import_Val_2021-22,29.0,2026-08-21T15:32:19.354002+00:00,1.0
2021-10-01,2021,2021-22,October,Others%,EXPORT,832.524306988949,111.25210450731825,PPAC,1751964598_PT_IMPORT_VAL_RS.CRS._H.xlsx,PT_Import_Val_2021-22,38.0,1751964622_PT_IMPORT_VAL_US$_H.xlsx,PT_Import_Val_2021-22,38.0,2026-08-21T15:32:19.354002+00:00,1.0
2021-10-01,2021,2021-22,October,Others&,IMPORT,792.8935794208495,105.85932870999999,PPAC,1751964598_PT_IMPORT_VAL_RS.CRS._H.xlsx,PT_Import_Val_2021-22,23.0,1751964622_PT_IMPORT_VAL_US$_H.xlsx,PT_Import_Val_2021-22,23.0,2026-08-21T15:32:19.354002+00:00,1.0
2021-10-01,2021,2021-22,October,Petcoke,IMPORT,595.8690140000001,79.53899999999999,PPAC,1751964598_PT_IMPORT_VAL_RS.CRS._H.xlsx,PT_Import_Val_2021-22,22.0,1751964622_PT_IMPORT_VAL_US$_H.xlsx,PT_Import_Val_2021-22,22.0,2026-08-21T15:32:19.354002+00:00,1.0
2021-10-01,2021,2021-22,October,Petcoke / CBFS,EXPORT,190.772510812,25.5092074906,PPAC,1751964598_PT_IMPORT_VAL_RS.CRS._H.xlsx,PT_Import_Val_2021-22,37.0,1751964622_PT_IMPORT_VAL_US$_H.xlsx,PT_Import_Val_2021-22,37.0,2026-08-21T15:32:19.354002+00:00,1.0
2021-10-01,2021,2021-22,October,SKO,EXPORT,5.4742504,0.7260279045092837,PPAC,1751964598_PT_IMPORT_VAL_RS.CRS._H.xlsx,PT_Import_Val_2021-22,31.0,1751964622_PT_IMPORT_VAL_US$_H.xlsx,PT_Import_Val_2021-22,31.0,2026-08-21T15:32:19.354002+00:00,1.0
2021-10-01,2021,2021-22,October,SKO,IMPORT,0.0,0.0,PPAC,1751964598_PT_IMPORT_VAL_RS.CRS._H.xlsx,PT_Import_Val_2021-22,17.0,1751964622_PT_IMPORT_VAL_US$_H.xlsx,PT_Import_Val_2021-22,17.0,2026-08-21T15:32:19.354002+00:00,1.0
2021-11-01,2021,2021-22,November,ATF,IMPORT,0.0,0.0,PPAC,1751964598_PT_IMPORT_VAL_RS.CRS._H.xlsx,PT_Import_Val_2021-22,16.0,1751964622_PT_IMPORT_VAL_US$_H.xlsx,PT_Import_Val_2021-22,16.0,2026-08-21T15:32:19.354002+00:00,1.0
2021-11-01,2021,2021-22,November,ATF#,EXPORT,2905.1334746368,389.43515132774536,PPAC,1751964598_PT_IMPORT_VAL_RS.CRS._H.xlsx,PT_Import_Val_2021-22,30.0,1751964622_PT_IMPORT_VAL_US$_H.xlsx,PT_Import_Val_2021-22,30.0,2026-08-21T15:32:19.354002+00:00,1.0
2021-11-01,2021,2021-22,November,Bitumen,EXPORT,0.0,0.0,PPAC,1751964598_PT_IMPORT_VAL_RS.CRS._H.xlsx,PT_Import_Val_2021-22,36.0,1751964622_PT_IMPORT_VAL_US$_H.xlsx,PT_Import_Val_2021-22,36.0,2026-08-21T15:32:19.354002+00:00,1.0
2021-11-01,2021,2021-22,November,Bitumen,IMPORT,635.5894596,85.318,PPAC,1751964598_PT_IMPORT_VAL_RS.CRS._H.xlsx,PT_Import_Val_2021-22,21.0,1751964622_PT_IMPORT_VAL_US$_H.xlsx,PT_Import_Val_2021-22,21.0,2026-08-21T15:32:19.354002+00:00,1.0
2021-11-01,2021,2021-22,November,CRUDE OIL,IMPORT,79009.388695268,10588.500877415287,PPAC,1751964598_PT_IMPORT_VAL_RS.CRS._H.xlsx,PT_Import_Val_2021-22,11.0,1751964622_PT_IMPORT_VAL_US$_H.xlsx,PT_Import_Val_2021-22,11.0,2026-08-21T15:32:19.354002+00:00,1.0
2021-11-01,2021,2021-22,November,Fuel Oil,EXPORT,265.3201312,35.44769964777013,PPAC,1751964598_PT_IMPORT_VAL_RS.CRS._H.xlsx,PT_Import_Val_2021-22,35.0,1751964622_PT_IMPORT_VAL_US$_H.xlsx,PT_Import_Val_2021-22,35.0,2026-08-21T15:32:19.354002+00:00,1.0
2021-11-01,2021,2021-22,November,Fuel Oil,IMPORT,2071.888144799333,278.293797907721,PPAC,1751964598_PT_IMPORT_VAL_RS.CRS._H.xlsx,PT_Import_Val_2021-22,20.0,1751964622_PT_IMPORT_VAL_US$_H.xlsx,PT_Import_Val_2021-22,20.0,2026-08-21T15:32:19.354002+00:00,1.0
2021-11-01,2021,2021-22,November,HSD,EXPORT,14150.786669754598,1899.492402418461,PPAC,1751964598_PT_IMPORT_VAL_RS.CRS._H.xlsx,PT_Import_Val_2021-22,32.0,1751964622_PT_IMPORT_VAL_US$_H.xlsx,PT_Import_Val_2021-22,32.0,2026-08-21T15:32:19.354002+00:00,1.0
2021-11-01,2021,2021-22,November,HSD,IMPORT,35.7928821,4.8047,PPAC,1751964598_PT_IMPORT_VAL_RS.CRS._H.xlsx,PT_Import_Val_2021-22,18.0,1751964622_PT_IMPORT_VAL_US$_H.xlsx,PT_Import_Val_2021-22,18.0,2026-08-21T15:32:19.354002+00:00,1.0
2021-11-01,2021,2021-22,November,LDO,EXPORT,0.0,0.0,PPAC,1751964598_PT_IMPORT_VAL_RS.CRS._H.xlsx,PT_Import_Val_2021-22,33.0,1751964622_PT_IMPORT_VAL_US$_H.xlsx,PT_Import_Val_2021-22,33.0,2026-08-21T15:32:19.354002+00:00,1.0
2021-11-01,2021,2021-22,November,LOBS/ Lube Oil,EXPORT,5.6899999999999995,0.7613560897861602,PPAC,1751964598_PT_IMPORT_VAL_RS.CRS._H.xlsx,PT_Import_Val_2021-22,34.0,1751964622_PT_IMPORT_VAL_US$_H.xlsx,PT_Import_Val_2021-22,34.0,2026-08-21T15:32:19.354002+00:00,1.0
2021-11-01,2021,2021-22,November,LOBS/ Lube oil,IMPORT,1442.3871379244001,193.51003686,PPAC,1751964598_PT_IMPORT_VAL_RS.CRS._H.xlsx,PT_Import_Val_2021-22,19.0,1751964622_PT_IMPORT_VAL_US$_H.xlsx,PT_Import_Val_2021-22,19.0,2026-08-21T15:32:19.354002+00:00,1.0
2021-11-01,2021,2021-22,November,LPG,EXPORT,326.8747872,43.35209379310344,PPAC,1751964598_PT_IMPORT_VAL_RS.CRS._H.xlsx,PT_Import_Val_2021-22,27.0,1751964622_PT_IMPORT_VAL_US$_H.xlsx,PT_Import_Val_2021-22,27.0,2026-08-21T15:32:19.354002+00:00,1.0
2021-11-01,2021,2021-22,November,LPG,IMPORT,10281.785349314856,1366.97254160022,PPAC,1751964598_PT_IMPORT_VAL_RS.CRS._H.xlsx,PT_Import_Val_2021-22,13.0,1751964622_PT_IMPORT_VAL_US$_H.xlsx,PT_Import_Val_2021-22,13.0,2026-08-21T15:32:19.354002+00:00,1.0
2021-11-01,2021,2021-22,November,MS,IMPORT,198.40835123955645,26.440021234,PPAC,1751964598_PT_IMPORT_VAL_RS.CRS._H.xlsx,PT_Import_Val_2021-22,14.0,1751964622_PT_IMPORT_VAL_US$_H.xlsx,PT_Import_Val_2021-22,14.0,2026-08-21T15:32:19.354002+00:00,1.0
2021-11-01,2021,2021-22,November,MS!,EXPORT,6181.9330105635,829.5740229194861,PPAC,1751964598_PT_IMPORT_VAL_RS.CRS._H.xlsx,PT_Import_Val_2021-22,28.0,1751964622_PT_IMPORT_VAL_US$_H.xlsx,PT_Import_Val_2021-22,28.0,2026-08-21T15:32:19.354002+00:00,1.0
2021-11-01,2021,2021-22,November,Naphtha,IMPORT,121.3917363,16.295,PPAC,1751964598_PT_IMPORT_VAL_RS.CRS._H.xlsx,PT_Import_Val_2021-22,15.0,1751964622_PT_IMPORT_VAL_US$_H.xlsx,PT_Import_Val_2021-22,15.0,2026-08-21T15:32:19.354002+00:00,1.0
2021-11-01,2021,2021-22,November,Naphtha$,EXPORT,3413.5411311686003,456.36267804362296,PPAC,1751964598_PT_IMPORT_VAL_RS.CRS._H.xlsx,PT_Import_Val_2021-22,29.0,1751964622_PT_IMPORT_VAL_US$_H.xlsx,PT_Import_Val_2021-22,29.0,2026-08-21T15:32:19.354002+00:00,1.0
2021-11-01,2021,2021-22,November,Others%,EXPORT,588.7074272509999,78.94156149224453,PPAC,1751964598_PT_IMPORT_VAL_RS.CRS._H.xlsx,PT_Import_Val_2021-22,38.0,1751964622_PT_IMPORT_VAL_US$_H.xlsx,PT_Import_Val_2021-22,38.0,2026-08-21T15:32:19.354002+00:00,1.0
2021-11-01,2021,2021-22,November,Others&,IMPORT,591.430799146,79.38138990000002,PPAC,1751964598_PT_IMPORT_VAL_RS.CRS._H.xlsx,PT_Import_Val_2021-22,23.0,1751964622_PT_IMPORT_VAL_US$_H.xlsx,PT_Import_Val_2021-22,23.0,2026-08-21T15:32:19.354002+00:00,1.0
2021-11-01,2021,2021-22,November,Petcoke,IMPORT,717.3893075000001,96.2983,PPAC,1751964598_PT_IMPORT_VAL_RS.CRS._H.xlsx,PT_Import_Val_2021-22,22.0,1751964622_PT_IMPORT_VAL_US$_H.xlsx,PT_Import_Val_2021-22,22.0,2026-08-21T15:32:19.354002+00:00,1.0
2021-11-01,2021,2021-22,November,Petcoke / CBFS,EXPORT,0.0,0.0,PPAC,1751964598_PT_IMPORT_VAL_RS.CRS._H.xlsx,PT_Import_Val_2021-22,37.0,1751964622_PT_IMPORT_VAL_US$_H.xlsx,PT_Import_Val_2021-22,37.0,2026-08-21T15:32:19.354002+00:00,1.0
2021-11-01,2021,2021-22,November,SKO,EXPORT,8.0263914,1.0645081432360741,PPAC,1751964598_PT_IMPORT_VAL_RS.CRS._H.xlsx,PT_Import_Val_2021-22,31.0,1751964622_PT_IMPORT_VAL_US$_H.xlsx,PT_Import_Val_2021-22,31.0,2026-08-21T15:32:19.354002+00:00,1.0
2021-11-01,2021,2021-22,November,SKO,IMPORT,0.0,0.0,PPAC,1751964598_PT_IMPORT_VAL_RS.CRS._H.xlsx,PT_Import_Val_2021-22,17.0,1751964622_PT_IMPORT_VAL_US$_H.xlsx,PT_Import_Val_2021-22,17.0,2026-08-21T15:32:19.354002+00:00,1.0
2021-12-01,2021,2021-22,December,ATF,IMPORT,0.0,0.0,PPAC,1751964598_PT_IMPORT_VAL_RS.CRS._H.xlsx,PT_Import_Val_2021-22,16.0,1751964622_PT_IMPORT_VAL_US$_H.xlsx,PT_Import_Val_2021-22,16.0,2026-08-21T15:32:19.354002+00:00,1.0
2021-12-01,2021,2021-22,December,ATF#,EXPORT,2768.224577091416,376.8521684189951,PPAC,1751964598_PT_IMPORT_VAL_RS.CRS._H.xlsx,PT_Import_Val_2021-22,30.0,1751964622_PT_IMPORT_VAL_US$_H.xlsx,PT_Import_Val_2021-22,30.0,2026-08-21T15:32:19.354002+00:00,1.0
2021-12-01,2021,2021-22,December,Bitumen,EXPORT,0.0,0.0,PPAC,1751964598_PT_IMPORT_VAL_RS.CRS._H.xlsx,PT_Import_Val_2021-22,36.0,1751964622_PT_IMPORT_VAL_US$_H.xlsx,PT_Import_Val_2021-22,36.0,2026-08-21T15:32:19.354002+00:00,1.0
2021-12-01,2021,2021-22,December,Bitumen,IMPORT,838.6688988000001,111.2698,PPAC,1751964598_PT_IMPORT_VAL_RS.CRS._H.xlsx,PT_Import_Val_2021-22,21.0,1751964622_PT_IMPORT_VAL_US$_H.xlsx,PT_Import_Val_2021-22,21.0,2026-08-21T15:32:19.354002+00:00,1.0
2021-12-01,2021,2021-22,December,CRUDE OIL,IMPORT,81771.14177899285,10887.089291441698,PPAC,1751964598_PT_IMPORT_VAL_RS.CRS._H.xlsx,PT_Import_Val_2021-22,11.0,1751964622_PT_IMPORT_VAL_US$_H.xlsx,PT_Import_Val_2021-22,11.0,2026-08-21T15:32:19.354002+00:00,1.0
2021-12-01,2021,2021-22,December,Fuel Oil,EXPORT,480.72942020000005,64.18731472082173,PPAC,1751964598_PT_IMPORT_VAL_RS.CRS._H.xlsx,PT_Import_Val_2021-22,35.0,1751964622_PT_IMPORT_VAL_US$_H.xlsx,PT_Import_Val_2021-22,35.0,2026-08-21T15:32:19.354002+00:00,1.0
2021-12-01,2021,2021-22,December,Fuel Oil,IMPORT,3041.794156568681,404.6227830908408,PPAC,1751964598_PT_IMPORT_VAL_RS.CRS._H.xlsx,PT_Import_Val_2021-22,20.0,1751964622_PT_IMPORT_VAL_US$_H.xlsx,PT_Import_Val_2021-22,20.0,2026-08-21T15:32:19.354002+00:00,1.0
2021-12-01,2021,2021-22,December,HSD,EXPORT,14804.945308560058,1970.5240515404694,PPAC,1751964598_PT_IMPORT_VAL_RS.CRS._H.xlsx,PT_Import_Val_2021-22,32.0,1751964622_PT_IMPORT_VAL_US$_H.xlsx,PT_Import_Val_2021-22,32.0,2026-08-21T15:32:19.354002+00:00,1.0
2021-12-01,2021,2021-22,December,HSD,IMPORT,30.897298999999997,4.0992999999999995,PPAC,1751964598_PT_IMPORT_VAL_RS.CRS._H.xlsx,PT_Import_Val_2021-22,18.0,1751964622_PT_IMPORT_VAL_US$_H.xlsx,PT_Import_Val_2021-22,18.0,2026-08-21T15:32:19.354002+00:00,1.0
2021-12-01,2021,2021-22,December,LDO,EXPORT,0.111848,0.015035354214276113,PPAC,1751964598_PT_IMPORT_VAL_RS.CRS._H.xlsx,PT_Import_Val_2021-22,33.0,1751964622_PT_IMPORT_VAL_US$_H.xlsx,PT_Import_Val_2021-22,33.0,2026-08-21T15:32:19.354002+00:00,1.0
2021-12-01,2021,2021-22,December,LOBS/ Lube Oil,EXPORT,16.72,2.2476139266030377,PPAC,1751964598_PT_IMPORT_VAL_RS.CRS._H.xlsx,PT_Import_Val_2021-22,34.0,1751964622_PT_IMPORT_VAL_US$_H.xlsx,PT_Import_Val_2021-22,34.0,2026-08-21T15:32:19.354002+00:00,1.0
2021-12-01,2021,2021-22,December,LOBS/ Lube oil,IMPORT,2130.484804445567,282.645515769,PPAC,1751964598_PT_IMPORT_VAL_RS.CRS._H.xlsx,PT_Import_Val_2021-22,19.0,1751964622_PT_IMPORT_VAL_US$_H.xlsx,PT_Import_Val_2021-22,19.0,2026-08-21T15:32:19.354002+00:00,1.0
2021-12-01,2021,2021-22,December,LPG,EXPORT,377.7933455,50.08529040169693,PPAC,1751964598_PT_IMPORT_VAL_RS.CRS._H.xlsx,PT_Import_Val_2021-22,27.0,1751964622_PT_IMPORT_VAL_US$_H.xlsx,PT_Import_Val_2021-22,27.0,2026-08-21T15:32:19.354002+00:00,1.0
2021-12-01,2021,2021-22,December,LPG,IMPORT,9846.542362302556,1313.937320660712,PPAC,1751964598_PT_IMPORT_VAL_RS.CRS._H.xlsx,PT_Import_Val_2021-22,13.0,1751964622_PT_IMPORT_VAL_US$_H.xlsx,PT_Import_Val_2021-22,13.0,2026-08-21T15:32:19.354002+00:00,1.0
2021-12-01,2021,2021-22,December,MS,IMPORT,0.1373363,0.0182,PPAC,1751964598_PT_IMPORT_VAL_RS.CRS._H.xlsx,PT_Import_Val_2021-22,14.0,1751964622_PT_IMPORT_VAL_US$_H.xlsx,PT_Import_Val_2021-22,14.0,2026-08-21T15:32:19.354002+00:00,1.0
2021-12-01,2021,2021-22,December,MS!,EXPORT,7997.376394106766,1059.4892225122562,PPAC,1751964598_PT_IMPORT_VAL_RS.CRS._H.xlsx,PT_Import_Val_2021-22,28.0,1751964622_PT_IMPORT_VAL_US$_H.xlsx,PT_Import_Val_2021-22,28.0,2026-08-21T15:32:19.354002+00:00,1.0
2021-12-01,2021,2021-22,December,Naphtha,IMPORT,0.0,0.0,PPAC,1751964598_PT_IMPORT_VAL_RS.CRS._H.xlsx,PT_Import_Val_2021-22,15.0,1751964622_PT_IMPORT_VAL_US$_H.xlsx,PT_Import_Val_2021-22,15.0,2026-08-21T15:32:19.354002+00:00,1.0
2021-12-01,2021,2021-22,December,Naphtha$,EXPORT,3457.3273850072305,459.47868141345896,PPAC,1751964598_PT_IMPORT_VAL_RS.CRS._H.xlsx,PT_Import_Val_2021-22,29.0,1751964622_PT_IMPORT_VAL_US$_H.xlsx,PT_Import_Val_2021-22,29.0,2026-08-21T15:32:19.354002+00:00,1.0
2021-12-01,2021,2021-22,December,Others%,EXPORT,743.1361960839,98.77733058727284,PPAC,1751964598_PT_IMPORT_VAL_RS.CRS._H.xlsx,PT_Import_Val_2021-22,38.0,1751964622_PT_IMPORT_VAL_US$_H.xlsx,PT_Import_Val_2021-22,38.0,2026-08-21T15:32:19.354002+00:00,1.0
2021-12-01,2021,2021-22,December,Others&,IMPORT,944.9247674612607,125.64770497424999,PPAC,1751964598_PT_IMPORT_VAL_RS.CRS._H.xlsx,PT_Import_Val_2021-22,23.0,1751964622_PT_IMPORT_VAL_US$_H.xlsx,PT_Import_Val_2021-22,23.0,2026-08-21T15:32:19.354002+00:00,1.0
2021-12-01,2021,2021-22,December,Petcoke,IMPORT,1775.9366044999997,235.62130000000002,PPAC,1751964598_PT_IMPORT_VAL_RS.CRS._H.xlsx,PT_Import_Val_2021-22,22.0,1751964622_PT_IMPORT_VAL_US$_H.xlsx,PT_Import_Val_2021-22,22.0,2026-08-21T15:32:19.354002+00:00,1.0
2021-12-01,2021,2021-22,December,Petcoke / CBFS,EXPORT,0.410383554,0.05530775660377358,PPAC,1751964598_PT_IMPORT_VAL_RS.CRS._H.xlsx,PT_Import_Val_2021-22,37.0,1751964622_PT_IMPORT_VAL_US$_H.xlsx,PT_Import_Val_2021-22,37.0,2026-08-21T15:32:19.354002+00:00,1.0
2021-12-01,2021,2021-22,December,SKO,EXPORT,7.4064675,0.9818994431923637,PPAC,1751964598_PT_IMPORT_VAL_RS.CRS._H.xlsx,PT_Import_Val_2021-22,31.0,1751964622_PT_IMPORT_VAL_US$_H.xlsx,PT_Import_Val_2021-22,31.0,2026-08-21T15:32:19.354002+00:00,1.0
2021-12-01,2021,2021-22,December,SKO,IMPORT,0.0,0.0,PPAC,1751964598_PT_IMPORT_VAL_RS.CRS._H.xlsx,PT_Import_Val_2021-22,17.0,1751964622_PT_IMPORT_VAL_US$_H.xlsx,PT_Import_Val_2021-22,17.0,2026-08-21T15:32:19.354002+00:00,1.0
2022-01-01,2022,2021-22,January,ATF,IMPORT,0.0,0.0,PPAC,1751964598_PT_IMPORT_VAL_RS.CRS._H.xlsx,PT_Import_Val_2021-22,16.0,1751964622_PT_IMPORT_VAL_US$_H.xlsx,PT_Import_Val_2021-22,16.0,2026-08-21T15:32:19.354002+00:00,1.0
2022-01-01,2022,2021-22,January,ATF#,EXPORT,2525.3479927,338.2721471971139,PPAC,1751964598_PT_IMPORT_VAL_RS.CRS._H.xlsx,PT_Import_Val_2021-22,30.0,1751964622_PT_IMPORT_VAL_US$_H.xlsx,PT_Import_Val_2021-22,30.0,2026-08-21T15:32:19.354002+00:00,1.0
2022-01-01,2022,2021-22,January,Bitumen,EXPORT,0.0,0.0,PPAC,1751964598_PT_IMPORT_VAL_RS.CRS._H.xlsx,PT_Import_Val_2021-22,36.0,1751964622_PT_IMPORT_VAL_US$_H.xlsx,PT_Import_Val_2021-22,36.0,2026-08-21T15:32:19.354002+00:00,1.0
2022-01-01,2022,2021-22,January,Bitumen,IMPORT,738.9137102000001,99.2609,PPAC,1751964598_PT_IMPORT_VAL_RS.CRS._H.xlsx,PT_Import_Val_2021-22,21.0,1751964622_PT_IMPORT_VAL_US$_H.xlsx,PT_Import_Val_2021-22,21.0,2026-08-21T15:32:19.354002+00:00,1.0
2022-01-01,2022,2021-22,January,CRUDE OIL,IMPORT,86692.5153827875,11573.41351840969,PPAC,1751964598_PT_IMPORT_VAL_RS.CRS._H.xlsx,PT_Import_Val_2021-22,11.0,1751964622_PT_IMPORT_VAL_US$_H.xlsx,PT_Import_Val_2021-22,11.0,2026-08-21T15:32:19.354002+00:00,1.0
2022-01-01,2022,2021-22,January,Fuel Oil,EXPORT,617.620044,82.30640265650894,PPAC,1751964598_PT_IMPORT_VAL_RS.CRS._H.xlsx,PT_Import_Val_2021-22,35.0,1751964622_PT_IMPORT_VAL_US$_H.xlsx,PT_Import_Val_2021-22,35.0,2026-08-21T15:32:19.354002+00:00,1.0
2022-01-01,2022,2021-22,January,Fuel Oil,IMPORT,2976.1114047939245,395.21262591844425,PPAC,1751964598_PT_IMPORT_VAL_RS.CRS._H.xlsx,PT_Import_Val_2021-22,20.0,1751964622_PT_IMPORT_VAL_US$_H.xlsx,PT_Import_Val_2021-22,20.0,2026-08-21T15:32:19.354002+00:00,1.0
2022-01-01,2022,2021-22,January,HSD,EXPORT,14187.666975430386,1904.0331047646766,PPAC,1751964598_PT_IMPORT_VAL_RS.CRS._H.xlsx,PT_Import_Val_2021-22,32.0,1751964622_PT_IMPORT_VAL_US$_H.xlsx,PT_Import_Val_2021-22,32.0,2026-08-21T15:32:19.354002+00:00,1.0
2022-01-01,2022,2021-22,January,HSD,IMPORT,17.4718726,2.3470999999999997,PPAC,1751964598_PT_IMPORT_VAL_RS.CRS._H.xlsx,PT_Import_Val_2021-22,18.0,1751964622_PT_IMPORT_VAL_US$_H.xlsx,PT_Import_Val_2021-22,18.0,2026-08-21T15:32:19.354002+00:00,1.0
2022-01-01,2022,2021-22,January,LDO,EXPORT,0.109641,0.014626600853788689,PPAC,1751964598_PT_IMPORT_VAL_RS.CRS._H.xlsx,PT_Import_Val_2021-22,33.0,1751964622_PT_IMPORT_VAL_US$_H.xlsx,PT_Import_Val_2021-22,33.0,2026-08-21T15:32:19.354002+00:00,1.0
2022-01-01,2022,2021-22,January,LOBS/ Lube Oil,EXPORT,6.04,0.8057630736392744,PPAC,1751964598_PT_IMPORT_VAL_RS.CRS._H.xlsx,PT_Import_Val_2021-22,34.0,1751964622_PT_IMPORT_VAL_US$_H.xlsx,PT_Import_Val_2021-22,34.0,2026-08-21T15:32:19.354002+00:00,1.0
2022-01-01,2022,2021-22,January,LOBS/ Lube oil,IMPORT,1053.875039,141.57050000000004,PPAC,1751964598_PT_IMPORT_VAL_RS.CRS._H.xlsx,PT_Import_Val_2021-22,19.0,1751964622_PT_IMPORT_VAL_US$_H.xlsx,PT_Import_Val_2021-22,19.0,2026-08-21T15:32:19.354002+00:00,1.0
2022-01-01,2022,2021-22,January,LPG,EXPORT,349.2428938,46.66527175307322,PPAC,1751964598_PT_IMPORT_VAL_RS.CRS._H.xlsx,PT_Import_Val_2021-22,27.0,1751964622_PT_IMPORT_VAL_US$_H.xlsx,PT_Import_Val_2021-22,27.0,2026-08-21T15:32:19.354002+00:00,1.0
2022-01-01,2022,2021-22,January,LPG,IMPORT,7748.172359162874,1036.3753581899,PPAC,1751964598_PT_IMPORT_VAL_RS.CRS._H.xlsx,PT_Import_Val_2021-22,13.0,1751964622_PT_IMPORT_VAL_US$_H.xlsx,PT_Import_Val_2021-22,13.0,2026-08-21T15:32:19.354002+00:00,1.0
2022-01-01,2022,2021-22,January,MS,IMPORT,0.0,0.0,PPAC,1751964598_PT_IMPORT_VAL_RS.CRS._H.xlsx,PT_Import_Val_2021-22,14.0,1751964622_PT_IMPORT_VAL_US$_H.xlsx,PT_Import_Val_2021-22,14.0,2026-08-21T15:32:19.354002+00:00,1.0
2022-01-01,2022,2021-22,January,MS!,EXPORT,7040.819287014001,945.4375625768739,PPAC,1751964598_PT_IMPORT_VAL_RS.CRS._H.xlsx,PT_Import_Val_2021-22,28.0,1751964622_PT_IMPORT_VAL_US$_H.xlsx,PT_Import_Val_2021-22,28.0,2026-08-21T15:32:19.354002+00:00,1.0
2022-01-01,2022,2021-22,January,Naphtha,IMPORT,0.0,0.0,PPAC,1751964598_PT_IMPORT_VAL_RS.CRS._H.xlsx,PT_Import_Val_2021-22,15.0,1751964622_PT_IMPORT_VAL_US$_H.xlsx,PT_Import_Val_2021-22,15.0,2026-08-21T15:32:19.354002+00:00,1.0
2022-01-01,2022,2021-22,January,Naphtha$,EXPORT,2885.88801469048,386.23964906568403,PPAC,1751964598_PT_IMPORT_VAL_RS.CRS._H.xlsx,PT_Import_Val_2021-22,29.0,1751964622_PT_IMPORT_VAL_US$_H.xlsx,PT_Import_Val_2021-22,29.0,2026-08-21T15:32:19.354002+00:00,1.0
2022-01-01,2022,2021-22,January,Others%,EXPORT,1062.0379159210001,142.21592729635,PPAC,1751964598_PT_IMPORT_VAL_RS.CRS._H.xlsx,PT_Import_Val_2021-22,38.0,1751964622_PT_IMPORT_VAL_US$_H.xlsx,PT_Import_Val_2021-22,38.0,2026-08-21T15:32:19.354002+00:00,1.0
2022-01-01,2022,2021-22,January,Others&,IMPORT,1122.382919153704,149.95098314299997,PPAC,1751964598_PT_IMPORT_VAL_RS.CRS._H.xlsx,PT_Import_Val_2021-22,23.0,1751964622_PT_IMPORT_VAL_US$_H.xlsx,PT_Import_Val_2021-22,23.0,2026-08-21T15:32:19.354002+00:00,1.0
2022-01-01,2022,2021-22,January,Petcoke,IMPORT,1478.84619,198.6587,PPAC,1751964598_PT_IMPORT_VAL_RS.CRS._H.xlsx,PT_Import_Val_2021-22,22.0,1751964622_PT_IMPORT_VAL_US$_H.xlsx,PT_Import_Val_2021-22,22.0,2026-08-21T15:32:19.354002+00:00,1.0
2022-01-01,2022,2021-22,January,Petcoke / CBFS,EXPORT,0.0,0.0,PPAC,1751964598_PT_IMPORT_VAL_RS.CRS._H.xlsx,PT_Import_Val_2021-22,37.0,1751964622_PT_IMPORT_VAL_US$_H.xlsx,PT_Import_Val_2021-22,37.0,2026-08-21T15:32:19.354002+00:00,1.0
2022-01-01,2022,2021-22,January,SKO,EXPORT,6.8083256,0.9097174772848744,PPAC,1751964598_PT_IMPORT_VAL_RS.CRS._H.xlsx,PT_Import_Val_2021-22,31.0,1751964622_PT_IMPORT_VAL_US$_H.xlsx,PT_Import_Val_2021-22,31.0,2026-08-21T15:32:19.354002+00:00,1.0
2022-01-01,2022,2021-22,January,SKO,IMPORT,0.0,0.0,PPAC,1751964598_PT_IMPORT_VAL_RS.CRS._H.xlsx,PT_Import_Val_2021-22,17.0,1751964622_PT_IMPORT_VAL_US$_H.xlsx,PT_Import_Val_2021-22,17.0,2026-08-21T15:32:19.354002+00:00,1.0
2022-02-01,2022,2021-22,February,ATF,IMPORT,0.0,0.0,PPAC,1751964598_PT_IMPORT_VAL_RS.CRS._H.xlsx,PT_Import_Val_2021-22,16.0,1751964622_PT_IMPORT_VAL_US$_H.xlsx,PT_Import_Val_2021-22,16.0,2026-08-21T15:32:19.354002+00:00,1.0
2022-02-01,2022,2021-22,February,ATF#,EXPORT,2627.921983832,350.02464480205197,PPAC,1751964598_PT_IMPORT_VAL_RS.CRS._H.xlsx,PT_Import_Val_2021-22,30.0,1751964622_PT_IMPORT_VAL_US$_H.xlsx,PT_Import_Val_2021-22,30.0,2026-08-21T15:32:19.354002+00:00,1.0
2022-02-01,2022,2021-22,February,Bitumen,EXPORT,0.0,0.0,PPAC,1751964598_PT_IMPORT_VAL_RS.CRS._H.xlsx,PT_Import_Val_2021-22,36.0,1751964622_PT_IMPORT_VAL_US$_H.xlsx,PT_Import_Val_2021-22,36.0,2026-08-21T15:32:19.354002+00:00,1.0
2022-02-01,2022,2021-22,February,Bitumen,IMPORT,744.0255744,99.1993,PPAC,1751964598_PT_IMPORT_VAL_RS.CRS._H.xlsx,PT_Import_Val_2021-22,21.0,1751964622_PT_IMPORT_VAL_US$_H.xlsx,PT_Import_Val_2021-22,21.0,2026-08-21T15:32:19.354002+00:00,1.0
2022-02-01,2022,2021-22,February,CRUDE OIL,IMPORT,87441.41636894748,11618.667114456433,PPAC,1751964598_PT_IMPORT_VAL_RS.CRS._H.xlsx,PT_Import_Val_2021-22,11.0,1751964622_PT_IMPORT_VAL_US$_H.xlsx,PT_Import_Val_2021-22,11.0,2026-08-21T15:32:19.354002+00:00,1.0
2022-02-01,2022,2021-22,February,Fuel Oil,EXPORT,400.7434773,53.172222697189994,PPAC,1751964598_PT_IMPORT_VAL_RS.CRS._H.xlsx,PT_Import_Val_2021-22,35.0,1751964622_PT_IMPORT_VAL_US$_H.xlsx,PT_Import_Val_2021-22,35.0,2026-08-21T15:32:19.354002+00:00,1.0
2022-02-01,2022,2021-22,February,Fuel Oil,IMPORT,3784.255410547338,504.83354340416605,PPAC,1751964598_PT_IMPORT_VAL_RS.CRS._H.xlsx,PT_Import_Val_2021-22,20.0,1751964622_PT_IMPORT_VAL_US$_H.xlsx,PT_Import_Val_2021-22,20.0,2026-08-21T15:32:19.354002+00:00,1.0
2022-02-01,2022,2021-22,February,HSD,EXPORT,14940.455816372309,1991.8067637540496,PPAC,1751964598_PT_IMPORT_VAL_RS.CRS._H.xlsx,PT_Import_Val_2021-22,32.0,1751964622_PT_IMPORT_VAL_US$_H.xlsx,PT_Import_Val_2021-22,32.0,2026-08-21T15:32:19.354002+00:00,1.0
2022-02-01,2022,2021-22,February,HSD,IMPORT,35.5736349,4.742899999999999,PPAC,1751964598_PT_IMPORT_VAL_RS.CRS._H.xlsx,PT_Import_Val_2021-22,18.0,1751964622_PT_IMPORT_VAL_US$_H.xlsx,PT_Import_Val_2021-22,18.0,2026-08-21T15:32:19.354002+00:00,1.0
2022-02-01,2022,2021-22,February,LDO,EXPORT,0.0,0.0,PPAC,1751964598_PT_IMPORT_VAL_RS.CRS._H.xlsx,PT_Import_Val_2021-22,33.0,1751964622_PT_IMPORT_VAL_US$_H.xlsx,PT_Import_Val_2021-22,33.0,2026-08-21T15:32:19.354002+00:00,1.0
2022-02-01,2022,2021-22,February,LOBS/ Lube Oil,EXPORT,34.94,4.628158750813273,PPAC,1751964598_PT_IMPORT_VAL_RS.CRS._H.xlsx,PT_Import_Val_2021-22,34.0,1751964622_PT_IMPORT_VAL_US$_H.xlsx,PT_Import_Val_2021-22,34.0,2026-08-21T15:32:19.354002+00:00,1.0
2022-02-01,2022,2021-22,February,LOBS/ Lube oil,IMPORT,1459.0109165000001,194.5264,PPAC,1751964598_PT_IMPORT_VAL_RS.CRS._H.xlsx,PT_Import_Val_2021-22,19.0,1751964622_PT_IMPORT_VAL_US$_H.xlsx,PT_Import_Val_2021-22,19.0,2026-08-21T15:32:19.354002+00:00,1.0
2022-02-01,2022,2021-22,February,LPG,EXPORT,302.8977773,40.359463997335105,PPAC,1751964598_PT_IMPORT_VAL_RS.CRS._H.xlsx,PT_Import_Val_2021-22,27.0,1751964622_PT_IMPORT_VAL_US$_H.xlsx,PT_Import_Val_2021-22,27.0,2026-08-21T15:32:19.354002+00:00,1.0
2022-02-01,2022,2021-22,February,LPG,IMPORT,7419.082399776278,986.5763866755501,PPAC,1751964598_PT_IMPORT_VAL_RS.CRS._H.xlsx,PT_Import_Val_2021-22,13.0,1751964622_PT_IMPORT_VAL_US$_H.xlsx,PT_Import_Val_2021-22,13.0,2026-08-21T15:32:19.354002+00:00,1.0
2022-02-01,2022,2021-22,February,MS,IMPORT,0.0749366,0.01,PPAC,1751964598_PT_IMPORT_VAL_RS.CRS._H.xlsx,PT_Import_Val_2021-22,14.0,1751964622_PT_IMPORT_VAL_US$_H.xlsx,PT_Import_Val_2021-22,14.0,2026-08-21T15:32:19.354002+00:00,1.0
2022-02-01,2022,2021-22,February,MS!,EXPORT,8675.349936019971,1156.795337323441,PPAC,1751964598_PT_IMPORT_VAL_RS.CRS._H.xlsx,PT_Import_Val_2021-22,28.0,1751964622_PT_IMPORT_VAL_US$_H.xlsx,PT_Import_Val_2021-22,28.0,2026-08-21T15:32:19.354002+00:00,1.0
2022-02-01,2022,2021-22,February,Naphtha,IMPORT,0.0,0.0,PPAC,1751964598_PT_IMPORT_VAL_RS.CRS._H.xlsx,PT_Import_Val_2021-22,15.0,1751964622_PT_IMPORT_VAL_US$_H.xlsx,PT_Import_Val_2021-22,15.0,2026-08-21T15:32:19.354002+00:00,1.0
2022-02-01,2022,2021-22,February,Naphtha$,EXPORT,2792.9086558152,370.63763435414154,PPAC,1751964598_PT_IMPORT_VAL_RS.CRS._H.xlsx,PT_Import_Val_2021-22,29.0,1751964622_PT_IMPORT_VAL_US$_H.xlsx,PT_Import_Val_2021-22,29.0,2026-08-21T15:32:19.354002+00:00,1.0
2022-02-01,2022,2021-22,February,Others%,EXPORT,851.2908468201224,113.64824440564199,PPAC,1751964598_PT_IMPORT_VAL_RS.CRS._H.xlsx,PT_Import_Val_2021-22,38.0,1751964622_PT_IMPORT_VAL_US$_H.xlsx,PT_Import_Val_2021-22,38.0,2026-08-21T15:32:19.354002+00:00,1.0
2022-02-01,2022,2021-22,February,Others&,IMPORT,568.2339096431499,75.7628583857,PPAC,1751964598_PT_IMPORT_VAL_RS.CRS._H.xlsx,PT_Import_Val_2021-22,23.0,1751964622_PT_IMPORT_VAL_US$_H.xlsx,PT_Import_Val_2021-22,23.0,2026-08-21T15:32:19.354002+00:00,1.0
2022-02-01,2022,2021-22,February,Petcoke,IMPORT,866.0148824,115.4639,PPAC,1751964598_PT_IMPORT_VAL_RS.CRS._H.xlsx,PT_Import_Val_2021-22,22.0,1751964622_PT_IMPORT_VAL_US$_H.xlsx,PT_Import_Val_2021-22,22.0,2026-08-21T15:32:19.354002+00:00,1.0
2022-02-01,2022,2021-22,February,Petcoke / CBFS,EXPORT,33.3,4.47,PPAC,1751964598_PT_IMPORT_VAL_RS.CRS._H.xlsx,PT_Import_Val_2021-22,37.0,1751964622_PT_IMPORT_VAL_US$_H.xlsx,PT_Import_Val_2021-22,37.0,2026-08-21T15:32:19.354002+00:00,1.0
2022-02-01,2022,2021-22,February,SKO,EXPORT,6.6603482,0.8874547901399068,PPAC,1751964598_PT_IMPORT_VAL_RS.CRS._H.xlsx,PT_Import_Val_2021-22,31.0,1751964622_PT_IMPORT_VAL_US$_H.xlsx,PT_Import_Val_2021-22,31.0,2026-08-21T15:32:19.354002+00:00,1.0
2022-02-01,2022,2021-22,February,SKO,IMPORT,0.0,0.0,PPAC,1751964598_PT_IMPORT_VAL_RS.CRS._H.xlsx,PT_Import_Val_2021-22,17.0,1751964622_PT_IMPORT_VAL_US$_H.xlsx,PT_Import_Val_2021-22,17.0,2026-08-21T15:32:19.354002+00:00,1.0
2022-03-01,2022,2021-22,March,ATF,IMPORT,0.0,0.0,PPAC,1751964598_PT_IMPORT_VAL_RS.CRS._H.xlsx,PT_Import_Val_2021-22,16.0,1751964622_PT_IMPORT_VAL_US$_H.xlsx,PT_Import_Val_2021-22,16.0,2026-08-21T15:32:19.354002+00:00,1.0
2022-03-01,2022,2021-22,March,ATF#,EXPORT,4813.082506648777,642.1258462368853,PPAC,1751964598_PT_IMPORT_VAL_RS.CRS._H.xlsx,PT_Import_Val_2021-22,30.0,1751964622_PT_IMPORT_VAL_US$_H.xlsx,PT_Import_Val_2021-22,30.0,2026-08-21T15:32:19.354002+00:00,1.0
2022-03-01,2022,2021-22,March,Bitumen,EXPORT,0.0,0.0,PPAC,1751964598_PT_IMPORT_VAL_RS.CRS._H.xlsx,PT_Import_Val_2021-22,36.0,1751964622_PT_IMPORT_VAL_US$_H.xlsx,PT_Import_Val_2021-22,36.0,2026-08-21T15:32:19.354002+00:00,1.0
2022-03-01,2022,2021-22,March,Bitumen,IMPORT,1017.5288219,133.456,PPAC,1751964598_PT_IMPORT_VAL_RS.CRS._H.xlsx,PT_Import_Val_2021-22,21.0,1751964622_PT_IMPORT_VAL_US$_H.xlsx,PT_Import_Val_2021-22,21.0,2026-08-21T15:32:19.354002+00:00,1.0
2022-03-01,2022,2021-22,March,CRUDE OIL,IMPORT,113228.86524779514,14873.640267261206,PPAC,1751964598_PT_IMPORT_VAL_RS.CRS._H.xlsx,PT_Import_Val_2021-22,11.0,1751964622_PT_IMPORT_VAL_US$_H.xlsx,PT_Import_Val_2021-22,11.0,2026-08-21T15:32:19.354002+00:00,1.0
2022-03-01,2022,2021-22,March,Fuel Oil,EXPORT,559.5544966,72.951309895122,PPAC,1751964598_PT_IMPORT_VAL_RS.CRS._H.xlsx,PT_Import_Val_2021-22,35.0,1751964622_PT_IMPORT_VAL_US$_H.xlsx,PT_Import_Val_2021-22,35.0,2026-08-21T15:32:19.354002+00:00,1.0
2022-03-01,2022,2021-22,March,Fuel Oil,IMPORT,5471.331013170344,719.8660492131039,PPAC,1751964598_PT_IMPORT_VAL_RS.CRS._H.xlsx,PT_Import_Val_2021-22,20.0,1751964622_PT_IMPORT_VAL_US$_H.xlsx,PT_Import_Val_2021-22,20.0,2026-08-21T15:32:19.354002+00:00,1.0
2022-03-01,2022,2021-22,March,HSD,EXPORT,26499.334133651955,3486.477885875761,PPAC,1751964598_PT_IMPORT_VAL_RS.CRS._H.xlsx,PT_Import_Val_2021-22,32.0,1751964622_PT_IMPORT_VAL_US$_H.xlsx,PT_Import_Val_2021-22,32.0,2026-08-21T15:32:19.354002+00:00,1.0
2022-03-01,2022,2021-22,March,HSD,IMPORT,38.1342516,5.0016,PPAC,1751964598_PT_IMPORT_VAL_RS.CRS._H.xlsx,PT_Import_Val_2021-22,18.0,1751964622_PT_IMPORT_VAL_US$_H.xlsx,PT_Import_Val_2021-22,18.0,2026-08-21T15:32:19.354002+00:00,1.0
2022-03-01,2022,2021-22,March,LDO,EXPORT,0.0,0.0,PPAC,1751964598_PT_IMPORT_VAL_RS.CRS._H.xlsx,PT_Import_Val_2021-22,33.0,1751964622_PT_IMPORT_VAL_US$_H.xlsx,PT_Import_Val_2021-22,33.0,2026-08-21T15:32:19.354002+00:00,1.0
2022-03-01,2022,2021-22,March,LOBS/ Lube Oil,EXPORT,19.64311998,2.59144063060686,PPAC,1751964598_PT_IMPORT_VAL_RS.CRS._H.xlsx,PT_Import_Val_2021-22,34.0,1751964622_PT_IMPORT_VAL_US$_H.xlsx,PT_Import_Val_2021-22,34.0,2026-08-21T15:32:19.354002+00:00,1.0
2022-03-01,2022,2021-22,March,LOBS/ Lube oil,IMPORT,2061.1262651,270.33099999999985,PPAC,1751964598_PT_IMPORT_VAL_RS.CRS._H.xlsx,PT_Import_Val_2021-22,19.0,1751964622_PT_IMPORT_VAL_US$_H.xlsx,PT_Import_Val_2021-22,19.0,2026-08-21T15:32:19.354002+00:00,1.0
2022-03-01,2022,2021-22,March,LPG,EXPORT,266.3737781,34.934265980327865,PPAC,1751964598_PT_IMPORT_VAL_RS.CRS._H.xlsx,PT_Import_Val_2021-22,27.0,1751964622_PT_IMPORT_VAL_US$_H.xlsx,PT_Import_Val_2021-22,27.0,2026-08-21T15:32:19.354002+00:00,1.0
2022-03-01,2022,2021-22,March,LPG,IMPORT,10123.066217309477,1325.66471873142,PPAC,1751964598_PT_IMPORT_VAL_RS.CRS._H.xlsx,PT_Import_Val_2021-22,13.0,1751964622_PT_IMPORT_VAL_US$_H.xlsx,PT_Import_Val_2021-22,13.0,2026-08-21T15:32:19.354002+00:00,1.0
2022-03-01,2022,2021-22,March,MS,IMPORT,0.0,0.0,PPAC,1751964598_PT_IMPORT_VAL_RS.CRS._H.xlsx,PT_Import_Val_2021-22,14.0,1751964622_PT_IMPORT_VAL_US$_H.xlsx,PT_Import_Val_2021-22,14.0,2026-08-21T15:32:19.354002+00:00,1.0
2022-03-01,2022,2021-22,March,MS!,EXPORT,13824.84104634585,1773.3529301838096,PPAC,1751964598_PT_IMPORT_VAL_RS.CRS._H.xlsx,PT_Import_Val_2021-22,28.0,1751964622_PT_IMPORT_VAL_US$_H.xlsx,PT_Import_Val_2021-22,28.0,2026-08-21T15:32:19.354002+00:00,1.0
2022-03-01,2022,2021-22,March,Naphtha,IMPORT,843.9166898999999,110.6856,PPAC,1751964598_PT_IMPORT_VAL_RS.CRS._H.xlsx,PT_Import_Val_2021-22,15.0,1751964622_PT_IMPORT_VAL_US$_H.xlsx,PT_Import_Val_2021-22,15.0,2026-08-21T15:32:19.354002+00:00,1.0
2022-03-01,2022,2021-22,March,Naphtha$,EXPORT,5921.959712791999,777.8298026000001,PPAC,1751964598_PT_IMPORT_VAL_RS.CRS._H.xlsx,PT_Import_Val_2021-22,29.0,1751964622_PT_IMPORT_VAL_US$_H.xlsx,PT_Import_Val_2021-22,29.0,2026-08-21T15:32:19.354002+00:00,1.0
2022-03-01,2022,2021-22,March,Others%,EXPORT,1218.8039141556874,159.83910310257497,PPAC,1751964598_PT_IMPORT_VAL_RS.CRS._H.xlsx,PT_Import_Val_2021-22,38.0,1751964622_PT_IMPORT_VAL_US$_H.xlsx,PT_Import_Val_2021-22,38.0,2026-08-21T15:32:19.354002+00:00,1.0
2022-03-01,2022,2021-22,March,Others&,IMPORT,669.5735555025001,87.83882652816,PPAC,1751964598_PT_IMPORT_VAL_RS.CRS._H.xlsx,PT_Import_Val_2021-22,23.0,1751964622_PT_IMPORT_VAL_US$_H.xlsx,PT_Import_Val_2021-22,23.0,2026-08-21T15:32:19.354002+00:00,1.0
2022-03-01,2022,2021-22,March,Petcoke,IMPORT,727.9352726999999,95.4738,PPAC,1751964598_PT_IMPORT_VAL_RS.CRS._H.xlsx,PT_Import_Val_2021-22,22.0,1751964622_PT_IMPORT_VAL_US$_H.xlsx,PT_Import_Val_2021-22,22.0,2026-08-21T15:32:19.354002+00:00,1.0
2022-03-01,2022,2021-22,March,Petcoke / CBFS,EXPORT,17.51261485,2.307525,PPAC,1751964598_PT_IMPORT_VAL_RS.CRS._H.xlsx,PT_Import_Val_2021-22,37.0,1751964622_PT_IMPORT_VAL_US$_H.xlsx,PT_Import_Val_2021-22,37.0,2026-08-21T15:32:19.354002+00:00,1.0
2022-03-01,2022,2021-22,March,SKO,EXPORT,7.4723943,0.9799861377049182,PPAC,1751964598_PT_IMPORT_VAL_RS.CRS._H.xlsx,PT_Import_Val_2021-22,31.0,1751964622_PT_IMPORT_VAL_US$_H.xlsx,PT_Import_Val_2021-22,31.0,2026-08-21T15:32:19.354002+00:00,1.0
2022-03-01,2022,2021-22,March,SKO,IMPORT,0.0,0.0,PPAC,1751964598_PT_IMPORT_VAL_RS.CRS._H.xlsx,PT_Import_Val_2021-22,17.0,1751964622_PT_IMPORT_VAL_US$_H.xlsx,PT_Import_Val_2021-22,17.0,2026-08-21T15:32:19.354002+00:00,1.0
2022-04-01,2022,2022-23,April,ATF,IMPORT,0.0,0.0,PPAC,1751964598_PT_IMPORT_VAL_RS.CRS._H.xlsx,PT_Import_Val_2022-23,16.0,1751964622_PT_IMPORT_VAL_US$_H.xlsx,PT_Import_Val_2022-23,16.0,2026-08-21T15:32:19.327782+00:00,1.0
2022-04-01,2022,2022-23,April,ATF#,EXPORT,2889.122334846,379.05712744278685,PPAC,1751964598_PT_IMPORT_VAL_RS.CRS._H.xlsx,PT_Import_Val_2022-23,30.0,1751964622_PT_IMPORT_VAL_US$_H.xlsx,PT_Import_Val_2022-23,30.0,2026-08-21T15:32:19.327782+00:00,1.0
2022-04-01,2022,2022-23,April,Bitumen,EXPORT,0.1164737,0.015275239344262294,PPAC,1751964598_PT_IMPORT_VAL_RS.CRS._H.xlsx,PT_Import_Val_2022-23,36.0,1751964622_PT_IMPORT_VAL_US$_H.xlsx,PT_Import_Val_2022-23,36.0,2026-08-21T15:32:19.327782+00:00,1.0
2022-04-01,2022,2022-23,April,Bitumen,IMPORT,1047.5565344,137.5327,PPAC,1751964598_PT_IMPORT_VAL_RS.CRS._H.xlsx,PT_Import_Val_2022-23,21.0,1751964622_PT_IMPORT_VAL_US$_H.xlsx,PT_Import_Val_2022-23,21.0,2026-08-21T15:32:19.327782+00:00,1.0
2022-04-01,2022,2022-23,April,CRUDE OIL,IMPORT,128800.06584155018,16814.63885159072,PPAC,1751964598_PT_IMPORT_VAL_RS.CRS._H.xlsx,PT_Import_Val_2022-23,11.0,1751964622_PT_IMPORT_VAL_US$_H.xlsx,PT_Import_Val_2022-23,11.0,2026-08-21T15:32:19.327782+00:00,1.0
2022-04-01,2022,2022-23,April,Fuel Oil,EXPORT,261.256768108,34.310429852,PPAC,1751964598_PT_IMPORT_VAL_RS.CRS._H.xlsx,PT_Import_Val_2022-23,35.0,1751964622_PT_IMPORT_VAL_US$_H.xlsx,PT_Import_Val_2022-23,35.0,2026-08-21T15:32:19.327782+00:00,1.0
2022-04-01,2022,2022-23,April,Fuel Oil,IMPORT,5016.075287556094,658.8636802187889,PPAC,1751964598_PT_IMPORT_VAL_RS.CRS._H.xlsx,PT_Import_Val_2022-23,20.0,1751964622_PT_IMPORT_VAL_US$_H.xlsx,PT_Import_Val_2022-23,20.0,2026-08-21T15:32:19.327782+00:00,1.0
2022-04-01,2022,2022-23,April,HSD,EXPORT,22851.559414085554,2971.317222859957,PPAC,1751964598_PT_IMPORT_VAL_RS.CRS._H.xlsx,PT_Import_Val_2022-23,32.0,1751964622_PT_IMPORT_VAL_US$_H.xlsx,PT_Import_Val_2022-23,32.0,2026-08-21T15:32:19.327782+00:00,1.0
2022-04-01,2022,2022-23,April,HSD,IMPORT,22.398762599999998,2.9406,PPAC,1751964598_PT_IMPORT_VAL_RS.CRS._H.xlsx,PT_Import_Val_2022-23,18.0,1751964622_PT_IMPORT_VAL_US$_H.xlsx,PT_Import_Val_2022-23,18.0,2026-08-21T15:32:19.327782+00:00,1.0
2022-04-01,2022,2022-23,April,LDO,EXPORT,0.78996,0.10360131147540984,PPAC,1751964598_PT_IMPORT_VAL_RS.CRS._H.xlsx,PT_Import_Val_2022-23,33.0,1751964622_PT_IMPORT_VAL_US$_H.xlsx,PT_Import_Val_2022-23,33.0,2026-08-21T15:32:19.327782+00:00,1.0
2022-04-01,2022,2022-23,April,LOBS/ Lube Oil,EXPORT,34.47028954882,4.496951342562229,PPAC,1751964598_PT_IMPORT_VAL_RS.CRS._H.xlsx,PT_Import_Val_2022-23,34.0,1751964622_PT_IMPORT_VAL_US$_H.xlsx,PT_Import_Val_2022-23,34.0,2026-08-21T15:32:19.327782+00:00,1.0
2022-04-01,2022,2022-23,April,LOBS/ Lube oil,IMPORT,1591.074813046877,208.87058701000004,PPAC,1751964598_PT_IMPORT_VAL_RS.CRS._H.xlsx,PT_Import_Val_2022-23,19.0,1751964622_PT_IMPORT_VAL_US$_H.xlsx,PT_Import_Val_2022-23,19.0,2026-08-21T15:32:19.327782+00:00,1.0
2022-04-01,2022,2022-23,April,LPG,EXPORT,396.9238975,52.0555931147541,PPAC,1751964598_PT_IMPORT_VAL_RS.CRS._H.xlsx,PT_Import_Val_2022-23,27.0,1751964622_PT_IMPORT_VAL_US$_H.xlsx,PT_Import_Val_2022-23,27.0,2026-08-21T15:32:19.327782+00:00,1.0
2022-04-01,2022,2022-23,April,LPG,IMPORT,11742.672247232804,1536.0093605733496,PPAC,1751964598_PT_IMPORT_VAL_RS.CRS._H.xlsx,PT_Import_Val_2022-23,13.0,1751964622_PT_IMPORT_VAL_US$_H.xlsx,PT_Import_Val_2022-23,13.0,2026-08-21T15:32:19.327782+00:00,1.0
2022-04-01,2022,2022-23,April,MS,IMPORT,0.0,0.0,PPAC,1751964598_PT_IMPORT_VAL_RS.CRS._H.xlsx,PT_Import_Val_2022-23,14.0,1751964622_PT_IMPORT_VAL_US$_H.xlsx,PT_Import_Val_2022-23,14.0,2026-08-21T15:32:19.327782+00:00,1.0
2022-04-01,2022,2022-23,April,MS!,EXPORT,12030.341100920748,1579.2896446849109,PPAC,1751964598_PT_IMPORT_VAL_RS.CRS._H.xlsx,PT_Import_Val_2022-23,28.0,1751964622_PT_IMPORT_VAL_US$_H.xlsx,PT_Import_Val_2022-23,28.0,2026-08-21T15:32:19.327782+00:00,1.0
2022-04-01,2022,2022-23,April,Naphtha,IMPORT,241.16155640693927,31.82344363,PPAC,1751964598_PT_IMPORT_VAL_RS.CRS._H.xlsx,PT_Import_Val_2022-23,15.0,1751964622_PT_IMPORT_VAL_US$_H.xlsx,PT_Import_Val_2022-23,15.0,2026-08-21T15:32:19.327782+00:00,1.0
2022-04-01,2022,2022-23,April,Naphtha$,EXPORT,4217.798558753566,553.075623569328,PPAC,1751964598_PT_IMPORT_VAL_RS.CRS._H.xlsx,PT_Import_Val_2022-23,29.0,1751964622_PT_IMPORT_VAL_US$_H.xlsx,PT_Import_Val_2022-23,29.0,2026-08-21T15:32:19.327782+00:00,1.0
2022-04-01,2022,2022-23,April,Others%,EXPORT,1788.2916870606,234.18003244168415,PPAC,1751964598_PT_IMPORT_VAL_RS.CRS._H.xlsx,PT_Import_Val_2022-23,38.0,1751964622_PT_IMPORT_VAL_US$_H.xlsx,PT_Import_Val_2022-23,38.0,2026-08-21T15:32:19.327782+00:00,1.0
2022-04-01,2022,2022-23,April,Others&,IMPORT,1091.9774634221205,143.62680641,PPAC,1751964598_PT_IMPORT_VAL_RS.CRS._H.xlsx,PT_Import_Val_2022-23,23.0,1751964622_PT_IMPORT_VAL_US$_H.xlsx,PT_Import_Val_2022-23,23.0,2026-08-21T15:32:19.327782+00:00,1.0
2022-04-01,2022,2022-23,April,Petcoke,IMPORT,1704.7948859,223.821,PPAC,1751964598_PT_IMPORT_VAL_RS.CRS._H.xlsx,PT_Import_Val_2022-23,22.0,1751964622_PT_IMPORT_VAL_US$_H.xlsx,PT_Import_Val_2022-23,22.0,2026-08-21T15:32:19.327782+00:00,1.0
2022-04-01,2022,2022-23,April,Petcoke / CBFS,EXPORT,15.541077893999999,2.0392680000000003,PPAC,1751964598_PT_IMPORT_VAL_RS.CRS._H.xlsx,PT_Import_Val_2022-23,37.0,1751964622_PT_IMPORT_VAL_US$_H.xlsx,PT_Import_Val_2022-23,37.0,2026-08-21T15:32:19.327782+00:00,1.0
2022-04-01,2022,2022-23,April,SKO,EXPORT,17.4011253,2.282114793442623,PPAC,1751964598_PT_IMPORT_VAL_RS.CRS._H.xlsx,PT_Import_Val_2022-23,31.0,1751964622_PT_IMPORT_VAL_US$_H.xlsx,PT_Import_Val_2022-23,31.0,2026-08-21T15:32:19.327782+00:00,1.0
2022-04-01,2022,2022-23,April,SKO,IMPORT,0.0,0.0,PPAC,1751964598_PT_IMPORT_VAL_RS.CRS._H.xlsx,PT_Import_Val_2022-23,17.0,1751964622_PT_IMPORT_VAL_US$_H.xlsx,PT_Import_Val_2022-23,17.0,2026-08-21T15:32:19.327782+00:00,1.0
2022-05-01,2022,2022-23,May,ATF,IMPORT,0.0013425,0.0002,PPAC,1751964598_PT_IMPORT_VAL_RS.CRS._H.xlsx,PT_Import_Val_2022-23,16.0,1751964622_PT_IMPORT_VAL_US$_H.xlsx,PT_Import_Val_2022-23,16.0,2026-08-21T15:32:19.327782+00:00,1.0
2022-05-01,2022,2022-23,May,ATF#,EXPORT,4073.10439297,526.1492610426081,PPAC,1751964598_PT_IMPORT_VAL_RS.CRS._H.xlsx,PT_Import_Val_2022-23,30.0,1751964622_PT_IMPORT_VAL_US$_H.xlsx,PT_Import_Val_2022-23,30.0,2026-08-21T15:32:19.327782+00:00,1.0
2022-05-01,2022,2022-23,May,Bitumen,EXPORT,0.7778321,0.10011997683099498,PPAC,1751964598_PT_IMPORT_VAL_RS.CRS._H.xlsx,PT_Import_Val_2022-23,36.0,1751964622_PT_IMPORT_VAL_US$_H.xlsx,PT_Import_Val_2022-23,36.0,2026-08-21T15:32:19.327782+00:00,1.0
2022-05-01,2022,2022-23,May,Bitumen,IMPORT,1020.9421413,132.02300000000002,PPAC,1751964598_PT_IMPORT_VAL_RS.CRS._H.xlsx,PT_Import_Val_2022-23,21.0,1751964622_PT_IMPORT_VAL_US$_H.xlsx,PT_Import_Val_2022-23,21.0,2026-08-21T15:32:19.327782+00:00,1.0
2022-05-01,2022,2022-23,May,CRUDE OIL,IMPORT,119633.621810541,15468.77842943227,PPAC,1751964598_PT_IMPORT_VAL_RS.CRS._H.xlsx,PT_Import_Val_2022-23,11.0,1751964622_PT_IMPORT_VAL_US$_H.xlsx,PT_Import_Val_2022-23,11.0,2026-08-21T15:32:19.327782+00:00,1.0
2022-05-01,2022,2022-23,May,Fuel Oil,EXPORT,460.710807561,60.002606816328,PPAC,1751964598_PT_IMPORT_VAL_RS.CRS._H.xlsx,PT_Import_Val_2022-23,35.0,1751964622_PT_IMPORT_VAL_US$_H.xlsx,PT_Import_Val_2022-23,35.0,2026-08-21T15:32:19.327782+00:00,1.0
2022-05-01,2022,2022-23,May,Fuel Oil,IMPORT,2519.273724684115,326.13172931402204,PPAC,1751964598_PT_IMPORT_VAL_RS.CRS._H.xlsx,PT_Import_Val_2022-23,20.0,1751964622_PT_IMPORT_VAL_US$_H.xlsx,PT_Import_Val_2022-23,20.0,2026-08-21T15:32:19.327782+00:00,1.0
2022-05-01,2022,2022-23,May,HSD,EXPORT,27541.927201186285,3567.142454952094,PPAC,1751964598_PT_IMPORT_VAL_RS.CRS._H.xlsx,PT_Import_Val_2022-23,32.0,1751964622_PT_IMPORT_VAL_US$_H.xlsx,PT_Import_Val_2022-23,32.0,2026-08-21T15:32:19.327782+00:00,1.0
2022-05-01,2022,2022-23,May,HSD,IMPORT,102.7777177,13.2927,PPAC,1751964598_PT_IMPORT_VAL_RS.CRS._H.xlsx,PT_Import_Val_2022-23,18.0,1751964622_PT_IMPORT_VAL_US$_H.xlsx,PT_Import_Val_2022-23,18.0,2026-08-21T15:32:19.327782+00:00,1.0
2022-05-01,2022,2022-23,May,LDO,EXPORT,1.03938,0.1350721247563353,PPAC,1751964598_PT_IMPORT_VAL_RS.CRS._H.xlsx,PT_Import_Val_2022-23,33.0,1751964622_PT_IMPORT_VAL_US$_H.xlsx,PT_Import_Val_2022-23,33.0,2026-08-21T15:32:19.327782+00:00,1.0
2022-05-01,2022,2022-23,May,LOBS/ Lube Oil,EXPORT,6.349315037411151,0.8251221621067121,PPAC,1751964598_PT_IMPORT_VAL_RS.CRS._H.xlsx,PT_Import_Val_2022-23,34.0,1751964622_PT_IMPORT_VAL_US$_H.xlsx,PT_Import_Val_2022-23,34.0,2026-08-21T15:32:19.327782+00:00,1.0
2022-05-01,2022,2022-23,May,LOBS/ Lube oil,IMPORT,1680.7704203280437,217.45016384500002,PPAC,1751964598_PT_IMPORT_VAL_RS.CRS._H.xlsx,PT_Import_Val_2022-23,19.0,1751964622_PT_IMPORT_VAL_US$_H.xlsx,PT_Import_Val_2022-23,19.0,2026-08-21T15:32:19.327782+00:00,1.0
2022-05-01,2022,2022-23,May,LPG,EXPORT,418.9701402,54.44706175438596,PPAC,1751964598_PT_IMPORT_VAL_RS.CRS._H.xlsx,PT_Import_Val_2022-23,27.0,1751964622_PT_IMPORT_VAL_US$_H.xlsx,PT_Import_Val_2022-23,27.0,2026-08-21T15:32:19.327782+00:00,1.0
2022-05-01,2022,2022-23,May,LPG,IMPORT,9255.450967807881,1197.7126453309281,PPAC,1751964598_PT_IMPORT_VAL_RS.CRS._H.xlsx,PT_Import_Val_2022-23,13.0,1751964622_PT_IMPORT_VAL_US$_H.xlsx,PT_Import_Val_2022-23,13.0,2026-08-21T15:32:19.327782+00:00,1.0
2022-05-01,2022,2022-23,May,MS,IMPORT,314.4505956,40.14253503,PPAC,1751964598_PT_IMPORT_VAL_RS.CRS._H.xlsx,PT_Import_Val_2022-23,14.0,1751964622_PT_IMPORT_VAL_US$_H.xlsx,PT_Import_Val_2022-23,14.0,2026-08-21T15:32:19.327782+00:00,1.0
2022-05-01,2022,2022-23,May,MS!,EXPORT,11527.74588958881,1491.2625507647701,PPAC,1751964598_PT_IMPORT_VAL_RS.CRS._H.xlsx,PT_Import_Val_2022-23,28.0,1751964622_PT_IMPORT_VAL_US$_H.xlsx,PT_Import_Val_2022-23,28.0,2026-08-21T15:32:19.327782+00:00,1.0
2022-05-01,2022,2022-23,May,Naphtha,IMPORT,260.2222688,33.6556,PPAC,1751964598_PT_IMPORT_VAL_RS.CRS._H.xlsx,PT_Import_Val_2022-23,15.0,1751964622_PT_IMPORT_VAL_US$_H.xlsx,PT_Import_Val_2022-23,15.0,2026-08-21T15:32:19.327782+00:00,1.0
2022-05-01,2022,2022-23,May,Naphtha$,EXPORT,3643.541703071265,471.39059923120004,PPAC,1751964598_PT_IMPORT_VAL_RS.CRS._H.xlsx,PT_Import_Val_2022-23,29.0,1751964622_PT_IMPORT_VAL_US$_H.xlsx,PT_Import_Val_2022-23,29.0,2026-08-21T15:32:19.327782+00:00,1.0
2022-05-01,2022,2022-23,May,Others%,EXPORT,2177.1992574399574,281.7905971482452,PPAC,1751964598_PT_IMPORT_VAL_RS.CRS._H.xlsx,PT_Import_Val_2022-23,38.0,1751964622_PT_IMPORT_VAL_US$_H.xlsx,PT_Import_Val_2022-23,38.0,2026-08-21T15:32:19.327782+00:00,1.0
2022-05-01,2022,2022-23,May,Others&,IMPORT,1318.3055674054667,170.50508466999997,PPAC,1751964598_PT_IMPORT_VAL_RS.CRS._H.xlsx,PT_Import_Val_2022-23,23.0,1751964622_PT_IMPORT_VAL_US$_H.xlsx,PT_Import_Val_2022-23,23.0,2026-08-21T15:32:19.327782+00:00,1.0
2022-05-01,2022,2022-23,May,Petcoke,IMPORT,1675.7071336,216.72549999999998,PPAC,1751964598_PT_IMPORT_VAL_RS.CRS._H.xlsx,PT_Import_Val_2022-23,22.0,1751964622_PT_IMPORT_VAL_US$_H.xlsx,PT_Import_Val_2022-23,22.0,2026-08-21T15:32:19.327782+00:00,1.0
2022-05-01,2022,2022-23,May,Petcoke / CBFS,EXPORT,124.0929989971,15.995650023075793,PPAC,1751964598_PT_IMPORT_VAL_RS.CRS._H.xlsx,PT_Import_Val_2022-23,37.0,1751964622_PT_IMPORT_VAL_US$_H.xlsx,PT_Import_Val_2022-23,37.0,2026-08-21T15:32:19.327782+00:00,1.0
2022-05-01,2022,2022-23,May,SKO,EXPORT,6.367797700000001,0.8275240675763484,PPAC,1751964598_PT_IMPORT_VAL_RS.CRS._H.xlsx,PT_Import_Val_2022-23,31.0,1751964622_PT_IMPORT_VAL_US$_H.xlsx,PT_Import_Val_2022-23,31.0,2026-08-21T15:32:19.327782+00:00,1.0
2022-05-01,2022,2022-23,May,SKO,IMPORT,0.0,0.0,PPAC,1751964598_PT_IMPORT_VAL_RS.CRS._H.xlsx,PT_Import_Val_2022-23,17.0,1751964622_PT_IMPORT_VAL_US$_H.xlsx,PT_Import_Val_2022-23,17.0,2026-08-21T15:32:19.327782+00:00,1.0
2022-06-01,2022,2022-23,June,ATF,IMPORT,0.0,0.0,PPAC,1751964598_PT_IMPORT_VAL_RS.CRS._H.xlsx,PT_Import_Val_2022-23,16.0,1751964622_PT_IMPORT_VAL_US$_H.xlsx,PT_Import_Val_2022-23,16.0,2026-08-21T15:32:19.327782+00:00,1.0
2022-06-01,2022,2022-23,June,ATF#,EXPORT,6051.49328921,774.3469539329941,PPAC,1751964598_PT_IMPORT_VAL_RS.CRS._H.xlsx,PT_Import_Val_2022-23,30.0,1751964622_PT_IMPORT_VAL_US$_H.xlsx,PT_Import_Val_2022-23,30.0,2026-08-21T15:32:19.327782+00:00,1.0
2022-06-01,2022,2022-23,June,Bitumen,EXPORT,5.669285199999999,0.7168302506163584,PPAC,1751964598_PT_IMPORT_VAL_RS.CRS._H.xlsx,PT_Import_Val_2022-23,36.0,1751964622_PT_IMPORT_VAL_US$_H.xlsx,PT_Import_Val_2022-23,36.0,2026-08-21T15:32:19.327782+00:00,1.0
2022-06-01,2022,2022-23,June,Bitumen,IMPORT,804.3487788,103.0231,PPAC,1751964598_PT_IMPORT_VAL_RS.CRS._H.xlsx,PT_Import_Val_2022-23,21.0,1751964622_PT_IMPORT_VAL_US$_H.xlsx,PT_Import_Val_2022-23,21.0,2026-08-21T15:32:19.327782+00:00,1.0
2022-06-01,2022,2022-23,June,CRUDE OIL,IMPORT,121897.63969956485,15596.965701493482,PPAC,1751964598_PT_IMPORT_VAL_RS.CRS._H.xlsx,PT_Import_Val_2022-23,11.0,1751964622_PT_IMPORT_VAL_US$_H.xlsx,PT_Import_Val_2022-23,11.0,2026-08-21T15:32:19.327782+00:00,1.0
2022-06-01,2022,2022-23,June,Fuel Oil,EXPORT,612.4425572,77.11110655309,PPAC,1751964598_PT_IMPORT_VAL_RS.CRS._H.xlsx,PT_Import_Val_2022-23,35.0,1751964622_PT_IMPORT_VAL_US$_H.xlsx,PT_Import_Val_2022-23,35.0,2026-08-21T15:32:19.327782+00:00,1.0
2022-06-01,2022,2022-23,June,Fuel Oil,IMPORT,3067.649261029955,395.889428010921,PPAC,1751964598_PT_IMPORT_VAL_RS.CRS._H.xlsx,PT_Import_Val_2022-23,20.0,1751964622_PT_IMPORT_VAL_US$_H.xlsx,PT_Import_Val_2022-23,20.0,2026-08-21T15:32:19.327782+00:00,1.0
2022-06-01,2022,2022-23,June,HSD,EXPORT,24876.91977349192,3184.0622528651384,PPAC,1751964598_PT_IMPORT_VAL_RS.CRS._H.xlsx,PT_Import_Val_2022-23,32.0,1751964622_PT_IMPORT_VAL_US$_H.xlsx,PT_Import_Val_2022-23,32.0,2026-08-21T15:32:19.327782+00:00,1.0
2022-06-01,2022,2022-23,June,HSD,IMPORT,1530.4304413040443,196.1563451556068,PPAC,1751964598_PT_IMPORT_VAL_RS.CRS._H.xlsx,PT_Import_Val_2022-23,18.0,1751964622_PT_IMPORT_VAL_US$_H.xlsx,PT_Import_Val_2022-23,18.0,2026-08-21T15:32:19.327782+00:00,1.0
2022-06-01,2022,2022-23,June,LDO,EXPORT,0.86812,0.11126890540886952,PPAC,1751964598_PT_IMPORT_VAL_RS.CRS._H.xlsx,PT_Import_Val_2022-23,33.0,1751964622_PT_IMPORT_VAL_US$_H.xlsx,PT_Import_Val_2022-23,33.0,2026-08-21T15:32:19.327782+00:00,1.0
2022-06-01,2022,2022-23,June,LOBS/ Lube Oil,EXPORT,16.67398309792,2.123513606507134,PPAC,1751964598_PT_IMPORT_VAL_RS.CRS._H.xlsx,PT_Import_Val_2022-23,34.0,1751964622_PT_IMPORT_VAL_US$_H.xlsx,PT_Import_Val_2022-23,34.0,2026-08-21T15:32:19.327782+00:00,1.0
2022-06-01,2022,2022-23,June,LOBS/ Lube oil,IMPORT,1579.928014141002,202.36751107499998,PPAC,1751964598_PT_IMPORT_VAL_RS.CRS._H.xlsx,PT_Import_Val_2022-23,19.0,1751964622_PT_IMPORT_VAL_US$_H.xlsx,PT_Import_Val_2022-23,19.0,2026-08-21T15:32:19.327782+00:00,1.0
2022-06-01,2022,2022-23,June,LPG,EXPORT,413.1371891,52.95272867213534,PPAC,1751964598_PT_IMPORT_VAL_RS.CRS._H.xlsx,PT_Import_Val_2022-23,27.0,1751964622_PT_IMPORT_VAL_US$_H.xlsx,PT_Import_Val_2022-23,27.0,2026-08-21T15:32:19.327782+00:00,1.0
2022-06-01,2022,2022-23,June,LPG,IMPORT,7620.448303554254,971.1669276122487,PPAC,1751964598_PT_IMPORT_VAL_RS.CRS._H.xlsx,PT_Import_Val_2022-23,13.0,1751964622_PT_IMPORT_VAL_US$_H.xlsx,PT_Import_Val_2022-23,13.0,2026-08-21T15:32:19.327782+00:00,1.0
2022-06-01,2022,2022-23,June,MS,IMPORT,1620.7635287737048,207.73693011711163,PPAC,1751964598_PT_IMPORT_VAL_RS.CRS._H.xlsx,PT_Import_Val_2022-23,14.0,1751964622_PT_IMPORT_VAL_US$_H.xlsx,PT_Import_Val_2022-23,14.0,2026-08-21T15:32:19.327782+00:00,1.0
2022-06-01,2022,2022-23,June,MS!,EXPORT,12351.79043904,1580.2336900077848,PPAC,1751964598_PT_IMPORT_VAL_RS.CRS._H.xlsx,PT_Import_Val_2022-23,28.0,1751964622_PT_IMPORT_VAL_US$_H.xlsx,PT_Import_Val_2022-23,28.0,2026-08-21T15:32:19.327782+00:00,1.0
2022-06-01,2022,2022-23,June,Naphtha,IMPORT,13.8681977,1.7763,PPAC,1751964598_PT_IMPORT_VAL_RS.CRS._H.xlsx,PT_Import_Val_2022-23,15.0,1751964622_PT_IMPORT_VAL_US$_H.xlsx,PT_Import_Val_2022-23,15.0,2026-08-21T15:32:19.327782+00:00,1.0
2022-06-01,2022,2022-23,June,Naphtha$,EXPORT,5154.58688910738,660.989991042207,PPAC,1751964598_PT_IMPORT_VAL_RS.CRS._H.xlsx,PT_Import_Val_2022-23,29.0,1751964622_PT_IMPORT_VAL_US$_H.xlsx,PT_Import_Val_2022-23,29.0,2026-08-21T15:32:19.327782+00:00,1.0
2022-06-01,2022,2022-23,June,Others%,EXPORT,1907.08537118616,243.83340945736262,PPAC,1751964598_PT_IMPORT_VAL_RS.CRS._H.xlsx,PT_Import_Val_2022-23,38.0,1751964622_PT_IMPORT_VAL_US$_H.xlsx,PT_Import_Val_2022-23,38.0,2026-08-21T15:32:19.327782+00:00,1.0
2022-06-01,2022,2022-23,June,Others&,IMPORT,765.3319327561697,98.02689640999999,PPAC,1751964598_PT_IMPORT_VAL_RS.CRS._H.xlsx,PT_Import_Val_2022-23,23.0,1751964622_PT_IMPORT_VAL_US$_H.xlsx,PT_Import_Val_2022-23,23.0,2026-08-21T15:32:19.327782+00:00,1.0
2022-06-01,2022,2022-23,June,Petcoke,IMPORT,1461.5899387999998,187.20430000000002,PPAC,1751964598_PT_IMPORT_VAL_RS.CRS._H.xlsx,PT_Import_Val_2022-23,22.0,1751964622_PT_IMPORT_VAL_US$_H.xlsx,PT_Import_Val_2022-23,22.0,2026-08-21T15:32:19.327782+00:00,1.0
2022-06-01,2022,2022-23,June,Petcoke / CBFS,EXPORT,129.881668006,16.6154,PPAC,1751964598_PT_IMPORT_VAL_RS.CRS._H.xlsx,PT_Import_Val_2022-23,37.0,1751964622_PT_IMPORT_VAL_US$_H.xlsx,PT_Import_Val_2022-23,37.0,2026-08-21T15:32:19.327782+00:00,1.0
2022-06-01,2022,2022-23,June,SKO,EXPORT,12.2930587,1.5756291591899514,PPAC,1751964598_PT_IMPORT_VAL_RS.CRS._H.xlsx,PT_Import_Val_2022-23,31.0,1751964622_PT_IMPORT_VAL_US$_H.xlsx,PT_Import_Val_2022-23,31.0,2026-08-21T15:32:19.327782+00:00,1.0
2022-06-01,2022,2022-23,June,SKO,IMPORT,0.0,0.0,PPAC,1751964598_PT_IMPORT_VAL_RS.CRS._H.xlsx,PT_Import_Val_2022-23,17.0,1751964622_PT_IMPORT_VAL_US$_H.xlsx,PT_Import_Val_2022-23,17.0,2026-08-21T15:32:19.327782+00:00,1.0
2022-07-01,2022,2022-23,July,ATF,IMPORT,0.0,0.0,PPAC,1751964598_PT_IMPORT_VAL_RS.CRS._H.xlsx,PT_Import_Val_2022-23,16.0,1751964622_PT_IMPORT_VAL_US$_H.xlsx,PT_Import_Val_2022-23,16.0,2026-08-21T15:32:19.327782+00:00,1.0
2022-07-01,2022,2022-23,July,ATF#,EXPORT,5085.644739858999,639.7778236180302,PPAC,1751964598_PT_IMPORT_VAL_RS.CRS._H.xlsx,PT_Import_Val_2022-23,30.0,1751964622_PT_IMPORT_VAL_US$_H.xlsx,PT_Import_Val_2022-23,30.0,2026-08-21T15:32:19.327782+00:00,1.0
2022-07-01,2022,2022-23,July,Bitumen,EXPORT,0.2459777,0.030960062932662052,PPAC,1751964598_PT_IMPORT_VAL_RS.CRS._H.xlsx,PT_Import_Val_2022-23,36.0,1751964622_PT_IMPORT_VAL_US$_H.xlsx,PT_Import_Val_2022-23,36.0,2026-08-21T15:32:19.327782+00:00,1.0
2022-07-01,2022,2022-23,July,Bitumen,IMPORT,451.78709219999996,56.756,PPAC,1751964598_PT_IMPORT_VAL_RS.CRS._H.xlsx,PT_Import_Val_2022-23,21.0,1751964622_PT_IMPORT_VAL_US$_H.xlsx,PT_Import_Val_2022-23,21.0,2026-08-21T15:32:19.327782+00:00,1.0
2022-07-01,2022,2022-23,July,CRUDE OIL,IMPORT,128755.46490262874,16264.642870403179,PPAC,1751964598_PT_IMPORT_VAL_RS.CRS._H.xlsx,PT_Import_Val_2022-23,11.0,1751964622_PT_IMPORT_VAL_US$_H.xlsx,PT_Import_Val_2022-23,11.0,2026-08-21T15:32:19.327782+00:00,1.0
2022-07-01,2022,2022-23,July,Fuel Oil,EXPORT,722.8859759999999,90.28610986504665,PPAC,1751964598_PT_IMPORT_VAL_RS.CRS._H.xlsx,PT_Import_Val_2022-23,35.0,1751964622_PT_IMPORT_VAL_US$_H.xlsx,PT_Import_Val_2022-23,35.0,2026-08-21T15:32:19.327782+00:00,1.0
2022-07-01,2022,2022-23,July,Fuel Oil,IMPORT,3545.668755734758,451.6258339771538,PPAC,1751964598_PT_IMPORT_VAL_RS.CRS._H.xlsx,PT_Import_Val_2022-23,20.0,1751964622_PT_IMPORT_VAL_US$_H.xlsx,PT_Import_Val_2022-23,20.0,2026-08-21T15:32:19.327782+00:00,1.0
2022-07-01,2022,2022-23,July,HSD,EXPORT,19133.375825632,2403.70575147025,PPAC,1751964598_PT_IMPORT_VAL_RS.CRS._H.xlsx,PT_Import_Val_2022-23,32.0,1751964622_PT_IMPORT_VAL_US$_H.xlsx,PT_Import_Val_2022-23,32.0,2026-08-21T15:32:19.327782+00:00,1.0
2022-07-01,2022,2022-23,July,HSD,IMPORT,1432.4401845096302,180.516753688,PPAC,1751964598_PT_IMPORT_VAL_RS.CRS._H.xlsx,PT_Import_Val_2022-23,18.0,1751964622_PT_IMPORT_VAL_US$_H.xlsx,PT_Import_Val_2022-23,18.0,2026-08-21T15:32:19.327782+00:00,1.0
2022-07-01,2022,2022-23,July,LDO,EXPORT,1.183684,0.1489847702957835,PPAC,1751964598_PT_IMPORT_VAL_RS.CRS._H.xlsx,PT_Import_Val_2022-23,33.0,1751964622_PT_IMPORT_VAL_US$_H.xlsx,PT_Import_Val_2022-23,33.0,2026-08-21T15:32:19.327782+00:00,1.0
2022-07-01,2022,2022-23,July,LOBS/ Lube Oil,EXPORT,13.010111349359999,1.6367809603867678,PPAC,1751964598_PT_IMPORT_VAL_RS.CRS._H.xlsx,PT_Import_Val_2022-23,34.0,1751964622_PT_IMPORT_VAL_US$_H.xlsx,PT_Import_Val_2022-23,34.0,2026-08-21T15:32:19.327782+00:00,1.0
2022-07-01,2022,2022-23,July,LOBS/ Lube oil,IMPORT,2086.711479451495,262.151540255,PPAC,1751964598_PT_IMPORT_VAL_RS.CRS._H.xlsx,PT_Import_Val_2022-23,19.0,1751964622_PT_IMPORT_VAL_US$_H.xlsx,PT_Import_Val_2022-23,19.0,2026-08-21T15:32:19.327782+00:00,1.0
2022-07-01,2022,2022-23,July,LPG,EXPORT,312.20178030000005,39.29537826305854,PPAC,1751964598_PT_IMPORT_VAL_RS.CRS._H.xlsx,PT_Import_Val_2022-23,27.0,1751964622_PT_IMPORT_VAL_US$_H.xlsx,PT_Import_Val_2022-23,27.0,2026-08-21T15:32:19.327782+00:00,1.0
2022-07-01,2022,2022-23,July,LPG,IMPORT,8397.369657198695,1056.0489804777922,PPAC,1751964598_PT_IMPORT_VAL_RS.CRS._H.xlsx,PT_Import_Val_2022-23,13.0,1751964622_PT_IMPORT_VAL_US$_H.xlsx,PT_Import_Val_2022-23,13.0,2026-08-21T15:32:19.327782+00:00,1.0
2022-07-01,2022,2022-23,July,MS,IMPORT,619.8408012886297,78.0150695608,PPAC,1751964598_PT_IMPORT_VAL_RS.CRS._H.xlsx,PT_Import_Val_2022-23,14.0,1751964622_PT_IMPORT_VAL_US$_H.xlsx,PT_Import_Val_2022-23,14.0,2026-08-21T15:32:19.327782+00:00,1.0
2022-07-01,2022,2022-23,July,MS!,EXPORT,9095.554197246,1141.1962904243296,PPAC,1751964598_PT_IMPORT_VAL_RS.CRS._H.xlsx,PT_Import_Val_2022-23,28.0,1751964622_PT_IMPORT_VAL_US$_H.xlsx,PT_Import_Val_2022-23,28.0,2026-08-21T15:32:19.327782+00:00,1.0
2022-07-01,2022,2022-23,July,Naphtha,IMPORT,924.0060652443741,116.8872930973685,PPAC,1751964598_PT_IMPORT_VAL_RS.CRS._H.xlsx,PT_Import_Val_2022-23,15.0,1751964622_PT_IMPORT_VAL_US$_H.xlsx,PT_Import_Val_2022-23,15.0,2026-08-21T15:32:19.327782+00:00,1.0
2022-07-01,2022,2022-23,July,Naphtha$,EXPORT,2168.2852138066,272.99281487999997,PPAC,1751964598_PT_IMPORT_VAL_RS.CRS._H.xlsx,PT_Import_Val_2022-23,29.0,1751964622_PT_IMPORT_VAL_US$_H.xlsx,PT_Import_Val_2022-23,29.0,2026-08-21T15:32:19.327782+00:00,1.0
2022-07-01,2022,2022-23,July,Others%,EXPORT,1515.66438281,189.28544523606178,PPAC,1751964598_PT_IMPORT_VAL_RS.CRS._H.xlsx,PT_Import_Val_2022-23,38.0,1751964622_PT_IMPORT_VAL_US$_H.xlsx,PT_Import_Val_2022-23,38.0,2026-08-21T15:32:19.327782+00:00,1.0
2022-07-01,2022,2022-23,July,Others&,IMPORT,618.9691915841676,77.76004116161,PPAC,1751964598_PT_IMPORT_VAL_RS.CRS._H.xlsx,PT_Import_Val_2022-23,23.0,1751964622_PT_IMPORT_VAL_US$_H.xlsx,PT_Import_Val_2022-23,23.0,2026-08-21T15:32:19.327782+00:00,1.0
2022-07-01,2022,2022-23,July,Petcoke,IMPORT,1787.0968663999997,224.5052,PPAC,1751964598_PT_IMPORT_VAL_RS.CRS._H.xlsx,PT_Import_Val_2022-23,22.0,1751964622_PT_IMPORT_VAL_US$_H.xlsx,PT_Import_Val_2022-23,22.0,2026-08-21T15:32:19.327782+00:00,1.0
2022-07-01,2022,2022-23,July,Petcoke / CBFS,EXPORT,35.265886638,4.40968,PPAC,1751964598_PT_IMPORT_VAL_RS.CRS._H.xlsx,PT_Import_Val_2022-23,37.0,1751964622_PT_IMPORT_VAL_US$_H.xlsx,PT_Import_Val_2022-23,37.0,2026-08-21T15:32:19.327782+00:00,1.0
2022-07-01,2022,2022-23,July,SKO,EXPORT,10.8587494,1.3667400125865323,PPAC,1751964598_PT_IMPORT_VAL_RS.CRS._H.xlsx,PT_Import_Val_2022-23,31.0,1751964622_PT_IMPORT_VAL_US$_H.xlsx,PT_Import_Val_2022-23,31.0,2026-08-21T15:32:19.327782+00:00,1.0
2022-07-01,2022,2022-23,July,SKO,IMPORT,0.0,0.0,PPAC,1751964598_PT_IMPORT_VAL_RS.CRS._H.xlsx,PT_Import_Val_2022-23,17.0,1751964622_PT_IMPORT_VAL_US$_H.xlsx,PT_Import_Val_2022-23,17.0,2026-08-21T15:32:19.327782+00:00,1.0
2022-08-01,2022,2022-23,August,ATF,IMPORT,0.0,0.0,PPAC,1751964598_PT_IMPORT_VAL_RS.CRS._H.xlsx,PT_Import_Val_2022-23,16.0,1751964622_PT_IMPORT_VAL_US$_H.xlsx,PT_Import_Val_2022-23,16.0,2026-08-21T15:32:19.327782+00:00,1.0
2022-08-01,2022,2022-23,August,ATF#,EXPORT,6365.596199604,799.7846355104457,PPAC,1751964598_PT_IMPORT_VAL_RS.CRS._H.xlsx,PT_Import_Val_2022-23,30.0,1751964622_PT_IMPORT_VAL_US$_H.xlsx,PT_Import_Val_2022-23,30.0,2026-08-21T15:32:19.327782+00:00,1.0
2022-08-01,2022,2022-23,August,Bitumen,EXPORT,0.0999142,0.012544155681104832,PPAC,1751964598_PT_IMPORT_VAL_RS.CRS._H.xlsx,PT_Import_Val_2022-23,36.0,1751964622_PT_IMPORT_VAL_US$_H.xlsx,PT_Import_Val_2022-23,36.0,2026-08-21T15:32:19.327782+00:00,1.0
2022-08-01,2022,2022-23,August,Bitumen,IMPORT,236.9131816,29.776342463999995,PPAC,1751964598_PT_IMPORT_VAL_RS.CRS._H.xlsx,PT_Import_Val_2022-23,21.0,1751964622_PT_IMPORT_VAL_US$_H.xlsx,PT_Import_Val_2022-23,21.0,2026-08-21T15:32:19.327782+00:00,1.0
2022-08-01,2022,2022-23,August,CRUDE OIL,IMPORT,104567.31614182114,13107.36386441044,PPAC,1751964598_PT_IMPORT_VAL_RS.CRS._H.xlsx,PT_Import_Val_2022-23,11.0,1751964622_PT_IMPORT_VAL_US$_H.xlsx,PT_Import_Val_2022-23,11.0,2026-08-21T15:32:19.327782+00:00,1.0
2022-08-01,2022,2022-23,August,Fuel Oil,EXPORT,1046.9749008000001,131.002433584178,PPAC,1751964598_PT_IMPORT_VAL_RS.CRS._H.xlsx,PT_Import_Val_2022-23,35.0,1751964622_PT_IMPORT_VAL_US$_H.xlsx,PT_Import_Val_2022-23,35.0,2026-08-21T15:32:19.327782+00:00,1.0
2022-08-01,2022,2022-23,August,Fuel Oil,IMPORT,2952.61007367928,370.374485444926,PPAC,1751964598_PT_IMPORT_VAL_RS.CRS._H.xlsx,PT_Import_Val_2022-23,20.0,1751964622_PT_IMPORT_VAL_US$_H.xlsx,PT_Import_Val_2022-23,20.0,2026-08-21T15:32:19.327782+00:00,1.0
2022-08-01,2022,2022-23,August,HSD,EXPORT,19619.724952914763,2470.620676367614,PPAC,1751964598_PT_IMPORT_VAL_RS.CRS._H.xlsx,PT_Import_Val_2022-23,32.0,1751964622_PT_IMPORT_VAL_US$_H.xlsx,PT_Import_Val_2022-23,32.0,2026-08-21T15:32:19.327782+00:00,1.0
2022-08-01,2022,2022-23,August,HSD,IMPORT,86.03771010000001,10.8149,PPAC,1751964598_PT_IMPORT_VAL_RS.CRS._H.xlsx,PT_Import_Val_2022-23,18.0,1751964622_PT_IMPORT_VAL_US$_H.xlsx,PT_Import_Val_2022-23,18.0,2026-08-21T15:32:19.327782+00:00,1.0
2022-08-01,2022,2022-23,August,LDO,EXPORT,0.742832,0.09326202134337729,PPAC,1751964598_PT_IMPORT_VAL_RS.CRS._H.xlsx,PT_Import_Val_2022-23,33.0,1751964622_PT_IMPORT_VAL_US$_H.xlsx,PT_Import_Val_2022-23,33.0,2026-08-21T15:32:19.327782+00:00,1.0
2022-08-01,2022,2022-23,August,LOBS/ Lube Oil,EXPORT,8.0334882155,1.0070124315347282,PPAC,1751964598_PT_IMPORT_VAL_RS.CRS._H.xlsx,PT_Import_Val_2022-23,34.0,1751964622_PT_IMPORT_VAL_US$_H.xlsx,PT_Import_Val_2022-23,34.0,2026-08-21T15:32:19.327782+00:00,1.0
2022-08-01,2022,2022-23,August,LOBS/ Lube oil,IMPORT,1616.9315867464402,203.23358217000003,PPAC,1751964598_PT_IMPORT_VAL_RS.CRS._H.xlsx,PT_Import_Val_2022-23,19.0,1751964622_PT_IMPORT_VAL_US$_H.xlsx,PT_Import_Val_2022-23,19.0,2026-08-21T15:32:19.327782+00:00,1.0
2022-08-01,2022,2022-23,August,LPG,EXPORT,287.6589038,36.11536770872567,PPAC,1751964598_PT_IMPORT_VAL_RS.CRS._H.xlsx,PT_Import_Val_2022-23,27.0,1751964622_PT_IMPORT_VAL_US$_H.xlsx,PT_Import_Val_2022-23,27.0,2026-08-21T15:32:19.327782+00:00,1.0
2022-08-01,2022,2022-23,August,LPG,IMPORT,8569.86461960022,1075.182067113652,PPAC,1751964598_PT_IMPORT_VAL_RS.CRS._H.xlsx,PT_Import_Val_2022-23,13.0,1751964622_PT_IMPORT_VAL_US$_H.xlsx,PT_Import_Val_2022-23,13.0,2026-08-21T15:32:19.327782+00:00,1.0
2022-08-01,2022,2022-23,August,MS,IMPORT,0.1369074,0.0172,PPAC,1751964598_PT_IMPORT_VAL_RS.CRS._H.xlsx,PT_Import_Val_2022-23,14.0,1751964622_PT_IMPORT_VAL_US$_H.xlsx,PT_Import_Val_2022-23,14.0,2026-08-21T15:32:19.327782+00:00,1.0
2022-08-01,2022,2022-23,August,MS!,EXPORT,7325.3684196780005,916.8167067452039,PPAC,1751964598_PT_IMPORT_VAL_RS.CRS._H.xlsx,PT_Import_Val_2022-23,28.0,1751964622_PT_IMPORT_VAL_US$_H.xlsx,PT_Import_Val_2022-23,28.0,2026-08-21T15:32:19.327782+00:00,1.0
2022-08-01,2022,2022-23,August,Naphtha,IMPORT,475.247839133323,59.668840139082,PPAC,1751964598_PT_IMPORT_VAL_RS.CRS._H.xlsx,PT_Import_Val_2022-23,15.0,1751964622_PT_IMPORT_VAL_US$_H.xlsx,PT_Import_Val_2022-23,15.0,2026-08-21T15:32:19.327782+00:00,1.0
2022-08-01,2022,2022-23,August,Naphtha$,EXPORT,2274.905424416554,285.59278592316997,PPAC,1751964598_PT_IMPORT_VAL_RS.CRS._H.xlsx,PT_Import_Val_2022-23,29.0,1751964622_PT_IMPORT_VAL_US$_H.xlsx,PT_Import_Val_2022-23,29.0,2026-08-21T15:32:19.327782+00:00,1.0
2022-08-01,2022,2022-23,August,Others%,EXPORT,1722.7040566129997,215.61118482895958,PPAC,1751964598_PT_IMPORT_VAL_RS.CRS._H.xlsx,PT_Import_Val_2022-23,38.0,1751964622_PT_IMPORT_VAL_US$_H.xlsx,PT_Import_Val_2022-23,38.0,2026-08-21T15:32:19.327782+00:00,1.0
2022-08-01,2022,2022-23,August,Others&,IMPORT,1120.118703389514,141.00374786904,PPAC,1751964598_PT_IMPORT_VAL_RS.CRS._H.xlsx,PT_Import_Val_2022-23,23.0,1751964622_PT_IMPORT_VAL_US$_H.xlsx,PT_Import_Val_2022-23,23.0,2026-08-21T15:32:19.327782+00:00,1.0
2022-08-01,2022,2022-23,August,Petcoke,IMPORT,1351.0164373000002,169.82160000000002,PPAC,1751964598_PT_IMPORT_VAL_RS.CRS._H.xlsx,PT_Import_Val_2022-23,22.0,1751964622_PT_IMPORT_VAL_US$_H.xlsx,PT_Import_Val_2022-23,22.0,2026-08-21T15:32:19.327782+00:00,1.0
2022-08-01,2022,2022-23,August,Petcoke / CBFS,EXPORT,32.755973949,4.14205,PPAC,1751964598_PT_IMPORT_VAL_RS.CRS._H.xlsx,PT_Import_Val_2022-23,37.0,1751964622_PT_IMPORT_VAL_US$_H.xlsx,PT_Import_Val_2022-23,37.0,2026-08-21T15:32:19.327782+00:00,1.0
2022-08-01,2022,2022-23,August,SKO,EXPORT,4.588173,0.5760418079096045,PPAC,1751964598_PT_IMPORT_VAL_RS.CRS._H.xlsx,PT_Import_Val_2022-23,31.0,1751964622_PT_IMPORT_VAL_US$_H.xlsx,PT_Import_Val_2022-23,31.0,2026-08-21T15:32:19.327782+00:00,1.0
2022-08-01,2022,2022-23,August,SKO,IMPORT,0.0,0.0,PPAC,1751964598_PT_IMPORT_VAL_RS.CRS._H.xlsx,PT_Import_Val_2022-23,17.0,1751964622_PT_IMPORT_VAL_US$_H.xlsx,PT_Import_Val_2022-23,17.0,2026-08-21T15:32:19.327782+00:00,1.0
2022-09-01,2022,2022-23,September,ATF,IMPORT,0.0,0.0,PPAC,1751964598_PT_IMPORT_VAL_RS.CRS._H.xlsx,PT_Import_Val_2022-23,16.0,1751964622_PT_IMPORT_VAL_US$_H.xlsx,PT_Import_Val_2022-23,16.0,2026-08-21T15:32:19.327782+00:00,1.0
2022-09-01,2022,2022-23,September,ATF#,EXPORT,5317.838667452001,660.5404440376428,PPAC,1751964598_PT_IMPORT_VAL_RS.CRS._H.xlsx,PT_Import_Val_2022-23,30.0,1751964622_PT_IMPORT_VAL_US$_H.xlsx,PT_Import_Val_2022-23,30.0,2026-08-21T15:32:19.327782+00:00,1.0
2022-09-01,2022,2022-23,September,Bitumen,EXPORT,10.2423485,1.2570563480704722,PPAC,1751964598_PT_IMPORT_VAL_RS.CRS._H.xlsx,PT_Import_Val_2022-23,36.0,1751964622_PT_IMPORT_VAL_US$_H.xlsx,PT_Import_Val_2022-23,36.0,2026-08-21T15:32:19.327782+00:00,1.0
2022-09-01,2022,2022-23,September,Bitumen,IMPORT,394.6996765,49.097,PPAC,1751964598_PT_IMPORT_VAL_RS.CRS._H.xlsx,PT_Import_Val_2022-23,21.0,1751964622_PT_IMPORT_VAL_US$_H.xlsx,PT_Import_Val_2022-23,21.0,2026-08-21T15:32:19.327782+00:00,1.0
2022-09-01,2022,2022-23,September,CRUDE OIL,IMPORT,95157.74152529074,11827.3068625909,PPAC,1751964598_PT_IMPORT_VAL_RS.CRS._H.xlsx,PT_Import_Val_2022-23,11.0,1751964622_PT_IMPORT_VAL_US$_H.xlsx,PT_Import_Val_2022-23,11.0,2026-08-21T15:32:19.327782+00:00,1.0
2022-09-01,2022,2022-23,September,Fuel Oil,EXPORT,546.3184508,71.63016803443392,PPAC,1751964598_PT_IMPORT_VAL_RS.CRS._H.xlsx,PT_Import_Val_2022-23,35.0,1751964622_PT_IMPORT_VAL_US$_H.xlsx,PT_Import_Val_2022-23,35.0,2026-08-21T15:32:19.327782+00:00,1.0
2022-09-01,2022,2022-23,September,Fuel Oil,IMPORT,2178.969339989651,272.22886846,PPAC,1751964598_PT_IMPORT_VAL_RS.CRS._H.xlsx,PT_Import_Val_2022-23,20.0,1751964622_PT_IMPORT_VAL_US$_H.xlsx,PT_Import_Val_2022-23,20.0,2026-08-21T15:32:19.327782+00:00,1.0
2022-09-01,2022,2022-23,September,HSD,EXPORT,21040.053990274082,2618.6856140337486,PPAC,1751964598_PT_IMPORT_VAL_RS.CRS._H.xlsx,PT_Import_Val_2022-23,32.0,1751964622_PT_IMPORT_VAL_US$_H.xlsx,PT_Import_Val_2022-23,32.0,2026-08-21T15:32:19.327782+00:00,1.0
2022-09-01,2022,2022-23,September,HSD,IMPORT,14.5286481,1.8108,PPAC,1751964598_PT_IMPORT_VAL_RS.CRS._H.xlsx,PT_Import_Val_2022-23,18.0,1751964622_PT_IMPORT_VAL_US$_H.xlsx,PT_Import_Val_2022-23,18.0,2026-08-21T15:32:19.327782+00:00,1.0
2022-09-01,2022,2022-23,September,LDO,EXPORT,1.004124,0.12556258596973865,PPAC,1751964598_PT_IMPORT_VAL_RS.CRS._H.xlsx,PT_Import_Val_2022-23,33.0,1751964622_PT_IMPORT_VAL_US$_H.xlsx,PT_Import_Val_2022-23,33.0,2026-08-21T15:32:19.327782+00:00,1.0
2022-09-01,2022,2022-23,September,LOBS/ Lube Oil,EXPORT,13.616912786459997,1.690940194419503,PPAC,1751964598_PT_IMPORT_VAL_RS.CRS._H.xlsx,PT_Import_Val_2022-23,34.0,1751964622_PT_IMPORT_VAL_US$_H.xlsx,PT_Import_Val_2022-23,34.0,2026-08-21T15:32:19.327782+00:00,1.0
2022-09-01,2022,2022-23,September,LOBS/ Lube oil,IMPORT,1282.3926035000004,159.8363,PPAC,1751964598_PT_IMPORT_VAL_RS.CRS._H.xlsx,PT_Import_Val_2022-23,19.0,1751964622_PT_IMPORT_VAL_US$_H.xlsx,PT_Import_Val_2022-23,19.0,2026-08-21T15:32:19.327782+00:00,1.0
2022-09-01,2022,2022-23,September,LPG,EXPORT,270.1505282,33.78148408153057,PPAC,1751964598_PT_IMPORT_VAL_RS.CRS._H.xlsx,PT_Import_Val_2022-23,27.0,1751964622_PT_IMPORT_VAL_US$_H.xlsx,PT_Import_Val_2022-23,27.0,2026-08-21T15:32:19.327782+00:00,1.0
2022-09-01,2022,2022-23,September,LPG,IMPORT,7569.740256420605,939.2587265863763,PPAC,1751964598_PT_IMPORT_VAL_RS.CRS._H.xlsx,PT_Import_Val_2022-23,13.0,1751964622_PT_IMPORT_VAL_US$_H.xlsx,PT_Import_Val_2022-23,13.0,2026-08-21T15:32:19.327782+00:00,1.0
2022-09-01,2022,2022-23,September,MS,IMPORT,1395.2888663219835,172.9598327520344,PPAC,1751964598_PT_IMPORT_VAL_RS.CRS._H.xlsx,PT_Import_Val_2022-23,14.0,1751964622_PT_IMPORT_VAL_US$_H.xlsx,PT_Import_Val_2022-23,14.0,2026-08-21T15:32:19.327782+00:00,1.0
2022-09-01,2022,2022-23,September,MS!,EXPORT,4580.661844541,577.4607714805372,PPAC,1751964598_PT_IMPORT_VAL_RS.CRS._H.xlsx,PT_Import_Val_2022-23,28.0,1751964622_PT_IMPORT_VAL_US$_H.xlsx,PT_Import_Val_2022-23,28.0,2026-08-21T15:32:19.327782+00:00,1.0
2022-09-01,2022,2022-23,September,Naphtha,IMPORT,355.425255691241,43.99303985,PPAC,1751964598_PT_IMPORT_VAL_RS.CRS._H.xlsx,PT_Import_Val_2022-23,15.0,1751964622_PT_IMPORT_VAL_US$_H.xlsx,PT_Import_Val_2022-23,15.0,2026-08-21T15:32:19.327782+00:00,1.0
2022-09-01,2022,2022-23,September,Naphtha$,EXPORT,2331.018926962285,290.799185714347,PPAC,1751964598_PT_IMPORT_VAL_RS.CRS._H.xlsx,PT_Import_Val_2022-23,29.0,1751964622_PT_IMPORT_VAL_US$_H.xlsx,PT_Import_Val_2022-23,29.0,2026-08-21T15:32:19.327782+00:00,1.0
2022-09-01,2022,2022-23,September,Others%,EXPORT,1225.167995416,152.61409791062886,PPAC,1751964598_PT_IMPORT_VAL_RS.CRS._H.xlsx,PT_Import_Val_2022-23,38.0,1751964622_PT_IMPORT_VAL_US$_H.xlsx,PT_Import_Val_2022-23,38.0,2026-08-21T15:32:19.327782+00:00,1.0
2022-09-01,2022,2022-23,September,Others&,IMPORT,646.2074432844867,80.5453726378,PPAC,1751964598_PT_IMPORT_VAL_RS.CRS._H.xlsx,PT_Import_Val_2022-23,23.0,1751964622_PT_IMPORT_VAL_US$_H.xlsx,PT_Import_Val_2022-23,23.0,2026-08-21T15:32:19.327782+00:00,1.0
2022-09-01,2022,2022-23,September,Petcoke,IMPORT,1020.8874268999998,127.24260000000001,PPAC,1751964598_PT_IMPORT_VAL_RS.CRS._H.xlsx,PT_Import_Val_2022-23,22.0,1751964622_PT_IMPORT_VAL_US$_H.xlsx,PT_Import_Val_2022-23,22.0,2026-08-21T15:32:19.327782+00:00,1.0
2022-09-01,2022,2022-23,September,Petcoke / CBFS,EXPORT,13.80212856,1.7292,PPAC,1751964598_PT_IMPORT_VAL_RS.CRS._H.xlsx,PT_Import_Val_2022-23,37.0,1751964622_PT_IMPORT_VAL_US$_H.xlsx,PT_Import_Val_2022-23,37.0,2026-08-21T15:32:19.327782+00:00,1.0
2022-09-01,2022,2022-23,September,SKO,EXPORT,7.4526338,0.9319286982618482,PPAC,1751964598_PT_IMPORT_VAL_RS.CRS._H.xlsx,PT_Import_Val_2022-23,31.0,1751964622_PT_IMPORT_VAL_US$_H.xlsx,PT_Import_Val_2022-23,31.0,2026-08-21T15:32:19.327782+00:00,1.0
2022-09-01,2022,2022-23,September,SKO,IMPORT,0.0,0.0,PPAC,1751964598_PT_IMPORT_VAL_RS.CRS._H.xlsx,PT_Import_Val_2022-23,17.0,1751964622_PT_IMPORT_VAL_US$_H.xlsx,PT_Import_Val_2022-23,17.0,2026-08-21T15:32:19.327782+00:00,1.0
2022-10-01,2022,2022-23,October,ATF,IMPORT,0.0,0.0,PPAC,1751964598_PT_IMPORT_VAL_RS.CRS._H.xlsx,PT_Import_Val_2022-23,16.0,1751964622_PT_IMPORT_VAL_US$_H.xlsx,PT_Import_Val_2022-23,16.0,2026-08-21T15:32:19.327782+00:00,1.0
2022-10-01,2022,2022-23,October,ATF#,EXPORT,5347.423806248,649.9916977645887,PPAC,1751964598_PT_IMPORT_VAL_RS.CRS._H.xlsx,PT_Import_Val_2022-23,30.0,1751964622_PT_IMPORT_VAL_US$_H.xlsx,PT_Import_Val_2022-23,30.0,2026-08-21T15:32:19.327782+00:00,1.0
2022-10-01,2022,2022-23,October,Bitumen,EXPORT,10.962852000000002,1.3377338179111458,PPAC,1751964598_PT_IMPORT_VAL_RS.CRS._H.xlsx,PT_Import_Val_2022-23,36.0,1751964622_PT_IMPORT_VAL_US$_H.xlsx,PT_Import_Val_2022-23,36.0,2026-08-21T15:32:19.327782+00:00,1.0
2022-10-01,2022,2022-23,October,Bitumen,IMPORT,773.5719200000001,93.9618,PPAC,1751964598_PT_IMPORT_VAL_RS.CRS._H.xlsx,PT_Import_Val_2022-23,21.0,1751964622_PT_IMPORT_VAL_US$_H.xlsx,PT_Import_Val_2022-23,21.0,2026-08-21T15:32:19.327782+00:00,1.0
2022-10-01,2022,2022-23,October,CRUDE OIL,IMPORT,99194.38551123781,12086.5549877232,PPAC,1751964598_PT_IMPORT_VAL_RS.CRS._H.xlsx,PT_Import_Val_2022-23,11.0,1751964622_PT_IMPORT_VAL_US$_H.xlsx,PT_Import_Val_2022-23,11.0,2026-08-21T15:32:19.327782+00:00,1.0
2022-10-01,2022,2022-23,October,Fuel Oil,EXPORT,968.4973676766047,117.40284525481607,PPAC,1751964598_PT_IMPORT_VAL_RS.CRS._H.xlsx,PT_Import_Val_2022-23,35.0,1751964622_PT_IMPORT_VAL_US$_H.xlsx,PT_Import_Val_2022-23,35.0,2026-08-21T15:32:19.327782+00:00,1.0
2022-10-01,2022,2022-23,October,Fuel Oil,IMPORT,2472.88585476825,300.61247600999997,PPAC,1751964598_PT_IMPORT_VAL_RS.CRS._H.xlsx,PT_Import_Val_2022-23,20.0,1751964622_PT_IMPORT_VAL_US$_H.xlsx,PT_Import_Val_2022-23,20.0,2026-08-21T15:32:19.327782+00:00,1.0
2022-10-01,2022,2022-23,October,HSD,EXPORT,17901.670569250917,2174.711163631487,PPAC,1751964598_PT_IMPORT_VAL_RS.CRS._H.xlsx,PT_Import_Val_2022-23,32.0,1751964622_PT_IMPORT_VAL_US$_H.xlsx,PT_Import_Val_2022-23,32.0,2026-08-21T15:32:19.327782+00:00,1.0
2022-10-01,2022,2022-23,October,HSD,IMPORT,91.96575009999998,11.169099999999998,PPAC,1751964598_PT_IMPORT_VAL_RS.CRS._H.xlsx,PT_Import_Val_2022-23,18.0,1751964622_PT_IMPORT_VAL_US$_H.xlsx,PT_Import_Val_2022-23,18.0,2026-08-21T15:32:19.327782+00:00,1.0
2022-10-01,2022,2022-23,October,LDO,EXPORT,1.264924,0.15416502132845825,PPAC,1751964598_PT_IMPORT_VAL_RS.CRS._H.xlsx,PT_Import_Val_2022-23,33.0,1751964622_PT_IMPORT_VAL_US$_H.xlsx,PT_Import_Val_2022-23,33.0,2026-08-21T15:32:19.327782+00:00,1.0
2022-10-01,2022,2022-23,October,LOBS/ Lube Oil,EXPORT,7.89426729588,0.9626163454758183,PPAC,1751964598_PT_IMPORT_VAL_RS.CRS._H.xlsx,PT_Import_Val_2022-23,34.0,1751964622_PT_IMPORT_VAL_US$_H.xlsx,PT_Import_Val_2022-23,34.0,2026-08-21T15:32:19.327782+00:00,1.0
2022-10-01,2022,2022-23,October,LOBS/ Lube oil,IMPORT,1887.5093722866475,229.289294145,PPAC,1751964598_PT_IMPORT_VAL_RS.CRS._H.xlsx,PT_Import_Val_2022-23,19.0,1751964622_PT_IMPORT_VAL_US$_H.xlsx,PT_Import_Val_2022-23,19.0,2026-08-21T15:32:19.327782+00:00,1.0
2022-10-01,2022,2022-23,October,LPG,EXPORT,278.2423244,33.91131315051798,PPAC,1751964598_PT_IMPORT_VAL_RS.CRS._H.xlsx,PT_Import_Val_2022-23,27.0,1751964622_PT_IMPORT_VAL_US$_H.xlsx,PT_Import_Val_2022-23,27.0,2026-08-21T15:32:19.327782+00:00,1.0
2022-10-01,2022,2022-23,October,LPG,IMPORT,6864.873916887183,835.8629792181607,PPAC,1751964598_PT_IMPORT_VAL_RS.CRS._H.xlsx,PT_Import_Val_2022-23,13.0,1751964622_PT_IMPORT_VAL_US$_H.xlsx,PT_Import_Val_2022-23,13.0,2026-08-21T15:32:19.327782+00:00,1.0
2022-10-01,2022,2022-23,October,MS,IMPORT,2433.8629538500318,295.82037192288004,PPAC,1751964598_PT_IMPORT_VAL_RS.CRS._H.xlsx,PT_Import_Val_2022-23,14.0,1751964622_PT_IMPORT_VAL_US$_H.xlsx,PT_Import_Val_2022-23,14.0,2026-08-21T15:32:19.327782+00:00,1.0
2022-10-01,2022,2022-23,October,MS!,EXPORT,3312.671710829,403.20844370687513,PPAC,1751964598_PT_IMPORT_VAL_RS.CRS._H.xlsx,PT_Import_Val_2022-23,28.0,1751964622_PT_IMPORT_VAL_US$_H.xlsx,PT_Import_Val_2022-23,28.0,2026-08-21T15:32:19.327782+00:00,1.0
2022-10-01,2022,2022-23,October,Naphtha,IMPORT,636.94037275344,77.2839009911152,PPAC,1751964598_PT_IMPORT_VAL_RS.CRS._H.xlsx,PT_Import_Val_2022-23,15.0,1751964622_PT_IMPORT_VAL_US$_H.xlsx,PT_Import_Val_2022-23,15.0,2026-08-21T15:32:19.327782+00:00,1.0
2022-10-01,2022,2022-23,October,Naphtha$,EXPORT,2009.0469272956318,244.06957488211197,PPAC,1751964598_PT_IMPORT_VAL_RS.CRS._H.xlsx,PT_Import_Val_2022-23,29.0,1751964622_PT_IMPORT_VAL_US$_H.xlsx,PT_Import_Val_2022-23,29.0,2026-08-21T15:32:19.327782+00:00,1.0
2022-10-01,2022,2022-23,October,Others%,EXPORT,852.0187068984001,103.31186477611999,PPAC,1751964598_PT_IMPORT_VAL_RS.CRS._H.xlsx,PT_Import_Val_2022-23,38.0,1751964622_PT_IMPORT_VAL_US$_H.xlsx,PT_Import_Val_2022-23,38.0,2026-08-21T15:32:19.327782+00:00,1.0
2022-10-01,2022,2022-23,October,Others&,IMPORT,604.4794625003561,73.41660203154,PPAC,1751964598_PT_IMPORT_VAL_RS.CRS._H.xlsx,PT_Import_Val_2022-23,23.0,1751964622_PT_IMPORT_VAL_US$_H.xlsx,PT_Import_Val_2022-23,23.0,2026-08-21T15:32:19.327782+00:00,1.0
2022-10-01,2022,2022-23,October,Petcoke,IMPORT,1587.7222273,192.8249,PPAC,1751964598_PT_IMPORT_VAL_RS.CRS._H.xlsx,PT_Import_Val_2022-23,22.0,1751964622_PT_IMPORT_VAL_US$_H.xlsx,PT_Import_Val_2022-23,22.0,2026-08-21T15:32:19.327782+00:00,1.0
2022-10-01,2022,2022-23,October,Petcoke / CBFS,EXPORT,0.0,0.0,PPAC,1751964598_PT_IMPORT_VAL_RS.CRS._H.xlsx,PT_Import_Val_2022-23,37.0,1751964622_PT_IMPORT_VAL_US$_H.xlsx,PT_Import_Val_2022-23,37.0,2026-08-21T15:32:19.327782+00:00,1.0
2022-10-01,2022,2022-23,October,SKO,EXPORT,6.4208078,0.7825481779402804,PPAC,1751964598_PT_IMPORT_VAL_RS.CRS._H.xlsx,PT_Import_Val_2022-23,31.0,1751964622_PT_IMPORT_VAL_US$_H.xlsx,PT_Import_Val_2022-23,31.0,2026-08-21T15:32:19.327782+00:00,1.0
2022-10-01,2022,2022-23,October,SKO,IMPORT,0.0,0.0,PPAC,1751964598_PT_IMPORT_VAL_RS.CRS._H.xlsx,PT_Import_Val_2022-23,17.0,1751964622_PT_IMPORT_VAL_US$_H.xlsx,PT_Import_Val_2022-23,17.0,2026-08-21T15:32:19.327782+00:00,1.0
2022-11-01,2022,2022-23,November,ATF,IMPORT,0.0,0.0,PPAC,1751964598_PT_IMPORT_VAL_RS.CRS._H.xlsx,PT_Import_Val_2022-23,16.0,1751964622_PT_IMPORT_VAL_US$_H.xlsx,PT_Import_Val_2022-23,16.0,2026-08-21T15:32:19.327782+00:00,1.0
2022-11-01,2022,2022-23,November,ATF#,EXPORT,4880.098201227,595.7636670452096,PPAC,1751964598_PT_IMPORT_VAL_RS.CRS._H.xlsx,PT_Import_Val_2022-23,30.0,1751964622_PT_IMPORT_VAL_US$_H.xlsx,PT_Import_Val_2022-23,30.0,2026-08-21T15:32:19.327782+00:00,1.0
2022-11-01,2022,2022-23,November,Bitumen,EXPORT,0.48328930000000003,0.05907510477434126,PPAC,1751964598_PT_IMPORT_VAL_RS.CRS._H.xlsx,PT_Import_Val_2022-23,36.0,1751964622_PT_IMPORT_VAL_US$_H.xlsx,PT_Import_Val_2022-23,36.0,2026-08-21T15:32:19.327782+00:00,1.0
2022-11-01,2022,2022-23,November,Bitumen,IMPORT,1105.4384407845632,135.108394656,PPAC,1751964598_PT_IMPORT_VAL_RS.CRS._H.xlsx,PT_Import_Val_2022-23,21.0,1751964622_PT_IMPORT_VAL_US$_H.xlsx,PT_Import_Val_2022-23,21.0,2026-08-21T15:32:19.327782+00:00,1.0
2022-11-01,2022,2022-23,November,CRUDE OIL,IMPORT,100258.75918442282,12252.886624445022,PPAC,1751964598_PT_IMPORT_VAL_RS.CRS._H.xlsx,PT_Import_Val_2022-23,11.0,1751964622_PT_IMPORT_VAL_US$_H.xlsx,PT_Import_Val_2022-23,11.0,2026-08-21T15:32:19.327782+00:00,1.0
2022-11-01,2022,2022-23,November,Fuel Oil,EXPORT,720.7302455,88.32165843477617,PPAC,1751964598_PT_IMPORT_VAL_RS.CRS._H.xlsx,PT_Import_Val_2022-23,35.0,1751964622_PT_IMPORT_VAL_US$_H.xlsx,PT_Import_Val_2022-23,35.0,2026-08-21T15:32:19.327782+00:00,1.0
2022-11-01,2022,2022-23,November,Fuel Oil,IMPORT,2037.898288967225,248.83770963,PPAC,1751964598_PT_IMPORT_VAL_RS.CRS._H.xlsx,PT_Import_Val_2022-23,20.0,1751964622_PT_IMPORT_VAL_US$_H.xlsx,PT_Import_Val_2022-23,20.0,2026-08-21T15:32:19.327782+00:00,1.0
2022-11-01,2022,2022-23,November,HSD,EXPORT,15873.609370051907,1940.4264270543601,PPAC,1751964598_PT_IMPORT_VAL_RS.CRS._H.xlsx,PT_Import_Val_2022-23,32.0,1751964622_PT_IMPORT_VAL_US$_H.xlsx,PT_Import_Val_2022-23,32.0,2026-08-21T15:32:19.327782+00:00,1.0
2022-11-01,2022,2022-23,November,HSD,IMPORT,66.53854439999999,8.1333,PPAC,1751964598_PT_IMPORT_VAL_RS.CRS._H.xlsx,PT_Import_Val_2022-23,18.0,1751964622_PT_IMPORT_VAL_US$_H.xlsx,PT_Import_Val_2022-23,18.0,2026-08-21T15:32:19.327782+00:00,1.0
2022-11-01,2022,2022-23,November,LDO,EXPORT,1.200176,0.14577626624559697,PPAC,1751964598_PT_IMPORT_VAL_RS.CRS._H.xlsx,PT_Import_Val_2022-23,33.0,1751964622_PT_IMPORT_VAL_US$_H.xlsx,PT_Import_Val_2022-23,33.0,2026-08-21T15:32:19.327782+00:00,1.0
2022-11-01,2022,2022-23,November,LOBS/ Lube Oil,EXPORT,11.47833282815,1.3997608754111504,PPAC,1751964598_PT_IMPORT_VAL_RS.CRS._H.xlsx,PT_Import_Val_2022-23,34.0,1751964622_PT_IMPORT_VAL_US$_H.xlsx,PT_Import_Val_2022-23,34.0,2026-08-21T15:32:19.327782+00:00,1.0
2022-11-01,2022,2022-23,November,LOBS/ Lube oil,IMPORT,1420.5142739686253,173.54140082499998,PPAC,1751964598_PT_IMPORT_VAL_RS.CRS._H.xlsx,PT_Import_Val_2022-23,19.0,1751964622_PT_IMPORT_VAL_US$_H.xlsx,PT_Import_Val_2022-23,19.0,2026-08-21T15:32:19.327782+00:00,1.0
2022-11-01,2022,2022-23,November,LPG,EXPORT,254.6303195,30.928011599659904,PPAC,1751964598_PT_IMPORT_VAL_RS.CRS._H.xlsx,PT_Import_Val_2022-23,27.0,1751964622_PT_IMPORT_VAL_US$_H.xlsx,PT_Import_Val_2022-23,27.0,2026-08-21T15:32:19.327782+00:00,1.0
2022-11-01,2022,2022-23,November,LPG,IMPORT,9211.218179136544,1121.6217803064005,PPAC,1751964598_PT_IMPORT_VAL_RS.CRS._H.xlsx,PT_Import_Val_2022-23,13.0,1751964622_PT_IMPORT_VAL_US$_H.xlsx,PT_Import_Val_2022-23,13.0,2026-08-21T15:32:19.327782+00:00,1.0
2022-11-01,2022,2022-23,November,MS,IMPORT,1620.1603982408667,196.86820969270752,PPAC,1751964598_PT_IMPORT_VAL_RS.CRS._H.xlsx,PT_Import_Val_2022-23,14.0,1751964622_PT_IMPORT_VAL_US$_H.xlsx,PT_Import_Val_2022-23,14.0,2026-08-21T15:32:19.327782+00:00,1.0
2022-11-01,2022,2022-23,November,MS!,EXPORT,5736.160145138,692.061358503257,PPAC,1751964598_PT_IMPORT_VAL_RS.CRS._H.xlsx,PT_Import_Val_2022-23,28.0,1751964622_PT_IMPORT_VAL_US$_H.xlsx,PT_Import_Val_2022-23,28.0,2026-08-21T15:32:19.327782+00:00,1.0
2022-11-01,2022,2022-23,November,Naphtha,IMPORT,173.61043654513992,21.1909423455604,PPAC,1751964598_PT_IMPORT_VAL_RS.CRS._H.xlsx,PT_Import_Val_2022-23,15.0,1751964622_PT_IMPORT_VAL_US$_H.xlsx,PT_Import_Val_2022-23,15.0,2026-08-21T15:32:19.327782+00:00,1.0
2022-11-01,2022,2022-23,November,Naphtha$,EXPORT,2335.9553956185,285.159966771,PPAC,1751964598_PT_IMPORT_VAL_RS.CRS._H.xlsx,PT_Import_Val_2022-23,29.0,1751964622_PT_IMPORT_VAL_US$_H.xlsx,PT_Import_Val_2022-23,29.0,2026-08-21T15:32:19.327782+00:00,1.0
2022-11-01,2022,2022-23,November,Others%,EXPORT,1278.5135650319498,156.157202825144,PPAC,1751964598_PT_IMPORT_VAL_RS.CRS._H.xlsx,PT_Import_Val_2022-23,38.0,1751964622_PT_IMPORT_VAL_US$_H.xlsx,PT_Import_Val_2022-23,38.0,2026-08-21T15:32:19.327782+00:00,1.0
2022-11-01,2022,2022-23,November,Others&,IMPORT,673.1964419751198,82.28428264,PPAC,1751964598_PT_IMPORT_VAL_RS.CRS._H.xlsx,PT_Import_Val_2022-23,23.0,1751964622_PT_IMPORT_VAL_US$_H.xlsx,PT_Import_Val_2022-23,23.0,2026-08-21T15:32:19.327782+00:00,1.0
2022-11-01,2022,2022-23,November,Petcoke,IMPORT,1709.9420129,209.0125,PPAC,1751964598_PT_IMPORT_VAL_RS.CRS._H.xlsx,PT_Import_Val_2022-23,22.0,1751964622_PT_IMPORT_VAL_US$_H.xlsx,PT_Import_Val_2022-23,22.0,2026-08-21T15:32:19.327782+00:00,1.0
2022-11-01,2022,2022-23,November,Petcoke / CBFS,EXPORT,0.0,0.0,PPAC,1751964598_PT_IMPORT_VAL_RS.CRS._H.xlsx,PT_Import_Val_2022-23,37.0,1751964622_PT_IMPORT_VAL_US$_H.xlsx,PT_Import_Val_2022-23,37.0,2026-08-21T15:32:19.327782+00:00,1.0
2022-11-01,2022,2022-23,November,SKO,EXPORT,8.031775999999999,0.975558848536378,PPAC,1751964598_PT_IMPORT_VAL_RS.CRS._H.xlsx,PT_Import_Val_2022-23,31.0,1751964622_PT_IMPORT_VAL_US$_H.xlsx,PT_Import_Val_2022-23,31.0,2026-08-21T15:32:19.327782+00:00,1.0
2022-11-01,2022,2022-23,November,SKO,IMPORT,0.0,0.0,PPAC,1751964598_PT_IMPORT_VAL_RS.CRS._H.xlsx,PT_Import_Val_2022-23,17.0,1751964622_PT_IMPORT_VAL_US$_H.xlsx,PT_Import_Val_2022-23,17.0,2026-08-21T15:32:19.327782+00:00,1.0
2022-12-01,2022,2022-23,December,ATF,IMPORT,0.0,0.0,PPAC,1751964598_PT_IMPORT_VAL_RS.CRS._H.xlsx,PT_Import_Val_2022-23,16.0,1751964622_PT_IMPORT_VAL_US$_H.xlsx,PT_Import_Val_2022-23,16.0,2026-08-21T15:32:19.327782+00:00,1.0
2022-12-01,2022,2022-23,December,ATF#,EXPORT,4543.676094453001,552.595972447014,PPAC,1751964598_PT_IMPORT_VAL_RS.CRS._H.xlsx,PT_Import_Val_2022-23,30.0,1751964622_PT_IMPORT_VAL_US$_H.xlsx,PT_Import_Val_2022-23,30.0,2026-08-21T15:32:19.327782+00:00,1.0
2022-12-01,2022,2022-23,December,Bitumen,EXPORT,0.4495835,0.05512979767014102,PPAC,1751964598_PT_IMPORT_VAL_RS.CRS._H.xlsx,PT_Import_Val_2022-23,36.0,1751964622_PT_IMPORT_VAL_US$_H.xlsx,PT_Import_Val_2022-23,36.0,2026-08-21T15:32:19.327782+00:00,1.0
2022-12-01,2022,2022-23,December,Bitumen,IMPORT,1021.8654855,123.92479999999999,PPAC,1751964598_PT_IMPORT_VAL_RS.CRS._H.xlsx,PT_Import_Val_2022-23,21.0,1751964622_PT_IMPORT_VAL_US$_H.xlsx,PT_Import_Val_2022-23,21.0,2026-08-21T15:32:19.327782+00:00,1.0
2022-12-01,2022,2022-23,December,CRUDE OIL,IMPORT,94253.2374006114,11445.029806847097,PPAC,1751964598_PT_IMPORT_VAL_RS.CRS._H.xlsx,PT_Import_Val_2022-23,11.0,1751964622_PT_IMPORT_VAL_US$_H.xlsx,PT_Import_Val_2022-23,11.0,2026-08-21T15:32:19.327782+00:00,1.0
2022-12-01,2022,2022-23,December,Fuel Oil,EXPORT,925.5090269,112.04173812188601,PPAC,1751964598_PT_IMPORT_VAL_RS.CRS._H.xlsx,PT_Import_Val_2022-23,35.0,1751964622_PT_IMPORT_VAL_US$_H.xlsx,PT_Import_Val_2022-23,35.0,2026-08-21T15:32:19.327782+00:00,1.0
2022-12-01,2022,2022-23,December,Fuel Oil,IMPORT,2952.3115680838127,358.99734798623615,PPAC,1751964598_PT_IMPORT_VAL_RS.CRS._H.xlsx,PT_Import_Val_2022-23,20.0,1751964622_PT_IMPORT_VAL_US$_H.xlsx,PT_Import_Val_2022-23,20.0,2026-08-21T15:32:19.327782+00:00,1.0
2022-12-01,2022,2022-23,December,HSD,EXPORT,17381.5453611302,2109.2772701541794,PPAC,1751964598_PT_IMPORT_VAL_RS.CRS._H.xlsx,PT_Import_Val_2022-23,32.0,1751964622_PT_IMPORT_VAL_US$_H.xlsx,PT_Import_Val_2022-23,32.0,2026-08-21T15:32:19.327782+00:00,1.0
2022-12-01,2022,2022-23,December,HSD,IMPORT,118.0504272,14.315200000000003,PPAC,1751964598_PT_IMPORT_VAL_RS.CRS._H.xlsx,PT_Import_Val_2022-23,18.0,1751964622_PT_IMPORT_VAL_US$_H.xlsx,PT_Import_Val_2022-23,18.0,2026-08-21T15:32:19.327782+00:00,1.0
2022-12-01,2022,2022-23,December,LDO,EXPORT,1.515756,0.18586830165542614,PPAC,1751964598_PT_IMPORT_VAL_RS.CRS._H.xlsx,PT_Import_Val_2022-23,33.0,1751964622_PT_IMPORT_VAL_US$_H.xlsx,PT_Import_Val_2022-23,33.0,2026-08-21T15:32:19.327782+00:00,1.0
2022-12-01,2022,2022-23,December,LOBS/ Lube Oil,EXPORT,10.09778787866,1.2299359471595412,PPAC,1751964598_PT_IMPORT_VAL_RS.CRS._H.xlsx,PT_Import_Val_2022-23,34.0,1751964622_PT_IMPORT_VAL_US$_H.xlsx,PT_Import_Val_2022-23,34.0,2026-08-21T15:32:19.327782+00:00,1.0
2022-12-01,2022,2022-23,December,LOBS/ Lube oil,IMPORT,1204.4994348594319,146.22171862000002,PPAC,1751964598_PT_IMPORT_VAL_RS.CRS._H.xlsx,PT_Import_Val_2022-23,19.0,1751964622_PT_IMPORT_VAL_US$_H.xlsx,PT_Import_Val_2022-23,19.0,2026-08-21T15:32:19.327782+00:00,1.0
2022-12-01,2022,2022-23,December,LPG,EXPORT,276.8341805,33.946558001226244,PPAC,1751964598_PT_IMPORT_VAL_RS.CRS._H.xlsx,PT_Import_Val_2022-23,27.0,1751964622_PT_IMPORT_VAL_US$_H.xlsx,PT_Import_Val_2022-23,27.0,2026-08-21T15:32:19.327782+00:00,1.0
2022-12-01,2022,2022-23,December,LPG,IMPORT,9489.07886463289,1159.2078988353264,PPAC,1751964598_PT_IMPORT_VAL_RS.CRS._H.xlsx,PT_Import_Val_2022-23,13.0,1751964622_PT_IMPORT_VAL_US$_H.xlsx,PT_Import_Val_2022-23,13.0,2026-08-21T15:32:19.327782+00:00,1.0
2022-12-01,2022,2022-23,December,MS,IMPORT,841.6799700851012,102.65101360553064,PPAC,1751964598_PT_IMPORT_VAL_RS.CRS._H.xlsx,PT_Import_Val_2022-23,14.0,1751964622_PT_IMPORT_VAL_US$_H.xlsx,PT_Import_Val_2022-23,14.0,2026-08-21T15:32:19.327782+00:00,1.0
2022-12-01,2022,2022-23,December,MS!,EXPORT,8138.867580369,995.6208473255185,PPAC,1751964598_PT_IMPORT_VAL_RS.CRS._H.xlsx,PT_Import_Val_2022-23,28.0,1751964622_PT_IMPORT_VAL_US$_H.xlsx,PT_Import_Val_2022-23,28.0,2026-08-21T15:32:19.327782+00:00,1.0
2022-12-01,2022,2022-23,December,Naphtha,IMPORT,388.0545023858906,46.97784389,PPAC,1751964598_PT_IMPORT_VAL_RS.CRS._H.xlsx,PT_Import_Val_2022-23,15.0,1751964622_PT_IMPORT_VAL_US$_H.xlsx,PT_Import_Val_2022-23,15.0,2026-08-21T15:32:19.327782+00:00,1.0
2022-12-01,2022,2022-23,December,Naphtha$,EXPORT,2245.718117827195,273.361714946886,PPAC,1751964598_PT_IMPORT_VAL_RS.CRS._H.xlsx,PT_Import_Val_2022-23,29.0,1751964622_PT_IMPORT_VAL_US$_H.xlsx,PT_Import_Val_2022-23,29.0,2026-08-21T15:32:19.327782+00:00,1.0
2022-12-01,2022,2022-23,December,Others%,EXPORT,3372.8310189159,408.6110068495799,PPAC,1751964598_PT_IMPORT_VAL_RS.CRS._H.xlsx,PT_Import_Val_2022-23,38.0,1751964622_PT_IMPORT_VAL_US$_H.xlsx,PT_Import_Val_2022-23,38.0,2026-08-21T15:32:19.327782+00:00,1.0
2022-12-01,2022,2022-23,December,Others&,IMPORT,855.074573966481,103.6991034016,PPAC,1751964598_PT_IMPORT_VAL_RS.CRS._H.xlsx,PT_Import_Val_2022-23,23.0,1751964622_PT_IMPORT_VAL_US$_H.xlsx,PT_Import_Val_2022-23,23.0,2026-08-21T15:32:19.327782+00:00,1.0
2022-12-01,2022,2022-23,December,Petcoke,IMPORT,971.6253161,117.82389999999998,PPAC,1751964598_PT_IMPORT_VAL_RS.CRS._H.xlsx,PT_Import_Val_2022-23,22.0,1751964622_PT_IMPORT_VAL_US$_H.xlsx,PT_Import_Val_2022-23,22.0,2026-08-21T15:32:19.327782+00:00,1.0
2022-12-01,2022,2022-23,December,Petcoke / CBFS,EXPORT,0.0,0.0,PPAC,1751964598_PT_IMPORT_VAL_RS.CRS._H.xlsx,PT_Import_Val_2022-23,37.0,1751964622_PT_IMPORT_VAL_US$_H.xlsx,PT_Import_Val_2022-23,37.0,2026-08-21T15:32:19.327782+00:00,1.0
2022-12-01,2022,2022-23,December,SKO,EXPORT,8.2406516,1.0105029552421827,PPAC,1751964598_PT_IMPORT_VAL_RS.CRS._H.xlsx,PT_Import_Val_2022-23,31.0,1751964622_PT_IMPORT_VAL_US$_H.xlsx,PT_Import_Val_2022-23,31.0,2026-08-21T15:32:19.327782+00:00,1.0
2022-12-01,2022,2022-23,December,SKO,IMPORT,0.0,0.0,PPAC,1751964598_PT_IMPORT_VAL_RS.CRS._H.xlsx,PT_Import_Val_2022-23,17.0,1751964622_PT_IMPORT_VAL_US$_H.xlsx,PT_Import_Val_2022-23,17.0,2026-08-21T15:32:19.327782+00:00,1.0
2023-01-01,2023,2022-23,January,ATF,IMPORT,0.0,0.0,PPAC,1751964598_PT_IMPORT_VAL_RS.CRS._H.xlsx,PT_Import_Val_2022-23,16.0,1751964622_PT_IMPORT_VAL_US$_H.xlsx,PT_Import_Val_2022-23,16.0,2026-08-21T15:32:19.327782+00:00,1.0
2023-01-01,2023,2022-23,January,ATF#,EXPORT,4429.260618488,541.6691991859326,PPAC,1751964598_PT_IMPORT_VAL_RS.CRS._H.xlsx,PT_Import_Val_2022-23,30.0,1751964622_PT_IMPORT_VAL_US$_H.xlsx,PT_Import_Val_2022-23,30.0,2026-08-21T15:32:19.327782+00:00,1.0
2023-01-01,2023,2022-23,January,Bitumen,EXPORT,0.2045987,0.024620782190132372,PPAC,1751964598_PT_IMPORT_VAL_RS.CRS._H.xlsx,PT_Import_Val_2022-23,36.0,1751964622_PT_IMPORT_VAL_US$_H.xlsx,PT_Import_Val_2022-23,36.0,2026-08-21T15:32:19.327782+00:00,1.0
2023-01-01,2023,2022-23,January,Bitumen,IMPORT,914.5458493,111.67800000000001,PPAC,1751964598_PT_IMPORT_VAL_RS.CRS._H.xlsx,PT_Import_Val_2022-23,21.0,1751964622_PT_IMPORT_VAL_US$_H.xlsx,PT_Import_Val_2022-23,21.0,2026-08-21T15:32:19.327782+00:00,1.0
2023-01-01,2023,2022-23,January,CRUDE OIL,IMPORT,92441.85483009912,11350.712839064225,PPAC,1751964598_PT_IMPORT_VAL_RS.CRS._H.xlsx,PT_Import_Val_2022-23,11.0,1751964622_PT_IMPORT_VAL_US$_H.xlsx,PT_Import_Val_2022-23,11.0,2026-08-21T15:32:19.327782+00:00,1.0
2023-01-01,2023,2022-23,January,Fuel Oil,EXPORT,685.2212915288733,83.35008061336454,PPAC,1751964598_PT_IMPORT_VAL_RS.CRS._H.xlsx,PT_Import_Val_2022-23,35.0,1751964622_PT_IMPORT_VAL_US$_H.xlsx,PT_Import_Val_2022-23,35.0,2026-08-21T15:32:19.327782+00:00,1.0
2023-01-01,2023,2022-23,January,Fuel Oil,IMPORT,2764.797674431685,337.5455664931246,PPAC,1751964598_PT_IMPORT_VAL_RS.CRS._H.xlsx,PT_Import_Val_2022-23,20.0,1751964622_PT_IMPORT_VAL_US$_H.xlsx,PT_Import_Val_2022-23,20.0,2026-08-21T15:32:19.327782+00:00,1.0
2023-01-01,2023,2022-23,January,HSD,EXPORT,14375.31935498689,1755.3700475449377,PPAC,1751964598_PT_IMPORT_VAL_RS.CRS._H.xlsx,PT_Import_Val_2022-23,32.0,1751964622_PT_IMPORT_VAL_US$_H.xlsx,PT_Import_Val_2022-23,32.0,2026-08-21T15:32:19.327782+00:00,1.0
2023-01-01,2023,2022-23,January,HSD,IMPORT,45.498867499999996,5.5554,PPAC,1751964598_PT_IMPORT_VAL_RS.CRS._H.xlsx,PT_Import_Val_2022-23,18.0,1751964622_PT_IMPORT_VAL_US$_H.xlsx,PT_Import_Val_2022-23,18.0,2026-08-21T15:32:19.327782+00:00,1.0
2023-01-01,2023,2022-23,January,LDO,EXPORT,0.8352,0.1005054151624549,PPAC,1751964598_PT_IMPORT_VAL_RS.CRS._H.xlsx,PT_Import_Val_2022-23,33.0,1751964622_PT_IMPORT_VAL_US$_H.xlsx,PT_Import_Val_2022-23,33.0,2026-08-21T15:32:19.327782+00:00,1.0
2023-01-01,2023,2022-23,January,LOBS/ Lube Oil,EXPORT,10.365421692329997,1.2674293684440185,PPAC,1751964598_PT_IMPORT_VAL_RS.CRS._H.xlsx,PT_Import_Val_2022-23,34.0,1751964622_PT_IMPORT_VAL_US$_H.xlsx,PT_Import_Val_2022-23,34.0,2026-08-21T15:32:19.327782+00:00,1.0
2023-01-01,2023,2022-23,January,LOBS/ Lube oil,IMPORT,1183.352966893111,144.46002741229634,PPAC,1751964598_PT_IMPORT_VAL_RS.CRS._H.xlsx,PT_Import_Val_2022-23,19.0,1751964622_PT_IMPORT_VAL_US$_H.xlsx,PT_Import_Val_2022-23,19.0,2026-08-21T15:32:19.327782+00:00,1.0
2023-01-01,2023,2022-23,January,LPG,EXPORT,315.5333654,37.970320746089044,PPAC,1751964598_PT_IMPORT_VAL_RS.CRS._H.xlsx,PT_Import_Val_2022-23,27.0,1751964622_PT_IMPORT_VAL_US$_H.xlsx,PT_Import_Val_2022-23,27.0,2026-08-21T15:32:19.327782+00:00,1.0
2023-01-01,2023,2022-23,January,LPG,IMPORT,8825.4002814885,1070.4994936785338,PPAC,1751964598_PT_IMPORT_VAL_RS.CRS._H.xlsx,PT_Import_Val_2022-23,13.0,1751964622_PT_IMPORT_VAL_US$_H.xlsx,PT_Import_Val_2022-23,13.0,2026-08-21T15:32:19.327782+00:00,1.0
2023-01-01,2023,2022-23,January,MS,IMPORT,0.2713627,0.0331,PPAC,1751964598_PT_IMPORT_VAL_RS.CRS._H.xlsx,PT_Import_Val_2022-23,14.0,1751964622_PT_IMPORT_VAL_US$_H.xlsx,PT_Import_Val_2022-23,14.0,2026-08-21T15:32:19.327782+00:00,1.0
2023-01-01,2023,2022-23,January,MS!,EXPORT,8424.650741578,1035.6229966770645,PPAC,1751964598_PT_IMPORT_VAL_RS.CRS._H.xlsx,PT_Import_Val_2022-23,28.0,1751964622_PT_IMPORT_VAL_US$_H.xlsx,PT_Import_Val_2022-23,28.0,2026-08-21T15:32:19.327782+00:00,1.0
2023-01-01,2023,2022-23,January,Naphtha,IMPORT,184.145778715469,22.605764960000002,PPAC,1751964598_PT_IMPORT_VAL_RS.CRS._H.xlsx,PT_Import_Val_2022-23,15.0,1751964622_PT_IMPORT_VAL_US$_H.xlsx,PT_Import_Val_2022-23,15.0,2026-08-21T15:32:19.327782+00:00,1.0
2023-01-01,2023,2022-23,January,Naphtha$,EXPORT,1812.002976794242,220.436331401774,PPAC,1751964598_PT_IMPORT_VAL_RS.CRS._H.xlsx,PT_Import_Val_2022-23,29.0,1751964622_PT_IMPORT_VAL_US$_H.xlsx,PT_Import_Val_2022-23,29.0,2026-08-21T15:32:19.327782+00:00,1.0
2023-01-01,2023,2022-23,January,Others%,EXPORT,1201.6122997030202,145.91322200919,PPAC,1751964598_PT_IMPORT_VAL_RS.CRS._H.xlsx,PT_Import_Val_2022-23,38.0,1751964622_PT_IMPORT_VAL_US$_H.xlsx,PT_Import_Val_2022-23,38.0,2026-08-21T15:32:19.327782+00:00,1.0
2023-01-01,2023,2022-23,January,Others&,IMPORT,1177.0664569112087,143.98074318592,PPAC,1751964598_PT_IMPORT_VAL_RS.CRS._H.xlsx,PT_Import_Val_2022-23,23.0,1751964622_PT_IMPORT_VAL_US$_H.xlsx,PT_Import_Val_2022-23,23.0,2026-08-21T15:32:19.327782+00:00,1.0
2023-01-01,2023,2022-23,January,Petcoke,IMPORT,1356.0311656000001,165.57229999999998,PPAC,1751964598_PT_IMPORT_VAL_RS.CRS._H.xlsx,PT_Import_Val_2022-23,22.0,1751964622_PT_IMPORT_VAL_US$_H.xlsx,PT_Import_Val_2022-23,22.0,2026-08-21T15:32:19.327782+00:00,1.0
2023-01-01,2023,2022-23,January,Petcoke / CBFS,EXPORT,0.0,0.0,PPAC,1751964598_PT_IMPORT_VAL_RS.CRS._H.xlsx,PT_Import_Val_2022-23,37.0,1751964622_PT_IMPORT_VAL_US$_H.xlsx,PT_Import_Val_2022-23,37.0,2026-08-21T15:32:19.327782+00:00,1.0
2023-01-01,2023,2022-23,January,SKO,EXPORT,7.3006848,0.8785420938628159,PPAC,1751964598_PT_IMPORT_VAL_RS.CRS._H.xlsx,PT_Import_Val_2022-23,31.0,1751964622_PT_IMPORT_VAL_US$_H.xlsx,PT_Import_Val_2022-23,31.0,2026-08-21T15:32:19.327782+00:00,1.0
2023-01-01,2023,2022-23,January,SKO,IMPORT,0.0,0.0,PPAC,1751964598_PT_IMPORT_VAL_RS.CRS._H.xlsx,PT_Import_Val_2022-23,17.0,1751964622_PT_IMPORT_VAL_US$_H.xlsx,PT_Import_Val_2022-23,17.0,2026-08-21T15:32:19.327782+00:00,1.0
2023-02-01,2023,2022-23,February,ATF,IMPORT,0.0,0.0,PPAC,1751964598_PT_IMPORT_VAL_RS.CRS._H.xlsx,PT_Import_Val_2022-23,16.0,1751964622_PT_IMPORT_VAL_US$_H.xlsx,PT_Import_Val_2022-23,16.0,2026-08-21T15:32:19.327782+00:00,1.0
2023-02-01,2023,2022-23,February,ATF#,EXPORT,4604.405352344,556.7332957991172,PPAC,1751964598_PT_IMPORT_VAL_RS.CRS._H.xlsx,PT_Import_Val_2022-23,30.0,1751964622_PT_IMPORT_VAL_US$_H.xlsx,PT_Import_Val_2022-23,30.0,2026-08-21T15:32:19.327782+00:00,1.0
2023-02-01,2023,2022-23,February,Bitumen,EXPORT,1.3071378,0.15937276319692234,PPAC,1751964598_PT_IMPORT_VAL_RS.CRS._H.xlsx,PT_Import_Val_2022-23,36.0,1751964622_PT_IMPORT_VAL_US$_H.xlsx,PT_Import_Val_2022-23,36.0,2026-08-21T15:32:19.327782+00:00,1.0
2023-02-01,2023,2022-23,February,Bitumen,IMPORT,986.6227183,119.4307,PPAC,1751964598_PT_IMPORT_VAL_RS.CRS._H.xlsx,PT_Import_Val_2022-23,21.0,1751964622_PT_IMPORT_VAL_US$_H.xlsx,PT_Import_Val_2022-23,21.0,2026-08-21T15:32:19.327782+00:00,1.0
2023-02-01,2023,2022-23,February,CRUDE OIL,IMPORT,85798.25892122452,10421.176769331698,PPAC,1751964598_PT_IMPORT_VAL_RS.CRS._H.xlsx,PT_Import_Val_2022-23,11.0,1751964622_PT_IMPORT_VAL_US$_H.xlsx,PT_Import_Val_2022-23,11.0,2026-08-21T15:32:19.327782+00:00,1.0
2023-02-01,2023,2022-23,February,Fuel Oil,EXPORT,324.5380569,39.38886515154512,PPAC,1751964598_PT_IMPORT_VAL_RS.CRS._H.xlsx,PT_Import_Val_2022-23,35.0,1751964622_PT_IMPORT_VAL_US$_H.xlsx,PT_Import_Val_2022-23,35.0,2026-08-21T15:32:19.327782+00:00,1.0
2023-02-01,2023,2022-23,February,Fuel Oil,IMPORT,1893.7300631388428,229.42612396203012,PPAC,1751964598_PT_IMPORT_VAL_RS.CRS._H.xlsx,PT_Import_Val_2022-23,20.0,1751964622_PT_IMPORT_VAL_US$_H.xlsx,PT_Import_Val_2022-23,20.0,2026-08-21T15:32:19.327782+00:00,1.0
2023-02-01,2023,2022-23,February,HSD,EXPORT,14676.246378680597,1775.1490628266345,PPAC,1751964598_PT_IMPORT_VAL_RS.CRS._H.xlsx,PT_Import_Val_2022-23,32.0,1751964622_PT_IMPORT_VAL_US$_H.xlsx,PT_Import_Val_2022-23,32.0,2026-08-21T15:32:19.327782+00:00,1.0
2023-02-01,2023,2022-23,February,HSD,IMPORT,43.6088988,5.279,PPAC,1751964598_PT_IMPORT_VAL_RS.CRS._H.xlsx,PT_Import_Val_2022-23,18.0,1751964622_PT_IMPORT_VAL_US$_H.xlsx,PT_Import_Val_2022-23,18.0,2026-08-21T15:32:19.327782+00:00,1.0
2023-02-01,2023,2022-23,February,LDO,EXPORT,1.14728,0.13952085613523046,PPAC,1751964598_PT_IMPORT_VAL_RS.CRS._H.xlsx,PT_Import_Val_2022-23,33.0,1751964622_PT_IMPORT_VAL_US$_H.xlsx,PT_Import_Val_2022-23,33.0,2026-08-21T15:32:19.327782+00:00,1.0
2023-02-01,2023,2022-23,February,LOBS/ Lube Oil,EXPORT,6.741697423,0.8240214478943654,PPAC,1751964598_PT_IMPORT_VAL_RS.CRS._H.xlsx,PT_Import_Val_2022-23,34.0,1751964622_PT_IMPORT_VAL_US$_H.xlsx,PT_Import_Val_2022-23,34.0,2026-08-21T15:32:19.327782+00:00,1.0
2023-02-01,2023,2022-23,February,LOBS/ Lube oil,IMPORT,1514.6666808505731,183.397910495,PPAC,1751964598_PT_IMPORT_VAL_RS.CRS._H.xlsx,PT_Import_Val_2022-23,19.0,1751964622_PT_IMPORT_VAL_US$_H.xlsx,PT_Import_Val_2022-23,19.0,2026-08-21T15:32:19.327782+00:00,1.0
2023-02-01,2023,2022-23,February,LPG,EXPORT,267.8011239,32.567326267785475,PPAC,1751964598_PT_IMPORT_VAL_RS.CRS._H.xlsx,PT_Import_Val_2022-23,27.0,1751964622_PT_IMPORT_VAL_US$_H.xlsx,PT_Import_Val_2022-23,27.0,2026-08-21T15:32:19.327782+00:00,1.0
2023-02-01,2023,2022-23,February,LPG,IMPORT,10878.430968464912,1319.9251709105076,PPAC,1751964598_PT_IMPORT_VAL_RS.CRS._H.xlsx,PT_Import_Val_2022-23,13.0,1751964622_PT_IMPORT_VAL_US$_H.xlsx,PT_Import_Val_2022-23,13.0,2026-08-21T15:32:19.327782+00:00,1.0
2023-02-01,2023,2022-23,February,MS,IMPORT,0.0,0.0,PPAC,1751964598_PT_IMPORT_VAL_RS.CRS._H.xlsx,PT_Import_Val_2022-23,14.0,1751964622_PT_IMPORT_VAL_US$_H.xlsx,PT_Import_Val_2022-23,14.0,2026-08-21T15:32:19.327782+00:00,1.0
2023-02-01,2023,2022-23,February,MS!,EXPORT,9774.353902513998,1176.3990720174106,PPAC,1751964598_PT_IMPORT_VAL_RS.CRS._H.xlsx,PT_Import_Val_2022-23,28.0,1751964622_PT_IMPORT_VAL_US$_H.xlsx,PT_Import_Val_2022-23,28.0,2026-08-21T15:32:19.327782+00:00,1.0
2023-02-01,2023,2022-23,February,Naphtha,IMPORT,687.0982900456929,83.30081584,PPAC,1751964598_PT_IMPORT_VAL_RS.CRS._H.xlsx,PT_Import_Val_2022-23,15.0,1751964622_PT_IMPORT_VAL_US$_H.xlsx,PT_Import_Val_2022-23,15.0,2026-08-21T15:32:19.327782+00:00,1.0
2023-02-01,2023,2022-23,February,Naphtha$,EXPORT,2342.994244508329,284.20459048855304,PPAC,1751964598_PT_IMPORT_VAL_RS.CRS._H.xlsx,PT_Import_Val_2022-23,29.0,1751964622_PT_IMPORT_VAL_US$_H.xlsx,PT_Import_Val_2022-23,29.0,2026-08-21T15:32:19.327782+00:00,1.0
2023-02-01,2023,2022-23,February,Others%,EXPORT,1738.235365288094,210.5711370060715,PPAC,1751964598_PT_IMPORT_VAL_RS.CRS._H.xlsx,PT_Import_Val_2022-23,38.0,1751964622_PT_IMPORT_VAL_US$_H.xlsx,PT_Import_Val_2022-23,38.0,2026-08-21T15:32:19.327782+00:00,1.0
2023-02-01,2023,2022-23,February,Others&,IMPORT,589.7074138190349,71.38985053888001,PPAC,1751964598_PT_IMPORT_VAL_RS.CRS._H.xlsx,PT_Import_Val_2022-23,23.0,1751964622_PT_IMPORT_VAL_US$_H.xlsx,PT_Import_Val_2022-23,23.0,2026-08-21T15:32:19.327782+00:00,1.0
2023-02-01,2023,2022-23,February,Petcoke,IMPORT,1351.3822379,163.5888,PPAC,1751964598_PT_IMPORT_VAL_RS.CRS._H.xlsx,PT_Import_Val_2022-23,22.0,1751964622_PT_IMPORT_VAL_US$_H.xlsx,PT_Import_Val_2022-23,22.0,2026-08-21T15:32:19.327782+00:00,1.0
2023-02-01,2023,2022-23,February,Petcoke / CBFS,EXPORT,24.489539272,2.9656000000000007,PPAC,1751964598_PT_IMPORT_VAL_RS.CRS._H.xlsx,PT_Import_Val_2022-23,37.0,1751964622_PT_IMPORT_VAL_US$_H.xlsx,PT_Import_Val_2022-23,37.0,2026-08-21T15:32:19.327782+00:00,1.0
2023-02-01,2023,2022-23,February,SKO,EXPORT,4.5058237,0.5479537516721391,PPAC,1751964598_PT_IMPORT_VAL_RS.CRS._H.xlsx,PT_Import_Val_2022-23,31.0,1751964622_PT_IMPORT_VAL_US$_H.xlsx,PT_Import_Val_2022-23,31.0,2026-08-21T15:32:19.327782+00:00,1.0
2023-02-01,2023,2022-23,February,SKO,IMPORT,0.0,0.0,PPAC,1751964598_PT_IMPORT_VAL_RS.CRS._H.xlsx,PT_Import_Val_2022-23,17.0,1751964622_PT_IMPORT_VAL_US$_H.xlsx,PT_Import_Val_2022-23,17.0,2026-08-21T15:32:19.327782+00:00,1.0
2023-03-01,2023,2022-23,March,ATF,IMPORT,0.0,0.0,PPAC,1751964598_PT_IMPORT_VAL_RS.CRS._H.xlsx,PT_Import_Val_2022-23,16.0,1751964622_PT_IMPORT_VAL_US$_H.xlsx,PT_Import_Val_2022-23,16.0,2026-08-21T15:32:19.327782+00:00,1.0
2023-03-01,2023,2022-23,March,ATF#,EXPORT,5010.4127537039985,608.4390285666972,PPAC,1751964598_PT_IMPORT_VAL_RS.CRS._H.xlsx,PT_Import_Val_2022-23,30.0,1751964622_PT_IMPORT_VAL_US$_H.xlsx,PT_Import_Val_2022-23,30.0,2026-08-21T15:32:19.327782+00:00,1.0
2023-03-01,2023,2022-23,March,Bitumen,EXPORT,11.8529753,1.4452059838726754,PPAC,1751964598_PT_IMPORT_VAL_RS.CRS._H.xlsx,PT_Import_Val_2022-23,36.0,1751964622_PT_IMPORT_VAL_US$_H.xlsx,PT_Import_Val_2022-23,36.0,2026-08-21T15:32:19.327782+00:00,1.0
2023-03-01,2023,2022-23,March,Bitumen,IMPORT,1186.7844415000002,144.2202,PPAC,1751964598_PT_IMPORT_VAL_RS.CRS._H.xlsx,PT_Import_Val_2022-23,21.0,1751964622_PT_IMPORT_VAL_US$_H.xlsx,PT_Import_Val_2022-23,21.0,2026-08-21T15:32:19.327782+00:00,1.0
2023-03-01,2023,2022-23,March,CRUDE OIL,IMPORT,89613.47857777783,10894.966503463778,PPAC,1751964598_PT_IMPORT_VAL_RS.CRS._H.xlsx,PT_Import_Val_2022-23,11.0,1751964622_PT_IMPORT_VAL_US$_H.xlsx,PT_Import_Val_2022-23,11.0,2026-08-21T15:32:19.327782+00:00,1.0
2023-03-01,2023,2022-23,March,Fuel Oil,EXPORT,559.1047427999999,68.09265223838577,PPAC,1751964598_PT_IMPORT_VAL_RS.CRS._H.xlsx,PT_Import_Val_2022-23,35.0,1751964622_PT_IMPORT_VAL_US$_H.xlsx,PT_Import_Val_2022-23,35.0,2026-08-21T15:32:19.327782+00:00,1.0
2023-03-01,2023,2022-23,March,Fuel Oil,IMPORT,2072.375976221641,251.780196075183,PPAC,1751964598_PT_IMPORT_VAL_RS.CRS._H.xlsx,PT_Import_Val_2022-23,20.0,1751964622_PT_IMPORT_VAL_US$_H.xlsx,PT_Import_Val_2022-23,20.0,2026-08-21T15:32:19.327782+00:00,1.0
2023-03-01,2023,2022-23,March,HSD,EXPORT,15541.50400307156,1888.6505495253268,PPAC,1751964598_PT_IMPORT_VAL_RS.CRS._H.xlsx,PT_Import_Val_2022-23,32.0,1751964622_PT_IMPORT_VAL_US$_H.xlsx,PT_Import_Val_2022-23,32.0,2026-08-21T15:32:19.327782+00:00,1.0
2023-03-01,2023,2022-23,March,HSD,IMPORT,29.765529899999997,3.6172,PPAC,1751964598_PT_IMPORT_VAL_RS.CRS._H.xlsx,PT_Import_Val_2022-23,18.0,1751964622_PT_IMPORT_VAL_US$_H.xlsx,PT_Import_Val_2022-23,18.0,2026-08-21T15:32:19.327782+00:00,1.0
2023-03-01,2023,2022-23,March,LDO,EXPORT,1.23222,0.14858555408175572,PPAC,1751964598_PT_IMPORT_VAL_RS.CRS._H.xlsx,PT_Import_Val_2022-23,33.0,1751964622_PT_IMPORT_VAL_US$_H.xlsx,PT_Import_Val_2022-23,33.0,2026-08-21T15:32:19.327782+00:00,1.0
2023-03-01,2023,2022-23,March,LOBS/ Lube Oil,EXPORT,66.14337567316,8.061515930725694,PPAC,1751964598_PT_IMPORT_VAL_RS.CRS._H.xlsx,PT_Import_Val_2022-23,34.0,1751964622_PT_IMPORT_VAL_US$_H.xlsx,PT_Import_Val_2022-23,34.0,2026-08-21T15:32:19.327782+00:00,1.0
2023-03-01,2023,2022-23,March,LOBS/ Lube oil,IMPORT,1401.0158958692932,170.24617038999997,PPAC,1751964598_PT_IMPORT_VAL_RS.CRS._H.xlsx,PT_Import_Val_2022-23,19.0,1751964622_PT_IMPORT_VAL_US$_H.xlsx,PT_Import_Val_2022-23,19.0,2026-08-21T15:32:19.327782+00:00,1.0
2023-03-01,2023,2022-23,March,LPG,EXPORT,399.0784317,48.12232385144097,PPAC,1751964598_PT_IMPORT_VAL_RS.CRS._H.xlsx,PT_Import_Val_2022-23,27.0,1751964622_PT_IMPORT_VAL_US$_H.xlsx,PT_Import_Val_2022-23,27.0,2026-08-21T15:32:19.327782+00:00,1.0
2023-03-01,2023,2022-23,March,LPG,IMPORT,8766.619778192131,1061.022513032232,PPAC,1751964598_PT_IMPORT_VAL_RS.CRS._H.xlsx,PT_Import_Val_2022-23,13.0,1751964622_PT_IMPORT_VAL_US$_H.xlsx,PT_Import_Val_2022-23,13.0,2026-08-21T15:32:19.327782+00:00,1.0
2023-03-01,2023,2022-23,March,MS,IMPORT,0.0,0.0,PPAC,1751964598_PT_IMPORT_VAL_RS.CRS._H.xlsx,PT_Import_Val_2022-23,14.0,1751964622_PT_IMPORT_VAL_US$_H.xlsx,PT_Import_Val_2022-23,14.0,2026-08-21T15:32:19.327782+00:00,1.0
2023-03-01,2023,2022-23,March,MS!,EXPORT,10501.446971342,1279.3125271444412,PPAC,1751964598_PT_IMPORT_VAL_RS.CRS._H.xlsx,PT_Import_Val_2022-23,28.0,1751964622_PT_IMPORT_VAL_US$_H.xlsx,PT_Import_Val_2022-23,28.0,2026-08-21T15:32:19.327782+00:00,1.0
2023-03-01,2023,2022-23,March,Naphtha,IMPORT,441.550779782992,53.9715654,PPAC,1751964598_PT_IMPORT_VAL_RS.CRS._H.xlsx,PT_Import_Val_2022-23,15.0,1751964622_PT_IMPORT_VAL_US$_H.xlsx,PT_Import_Val_2022-23,15.0,2026-08-21T15:32:19.327782+00:00,1.0
2023-03-01,2023,2022-23,March,Naphtha$,EXPORT,2820.7207010590964,342.066995957102,PPAC,1751964598_PT_IMPORT_VAL_RS.CRS._H.xlsx,PT_Import_Val_2022-23,29.0,1751964622_PT_IMPORT_VAL_US$_H.xlsx,PT_Import_Val_2022-23,29.0,2026-08-21T15:32:19.327782+00:00,1.0
2023-03-01,2023,2022-23,March,Others%,EXPORT,1647.6068469559214,199.85823647857583,PPAC,1751964598_PT_IMPORT_VAL_RS.CRS._H.xlsx,PT_Import_Val_2022-23,38.0,1751964622_PT_IMPORT_VAL_US$_H.xlsx,PT_Import_Val_2022-23,38.0,2026-08-21T15:32:19.327782+00:00,1.0
2023-03-01,2023,2022-23,March,Others&,IMPORT,1964.5072478634606,238.83621711900003,PPAC,1751964598_PT_IMPORT_VAL_RS.CRS._H.xlsx,PT_Import_Val_2022-23,23.0,1751964622_PT_IMPORT_VAL_US$_H.xlsx,PT_Import_Val_2022-23,23.0,2026-08-21T15:32:19.327782+00:00,1.0
2023-03-01,2023,2022-23,March,Petcoke,IMPORT,2179.5632885,264.8683,PPAC,1751964598_PT_IMPORT_VAL_RS.CRS._H.xlsx,PT_Import_Val_2022-23,22.0,1751964622_PT_IMPORT_VAL_US$_H.xlsx,PT_Import_Val_2022-23,22.0,2026-08-21T15:32:19.327782+00:00,1.0
2023-03-01,2023,2022-23,March,Petcoke / CBFS,EXPORT,272.241742402,33.13526110598991,PPAC,1751964598_PT_IMPORT_VAL_RS.CRS._H.xlsx,PT_Import_Val_2022-23,37.0,1751964622_PT_IMPORT_VAL_US$_H.xlsx,PT_Import_Val_2022-23,37.0,2026-08-21T15:32:19.327782+00:00,1.0
2023-03-01,2023,2022-23,March,SKO,EXPORT,7.0197049,0.8464614614735317,PPAC,1751964598_PT_IMPORT_VAL_RS.CRS._H.xlsx,PT_Import_Val_2022-23,31.0,1751964622_PT_IMPORT_VAL_US$_H.xlsx,PT_Import_Val_2022-23,31.0,2026-08-21T15:32:19.327782+00:00,1.0
2023-03-01,2023,2022-23,March,SKO,IMPORT,0.0,0.0,PPAC,1751964598_PT_IMPORT_VAL_RS.CRS._H.xlsx,PT_Import_Val_2022-23,17.0,1751964622_PT_IMPORT_VAL_US$_H.xlsx,PT_Import_Val_2022-23,17.0,2026-08-21T15:32:19.327782+00:00,1.0
2023-04-01,2023,2023-24,April,ATF,IMPORT,0.0,0.0,PPAC,1751964598_PT_IMPORT_VAL_RS.CRS._H.xlsx,PT_Import_Val_2023-24,16.0,1751964622_PT_IMPORT_VAL_US$_H.xlsx,PT_Import_Val_2023-24,16.0,2026-08-21T15:32:19.312396+00:00,1.0
2023-04-01,2023,2023-24,April,ATF#,EXPORT,3938.1995757000004,479.41170221000004,PPAC,1751964598_PT_IMPORT_VAL_RS.CRS._H.xlsx,PT_Import_Val_2023-24,30.0,1751964622_PT_IMPORT_VAL_US$_H.xlsx,PT_Import_Val_2023-24,30.0,2026-08-21T15:32:19.312396+00:00,1.0
2023-04-01,2023,2023-24,April,Bitumen,EXPORT,3.9359113199999998,0.480546263,PPAC,1751964598_PT_IMPORT_VAL_RS.CRS._H.xlsx,PT_Import_Val_2023-24,36.0,1751964622_PT_IMPORT_VAL_US$_H.xlsx,PT_Import_Val_2023-24,36.0,2026-08-21T15:32:19.312396+00:00,1.0
2023-04-01,2023,2023-24,April,Bitumen,IMPORT,1254.3909236,152.93849999999998,PPAC,1751964598_PT_IMPORT_VAL_RS.CRS._H.xlsx,PT_Import_Val_2023-24,21.0,1751964622_PT_IMPORT_VAL_US$_H.xlsx,PT_Import_Val_2023-24,21.0,2026-08-21T15:32:19.312396+00:00,1.0
2023-04-01,2023,2023-24,April,CRUDE OIL,IMPORT,89035.9785440826,10841.685920912922,PPAC,1751964598_PT_IMPORT_VAL_RS.CRS._H.xlsx,PT_Import_Val_2023-24,11.0,1751964622_PT_IMPORT_VAL_US$_H.xlsx,PT_Import_Val_2023-24,11.0,2026-08-21T15:32:19.312396+00:00,1.0
2023-04-01,2023,2023-24,April,Fuel Oil,EXPORT,100.575790551,12.1976458978,PPAC,1751964598_PT_IMPORT_VAL_RS.CRS._H.xlsx,PT_Import_Val_2023-24,35.0,1751964622_PT_IMPORT_VAL_US$_H.xlsx,PT_Import_Val_2023-24,35.0,2026-08-21T15:32:19.312396+00:00,1.0
2023-04-01,2023,2023-24,April,Fuel Oil,IMPORT,2256.1195664417146,274.725727750212,PPAC,1751964598_PT_IMPORT_VAL_RS.CRS._H.xlsx,PT_Import_Val_2023-24,20.0,1751964622_PT_IMPORT_VAL_US$_H.xlsx,PT_Import_Val_2023-24,20.0,2026-08-21T15:32:19.312396+00:00,1.0
2023-04-01,2023,2023-24,April,HSD,EXPORT,11347.209382275,1381.6235327481,PPAC,1751964598_PT_IMPORT_VAL_RS.CRS._H.xlsx,PT_Import_Val_2023-24,32.0,1751964622_PT_IMPORT_VAL_US$_H.xlsx,PT_Import_Val_2023-24,32.0,2026-08-21T15:32:19.312396+00:00,1.0
2023-04-01,2023,2023-24,April,HSD,IMPORT,16.787954900000003,2.0468,PPAC,1751964598_PT_IMPORT_VAL_RS.CRS._H.xlsx,PT_Import_Val_2023-24,18.0,1751964622_PT_IMPORT_VAL_US$_H.xlsx,PT_Import_Val_2023-24,18.0,2026-08-21T15:32:19.312396+00:00,1.0
2023-04-01,2023,2023-24,April,LDO,EXPORT,0.39,0.05,PPAC,1751964598_PT_IMPORT_VAL_RS.CRS._H.xlsx,PT_Import_Val_2023-24,33.0,1751964622_PT_IMPORT_VAL_US$_H.xlsx,PT_Import_Val_2023-24,33.0,2026-08-21T15:32:19.312396+00:00,1.0
2023-04-01,2023,2023-24,April,LOBS/ Lube Oil,EXPORT,8.0975555598,0.9754961509,PPAC,1751964598_PT_IMPORT_VAL_RS.CRS._H.xlsx,PT_Import_Val_2023-24,34.0,1751964622_PT_IMPORT_VAL_US$_H.xlsx,PT_Import_Val_2023-24,34.0,2026-08-21T15:32:19.312396+00:00,1.0
2023-04-01,2023,2023-24,April,LOBS/ Lube oil,IMPORT,1341.6092779,163.54610000000005,PPAC,1751964598_PT_IMPORT_VAL_RS.CRS._H.xlsx,PT_Import_Val_2023-24,19.0,1751964622_PT_IMPORT_VAL_US$_H.xlsx,PT_Import_Val_2023-24,19.0,2026-08-21T15:32:19.312396+00:00,1.0
2023-04-01,2023,2023-24,April,LPG,EXPORT,295.2,35.924,PPAC,1751964598_PT_IMPORT_VAL_RS.CRS._H.xlsx,PT_Import_Val_2023-24,27.0,1751964622_PT_IMPORT_VAL_US$_H.xlsx,PT_Import_Val_2023-24,27.0,2026-08-21T15:32:19.312396+00:00,1.0
2023-04-01,2023,2023-24,April,LPG,IMPORT,4707.2075123189,573.121247197,PPAC,1751964598_PT_IMPORT_VAL_RS.CRS._H.xlsx,PT_Import_Val_2023-24,13.0,1751964622_PT_IMPORT_VAL_US$_H.xlsx,PT_Import_Val_2023-24,13.0,2026-08-21T15:32:19.312396+00:00,1.0
2023-04-01,2023,2023-24,April,MS,IMPORT,0.1583595,0.0193,PPAC,1751964598_PT_IMPORT_VAL_RS.CRS._H.xlsx,PT_Import_Val_2023-24,14.0,1751964622_PT_IMPORT_VAL_US$_H.xlsx,PT_Import_Val_2023-24,14.0,2026-08-21T15:32:19.312396+00:00,1.0
2023-04-01,2023,2023-24,April,MS!,EXPORT,9192.615981100002,1122.0394042551998,PPAC,1751964598_PT_IMPORT_VAL_RS.CRS._H.xlsx,PT_Import_Val_2023-24,28.0,1751964622_PT_IMPORT_VAL_US$_H.xlsx,PT_Import_Val_2023-24,28.0,2026-08-21T15:32:19.312396+00:00,1.0
2023-04-01,2023,2023-24,April,Naphtha,IMPORT,314.1810191,38.305099999999996,PPAC,1751964598_PT_IMPORT_VAL_RS.CRS._H.xlsx,PT_Import_Val_2023-24,15.0,1751964622_PT_IMPORT_VAL_US$_H.xlsx,PT_Import_Val_2023-24,15.0,2026-08-21T15:32:19.312396+00:00,1.0
2023-04-01,2023,2023-24,April,Naphtha$,EXPORT,1777.193456255,216.73955356610003,PPAC,1751964598_PT_IMPORT_VAL_RS.CRS._H.xlsx,PT_Import_Val_2023-24,29.0,1751964622_PT_IMPORT_VAL_US$_H.xlsx,PT_Import_Val_2023-24,29.0,2026-08-21T15:32:19.312396+00:00,1.0
2023-04-01,2023,2023-24,April,Others%,EXPORT,734.697361432,89.442116068661,PPAC,1751964598_PT_IMPORT_VAL_RS.CRS._H.xlsx,PT_Import_Val_2023-24,38.0,1751964622_PT_IMPORT_VAL_US$_H.xlsx,PT_Import_Val_2023-24,38.0,2026-08-21T15:32:19.312396+00:00,1.0
2023-04-01,2023,2023-24,April,Others&,IMPORT,1157.8977635,141.1912,PPAC,1751964598_PT_IMPORT_VAL_RS.CRS._H.xlsx,PT_Import_Val_2023-24,23.0,1751964622_PT_IMPORT_VAL_US$_H.xlsx,PT_Import_Val_2023-24,23.0,2026-08-21T15:32:19.312396+00:00,1.0
2023-04-01,2023,2023-24,April,Petcoke,IMPORT,1125.852344,137.2643,PPAC,1751964598_PT_IMPORT_VAL_RS.CRS._H.xlsx,PT_Import_Val_2023-24,22.0,1751964622_PT_IMPORT_VAL_US$_H.xlsx,PT_Import_Val_2023-24,22.0,2026-08-21T15:32:19.312396+00:00,1.0
2023-04-01,2023,2023-24,April,Petcoke / CBFS,EXPORT,9.936549851999999,1.21693,PPAC,1751964598_PT_IMPORT_VAL_RS.CRS._H.xlsx,PT_Import_Val_2023-24,37.0,1751964622_PT_IMPORT_VAL_US$_H.xlsx,PT_Import_Val_2023-24,37.0,2026-08-21T15:32:19.312396+00:00,1.0
2023-04-01,2023,2023-24,April,SKO,EXPORT,9.9,1.202,PPAC,1751964598_PT_IMPORT_VAL_RS.CRS._H.xlsx,PT_Import_Val_2023-24,31.0,1751964622_PT_IMPORT_VAL_US$_H.xlsx,PT_Import_Val_2023-24,31.0,2026-08-21T15:32:19.312396+00:00,1.0
2023-04-01,2023,2023-24,April,SKO,IMPORT,0.0,0.0,PPAC,1751964598_PT_IMPORT_VAL_RS.CRS._H.xlsx,PT_Import_Val_2023-24,17.0,1751964622_PT_IMPORT_VAL_US$_H.xlsx,PT_Import_Val_2023-24,17.0,2026-08-21T15:32:19.312396+00:00,1.0
2023-05-01,2023,2023-24,May,ATF,IMPORT,0.0,0.0,PPAC,1751964598_PT_IMPORT_VAL_RS.CRS._H.xlsx,PT_Import_Val_2023-24,16.0,1751964622_PT_IMPORT_VAL_US$_H.xlsx,PT_Import_Val_2023-24,16.0,2026-08-21T15:32:19.312396+00:00,1.0
2023-05-01,2023,2023-24,May,ATF#,EXPORT,3865.5130708369998,470.31479300000007,PPAC,1751964598_PT_IMPORT_VAL_RS.CRS._H.xlsx,PT_Import_Val_2023-24,30.0,1751964622_PT_IMPORT_VAL_US$_H.xlsx,PT_Import_Val_2023-24,30.0,2026-08-21T15:32:19.312396+00:00,1.0
2023-05-01,2023,2023-24,May,Bitumen,EXPORT,6.4196509960000006,0.7796515662,PPAC,1751964598_PT_IMPORT_VAL_RS.CRS._H.xlsx,PT_Import_Val_2023-24,36.0,1751964622_PT_IMPORT_VAL_US$_H.xlsx,PT_Import_Val_2023-24,36.0,2026-08-21T15:32:19.312396+00:00,1.0
2023-05-01,2023,2023-24,May,Bitumen,IMPORT,1291.5385795218,156.854485906,PPAC,1751964598_PT_IMPORT_VAL_RS.CRS._H.xlsx,PT_Import_Val_2023-24,21.0,1751964622_PT_IMPORT_VAL_US$_H.xlsx,PT_Import_Val_2023-24,21.0,2026-08-21T15:32:19.312396+00:00,1.0
2023-05-01,2023,2023-24,May,CRUDE OIL,IMPORT,87955.3107000351,10689.254297948171,PPAC,1751964598_PT_IMPORT_VAL_RS.CRS._H.xlsx,PT_Import_Val_2023-24,11.0,1751964622_PT_IMPORT_VAL_US$_H.xlsx,PT_Import_Val_2023-24,11.0,2026-08-21T15:32:19.312396+00:00,1.0
2023-05-01,2023,2023-24,May,Fuel Oil,EXPORT,277.111426946,33.6507712014,PPAC,1751964598_PT_IMPORT_VAL_RS.CRS._H.xlsx,PT_Import_Val_2023-24,35.0,1751964622_PT_IMPORT_VAL_US$_H.xlsx,PT_Import_Val_2023-24,35.0,2026-08-21T15:32:19.312396+00:00,1.0
2023-05-01,2023,2023-24,May,Fuel Oil,IMPORT,2331.6938150992582,283.34037989,PPAC,1751964598_PT_IMPORT_VAL_RS.CRS._H.xlsx,PT_Import_Val_2023-24,20.0,1751964622_PT_IMPORT_VAL_US$_H.xlsx,PT_Import_Val_2023-24,20.0,2026-08-21T15:32:19.312396+00:00,1.0
2023-05-01,2023,2023-24,May,HSD,EXPORT,12887.068338722,1569.1459614765,PPAC,1751964598_PT_IMPORT_VAL_RS.CRS._H.xlsx,PT_Import_Val_2023-24,32.0,1751964622_PT_IMPORT_VAL_US$_H.xlsx,PT_Import_Val_2023-24,32.0,2026-08-21T15:32:19.312396+00:00,1.0
2023-05-01,2023,2023-24,May,HSD,IMPORT,12.9058855,1.5674000000000003,PPAC,1751964598_PT_IMPORT_VAL_RS.CRS._H.xlsx,PT_Import_Val_2023-24,18.0,1751964622_PT_IMPORT_VAL_US$_H.xlsx,PT_Import_Val_2023-24,18.0,2026-08-21T15:32:19.312396+00:00,1.0
2023-05-01,2023,2023-24,May,LDO,EXPORT,0.0,0.0,PPAC,1751964598_PT_IMPORT_VAL_RS.CRS._H.xlsx,PT_Import_Val_2023-24,33.0,1751964622_PT_IMPORT_VAL_US$_H.xlsx,PT_Import_Val_2023-24,33.0,2026-08-21T15:32:19.312396+00:00,1.0
2023-05-01,2023,2023-24,May,LOBS/ Lube Oil,EXPORT,9.688201819,1.1397088045000001,PPAC,1751964598_PT_IMPORT_VAL_RS.CRS._H.xlsx,PT_Import_Val_2023-24,34.0,1751964622_PT_IMPORT_VAL_US$_H.xlsx,PT_Import_Val_2023-24,34.0,2026-08-21T15:32:19.312396+00:00,1.0
2023-05-01,2023,2023-24,May,LOBS/ Lube oil,IMPORT,1751.9527370213007,212.82840880000006,PPAC,1751964598_PT_IMPORT_VAL_RS.CRS._H.xlsx,PT_Import_Val_2023-24,19.0,1751964622_PT_IMPORT_VAL_US$_H.xlsx,PT_Import_Val_2023-24,19.0,2026-08-21T15:32:19.312396+00:00,1.0
2023-05-01,2023,2023-24,May,LPG,EXPORT,275.16999999999996,33.486,PPAC,1751964598_PT_IMPORT_VAL_RS.CRS._H.xlsx,PT_Import_Val_2023-24,27.0,1751964622_PT_IMPORT_VAL_US$_H.xlsx,PT_Import_Val_2023-24,27.0,2026-08-21T15:32:19.312396+00:00,1.0
2023-05-01,2023,2023-24,May,LPG,IMPORT,6518.3310160404,791.8447827284,PPAC,1751964598_PT_IMPORT_VAL_RS.CRS._H.xlsx,PT_Import_Val_2023-24,13.0,1751964622_PT_IMPORT_VAL_US$_H.xlsx,PT_Import_Val_2023-24,13.0,2026-08-21T15:32:19.312396+00:00,1.0
2023-05-01,2023,2023-24,May,MS,IMPORT,0.2402749,0.0292,PPAC,1751964598_PT_IMPORT_VAL_RS.CRS._H.xlsx,PT_Import_Val_2023-24,14.0,1751964622_PT_IMPORT_VAL_US$_H.xlsx,PT_Import_Val_2023-24,14.0,2026-08-21T15:32:19.312396+00:00,1.0
2023-05-01,2023,2023-24,May,MS!,EXPORT,8031.856799595595,975.7990787946001,PPAC,1751964598_PT_IMPORT_VAL_RS.CRS._H.xlsx,PT_Import_Val_2023-24,28.0,1751964622_PT_IMPORT_VAL_US$_H.xlsx,PT_Import_Val_2023-24,28.0,2026-08-21T15:32:19.312396+00:00,1.0
2023-05-01,2023,2023-24,May,Naphtha,IMPORT,144.0968567653642,17.62801914,PPAC,1751964598_PT_IMPORT_VAL_RS.CRS._H.xlsx,PT_Import_Val_2023-24,15.0,1751964622_PT_IMPORT_VAL_US$_H.xlsx,PT_Import_Val_2023-24,15.0,2026-08-21T15:32:19.312396+00:00,1.0
2023-05-01,2023,2023-24,May,Naphtha$,EXPORT,2162.081995364,262.74961246,PPAC,1751964598_PT_IMPORT_VAL_RS.CRS._H.xlsx,PT_Import_Val_2023-24,29.0,1751964622_PT_IMPORT_VAL_US$_H.xlsx,PT_Import_Val_2023-24,29.0,2026-08-21T15:32:19.312396+00:00,1.0
2023-05-01,2023,2023-24,May,Others%,EXPORT,1854.749703905,225.19703915723898,PPAC,1751964598_PT_IMPORT_VAL_RS.CRS._H.xlsx,PT_Import_Val_2023-24,38.0,1751964622_PT_IMPORT_VAL_US$_H.xlsx,PT_Import_Val_2023-24,38.0,2026-08-21T15:32:19.312396+00:00,1.0
2023-05-01,2023,2023-24,May,Others&,IMPORT,1814.8623854106222,220.52721463,PPAC,1751964598_PT_IMPORT_VAL_RS.CRS._H.xlsx,PT_Import_Val_2023-24,23.0,1751964622_PT_IMPORT_VAL_US$_H.xlsx,PT_Import_Val_2023-24,23.0,2026-08-21T15:32:19.312396+00:00,1.0
2023-05-01,2023,2023-24,May,Petcoke,IMPORT,1665.7361587,202.29180000000002,PPAC,1751964598_PT_IMPORT_VAL_RS.CRS._H.xlsx,PT_Import_Val_2023-24,22.0,1751964622_PT_IMPORT_VAL_US$_H.xlsx,PT_Import_Val_2023-24,22.0,2026-08-21T15:32:19.312396+00:00,1.0
2023-05-01,2023,2023-24,May,Petcoke / CBFS,EXPORT,13.145486383999998,1.595385,PPAC,1751964598_PT_IMPORT_VAL_RS.CRS._H.xlsx,PT_Import_Val_2023-24,37.0,1751964622_PT_IMPORT_VAL_US$_H.xlsx,PT_Import_Val_2023-24,37.0,2026-08-21T15:32:19.312396+00:00,1.0
2023-05-01,2023,2023-24,May,SKO,EXPORT,9.190000000000001,1.123,PPAC,1751964598_PT_IMPORT_VAL_RS.CRS._H.xlsx,PT_Import_Val_2023-24,31.0,1751964622_PT_IMPORT_VAL_US$_H.xlsx,PT_Import_Val_2023-24,31.0,2026-08-21T15:32:19.312396+00:00,1.0
2023-05-01,2023,2023-24,May,SKO,IMPORT,0.0,0.0,PPAC,1751964598_PT_IMPORT_VAL_RS.CRS._H.xlsx,PT_Import_Val_2023-24,17.0,1751964622_PT_IMPORT_VAL_US$_H.xlsx,PT_Import_Val_2023-24,17.0,2026-08-21T15:32:19.312396+00:00,1.0
2023-06-01,2023,2023-24,June,ATF,IMPORT,0.0,0.0,PPAC,1751964598_PT_IMPORT_VAL_RS.CRS._H.xlsx,PT_Import_Val_2023-24,16.0,1751964622_PT_IMPORT_VAL_US$_H.xlsx,PT_Import_Val_2023-24,16.0,2026-08-21T15:32:19.312396+00:00,1.0
2023-06-01,2023,2023-24,June,ATF#,EXPORT,4123.387213049672,500.93186770999995,PPAC,1751964598_PT_IMPORT_VAL_RS.CRS._H.xlsx,PT_Import_Val_2023-24,30.0,1751964622_PT_IMPORT_VAL_US$_H.xlsx,PT_Import_Val_2023-24,30.0,2026-08-21T15:32:19.312396+00:00,1.0
2023-06-01,2023,2023-24,June,Bitumen,EXPORT,8.058476648000001,0.9799922957,PPAC,1751964598_PT_IMPORT_VAL_RS.CRS._H.xlsx,PT_Import_Val_2023-24,36.0,1751964622_PT_IMPORT_VAL_US$_H.xlsx,PT_Import_Val_2023-24,36.0,2026-08-21T15:32:19.312396+00:00,1.0
2023-06-01,2023,2023-24,June,Bitumen,IMPORT,833.6569490431001,101.36767339449999,PPAC,1751964598_PT_IMPORT_VAL_RS.CRS._H.xlsx,PT_Import_Val_2023-24,21.0,1751964622_PT_IMPORT_VAL_US$_H.xlsx,PT_Import_Val_2023-24,21.0,2026-08-21T15:32:19.312396+00:00,1.0
2023-06-01,2023,2023-24,June,CRUDE OIL,IMPORT,83881.45101045258,10197.879308085498,PPAC,1751964598_PT_IMPORT_VAL_RS.CRS._H.xlsx,PT_Import_Val_2023-24,11.0,1751964622_PT_IMPORT_VAL_US$_H.xlsx,PT_Import_Val_2023-24,11.0,2026-08-21T15:32:19.312396+00:00,1.0
2023-06-01,2023,2023-24,June,Fuel Oil,EXPORT,459.7033108292,55.9692717351,PPAC,1751964598_PT_IMPORT_VAL_RS.CRS._H.xlsx,PT_Import_Val_2023-24,35.0,1751964622_PT_IMPORT_VAL_US$_H.xlsx,PT_Import_Val_2023-24,35.0,2026-08-21T15:32:19.312396+00:00,1.0
2023-06-01,2023,2023-24,June,Fuel Oil,IMPORT,2329.987723600435,283.46747821,PPAC,1751964598_PT_IMPORT_VAL_RS.CRS._H.xlsx,PT_Import_Val_2023-24,20.0,1751964622_PT_IMPORT_VAL_US$_H.xlsx,PT_Import_Val_2023-24,20.0,2026-08-21T15:32:19.312396+00:00,1.0
2023-06-01,2023,2023-24,June,HSD,EXPORT,11052.24731359188,1344.6766545371997,PPAC,1751964598_PT_IMPORT_VAL_RS.CRS._H.xlsx,PT_Import_Val_2023-24,32.0,1751964622_PT_IMPORT_VAL_US$_H.xlsx,PT_Import_Val_2023-24,32.0,2026-08-21T15:32:19.312396+00:00,1.0
2023-06-01,2023,2023-24,June,HSD,IMPORT,4.1291322,0.5021,PPAC,1751964598_PT_IMPORT_VAL_RS.CRS._H.xlsx,PT_Import_Val_2023-24,18.0,1751964622_PT_IMPORT_VAL_US$_H.xlsx,PT_Import_Val_2023-24,18.0,2026-08-21T15:32:19.312396+00:00,1.0
2023-06-01,2023,2023-24,June,LDO,EXPORT,0.0,0.0,PPAC,1751964598_PT_IMPORT_VAL_RS.CRS._H.xlsx,PT_Import_Val_2023-24,33.0,1751964622_PT_IMPORT_VAL_US$_H.xlsx,PT_Import_Val_2023-24,33.0,2026-08-21T15:32:19.312396+00:00,1.0
2023-06-01,2023,2023-24,June,LOBS/ Lube Oil,EXPORT,15.645980921700001,1.8279477899,PPAC,1751964598_PT_IMPORT_VAL_RS.CRS._H.xlsx,PT_Import_Val_2023-24,34.0,1751964622_PT_IMPORT_VAL_US$_H.xlsx,PT_Import_Val_2023-24,34.0,2026-08-21T15:32:19.312396+00:00,1.0
2023-06-01,2023,2023-24,June,LOBS/ Lube oil,IMPORT,1413.98797,171.961,PPAC,1751964598_PT_IMPORT_VAL_RS.CRS._H.xlsx,PT_Import_Val_2023-24,19.0,1751964622_PT_IMPORT_VAL_US$_H.xlsx,PT_Import_Val_2023-24,19.0,2026-08-21T15:32:19.312396+00:00,1.0
2023-06-01,2023,2023-24,June,LPG,EXPORT,237.99,28.96,PPAC,1751964598_PT_IMPORT_VAL_RS.CRS._H.xlsx,PT_Import_Val_2023-24,27.0,1751964622_PT_IMPORT_VAL_US$_H.xlsx,PT_Import_Val_2023-24,27.0,2026-08-21T15:32:19.312396+00:00,1.0
2023-06-01,2023,2023-24,June,LPG,IMPORT,4782.4872993307,582.117573227,PPAC,1751964598_PT_IMPORT_VAL_RS.CRS._H.xlsx,PT_Import_Val_2023-24,13.0,1751964622_PT_IMPORT_VAL_US$_H.xlsx,PT_Import_Val_2023-24,13.0,2026-08-21T15:32:19.312396+00:00,1.0
2023-06-01,2023,2023-24,June,MS,IMPORT,973.3216609,118.35131934,PPAC,1751964598_PT_IMPORT_VAL_RS.CRS._H.xlsx,PT_Import_Val_2023-24,14.0,1751964622_PT_IMPORT_VAL_US$_H.xlsx,PT_Import_Val_2023-24,14.0,2026-08-21T15:32:19.312396+00:00,1.0
2023-06-01,2023,2023-24,June,MS!,EXPORT,8044.639795460523,978.6195665677001,PPAC,1751964598_PT_IMPORT_VAL_RS.CRS._H.xlsx,PT_Import_Val_2023-24,28.0,1751964622_PT_IMPORT_VAL_US$_H.xlsx,PT_Import_Val_2023-24,28.0,2026-08-21T15:32:19.312396+00:00,1.0
2023-06-01,2023,2023-24,June,Naphtha,IMPORT,872.9507285839079,106.20110351,PPAC,1751964598_PT_IMPORT_VAL_RS.CRS._H.xlsx,PT_Import_Val_2023-24,15.0,1751964622_PT_IMPORT_VAL_US$_H.xlsx,PT_Import_Val_2023-24,15.0,2026-08-21T15:32:19.312396+00:00,1.0
2023-06-01,2023,2023-24,June,Naphtha$,EXPORT,2494.2670616371997,303.36093207170006,PPAC,1751964598_PT_IMPORT_VAL_RS.CRS._H.xlsx,PT_Import_Val_2023-24,29.0,1751964622_PT_IMPORT_VAL_US$_H.xlsx,PT_Import_Val_2023-24,29.0,2026-08-21T15:32:19.312396+00:00,1.0
2023-06-01,2023,2023-24,June,Others%,EXPORT,1906.591581482,232.33983732864402,PPAC,1751964598_PT_IMPORT_VAL_RS.CRS._H.xlsx,PT_Import_Val_2023-24,38.0,1751964622_PT_IMPORT_VAL_US$_H.xlsx,PT_Import_Val_2023-24,38.0,2026-08-21T15:32:19.312396+00:00,1.0
2023-06-01,2023,2023-24,June,Others&,IMPORT,1286.9496680200198,156.3263061313105,PPAC,1751964598_PT_IMPORT_VAL_RS.CRS._H.xlsx,PT_Import_Val_2023-24,23.0,1751964622_PT_IMPORT_VAL_US$_H.xlsx,PT_Import_Val_2023-24,23.0,2026-08-21T15:32:19.312396+00:00,1.0
2023-06-01,2023,2023-24,June,Petcoke,IMPORT,970.4354922,118.00949999999999,PPAC,1751964598_PT_IMPORT_VAL_RS.CRS._H.xlsx,PT_Import_Val_2023-24,22.0,1751964622_PT_IMPORT_VAL_US$_H.xlsx,PT_Import_Val_2023-24,22.0,2026-08-21T15:32:19.312396+00:00,1.0
2023-06-01,2023,2023-24,June,Petcoke / CBFS,EXPORT,0.0,0.0,PPAC,1751964598_PT_IMPORT_VAL_RS.CRS._H.xlsx,PT_Import_Val_2023-24,37.0,1751964622_PT_IMPORT_VAL_US$_H.xlsx,PT_Import_Val_2023-24,37.0,2026-08-21T15:32:19.312396+00:00,1.0
2023-06-01,2023,2023-24,June,SKO,EXPORT,8.879999999999999,1.076,PPAC,1751964598_PT_IMPORT_VAL_RS.CRS._H.xlsx,PT_Import_Val_2023-24,31.0,1751964622_PT_IMPORT_VAL_US$_H.xlsx,PT_Import_Val_2023-24,31.0,2026-08-21T15:32:19.312396+00:00,1.0
2023-06-01,2023,2023-24,June,SKO,IMPORT,0.0,0.0,PPAC,1751964598_PT_IMPORT_VAL_RS.CRS._H.xlsx,PT_Import_Val_2023-24,17.0,1751964622_PT_IMPORT_VAL_US$_H.xlsx,PT_Import_Val_2023-24,17.0,2026-08-21T15:32:19.312396+00:00,1.0
2023-07-01,2023,2023-24,July,ATF,IMPORT,0.0,0.0,PPAC,1751964598_PT_IMPORT_VAL_RS.CRS._H.xlsx,PT_Import_Val_2023-24,16.0,1751964622_PT_IMPORT_VAL_US$_H.xlsx,PT_Import_Val_2023-24,16.0,2026-08-21T15:32:19.312396+00:00,1.0
2023-07-01,2023,2023-24,July,ATF#,EXPORT,5069.340268753999,616.4193031,PPAC,1751964598_PT_IMPORT_VAL_RS.CRS._H.xlsx,PT_Import_Val_2023-24,30.0,1751964622_PT_IMPORT_VAL_US$_H.xlsx,PT_Import_Val_2023-24,30.0,2026-08-21T15:32:19.312396+00:00,1.0
2023-07-01,2023,2023-24,July,Bitumen,EXPORT,12.3674,1.4958151911,PPAC,1751964598_PT_IMPORT_VAL_RS.CRS._H.xlsx,PT_Import_Val_2023-24,36.0,1751964622_PT_IMPORT_VAL_US$_H.xlsx,PT_Import_Val_2023-24,36.0,2026-08-21T15:32:19.312396+00:00,1.0
2023-07-01,2023,2023-24,July,Bitumen,IMPORT,753.1120977999999,91.6732,PPAC,1751964598_PT_IMPORT_VAL_RS.CRS._H.xlsx,PT_Import_Val_2023-24,21.0,1751964622_PT_IMPORT_VAL_US$_H.xlsx,PT_Import_Val_2023-24,21.0,2026-08-21T15:32:19.312396+00:00,1.0
2023-07-01,2023,2023-24,July,CRUDE OIL,IMPORT,85329.770402118,10360.670635349295,PPAC,1751964598_PT_IMPORT_VAL_RS.CRS._H.xlsx,PT_Import_Val_2023-24,11.0,1751964622_PT_IMPORT_VAL_US$_H.xlsx,PT_Import_Val_2023-24,11.0,2026-08-21T15:32:19.312396+00:00,1.0
2023-07-01,2023,2023-24,July,Fuel Oil,EXPORT,675.1868923181,81.859672177,PPAC,1751964598_PT_IMPORT_VAL_RS.CRS._H.xlsx,PT_Import_Val_2023-24,35.0,1751964622_PT_IMPORT_VAL_US$_H.xlsx,PT_Import_Val_2023-24,35.0,2026-08-21T15:32:19.312396+00:00,1.0
2023-07-01,2023,2023-24,July,Fuel Oil,IMPORT,2394.06932523175,291.4095904212809,PPAC,1751964598_PT_IMPORT_VAL_RS.CRS._H.xlsx,PT_Import_Val_2023-24,20.0,1751964622_PT_IMPORT_VAL_US$_H.xlsx,PT_Import_Val_2023-24,20.0,2026-08-21T15:32:19.312396+00:00,1.0
2023-07-01,2023,2023-24,July,HSD,EXPORT,15008.412341435067,1828.9772783406002,PPAC,1751964598_PT_IMPORT_VAL_RS.CRS._H.xlsx,PT_Import_Val_2023-24,32.0,1751964622_PT_IMPORT_VAL_US$_H.xlsx,PT_Import_Val_2023-24,32.0,2026-08-21T15:32:19.312396+00:00,1.0
2023-07-01,2023,2023-24,July,HSD,IMPORT,7.4027841,0.9011,PPAC,1751964598_PT_IMPORT_VAL_RS.CRS._H.xlsx,PT_Import_Val_2023-24,18.0,1751964622_PT_IMPORT_VAL_US$_H.xlsx,PT_Import_Val_2023-24,18.0,2026-08-21T15:32:19.312396+00:00,1.0
2023-07-01,2023,2023-24,July,LDO,EXPORT,0.0,0.0,PPAC,1751964598_PT_IMPORT_VAL_RS.CRS._H.xlsx,PT_Import_Val_2023-24,33.0,1751964622_PT_IMPORT_VAL_US$_H.xlsx,PT_Import_Val_2023-24,33.0,2026-08-21T15:32:19.312396+00:00,1.0
2023-07-01,2023,2023-24,July,LOBS/ Lube Oil,EXPORT,13.4759565309,1.6068225943000003,PPAC,1751964598_PT_IMPORT_VAL_RS.CRS._H.xlsx,PT_Import_Val_2023-24,34.0,1751964622_PT_IMPORT_VAL_US$_H.xlsx,PT_Import_Val_2023-24,34.0,2026-08-21T15:32:19.312396+00:00,1.0
2023-07-01,2023,2023-24,July,LOBS/ Lube oil,IMPORT,2124.3172310512,258.58106719999995,PPAC,1751964598_PT_IMPORT_VAL_RS.CRS._H.xlsx,PT_Import_Val_2023-24,19.0,1751964622_PT_IMPORT_VAL_US$_H.xlsx,PT_Import_Val_2023-24,19.0,2026-08-21T15:32:19.312396+00:00,1.0
2023-07-01,2023,2023-24,July,LPG,EXPORT,208.59,25.403,PPAC,1751964598_PT_IMPORT_VAL_RS.CRS._H.xlsx,PT_Import_Val_2023-24,27.0,1751964622_PT_IMPORT_VAL_US$_H.xlsx,PT_Import_Val_2023-24,27.0,2026-08-21T15:32:19.312396+00:00,1.0
2023-07-01,2023,2023-24,July,LPG,IMPORT,4423.3783434824,535.3990881303,PPAC,1751964598_PT_IMPORT_VAL_RS.CRS._H.xlsx,PT_Import_Val_2023-24,13.0,1751964622_PT_IMPORT_VAL_US$_H.xlsx,PT_Import_Val_2023-24,13.0,2026-08-21T15:32:19.312396+00:00,1.0
2023-07-01,2023,2023-24,July,MS,IMPORT,0.0,0.0,PPAC,1751964598_PT_IMPORT_VAL_RS.CRS._H.xlsx,PT_Import_Val_2023-24,14.0,1751964622_PT_IMPORT_VAL_US$_H.xlsx,PT_Import_Val_2023-24,14.0,2026-08-21T15:32:19.312396+00:00,1.0
2023-07-01,2023,2023-24,July,MS!,EXPORT,8771.140959733002,1068.2635502865999,PPAC,1751964598_PT_IMPORT_VAL_RS.CRS._H.xlsx,PT_Import_Val_2023-24,28.0,1751964622_PT_IMPORT_VAL_US$_H.xlsx,PT_Import_Val_2023-24,28.0,2026-08-21T15:32:19.312396+00:00,1.0
2023-07-01,2023,2023-24,July,Naphtha,IMPORT,308.254313482513,37.54769102,PPAC,1751964598_PT_IMPORT_VAL_RS.CRS._H.xlsx,PT_Import_Val_2023-24,15.0,1751964622_PT_IMPORT_VAL_US$_H.xlsx,PT_Import_Val_2023-24,15.0,2026-08-21T15:32:19.312396+00:00,1.0
2023-07-01,2023,2023-24,July,Naphtha$,EXPORT,2404.7850039299997,291.9231870645,PPAC,1751964598_PT_IMPORT_VAL_RS.CRS._H.xlsx,PT_Import_Val_2023-24,29.0,1751964622_PT_IMPORT_VAL_US$_H.xlsx,PT_Import_Val_2023-24,29.0,2026-08-21T15:32:19.312396+00:00,1.0
2023-07-01,2023,2023-24,July,Others%,EXPORT,1748.8839046980002,212.71936370749998,PPAC,1751964598_PT_IMPORT_VAL_RS.CRS._H.xlsx,PT_Import_Val_2023-24,38.0,1751964622_PT_IMPORT_VAL_US$_H.xlsx,PT_Import_Val_2023-24,38.0,2026-08-21T15:32:19.312396+00:00,1.0
2023-07-01,2023,2023-24,July,Others&,IMPORT,1600.3859666239669,194.81673135,PPAC,1751964598_PT_IMPORT_VAL_RS.CRS._H.xlsx,PT_Import_Val_2023-24,23.0,1751964622_PT_IMPORT_VAL_US$_H.xlsx,PT_Import_Val_2023-24,23.0,2026-08-21T15:32:19.312396+00:00,1.0
2023-07-01,2023,2023-24,July,Petcoke,IMPORT,1122.60246,136.6496,PPAC,1751964598_PT_IMPORT_VAL_RS.CRS._H.xlsx,PT_Import_Val_2023-24,22.0,1751964622_PT_IMPORT_VAL_US$_H.xlsx,PT_Import_Val_2023-24,22.0,2026-08-21T15:32:19.312396+00:00,1.0
2023-07-01,2023,2023-24,July,Petcoke / CBFS,EXPORT,0.0,0.0,PPAC,1751964598_PT_IMPORT_VAL_RS.CRS._H.xlsx,PT_Import_Val_2023-24,37.0,1751964622_PT_IMPORT_VAL_US$_H.xlsx,PT_Import_Val_2023-24,37.0,2026-08-21T15:32:19.312396+00:00,1.0
2023-07-01,2023,2023-24,July,SKO,EXPORT,6.76,0.8210000000000001,PPAC,1751964598_PT_IMPORT_VAL_RS.CRS._H.xlsx,PT_Import_Val_2023-24,31.0,1751964622_PT_IMPORT_VAL_US$_H.xlsx,PT_Import_Val_2023-24,31.0,2026-08-21T15:32:19.312396+00:00,1.0
2023-07-01,2023,2023-24,July,SKO,IMPORT,0.0,0.0,PPAC,1751964598_PT_IMPORT_VAL_RS.CRS._H.xlsx,PT_Import_Val_2023-24,17.0,1751964622_PT_IMPORT_VAL_US$_H.xlsx,PT_Import_Val_2023-24,17.0,2026-08-21T15:32:19.312396+00:00,1.0
2023-08-01,2023,2023-24,August,ATF,IMPORT,0.0259032,0.0031,PPAC,1751964598_PT_IMPORT_VAL_RS.CRS._H.xlsx,PT_Import_Val_2023-24,16.0,1751964622_PT_IMPORT_VAL_US$_H.xlsx,PT_Import_Val_2023-24,16.0,2026-08-21T15:32:19.312396+00:00,1.0
2023-08-01,2023,2023-24,August,ATF#,EXPORT,6868.0516765249995,828.99659164,PPAC,1751964598_PT_IMPORT_VAL_RS.CRS._H.xlsx,PT_Import_Val_2023-24,30.0,1751964622_PT_IMPORT_VAL_US$_H.xlsx,PT_Import_Val_2023-24,30.0,2026-08-21T15:32:19.312396+00:00,1.0
2023-08-01,2023,2023-24,August,Bitumen,EXPORT,6.4953807999999995,0.7820106911,PPAC,1751964598_PT_IMPORT_VAL_RS.CRS._H.xlsx,PT_Import_Val_2023-24,36.0,1751964622_PT_IMPORT_VAL_US$_H.xlsx,PT_Import_Val_2023-24,36.0,2026-08-21T15:32:19.312396+00:00,1.0
2023-08-01,2023,2023-24,August,Bitumen,IMPORT,939.2304601,113.3846,PPAC,1751964598_PT_IMPORT_VAL_RS.CRS._H.xlsx,PT_Import_Val_2023-24,21.0,1751964622_PT_IMPORT_VAL_US$_H.xlsx,PT_Import_Val_2023-24,21.0,2026-08-21T15:32:19.312396+00:00,1.0
2023-08-01,2023,2023-24,August,CRUDE OIL,IMPORT,91863.7366724474,11089.753694544097,PPAC,1751964598_PT_IMPORT_VAL_RS.CRS._H.xlsx,PT_Import_Val_2023-24,11.0,1751964622_PT_IMPORT_VAL_US$_H.xlsx,PT_Import_Val_2023-24,11.0,2026-08-21T15:32:19.312396+00:00,1.0
2023-08-01,2023,2023-24,August,Fuel Oil,EXPORT,1090.96855711,131.42474550659998,PPAC,1751964598_PT_IMPORT_VAL_RS.CRS._H.xlsx,PT_Import_Val_2023-24,35.0,1751964622_PT_IMPORT_VAL_US$_H.xlsx,PT_Import_Val_2023-24,35.0,2026-08-21T15:32:19.312396+00:00,1.0
2023-08-01,2023,2023-24,August,Fuel Oil,IMPORT,2995.763841393445,362.1938303360502,PPAC,1751964598_PT_IMPORT_VAL_RS.CRS._H.xlsx,PT_Import_Val_2023-24,20.0,1751964622_PT_IMPORT_VAL_US$_H.xlsx,PT_Import_Val_2023-24,20.0,2026-08-21T15:32:19.312396+00:00,1.0
2023-08-01,2023,2023-24,August,HSD,EXPORT,19163.19814460468,2312.3820819563,PPAC,1751964598_PT_IMPORT_VAL_RS.CRS._H.xlsx,PT_Import_Val_2023-24,32.0,1751964622_PT_IMPORT_VAL_US$_H.xlsx,PT_Import_Val_2023-24,32.0,2026-08-21T15:32:19.312396+00:00,1.0
2023-08-01,2023,2023-24,August,HSD,IMPORT,33.6184749,4.061,PPAC,1751964598_PT_IMPORT_VAL_RS.CRS._H.xlsx,PT_Import_Val_2023-24,18.0,1751964622_PT_IMPORT_VAL_US$_H.xlsx,PT_Import_Val_2023-24,18.0,2026-08-21T15:32:19.312396+00:00,1.0
2023-08-01,2023,2023-24,August,LDO,EXPORT,0.0,0.0,PPAC,1751964598_PT_IMPORT_VAL_RS.CRS._H.xlsx,PT_Import_Val_2023-24,33.0,1751964622_PT_IMPORT_VAL_US$_H.xlsx,PT_Import_Val_2023-24,33.0,2026-08-21T15:32:19.312396+00:00,1.0
2023-08-01,2023,2023-24,August,LOBS/ Lube Oil,EXPORT,18.5809260693,2.2417732753,PPAC,1751964598_PT_IMPORT_VAL_RS.CRS._H.xlsx,PT_Import_Val_2023-24,34.0,1751964622_PT_IMPORT_VAL_US$_H.xlsx,PT_Import_Val_2023-24,34.0,2026-08-21T15:32:19.312396+00:00,1.0
2023-08-01,2023,2023-24,August,LOBS/ Lube oil,IMPORT,1188.7983773,143.6147,PPAC,1751964598_PT_IMPORT_VAL_RS.CRS._H.xlsx,PT_Import_Val_2023-24,19.0,1751964622_PT_IMPORT_VAL_US$_H.xlsx,PT_Import_Val_2023-24,19.0,2026-08-21T15:32:19.312396+00:00,1.0
2023-08-01,2023,2023-24,August,LPG,EXPORT,212.21,25.643,PPAC,1751964598_PT_IMPORT_VAL_RS.CRS._H.xlsx,PT_Import_Val_2023-24,27.0,1751964622_PT_IMPORT_VAL_US$_H.xlsx,PT_Import_Val_2023-24,27.0,2026-08-21T15:32:19.312396+00:00,1.0
2023-08-01,2023,2023-24,August,LPG,IMPORT,6100.2664349454,735.8023890192001,PPAC,1751964598_PT_IMPORT_VAL_RS.CRS._H.xlsx,PT_Import_Val_2023-24,13.0,1751964622_PT_IMPORT_VAL_US$_H.xlsx,PT_Import_Val_2023-24,13.0,2026-08-21T15:32:19.312396+00:00,1.0
2023-08-01,2023,2023-24,August,MS,IMPORT,1227.5040878999998,147.879876889,PPAC,1751964598_PT_IMPORT_VAL_RS.CRS._H.xlsx,PT_Import_Val_2023-24,14.0,1751964622_PT_IMPORT_VAL_US$_H.xlsx,PT_Import_Val_2023-24,14.0,2026-08-21T15:32:19.312396+00:00,1.0
2023-08-01,2023,2023-24,August,MS!,EXPORT,8980.666581777465,1086.0316703533,PPAC,1751964598_PT_IMPORT_VAL_RS.CRS._H.xlsx,PT_Import_Val_2023-24,28.0,1751964622_PT_IMPORT_VAL_US$_H.xlsx,PT_Import_Val_2023-24,28.0,2026-08-21T15:32:19.312396+00:00,1.0
2023-08-01,2023,2023-24,August,Naphtha,IMPORT,589.8496035000001,71.2505,PPAC,1751964598_PT_IMPORT_VAL_RS.CRS._H.xlsx,PT_Import_Val_2023-24,15.0,1751964622_PT_IMPORT_VAL_US$_H.xlsx,PT_Import_Val_2023-24,15.0,2026-08-21T15:32:19.312396+00:00,1.0
2023-08-01,2023,2023-24,August,Naphtha$,EXPORT,2140.136987085,258.28541442309995,PPAC,1751964598_PT_IMPORT_VAL_RS.CRS._H.xlsx,PT_Import_Val_2023-24,29.0,1751964622_PT_IMPORT_VAL_US$_H.xlsx,PT_Import_Val_2023-24,29.0,2026-08-21T15:32:19.312396+00:00,1.0
2023-08-01,2023,2023-24,August,Others%,EXPORT,2350.152531373,283.575037746396,PPAC,1751964598_PT_IMPORT_VAL_RS.CRS._H.xlsx,PT_Import_Val_2023-24,38.0,1751964622_PT_IMPORT_VAL_US$_H.xlsx,PT_Import_Val_2023-24,38.0,2026-08-21T15:32:19.312396+00:00,1.0
2023-08-01,2023,2023-24,August,Others&,IMPORT,1676.6869563554487,202.51132191000002,PPAC,1751964598_PT_IMPORT_VAL_RS.CRS._H.xlsx,PT_Import_Val_2023-24,23.0,1751964622_PT_IMPORT_VAL_US$_H.xlsx,PT_Import_Val_2023-24,23.0,2026-08-21T15:32:19.312396+00:00,1.0
2023-08-01,2023,2023-24,August,Petcoke,IMPORT,1378.9852816999999,166.5737,PPAC,1751964598_PT_IMPORT_VAL_RS.CRS._H.xlsx,PT_Import_Val_2023-24,22.0,1751964622_PT_IMPORT_VAL_US$_H.xlsx,PT_Import_Val_2023-24,22.0,2026-08-21T15:32:19.312396+00:00,1.0
2023-08-01,2023,2023-24,August,Petcoke / CBFS,EXPORT,0.0,0.0,PPAC,1751964598_PT_IMPORT_VAL_RS.CRS._H.xlsx,PT_Import_Val_2023-24,37.0,1751964622_PT_IMPORT_VAL_US$_H.xlsx,PT_Import_Val_2023-24,37.0,2026-08-21T15:32:19.312396+00:00,1.0
2023-08-01,2023,2023-24,August,SKO,EXPORT,3.7600000000000002,0.45199999999999996,PPAC,1751964598_PT_IMPORT_VAL_RS.CRS._H.xlsx,PT_Import_Val_2023-24,31.0,1751964622_PT_IMPORT_VAL_US$_H.xlsx,PT_Import_Val_2023-24,31.0,2026-08-21T15:32:19.312396+00:00,1.0
2023-08-01,2023,2023-24,August,SKO,IMPORT,0.0,0.0,PPAC,1751964598_PT_IMPORT_VAL_RS.CRS._H.xlsx,PT_Import_Val_2023-24,17.0,1751964622_PT_IMPORT_VAL_US$_H.xlsx,PT_Import_Val_2023-24,17.0,2026-08-21T15:32:19.312396+00:00,1.0
2023-09-01,2023,2023-24,September,ATF,IMPORT,0.0,0.0,PPAC,1751964598_PT_IMPORT_VAL_RS.CRS._H.xlsx,PT_Import_Val_2023-24,16.0,1751964622_PT_IMPORT_VAL_US$_H.xlsx,PT_Import_Val_2023-24,16.0,2026-08-21T15:32:19.312396+00:00,1.0
2023-09-01,2023,2023-24,September,ATF#,EXPORT,4034.9048977019997,486.30673624,PPAC,1751964598_PT_IMPORT_VAL_RS.CRS._H.xlsx,PT_Import_Val_2023-24,30.0,1751964622_PT_IMPORT_VAL_US$_H.xlsx,PT_Import_Val_2023-24,30.0,2026-08-21T15:32:19.312396+00:00,1.0
2023-09-01,2023,2023-24,September,Bitumen,EXPORT,1.2,0.1475887027,PPAC,1751964598_PT_IMPORT_VAL_RS.CRS._H.xlsx,PT_Import_Val_2023-24,36.0,1751964622_PT_IMPORT_VAL_US$_H.xlsx,PT_Import_Val_2023-24,36.0,2026-08-21T15:32:19.312396+00:00,1.0
2023-09-01,2023,2023-24,September,Bitumen,IMPORT,736.0948784999999,88.6354,PPAC,1751964598_PT_IMPORT_VAL_RS.CRS._H.xlsx,PT_Import_Val_2023-24,21.0,1751964622_PT_IMPORT_VAL_US$_H.xlsx,PT_Import_Val_2023-24,21.0,2026-08-21T15:32:19.312396+00:00,1.0
2023-09-01,2023,2023-24,September,CRUDE OIL,IMPORT,90379.18958258473,10878.995351282474,PPAC,1751964598_PT_IMPORT_VAL_RS.CRS._H.xlsx,PT_Import_Val_2023-24,11.0,1751964622_PT_IMPORT_VAL_US$_H.xlsx,PT_Import_Val_2023-24,11.0,2026-08-21T15:32:19.312396+00:00,1.0
2023-09-01,2023,2023-24,September,Fuel Oil,EXPORT,911.0478464939999,109.6151345821,PPAC,1751964598_PT_IMPORT_VAL_RS.CRS._H.xlsx,PT_Import_Val_2023-24,35.0,1751964622_PT_IMPORT_VAL_US$_H.xlsx,PT_Import_Val_2023-24,35.0,2026-08-21T15:32:19.312396+00:00,1.0
2023-09-01,2023,2023-24,September,Fuel Oil,IMPORT,3505.117378249184,422.2315255700001,PPAC,1751964598_PT_IMPORT_VAL_RS.CRS._H.xlsx,PT_Import_Val_2023-24,20.0,1751964622_PT_IMPORT_VAL_US$_H.xlsx,PT_Import_Val_2023-24,20.0,2026-08-21T15:32:19.312396+00:00,1.0
2023-09-01,2023,2023-24,September,HSD,EXPORT,18251.537705835603,2203.5535469542,PPAC,1751964598_PT_IMPORT_VAL_RS.CRS._H.xlsx,PT_Import_Val_2023-24,32.0,1751964622_PT_IMPORT_VAL_US$_H.xlsx,PT_Import_Val_2023-24,32.0,2026-08-21T15:32:19.312396+00:00,1.0
2023-09-01,2023,2023-24,September,HSD,IMPORT,38.1966051,4.5992999999999995,PPAC,1751964598_PT_IMPORT_VAL_RS.CRS._H.xlsx,PT_Import_Val_2023-24,18.0,1751964622_PT_IMPORT_VAL_US$_H.xlsx,PT_Import_Val_2023-24,18.0,2026-08-21T15:32:19.312396+00:00,1.0
2023-09-01,2023,2023-24,September,LDO,EXPORT,0.0,0.0,PPAC,1751964598_PT_IMPORT_VAL_RS.CRS._H.xlsx,PT_Import_Val_2023-24,33.0,1751964622_PT_IMPORT_VAL_US$_H.xlsx,PT_Import_Val_2023-24,33.0,2026-08-21T15:32:19.312396+00:00,1.0
2023-09-01,2023,2023-24,September,LOBS/ Lube Oil,EXPORT,22.3405432606,2.6902876734999994,PPAC,1751964598_PT_IMPORT_VAL_RS.CRS._H.xlsx,PT_Import_Val_2023-24,34.0,1751964622_PT_IMPORT_VAL_US$_H.xlsx,PT_Import_Val_2023-24,34.0,2026-08-21T15:32:19.312396+00:00,1.0
2023-09-01,2023,2023-24,September,LOBS/ Lube oil,IMPORT,1505.1556775000004,181.21959999999996,PPAC,1751964598_PT_IMPORT_VAL_RS.CRS._H.xlsx,PT_Import_Val_2023-24,19.0,1751964622_PT_IMPORT_VAL_US$_H.xlsx,PT_Import_Val_2023-24,19.0,2026-08-21T15:32:19.312396+00:00,1.0
2023-09-01,2023,2023-24,September,LPG,EXPORT,211.01000000000002,25.434,PPAC,1751964598_PT_IMPORT_VAL_RS.CRS._H.xlsx,PT_Import_Val_2023-24,27.0,1751964622_PT_IMPORT_VAL_US$_H.xlsx,PT_Import_Val_2023-24,27.0,2026-08-21T15:32:19.312396+00:00,1.0
2023-09-01,2023,2023-24,September,LPG,IMPORT,7470.399563333301,898.2418792537001,PPAC,1751964598_PT_IMPORT_VAL_RS.CRS._H.xlsx,PT_Import_Val_2023-24,13.0,1751964622_PT_IMPORT_VAL_US$_H.xlsx,PT_Import_Val_2023-24,13.0,2026-08-21T15:32:19.312396+00:00,1.0
2023-09-01,2023,2023-24,September,MS,IMPORT,1258.2578541,151.26205633,PPAC,1751964598_PT_IMPORT_VAL_RS.CRS._H.xlsx,PT_Import_Val_2023-24,14.0,1751964622_PT_IMPORT_VAL_US$_H.xlsx,PT_Import_Val_2023-24,14.0,2026-08-21T15:32:19.312396+00:00,1.0
2023-09-01,2023,2023-24,September,MS!,EXPORT,7738.71407398981,933.2911897826,PPAC,1751964598_PT_IMPORT_VAL_RS.CRS._H.xlsx,PT_Import_Val_2023-24,28.0,1751964622_PT_IMPORT_VAL_US$_H.xlsx,PT_Import_Val_2023-24,28.0,2026-08-21T15:32:19.312396+00:00,1.0
2023-09-01,2023,2023-24,September,Naphtha,IMPORT,893.0802521278092,107.68241123,PPAC,1751964598_PT_IMPORT_VAL_RS.CRS._H.xlsx,PT_Import_Val_2023-24,15.0,1751964622_PT_IMPORT_VAL_US$_H.xlsx,PT_Import_Val_2023-24,15.0,2026-08-21T15:32:19.312396+00:00,1.0
2023-09-01,2023,2023-24,September,Naphtha$,EXPORT,1616.14086306,194.58776925970002,PPAC,1751964598_PT_IMPORT_VAL_RS.CRS._H.xlsx,PT_Import_Val_2023-24,29.0,1751964622_PT_IMPORT_VAL_US$_H.xlsx,PT_Import_Val_2023-24,29.0,2026-08-21T15:32:19.312396+00:00,1.0
2023-09-01,2023,2023-24,September,Others%,EXPORT,2534.2776090216003,306.07776124000003,PPAC,1751964598_PT_IMPORT_VAL_RS.CRS._H.xlsx,PT_Import_Val_2023-24,38.0,1751964622_PT_IMPORT_VAL_US$_H.xlsx,PT_Import_Val_2023-24,38.0,2026-08-21T15:32:19.312396+00:00,1.0
2023-09-01,2023,2023-24,September,Others&,IMPORT,704.5008858,84.82940000000002,PPAC,1751964598_PT_IMPORT_VAL_RS.CRS._H.xlsx,PT_Import_Val_2023-24,23.0,1751964622_PT_IMPORT_VAL_US$_H.xlsx,PT_Import_Val_2023-24,23.0,2026-08-21T15:32:19.312396+00:00,1.0
2023-09-01,2023,2023-24,September,Petcoke,IMPORT,946.6999742,113.995,PPAC,1751964598_PT_IMPORT_VAL_RS.CRS._H.xlsx,PT_Import_Val_2023-24,22.0,1751964622_PT_IMPORT_VAL_US$_H.xlsx,PT_Import_Val_2023-24,22.0,2026-08-21T15:32:19.312396+00:00,1.0
2023-09-01,2023,2023-24,September,Petcoke / CBFS,EXPORT,0.0,0.0,PPAC,1751964598_PT_IMPORT_VAL_RS.CRS._H.xlsx,PT_Import_Val_2023-24,37.0,1751964622_PT_IMPORT_VAL_US$_H.xlsx,PT_Import_Val_2023-24,37.0,2026-08-21T15:32:19.312396+00:00,1.0
2023-09-01,2023,2023-24,September,SKO,EXPORT,4.51,0.545,PPAC,1751964598_PT_IMPORT_VAL_RS.CRS._H.xlsx,PT_Import_Val_2023-24,31.0,1751964622_PT_IMPORT_VAL_US$_H.xlsx,PT_Import_Val_2023-24,31.0,2026-08-21T15:32:19.312396+00:00,1.0
2023-09-01,2023,2023-24,September,SKO,IMPORT,0.0,0.0,PPAC,1751964598_PT_IMPORT_VAL_RS.CRS._H.xlsx,PT_Import_Val_2023-24,17.0,1751964622_PT_IMPORT_VAL_US$_H.xlsx,PT_Import_Val_2023-24,17.0,2026-08-21T15:32:19.312396+00:00,1.0
2023-10-01,2023,2023-24,October,ATF,IMPORT,0.0,0.0,PPAC,1751964598_PT_IMPORT_VAL_RS.CRS._H.xlsx,PT_Import_Val_2023-24,16.0,1751964622_PT_IMPORT_VAL_US$_H.xlsx,PT_Import_Val_2023-24,16.0,2026-08-21T15:32:19.312396+00:00,1.0
2023-10-01,2023,2023-24,October,ATF#,EXPORT,4059.772477501,487.44035551999997,PPAC,1751964598_PT_IMPORT_VAL_RS.CRS._H.xlsx,PT_Import_Val_2023-24,30.0,1751964622_PT_IMPORT_VAL_US$_H.xlsx,PT_Import_Val_2023-24,30.0,2026-08-21T15:32:19.312396+00:00,1.0
2023-10-01,2023,2023-24,October,Bitumen,EXPORT,0.0,0.0,PPAC,1751964598_PT_IMPORT_VAL_RS.CRS._H.xlsx,PT_Import_Val_2023-24,36.0,1751964622_PT_IMPORT_VAL_US$_H.xlsx,PT_Import_Val_2023-24,36.0,2026-08-21T15:32:19.312396+00:00,1.0
2023-10-01,2023,2023-24,October,Bitumen,IMPORT,949.3734367000001,114.0589,PPAC,1751964598_PT_IMPORT_VAL_RS.CRS._H.xlsx,PT_Import_Val_2023-24,21.0,1751964622_PT_IMPORT_VAL_US$_H.xlsx,PT_Import_Val_2023-24,21.0,2026-08-21T15:32:19.312396+00:00,1.0
2023-10-01,2023,2023-24,October,CRUDE OIL,IMPORT,98715.17793011495,11859.43882674835,PPAC,1751964598_PT_IMPORT_VAL_RS.CRS._H.xlsx,PT_Import_Val_2023-24,11.0,1751964622_PT_IMPORT_VAL_US$_H.xlsx,PT_Import_Val_2023-24,11.0,2026-08-21T15:32:19.312396+00:00,1.0
2023-10-01,2023,2023-24,October,Fuel Oil,EXPORT,528.360204375,63.416976340199994,PPAC,1751964598_PT_IMPORT_VAL_RS.CRS._H.xlsx,PT_Import_Val_2023-24,35.0,1751964622_PT_IMPORT_VAL_US$_H.xlsx,PT_Import_Val_2023-24,35.0,2026-08-21T15:32:19.312396+00:00,1.0
2023-10-01,2023,2023-24,October,Fuel Oil,IMPORT,3223.3286689946954,387.28735230216324,PPAC,1751964598_PT_IMPORT_VAL_RS.CRS._H.xlsx,PT_Import_Val_2023-24,20.0,1751964622_PT_IMPORT_VAL_US$_H.xlsx,PT_Import_Val_2023-24,20.0,2026-08-21T15:32:19.312396+00:00,1.0
2023-10-01,2023,2023-24,October,HSD,EXPORT,15523.334112270759,1865.7023690025997,PPAC,1751964598_PT_IMPORT_VAL_RS.CRS._H.xlsx,PT_Import_Val_2023-24,32.0,1751964622_PT_IMPORT_VAL_US$_H.xlsx,PT_Import_Val_2023-24,32.0,2026-08-21T15:32:19.312396+00:00,1.0
2023-10-01,2023,2023-24,October,HSD,IMPORT,29.2677838,3.5162,PPAC,1751964598_PT_IMPORT_VAL_RS.CRS._H.xlsx,PT_Import_Val_2023-24,18.0,1751964622_PT_IMPORT_VAL_US$_H.xlsx,PT_Import_Val_2023-24,18.0,2026-08-21T15:32:19.312396+00:00,1.0
2023-10-01,2023,2023-24,October,LDO,EXPORT,0.0,0.0,PPAC,1751964598_PT_IMPORT_VAL_RS.CRS._H.xlsx,PT_Import_Val_2023-24,33.0,1751964622_PT_IMPORT_VAL_US$_H.xlsx,PT_Import_Val_2023-24,33.0,2026-08-21T15:32:19.312396+00:00,1.0
2023-10-01,2023,2023-24,October,LOBS/ Lube Oil,EXPORT,12.834168845499999,1.4994490835999996,PPAC,1751964598_PT_IMPORT_VAL_RS.CRS._H.xlsx,PT_Import_Val_2023-24,34.0,1751964622_PT_IMPORT_VAL_US$_H.xlsx,PT_Import_Val_2023-24,34.0,2026-08-21T15:32:19.312396+00:00,1.0
2023-10-01,2023,2023-24,October,LOBS/ Lube oil,IMPORT,1501.3236476999998,180.3526,PPAC,1751964598_PT_IMPORT_VAL_RS.CRS._H.xlsx,PT_Import_Val_2023-24,19.0,1751964622_PT_IMPORT_VAL_US$_H.xlsx,PT_Import_Val_2023-24,19.0,2026-08-21T15:32:19.312396+00:00,1.0
2023-10-01,2023,2023-24,October,LPG,EXPORT,266.02000000000004,32.011,PPAC,1751964598_PT_IMPORT_VAL_RS.CRS._H.xlsx,PT_Import_Val_2023-24,27.0,1751964622_PT_IMPORT_VAL_US$_H.xlsx,PT_Import_Val_2023-24,27.0,2026-08-21T15:32:19.312396+00:00,1.0
2023-10-01,2023,2023-24,October,LPG,IMPORT,9523.9162192285,1143.7314163663,PPAC,1751964598_PT_IMPORT_VAL_RS.CRS._H.xlsx,PT_Import_Val_2023-24,13.0,1751964622_PT_IMPORT_VAL_US$_H.xlsx,PT_Import_Val_2023-24,13.0,2026-08-21T15:32:19.312396+00:00,1.0
2023-10-01,2023,2023-24,October,MS,IMPORT,1516.1554406,182.13446156000003,PPAC,1751964598_PT_IMPORT_VAL_RS.CRS._H.xlsx,PT_Import_Val_2023-24,14.0,1751964622_PT_IMPORT_VAL_US$_H.xlsx,PT_Import_Val_2023-24,14.0,2026-08-21T15:32:19.312396+00:00,1.0
2023-10-01,2023,2023-24,October,MS!,EXPORT,4542.4354995821295,547.3277200736001,PPAC,1751964598_PT_IMPORT_VAL_RS.CRS._H.xlsx,PT_Import_Val_2023-24,28.0,1751964622_PT_IMPORT_VAL_US$_H.xlsx,PT_Import_Val_2023-24,28.0,2026-08-21T15:32:19.312396+00:00,1.0
2023-10-01,2023,2023-24,October,Naphtha,IMPORT,1420.6216784738754,170.93539948,PPAC,1751964598_PT_IMPORT_VAL_RS.CRS._H.xlsx,PT_Import_Val_2023-24,15.0,1751964622_PT_IMPORT_VAL_US$_H.xlsx,PT_Import_Val_2023-24,15.0,2026-08-21T15:32:19.312396+00:00,1.0
2023-10-01,2023,2023-24,October,Naphtha$,EXPORT,2426.558453674,291.40408659,PPAC,1751964598_PT_IMPORT_VAL_RS.CRS._H.xlsx,PT_Import_Val_2023-24,29.0,1751964622_PT_IMPORT_VAL_US$_H.xlsx,PT_Import_Val_2023-24,29.0,2026-08-21T15:32:19.312396+00:00,1.0
2023-10-01,2023,2023-24,October,Others%,EXPORT,2767.7369389224,331.12832084412,PPAC,1751964598_PT_IMPORT_VAL_RS.CRS._H.xlsx,PT_Import_Val_2023-24,38.0,1751964622_PT_IMPORT_VAL_US$_H.xlsx,PT_Import_Val_2023-24,38.0,2026-08-21T15:32:19.312396+00:00,1.0
2023-10-01,2023,2023-24,October,Others&,IMPORT,778.5654447,93.53739999999999,PPAC,1751964598_PT_IMPORT_VAL_RS.CRS._H.xlsx,PT_Import_Val_2023-24,23.0,1751964622_PT_IMPORT_VAL_US$_H.xlsx,PT_Import_Val_2023-24,23.0,2026-08-21T15:32:19.312396+00:00,1.0
2023-10-01,2023,2023-24,October,Petcoke,IMPORT,1060.9814322,127.46780000000001,PPAC,1751964598_PT_IMPORT_VAL_RS.CRS._H.xlsx,PT_Import_Val_2023-24,22.0,1751964622_PT_IMPORT_VAL_US$_H.xlsx,PT_Import_Val_2023-24,22.0,2026-08-21T15:32:19.312396+00:00,1.0
2023-10-01,2023,2023-24,October,Petcoke / CBFS,EXPORT,0.0,0.0,PPAC,1751964598_PT_IMPORT_VAL_RS.CRS._H.xlsx,PT_Import_Val_2023-24,37.0,1751964622_PT_IMPORT_VAL_US$_H.xlsx,PT_Import_Val_2023-24,37.0,2026-08-21T15:32:19.312396+00:00,1.0
2023-10-01,2023,2023-24,October,SKO,EXPORT,5.8500000000000005,0.7010000000000001,PPAC,1751964598_PT_IMPORT_VAL_RS.CRS._H.xlsx,PT_Import_Val_2023-24,31.0,1751964622_PT_IMPORT_VAL_US$_H.xlsx,PT_Import_Val_2023-24,31.0,2026-08-21T15:32:19.312396+00:00,1.0
2023-10-01,2023,2023-24,October,SKO,IMPORT,0.0,0.0,PPAC,1751964598_PT_IMPORT_VAL_RS.CRS._H.xlsx,PT_Import_Val_2023-24,17.0,1751964622_PT_IMPORT_VAL_US$_H.xlsx,PT_Import_Val_2023-24,17.0,2026-08-21T15:32:19.312396+00:00,1.0
2023-11-01,2023,2023-24,November,ATF,IMPORT,0.0,0.0,PPAC,1751964598_PT_IMPORT_VAL_RS.CRS._H.xlsx,PT_Import_Val_2023-24,16.0,1751964622_PT_IMPORT_VAL_US$_H.xlsx,PT_Import_Val_2023-24,16.0,2026-08-21T15:32:19.312396+00:00,1.0
2023-11-01,2023,2023-24,November,ATF#,EXPORT,5343.347566351999,639.40547153,PPAC,1751964598_PT_IMPORT_VAL_RS.CRS._H.xlsx,PT_Import_Val_2023-24,30.0,1751964622_PT_IMPORT_VAL_US$_H.xlsx,PT_Import_Val_2023-24,30.0,2026-08-21T15:32:19.312396+00:00,1.0
2023-11-01,2023,2023-24,November,Bitumen,EXPORT,0.49571787,0.0595113772,PPAC,1751964598_PT_IMPORT_VAL_RS.CRS._H.xlsx,PT_Import_Val_2023-24,36.0,1751964622_PT_IMPORT_VAL_US$_H.xlsx,PT_Import_Val_2023-24,36.0,2026-08-21T15:32:19.312396+00:00,1.0
2023-11-01,2023,2023-24,November,Bitumen,IMPORT,780.4239155,93.6906,PPAC,1751964598_PT_IMPORT_VAL_RS.CRS._H.xlsx,PT_Import_Val_2023-24,21.0,1751964622_PT_IMPORT_VAL_US$_H.xlsx,PT_Import_Val_2023-24,21.0,2026-08-21T15:32:19.312396+00:00,1.0
2023-11-01,2023,2023-24,November,CRUDE OIL,IMPORT,95382.05858964896,11456.162681933705,PPAC,1751964598_PT_IMPORT_VAL_RS.CRS._H.xlsx,PT_Import_Val_2023-24,11.0,1751964622_PT_IMPORT_VAL_US$_H.xlsx,PT_Import_Val_2023-24,11.0,2026-08-21T15:32:19.312396+00:00,1.0
2023-11-01,2023,2023-24,November,Fuel Oil,EXPORT,770.5620336549999,92.4921035375,PPAC,1751964598_PT_IMPORT_VAL_RS.CRS._H.xlsx,PT_Import_Val_2023-24,35.0,1751964622_PT_IMPORT_VAL_US$_H.xlsx,PT_Import_Val_2023-24,35.0,2026-08-21T15:32:19.312396+00:00,1.0
2023-11-01,2023,2023-24,November,Fuel Oil,IMPORT,3496.456068686209,419.7784429878368,PPAC,1751964598_PT_IMPORT_VAL_RS.CRS._H.xlsx,PT_Import_Val_2023-24,20.0,1751964622_PT_IMPORT_VAL_US$_H.xlsx,PT_Import_Val_2023-24,20.0,2026-08-21T15:32:19.312396+00:00,1.0
2023-11-01,2023,2023-24,November,HSD,EXPORT,18688.38252678048,2262.5106303613998,PPAC,1751964598_PT_IMPORT_VAL_RS.CRS._H.xlsx,PT_Import_Val_2023-24,32.0,1751964622_PT_IMPORT_VAL_US$_H.xlsx,PT_Import_Val_2023-24,32.0,2026-08-21T15:32:19.312396+00:00,1.0
2023-11-01,2023,2023-24,November,HSD,IMPORT,11.7419125,1.4096,PPAC,1751964598_PT_IMPORT_VAL_RS.CRS._H.xlsx,PT_Import_Val_2023-24,18.0,1751964622_PT_IMPORT_VAL_US$_H.xlsx,PT_Import_Val_2023-24,18.0,2026-08-21T15:32:19.312396+00:00,1.0
2023-11-01,2023,2023-24,November,LDO,EXPORT,0.0,0.0,PPAC,1751964598_PT_IMPORT_VAL_RS.CRS._H.xlsx,PT_Import_Val_2023-24,33.0,1751964622_PT_IMPORT_VAL_US$_H.xlsx,PT_Import_Val_2023-24,33.0,2026-08-21T15:32:19.312396+00:00,1.0
2023-11-01,2023,2023-24,November,LOBS/ Lube Oil,EXPORT,17.3483838137,2.091680545,PPAC,1751964598_PT_IMPORT_VAL_RS.CRS._H.xlsx,PT_Import_Val_2023-24,34.0,1751964622_PT_IMPORT_VAL_US$_H.xlsx,PT_Import_Val_2023-24,34.0,2026-08-21T15:32:19.312396+00:00,1.0
2023-11-01,2023,2023-24,November,LOBS/ Lube oil,IMPORT,1873.2236008,224.92140000000003,PPAC,1751964598_PT_IMPORT_VAL_RS.CRS._H.xlsx,PT_Import_Val_2023-24,19.0,1751964622_PT_IMPORT_VAL_US$_H.xlsx,PT_Import_Val_2023-24,19.0,2026-08-21T15:32:19.312396+00:00,1.0
2023-11-01,2023,2023-24,November,LPG,EXPORT,288.15000000000003,35.393,PPAC,1751964598_PT_IMPORT_VAL_RS.CRS._H.xlsx,PT_Import_Val_2023-24,27.0,1751964622_PT_IMPORT_VAL_US$_H.xlsx,PT_Import_Val_2023-24,27.0,2026-08-21T15:32:19.312396+00:00,1.0
2023-11-01,2023,2023-24,November,LPG,IMPORT,8848.5201078112,1062.6652426727,PPAC,1751964598_PT_IMPORT_VAL_RS.CRS._H.xlsx,PT_Import_Val_2023-24,13.0,1751964622_PT_IMPORT_VAL_US$_H.xlsx,PT_Import_Val_2023-24,13.0,2026-08-21T15:32:19.312396+00:00,1.0
2023-11-01,2023,2023-24,November,MS,IMPORT,524.2763379,62.8812,PPAC,1751964598_PT_IMPORT_VAL_RS.CRS._H.xlsx,PT_Import_Val_2023-24,14.0,1751964622_PT_IMPORT_VAL_US$_H.xlsx,PT_Import_Val_2023-24,14.0,2026-08-21T15:32:19.312396+00:00,1.0
2023-11-01,2023,2023-24,November,MS!,EXPORT,5876.453561504369,711.9534702423999,PPAC,1751964598_PT_IMPORT_VAL_RS.CRS._H.xlsx,PT_Import_Val_2023-24,28.0,1751964622_PT_IMPORT_VAL_US$_H.xlsx,PT_Import_Val_2023-24,28.0,2026-08-21T15:32:19.312396+00:00,1.0
2023-11-01,2023,2023-24,November,Naphtha,IMPORT,632.2372297674206,75.92107317,PPAC,1751964598_PT_IMPORT_VAL_RS.CRS._H.xlsx,PT_Import_Val_2023-24,15.0,1751964622_PT_IMPORT_VAL_US$_H.xlsx,PT_Import_Val_2023-24,15.0,2026-08-21T15:32:19.312396+00:00,1.0
2023-11-01,2023,2023-24,November,Naphtha$,EXPORT,2883.444760378,346.23329018,PPAC,1751964598_PT_IMPORT_VAL_RS.CRS._H.xlsx,PT_Import_Val_2023-24,29.0,1751964622_PT_IMPORT_VAL_US$_H.xlsx,PT_Import_Val_2023-24,29.0,2026-08-21T15:32:19.312396+00:00,1.0
2023-11-01,2023,2023-24,November,Others%,EXPORT,1854.5859286620998,222.85101417267498,PPAC,1751964598_PT_IMPORT_VAL_RS.CRS._H.xlsx,PT_Import_Val_2023-24,38.0,1751964622_PT_IMPORT_VAL_US$_H.xlsx,PT_Import_Val_2023-24,38.0,2026-08-21T15:32:19.312396+00:00,1.0
2023-11-01,2023,2023-24,November,Others&,IMPORT,918.0903109000001,110.21800000000002,PPAC,1751964598_PT_IMPORT_VAL_RS.CRS._H.xlsx,PT_Import_Val_2023-24,23.0,1751964622_PT_IMPORT_VAL_US$_H.xlsx,PT_Import_Val_2023-24,23.0,2026-08-21T15:32:19.312396+00:00,1.0
2023-11-01,2023,2023-24,November,Petcoke,IMPORT,779.4162328000001,93.56960000000001,PPAC,1751964598_PT_IMPORT_VAL_RS.CRS._H.xlsx,PT_Import_Val_2023-24,22.0,1751964622_PT_IMPORT_VAL_US$_H.xlsx,PT_Import_Val_2023-24,22.0,2026-08-21T15:32:19.312396+00:00,1.0
2023-11-01,2023,2023-24,November,Petcoke / CBFS,EXPORT,0.0,0.0,PPAC,1751964598_PT_IMPORT_VAL_RS.CRS._H.xlsx,PT_Import_Val_2023-24,37.0,1751964622_PT_IMPORT_VAL_US$_H.xlsx,PT_Import_Val_2023-24,37.0,2026-08-21T15:32:19.312396+00:00,1.0
2023-11-01,2023,2023-24,November,SKO,EXPORT,7.79,0.9580000000000001,PPAC,1751964598_PT_IMPORT_VAL_RS.CRS._H.xlsx,PT_Import_Val_2023-24,31.0,1751964622_PT_IMPORT_VAL_US$_H.xlsx,PT_Import_Val_2023-24,31.0,2026-08-21T15:32:19.312396+00:00,1.0
2023-11-01,2023,2023-24,November,SKO,IMPORT,0.0,0.0,PPAC,1751964598_PT_IMPORT_VAL_RS.CRS._H.xlsx,PT_Import_Val_2023-24,17.0,1751964622_PT_IMPORT_VAL_US$_H.xlsx,PT_Import_Val_2023-24,17.0,2026-08-21T15:32:19.312396+00:00,1.0
2023-12-01,2023,2023-24,December,ATF,IMPORT,0.0,0.0,PPAC,1751964598_PT_IMPORT_VAL_RS.CRS._H.xlsx,PT_Import_Val_2023-24,16.0,1751964622_PT_IMPORT_VAL_US$_H.xlsx,PT_Import_Val_2023-24,16.0,2026-08-21T15:32:19.312396+00:00,1.0
2023-12-01,2023,2023-24,December,ATF#,EXPORT,5185.317320626,622.25358137,PPAC,1751964598_PT_IMPORT_VAL_RS.CRS._H.xlsx,PT_Import_Val_2023-24,30.0,1751964622_PT_IMPORT_VAL_US$_H.xlsx,PT_Import_Val_2023-24,30.0,2026-08-21T15:32:19.312396+00:00,1.0
2023-12-01,2023,2023-24,December,Bitumen,EXPORT,0.7668202390000001,0.0920773582,PPAC,1751964598_PT_IMPORT_VAL_RS.CRS._H.xlsx,PT_Import_Val_2023-24,36.0,1751964622_PT_IMPORT_VAL_US$_H.xlsx,PT_Import_Val_2023-24,36.0,2026-08-21T15:32:19.312396+00:00,1.0
2023-12-01,2023,2023-24,December,Bitumen,IMPORT,780.7490365268999,93.75196878979999,PPAC,1751964598_PT_IMPORT_VAL_RS.CRS._H.xlsx,PT_Import_Val_2023-24,21.0,1751964622_PT_IMPORT_VAL_US$_H.xlsx,PT_Import_Val_2023-24,21.0,2026-08-21T15:32:19.312396+00:00,1.0
2023-12-01,2023,2023-24,December,CRUDE OIL,IMPORT,94748.45865780582,11383.673320189615,PPAC,1751964598_PT_IMPORT_VAL_RS.CRS._H.xlsx,PT_Import_Val_2023-24,11.0,1751964622_PT_IMPORT_VAL_US$_H.xlsx,PT_Import_Val_2023-24,11.0,2026-08-21T15:32:19.312396+00:00,1.0
2023-12-01,2023,2023-24,December,Fuel Oil,EXPORT,721.282184298,86.736487485,PPAC,1751964598_PT_IMPORT_VAL_RS.CRS._H.xlsx,PT_Import_Val_2023-24,35.0,1751964622_PT_IMPORT_VAL_US$_H.xlsx,PT_Import_Val_2023-24,35.0,2026-08-21T15:32:19.312396+00:00,1.0
2023-12-01,2023,2023-24,December,Fuel Oil,IMPORT,2642.2472749776225,317.33891044,PPAC,1751964598_PT_IMPORT_VAL_RS.CRS._H.xlsx,PT_Import_Val_2023-24,20.0,1751964622_PT_IMPORT_VAL_US$_H.xlsx,PT_Import_Val_2023-24,20.0,2026-08-21T15:32:19.312396+00:00,1.0
2023-12-01,2023,2023-24,December,HSD,EXPORT,17423.985430360444,2099.666179049,PPAC,1751964598_PT_IMPORT_VAL_RS.CRS._H.xlsx,PT_Import_Val_2023-24,32.0,1751964622_PT_IMPORT_VAL_US$_H.xlsx,PT_Import_Val_2023-24,32.0,2026-08-21T15:32:19.312396+00:00,1.0
2023-12-01,2023,2023-24,December,HSD,IMPORT,22.415136699999998,2.6915,PPAC,1751964598_PT_IMPORT_VAL_RS.CRS._H.xlsx,PT_Import_Val_2023-24,18.0,1751964622_PT_IMPORT_VAL_US$_H.xlsx,PT_Import_Val_2023-24,18.0,2026-08-21T15:32:19.312396+00:00,1.0
2023-12-01,2023,2023-24,December,LDO,EXPORT,0.0,0.0,PPAC,1751964598_PT_IMPORT_VAL_RS.CRS._H.xlsx,PT_Import_Val_2023-24,33.0,1751964622_PT_IMPORT_VAL_US$_H.xlsx,PT_Import_Val_2023-24,33.0,2026-08-21T15:32:19.312396+00:00,1.0
2023-12-01,2023,2023-24,December,LOBS/ Lube Oil,EXPORT,16.136517323000003,1.8617663963000002,PPAC,1751964598_PT_IMPORT_VAL_RS.CRS._H.xlsx,PT_Import_Val_2023-24,34.0,1751964622_PT_IMPORT_VAL_US$_H.xlsx,PT_Import_Val_2023-24,34.0,2026-08-21T15:32:19.312396+00:00,1.0
2023-12-01,2023,2023-24,December,LOBS/ Lube oil,IMPORT,2035.7845761999997,244.46489999999994,PPAC,1751964598_PT_IMPORT_VAL_RS.CRS._H.xlsx,PT_Import_Val_2023-24,19.0,1751964622_PT_IMPORT_VAL_US$_H.xlsx,PT_Import_Val_2023-24,19.0,2026-08-21T15:32:19.312396+00:00,1.0
2023-12-01,2023,2023-24,December,LPG,EXPORT,299.06,35.935,PPAC,1751964598_PT_IMPORT_VAL_RS.CRS._H.xlsx,PT_Import_Val_2023-24,27.0,1751964622_PT_IMPORT_VAL_US$_H.xlsx,PT_Import_Val_2023-24,27.0,2026-08-21T15:32:19.312396+00:00,1.0
2023-12-01,2023,2023-24,December,LPG,IMPORT,8042.7701512751,966.9387198036,PPAC,1751964598_PT_IMPORT_VAL_RS.CRS._H.xlsx,PT_Import_Val_2023-24,13.0,1751964622_PT_IMPORT_VAL_US$_H.xlsx,PT_Import_Val_2023-24,13.0,2026-08-21T15:32:19.312396+00:00,1.0
2023-12-01,2023,2023-24,December,MS,IMPORT,0.0,0.0,PPAC,1751964598_PT_IMPORT_VAL_RS.CRS._H.xlsx,PT_Import_Val_2023-24,14.0,1751964622_PT_IMPORT_VAL_US$_H.xlsx,PT_Import_Val_2023-24,14.0,2026-08-21T15:32:19.312396+00:00,1.0
2023-12-01,2023,2023-24,December,MS!,EXPORT,7502.963049837214,903.0579449282,PPAC,1751964598_PT_IMPORT_VAL_RS.CRS._H.xlsx,PT_Import_Val_2023-24,28.0,1751964622_PT_IMPORT_VAL_US$_H.xlsx,PT_Import_Val_2023-24,28.0,2026-08-21T15:32:19.312396+00:00,1.0
2023-12-01,2023,2023-24,December,Naphtha,IMPORT,1119.6272750190922,134.35805683,PPAC,1751964598_PT_IMPORT_VAL_RS.CRS._H.xlsx,PT_Import_Val_2023-24,15.0,1751964622_PT_IMPORT_VAL_US$_H.xlsx,PT_Import_Val_2023-24,15.0,2026-08-21T15:32:19.312396+00:00,1.0
2023-12-01,2023,2023-24,December,Naphtha$,EXPORT,1532.75114356,184.15539779,PPAC,1751964598_PT_IMPORT_VAL_RS.CRS._H.xlsx,PT_Import_Val_2023-24,29.0,1751964622_PT_IMPORT_VAL_US$_H.xlsx,PT_Import_Val_2023-24,29.0,2026-08-21T15:32:19.312396+00:00,1.0
2023-12-01,2023,2023-24,December,Others%,EXPORT,2611.317194655,313.44684459686704,PPAC,1751964598_PT_IMPORT_VAL_RS.CRS._H.xlsx,PT_Import_Val_2023-24,38.0,1751964622_PT_IMPORT_VAL_US$_H.xlsx,PT_Import_Val_2023-24,38.0,2026-08-21T15:32:19.312396+00:00,1.0
2023-12-01,2023,2023-24,December,Others&,IMPORT,956.9878694000001,114.91389999999998,PPAC,1751964598_PT_IMPORT_VAL_RS.CRS._H.xlsx,PT_Import_Val_2023-24,23.0,1751964622_PT_IMPORT_VAL_US$_H.xlsx,PT_Import_Val_2023-24,23.0,2026-08-21T15:32:19.312396+00:00,1.0
2023-12-01,2023,2023-24,December,Petcoke,IMPORT,1248.543193,149.9235,PPAC,1751964598_PT_IMPORT_VAL_RS.CRS._H.xlsx,PT_Import_Val_2023-24,22.0,1751964622_PT_IMPORT_VAL_US$_H.xlsx,PT_Import_Val_2023-24,22.0,2026-08-21T15:32:19.312396+00:00,1.0
2023-12-01,2023,2023-24,December,Petcoke / CBFS,EXPORT,0.0,0.0,PPAC,1751964598_PT_IMPORT_VAL_RS.CRS._H.xlsx,PT_Import_Val_2023-24,37.0,1751964622_PT_IMPORT_VAL_US$_H.xlsx,PT_Import_Val_2023-24,37.0,2026-08-21T15:32:19.312396+00:00,1.0
2023-12-01,2023,2023-24,December,SKO,EXPORT,6.34,0.762,PPAC,1751964598_PT_IMPORT_VAL_RS.CRS._H.xlsx,PT_Import_Val_2023-24,31.0,1751964622_PT_IMPORT_VAL_US$_H.xlsx,PT_Import_Val_2023-24,31.0,2026-08-21T15:32:19.312396+00:00,1.0
2023-12-01,2023,2023-24,December,SKO,IMPORT,0.0,0.0,PPAC,1751964598_PT_IMPORT_VAL_RS.CRS._H.xlsx,PT_Import_Val_2023-24,17.0,1751964622_PT_IMPORT_VAL_US$_H.xlsx,PT_Import_Val_2023-24,17.0,2026-08-21T15:32:19.312396+00:00,1.0
2024-01-01,2024,2023-24,January,ATF,IMPORT,0.0,0.0,PPAC,1751964598_PT_IMPORT_VAL_RS.CRS._H.xlsx,PT_Import_Val_2023-24,16.0,1751964622_PT_IMPORT_VAL_US$_H.xlsx,PT_Import_Val_2023-24,16.0,2026-08-21T15:32:19.312396+00:00,1.0
2024-01-01,2024,2023-24,January,ATF#,EXPORT,4816.722051424999,579.5486732420001,PPAC,1751964598_PT_IMPORT_VAL_RS.CRS._H.xlsx,PT_Import_Val_2023-24,30.0,1751964622_PT_IMPORT_VAL_US$_H.xlsx,PT_Import_Val_2023-24,30.0,2026-08-21T15:32:19.312396+00:00,1.0
2024-01-01,2024,2023-24,January,Bitumen,EXPORT,11.947500000000002,1.4380708093,PPAC,1751964598_PT_IMPORT_VAL_RS.CRS._H.xlsx,PT_Import_Val_2023-24,36.0,1751964622_PT_IMPORT_VAL_US$_H.xlsx,PT_Import_Val_2023-24,36.0,2026-08-21T15:32:19.312396+00:00,1.0
2024-01-01,2024,2023-24,January,Bitumen,IMPORT,753.0278104,90.5941,PPAC,1751964598_PT_IMPORT_VAL_RS.CRS._H.xlsx,PT_Import_Val_2023-24,21.0,1751964622_PT_IMPORT_VAL_US$_H.xlsx,PT_Import_Val_2023-24,21.0,2026-08-21T15:32:19.312396+00:00,1.0
2024-01-01,2024,2023-24,January,CRUDE OIL,IMPORT,101338.48782842909,12181.447700832456,PPAC,1751964598_PT_IMPORT_VAL_RS.CRS._H.xlsx,PT_Import_Val_2023-24,11.0,1751964622_PT_IMPORT_VAL_US$_H.xlsx,PT_Import_Val_2023-24,11.0,2026-08-21T15:32:19.312396+00:00,1.0
2024-01-01,2024,2023-24,January,Fuel Oil,EXPORT,927.7058317,111.705587986,PPAC,1751964598_PT_IMPORT_VAL_RS.CRS._H.xlsx,PT_Import_Val_2023-24,35.0,1751964622_PT_IMPORT_VAL_US$_H.xlsx,PT_Import_Val_2023-24,35.0,2026-08-21T15:32:19.312396+00:00,1.0
2024-01-01,2024,2023-24,January,Fuel Oil,IMPORT,2709.2959331425,324.54988155,PPAC,1751964598_PT_IMPORT_VAL_RS.CRS._H.xlsx,PT_Import_Val_2023-24,20.0,1751964622_PT_IMPORT_VAL_US$_H.xlsx,PT_Import_Val_2023-24,20.0,2026-08-21T15:32:19.312396+00:00,1.0
2024-01-01,2024,2023-24,January,HSD,EXPORT,12495.236039109961,1508.9074712948002,PPAC,1751964598_PT_IMPORT_VAL_RS.CRS._H.xlsx,PT_Import_Val_2023-24,32.0,1751964622_PT_IMPORT_VAL_US$_H.xlsx,PT_Import_Val_2023-24,32.0,2026-08-21T15:32:19.312396+00:00,1.0
2024-01-01,2024,2023-24,January,HSD,IMPORT,15.416167900000001,1.8546,PPAC,1751964598_PT_IMPORT_VAL_RS.CRS._H.xlsx,PT_Import_Val_2023-24,18.0,1751964622_PT_IMPORT_VAL_US$_H.xlsx,PT_Import_Val_2023-24,18.0,2026-08-21T15:32:19.312396+00:00,1.0
2024-01-01,2024,2023-24,January,LDO,EXPORT,0.0,0.0,PPAC,1751964598_PT_IMPORT_VAL_RS.CRS._H.xlsx,PT_Import_Val_2023-24,33.0,1751964622_PT_IMPORT_VAL_US$_H.xlsx,PT_Import_Val_2023-24,33.0,2026-08-21T15:32:19.312396+00:00,1.0
2024-01-01,2024,2023-24,January,LOBS/ Lube Oil,EXPORT,13.653175570299998,1.6422957236,PPAC,1751964598_PT_IMPORT_VAL_RS.CRS._H.xlsx,PT_Import_Val_2023-24,34.0,1751964622_PT_IMPORT_VAL_US$_H.xlsx,PT_Import_Val_2023-24,34.0,2026-08-21T15:32:19.312396+00:00,1.0
2024-01-01,2024,2023-24,January,LOBS/ Lube oil,IMPORT,1489.5520724,179.23019999999997,PPAC,1751964598_PT_IMPORT_VAL_RS.CRS._H.xlsx,PT_Import_Val_2023-24,19.0,1751964622_PT_IMPORT_VAL_US$_H.xlsx,PT_Import_Val_2023-24,19.0,2026-08-21T15:32:19.312396+00:00,1.0
2024-01-01,2024,2023-24,January,LPG,EXPORT,296.76,35.701,PPAC,1751964598_PT_IMPORT_VAL_RS.CRS._H.xlsx,PT_Import_Val_2023-24,27.0,1751964622_PT_IMPORT_VAL_US$_H.xlsx,PT_Import_Val_2023-24,27.0,2026-08-21T15:32:19.312396+00:00,1.0
2024-01-01,2024,2023-24,January,LPG,IMPORT,8517.9515015955,1025.7472226825,PPAC,1751964598_PT_IMPORT_VAL_RS.CRS._H.xlsx,PT_Import_Val_2023-24,13.0,1751964622_PT_IMPORT_VAL_US$_H.xlsx,PT_Import_Val_2023-24,13.0,2026-08-21T15:32:19.312396+00:00,1.0
2024-01-01,2024,2023-24,January,MS,IMPORT,0.0,0.0,PPAC,1751964598_PT_IMPORT_VAL_RS.CRS._H.xlsx,PT_Import_Val_2023-24,14.0,1751964622_PT_IMPORT_VAL_US$_H.xlsx,PT_Import_Val_2023-24,14.0,2026-08-21T15:32:19.312396+00:00,1.0
2024-01-01,2024,2023-24,January,MS!,EXPORT,6376.745728017852,766.9439448122,PPAC,1751964598_PT_IMPORT_VAL_RS.CRS._H.xlsx,PT_Import_Val_2023-24,28.0,1751964622_PT_IMPORT_VAL_US$_H.xlsx,PT_Import_Val_2023-24,28.0,2026-08-21T15:32:19.312396+00:00,1.0
2024-01-01,2024,2023-24,January,Naphtha,IMPORT,313.02945950000003,37.6594,PPAC,1751964598_PT_IMPORT_VAL_RS.CRS._H.xlsx,PT_Import_Val_2023-24,15.0,1751964622_PT_IMPORT_VAL_US$_H.xlsx,PT_Import_Val_2023-24,15.0,2026-08-21T15:32:19.312396+00:00,1.0
2024-01-01,2024,2023-24,January,Naphtha$,EXPORT,2358.6998681739997,283.85390441,PPAC,1751964598_PT_IMPORT_VAL_RS.CRS._H.xlsx,PT_Import_Val_2023-24,29.0,1751964622_PT_IMPORT_VAL_US$_H.xlsx,PT_Import_Val_2023-24,29.0,2026-08-21T15:32:19.312396+00:00,1.0
2024-01-01,2024,2023-24,January,Others%,EXPORT,1359.4570337129999,163.56818635017942,PPAC,1751964598_PT_IMPORT_VAL_RS.CRS._H.xlsx,PT_Import_Val_2023-24,38.0,1751964622_PT_IMPORT_VAL_US$_H.xlsx,PT_Import_Val_2023-24,38.0,2026-08-21T15:32:19.312396+00:00,1.0
2024-01-01,2024,2023-24,January,Others&,IMPORT,929.9273156765001,111.66821359000002,PPAC,1751964598_PT_IMPORT_VAL_RS.CRS._H.xlsx,PT_Import_Val_2023-24,23.0,1751964622_PT_IMPORT_VAL_US$_H.xlsx,PT_Import_Val_2023-24,23.0,2026-08-21T15:32:19.312396+00:00,1.0
2024-01-01,2024,2023-24,January,Petcoke,IMPORT,865.6216721,104.14000000000001,PPAC,1751964598_PT_IMPORT_VAL_RS.CRS._H.xlsx,PT_Import_Val_2023-24,22.0,1751964622_PT_IMPORT_VAL_US$_H.xlsx,PT_Import_Val_2023-24,22.0,2026-08-21T15:32:19.312396+00:00,1.0
2024-01-01,2024,2023-24,January,Petcoke / CBFS,EXPORT,0.0,0.0,PPAC,1751964598_PT_IMPORT_VAL_RS.CRS._H.xlsx,PT_Import_Val_2023-24,37.0,1751964622_PT_IMPORT_VAL_US$_H.xlsx,PT_Import_Val_2023-24,37.0,2026-08-21T15:32:19.312396+00:00,1.0
2024-01-01,2024,2023-24,January,SKO,EXPORT,7.12,0.858,PPAC,1751964598_PT_IMPORT_VAL_RS.CRS._H.xlsx,PT_Import_Val_2023-24,31.0,1751964622_PT_IMPORT_VAL_US$_H.xlsx,PT_Import_Val_2023-24,31.0,2026-08-21T15:32:19.312396+00:00,1.0
2024-01-01,2024,2023-24,January,SKO,IMPORT,0.0,0.0,PPAC,1751964598_PT_IMPORT_VAL_RS.CRS._H.xlsx,PT_Import_Val_2023-24,17.0,1751964622_PT_IMPORT_VAL_US$_H.xlsx,PT_Import_Val_2023-24,17.0,2026-08-21T15:32:19.312396+00:00,1.0
2024-02-01,2024,2023-24,February,ATF,IMPORT,0.0,0.0,PPAC,1751964598_PT_IMPORT_VAL_RS.CRS._H.xlsx,PT_Import_Val_2023-24,16.0,1751964622_PT_IMPORT_VAL_US$_H.xlsx,PT_Import_Val_2023-24,16.0,2026-08-21T15:32:19.312396+00:00,1.0
2024-02-01,2024,2023-24,February,ATF#,EXPORT,5410.895642268,651.820138126,PPAC,1751964598_PT_IMPORT_VAL_RS.CRS._H.xlsx,PT_Import_Val_2023-24,30.0,1751964622_PT_IMPORT_VAL_US$_H.xlsx,PT_Import_Val_2023-24,30.0,2026-08-21T15:32:19.312396+00:00,1.0
2024-02-01,2024,2023-24,February,Bitumen,EXPORT,10.630700000000001,1.2832955012,PPAC,1751964598_PT_IMPORT_VAL_RS.CRS._H.xlsx,PT_Import_Val_2023-24,36.0,1751964622_PT_IMPORT_VAL_US$_H.xlsx,PT_Import_Val_2023-24,36.0,2026-08-21T15:32:19.312396+00:00,1.0
2024-02-01,2024,2023-24,February,Bitumen,IMPORT,769.0363145,92.6957,PPAC,1751964598_PT_IMPORT_VAL_RS.CRS._H.xlsx,PT_Import_Val_2023-24,21.0,1751964622_PT_IMPORT_VAL_US$_H.xlsx,PT_Import_Val_2023-24,21.0,2026-08-21T15:32:19.312396+00:00,1.0
2024-02-01,2024,2023-24,February,CRUDE OIL,IMPORT,85514.44778154913,10281.439760120611,PPAC,1751964598_PT_IMPORT_VAL_RS.CRS._H.xlsx,PT_Import_Val_2023-24,11.0,1751964622_PT_IMPORT_VAL_US$_H.xlsx,PT_Import_Val_2023-24,11.0,2026-08-21T15:32:19.312396+00:00,1.0
2024-02-01,2024,2023-24,February,Fuel Oil,EXPORT,508.2802972,61.27647177,PPAC,1751964598_PT_IMPORT_VAL_RS.CRS._H.xlsx,PT_Import_Val_2023-24,35.0,1751964622_PT_IMPORT_VAL_US$_H.xlsx,PT_Import_Val_2023-24,35.0,2026-08-21T15:32:19.312396+00:00,1.0
2024-02-01,2024,2023-24,February,Fuel Oil,IMPORT,3142.8315190157496,376.546704445,PPAC,1751964598_PT_IMPORT_VAL_RS.CRS._H.xlsx,PT_Import_Val_2023-24,20.0,1751964622_PT_IMPORT_VAL_US$_H.xlsx,PT_Import_Val_2023-24,20.0,2026-08-21T15:32:19.312396+00:00,1.0
2024-02-01,2024,2023-24,February,HSD,EXPORT,15265.962686223285,1844.3895815705996,PPAC,1751964598_PT_IMPORT_VAL_RS.CRS._H.xlsx,PT_Import_Val_2023-24,32.0,1751964622_PT_IMPORT_VAL_US$_H.xlsx,PT_Import_Val_2023-24,32.0,2026-08-21T15:32:19.312396+00:00,1.0
2024-02-01,2024,2023-24,February,HSD,IMPORT,87.6590501,10.565999999999999,PPAC,1751964598_PT_IMPORT_VAL_RS.CRS._H.xlsx,PT_Import_Val_2023-24,18.0,1751964622_PT_IMPORT_VAL_US$_H.xlsx,PT_Import_Val_2023-24,18.0,2026-08-21T15:32:19.312396+00:00,1.0
2024-02-01,2024,2023-24,February,LDO,EXPORT,0.0,0.0,PPAC,1751964598_PT_IMPORT_VAL_RS.CRS._H.xlsx,PT_Import_Val_2023-24,33.0,1751964622_PT_IMPORT_VAL_US$_H.xlsx,PT_Import_Val_2023-24,33.0,2026-08-21T15:32:19.312396+00:00,1.0
2024-02-01,2024,2023-24,February,LOBS/ Lube Oil,EXPORT,17.951866196300003,2.1222842744,PPAC,1751964598_PT_IMPORT_VAL_RS.CRS._H.xlsx,PT_Import_Val_2023-24,34.0,1751964622_PT_IMPORT_VAL_US$_H.xlsx,PT_Import_Val_2023-24,34.0,2026-08-21T15:32:19.312396+00:00,1.0
2024-02-01,2024,2023-24,February,LOBS/ Lube oil,IMPORT,1627.4363119000002,196.09549999999996,PPAC,1751964598_PT_IMPORT_VAL_RS.CRS._H.xlsx,PT_Import_Val_2023-24,19.0,1751964622_PT_IMPORT_VAL_US$_H.xlsx,PT_Import_Val_2023-24,19.0,2026-08-21T15:32:19.312396+00:00,1.0
2024-02-01,2024,2023-24,February,LPG,EXPORT,300.11,36.156,PPAC,1751964598_PT_IMPORT_VAL_RS.CRS._H.xlsx,PT_Import_Val_2023-24,27.0,1751964622_PT_IMPORT_VAL_US$_H.xlsx,PT_Import_Val_2023-24,27.0,2026-08-21T15:32:19.312396+00:00,1.0
2024-02-01,2024,2023-24,February,LPG,IMPORT,9152.219656042398,1102.9245286155,PPAC,1751964598_PT_IMPORT_VAL_RS.CRS._H.xlsx,PT_Import_Val_2023-24,13.0,1751964622_PT_IMPORT_VAL_US$_H.xlsx,PT_Import_Val_2023-24,13.0,2026-08-21T15:32:19.312396+00:00,1.0
2024-02-01,2024,2023-24,February,MS,IMPORT,0.0535021,0.0064,PPAC,1751964598_PT_IMPORT_VAL_RS.CRS._H.xlsx,PT_Import_Val_2023-24,14.0,1751964622_PT_IMPORT_VAL_US$_H.xlsx,PT_Import_Val_2023-24,14.0,2026-08-21T15:32:19.312396+00:00,1.0
2024-02-01,2024,2023-24,February,MS!,EXPORT,8656.008670942905,1042.8692033893997,PPAC,1751964598_PT_IMPORT_VAL_RS.CRS._H.xlsx,PT_Import_Val_2023-24,28.0,1751964622_PT_IMPORT_VAL_US$_H.xlsx,PT_Import_Val_2023-24,28.0,2026-08-21T15:32:19.312396+00:00,1.0
2024-02-01,2024,2023-24,February,Naphtha,IMPORT,9.7971567,1.1808999999999998,PPAC,1751964598_PT_IMPORT_VAL_RS.CRS._H.xlsx,PT_Import_Val_2023-24,15.0,1751964622_PT_IMPORT_VAL_US$_H.xlsx,PT_Import_Val_2023-24,15.0,2026-08-21T15:32:19.312396+00:00,1.0
2024-02-01,2024,2023-24,February,Naphtha$,EXPORT,2370.825058144,285.63857781,PPAC,1751964598_PT_IMPORT_VAL_RS.CRS._H.xlsx,PT_Import_Val_2023-24,29.0,1751964622_PT_IMPORT_VAL_US$_H.xlsx,PT_Import_Val_2023-24,29.0,2026-08-21T15:32:19.312396+00:00,1.0
2024-02-01,2024,2023-24,February,Others%,EXPORT,1486.5256641619999,179.21734105254401,PPAC,1751964598_PT_IMPORT_VAL_RS.CRS._H.xlsx,PT_Import_Val_2023-24,38.0,1751964622_PT_IMPORT_VAL_US$_H.xlsx,PT_Import_Val_2023-24,38.0,2026-08-21T15:32:19.312396+00:00,1.0
2024-02-01,2024,2023-24,February,Others&,IMPORT,750.371940221,90.31488125999999,PPAC,1751964598_PT_IMPORT_VAL_RS.CRS._H.xlsx,PT_Import_Val_2023-24,23.0,1751964622_PT_IMPORT_VAL_US$_H.xlsx,PT_Import_Val_2023-24,23.0,2026-08-21T15:32:19.312396+00:00,1.0
2024-02-01,2024,2023-24,February,Petcoke,IMPORT,1599.4339852,192.7874,PPAC,1751964598_PT_IMPORT_VAL_RS.CRS._H.xlsx,PT_Import_Val_2023-24,22.0,1751964622_PT_IMPORT_VAL_US$_H.xlsx,PT_Import_Val_2023-24,22.0,2026-08-21T15:32:19.312396+00:00,1.0
2024-02-01,2024,2023-24,February,Petcoke / CBFS,EXPORT,0.0,0.0,PPAC,1751964598_PT_IMPORT_VAL_RS.CRS._H.xlsx,PT_Import_Val_2023-24,37.0,1751964622_PT_IMPORT_VAL_US$_H.xlsx,PT_Import_Val_2023-24,37.0,2026-08-21T15:32:19.312396+00:00,1.0
2024-02-01,2024,2023-24,February,SKO,EXPORT,5.22,0.629,PPAC,1751964598_PT_IMPORT_VAL_RS.CRS._H.xlsx,PT_Import_Val_2023-24,31.0,1751964622_PT_IMPORT_VAL_US$_H.xlsx,PT_Import_Val_2023-24,31.0,2026-08-21T15:32:19.312396+00:00,1.0
2024-02-01,2024,2023-24,February,SKO,IMPORT,0.0,0.0,PPAC,1751964598_PT_IMPORT_VAL_RS.CRS._H.xlsx,PT_Import_Val_2023-24,17.0,1751964622_PT_IMPORT_VAL_US$_H.xlsx,PT_Import_Val_2023-24,17.0,2026-08-21T15:32:19.312396+00:00,1.0
2024-03-01,2024,2023-24,March,ATF,IMPORT,0.0,0.0,PPAC,1751964598_PT_IMPORT_VAL_RS.CRS._H.xlsx,PT_Import_Val_2023-24,16.0,1751964622_PT_IMPORT_VAL_US$_H.xlsx,PT_Import_Val_2023-24,16.0,2026-08-21T15:32:19.312396+00:00,1.0
2024-03-01,2024,2023-24,March,ATF#,EXPORT,5243.892206611,631.5563855,PPAC,1751964598_PT_IMPORT_VAL_RS.CRS._H.xlsx,PT_Import_Val_2023-24,30.0,1751964622_PT_IMPORT_VAL_US$_H.xlsx,PT_Import_Val_2023-24,30.0,2026-08-21T15:32:19.312396+00:00,1.0
2024-03-01,2024,2023-24,March,Bitumen,EXPORT,10.018,1.2067134350000002,PPAC,1751964598_PT_IMPORT_VAL_RS.CRS._H.xlsx,PT_Import_Val_2023-24,36.0,1751964622_PT_IMPORT_VAL_US$_H.xlsx,PT_Import_Val_2023-24,36.0,2026-08-21T15:32:19.312396+00:00,1.0
2024-03-01,2024,2023-24,March,Bitumen,IMPORT,1033.8796426000001,124.5582,PPAC,1751964598_PT_IMPORT_VAL_RS.CRS._H.xlsx,PT_Import_Val_2023-24,21.0,1751964622_PT_IMPORT_VAL_US$_H.xlsx,PT_Import_Val_2023-24,21.0,2026-08-21T15:32:19.312396+00:00,1.0
2024-03-01,2024,2023-24,March,CRUDE OIL,IMPORT,101031.78839941784,12146.028155700289,PPAC,1751964598_PT_IMPORT_VAL_RS.CRS._H.xlsx,PT_Import_Val_2023-24,11.0,1751964622_PT_IMPORT_VAL_US$_H.xlsx,PT_Import_Val_2023-24,11.0,2026-08-21T15:32:19.312396+00:00,1.0
2024-03-01,2024,2023-24,March,Fuel Oil,EXPORT,990.1958677759999,119.041415285,PPAC,1751964598_PT_IMPORT_VAL_RS.CRS._H.xlsx,PT_Import_Val_2023-24,35.0,1751964622_PT_IMPORT_VAL_US$_H.xlsx,PT_Import_Val_2023-24,35.0,2026-08-21T15:32:19.312396+00:00,1.0
2024-03-01,2024,2023-24,March,Fuel Oil,IMPORT,2641.912057694508,317.77966794,PPAC,1751964598_PT_IMPORT_VAL_RS.CRS._H.xlsx,PT_Import_Val_2023-24,20.0,1751964622_PT_IMPORT_VAL_US$_H.xlsx,PT_Import_Val_2023-24,20.0,2026-08-21T15:32:19.312396+00:00,1.0
2024-03-01,2024,2023-24,March,HSD,EXPORT,15292.7831109004,1840.8324263729,PPAC,1751964598_PT_IMPORT_VAL_RS.CRS._H.xlsx,PT_Import_Val_2023-24,32.0,1751964622_PT_IMPORT_VAL_US$_H.xlsx,PT_Import_Val_2023-24,32.0,2026-08-21T15:32:19.312396+00:00,1.0
2024-03-01,2024,2023-24,March,HSD,IMPORT,32.316515499999994,3.8937,PPAC,1751964598_PT_IMPORT_VAL_RS.CRS._H.xlsx,PT_Import_Val_2023-24,18.0,1751964622_PT_IMPORT_VAL_US$_H.xlsx,PT_Import_Val_2023-24,18.0,2026-08-21T15:32:19.312396+00:00,1.0
2024-03-01,2024,2023-24,March,LDO,EXPORT,0.0,0.0,PPAC,1751964598_PT_IMPORT_VAL_RS.CRS._H.xlsx,PT_Import_Val_2023-24,33.0,1751964622_PT_IMPORT_VAL_US$_H.xlsx,PT_Import_Val_2023-24,33.0,2026-08-21T15:32:19.312396+00:00,1.0
2024-03-01,2024,2023-24,March,LOBS/ Lube Oil,EXPORT,34.6080719082,4.0862363484,PPAC,1751964598_PT_IMPORT_VAL_RS.CRS._H.xlsx,PT_Import_Val_2023-24,34.0,1751964622_PT_IMPORT_VAL_US$_H.xlsx,PT_Import_Val_2023-24,34.0,2026-08-21T15:32:19.312396+00:00,1.0
2024-03-01,2024,2023-24,March,LOBS/ Lube oil,IMPORT,1276.0136002000006,153.6427,PPAC,1751964598_PT_IMPORT_VAL_RS.CRS._H.xlsx,PT_Import_Val_2023-24,19.0,1751964622_PT_IMPORT_VAL_US$_H.xlsx,PT_Import_Val_2023-24,19.0,2026-08-21T15:32:19.312396+00:00,1.0
2024-03-01,2024,2023-24,March,LPG,EXPORT,324.56,39.106,PPAC,1751964598_PT_IMPORT_VAL_RS.CRS._H.xlsx,PT_Import_Val_2023-24,27.0,1751964622_PT_IMPORT_VAL_US$_H.xlsx,PT_Import_Val_2023-24,27.0,2026-08-21T15:32:19.312396+00:00,1.0
2024-03-01,2024,2023-24,March,LPG,IMPORT,8273.8807781044,993.3536401528,PPAC,1751964598_PT_IMPORT_VAL_RS.CRS._H.xlsx,PT_Import_Val_2023-24,13.0,1751964622_PT_IMPORT_VAL_US$_H.xlsx,PT_Import_Val_2023-24,13.0,2026-08-21T15:32:19.312396+00:00,1.0
2024-03-01,2024,2023-24,March,MS,IMPORT,0.2517515,0.0303,PPAC,1751964598_PT_IMPORT_VAL_RS.CRS._H.xlsx,PT_Import_Val_2023-24,14.0,1751964622_PT_IMPORT_VAL_US$_H.xlsx,PT_Import_Val_2023-24,14.0,2026-08-21T15:32:19.312396+00:00,1.0
2024-03-01,2024,2023-24,March,MS!,EXPORT,9242.668455937192,1112.9162444083,PPAC,1751964598_PT_IMPORT_VAL_RS.CRS._H.xlsx,PT_Import_Val_2023-24,28.0,1751964622_PT_IMPORT_VAL_US$_H.xlsx,PT_Import_Val_2023-24,28.0,2026-08-21T15:32:19.312396+00:00,1.0
2024-03-01,2024,2023-24,March,Naphtha,IMPORT,9.503200300000001,1.145,PPAC,1751964598_PT_IMPORT_VAL_RS.CRS._H.xlsx,PT_Import_Val_2023-24,15.0,1751964622_PT_IMPORT_VAL_US$_H.xlsx,PT_Import_Val_2023-24,15.0,2026-08-21T15:32:19.312396+00:00,1.0
2024-03-01,2024,2023-24,March,Naphtha$,EXPORT,2851.673967217,342.72160854000003,PPAC,1751964598_PT_IMPORT_VAL_RS.CRS._H.xlsx,PT_Import_Val_2023-24,29.0,1751964622_PT_IMPORT_VAL_US$_H.xlsx,PT_Import_Val_2023-24,29.0,2026-08-21T15:32:19.312396+00:00,1.0
2024-03-01,2024,2023-24,March,Others%,EXPORT,1625.6530695713607,196.373559070945,PPAC,1751964598_PT_IMPORT_VAL_RS.CRS._H.xlsx,PT_Import_Val_2023-24,38.0,1751964622_PT_IMPORT_VAL_US$_H.xlsx,PT_Import_Val_2023-24,38.0,2026-08-21T15:32:19.312396+00:00,1.0
2024-03-01,2024,2023-24,March,Others&,IMPORT,710.5971951608707,85.63709878,PPAC,1751964598_PT_IMPORT_VAL_RS.CRS._H.xlsx,PT_Import_Val_2023-24,23.0,1751964622_PT_IMPORT_VAL_US$_H.xlsx,PT_Import_Val_2023-24,23.0,2026-08-21T15:32:19.312396+00:00,1.0
2024-03-01,2024,2023-24,March,Petcoke,IMPORT,1545.285141,186.1842,PPAC,1751964598_PT_IMPORT_VAL_RS.CRS._H.xlsx,PT_Import_Val_2023-24,22.0,1751964622_PT_IMPORT_VAL_US$_H.xlsx,PT_Import_Val_2023-24,22.0,2026-08-21T15:32:19.312396+00:00,1.0
2024-03-01,2024,2023-24,March,Petcoke / CBFS,EXPORT,0.0,0.0,PPAC,1751964598_PT_IMPORT_VAL_RS.CRS._H.xlsx,PT_Import_Val_2023-24,37.0,1751964622_PT_IMPORT_VAL_US$_H.xlsx,PT_Import_Val_2023-24,37.0,2026-08-21T15:32:19.312396+00:00,1.0
2024-03-01,2024,2023-24,March,SKO,EXPORT,7.07,0.852,PPAC,1751964598_PT_IMPORT_VAL_RS.CRS._H.xlsx,PT_Import_Val_2023-24,31.0,1751964622_PT_IMPORT_VAL_US$_H.xlsx,PT_Import_Val_2023-24,31.0,2026-08-21T15:32:19.312396+00:00,1.0
2024-03-01,2024,2023-24,March,SKO,IMPORT,0.0,0.0,PPAC,1751964598_PT_IMPORT_VAL_RS.CRS._H.xlsx,PT_Import_Val_2023-24,17.0,1751964622_PT_IMPORT_VAL_US$_H.xlsx,PT_Import_Val_2023-24,17.0,2026-08-21T15:32:19.312396+00:00,1.0
2024-04-01,2024,2024-25,April,ATF,IMPORT,0.0165218,0.002,PPAC,1751964598_PT_IMPORT_VAL_RS.CRS._H.xlsx,PT_Import_Val_2024-25,16.0,1751964622_PT_IMPORT_VAL_US$_H.xlsx,PT_Import_Val_2024-25,16.0,2026-08-21T15:32:19.296678+00:00,1.0
2024-04-01,2024,2024-25,April,ATF#,EXPORT,4262.515751833,511.5734165283,PPAC,1751964598_PT_IMPORT_VAL_RS.CRS._H.xlsx,PT_Import_Val_2024-25,30.0,1751964622_PT_IMPORT_VAL_US$_H.xlsx,PT_Import_Val_2024-25,30.0,2026-08-21T15:32:19.296678+00:00,1.0
2024-04-01,2024,2024-25,April,Bitumen,EXPORT,13.4741,1.6174176153,PPAC,1751964598_PT_IMPORT_VAL_RS.CRS._H.xlsx,PT_Import_Val_2024-25,36.0,1751964622_PT_IMPORT_VAL_US$_H.xlsx,PT_Import_Val_2024-25,36.0,2026-08-21T15:32:19.296678+00:00,1.0
2024-04-01,2024,2024-25,April,Bitumen,IMPORT,857.4861708,102.8064,PPAC,1751964598_PT_IMPORT_VAL_RS.CRS._H.xlsx,PT_Import_Val_2024-25,21.0,1751964622_PT_IMPORT_VAL_US$_H.xlsx,PT_Import_Val_2024-25,21.0,2026-08-21T15:32:19.296678+00:00,1.0
2024-04-01,2024,2024-25,April,CRUDE OIL,IMPORT,108423.37283370661,12992.637532298013,PPAC,1751964598_PT_IMPORT_VAL_RS.CRS._H.xlsx,PT_Import_Val_2024-25,11.0,1751964622_PT_IMPORT_VAL_US$_H.xlsx,PT_Import_Val_2024-25,11.0,2026-08-21T15:32:19.296678+00:00,1.0
2024-04-01,2024,2024-25,April,Fuel Oil,EXPORT,479.8153333000001,57.494310819999995,PPAC,1751964598_PT_IMPORT_VAL_RS.CRS._H.xlsx,PT_Import_Val_2024-25,35.0,1751964622_PT_IMPORT_VAL_US$_H.xlsx,PT_Import_Val_2024-25,35.0,2026-08-21T15:32:19.296678+00:00,1.0
2024-04-01,2024,2024-25,April,Fuel Oil,IMPORT,3257.56685541195,390.71825164,PPAC,1751964598_PT_IMPORT_VAL_RS.CRS._H.xlsx,PT_Import_Val_2024-25,20.0,1751964622_PT_IMPORT_VAL_US$_H.xlsx,PT_Import_Val_2024-25,20.0,2026-08-21T15:32:19.296678+00:00,1.0
2024-04-01,2024,2024-25,April,HSD,EXPORT,12824.859439566,1537.4478505062,PPAC,1751964598_PT_IMPORT_VAL_RS.CRS._H.xlsx,PT_Import_Val_2024-25,32.0,1751964622_PT_IMPORT_VAL_US$_H.xlsx,PT_Import_Val_2024-25,32.0,2026-08-21T15:32:19.296678+00:00,1.0
2024-04-01,2024,2024-25,April,HSD,IMPORT,11.4557382,1.3735,PPAC,1751964598_PT_IMPORT_VAL_RS.CRS._H.xlsx,PT_Import_Val_2024-25,18.0,1751964622_PT_IMPORT_VAL_US$_H.xlsx,PT_Import_Val_2024-25,18.0,2026-08-21T15:32:19.296678+00:00,1.0
2024-04-01,2024,2024-25,April,LDO,EXPORT,0.0,0.0,PPAC,1751964598_PT_IMPORT_VAL_RS.CRS._H.xlsx,PT_Import_Val_2024-25,33.0,1751964622_PT_IMPORT_VAL_US$_H.xlsx,PT_Import_Val_2024-25,33.0,2026-08-21T15:32:19.296678+00:00,1.0
2024-04-01,2024,2024-25,April,LOBS/ Lube Oil,EXPORT,7.5990755960000005,0.9137242656,PPAC,1751964598_PT_IMPORT_VAL_RS.CRS._H.xlsx,PT_Import_Val_2024-25,34.0,1751964622_PT_IMPORT_VAL_US$_H.xlsx,PT_Import_Val_2024-25,34.0,2026-08-21T15:32:19.296678+00:00,1.0
2024-04-01,2024,2024-25,April,LOBS/ Lube oil,IMPORT,2191.0569488999995,262.6404,PPAC,1751964598_PT_IMPORT_VAL_RS.CRS._H.xlsx,PT_Import_Val_2024-25,19.0,1751964622_PT_IMPORT_VAL_US$_H.xlsx,PT_Import_Val_2024-25,19.0,2026-08-21T15:32:19.296678+00:00,1.0
2024-04-01,2024,2024-25,April,LPG,EXPORT,294.2191043,35.2928255167,PPAC,1751964598_PT_IMPORT_VAL_RS.CRS._H.xlsx,PT_Import_Val_2024-25,27.0,1751964622_PT_IMPORT_VAL_US$_H.xlsx,PT_Import_Val_2024-25,27.0,2026-08-21T15:32:19.296678+00:00,1.0
2024-04-01,2024,2024-25,April,LPG,IMPORT,7414.215678619778,888.9594802386,PPAC,1751964598_PT_IMPORT_VAL_RS.CRS._H.xlsx,PT_Import_Val_2024-25,13.0,1751964622_PT_IMPORT_VAL_US$_H.xlsx,PT_Import_Val_2024-25,13.0,2026-08-21T15:32:19.296678+00:00,1.0
2024-04-01,2024,2024-25,April,MS,IMPORT,224.8510105,26.9717,PPAC,1751964598_PT_IMPORT_VAL_RS.CRS._H.xlsx,PT_Import_Val_2024-25,14.0,1751964622_PT_IMPORT_VAL_US$_H.xlsx,PT_Import_Val_2024-25,14.0,2026-08-21T15:32:19.296678+00:00,1.0
2024-04-01,2024,2024-25,April,MS!,EXPORT,8719.275754273,1046.7019610597001,PPAC,1751964598_PT_IMPORT_VAL_RS.CRS._H.xlsx,PT_Import_Val_2024-25,28.0,1751964622_PT_IMPORT_VAL_US$_H.xlsx,PT_Import_Val_2024-25,28.0,2026-08-21T15:32:19.296678+00:00,1.0
2024-04-01,2024,2024-25,April,Naphtha,IMPORT,735.582414,88.193,PPAC,1751964598_PT_IMPORT_VAL_RS.CRS._H.xlsx,PT_Import_Val_2024-25,15.0,1751964622_PT_IMPORT_VAL_US$_H.xlsx,PT_Import_Val_2024-25,15.0,2026-08-21T15:32:19.296678+00:00,1.0
2024-04-01,2024,2024-25,April,Naphtha$,EXPORT,2495.567848982,299.85815228,PPAC,1751964598_PT_IMPORT_VAL_RS.CRS._H.xlsx,PT_Import_Val_2024-25,29.0,1751964622_PT_IMPORT_VAL_US$_H.xlsx,PT_Import_Val_2024-25,29.0,2026-08-21T15:32:19.296678+00:00,1.0
2024-04-01,2024,2024-25,April,Others%,EXPORT,1420.357951036,170.23254028701,PPAC,1751964598_PT_IMPORT_VAL_RS.CRS._H.xlsx,PT_Import_Val_2024-25,38.0,1751964622_PT_IMPORT_VAL_US$_H.xlsx,PT_Import_Val_2024-25,38.0,2026-08-21T15:32:19.296678+00:00,1.0
2024-04-01,2024,2024-25,April,Others&,IMPORT,1201.3519901360005,143.97262815999997,PPAC,1751964598_PT_IMPORT_VAL_RS.CRS._H.xlsx,PT_Import_Val_2024-25,23.0,1751964622_PT_IMPORT_VAL_US$_H.xlsx,PT_Import_Val_2024-25,23.0,2026-08-21T15:32:19.296678+00:00,1.0
2024-04-01,2024,2024-25,April,Petcoke,IMPORT,1046.4543502,125.4652,PPAC,1751964598_PT_IMPORT_VAL_RS.CRS._H.xlsx,PT_Import_Val_2024-25,22.0,1751964622_PT_IMPORT_VAL_US$_H.xlsx,PT_Import_Val_2024-25,22.0,2026-08-21T15:32:19.296678+00:00,1.0
2024-04-01,2024,2024-25,April,Petcoke / CBFS,EXPORT,403.505389431,48.3874148,PPAC,1751964598_PT_IMPORT_VAL_RS.CRS._H.xlsx,PT_Import_Val_2024-25,37.0,1751964622_PT_IMPORT_VAL_US$_H.xlsx,PT_Import_Val_2024-25,37.0,2026-08-21T15:32:19.296678+00:00,1.0
2024-04-01,2024,2024-25,April,SKO,EXPORT,8.4869012,1.0180396815,PPAC,1751964598_PT_IMPORT_VAL_RS.CRS._H.xlsx,PT_Import_Val_2024-25,31.0,1751964622_PT_IMPORT_VAL_US$_H.xlsx,PT_Import_Val_2024-25,31.0,2026-08-21T15:32:19.296678+00:00,1.0
2024-04-01,2024,2024-25,April,SKO,IMPORT,0.0,0.0,PPAC,1751964598_PT_IMPORT_VAL_RS.CRS._H.xlsx,PT_Import_Val_2024-25,17.0,1751964622_PT_IMPORT_VAL_US$_H.xlsx,PT_Import_Val_2024-25,17.0,2026-08-21T15:32:19.296678+00:00,1.0
2024-05-01,2024,2024-25,May,ATF,IMPORT,0.0203176,0.0024,PPAC,1751964598_PT_IMPORT_VAL_RS.CRS._H.xlsx,PT_Import_Val_2024-25,16.0,1751964622_PT_IMPORT_VAL_US$_H.xlsx,PT_Import_Val_2024-25,16.0,2026-08-21T15:32:19.296678+00:00,1.0
2024-05-01,2024,2024-25,May,ATF#,EXPORT,5330.9599990953975,639.7269683387,PPAC,1751964598_PT_IMPORT_VAL_RS.CRS._H.xlsx,PT_Import_Val_2024-25,30.0,1751964622_PT_IMPORT_VAL_US$_H.xlsx,PT_Import_Val_2024-25,30.0,2026-08-21T15:32:19.296678+00:00,1.0
2024-05-01,2024,2024-25,May,Bitumen,EXPORT,8.869209892,1.0631816982000002,PPAC,1751964598_PT_IMPORT_VAL_RS.CRS._H.xlsx,PT_Import_Val_2024-25,36.0,1751964622_PT_IMPORT_VAL_US$_H.xlsx,PT_Import_Val_2024-25,36.0,2026-08-21T15:32:19.296678+00:00,1.0
2024-05-01,2024,2024-25,May,Bitumen,IMPORT,1033.3510078999998,123.9228,PPAC,1751964598_PT_IMPORT_VAL_RS.CRS._H.xlsx,PT_Import_Val_2024-25,21.0,1751964622_PT_IMPORT_VAL_US$_H.xlsx,PT_Import_Val_2024-25,21.0,2026-08-21T15:32:19.296678+00:00,1.0
2024-05-01,2024,2024-25,May,CRUDE OIL,IMPORT,111771.68951845009,13390.999595818299,PPAC,1751964598_PT_IMPORT_VAL_RS.CRS._H.xlsx,PT_Import_Val_2024-25,11.0,1751964622_PT_IMPORT_VAL_US$_H.xlsx,PT_Import_Val_2024-25,11.0,2026-08-21T15:32:19.296678+00:00,1.0
2024-05-01,2024,2024-25,May,Fuel Oil,EXPORT,565.706874,67.79265977,PPAC,1751964598_PT_IMPORT_VAL_RS.CRS._H.xlsx,PT_Import_Val_2024-25,35.0,1751964622_PT_IMPORT_VAL_US$_H.xlsx,PT_Import_Val_2024-25,35.0,2026-08-21T15:32:19.296678+00:00,1.0
2024-05-01,2024,2024-25,May,Fuel Oil,IMPORT,2411.9140038802743,289.2615020264631,PPAC,1751964598_PT_IMPORT_VAL_RS.CRS._H.xlsx,PT_Import_Val_2024-25,20.0,1751964622_PT_IMPORT_VAL_US$_H.xlsx,PT_Import_Val_2024-25,20.0,2026-08-21T15:32:19.296678+00:00,1.0
2024-05-01,2024,2024-25,May,HSD,EXPORT,12788.987394149613,1534.3471878041,PPAC,1751964598_PT_IMPORT_VAL_RS.CRS._H.xlsx,PT_Import_Val_2024-25,32.0,1751964622_PT_IMPORT_VAL_US$_H.xlsx,PT_Import_Val_2024-25,32.0,2026-08-21T15:32:19.296678+00:00,1.0
2024-05-01,2024,2024-25,May,HSD,IMPORT,45.320909900000004,5.4346,PPAC,1751964598_PT_IMPORT_VAL_RS.CRS._H.xlsx,PT_Import_Val_2024-25,18.0,1751964622_PT_IMPORT_VAL_US$_H.xlsx,PT_Import_Val_2024-25,18.0,2026-08-21T15:32:19.296678+00:00,1.0
2024-05-01,2024,2024-25,May,LDO,EXPORT,0.0,0.0,PPAC,1751964598_PT_IMPORT_VAL_RS.CRS._H.xlsx,PT_Import_Val_2024-25,33.0,1751964622_PT_IMPORT_VAL_US$_H.xlsx,PT_Import_Val_2024-25,33.0,2026-08-21T15:32:19.296678+00:00,1.0
2024-05-01,2024,2024-25,May,LOBS/ Lube Oil,EXPORT,39.9323105392,4.7894822323,PPAC,1751964598_PT_IMPORT_VAL_RS.CRS._H.xlsx,PT_Import_Val_2024-25,34.0,1751964622_PT_IMPORT_VAL_US$_H.xlsx,PT_Import_Val_2024-25,34.0,2026-08-21T15:32:19.296678+00:00,1.0
2024-05-01,2024,2024-25,May,LOBS/ Lube oil,IMPORT,2629.7498373000003,315.2653,PPAC,1751964598_PT_IMPORT_VAL_RS.CRS._H.xlsx,PT_Import_Val_2024-25,19.0,1751964622_PT_IMPORT_VAL_US$_H.xlsx,PT_Import_Val_2024-25,19.0,2026-08-21T15:32:19.296678+00:00,1.0
2024-05-01,2024,2024-25,May,LPG,EXPORT,285.32058550000005,34.1578081488,PPAC,1751964598_PT_IMPORT_VAL_RS.CRS._H.xlsx,PT_Import_Val_2024-25,27.0,1751964622_PT_IMPORT_VAL_US$_H.xlsx,PT_Import_Val_2024-25,27.0,2026-08-21T15:32:19.296678+00:00,1.0
2024-05-01,2024,2024-25,May,LPG,IMPORT,7567.189399052233,906.8989038105,PPAC,1751964598_PT_IMPORT_VAL_RS.CRS._H.xlsx,PT_Import_Val_2024-25,13.0,1751964622_PT_IMPORT_VAL_US$_H.xlsx,PT_Import_Val_2024-25,13.0,2026-08-21T15:32:19.296678+00:00,1.0
2024-05-01,2024,2024-25,May,MS,IMPORT,597.8915061,71.5808232,PPAC,1751964598_PT_IMPORT_VAL_RS.CRS._H.xlsx,PT_Import_Val_2024-25,14.0,1751964622_PT_IMPORT_VAL_US$_H.xlsx,PT_Import_Val_2024-25,14.0,2026-08-21T15:32:19.296678+00:00,1.0
2024-05-01,2024,2024-25,May,MS!,EXPORT,8236.02973744798,986.269873509,PPAC,1751964598_PT_IMPORT_VAL_RS.CRS._H.xlsx,PT_Import_Val_2024-25,28.0,1751964622_PT_IMPORT_VAL_US$_H.xlsx,PT_Import_Val_2024-25,28.0,2026-08-21T15:32:19.296678+00:00,1.0
2024-05-01,2024,2024-25,May,Naphtha,IMPORT,417.6782076,50.0856,PPAC,1751964598_PT_IMPORT_VAL_RS.CRS._H.xlsx,PT_Import_Val_2024-25,15.0,1751964622_PT_IMPORT_VAL_US$_H.xlsx,PT_Import_Val_2024-25,15.0,2026-08-21T15:32:19.296678+00:00,1.0
2024-05-01,2024,2024-25,May,Naphtha$,EXPORT,2136.179666951,256.0675196,PPAC,1751964598_PT_IMPORT_VAL_RS.CRS._H.xlsx,PT_Import_Val_2024-25,29.0,1751964622_PT_IMPORT_VAL_US$_H.xlsx,PT_Import_Val_2024-25,29.0,2026-08-21T15:32:19.296678+00:00,1.0
2024-05-01,2024,2024-25,May,Others%,EXPORT,1848.5637205070002,221.68319485000998,PPAC,1751964598_PT_IMPORT_VAL_RS.CRS._H.xlsx,PT_Import_Val_2024-25,38.0,1751964622_PT_IMPORT_VAL_US$_H.xlsx,PT_Import_Val_2024-25,38.0,2026-08-21T15:32:19.296678+00:00,1.0
2024-05-01,2024,2024-25,May,Others&,IMPORT,1109.6896608775114,133.042471907,PPAC,1751964598_PT_IMPORT_VAL_RS.CRS._H.xlsx,PT_Import_Val_2024-25,23.0,1751964622_PT_IMPORT_VAL_US$_H.xlsx,PT_Import_Val_2024-25,23.0,2026-08-21T15:32:19.296678+00:00,1.0
2024-05-01,2024,2024-25,May,Petcoke,IMPORT,1012.1976374000001,121.3769,PPAC,1751964598_PT_IMPORT_VAL_RS.CRS._H.xlsx,PT_Import_Val_2024-25,22.0,1751964622_PT_IMPORT_VAL_US$_H.xlsx,PT_Import_Val_2024-25,22.0,2026-08-21T15:32:19.296678+00:00,1.0
2024-05-01,2024,2024-25,May,Petcoke / CBFS,EXPORT,357.035475243,42.81192806999999,PPAC,1751964598_PT_IMPORT_VAL_RS.CRS._H.xlsx,PT_Import_Val_2024-25,37.0,1751964622_PT_IMPORT_VAL_US$_H.xlsx,PT_Import_Val_2024-25,37.0,2026-08-21T15:32:19.296678+00:00,1.0
2024-05-01,2024,2024-25,May,SKO,EXPORT,7.5447682,0.9043337001,PPAC,1751964598_PT_IMPORT_VAL_RS.CRS._H.xlsx,PT_Import_Val_2024-25,31.0,1751964622_PT_IMPORT_VAL_US$_H.xlsx,PT_Import_Val_2024-25,31.0,2026-08-21T15:32:19.296678+00:00,1.0
2024-05-01,2024,2024-25,May,SKO,IMPORT,0.0,0.0,PPAC,1751964598_PT_IMPORT_VAL_RS.CRS._H.xlsx,PT_Import_Val_2024-25,17.0,1751964622_PT_IMPORT_VAL_US$_H.xlsx,PT_Import_Val_2024-25,17.0,2026-08-21T15:32:19.296678+00:00,1.0
2024-06-01,2024,2024-25,June,ATF,IMPORT,0.0,0.0,PPAC,1751964598_PT_IMPORT_VAL_RS.CRS._H.xlsx,PT_Import_Val_2024-25,16.0,1751964622_PT_IMPORT_VAL_US$_H.xlsx,PT_Import_Val_2024-25,16.0,2026-08-21T15:32:19.296678+00:00,1.0
2024-06-01,2024,2024-25,June,ATF#,EXPORT,3934.6945463659613,472.31199261100005,PPAC,1751964598_PT_IMPORT_VAL_RS.CRS._H.xlsx,PT_Import_Val_2024-25,30.0,1751964622_PT_IMPORT_VAL_US$_H.xlsx,PT_Import_Val_2024-25,30.0,2026-08-21T15:32:19.296678+00:00,1.0
2024-06-01,2024,2024-25,June,Bitumen,EXPORT,6.77,0.817,PPAC,1751964598_PT_IMPORT_VAL_RS.CRS._H.xlsx,PT_Import_Val_2024-25,36.0,1751964622_PT_IMPORT_VAL_US$_H.xlsx,PT_Import_Val_2024-25,36.0,2026-08-21T15:32:19.296678+00:00,1.0
2024-06-01,2024,2024-25,June,Bitumen,IMPORT,715.5566686999999,85.7344,PPAC,1751964598_PT_IMPORT_VAL_RS.CRS._H.xlsx,PT_Import_Val_2024-25,21.0,1751964622_PT_IMPORT_VAL_US$_H.xlsx,PT_Import_Val_2024-25,21.0,2026-08-21T15:32:19.296678+00:00,1.0
2024-06-01,2024,2024-25,June,CRUDE OIL,IMPORT,93451.65300670466,11177.73231521467,PPAC,1751964598_PT_IMPORT_VAL_RS.CRS._H.xlsx,PT_Import_Val_2024-25,11.0,1751964622_PT_IMPORT_VAL_US$_H.xlsx,PT_Import_Val_2024-25,11.0,2026-08-21T15:32:19.296678+00:00,1.0
2024-06-01,2024,2024-25,June,Fuel Oil,EXPORT,531.9576587,63.67004166,PPAC,1751964598_PT_IMPORT_VAL_RS.CRS._H.xlsx,PT_Import_Val_2024-25,35.0,1751964622_PT_IMPORT_VAL_US$_H.xlsx,PT_Import_Val_2024-25,35.0,2026-08-21T15:32:19.296678+00:00,1.0
2024-06-01,2024,2024-25,June,Fuel Oil,IMPORT,2518.312049594385,301.97687368,PPAC,1751964598_PT_IMPORT_VAL_RS.CRS._H.xlsx,PT_Import_Val_2024-25,20.0,1751964622_PT_IMPORT_VAL_US$_H.xlsx,PT_Import_Val_2024-25,20.0,2026-08-21T15:32:19.296678+00:00,1.0
2024-06-01,2024,2024-25,June,HSD,EXPORT,11525.492720275954,1381.7607386944999,PPAC,1751964598_PT_IMPORT_VAL_RS.CRS._H.xlsx,PT_Import_Val_2024-25,32.0,1751964622_PT_IMPORT_VAL_US$_H.xlsx,PT_Import_Val_2024-25,32.0,2026-08-21T15:32:19.296678+00:00,1.0
2024-06-01,2024,2024-25,June,HSD,IMPORT,10.752065,1.2881,PPAC,1751964598_PT_IMPORT_VAL_RS.CRS._H.xlsx,PT_Import_Val_2024-25,18.0,1751964622_PT_IMPORT_VAL_US$_H.xlsx,PT_Import_Val_2024-25,18.0,2026-08-21T15:32:19.296678+00:00,1.0
2024-06-01,2024,2024-25,June,LDO,EXPORT,0.0,0.0,PPAC,1751964598_PT_IMPORT_VAL_RS.CRS._H.xlsx,PT_Import_Val_2024-25,33.0,1751964622_PT_IMPORT_VAL_US$_H.xlsx,PT_Import_Val_2024-25,33.0,2026-08-21T15:32:19.296678+00:00,1.0
2024-06-01,2024,2024-25,June,LOBS/ Lube Oil,EXPORT,22.597158897299998,2.7011188954,PPAC,1751964598_PT_IMPORT_VAL_RS.CRS._H.xlsx,PT_Import_Val_2024-25,34.0,1751964622_PT_IMPORT_VAL_US$_H.xlsx,PT_Import_Val_2024-25,34.0,2026-08-21T15:32:19.296678+00:00,1.0
2024-06-01,2024,2024-25,June,LOBS/ Lube oil,IMPORT,2384.2217505000003,285.56640000000004,PPAC,1751964598_PT_IMPORT_VAL_RS.CRS._H.xlsx,PT_Import_Val_2024-25,19.0,1751964622_PT_IMPORT_VAL_US$_H.xlsx,PT_Import_Val_2024-25,19.0,2026-08-21T15:32:19.296678+00:00,1.0
2024-06-01,2024,2024-25,June,LPG,EXPORT,285.8816,34.246900000000004,PPAC,1751964598_PT_IMPORT_VAL_RS.CRS._H.xlsx,PT_Import_Val_2024-25,27.0,1751964622_PT_IMPORT_VAL_US$_H.xlsx,PT_Import_Val_2024-25,27.0,2026-08-21T15:32:19.296678+00:00,1.0
2024-06-01,2024,2024-25,June,LPG,IMPORT,6289.51230956212,753.3707586652,PPAC,1751964598_PT_IMPORT_VAL_RS.CRS._H.xlsx,PT_Import_Val_2024-25,13.0,1751964622_PT_IMPORT_VAL_US$_H.xlsx,PT_Import_Val_2024-25,13.0,2026-08-21T15:32:19.296678+00:00,1.0
2024-06-01,2024,2024-25,June,MS,IMPORT,0.1269754,0.0152,PPAC,1751964598_PT_IMPORT_VAL_RS.CRS._H.xlsx,PT_Import_Val_2024-25,14.0,1751964622_PT_IMPORT_VAL_US$_H.xlsx,PT_Import_Val_2024-25,14.0,2026-08-21T15:32:19.296678+00:00,1.0
2024-06-01,2024,2024-25,June,MS!,EXPORT,7965.772564047209,957.8343030709,PPAC,1751964598_PT_IMPORT_VAL_RS.CRS._H.xlsx,PT_Import_Val_2024-25,28.0,1751964622_PT_IMPORT_VAL_US$_H.xlsx,PT_Import_Val_2024-25,28.0,2026-08-21T15:32:19.296678+00:00,1.0
2024-06-01,2024,2024-25,June,Naphtha,IMPORT,38.379209599999996,4.5979,PPAC,1751964598_PT_IMPORT_VAL_RS.CRS._H.xlsx,PT_Import_Val_2024-25,15.0,1751964622_PT_IMPORT_VAL_US$_H.xlsx,PT_Import_Val_2024-25,15.0,2026-08-21T15:32:19.296678+00:00,1.0
2024-06-01,2024,2024-25,June,Naphtha$,EXPORT,2687.890413139,322.057910953,PPAC,1751964598_PT_IMPORT_VAL_RS.CRS._H.xlsx,PT_Import_Val_2024-25,29.0,1751964622_PT_IMPORT_VAL_US$_H.xlsx,PT_Import_Val_2024-25,29.0,2026-08-21T15:32:19.296678+00:00,1.0
2024-06-01,2024,2024-25,June,Others%,EXPORT,1688.860429645385,202.45581584643503,PPAC,1751964598_PT_IMPORT_VAL_RS.CRS._H.xlsx,PT_Import_Val_2024-25,38.0,1751964622_PT_IMPORT_VAL_US$_H.xlsx,PT_Import_Val_2024-25,38.0,2026-08-21T15:32:19.296678+00:00,1.0
2024-06-01,2024,2024-25,June,Others&,IMPORT,1461.416764129586,175.022544644,PPAC,1751964598_PT_IMPORT_VAL_RS.CRS._H.xlsx,PT_Import_Val_2024-25,23.0,1751964622_PT_IMPORT_VAL_US$_H.xlsx,PT_Import_Val_2024-25,23.0,2026-08-21T15:32:19.296678+00:00,1.0
2024-06-01,2024,2024-25,June,Petcoke,IMPORT,910.9843293,109.138,PPAC,1751964598_PT_IMPORT_VAL_RS.CRS._H.xlsx,PT_Import_Val_2024-25,22.0,1751964622_PT_IMPORT_VAL_US$_H.xlsx,PT_Import_Val_2024-25,22.0,2026-08-21T15:32:19.296678+00:00,1.0
2024-06-01,2024,2024-25,June,Petcoke / CBFS,EXPORT,598.570664016,71.79432452999998,PPAC,1751964598_PT_IMPORT_VAL_RS.CRS._H.xlsx,PT_Import_Val_2024-25,37.0,1751964622_PT_IMPORT_VAL_US$_H.xlsx,PT_Import_Val_2024-25,37.0,2026-08-21T15:32:19.296678+00:00,1.0
2024-06-01,2024,2024-25,June,SKO,EXPORT,10.0364,1.198,PPAC,1751964598_PT_IMPORT_VAL_RS.CRS._H.xlsx,PT_Import_Val_2024-25,31.0,1751964622_PT_IMPORT_VAL_US$_H.xlsx,PT_Import_Val_2024-25,31.0,2026-08-21T15:32:19.296678+00:00,1.0
2024-06-01,2024,2024-25,June,SKO,IMPORT,0.0,0.0,PPAC,1751964598_PT_IMPORT_VAL_RS.CRS._H.xlsx,PT_Import_Val_2024-25,17.0,1751964622_PT_IMPORT_VAL_US$_H.xlsx,PT_Import_Val_2024-25,17.0,2026-08-21T15:32:19.296678+00:00,1.0
2024-07-01,2024,2024-25,July,ATF,IMPORT,0.0551604,0.0066,PPAC,1751964598_PT_IMPORT_VAL_RS.CRS._H.xlsx,PT_Import_Val_2024-25,16.0,1751964622_PT_IMPORT_VAL_US$_H.xlsx,PT_Import_Val_2024-25,16.0,2026-08-21T15:32:19.296678+00:00,1.0
2024-07-01,2024,2024-25,July,ATF#,EXPORT,4569.801042692739,546.9163534319999,PPAC,1751964598_PT_IMPORT_VAL_RS.CRS._H.xlsx,PT_Import_Val_2024-25,30.0,1751964622_PT_IMPORT_VAL_US$_H.xlsx,PT_Import_Val_2024-25,30.0,2026-08-21T15:32:19.296678+00:00,1.0
2024-07-01,2024,2024-25,July,Bitumen,EXPORT,3.2544326,0.38743158059999994,PPAC,1751964598_PT_IMPORT_VAL_RS.CRS._H.xlsx,PT_Import_Val_2024-25,36.0,1751964622_PT_IMPORT_VAL_US$_H.xlsx,PT_Import_Val_2024-25,36.0,2026-08-21T15:32:19.296678+00:00,1.0
2024-07-01,2024,2024-25,July,Bitumen,IMPORT,493.31926350000003,59.0187,PPAC,1751964598_PT_IMPORT_VAL_RS.CRS._H.xlsx,PT_Import_Val_2024-25,21.0,1751964622_PT_IMPORT_VAL_US$_H.xlsx,PT_Import_Val_2024-25,21.0,2026-08-21T15:32:19.296678+00:00,1.0
2024-07-01,2024,2024-25,July,CRUDE OIL,IMPORT,95920.71743434001,11451.744062674157,PPAC,1751964598_PT_IMPORT_VAL_RS.CRS._H.xlsx,PT_Import_Val_2024-25,11.0,1751964622_PT_IMPORT_VAL_US$_H.xlsx,PT_Import_Val_2024-25,11.0,2026-08-21T15:32:19.296678+00:00,1.0
2024-07-01,2024,2024-25,July,Fuel Oil,EXPORT,1074.3608114452313,128.20786411999998,PPAC,1751964598_PT_IMPORT_VAL_RS.CRS._H.xlsx,PT_Import_Val_2024-25,35.0,1751964622_PT_IMPORT_VAL_US$_H.xlsx,PT_Import_Val_2024-25,35.0,2026-08-21T15:32:19.296678+00:00,1.0
2024-07-01,2024,2024-25,July,Fuel Oil,IMPORT,3229.375072677242,386.22852166000007,PPAC,1751964598_PT_IMPORT_VAL_RS.CRS._H.xlsx,PT_Import_Val_2024-25,20.0,1751964622_PT_IMPORT_VAL_US$_H.xlsx,PT_Import_Val_2024-25,20.0,2026-08-21T15:32:19.296678+00:00,1.0
2024-07-01,2024,2024-25,July,HSD,EXPORT,12620.508036509884,1510.5443757062144,PPAC,1751964598_PT_IMPORT_VAL_RS.CRS._H.xlsx,PT_Import_Val_2024-25,32.0,1751964622_PT_IMPORT_VAL_US$_H.xlsx,PT_Import_Val_2024-25,32.0,2026-08-21T15:32:19.296678+00:00,1.0
2024-07-01,2024,2024-25,July,HSD,IMPORT,11.3473831,1.3575000000000002,PPAC,1751964598_PT_IMPORT_VAL_RS.CRS._H.xlsx,PT_Import_Val_2024-25,18.0,1751964622_PT_IMPORT_VAL_US$_H.xlsx,PT_Import_Val_2024-25,18.0,2026-08-21T15:32:19.296678+00:00,1.0
2024-07-01,2024,2024-25,July,LDO,EXPORT,0.0,0.0,PPAC,1751964598_PT_IMPORT_VAL_RS.CRS._H.xlsx,PT_Import_Val_2024-25,33.0,1751964622_PT_IMPORT_VAL_US$_H.xlsx,PT_Import_Val_2024-25,33.0,2026-08-21T15:32:19.296678+00:00,1.0
2024-07-01,2024,2024-25,July,LOBS/ Lube Oil,EXPORT,30.5816110981,3.6536482147000005,PPAC,1751964598_PT_IMPORT_VAL_RS.CRS._H.xlsx,PT_Import_Val_2024-25,34.0,1751964622_PT_IMPORT_VAL_US$_H.xlsx,PT_Import_Val_2024-25,34.0,2026-08-21T15:32:19.296678+00:00,1.0
2024-07-01,2024,2024-25,July,LOBS/ Lube oil,IMPORT,1386.2438716,165.77439999999999,PPAC,1751964598_PT_IMPORT_VAL_RS.CRS._H.xlsx,PT_Import_Val_2024-25,19.0,1751964622_PT_IMPORT_VAL_US$_H.xlsx,PT_Import_Val_2024-25,19.0,2026-08-21T15:32:19.296678+00:00,1.0
2024-07-01,2024,2024-25,July,LPG,EXPORT,272.95599999999996,32.62,PPAC,1751964598_PT_IMPORT_VAL_RS.CRS._H.xlsx,PT_Import_Val_2024-25,27.0,1751964622_PT_IMPORT_VAL_US$_H.xlsx,PT_Import_Val_2024-25,27.0,2026-08-21T15:32:19.296678+00:00,1.0
2024-07-01,2024,2024-25,July,LPG,IMPORT,8656.716874494618,1034.803476655,PPAC,1751964598_PT_IMPORT_VAL_RS.CRS._H.xlsx,PT_Import_Val_2024-25,13.0,1751964622_PT_IMPORT_VAL_US$_H.xlsx,PT_Import_Val_2024-25,13.0,2026-08-21T15:32:19.296678+00:00,1.0
2024-07-01,2024,2024-25,July,MS,IMPORT,370.62779638242597,44.1527906,PPAC,1751964598_PT_IMPORT_VAL_RS.CRS._H.xlsx,PT_Import_Val_2024-25,14.0,1751964622_PT_IMPORT_VAL_US$_H.xlsx,PT_Import_Val_2024-25,14.0,2026-08-21T15:32:19.296678+00:00,1.0
2024-07-01,2024,2024-25,July,MS!,EXPORT,7038.088935149203,840.1084706631,PPAC,1751964598_PT_IMPORT_VAL_RS.CRS._H.xlsx,PT_Import_Val_2024-25,28.0,1751964622_PT_IMPORT_VAL_US$_H.xlsx,PT_Import_Val_2024-25,28.0,2026-08-21T15:32:19.296678+00:00,1.0
2024-07-01,2024,2024-25,July,Naphtha,IMPORT,954.8114907132556,114.20723043000001,PPAC,1751964598_PT_IMPORT_VAL_RS.CRS._H.xlsx,PT_Import_Val_2024-25,15.0,1751964622_PT_IMPORT_VAL_US$_H.xlsx,PT_Import_Val_2024-25,15.0,2026-08-21T15:32:19.296678+00:00,1.0
2024-07-01,2024,2024-25,July,Naphtha$,EXPORT,2617.604829762,312.99606015,PPAC,1751964598_PT_IMPORT_VAL_RS.CRS._H.xlsx,PT_Import_Val_2024-25,29.0,1751964622_PT_IMPORT_VAL_US$_H.xlsx,PT_Import_Val_2024-25,29.0,2026-08-21T15:32:19.296678+00:00,1.0
2024-07-01,2024,2024-25,July,Others%,EXPORT,1989.1775552318343,237.96219634300002,PPAC,1751964598_PT_IMPORT_VAL_RS.CRS._H.xlsx,PT_Import_Val_2024-25,38.0,1751964622_PT_IMPORT_VAL_US$_H.xlsx,PT_Import_Val_2024-25,38.0,2026-08-21T15:32:19.296678+00:00,1.0
2024-07-01,2024,2024-25,July,Others&,IMPORT,1043.6115565000002,124.84219999999996,PPAC,1751964598_PT_IMPORT_VAL_RS.CRS._H.xlsx,PT_Import_Val_2024-25,23.0,1751964622_PT_IMPORT_VAL_US$_H.xlsx,PT_Import_Val_2024-25,23.0,2026-08-21T15:32:19.296678+00:00,1.0
2024-07-01,2024,2024-25,July,Petcoke,IMPORT,1663.9218127000001,199.04629999999997,PPAC,1751964598_PT_IMPORT_VAL_RS.CRS._H.xlsx,PT_Import_Val_2024-25,22.0,1751964622_PT_IMPORT_VAL_US$_H.xlsx,PT_Import_Val_2024-25,22.0,2026-08-21T15:32:19.296678+00:00,1.0
2024-07-01,2024,2024-25,July,Petcoke / CBFS,EXPORT,488.80346305399996,58.34735854,PPAC,1751964598_PT_IMPORT_VAL_RS.CRS._H.xlsx,PT_Import_Val_2024-25,37.0,1751964622_PT_IMPORT_VAL_US$_H.xlsx,PT_Import_Val_2024-25,37.0,2026-08-21T15:32:19.296678+00:00,1.0
2024-07-01,2024,2024-25,July,SKO,EXPORT,5.188000000000001,0.624,PPAC,1751964598_PT_IMPORT_VAL_RS.CRS._H.xlsx,PT_Import_Val_2024-25,31.0,1751964622_PT_IMPORT_VAL_US$_H.xlsx,PT_Import_Val_2024-25,31.0,2026-08-21T15:32:19.296678+00:00,1.0
2024-07-01,2024,2024-25,July,SKO,IMPORT,0.0,0.0,PPAC,1751964598_PT_IMPORT_VAL_RS.CRS._H.xlsx,PT_Import_Val_2024-25,17.0,1751964622_PT_IMPORT_VAL_US$_H.xlsx,PT_Import_Val_2024-25,17.0,2026-08-21T15:32:19.296678+00:00,1.0
2024-08-01,2024,2024-25,August,ATF,IMPORT,0.0583537,0.007,PPAC,1751964598_PT_IMPORT_VAL_RS.CRS._H.xlsx,PT_Import_Val_2024-25,16.0,1751964622_PT_IMPORT_VAL_US$_H.xlsx,PT_Import_Val_2024-25,16.0,2026-08-21T15:32:19.296678+00:00,1.0
2024-08-01,2024,2024-25,August,ATF#,EXPORT,4198.45293457712,501.919898606,PPAC,1751964598_PT_IMPORT_VAL_RS.CRS._H.xlsx,PT_Import_Val_2024-25,30.0,1751964622_PT_IMPORT_VAL_US$_H.xlsx,PT_Import_Val_2024-25,30.0,2026-08-21T15:32:19.296678+00:00,1.0
2024-08-01,2024,2024-25,August,Bitumen,EXPORT,4.551214000000001,0.5431404830000001,PPAC,1751964598_PT_IMPORT_VAL_RS.CRS._H.xlsx,PT_Import_Val_2024-25,36.0,1751964622_PT_IMPORT_VAL_US$_H.xlsx,PT_Import_Val_2024-25,36.0,2026-08-21T15:32:19.296678+00:00,1.0
2024-08-01,2024,2024-25,August,Bitumen,IMPORT,388.8788103958,46.3507382148,PPAC,1751964598_PT_IMPORT_VAL_RS.CRS._H.xlsx,PT_Import_Val_2024-25,21.0,1751964622_PT_IMPORT_VAL_US$_H.xlsx,PT_Import_Val_2024-25,21.0,2026-08-21T15:32:19.296678+00:00,1.0
2024-08-01,2024,2024-25,August,CRUDE OIL,IMPORT,98135.89212940766,11697.3222302653,PPAC,1751964598_PT_IMPORT_VAL_RS.CRS._H.xlsx,PT_Import_Val_2024-25,11.0,1751964622_PT_IMPORT_VAL_US$_H.xlsx,PT_Import_Val_2024-25,11.0,2026-08-21T15:32:19.296678+00:00,1.0
2024-08-01,2024,2024-25,August,Fuel Oil,EXPORT,1036.0747818245363,123.49663465425104,PPAC,1751964598_PT_IMPORT_VAL_RS.CRS._H.xlsx,PT_Import_Val_2024-25,35.0,1751964622_PT_IMPORT_VAL_US$_H.xlsx,PT_Import_Val_2024-25,35.0,2026-08-21T15:32:19.296678+00:00,1.0
2024-08-01,2024,2024-25,August,Fuel Oil,IMPORT,2415.414792967973,287.96419378738784,PPAC,1751964598_PT_IMPORT_VAL_RS.CRS._H.xlsx,PT_Import_Val_2024-25,20.0,1751964622_PT_IMPORT_VAL_US$_H.xlsx,PT_Import_Val_2024-25,20.0,2026-08-21T15:32:19.296678+00:00,1.0
2024-08-01,2024,2024-25,August,HSD,EXPORT,12039.198507810364,1435.5430843144,PPAC,1751964598_PT_IMPORT_VAL_RS.CRS._H.xlsx,PT_Import_Val_2024-25,32.0,1751964622_PT_IMPORT_VAL_US$_H.xlsx,PT_Import_Val_2024-25,32.0,2026-08-21T15:32:19.296678+00:00,1.0
2024-08-01,2024,2024-25,August,HSD,IMPORT,15.965022000000001,1.903,PPAC,1751964598_PT_IMPORT_VAL_RS.CRS._H.xlsx,PT_Import_Val_2024-25,18.0,1751964622_PT_IMPORT_VAL_US$_H.xlsx,PT_Import_Val_2024-25,18.0,2026-08-21T15:32:19.296678+00:00,1.0
2024-08-01,2024,2024-25,August,LDO,EXPORT,0.0,0.0,PPAC,1751964598_PT_IMPORT_VAL_RS.CRS._H.xlsx,PT_Import_Val_2024-25,33.0,1751964622_PT_IMPORT_VAL_US$_H.xlsx,PT_Import_Val_2024-25,33.0,2026-08-21T15:32:19.296678+00:00,1.0
2024-08-01,2024,2024-25,August,LOBS/ Lube Oil,EXPORT,33.0295244701,3.9386646971,PPAC,1751964598_PT_IMPORT_VAL_RS.CRS._H.xlsx,PT_Import_Val_2024-25,34.0,1751964622_PT_IMPORT_VAL_US$_H.xlsx,PT_Import_Val_2024-25,34.0,2026-08-21T15:32:19.296678+00:00,1.0
2024-08-01,2024,2024-25,August,LOBS/ Lube oil,IMPORT,1687.4744054999999,201.0883,PPAC,1751964598_PT_IMPORT_VAL_RS.CRS._H.xlsx,PT_Import_Val_2024-25,19.0,1751964622_PT_IMPORT_VAL_US$_H.xlsx,PT_Import_Val_2024-25,19.0,2026-08-21T15:32:19.296678+00:00,1.0
2024-08-01,2024,2024-25,August,LPG,EXPORT,271.91,32.41,PPAC,1751964598_PT_IMPORT_VAL_RS.CRS._H.xlsx,PT_Import_Val_2024-25,27.0,1751964622_PT_IMPORT_VAL_US$_H.xlsx,PT_Import_Val_2024-25,27.0,2026-08-21T15:32:19.296678+00:00,1.0
2024-08-01,2024,2024-25,August,LPG,IMPORT,8607.134263118678,1026.1352388045002,PPAC,1751964598_PT_IMPORT_VAL_RS.CRS._H.xlsx,PT_Import_Val_2024-25,13.0,1751964622_PT_IMPORT_VAL_US$_H.xlsx,PT_Import_Val_2024-25,13.0,2026-08-21T15:32:19.296678+00:00,1.0
2024-08-01,2024,2024-25,August,MS,IMPORT,0.0,0.0,PPAC,1751964598_PT_IMPORT_VAL_RS.CRS._H.xlsx,PT_Import_Val_2024-25,14.0,1751964622_PT_IMPORT_VAL_US$_H.xlsx,PT_Import_Val_2024-25,14.0,2026-08-21T15:32:19.296678+00:00,1.0
2024-08-01,2024,2024-25,August,MS!,EXPORT,7056.778191771196,840.4422504226999,PPAC,1751964598_PT_IMPORT_VAL_RS.CRS._H.xlsx,PT_Import_Val_2024-25,28.0,1751964622_PT_IMPORT_VAL_US$_H.xlsx,PT_Import_Val_2024-25,28.0,2026-08-21T15:32:19.296678+00:00,1.0
2024-08-01,2024,2024-25,August,Naphtha,IMPORT,837.4666392441713,100.01225869999999,PPAC,1751964598_PT_IMPORT_VAL_RS.CRS._H.xlsx,PT_Import_Val_2024-25,15.0,1751964622_PT_IMPORT_VAL_US$_H.xlsx,PT_Import_Val_2024-25,15.0,2026-08-21T15:32:19.296678+00:00,1.0
2024-08-01,2024,2024-25,August,Naphtha$,EXPORT,2331.5101646161165,278.0024857,PPAC,1751964598_PT_IMPORT_VAL_RS.CRS._H.xlsx,PT_Import_Val_2024-25,29.0,1751964622_PT_IMPORT_VAL_US$_H.xlsx,PT_Import_Val_2024-25,29.0,2026-08-21T15:32:19.296678+00:00,1.0
2024-08-01,2024,2024-25,August,Others%,EXPORT,1423.6967302072,169.6769285157336,PPAC,1751964598_PT_IMPORT_VAL_RS.CRS._H.xlsx,PT_Import_Val_2024-25,38.0,1751964622_PT_IMPORT_VAL_US$_H.xlsx,PT_Import_Val_2024-25,38.0,2026-08-21T15:32:19.296678+00:00,1.0
2024-08-01,2024,2024-25,August,Others&,IMPORT,1388.0828885292847,165.46183790999999,PPAC,1751964598_PT_IMPORT_VAL_RS.CRS._H.xlsx,PT_Import_Val_2024-25,23.0,1751964622_PT_IMPORT_VAL_US$_H.xlsx,PT_Import_Val_2024-25,23.0,2026-08-21T15:32:19.296678+00:00,1.0
2024-08-01,2024,2024-25,August,Petcoke,IMPORT,986.8223722,117.6241,PPAC,1751964598_PT_IMPORT_VAL_RS.CRS._H.xlsx,PT_Import_Val_2024-25,22.0,1751964622_PT_IMPORT_VAL_US$_H.xlsx,PT_Import_Val_2024-25,22.0,2026-08-21T15:32:19.296678+00:00,1.0
2024-08-01,2024,2024-25,August,Petcoke / CBFS,EXPORT,206.054281506,24.57675241,PPAC,1751964598_PT_IMPORT_VAL_RS.CRS._H.xlsx,PT_Import_Val_2024-25,37.0,1751964622_PT_IMPORT_VAL_US$_H.xlsx,PT_Import_Val_2024-25,37.0,2026-08-21T15:32:19.296678+00:00,1.0
2024-08-01,2024,2024-25,August,SKO,EXPORT,3.9878,0.476418,PPAC,1751964598_PT_IMPORT_VAL_RS.CRS._H.xlsx,PT_Import_Val_2024-25,31.0,1751964622_PT_IMPORT_VAL_US$_H.xlsx,PT_Import_Val_2024-25,31.0,2026-08-21T15:32:19.296678+00:00,1.0
2024-08-01,2024,2024-25,August,SKO,IMPORT,0.0,0.0,PPAC,1751964598_PT_IMPORT_VAL_RS.CRS._H.xlsx,PT_Import_Val_2024-25,17.0,1751964622_PT_IMPORT_VAL_US$_H.xlsx,PT_Import_Val_2024-25,17.0,2026-08-21T15:32:19.296678+00:00,1.0
2024-09-01,2024,2024-25,September,ATF,IMPORT,0.0,0.0,PPAC,1751964598_PT_IMPORT_VAL_RS.CRS._H.xlsx,PT_Import_Val_2024-25,16.0,1751964622_PT_IMPORT_VAL_US$_H.xlsx,PT_Import_Val_2024-25,16.0,2026-08-21T15:32:19.296678+00:00,1.0
2024-09-01,2024,2024-25,September,ATF#,EXPORT,5075.910088381552,607.4378094010001,PPAC,1751964598_PT_IMPORT_VAL_RS.CRS._H.xlsx,PT_Import_Val_2024-25,30.0,1751964622_PT_IMPORT_VAL_US$_H.xlsx,PT_Import_Val_2024-25,30.0,2026-08-21T15:32:19.296678+00:00,1.0
2024-09-01,2024,2024-25,September,Bitumen,EXPORT,14.412700000000001,1.7318935461,PPAC,1751964598_PT_IMPORT_VAL_RS.CRS._H.xlsx,PT_Import_Val_2024-25,36.0,1751964622_PT_IMPORT_VAL_US$_H.xlsx,PT_Import_Val_2024-25,36.0,2026-08-21T15:32:19.296678+00:00,1.0
2024-09-01,2024,2024-25,September,Bitumen,IMPORT,501.2326620285,59.8037192234,PPAC,1751964598_PT_IMPORT_VAL_RS.CRS._H.xlsx,PT_Import_Val_2024-25,21.0,1751964622_PT_IMPORT_VAL_US$_H.xlsx,PT_Import_Val_2024-25,21.0,2026-08-21T15:32:19.296678+00:00,1.0
2024-09-01,2024,2024-25,September,CRUDE OIL,IMPORT,87708.37851251847,10456.249189340557,PPAC,1751964598_PT_IMPORT_VAL_RS.CRS._H.xlsx,PT_Import_Val_2024-25,11.0,1751964622_PT_IMPORT_VAL_US$_H.xlsx,PT_Import_Val_2024-25,11.0,2026-08-21T15:32:19.296678+00:00,1.0
2024-09-01,2024,2024-25,September,Fuel Oil,EXPORT,1256.0047472776673,149.713881206,PPAC,1751964598_PT_IMPORT_VAL_RS.CRS._H.xlsx,PT_Import_Val_2024-25,35.0,1751964622_PT_IMPORT_VAL_US$_H.xlsx,PT_Import_Val_2024-25,35.0,2026-08-21T15:32:19.296678+00:00,1.0
2024-09-01,2024,2024-25,September,Fuel Oil,IMPORT,2226.323030383667,265.5201651,PPAC,1751964598_PT_IMPORT_VAL_RS.CRS._H.xlsx,PT_Import_Val_2024-25,20.0,1751964622_PT_IMPORT_VAL_US$_H.xlsx,PT_Import_Val_2024-25,20.0,2026-08-21T15:32:19.296678+00:00,1.0
2024-09-01,2024,2024-25,September,HSD,EXPORT,14115.890681481193,1685.7510761419,PPAC,1751964598_PT_IMPORT_VAL_RS.CRS._H.xlsx,PT_Import_Val_2024-25,32.0,1751964622_PT_IMPORT_VAL_US$_H.xlsx,PT_Import_Val_2024-25,32.0,2026-08-21T15:32:19.296678+00:00,1.0
2024-09-01,2024,2024-25,September,HSD,IMPORT,1.5689148,0.1872,PPAC,1751964598_PT_IMPORT_VAL_RS.CRS._H.xlsx,PT_Import_Val_2024-25,18.0,1751964622_PT_IMPORT_VAL_US$_H.xlsx,PT_Import_Val_2024-25,18.0,2026-08-21T15:32:19.296678+00:00,1.0
2024-09-01,2024,2024-25,September,LDO,EXPORT,0.0,0.0,PPAC,1751964598_PT_IMPORT_VAL_RS.CRS._H.xlsx,PT_Import_Val_2024-25,33.0,1751964622_PT_IMPORT_VAL_US$_H.xlsx,PT_Import_Val_2024-25,33.0,2026-08-21T15:32:19.296678+00:00,1.0
2024-09-01,2024,2024-25,September,LOBS/ Lube Oil,EXPORT,22.7836888685,2.719267599,PPAC,1751964598_PT_IMPORT_VAL_RS.CRS._H.xlsx,PT_Import_Val_2024-25,34.0,1751964622_PT_IMPORT_VAL_US$_H.xlsx,PT_Import_Val_2024-25,34.0,2026-08-21T15:32:19.296678+00:00,1.0
2024-09-01,2024,2024-25,September,LOBS/ Lube oil,IMPORT,1839.2474335000002,219.39270000000002,PPAC,1751964598_PT_IMPORT_VAL_RS.CRS._H.xlsx,PT_Import_Val_2024-25,19.0,1751964622_PT_IMPORT_VAL_US$_H.xlsx,PT_Import_Val_2024-25,19.0,2026-08-21T15:32:19.296678+00:00,1.0
2024-09-01,2024,2024-25,September,LPG,EXPORT,260.08000000000004,31.17,PPAC,1751964598_PT_IMPORT_VAL_RS.CRS._H.xlsx,PT_Import_Val_2024-25,27.0,1751964622_PT_IMPORT_VAL_US$_H.xlsx,PT_Import_Val_2024-25,27.0,2026-08-21T15:32:19.296678+00:00,1.0
2024-09-01,2024,2024-25,September,LPG,IMPORT,8280.441966240283,987.4961011704546,PPAC,1751964598_PT_IMPORT_VAL_RS.CRS._H.xlsx,PT_Import_Val_2024-25,13.0,1751964622_PT_IMPORT_VAL_US$_H.xlsx,PT_Import_Val_2024-25,13.0,2026-08-21T15:32:19.296678+00:00,1.0
2024-09-01,2024,2024-25,September,MS,IMPORT,379.35,45.23,PPAC,1751964598_PT_IMPORT_VAL_RS.CRS._H.xlsx,PT_Import_Val_2024-25,14.0,1751964622_PT_IMPORT_VAL_US$_H.xlsx,PT_Import_Val_2024-25,14.0,2026-08-21T15:32:19.296678+00:00,1.0
2024-09-01,2024,2024-25,September,MS!,EXPORT,6870.70401499468,823.7891893444997,PPAC,1751964598_PT_IMPORT_VAL_RS.CRS._H.xlsx,PT_Import_Val_2024-25,28.0,1751964622_PT_IMPORT_VAL_US$_H.xlsx,PT_Import_Val_2024-25,28.0,2026-08-21T15:32:19.296678+00:00,1.0
2024-09-01,2024,2024-25,September,Naphtha,IMPORT,461.4426298506155,55.03194414264467,PPAC,1751964598_PT_IMPORT_VAL_RS.CRS._H.xlsx,PT_Import_Val_2024-25,15.0,1751964622_PT_IMPORT_VAL_US$_H.xlsx,PT_Import_Val_2024-25,15.0,2026-08-21T15:32:19.296678+00:00,1.0
2024-09-01,2024,2024-25,September,Naphtha$,EXPORT,2226.210117939,265.541739495,PPAC,1751964598_PT_IMPORT_VAL_RS.CRS._H.xlsx,PT_Import_Val_2024-25,29.0,1751964622_PT_IMPORT_VAL_US$_H.xlsx,PT_Import_Val_2024-25,29.0,2026-08-21T15:32:19.296678+00:00,1.0
2024-09-01,2024,2024-25,September,Others%,EXPORT,3169.093663368,378.0854981974,PPAC,1751964598_PT_IMPORT_VAL_RS.CRS._H.xlsx,PT_Import_Val_2024-25,38.0,1751964622_PT_IMPORT_VAL_US$_H.xlsx,PT_Import_Val_2024-25,38.0,2026-08-21T15:32:19.296678+00:00,1.0
2024-09-01,2024,2024-25,September,Others&,IMPORT,974.0603804865001,116.41663598999999,PPAC,1751964598_PT_IMPORT_VAL_RS.CRS._H.xlsx,PT_Import_Val_2024-25,23.0,1751964622_PT_IMPORT_VAL_US$_H.xlsx,PT_Import_Val_2024-25,23.0,2026-08-21T15:32:19.296678+00:00,1.0
2024-09-01,2024,2024-25,September,Petcoke,IMPORT,811.6888646,96.85079999999999,PPAC,1751964598_PT_IMPORT_VAL_RS.CRS._H.xlsx,PT_Import_Val_2024-25,22.0,1751964622_PT_IMPORT_VAL_US$_H.xlsx,PT_Import_Val_2024-25,22.0,2026-08-21T15:32:19.296678+00:00,1.0
2024-09-01,2024,2024-25,September,Petcoke / CBFS,EXPORT,757.236312057,90.32891242,PPAC,1751964598_PT_IMPORT_VAL_RS.CRS._H.xlsx,PT_Import_Val_2024-25,37.0,1751964622_PT_IMPORT_VAL_US$_H.xlsx,PT_Import_Val_2024-25,37.0,2026-08-21T15:32:19.296678+00:00,1.0
2024-09-01,2024,2024-25,September,SKO,EXPORT,5.54,0.66,PPAC,1751964598_PT_IMPORT_VAL_RS.CRS._H.xlsx,PT_Import_Val_2024-25,31.0,1751964622_PT_IMPORT_VAL_US$_H.xlsx,PT_Import_Val_2024-25,31.0,2026-08-21T15:32:19.296678+00:00,1.0
2024-09-01,2024,2024-25,September,SKO,IMPORT,0.0,0.0,PPAC,1751964598_PT_IMPORT_VAL_RS.CRS._H.xlsx,PT_Import_Val_2024-25,17.0,1751964622_PT_IMPORT_VAL_US$_H.xlsx,PT_Import_Val_2024-25,17.0,2026-08-21T15:32:19.296678+00:00,1.0
2024-10-01,2024,2024-25,October,ATF,IMPORT,0.0,0.0,PPAC,1751964598_PT_IMPORT_VAL_RS.CRS._H.xlsx,PT_Import_Val_2024-25,16.0,1751964622_PT_IMPORT_VAL_US$_H.xlsx,PT_Import_Val_2024-25,16.0,2026-08-21T15:32:19.296678+00:00,1.0
2024-10-01,2024,2024-25,October,ATF#,EXPORT,3771.1004643700953,447.768237821,PPAC,1751964598_PT_IMPORT_VAL_RS.CRS._H.xlsx,PT_Import_Val_2024-25,30.0,1751964622_PT_IMPORT_VAL_US$_H.xlsx,PT_Import_Val_2024-25,30.0,2026-08-21T15:32:19.296678+00:00,1.0
2024-10-01,2024,2024-25,October,Bitumen,EXPORT,4.731,0.5579,PPAC,1751964598_PT_IMPORT_VAL_RS.CRS._H.xlsx,PT_Import_Val_2024-25,36.0,1751964622_PT_IMPORT_VAL_US$_H.xlsx,PT_Import_Val_2024-25,36.0,2026-08-21T15:32:19.296678+00:00,1.0
2024-10-01,2024,2024-25,October,Bitumen,IMPORT,594.3332107,70.73580000000001,PPAC,1751964598_PT_IMPORT_VAL_RS.CRS._H.xlsx,PT_Import_Val_2024-25,21.0,1751964622_PT_IMPORT_VAL_US$_H.xlsx,PT_Import_Val_2024-25,21.0,2026-08-21T15:32:19.296678+00:00,1.0
2024-10-01,2024,2024-25,October,CRUDE OIL,IMPORT,90600.91938851598,10768.935014051103,PPAC,1751964598_PT_IMPORT_VAL_RS.CRS._H.xlsx,PT_Import_Val_2024-25,11.0,1751964622_PT_IMPORT_VAL_US$_H.xlsx,PT_Import_Val_2024-25,11.0,2026-08-21T15:32:19.296678+00:00,1.0
2024-10-01,2024,2024-25,October,Fuel Oil,EXPORT,741.553053694331,88.00178625340001,PPAC,1751964598_PT_IMPORT_VAL_RS.CRS._H.xlsx,PT_Import_Val_2024-25,35.0,1751964622_PT_IMPORT_VAL_US$_H.xlsx,PT_Import_Val_2024-25,35.0,2026-08-21T15:32:19.296678+00:00,1.0
2024-10-01,2024,2024-25,October,Fuel Oil,IMPORT,2699.422139832526,321.29289289,PPAC,1751964598_PT_IMPORT_VAL_RS.CRS._H.xlsx,PT_Import_Val_2024-25,20.0,1751964622_PT_IMPORT_VAL_US$_H.xlsx,PT_Import_Val_2024-25,20.0,2026-08-21T15:32:19.296678+00:00,1.0
2024-10-01,2024,2024-25,October,HSD,EXPORT,12808.448303171916,1523.1538715014003,PPAC,1751964598_PT_IMPORT_VAL_RS.CRS._H.xlsx,PT_Import_Val_2024-25,32.0,1751964622_PT_IMPORT_VAL_US$_H.xlsx,PT_Import_Val_2024-25,32.0,2026-08-21T15:32:19.296678+00:00,1.0
2024-10-01,2024,2024-25,October,HSD,IMPORT,42.5194143,5.0601,PPAC,1751964598_PT_IMPORT_VAL_RS.CRS._H.xlsx,PT_Import_Val_2024-25,18.0,1751964622_PT_IMPORT_VAL_US$_H.xlsx,PT_Import_Val_2024-25,18.0,2026-08-21T15:32:19.296678+00:00,1.0
2024-10-01,2024,2024-25,October,LDO,EXPORT,0.0,0.0,PPAC,1751964598_PT_IMPORT_VAL_RS.CRS._H.xlsx,PT_Import_Val_2024-25,33.0,1751964622_PT_IMPORT_VAL_US$_H.xlsx,PT_Import_Val_2024-25,33.0,2026-08-21T15:32:19.296678+00:00,1.0
2024-10-01,2024,2024-25,October,LOBS/ Lube Oil,EXPORT,40.093667526000004,4.7723729266,PPAC,1751964598_PT_IMPORT_VAL_RS.CRS._H.xlsx,PT_Import_Val_2024-25,34.0,1751964622_PT_IMPORT_VAL_US$_H.xlsx,PT_Import_Val_2024-25,34.0,2026-08-21T15:32:19.296678+00:00,1.0
2024-10-01,2024,2024-25,October,LOBS/ Lube oil,IMPORT,1640.0806483999997,195.1355,PPAC,1751964598_PT_IMPORT_VAL_RS.CRS._H.xlsx,PT_Import_Val_2024-25,19.0,1751964622_PT_IMPORT_VAL_US$_H.xlsx,PT_Import_Val_2024-25,19.0,2026-08-21T15:32:19.296678+00:00,1.0
2024-10-01,2024,2024-25,October,LPG,EXPORT,305.98,36.41,PPAC,1751964598_PT_IMPORT_VAL_RS.CRS._H.xlsx,PT_Import_Val_2024-25,27.0,1751964622_PT_IMPORT_VAL_US$_H.xlsx,PT_Import_Val_2024-25,27.0,2026-08-21T15:32:19.296678+00:00,1.0
2024-10-01,2024,2024-25,October,LPG,IMPORT,10493.03326950637,1247.7702694513,PPAC,1751964598_PT_IMPORT_VAL_RS.CRS._H.xlsx,PT_Import_Val_2024-25,13.0,1751964622_PT_IMPORT_VAL_US$_H.xlsx,PT_Import_Val_2024-25,13.0,2026-08-21T15:32:19.296678+00:00,1.0
2024-10-01,2024,2024-25,October,MS,IMPORT,0.0,0.0,PPAC,1751964598_PT_IMPORT_VAL_RS.CRS._H.xlsx,PT_Import_Val_2024-25,14.0,1751964622_PT_IMPORT_VAL_US$_H.xlsx,PT_Import_Val_2024-25,14.0,2026-08-21T15:32:19.296678+00:00,1.0
2024-10-01,2024,2024-25,October,MS!,EXPORT,6530.25770029594,776.0235998619,PPAC,1751964598_PT_IMPORT_VAL_RS.CRS._H.xlsx,PT_Import_Val_2024-25,28.0,1751964622_PT_IMPORT_VAL_US$_H.xlsx,PT_Import_Val_2024-25,28.0,2026-08-21T15:32:19.296678+00:00,1.0
2024-10-01,2024,2024-25,October,Naphtha,IMPORT,298.01600379999996,35.4656,PPAC,1751964598_PT_IMPORT_VAL_RS.CRS._H.xlsx,PT_Import_Val_2024-25,15.0,1751964622_PT_IMPORT_VAL_US$_H.xlsx,PT_Import_Val_2024-25,15.0,2026-08-21T15:32:19.296678+00:00,1.0
2024-10-01,2024,2024-25,October,Naphtha$,EXPORT,1859.1464563839997,221.18660603260003,PPAC,1751964598_PT_IMPORT_VAL_RS.CRS._H.xlsx,PT_Import_Val_2024-25,29.0,1751964622_PT_IMPORT_VAL_US$_H.xlsx,PT_Import_Val_2024-25,29.0,2026-08-21T15:32:19.296678+00:00,1.0
2024-10-01,2024,2024-25,October,Others%,EXPORT,1518.322057628,180.62954970847164,PPAC,1751964598_PT_IMPORT_VAL_RS.CRS._H.xlsx,PT_Import_Val_2024-25,38.0,1751964622_PT_IMPORT_VAL_US$_H.xlsx,PT_Import_Val_2024-25,38.0,2026-08-21T15:32:19.296678+00:00,1.0
2024-10-01,2024,2024-25,October,Others&,IMPORT,688.9831462000001,81.9932,PPAC,1751964598_PT_IMPORT_VAL_RS.CRS._H.xlsx,PT_Import_Val_2024-25,23.0,1751964622_PT_IMPORT_VAL_US$_H.xlsx,PT_Import_Val_2024-25,23.0,2026-08-21T15:32:19.296678+00:00,1.0
2024-10-01,2024,2024-25,October,Petcoke,IMPORT,1368.9171172,162.9092,PPAC,1751964598_PT_IMPORT_VAL_RS.CRS._H.xlsx,PT_Import_Val_2024-25,22.0,1751964622_PT_IMPORT_VAL_US$_H.xlsx,PT_Import_Val_2024-25,22.0,2026-08-21T15:32:19.296678+00:00,1.0
2024-10-01,2024,2024-25,October,Petcoke / CBFS,EXPORT,104.512498387,12.449457740000001,PPAC,1751964598_PT_IMPORT_VAL_RS.CRS._H.xlsx,PT_Import_Val_2024-25,37.0,1751964622_PT_IMPORT_VAL_US$_H.xlsx,PT_Import_Val_2024-25,37.0,2026-08-21T15:32:19.296678+00:00,1.0
2024-10-01,2024,2024-25,October,SKO,EXPORT,6.4799999999999995,0.77,PPAC,1751964598_PT_IMPORT_VAL_RS.CRS._H.xlsx,PT_Import_Val_2024-25,31.0,1751964622_PT_IMPORT_VAL_US$_H.xlsx,PT_Import_Val_2024-25,31.0,2026-08-21T15:32:19.296678+00:00,1.0
2024-10-01,2024,2024-25,October,SKO,IMPORT,0.0,0.0,PPAC,1751964598_PT_IMPORT_VAL_RS.CRS._H.xlsx,PT_Import_Val_2024-25,17.0,1751964622_PT_IMPORT_VAL_US$_H.xlsx,PT_Import_Val_2024-25,17.0,2026-08-21T15:32:19.296678+00:00,1.0
2024-11-01,2024,2024-25,November,ATF,IMPORT,0.0,0.0,PPAC,1751964598_PT_IMPORT_VAL_RS.CRS._H.xlsx,PT_Import_Val_2024-25,16.0,1751964622_PT_IMPORT_VAL_US$_H.xlsx,PT_Import_Val_2024-25,16.0,2026-08-21T15:32:19.296678+00:00,1.0
2024-11-01,2024,2024-25,November,ATF#,EXPORT,4313.671129772261,510.07807669399995,PPAC,1751964598_PT_IMPORT_VAL_RS.CRS._H.xlsx,PT_Import_Val_2024-25,30.0,1751964622_PT_IMPORT_VAL_US$_H.xlsx,PT_Import_Val_2024-25,30.0,2026-08-21T15:32:19.296678+00:00,1.0
2024-11-01,2024,2024-25,November,Bitumen,EXPORT,6.24,0.742,PPAC,1751964598_PT_IMPORT_VAL_RS.CRS._H.xlsx,PT_Import_Val_2024-25,36.0,1751964622_PT_IMPORT_VAL_US$_H.xlsx,PT_Import_Val_2024-25,36.0,2026-08-21T15:32:19.296678+00:00,1.0
2024-11-01,2024,2024-25,November,Bitumen,IMPORT,760.6243743825999,90.16320738309999,PPAC,1751964598_PT_IMPORT_VAL_RS.CRS._H.xlsx,PT_Import_Val_2024-25,21.0,1751964622_PT_IMPORT_VAL_US$_H.xlsx,PT_Import_Val_2024-25,21.0,2026-08-21T15:32:19.296678+00:00,1.0
2024-11-01,2024,2024-25,November,CRUDE OIL,IMPORT,84172.55689517182,9946.498659421572,PPAC,1751964598_PT_IMPORT_VAL_RS.CRS._H.xlsx,PT_Import_Val_2024-25,11.0,1751964622_PT_IMPORT_VAL_US$_H.xlsx,PT_Import_Val_2024-25,11.0,2026-08-21T15:32:19.296678+00:00,1.0
2024-11-01,2024,2024-25,November,Fuel Oil,EXPORT,653.95606692019,77.0079615678,PPAC,1751964598_PT_IMPORT_VAL_RS.CRS._H.xlsx,PT_Import_Val_2024-25,35.0,1751964622_PT_IMPORT_VAL_US$_H.xlsx,PT_Import_Val_2024-25,35.0,2026-08-21T15:32:19.296678+00:00,1.0
2024-11-01,2024,2024-25,November,Fuel Oil,IMPORT,2065.9069551519992,244.78485010000003,PPAC,1751964598_PT_IMPORT_VAL_RS.CRS._H.xlsx,PT_Import_Val_2024-25,20.0,1751964622_PT_IMPORT_VAL_US$_H.xlsx,PT_Import_Val_2024-25,20.0,2026-08-21T15:32:19.296678+00:00,1.0
2024-11-01,2024,2024-25,November,HSD,EXPORT,12788.928420834629,1513.4822113167,PPAC,1751964598_PT_IMPORT_VAL_RS.CRS._H.xlsx,PT_Import_Val_2024-25,32.0,1751964622_PT_IMPORT_VAL_US$_H.xlsx,PT_Import_Val_2024-25,32.0,2026-08-21T15:32:19.296678+00:00,1.0
2024-11-01,2024,2024-25,November,HSD,IMPORT,27.0379863,3.2049000000000003,PPAC,1751964598_PT_IMPORT_VAL_RS.CRS._H.xlsx,PT_Import_Val_2024-25,18.0,1751964622_PT_IMPORT_VAL_US$_H.xlsx,PT_Import_Val_2024-25,18.0,2026-08-21T15:32:19.296678+00:00,1.0
2024-11-01,2024,2024-25,November,LDO,EXPORT,0.0,0.0,PPAC,1751964598_PT_IMPORT_VAL_RS.CRS._H.xlsx,PT_Import_Val_2024-25,33.0,1751964622_PT_IMPORT_VAL_US$_H.xlsx,PT_Import_Val_2024-25,33.0,2026-08-21T15:32:19.296678+00:00,1.0
2024-11-01,2024,2024-25,November,LOBS/ Lube Oil,EXPORT,14.386783725399999,1.6897000063999998,PPAC,1751964598_PT_IMPORT_VAL_RS.CRS._H.xlsx,PT_Import_Val_2024-25,34.0,1751964622_PT_IMPORT_VAL_US$_H.xlsx,PT_Import_Val_2024-25,34.0,2026-08-21T15:32:19.296678+00:00,1.0
2024-11-01,2024,2024-25,November,LOBS/ Lube oil,IMPORT,1529.8443959,181.27009999999996,PPAC,1751964598_PT_IMPORT_VAL_RS.CRS._H.xlsx,PT_Import_Val_2024-25,19.0,1751964622_PT_IMPORT_VAL_US$_H.xlsx,PT_Import_Val_2024-25,19.0,2026-08-21T15:32:19.296678+00:00,1.0
2024-11-01,2024,2024-25,November,LPG,EXPORT,298.09,35.34,PPAC,1751964598_PT_IMPORT_VAL_RS.CRS._H.xlsx,PT_Import_Val_2024-25,27.0,1751964622_PT_IMPORT_VAL_US$_H.xlsx,PT_Import_Val_2024-25,27.0,2026-08-21T15:32:19.296678+00:00,1.0
2024-11-01,2024,2024-25,November,LPG,IMPORT,10393.435392960428,1230.4243322152,PPAC,1751964598_PT_IMPORT_VAL_RS.CRS._H.xlsx,PT_Import_Val_2024-25,13.0,1751964622_PT_IMPORT_VAL_US$_H.xlsx,PT_Import_Val_2024-25,13.0,2026-08-21T15:32:19.296678+00:00,1.0
2024-11-01,2024,2024-25,November,MS,IMPORT,0.0,0.0,PPAC,1751964598_PT_IMPORT_VAL_RS.CRS._H.xlsx,PT_Import_Val_2024-25,14.0,1751964622_PT_IMPORT_VAL_US$_H.xlsx,PT_Import_Val_2024-25,14.0,2026-08-21T15:32:19.296678+00:00,1.0
2024-11-01,2024,2024-25,November,MS!,EXPORT,7121.437999387625,842.4780828437999,PPAC,1751964598_PT_IMPORT_VAL_RS.CRS._H.xlsx,PT_Import_Val_2024-25,28.0,1751964622_PT_IMPORT_VAL_US$_H.xlsx,PT_Import_Val_2024-25,28.0,2026-08-21T15:32:19.296678+00:00,1.0
2024-11-01,2024,2024-25,November,Naphtha,IMPORT,912.0936132666909,108.07028264,PPAC,1751964598_PT_IMPORT_VAL_RS.CRS._H.xlsx,PT_Import_Val_2024-25,15.0,1751964622_PT_IMPORT_VAL_US$_H.xlsx,PT_Import_Val_2024-25,15.0,2026-08-21T15:32:19.296678+00:00,1.0
2024-11-01,2024,2024-25,November,Naphtha$,EXPORT,2349.9482786689996,278.68085521349997,PPAC,1751964598_PT_IMPORT_VAL_RS.CRS._H.xlsx,PT_Import_Val_2024-25,29.0,1751964622_PT_IMPORT_VAL_US$_H.xlsx,PT_Import_Val_2024-25,29.0,2026-08-21T15:32:19.296678+00:00,1.0
2024-11-01,2024,2024-25,November,Others%,EXPORT,1940.281046397,229.98706788938256,PPAC,1751964598_PT_IMPORT_VAL_RS.CRS._H.xlsx,PT_Import_Val_2024-25,38.0,1751964622_PT_IMPORT_VAL_US$_H.xlsx,PT_Import_Val_2024-25,38.0,2026-08-21T15:32:19.296678+00:00,1.0
2024-11-01,2024,2024-25,November,Others&,IMPORT,1035.3698287952832,122.77334032000002,PPAC,1751964598_PT_IMPORT_VAL_RS.CRS._H.xlsx,PT_Import_Val_2024-25,23.0,1751964622_PT_IMPORT_VAL_US$_H.xlsx,PT_Import_Val_2024-25,23.0,2026-08-21T15:32:19.296678+00:00,1.0
2024-11-01,2024,2024-25,November,Petcoke,IMPORT,1159.7333821,137.46710000000002,PPAC,1751964598_PT_IMPORT_VAL_RS.CRS._H.xlsx,PT_Import_Val_2024-25,22.0,1751964622_PT_IMPORT_VAL_US$_H.xlsx,PT_Import_Val_2024-25,22.0,2026-08-21T15:32:19.296678+00:00,1.0
2024-11-01,2024,2024-25,November,Petcoke / CBFS,EXPORT,190.13939274700002,22.52702953,PPAC,1751964598_PT_IMPORT_VAL_RS.CRS._H.xlsx,PT_Import_Val_2024-25,37.0,1751964622_PT_IMPORT_VAL_US$_H.xlsx,PT_Import_Val_2024-25,37.0,2026-08-21T15:32:19.296678+00:00,1.0
2024-11-01,2024,2024-25,November,SKO,EXPORT,4.72,0.56,PPAC,1751964598_PT_IMPORT_VAL_RS.CRS._H.xlsx,PT_Import_Val_2024-25,31.0,1751964622_PT_IMPORT_VAL_US$_H.xlsx,PT_Import_Val_2024-25,31.0,2026-08-21T15:32:19.296678+00:00,1.0
2024-11-01,2024,2024-25,November,SKO,IMPORT,0.0,0.0,PPAC,1751964598_PT_IMPORT_VAL_RS.CRS._H.xlsx,PT_Import_Val_2024-25,17.0,1751964622_PT_IMPORT_VAL_US$_H.xlsx,PT_Import_Val_2024-25,17.0,2026-08-21T15:32:19.296678+00:00,1.0
2024-12-01,2024,2024-25,December,ATF,IMPORT,0.0,0.0,PPAC,1751964598_PT_IMPORT_VAL_RS.CRS._H.xlsx,PT_Import_Val_2024-25,16.0,1751964622_PT_IMPORT_VAL_US$_H.xlsx,PT_Import_Val_2024-25,16.0,2026-08-21T15:32:19.296678+00:00,1.0
2024-12-01,2024,2024-25,December,ATF#,EXPORT,4797.996354947889,566.9586764590001,PPAC,1751964598_PT_IMPORT_VAL_RS.CRS._H.xlsx,PT_Import_Val_2024-25,30.0,1751964622_PT_IMPORT_VAL_US$_H.xlsx,PT_Import_Val_2024-25,30.0,2026-08-21T15:32:19.296678+00:00,1.0
2024-12-01,2024,2024-25,December,Bitumen,EXPORT,3.839,0.447,PPAC,1751964598_PT_IMPORT_VAL_RS.CRS._H.xlsx,PT_Import_Val_2024-25,36.0,1751964622_PT_IMPORT_VAL_US$_H.xlsx,PT_Import_Val_2024-25,36.0,2026-08-21T15:32:19.296678+00:00,1.0
2024-12-01,2024,2024-25,December,Bitumen,IMPORT,728.5969838,85.7339,PPAC,1751964598_PT_IMPORT_VAL_RS.CRS._H.xlsx,PT_Import_Val_2024-25,21.0,1751964622_PT_IMPORT_VAL_US$_H.xlsx,PT_Import_Val_2024-25,21.0,2026-08-21T15:32:19.296678+00:00,1.0
2024-12-01,2024,2024-25,December,CRUDE OIL,IMPORT,90426.28530186266,10599.899941266001,PPAC,1751964598_PT_IMPORT_VAL_RS.CRS._H.xlsx,PT_Import_Val_2024-25,11.0,1751964622_PT_IMPORT_VAL_US$_H.xlsx,PT_Import_Val_2024-25,11.0,2026-08-21T15:32:19.296678+00:00,1.0
2024-12-01,2024,2024-25,December,Fuel Oil,EXPORT,718.292243710374,83.3776401973,PPAC,1751964598_PT_IMPORT_VAL_RS.CRS._H.xlsx,PT_Import_Val_2024-25,35.0,1751964622_PT_IMPORT_VAL_US$_H.xlsx,PT_Import_Val_2024-25,35.0,2026-08-21T15:32:19.296678+00:00,1.0
2024-12-01,2024,2024-25,December,Fuel Oil,IMPORT,2181.569882663509,256.59485227000005,PPAC,1751964598_PT_IMPORT_VAL_RS.CRS._H.xlsx,PT_Import_Val_2024-25,20.0,1751964622_PT_IMPORT_VAL_US$_H.xlsx,PT_Import_Val_2024-25,20.0,2026-08-21T15:32:19.296678+00:00,1.0
2024-12-01,2024,2024-25,December,HSD,EXPORT,14026.440196998214,1651.8947352930998,PPAC,1751964598_PT_IMPORT_VAL_RS.CRS._H.xlsx,PT_Import_Val_2024-25,32.0,1751964622_PT_IMPORT_VAL_US$_H.xlsx,PT_Import_Val_2024-25,32.0,2026-08-21T15:32:19.296678+00:00,1.0
2024-12-01,2024,2024-25,December,HSD,IMPORT,9.1438535,1.0759,PPAC,1751964598_PT_IMPORT_VAL_RS.CRS._H.xlsx,PT_Import_Val_2024-25,18.0,1751964622_PT_IMPORT_VAL_US$_H.xlsx,PT_Import_Val_2024-25,18.0,2026-08-21T15:32:19.296678+00:00,1.0
2024-12-01,2024,2024-25,December,LDO,EXPORT,0.0,0.0,PPAC,1751964598_PT_IMPORT_VAL_RS.CRS._H.xlsx,PT_Import_Val_2024-25,33.0,1751964622_PT_IMPORT_VAL_US$_H.xlsx,PT_Import_Val_2024-25,33.0,2026-08-21T15:32:19.296678+00:00,1.0
2024-12-01,2024,2024-25,December,LOBS/ Lube Oil,EXPORT,32.7415320941,3.8469454368,PPAC,1751964598_PT_IMPORT_VAL_RS.CRS._H.xlsx,PT_Import_Val_2024-25,34.0,1751964622_PT_IMPORT_VAL_US$_H.xlsx,PT_Import_Val_2024-25,34.0,2026-08-21T15:32:19.296678+00:00,1.0
2024-12-01,2024,2024-25,December,LOBS/ Lube oil,IMPORT,1473.5557207000004,173.34320000000002,PPAC,1751964598_PT_IMPORT_VAL_RS.CRS._H.xlsx,PT_Import_Val_2024-25,19.0,1751964622_PT_IMPORT_VAL_US$_H.xlsx,PT_Import_Val_2024-25,19.0,2026-08-21T15:32:19.296678+00:00,1.0
2024-12-01,2024,2024-25,December,LPG,EXPORT,337.036,39.652,PPAC,1751964598_PT_IMPORT_VAL_RS.CRS._H.xlsx,PT_Import_Val_2024-25,27.0,1751964622_PT_IMPORT_VAL_US$_H.xlsx,PT_Import_Val_2024-25,27.0,2026-08-21T15:32:19.296678+00:00,1.0
2024-12-01,2024,2024-25,December,LPG,IMPORT,9973.716415745468,1169.3317432442814,PPAC,1751964598_PT_IMPORT_VAL_RS.CRS._H.xlsx,PT_Import_Val_2024-25,13.0,1751964622_PT_IMPORT_VAL_US$_H.xlsx,PT_Import_Val_2024-25,13.0,2026-08-21T15:32:19.296678+00:00,1.0
2024-12-01,2024,2024-25,December,MS,IMPORT,0.0,0.0,PPAC,1751964598_PT_IMPORT_VAL_RS.CRS._H.xlsx,PT_Import_Val_2024-25,14.0,1751964622_PT_IMPORT_VAL_US$_H.xlsx,PT_Import_Val_2024-25,14.0,2026-08-21T15:32:19.296678+00:00,1.0
2024-12-01,2024,2024-25,December,MS!,EXPORT,8841.099086979473,1041.9074461646999,PPAC,1751964598_PT_IMPORT_VAL_RS.CRS._H.xlsx,PT_Import_Val_2024-25,28.0,1751964622_PT_IMPORT_VAL_US$_H.xlsx,PT_Import_Val_2024-25,28.0,2026-08-21T15:32:19.296678+00:00,1.0
2024-12-01,2024,2024-25,December,Naphtha,IMPORT,259.634051194514,30.571683489999998,PPAC,1751964598_PT_IMPORT_VAL_RS.CRS._H.xlsx,PT_Import_Val_2024-25,15.0,1751964622_PT_IMPORT_VAL_US$_H.xlsx,PT_Import_Val_2024-25,15.0,2026-08-21T15:32:19.296678+00:00,1.0
2024-12-01,2024,2024-25,December,Naphtha$,EXPORT,2262.052555881115,266.047509317,PPAC,1751964598_PT_IMPORT_VAL_RS.CRS._H.xlsx,PT_Import_Val_2024-25,29.0,1751964622_PT_IMPORT_VAL_US$_H.xlsx,PT_Import_Val_2024-25,29.0,2026-08-21T15:32:19.296678+00:00,1.0
2024-12-01,2024,2024-25,December,Others%,EXPORT,1433.695104704,168.4670162812,PPAC,1751964598_PT_IMPORT_VAL_RS.CRS._H.xlsx,PT_Import_Val_2024-25,38.0,1751964622_PT_IMPORT_VAL_US$_H.xlsx,PT_Import_Val_2024-25,38.0,2026-08-21T15:32:19.296678+00:00,1.0
2024-12-01,2024,2024-25,December,Others&,IMPORT,1123.6773034200965,132.23793615000002,PPAC,1751964598_PT_IMPORT_VAL_RS.CRS._H.xlsx,PT_Import_Val_2024-25,23.0,1751964622_PT_IMPORT_VAL_US$_H.xlsx,PT_Import_Val_2024-25,23.0,2026-08-21T15:32:19.296678+00:00,1.0
2024-12-01,2024,2024-25,December,Petcoke,IMPORT,1225.9714520999999,144.2553,PPAC,1751964598_PT_IMPORT_VAL_RS.CRS._H.xlsx,PT_Import_Val_2024-25,22.0,1751964622_PT_IMPORT_VAL_US$_H.xlsx,PT_Import_Val_2024-25,22.0,2026-08-21T15:32:19.296678+00:00,1.0
2024-12-01,2024,2024-25,December,Petcoke / CBFS,EXPORT,2.07,0.24,PPAC,1751964598_PT_IMPORT_VAL_RS.CRS._H.xlsx,PT_Import_Val_2024-25,37.0,1751964622_PT_IMPORT_VAL_US$_H.xlsx,PT_Import_Val_2024-25,37.0,2026-08-21T15:32:19.296678+00:00,1.0
2024-12-01,2024,2024-25,December,SKO,EXPORT,12.44,1.462,PPAC,1751964598_PT_IMPORT_VAL_RS.CRS._H.xlsx,PT_Import_Val_2024-25,31.0,1751964622_PT_IMPORT_VAL_US$_H.xlsx,PT_Import_Val_2024-25,31.0,2026-08-21T15:32:19.296678+00:00,1.0
2024-12-01,2024,2024-25,December,SKO,IMPORT,0.0,0.0,PPAC,1751964598_PT_IMPORT_VAL_RS.CRS._H.xlsx,PT_Import_Val_2024-25,17.0,1751964622_PT_IMPORT_VAL_US$_H.xlsx,PT_Import_Val_2024-25,17.0,2026-08-21T15:32:19.296678+00:00,1.0
2025-01-01,2025,2024-25,January,ATF,IMPORT,0.0,0.0,PPAC,1751964598_PT_IMPORT_VAL_RS.CRS._H.xlsx,PT_Import_Val_2024-25,16.0,1751964622_PT_IMPORT_VAL_US$_H.xlsx,PT_Import_Val_2024-25,16.0,2026-08-21T15:32:19.296678+00:00,1.0
2025-01-01,2025,2024-25,January,ATF#,EXPORT,3235.42566366,374.812173555,PPAC,1751964598_PT_IMPORT_VAL_RS.CRS._H.xlsx,PT_Import_Val_2024-25,30.0,1751964622_PT_IMPORT_VAL_US$_H.xlsx,PT_Import_Val_2024-25,30.0,2026-08-21T15:32:19.296678+00:00,1.0
2025-01-01,2025,2024-25,January,Bitumen,EXPORT,3.1900000000000004,0.37,PPAC,1751964598_PT_IMPORT_VAL_RS.CRS._H.xlsx,PT_Import_Val_2024-25,36.0,1751964622_PT_IMPORT_VAL_US$_H.xlsx,PT_Import_Val_2024-25,36.0,2026-08-21T15:32:19.296678+00:00,1.0
2025-01-01,2025,2024-25,January,Bitumen,IMPORT,1021.6770917562001,118.4391199601,PPAC,1751964598_PT_IMPORT_VAL_RS.CRS._H.xlsx,PT_Import_Val_2024-25,21.0,1751964622_PT_IMPORT_VAL_US$_H.xlsx,PT_Import_Val_2024-25,21.0,2026-08-21T15:32:19.296678+00:00,1.0
2025-01-01,2025,2024-25,January,CRUDE OIL,IMPORT,100781.0175325916,11664.761508670952,PPAC,1751964598_PT_IMPORT_VAL_RS.CRS._H.xlsx,PT_Import_Val_2024-25,11.0,1751964622_PT_IMPORT_VAL_US$_H.xlsx,PT_Import_Val_2024-25,11.0,2026-08-21T15:32:19.296678+00:00,1.0
2025-01-01,2025,2024-25,January,Fuel Oil,EXPORT,585.0471177013894,67.40035203069999,PPAC,1751964598_PT_IMPORT_VAL_RS.CRS._H.xlsx,PT_Import_Val_2024-25,35.0,1751964622_PT_IMPORT_VAL_US$_H.xlsx,PT_Import_Val_2024-25,35.0,2026-08-21T15:32:19.296678+00:00,1.0
2025-01-01,2025,2024-25,January,Fuel Oil,IMPORT,2622.664826381005,304.336778006,PPAC,1751964598_PT_IMPORT_VAL_RS.CRS._H.xlsx,PT_Import_Val_2024-25,20.0,1751964622_PT_IMPORT_VAL_US$_H.xlsx,PT_Import_Val_2024-25,20.0,2026-08-21T15:32:19.296678+00:00,1.0
2025-01-01,2025,2024-25,January,HSD,EXPORT,16888.93165492799,1957.2365577834998,PPAC,1751964598_PT_IMPORT_VAL_RS.CRS._H.xlsx,PT_Import_Val_2024-25,32.0,1751964622_PT_IMPORT_VAL_US$_H.xlsx,PT_Import_Val_2024-25,32.0,2026-08-21T15:32:19.296678+00:00,1.0
2025-01-01,2025,2024-25,January,HSD,IMPORT,25.0566906,2.9046,PPAC,1751964598_PT_IMPORT_VAL_RS.CRS._H.xlsx,PT_Import_Val_2024-25,18.0,1751964622_PT_IMPORT_VAL_US$_H.xlsx,PT_Import_Val_2024-25,18.0,2026-08-21T15:32:19.296678+00:00,1.0
2025-01-01,2025,2024-25,January,LDO,EXPORT,0.0,0.0,PPAC,1751964598_PT_IMPORT_VAL_RS.CRS._H.xlsx,PT_Import_Val_2024-25,33.0,1751964622_PT_IMPORT_VAL_US$_H.xlsx,PT_Import_Val_2024-25,33.0,2026-08-21T15:32:19.296678+00:00,1.0
2025-01-01,2025,2024-25,January,LOBS/ Lube Oil,EXPORT,8.9487242548,1.028920105,PPAC,1751964598_PT_IMPORT_VAL_RS.CRS._H.xlsx,PT_Import_Val_2024-25,34.0,1751964622_PT_IMPORT_VAL_US$_H.xlsx,PT_Import_Val_2024-25,34.0,2026-08-21T15:32:19.296678+00:00,1.0
2025-01-01,2025,2024-25,January,LOBS/ Lube oil,IMPORT,1826.6746299999998,211.30570000000003,PPAC,1751964598_PT_IMPORT_VAL_RS.CRS._H.xlsx,PT_Import_Val_2024-25,19.0,1751964622_PT_IMPORT_VAL_US$_H.xlsx,PT_Import_Val_2024-25,19.0,2026-08-21T15:32:19.296678+00:00,1.0
2025-01-01,2025,2024-25,January,LPG,EXPORT,332.07,38.492000000000004,PPAC,1751964598_PT_IMPORT_VAL_RS.CRS._H.xlsx,PT_Import_Val_2024-25,27.0,1751964622_PT_IMPORT_VAL_US$_H.xlsx,PT_Import_Val_2024-25,27.0,2026-08-21T15:32:19.296678+00:00,1.0
2025-01-01,2025,2024-25,January,LPG,IMPORT,9652.081509344758,1117.3216599633001,PPAC,1751964598_PT_IMPORT_VAL_RS.CRS._H.xlsx,PT_Import_Val_2024-25,13.0,1751964622_PT_IMPORT_VAL_US$_H.xlsx,PT_Import_Val_2024-25,13.0,2026-08-21T15:32:19.296678+00:00,1.0
2025-01-01,2025,2024-25,January,MS,IMPORT,0.0,0.0,PPAC,1751964598_PT_IMPORT_VAL_RS.CRS._H.xlsx,PT_Import_Val_2024-25,14.0,1751964622_PT_IMPORT_VAL_US$_H.xlsx,PT_Import_Val_2024-25,14.0,2026-08-21T15:32:19.296678+00:00,1.0
2025-01-01,2025,2024-25,January,MS!,EXPORT,8648.257102255,1003.3123351920999,PPAC,1751964598_PT_IMPORT_VAL_RS.CRS._H.xlsx,PT_Import_Val_2024-25,28.0,1751964622_PT_IMPORT_VAL_US$_H.xlsx,PT_Import_Val_2024-25,28.0,2026-08-21T15:32:19.296678+00:00,1.0
2025-01-01,2025,2024-25,January,Naphtha,IMPORT,33.921518600000006,3.9322,PPAC,1751964598_PT_IMPORT_VAL_RS.CRS._H.xlsx,PT_Import_Val_2024-25,15.0,1751964622_PT_IMPORT_VAL_US$_H.xlsx,PT_Import_Val_2024-25,15.0,2026-08-21T15:32:19.296678+00:00,1.0
2025-01-01,2025,2024-25,January,Naphtha$,EXPORT,2534.178145998,293.60005787160003,PPAC,1751964598_PT_IMPORT_VAL_RS.CRS._H.xlsx,PT_Import_Val_2024-25,29.0,1751964622_PT_IMPORT_VAL_US$_H.xlsx,PT_Import_Val_2024-25,29.0,2026-08-21T15:32:19.296678+00:00,1.0
2025-01-01,2025,2024-25,January,Others%,EXPORT,768.4536507434,89.2449292788,PPAC,1751964598_PT_IMPORT_VAL_RS.CRS._H.xlsx,PT_Import_Val_2024-25,38.0,1751964622_PT_IMPORT_VAL_US$_H.xlsx,PT_Import_Val_2024-25,38.0,2026-08-21T15:32:19.296678+00:00,1.0
2025-01-01,2025,2024-25,January,Others&,IMPORT,1118.8588486429933,134.52326581,PPAC,1751964598_PT_IMPORT_VAL_RS.CRS._H.xlsx,PT_Import_Val_2024-25,23.0,1751964622_PT_IMPORT_VAL_US$_H.xlsx,PT_Import_Val_2024-25,23.0,2026-08-21T15:32:19.296678+00:00,1.0
2025-01-01,2025,2024-25,January,Petcoke,IMPORT,1108.0318906,128.44400000000002,PPAC,1751964598_PT_IMPORT_VAL_RS.CRS._H.xlsx,PT_Import_Val_2024-25,22.0,1751964622_PT_IMPORT_VAL_US$_H.xlsx,PT_Import_Val_2024-25,22.0,2026-08-21T15:32:19.296678+00:00,1.0
2025-01-01,2025,2024-25,January,Petcoke / CBFS,EXPORT,4.470000000000001,0.519,PPAC,1751964598_PT_IMPORT_VAL_RS.CRS._H.xlsx,PT_Import_Val_2024-25,37.0,1751964622_PT_IMPORT_VAL_US$_H.xlsx,PT_Import_Val_2024-25,37.0,2026-08-21T15:32:19.296678+00:00,1.0
2025-01-01,2025,2024-25,January,SKO,EXPORT,6.4799999999999995,0.752,PPAC,1751964598_PT_IMPORT_VAL_RS.CRS._H.xlsx,PT_Import_Val_2024-25,31.0,1751964622_PT_IMPORT_VAL_US$_H.xlsx,PT_Import_Val_2024-25,31.0,2026-08-21T15:32:19.296678+00:00,1.0
2025-01-01,2025,2024-25,January,SKO,IMPORT,0.0,0.0,PPAC,1751964598_PT_IMPORT_VAL_RS.CRS._H.xlsx,PT_Import_Val_2024-25,17.0,1751964622_PT_IMPORT_VAL_US$_H.xlsx,PT_Import_Val_2024-25,17.0,2026-08-21T15:32:19.296678+00:00,1.0
2025-02-01,2025,2024-25,February,ATF,IMPORT,0.0,0.0,PPAC,1751964598_PT_IMPORT_VAL_RS.CRS._H.xlsx,PT_Import_Val_2024-25,16.0,1751964622_PT_IMPORT_VAL_US$_H.xlsx,PT_Import_Val_2024-25,16.0,2026-08-21T15:32:19.296678+00:00,1.0
2025-02-01,2025,2024-25,February,ATF#,EXPORT,3966.078858179,457.01172313,PPAC,1751964598_PT_IMPORT_VAL_RS.CRS._H.xlsx,PT_Import_Val_2024-25,30.0,1751964622_PT_IMPORT_VAL_US$_H.xlsx,PT_Import_Val_2024-25,30.0,2026-08-21T15:32:19.296678+00:00,1.0
2025-02-01,2025,2024-25,February,Bitumen,EXPORT,7.120000000000001,0.815,PPAC,1751964598_PT_IMPORT_VAL_RS.CRS._H.xlsx,PT_Import_Val_2024-25,36.0,1751964622_PT_IMPORT_VAL_US$_H.xlsx,PT_Import_Val_2024-25,36.0,2026-08-21T15:32:19.296678+00:00,1.0
2025-02-01,2025,2024-25,February,Bitumen,IMPORT,1054.8949589000001,121.176,PPAC,1751964598_PT_IMPORT_VAL_RS.CRS._H.xlsx,PT_Import_Val_2024-25,21.0,1751964622_PT_IMPORT_VAL_US$_H.xlsx,PT_Import_Val_2024-25,21.0,2026-08-21T15:32:19.296678+00:00,1.0
2025-02-01,2025,2024-25,February,CRUDE OIL,IMPORT,93436.5513880437,10763.094697267694,PPAC,1751964598_PT_IMPORT_VAL_RS.CRS._H.xlsx,PT_Import_Val_2024-25,11.0,1751964622_PT_IMPORT_VAL_US$_H.xlsx,PT_Import_Val_2024-25,11.0,2026-08-21T15:32:19.296678+00:00,1.0
2025-02-01,2025,2024-25,February,Fuel Oil,EXPORT,573.5863420713347,65.83967947549999,PPAC,1751964598_PT_IMPORT_VAL_RS.CRS._H.xlsx,PT_Import_Val_2024-25,35.0,1751964622_PT_IMPORT_VAL_US$_H.xlsx,PT_Import_Val_2024-25,35.0,2026-08-21T15:32:19.296678+00:00,1.0
2025-02-01,2025,2024-25,February,Fuel Oil,IMPORT,1655.717753036892,191.46568025,PPAC,1751964598_PT_IMPORT_VAL_RS.CRS._H.xlsx,PT_Import_Val_2024-25,20.0,1751964622_PT_IMPORT_VAL_US$_H.xlsx,PT_Import_Val_2024-25,20.0,2026-08-21T15:32:19.296678+00:00,1.0
2025-02-01,2025,2024-25,February,HSD,EXPORT,13783.758433960682,1583.9879255593,PPAC,1751964598_PT_IMPORT_VAL_RS.CRS._H.xlsx,PT_Import_Val_2024-25,32.0,1751964622_PT_IMPORT_VAL_US$_H.xlsx,PT_Import_Val_2024-25,32.0,2026-08-21T15:32:19.296678+00:00,1.0
2025-02-01,2025,2024-25,February,HSD,IMPORT,57.1360195,6.563199999999999,PPAC,1751964598_PT_IMPORT_VAL_RS.CRS._H.xlsx,PT_Import_Val_2024-25,18.0,1751964622_PT_IMPORT_VAL_US$_H.xlsx,PT_Import_Val_2024-25,18.0,2026-08-21T15:32:19.296678+00:00,1.0
2025-02-01,2025,2024-25,February,LDO,EXPORT,0.0,0.0,PPAC,1751964598_PT_IMPORT_VAL_RS.CRS._H.xlsx,PT_Import_Val_2024-25,33.0,1751964622_PT_IMPORT_VAL_US$_H.xlsx,PT_Import_Val_2024-25,33.0,2026-08-21T15:32:19.296678+00:00,1.0
2025-02-01,2025,2024-25,February,LOBS/ Lube Oil,EXPORT,20.3108456143,2.331521453,PPAC,1751964598_PT_IMPORT_VAL_RS.CRS._H.xlsx,PT_Import_Val_2024-25,34.0,1751964622_PT_IMPORT_VAL_US$_H.xlsx,PT_Import_Val_2024-25,34.0,2026-08-21T15:32:19.296678+00:00,1.0
2025-02-01,2025,2024-25,February,LOBS/ Lube oil,IMPORT,1253.2125592,143.9212,PPAC,1751964598_PT_IMPORT_VAL_RS.CRS._H.xlsx,PT_Import_Val_2024-25,19.0,1751964622_PT_IMPORT_VAL_US$_H.xlsx,PT_Import_Val_2024-25,19.0,2026-08-21T15:32:19.296678+00:00,1.0
2025-02-01,2025,2024-25,February,LPG,EXPORT,327.70000000000005,37.645,PPAC,1751964598_PT_IMPORT_VAL_RS.CRS._H.xlsx,PT_Import_Val_2024-25,27.0,1751964622_PT_IMPORT_VAL_US$_H.xlsx,PT_Import_Val_2024-25,27.0,2026-08-21T15:32:19.296678+00:00,1.0
2025-02-01,2025,2024-25,February,LPG,IMPORT,8508.335949564214,978.0355412263999,PPAC,1751964598_PT_IMPORT_VAL_RS.CRS._H.xlsx,PT_Import_Val_2024-25,13.0,1751964622_PT_IMPORT_VAL_US$_H.xlsx,PT_Import_Val_2024-25,13.0,2026-08-21T15:32:19.296678+00:00,1.0
2025-02-01,2025,2024-25,February,MS,IMPORT,0.0,0.0,PPAC,1751964598_PT_IMPORT_VAL_RS.CRS._H.xlsx,PT_Import_Val_2024-25,14.0,1751964622_PT_IMPORT_VAL_US$_H.xlsx,PT_Import_Val_2024-25,14.0,2026-08-21T15:32:19.296678+00:00,1.0
2025-02-01,2025,2024-25,February,MS!,EXPORT,10712.493238848001,1230.4230597683998,PPAC,1751964598_PT_IMPORT_VAL_RS.CRS._H.xlsx,PT_Import_Val_2024-25,28.0,1751964622_PT_IMPORT_VAL_US$_H.xlsx,PT_Import_Val_2024-25,28.0,2026-08-21T15:32:19.296678+00:00,1.0
2025-02-01,2025,2024-25,February,Naphtha,IMPORT,178.64216520000002,20.5207,PPAC,1751964598_PT_IMPORT_VAL_RS.CRS._H.xlsx,PT_Import_Val_2024-25,15.0,1751964622_PT_IMPORT_VAL_US$_H.xlsx,PT_Import_Val_2024-25,15.0,2026-08-21T15:32:19.296678+00:00,1.0
2025-02-01,2025,2024-25,February,Naphtha$,EXPORT,3153.970573902,362.06341595619995,PPAC,1751964598_PT_IMPORT_VAL_RS.CRS._H.xlsx,PT_Import_Val_2024-25,29.0,1751964622_PT_IMPORT_VAL_US$_H.xlsx,PT_Import_Val_2024-25,29.0,2026-08-21T15:32:19.296678+00:00,1.0
2025-02-01,2025,2024-25,February,Others%,EXPORT,1036.9634642655,118.74190685872895,PPAC,1751964598_PT_IMPORT_VAL_RS.CRS._H.xlsx,PT_Import_Val_2024-25,38.0,1751964622_PT_IMPORT_VAL_US$_H.xlsx,PT_Import_Val_2024-25,38.0,2026-08-21T15:32:19.296678+00:00,1.0
2025-02-01,2025,2024-25,February,Others&,IMPORT,866.5520137893601,99.48865600000003,PPAC,1751964598_PT_IMPORT_VAL_RS.CRS._H.xlsx,PT_Import_Val_2024-25,23.0,1751964622_PT_IMPORT_VAL_US$_H.xlsx,PT_Import_Val_2024-25,23.0,2026-08-21T15:32:19.296678+00:00,1.0
2025-02-01,2025,2024-25,February,Petcoke,IMPORT,1473.2196247,169.22910000000002,PPAC,1751964598_PT_IMPORT_VAL_RS.CRS._H.xlsx,PT_Import_Val_2024-25,22.0,1751964622_PT_IMPORT_VAL_US$_H.xlsx,PT_Import_Val_2024-25,22.0,2026-08-21T15:32:19.296678+00:00,1.0
2025-02-01,2025,2024-25,February,Petcoke / CBFS,EXPORT,7.45,0.856,PPAC,1751964598_PT_IMPORT_VAL_RS.CRS._H.xlsx,PT_Import_Val_2024-25,37.0,1751964622_PT_IMPORT_VAL_US$_H.xlsx,PT_Import_Val_2024-25,37.0,2026-08-21T15:32:19.296678+00:00,1.0
2025-02-01,2025,2024-25,February,SKO,EXPORT,4.29,0.493,PPAC,1751964598_PT_IMPORT_VAL_RS.CRS._H.xlsx,PT_Import_Val_2024-25,31.0,1751964622_PT_IMPORT_VAL_US$_H.xlsx,PT_Import_Val_2024-25,31.0,2026-08-21T15:32:19.296678+00:00,1.0
2025-02-01,2025,2024-25,February,SKO,IMPORT,0.0,0.0,PPAC,1751964598_PT_IMPORT_VAL_RS.CRS._H.xlsx,PT_Import_Val_2024-25,17.0,1751964622_PT_IMPORT_VAL_US$_H.xlsx,PT_Import_Val_2024-25,17.0,2026-08-21T15:32:19.296678+00:00,1.0
2025-03-01,2025,2024-25,March,ATF,IMPORT,0.0,0.0,PPAC,1751964598_PT_IMPORT_VAL_RS.CRS._H.xlsx,PT_Import_Val_2024-25,16.0,1751964622_PT_IMPORT_VAL_US$_H.xlsx,PT_Import_Val_2024-25,16.0,2026-08-21T15:32:19.296678+00:00,1.0
2025-03-01,2025,2024-25,March,ATF#,EXPORT,3810.511966192413,438.54280054800006,PPAC,1751964598_PT_IMPORT_VAL_RS.CRS._H.xlsx,PT_Import_Val_2024-25,30.0,1751964622_PT_IMPORT_VAL_US$_H.xlsx,PT_Import_Val_2024-25,30.0,2026-08-21T15:32:19.296678+00:00,1.0
2025-03-01,2025,2024-25,March,Bitumen,EXPORT,21.664,2.4994041103999995,PPAC,1751964598_PT_IMPORT_VAL_RS.CRS._H.xlsx,PT_Import_Val_2024-25,36.0,1751964622_PT_IMPORT_VAL_US$_H.xlsx,PT_Import_Val_2024-25,36.0,2026-08-21T15:32:19.296678+00:00,1.0
2025-03-01,2025,2024-25,March,Bitumen,IMPORT,1175.8424589129,135.7256823913,PPAC,1751964598_PT_IMPORT_VAL_RS.CRS._H.xlsx,PT_Import_Val_2024-25,21.0,1751964622_PT_IMPORT_VAL_US$_H.xlsx,PT_Import_Val_2024-25,21.0,2026-08-21T15:32:19.296678+00:00,1.0
2025-03-01,2025,2024-25,March,CRUDE OIL,IMPORT,105788.84252465931,12264.094695830316,PPAC,1751964598_PT_IMPORT_VAL_RS.CRS._H.xlsx,PT_Import_Val_2024-25,11.0,1751964622_PT_IMPORT_VAL_US$_H.xlsx,PT_Import_Val_2024-25,11.0,2026-08-21T15:32:19.296678+00:00,1.0
2025-03-01,2025,2024-25,March,Fuel Oil,EXPORT,833.2297360224442,96.9805659293,PPAC,1751964598_PT_IMPORT_VAL_RS.CRS._H.xlsx,PT_Import_Val_2024-25,35.0,1751964622_PT_IMPORT_VAL_US$_H.xlsx,PT_Import_Val_2024-25,35.0,2026-08-21T15:32:19.296678+00:00,1.0
2025-03-01,2025,2024-25,March,Fuel Oil,IMPORT,1765.1685751847444,203.39688025,PPAC,1751964598_PT_IMPORT_VAL_RS.CRS._H.xlsx,PT_Import_Val_2024-25,20.0,1751964622_PT_IMPORT_VAL_US$_H.xlsx,PT_Import_Val_2024-25,20.0,2026-08-21T15:32:19.296678+00:00,1.0
2025-03-01,2025,2024-25,March,HSD,EXPORT,15614.899558091522,1791.1517341419,PPAC,1751964598_PT_IMPORT_VAL_RS.CRS._H.xlsx,PT_Import_Val_2024-25,32.0,1751964622_PT_IMPORT_VAL_US$_H.xlsx,PT_Import_Val_2024-25,32.0,2026-08-21T15:32:19.296678+00:00,1.0
2025-03-01,2025,2024-25,March,HSD,IMPORT,18.8998591,2.1815,PPAC,1751964598_PT_IMPORT_VAL_RS.CRS._H.xlsx,PT_Import_Val_2024-25,18.0,1751964622_PT_IMPORT_VAL_US$_H.xlsx,PT_Import_Val_2024-25,18.0,2026-08-21T15:32:19.296678+00:00,1.0
2025-03-01,2025,2024-25,March,LDO,EXPORT,0.0,0.0,PPAC,1751964598_PT_IMPORT_VAL_RS.CRS._H.xlsx,PT_Import_Val_2024-25,33.0,1751964622_PT_IMPORT_VAL_US$_H.xlsx,PT_Import_Val_2024-25,33.0,2026-08-21T15:32:19.296678+00:00,1.0
2025-03-01,2025,2024-25,March,LOBS/ Lube Oil,EXPORT,33.4202578612,3.8696971454,PPAC,1751964598_PT_IMPORT_VAL_RS.CRS._H.xlsx,PT_Import_Val_2024-25,34.0,1751964622_PT_IMPORT_VAL_US$_H.xlsx,PT_Import_Val_2024-25,34.0,2026-08-21T15:32:19.296678+00:00,1.0
2025-03-01,2025,2024-25,March,LOBS/ Lube oil,IMPORT,2052.9194351000006,236.7548,PPAC,1751964598_PT_IMPORT_VAL_RS.CRS._H.xlsx,PT_Import_Val_2024-25,19.0,1751964622_PT_IMPORT_VAL_US$_H.xlsx,PT_Import_Val_2024-25,19.0,2026-08-21T15:32:19.296678+00:00,1.0
2025-03-01,2025,2024-25,March,LPG,EXPORT,339.69,39.207,PPAC,1751964598_PT_IMPORT_VAL_RS.CRS._H.xlsx,PT_Import_Val_2024-25,27.0,1751964622_PT_IMPORT_VAL_US$_H.xlsx,PT_Import_Val_2024-25,27.0,2026-08-21T15:32:19.296678+00:00,1.0
2025-03-01,2025,2024-25,March,LPG,IMPORT,9843.150963140528,1138.8518946015,PPAC,1751964598_PT_IMPORT_VAL_RS.CRS._H.xlsx,PT_Import_Val_2024-25,13.0,1751964622_PT_IMPORT_VAL_US$_H.xlsx,PT_Import_Val_2024-25,13.0,2026-08-21T15:32:19.296678+00:00,1.0
2025-03-01,2025,2024-25,March,MS,IMPORT,0.115772,0.0134,PPAC,1751964598_PT_IMPORT_VAL_RS.CRS._H.xlsx,PT_Import_Val_2024-25,14.0,1751964622_PT_IMPORT_VAL_US$_H.xlsx,PT_Import_Val_2024-25,14.0,2026-08-21T15:32:19.296678+00:00,1.0
2025-03-01,2025,2024-25,March,MS!,EXPORT,10638.31870424093,1224.0569726816,PPAC,1751964598_PT_IMPORT_VAL_RS.CRS._H.xlsx,PT_Import_Val_2024-25,28.0,1751964622_PT_IMPORT_VAL_US$_H.xlsx,PT_Import_Val_2024-25,28.0,2026-08-21T15:32:19.296678+00:00,1.0
2025-03-01,2025,2024-25,March,Naphtha,IMPORT,219.1177057611432,25.40138073,PPAC,1751964598_PT_IMPORT_VAL_RS.CRS._H.xlsx,PT_Import_Val_2024-25,15.0,1751964622_PT_IMPORT_VAL_US$_H.xlsx,PT_Import_Val_2024-25,15.0,2026-08-21T15:32:19.296678+00:00,1.0
2025-03-01,2025,2024-25,March,Naphtha$,EXPORT,1978.353832671175,228.98284605650002,PPAC,1751964598_PT_IMPORT_VAL_RS.CRS._H.xlsx,PT_Import_Val_2024-25,29.0,1751964622_PT_IMPORT_VAL_US$_H.xlsx,PT_Import_Val_2024-25,29.0,2026-08-21T15:32:19.296678+00:00,1.0
2025-03-01,2025,2024-25,March,Others%,EXPORT,1046.954187109,120.73303779,PPAC,1751964598_PT_IMPORT_VAL_RS.CRS._H.xlsx,PT_Import_Val_2024-25,38.0,1751964622_PT_IMPORT_VAL_US$_H.xlsx,PT_Import_Val_2024-25,38.0,2026-08-21T15:32:19.296678+00:00,1.0
2025-03-01,2025,2024-25,March,Others&,IMPORT,1402.0465807734704,162.16242632,PPAC,1751964598_PT_IMPORT_VAL_RS.CRS._H.xlsx,PT_Import_Val_2024-25,23.0,1751964622_PT_IMPORT_VAL_US$_H.xlsx,PT_Import_Val_2024-25,23.0,2026-08-21T15:32:19.296678+00:00,1.0
2025-03-01,2025,2024-25,March,Petcoke,IMPORT,857.1491398000001,98.93480000000001,PPAC,1751964598_PT_IMPORT_VAL_RS.CRS._H.xlsx,PT_Import_Val_2024-25,22.0,1751964622_PT_IMPORT_VAL_US$_H.xlsx,PT_Import_Val_2024-25,22.0,2026-08-21T15:32:19.296678+00:00,1.0
2025-03-01,2025,2024-25,March,Petcoke / CBFS,EXPORT,110.727602975,12.82545307,PPAC,1751964598_PT_IMPORT_VAL_RS.CRS._H.xlsx,PT_Import_Val_2024-25,37.0,1751964622_PT_IMPORT_VAL_US$_H.xlsx,PT_Import_Val_2024-25,37.0,2026-08-21T15:32:19.296678+00:00,1.0
2025-03-01,2025,2024-25,March,SKO,EXPORT,8.98,1.037,PPAC,1751964598_PT_IMPORT_VAL_RS.CRS._H.xlsx,PT_Import_Val_2024-25,31.0,1751964622_PT_IMPORT_VAL_US$_H.xlsx,PT_Import_Val_2024-25,31.0,2026-08-21T15:32:19.296678+00:00,1.0
2025-03-01,2025,2024-25,March,SKO,IMPORT,0.0,0.0,PPAC,1751964598_PT_IMPORT_VAL_RS.CRS._H.xlsx,PT_Import_Val_2024-25,17.0,1751964622_PT_IMPORT_VAL_US$_H.xlsx,PT_Import_Val_2024-25,17.0,2026-08-21T15:32:19.296678+00:00,1.0
