date,calendar_year,month,financial_year,value,unit,source,source_file,ingestion_timestamp,transformation_version
2021-08-18,2021,August,2021-22,68.61,USD/bbl,FRED,DCOILBRENTEU.csv,2026-08-21T15:32:16.886220+00:00,1.0
2021-08-19,2021,August,2021-22,66.8,USD/bbl,FRED,DCOILBRENTEU.csv,2026-08-21T15:32:16.886220+00:00,1.0
2021-08-20,2021,August,2021-22,65.51,USD/bbl,FRED,DCOILBRENTEU.csv,2026-08-21T15:32:16.886220+00:00,1.0
2021-08-23,2021,August,2021-22,69.07,USD/bbl,FRED,DCOILBRENTEU.csv,2026-08-21T15:32:16.886220+00:00,1.0
2021-08-24,2021,August,2021-22,71.21,USD/bbl,FRED,DCOILBRENTEU.csv,2026-08-21T15:32:16.886220+00:00,1.0
2021-08-25,2021,August,2021-22,72.12,USD/bbl,FRED,DCOILBRENTEU.csv,2026-08-21T15:32:16.886220+00:00,1.0
2021-08-26,2021,August,2021-22,70.42,USD/bbl,FRED,DCOILBRENTEU.csv,2026-08-21T15:32:16.886220+00:00,1.0
2021-08-27,2021,August,2021-22,72.26,USD/bbl,FRED,DCOILBRENTEU.csv,2026-08-21T15:32:16.886220+00:00,1.0
2021-08-30,2021,August,2021-22,,USD/bbl,FRED,DCOILBRENTEU.csv,2026-08-21T15:32:16.886220+00:00,1.0
2021-08-31,2021,August,2021-22,73.45,USD/bbl,FRED,DCOILBRENTEU.csv,2026-08-21T15:32:16.886220+00:00,1.0
2021-09-01,2021,September,2021-22,71.99,USD/bbl,FRED,DCOILBRENTEU.csv,2026-08-21T15:32:16.886220+00:00,1.0
2021-09-02,2021,September,2021-22,73.56,USD/bbl,FRED,DCOILBRENTEU.csv,2026-08-21T15:32:16.886220+00:00,1.0
2021-09-03,2021,September,2021-22,73.07,USD/bbl,FRED,DCOILBRENTEU.csv,2026-08-21T15:32:16.886220+00:00,1.0
2021-09-06,2021,September,2021-22,72.43,USD/bbl,FRED,DCOILBRENTEU.csv,2026-08-21T15:32:16.886220+00:00,1.0
2021-09-07,2021,September,2021-22,71.52,USD/bbl,FRED,DCOILBRENTEU.csv,2026-08-21T15:32:16.886220+00:00,1.0
2021-09-08,2021,September,2021-22,72.36,USD/bbl,FRED,DCOILBRENTEU.csv,2026-08-21T15:32:16.886220+00:00,1.0
2021-09-09,2021,September,2021-22,71.32,USD/bbl,FRED,DCOILBRENTEU.csv,2026-08-21T15:32:16.886220+00:00,1.0
2021-09-10,2021,September,2021-22,72.44,USD/bbl,FRED,DCOILBRENTEU.csv,2026-08-21T15:32:16.886220+00:00,1.0
2021-09-13,2021,September,2021-22,72.97,USD/bbl,FRED,DCOILBRENTEU.csv,2026-08-21T15:32:16.886220+00:00,1.0
2021-09-14,2021,September,2021-22,73.05,USD/bbl,FRED,DCOILBRENTEU.csv,2026-08-21T15:32:16.886220+00:00,1.0
2021-09-15,2021,September,2021-22,74.84,USD/bbl,FRED,DCOILBRENTEU.csv,2026-08-21T15:32:16.886220+00:00,1.0
2021-09-16,2021,September,2021-22,75.14,USD/bbl,FRED,DCOILBRENTEU.csv,2026-08-21T15:32:16.886220+00:00,1.0
2021-09-17,2021,September,2021-22,74.64,USD/bbl,FRED,DCOILBRENTEU.csv,2026-08-21T15:32:16.886220+00:00,1.0
2021-09-20,2021,September,2021-22,73.59,USD/bbl,FRED,DCOILBRENTEU.csv,2026-08-21T15:32:16.886220+00:00,1.0
2021-09-21,2021,September,2021-22,73.65,USD/bbl,FRED,DCOILBRENTEU.csv,2026-08-21T15:32:16.886220+00:00,1.0
2021-09-22,2021,September,2021-22,75.5,USD/bbl,FRED,DCOILBRENTEU.csv,2026-08-21T15:32:16.886220+00:00,1.0
2021-09-23,2021,September,2021-22,76.44,USD/bbl,FRED,DCOILBRENTEU.csv,2026-08-21T15:32:16.886220+00:00,1.0
2021-09-24,2021,September,2021-22,77.42,USD/bbl,FRED,DCOILBRENTEU.csv,2026-08-21T15:32:16.886220+00:00,1.0
2021-09-27,2021,September,2021-22,78.85,USD/bbl,FRED,DCOILBRENTEU.csv,2026-08-21T15:32:16.886220+00:00,1.0
2021-09-28,2021,September,2021-22,78.3,USD/bbl,FRED,DCOILBRENTEU.csv,2026-08-21T15:32:16.886220+00:00,1.0
2021-09-29,2021,September,2021-22,77.86,USD/bbl,FRED,DCOILBRENTEU.csv,2026-08-21T15:32:16.886220+00:00,1.0
2021-09-30,2021,September,2021-22,77.81,USD/bbl,FRED,DCOILBRENTEU.csv,2026-08-21T15:32:16.886220+00:00,1.0
2021-10-01,2021,October,2021-22,79.4,USD/bbl,FRED,DCOILBRENTEU.csv,2026-08-21T15:32:16.886220+00:00,1.0
2021-10-04,2021,October,2021-22,81.44,USD/bbl,FRED,DCOILBRENTEU.csv,2026-08-21T15:32:16.886220+00:00,1.0
2021-10-05,2021,October,2021-22,82.72,USD/bbl,FRED,DCOILBRENTEU.csv,2026-08-21T15:32:16.886220+00:00,1.0
2021-10-06,2021,October,2021-22,81.39,USD/bbl,FRED,DCOILBRENTEU.csv,2026-08-21T15:32:16.886220+00:00,1.0
2021-10-07,2021,October,2021-22,82.34,USD/bbl,FRED,DCOILBRENTEU.csv,2026-08-21T15:32:16.886220+00:00,1.0
2021-10-08,2021,October,2021-22,82.17,USD/bbl,FRED,DCOILBRENTEU.csv,2026-08-21T15:32:16.886220+00:00,1.0
2021-10-11,2021,October,2021-22,83.75,USD/bbl,FRED,DCOILBRENTEU.csv,2026-08-21T15:32:16.886220+00:00,1.0
2021-10-12,2021,October,2021-22,83.53,USD/bbl,FRED,DCOILBRENTEU.csv,2026-08-21T15:32:16.886220+00:00,1.0
2021-10-13,2021,October,2021-22,83.53,USD/bbl,FRED,DCOILBRENTEU.csv,2026-08-21T15:32:16.886220+00:00,1.0
2021-10-14,2021,October,2021-22,83.86,USD/bbl,FRED,DCOILBRENTEU.csv,2026-08-21T15:32:16.886220+00:00,1.0
2021-10-15,2021,October,2021-22,84.67,USD/bbl,FRED,DCOILBRENTEU.csv,2026-08-21T15:32:16.886220+00:00,1.0
2021-10-18,2021,October,2021-22,84.13,USD/bbl,FRED,DCOILBRENTEU.csv,2026-08-21T15:32:16.886220+00:00,1.0
2021-10-19,2021,October,2021-22,85.02,USD/bbl,FRED,DCOILBRENTEU.csv,2026-08-21T15:32:16.886220+00:00,1.0
2021-10-20,2021,October,2021-22,85.76,USD/bbl,FRED,DCOILBRENTEU.csv,2026-08-21T15:32:16.886220+00:00,1.0
2021-10-21,2021,October,2021-22,84.58,USD/bbl,FRED,DCOILBRENTEU.csv,2026-08-21T15:32:16.886220+00:00,1.0
2021-10-22,2021,October,2021-22,85.43,USD/bbl,FRED,DCOILBRENTEU.csv,2026-08-21T15:32:16.886220+00:00,1.0
2021-10-25,2021,October,2021-22,84.85,USD/bbl,FRED,DCOILBRENTEU.csv,2026-08-21T15:32:16.886220+00:00,1.0
2021-10-26,2021,October,2021-22,85.11,USD/bbl,FRED,DCOILBRENTEU.csv,2026-08-21T15:32:16.886220+00:00,1.0
2021-10-27,2021,October,2021-22,84.12,USD/bbl,FRED,DCOILBRENTEU.csv,2026-08-21T15:32:16.886220+00:00,1.0
2021-10-28,2021,October,2021-22,83.4,USD/bbl,FRED,DCOILBRENTEU.csv,2026-08-21T15:32:16.886220+00:00,1.0
2021-10-29,2021,October,2021-22,83.1,USD/bbl,FRED,DCOILBRENTEU.csv,2026-08-21T15:32:16.886220+00:00,1.0
2021-11-01,2021,November,2021-22,84.51,USD/bbl,FRED,DCOILBRENTEU.csv,2026-08-21T15:32:16.886220+00:00,1.0
2021-11-02,2021,November,2021-22,84.42,USD/bbl,FRED,DCOILBRENTEU.csv,2026-08-21T15:32:16.886220+00:00,1.0
2021-11-03,2021,November,2021-22,81.1,USD/bbl,FRED,DCOILBRENTEU.csv,2026-08-21T15:32:16.886220+00:00,1.0
2021-11-04,2021,November,2021-22,80.15,USD/bbl,FRED,DCOILBRENTEU.csv,2026-08-21T15:32:16.886220+00:00,1.0
2021-11-05,2021,November,2021-22,82.43,USD/bbl,FRED,DCOILBRENTEU.csv,2026-08-21T15:32:16.886220+00:00,1.0
2021-11-08,2021,November,2021-22,83.22,USD/bbl,FRED,DCOILBRENTEU.csv,2026-08-21T15:32:16.886220+00:00,1.0
2021-11-09,2021,November,2021-22,84.52,USD/bbl,FRED,DCOILBRENTEU.csv,2026-08-21T15:32:16.886220+00:00,1.0
2021-11-10,2021,November,2021-22,82.91,USD/bbl,FRED,DCOILBRENTEU.csv,2026-08-21T15:32:16.886220+00:00,1.0
2021-11-11,2021,November,2021-22,83.4,USD/bbl,FRED,DCOILBRENTEU.csv,2026-08-21T15:32:16.886220+00:00,1.0
2021-11-12,2021,November,2021-22,82.9,USD/bbl,FRED,DCOILBRENTEU.csv,2026-08-21T15:32:16.886220+00:00,1.0
2021-11-15,2021,November,2021-22,81.94,USD/bbl,FRED,DCOILBRENTEU.csv,2026-08-21T15:32:16.886220+00:00,1.0
2021-11-16,2021,November,2021-22,82.85,USD/bbl,FRED,DCOILBRENTEU.csv,2026-08-21T15:32:16.886220+00:00,1.0
2021-11-17,2021,November,2021-22,80.67,USD/bbl,FRED,DCOILBRENTEU.csv,2026-08-21T15:32:16.886220+00:00,1.0
2021-11-18,2021,November,2021-22,82.45,USD/bbl,FRED,DCOILBRENTEU.csv,2026-08-21T15:32:16.886220+00:00,1.0
2021-11-19,2021,November,2021-22,80.24,USD/bbl,FRED,DCOILBRENTEU.csv,2026-08-21T15:32:16.886220+00:00,1.0
2021-11-22,2021,November,2021-22,80.97,USD/bbl,FRED,DCOILBRENTEU.csv,2026-08-21T15:32:16.886220+00:00,1.0
2021-11-23,2021,November,2021-22,83.43,USD/bbl,FRED,DCOILBRENTEU.csv,2026-08-21T15:32:16.886220+00:00,1.0
2021-11-24,2021,November,2021-22,82.37,USD/bbl,FRED,DCOILBRENTEU.csv,2026-08-21T15:32:16.886220+00:00,1.0
2021-11-25,2021,November,2021-22,82.05,USD/bbl,FRED,DCOILBRENTEU.csv,2026-08-21T15:32:16.886220+00:00,1.0
2021-11-26,2021,November,2021-22,72.37,USD/bbl,FRED,DCOILBRENTEU.csv,2026-08-21T15:32:16.886220+00:00,1.0
2021-11-29,2021,November,2021-22,73.34,USD/bbl,FRED,DCOILBRENTEU.csv,2026-08-21T15:32:16.886220+00:00,1.0
2021-11-30,2021,November,2021-22,70.86,USD/bbl,FRED,DCOILBRENTEU.csv,2026-08-21T15:32:16.886220+00:00,1.0
2021-12-01,2021,December,2021-22,69.53,USD/bbl,FRED,DCOILBRENTEU.csv,2026-08-21T15:32:16.886220+00:00,1.0
2021-12-02,2021,December,2021-22,70.56,USD/bbl,FRED,DCOILBRENTEU.csv,2026-08-21T15:32:16.886220+00:00,1.0
2021-12-03,2021,December,2021-22,70.71,USD/bbl,FRED,DCOILBRENTEU.csv,2026-08-21T15:32:16.886220+00:00,1.0
2021-12-06,2021,December,2021-22,73.38,USD/bbl,FRED,DCOILBRENTEU.csv,2026-08-21T15:32:16.886220+00:00,1.0
2021-12-07,2021,December,2021-22,75.54,USD/bbl,FRED,DCOILBRENTEU.csv,2026-08-21T15:32:16.886220+00:00,1.0
2021-12-08,2021,December,2021-22,75.94,USD/bbl,FRED,DCOILBRENTEU.csv,2026-08-21T15:32:16.886220+00:00,1.0
2021-12-09,2021,December,2021-22,74.1,USD/bbl,FRED,DCOILBRENTEU.csv,2026-08-21T15:32:16.886220+00:00,1.0
2021-12-10,2021,December,2021-22,74.98,USD/bbl,FRED,DCOILBRENTEU.csv,2026-08-21T15:32:16.886220+00:00,1.0
2021-12-13,2021,December,2021-22,74.12,USD/bbl,FRED,DCOILBRENTEU.csv,2026-08-21T15:32:16.886220+00:00,1.0
2021-12-14,2021,December,2021-22,73.37,USD/bbl,FRED,DCOILBRENTEU.csv,2026-08-21T15:32:16.886220+00:00,1.0
2021-12-15,2021,December,2021-22,73.71,USD/bbl,FRED,DCOILBRENTEU.csv,2026-08-21T15:32:16.886220+00:00,1.0
2021-12-16,2021,December,2021-22,74.64,USD/bbl,FRED,DCOILBRENTEU.csv,2026-08-21T15:32:16.886220+00:00,1.0
2021-12-17,2021,December,2021-22,72.97,USD/bbl,FRED,DCOILBRENTEU.csv,2026-08-21T15:32:16.886220+00:00,1.0
2021-12-20,2021,December,2021-22,70.51,USD/bbl,FRED,DCOILBRENTEU.csv,2026-08-21T15:32:16.886220+00:00,1.0
2021-12-21,2021,December,2021-22,72.85,USD/bbl,FRED,DCOILBRENTEU.csv,2026-08-21T15:32:16.886220+00:00,1.0
2021-12-22,2021,December,2021-22,74.69,USD/bbl,FRED,DCOILBRENTEU.csv,2026-08-21T15:32:16.886220+00:00,1.0
2021-12-23,2021,December,2021-22,76.26,USD/bbl,FRED,DCOILBRENTEU.csv,2026-08-21T15:32:16.886220+00:00,1.0
2021-12-24,2021,December,2021-22,75.24,USD/bbl,FRED,DCOILBRENTEU.csv,2026-08-21T15:32:16.886220+00:00,1.0
2021-12-27,2021,December,2021-22,,USD/bbl,FRED,DCOILBRENTEU.csv,2026-08-21T15:32:16.886220+00:00,1.0
2021-12-28,2021,December,2021-22,,USD/bbl,FRED,DCOILBRENTEU.csv,2026-08-21T15:32:16.886220+00:00,1.0
2021-12-29,2021,December,2021-22,78.63,USD/bbl,FRED,DCOILBRENTEU.csv,2026-08-21T15:32:16.886220+00:00,1.0
2021-12-30,2021,December,2021-22,78.61,USD/bbl,FRED,DCOILBRENTEU.csv,2026-08-21T15:32:16.886220+00:00,1.0
2021-12-31,2021,December,2021-22,77.24,USD/bbl,FRED,DCOILBRENTEU.csv,2026-08-21T15:32:16.886220+00:00,1.0
2022-01-03,2022,January,2021-22,78.25,USD/bbl,FRED,DCOILBRENTEU.csv,2026-08-21T15:32:16.886220+00:00,1.0
2022-01-04,2022,January,2021-22,79.39,USD/bbl,FRED,DCOILBRENTEU.csv,2026-08-21T15:32:16.886220+00:00,1.0
2022-01-05,2022,January,2021-22,80.6,USD/bbl,FRED,DCOILBRENTEU.csv,2026-08-21T15:32:16.886220+00:00,1.0
2022-01-06,2022,January,2021-22,81.99,USD/bbl,FRED,DCOILBRENTEU.csv,2026-08-21T15:32:16.886220+00:00,1.0
2022-01-07,2022,January,2021-22,82.28,USD/bbl,FRED,DCOILBRENTEU.csv,2026-08-21T15:32:16.886220+00:00,1.0
2022-01-10,2022,January,2021-22,81.56,USD/bbl,FRED,DCOILBRENTEU.csv,2026-08-21T15:32:16.886220+00:00,1.0
2022-01-11,2022,January,2021-22,84.98,USD/bbl,FRED,DCOILBRENTEU.csv,2026-08-21T15:32:16.886220+00:00,1.0
2022-01-12,2022,January,2021-22,85.83,USD/bbl,FRED,DCOILBRENTEU.csv,2026-08-21T15:32:16.886220+00:00,1.0
2022-01-13,2022,January,2021-22,85.8,USD/bbl,FRED,DCOILBRENTEU.csv,2026-08-21T15:32:16.886220+00:00,1.0
2022-01-14,2022,January,2021-22,87.17,USD/bbl,FRED,DCOILBRENTEU.csv,2026-08-21T15:32:16.886220+00:00,1.0
2022-01-17,2022,January,2021-22,87.82,USD/bbl,FRED,DCOILBRENTEU.csv,2026-08-21T15:32:16.886220+00:00,1.0
2022-01-18,2022,January,2021-22,88.83,USD/bbl,FRED,DCOILBRENTEU.csv,2026-08-21T15:32:16.886220+00:00,1.0
2022-01-19,2022,January,2021-22,89.64,USD/bbl,FRED,DCOILBRENTEU.csv,2026-08-21T15:32:16.886220+00:00,1.0
2022-01-20,2022,January,2021-22,89.75,USD/bbl,FRED,DCOILBRENTEU.csv,2026-08-21T15:32:16.886220+00:00,1.0
2022-01-21,2022,January,2021-22,89.75,USD/bbl,FRED,DCOILBRENTEU.csv,2026-08-21T15:32:16.886220+00:00,1.0
2022-01-24,2022,January,2021-22,87.74,USD/bbl,FRED,DCOILBRENTEU.csv,2026-08-21T15:32:16.886220+00:00,1.0
2022-01-25,2022,January,2021-22,89.49,USD/bbl,FRED,DCOILBRENTEU.csv,2026-08-21T15:32:16.886220+00:00,1.0
2022-01-26,2022,January,2021-22,91.22,USD/bbl,FRED,DCOILBRENTEU.csv,2026-08-21T15:32:16.886220+00:00,1.0
2022-01-27,2022,January,2021-22,90.7,USD/bbl,FRED,DCOILBRENTEU.csv,2026-08-21T15:32:16.886220+00:00,1.0
2022-01-28,2022,January,2021-22,91.47,USD/bbl,FRED,DCOILBRENTEU.csv,2026-08-21T15:32:16.886220+00:00,1.0
2022-01-31,2022,January,2021-22,92.35,USD/bbl,FRED,DCOILBRENTEU.csv,2026-08-21T15:32:16.886220+00:00,1.0
2022-02-01,2022,February,2021-22,90.24,USD/bbl,FRED,DCOILBRENTEU.csv,2026-08-21T15:32:16.886220+00:00,1.0
2022-02-02,2022,February,2021-22,91.43,USD/bbl,FRED,DCOILBRENTEU.csv,2026-08-21T15:32:16.886220+00:00,1.0
2022-02-03,2022,February,2021-22,92.99,USD/bbl,FRED,DCOILBRENTEU.csv,2026-08-21T15:32:16.886220+00:00,1.0
2022-02-04,2022,February,2021-22,96.86,USD/bbl,FRED,DCOILBRENTEU.csv,2026-08-21T15:32:16.886220+00:00,1.0
2022-02-07,2022,February,2021-22,97.28,USD/bbl,FRED,DCOILBRENTEU.csv,2026-08-21T15:32:16.886220+00:00,1.0
2022-02-08,2022,February,2021-22,96.07,USD/bbl,FRED,DCOILBRENTEU.csv,2026-08-21T15:32:16.886220+00:00,1.0
2022-02-09,2022,February,2021-22,94.95,USD/bbl,FRED,DCOILBRENTEU.csv,2026-08-21T15:32:16.886220+00:00,1.0
2022-02-10,2022,February,2021-22,96.37,USD/bbl,FRED,DCOILBRENTEU.csv,2026-08-21T15:32:16.886220+00:00,1.0
2022-02-11,2022,February,2021-22,97.5,USD/bbl,FRED,DCOILBRENTEU.csv,2026-08-21T15:32:16.886220+00:00,1.0
2022-02-14,2022,February,2021-22,101.66,USD/bbl,FRED,DCOILBRENTEU.csv,2026-08-21T15:32:16.886220+00:00,1.0
2022-02-15,2022,February,2021-22,98.43,USD/bbl,FRED,DCOILBRENTEU.csv,2026-08-21T15:32:16.886220+00:00,1.0
2022-02-16,2022,February,2021-22,97.44,USD/bbl,FRED,DCOILBRENTEU.csv,2026-08-21T15:32:16.886220+00:00,1.0
2022-02-17,2022,February,2021-22,95.28,USD/bbl,FRED,DCOILBRENTEU.csv,2026-08-21T15:32:16.886220+00:00,1.0
2022-02-18,2022,February,2021-22,96.18,USD/bbl,FRED,DCOILBRENTEU.csv,2026-08-21T15:32:16.886220+00:00,1.0
2022-02-21,2022,February,2021-22,98.95,USD/bbl,FRED,DCOILBRENTEU.csv,2026-08-21T15:32:16.886220+00:00,1.0
2022-02-22,2022,February,2021-22,98.73,USD/bbl,FRED,DCOILBRENTEU.csv,2026-08-21T15:32:16.886220+00:00,1.0
2022-02-23,2022,February,2021-22,99.29,USD/bbl,FRED,DCOILBRENTEU.csv,2026-08-21T15:32:16.886220+00:00,1.0
2022-02-24,2022,February,2021-22,101.29,USD/bbl,FRED,DCOILBRENTEU.csv,2026-08-21T15:32:16.886220+00:00,1.0
2022-02-25,2022,February,2021-22,98.56,USD/bbl,FRED,DCOILBRENTEU.csv,2026-08-21T15:32:16.886220+00:00,1.0
2022-02-28,2022,February,2021-22,103.08,USD/bbl,FRED,DCOILBRENTEU.csv,2026-08-21T15:32:16.886220+00:00,1.0
2022-03-01,2022,March,2021-22,110.93,USD/bbl,FRED,DCOILBRENTEU.csv,2026-08-21T15:32:16.886220+00:00,1.0
2022-03-02,2022,March,2021-22,118.94,USD/bbl,FRED,DCOILBRENTEU.csv,2026-08-21T15:32:16.886220+00:00,1.0
2022-03-03,2022,March,2021-22,115.36,USD/bbl,FRED,DCOILBRENTEU.csv,2026-08-21T15:32:16.886220+00:00,1.0
2022-03-04,2022,March,2021-22,123.86,USD/bbl,FRED,DCOILBRENTEU.csv,2026-08-21T15:32:16.886220+00:00,1.0
2022-03-07,2022,March,2021-22,129.02,USD/bbl,FRED,DCOILBRENTEU.csv,2026-08-21T15:32:16.886220+00:00,1.0
2022-03-08,2022,March,2021-22,133.18,USD/bbl,FRED,DCOILBRENTEU.csv,2026-08-21T15:32:16.886220+00:00,1.0
2022-03-09,2022,March,2021-22,116.58,USD/bbl,FRED,DCOILBRENTEU.csv,2026-08-21T15:32:16.886220+00:00,1.0
2022-03-10,2022,March,2021-22,114.54,USD/bbl,FRED,DCOILBRENTEU.csv,2026-08-21T15:32:16.886220+00:00,1.0
2022-03-11,2022,March,2021-22,118.11,USD/bbl,FRED,DCOILBRENTEU.csv,2026-08-21T15:32:16.886220+00:00,1.0
2022-03-14,2022,March,2021-22,110.39,USD/bbl,FRED,DCOILBRENTEU.csv,2026-08-21T15:32:16.886220+00:00,1.0
2022-03-15,2022,March,2021-22,105.14,USD/bbl,FRED,DCOILBRENTEU.csv,2026-08-21T15:32:16.886220+00:00,1.0
2022-03-16,2022,March,2021-22,104.61,USD/bbl,FRED,DCOILBRENTEU.csv,2026-08-21T15:32:16.886220+00:00,1.0
2022-03-17,2022,March,2021-22,113.5,USD/bbl,FRED,DCOILBRENTEU.csv,2026-08-21T15:32:16.886220+00:00,1.0
2022-03-18,2022,March,2021-22,114.32,USD/bbl,FRED,DCOILBRENTEU.csv,2026-08-21T15:32:16.886220+00:00,1.0
2022-03-21,2022,March,2021-22,122.29,USD/bbl,FRED,DCOILBRENTEU.csv,2026-08-21T15:32:16.886220+00:00,1.0
2022-03-22,2022,March,2021-22,121.53,USD/bbl,FRED,DCOILBRENTEU.csv,2026-08-21T15:32:16.886220+00:00,1.0
2022-03-23,2022,March,2021-22,127.52,USD/bbl,FRED,DCOILBRENTEU.csv,2026-08-21T15:32:16.886220+00:00,1.0
2022-03-24,2022,March,2021-22,123.98,USD/bbl,FRED,DCOILBRENTEU.csv,2026-08-21T15:32:16.886220+00:00,1.0
2022-03-25,2022,March,2021-22,122.67,USD/bbl,FRED,DCOILBRENTEU.csv,2026-08-21T15:32:16.886220+00:00,1.0
2022-03-28,2022,March,2021-22,114.5,USD/bbl,FRED,DCOILBRENTEU.csv,2026-08-21T15:32:16.886220+00:00,1.0
2022-03-29,2022,March,2021-22,112.79,USD/bbl,FRED,DCOILBRENTEU.csv,2026-08-21T15:32:16.886220+00:00,1.0
2022-03-30,2022,March,2021-22,115.59,USD/bbl,FRED,DCOILBRENTEU.csv,2026-08-21T15:32:16.886220+00:00,1.0
2022-03-31,2022,March,2021-22,107.29,USD/bbl,FRED,DCOILBRENTEU.csv,2026-08-21T15:32:16.886220+00:00,1.0
2022-04-01,2022,April,2022-23,106.13,USD/bbl,FRED,DCOILBRENTEU.csv,2026-08-21T15:32:16.886220+00:00,1.0
2022-04-04,2022,April,2022-23,108.15,USD/bbl,FRED,DCOILBRENTEU.csv,2026-08-21T15:32:16.886220+00:00,1.0
2022-04-05,2022,April,2022-23,106.6,USD/bbl,FRED,DCOILBRENTEU.csv,2026-08-21T15:32:16.886220+00:00,1.0
2022-04-06,2022,April,2022-23,100.81,USD/bbl,FRED,DCOILBRENTEU.csv,2026-08-21T15:32:16.886220+00:00,1.0
2022-04-07,2022,April,2022-23,99.83,USD/bbl,FRED,DCOILBRENTEU.csv,2026-08-21T15:32:16.886220+00:00,1.0
2022-04-08,2022,April,2022-23,101.26,USD/bbl,FRED,DCOILBRENTEU.csv,2026-08-21T15:32:16.886220+00:00,1.0
2022-04-11,2022,April,2022-23,97.92,USD/bbl,FRED,DCOILBRENTEU.csv,2026-08-21T15:32:16.886220+00:00,1.0
2022-04-12,2022,April,2022-23,104.42,USD/bbl,FRED,DCOILBRENTEU.csv,2026-08-21T15:32:16.886220+00:00,1.0
2022-04-13,2022,April,2022-23,108.49,USD/bbl,FRED,DCOILBRENTEU.csv,2026-08-21T15:32:16.886220+00:00,1.0
2022-04-14,2022,April,2022-23,110.83,USD/bbl,FRED,DCOILBRENTEU.csv,2026-08-21T15:32:16.886220+00:00,1.0
2022-04-15,2022,April,2022-23,,USD/bbl,FRED,DCOILBRENTEU.csv,2026-08-21T15:32:16.886220+00:00,1.0
2022-04-18,2022,April,2022-23,,USD/bbl,FRED,DCOILBRENTEU.csv,2026-08-21T15:32:16.886220+00:00,1.0
2022-04-19,2022,April,2022-23,105.49,USD/bbl,FRED,DCOILBRENTEU.csv,2026-08-21T15:32:16.886220+00:00,1.0
2022-04-20,2022,April,2022-23,105.05,USD/bbl,FRED,DCOILBRENTEU.csv,2026-08-21T15:32:16.886220+00:00,1.0
2022-04-21,2022,April,2022-23,107.2,USD/bbl,FRED,DCOILBRENTEU.csv,2026-08-21T15:32:16.886220+00:00,1.0
2022-04-22,2022,April,2022-23,105.15,USD/bbl,FRED,DCOILBRENTEU.csv,2026-08-21T15:32:16.886220+00:00,1.0
2022-04-25,2022,April,2022-23,99.27,USD/bbl,FRED,DCOILBRENTEU.csv,2026-08-21T15:32:16.886220+00:00,1.0
2022-04-26,2022,April,2022-23,102.89,USD/bbl,FRED,DCOILBRENTEU.csv,2026-08-21T15:32:16.886220+00:00,1.0
2022-04-27,2022,April,2022-23,103.3,USD/bbl,FRED,DCOILBRENTEU.csv,2026-08-21T15:32:16.886220+00:00,1.0
2022-04-28,2022,April,2022-23,105.78,USD/bbl,FRED,DCOILBRENTEU.csv,2026-08-21T15:32:16.886220+00:00,1.0
2022-04-29,2022,April,2022-23,108.36,USD/bbl,FRED,DCOILBRENTEU.csv,2026-08-21T15:32:16.886220+00:00,1.0
2022-05-02,2022,May,2022-23,,USD/bbl,FRED,DCOILBRENTEU.csv,2026-08-21T15:32:16.886220+00:00,1.0
2022-05-03,2022,May,2022-23,104.94,USD/bbl,FRED,DCOILBRENTEU.csv,2026-08-21T15:32:16.886220+00:00,1.0
2022-05-04,2022,May,2022-23,110.53,USD/bbl,FRED,DCOILBRENTEU.csv,2026-08-21T15:32:16.886220+00:00,1.0
2022-05-05,2022,May,2022-23,112.11,USD/bbl,FRED,DCOILBRENTEU.csv,2026-08-21T15:32:16.886220+00:00,1.0
2022-05-06,2022,May,2022-23,113.86,USD/bbl,FRED,DCOILBRENTEU.csv,2026-08-21T15:32:16.886220+00:00,1.0
2022-05-09,2022,May,2022-23,106.67,USD/bbl,FRED,DCOILBRENTEU.csv,2026-08-21T15:32:16.886220+00:00,1.0
2022-05-10,2022,May,2022-23,102.61,USD/bbl,FRED,DCOILBRENTEU.csv,2026-08-21T15:32:16.886220+00:00,1.0
2022-05-11,2022,May,2022-23,107.7,USD/bbl,FRED,DCOILBRENTEU.csv,2026-08-21T15:32:16.886220+00:00,1.0
2022-05-12,2022,May,2022-23,108.06,USD/bbl,FRED,DCOILBRENTEU.csv,2026-08-21T15:32:16.886220+00:00,1.0
2022-05-13,2022,May,2022-23,112.12,USD/bbl,FRED,DCOILBRENTEU.csv,2026-08-21T15:32:16.886220+00:00,1.0
2022-05-16,2022,May,2022-23,114.86,USD/bbl,FRED,DCOILBRENTEU.csv,2026-08-21T15:32:16.886220+00:00,1.0
2022-05-17,2022,May,2022-23,112.89,USD/bbl,FRED,DCOILBRENTEU.csv,2026-08-21T15:32:16.886220+00:00,1.0
2022-05-18,2022,May,2022-23,110.04,USD/bbl,FRED,DCOILBRENTEU.csv,2026-08-21T15:32:16.886220+00:00,1.0
2022-05-19,2022,May,2022-23,113.22,USD/bbl,FRED,DCOILBRENTEU.csv,2026-08-21T15:32:16.886220+00:00,1.0
2022-05-20,2022,May,2022-23,113.63,USD/bbl,FRED,DCOILBRENTEU.csv,2026-08-21T15:32:16.886220+00:00,1.0
2022-05-23,2022,May,2022-23,115.13,USD/bbl,FRED,DCOILBRENTEU.csv,2026-08-21T15:32:16.886220+00:00,1.0
2022-05-24,2022,May,2022-23,115.77,USD/bbl,FRED,DCOILBRENTEU.csv,2026-08-21T15:32:16.886220+00:00,1.0
2022-05-25,2022,May,2022-23,116.41,USD/bbl,FRED,DCOILBRENTEU.csv,2026-08-21T15:32:16.886220+00:00,1.0
2022-05-26,2022,May,2022-23,119.81,USD/bbl,FRED,DCOILBRENTEU.csv,2026-08-21T15:32:16.886220+00:00,1.0
2022-05-27,2022,May,2022-23,121.19,USD/bbl,FRED,DCOILBRENTEU.csv,2026-08-21T15:32:16.886220+00:00,1.0
2022-05-30,2022,May,2022-23,123.01,USD/bbl,FRED,DCOILBRENTEU.csv,2026-08-21T15:32:16.886220+00:00,1.0
2022-05-31,2022,May,2022-23,125.53,USD/bbl,FRED,DCOILBRENTEU.csv,2026-08-21T15:32:16.886220+00:00,1.0
2022-06-01,2022,June,2022-23,122.2,USD/bbl,FRED,DCOILBRENTEU.csv,2026-08-21T15:32:16.886220+00:00,1.0
2022-06-02,2022,June,2022-23,,USD/bbl,FRED,DCOILBRENTEU.csv,2026-08-21T15:32:16.886220+00:00,1.0
2022-06-03,2022,June,2022-23,125.68,USD/bbl,FRED,DCOILBRENTEU.csv,2026-08-21T15:32:16.886220+00:00,1.0
2022-06-06,2022,June,2022-23,124.99,USD/bbl,FRED,DCOILBRENTEU.csv,2026-08-21T15:32:16.886220+00:00,1.0
2022-06-07,2022,June,2022-23,126.89,USD/bbl,FRED,DCOILBRENTEU.csv,2026-08-21T15:32:16.886220+00:00,1.0
2022-06-08,2022,June,2022-23,129.2,USD/bbl,FRED,DCOILBRENTEU.csv,2026-08-21T15:32:16.886220+00:00,1.0
2022-06-09,2022,June,2022-23,128.47,USD/bbl,FRED,DCOILBRENTEU.csv,2026-08-21T15:32:16.886220+00:00,1.0
2022-06-10,2022,June,2022-23,127.44,USD/bbl,FRED,DCOILBRENTEU.csv,2026-08-21T15:32:16.886220+00:00,1.0
2022-06-13,2022,June,2022-23,128.44,USD/bbl,FRED,DCOILBRENTEU.csv,2026-08-21T15:32:16.886220+00:00,1.0
2022-06-14,2022,June,2022-23,127.02,USD/bbl,FRED,DCOILBRENTEU.csv,2026-08-21T15:32:16.886220+00:00,1.0
2022-06-15,2022,June,2022-23,124.96,USD/bbl,FRED,DCOILBRENTEU.csv,2026-08-21T15:32:16.886220+00:00,1.0
2022-06-16,2022,June,2022-23,125.78,USD/bbl,FRED,DCOILBRENTEU.csv,2026-08-21T15:32:16.886220+00:00,1.0
2022-06-17,2022,June,2022-23,119.22,USD/bbl,FRED,DCOILBRENTEU.csv,2026-08-21T15:32:16.886220+00:00,1.0
2022-06-20,2022,June,2022-23,118.25,USD/bbl,FRED,DCOILBRENTEU.csv,2026-08-21T15:32:16.886220+00:00,1.0
2022-06-21,2022,June,2022-23,118.51,USD/bbl,FRED,DCOILBRENTEU.csv,2026-08-21T15:32:16.886220+00:00,1.0
2022-06-22,2022,June,2022-23,115.54,USD/bbl,FRED,DCOILBRENTEU.csv,2026-08-21T15:32:16.886220+00:00,1.0
2022-06-23,2022,June,2022-23,114.5,USD/bbl,FRED,DCOILBRENTEU.csv,2026-08-21T15:32:16.886220+00:00,1.0
2022-06-24,2022,June,2022-23,117.36,USD/bbl,FRED,DCOILBRENTEU.csv,2026-08-21T15:32:16.886220+00:00,1.0
2022-06-27,2022,June,2022-23,119.69,USD/bbl,FRED,DCOILBRENTEU.csv,2026-08-21T15:32:16.886220+00:00,1.0
2022-06-28,2022,June,2022-23,122.21,USD/bbl,FRED,DCOILBRENTEU.csv,2026-08-21T15:32:16.886220+00:00,1.0
2022-06-29,2022,June,2022-23,120.8,USD/bbl,FRED,DCOILBRENTEU.csv,2026-08-21T15:32:16.886220+00:00,1.0
2022-06-30,2022,June,2022-23,119.78,USD/bbl,FRED,DCOILBRENTEU.csv,2026-08-21T15:32:16.886220+00:00,1.0
2022-07-01,2022,July,2022-23,119.21,USD/bbl,FRED,DCOILBRENTEU.csv,2026-08-21T15:32:16.886220+00:00,1.0
2022-07-04,2022,July,2022-23,121.8,USD/bbl,FRED,DCOILBRENTEU.csv,2026-08-21T15:32:16.886220+00:00,1.0
2022-07-05,2022,July,2022-23,110.49,USD/bbl,FRED,DCOILBRENTEU.csv,2026-08-21T15:32:16.886220+00:00,1.0
2022-07-06,2022,July,2022-23,108.54,USD/bbl,FRED,DCOILBRENTEU.csv,2026-08-21T15:32:16.886220+00:00,1.0
2022-07-07,2022,July,2022-23,113.4,USD/bbl,FRED,DCOILBRENTEU.csv,2026-08-21T15:32:16.886220+00:00,1.0
2022-07-08,2022,July,2022-23,113.95,USD/bbl,FRED,DCOILBRENTEU.csv,2026-08-21T15:32:16.886220+00:00,1.0
2022-07-11,2022,July,2022-23,114.85,USD/bbl,FRED,DCOILBRENTEU.csv,2026-08-21T15:32:16.886220+00:00,1.0
2022-07-12,2022,July,2022-23,106.98,USD/bbl,FRED,DCOILBRENTEU.csv,2026-08-21T15:32:16.886220+00:00,1.0
2022-07-13,2022,July,2022-23,107.17,USD/bbl,FRED,DCOILBRENTEU.csv,2026-08-21T15:32:16.886220+00:00,1.0
2022-07-14,2022,July,2022-23,107.74,USD/bbl,FRED,DCOILBRENTEU.csv,2026-08-21T15:32:16.886220+00:00,1.0
2022-07-15,2022,July,2022-23,112.26,USD/bbl,FRED,DCOILBRENTEU.csv,2026-08-21T15:32:16.886220+00:00,1.0
2022-07-18,2022,July,2022-23,117.27,USD/bbl,FRED,DCOILBRENTEU.csv,2026-08-21T15:32:16.886220+00:00,1.0
2022-07-19,2022,July,2022-23,114.96,USD/bbl,FRED,DCOILBRENTEU.csv,2026-08-21T15:32:16.886220+00:00,1.0
2022-07-20,2022,July,2022-23,115.86,USD/bbl,FRED,DCOILBRENTEU.csv,2026-08-21T15:32:16.886220+00:00,1.0
2022-07-21,2022,July,2022-23,112.81,USD/bbl,FRED,DCOILBRENTEU.csv,2026-08-21T15:32:16.886220+00:00,1.0
2022-07-22,2022,July,2022-23,106.77,USD/bbl,FRED,DCOILBRENTEU.csv,2026-08-21T15:32:16.886220+00:00,1.0
2022-07-25,2022,July,2022-23,108.23,USD/bbl,FRED,DCOILBRENTEU.csv,2026-08-21T15:32:16.886220+00:00,1.0
2022-07-26,2022,July,2022-23,107.32,USD/bbl,FRED,DCOILBRENTEU.csv,2026-08-21T15:32:16.886220+00:00,1.0
2022-07-27,2022,July,2022-23,109.64,USD/bbl,FRED,DCOILBRENTEU.csv,2026-08-21T15:32:16.886220+00:00,1.0
2022-07-28,2022,July,2022-23,109.68,USD/bbl,FRED,DCOILBRENTEU.csv,2026-08-21T15:32:16.886220+00:00,1.0
2022-07-29,2022,July,2022-23,111.51,USD/bbl,FRED,DCOILBRENTEU.csv,2026-08-21T15:32:16.886220+00:00,1.0
2022-08-01,2022,August,2022-23,106.09,USD/bbl,FRED,DCOILBRENTEU.csv,2026-08-21T15:32:16.886220+00:00,1.0
2022-08-02,2022,August,2022-23,106.51,USD/bbl,FRED,DCOILBRENTEU.csv,2026-08-21T15:32:16.886220+00:00,1.0
2022-08-03,2022,August,2022-23,101.82,USD/bbl,FRED,DCOILBRENTEU.csv,2026-08-21T15:32:16.886220+00:00,1.0
2022-08-04,2022,August,2022-23,97.99,USD/bbl,FRED,DCOILBRENTEU.csv,2026-08-21T15:32:16.886220+00:00,1.0
2022-08-05,2022,August,2022-23,100.31,USD/bbl,FRED,DCOILBRENTEU.csv,2026-08-21T15:32:16.886220+00:00,1.0
2022-08-08,2022,August,2022-23,103.46,USD/bbl,FRED,DCOILBRENTEU.csv,2026-08-21T15:32:16.886220+00:00,1.0
2022-08-09,2022,August,2022-23,103.81,USD/bbl,FRED,DCOILBRENTEU.csv,2026-08-21T15:32:16.886220+00:00,1.0
2022-08-10,2022,August,2022-23,105.06,USD/bbl,FRED,DCOILBRENTEU.csv,2026-08-21T15:32:16.886220+00:00,1.0
2022-08-11,2022,August,2022-23,107.19,USD/bbl,FRED,DCOILBRENTEU.csv,2026-08-21T15:32:16.886220+00:00,1.0
2022-08-12,2022,August,2022-23,103.7,USD/bbl,FRED,DCOILBRENTEU.csv,2026-08-21T15:32:16.886220+00:00,1.0
2022-08-15,2022,August,2022-23,98.25,USD/bbl,FRED,DCOILBRENTEU.csv,2026-08-21T15:32:16.886220+00:00,1.0
2022-08-16,2022,August,2022-23,95.36,USD/bbl,FRED,DCOILBRENTEU.csv,2026-08-21T15:32:16.886220+00:00,1.0
2022-08-17,2022,August,2022-23,97.22,USD/bbl,FRED,DCOILBRENTEU.csv,2026-08-21T15:32:16.886220+00:00,1.0
2022-08-18,2022,August,2022-23,96.35,USD/bbl,FRED,DCOILBRENTEU.csv,2026-08-21T15:32:16.886220+00:00,1.0
2022-08-19,2022,August,2022-23,96.45,USD/bbl,FRED,DCOILBRENTEU.csv,2026-08-21T15:32:16.886220+00:00,1.0
2022-08-22,2022,August,2022-23,95.06,USD/bbl,FRED,DCOILBRENTEU.csv,2026-08-21T15:32:16.886220+00:00,1.0
2022-08-23,2022,August,2022-23,99.49,USD/bbl,FRED,DCOILBRENTEU.csv,2026-08-21T15:32:16.886220+00:00,1.0
2022-08-24,2022,August,2022-23,99.87,USD/bbl,FRED,DCOILBRENTEU.csv,2026-08-21T15:32:16.886220+00:00,1.0
2022-08-25,2022,August,2022-23,98.81,USD/bbl,FRED,DCOILBRENTEU.csv,2026-08-21T15:32:16.886220+00:00,1.0
2022-08-26,2022,August,2022-23,101.13,USD/bbl,FRED,DCOILBRENTEU.csv,2026-08-21T15:32:16.886220+00:00,1.0
2022-08-29,2022,August,2022-23,,USD/bbl,FRED,DCOILBRENTEU.csv,2026-08-21T15:32:16.886220+00:00,1.0
2022-08-30,2022,August,2022-23,99.34,USD/bbl,FRED,DCOILBRENTEU.csv,2026-08-21T15:32:16.886220+00:00,1.0
2022-08-31,2022,August,2022-23,96.55,USD/bbl,FRED,DCOILBRENTEU.csv,2026-08-21T15:32:16.886220+00:00,1.0
2022-09-01,2022,September,2022-23,92.24,USD/bbl,FRED,DCOILBRENTEU.csv,2026-08-21T15:32:16.886220+00:00,1.0
2022-09-02,2022,September,2022-23,93.09,USD/bbl,FRED,DCOILBRENTEU.csv,2026-08-21T15:32:16.886220+00:00,1.0
2022-09-05,2022,September,2022-23,94.22,USD/bbl,FRED,DCOILBRENTEU.csv,2026-08-21T15:32:16.886220+00:00,1.0
2022-09-06,2022,September,2022-23,91.43,USD/bbl,FRED,DCOILBRENTEU.csv,2026-08-21T15:32:16.886220+00:00,1.0
2022-09-07,2022,September,2022-23,86.83,USD/bbl,FRED,DCOILBRENTEU.csv,2026-08-21T15:32:16.886220+00:00,1.0
2022-09-08,2022,September,2022-23,87.99,USD/bbl,FRED,DCOILBRENTEU.csv,2026-08-21T15:32:16.886220+00:00,1.0
2022-09-09,2022,September,2022-23,91.68,USD/bbl,FRED,DCOILBRENTEU.csv,2026-08-21T15:32:16.886220+00:00,1.0
2022-09-12,2022,September,2022-23,93.45,USD/bbl,FRED,DCOILBRENTEU.csv,2026-08-21T15:32:16.886220+00:00,1.0
2022-09-13,2022,September,2022-23,92.04,USD/bbl,FRED,DCOILBRENTEU.csv,2026-08-21T15:32:16.886220+00:00,1.0
2022-09-14,2022,September,2022-23,92.83,USD/bbl,FRED,DCOILBRENTEU.csv,2026-08-21T15:32:16.886220+00:00,1.0
2022-09-15,2022,September,2022-23,89.28,USD/bbl,FRED,DCOILBRENTEU.csv,2026-08-21T15:32:16.886220+00:00,1.0
2022-09-16,2022,September,2022-23,89.43,USD/bbl,FRED,DCOILBRENTEU.csv,2026-08-21T15:32:16.886220+00:00,1.0
2022-09-19,2022,September,2022-23,,USD/bbl,FRED,DCOILBRENTEU.csv,2026-08-21T15:32:16.886220+00:00,1.0
2022-09-20,2022,September,2022-23,89.62,USD/bbl,FRED,DCOILBRENTEU.csv,2026-08-21T15:32:16.886220+00:00,1.0
2022-09-21,2022,September,2022-23,89.86,USD/bbl,FRED,DCOILBRENTEU.csv,2026-08-21T15:32:16.886220+00:00,1.0
2022-09-22,2022,September,2022-23,90.4,USD/bbl,FRED,DCOILBRENTEU.csv,2026-08-21T15:32:16.886220+00:00,1.0
2022-09-23,2022,September,2022-23,84.29,USD/bbl,FRED,DCOILBRENTEU.csv,2026-08-21T15:32:16.886220+00:00,1.0
2022-09-26,2022,September,2022-23,82.55,USD/bbl,FRED,DCOILBRENTEU.csv,2026-08-21T15:32:16.886220+00:00,1.0
2022-09-27,2022,September,2022-23,85.97,USD/bbl,FRED,DCOILBRENTEU.csv,2026-08-21T15:32:16.886220+00:00,1.0
2022-09-28,2022,September,2022-23,89.55,USD/bbl,FRED,DCOILBRENTEU.csv,2026-08-21T15:32:16.886220+00:00,1.0
2022-09-29,2022,September,2022-23,89.41,USD/bbl,FRED,DCOILBRENTEU.csv,2026-08-21T15:32:16.886220+00:00,1.0
2022-09-30,2022,September,2022-23,88.9,USD/bbl,FRED,DCOILBRENTEU.csv,2026-08-21T15:32:16.886220+00:00,1.0
2022-10-03,2022,October,2022-23,90.68,USD/bbl,FRED,DCOILBRENTEU.csv,2026-08-21T15:32:16.886220+00:00,1.0
2022-10-04,2022,October,2022-23,93.74,USD/bbl,FRED,DCOILBRENTEU.csv,2026-08-21T15:32:16.886220+00:00,1.0
2022-10-05,2022,October,2022-23,94.35,USD/bbl,FRED,DCOILBRENTEU.csv,2026-08-21T15:32:16.886220+00:00,1.0
2022-10-06,2022,October,2022-23,95.65,USD/bbl,FRED,DCOILBRENTEU.csv,2026-08-21T15:32:16.886220+00:00,1.0
2022-10-07,2022,October,2022-23,98.88,USD/bbl,FRED,DCOILBRENTEU.csv,2026-08-21T15:32:16.886220+00:00,1.0
2022-10-10,2022,October,2022-23,97.13,USD/bbl,FRED,DCOILBRENTEU.csv,2026-08-21T15:32:16.886220+00:00,1.0
2022-10-11,2022,October,2022-23,95.17,USD/bbl,FRED,DCOILBRENTEU.csv,2026-08-21T15:32:16.886220+00:00,1.0
2022-10-12,2022,October,2022-23,93.44,USD/bbl,FRED,DCOILBRENTEU.csv,2026-08-21T15:32:16.886220+00:00,1.0
2022-10-13,2022,October,2022-23,95.16,USD/bbl,FRED,DCOILBRENTEU.csv,2026-08-21T15:32:16.886220+00:00,1.0
2022-10-14,2022,October,2022-23,92.22,USD/bbl,FRED,DCOILBRENTEU.csv,2026-08-21T15:32:16.886220+00:00,1.0
2022-10-17,2022,October,2022-23,91.04,USD/bbl,FRED,DCOILBRENTEU.csv,2026-08-21T15:32:16.886220+00:00,1.0
2022-10-18,2022,October,2022-23,89.46,USD/bbl,FRED,DCOILBRENTEU.csv,2026-08-21T15:32:16.886220+00:00,1.0
2022-10-19,2022,October,2022-23,91.34,USD/bbl,FRED,DCOILBRENTEU.csv,2026-08-21T15:32:16.886220+00:00,1.0
2022-10-20,2022,October,2022-23,91.52,USD/bbl,FRED,DCOILBRENTEU.csv,2026-08-21T15:32:16.886220+00:00,1.0
2022-10-21,2022,October,2022-23,91.82,USD/bbl,FRED,DCOILBRENTEU.csv,2026-08-21T15:32:16.886220+00:00,1.0
2022-10-24,2022,October,2022-23,91.57,USD/bbl,FRED,DCOILBRENTEU.csv,2026-08-21T15:32:16.886220+00:00,1.0
2022-10-25,2022,October,2022-23,91.76,USD/bbl,FRED,DCOILBRENTEU.csv,2026-08-21T15:32:16.886220+00:00,1.0
2022-10-26,2022,October,2022-23,92.93,USD/bbl,FRED,DCOILBRENTEU.csv,2026-08-21T15:32:16.886220+00:00,1.0
2022-10-27,2022,October,2022-23,94.17,USD/bbl,FRED,DCOILBRENTEU.csv,2026-08-21T15:32:16.886220+00:00,1.0
2022-10-28,2022,October,2022-23,94.64,USD/bbl,FRED,DCOILBRENTEU.csv,2026-08-21T15:32:16.886220+00:00,1.0
2022-10-31,2022,October,2022-23,93.3,USD/bbl,FRED,DCOILBRENTEU.csv,2026-08-21T15:32:16.886220+00:00,1.0
2022-11-01,2022,November,2022-23,95.12,USD/bbl,FRED,DCOILBRENTEU.csv,2026-08-21T15:32:16.886220+00:00,1.0
2022-11-02,2022,November,2022-23,96.07,USD/bbl,FRED,DCOILBRENTEU.csv,2026-08-21T15:32:16.886220+00:00,1.0
2022-11-03,2022,November,2022-23,95.29,USD/bbl,FRED,DCOILBRENTEU.csv,2026-08-21T15:32:16.886220+00:00,1.0
2022-11-04,2022,November,2022-23,99.53,USD/bbl,FRED,DCOILBRENTEU.csv,2026-08-21T15:32:16.886220+00:00,1.0
2022-11-07,2022,November,2022-23,99.87,USD/bbl,FRED,DCOILBRENTEU.csv,2026-08-21T15:32:16.886220+00:00,1.0
2022-11-08,2022,November,2022-23,96.85,USD/bbl,FRED,DCOILBRENTEU.csv,2026-08-21T15:32:16.886220+00:00,1.0
2022-11-09,2022,November,2022-23,93.05,USD/bbl,FRED,DCOILBRENTEU.csv,2026-08-21T15:32:16.886220+00:00,1.0
2022-11-10,2022,November,2022-23,94.25,USD/bbl,FRED,DCOILBRENTEU.csv,2026-08-21T15:32:16.886220+00:00,1.0
2022-11-11,2022,November,2022-23,96.37,USD/bbl,FRED,DCOILBRENTEU.csv,2026-08-21T15:32:16.886220+00:00,1.0
2022-11-14,2022,November,2022-23,93.59,USD/bbl,FRED,DCOILBRENTEU.csv,2026-08-21T15:32:16.886220+00:00,1.0
2022-11-15,2022,November,2022-23,94.3,USD/bbl,FRED,DCOILBRENTEU.csv,2026-08-21T15:32:16.886220+00:00,1.0
2022-11-16,2022,November,2022-23,92.61,USD/bbl,FRED,DCOILBRENTEU.csv,2026-08-21T15:32:16.886220+00:00,1.0
2022-11-17,2022,November,2022-23,91.0,USD/bbl,FRED,DCOILBRENTEU.csv,2026-08-21T15:32:16.886220+00:00,1.0
2022-11-18,2022,November,2022-23,88.93,USD/bbl,FRED,DCOILBRENTEU.csv,2026-08-21T15:32:16.886220+00:00,1.0
2022-11-21,2022,November,2022-23,88.44,USD/bbl,FRED,DCOILBRENTEU.csv,2026-08-21T15:32:16.886220+00:00,1.0
2022-11-22,2022,November,2022-23,88.65,USD/bbl,FRED,DCOILBRENTEU.csv,2026-08-21T15:32:16.886220+00:00,1.0
2022-11-23,2022,November,2022-23,85.9,USD/bbl,FRED,DCOILBRENTEU.csv,2026-08-21T15:32:16.886220+00:00,1.0
2022-11-24,2022,November,2022-23,85.59,USD/bbl,FRED,DCOILBRENTEU.csv,2026-08-21T15:32:16.886220+00:00,1.0
2022-11-25,2022,November,2022-23,83.4,USD/bbl,FRED,DCOILBRENTEU.csv,2026-08-21T15:32:16.886220+00:00,1.0
2022-11-28,2022,November,2022-23,83.5,USD/bbl,FRED,DCOILBRENTEU.csv,2026-08-21T15:32:16.886220+00:00,1.0
2022-11-29,2022,November,2022-23,83.22,USD/bbl,FRED,DCOILBRENTEU.csv,2026-08-21T15:32:16.886220+00:00,1.0
2022-11-30,2022,November,2022-23,85.61,USD/bbl,FRED,DCOILBRENTEU.csv,2026-08-21T15:32:16.886220+00:00,1.0
2022-12-01,2022,December,2022-23,86.28,USD/bbl,FRED,DCOILBRENTEU.csv,2026-08-21T15:32:16.886220+00:00,1.0
2022-12-02,2022,December,2022-23,86.54,USD/bbl,FRED,DCOILBRENTEU.csv,2026-08-21T15:32:16.886220+00:00,1.0
2022-12-05,2022,December,2022-23,83.36,USD/bbl,FRED,DCOILBRENTEU.csv,2026-08-21T15:32:16.886220+00:00,1.0
2022-12-06,2022,December,2022-23,79.92,USD/bbl,FRED,DCOILBRENTEU.csv,2026-08-21T15:32:16.886220+00:00,1.0
2022-12-07,2022,December,2022-23,77.11,USD/bbl,FRED,DCOILBRENTEU.csv,2026-08-21T15:32:16.886220+00:00,1.0
2022-12-08,2022,December,2022-23,76.02,USD/bbl,FRED,DCOILBRENTEU.csv,2026-08-21T15:32:16.886220+00:00,1.0
2022-12-09,2022,December,2022-23,76.37,USD/bbl,FRED,DCOILBRENTEU.csv,2026-08-21T15:32:16.886220+00:00,1.0
2022-12-12,2022,December,2022-23,78.0,USD/bbl,FRED,DCOILBRENTEU.csv,2026-08-21T15:32:16.886220+00:00,1.0
2022-12-13,2022,December,2022-23,80.14,USD/bbl,FRED,DCOILBRENTEU.csv,2026-08-21T15:32:16.886220+00:00,1.0
2022-12-14,2022,December,2022-23,83.33,USD/bbl,FRED,DCOILBRENTEU.csv,2026-08-21T15:32:16.886220+00:00,1.0
2022-12-15,2022,December,2022-23,82.34,USD/bbl,FRED,DCOILBRENTEU.csv,2026-08-21T15:32:16.886220+00:00,1.0
2022-12-16,2022,December,2022-23,80.2,USD/bbl,FRED,DCOILBRENTEU.csv,2026-08-21T15:32:16.886220+00:00,1.0
2022-12-19,2022,December,2022-23,81.66,USD/bbl,FRED,DCOILBRENTEU.csv,2026-08-21T15:32:16.886220+00:00,1.0
2022-12-20,2022,December,2022-23,79.45,USD/bbl,FRED,DCOILBRENTEU.csv,2026-08-21T15:32:16.886220+00:00,1.0
2022-12-21,2022,December,2022-23,80.25,USD/bbl,FRED,DCOILBRENTEU.csv,2026-08-21T15:32:16.886220+00:00,1.0
2022-12-22,2022,December,2022-23,79.58,USD/bbl,FRED,DCOILBRENTEU.csv,2026-08-21T15:32:16.886220+00:00,1.0
2022-12-23,2022,December,2022-23,82.45,USD/bbl,FRED,DCOILBRENTEU.csv,2026-08-21T15:32:16.886220+00:00,1.0
2022-12-26,2022,December,2022-23,,USD/bbl,FRED,DCOILBRENTEU.csv,2026-08-21T15:32:16.886220+00:00,1.0
2022-12-27,2022,December,2022-23,,USD/bbl,FRED,DCOILBRENTEU.csv,2026-08-21T15:32:16.886220+00:00,1.0
2022-12-28,2022,December,2022-23,81.7,USD/bbl,FRED,DCOILBRENTEU.csv,2026-08-21T15:32:16.886220+00:00,1.0
2022-12-29,2022,December,2022-23,80.96,USD/bbl,FRED,DCOILBRENTEU.csv,2026-08-21T15:32:16.886220+00:00,1.0
2022-12-30,2022,December,2022-23,82.82,USD/bbl,FRED,DCOILBRENTEU.csv,2026-08-21T15:32:16.886220+00:00,1.0
2023-01-02,2023,January,2022-23,,USD/bbl,FRED,DCOILBRENTEU.csv,2026-08-21T15:32:16.886220+00:00,1.0
2023-01-03,2023,January,2022-23,80.36,USD/bbl,FRED,DCOILBRENTEU.csv,2026-08-21T15:32:16.886220+00:00,1.0
2023-01-04,2023,January,2022-23,75.31,USD/bbl,FRED,DCOILBRENTEU.csv,2026-08-21T15:32:16.886220+00:00,1.0
2023-01-05,2023,January,2022-23,76.73,USD/bbl,FRED,DCOILBRENTEU.csv,2026-08-21T15:32:16.886220+00:00,1.0
2023-01-06,2023,January,2022-23,76.41,USD/bbl,FRED,DCOILBRENTEU.csv,2026-08-21T15:32:16.886220+00:00,1.0
2023-01-09,2023,January,2022-23,77.5,USD/bbl,FRED,DCOILBRENTEU.csv,2026-08-21T15:32:16.886220+00:00,1.0
2023-01-10,2023,January,2022-23,78.4,USD/bbl,FRED,DCOILBRENTEU.csv,2026-08-21T15:32:16.886220+00:00,1.0
2023-01-11,2023,January,2022-23,81.11,USD/bbl,FRED,DCOILBRENTEU.csv,2026-08-21T15:32:16.886220+00:00,1.0
2023-01-12,2023,January,2022-23,82.59,USD/bbl,FRED,DCOILBRENTEU.csv,2026-08-21T15:32:16.886220+00:00,1.0
2023-01-13,2023,January,2022-23,83.43,USD/bbl,FRED,DCOILBRENTEU.csv,2026-08-21T15:32:16.886220+00:00,1.0
2023-01-16,2023,January,2022-23,82.65,USD/bbl,FRED,DCOILBRENTEU.csv,2026-08-21T15:32:16.886220+00:00,1.0
2023-01-17,2023,January,2022-23,84.38,USD/bbl,FRED,DCOILBRENTEU.csv,2026-08-21T15:32:16.886220+00:00,1.0
2023-01-18,2023,January,2022-23,83.78,USD/bbl,FRED,DCOILBRENTEU.csv,2026-08-21T15:32:16.886220+00:00,1.0
2023-01-19,2023,January,2022-23,85.08,USD/bbl,FRED,DCOILBRENTEU.csv,2026-08-21T15:32:16.886220+00:00,1.0
2023-01-20,2023,January,2022-23,86.96,USD/bbl,FRED,DCOILBRENTEU.csv,2026-08-21T15:32:16.886220+00:00,1.0
2023-01-23,2023,January,2022-23,87.54,USD/bbl,FRED,DCOILBRENTEU.csv,2026-08-21T15:32:16.886220+00:00,1.0
2023-01-24,2023,January,2022-23,85.25,USD/bbl,FRED,DCOILBRENTEU.csv,2026-08-21T15:32:16.886220+00:00,1.0
2023-01-25,2023,January,2022-23,85.08,USD/bbl,FRED,DCOILBRENTEU.csv,2026-08-21T15:32:16.886220+00:00,1.0
2023-01-26,2023,January,2022-23,86.29,USD/bbl,FRED,DCOILBRENTEU.csv,2026-08-21T15:32:16.886220+00:00,1.0
2023-01-27,2023,January,2022-23,85.36,USD/bbl,FRED,DCOILBRENTEU.csv,2026-08-21T15:32:16.886220+00:00,1.0
2023-01-30,2023,January,2022-23,84.9,USD/bbl,FRED,DCOILBRENTEU.csv,2026-08-21T15:32:16.886220+00:00,1.0
2023-01-31,2023,January,2022-23,83.42,USD/bbl,FRED,DCOILBRENTEU.csv,2026-08-21T15:32:16.886220+00:00,1.0
2023-02-01,2023,February,2022-23,81.61,USD/bbl,FRED,DCOILBRENTEU.csv,2026-08-21T15:32:16.886220+00:00,1.0
2023-02-02,2023,February,2022-23,80.57,USD/bbl,FRED,DCOILBRENTEU.csv,2026-08-21T15:32:16.886220+00:00,1.0
2023-02-03,2023,February,2022-23,78.85,USD/bbl,FRED,DCOILBRENTEU.csv,2026-08-21T15:32:16.886220+00:00,1.0
2023-02-06,2023,February,2022-23,80.48,USD/bbl,FRED,DCOILBRENTEU.csv,2026-08-21T15:32:16.886220+00:00,1.0
2023-02-07,2023,February,2022-23,82.92,USD/bbl,FRED,DCOILBRENTEU.csv,2026-08-21T15:32:16.886220+00:00,1.0
2023-02-08,2023,February,2022-23,84.17,USD/bbl,FRED,DCOILBRENTEU.csv,2026-08-21T15:32:16.886220+00:00,1.0
2023-02-09,2023,February,2022-23,83.46,USD/bbl,FRED,DCOILBRENTEU.csv,2026-08-21T15:32:16.886220+00:00,1.0
2023-02-10,2023,February,2022-23,85.46,USD/bbl,FRED,DCOILBRENTEU.csv,2026-08-21T15:32:16.886220+00:00,1.0
2023-02-13,2023,February,2022-23,85.98,USD/bbl,FRED,DCOILBRENTEU.csv,2026-08-21T15:32:16.886220+00:00,1.0
2023-02-14,2023,February,2022-23,84.96,USD/bbl,FRED,DCOILBRENTEU.csv,2026-08-21T15:32:16.886220+00:00,1.0
2023-02-15,2023,February,2022-23,84.11,USD/bbl,FRED,DCOILBRENTEU.csv,2026-08-21T15:32:16.886220+00:00,1.0
2023-02-16,2023,February,2022-23,83.84,USD/bbl,FRED,DCOILBRENTEU.csv,2026-08-21T15:32:16.886220+00:00,1.0
2023-02-17,2023,February,2022-23,81.97,USD/bbl,FRED,DCOILBRENTEU.csv,2026-08-21T15:32:16.886220+00:00,1.0
2023-02-20,2023,February,2022-23,82.79,USD/bbl,FRED,DCOILBRENTEU.csv,2026-08-21T15:32:16.886220+00:00,1.0
2023-02-21,2023,February,2022-23,82.14,USD/bbl,FRED,DCOILBRENTEU.csv,2026-08-21T15:32:16.886220+00:00,1.0
2023-02-22,2023,February,2022-23,79.55,USD/bbl,FRED,DCOILBRENTEU.csv,2026-08-21T15:32:16.886220+00:00,1.0
2023-02-23,2023,February,2022-23,82.08,USD/bbl,FRED,DCOILBRENTEU.csv,2026-08-21T15:32:16.886220+00:00,1.0
2023-02-24,2023,February,2022-23,82.31,USD/bbl,FRED,DCOILBRENTEU.csv,2026-08-21T15:32:16.886220+00:00,1.0
2023-02-27,2023,February,2022-23,81.24,USD/bbl,FRED,DCOILBRENTEU.csv,2026-08-21T15:32:16.886220+00:00,1.0
2023-02-28,2023,February,2022-23,83.21,USD/bbl,FRED,DCOILBRENTEU.csv,2026-08-21T15:32:16.886220+00:00,1.0
2023-03-01,2023,March,2022-23,83.68,USD/bbl,FRED,DCOILBRENTEU.csv,2026-08-21T15:32:16.886220+00:00,1.0
2023-03-02,2023,March,2022-23,84.15,USD/bbl,FRED,DCOILBRENTEU.csv,2026-08-21T15:32:16.886220+00:00,1.0
2023-03-03,2023,March,2022-23,85.74,USD/bbl,FRED,DCOILBRENTEU.csv,2026-08-21T15:32:16.886220+00:00,1.0
2023-03-06,2023,March,2022-23,85.86,USD/bbl,FRED,DCOILBRENTEU.csv,2026-08-21T15:32:16.886220+00:00,1.0
2023-03-07,2023,March,2022-23,83.03,USD/bbl,FRED,DCOILBRENTEU.csv,2026-08-21T15:32:16.886220+00:00,1.0
2023-03-08,2023,March,2022-23,82.1,USD/bbl,FRED,DCOILBRENTEU.csv,2026-08-21T15:32:16.886220+00:00,1.0
2023-03-09,2023,March,2022-23,81.0,USD/bbl,FRED,DCOILBRENTEU.csv,2026-08-21T15:32:16.886220+00:00,1.0
2023-03-10,2023,March,2022-23,82.3,USD/bbl,FRED,DCOILBRENTEU.csv,2026-08-21T15:32:16.886220+00:00,1.0
2023-03-13,2023,March,2022-23,79.67,USD/bbl,FRED,DCOILBRENTEU.csv,2026-08-21T15:32:16.886220+00:00,1.0
2023-03-14,2023,March,2022-23,76.77,USD/bbl,FRED,DCOILBRENTEU.csv,2026-08-21T15:32:16.886220+00:00,1.0
2023-03-15,2023,March,2022-23,74.3,USD/bbl,FRED,DCOILBRENTEU.csv,2026-08-21T15:32:16.886220+00:00,1.0
2023-03-16,2023,March,2022-23,73.12,USD/bbl,FRED,DCOILBRENTEU.csv,2026-08-21T15:32:16.886220+00:00,1.0
2023-03-17,2023,March,2022-23,71.03,USD/bbl,FRED,DCOILBRENTEU.csv,2026-08-21T15:32:16.886220+00:00,1.0
2023-03-20,2023,March,2022-23,72.42,USD/bbl,FRED,DCOILBRENTEU.csv,2026-08-21T15:32:16.886220+00:00,1.0
2023-03-21,2023,March,2022-23,74.78,USD/bbl,FRED,DCOILBRENTEU.csv,2026-08-21T15:32:16.886220+00:00,1.0
2023-03-22,2023,March,2022-23,76.08,USD/bbl,FRED,DCOILBRENTEU.csv,2026-08-21T15:32:16.886220+00:00,1.0
2023-03-23,2023,March,2022-23,74.31,USD/bbl,FRED,DCOILBRENTEU.csv,2026-08-21T15:32:16.886220+00:00,1.0
2023-03-24,2023,March,2022-23,73.63,USD/bbl,FRED,DCOILBRENTEU.csv,2026-08-21T15:32:16.886220+00:00,1.0
2023-03-27,2023,March,2022-23,76.8,USD/bbl,FRED,DCOILBRENTEU.csv,2026-08-21T15:32:16.886220+00:00,1.0
2023-03-28,2023,March,2022-23,78.07,USD/bbl,FRED,DCOILBRENTEU.csv,2026-08-21T15:32:16.886220+00:00,1.0
2023-03-29,2023,March,2022-23,77.51,USD/bbl,FRED,DCOILBRENTEU.csv,2026-08-21T15:32:16.886220+00:00,1.0
2023-03-30,2023,March,2022-23,78.45,USD/bbl,FRED,DCOILBRENTEU.csv,2026-08-21T15:32:16.886220+00:00,1.0
2023-03-31,2023,March,2022-23,79.19,USD/bbl,FRED,DCOILBRENTEU.csv,2026-08-21T15:32:16.886220+00:00,1.0
2023-04-03,2023,April,2023-24,85.81,USD/bbl,FRED,DCOILBRENTEU.csv,2026-08-21T15:32:16.886220+00:00,1.0
2023-04-04,2023,April,2023-24,85.7,USD/bbl,FRED,DCOILBRENTEU.csv,2026-08-21T15:32:16.886220+00:00,1.0
2023-04-05,2023,April,2023-24,85.89,USD/bbl,FRED,DCOILBRENTEU.csv,2026-08-21T15:32:16.886220+00:00,1.0
2023-04-06,2023,April,2023-24,86.56,USD/bbl,FRED,DCOILBRENTEU.csv,2026-08-21T15:32:16.886220+00:00,1.0
2023-04-07,2023,April,2023-24,,USD/bbl,FRED,DCOILBRENTEU.csv,2026-08-21T15:32:16.886220+00:00,1.0
2023-04-10,2023,April,2023-24,,USD/bbl,FRED,DCOILBRENTEU.csv,2026-08-21T15:32:16.886220+00:00,1.0
2023-04-11,2023,April,2023-24,87.32,USD/bbl,FRED,DCOILBRENTEU.csv,2026-08-21T15:32:16.886220+00:00,1.0
2023-04-12,2023,April,2023-24,88.31,USD/bbl,FRED,DCOILBRENTEU.csv,2026-08-21T15:32:16.886220+00:00,1.0
2023-04-13,2023,April,2023-24,86.51,USD/bbl,FRED,DCOILBRENTEU.csv,2026-08-21T15:32:16.886220+00:00,1.0
2023-04-14,2023,April,2023-24,87.31,USD/bbl,FRED,DCOILBRENTEU.csv,2026-08-21T15:32:16.886220+00:00,1.0
2023-04-17,2023,April,2023-24,85.63,USD/bbl,FRED,DCOILBRENTEU.csv,2026-08-21T15:32:16.886220+00:00,1.0
2023-04-18,2023,April,2023-24,85.48,USD/bbl,FRED,DCOILBRENTEU.csv,2026-08-21T15:32:16.886220+00:00,1.0
2023-04-19,2023,April,2023-24,85.34,USD/bbl,FRED,DCOILBRENTEU.csv,2026-08-21T15:32:16.886220+00:00,1.0
2023-04-20,2023,April,2023-24,83.29,USD/bbl,FRED,DCOILBRENTEU.csv,2026-08-21T15:32:16.886220+00:00,1.0
2023-04-21,2023,April,2023-24,83.36,USD/bbl,FRED,DCOILBRENTEU.csv,2026-08-21T15:32:16.886220+00:00,1.0
2023-04-24,2023,April,2023-24,84.23,USD/bbl,FRED,DCOILBRENTEU.csv,2026-08-21T15:32:16.886220+00:00,1.0
2023-04-25,2023,April,2023-24,82.13,USD/bbl,FRED,DCOILBRENTEU.csv,2026-08-21T15:32:16.886220+00:00,1.0
2023-04-26,2023,April,2023-24,79.19,USD/bbl,FRED,DCOILBRENTEU.csv,2026-08-21T15:32:16.886220+00:00,1.0
2023-04-27,2023,April,2023-24,80.11,USD/bbl,FRED,DCOILBRENTEU.csv,2026-08-21T15:32:16.886220+00:00,1.0
2023-04-28,2023,April,2023-24,81.32,USD/bbl,FRED,DCOILBRENTEU.csv,2026-08-21T15:32:16.886220+00:00,1.0
2023-05-01,2023,May,2023-24,,USD/bbl,FRED,DCOILBRENTEU.csv,2026-08-21T15:32:16.886220+00:00,1.0
2023-05-02,2023,May,2023-24,76.71,USD/bbl,FRED,DCOILBRENTEU.csv,2026-08-21T15:32:16.886220+00:00,1.0
2023-05-03,2023,May,2023-24,72.91,USD/bbl,FRED,DCOILBRENTEU.csv,2026-08-21T15:32:16.886220+00:00,1.0
2023-05-04,2023,May,2023-24,73.0,USD/bbl,FRED,DCOILBRENTEU.csv,2026-08-21T15:32:16.886220+00:00,1.0
2023-05-05,2023,May,2023-24,75.85,USD/bbl,FRED,DCOILBRENTEU.csv,2026-08-21T15:32:16.886220+00:00,1.0
2023-05-08,2023,May,2023-24,,USD/bbl,FRED,DCOILBRENTEU.csv,2026-08-21T15:32:16.886220+00:00,1.0
2023-05-09,2023,May,2023-24,77.76,USD/bbl,FRED,DCOILBRENTEU.csv,2026-08-21T15:32:16.886220+00:00,1.0
2023-05-10,2023,May,2023-24,76.7,USD/bbl,FRED,DCOILBRENTEU.csv,2026-08-21T15:32:16.886220+00:00,1.0
2023-05-11,2023,May,2023-24,75.32,USD/bbl,FRED,DCOILBRENTEU.csv,2026-08-21T15:32:16.886220+00:00,1.0
2023-05-12,2023,May,2023-24,74.54,USD/bbl,FRED,DCOILBRENTEU.csv,2026-08-21T15:32:16.886220+00:00,1.0
2023-05-15,2023,May,2023-24,75.46,USD/bbl,FRED,DCOILBRENTEU.csv,2026-08-21T15:32:16.886220+00:00,1.0
2023-05-16,2023,May,2023-24,75.15,USD/bbl,FRED,DCOILBRENTEU.csv,2026-08-21T15:32:16.886220+00:00,1.0
2023-05-17,2023,May,2023-24,76.98,USD/bbl,FRED,DCOILBRENTEU.csv,2026-08-21T15:32:16.886220+00:00,1.0
2023-05-18,2023,May,2023-24,75.75,USD/bbl,FRED,DCOILBRENTEU.csv,2026-08-21T15:32:16.886220+00:00,1.0
2023-05-19,2023,May,2023-24,75.42,USD/bbl,FRED,DCOILBRENTEU.csv,2026-08-21T15:32:16.886220+00:00,1.0
2023-05-22,2023,May,2023-24,75.77,USD/bbl,FRED,DCOILBRENTEU.csv,2026-08-21T15:32:16.886220+00:00,1.0
2023-05-23,2023,May,2023-24,76.66,USD/bbl,FRED,DCOILBRENTEU.csv,2026-08-21T15:32:16.886220+00:00,1.0
2023-05-24,2023,May,2023-24,77.99,USD/bbl,FRED,DCOILBRENTEU.csv,2026-08-21T15:32:16.886220+00:00,1.0
2023-05-25,2023,May,2023-24,75.66,USD/bbl,FRED,DCOILBRENTEU.csv,2026-08-21T15:32:16.886220+00:00,1.0
2023-05-26,2023,May,2023-24,76.33,USD/bbl,FRED,DCOILBRENTEU.csv,2026-08-21T15:32:16.886220+00:00,1.0
2023-05-29,2023,May,2023-24,,USD/bbl,FRED,DCOILBRENTEU.csv,2026-08-21T15:32:16.886220+00:00,1.0
2023-05-30,2023,May,2023-24,73.38,USD/bbl,FRED,DCOILBRENTEU.csv,2026-08-21T15:32:16.886220+00:00,1.0
2023-05-31,2023,May,2023-24,71.98,USD/bbl,FRED,DCOILBRENTEU.csv,2026-08-21T15:32:16.886220+00:00,1.0
2023-06-01,2023,June,2023-24,74.18,USD/bbl,FRED,DCOILBRENTEU.csv,2026-08-21T15:32:16.886220+00:00,1.0
2023-06-02,2023,June,2023-24,76.0,USD/bbl,FRED,DCOILBRENTEU.csv,2026-08-21T15:32:16.886220+00:00,1.0
2023-06-05,2023,June,2023-24,76.61,USD/bbl,FRED,DCOILBRENTEU.csv,2026-08-21T15:32:16.886220+00:00,1.0
2023-06-06,2023,June,2023-24,76.22,USD/bbl,FRED,DCOILBRENTEU.csv,2026-08-21T15:32:16.886220+00:00,1.0
2023-06-07,2023,June,2023-24,76.85,USD/bbl,FRED,DCOILBRENTEU.csv,2026-08-21T15:32:16.886220+00:00,1.0
2023-06-08,2023,June,2023-24,75.88,USD/bbl,FRED,DCOILBRENTEU.csv,2026-08-21T15:32:16.886220+00:00,1.0
2023-06-09,2023,June,2023-24,74.74,USD/bbl,FRED,DCOILBRENTEU.csv,2026-08-21T15:32:16.886220+00:00,1.0
2023-06-12,2023,June,2023-24,71.8,USD/bbl,FRED,DCOILBRENTEU.csv,2026-08-21T15:32:16.886220+00:00,1.0
2023-06-13,2023,June,2023-24,74.24,USD/bbl,FRED,DCOILBRENTEU.csv,2026-08-21T15:32:16.886220+00:00,1.0
2023-06-14,2023,June,2023-24,73.39,USD/bbl,FRED,DCOILBRENTEU.csv,2026-08-21T15:32:16.886220+00:00,1.0
2023-06-15,2023,June,2023-24,75.75,USD/bbl,FRED,DCOILBRENTEU.csv,2026-08-21T15:32:16.886220+00:00,1.0
2023-06-16,2023,June,2023-24,76.76,USD/bbl,FRED,DCOILBRENTEU.csv,2026-08-21T15:32:16.886220+00:00,1.0
2023-06-19,2023,June,2023-24,76.09,USD/bbl,FRED,DCOILBRENTEU.csv,2026-08-21T15:32:16.886220+00:00,1.0
2023-06-20,2023,June,2023-24,75.79,USD/bbl,FRED,DCOILBRENTEU.csv,2026-08-21T15:32:16.886220+00:00,1.0
2023-06-21,2023,June,2023-24,76.92,USD/bbl,FRED,DCOILBRENTEU.csv,2026-08-21T15:32:16.886220+00:00,1.0
2023-06-22,2023,June,2023-24,73.93,USD/bbl,FRED,DCOILBRENTEU.csv,2026-08-21T15:32:16.886220+00:00,1.0
2023-06-23,2023,June,2023-24,73.56,USD/bbl,FRED,DCOILBRENTEU.csv,2026-08-21T15:32:16.886220+00:00,1.0
2023-06-26,2023,June,2023-24,73.86,USD/bbl,FRED,DCOILBRENTEU.csv,2026-08-21T15:32:16.886220+00:00,1.0
2023-06-27,2023,June,2023-24,71.88,USD/bbl,FRED,DCOILBRENTEU.csv,2026-08-21T15:32:16.886220+00:00,1.0
2023-06-28,2023,June,2023-24,73.64,USD/bbl,FRED,DCOILBRENTEU.csv,2026-08-21T15:32:16.886220+00:00,1.0
2023-06-29,2023,June,2023-24,73.86,USD/bbl,FRED,DCOILBRENTEU.csv,2026-08-21T15:32:16.886220+00:00,1.0
2023-06-30,2023,June,2023-24,74.51,USD/bbl,FRED,DCOILBRENTEU.csv,2026-08-21T15:32:16.886220+00:00,1.0
2023-07-03,2023,July,2023-24,74.52,USD/bbl,FRED,DCOILBRENTEU.csv,2026-08-21T15:32:16.886220+00:00,1.0
2023-07-04,2023,July,2023-24,76.23,USD/bbl,FRED,DCOILBRENTEU.csv,2026-08-21T15:32:16.886220+00:00,1.0
2023-07-05,2023,July,2023-24,76.74,USD/bbl,FRED,DCOILBRENTEU.csv,2026-08-21T15:32:16.886220+00:00,1.0
2023-07-06,2023,July,2023-24,76.72,USD/bbl,FRED,DCOILBRENTEU.csv,2026-08-21T15:32:16.886220+00:00,1.0
2023-07-07,2023,July,2023-24,78.77,USD/bbl,FRED,DCOILBRENTEU.csv,2026-08-21T15:32:16.886220+00:00,1.0
2023-07-10,2023,July,2023-24,77.83,USD/bbl,FRED,DCOILBRENTEU.csv,2026-08-21T15:32:16.886220+00:00,1.0
2023-07-11,2023,July,2023-24,79.54,USD/bbl,FRED,DCOILBRENTEU.csv,2026-08-21T15:32:16.886220+00:00,1.0
2023-07-12,2023,July,2023-24,80.35,USD/bbl,FRED,DCOILBRENTEU.csv,2026-08-21T15:32:16.886220+00:00,1.0
2023-07-13,2023,July,2023-24,81.31,USD/bbl,FRED,DCOILBRENTEU.csv,2026-08-21T15:32:16.886220+00:00,1.0
2023-07-14,2023,July,2023-24,79.9,USD/bbl,FRED,DCOILBRENTEU.csv,2026-08-21T15:32:16.886220+00:00,1.0
2023-07-17,2023,July,2023-24,77.8,USD/bbl,FRED,DCOILBRENTEU.csv,2026-08-21T15:32:16.886220+00:00,1.0
2023-07-18,2023,July,2023-24,79.54,USD/bbl,FRED,DCOILBRENTEU.csv,2026-08-21T15:32:16.886220+00:00,1.0
2023-07-19,2023,July,2023-24,79.38,USD/bbl,FRED,DCOILBRENTEU.csv,2026-08-21T15:32:16.886220+00:00,1.0
2023-07-20,2023,July,2023-24,79.62,USD/bbl,FRED,DCOILBRENTEU.csv,2026-08-21T15:32:16.886220+00:00,1.0
2023-07-21,2023,July,2023-24,81.06,USD/bbl,FRED,DCOILBRENTEU.csv,2026-08-21T15:32:16.886220+00:00,1.0
2023-07-24,2023,July,2023-24,82.53,USD/bbl,FRED,DCOILBRENTEU.csv,2026-08-21T15:32:16.886220+00:00,1.0
2023-07-25,2023,July,2023-24,83.46,USD/bbl,FRED,DCOILBRENTEU.csv,2026-08-21T15:32:16.886220+00:00,1.0
2023-07-26,2023,July,2023-24,82.98,USD/bbl,FRED,DCOILBRENTEU.csv,2026-08-21T15:32:16.886220+00:00,1.0
2023-07-27,2023,July,2023-24,84.28,USD/bbl,FRED,DCOILBRENTEU.csv,2026-08-21T15:32:16.886220+00:00,1.0
2023-07-28,2023,July,2023-24,84.49,USD/bbl,FRED,DCOILBRENTEU.csv,2026-08-21T15:32:16.886220+00:00,1.0
2023-07-31,2023,July,2023-24,85.22,USD/bbl,FRED,DCOILBRENTEU.csv,2026-08-21T15:32:16.886220+00:00,1.0
2023-08-01,2023,August,2023-24,85.34,USD/bbl,FRED,DCOILBRENTEU.csv,2026-08-21T15:32:16.886220+00:00,1.0
2023-08-02,2023,August,2023-24,84.01,USD/bbl,FRED,DCOILBRENTEU.csv,2026-08-21T15:32:16.886220+00:00,1.0
2023-08-03,2023,August,2023-24,86.19,USD/bbl,FRED,DCOILBRENTEU.csv,2026-08-21T15:32:16.886220+00:00,1.0
2023-08-04,2023,August,2023-24,87.38,USD/bbl,FRED,DCOILBRENTEU.csv,2026-08-21T15:32:16.886220+00:00,1.0
2023-08-07,2023,August,2023-24,86.47,USD/bbl,FRED,DCOILBRENTEU.csv,2026-08-21T15:32:16.886220+00:00,1.0
2023-08-08,2023,August,2023-24,88.0,USD/bbl,FRED,DCOILBRENTEU.csv,2026-08-21T15:32:16.886220+00:00,1.0
2023-08-09,2023,August,2023-24,89.31,USD/bbl,FRED,DCOILBRENTEU.csv,2026-08-21T15:32:16.886220+00:00,1.0
2023-08-10,2023,August,2023-24,87.44,USD/bbl,FRED,DCOILBRENTEU.csv,2026-08-21T15:32:16.886220+00:00,1.0
2023-08-11,2023,August,2023-24,87.93,USD/bbl,FRED,DCOILBRENTEU.csv,2026-08-21T15:32:16.886220+00:00,1.0
2023-08-14,2023,August,2023-24,87.4,USD/bbl,FRED,DCOILBRENTEU.csv,2026-08-21T15:32:16.886220+00:00,1.0
2023-08-15,2023,August,2023-24,86.28,USD/bbl,FRED,DCOILBRENTEU.csv,2026-08-21T15:32:16.886220+00:00,1.0
2023-08-16,2023,August,2023-24,84.49,USD/bbl,FRED,DCOILBRENTEU.csv,2026-08-21T15:32:16.886220+00:00,1.0
2023-08-17,2023,August,2023-24,85.24,USD/bbl,FRED,DCOILBRENTEU.csv,2026-08-21T15:32:16.886220+00:00,1.0
2023-08-18,2023,August,2023-24,85.92,USD/bbl,FRED,DCOILBRENTEU.csv,2026-08-21T15:32:16.886220+00:00,1.0
2023-08-21,2023,August,2023-24,85.44,USD/bbl,FRED,DCOILBRENTEU.csv,2026-08-21T15:32:16.886220+00:00,1.0
2023-08-22,2023,August,2023-24,84.7,USD/bbl,FRED,DCOILBRENTEU.csv,2026-08-21T15:32:16.886220+00:00,1.0
2023-08-23,2023,August,2023-24,83.94,USD/bbl,FRED,DCOILBRENTEU.csv,2026-08-21T15:32:16.886220+00:00,1.0
2023-08-24,2023,August,2023-24,84.07,USD/bbl,FRED,DCOILBRENTEU.csv,2026-08-21T15:32:16.886220+00:00,1.0
2023-08-25,2023,August,2023-24,85.42,USD/bbl,FRED,DCOILBRENTEU.csv,2026-08-21T15:32:16.886220+00:00,1.0
2023-08-28,2023,August,2023-24,,USD/bbl,FRED,DCOILBRENTEU.csv,2026-08-21T15:32:16.886220+00:00,1.0
2023-08-29,2023,August,2023-24,86.37,USD/bbl,FRED,DCOILBRENTEU.csv,2026-08-21T15:32:16.886220+00:00,1.0
2023-08-30,2023,August,2023-24,86.62,USD/bbl,FRED,DCOILBRENTEU.csv,2026-08-21T15:32:16.886220+00:00,1.0
2023-08-31,2023,August,2023-24,87.29,USD/bbl,FRED,DCOILBRENTEU.csv,2026-08-21T15:32:16.886220+00:00,1.0
2023-09-01,2023,September,2023-24,89.98,USD/bbl,FRED,DCOILBRENTEU.csv,2026-08-21T15:32:16.886220+00:00,1.0
2023-09-04,2023,September,2023-24,90.42,USD/bbl,FRED,DCOILBRENTEU.csv,2026-08-21T15:32:16.886220+00:00,1.0
2023-09-05,2023,September,2023-24,91.25,USD/bbl,FRED,DCOILBRENTEU.csv,2026-08-21T15:32:16.886220+00:00,1.0
2023-09-06,2023,September,2023-24,91.79,USD/bbl,FRED,DCOILBRENTEU.csv,2026-08-21T15:32:16.886220+00:00,1.0
2023-09-07,2023,September,2023-24,91.16,USD/bbl,FRED,DCOILBRENTEU.csv,2026-08-21T15:32:16.886220+00:00,1.0
2023-09-08,2023,September,2023-24,91.85,USD/bbl,FRED,DCOILBRENTEU.csv,2026-08-21T15:32:16.886220+00:00,1.0
2023-09-11,2023,September,2023-24,91.97,USD/bbl,FRED,DCOILBRENTEU.csv,2026-08-21T15:32:16.886220+00:00,1.0
2023-09-12,2023,September,2023-24,93.58,USD/bbl,FRED,DCOILBRENTEU.csv,2026-08-21T15:32:16.886220+00:00,1.0
2023-09-13,2023,September,2023-24,93.04,USD/bbl,FRED,DCOILBRENTEU.csv,2026-08-21T15:32:16.886220+00:00,1.0
2023-09-14,2023,September,2023-24,95.2,USD/bbl,FRED,DCOILBRENTEU.csv,2026-08-21T15:32:16.886220+00:00,1.0
2023-09-15,2023,September,2023-24,95.55,USD/bbl,FRED,DCOILBRENTEU.csv,2026-08-21T15:32:16.886220+00:00,1.0
2023-09-18,2023,September,2023-24,95.95,USD/bbl,FRED,DCOILBRENTEU.csv,2026-08-21T15:32:16.886220+00:00,1.0
2023-09-19,2023,September,2023-24,96.11,USD/bbl,FRED,DCOILBRENTEU.csv,2026-08-21T15:32:16.886220+00:00,1.0
2023-09-20,2023,September,2023-24,94.56,USD/bbl,FRED,DCOILBRENTEU.csv,2026-08-21T15:32:16.886220+00:00,1.0
2023-09-21,2023,September,2023-24,93.7,USD/bbl,FRED,DCOILBRENTEU.csv,2026-08-21T15:32:16.886220+00:00,1.0
2023-09-22,2023,September,2023-24,93.99,USD/bbl,FRED,DCOILBRENTEU.csv,2026-08-21T15:32:16.886220+00:00,1.0
2023-09-25,2023,September,2023-24,94.01,USD/bbl,FRED,DCOILBRENTEU.csv,2026-08-21T15:32:16.886220+00:00,1.0
2023-09-26,2023,September,2023-24,94.46,USD/bbl,FRED,DCOILBRENTEU.csv,2026-08-21T15:32:16.886220+00:00,1.0
2023-09-27,2023,September,2023-24,97.1,USD/bbl,FRED,DCOILBRENTEU.csv,2026-08-21T15:32:16.886220+00:00,1.0
2023-09-28,2023,September,2023-24,96.64,USD/bbl,FRED,DCOILBRENTEU.csv,2026-08-21T15:32:16.886220+00:00,1.0
2023-09-29,2023,September,2023-24,95.86,USD/bbl,FRED,DCOILBRENTEU.csv,2026-08-21T15:32:16.886220+00:00,1.0
2023-10-02,2023,October,2023-24,91.21,USD/bbl,FRED,DCOILBRENTEU.csv,2026-08-21T15:32:16.886220+00:00,1.0
2023-10-03,2023,October,2023-24,94.46,USD/bbl,FRED,DCOILBRENTEU.csv,2026-08-21T15:32:16.886220+00:00,1.0
2023-10-04,2023,October,2023-24,89.83,USD/bbl,FRED,DCOILBRENTEU.csv,2026-08-21T15:32:16.886220+00:00,1.0
2023-10-05,2023,October,2023-24,88.28,USD/bbl,FRED,DCOILBRENTEU.csv,2026-08-21T15:32:16.886220+00:00,1.0
2023-10-06,2023,October,2023-24,87.86,USD/bbl,FRED,DCOILBRENTEU.csv,2026-08-21T15:32:16.886220+00:00,1.0
2023-10-09,2023,October,2023-24,91.37,USD/bbl,FRED,DCOILBRENTEU.csv,2026-08-21T15:32:16.886220+00:00,1.0
2023-10-10,2023,October,2023-24,90.7,USD/bbl,FRED,DCOILBRENTEU.csv,2026-08-21T15:32:16.886220+00:00,1.0
2023-10-11,2023,October,2023-24,87.58,USD/bbl,FRED,DCOILBRENTEU.csv,2026-08-21T15:32:16.886220+00:00,1.0
2023-10-12,2023,October,2023-24,88.4,USD/bbl,FRED,DCOILBRENTEU.csv,2026-08-21T15:32:16.886220+00:00,1.0
2023-10-13,2023,October,2023-24,94.33,USD/bbl,FRED,DCOILBRENTEU.csv,2026-08-21T15:32:16.886220+00:00,1.0
2023-10-16,2023,October,2023-24,90.99,USD/bbl,FRED,DCOILBRENTEU.csv,2026-08-21T15:32:16.886220+00:00,1.0
2023-10-17,2023,October,2023-24,92.52,USD/bbl,FRED,DCOILBRENTEU.csv,2026-08-21T15:32:16.886220+00:00,1.0
2023-10-18,2023,October,2023-24,91.99,USD/bbl,FRED,DCOILBRENTEU.csv,2026-08-21T15:32:16.886220+00:00,1.0
2023-10-19,2023,October,2023-24,93.12,USD/bbl,FRED,DCOILBRENTEU.csv,2026-08-21T15:32:16.886220+00:00,1.0
2023-10-20,2023,October,2023-24,93.72,USD/bbl,FRED,DCOILBRENTEU.csv,2026-08-21T15:32:16.886220+00:00,1.0
2023-10-23,2023,October,2023-24,91.88,USD/bbl,FRED,DCOILBRENTEU.csv,2026-08-21T15:32:16.886220+00:00,1.0
2023-10-24,2023,October,2023-24,88.0,USD/bbl,FRED,DCOILBRENTEU.csv,2026-08-21T15:32:16.886220+00:00,1.0
2023-10-25,2023,October,2023-24,90.14,USD/bbl,FRED,DCOILBRENTEU.csv,2026-08-21T15:32:16.886220+00:00,1.0
2023-10-26,2023,October,2023-24,88.45,USD/bbl,FRED,DCOILBRENTEU.csv,2026-08-21T15:32:16.886220+00:00,1.0
2023-10-27,2023,October,2023-24,90.73,USD/bbl,FRED,DCOILBRENTEU.csv,2026-08-21T15:32:16.886220+00:00,1.0
2023-10-30,2023,October,2023-24,90.73,USD/bbl,FRED,DCOILBRENTEU.csv,2026-08-21T15:32:16.886220+00:00,1.0
2023-10-31,2023,October,2023-24,86.82,USD/bbl,FRED,DCOILBRENTEU.csv,2026-08-21T15:32:16.886220+00:00,1.0
2023-11-01,2023,November,2023-24,86.92,USD/bbl,FRED,DCOILBRENTEU.csv,2026-08-21T15:32:16.886220+00:00,1.0
2023-11-02,2023,November,2023-24,89.02,USD/bbl,FRED,DCOILBRENTEU.csv,2026-08-21T15:32:16.886220+00:00,1.0
2023-11-03,2023,November,2023-24,87.55,USD/bbl,FRED,DCOILBRENTEU.csv,2026-08-21T15:32:16.886220+00:00,1.0
2023-11-06,2023,November,2023-24,87.31,USD/bbl,FRED,DCOILBRENTEU.csv,2026-08-21T15:32:16.886220+00:00,1.0
2023-11-07,2023,November,2023-24,83.43,USD/bbl,FRED,DCOILBRENTEU.csv,2026-08-21T15:32:16.886220+00:00,1.0
2023-11-08,2023,November,2023-24,81.46,USD/bbl,FRED,DCOILBRENTEU.csv,2026-08-21T15:32:16.886220+00:00,1.0
2023-11-09,2023,November,2023-24,81.74,USD/bbl,FRED,DCOILBRENTEU.csv,2026-08-21T15:32:16.886220+00:00,1.0
2023-11-10,2023,November,2023-24,83.66,USD/bbl,FRED,DCOILBRENTEU.csv,2026-08-21T15:32:16.886220+00:00,1.0
2023-11-13,2023,November,2023-24,84.09,USD/bbl,FRED,DCOILBRENTEU.csv,2026-08-21T15:32:16.886220+00:00,1.0
2023-11-14,2023,November,2023-24,84.2,USD/bbl,FRED,DCOILBRENTEU.csv,2026-08-21T15:32:16.886220+00:00,1.0
2023-11-15,2023,November,2023-24,82.4,USD/bbl,FRED,DCOILBRENTEU.csv,2026-08-21T15:32:16.886220+00:00,1.0
2023-11-16,2023,November,2023-24,77.73,USD/bbl,FRED,DCOILBRENTEU.csv,2026-08-21T15:32:16.886220+00:00,1.0
2023-11-17,2023,November,2023-24,81.22,USD/bbl,FRED,DCOILBRENTEU.csv,2026-08-21T15:32:16.886220+00:00,1.0
2023-11-20,2023,November,2023-24,83.25,USD/bbl,FRED,DCOILBRENTEU.csv,2026-08-21T15:32:16.886220+00:00,1.0
2023-11-21,2023,November,2023-24,82.42,USD/bbl,FRED,DCOILBRENTEU.csv,2026-08-21T15:32:16.886220+00:00,1.0
2023-11-22,2023,November,2023-24,81.76,USD/bbl,FRED,DCOILBRENTEU.csv,2026-08-21T15:32:16.886220+00:00,1.0
2023-11-23,2023,November,2023-24,80.85,USD/bbl,FRED,DCOILBRENTEU.csv,2026-08-21T15:32:16.886220+00:00,1.0
2023-11-24,2023,November,2023-24,79.82,USD/bbl,FRED,DCOILBRENTEU.csv,2026-08-21T15:32:16.886220+00:00,1.0
2023-11-27,2023,November,2023-24,79.49,USD/bbl,FRED,DCOILBRENTEU.csv,2026-08-21T15:32:16.886220+00:00,1.0
2023-11-28,2023,November,2023-24,81.66,USD/bbl,FRED,DCOILBRENTEU.csv,2026-08-21T15:32:16.886220+00:00,1.0
2023-11-29,2023,November,2023-24,82.98,USD/bbl,FRED,DCOILBRENTEU.csv,2026-08-21T15:32:16.886220+00:00,1.0
2023-11-30,2023,November,2023-24,81.72,USD/bbl,FRED,DCOILBRENTEU.csv,2026-08-21T15:32:16.886220+00:00,1.0
2023-12-01,2023,December,2023-24,78.72,USD/bbl,FRED,DCOILBRENTEU.csv,2026-08-21T15:32:16.886220+00:00,1.0
2023-12-04,2023,December,2023-24,78.16,USD/bbl,FRED,DCOILBRENTEU.csv,2026-08-21T15:32:16.886220+00:00,1.0
2023-12-05,2023,December,2023-24,77.27,USD/bbl,FRED,DCOILBRENTEU.csv,2026-08-21T15:32:16.886220+00:00,1.0
2023-12-06,2023,December,2023-24,74.33,USD/bbl,FRED,DCOILBRENTEU.csv,2026-08-21T15:32:16.886220+00:00,1.0
2023-12-07,2023,December,2023-24,74.21,USD/bbl,FRED,DCOILBRENTEU.csv,2026-08-21T15:32:16.886220+00:00,1.0
2023-12-08,2023,December,2023-24,75.94,USD/bbl,FRED,DCOILBRENTEU.csv,2026-08-21T15:32:16.886220+00:00,1.0
2023-12-11,2023,December,2023-24,75.75,USD/bbl,FRED,DCOILBRENTEU.csv,2026-08-21T15:32:16.886220+00:00,1.0
2023-12-12,2023,December,2023-24,74.11,USD/bbl,FRED,DCOILBRENTEU.csv,2026-08-21T15:32:16.886220+00:00,1.0
2023-12-13,2023,December,2023-24,74.14,USD/bbl,FRED,DCOILBRENTEU.csv,2026-08-21T15:32:16.886220+00:00,1.0
2023-12-14,2023,December,2023-24,77.05,USD/bbl,FRED,DCOILBRENTEU.csv,2026-08-21T15:32:16.886220+00:00,1.0
2023-12-15,2023,December,2023-24,76.84,USD/bbl,FRED,DCOILBRENTEU.csv,2026-08-21T15:32:16.886220+00:00,1.0
2023-12-18,2023,December,2023-24,78.89,USD/bbl,FRED,DCOILBRENTEU.csv,2026-08-21T15:32:16.886220+00:00,1.0
2023-12-19,2023,December,2023-24,79.82,USD/bbl,FRED,DCOILBRENTEU.csv,2026-08-21T15:32:16.886220+00:00,1.0
2023-12-20,2023,December,2023-24,81.1,USD/bbl,FRED,DCOILBRENTEU.csv,2026-08-21T15:32:16.886220+00:00,1.0
2023-12-21,2023,December,2023-24,80.73,USD/bbl,FRED,DCOILBRENTEU.csv,2026-08-21T15:32:16.886220+00:00,1.0
2023-12-22,2023,December,2023-24,80.23,USD/bbl,FRED,DCOILBRENTEU.csv,2026-08-21T15:32:16.886220+00:00,1.0
2023-12-25,2023,December,2023-24,,USD/bbl,FRED,DCOILBRENTEU.csv,2026-08-21T15:32:16.886220+00:00,1.0
2023-12-26,2023,December,2023-24,,USD/bbl,FRED,DCOILBRENTEU.csv,2026-08-21T15:32:16.886220+00:00,1.0
2023-12-27,2023,December,2023-24,80.97,USD/bbl,FRED,DCOILBRENTEU.csv,2026-08-21T15:32:16.886220+00:00,1.0
2023-12-28,2023,December,2023-24,79.04,USD/bbl,FRED,DCOILBRENTEU.csv,2026-08-21T15:32:16.886220+00:00,1.0
2023-12-29,2023,December,2023-24,77.69,USD/bbl,FRED,DCOILBRENTEU.csv,2026-08-21T15:32:16.886220+00:00,1.0
2024-01-01,2024,January,2023-24,,USD/bbl,FRED,DCOILBRENTEU.csv,2026-08-21T15:32:16.886220+00:00,1.0
2024-01-02,2024,January,2023-24,76.24,USD/bbl,FRED,DCOILBRENTEU.csv,2026-08-21T15:32:16.886220+00:00,1.0
2024-01-03,2024,January,2023-24,77.18,USD/bbl,FRED,DCOILBRENTEU.csv,2026-08-21T15:32:16.886220+00:00,1.0
2024-01-04,2024,January,2023-24,75.79,USD/bbl,FRED,DCOILBRENTEU.csv,2026-08-21T15:32:16.886220+00:00,1.0
2024-01-05,2024,January,2023-24,78.31,USD/bbl,FRED,DCOILBRENTEU.csv,2026-08-21T15:32:16.886220+00:00,1.0
2024-01-08,2024,January,2023-24,75.47,USD/bbl,FRED,DCOILBRENTEU.csv,2026-08-21T15:32:16.886220+00:00,1.0
2024-01-09,2024,January,2023-24,77.97,USD/bbl,FRED,DCOILBRENTEU.csv,2026-08-21T15:32:16.886220+00:00,1.0
2024-01-10,2024,January,2023-24,78.46,USD/bbl,FRED,DCOILBRENTEU.csv,2026-08-21T15:32:16.886220+00:00,1.0
2024-01-11,2024,January,2023-24,80.21,USD/bbl,FRED,DCOILBRENTEU.csv,2026-08-21T15:32:16.886220+00:00,1.0
2024-01-12,2024,January,2023-24,79.89,USD/bbl,FRED,DCOILBRENTEU.csv,2026-08-21T15:32:16.886220+00:00,1.0
2024-01-15,2024,January,2023-24,79.76,USD/bbl,FRED,DCOILBRENTEU.csv,2026-08-21T15:32:16.886220+00:00,1.0
2024-01-16,2024,January,2023-24,80.15,USD/bbl,FRED,DCOILBRENTEU.csv,2026-08-21T15:32:16.886220+00:00,1.0
2024-01-17,2024,January,2023-24,78.88,USD/bbl,FRED,DCOILBRENTEU.csv,2026-08-21T15:32:16.886220+00:00,1.0
2024-01-18,2024,January,2023-24,81.04,USD/bbl,FRED,DCOILBRENTEU.csv,2026-08-21T15:32:16.886220+00:00,1.0
2024-01-19,2024,January,2023-24,80.71,USD/bbl,FRED,DCOILBRENTEU.csv,2026-08-21T15:32:16.886220+00:00,1.0
2024-01-22,2024,January,2023-24,81.7,USD/bbl,FRED,DCOILBRENTEU.csv,2026-08-21T15:32:16.886220+00:00,1.0
2024-01-23,2024,January,2023-24,82.04,USD/bbl,FRED,DCOILBRENTEU.csv,2026-08-21T15:32:16.886220+00:00,1.0
2024-01-24,2024,January,2023-24,82.15,USD/bbl,FRED,DCOILBRENTEU.csv,2026-08-21T15:32:16.886220+00:00,1.0
2024-01-25,2024,January,2023-24,82.33,USD/bbl,FRED,DCOILBRENTEU.csv,2026-08-21T15:32:16.886220+00:00,1.0
2024-01-26,2024,January,2023-24,83.34,USD/bbl,FRED,DCOILBRENTEU.csv,2026-08-21T15:32:16.886220+00:00,1.0
2024-01-29,2024,January,2023-24,83.99,USD/bbl,FRED,DCOILBRENTEU.csv,2026-08-21T15:32:16.886220+00:00,1.0
2024-01-30,2024,January,2023-24,84.14,USD/bbl,FRED,DCOILBRENTEU.csv,2026-08-21T15:32:16.886220+00:00,1.0
2024-01-31,2024,January,2023-24,82.98,USD/bbl,FRED,DCOILBRENTEU.csv,2026-08-21T15:32:16.886220+00:00,1.0
2024-02-01,2024,February,2023-24,82.2,USD/bbl,FRED,DCOILBRENTEU.csv,2026-08-21T15:32:16.886220+00:00,1.0
2024-02-02,2024,February,2023-24,79.54,USD/bbl,FRED,DCOILBRENTEU.csv,2026-08-21T15:32:16.886220+00:00,1.0
2024-02-05,2024,February,2023-24,79.3,USD/bbl,FRED,DCOILBRENTEU.csv,2026-08-21T15:32:16.886220+00:00,1.0
2024-02-06,2024,February,2023-24,80.46,USD/bbl,FRED,DCOILBRENTEU.csv,2026-08-21T15:32:16.886220+00:00,1.0
2024-02-07,2024,February,2023-24,81.18,USD/bbl,FRED,DCOILBRENTEU.csv,2026-08-21T15:32:16.886220+00:00,1.0
2024-02-08,2024,February,2023-24,83.01,USD/bbl,FRED,DCOILBRENTEU.csv,2026-08-21T15:32:16.886220+00:00,1.0
2024-02-09,2024,February,2023-24,83.58,USD/bbl,FRED,DCOILBRENTEU.csv,2026-08-21T15:32:16.886220+00:00,1.0
2024-02-12,2024,February,2023-24,83.88,USD/bbl,FRED,DCOILBRENTEU.csv,2026-08-21T15:32:16.886220+00:00,1.0
2024-02-13,2024,February,2023-24,84.72,USD/bbl,FRED,DCOILBRENTEU.csv,2026-08-21T15:32:16.886220+00:00,1.0
2024-02-14,2024,February,2023-24,84.41,USD/bbl,FRED,DCOILBRENTEU.csv,2026-08-21T15:32:16.886220+00:00,1.0
2024-02-15,2024,February,2023-24,84.33,USD/bbl,FRED,DCOILBRENTEU.csv,2026-08-21T15:32:16.886220+00:00,1.0
2024-02-16,2024,February,2023-24,84.88,USD/bbl,FRED,DCOILBRENTEU.csv,2026-08-21T15:32:16.886220+00:00,1.0
2024-02-19,2024,February,2023-24,85.52,USD/bbl,FRED,DCOILBRENTEU.csv,2026-08-21T15:32:16.886220+00:00,1.0
2024-02-20,2024,February,2023-24,84.78,USD/bbl,FRED,DCOILBRENTEU.csv,2026-08-21T15:32:16.886220+00:00,1.0
2024-02-21,2024,February,2023-24,84.77,USD/bbl,FRED,DCOILBRENTEU.csv,2026-08-21T15:32:16.886220+00:00,1.0
2024-02-22,2024,February,2023-24,85.84,USD/bbl,FRED,DCOILBRENTEU.csv,2026-08-21T15:32:16.886220+00:00,1.0
2024-02-23,2024,February,2023-24,84.18,USD/bbl,FRED,DCOILBRENTEU.csv,2026-08-21T15:32:16.886220+00:00,1.0
2024-02-26,2024,February,2023-24,84.01,USD/bbl,FRED,DCOILBRENTEU.csv,2026-08-21T15:32:16.886220+00:00,1.0
2024-02-27,2024,February,2023-24,83.8,USD/bbl,FRED,DCOILBRENTEU.csv,2026-08-21T15:32:16.886220+00:00,1.0
2024-02-28,2024,February,2023-24,84.08,USD/bbl,FRED,DCOILBRENTEU.csv,2026-08-21T15:32:16.886220+00:00,1.0
2024-02-29,2024,February,2023-24,84.57,USD/bbl,FRED,DCOILBRENTEU.csv,2026-08-21T15:32:16.886220+00:00,1.0
2024-03-01,2024,March,2023-24,84.82,USD/bbl,FRED,DCOILBRENTEU.csv,2026-08-21T15:32:16.886220+00:00,1.0
2024-03-04,2024,March,2023-24,86.58,USD/bbl,FRED,DCOILBRENTEU.csv,2026-08-21T15:32:16.886220+00:00,1.0
2024-03-05,2024,March,2023-24,85.82,USD/bbl,FRED,DCOILBRENTEU.csv,2026-08-21T15:32:16.886220+00:00,1.0
2024-03-06,2024,March,2023-24,86.59,USD/bbl,FRED,DCOILBRENTEU.csv,2026-08-21T15:32:16.886220+00:00,1.0
2024-03-07,2024,March,2023-24,84.88,USD/bbl,FRED,DCOILBRENTEU.csv,2026-08-21T15:32:16.886220+00:00,1.0
2024-03-08,2024,March,2023-24,84.29,USD/bbl,FRED,DCOILBRENTEU.csv,2026-08-21T15:32:16.886220+00:00,1.0
2024-03-11,2024,March,2023-24,83.44,USD/bbl,FRED,DCOILBRENTEU.csv,2026-08-21T15:32:16.886220+00:00,1.0
2024-03-12,2024,March,2023-24,83.66,USD/bbl,FRED,DCOILBRENTEU.csv,2026-08-21T15:32:16.886220+00:00,1.0
2024-03-13,2024,March,2023-24,83.95,USD/bbl,FRED,DCOILBRENTEU.csv,2026-08-21T15:32:16.886220+00:00,1.0
2024-03-14,2024,March,2023-24,86.16,USD/bbl,FRED,DCOILBRENTEU.csv,2026-08-21T15:32:16.886220+00:00,1.0
2024-03-15,2024,March,2023-24,85.39,USD/bbl,FRED,DCOILBRENTEU.csv,2026-08-21T15:32:16.886220+00:00,1.0
2024-03-18,2024,March,2023-24,86.47,USD/bbl,FRED,DCOILBRENTEU.csv,2026-08-21T15:32:16.886220+00:00,1.0
2024-03-19,2024,March,2023-24,87.36,USD/bbl,FRED,DCOILBRENTEU.csv,2026-08-21T15:32:16.886220+00:00,1.0
2024-03-20,2024,March,2023-24,85.77,USD/bbl,FRED,DCOILBRENTEU.csv,2026-08-21T15:32:16.886220+00:00,1.0
2024-03-21,2024,March,2023-24,84.92,USD/bbl,FRED,DCOILBRENTEU.csv,2026-08-21T15:32:16.886220+00:00,1.0
2024-03-22,2024,March,2023-24,84.87,USD/bbl,FRED,DCOILBRENTEU.csv,2026-08-21T15:32:16.886220+00:00,1.0
2024-03-25,2024,March,2023-24,86.18,USD/bbl,FRED,DCOILBRENTEU.csv,2026-08-21T15:32:16.886220+00:00,1.0
2024-03-26,2024,March,2023-24,85.91,USD/bbl,FRED,DCOILBRENTEU.csv,2026-08-21T15:32:16.886220+00:00,1.0
2024-03-27,2024,March,2023-24,84.94,USD/bbl,FRED,DCOILBRENTEU.csv,2026-08-21T15:32:16.886220+00:00,1.0
2024-03-28,2024,March,2023-24,86.17,USD/bbl,FRED,DCOILBRENTEU.csv,2026-08-21T15:32:16.886220+00:00,1.0
2024-03-29,2024,March,2023-24,,USD/bbl,FRED,DCOILBRENTEU.csv,2026-08-21T15:32:16.886220+00:00,1.0
2024-04-01,2024,April,2024-25,,USD/bbl,FRED,DCOILBRENTEU.csv,2026-08-21T15:32:16.886220+00:00,1.0
2024-04-02,2024,April,2024-25,87.63,USD/bbl,FRED,DCOILBRENTEU.csv,2026-08-21T15:32:16.886220+00:00,1.0
2024-04-03,2024,April,2024-25,90.6,USD/bbl,FRED,DCOILBRENTEU.csv,2026-08-21T15:32:16.886220+00:00,1.0
2024-04-04,2024,April,2024-25,90.32,USD/bbl,FRED,DCOILBRENTEU.csv,2026-08-21T15:32:16.886220+00:00,1.0
2024-04-05,2024,April,2024-25,92.81,USD/bbl,FRED,DCOILBRENTEU.csv,2026-08-21T15:32:16.886220+00:00,1.0
2024-04-08,2024,April,2024-25,91.73,USD/bbl,FRED,DCOILBRENTEU.csv,2026-08-21T15:32:16.886220+00:00,1.0
2024-04-09,2024,April,2024-25,92.13,USD/bbl,FRED,DCOILBRENTEU.csv,2026-08-21T15:32:16.886220+00:00,1.0
2024-04-10,2024,April,2024-25,91.57,USD/bbl,FRED,DCOILBRENTEU.csv,2026-08-21T15:32:16.886220+00:00,1.0
2024-04-11,2024,April,2024-25,91.49,USD/bbl,FRED,DCOILBRENTEU.csv,2026-08-21T15:32:16.886220+00:00,1.0
2024-04-12,2024,April,2024-25,93.12,USD/bbl,FRED,DCOILBRENTEU.csv,2026-08-21T15:32:16.886220+00:00,1.0
2024-04-15,2024,April,2024-25,90.84,USD/bbl,FRED,DCOILBRENTEU.csv,2026-08-21T15:32:16.886220+00:00,1.0
2024-04-16,2024,April,2024-25,91.29,USD/bbl,FRED,DCOILBRENTEU.csv,2026-08-21T15:32:16.886220+00:00,1.0
2024-04-17,2024,April,2024-25,89.54,USD/bbl,FRED,DCOILBRENTEU.csv,2026-08-21T15:32:16.886220+00:00,1.0
2024-04-18,2024,April,2024-25,88.34,USD/bbl,FRED,DCOILBRENTEU.csv,2026-08-21T15:32:16.886220+00:00,1.0
2024-04-19,2024,April,2024-25,87.96,USD/bbl,FRED,DCOILBRENTEU.csv,2026-08-21T15:32:16.886220+00:00,1.0
2024-04-22,2024,April,2024-25,87.3,USD/bbl,FRED,DCOILBRENTEU.csv,2026-08-21T15:32:16.886220+00:00,1.0
2024-04-23,2024,April,2024-25,88.29,USD/bbl,FRED,DCOILBRENTEU.csv,2026-08-21T15:32:16.886220+00:00,1.0
2024-04-24,2024,April,2024-25,89.02,USD/bbl,FRED,DCOILBRENTEU.csv,2026-08-21T15:32:16.886220+00:00,1.0
2024-04-25,2024,April,2024-25,88.1,USD/bbl,FRED,DCOILBRENTEU.csv,2026-08-21T15:32:16.886220+00:00,1.0
2024-04-26,2024,April,2024-25,89.95,USD/bbl,FRED,DCOILBRENTEU.csv,2026-08-21T15:32:16.886220+00:00,1.0
2024-04-29,2024,April,2024-25,88.44,USD/bbl,FRED,DCOILBRENTEU.csv,2026-08-21T15:32:16.886220+00:00,1.0
2024-04-30,2024,April,2024-25,88.23,USD/bbl,FRED,DCOILBRENTEU.csv,2026-08-21T15:32:16.886220+00:00,1.0
2024-05-01,2024,May,2024-25,83.55,USD/bbl,FRED,DCOILBRENTEU.csv,2026-08-21T15:32:16.886220+00:00,1.0
2024-05-02,2024,May,2024-25,84.81,USD/bbl,FRED,DCOILBRENTEU.csv,2026-08-21T15:32:16.886220+00:00,1.0
2024-05-03,2024,May,2024-25,83.6,USD/bbl,FRED,DCOILBRENTEU.csv,2026-08-21T15:32:16.886220+00:00,1.0
2024-05-06,2024,May,2024-25,,USD/bbl,FRED,DCOILBRENTEU.csv,2026-08-21T15:32:16.886220+00:00,1.0
2024-05-07,2024,May,2024-25,82.69,USD/bbl,FRED,DCOILBRENTEU.csv,2026-08-21T15:32:16.886220+00:00,1.0
2024-05-08,2024,May,2024-25,82.44,USD/bbl,FRED,DCOILBRENTEU.csv,2026-08-21T15:32:16.886220+00:00,1.0
2024-05-09,2024,May,2024-25,83.27,USD/bbl,FRED,DCOILBRENTEU.csv,2026-08-21T15:32:16.886220+00:00,1.0
2024-05-10,2024,May,2024-25,83.39,USD/bbl,FRED,DCOILBRENTEU.csv,2026-08-21T15:32:16.886220+00:00,1.0
2024-05-13,2024,May,2024-25,83.18,USD/bbl,FRED,DCOILBRENTEU.csv,2026-08-21T15:32:16.886220+00:00,1.0
2024-05-14,2024,May,2024-25,81.0,USD/bbl,FRED,DCOILBRENTEU.csv,2026-08-21T15:32:16.886220+00:00,1.0
2024-05-15,2024,May,2024-25,79.98,USD/bbl,FRED,DCOILBRENTEU.csv,2026-08-21T15:32:16.886220+00:00,1.0
2024-05-16,2024,May,2024-25,81.65,USD/bbl,FRED,DCOILBRENTEU.csv,2026-08-21T15:32:16.886220+00:00,1.0
2024-05-17,2024,May,2024-25,82.24,USD/bbl,FRED,DCOILBRENTEU.csv,2026-08-21T15:32:16.886220+00:00,1.0
2024-05-20,2024,May,2024-25,81.91,USD/bbl,FRED,DCOILBRENTEU.csv,2026-08-21T15:32:16.886220+00:00,1.0
2024-05-21,2024,May,2024-25,81.22,USD/bbl,FRED,DCOILBRENTEU.csv,2026-08-21T15:32:16.886220+00:00,1.0
2024-05-22,2024,May,2024-25,79.9,USD/bbl,FRED,DCOILBRENTEU.csv,2026-08-21T15:32:16.886220+00:00,1.0
2024-05-23,2024,May,2024-25,79.25,USD/bbl,FRED,DCOILBRENTEU.csv,2026-08-21T15:32:16.886220+00:00,1.0
2024-05-24,2024,May,2024-25,78.92,USD/bbl,FRED,DCOILBRENTEU.csv,2026-08-21T15:32:16.886220+00:00,1.0
2024-05-27,2024,May,2024-25,,USD/bbl,FRED,DCOILBRENTEU.csv,2026-08-21T15:32:16.886220+00:00,1.0
2024-05-28,2024,May,2024-25,81.34,USD/bbl,FRED,DCOILBRENTEU.csv,2026-08-21T15:32:16.886220+00:00,1.0
2024-05-29,2024,May,2024-25,81.5,USD/bbl,FRED,DCOILBRENTEU.csv,2026-08-21T15:32:16.886220+00:00,1.0
2024-05-30,2024,May,2024-25,81.42,USD/bbl,FRED,DCOILBRENTEU.csv,2026-08-21T15:32:16.886220+00:00,1.0
2024-05-31,2024,May,2024-25,79.41,USD/bbl,FRED,DCOILBRENTEU.csv,2026-08-21T15:32:16.886220+00:00,1.0
2024-06-03,2024,June,2024-25,76.45,USD/bbl,FRED,DCOILBRENTEU.csv,2026-08-21T15:32:16.886220+00:00,1.0
2024-06-04,2024,June,2024-25,75.33,USD/bbl,FRED,DCOILBRENTEU.csv,2026-08-21T15:32:16.886220+00:00,1.0
2024-06-05,2024,June,2024-25,75.41,USD/bbl,FRED,DCOILBRENTEU.csv,2026-08-21T15:32:16.886220+00:00,1.0
2024-06-06,2024,June,2024-25,77.62,USD/bbl,FRED,DCOILBRENTEU.csv,2026-08-21T15:32:16.886220+00:00,1.0
2024-06-07,2024,June,2024-25,78.12,USD/bbl,FRED,DCOILBRENTEU.csv,2026-08-21T15:32:16.886220+00:00,1.0
2024-06-10,2024,June,2024-25,79.59,USD/bbl,FRED,DCOILBRENTEU.csv,2026-08-21T15:32:16.886220+00:00,1.0
2024-06-11,2024,June,2024-25,80.15,USD/bbl,FRED,DCOILBRENTEU.csv,2026-08-21T15:32:16.886220+00:00,1.0
2024-06-12,2024,June,2024-25,80.52,USD/bbl,FRED,DCOILBRENTEU.csv,2026-08-21T15:32:16.886220+00:00,1.0
2024-06-13,2024,June,2024-25,81.44,USD/bbl,FRED,DCOILBRENTEU.csv,2026-08-21T15:32:16.886220+00:00,1.0
2024-06-14,2024,June,2024-25,81.49,USD/bbl,FRED,DCOILBRENTEU.csv,2026-08-21T15:32:16.886220+00:00,1.0
2024-06-17,2024,June,2024-25,82.45,USD/bbl,FRED,DCOILBRENTEU.csv,2026-08-21T15:32:16.886220+00:00,1.0
2024-06-18,2024,June,2024-25,84.79,USD/bbl,FRED,DCOILBRENTEU.csv,2026-08-21T15:32:16.886220+00:00,1.0
2024-06-19,2024,June,2024-25,85.64,USD/bbl,FRED,DCOILBRENTEU.csv,2026-08-21T15:32:16.886220+00:00,1.0
2024-06-20,2024,June,2024-25,85.92,USD/bbl,FRED,DCOILBRENTEU.csv,2026-08-21T15:32:16.886220+00:00,1.0
2024-06-21,2024,June,2024-25,86.42,USD/bbl,FRED,DCOILBRENTEU.csv,2026-08-21T15:32:16.886220+00:00,1.0
2024-06-24,2024,June,2024-25,86.75,USD/bbl,FRED,DCOILBRENTEU.csv,2026-08-21T15:32:16.886220+00:00,1.0
2024-06-25,2024,June,2024-25,86.81,USD/bbl,FRED,DCOILBRENTEU.csv,2026-08-21T15:32:16.886220+00:00,1.0
2024-06-26,2024,June,2024-25,85.76,USD/bbl,FRED,DCOILBRENTEU.csv,2026-08-21T15:32:16.886220+00:00,1.0
2024-06-27,2024,June,2024-25,87.0,USD/bbl,FRED,DCOILBRENTEU.csv,2026-08-21T15:32:16.886220+00:00,1.0
2024-06-28,2024,June,2024-25,87.26,USD/bbl,FRED,DCOILBRENTEU.csv,2026-08-21T15:32:16.886220+00:00,1.0
2024-07-01,2024,July,2024-25,86.57,USD/bbl,FRED,DCOILBRENTEU.csv,2026-08-21T15:32:16.886220+00:00,1.0
2024-07-02,2024,July,2024-25,88.28,USD/bbl,FRED,DCOILBRENTEU.csv,2026-08-21T15:32:16.886220+00:00,1.0
2024-07-03,2024,July,2024-25,88.25,USD/bbl,FRED,DCOILBRENTEU.csv,2026-08-21T15:32:16.886220+00:00,1.0
2024-07-04,2024,July,2024-25,88.34,USD/bbl,FRED,DCOILBRENTEU.csv,2026-08-21T15:32:16.886220+00:00,1.0
2024-07-05,2024,July,2024-25,88.66,USD/bbl,FRED,DCOILBRENTEU.csv,2026-08-21T15:32:16.886220+00:00,1.0
2024-07-08,2024,July,2024-25,87.15,USD/bbl,FRED,DCOILBRENTEU.csv,2026-08-21T15:32:16.886220+00:00,1.0
2024-07-09,2024,July,2024-25,86.48,USD/bbl,FRED,DCOILBRENTEU.csv,2026-08-21T15:32:16.886220+00:00,1.0
2024-07-10,2024,July,2024-25,86.55,USD/bbl,FRED,DCOILBRENTEU.csv,2026-08-21T15:32:16.886220+00:00,1.0
2024-07-11,2024,July,2024-25,86.49,USD/bbl,FRED,DCOILBRENTEU.csv,2026-08-21T15:32:16.886220+00:00,1.0
2024-07-12,2024,July,2024-25,87.35,USD/bbl,FRED,DCOILBRENTEU.csv,2026-08-21T15:32:16.886220+00:00,1.0
2024-07-15,2024,July,2024-25,86.42,USD/bbl,FRED,DCOILBRENTEU.csv,2026-08-21T15:32:16.886220+00:00,1.0
2024-07-16,2024,July,2024-25,86.6,USD/bbl,FRED,DCOILBRENTEU.csv,2026-08-21T15:32:16.886220+00:00,1.0
2024-07-17,2024,July,2024-25,85.76,USD/bbl,FRED,DCOILBRENTEU.csv,2026-08-21T15:32:16.886220+00:00,1.0
2024-07-18,2024,July,2024-25,86.26,USD/bbl,FRED,DCOILBRENTEU.csv,2026-08-21T15:32:16.886220+00:00,1.0
2024-07-19,2024,July,2024-25,85.19,USD/bbl,FRED,DCOILBRENTEU.csv,2026-08-21T15:32:16.886220+00:00,1.0
2024-07-22,2024,July,2024-25,83.44,USD/bbl,FRED,DCOILBRENTEU.csv,2026-08-21T15:32:16.886220+00:00,1.0
2024-07-23,2024,July,2024-25,82.2,USD/bbl,FRED,DCOILBRENTEU.csv,2026-08-21T15:32:16.886220+00:00,1.0
2024-07-24,2024,July,2024-25,83.01,USD/bbl,FRED,DCOILBRENTEU.csv,2026-08-21T15:32:16.886220+00:00,1.0
2024-07-25,2024,July,2024-25,82.58,USD/bbl,FRED,DCOILBRENTEU.csv,2026-08-21T15:32:16.886220+00:00,1.0
2024-07-26,2024,July,2024-25,81.35,USD/bbl,FRED,DCOILBRENTEU.csv,2026-08-21T15:32:16.886220+00:00,1.0
2024-07-29,2024,July,2024-25,80.94,USD/bbl,FRED,DCOILBRENTEU.csv,2026-08-21T15:32:16.886220+00:00,1.0
2024-07-30,2024,July,2024-25,79.26,USD/bbl,FRED,DCOILBRENTEU.csv,2026-08-21T15:32:16.886220+00:00,1.0
2024-07-31,2024,July,2024-25,81.39,USD/bbl,FRED,DCOILBRENTEU.csv,2026-08-21T15:32:16.886220+00:00,1.0
2024-08-01,2024,August,2024-25,81.37,USD/bbl,FRED,DCOILBRENTEU.csv,2026-08-21T15:32:16.886220+00:00,1.0
2024-08-02,2024,August,2024-25,78.35,USD/bbl,FRED,DCOILBRENTEU.csv,2026-08-21T15:32:16.886220+00:00,1.0
2024-08-05,2024,August,2024-25,77.51,USD/bbl,FRED,DCOILBRENTEU.csv,2026-08-21T15:32:16.886220+00:00,1.0
2024-08-06,2024,August,2024-25,76.62,USD/bbl,FRED,DCOILBRENTEU.csv,2026-08-21T15:32:16.886220+00:00,1.0
2024-08-07,2024,August,2024-25,78.26,USD/bbl,FRED,DCOILBRENTEU.csv,2026-08-21T15:32:16.886220+00:00,1.0
2024-08-08,2024,August,2024-25,80.76,USD/bbl,FRED,DCOILBRENTEU.csv,2026-08-21T15:32:16.886220+00:00,1.0
2024-08-09,2024,August,2024-25,81.07,USD/bbl,FRED,DCOILBRENTEU.csv,2026-08-21T15:32:16.886220+00:00,1.0
2024-08-12,2024,August,2024-25,83.06,USD/bbl,FRED,DCOILBRENTEU.csv,2026-08-21T15:32:16.886220+00:00,1.0
2024-08-13,2024,August,2024-25,82.51,USD/bbl,FRED,DCOILBRENTEU.csv,2026-08-21T15:32:16.886220+00:00,1.0
2024-08-14,2024,August,2024-25,82.15,USD/bbl,FRED,DCOILBRENTEU.csv,2026-08-21T15:32:16.886220+00:00,1.0
2024-08-15,2024,August,2024-25,83.09,USD/bbl,FRED,DCOILBRENTEU.csv,2026-08-21T15:32:16.886220+00:00,1.0
2024-08-16,2024,August,2024-25,81.56,USD/bbl,FRED,DCOILBRENTEU.csv,2026-08-21T15:32:16.886220+00:00,1.0
2024-08-19,2024,August,2024-25,81.09,USD/bbl,FRED,DCOILBRENTEU.csv,2026-08-21T15:32:16.886220+00:00,1.0
2024-08-20,2024,August,2024-25,78.85,USD/bbl,FRED,DCOILBRENTEU.csv,2026-08-21T15:32:16.886220+00:00,1.0
2024-08-21,2024,August,2024-25,78.77,USD/bbl,FRED,DCOILBRENTEU.csv,2026-08-21T15:32:16.886220+00:00,1.0
2024-08-22,2024,August,2024-25,78.8,USD/bbl,FRED,DCOILBRENTEU.csv,2026-08-21T15:32:16.886220+00:00,1.0
2024-08-23,2024,August,2024-25,80.34,USD/bbl,FRED,DCOILBRENTEU.csv,2026-08-21T15:32:16.886220+00:00,1.0
2024-08-26,2024,August,2024-25,,USD/bbl,FRED,DCOILBRENTEU.csv,2026-08-21T15:32:16.886220+00:00,1.0
2024-08-27,2024,August,2024-25,81.51,USD/bbl,FRED,DCOILBRENTEU.csv,2026-08-21T15:32:16.886220+00:00,1.0
2024-08-28,2024,August,2024-25,80.04,USD/bbl,FRED,DCOILBRENTEU.csv,2026-08-21T15:32:16.886220+00:00,1.0
2024-08-29,2024,August,2024-25,81.55,USD/bbl,FRED,DCOILBRENTEU.csv,2026-08-21T15:32:16.886220+00:00,1.0
2024-08-30,2024,August,2024-25,80.2,USD/bbl,FRED,DCOILBRENTEU.csv,2026-08-21T15:32:16.886220+00:00,1.0
2024-09-02,2024,September,2024-25,77.82,USD/bbl,FRED,DCOILBRENTEU.csv,2026-08-21T15:32:16.886220+00:00,1.0
2024-09-03,2024,September,2024-25,76.46,USD/bbl,FRED,DCOILBRENTEU.csv,2026-08-21T15:32:16.886220+00:00,1.0
2024-09-04,2024,September,2024-25,74.67,USD/bbl,FRED,DCOILBRENTEU.csv,2026-08-21T15:32:16.886220+00:00,1.0
2024-09-05,2024,September,2024-25,74.47,USD/bbl,FRED,DCOILBRENTEU.csv,2026-08-21T15:32:16.886220+00:00,1.0
2024-09-06,2024,September,2024-25,72.82,USD/bbl,FRED,DCOILBRENTEU.csv,2026-08-21T15:32:16.886220+00:00,1.0
2024-09-09,2024,September,2024-25,72.37,USD/bbl,FRED,DCOILBRENTEU.csv,2026-08-21T15:32:16.886220+00:00,1.0
2024-09-10,2024,September,2024-25,70.34,USD/bbl,FRED,DCOILBRENTEU.csv,2026-08-21T15:32:16.886220+00:00,1.0
2024-09-11,2024,September,2024-25,70.31,USD/bbl,FRED,DCOILBRENTEU.csv,2026-08-21T15:32:16.886220+00:00,1.0
2024-09-12,2024,September,2024-25,73.81,USD/bbl,FRED,DCOILBRENTEU.csv,2026-08-21T15:32:16.886220+00:00,1.0
2024-09-13,2024,September,2024-25,73.68,USD/bbl,FRED,DCOILBRENTEU.csv,2026-08-21T15:32:16.886220+00:00,1.0
2024-09-16,2024,September,2024-25,73.96,USD/bbl,FRED,DCOILBRENTEU.csv,2026-08-21T15:32:16.886220+00:00,1.0
2024-09-17,2024,September,2024-25,74.55,USD/bbl,FRED,DCOILBRENTEU.csv,2026-08-21T15:32:16.886220+00:00,1.0
2024-09-18,2024,September,2024-25,74.52,USD/bbl,FRED,DCOILBRENTEU.csv,2026-08-21T15:32:16.886220+00:00,1.0
2024-09-19,2024,September,2024-25,75.93,USD/bbl,FRED,DCOILBRENTEU.csv,2026-08-21T15:32:16.886220+00:00,1.0
2024-09-20,2024,September,2024-25,75.96,USD/bbl,FRED,DCOILBRENTEU.csv,2026-08-21T15:32:16.886220+00:00,1.0
2024-09-23,2024,September,2024-25,74.95,USD/bbl,FRED,DCOILBRENTEU.csv,2026-08-21T15:32:16.886220+00:00,1.0
2024-09-24,2024,September,2024-25,75.29,USD/bbl,FRED,DCOILBRENTEU.csv,2026-08-21T15:32:16.886220+00:00,1.0
2024-09-25,2024,September,2024-25,75.4,USD/bbl,FRED,DCOILBRENTEU.csv,2026-08-21T15:32:16.886220+00:00,1.0
2024-09-26,2024,September,2024-25,73.06,USD/bbl,FRED,DCOILBRENTEU.csv,2026-08-21T15:32:16.886220+00:00,1.0
2024-09-27,2024,September,2024-25,71.63,USD/bbl,FRED,DCOILBRENTEU.csv,2026-08-21T15:32:16.886220+00:00,1.0
2024-09-30,2024,September,2024-25,72.35,USD/bbl,FRED,DCOILBRENTEU.csv,2026-08-21T15:32:16.886220+00:00,1.0
2024-10-01,2024,October,2024-25,75.3,USD/bbl,FRED,DCOILBRENTEU.csv,2026-08-21T15:32:16.886220+00:00,1.0
2024-10-02,2024,October,2024-25,74.86,USD/bbl,FRED,DCOILBRENTEU.csv,2026-08-21T15:32:16.886220+00:00,1.0
2024-10-03,2024,October,2024-25,77.57,USD/bbl,FRED,DCOILBRENTEU.csv,2026-08-21T15:32:16.886220+00:00,1.0
2024-10-04,2024,October,2024-25,79.32,USD/bbl,FRED,DCOILBRENTEU.csv,2026-08-21T15:32:16.886220+00:00,1.0
2024-10-07,2024,October,2024-25,81.74,USD/bbl,FRED,DCOILBRENTEU.csv,2026-08-21T15:32:16.886220+00:00,1.0
2024-10-08,2024,October,2024-25,78.19,USD/bbl,FRED,DCOILBRENTEU.csv,2026-08-21T15:32:16.886220+00:00,1.0
2024-10-09,2024,October,2024-25,77.06,USD/bbl,FRED,DCOILBRENTEU.csv,2026-08-21T15:32:16.886220+00:00,1.0
2024-10-10,2024,October,2024-25,79.45,USD/bbl,FRED,DCOILBRENTEU.csv,2026-08-21T15:32:16.886220+00:00,1.0
2024-10-11,2024,October,2024-25,80.27,USD/bbl,FRED,DCOILBRENTEU.csv,2026-08-21T15:32:16.886220+00:00,1.0
2024-10-14,2024,October,2024-25,78.47,USD/bbl,FRED,DCOILBRENTEU.csv,2026-08-21T15:32:16.886220+00:00,1.0
2024-10-15,2024,October,2024-25,73.68,USD/bbl,FRED,DCOILBRENTEU.csv,2026-08-21T15:32:16.886220+00:00,1.0
2024-10-16,2024,October,2024-25,73.65,USD/bbl,FRED,DCOILBRENTEU.csv,2026-08-21T15:32:16.886220+00:00,1.0
2024-10-17,2024,October,2024-25,74.37,USD/bbl,FRED,DCOILBRENTEU.csv,2026-08-21T15:32:16.886220+00:00,1.0
2024-10-18,2024,October,2024-25,72.75,USD/bbl,FRED,DCOILBRENTEU.csv,2026-08-21T15:32:16.886220+00:00,1.0
2024-10-21,2024,October,2024-25,73.29,USD/bbl,FRED,DCOILBRENTEU.csv,2026-08-21T15:32:16.886220+00:00,1.0
2024-10-22,2024,October,2024-25,75.59,USD/bbl,FRED,DCOILBRENTEU.csv,2026-08-21T15:32:16.886220+00:00,1.0
2024-10-23,2024,October,2024-25,74.68,USD/bbl,FRED,DCOILBRENTEU.csv,2026-08-21T15:32:16.886220+00:00,1.0
2024-10-24,2024,October,2024-25,74.27,USD/bbl,FRED,DCOILBRENTEU.csv,2026-08-21T15:32:16.886220+00:00,1.0
2024-10-25,2024,October,2024-25,75.62,USD/bbl,FRED,DCOILBRENTEU.csv,2026-08-21T15:32:16.886220+00:00,1.0
2024-10-28,2024,October,2024-25,71.87,USD/bbl,FRED,DCOILBRENTEU.csv,2026-08-21T15:32:16.886220+00:00,1.0
2024-10-29,2024,October,2024-25,71.09,USD/bbl,FRED,DCOILBRENTEU.csv,2026-08-21T15:32:16.886220+00:00,1.0
2024-10-30,2024,October,2024-25,73.21,USD/bbl,FRED,DCOILBRENTEU.csv,2026-08-21T15:32:16.886220+00:00,1.0
2024-10-31,2024,October,2024-25,73.25,USD/bbl,FRED,DCOILBRENTEU.csv,2026-08-21T15:32:16.886220+00:00,1.0
2024-11-01,2024,November,2024-25,73.63,USD/bbl,FRED,DCOILBRENTEU.csv,2026-08-21T15:32:16.886220+00:00,1.0
2024-11-04,2024,November,2024-25,74.89,USD/bbl,FRED,DCOILBRENTEU.csv,2026-08-21T15:32:16.886220+00:00,1.0
2024-11-05,2024,November,2024-25,76.98,USD/bbl,FRED,DCOILBRENTEU.csv,2026-08-21T15:32:16.886220+00:00,1.0
2024-11-06,2024,November,2024-25,76.52,USD/bbl,FRED,DCOILBRENTEU.csv,2026-08-21T15:32:16.886220+00:00,1.0
2024-11-07,2024,November,2024-25,75.73,USD/bbl,FRED,DCOILBRENTEU.csv,2026-08-21T15:32:16.886220+00:00,1.0
2024-11-08,2024,November,2024-25,74.04,USD/bbl,FRED,DCOILBRENTEU.csv,2026-08-21T15:32:16.886220+00:00,1.0
2024-11-11,2024,November,2024-25,72.19,USD/bbl,FRED,DCOILBRENTEU.csv,2026-08-21T15:32:16.886220+00:00,1.0
2024-11-12,2024,November,2024-25,72.56,USD/bbl,FRED,DCOILBRENTEU.csv,2026-08-21T15:32:16.886220+00:00,1.0
2024-11-13,2024,November,2024-25,72.86,USD/bbl,FRED,DCOILBRENTEU.csv,2026-08-21T15:32:16.886220+00:00,1.0
2024-11-14,2024,November,2024-25,73.39,USD/bbl,FRED,DCOILBRENTEU.csv,2026-08-21T15:32:16.886220+00:00,1.0
2024-11-15,2024,November,2024-25,73.45,USD/bbl,FRED,DCOILBRENTEU.csv,2026-08-21T15:32:16.886220+00:00,1.0
2024-11-18,2024,November,2024-25,74.35,USD/bbl,FRED,DCOILBRENTEU.csv,2026-08-21T15:32:16.886220+00:00,1.0
2024-11-19,2024,November,2024-25,74.32,USD/bbl,FRED,DCOILBRENTEU.csv,2026-08-21T15:32:16.886220+00:00,1.0
2024-11-20,2024,November,2024-25,74.33,USD/bbl,FRED,DCOILBRENTEU.csv,2026-08-21T15:32:16.886220+00:00,1.0
2024-11-21,2024,November,2024-25,75.09,USD/bbl,FRED,DCOILBRENTEU.csv,2026-08-21T15:32:16.886220+00:00,1.0
2024-11-22,2024,November,2024-25,76.1,USD/bbl,FRED,DCOILBRENTEU.csv,2026-08-21T15:32:16.886220+00:00,1.0
2024-11-25,2024,November,2024-25,74.27,USD/bbl,FRED,DCOILBRENTEU.csv,2026-08-21T15:32:16.886220+00:00,1.0
2024-11-26,2024,November,2024-25,74.56,USD/bbl,FRED,DCOILBRENTEU.csv,2026-08-21T15:32:16.886220+00:00,1.0
2024-11-27,2024,November,2024-25,73.91,USD/bbl,FRED,DCOILBRENTEU.csv,2026-08-21T15:32:16.886220+00:00,1.0
2024-11-28,2024,November,2024-25,73.92,USD/bbl,FRED,DCOILBRENTEU.csv,2026-08-21T15:32:16.886220+00:00,1.0
2024-11-29,2024,November,2024-25,74.16,USD/bbl,FRED,DCOILBRENTEU.csv,2026-08-21T15:32:16.886220+00:00,1.0
2024-12-02,2024,December,2024-25,72.81,USD/bbl,FRED,DCOILBRENTEU.csv,2026-08-21T15:32:16.886220+00:00,1.0
2024-12-03,2024,December,2024-25,74.8,USD/bbl,FRED,DCOILBRENTEU.csv,2026-08-21T15:32:16.886220+00:00,1.0
2024-12-04,2024,December,2024-25,74.68,USD/bbl,FRED,DCOILBRENTEU.csv,2026-08-21T15:32:16.886220+00:00,1.0
2024-12-05,2024,December,2024-25,73.78,USD/bbl,FRED,DCOILBRENTEU.csv,2026-08-21T15:32:16.886220+00:00,1.0
2024-12-06,2024,December,2024-25,73.78,USD/bbl,FRED,DCOILBRENTEU.csv,2026-08-21T15:32:16.886220+00:00,1.0
2024-12-09,2024,December,2024-25,73.73,USD/bbl,FRED,DCOILBRENTEU.csv,2026-08-21T15:32:16.886220+00:00,1.0
2024-12-10,2024,December,2024-25,73.64,USD/bbl,FRED,DCOILBRENTEU.csv,2026-08-21T15:32:16.886220+00:00,1.0
2024-12-11,2024,December,2024-25,74.38,USD/bbl,FRED,DCOILBRENTEU.csv,2026-08-21T15:32:16.886220+00:00,1.0
2024-12-12,2024,December,2024-25,73.52,USD/bbl,FRED,DCOILBRENTEU.csv,2026-08-21T15:32:16.886220+00:00,1.0
2024-12-13,2024,December,2024-25,74.89,USD/bbl,FRED,DCOILBRENTEU.csv,2026-08-21T15:32:16.886220+00:00,1.0
2024-12-16,2024,December,2024-25,74.3,USD/bbl,FRED,DCOILBRENTEU.csv,2026-08-21T15:32:16.886220+00:00,1.0
2024-12-17,2024,December,2024-25,73.16,USD/bbl,FRED,DCOILBRENTEU.csv,2026-08-21T15:32:16.886220+00:00,1.0
2024-12-18,2024,December,2024-25,74.57,USD/bbl,FRED,DCOILBRENTEU.csv,2026-08-21T15:32:16.886220+00:00,1.0
2024-12-19,2024,December,2024-25,73.75,USD/bbl,FRED,DCOILBRENTEU.csv,2026-08-21T15:32:16.886220+00:00,1.0
2024-12-20,2024,December,2024-25,73.19,USD/bbl,FRED,DCOILBRENTEU.csv,2026-08-21T15:32:16.886220+00:00,1.0
2024-12-23,2024,December,2024-25,72.12,USD/bbl,FRED,DCOILBRENTEU.csv,2026-08-21T15:32:16.886220+00:00,1.0
2024-12-24,2024,December,2024-25,73.5,USD/bbl,FRED,DCOILBRENTEU.csv,2026-08-21T15:32:16.886220+00:00,1.0
2024-12-25,2024,December,2024-25,,USD/bbl,FRED,DCOILBRENTEU.csv,2026-08-21T15:32:16.886220+00:00,1.0
2024-12-26,2024,December,2024-25,,USD/bbl,FRED,DCOILBRENTEU.csv,2026-08-21T15:32:16.886220+00:00,1.0
2024-12-27,2024,December,2024-25,73.77,USD/bbl,FRED,DCOILBRENTEU.csv,2026-08-21T15:32:16.886220+00:00,1.0
2024-12-30,2024,December,2024-25,74.24,USD/bbl,FRED,DCOILBRENTEU.csv,2026-08-21T15:32:16.886220+00:00,1.0
2024-12-31,2024,December,2024-25,74.58,USD/bbl,FRED,DCOILBRENTEU.csv,2026-08-21T15:32:16.886220+00:00,1.0
2025-01-01,2025,January,2024-25,,USD/bbl,FRED,DCOILBRENTEU.csv,2026-08-21T15:32:16.886220+00:00,1.0
2025-01-02,2025,January,2024-25,76.14,USD/bbl,FRED,DCOILBRENTEU.csv,2026-08-21T15:32:16.886220+00:00,1.0
2025-01-03,2025,January,2024-25,76.72,USD/bbl,FRED,DCOILBRENTEU.csv,2026-08-21T15:32:16.886220+00:00,1.0
2025-01-06,2025,January,2024-25,77.27,USD/bbl,FRED,DCOILBRENTEU.csv,2026-08-21T15:32:16.886220+00:00,1.0
2025-01-07,2025,January,2024-25,77.84,USD/bbl,FRED,DCOILBRENTEU.csv,2026-08-21T15:32:16.886220+00:00,1.0
2025-01-08,2025,January,2024-25,77.37,USD/bbl,FRED,DCOILBRENTEU.csv,2026-08-21T15:32:16.886220+00:00,1.0
2025-01-09,2025,January,2024-25,78.44,USD/bbl,FRED,DCOILBRENTEU.csv,2026-08-21T15:32:16.886220+00:00,1.0
2025-01-10,2025,January,2024-25,79.76,USD/bbl,FRED,DCOILBRENTEU.csv,2026-08-21T15:32:16.886220+00:00,1.0
2025-01-13,2025,January,2024-25,82.69,USD/bbl,FRED,DCOILBRENTEU.csv,2026-08-21T15:32:16.886220+00:00,1.0
2025-01-14,2025,January,2024-25,82.39,USD/bbl,FRED,DCOILBRENTEU.csv,2026-08-21T15:32:16.886220+00:00,1.0
2025-01-15,2025,January,2024-25,83.48,USD/bbl,FRED,DCOILBRENTEU.csv,2026-08-21T15:32:16.886220+00:00,1.0
2025-01-16,2025,January,2024-25,82.39,USD/bbl,FRED,DCOILBRENTEU.csv,2026-08-21T15:32:16.886220+00:00,1.0
2025-01-17,2025,January,2024-25,83.02,USD/bbl,FRED,DCOILBRENTEU.csv,2026-08-21T15:32:16.886220+00:00,1.0
2025-01-20,2025,January,2024-25,81.68,USD/bbl,FRED,DCOILBRENTEU.csv,2026-08-21T15:32:16.886220+00:00,1.0
2025-01-21,2025,January,2024-25,80.57,USD/bbl,FRED,DCOILBRENTEU.csv,2026-08-21T15:32:16.886220+00:00,1.0
2025-01-22,2025,January,2024-25,80.0,USD/bbl,FRED,DCOILBRENTEU.csv,2026-08-21T15:32:16.886220+00:00,1.0
2025-01-23,2025,January,2024-25,78.62,USD/bbl,FRED,DCOILBRENTEU.csv,2026-08-21T15:32:16.886220+00:00,1.0
2025-01-24,2025,January,2024-25,78.71,USD/bbl,FRED,DCOILBRENTEU.csv,2026-08-21T15:32:16.886220+00:00,1.0
2025-01-27,2025,January,2024-25,77.3,USD/bbl,FRED,DCOILBRENTEU.csv,2026-08-21T15:32:16.886220+00:00,1.0
2025-01-28,2025,January,2024-25,78.01,USD/bbl,FRED,DCOILBRENTEU.csv,2026-08-21T15:32:16.886220+00:00,1.0
2025-01-29,2025,January,2024-25,77.02,USD/bbl,FRED,DCOILBRENTEU.csv,2026-08-21T15:32:16.886220+00:00,1.0
2025-01-30,2025,January,2024-25,77.42,USD/bbl,FRED,DCOILBRENTEU.csv,2026-08-21T15:32:16.886220+00:00,1.0
2025-01-31,2025,January,2024-25,77.11,USD/bbl,FRED,DCOILBRENTEU.csv,2026-08-21T15:32:16.886220+00:00,1.0
2025-02-03,2025,February,2024-25,76.49,USD/bbl,FRED,DCOILBRENTEU.csv,2026-08-21T15:32:16.886220+00:00,1.0
2025-02-04,2025,February,2024-25,76.58,USD/bbl,FRED,DCOILBRENTEU.csv,2026-08-21T15:32:16.886220+00:00,1.0
2025-02-05,2025,February,2024-25,74.71,USD/bbl,FRED,DCOILBRENTEU.csv,2026-08-21T15:32:16.886220+00:00,1.0
2025-02-06,2025,February,2024-25,74.54,USD/bbl,FRED,DCOILBRENTEU.csv,2026-08-21T15:32:16.886220+00:00,1.0
2025-02-07,2025,February,2024-25,74.68,USD/bbl,FRED,DCOILBRENTEU.csv,2026-08-21T15:32:16.886220+00:00,1.0
2025-02-10,2025,February,2024-25,76.23,USD/bbl,FRED,DCOILBRENTEU.csv,2026-08-21T15:32:16.886220+00:00,1.0
2025-02-11,2025,February,2024-25,77.65,USD/bbl,FRED,DCOILBRENTEU.csv,2026-08-21T15:32:16.886220+00:00,1.0
2025-02-12,2025,February,2024-25,75.38,USD/bbl,FRED,DCOILBRENTEU.csv,2026-08-21T15:32:16.886220+00:00,1.0
2025-02-13,2025,February,2024-25,75.61,USD/bbl,FRED,DCOILBRENTEU.csv,2026-08-21T15:32:16.886220+00:00,1.0
2025-02-14,2025,February,2024-25,75.19,USD/bbl,FRED,DCOILBRENTEU.csv,2026-08-21T15:32:16.886220+00:00,1.0
2025-02-17,2025,February,2024-25,75.81,USD/bbl,FRED,DCOILBRENTEU.csv,2026-08-21T15:32:16.886220+00:00,1.0
2025-02-18,2025,February,2024-25,76.46,USD/bbl,FRED,DCOILBRENTEU.csv,2026-08-21T15:32:16.886220+00:00,1.0
2025-02-19,2025,February,2024-25,76.34,USD/bbl,FRED,DCOILBRENTEU.csv,2026-08-21T15:32:16.886220+00:00,1.0
2025-02-20,2025,February,2024-25,76.95,USD/bbl,FRED,DCOILBRENTEU.csv,2026-08-21T15:32:16.886220+00:00,1.0
2025-02-21,2025,February,2024-25,74.88,USD/bbl,FRED,DCOILBRENTEU.csv,2026-08-21T15:32:16.886220+00:00,1.0
2025-02-24,2025,February,2024-25,74.89,USD/bbl,FRED,DCOILBRENTEU.csv,2026-08-21T15:32:16.886220+00:00,1.0
2025-02-25,2025,February,2024-25,73.11,USD/bbl,FRED,DCOILBRENTEU.csv,2026-08-21T15:32:16.886220+00:00,1.0
2025-02-26,2025,February,2024-25,73.49,USD/bbl,FRED,DCOILBRENTEU.csv,2026-08-21T15:32:16.886220+00:00,1.0
2025-02-27,2025,February,2024-25,75.01,USD/bbl,FRED,DCOILBRENTEU.csv,2026-08-21T15:32:16.886220+00:00,1.0
2025-02-28,2025,February,2024-25,74.76,USD/bbl,FRED,DCOILBRENTEU.csv,2026-08-21T15:32:16.886220+00:00,1.0
2025-03-03,2025,March,2024-25,72.85,USD/bbl,FRED,DCOILBRENTEU.csv,2026-08-21T15:32:16.886220+00:00,1.0
2025-03-04,2025,March,2024-25,72.31,USD/bbl,FRED,DCOILBRENTEU.csv,2026-08-21T15:32:16.886220+00:00,1.0
2025-03-05,2025,March,2024-25,70.92,USD/bbl,FRED,DCOILBRENTEU.csv,2026-08-21T15:32:16.886220+00:00,1.0
2025-03-06,2025,March,2024-25,71.08,USD/bbl,FRED,DCOILBRENTEU.csv,2026-08-21T15:32:16.886220+00:00,1.0
2025-03-07,2025,March,2024-25,72.49,USD/bbl,FRED,DCOILBRENTEU.csv,2026-08-21T15:32:16.886220+00:00,1.0
2025-03-10,2025,March,2024-25,71.08,USD/bbl,FRED,DCOILBRENTEU.csv,2026-08-21T15:32:16.886220+00:00,1.0
2025-03-11,2025,March,2024-25,71.51,USD/bbl,FRED,DCOILBRENTEU.csv,2026-08-21T15:32:16.886220+00:00,1.0
2025-03-12,2025,March,2024-25,72.36,USD/bbl,FRED,DCOILBRENTEU.csv,2026-08-21T15:32:16.886220+00:00,1.0
2025-03-13,2025,March,2024-25,70.82,USD/bbl,FRED,DCOILBRENTEU.csv,2026-08-21T15:32:16.886220+00:00,1.0
2025-03-14,2025,March,2024-25,71.94,USD/bbl,FRED,DCOILBRENTEU.csv,2026-08-21T15:32:16.886220+00:00,1.0
2025-03-17,2025,March,2024-25,71.93,USD/bbl,FRED,DCOILBRENTEU.csv,2026-08-21T15:32:16.886220+00:00,1.0
2025-03-18,2025,March,2024-25,71.93,USD/bbl,FRED,DCOILBRENTEU.csv,2026-08-21T15:32:16.886220+00:00,1.0
2025-03-19,2025,March,2024-25,71.94,USD/bbl,FRED,DCOILBRENTEU.csv,2026-08-21T15:32:16.886220+00:00,1.0
2025-03-20,2025,March,2024-25,72.61,USD/bbl,FRED,DCOILBRENTEU.csv,2026-08-21T15:32:16.886220+00:00,1.0
2025-03-21,2025,March,2024-25,72.64,USD/bbl,FRED,DCOILBRENTEU.csv,2026-08-21T15:32:16.886220+00:00,1.0
2025-03-24,2025,March,2024-25,73.96,USD/bbl,FRED,DCOILBRENTEU.csv,2026-08-21T15:32:16.886220+00:00,1.0
2025-03-25,2025,March,2024-25,73.78,USD/bbl,FRED,DCOILBRENTEU.csv,2026-08-21T15:32:16.886220+00:00,1.0
2025-03-26,2025,March,2024-25,74.6,USD/bbl,FRED,DCOILBRENTEU.csv,2026-08-21T15:32:16.886220+00:00,1.0
2025-03-27,2025,March,2024-25,74.72,USD/bbl,FRED,DCOILBRENTEU.csv,2026-08-21T15:32:16.886220+00:00,1.0
2025-03-28,2025,March,2024-25,74.69,USD/bbl,FRED,DCOILBRENTEU.csv,2026-08-21T15:32:16.886220+00:00,1.0
2025-03-31,2025,March,2024-25,77.23,USD/bbl,FRED,DCOILBRENTEU.csv,2026-08-21T15:32:16.886220+00:00,1.0
2025-04-01,2025,April,2025-26,77.78,USD/bbl,FRED,DCOILBRENTEU.csv,2026-08-21T15:32:16.886220+00:00,1.0
2025-04-02,2025,April,2025-26,77.27,USD/bbl,FRED,DCOILBRENTEU.csv,2026-08-21T15:32:16.886220+00:00,1.0
2025-04-03,2025,April,2025-26,72.54,USD/bbl,FRED,DCOILBRENTEU.csv,2026-08-21T15:32:16.886220+00:00,1.0
2025-04-04,2025,April,2025-26,68.36,USD/bbl,FRED,DCOILBRENTEU.csv,2026-08-21T15:32:16.886220+00:00,1.0
2025-04-07,2025,April,2025-26,66.13,USD/bbl,FRED,DCOILBRENTEU.csv,2026-08-21T15:32:16.886220+00:00,1.0
2025-04-08,2025,April,2025-26,64.86,USD/bbl,FRED,DCOILBRENTEU.csv,2026-08-21T15:32:16.886220+00:00,1.0
2025-04-09,2025,April,2025-26,67.3,USD/bbl,FRED,DCOILBRENTEU.csv,2026-08-21T15:32:16.886220+00:00,1.0
2025-04-10,2025,April,2025-26,65.37,USD/bbl,FRED,DCOILBRENTEU.csv,2026-08-21T15:32:16.886220+00:00,1.0
2025-04-11,2025,April,2025-26,66.83,USD/bbl,FRED,DCOILBRENTEU.csv,2026-08-21T15:32:16.886220+00:00,1.0
2025-04-14,2025,April,2025-26,67.18,USD/bbl,FRED,DCOILBRENTEU.csv,2026-08-21T15:32:16.886220+00:00,1.0
2025-04-15,2025,April,2025-26,66.58,USD/bbl,FRED,DCOILBRENTEU.csv,2026-08-21T15:32:16.886220+00:00,1.0
2025-04-16,2025,April,2025-26,67.94,USD/bbl,FRED,DCOILBRENTEU.csv,2026-08-21T15:32:16.886220+00:00,1.0
2025-04-17,2025,April,2025-26,69.33,USD/bbl,FRED,DCOILBRENTEU.csv,2026-08-21T15:32:16.886220+00:00,1.0
2025-04-18,2025,April,2025-26,,USD/bbl,FRED,DCOILBRENTEU.csv,2026-08-21T15:32:16.886220+00:00,1.0
2025-04-21,2025,April,2025-26,,USD/bbl,FRED,DCOILBRENTEU.csv,2026-08-21T15:32:16.886220+00:00,1.0
2025-04-22,2025,April,2025-26,68.93,USD/bbl,FRED,DCOILBRENTEU.csv,2026-08-21T15:32:16.886220+00:00,1.0
2025-04-23,2025,April,2025-26,68.26,USD/bbl,FRED,DCOILBRENTEU.csv,2026-08-21T15:32:16.886220+00:00,1.0
2025-04-24,2025,April,2025-26,67.5,USD/bbl,FRED,DCOILBRENTEU.csv,2026-08-21T15:32:16.886220+00:00,1.0
2025-04-25,2025,April,2025-26,66.99,USD/bbl,FRED,DCOILBRENTEU.csv,2026-08-21T15:32:16.886220+00:00,1.0
2025-04-28,2025,April,2025-26,66.13,USD/bbl,FRED,DCOILBRENTEU.csv,2026-08-21T15:32:16.886220+00:00,1.0
2025-04-29,2025,April,2025-26,64.04,USD/bbl,FRED,DCOILBRENTEU.csv,2026-08-21T15:32:16.886220+00:00,1.0
2025-04-30,2025,April,2025-26,63.37,USD/bbl,FRED,DCOILBRENTEU.csv,2026-08-21T15:32:16.886220+00:00,1.0
2025-05-01,2025,May,2025-26,62.37,USD/bbl,FRED,DCOILBRENTEU.csv,2026-08-21T15:32:16.886220+00:00,1.0
2025-05-02,2025,May,2025-26,61.57,USD/bbl,FRED,DCOILBRENTEU.csv,2026-08-21T15:32:16.886220+00:00,1.0
2025-05-05,2025,May,2025-26,,USD/bbl,FRED,DCOILBRENTEU.csv,2026-08-21T15:32:16.886220+00:00,1.0
2025-05-06,2025,May,2025-26,62.37,USD/bbl,FRED,DCOILBRENTEU.csv,2026-08-21T15:32:16.886220+00:00,1.0
2025-05-07,2025,May,2025-26,60.31,USD/bbl,FRED,DCOILBRENTEU.csv,2026-08-21T15:32:16.886220+00:00,1.0
2025-05-08,2025,May,2025-26,62.22,USD/bbl,FRED,DCOILBRENTEU.csv,2026-08-21T15:32:16.886220+00:00,1.0
2025-05-09,2025,May,2025-26,64.26,USD/bbl,FRED,DCOILBRENTEU.csv,2026-08-21T15:32:16.886220+00:00,1.0
2025-05-12,2025,May,2025-26,65.28,USD/bbl,FRED,DCOILBRENTEU.csv,2026-08-21T15:32:16.886220+00:00,1.0
2025-05-13,2025,May,2025-26,66.93,USD/bbl,FRED,DCOILBRENTEU.csv,2026-08-21T15:32:16.886220+00:00,1.0
2025-05-14,2025,May,2025-26,65.91,USD/bbl,FRED,DCOILBRENTEU.csv,2026-08-21T15:32:16.886220+00:00,1.0
2025-05-15,2025,May,2025-26,64.36,USD/bbl,FRED,DCOILBRENTEU.csv,2026-08-21T15:32:16.886220+00:00,1.0
2025-05-16,2025,May,2025-26,65.2,USD/bbl,FRED,DCOILBRENTEU.csv,2026-08-21T15:32:16.886220+00:00,1.0
2025-05-19,2025,May,2025-26,66.25,USD/bbl,FRED,DCOILBRENTEU.csv,2026-08-21T15:32:16.886220+00:00,1.0
2025-05-20,2025,May,2025-26,66.93,USD/bbl,FRED,DCOILBRENTEU.csv,2026-08-21T15:32:16.886220+00:00,1.0
2025-05-21,2025,May,2025-26,65.86,USD/bbl,FRED,DCOILBRENTEU.csv,2026-08-21T15:32:16.886220+00:00,1.0
2025-05-22,2025,May,2025-26,64.87,USD/bbl,FRED,DCOILBRENTEU.csv,2026-08-21T15:32:16.886220+00:00,1.0
2025-05-23,2025,May,2025-26,65.41,USD/bbl,FRED,DCOILBRENTEU.csv,2026-08-21T15:32:16.886220+00:00,1.0
2025-05-26,2025,May,2025-26,,USD/bbl,FRED,DCOILBRENTEU.csv,2026-08-21T15:32:16.886220+00:00,1.0
2025-05-27,2025,May,2025-26,64.32,USD/bbl,FRED,DCOILBRENTEU.csv,2026-08-21T15:32:16.886220+00:00,1.0
2025-05-28,2025,May,2025-26,65.72,USD/bbl,FRED,DCOILBRENTEU.csv,2026-08-21T15:32:16.886220+00:00,1.0
2025-05-29,2025,May,2025-26,64.6,USD/bbl,FRED,DCOILBRENTEU.csv,2026-08-21T15:32:16.886220+00:00,1.0
2025-05-30,2025,May,2025-26,64.32,USD/bbl,FRED,DCOILBRENTEU.csv,2026-08-21T15:32:16.886220+00:00,1.0
2025-06-02,2025,June,2025-26,66.55,USD/bbl,FRED,DCOILBRENTEU.csv,2026-08-21T15:32:16.886220+00:00,1.0
2025-06-03,2025,June,2025-26,67.48,USD/bbl,FRED,DCOILBRENTEU.csv,2026-08-21T15:32:16.886220+00:00,1.0
2025-06-04,2025,June,2025-26,66.69,USD/bbl,FRED,DCOILBRENTEU.csv,2026-08-21T15:32:16.886220+00:00,1.0
2025-06-05,2025,June,2025-26,67.14,USD/bbl,FRED,DCOILBRENTEU.csv,2026-08-21T15:32:16.886220+00:00,1.0
2025-06-06,2025,June,2025-26,68.02,USD/bbl,FRED,DCOILBRENTEU.csv,2026-08-21T15:32:16.886220+00:00,1.0
2025-06-09,2025,June,2025-26,68.73,USD/bbl,FRED,DCOILBRENTEU.csv,2026-08-21T15:32:16.886220+00:00,1.0
2025-06-10,2025,June,2025-26,68.41,USD/bbl,FRED,DCOILBRENTEU.csv,2026-08-21T15:32:16.886220+00:00,1.0
2025-06-11,2025,June,2025-26,71.29,USD/bbl,FRED,DCOILBRENTEU.csv,2026-08-21T15:32:16.886220+00:00,1.0
2025-06-12,2025,June,2025-26,70.84,USD/bbl,FRED,DCOILBRENTEU.csv,2026-08-21T15:32:16.886220+00:00,1.0
2025-06-13,2025,June,2025-26,76.0,USD/bbl,FRED,DCOILBRENTEU.csv,2026-08-21T15:32:16.886220+00:00,1.0
2025-06-16,2025,June,2025-26,75.05,USD/bbl,FRED,DCOILBRENTEU.csv,2026-08-21T15:32:16.886220+00:00,1.0
2025-06-17,2025,June,2025-26,78.7,USD/bbl,FRED,DCOILBRENTEU.csv,2026-08-21T15:32:16.886220+00:00,1.0
2025-06-18,2025,June,2025-26,78.38,USD/bbl,FRED,DCOILBRENTEU.csv,2026-08-21T15:32:16.886220+00:00,1.0
2025-06-19,2025,June,2025-26,80.37,USD/bbl,FRED,DCOILBRENTEU.csv,2026-08-21T15:32:16.886220+00:00,1.0
2025-06-20,2025,June,2025-26,78.73,USD/bbl,FRED,DCOILBRENTEU.csv,2026-08-21T15:32:16.886220+00:00,1.0
2025-06-23,2025,June,2025-26,74.34,USD/bbl,FRED,DCOILBRENTEU.csv,2026-08-21T15:32:16.886220+00:00,1.0
2025-06-24,2025,June,2025-26,69.13,USD/bbl,FRED,DCOILBRENTEU.csv,2026-08-21T15:32:16.886220+00:00,1.0
2025-06-25,2025,June,2025-26,68.4,USD/bbl,FRED,DCOILBRENTEU.csv,2026-08-21T15:32:16.886220+00:00,1.0
2025-06-26,2025,June,2025-26,68.57,USD/bbl,FRED,DCOILBRENTEU.csv,2026-08-21T15:32:16.886220+00:00,1.0
2025-06-27,2025,June,2025-26,69.37,USD/bbl,FRED,DCOILBRENTEU.csv,2026-08-21T15:32:16.886220+00:00,1.0
2025-06-30,2025,June,2025-26,68.15,USD/bbl,FRED,DCOILBRENTEU.csv,2026-08-21T15:32:16.886220+00:00,1.0
2025-07-01,2025,July,2025-26,67.63,USD/bbl,FRED,DCOILBRENTEU.csv,2026-08-21T15:32:16.886220+00:00,1.0
2025-07-02,2025,July,2025-26,70.8,USD/bbl,FRED,DCOILBRENTEU.csv,2026-08-21T15:32:16.886220+00:00,1.0
2025-07-03,2025,July,2025-26,70.42,USD/bbl,FRED,DCOILBRENTEU.csv,2026-08-21T15:32:16.886220+00:00,1.0
2025-07-04,2025,July,2025-26,71.03,USD/bbl,FRED,DCOILBRENTEU.csv,2026-08-21T15:32:16.886220+00:00,1.0
2025-07-07,2025,July,2025-26,71.95,USD/bbl,FRED,DCOILBRENTEU.csv,2026-08-21T15:32:16.886220+00:00,1.0
2025-07-08,2025,July,2025-26,72.5,USD/bbl,FRED,DCOILBRENTEU.csv,2026-08-21T15:32:16.886220+00:00,1.0
2025-07-09,2025,July,2025-26,71.98,USD/bbl,FRED,DCOILBRENTEU.csv,2026-08-21T15:32:16.886220+00:00,1.0
2025-07-10,2025,July,2025-26,70.38,USD/bbl,FRED,DCOILBRENTEU.csv,2026-08-21T15:32:16.886220+00:00,1.0
2025-07-11,2025,July,2025-26,72.06,USD/bbl,FRED,DCOILBRENTEU.csv,2026-08-21T15:32:16.886220+00:00,1.0
2025-07-14,2025,July,2025-26,70.96,USD/bbl,FRED,DCOILBRENTEU.csv,2026-08-21T15:32:16.886220+00:00,1.0
2025-07-15,2025,July,2025-26,70.27,USD/bbl,FRED,DCOILBRENTEU.csv,2026-08-21T15:32:16.886220+00:00,1.0
2025-07-16,2025,July,2025-26,69.67,USD/bbl,FRED,DCOILBRENTEU.csv,2026-08-21T15:32:16.886220+00:00,1.0
2025-07-17,2025,July,2025-26,71.32,USD/bbl,FRED,DCOILBRENTEU.csv,2026-08-21T15:32:16.886220+00:00,1.0
2025-07-18,2025,July,2025-26,71.06,USD/bbl,FRED,DCOILBRENTEU.csv,2026-08-21T15:32:16.886220+00:00,1.0
2025-07-21,2025,July,2025-26,71.92,USD/bbl,FRED,DCOILBRENTEU.csv,2026-08-21T15:32:16.886220+00:00,1.0
2025-07-22,2025,July,2025-26,69.69,USD/bbl,FRED,DCOILBRENTEU.csv,2026-08-21T15:32:16.886220+00:00,1.0
2025-07-23,2025,July,2025-26,69.17,USD/bbl,FRED,DCOILBRENTEU.csv,2026-08-21T15:32:16.886220+00:00,1.0
2025-07-24,2025,July,2025-26,70.42,USD/bbl,FRED,DCOILBRENTEU.csv,2026-08-21T15:32:16.886220+00:00,1.0
2025-07-25,2025,July,2025-26,69.23,USD/bbl,FRED,DCOILBRENTEU.csv,2026-08-21T15:32:16.886220+00:00,1.0
2025-07-28,2025,July,2025-26,70.87,USD/bbl,FRED,DCOILBRENTEU.csv,2026-08-21T15:32:16.886220+00:00,1.0
2025-07-29,2025,July,2025-26,73.21,USD/bbl,FRED,DCOILBRENTEU.csv,2026-08-21T15:32:16.886220+00:00,1.0
2025-07-30,2025,July,2025-26,73.98,USD/bbl,FRED,DCOILBRENTEU.csv,2026-08-21T15:32:16.886220+00:00,1.0
2025-07-31,2025,July,2025-26,73.43,USD/bbl,FRED,DCOILBRENTEU.csv,2026-08-21T15:32:16.886220+00:00,1.0
2025-08-01,2025,August,2025-26,70.55,USD/bbl,FRED,DCOILBRENTEU.csv,2026-08-21T15:32:16.886220+00:00,1.0
2025-08-04,2025,August,2025-26,69.56,USD/bbl,FRED,DCOILBRENTEU.csv,2026-08-21T15:32:16.886220+00:00,1.0
2025-08-05,2025,August,2025-26,69.14,USD/bbl,FRED,DCOILBRENTEU.csv,2026-08-21T15:32:16.886220+00:00,1.0
2025-08-06,2025,August,2025-26,67.97,USD/bbl,FRED,DCOILBRENTEU.csv,2026-08-21T15:32:16.886220+00:00,1.0
2025-08-07,2025,August,2025-26,66.99,USD/bbl,FRED,DCOILBRENTEU.csv,2026-08-21T15:32:16.886220+00:00,1.0
2025-08-08,2025,August,2025-26,67.17,USD/bbl,FRED,DCOILBRENTEU.csv,2026-08-21T15:32:16.886220+00:00,1.0
2025-08-11,2025,August,2025-26,67.36,USD/bbl,FRED,DCOILBRENTEU.csv,2026-08-21T15:32:16.886220+00:00,1.0
2025-08-12,2025,August,2025-26,66.8,USD/bbl,FRED,DCOILBRENTEU.csv,2026-08-21T15:32:16.886220+00:00,1.0
2025-08-13,2025,August,2025-26,66.25,USD/bbl,FRED,DCOILBRENTEU.csv,2026-08-21T15:32:16.886220+00:00,1.0
2025-08-14,2025,August,2025-26,68.12,USD/bbl,FRED,DCOILBRENTEU.csv,2026-08-21T15:32:16.886220+00:00,1.0
2025-08-15,2025,August,2025-26,67.3,USD/bbl,FRED,DCOILBRENTEU.csv,2026-08-21T15:32:16.886220+00:00,1.0
2025-08-18,2025,August,2025-26,68.18,USD/bbl,FRED,DCOILBRENTEU.csv,2026-08-21T15:32:16.886220+00:00,1.0
2025-08-19,2025,August,2025-26,66.62,USD/bbl,FRED,DCOILBRENTEU.csv,2026-08-21T15:32:16.886220+00:00,1.0
2025-08-20,2025,August,2025-26,67.61,USD/bbl,FRED,DCOILBRENTEU.csv,2026-08-21T15:32:16.886220+00:00,1.0
2025-08-21,2025,August,2025-26,68.41,USD/bbl,FRED,DCOILBRENTEU.csv,2026-08-21T15:32:16.886220+00:00,1.0
2025-08-22,2025,August,2025-26,68.29,USD/bbl,FRED,DCOILBRENTEU.csv,2026-08-21T15:32:16.886220+00:00,1.0
2025-08-25,2025,August,2025-26,,USD/bbl,FRED,DCOILBRENTEU.csv,2026-08-21T15:32:16.886220+00:00,1.0
2025-08-26,2025,August,2025-26,66.89,USD/bbl,FRED,DCOILBRENTEU.csv,2026-08-21T15:32:16.886220+00:00,1.0
2025-08-27,2025,August,2025-26,67.75,USD/bbl,FRED,DCOILBRENTEU.csv,2026-08-21T15:32:16.886220+00:00,1.0
2025-08-28,2025,August,2025-26,68.61,USD/bbl,FRED,DCOILBRENTEU.csv,2026-08-21T15:32:16.886220+00:00,1.0
2025-08-29,2025,August,2025-26,67.83,USD/bbl,FRED,DCOILBRENTEU.csv,2026-08-21T15:32:16.886220+00:00,1.0
2025-09-01,2025,September,2025-26,67.09,USD/bbl,FRED,DCOILBRENTEU.csv,2026-08-21T15:32:16.886220+00:00,1.0
2025-09-02,2025,September,2025-26,68.09,USD/bbl,FRED,DCOILBRENTEU.csv,2026-08-21T15:32:16.886220+00:00,1.0
2025-09-03,2025,September,2025-26,67.76,USD/bbl,FRED,DCOILBRENTEU.csv,2026-08-21T15:32:16.886220+00:00,1.0
2025-09-04,2025,September,2025-26,66.41,USD/bbl,FRED,DCOILBRENTEU.csv,2026-08-21T15:32:16.886220+00:00,1.0
2025-09-05,2025,September,2025-26,64.92,USD/bbl,FRED,DCOILBRENTEU.csv,2026-08-21T15:32:16.886220+00:00,1.0
2025-09-08,2025,September,2025-26,65.44,USD/bbl,FRED,DCOILBRENTEU.csv,2026-08-21T15:32:16.886220+00:00,1.0
2025-09-09,2025,September,2025-26,67.97,USD/bbl,FRED,DCOILBRENTEU.csv,2026-08-21T15:32:16.886220+00:00,1.0
2025-09-10,2025,September,2025-26,67.62,USD/bbl,FRED,DCOILBRENTEU.csv,2026-08-21T15:32:16.886220+00:00,1.0
2025-09-11,2025,September,2025-26,67.25,USD/bbl,FRED,DCOILBRENTEU.csv,2026-08-21T15:32:16.886220+00:00,1.0
2025-09-12,2025,September,2025-26,67.87,USD/bbl,FRED,DCOILBRENTEU.csv,2026-08-21T15:32:16.886220+00:00,1.0
2025-09-15,2025,September,2025-26,67.88,USD/bbl,FRED,DCOILBRENTEU.csv,2026-08-21T15:32:16.886220+00:00,1.0
2025-09-16,2025,September,2025-26,69.69,USD/bbl,FRED,DCOILBRENTEU.csv,2026-08-21T15:32:16.886220+00:00,1.0
2025-09-17,2025,September,2025-26,69.19,USD/bbl,FRED,DCOILBRENTEU.csv,2026-08-21T15:32:16.886220+00:00,1.0
2025-09-18,2025,September,2025-26,67.83,USD/bbl,FRED,DCOILBRENTEU.csv,2026-08-21T15:32:16.886220+00:00,1.0
2025-09-19,2025,September,2025-26,67.05,USD/bbl,FRED,DCOILBRENTEU.csv,2026-08-21T15:32:16.886220+00:00,1.0
2025-09-22,2025,September,2025-26,66.87,USD/bbl,FRED,DCOILBRENTEU.csv,2026-08-21T15:32:16.886220+00:00,1.0
2025-09-23,2025,September,2025-26,67.96,USD/bbl,FRED,DCOILBRENTEU.csv,2026-08-21T15:32:16.886220+00:00,1.0
2025-09-24,2025,September,2025-26,69.64,USD/bbl,FRED,DCOILBRENTEU.csv,2026-08-21T15:32:16.886220+00:00,1.0
2025-09-25,2025,September,2025-26,70.48,USD/bbl,FRED,DCOILBRENTEU.csv,2026-08-21T15:32:16.886220+00:00,1.0
2025-09-26,2025,September,2025-26,71.15,USD/bbl,FRED,DCOILBRENTEU.csv,2026-08-21T15:32:16.886220+00:00,1.0
2025-09-29,2025,September,2025-26,69.0,USD/bbl,FRED,DCOILBRENTEU.csv,2026-08-21T15:32:16.886220+00:00,1.0
2025-09-30,2025,September,2025-26,68.52,USD/bbl,FRED,DCOILBRENTEU.csv,2026-08-21T15:32:16.886220+00:00,1.0
2025-10-01,2025,October,2025-26,66.67,USD/bbl,FRED,DCOILBRENTEU.csv,2026-08-21T15:32:16.886220+00:00,1.0
2025-10-02,2025,October,2025-26,65.44,USD/bbl,FRED,DCOILBRENTEU.csv,2026-08-21T15:32:16.886220+00:00,1.0
2025-10-03,2025,October,2025-26,66.13,USD/bbl,FRED,DCOILBRENTEU.csv,2026-08-21T15:32:16.886220+00:00,1.0
2025-10-06,2025,October,2025-26,67.09,USD/bbl,FRED,DCOILBRENTEU.csv,2026-08-21T15:32:16.886220+00:00,1.0
2025-10-07,2025,October,2025-26,67.1,USD/bbl,FRED,DCOILBRENTEU.csv,2026-08-21T15:32:16.886220+00:00,1.0
2025-10-08,2025,October,2025-26,67.42,USD/bbl,FRED,DCOILBRENTEU.csv,2026-08-21T15:32:16.886220+00:00,1.0
2025-10-09,2025,October,2025-26,67.23,USD/bbl,FRED,DCOILBRENTEU.csv,2026-08-21T15:32:16.886220+00:00,1.0
2025-10-10,2025,October,2025-26,64.41,USD/bbl,FRED,DCOILBRENTEU.csv,2026-08-21T15:32:16.886220+00:00,1.0
2025-10-13,2025,October,2025-26,64.15,USD/bbl,FRED,DCOILBRENTEU.csv,2026-08-21T15:32:16.886220+00:00,1.0
2025-10-14,2025,October,2025-26,63.0,USD/bbl,FRED,DCOILBRENTEU.csv,2026-08-21T15:32:16.886220+00:00,1.0
2025-10-15,2025,October,2025-26,62.33,USD/bbl,FRED,DCOILBRENTEU.csv,2026-08-21T15:32:16.886220+00:00,1.0
2025-10-16,2025,October,2025-26,61.08,USD/bbl,FRED,DCOILBRENTEU.csv,2026-08-21T15:32:16.886220+00:00,1.0
2025-10-17,2025,October,2025-26,61.23,USD/bbl,FRED,DCOILBRENTEU.csv,2026-08-21T15:32:16.886220+00:00,1.0
2025-10-20,2025,October,2025-26,60.71,USD/bbl,FRED,DCOILBRENTEU.csv,2026-08-21T15:32:16.886220+00:00,1.0
2025-10-21,2025,October,2025-26,61.0,USD/bbl,FRED,DCOILBRENTEU.csv,2026-08-21T15:32:16.886220+00:00,1.0
2025-10-22,2025,October,2025-26,62.28,USD/bbl,FRED,DCOILBRENTEU.csv,2026-08-21T15:32:16.886220+00:00,1.0
2025-10-23,2025,October,2025-26,66.32,USD/bbl,FRED,DCOILBRENTEU.csv,2026-08-21T15:32:16.886220+00:00,1.0
2025-10-24,2025,October,2025-26,65.8,USD/bbl,FRED,DCOILBRENTEU.csv,2026-08-21T15:32:16.886220+00:00,1.0
2025-10-27,2025,October,2025-26,65.52,USD/bbl,FRED,DCOILBRENTEU.csv,2026-08-21T15:32:16.886220+00:00,1.0
2025-10-28,2025,October,2025-26,64.03,USD/bbl,FRED,DCOILBRENTEU.csv,2026-08-21T15:32:16.886220+00:00,1.0
2025-10-29,2025,October,2025-26,65.01,USD/bbl,FRED,DCOILBRENTEU.csv,2026-08-21T15:32:16.886220+00:00,1.0
2025-10-30,2025,October,2025-26,65.11,USD/bbl,FRED,DCOILBRENTEU.csv,2026-08-21T15:32:16.886220+00:00,1.0
2025-10-31,2025,October,2025-26,65.44,USD/bbl,FRED,DCOILBRENTEU.csv,2026-08-21T15:32:16.886220+00:00,1.0
2025-11-03,2025,November,2025-26,65.79,USD/bbl,FRED,DCOILBRENTEU.csv,2026-08-21T15:32:16.886220+00:00,1.0
2025-11-04,2025,November,2025-26,65.04,USD/bbl,FRED,DCOILBRENTEU.csv,2026-08-21T15:32:16.886220+00:00,1.0
2025-11-05,2025,November,2025-26,63.54,USD/bbl,FRED,DCOILBRENTEU.csv,2026-08-21T15:32:16.886220+00:00,1.0
2025-11-06,2025,November,2025-26,63.41,USD/bbl,FRED,DCOILBRENTEU.csv,2026-08-21T15:32:16.886220+00:00,1.0
2025-11-07,2025,November,2025-26,63.72,USD/bbl,FRED,DCOILBRENTEU.csv,2026-08-21T15:32:16.886220+00:00,1.0
2025-11-10,2025,November,2025-26,63.01,USD/bbl,FRED,DCOILBRENTEU.csv,2026-08-21T15:32:16.886220+00:00,1.0
2025-11-11,2025,November,2025-26,63.86,USD/bbl,FRED,DCOILBRENTEU.csv,2026-08-21T15:32:16.886220+00:00,1.0
2025-11-12,2025,November,2025-26,61.88,USD/bbl,FRED,DCOILBRENTEU.csv,2026-08-21T15:32:16.886220+00:00,1.0
2025-11-13,2025,November,2025-26,62.14,USD/bbl,FRED,DCOILBRENTEU.csv,2026-08-21T15:32:16.886220+00:00,1.0
2025-11-14,2025,November,2025-26,63.45,USD/bbl,FRED,DCOILBRENTEU.csv,2026-08-21T15:32:16.886220+00:00,1.0
2025-11-17,2025,November,2025-26,63.16,USD/bbl,FRED,DCOILBRENTEU.csv,2026-08-21T15:32:16.886220+00:00,1.0
2025-11-18,2025,November,2025-26,64.86,USD/bbl,FRED,DCOILBRENTEU.csv,2026-08-21T15:32:16.886220+00:00,1.0
2025-11-19,2025,November,2025-26,63.78,USD/bbl,FRED,DCOILBRENTEU.csv,2026-08-21T15:32:16.886220+00:00,1.0
2025-11-20,2025,November,2025-26,63.64,USD/bbl,FRED,DCOILBRENTEU.csv,2026-08-21T15:32:16.886220+00:00,1.0
2025-11-21,2025,November,2025-26,62.78,USD/bbl,FRED,DCOILBRENTEU.csv,2026-08-21T15:32:16.886220+00:00,1.0
2025-11-24,2025,November,2025-26,64.83,USD/bbl,FRED,DCOILBRENTEU.csv,2026-08-21T15:32:16.886220+00:00,1.0
2025-11-25,2025,November,2025-26,63.99,USD/bbl,FRED,DCOILBRENTEU.csv,2026-08-21T15:32:16.886220+00:00,1.0
2025-11-26,2025,November,2025-26,64.81,USD/bbl,FRED,DCOILBRENTEU.csv,2026-08-21T15:32:16.886220+00:00,1.0
2025-11-27,2025,November,2025-26,64.18,USD/bbl,FRED,DCOILBRENTEU.csv,2026-08-21T15:32:16.886220+00:00,1.0
2025-11-28,2025,November,2025-26,64.07,USD/bbl,FRED,DCOILBRENTEU.csv,2026-08-21T15:32:16.886220+00:00,1.0
2025-12-01,2025,December,2025-26,64.22,USD/bbl,FRED,DCOILBRENTEU.csv,2026-08-21T15:32:16.886220+00:00,1.0
2025-12-02,2025,December,2025-26,63.37,USD/bbl,FRED,DCOILBRENTEU.csv,2026-08-21T15:32:16.886220+00:00,1.0
2025-12-03,2025,December,2025-26,63.75,USD/bbl,FRED,DCOILBRENTEU.csv,2026-08-21T15:32:16.886220+00:00,1.0
2025-12-04,2025,December,2025-26,64.15,USD/bbl,FRED,DCOILBRENTEU.csv,2026-08-21T15:32:16.886220+00:00,1.0
2025-12-05,2025,December,2025-26,64.42,USD/bbl,FRED,DCOILBRENTEU.csv,2026-08-21T15:32:16.886220+00:00,1.0
2025-12-08,2025,December,2025-26,63.3,USD/bbl,FRED,DCOILBRENTEU.csv,2026-08-21T15:32:16.886220+00:00,1.0
2025-12-09,2025,December,2025-26,62.62,USD/bbl,FRED,DCOILBRENTEU.csv,2026-08-21T15:32:16.886220+00:00,1.0
2025-12-10,2025,December,2025-26,63.12,USD/bbl,FRED,DCOILBRENTEU.csv,2026-08-21T15:32:16.886220+00:00,1.0
2025-12-11,2025,December,2025-26,61.87,USD/bbl,FRED,DCOILBRENTEU.csv,2026-08-21T15:32:16.886220+00:00,1.0
2025-12-12,2025,December,2025-26,62.11,USD/bbl,FRED,DCOILBRENTEU.csv,2026-08-21T15:32:16.886220+00:00,1.0
2025-12-15,2025,December,2025-26,61.55,USD/bbl,FRED,DCOILBRENTEU.csv,2026-08-21T15:32:16.886220+00:00,1.0
2025-12-16,2025,December,2025-26,59.93,USD/bbl,FRED,DCOILBRENTEU.csv,2026-08-21T15:32:16.886220+00:00,1.0
2025-12-17,2025,December,2025-26,60.61,USD/bbl,FRED,DCOILBRENTEU.csv,2026-08-21T15:32:16.886220+00:00,1.0
2025-12-18,2025,December,2025-26,60.69,USD/bbl,FRED,DCOILBRENTEU.csv,2026-08-21T15:32:16.886220+00:00,1.0
2025-12-19,2025,December,2025-26,61.35,USD/bbl,FRED,DCOILBRENTEU.csv,2026-08-21T15:32:16.886220+00:00,1.0
2025-12-22,2025,December,2025-26,62.22,USD/bbl,FRED,DCOILBRENTEU.csv,2026-08-21T15:32:16.886220+00:00,1.0
2025-12-23,2025,December,2025-26,63.7,USD/bbl,FRED,DCOILBRENTEU.csv,2026-08-21T15:32:16.886220+00:00,1.0
2025-12-24,2025,December,2025-26,63.7,USD/bbl,FRED,DCOILBRENTEU.csv,2026-08-21T15:32:16.886220+00:00,1.0
2025-12-25,2025,December,2025-26,,USD/bbl,FRED,DCOILBRENTEU.csv,2026-08-21T15:32:16.886220+00:00,1.0
2025-12-26,2025,December,2025-26,,USD/bbl,FRED,DCOILBRENTEU.csv,2026-08-21T15:32:16.886220+00:00,1.0
2025-12-29,2025,December,2025-26,63.1,USD/bbl,FRED,DCOILBRENTEU.csv,2026-08-21T15:32:16.886220+00:00,1.0
2025-12-30,2025,December,2025-26,62.3,USD/bbl,FRED,DCOILBRENTEU.csv,2026-08-21T15:32:16.886220+00:00,1.0
2025-12-31,2025,December,2025-26,61.35,USD/bbl,FRED,DCOILBRENTEU.csv,2026-08-21T15:32:16.886220+00:00,1.0
2026-01-01,2026,January,2025-26,,USD/bbl,FRED,DCOILBRENTEU.csv,2026-08-21T15:32:16.886220+00:00,1.0
2026-01-02,2026,January,2025-26,61.98,USD/bbl,FRED,DCOILBRENTEU.csv,2026-08-21T15:32:16.886220+00:00,1.0
2026-01-05,2026,January,2025-26,63.0,USD/bbl,FRED,DCOILBRENTEU.csv,2026-08-21T15:32:16.886220+00:00,1.0
2026-01-06,2026,January,2025-26,62.1,USD/bbl,FRED,DCOILBRENTEU.csv,2026-08-21T15:32:16.886220+00:00,1.0
2026-01-07,2026,January,2025-26,61.08,USD/bbl,FRED,DCOILBRENTEU.csv,2026-08-21T15:32:16.886220+00:00,1.0
2026-01-08,2026,January,2025-26,63.34,USD/bbl,FRED,DCOILBRENTEU.csv,2026-08-21T15:32:16.886220+00:00,1.0
2026-01-09,2026,January,2025-26,65.11,USD/bbl,FRED,DCOILBRENTEU.csv,2026-08-21T15:32:16.886220+00:00,1.0
2026-01-12,2026,January,2025-26,65.4,USD/bbl,FRED,DCOILBRENTEU.csv,2026-08-21T15:32:16.886220+00:00,1.0
2026-01-13,2026,January,2025-26,67.58,USD/bbl,FRED,DCOILBRENTEU.csv,2026-08-21T15:32:16.886220+00:00,1.0
2026-01-14,2026,January,2025-26,68.87,USD/bbl,FRED,DCOILBRENTEU.csv,2026-08-21T15:32:16.886220+00:00,1.0
2026-01-15,2026,January,2025-26,66.16,USD/bbl,FRED,DCOILBRENTEU.csv,2026-08-21T15:32:16.886220+00:00,1.0
2026-01-16,2026,January,2025-26,66.97,USD/bbl,FRED,DCOILBRENTEU.csv,2026-08-21T15:32:16.886220+00:00,1.0
2026-01-19,2026,January,2025-26,66.91,USD/bbl,FRED,DCOILBRENTEU.csv,2026-08-21T15:32:16.886220+00:00,1.0
2026-01-20,2026,January,2025-26,67.68,USD/bbl,FRED,DCOILBRENTEU.csv,2026-08-21T15:32:16.886220+00:00,1.0
2026-01-21,2026,January,2025-26,66.72,USD/bbl,FRED,DCOILBRENTEU.csv,2026-08-21T15:32:16.886220+00:00,1.0
2026-01-22,2026,January,2025-26,65.46,USD/bbl,FRED,DCOILBRENTEU.csv,2026-08-21T15:32:16.886220+00:00,1.0
2026-01-23,2026,January,2025-26,68.16,USD/bbl,FRED,DCOILBRENTEU.csv,2026-08-21T15:32:16.886220+00:00,1.0
2026-01-26,2026,January,2025-26,67.7,USD/bbl,FRED,DCOILBRENTEU.csv,2026-08-21T15:32:16.886220+00:00,1.0
2026-01-27,2026,January,2025-26,70.28,USD/bbl,FRED,DCOILBRENTEU.csv,2026-08-21T15:32:16.886220+00:00,1.0
2026-01-28,2026,January,2025-26,70.9,USD/bbl,FRED,DCOILBRENTEU.csv,2026-08-21T15:32:16.886220+00:00,1.0
2026-01-29,2026,January,2025-26,71.0,USD/bbl,FRED,DCOILBRENTEU.csv,2026-08-21T15:32:16.886220+00:00,1.0
2026-01-30,2026,January,2025-26,72.25,USD/bbl,FRED,DCOILBRENTEU.csv,2026-08-21T15:32:16.886220+00:00,1.0
2026-02-02,2026,February,2025-26,67.72,USD/bbl,FRED,DCOILBRENTEU.csv,2026-08-21T15:32:16.886220+00:00,1.0
2026-02-03,2026,February,2025-26,70.01,USD/bbl,FRED,DCOILBRENTEU.csv,2026-08-21T15:32:16.886220+00:00,1.0
2026-02-04,2026,February,2025-26,71.15,USD/bbl,FRED,DCOILBRENTEU.csv,2026-08-21T15:32:16.886220+00:00,1.0
2026-02-05,2026,February,2025-26,69.87,USD/bbl,FRED,DCOILBRENTEU.csv,2026-08-21T15:32:16.886220+00:00,1.0
2026-02-06,2026,February,2025-26,70.45,USD/bbl,FRED,DCOILBRENTEU.csv,2026-08-21T15:32:16.886220+00:00,1.0
2026-02-09,2026,February,2025-26,71.19,USD/bbl,FRED,DCOILBRENTEU.csv,2026-08-21T15:32:16.886220+00:00,1.0
2026-02-10,2026,February,2025-26,71.01,USD/bbl,FRED,DCOILBRENTEU.csv,2026-08-21T15:32:16.886220+00:00,1.0
2026-02-11,2026,February,2025-26,71.52,USD/bbl,FRED,DCOILBRENTEU.csv,2026-08-21T15:32:16.886220+00:00,1.0
2026-02-12,2026,February,2025-26,69.8,USD/bbl,FRED,DCOILBRENTEU.csv,2026-08-21T15:32:16.886220+00:00,1.0
2026-02-13,2026,February,2025-26,69.96,USD/bbl,FRED,DCOILBRENTEU.csv,2026-08-21T15:32:16.886220+00:00,1.0
2026-02-16,2026,February,2025-26,70.81,USD/bbl,FRED,DCOILBRENTEU.csv,2026-08-21T15:32:16.886220+00:00,1.0
2026-02-17,2026,February,2025-26,69.77,USD/bbl,FRED,DCOILBRENTEU.csv,2026-08-21T15:32:16.886220+00:00,1.0
2026-02-18,2026,February,2025-26,71.78,USD/bbl,FRED,DCOILBRENTEU.csv,2026-08-21T15:32:16.886220+00:00,1.0
2026-02-19,2026,February,2025-26,73.17,USD/bbl,FRED,DCOILBRENTEU.csv,2026-08-21T15:32:16.886220+00:00,1.0
2026-02-20,2026,February,2025-26,72.75,USD/bbl,FRED,DCOILBRENTEU.csv,2026-08-21T15:32:16.886220+00:00,1.0
2026-02-23,2026,February,2025-26,71.9,USD/bbl,FRED,DCOILBRENTEU.csv,2026-08-21T15:32:16.886220+00:00,1.0
2026-02-24,2026,February,2025-26,71.21,USD/bbl,FRED,DCOILBRENTEU.csv,2026-08-21T15:32:16.886220+00:00,1.0
2026-02-25,2026,February,2025-26,70.69,USD/bbl,FRED,DCOILBRENTEU.csv,2026-08-21T15:32:16.886220+00:00,1.0
2026-02-26,2026,February,2025-26,71.66,USD/bbl,FRED,DCOILBRENTEU.csv,2026-08-21T15:32:16.886220+00:00,1.0
2026-02-27,2026,February,2025-26,71.32,USD/bbl,FRED,DCOILBRENTEU.csv,2026-08-21T15:32:16.886220+00:00,1.0
2026-03-02,2026,March,2025-26,77.24,USD/bbl,FRED,DCOILBRENTEU.csv,2026-08-21T15:32:16.886220+00:00,1.0
2026-03-03,2026,March,2025-26,83.28,USD/bbl,FRED,DCOILBRENTEU.csv,2026-08-21T15:32:16.886220+00:00,1.0
2026-03-04,2026,March,2025-26,81.56,USD/bbl,FRED,DCOILBRENTEU.csv,2026-08-21T15:32:16.886220+00:00,1.0
2026-03-05,2026,March,2025-26,88.59,USD/bbl,FRED,DCOILBRENTEU.csv,2026-08-21T15:32:16.886220+00:00,1.0
2026-03-06,2026,March,2025-26,95.74,USD/bbl,FRED,DCOILBRENTEU.csv,2026-08-21T15:32:16.886220+00:00,1.0
2026-03-09,2026,March,2025-26,94.35,USD/bbl,FRED,DCOILBRENTEU.csv,2026-08-21T15:32:16.886220+00:00,1.0
2026-03-10,2026,March,2025-26,89.84,USD/bbl,FRED,DCOILBRENTEU.csv,2026-08-21T15:32:16.886220+00:00,1.0
2026-03-11,2026,March,2025-26,90.98,USD/bbl,FRED,DCOILBRENTEU.csv,2026-08-21T15:32:16.886220+00:00,1.0
2026-03-12,2026,March,2025-26,102.38,USD/bbl,FRED,DCOILBRENTEU.csv,2026-08-21T15:32:16.886220+00:00,1.0
2026-03-13,2026,March,2025-26,103.23,USD/bbl,FRED,DCOILBRENTEU.csv,2026-08-21T15:32:16.886220+00:00,1.0
2026-03-16,2026,March,2025-26,101.04,USD/bbl,FRED,DCOILBRENTEU.csv,2026-08-21T15:32:16.886220+00:00,1.0
2026-03-17,2026,March,2025-26,108.39,USD/bbl,FRED,DCOILBRENTEU.csv,2026-08-21T15:32:16.886220+00:00,1.0
2026-03-18,2026,March,2025-26,118.09,USD/bbl,FRED,DCOILBRENTEU.csv,2026-08-21T15:32:16.886220+00:00,1.0
2026-03-19,2026,March,2025-26,111.05,USD/bbl,FRED,DCOILBRENTEU.csv,2026-08-21T15:32:16.886220+00:00,1.0
2026-03-20,2026,March,2025-26,118.42,USD/bbl,FRED,DCOILBRENTEU.csv,2026-08-21T15:32:16.886220+00:00,1.0
2026-03-23,2026,March,2025-26,103.79,USD/bbl,FRED,DCOILBRENTEU.csv,2026-08-21T15:32:16.886220+00:00,1.0
2026-03-24,2026,March,2025-26,108.42,USD/bbl,FRED,DCOILBRENTEU.csv,2026-08-21T15:32:16.886220+00:00,1.0
2026-03-25,2026,March,2025-26,109.14,USD/bbl,FRED,DCOILBRENTEU.csv,2026-08-21T15:32:16.886220+00:00,1.0
2026-03-26,2026,March,2025-26,113.39,USD/bbl,FRED,DCOILBRENTEU.csv,2026-08-21T15:32:16.886220+00:00,1.0
2026-03-27,2026,March,2025-26,121.47,USD/bbl,FRED,DCOILBRENTEU.csv,2026-08-21T15:32:16.886220+00:00,1.0
2026-03-30,2026,March,2025-26,121.88,USD/bbl,FRED,DCOILBRENTEU.csv,2026-08-21T15:32:16.886220+00:00,1.0
2026-03-31,2026,March,2025-26,126.69,USD/bbl,FRED,DCOILBRENTEU.csv,2026-08-21T15:32:16.886220+00:00,1.0
2026-04-01,2026,April,2026-27,119.56,USD/bbl,FRED,DCOILBRENTEU.csv,2026-08-21T15:32:16.886220+00:00,1.0
2026-04-02,2026,April,2026-27,127.61,USD/bbl,FRED,DCOILBRENTEU.csv,2026-08-21T15:32:16.886220+00:00,1.0
2026-04-03,2026,April,2026-27,,USD/bbl,FRED,DCOILBRENTEU.csv,2026-08-21T15:32:16.886220+00:00,1.0
2026-04-06,2026,April,2026-27,,USD/bbl,FRED,DCOILBRENTEU.csv,2026-08-21T15:32:16.886220+00:00,1.0
2026-04-07,2026,April,2026-27,138.21,USD/bbl,FRED,DCOILBRENTEU.csv,2026-08-21T15:32:16.886220+00:00,1.0
2026-04-08,2026,April,2026-27,122.11,USD/bbl,FRED,DCOILBRENTEU.csv,2026-08-21T15:32:16.886220+00:00,1.0
2026-04-09,2026,April,2026-27,119.03,USD/bbl,FRED,DCOILBRENTEU.csv,2026-08-21T15:32:16.886220+00:00,1.0
2026-04-10,2026,April,2026-27,119.07,USD/bbl,FRED,DCOILBRENTEU.csv,2026-08-21T15:32:16.886220+00:00,1.0
2026-04-13,2026,April,2026-27,123.28,USD/bbl,FRED,DCOILBRENTEU.csv,2026-08-21T15:32:16.886220+00:00,1.0
2026-04-14,2026,April,2026-27,118.69,USD/bbl,FRED,DCOILBRENTEU.csv,2026-08-21T15:32:16.886220+00:00,1.0
2026-04-15,2026,April,2026-27,114.93,USD/bbl,FRED,DCOILBRENTEU.csv,2026-08-21T15:32:16.886220+00:00,1.0
2026-04-16,2026,April,2026-27,116.63,USD/bbl,FRED,DCOILBRENTEU.csv,2026-08-21T15:32:16.886220+00:00,1.0
2026-04-17,2026,April,2026-27,98.63,USD/bbl,FRED,DCOILBRENTEU.csv,2026-08-21T15:32:16.886220+00:00,1.0
2026-04-20,2026,April,2026-27,103.4,USD/bbl,FRED,DCOILBRENTEU.csv,2026-08-21T15:32:16.886220+00:00,1.0
2026-04-21,2026,April,2026-27,106.14,USD/bbl,FRED,DCOILBRENTEU.csv,2026-08-21T15:32:16.886220+00:00,1.0
2026-04-22,2026,April,2026-27,113.44,USD/bbl,FRED,DCOILBRENTEU.csv,2026-08-21T15:32:16.886220+00:00,1.0
2026-04-23,2026,April,2026-27,113.25,USD/bbl,FRED,DCOILBRENTEU.csv,2026-08-21T15:32:16.886220+00:00,1.0
2026-04-24,2026,April,2026-27,111.86,USD/bbl,FRED,DCOILBRENTEU.csv,2026-08-21T15:32:16.886220+00:00,1.0
2026-04-27,2026,April,2026-27,113.89,USD/bbl,FRED,DCOILBRENTEU.csv,2026-08-21T15:32:16.886220+00:00,1.0
2026-04-28,2026,April,2026-27,117.62,USD/bbl,FRED,DCOILBRENTEU.csv,2026-08-21T15:32:16.886220+00:00,1.0
2026-04-29,2026,April,2026-27,124.16,USD/bbl,FRED,DCOILBRENTEU.csv,2026-08-21T15:32:16.886220+00:00,1.0
2026-04-30,2026,April,2026-27,124.24,USD/bbl,FRED,DCOILBRENTEU.csv,2026-08-21T15:32:16.886220+00:00,1.0
2026-05-01,2026,May,2026-27,118.26,USD/bbl,FRED,DCOILBRENTEU.csv,2026-08-21T15:32:16.886220+00:00,1.0
2026-05-04,2026,May,2026-27,,USD/bbl,FRED,DCOILBRENTEU.csv,2026-08-21T15:32:16.886220+00:00,1.0
2026-05-05,2026,May,2026-27,114.51,USD/bbl,FRED,DCOILBRENTEU.csv,2026-08-21T15:32:16.886220+00:00,1.0
2026-05-06,2026,May,2026-27,103.7,USD/bbl,FRED,DCOILBRENTEU.csv,2026-08-21T15:32:16.886220+00:00,1.0
2026-05-07,2026,May,2026-27,101.82,USD/bbl,FRED,DCOILBRENTEU.csv,2026-08-21T15:32:16.886220+00:00,1.0
2026-05-08,2026,May,2026-27,103.48,USD/bbl,FRED,DCOILBRENTEU.csv,2026-08-21T15:32:16.886220+00:00,1.0
2026-05-11,2026,May,2026-27,106.11,USD/bbl,FRED,DCOILBRENTEU.csv,2026-08-21T15:32:16.886220+00:00,1.0
2026-05-12,2026,May,2026-27,111.37,USD/bbl,FRED,DCOILBRENTEU.csv,2026-08-21T15:32:16.886220+00:00,1.0
2026-05-13,2026,May,2026-27,110.28,USD/bbl,FRED,DCOILBRENTEU.csv,2026-08-21T15:32:16.886220+00:00,1.0
2026-05-14,2026,May,2026-27,110.91,USD/bbl,FRED,DCOILBRENTEU.csv,2026-08-21T15:32:16.886220+00:00,1.0
2026-05-15,2026,May,2026-27,113.96,USD/bbl,FRED,DCOILBRENTEU.csv,2026-08-21T15:32:16.886220+00:00,1.0
2026-05-18,2026,May,2026-27,116.73,USD/bbl,FRED,DCOILBRENTEU.csv,2026-08-21T15:32:16.886220+00:00,1.0
2026-05-19,2026,May,2026-27,114.64,USD/bbl,FRED,DCOILBRENTEU.csv,2026-08-21T15:32:16.886220+00:00,1.0
2026-05-20,2026,May,2026-27,108.93,USD/bbl,FRED,DCOILBRENTEU.csv,2026-08-21T15:32:16.886220+00:00,1.0
2026-05-21,2026,May,2026-27,105.84,USD/bbl,FRED,DCOILBRENTEU.csv,2026-08-21T15:32:16.886220+00:00,1.0
2026-05-22,2026,May,2026-27,106.9,USD/bbl,FRED,DCOILBRENTEU.csv,2026-08-21T15:32:16.886220+00:00,1.0
2026-05-25,2026,May,2026-27,,USD/bbl,FRED,DCOILBRENTEU.csv,2026-08-21T15:32:16.886220+00:00,1.0
2026-05-26,2026,May,2026-27,102.75,USD/bbl,FRED,DCOILBRENTEU.csv,2026-08-21T15:32:16.886220+00:00,1.0
2026-05-27,2026,May,2026-27,97.11,USD/bbl,FRED,DCOILBRENTEU.csv,2026-08-21T15:32:16.886220+00:00,1.0
2026-05-28,2026,May,2026-27,95.47,USD/bbl,FRED,DCOILBRENTEU.csv,2026-08-21T15:32:16.886220+00:00,1.0
2026-05-29,2026,May,2026-27,92.88,USD/bbl,FRED,DCOILBRENTEU.csv,2026-08-21T15:32:16.886220+00:00,1.0
2026-06-01,2026,June,2026-27,98.29,USD/bbl,FRED,DCOILBRENTEU.csv,2026-08-21T15:32:16.886220+00:00,1.0
2026-06-02,2026,June,2026-27,98.49,USD/bbl,FRED,DCOILBRENTEU.csv,2026-08-21T15:32:16.886220+00:00,1.0
2026-06-03,2026,June,2026-27,101.69,USD/bbl,FRED,DCOILBRENTEU.csv,2026-08-21T15:32:16.886220+00:00,1.0
2026-06-04,2026,June,2026-27,98.98,USD/bbl,FRED,DCOILBRENTEU.csv,2026-08-21T15:32:16.886220+00:00,1.0
2026-06-05,2026,June,2026-27,97.29,USD/bbl,FRED,DCOILBRENTEU.csv,2026-08-21T15:32:16.886220+00:00,1.0
2026-06-08,2026,June,2026-27,97.46,USD/bbl,FRED,DCOILBRENTEU.csv,2026-08-21T15:32:16.886220+00:00,1.0
2026-06-09,2026,June,2026-27,94.15,USD/bbl,FRED,DCOILBRENTEU.csv,2026-08-21T15:32:16.886220+00:00,1.0
2026-06-10,2026,June,2026-27,95.73,USD/bbl,FRED,DCOILBRENTEU.csv,2026-08-21T15:32:16.886220+00:00,1.0
2026-06-11,2026,June,2026-27,92.84,USD/bbl,FRED,DCOILBRENTEU.csv,2026-08-21T15:32:16.886220+00:00,1.0
2026-06-12,2026,June,2026-27,88.64,USD/bbl,FRED,DCOILBRENTEU.csv,2026-08-21T15:32:16.886220+00:00,1.0
2026-06-15,2026,June,2026-27,84.36,USD/bbl,FRED,DCOILBRENTEU.csv,2026-08-21T15:32:16.886220+00:00,1.0
2026-06-16,2026,June,2026-27,80.5,USD/bbl,FRED,DCOILBRENTEU.csv,2026-08-21T15:32:16.886220+00:00,1.0
2026-06-17,2026,June,2026-27,80.33,USD/bbl,FRED,DCOILBRENTEU.csv,2026-08-21T15:32:16.886220+00:00,1.0
2026-06-18,2026,June,2026-27,79.35,USD/bbl,FRED,DCOILBRENTEU.csv,2026-08-21T15:32:16.886220+00:00,1.0
2026-06-19,2026,June,2026-27,80.46,USD/bbl,FRED,DCOILBRENTEU.csv,2026-08-21T15:32:16.886220+00:00,1.0
2026-06-22,2026,June,2026-27,76.49,USD/bbl,FRED,DCOILBRENTEU.csv,2026-08-21T15:32:16.886220+00:00,1.0
2026-06-23,2026,June,2026-27,75.69,USD/bbl,FRED,DCOILBRENTEU.csv,2026-08-21T15:32:16.886220+00:00,1.0
2026-06-24,2026,June,2026-27,72.09,USD/bbl,FRED,DCOILBRENTEU.csv,2026-08-21T15:32:16.886220+00:00,1.0
2026-06-25,2026,June,2026-27,73.74,USD/bbl,FRED,DCOILBRENTEU.csv,2026-08-21T15:32:16.886220+00:00,1.0
2026-06-26,2026,June,2026-27,70.16,USD/bbl,FRED,DCOILBRENTEU.csv,2026-08-21T15:32:16.886220+00:00,1.0
2026-06-29,2026,June,2026-27,71.59,USD/bbl,FRED,DCOILBRENTEU.csv,2026-08-21T15:32:16.886220+00:00,1.0
2026-06-30,2026,June,2026-27,70.46,USD/bbl,FRED,DCOILBRENTEU.csv,2026-08-21T15:32:16.886220+00:00,1.0
2026-07-01,2026,July,2026-27,69.24,USD/bbl,FRED,DCOILBRENTEU.csv,2026-08-21T15:32:16.886220+00:00,1.0
2026-07-02,2026,July,2026-27,68.53,USD/bbl,FRED,DCOILBRENTEU.csv,2026-08-21T15:32:16.886220+00:00,1.0
2026-07-03,2026,July,2026-27,68.68,USD/bbl,FRED,DCOILBRENTEU.csv,2026-08-21T15:32:16.886220+00:00,1.0
2026-07-06,2026,July,2026-27,69.56,USD/bbl,FRED,DCOILBRENTEU.csv,2026-08-21T15:32:16.886220+00:00,1.0
2026-07-07,2026,July,2026-27,71.78,USD/bbl,FRED,DCOILBRENTEU.csv,2026-08-21T15:32:16.886220+00:00,1.0
2026-07-08,2026,July,2026-27,76.5,USD/bbl,FRED,DCOILBRENTEU.csv,2026-08-21T15:32:16.886220+00:00,1.0
2026-07-09,2026,July,2026-27,74.46,USD/bbl,FRED,DCOILBRENTEU.csv,2026-08-21T15:32:16.886220+00:00,1.0
2026-07-10,2026,July,2026-27,74.34,USD/bbl,FRED,DCOILBRENTEU.csv,2026-08-21T15:32:16.886220+00:00,1.0
2026-07-13,2026,July,2026-27,81.62,USD/bbl,FRED,DCOILBRENTEU.csv,2026-08-21T15:32:16.886220+00:00,1.0
2026-07-14,2026,July,2026-27,83.69,USD/bbl,FRED,DCOILBRENTEU.csv,2026-08-21T15:32:16.886220+00:00,1.0
2026-07-15,2026,July,2026-27,83.08,USD/bbl,FRED,DCOILBRENTEU.csv,2026-08-21T15:32:16.886220+00:00,1.0
2026-07-16,2026,July,2026-27,81.23,USD/bbl,FRED,DCOILBRENTEU.csv,2026-08-21T15:32:16.886220+00:00,1.0
2026-07-17,2026,July,2026-27,85.01,USD/bbl,FRED,DCOILBRENTEU.csv,2026-08-21T15:32:16.886220+00:00,1.0
2026-07-20,2026,July,2026-27,86.99,USD/bbl,FRED,DCOILBRENTEU.csv,2026-08-21T15:32:16.886220+00:00,1.0
2026-07-21,2026,July,2026-27,93.85,USD/bbl,FRED,DCOILBRENTEU.csv,2026-08-21T15:32:16.886220+00:00,1.0
2026-07-22,2026,July,2026-27,94.12,USD/bbl,FRED,DCOILBRENTEU.csv,2026-08-21T15:32:16.886220+00:00,1.0
2026-07-23,2026,July,2026-27,105.32,USD/bbl,FRED,DCOILBRENTEU.csv,2026-08-21T15:32:16.886220+00:00,1.0
2026-07-24,2026,July,2026-27,100.31,USD/bbl,FRED,DCOILBRENTEU.csv,2026-08-21T15:32:16.886220+00:00,1.0
2026-07-27,2026,July,2026-27,91.82,USD/bbl,FRED,DCOILBRENTEU.csv,2026-08-21T15:32:16.886220+00:00,1.0
2026-07-28,2026,July,2026-27,85.51,USD/bbl,FRED,DCOILBRENTEU.csv,2026-08-21T15:32:16.886220+00:00,1.0
2026-07-29,2026,July,2026-27,91.95,USD/bbl,FRED,DCOILBRENTEU.csv,2026-08-21T15:32:16.886220+00:00,1.0
2026-07-30,2026,July,2026-27,91.91,USD/bbl,FRED,DCOILBRENTEU.csv,2026-08-21T15:32:16.886220+00:00,1.0
2026-07-31,2026,July,2026-27,96.95,USD/bbl,FRED,DCOILBRENTEU.csv,2026-08-21T15:32:16.886220+00:00,1.0
2026-08-03,2026,August,2026-27,88.9,USD/bbl,FRED,DCOILBRENTEU.csv,2026-08-21T15:32:16.886220+00:00,1.0
2026-08-04,2026,August,2026-27,86.47,USD/bbl,FRED,DCOILBRENTEU.csv,2026-08-21T15:32:16.886220+00:00,1.0
2026-08-05,2026,August,2026-27,86.65,USD/bbl,FRED,DCOILBRENTEU.csv,2026-08-21T15:32:16.886220+00:00,1.0
2026-08-06,2026,August,2026-27,89.65,USD/bbl,FRED,DCOILBRENTEU.csv,2026-08-21T15:32:16.886220+00:00,1.0
2026-08-07,2026,August,2026-27,87.62,USD/bbl,FRED,DCOILBRENTEU.csv,2026-08-21T15:32:16.886220+00:00,1.0
2026-08-10,2026,August,2026-27,92.74,USD/bbl,FRED,DCOILBRENTEU.csv,2026-08-21T15:32:16.886220+00:00,1.0
2026-08-11,2026,August,2026-27,93.26,USD/bbl,FRED,DCOILBRENTEU.csv,2026-08-21T15:32:16.886220+00:00,1.0
2026-08-12,2026,August,2026-27,92.52,USD/bbl,FRED,DCOILBRENTEU.csv,2026-08-21T15:32:16.886220+00:00,1.0
2026-08-13,2026,August,2026-27,92.03,USD/bbl,FRED,DCOILBRENTEU.csv,2026-08-21T15:32:16.886220+00:00,1.0
2026-08-14,2026,August,2026-27,92.02,USD/bbl,FRED,DCOILBRENTEU.csv,2026-08-21T15:32:16.886220+00:00,1.0
2026-08-17,2026,August,2026-27,92.43,USD/bbl,FRED,DCOILBRENTEU.csv,2026-08-21T15:32:16.886220+00:00,1.0
2026-08-18,2026,August,2026-27,95.29,USD/bbl,FRED,DCOILBRENTEU.csv,2026-08-21T15:32:16.886220+00:00,1.0
