date,calendar_year,financial_year,month,product,quantity_tmt,unit,source,source_file,source_sheet,source_row,ingestion_timestamp,transformation_version
1998-04-01,1998,1998-99,April,LPG,374.63071999999954,Thousand Metric Tonnes (TMT),PPAC,1777985064_PT_Consumption_English.xls,1998-99,9,2026-08-21T15:32:18.410531+00:00,1.0
1998-05-01,1998,1998-99,May,LPG,364.05268999999953,Thousand Metric Tonnes (TMT),PPAC,1777985064_PT_Consumption_English.xls,1998-99,9,2026-08-21T15:32:18.410531+00:00,1.0
1998-06-01,1998,1998-99,June,LPG,363.6031399999976,Thousand Metric Tonnes (TMT),PPAC,1777985064_PT_Consumption_English.xls,1998-99,9,2026-08-21T15:32:18.410531+00:00,1.0
1998-07-01,1998,1998-99,July,LPG,418.54748999999816,Thousand Metric Tonnes (TMT),PPAC,1777985064_PT_Consumption_English.xls,1998-99,9,2026-08-21T15:32:18.410531+00:00,1.0
1998-08-01,1998,1998-99,August,LPG,385.7196499999991,Thousand Metric Tonnes (TMT),PPAC,1777985064_PT_Consumption_English.xls,1998-99,9,2026-08-21T15:32:18.410531+00:00,1.0
1998-09-01,1998,1998-99,September,LPG,407.19920999999886,Thousand Metric Tonnes (TMT),PPAC,1777985064_PT_Consumption_English.xls,1998-99,9,2026-08-21T15:32:18.410531+00:00,1.0
1998-10-01,1998,1998-99,October,LPG,419.98824999999874,Thousand Metric Tonnes (TMT),PPAC,1777985064_PT_Consumption_English.xls,1998-99,9,2026-08-21T15:32:18.410531+00:00,1.0
1998-11-01,1998,1998-99,November,LPG,438.819479999999,Thousand Metric Tonnes (TMT),PPAC,1777985064_PT_Consumption_English.xls,1998-99,9,2026-08-21T15:32:18.410531+00:00,1.0
1998-12-01,1998,1998-99,December,LPG,465.73586999999986,Thousand Metric Tonnes (TMT),PPAC,1777985064_PT_Consumption_English.xls,1998-99,9,2026-08-21T15:32:18.410531+00:00,1.0
1999-01-01,1999,1998-99,January,LPG,474.8743199999988,Thousand Metric Tonnes (TMT),PPAC,1777985064_PT_Consumption_English.xls,1998-99,9,2026-08-21T15:32:18.410531+00:00,1.0
1999-02-01,1999,1998-99,February,LPG,458.39846999999656,Thousand Metric Tonnes (TMT),PPAC,1777985064_PT_Consumption_English.xls,1998-99,9,2026-08-21T15:32:18.410531+00:00,1.0
1999-03-01,1999,1998-99,March,LPG,469.4577299999981,Thousand Metric Tonnes (TMT),PPAC,1777985064_PT_Consumption_English.xls,1998-99,9,2026-08-21T15:32:18.410531+00:00,1.0
1998-04-01,1998,1998-99,April,Naphtha,386.08701999999994,Thousand Metric Tonnes (TMT),PPAC,1777985064_PT_Consumption_English.xls,1998-99,10,2026-08-21T15:32:18.410531+00:00,1.0
1998-05-01,1998,1998-99,May,Naphtha,492.3107299999999,Thousand Metric Tonnes (TMT),PPAC,1777985064_PT_Consumption_English.xls,1998-99,10,2026-08-21T15:32:18.410531+00:00,1.0
1998-06-01,1998,1998-99,June,Naphtha,476.79691,Thousand Metric Tonnes (TMT),PPAC,1777985064_PT_Consumption_English.xls,1998-99,10,2026-08-21T15:32:18.410531+00:00,1.0
1998-07-01,1998,1998-99,July,Naphtha,510.9933999999999,Thousand Metric Tonnes (TMT),PPAC,1777985064_PT_Consumption_English.xls,1998-99,10,2026-08-21T15:32:18.410531+00:00,1.0
1998-08-01,1998,1998-99,August,Naphtha,581.2522399999999,Thousand Metric Tonnes (TMT),PPAC,1777985064_PT_Consumption_English.xls,1998-99,10,2026-08-21T15:32:18.410531+00:00,1.0
1998-09-01,1998,1998-99,September,Naphtha,552.9512000000001,Thousand Metric Tonnes (TMT),PPAC,1777985064_PT_Consumption_English.xls,1998-99,10,2026-08-21T15:32:18.410531+00:00,1.0
1998-10-01,1998,1998-99,October,Naphtha,606.1787799999997,Thousand Metric Tonnes (TMT),PPAC,1777985064_PT_Consumption_English.xls,1998-99,10,2026-08-21T15:32:18.410531+00:00,1.0
1998-11-01,1998,1998-99,November,Naphtha,668.0864900000003,Thousand Metric Tonnes (TMT),PPAC,1777985064_PT_Consumption_English.xls,1998-99,10,2026-08-21T15:32:18.410531+00:00,1.0
1998-12-01,1998,1998-99,December,Naphtha,627.62047,Thousand Metric Tonnes (TMT),PPAC,1777985064_PT_Consumption_English.xls,1998-99,10,2026-08-21T15:32:18.410531+00:00,1.0
1999-01-01,1999,1998-99,January,Naphtha,653.4524,Thousand Metric Tonnes (TMT),PPAC,1777985064_PT_Consumption_English.xls,1998-99,10,2026-08-21T15:32:18.410531+00:00,1.0
1999-02-01,1999,1998-99,February,Naphtha,685.4152800000002,Thousand Metric Tonnes (TMT),PPAC,1777985064_PT_Consumption_English.xls,1998-99,10,2026-08-21T15:32:18.410531+00:00,1.0
1999-03-01,1999,1998-99,March,Naphtha,740.8280100000002,Thousand Metric Tonnes (TMT),PPAC,1777985064_PT_Consumption_English.xls,1998-99,10,2026-08-21T15:32:18.410531+00:00,1.0
1998-04-01,1998,1998-99,April,MS,447.6848200000048,Thousand Metric Tonnes (TMT),PPAC,1777985064_PT_Consumption_English.xls,1998-99,11,2026-08-21T15:32:18.410531+00:00,1.0
1998-05-01,1998,1998-99,May,MS,489.86109000000687,Thousand Metric Tonnes (TMT),PPAC,1777985064_PT_Consumption_English.xls,1998-99,11,2026-08-21T15:32:18.410531+00:00,1.0
1998-06-01,1998,1998-99,June,MS,461.98670000000493,Thousand Metric Tonnes (TMT),PPAC,1777985064_PT_Consumption_English.xls,1998-99,11,2026-08-21T15:32:18.410531+00:00,1.0
1998-07-01,1998,1998-99,July,MS,451.3828200000073,Thousand Metric Tonnes (TMT),PPAC,1777985064_PT_Consumption_English.xls,1998-99,11,2026-08-21T15:32:18.410531+00:00,1.0
1998-08-01,1998,1998-99,August,MS,449.5190300000066,Thousand Metric Tonnes (TMT),PPAC,1777985064_PT_Consumption_English.xls,1998-99,11,2026-08-21T15:32:18.410531+00:00,1.0
1998-09-01,1998,1998-99,September,MS,451.6689300000068,Thousand Metric Tonnes (TMT),PPAC,1777985064_PT_Consumption_English.xls,1998-99,11,2026-08-21T15:32:18.410531+00:00,1.0
1998-10-01,1998,1998-99,October,MS,460.16351000000526,Thousand Metric Tonnes (TMT),PPAC,1777985064_PT_Consumption_English.xls,1998-99,11,2026-08-21T15:32:18.410531+00:00,1.0
1998-11-01,1998,1998-99,November,MS,439.76288000000517,Thousand Metric Tonnes (TMT),PPAC,1777985064_PT_Consumption_English.xls,1998-99,11,2026-08-21T15:32:18.410531+00:00,1.0
1998-12-01,1998,1998-99,December,MS,465.2184500000055,Thousand Metric Tonnes (TMT),PPAC,1777985064_PT_Consumption_English.xls,1998-99,11,2026-08-21T15:32:18.410531+00:00,1.0
1999-01-01,1999,1998-99,January,MS,448.36500000000575,Thousand Metric Tonnes (TMT),PPAC,1777985064_PT_Consumption_English.xls,1998-99,11,2026-08-21T15:32:18.410531+00:00,1.0
1999-02-01,1999,1998-99,February,MS,452.0407200000049,Thousand Metric Tonnes (TMT),PPAC,1777985064_PT_Consumption_English.xls,1998-99,11,2026-08-21T15:32:18.410531+00:00,1.0
1999-03-01,1999,1998-99,March,MS,489.83646000000715,Thousand Metric Tonnes (TMT),PPAC,1777985064_PT_Consumption_English.xls,1998-99,11,2026-08-21T15:32:18.410531+00:00,1.0
1998-04-01,1998,1998-99,April,ATF,178.42774999999972,Thousand Metric Tonnes (TMT),PPAC,1777985064_PT_Consumption_English.xls,1998-99,12,2026-08-21T15:32:18.410531+00:00,1.0
1998-05-01,1998,1998-99,May,ATF,178.1982300000001,Thousand Metric Tonnes (TMT),PPAC,1777985064_PT_Consumption_English.xls,1998-99,12,2026-08-21T15:32:18.410531+00:00,1.0
1998-06-01,1998,1998-99,June,ATF,165.45636999999988,Thousand Metric Tonnes (TMT),PPAC,1777985064_PT_Consumption_English.xls,1998-99,12,2026-08-21T15:32:18.410531+00:00,1.0
1998-07-01,1998,1998-99,July,ATF,168.8707499999999,Thousand Metric Tonnes (TMT),PPAC,1777985064_PT_Consumption_English.xls,1998-99,12,2026-08-21T15:32:18.410531+00:00,1.0
1998-08-01,1998,1998-99,August,ATF,170.07495999999992,Thousand Metric Tonnes (TMT),PPAC,1777985064_PT_Consumption_English.xls,1998-99,12,2026-08-21T15:32:18.410531+00:00,1.0
1998-09-01,1998,1998-99,September,ATF,171.63798000000006,Thousand Metric Tonnes (TMT),PPAC,1777985064_PT_Consumption_English.xls,1998-99,12,2026-08-21T15:32:18.410531+00:00,1.0
1998-10-01,1998,1998-99,October,ATF,179.2421200000001,Thousand Metric Tonnes (TMT),PPAC,1777985064_PT_Consumption_English.xls,1998-99,12,2026-08-21T15:32:18.410531+00:00,1.0
1998-11-01,1998,1998-99,November,ATF,183.00778000000005,Thousand Metric Tonnes (TMT),PPAC,1777985064_PT_Consumption_English.xls,1998-99,12,2026-08-21T15:32:18.410531+00:00,1.0
1998-12-01,1998,1998-99,December,ATF,180.73550000000012,Thousand Metric Tonnes (TMT),PPAC,1777985064_PT_Consumption_English.xls,1998-99,12,2026-08-21T15:32:18.410531+00:00,1.0
1999-01-01,1999,1998-99,January,ATF,170.75314000000017,Thousand Metric Tonnes (TMT),PPAC,1777985064_PT_Consumption_English.xls,1998-99,12,2026-08-21T15:32:18.410531+00:00,1.0
1999-02-01,1999,1998-99,February,ATF,173.98219999999995,Thousand Metric Tonnes (TMT),PPAC,1777985064_PT_Consumption_English.xls,1998-99,12,2026-08-21T15:32:18.410531+00:00,1.0
1999-03-01,1999,1998-99,March,ATF,195.1557800000001,Thousand Metric Tonnes (TMT),PPAC,1777985064_PT_Consumption_English.xls,1998-99,12,2026-08-21T15:32:18.410531+00:00,1.0
1998-04-01,1998,1998-99,April,SKO,850.7891499999981,Thousand Metric Tonnes (TMT),PPAC,1777985064_PT_Consumption_English.xls,1998-99,13,2026-08-21T15:32:18.410531+00:00,1.0
1998-05-01,1998,1998-99,May,SKO,870.6959499999982,Thousand Metric Tonnes (TMT),PPAC,1777985064_PT_Consumption_English.xls,1998-99,13,2026-08-21T15:32:18.410531+00:00,1.0
1998-06-01,1998,1998-99,June,SKO,879.7984199999979,Thousand Metric Tonnes (TMT),PPAC,1777985064_PT_Consumption_English.xls,1998-99,13,2026-08-21T15:32:18.410531+00:00,1.0
1998-07-01,1998,1998-99,July,SKO,888.2544299999988,Thousand Metric Tonnes (TMT),PPAC,1777985064_PT_Consumption_English.xls,1998-99,13,2026-08-21T15:32:18.410531+00:00,1.0
1998-08-01,1998,1998-99,August,SKO,889.48046,Thousand Metric Tonnes (TMT),PPAC,1777985064_PT_Consumption_English.xls,1998-99,13,2026-08-21T15:32:18.410531+00:00,1.0
1998-09-01,1998,1998-99,September,SKO,890.4528099999989,Thousand Metric Tonnes (TMT),PPAC,1777985064_PT_Consumption_English.xls,1998-99,13,2026-08-21T15:32:18.410531+00:00,1.0
1998-10-01,1998,1998-99,October,SKO,889.126369999997,Thousand Metric Tonnes (TMT),PPAC,1777985064_PT_Consumption_English.xls,1998-99,13,2026-08-21T15:32:18.410531+00:00,1.0
1998-11-01,1998,1998-99,November,SKO,888.7587799999934,Thousand Metric Tonnes (TMT),PPAC,1777985064_PT_Consumption_English.xls,1998-99,13,2026-08-21T15:32:18.410531+00:00,1.0
1998-12-01,1998,1998-99,December,SKO,888.9087199999967,Thousand Metric Tonnes (TMT),PPAC,1777985064_PT_Consumption_English.xls,1998-99,13,2026-08-21T15:32:18.410531+00:00,1.0
1999-01-01,1999,1998-99,January,SKO,888.1725699999989,Thousand Metric Tonnes (TMT),PPAC,1777985064_PT_Consumption_English.xls,1998-99,13,2026-08-21T15:32:18.410531+00:00,1.0
1999-02-01,1999,1998-99,February,SKO,885.4291699999959,Thousand Metric Tonnes (TMT),PPAC,1777985064_PT_Consumption_English.xls,1998-99,13,2026-08-21T15:32:18.410531+00:00,1.0
1999-03-01,1999,1998-99,March,SKO,888.9272699999995,Thousand Metric Tonnes (TMT),PPAC,1777985064_PT_Consumption_English.xls,1998-99,13,2026-08-21T15:32:18.410531+00:00,1.0
1998-04-01,1998,1998-99,April,HSD,3193.433839999996,Thousand Metric Tonnes (TMT),PPAC,1777985064_PT_Consumption_English.xls,1998-99,14,2026-08-21T15:32:18.410531+00:00,1.0
1998-05-01,1998,1998-99,May,HSD,3273.8223200000134,Thousand Metric Tonnes (TMT),PPAC,1777985064_PT_Consumption_English.xls,1998-99,14,2026-08-21T15:32:18.410531+00:00,1.0
1998-06-01,1998,1998-99,June,HSD,3192.9149599999864,Thousand Metric Tonnes (TMT),PPAC,1777985064_PT_Consumption_English.xls,1998-99,14,2026-08-21T15:32:18.410531+00:00,1.0
1998-07-01,1998,1998-99,July,HSD,2920.6089899999906,Thousand Metric Tonnes (TMT),PPAC,1777985064_PT_Consumption_English.xls,1998-99,14,2026-08-21T15:32:18.410531+00:00,1.0
1998-08-01,1998,1998-99,August,HSD,2625.2539299999808,Thousand Metric Tonnes (TMT),PPAC,1777985064_PT_Consumption_English.xls,1998-99,14,2026-08-21T15:32:18.410531+00:00,1.0
1998-09-01,1998,1998-99,September,HSD,2713.0294199999757,Thousand Metric Tonnes (TMT),PPAC,1777985064_PT_Consumption_English.xls,1998-99,14,2026-08-21T15:32:18.410531+00:00,1.0
1998-10-01,1998,1998-99,October,HSD,3073.4178099999776,Thousand Metric Tonnes (TMT),PPAC,1777985064_PT_Consumption_English.xls,1998-99,14,2026-08-21T15:32:18.410531+00:00,1.0
1998-11-01,1998,1998-99,November,HSD,3250.0899400000008,Thousand Metric Tonnes (TMT),PPAC,1777985064_PT_Consumption_English.xls,1998-99,14,2026-08-21T15:32:18.410531+00:00,1.0
1998-12-01,1998,1998-99,December,HSD,3245.1091000000065,Thousand Metric Tonnes (TMT),PPAC,1777985064_PT_Consumption_English.xls,1998-99,14,2026-08-21T15:32:18.410531+00:00,1.0
1999-01-01,1999,1998-99,January,HSD,3190.706169999997,Thousand Metric Tonnes (TMT),PPAC,1777985064_PT_Consumption_English.xls,1998-99,14,2026-08-21T15:32:18.410531+00:00,1.0
1999-02-01,1999,1998-99,February,HSD,3115.203239999968,Thousand Metric Tonnes (TMT),PPAC,1777985064_PT_Consumption_English.xls,1998-99,14,2026-08-21T15:32:18.410531+00:00,1.0
1999-03-01,1999,1998-99,March,HSD,3423.3314,Thousand Metric Tonnes (TMT),PPAC,1777985064_PT_Consumption_English.xls,1998-99,14,2026-08-21T15:32:18.410531+00:00,1.0
1998-04-01,1998,1998-99,April,LDO,89.10070999999965,Thousand Metric Tonnes (TMT),PPAC,1777985064_PT_Consumption_English.xls,1998-99,15,2026-08-21T15:32:18.410531+00:00,1.0
1998-05-01,1998,1998-99,May,LDO,99.72219999999969,Thousand Metric Tonnes (TMT),PPAC,1777985064_PT_Consumption_English.xls,1998-99,15,2026-08-21T15:32:18.410531+00:00,1.0
1998-06-01,1998,1998-99,June,LDO,99.90179999999958,Thousand Metric Tonnes (TMT),PPAC,1777985064_PT_Consumption_English.xls,1998-99,15,2026-08-21T15:32:18.410531+00:00,1.0
1998-07-01,1998,1998-99,July,LDO,108.88727999999938,Thousand Metric Tonnes (TMT),PPAC,1777985064_PT_Consumption_English.xls,1998-99,15,2026-08-21T15:32:18.410531+00:00,1.0
1998-08-01,1998,1998-99,August,LDO,111.39742999999936,Thousand Metric Tonnes (TMT),PPAC,1777985064_PT_Consumption_English.xls,1998-99,15,2026-08-21T15:32:18.410531+00:00,1.0
1998-09-01,1998,1998-99,September,LDO,114.80639999999944,Thousand Metric Tonnes (TMT),PPAC,1777985064_PT_Consumption_English.xls,1998-99,15,2026-08-21T15:32:18.410531+00:00,1.0
1998-10-01,1998,1998-99,October,LDO,102.64814999999935,Thousand Metric Tonnes (TMT),PPAC,1777985064_PT_Consumption_English.xls,1998-99,15,2026-08-21T15:32:18.410531+00:00,1.0
1998-11-01,1998,1998-99,November,LDO,105.16183999999969,Thousand Metric Tonnes (TMT),PPAC,1777985064_PT_Consumption_English.xls,1998-99,15,2026-08-21T15:32:18.410531+00:00,1.0
1998-12-01,1998,1998-99,December,LDO,114.37764999999946,Thousand Metric Tonnes (TMT),PPAC,1777985064_PT_Consumption_English.xls,1998-99,15,2026-08-21T15:32:18.410531+00:00,1.0
1999-01-01,1999,1998-99,January,LDO,105.63501999999929,Thousand Metric Tonnes (TMT),PPAC,1777985064_PT_Consumption_English.xls,1998-99,15,2026-08-21T15:32:18.410531+00:00,1.0
1999-02-01,1999,1998-99,February,LDO,106.45667999999914,Thousand Metric Tonnes (TMT),PPAC,1777985064_PT_Consumption_English.xls,1998-99,15,2026-08-21T15:32:18.410531+00:00,1.0
1999-03-01,1999,1998-99,March,LDO,119.86468999999984,Thousand Metric Tonnes (TMT),PPAC,1777985064_PT_Consumption_English.xls,1998-99,15,2026-08-21T15:32:18.410531+00:00,1.0
1998-04-01,1998,1998-99,April,Lubricants & Greases,53.5579900000013,Thousand Metric Tonnes (TMT),PPAC,1777985064_PT_Consumption_English.xls,1998-99,16,2026-08-21T15:32:18.410531+00:00,1.0
1998-05-01,1998,1998-99,May,Lubricants & Greases,73.20425000001048,Thousand Metric Tonnes (TMT),PPAC,1777985064_PT_Consumption_English.xls,1998-99,16,2026-08-21T15:32:18.410531+00:00,1.0
1998-06-01,1998,1998-99,June,Lubricants & Greases,67.12094000000448,Thousand Metric Tonnes (TMT),PPAC,1777985064_PT_Consumption_English.xls,1998-99,16,2026-08-21T15:32:18.410531+00:00,1.0
1998-07-01,1998,1998-99,July,Lubricants & Greases,60.323840000002264,Thousand Metric Tonnes (TMT),PPAC,1777985064_PT_Consumption_English.xls,1998-99,16,2026-08-21T15:32:18.410531+00:00,1.0
1998-08-01,1998,1998-99,August,Lubricants & Greases,75.92298000001078,Thousand Metric Tonnes (TMT),PPAC,1777985064_PT_Consumption_English.xls,1998-99,16,2026-08-21T15:32:18.410531+00:00,1.0
1998-09-01,1998,1998-99,September,Lubricants & Greases,62.189810000004925,Thousand Metric Tonnes (TMT),PPAC,1777985064_PT_Consumption_English.xls,1998-99,16,2026-08-21T15:32:18.410531+00:00,1.0
1998-10-01,1998,1998-99,October,Lubricants & Greases,62.39627000000413,Thousand Metric Tonnes (TMT),PPAC,1777985064_PT_Consumption_English.xls,1998-99,16,2026-08-21T15:32:18.410531+00:00,1.0
1998-11-01,1998,1998-99,November,Lubricants & Greases,78.57462000001603,Thousand Metric Tonnes (TMT),PPAC,1777985064_PT_Consumption_English.xls,1998-99,16,2026-08-21T15:32:18.410531+00:00,1.0
1998-12-01,1998,1998-99,December,Lubricants & Greases,68.47154000001326,Thousand Metric Tonnes (TMT),PPAC,1777985064_PT_Consumption_English.xls,1998-99,16,2026-08-21T15:32:18.410531+00:00,1.0
1999-01-01,1999,1998-99,January,Lubricants & Greases,69.57976000000569,Thousand Metric Tonnes (TMT),PPAC,1777985064_PT_Consumption_English.xls,1998-99,16,2026-08-21T15:32:18.410531+00:00,1.0
1999-02-01,1999,1998-99,February,Lubricants & Greases,84.50030000000899,Thousand Metric Tonnes (TMT),PPAC,1777985064_PT_Consumption_English.xls,1998-99,16,2026-08-21T15:32:18.410531+00:00,1.0
1999-03-01,1999,1998-99,March,Lubricants & Greases,128.84774000002272,Thousand Metric Tonnes (TMT),PPAC,1777985064_PT_Consumption_English.xls,1998-99,16,2026-08-21T15:32:18.410531+00:00,1.0
1998-04-01,1998,1998-99,April,FO & LSHS,782.8221799999959,Thousand Metric Tonnes (TMT),PPAC,1777985064_PT_Consumption_English.xls,1998-99,17,2026-08-21T15:32:18.410531+00:00,1.0
1998-05-01,1998,1998-99,May,FO & LSHS,861.9259799999976,Thousand Metric Tonnes (TMT),PPAC,1777985064_PT_Consumption_English.xls,1998-99,17,2026-08-21T15:32:18.410531+00:00,1.0
1998-06-01,1998,1998-99,June,FO & LSHS,866.0600599999917,Thousand Metric Tonnes (TMT),PPAC,1777985064_PT_Consumption_English.xls,1998-99,17,2026-08-21T15:32:18.410531+00:00,1.0
1998-07-01,1998,1998-99,July,FO & LSHS,973.2394199999967,Thousand Metric Tonnes (TMT),PPAC,1777985064_PT_Consumption_English.xls,1998-99,17,2026-08-21T15:32:18.410531+00:00,1.0
1998-08-01,1998,1998-99,August,FO & LSHS,1007.9387199999945,Thousand Metric Tonnes (TMT),PPAC,1777985064_PT_Consumption_English.xls,1998-99,17,2026-08-21T15:32:18.410531+00:00,1.0
1998-09-01,1998,1998-99,September,FO & LSHS,1017.3801899999943,Thousand Metric Tonnes (TMT),PPAC,1777985064_PT_Consumption_English.xls,1998-99,17,2026-08-21T15:32:18.410531+00:00,1.0
1998-10-01,1998,1998-99,October,FO & LSHS,930.6228999999952,Thousand Metric Tonnes (TMT),PPAC,1777985064_PT_Consumption_English.xls,1998-99,17,2026-08-21T15:32:18.410531+00:00,1.0
1998-11-01,1998,1998-99,November,FO & LSHS,906.3364099999964,Thousand Metric Tonnes (TMT),PPAC,1777985064_PT_Consumption_English.xls,1998-99,17,2026-08-21T15:32:18.410531+00:00,1.0
1998-12-01,1998,1998-99,December,FO & LSHS,935.7326399999966,Thousand Metric Tonnes (TMT),PPAC,1777985064_PT_Consumption_English.xls,1998-99,17,2026-08-21T15:32:18.410531+00:00,1.0
1999-01-01,1999,1998-99,January,FO & LSHS,977.7637799999947,Thousand Metric Tonnes (TMT),PPAC,1777985064_PT_Consumption_English.xls,1998-99,17,2026-08-21T15:32:18.410531+00:00,1.0
1999-02-01,1999,1998-99,February,FO & LSHS,939.3831999999983,Thousand Metric Tonnes (TMT),PPAC,1777985064_PT_Consumption_English.xls,1998-99,17,2026-08-21T15:32:18.410531+00:00,1.0
1999-03-01,1999,1998-99,March,FO & LSHS,1105.0905799999987,Thousand Metric Tonnes (TMT),PPAC,1777985064_PT_Consumption_English.xls,1998-99,17,2026-08-21T15:32:18.410531+00:00,1.0
1998-04-01,1998,1998-99,April,Bitumen,229.6664100000002,Thousand Metric Tonnes (TMT),PPAC,1777985064_PT_Consumption_English.xls,1998-99,18,2026-08-21T15:32:18.410531+00:00,1.0
1998-05-01,1998,1998-99,May,Bitumen,245.8722900000006,Thousand Metric Tonnes (TMT),PPAC,1777985064_PT_Consumption_English.xls,1998-99,18,2026-08-21T15:32:18.410531+00:00,1.0
1998-06-01,1998,1998-99,June,Bitumen,208.20435000000057,Thousand Metric Tonnes (TMT),PPAC,1777985064_PT_Consumption_English.xls,1998-99,18,2026-08-21T15:32:18.410531+00:00,1.0
1998-07-01,1998,1998-99,July,Bitumen,155.25279999999992,Thousand Metric Tonnes (TMT),PPAC,1777985064_PT_Consumption_English.xls,1998-99,18,2026-08-21T15:32:18.410531+00:00,1.0
1998-08-01,1998,1998-99,August,Bitumen,97.48201000000003,Thousand Metric Tonnes (TMT),PPAC,1777985064_PT_Consumption_English.xls,1998-99,18,2026-08-21T15:32:18.410531+00:00,1.0
1998-09-01,1998,1998-99,September,Bitumen,97.23438999999993,Thousand Metric Tonnes (TMT),PPAC,1777985064_PT_Consumption_English.xls,1998-99,18,2026-08-21T15:32:18.410531+00:00,1.0
1998-10-01,1998,1998-99,October,Bitumen,162.05841999999998,Thousand Metric Tonnes (TMT),PPAC,1777985064_PT_Consumption_English.xls,1998-99,18,2026-08-21T15:32:18.410531+00:00,1.0
1998-11-01,1998,1998-99,November,Bitumen,212.0828400000001,Thousand Metric Tonnes (TMT),PPAC,1777985064_PT_Consumption_English.xls,1998-99,18,2026-08-21T15:32:18.410531+00:00,1.0
1998-12-01,1998,1998-99,December,Bitumen,228.05046000000007,Thousand Metric Tonnes (TMT),PPAC,1777985064_PT_Consumption_English.xls,1998-99,18,2026-08-21T15:32:18.410531+00:00,1.0
1999-01-01,1999,1998-99,January,Bitumen,220.04932000000048,Thousand Metric Tonnes (TMT),PPAC,1777985064_PT_Consumption_English.xls,1998-99,18,2026-08-21T15:32:18.410531+00:00,1.0
1999-02-01,1999,1998-99,February,Bitumen,226.97917000000015,Thousand Metric Tonnes (TMT),PPAC,1777985064_PT_Consumption_English.xls,1998-99,18,2026-08-21T15:32:18.410531+00:00,1.0
1999-03-01,1999,1998-99,March,Bitumen,328.4311899999999,Thousand Metric Tonnes (TMT),PPAC,1777985064_PT_Consumption_English.xls,1998-99,18,2026-08-21T15:32:18.410531+00:00,1.0
1998-04-01,1998,1998-99,April,Petroleum coke,11.086149999999998,Thousand Metric Tonnes (TMT),PPAC,1777985064_PT_Consumption_English.xls,1998-99,19,2026-08-21T15:32:18.410531+00:00,1.0
1998-05-01,1998,1998-99,May,Petroleum coke,23.834659999999996,Thousand Metric Tonnes (TMT),PPAC,1777985064_PT_Consumption_English.xls,1998-99,19,2026-08-21T15:32:18.410531+00:00,1.0
1998-06-01,1998,1998-99,June,Petroleum coke,30.761300000000002,Thousand Metric Tonnes (TMT),PPAC,1777985064_PT_Consumption_English.xls,1998-99,19,2026-08-21T15:32:18.410531+00:00,1.0
1998-07-01,1998,1998-99,July,Petroleum coke,20.91046,Thousand Metric Tonnes (TMT),PPAC,1777985064_PT_Consumption_English.xls,1998-99,19,2026-08-21T15:32:18.410531+00:00,1.0
1998-08-01,1998,1998-99,August,Petroleum coke,31.77237,Thousand Metric Tonnes (TMT),PPAC,1777985064_PT_Consumption_English.xls,1998-99,19,2026-08-21T15:32:18.410531+00:00,1.0
1998-09-01,1998,1998-99,September,Petroleum coke,23.03098,Thousand Metric Tonnes (TMT),PPAC,1777985064_PT_Consumption_English.xls,1998-99,19,2026-08-21T15:32:18.410531+00:00,1.0
1998-10-01,1998,1998-99,October,Petroleum coke,32.15162,Thousand Metric Tonnes (TMT),PPAC,1777985064_PT_Consumption_English.xls,1998-99,19,2026-08-21T15:32:18.410531+00:00,1.0
1998-11-01,1998,1998-99,November,Petroleum coke,43.76878,Thousand Metric Tonnes (TMT),PPAC,1777985064_PT_Consumption_English.xls,1998-99,19,2026-08-21T15:32:18.410531+00:00,1.0
1998-12-01,1998,1998-99,December,Petroleum coke,17.509929999999997,Thousand Metric Tonnes (TMT),PPAC,1777985064_PT_Consumption_English.xls,1998-99,19,2026-08-21T15:32:18.410531+00:00,1.0
1999-01-01,1999,1998-99,January,Petroleum coke,23.292209999999997,Thousand Metric Tonnes (TMT),PPAC,1777985064_PT_Consumption_English.xls,1998-99,19,2026-08-21T15:32:18.410531+00:00,1.0
1999-02-01,1999,1998-99,February,Petroleum coke,26.749840000000006,Thousand Metric Tonnes (TMT),PPAC,1777985064_PT_Consumption_English.xls,1998-99,19,2026-08-21T15:32:18.410531+00:00,1.0
1999-03-01,1999,1998-99,March,Petroleum coke,30.325450000000004,Thousand Metric Tonnes (TMT),PPAC,1777985064_PT_Consumption_English.xls,1998-99,19,2026-08-21T15:32:18.410531+00:00,1.0
1998-04-01,1998,1998-99,April,Others,77.43338000000017,Thousand Metric Tonnes (TMT),PPAC,1777985064_PT_Consumption_English.xls,1998-99,20,2026-08-21T15:32:18.410531+00:00,1.0
1998-05-01,1998,1998-99,May,Others,86.53980000000023,Thousand Metric Tonnes (TMT),PPAC,1777985064_PT_Consumption_English.xls,1998-99,20,2026-08-21T15:32:18.410531+00:00,1.0
1998-06-01,1998,1998-99,June,Others,91.0157000000002,Thousand Metric Tonnes (TMT),PPAC,1777985064_PT_Consumption_English.xls,1998-99,20,2026-08-21T15:32:18.410531+00:00,1.0
1998-07-01,1998,1998-99,July,Others,106.00746000000028,Thousand Metric Tonnes (TMT),PPAC,1777985064_PT_Consumption_English.xls,1998-99,20,2026-08-21T15:32:18.410531+00:00,1.0
1998-08-01,1998,1998-99,August,Others,80.48401000000017,Thousand Metric Tonnes (TMT),PPAC,1777985064_PT_Consumption_English.xls,1998-99,20,2026-08-21T15:32:18.410531+00:00,1.0
1998-09-01,1998,1998-99,September,Others,96.8147200000001,Thousand Metric Tonnes (TMT),PPAC,1777985064_PT_Consumption_English.xls,1998-99,20,2026-08-21T15:32:18.410531+00:00,1.0
1998-10-01,1998,1998-99,October,Others,83.57238000000018,Thousand Metric Tonnes (TMT),PPAC,1777985064_PT_Consumption_English.xls,1998-99,20,2026-08-21T15:32:18.410531+00:00,1.0
1998-11-01,1998,1998-99,November,Others,95.41730999999999,Thousand Metric Tonnes (TMT),PPAC,1777985064_PT_Consumption_English.xls,1998-99,20,2026-08-21T15:32:18.410531+00:00,1.0
1998-12-01,1998,1998-99,December,Others,98.32993000000016,Thousand Metric Tonnes (TMT),PPAC,1777985064_PT_Consumption_English.xls,1998-99,20,2026-08-21T15:32:18.410531+00:00,1.0
1999-01-01,1999,1998-99,January,Others,90.08179999999976,Thousand Metric Tonnes (TMT),PPAC,1777985064_PT_Consumption_English.xls,1998-99,20,2026-08-21T15:32:18.410531+00:00,1.0
1999-02-01,1999,1998-99,February,Others,87.74837000000008,Thousand Metric Tonnes (TMT),PPAC,1777985064_PT_Consumption_English.xls,1998-99,20,2026-08-21T15:32:18.410531+00:00,1.0
1999-03-01,1999,1998-99,March,Others,110.79825000000005,Thousand Metric Tonnes (TMT),PPAC,1777985064_PT_Consumption_English.xls,1998-99,20,2026-08-21T15:32:18.410531+00:00,1.0
1999-04-01,1999,1999-00,April,LPG,415.76785999999925,Thousand Metric Tonnes (TMT),PPAC,1777985064_PT_Consumption_English.xls,1999-00,9,2026-08-21T15:32:18.419088+00:00,1.0
1999-05-01,1999,1999-00,May,LPG,422.15280999999896,Thousand Metric Tonnes (TMT),PPAC,1777985064_PT_Consumption_English.xls,1999-00,9,2026-08-21T15:32:18.419088+00:00,1.0
1999-06-01,1999,1999-00,June,LPG,423.45735999999926,Thousand Metric Tonnes (TMT),PPAC,1777985064_PT_Consumption_English.xls,1999-00,9,2026-08-21T15:32:18.419088+00:00,1.0
1999-07-01,1999,1999-00,July,LPG,467.74330999999955,Thousand Metric Tonnes (TMT),PPAC,1777985064_PT_Consumption_English.xls,1999-00,9,2026-08-21T15:32:18.419088+00:00,1.0
1999-08-01,1999,1999-00,August,LPG,456.15288999999797,Thousand Metric Tonnes (TMT),PPAC,1777985064_PT_Consumption_English.xls,1999-00,9,2026-08-21T15:32:18.419088+00:00,1.0
1999-09-01,1999,1999-00,September,LPG,483.94459999999657,Thousand Metric Tonnes (TMT),PPAC,1777985064_PT_Consumption_English.xls,1999-00,9,2026-08-21T15:32:18.419088+00:00,1.0
1999-10-01,1999,1999-00,October,LPG,506.85945999999734,Thousand Metric Tonnes (TMT),PPAC,1777985064_PT_Consumption_English.xls,1999-00,9,2026-08-21T15:32:18.419088+00:00,1.0
1999-11-01,1999,1999-00,November,LPG,505.9258499999945,Thousand Metric Tonnes (TMT),PPAC,1777985064_PT_Consumption_English.xls,1999-00,9,2026-08-21T15:32:18.419088+00:00,1.0
1999-12-01,1999,1999-00,December,LPG,555.6505600000008,Thousand Metric Tonnes (TMT),PPAC,1777985064_PT_Consumption_English.xls,1999-00,9,2026-08-21T15:32:18.419088+00:00,1.0
2000-01-01,2000,1999-00,January,LPG,562.33772,Thousand Metric Tonnes (TMT),PPAC,1777985064_PT_Consumption_English.xls,1999-00,9,2026-08-21T15:32:18.419088+00:00,1.0
2000-02-01,2000,1999-00,February,LPG,614.3586099999995,Thousand Metric Tonnes (TMT),PPAC,1777985064_PT_Consumption_English.xls,1999-00,9,2026-08-21T15:32:18.419088+00:00,1.0
2000-03-01,2000,1999-00,March,LPG,614.913289999997,Thousand Metric Tonnes (TMT),PPAC,1777985064_PT_Consumption_English.xls,1999-00,9,2026-08-21T15:32:18.419088+00:00,1.0
1999-04-01,1999,1999-00,April,Naphtha,558.3624899999999,Thousand Metric Tonnes (TMT),PPAC,1777985064_PT_Consumption_English.xls,1999-00,10,2026-08-21T15:32:18.419088+00:00,1.0
1999-05-01,1999,1999-00,May,Naphtha,633.1250200000004,Thousand Metric Tonnes (TMT),PPAC,1777985064_PT_Consumption_English.xls,1999-00,10,2026-08-21T15:32:18.419088+00:00,1.0
1999-06-01,1999,1999-00,June,Naphtha,578.0672599999996,Thousand Metric Tonnes (TMT),PPAC,1777985064_PT_Consumption_English.xls,1999-00,10,2026-08-21T15:32:18.419088+00:00,1.0
1999-07-01,1999,1999-00,July,Naphtha,642.4017199999998,Thousand Metric Tonnes (TMT),PPAC,1777985064_PT_Consumption_English.xls,1999-00,10,2026-08-21T15:32:18.419088+00:00,1.0
1999-08-01,1999,1999-00,August,Naphtha,715.6214899999999,Thousand Metric Tonnes (TMT),PPAC,1777985064_PT_Consumption_English.xls,1999-00,10,2026-08-21T15:32:18.419088+00:00,1.0
1999-09-01,1999,1999-00,September,Naphtha,673.18408,Thousand Metric Tonnes (TMT),PPAC,1777985064_PT_Consumption_English.xls,1999-00,10,2026-08-21T15:32:18.419088+00:00,1.0
1999-10-01,1999,1999-00,October,Naphtha,698.4864500000001,Thousand Metric Tonnes (TMT),PPAC,1777985064_PT_Consumption_English.xls,1999-00,10,2026-08-21T15:32:18.419088+00:00,1.0
1999-11-01,1999,1999-00,November,Naphtha,651.33407,Thousand Metric Tonnes (TMT),PPAC,1777985064_PT_Consumption_English.xls,1999-00,10,2026-08-21T15:32:18.419088+00:00,1.0
1999-12-01,1999,1999-00,December,Naphtha,781.2474799999998,Thousand Metric Tonnes (TMT),PPAC,1777985064_PT_Consumption_English.xls,1999-00,10,2026-08-21T15:32:18.419088+00:00,1.0
2000-01-01,2000,1999-00,January,Naphtha,652.65609,Thousand Metric Tonnes (TMT),PPAC,1777985064_PT_Consumption_English.xls,1999-00,10,2026-08-21T15:32:18.419088+00:00,1.0
2000-02-01,2000,1999-00,February,Naphtha,743.77493,Thousand Metric Tonnes (TMT),PPAC,1777985064_PT_Consumption_English.xls,1999-00,10,2026-08-21T15:32:18.419088+00:00,1.0
2000-03-01,2000,1999-00,March,Naphtha,732.41556,Thousand Metric Tonnes (TMT),PPAC,1777985064_PT_Consumption_English.xls,1999-00,10,2026-08-21T15:32:18.419088+00:00,1.0
1999-04-01,1999,1999-00,April,MS,467.3835500000061,Thousand Metric Tonnes (TMT),PPAC,1777985064_PT_Consumption_English.xls,1999-00,11,2026-08-21T15:32:18.419088+00:00,1.0
1999-05-01,1999,1999-00,May,MS,491.2529800000063,Thousand Metric Tonnes (TMT),PPAC,1777985064_PT_Consumption_English.xls,1999-00,11,2026-08-21T15:32:18.419088+00:00,1.0
1999-06-01,1999,1999-00,June,MS,483.6578400000084,Thousand Metric Tonnes (TMT),PPAC,1777985064_PT_Consumption_English.xls,1999-00,11,2026-08-21T15:32:18.419088+00:00,1.0
1999-07-01,1999,1999-00,July,MS,485.93420000000594,Thousand Metric Tonnes (TMT),PPAC,1777985064_PT_Consumption_English.xls,1999-00,11,2026-08-21T15:32:18.419088+00:00,1.0
1999-08-01,1999,1999-00,August,MS,476.9284300000088,Thousand Metric Tonnes (TMT),PPAC,1777985064_PT_Consumption_English.xls,1999-00,11,2026-08-21T15:32:18.419088+00:00,1.0
1999-09-01,1999,1999-00,September,MS,474.00786000001114,Thousand Metric Tonnes (TMT),PPAC,1777985064_PT_Consumption_English.xls,1999-00,11,2026-08-21T15:32:18.419088+00:00,1.0
1999-10-01,1999,1999-00,October,MS,485.1513500000121,Thousand Metric Tonnes (TMT),PPAC,1777985064_PT_Consumption_English.xls,1999-00,11,2026-08-21T15:32:18.419088+00:00,1.0
1999-11-01,1999,1999-00,November,MS,494.19505000001413,Thousand Metric Tonnes (TMT),PPAC,1777985064_PT_Consumption_English.xls,1999-00,11,2026-08-21T15:32:18.419088+00:00,1.0
1999-12-01,1999,1999-00,December,MS,527.339140000007,Thousand Metric Tonnes (TMT),PPAC,1777985064_PT_Consumption_English.xls,1999-00,11,2026-08-21T15:32:18.419088+00:00,1.0
2000-01-01,2000,1999-00,January,MS,477.9045700000118,Thousand Metric Tonnes (TMT),PPAC,1777985064_PT_Consumption_English.xls,1999-00,11,2026-08-21T15:32:18.419088+00:00,1.0
2000-02-01,2000,1999-00,February,MS,512.435540000009,Thousand Metric Tonnes (TMT),PPAC,1777985064_PT_Consumption_English.xls,1999-00,11,2026-08-21T15:32:18.419088+00:00,1.0
2000-03-01,2000,1999-00,March,MS,532.5632800000097,Thousand Metric Tonnes (TMT),PPAC,1777985064_PT_Consumption_English.xls,1999-00,11,2026-08-21T15:32:18.419088+00:00,1.0
1999-04-01,1999,1999-00,April,ATF,199.43758000000017,Thousand Metric Tonnes (TMT),PPAC,1777985064_PT_Consumption_English.xls,1999-00,12,2026-08-21T15:32:18.419088+00:00,1.0
1999-05-01,1999,1999-00,May,ATF,179.31097999999992,Thousand Metric Tonnes (TMT),PPAC,1777985064_PT_Consumption_English.xls,1999-00,12,2026-08-21T15:32:18.419088+00:00,1.0
1999-06-01,1999,1999-00,June,ATF,169.16328000000004,Thousand Metric Tonnes (TMT),PPAC,1777985064_PT_Consumption_English.xls,1999-00,12,2026-08-21T15:32:18.419088+00:00,1.0
1999-07-01,1999,1999-00,July,ATF,171.50792000000004,Thousand Metric Tonnes (TMT),PPAC,1777985064_PT_Consumption_English.xls,1999-00,12,2026-08-21T15:32:18.419088+00:00,1.0
1999-08-01,1999,1999-00,August,ATF,172.44611999999998,Thousand Metric Tonnes (TMT),PPAC,1777985064_PT_Consumption_English.xls,1999-00,12,2026-08-21T15:32:18.419088+00:00,1.0
1999-09-01,1999,1999-00,September,ATF,172.45323000000005,Thousand Metric Tonnes (TMT),PPAC,1777985064_PT_Consumption_English.xls,1999-00,12,2026-08-21T15:32:18.419088+00:00,1.0
1999-10-01,1999,1999-00,October,ATF,178.41108000000014,Thousand Metric Tonnes (TMT),PPAC,1777985064_PT_Consumption_English.xls,1999-00,12,2026-08-21T15:32:18.419088+00:00,1.0
1999-11-01,1999,1999-00,November,ATF,185.94473000000036,Thousand Metric Tonnes (TMT),PPAC,1777985064_PT_Consumption_English.xls,1999-00,12,2026-08-21T15:32:18.419088+00:00,1.0
1999-12-01,1999,1999-00,December,ATF,186.72061000000025,Thousand Metric Tonnes (TMT),PPAC,1777985064_PT_Consumption_English.xls,1999-00,12,2026-08-21T15:32:18.419088+00:00,1.0
2000-01-01,2000,1999-00,January,ATF,183.52459000000022,Thousand Metric Tonnes (TMT),PPAC,1777985064_PT_Consumption_English.xls,1999-00,12,2026-08-21T15:32:18.419088+00:00,1.0
2000-02-01,2000,1999-00,February,ATF,199.4547800000002,Thousand Metric Tonnes (TMT),PPAC,1777985064_PT_Consumption_English.xls,1999-00,12,2026-08-21T15:32:18.419088+00:00,1.0
2000-03-01,2000,1999-00,March,ATF,206.23929,Thousand Metric Tonnes (TMT),PPAC,1777985064_PT_Consumption_English.xls,1999-00,12,2026-08-21T15:32:18.419088+00:00,1.0
1999-04-01,1999,1999-00,April,SKO,886.4242699999992,Thousand Metric Tonnes (TMT),PPAC,1777985064_PT_Consumption_English.xls,1999-00,13,2026-08-21T15:32:18.419088+00:00,1.0
1999-05-01,1999,1999-00,May,SKO,880.5853299999985,Thousand Metric Tonnes (TMT),PPAC,1777985064_PT_Consumption_English.xls,1999-00,13,2026-08-21T15:32:18.419088+00:00,1.0
1999-06-01,1999,1999-00,June,SKO,889.884769999995,Thousand Metric Tonnes (TMT),PPAC,1777985064_PT_Consumption_English.xls,1999-00,13,2026-08-21T15:32:18.419088+00:00,1.0
1999-07-01,1999,1999-00,July,SKO,893.7016199999987,Thousand Metric Tonnes (TMT),PPAC,1777985064_PT_Consumption_English.xls,1999-00,13,2026-08-21T15:32:18.419088+00:00,1.0
1999-08-01,1999,1999-00,August,SKO,888.8783099999957,Thousand Metric Tonnes (TMT),PPAC,1777985064_PT_Consumption_English.xls,1999-00,13,2026-08-21T15:32:18.419088+00:00,1.0
1999-09-01,1999,1999-00,September,SKO,903.7645399999947,Thousand Metric Tonnes (TMT),PPAC,1777985064_PT_Consumption_English.xls,1999-00,13,2026-08-21T15:32:18.419088+00:00,1.0
1999-10-01,1999,1999-00,October,SKO,901.2782399999975,Thousand Metric Tonnes (TMT),PPAC,1777985064_PT_Consumption_English.xls,1999-00,13,2026-08-21T15:32:18.419088+00:00,1.0
1999-11-01,1999,1999-00,November,SKO,899.1118199999939,Thousand Metric Tonnes (TMT),PPAC,1777985064_PT_Consumption_English.xls,1999-00,13,2026-08-21T15:32:18.419088+00:00,1.0
1999-12-01,1999,1999-00,December,SKO,908.6546299999974,Thousand Metric Tonnes (TMT),PPAC,1777985064_PT_Consumption_English.xls,1999-00,13,2026-08-21T15:32:18.419088+00:00,1.0
2000-01-01,2000,1999-00,January,SKO,896.1856199999947,Thousand Metric Tonnes (TMT),PPAC,1777985064_PT_Consumption_English.xls,1999-00,13,2026-08-21T15:32:18.419088+00:00,1.0
2000-02-01,2000,1999-00,February,SKO,892.4996699999938,Thousand Metric Tonnes (TMT),PPAC,1777985064_PT_Consumption_English.xls,1999-00,13,2026-08-21T15:32:18.419088+00:00,1.0
2000-03-01,2000,1999-00,March,SKO,890.1347900000006,Thousand Metric Tonnes (TMT),PPAC,1777985064_PT_Consumption_English.xls,1999-00,13,2026-08-21T15:32:18.419088+00:00,1.0
1999-04-01,1999,1999-00,April,HSD,3538.464630000014,Thousand Metric Tonnes (TMT),PPAC,1777985064_PT_Consumption_English.xls,1999-00,14,2026-08-21T15:32:18.419088+00:00,1.0
1999-05-01,1999,1999-00,May,HSD,3467.049070000018,Thousand Metric Tonnes (TMT),PPAC,1777985064_PT_Consumption_English.xls,1999-00,14,2026-08-21T15:32:18.419088+00:00,1.0
1999-06-01,1999,1999-00,June,HSD,3445.054929999998,Thousand Metric Tonnes (TMT),PPAC,1777985064_PT_Consumption_English.xls,1999-00,14,2026-08-21T15:32:18.419088+00:00,1.0
1999-07-01,1999,1999-00,July,HSD,3264.7364099999922,Thousand Metric Tonnes (TMT),PPAC,1777985064_PT_Consumption_English.xls,1999-00,14,2026-08-21T15:32:18.419088+00:00,1.0
1999-08-01,1999,1999-00,August,HSD,2935.7297000000062,Thousand Metric Tonnes (TMT),PPAC,1777985064_PT_Consumption_English.xls,1999-00,14,2026-08-21T15:32:18.419088+00:00,1.0
1999-09-01,1999,1999-00,September,HSD,2991.1898600000136,Thousand Metric Tonnes (TMT),PPAC,1777985064_PT_Consumption_English.xls,1999-00,14,2026-08-21T15:32:18.419088+00:00,1.0
1999-10-01,1999,1999-00,October,HSD,2955.5045399999867,Thousand Metric Tonnes (TMT),PPAC,1777985064_PT_Consumption_English.xls,1999-00,14,2026-08-21T15:32:18.419088+00:00,1.0
1999-11-01,1999,1999-00,November,HSD,3416.4356000000294,Thousand Metric Tonnes (TMT),PPAC,1777985064_PT_Consumption_English.xls,1999-00,14,2026-08-21T15:32:18.419088+00:00,1.0
1999-12-01,1999,1999-00,December,HSD,3547.2805900000044,Thousand Metric Tonnes (TMT),PPAC,1777985064_PT_Consumption_English.xls,1999-00,14,2026-08-21T15:32:18.419088+00:00,1.0
2000-01-01,2000,1999-00,January,HSD,3155.308820000012,Thousand Metric Tonnes (TMT),PPAC,1777985064_PT_Consumption_English.xls,1999-00,14,2026-08-21T15:32:18.419088+00:00,1.0
2000-02-01,2000,1999-00,February,HSD,3181.909430000009,Thousand Metric Tonnes (TMT),PPAC,1777985064_PT_Consumption_English.xls,1999-00,14,2026-08-21T15:32:18.419088+00:00,1.0
2000-03-01,2000,1999-00,March,HSD,3388.298720000013,Thousand Metric Tonnes (TMT),PPAC,1777985064_PT_Consumption_English.xls,1999-00,14,2026-08-21T15:32:18.419088+00:00,1.0
1999-04-01,1999,1999-00,April,LDO,109.35928999999977,Thousand Metric Tonnes (TMT),PPAC,1777985064_PT_Consumption_English.xls,1999-00,15,2026-08-21T15:32:18.419088+00:00,1.0
1999-05-01,1999,1999-00,May,LDO,112.67231999999898,Thousand Metric Tonnes (TMT),PPAC,1777985064_PT_Consumption_English.xls,1999-00,15,2026-08-21T15:32:18.419088+00:00,1.0
1999-06-01,1999,1999-00,June,LDO,115.42058999999925,Thousand Metric Tonnes (TMT),PPAC,1777985064_PT_Consumption_English.xls,1999-00,15,2026-08-21T15:32:18.419088+00:00,1.0
1999-07-01,1999,1999-00,July,LDO,129.65166999999923,Thousand Metric Tonnes (TMT),PPAC,1777985064_PT_Consumption_English.xls,1999-00,15,2026-08-21T15:32:18.419088+00:00,1.0
1999-08-01,1999,1999-00,August,LDO,124.98879999999912,Thousand Metric Tonnes (TMT),PPAC,1777985064_PT_Consumption_English.xls,1999-00,15,2026-08-21T15:32:18.419088+00:00,1.0
1999-09-01,1999,1999-00,September,LDO,128.33130999999932,Thousand Metric Tonnes (TMT),PPAC,1777985064_PT_Consumption_English.xls,1999-00,15,2026-08-21T15:32:18.419088+00:00,1.0
1999-10-01,1999,1999-00,October,LDO,134.7629699999995,Thousand Metric Tonnes (TMT),PPAC,1777985064_PT_Consumption_English.xls,1999-00,15,2026-08-21T15:32:18.419088+00:00,1.0
1999-11-01,1999,1999-00,November,LDO,124.04962999999923,Thousand Metric Tonnes (TMT),PPAC,1777985064_PT_Consumption_English.xls,1999-00,15,2026-08-21T15:32:18.419088+00:00,1.0
1999-12-01,1999,1999-00,December,LDO,149.9759400000002,Thousand Metric Tonnes (TMT),PPAC,1777985064_PT_Consumption_English.xls,1999-00,15,2026-08-21T15:32:18.419088+00:00,1.0
2000-01-01,2000,1999-00,January,LDO,129.0642499999994,Thousand Metric Tonnes (TMT),PPAC,1777985064_PT_Consumption_English.xls,1999-00,15,2026-08-21T15:32:18.419088+00:00,1.0
2000-02-01,2000,1999-00,February,LDO,124.58735999999959,Thousand Metric Tonnes (TMT),PPAC,1777985064_PT_Consumption_English.xls,1999-00,15,2026-08-21T15:32:18.419088+00:00,1.0
2000-03-01,2000,1999-00,March,LDO,128.8288199999995,Thousand Metric Tonnes (TMT),PPAC,1777985064_PT_Consumption_English.xls,1999-00,15,2026-08-21T15:32:18.419088+00:00,1.0
1999-04-01,1999,1999-00,April,Lubricants & Greases,59.09595000000413,Thousand Metric Tonnes (TMT),PPAC,1777985064_PT_Consumption_English.xls,1999-00,16,2026-08-21T15:32:18.419088+00:00,1.0
1999-05-01,1999,1999-00,May,Lubricants & Greases,67.89123000001553,Thousand Metric Tonnes (TMT),PPAC,1777985064_PT_Consumption_English.xls,1999-00,16,2026-08-21T15:32:18.419088+00:00,1.0
1999-06-01,1999,1999-00,June,Lubricants & Greases,70.75960000001064,Thousand Metric Tonnes (TMT),PPAC,1777985064_PT_Consumption_English.xls,1999-00,16,2026-08-21T15:32:18.419088+00:00,1.0
1999-07-01,1999,1999-00,July,Lubricants & Greases,69.20746000002077,Thousand Metric Tonnes (TMT),PPAC,1777985064_PT_Consumption_English.xls,1999-00,16,2026-08-21T15:32:18.419088+00:00,1.0
1999-08-01,1999,1999-00,August,Lubricants & Greases,82.75792999996102,Thousand Metric Tonnes (TMT),PPAC,1777985064_PT_Consumption_English.xls,1999-00,16,2026-08-21T15:32:18.419088+00:00,1.0
1999-09-01,1999,1999-00,September,Lubricants & Greases,79.1602800000254,Thousand Metric Tonnes (TMT),PPAC,1777985064_PT_Consumption_English.xls,1999-00,16,2026-08-21T15:32:18.419088+00:00,1.0
1999-10-01,1999,1999-00,October,Lubricants & Greases,67.73927000001306,Thousand Metric Tonnes (TMT),PPAC,1777985064_PT_Consumption_English.xls,1999-00,16,2026-08-21T15:32:18.419088+00:00,1.0
1999-11-01,1999,1999-00,November,Lubricants & Greases,82.84308000001302,Thousand Metric Tonnes (TMT),PPAC,1777985064_PT_Consumption_English.xls,1999-00,16,2026-08-21T15:32:18.419088+00:00,1.0
1999-12-01,1999,1999-00,December,Lubricants & Greases,87.22118000002415,Thousand Metric Tonnes (TMT),PPAC,1777985064_PT_Consumption_English.xls,1999-00,16,2026-08-21T15:32:18.419088+00:00,1.0
2000-01-01,2000,1999-00,January,Lubricants & Greases,71.19335000000945,Thousand Metric Tonnes (TMT),PPAC,1777985064_PT_Consumption_English.xls,1999-00,16,2026-08-21T15:32:18.419088+00:00,1.0
2000-02-01,2000,1999-00,February,Lubricants & Greases,78.49344000001295,Thousand Metric Tonnes (TMT),PPAC,1777985064_PT_Consumption_English.xls,1999-00,16,2026-08-21T15:32:18.419088+00:00,1.0
2000-03-01,2000,1999-00,March,Lubricants & Greases,99.03039000002346,Thousand Metric Tonnes (TMT),PPAC,1777985064_PT_Consumption_English.xls,1999-00,16,2026-08-21T15:32:18.419088+00:00,1.0
1999-04-01,1999,1999-00,April,FO & LSHS,890.8198199999908,Thousand Metric Tonnes (TMT),PPAC,1777985064_PT_Consumption_English.xls,1999-00,17,2026-08-21T15:32:18.419088+00:00,1.0
1999-05-01,1999,1999-00,May,FO & LSHS,895.560329999995,Thousand Metric Tonnes (TMT),PPAC,1777985064_PT_Consumption_English.xls,1999-00,17,2026-08-21T15:32:18.419088+00:00,1.0
1999-06-01,1999,1999-00,June,FO & LSHS,978.6250399999894,Thousand Metric Tonnes (TMT),PPAC,1777985064_PT_Consumption_English.xls,1999-00,17,2026-08-21T15:32:18.419088+00:00,1.0
1999-07-01,1999,1999-00,July,FO & LSHS,1062.735219999988,Thousand Metric Tonnes (TMT),PPAC,1777985064_PT_Consumption_English.xls,1999-00,17,2026-08-21T15:32:18.419088+00:00,1.0
1999-08-01,1999,1999-00,August,FO & LSHS,1050.38615999999,Thousand Metric Tonnes (TMT),PPAC,1777985064_PT_Consumption_English.xls,1999-00,17,2026-08-21T15:32:18.419088+00:00,1.0
1999-09-01,1999,1999-00,September,FO & LSHS,995.1570499999938,Thousand Metric Tonnes (TMT),PPAC,1777985064_PT_Consumption_English.xls,1999-00,17,2026-08-21T15:32:18.419088+00:00,1.0
1999-10-01,1999,1999-00,October,FO & LSHS,945.9776599999904,Thousand Metric Tonnes (TMT),PPAC,1777985064_PT_Consumption_English.xls,1999-00,17,2026-08-21T15:32:18.419088+00:00,1.0
1999-11-01,1999,1999-00,November,FO & LSHS,952.7581399999891,Thousand Metric Tonnes (TMT),PPAC,1777985064_PT_Consumption_English.xls,1999-00,17,2026-08-21T15:32:18.419088+00:00,1.0
1999-12-01,1999,1999-00,December,FO & LSHS,953.1848399999951,Thousand Metric Tonnes (TMT),PPAC,1777985064_PT_Consumption_English.xls,1999-00,17,2026-08-21T15:32:18.419088+00:00,1.0
2000-01-01,2000,1999-00,January,FO & LSHS,958.0919899999848,Thousand Metric Tonnes (TMT),PPAC,1777985064_PT_Consumption_English.xls,1999-00,17,2026-08-21T15:32:18.419088+00:00,1.0
2000-02-01,2000,1999-00,February,FO & LSHS,893.9278599999948,Thousand Metric Tonnes (TMT),PPAC,1777985064_PT_Consumption_English.xls,1999-00,17,2026-08-21T15:32:18.419088+00:00,1.0
2000-03-01,2000,1999-00,March,FO & LSHS,1001.6307399999932,Thousand Metric Tonnes (TMT),PPAC,1777985064_PT_Consumption_English.xls,1999-00,17,2026-08-21T15:32:18.419088+00:00,1.0
1999-04-01,1999,1999-00,April,Bitumen,279.9984900000001,Thousand Metric Tonnes (TMT),PPAC,1777985064_PT_Consumption_English.xls,1999-00,18,2026-08-21T15:32:18.419088+00:00,1.0
1999-05-01,1999,1999-00,May,Bitumen,280.1532100000003,Thousand Metric Tonnes (TMT),PPAC,1777985064_PT_Consumption_English.xls,1999-00,18,2026-08-21T15:32:18.419088+00:00,1.0
1999-06-01,1999,1999-00,June,Bitumen,224.74630000000022,Thousand Metric Tonnes (TMT),PPAC,1777985064_PT_Consumption_English.xls,1999-00,18,2026-08-21T15:32:18.419088+00:00,1.0
1999-07-01,1999,1999-00,July,Bitumen,136.49449000000027,Thousand Metric Tonnes (TMT),PPAC,1777985064_PT_Consumption_English.xls,1999-00,18,2026-08-21T15:32:18.419088+00:00,1.0
1999-08-01,1999,1999-00,August,Bitumen,116.15568000000003,Thousand Metric Tonnes (TMT),PPAC,1777985064_PT_Consumption_English.xls,1999-00,18,2026-08-21T15:32:18.419088+00:00,1.0
1999-09-01,1999,1999-00,September,Bitumen,129.59334000000035,Thousand Metric Tonnes (TMT),PPAC,1777985064_PT_Consumption_English.xls,1999-00,18,2026-08-21T15:32:18.419088+00:00,1.0
1999-10-01,1999,1999-00,October,Bitumen,137.1933300000003,Thousand Metric Tonnes (TMT),PPAC,1777985064_PT_Consumption_English.xls,1999-00,18,2026-08-21T15:32:18.419088+00:00,1.0
1999-11-01,1999,1999-00,November,Bitumen,197.3672199999996,Thousand Metric Tonnes (TMT),PPAC,1777985064_PT_Consumption_English.xls,1999-00,18,2026-08-21T15:32:18.419088+00:00,1.0
1999-12-01,1999,1999-00,December,Bitumen,253.99318999999988,Thousand Metric Tonnes (TMT),PPAC,1777985064_PT_Consumption_English.xls,1999-00,18,2026-08-21T15:32:18.419088+00:00,1.0
2000-01-01,2000,1999-00,January,Bitumen,218.15131999999943,Thousand Metric Tonnes (TMT),PPAC,1777985064_PT_Consumption_English.xls,1999-00,18,2026-08-21T15:32:18.419088+00:00,1.0
2000-02-01,2000,1999-00,February,Bitumen,239.15044999999975,Thousand Metric Tonnes (TMT),PPAC,1777985064_PT_Consumption_English.xls,1999-00,18,2026-08-21T15:32:18.419088+00:00,1.0
2000-03-01,2000,1999-00,March,Bitumen,303.3674900000001,Thousand Metric Tonnes (TMT),PPAC,1777985064_PT_Consumption_English.xls,1999-00,18,2026-08-21T15:32:18.419088+00:00,1.0
1999-04-01,1999,1999-00,April,Petroleum coke,16.05053,Thousand Metric Tonnes (TMT),PPAC,1777985064_PT_Consumption_English.xls,1999-00,19,2026-08-21T15:32:18.419088+00:00,1.0
1999-05-01,1999,1999-00,May,Petroleum coke,30.786020000000008,Thousand Metric Tonnes (TMT),PPAC,1777985064_PT_Consumption_English.xls,1999-00,19,2026-08-21T15:32:18.419088+00:00,1.0
1999-06-01,1999,1999-00,June,Petroleum coke,29.11364000000001,Thousand Metric Tonnes (TMT),PPAC,1777985064_PT_Consumption_English.xls,1999-00,19,2026-08-21T15:32:18.419088+00:00,1.0
1999-07-01,1999,1999-00,July,Petroleum coke,20.739629999999995,Thousand Metric Tonnes (TMT),PPAC,1777985064_PT_Consumption_English.xls,1999-00,19,2026-08-21T15:32:18.419088+00:00,1.0
1999-08-01,1999,1999-00,August,Petroleum coke,33.41718,Thousand Metric Tonnes (TMT),PPAC,1777985064_PT_Consumption_English.xls,1999-00,19,2026-08-21T15:32:18.419088+00:00,1.0
1999-09-01,1999,1999-00,September,Petroleum coke,28.661189999999998,Thousand Metric Tonnes (TMT),PPAC,1777985064_PT_Consumption_English.xls,1999-00,19,2026-08-21T15:32:18.419088+00:00,1.0
1999-10-01,1999,1999-00,October,Petroleum coke,26.528170000000003,Thousand Metric Tonnes (TMT),PPAC,1777985064_PT_Consumption_English.xls,1999-00,19,2026-08-21T15:32:18.419088+00:00,1.0
1999-11-01,1999,1999-00,November,Petroleum coke,23.691889999999997,Thousand Metric Tonnes (TMT),PPAC,1777985064_PT_Consumption_English.xls,1999-00,19,2026-08-21T15:32:18.419088+00:00,1.0
1999-12-01,1999,1999-00,December,Petroleum coke,34.69207,Thousand Metric Tonnes (TMT),PPAC,1777985064_PT_Consumption_English.xls,1999-00,19,2026-08-21T15:32:18.419088+00:00,1.0
2000-01-01,2000,1999-00,January,Petroleum coke,21.15343,Thousand Metric Tonnes (TMT),PPAC,1777985064_PT_Consumption_English.xls,1999-00,19,2026-08-21T15:32:18.419088+00:00,1.0
2000-02-01,2000,1999-00,February,Petroleum coke,31.796759999999995,Thousand Metric Tonnes (TMT),PPAC,1777985064_PT_Consumption_English.xls,1999-00,19,2026-08-21T15:32:18.419088+00:00,1.0
2000-03-01,2000,1999-00,March,Petroleum coke,31.529249999999998,Thousand Metric Tonnes (TMT),PPAC,1777985064_PT_Consumption_English.xls,1999-00,19,2026-08-21T15:32:18.419088+00:00,1.0
1999-04-01,1999,1999-00,April,Others,97.86743,Thousand Metric Tonnes (TMT),PPAC,1777985064_PT_Consumption_English.xls,1999-00,20,2026-08-21T15:32:18.419088+00:00,1.0
1999-05-01,1999,1999-00,May,Others,105.67351000000002,Thousand Metric Tonnes (TMT),PPAC,1777985064_PT_Consumption_English.xls,1999-00,20,2026-08-21T15:32:18.419088+00:00,1.0
1999-06-01,1999,1999-00,June,Others,102.00270000000008,Thousand Metric Tonnes (TMT),PPAC,1777985064_PT_Consumption_English.xls,1999-00,20,2026-08-21T15:32:18.419088+00:00,1.0
1999-07-01,1999,1999-00,July,Others,114.30542000000018,Thousand Metric Tonnes (TMT),PPAC,1777985064_PT_Consumption_English.xls,1999-00,20,2026-08-21T15:32:18.419088+00:00,1.0
1999-08-01,1999,1999-00,August,Others,142.3498299999997,Thousand Metric Tonnes (TMT),PPAC,1777985064_PT_Consumption_English.xls,1999-00,20,2026-08-21T15:32:18.419088+00:00,1.0
1999-09-01,1999,1999-00,September,Others,153.32492999999923,Thousand Metric Tonnes (TMT),PPAC,1777985064_PT_Consumption_English.xls,1999-00,20,2026-08-21T15:32:18.419088+00:00,1.0
1999-10-01,1999,1999-00,October,Others,108.79720999999962,Thousand Metric Tonnes (TMT),PPAC,1777985064_PT_Consumption_English.xls,1999-00,20,2026-08-21T15:32:18.419088+00:00,1.0
1999-11-01,1999,1999-00,November,Others,103.68269000000062,Thousand Metric Tonnes (TMT),PPAC,1777985064_PT_Consumption_English.xls,1999-00,20,2026-08-21T15:32:18.419088+00:00,1.0
1999-12-01,1999,1999-00,December,Others,144.2174099999995,Thousand Metric Tonnes (TMT),PPAC,1777985064_PT_Consumption_English.xls,1999-00,20,2026-08-21T15:32:18.419088+00:00,1.0
2000-01-01,2000,1999-00,January,Others,104.21275000000021,Thousand Metric Tonnes (TMT),PPAC,1777985064_PT_Consumption_English.xls,1999-00,20,2026-08-21T15:32:18.419088+00:00,1.0
2000-02-01,2000,1999-00,February,Others,179.20594999999975,Thousand Metric Tonnes (TMT),PPAC,1777985064_PT_Consumption_English.xls,1999-00,20,2026-08-21T15:32:18.419088+00:00,1.0
2000-03-01,2000,1999-00,March,Others,208.09304999999983,Thousand Metric Tonnes (TMT),PPAC,1777985064_PT_Consumption_English.xls,1999-00,20,2026-08-21T15:32:18.419088+00:00,1.0
2000-04-01,2000,2000-01,April,LPG,471.47196999999676,Thousand Metric Tonnes (TMT),PPAC,1777985064_PT_Consumption_English.xls,2000-01,9,2026-08-21T15:32:18.429417+00:00,1.0
2000-05-01,2000,2000-01,May,LPG,496.5030799999962,Thousand Metric Tonnes (TMT),PPAC,1777985064_PT_Consumption_English.xls,2000-01,9,2026-08-21T15:32:18.429417+00:00,1.0
2000-06-01,2000,2000-01,June,LPG,496.9374099999986,Thousand Metric Tonnes (TMT),PPAC,1777985064_PT_Consumption_English.xls,2000-01,9,2026-08-21T15:32:18.429417+00:00,1.0
2000-07-01,2000,2000-01,July,LPG,526.9727299999965,Thousand Metric Tonnes (TMT),PPAC,1777985064_PT_Consumption_English.xls,2000-01,9,2026-08-21T15:32:18.429417+00:00,1.0
2000-08-01,2000,2000-01,August,LPG,550.1287399999983,Thousand Metric Tonnes (TMT),PPAC,1777985064_PT_Consumption_English.xls,2000-01,9,2026-08-21T15:32:18.429417+00:00,1.0
2000-09-01,2000,2000-01,September,LPG,586.8674099999957,Thousand Metric Tonnes (TMT),PPAC,1777985064_PT_Consumption_English.xls,2000-01,9,2026-08-21T15:32:18.429417+00:00,1.0
2000-10-01,2000,2000-01,October,LPG,522.0468699999958,Thousand Metric Tonnes (TMT),PPAC,1777985064_PT_Consumption_English.xls,2000-01,9,2026-08-21T15:32:18.429417+00:00,1.0
2000-11-01,2000,2000-01,November,LPG,543.4148399999964,Thousand Metric Tonnes (TMT),PPAC,1777985064_PT_Consumption_English.xls,2000-01,9,2026-08-21T15:32:18.429417+00:00,1.0
2000-12-01,2000,2000-01,December,LPG,609.709949999999,Thousand Metric Tonnes (TMT),PPAC,1777985064_PT_Consumption_English.xls,2000-01,9,2026-08-21T15:32:18.429417+00:00,1.0
2001-01-01,2001,2000-01,January,LPG,630.7635899999999,Thousand Metric Tonnes (TMT),PPAC,1777985064_PT_Consumption_English.xls,2000-01,9,2026-08-21T15:32:18.429417+00:00,1.0
2001-02-01,2001,2000-01,February,LPG,563.0218799999959,Thousand Metric Tonnes (TMT),PPAC,1777985064_PT_Consumption_English.xls,2000-01,9,2026-08-21T15:32:18.429417+00:00,1.0
2001-03-01,2001,2000-01,March,LPG,615.6024799999977,Thousand Metric Tonnes (TMT),PPAC,1777985064_PT_Consumption_English.xls,2000-01,9,2026-08-21T15:32:18.429417+00:00,1.0
2000-04-01,2000,2000-01,April,Naphtha,564.0110199999998,Thousand Metric Tonnes (TMT),PPAC,1777985064_PT_Consumption_English.xls,2000-01,10,2026-08-21T15:32:18.429417+00:00,1.0
2000-05-01,2000,2000-01,May,Naphtha,686.7367599999999,Thousand Metric Tonnes (TMT),PPAC,1777985064_PT_Consumption_English.xls,2000-01,10,2026-08-21T15:32:18.429417+00:00,1.0
2000-06-01,2000,2000-01,June,Naphtha,622.09268,Thousand Metric Tonnes (TMT),PPAC,1777985064_PT_Consumption_English.xls,2000-01,10,2026-08-21T15:32:18.429417+00:00,1.0
2000-07-01,2000,2000-01,July,Naphtha,646.8614599999997,Thousand Metric Tonnes (TMT),PPAC,1777985064_PT_Consumption_English.xls,2000-01,10,2026-08-21T15:32:18.429417+00:00,1.0
2000-08-01,2000,2000-01,August,Naphtha,722.2455300000001,Thousand Metric Tonnes (TMT),PPAC,1777985064_PT_Consumption_English.xls,2000-01,10,2026-08-21T15:32:18.429417+00:00,1.0
2000-09-01,2000,2000-01,September,Naphtha,706.7077100000001,Thousand Metric Tonnes (TMT),PPAC,1777985064_PT_Consumption_English.xls,2000-01,10,2026-08-21T15:32:18.429417+00:00,1.0
2000-10-01,2000,2000-01,October,Naphtha,709.2725200000001,Thousand Metric Tonnes (TMT),PPAC,1777985064_PT_Consumption_English.xls,2000-01,10,2026-08-21T15:32:18.429417+00:00,1.0
2000-11-01,2000,2000-01,November,Naphtha,679.6589299999998,Thousand Metric Tonnes (TMT),PPAC,1777985064_PT_Consumption_English.xls,2000-01,10,2026-08-21T15:32:18.429417+00:00,1.0
2000-12-01,2000,2000-01,December,Naphtha,645.5898099999999,Thousand Metric Tonnes (TMT),PPAC,1777985064_PT_Consumption_English.xls,2000-01,10,2026-08-21T15:32:18.429417+00:00,1.0
2001-01-01,2001,2000-01,January,Naphtha,784.4644800000002,Thousand Metric Tonnes (TMT),PPAC,1777985064_PT_Consumption_English.xls,2000-01,10,2026-08-21T15:32:18.429417+00:00,1.0
2001-02-01,2001,2000-01,February,Naphtha,647.57957,Thousand Metric Tonnes (TMT),PPAC,1777985064_PT_Consumption_English.xls,2000-01,10,2026-08-21T15:32:18.429417+00:00,1.0
2001-03-01,2001,2000-01,March,Naphtha,649.9407299999999,Thousand Metric Tonnes (TMT),PPAC,1777985064_PT_Consumption_English.xls,2000-01,10,2026-08-21T15:32:18.429417+00:00,1.0
2000-04-01,2000,2000-01,April,MS,522.3418800000071,Thousand Metric Tonnes (TMT),PPAC,1777985064_PT_Consumption_English.xls,2000-01,11,2026-08-21T15:32:18.429417+00:00,1.0
2000-05-01,2000,2000-01,May,MS,553.7368600000101,Thousand Metric Tonnes (TMT),PPAC,1777985064_PT_Consumption_English.xls,2000-01,11,2026-08-21T15:32:18.429417+00:00,1.0
2000-06-01,2000,2000-01,June,MS,545.6851300000089,Thousand Metric Tonnes (TMT),PPAC,1777985064_PT_Consumption_English.xls,2000-01,11,2026-08-21T15:32:18.429417+00:00,1.0
2000-07-01,2000,2000-01,July,MS,538.4641500000065,Thousand Metric Tonnes (TMT),PPAC,1777985064_PT_Consumption_English.xls,2000-01,11,2026-08-21T15:32:18.429417+00:00,1.0
2000-08-01,2000,2000-01,August,MS,558.0452700000085,Thousand Metric Tonnes (TMT),PPAC,1777985064_PT_Consumption_English.xls,2000-01,11,2026-08-21T15:32:18.429417+00:00,1.0
2000-09-01,2000,2000-01,September,MS,577.5247200000036,Thousand Metric Tonnes (TMT),PPAC,1777985064_PT_Consumption_English.xls,2000-01,11,2026-08-21T15:32:18.429417+00:00,1.0
2000-10-01,2000,2000-01,October,MS,511.494130000011,Thousand Metric Tonnes (TMT),PPAC,1777985064_PT_Consumption_English.xls,2000-01,11,2026-08-21T15:32:18.429417+00:00,1.0
2000-11-01,2000,2000-01,November,MS,548.4504400000127,Thousand Metric Tonnes (TMT),PPAC,1777985064_PT_Consumption_English.xls,2000-01,11,2026-08-21T15:32:18.429417+00:00,1.0
2000-12-01,2000,2000-01,December,MS,559.6712800000191,Thousand Metric Tonnes (TMT),PPAC,1777985064_PT_Consumption_English.xls,2000-01,11,2026-08-21T15:32:18.429417+00:00,1.0
2001-01-01,2001,2000-01,January,MS,554.8233300000161,Thousand Metric Tonnes (TMT),PPAC,1777985064_PT_Consumption_English.xls,2000-01,11,2026-08-21T15:32:18.429417+00:00,1.0
2001-02-01,2001,2000-01,February,MS,540.4396600000022,Thousand Metric Tonnes (TMT),PPAC,1777985064_PT_Consumption_English.xls,2000-01,11,2026-08-21T15:32:18.429417+00:00,1.0
2001-03-01,2001,2000-01,March,MS,602.6832700000115,Thousand Metric Tonnes (TMT),PPAC,1777985064_PT_Consumption_English.xls,2000-01,11,2026-08-21T15:32:18.429417+00:00,1.0
2000-04-01,2000,2000-01,April,ATF,191.30632999999992,Thousand Metric Tonnes (TMT),PPAC,1777985064_PT_Consumption_English.xls,2000-01,12,2026-08-21T15:32:18.429417+00:00,1.0
2000-05-01,2000,2000-01,May,ATF,182.5544100000001,Thousand Metric Tonnes (TMT),PPAC,1777985064_PT_Consumption_English.xls,2000-01,12,2026-08-21T15:32:18.429417+00:00,1.0
2000-06-01,2000,2000-01,June,ATF,173.09410999999997,Thousand Metric Tonnes (TMT),PPAC,1777985064_PT_Consumption_English.xls,2000-01,12,2026-08-21T15:32:18.429417+00:00,1.0
2000-07-01,2000,2000-01,July,ATF,178.65303999999995,Thousand Metric Tonnes (TMT),PPAC,1777985064_PT_Consumption_English.xls,2000-01,12,2026-08-21T15:32:18.429417+00:00,1.0
2000-08-01,2000,2000-01,August,ATF,174.56122000000002,Thousand Metric Tonnes (TMT),PPAC,1777985064_PT_Consumption_English.xls,2000-01,12,2026-08-21T15:32:18.429417+00:00,1.0
2000-09-01,2000,2000-01,September,ATF,184.86070999999995,Thousand Metric Tonnes (TMT),PPAC,1777985064_PT_Consumption_English.xls,2000-01,12,2026-08-21T15:32:18.429417+00:00,1.0
2000-10-01,2000,2000-01,October,ATF,187.48957999999996,Thousand Metric Tonnes (TMT),PPAC,1777985064_PT_Consumption_English.xls,2000-01,12,2026-08-21T15:32:18.429417+00:00,1.0
2000-11-01,2000,2000-01,November,ATF,192.87134999999978,Thousand Metric Tonnes (TMT),PPAC,1777985064_PT_Consumption_English.xls,2000-01,12,2026-08-21T15:32:18.429417+00:00,1.0
2000-12-01,2000,2000-01,December,ATF,186.19145000000012,Thousand Metric Tonnes (TMT),PPAC,1777985064_PT_Consumption_English.xls,2000-01,12,2026-08-21T15:32:18.429417+00:00,1.0
2001-01-01,2001,2000-01,January,ATF,192.87367999999995,Thousand Metric Tonnes (TMT),PPAC,1777985064_PT_Consumption_English.xls,2000-01,12,2026-08-21T15:32:18.429417+00:00,1.0
2001-02-01,2001,2000-01,February,ATF,201.57521000000006,Thousand Metric Tonnes (TMT),PPAC,1777985064_PT_Consumption_English.xls,2000-01,12,2026-08-21T15:32:18.429417+00:00,1.0
2001-03-01,2001,2000-01,March,ATF,206.50828000000004,Thousand Metric Tonnes (TMT),PPAC,1777985064_PT_Consumption_English.xls,2000-01,12,2026-08-21T15:32:18.429417+00:00,1.0
2000-04-01,2000,2000-01,April,SKO,877.4754399999999,Thousand Metric Tonnes (TMT),PPAC,1777985064_PT_Consumption_English.xls,2000-01,13,2026-08-21T15:32:18.429417+00:00,1.0
2000-05-01,2000,2000-01,May,SKO,890.3414399999984,Thousand Metric Tonnes (TMT),PPAC,1777985064_PT_Consumption_English.xls,2000-01,13,2026-08-21T15:32:18.429417+00:00,1.0
2000-06-01,2000,2000-01,June,SKO,901.1412699999981,Thousand Metric Tonnes (TMT),PPAC,1777985064_PT_Consumption_English.xls,2000-01,13,2026-08-21T15:32:18.429417+00:00,1.0
2000-07-01,2000,2000-01,July,SKO,899.5879699999989,Thousand Metric Tonnes (TMT),PPAC,1777985064_PT_Consumption_English.xls,2000-01,13,2026-08-21T15:32:18.429417+00:00,1.0
2000-08-01,2000,2000-01,August,SKO,900.2459899999996,Thousand Metric Tonnes (TMT),PPAC,1777985064_PT_Consumption_English.xls,2000-01,13,2026-08-21T15:32:18.429417+00:00,1.0
2000-09-01,2000,2000-01,September,SKO,896.110159999996,Thousand Metric Tonnes (TMT),PPAC,1777985064_PT_Consumption_English.xls,2000-01,13,2026-08-21T15:32:18.429417+00:00,1.0
2000-10-01,2000,2000-01,October,SKO,884.5308899999977,Thousand Metric Tonnes (TMT),PPAC,1777985064_PT_Consumption_English.xls,2000-01,13,2026-08-21T15:32:18.429417+00:00,1.0
2000-11-01,2000,2000-01,November,SKO,879.8742999999936,Thousand Metric Tonnes (TMT),PPAC,1777985064_PT_Consumption_English.xls,2000-01,13,2026-08-21T15:32:18.429417+00:00,1.0
2000-12-01,2000,2000-01,December,SKO,890.8295599999948,Thousand Metric Tonnes (TMT),PPAC,1777985064_PT_Consumption_English.xls,2000-01,13,2026-08-21T15:32:18.429417+00:00,1.0
2001-01-01,2001,2000-01,January,SKO,896.6848799999972,Thousand Metric Tonnes (TMT),PPAC,1777985064_PT_Consumption_English.xls,2000-01,13,2026-08-21T15:32:18.429417+00:00,1.0
2001-02-01,2001,2000-01,February,SKO,888.525879999998,Thousand Metric Tonnes (TMT),PPAC,1777985064_PT_Consumption_English.xls,2000-01,13,2026-08-21T15:32:18.429417+00:00,1.0
2001-03-01,2001,2000-01,March,SKO,908.5270999999997,Thousand Metric Tonnes (TMT),PPAC,1777985064_PT_Consumption_English.xls,2000-01,13,2026-08-21T15:32:18.429417+00:00,1.0
2000-04-01,2000,2000-01,April,HSD,3305.4801699999234,Thousand Metric Tonnes (TMT),PPAC,1777985064_PT_Consumption_English.xls,2000-01,14,2026-08-21T15:32:18.429417+00:00,1.0
2000-05-01,2000,2000-01,May,HSD,3555.8853300000405,Thousand Metric Tonnes (TMT),PPAC,1777985064_PT_Consumption_English.xls,2000-01,14,2026-08-21T15:32:18.429417+00:00,1.0
2000-06-01,2000,2000-01,June,HSD,3285.6215900000266,Thousand Metric Tonnes (TMT),PPAC,1777985064_PT_Consumption_English.xls,2000-01,14,2026-08-21T15:32:18.429417+00:00,1.0
2000-07-01,2000,2000-01,July,HSD,3066.240210000011,Thousand Metric Tonnes (TMT),PPAC,1777985064_PT_Consumption_English.xls,2000-01,14,2026-08-21T15:32:18.429417+00:00,1.0
2000-08-01,2000,2000-01,August,HSD,2880.8860300000083,Thousand Metric Tonnes (TMT),PPAC,1777985064_PT_Consumption_English.xls,2000-01,14,2026-08-21T15:32:18.429417+00:00,1.0
2000-09-01,2000,2000-01,September,HSD,3303.3593400000204,Thousand Metric Tonnes (TMT),PPAC,1777985064_PT_Consumption_English.xls,2000-01,14,2026-08-21T15:32:18.429417+00:00,1.0
2000-10-01,2000,2000-01,October,HSD,2696.454660000023,Thousand Metric Tonnes (TMT),PPAC,1777985064_PT_Consumption_English.xls,2000-01,14,2026-08-21T15:32:18.429417+00:00,1.0
2000-11-01,2000,2000-01,November,HSD,3316.399180000001,Thousand Metric Tonnes (TMT),PPAC,1777985064_PT_Consumption_English.xls,2000-01,14,2026-08-21T15:32:18.429417+00:00,1.0
2000-12-01,2000,2000-01,December,HSD,3173.9512900000027,Thousand Metric Tonnes (TMT),PPAC,1777985064_PT_Consumption_English.xls,2000-01,14,2026-08-21T15:32:18.429417+00:00,1.0
2001-01-01,2001,2000-01,January,HSD,3102.4671200000107,Thousand Metric Tonnes (TMT),PPAC,1777985064_PT_Consumption_English.xls,2000-01,14,2026-08-21T15:32:18.429417+00:00,1.0
2001-02-01,2001,2000-01,February,HSD,2972.6026199999856,Thousand Metric Tonnes (TMT),PPAC,1777985064_PT_Consumption_English.xls,2000-01,14,2026-08-21T15:32:18.429417+00:00,1.0
2001-03-01,2001,2000-01,March,HSD,3278.774899999973,Thousand Metric Tonnes (TMT),PPAC,1777985064_PT_Consumption_English.xls,2000-01,14,2026-08-21T15:32:18.429417+00:00,1.0
2000-04-01,2000,2000-01,April,LDO,115.54091000000014,Thousand Metric Tonnes (TMT),PPAC,1777985064_PT_Consumption_English.xls,2000-01,15,2026-08-21T15:32:18.429417+00:00,1.0
2000-05-01,2000,2000-01,May,LDO,131.73936999999881,Thousand Metric Tonnes (TMT),PPAC,1777985064_PT_Consumption_English.xls,2000-01,15,2026-08-21T15:32:18.429417+00:00,1.0
2000-06-01,2000,2000-01,June,LDO,112.73195999999858,Thousand Metric Tonnes (TMT),PPAC,1777985064_PT_Consumption_English.xls,2000-01,15,2026-08-21T15:32:18.429417+00:00,1.0
2000-07-01,2000,2000-01,July,LDO,118.1478799999993,Thousand Metric Tonnes (TMT),PPAC,1777985064_PT_Consumption_English.xls,2000-01,15,2026-08-21T15:32:18.429417+00:00,1.0
2000-08-01,2000,2000-01,August,LDO,127.12595999999967,Thousand Metric Tonnes (TMT),PPAC,1777985064_PT_Consumption_English.xls,2000-01,15,2026-08-21T15:32:18.429417+00:00,1.0
2000-09-01,2000,2000-01,September,LDO,136.95654999999962,Thousand Metric Tonnes (TMT),PPAC,1777985064_PT_Consumption_English.xls,2000-01,15,2026-08-21T15:32:18.429417+00:00,1.0
2000-10-01,2000,2000-01,October,LDO,104.20712,Thousand Metric Tonnes (TMT),PPAC,1777985064_PT_Consumption_English.xls,2000-01,15,2026-08-21T15:32:18.429417+00:00,1.0
2000-11-01,2000,2000-01,November,LDO,117.43407999999901,Thousand Metric Tonnes (TMT),PPAC,1777985064_PT_Consumption_English.xls,2000-01,15,2026-08-21T15:32:18.429417+00:00,1.0
2000-12-01,2000,2000-01,December,LDO,113.69351999999937,Thousand Metric Tonnes (TMT),PPAC,1777985064_PT_Consumption_English.xls,2000-01,15,2026-08-21T15:32:18.429417+00:00,1.0
2001-01-01,2001,2000-01,January,LDO,111.81062999999939,Thousand Metric Tonnes (TMT),PPAC,1777985064_PT_Consumption_English.xls,2000-01,15,2026-08-21T15:32:18.429417+00:00,1.0
2001-02-01,2001,2000-01,February,LDO,103.52179999999964,Thousand Metric Tonnes (TMT),PPAC,1777985064_PT_Consumption_English.xls,2000-01,15,2026-08-21T15:32:18.429417+00:00,1.0
2001-03-01,2001,2000-01,March,LDO,106.10438999999964,Thousand Metric Tonnes (TMT),PPAC,1777985064_PT_Consumption_English.xls,2000-01,15,2026-08-21T15:32:18.429417+00:00,1.0
2000-04-01,2000,2000-01,April,Lubricants & Greases,46.61906000000177,Thousand Metric Tonnes (TMT),PPAC,1777985064_PT_Consumption_English.xls,2000-01,16,2026-08-21T15:32:18.429417+00:00,1.0
2000-05-01,2000,2000-01,May,Lubricants & Greases,56.29582000000785,Thousand Metric Tonnes (TMT),PPAC,1777985064_PT_Consumption_English.xls,2000-01,16,2026-08-21T15:32:18.429417+00:00,1.0
2000-06-01,2000,2000-01,June,Lubricants & Greases,60.593280000008896,Thousand Metric Tonnes (TMT),PPAC,1777985064_PT_Consumption_English.xls,2000-01,16,2026-08-21T15:32:18.429417+00:00,1.0
2000-07-01,2000,2000-01,July,Lubricants & Greases,59.408990000006916,Thousand Metric Tonnes (TMT),PPAC,1777985064_PT_Consumption_English.xls,2000-01,16,2026-08-21T15:32:18.429417+00:00,1.0
2000-08-01,2000,2000-01,August,Lubricants & Greases,66.62610000000916,Thousand Metric Tonnes (TMT),PPAC,1777985064_PT_Consumption_English.xls,2000-01,16,2026-08-21T15:32:18.429417+00:00,1.0
2000-09-01,2000,2000-01,September,Lubricants & Greases,75.19440000001208,Thousand Metric Tonnes (TMT),PPAC,1777985064_PT_Consumption_English.xls,2000-01,16,2026-08-21T15:32:18.429417+00:00,1.0
2000-10-01,2000,2000-01,October,Lubricants & Greases,55.91082000000649,Thousand Metric Tonnes (TMT),PPAC,1777985064_PT_Consumption_English.xls,2000-01,16,2026-08-21T15:32:18.429417+00:00,1.0
2000-11-01,2000,2000-01,November,Lubricants & Greases,64.5975500000073,Thousand Metric Tonnes (TMT),PPAC,1777985064_PT_Consumption_English.xls,2000-01,16,2026-08-21T15:32:18.429417+00:00,1.0
2000-12-01,2000,2000-01,December,Lubricants & Greases,67.03862000001352,Thousand Metric Tonnes (TMT),PPAC,1777985064_PT_Consumption_English.xls,2000-01,16,2026-08-21T15:32:18.429417+00:00,1.0
2001-01-01,2001,2000-01,January,Lubricants & Greases,65.45167000000924,Thousand Metric Tonnes (TMT),PPAC,1777985064_PT_Consumption_English.xls,2000-01,16,2026-08-21T15:32:18.429417+00:00,1.0
2001-02-01,2001,2000-01,February,Lubricants & Greases,67.2513700000059,Thousand Metric Tonnes (TMT),PPAC,1777985064_PT_Consumption_English.xls,2000-01,16,2026-08-21T15:32:18.429417+00:00,1.0
2001-03-01,2001,2000-01,March,Lubricants & Greases,112.08656000002289,Thousand Metric Tonnes (TMT),PPAC,1777985064_PT_Consumption_English.xls,2000-01,16,2026-08-21T15:32:18.429417+00:00,1.0
2000-04-01,2000,2000-01,April,FO & LSHS,867.8916999999958,Thousand Metric Tonnes (TMT),PPAC,1777985064_PT_Consumption_English.xls,2000-01,17,2026-08-21T15:32:18.429417+00:00,1.0
2000-05-01,2000,2000-01,May,FO & LSHS,932.7240699999973,Thousand Metric Tonnes (TMT),PPAC,1777985064_PT_Consumption_English.xls,2000-01,17,2026-08-21T15:32:18.429417+00:00,1.0
2000-06-01,2000,2000-01,June,FO & LSHS,909.4297199999867,Thousand Metric Tonnes (TMT),PPAC,1777985064_PT_Consumption_English.xls,2000-01,17,2026-08-21T15:32:18.429417+00:00,1.0
2000-07-01,2000,2000-01,July,FO & LSHS,915.261310000001,Thousand Metric Tonnes (TMT),PPAC,1777985064_PT_Consumption_English.xls,2000-01,17,2026-08-21T15:32:18.429417+00:00,1.0
2000-08-01,2000,2000-01,August,FO & LSHS,1007.1159999999869,Thousand Metric Tonnes (TMT),PPAC,1777985064_PT_Consumption_English.xls,2000-01,17,2026-08-21T15:32:18.429417+00:00,1.0
2000-09-01,2000,2000-01,September,FO & LSHS,1026.0700400000055,Thousand Metric Tonnes (TMT),PPAC,1777985064_PT_Consumption_English.xls,2000-01,17,2026-08-21T15:32:18.429417+00:00,1.0
2000-10-01,2000,2000-01,October,FO & LSHS,900.2616499999987,Thousand Metric Tonnes (TMT),PPAC,1777985064_PT_Consumption_English.xls,2000-01,17,2026-08-21T15:32:18.429417+00:00,1.0
2000-11-01,2000,2000-01,November,FO & LSHS,879.0881899999971,Thousand Metric Tonnes (TMT),PPAC,1777985064_PT_Consumption_English.xls,2000-01,17,2026-08-21T15:32:18.429417+00:00,1.0
2000-12-01,2000,2000-01,December,FO & LSHS,961.4011200000009,Thousand Metric Tonnes (TMT),PPAC,1777985064_PT_Consumption_English.xls,2000-01,17,2026-08-21T15:32:18.429417+00:00,1.0
2001-01-01,2001,2000-01,January,FO & LSHS,1035.0011599999987,Thousand Metric Tonnes (TMT),PPAC,1777985064_PT_Consumption_English.xls,2000-01,17,2026-08-21T15:32:18.429417+00:00,1.0
2001-02-01,2001,2000-01,February,FO & LSHS,870.1506599999932,Thousand Metric Tonnes (TMT),PPAC,1777985064_PT_Consumption_English.xls,2000-01,17,2026-08-21T15:32:18.429417+00:00,1.0
2001-03-01,2001,2000-01,March,FO & LSHS,1055.638829999988,Thousand Metric Tonnes (TMT),PPAC,1777985064_PT_Consumption_English.xls,2000-01,17,2026-08-21T15:32:18.429417+00:00,1.0
2000-04-01,2000,2000-01,April,Bitumen,274.70103999999924,Thousand Metric Tonnes (TMT),PPAC,1777985064_PT_Consumption_English.xls,2000-01,18,2026-08-21T15:32:18.429417+00:00,1.0
2000-05-01,2000,2000-01,May,Bitumen,287.3998499999989,Thousand Metric Tonnes (TMT),PPAC,1777985064_PT_Consumption_English.xls,2000-01,18,2026-08-21T15:32:18.429417+00:00,1.0
2000-06-01,2000,2000-01,June,Bitumen,225.09249000000017,Thousand Metric Tonnes (TMT),PPAC,1777985064_PT_Consumption_English.xls,2000-01,18,2026-08-21T15:32:18.429417+00:00,1.0
2000-07-01,2000,2000-01,July,Bitumen,147.56767000000013,Thousand Metric Tonnes (TMT),PPAC,1777985064_PT_Consumption_English.xls,2000-01,18,2026-08-21T15:32:18.429417+00:00,1.0
2000-08-01,2000,2000-01,August,Bitumen,124.93205999999998,Thousand Metric Tonnes (TMT),PPAC,1777985064_PT_Consumption_English.xls,2000-01,18,2026-08-21T15:32:18.429417+00:00,1.0
2000-09-01,2000,2000-01,September,Bitumen,145.08174000000025,Thousand Metric Tonnes (TMT),PPAC,1777985064_PT_Consumption_English.xls,2000-01,18,2026-08-21T15:32:18.429417+00:00,1.0
2000-10-01,2000,2000-01,October,Bitumen,159.14666999999997,Thousand Metric Tonnes (TMT),PPAC,1777985064_PT_Consumption_English.xls,2000-01,18,2026-08-21T15:32:18.429417+00:00,1.0
2000-11-01,2000,2000-01,November,Bitumen,225.18218999999945,Thousand Metric Tonnes (TMT),PPAC,1777985064_PT_Consumption_English.xls,2000-01,18,2026-08-21T15:32:18.429417+00:00,1.0
2000-12-01,2000,2000-01,December,Bitumen,242.8938999999996,Thousand Metric Tonnes (TMT),PPAC,1777985064_PT_Consumption_English.xls,2000-01,18,2026-08-21T15:32:18.429417+00:00,1.0
2001-01-01,2001,2000-01,January,Bitumen,210.73044999999968,Thousand Metric Tonnes (TMT),PPAC,1777985064_PT_Consumption_English.xls,2000-01,18,2026-08-21T15:32:18.429417+00:00,1.0
2001-02-01,2001,2000-01,February,Bitumen,225.20449000000008,Thousand Metric Tonnes (TMT),PPAC,1777985064_PT_Consumption_English.xls,2000-01,18,2026-08-21T15:32:18.429417+00:00,1.0
2001-03-01,2001,2000-01,March,Bitumen,347.23884,Thousand Metric Tonnes (TMT),PPAC,1777985064_PT_Consumption_English.xls,2000-01,18,2026-08-21T15:32:18.429417+00:00,1.0
2000-04-01,2000,2000-01,April,Petroleum coke,34.32265,Thousand Metric Tonnes (TMT),PPAC,1777985064_PT_Consumption_English.xls,2000-01,19,2026-08-21T15:32:18.429417+00:00,1.0
2000-05-01,2000,2000-01,May,Petroleum coke,53.30489999999999,Thousand Metric Tonnes (TMT),PPAC,1777985064_PT_Consumption_English.xls,2000-01,19,2026-08-21T15:32:18.429417+00:00,1.0
2000-06-01,2000,2000-01,June,Petroleum coke,47.217459999999996,Thousand Metric Tonnes (TMT),PPAC,1777985064_PT_Consumption_English.xls,2000-01,19,2026-08-21T15:32:18.429417+00:00,1.0
2000-07-01,2000,2000-01,July,Petroleum coke,21.329140000000002,Thousand Metric Tonnes (TMT),PPAC,1777985064_PT_Consumption_English.xls,2000-01,19,2026-08-21T15:32:18.429417+00:00,1.0
2000-08-01,2000,2000-01,August,Petroleum coke,25.305340000000005,Thousand Metric Tonnes (TMT),PPAC,1777985064_PT_Consumption_English.xls,2000-01,19,2026-08-21T15:32:18.429417+00:00,1.0
2000-09-01,2000,2000-01,September,Petroleum coke,32.43771,Thousand Metric Tonnes (TMT),PPAC,1777985064_PT_Consumption_English.xls,2000-01,19,2026-08-21T15:32:18.429417+00:00,1.0
2000-10-01,2000,2000-01,October,Petroleum coke,17.16742,Thousand Metric Tonnes (TMT),PPAC,1777985064_PT_Consumption_English.xls,2000-01,19,2026-08-21T15:32:18.429417+00:00,1.0
2000-11-01,2000,2000-01,November,Petroleum coke,26.400219999999997,Thousand Metric Tonnes (TMT),PPAC,1777985064_PT_Consumption_English.xls,2000-01,19,2026-08-21T15:32:18.429417+00:00,1.0
2000-12-01,2000,2000-01,December,Petroleum coke,28.273170000000004,Thousand Metric Tonnes (TMT),PPAC,1777985064_PT_Consumption_English.xls,2000-01,19,2026-08-21T15:32:18.429417+00:00,1.0
2001-01-01,2001,2000-01,January,Petroleum coke,34.59471,Thousand Metric Tonnes (TMT),PPAC,1777985064_PT_Consumption_English.xls,2000-01,19,2026-08-21T15:32:18.429417+00:00,1.0
2001-02-01,2001,2000-01,February,Petroleum coke,38.75545999999999,Thousand Metric Tonnes (TMT),PPAC,1777985064_PT_Consumption_English.xls,2000-01,19,2026-08-21T15:32:18.429417+00:00,1.0
2001-03-01,2001,2000-01,March,Petroleum coke,54.84972,Thousand Metric Tonnes (TMT),PPAC,1777985064_PT_Consumption_English.xls,2000-01,19,2026-08-21T15:32:18.429417+00:00,1.0
2000-04-01,2000,2000-01,April,Others,91.99351999999985,Thousand Metric Tonnes (TMT),PPAC,1777985064_PT_Consumption_English.xls,2000-01,20,2026-08-21T15:32:18.429417+00:00,1.0
2000-05-01,2000,2000-01,May,Others,87.86764999999927,Thousand Metric Tonnes (TMT),PPAC,1777985064_PT_Consumption_English.xls,2000-01,20,2026-08-21T15:32:18.429417+00:00,1.0
2000-06-01,2000,2000-01,June,Others,100.01598999999982,Thousand Metric Tonnes (TMT),PPAC,1777985064_PT_Consumption_English.xls,2000-01,20,2026-08-21T15:32:18.429417+00:00,1.0
2000-07-01,2000,2000-01,July,Others,80.00157999999975,Thousand Metric Tonnes (TMT),PPAC,1777985064_PT_Consumption_English.xls,2000-01,20,2026-08-21T15:32:18.429417+00:00,1.0
2000-08-01,2000,2000-01,August,Others,98.34365000000064,Thousand Metric Tonnes (TMT),PPAC,1777985064_PT_Consumption_English.xls,2000-01,20,2026-08-21T15:32:18.429417+00:00,1.0
2000-09-01,2000,2000-01,September,Others,108.48359000000009,Thousand Metric Tonnes (TMT),PPAC,1777985064_PT_Consumption_English.xls,2000-01,20,2026-08-21T15:32:18.429417+00:00,1.0
2000-10-01,2000,2000-01,October,Others,102.30993999999987,Thousand Metric Tonnes (TMT),PPAC,1777985064_PT_Consumption_English.xls,2000-01,20,2026-08-21T15:32:18.429417+00:00,1.0
2000-11-01,2000,2000-01,November,Others,102.20298999999999,Thousand Metric Tonnes (TMT),PPAC,1777985064_PT_Consumption_English.xls,2000-01,20,2026-08-21T15:32:18.429417+00:00,1.0
2000-12-01,2000,2000-01,December,Others,104.54068000000015,Thousand Metric Tonnes (TMT),PPAC,1777985064_PT_Consumption_English.xls,2000-01,20,2026-08-21T15:32:18.429417+00:00,1.0
2001-01-01,2001,2000-01,January,Others,91.89820000000013,Thousand Metric Tonnes (TMT),PPAC,1777985064_PT_Consumption_English.xls,2000-01,20,2026-08-21T15:32:18.429417+00:00,1.0
2001-02-01,2001,2000-01,February,Others,96.16105000000042,Thousand Metric Tonnes (TMT),PPAC,1777985064_PT_Consumption_English.xls,2000-01,20,2026-08-21T15:32:18.429417+00:00,1.0
2001-03-01,2001,2000-01,March,Others,114.92101000000022,Thousand Metric Tonnes (TMT),PPAC,1777985064_PT_Consumption_English.xls,2000-01,20,2026-08-21T15:32:18.429417+00:00,1.0
2001-04-01,2001,2001-02,April,LPG,520.8435399999964,Thousand Metric Tonnes (TMT),PPAC,1777985064_PT_Consumption_English.xls,2001-02,9,2026-08-21T15:32:18.436161+00:00,1.0
2001-05-01,2001,2001-02,May,LPG,565.3514499999962,Thousand Metric Tonnes (TMT),PPAC,1777985064_PT_Consumption_English.xls,2001-02,9,2026-08-21T15:32:18.436161+00:00,1.0
2001-06-01,2001,2001-02,June,LPG,561.8203099999968,Thousand Metric Tonnes (TMT),PPAC,1777985064_PT_Consumption_English.xls,2001-02,9,2026-08-21T15:32:18.436161+00:00,1.0
2001-07-01,2001,2001-02,July,LPG,587.1246299999978,Thousand Metric Tonnes (TMT),PPAC,1777985064_PT_Consumption_English.xls,2001-02,9,2026-08-21T15:32:18.436161+00:00,1.0
2001-08-01,2001,2001-02,August,LPG,607.1000099999984,Thousand Metric Tonnes (TMT),PPAC,1777985064_PT_Consumption_English.xls,2001-02,9,2026-08-21T15:32:18.436161+00:00,1.0
2001-09-01,2001,2001-02,September,LPG,613.6368199999978,Thousand Metric Tonnes (TMT),PPAC,1777985064_PT_Consumption_English.xls,2001-02,9,2026-08-21T15:32:18.436161+00:00,1.0
2001-10-01,2001,2001-02,October,LPG,615.1208299999995,Thousand Metric Tonnes (TMT),PPAC,1777985064_PT_Consumption_English.xls,2001-02,9,2026-08-21T15:32:18.436161+00:00,1.0
2001-11-01,2001,2001-02,November,LPG,628.9903699999998,Thousand Metric Tonnes (TMT),PPAC,1777985064_PT_Consumption_English.xls,2001-02,9,2026-08-21T15:32:18.436161+00:00,1.0
2001-12-01,2001,2001-02,December,LPG,665.2179100000018,Thousand Metric Tonnes (TMT),PPAC,1777985064_PT_Consumption_English.xls,2001-02,9,2026-08-21T15:32:18.436161+00:00,1.0
2002-01-01,2002,2001-02,January,LPG,696.8786200000036,Thousand Metric Tonnes (TMT),PPAC,1777985064_PT_Consumption_English.xls,2001-02,9,2026-08-21T15:32:18.436161+00:00,1.0
2002-02-01,2002,2001-02,February,LPG,636.7364399999999,Thousand Metric Tonnes (TMT),PPAC,1777985064_PT_Consumption_English.xls,2001-02,9,2026-08-21T15:32:18.436161+00:00,1.0
2002-03-01,2002,2001-02,March,LPG,611.2491200000007,Thousand Metric Tonnes (TMT),PPAC,1777985064_PT_Consumption_English.xls,2001-02,9,2026-08-21T15:32:18.436161+00:00,1.0
2001-04-01,2001,2001-02,April,Naphtha,621.2767799999999,Thousand Metric Tonnes (TMT),PPAC,1777985064_PT_Consumption_English.xls,2001-02,10,2026-08-21T15:32:18.436161+00:00,1.0
2001-05-01,2001,2001-02,May,Naphtha,697.4956900000002,Thousand Metric Tonnes (TMT),PPAC,1777985064_PT_Consumption_English.xls,2001-02,10,2026-08-21T15:32:18.436161+00:00,1.0
2001-06-01,2001,2001-02,June,Naphtha,641.48487,Thousand Metric Tonnes (TMT),PPAC,1777985064_PT_Consumption_English.xls,2001-02,10,2026-08-21T15:32:18.436161+00:00,1.0
2001-07-01,2001,2001-02,July,Naphtha,677.2756799999999,Thousand Metric Tonnes (TMT),PPAC,1777985064_PT_Consumption_English.xls,2001-02,10,2026-08-21T15:32:18.436161+00:00,1.0
2001-08-01,2001,2001-02,August,Naphtha,731.60488,Thousand Metric Tonnes (TMT),PPAC,1777985064_PT_Consumption_English.xls,2001-02,10,2026-08-21T15:32:18.436161+00:00,1.0
2001-09-01,2001,2001-02,September,Naphtha,800.6628599999997,Thousand Metric Tonnes (TMT),PPAC,1777985064_PT_Consumption_English.xls,2001-02,10,2026-08-21T15:32:18.436161+00:00,1.0
2001-10-01,2001,2001-02,October,Naphtha,651.5204999999997,Thousand Metric Tonnes (TMT),PPAC,1777985064_PT_Consumption_English.xls,2001-02,10,2026-08-21T15:32:18.436161+00:00,1.0
2001-11-01,2001,2001-02,November,Naphtha,641.80541,Thousand Metric Tonnes (TMT),PPAC,1777985064_PT_Consumption_English.xls,2001-02,10,2026-08-21T15:32:18.436161+00:00,1.0
2001-12-01,2001,2001-02,December,Naphtha,746.75867,Thousand Metric Tonnes (TMT),PPAC,1777985064_PT_Consumption_English.xls,2001-02,10,2026-08-21T15:32:18.436161+00:00,1.0
2002-01-01,2002,2001-02,January,Naphtha,694.0129399999998,Thousand Metric Tonnes (TMT),PPAC,1777985064_PT_Consumption_English.xls,2001-02,10,2026-08-21T15:32:18.436161+00:00,1.0
2002-02-01,2002,2001-02,February,Naphtha,599.4207299999997,Thousand Metric Tonnes (TMT),PPAC,1777985064_PT_Consumption_English.xls,2001-02,10,2026-08-21T15:32:18.436161+00:00,1.0
2002-03-01,2002,2001-02,March,Naphtha,651.6613400000002,Thousand Metric Tonnes (TMT),PPAC,1777985064_PT_Consumption_English.xls,2001-02,10,2026-08-21T15:32:18.436161+00:00,1.0
2001-04-01,2001,2001-02,April,MS,553.305410000007,Thousand Metric Tonnes (TMT),PPAC,1777985064_PT_Consumption_English.xls,2001-02,11,2026-08-21T15:32:18.436161+00:00,1.0
2001-05-01,2001,2001-02,May,MS,622.5504700000122,Thousand Metric Tonnes (TMT),PPAC,1777985064_PT_Consumption_English.xls,2001-02,11,2026-08-21T15:32:18.436161+00:00,1.0
2001-06-01,2001,2001-02,June,MS,585.7024600000057,Thousand Metric Tonnes (TMT),PPAC,1777985064_PT_Consumption_English.xls,2001-02,11,2026-08-21T15:32:18.436161+00:00,1.0
2001-07-01,2001,2001-02,July,MS,562.1558300000106,Thousand Metric Tonnes (TMT),PPAC,1777985064_PT_Consumption_English.xls,2001-02,11,2026-08-21T15:32:18.436161+00:00,1.0
2001-08-01,2001,2001-02,August,MS,583.9499800000133,Thousand Metric Tonnes (TMT),PPAC,1777985064_PT_Consumption_English.xls,2001-02,11,2026-08-21T15:32:18.436161+00:00,1.0
2001-09-01,2001,2001-02,September,MS,565.6633100000114,Thousand Metric Tonnes (TMT),PPAC,1777985064_PT_Consumption_English.xls,2001-02,11,2026-08-21T15:32:18.436161+00:00,1.0
2001-10-01,2001,2001-02,October,MS,582.2236300000129,Thousand Metric Tonnes (TMT),PPAC,1777985064_PT_Consumption_English.xls,2001-02,11,2026-08-21T15:32:18.436161+00:00,1.0
2001-11-01,2001,2001-02,November,MS,587.9005400000134,Thousand Metric Tonnes (TMT),PPAC,1777985064_PT_Consumption_English.xls,2001-02,11,2026-08-21T15:32:18.436161+00:00,1.0
2001-12-01,2001,2001-02,December,MS,599.1298100000147,Thousand Metric Tonnes (TMT),PPAC,1777985064_PT_Consumption_English.xls,2001-02,11,2026-08-21T15:32:18.436161+00:00,1.0
2002-01-01,2002,2001-02,January,MS,580.8471400000112,Thousand Metric Tonnes (TMT),PPAC,1777985064_PT_Consumption_English.xls,2001-02,11,2026-08-21T15:32:18.436161+00:00,1.0
2002-02-01,2002,2001-02,February,MS,544.763280000009,Thousand Metric Tonnes (TMT),PPAC,1777985064_PT_Consumption_English.xls,2001-02,11,2026-08-21T15:32:18.436161+00:00,1.0
2002-03-01,2002,2001-02,March,MS,642.8427400000129,Thousand Metric Tonnes (TMT),PPAC,1777985064_PT_Consumption_English.xls,2001-02,11,2026-08-21T15:32:18.436161+00:00,1.0
2001-04-01,2001,2001-02,April,ATF,188.80113999999995,Thousand Metric Tonnes (TMT),PPAC,1777985064_PT_Consumption_English.xls,2001-02,12,2026-08-21T15:32:18.436161+00:00,1.0
2001-05-01,2001,2001-02,May,ATF,192.19362999999996,Thousand Metric Tonnes (TMT),PPAC,1777985064_PT_Consumption_English.xls,2001-02,12,2026-08-21T15:32:18.436161+00:00,1.0
2001-06-01,2001,2001-02,June,ATF,182.29651000000007,Thousand Metric Tonnes (TMT),PPAC,1777985064_PT_Consumption_English.xls,2001-02,12,2026-08-21T15:32:18.436161+00:00,1.0
2001-07-01,2001,2001-02,July,ATF,186.15188,Thousand Metric Tonnes (TMT),PPAC,1777985064_PT_Consumption_English.xls,2001-02,12,2026-08-21T15:32:18.436161+00:00,1.0
2001-08-01,2001,2001-02,August,ATF,189.27516999999997,Thousand Metric Tonnes (TMT),PPAC,1777985064_PT_Consumption_English.xls,2001-02,12,2026-08-21T15:32:18.436161+00:00,1.0
2001-09-01,2001,2001-02,September,ATF,184.26841000000022,Thousand Metric Tonnes (TMT),PPAC,1777985064_PT_Consumption_English.xls,2001-02,12,2026-08-21T15:32:18.436161+00:00,1.0
2001-10-01,2001,2001-02,October,ATF,178.99429000000012,Thousand Metric Tonnes (TMT),PPAC,1777985064_PT_Consumption_English.xls,2001-02,12,2026-08-21T15:32:18.436161+00:00,1.0
2001-11-01,2001,2001-02,November,ATF,186.37574000000015,Thousand Metric Tonnes (TMT),PPAC,1777985064_PT_Consumption_English.xls,2001-02,12,2026-08-21T15:32:18.436161+00:00,1.0
2001-12-01,2001,2001-02,December,ATF,191.26087,Thousand Metric Tonnes (TMT),PPAC,1777985064_PT_Consumption_English.xls,2001-02,12,2026-08-21T15:32:18.436161+00:00,1.0
2002-01-01,2002,2001-02,January,ATF,196.05532000000008,Thousand Metric Tonnes (TMT),PPAC,1777985064_PT_Consumption_English.xls,2001-02,12,2026-08-21T15:32:18.436161+00:00,1.0
2002-02-01,2002,2001-02,February,ATF,183.47224000000026,Thousand Metric Tonnes (TMT),PPAC,1777985064_PT_Consumption_English.xls,2001-02,12,2026-08-21T15:32:18.436161+00:00,1.0
2002-03-01,2002,2001-02,March,ATF,205.86159000000004,Thousand Metric Tonnes (TMT),PPAC,1777985064_PT_Consumption_English.xls,2001-02,12,2026-08-21T15:32:18.436161+00:00,1.0
2001-04-01,2001,2001-02,April,SKO,847.3800599999959,Thousand Metric Tonnes (TMT),PPAC,1777985064_PT_Consumption_English.xls,2001-02,13,2026-08-21T15:32:18.436161+00:00,1.0
2001-05-01,2001,2001-02,May,SKO,845.3559699999987,Thousand Metric Tonnes (TMT),PPAC,1777985064_PT_Consumption_English.xls,2001-02,13,2026-08-21T15:32:18.436161+00:00,1.0
2001-06-01,2001,2001-02,June,SKO,846.5257700000009,Thousand Metric Tonnes (TMT),PPAC,1777985064_PT_Consumption_English.xls,2001-02,13,2026-08-21T15:32:18.436161+00:00,1.0
2001-07-01,2001,2001-02,July,SKO,842.7960099999996,Thousand Metric Tonnes (TMT),PPAC,1777985064_PT_Consumption_English.xls,2001-02,13,2026-08-21T15:32:18.436161+00:00,1.0
2001-08-01,2001,2001-02,August,SKO,841.0318400000016,Thousand Metric Tonnes (TMT),PPAC,1777985064_PT_Consumption_English.xls,2001-02,13,2026-08-21T15:32:18.436161+00:00,1.0
2001-09-01,2001,2001-02,September,SKO,843.5228199999984,Thousand Metric Tonnes (TMT),PPAC,1777985064_PT_Consumption_English.xls,2001-02,13,2026-08-21T15:32:18.436161+00:00,1.0
2001-10-01,2001,2001-02,October,SKO,840.4632999999957,Thousand Metric Tonnes (TMT),PPAC,1777985064_PT_Consumption_English.xls,2001-02,13,2026-08-21T15:32:18.436161+00:00,1.0
2001-11-01,2001,2001-02,November,SKO,840.1331399999954,Thousand Metric Tonnes (TMT),PPAC,1777985064_PT_Consumption_English.xls,2001-02,13,2026-08-21T15:32:18.436161+00:00,1.0
2001-12-01,2001,2001-02,December,SKO,844.1902300000002,Thousand Metric Tonnes (TMT),PPAC,1777985064_PT_Consumption_English.xls,2001-02,13,2026-08-21T15:32:18.436161+00:00,1.0
2002-01-01,2002,2001-02,January,SKO,842.8026699999957,Thousand Metric Tonnes (TMT),PPAC,1777985064_PT_Consumption_English.xls,2001-02,13,2026-08-21T15:32:18.436161+00:00,1.0
2002-02-01,2002,2001-02,February,SKO,845.2870599999947,Thousand Metric Tonnes (TMT),PPAC,1777985064_PT_Consumption_English.xls,2001-02,13,2026-08-21T15:32:18.436161+00:00,1.0
2002-03-01,2002,2001-02,March,SKO,834.0665099999972,Thousand Metric Tonnes (TMT),PPAC,1777985064_PT_Consumption_English.xls,2001-02,13,2026-08-21T15:32:18.436161+00:00,1.0
2001-04-01,2001,2001-02,April,HSD,3169.5743699999916,Thousand Metric Tonnes (TMT),PPAC,1777985064_PT_Consumption_English.xls,2001-02,14,2026-08-21T15:32:18.436161+00:00,1.0
2001-05-01,2001,2001-02,May,HSD,3383.535910000019,Thousand Metric Tonnes (TMT),PPAC,1777985064_PT_Consumption_English.xls,2001-02,14,2026-08-21T15:32:18.436161+00:00,1.0
2001-06-01,2001,2001-02,June,HSD,3208.4503199999835,Thousand Metric Tonnes (TMT),PPAC,1777985064_PT_Consumption_English.xls,2001-02,14,2026-08-21T15:32:18.436161+00:00,1.0
2001-07-01,2001,2001-02,July,HSD,2817.19079999998,Thousand Metric Tonnes (TMT),PPAC,1777985064_PT_Consumption_English.xls,2001-02,14,2026-08-21T15:32:18.436161+00:00,1.0
2001-08-01,2001,2001-02,August,HSD,2703.4207699999747,Thousand Metric Tonnes (TMT),PPAC,1777985064_PT_Consumption_English.xls,2001-02,14,2026-08-21T15:32:18.436161+00:00,1.0
2001-09-01,2001,2001-02,September,HSD,2931.790300000003,Thousand Metric Tonnes (TMT),PPAC,1777985064_PT_Consumption_English.xls,2001-02,14,2026-08-21T15:32:18.436161+00:00,1.0
2001-10-01,2001,2001-02,October,HSD,3018.9056899999932,Thousand Metric Tonnes (TMT),PPAC,1777985064_PT_Consumption_English.xls,2001-02,14,2026-08-21T15:32:18.436161+00:00,1.0
2001-11-01,2001,2001-02,November,HSD,3123.1591099999973,Thousand Metric Tonnes (TMT),PPAC,1777985064_PT_Consumption_English.xls,2001-02,14,2026-08-21T15:32:18.436161+00:00,1.0
2001-12-01,2001,2001-02,December,HSD,3182.764550000013,Thousand Metric Tonnes (TMT),PPAC,1777985064_PT_Consumption_English.xls,2001-02,14,2026-08-21T15:32:18.436161+00:00,1.0
2002-01-01,2002,2001-02,January,HSD,3020.532100000009,Thousand Metric Tonnes (TMT),PPAC,1777985064_PT_Consumption_English.xls,2001-02,14,2026-08-21T15:32:18.436161+00:00,1.0
2002-02-01,2002,2001-02,February,HSD,2730.419579999971,Thousand Metric Tonnes (TMT),PPAC,1777985064_PT_Consumption_English.xls,2001-02,14,2026-08-21T15:32:18.436161+00:00,1.0
2002-03-01,2002,2001-02,March,HSD,3225.1969200000026,Thousand Metric Tonnes (TMT),PPAC,1777985064_PT_Consumption_English.xls,2001-02,14,2026-08-21T15:32:18.436161+00:00,1.0
2001-04-01,2001,2001-02,April,LDO,97.05947999999978,Thousand Metric Tonnes (TMT),PPAC,1777985064_PT_Consumption_English.xls,2001-02,15,2026-08-21T15:32:18.436161+00:00,1.0
2001-05-01,2001,2001-02,May,LDO,100.45465000000013,Thousand Metric Tonnes (TMT),PPAC,1777985064_PT_Consumption_English.xls,2001-02,15,2026-08-21T15:32:18.436161+00:00,1.0
2001-06-01,2001,2001-02,June,LDO,104.81813999999957,Thousand Metric Tonnes (TMT),PPAC,1777985064_PT_Consumption_English.xls,2001-02,15,2026-08-21T15:32:18.436161+00:00,1.0
2001-07-01,2001,2001-02,July,LDO,101.60906999999938,Thousand Metric Tonnes (TMT),PPAC,1777985064_PT_Consumption_English.xls,2001-02,15,2026-08-21T15:32:18.436161+00:00,1.0
2001-08-01,2001,2001-02,August,LDO,106.40739999999951,Thousand Metric Tonnes (TMT),PPAC,1777985064_PT_Consumption_English.xls,2001-02,15,2026-08-21T15:32:18.436161+00:00,1.0
2001-09-01,2001,2001-02,September,LDO,104.42629999999947,Thousand Metric Tonnes (TMT),PPAC,1777985064_PT_Consumption_English.xls,2001-02,15,2026-08-21T15:32:18.436161+00:00,1.0
2001-10-01,2001,2001-02,October,LDO,95.37849999999945,Thousand Metric Tonnes (TMT),PPAC,1777985064_PT_Consumption_English.xls,2001-02,15,2026-08-21T15:32:18.436161+00:00,1.0
2001-11-01,2001,2001-02,November,LDO,98.14234999999954,Thousand Metric Tonnes (TMT),PPAC,1777985064_PT_Consumption_English.xls,2001-02,15,2026-08-21T15:32:18.436161+00:00,1.0
2001-12-01,2001,2001-02,December,LDO,103.24980000000012,Thousand Metric Tonnes (TMT),PPAC,1777985064_PT_Consumption_English.xls,2001-02,15,2026-08-21T15:32:18.436161+00:00,1.0
2002-01-01,2002,2001-02,January,LDO,101.43797999999983,Thousand Metric Tonnes (TMT),PPAC,1777985064_PT_Consumption_English.xls,2001-02,15,2026-08-21T15:32:18.436161+00:00,1.0
2002-02-01,2002,2001-02,February,LDO,85.17394999999979,Thousand Metric Tonnes (TMT),PPAC,1777985064_PT_Consumption_English.xls,2001-02,15,2026-08-21T15:32:18.436161+00:00,1.0
2002-03-01,2002,2001-02,March,LDO,104.20656999999977,Thousand Metric Tonnes (TMT),PPAC,1777985064_PT_Consumption_English.xls,2001-02,15,2026-08-21T15:32:18.436161+00:00,1.0
2001-04-01,2001,2001-02,April,Lubricants & Greases,40.22676000001775,Thousand Metric Tonnes (TMT),PPAC,1777985064_PT_Consumption_English.xls,2001-02,16,2026-08-21T15:32:18.436161+00:00,1.0
2001-05-01,2001,2001-02,May,Lubricants & Greases,59.343629999983875,Thousand Metric Tonnes (TMT),PPAC,1777985064_PT_Consumption_English.xls,2001-02,16,2026-08-21T15:32:18.436161+00:00,1.0
2001-06-01,2001,2001-02,June,Lubricants & Greases,65.26440000002194,Thousand Metric Tonnes (TMT),PPAC,1777985064_PT_Consumption_English.xls,2001-02,16,2026-08-21T15:32:18.436161+00:00,1.0
2001-07-01,2001,2001-02,July,Lubricants & Greases,64.08590999998762,Thousand Metric Tonnes (TMT),PPAC,1777985064_PT_Consumption_English.xls,2001-02,16,2026-08-21T15:32:18.436161+00:00,1.0
2001-08-01,2001,2001-02,August,Lubricants & Greases,59.78830000000607,Thousand Metric Tonnes (TMT),PPAC,1777985064_PT_Consumption_English.xls,2001-02,16,2026-08-21T15:32:18.436161+00:00,1.0
2001-09-01,2001,2001-02,September,Lubricants & Greases,72.0745600000159,Thousand Metric Tonnes (TMT),PPAC,1777985064_PT_Consumption_English.xls,2001-02,16,2026-08-21T15:32:18.436161+00:00,1.0
2001-10-01,2001,2001-02,October,Lubricants & Greases,60.95086000000764,Thousand Metric Tonnes (TMT),PPAC,1777985064_PT_Consumption_English.xls,2001-02,16,2026-08-21T15:32:18.436161+00:00,1.0
2001-11-01,2001,2001-02,November,Lubricants & Greases,59.92472000001055,Thousand Metric Tonnes (TMT),PPAC,1777985064_PT_Consumption_English.xls,2001-02,16,2026-08-21T15:32:18.436161+00:00,1.0
2001-12-01,2001,2001-02,December,Lubricants & Greases,67.42181000001004,Thousand Metric Tonnes (TMT),PPAC,1777985064_PT_Consumption_English.xls,2001-02,16,2026-08-21T15:32:18.436161+00:00,1.0
2002-01-01,2002,2001-02,January,Lubricants & Greases,70.45177000001387,Thousand Metric Tonnes (TMT),PPAC,1777985064_PT_Consumption_English.xls,2001-02,16,2026-08-21T15:32:18.436161+00:00,1.0
2002-02-01,2002,2001-02,February,Lubricants & Greases,67.67647000000363,Thousand Metric Tonnes (TMT),PPAC,1777985064_PT_Consumption_English.xls,2001-02,16,2026-08-21T15:32:18.436161+00:00,1.0
2002-03-01,2002,2001-02,March,Lubricants & Greases,132.050510000027,Thousand Metric Tonnes (TMT),PPAC,1777985064_PT_Consumption_English.xls,2001-02,16,2026-08-21T15:32:18.436161+00:00,1.0
2001-04-01,2001,2001-02,April,FO & LSHS,912.0626699999991,Thousand Metric Tonnes (TMT),PPAC,1777985064_PT_Consumption_English.xls,2001-02,17,2026-08-21T15:32:18.436161+00:00,1.0
2001-05-01,2001,2001-02,May,FO & LSHS,974.8908799999921,Thousand Metric Tonnes (TMT),PPAC,1777985064_PT_Consumption_English.xls,2001-02,17,2026-08-21T15:32:18.436161+00:00,1.0
2001-06-01,2001,2001-02,June,FO & LSHS,945.55626,Thousand Metric Tonnes (TMT),PPAC,1777985064_PT_Consumption_English.xls,2001-02,17,2026-08-21T15:32:18.436161+00:00,1.0
2001-07-01,2001,2001-02,July,FO & LSHS,993.5534199999933,Thousand Metric Tonnes (TMT),PPAC,1777985064_PT_Consumption_English.xls,2001-02,17,2026-08-21T15:32:18.436161+00:00,1.0
2001-08-01,2001,2001-02,August,FO & LSHS,997.1941399999947,Thousand Metric Tonnes (TMT),PPAC,1777985064_PT_Consumption_English.xls,2001-02,17,2026-08-21T15:32:18.436161+00:00,1.0
2001-09-01,2001,2001-02,September,FO & LSHS,1024.1498199999878,Thousand Metric Tonnes (TMT),PPAC,1777985064_PT_Consumption_English.xls,2001-02,17,2026-08-21T15:32:18.436161+00:00,1.0
2001-10-01,2001,2001-02,October,FO & LSHS,897.2125599999952,Thousand Metric Tonnes (TMT),PPAC,1777985064_PT_Consumption_English.xls,2001-02,17,2026-08-21T15:32:18.436161+00:00,1.0
2001-11-01,2001,2001-02,November,FO & LSHS,947.6850599999988,Thousand Metric Tonnes (TMT),PPAC,1777985064_PT_Consumption_English.xls,2001-02,17,2026-08-21T15:32:18.436161+00:00,1.0
2001-12-01,2001,2001-02,December,FO & LSHS,1009.3762899999991,Thousand Metric Tonnes (TMT),PPAC,1777985064_PT_Consumption_English.xls,2001-02,17,2026-08-21T15:32:18.436161+00:00,1.0
2002-01-01,2002,2001-02,January,FO & LSHS,1016.844579999994,Thousand Metric Tonnes (TMT),PPAC,1777985064_PT_Consumption_English.xls,2001-02,17,2026-08-21T15:32:18.436161+00:00,1.0
2002-02-01,2002,2001-02,February,FO & LSHS,882.5773199999951,Thousand Metric Tonnes (TMT),PPAC,1777985064_PT_Consumption_English.xls,2001-02,17,2026-08-21T15:32:18.436161+00:00,1.0
2002-03-01,2002,2001-02,March,FO & LSHS,1015.1966699999997,Thousand Metric Tonnes (TMT),PPAC,1777985064_PT_Consumption_English.xls,2001-02,17,2026-08-21T15:32:18.436161+00:00,1.0
2001-04-01,2001,2001-02,April,Bitumen,243.7852199999999,Thousand Metric Tonnes (TMT),PPAC,1777985064_PT_Consumption_English.xls,2001-02,18,2026-08-21T15:32:18.436161+00:00,1.0
2001-05-01,2001,2001-02,May,Bitumen,280.38156000000004,Thousand Metric Tonnes (TMT),PPAC,1777985064_PT_Consumption_English.xls,2001-02,18,2026-08-21T15:32:18.436161+00:00,1.0
2001-06-01,2001,2001-02,June,Bitumen,189.38396999999964,Thousand Metric Tonnes (TMT),PPAC,1777985064_PT_Consumption_English.xls,2001-02,18,2026-08-21T15:32:18.436161+00:00,1.0
2001-07-01,2001,2001-02,July,Bitumen,95.33154000000019,Thousand Metric Tonnes (TMT),PPAC,1777985064_PT_Consumption_English.xls,2001-02,18,2026-08-21T15:32:18.436161+00:00,1.0
2001-08-01,2001,2001-02,August,Bitumen,92.06951999999997,Thousand Metric Tonnes (TMT),PPAC,1777985064_PT_Consumption_English.xls,2001-02,18,2026-08-21T15:32:18.436161+00:00,1.0
2001-09-01,2001,2001-02,September,Bitumen,137.84221000000042,Thousand Metric Tonnes (TMT),PPAC,1777985064_PT_Consumption_English.xls,2001-02,18,2026-08-21T15:32:18.436161+00:00,1.0
2001-10-01,2001,2001-02,October,Bitumen,175.35699000000025,Thousand Metric Tonnes (TMT),PPAC,1777985064_PT_Consumption_English.xls,2001-02,18,2026-08-21T15:32:18.436161+00:00,1.0
2001-11-01,2001,2001-02,November,Bitumen,189.25343999999998,Thousand Metric Tonnes (TMT),PPAC,1777985064_PT_Consumption_English.xls,2001-02,18,2026-08-21T15:32:18.436161+00:00,1.0
2001-12-01,2001,2001-02,December,Bitumen,219.7295099999998,Thousand Metric Tonnes (TMT),PPAC,1777985064_PT_Consumption_English.xls,2001-02,18,2026-08-21T15:32:18.436161+00:00,1.0
2002-01-01,2002,2001-02,January,Bitumen,220.93407000000013,Thousand Metric Tonnes (TMT),PPAC,1777985064_PT_Consumption_English.xls,2001-02,18,2026-08-21T15:32:18.436161+00:00,1.0
2002-02-01,2002,2001-02,February,Bitumen,241.95164000000037,Thousand Metric Tonnes (TMT),PPAC,1777985064_PT_Consumption_English.xls,2001-02,18,2026-08-21T15:32:18.436161+00:00,1.0
2002-03-01,2002,2001-02,March,Bitumen,340.4119999999995,Thousand Metric Tonnes (TMT),PPAC,1777985064_PT_Consumption_English.xls,2001-02,18,2026-08-21T15:32:18.436161+00:00,1.0
2001-04-01,2001,2001-02,April,Petroleum coke,25.135289999999998,Thousand Metric Tonnes (TMT),PPAC,1777985064_PT_Consumption_English.xls,2001-02,19,2026-08-21T15:32:18.436161+00:00,1.0
2001-05-01,2001,2001-02,May,Petroleum coke,31.933519999999998,Thousand Metric Tonnes (TMT),PPAC,1777985064_PT_Consumption_English.xls,2001-02,19,2026-08-21T15:32:18.436161+00:00,1.0
2001-06-01,2001,2001-02,June,Petroleum coke,39.141569999999994,Thousand Metric Tonnes (TMT),PPAC,1777985064_PT_Consumption_English.xls,2001-02,19,2026-08-21T15:32:18.436161+00:00,1.0
2001-07-01,2001,2001-02,July,Petroleum coke,27.258350000000004,Thousand Metric Tonnes (TMT),PPAC,1777985064_PT_Consumption_English.xls,2001-02,19,2026-08-21T15:32:18.436161+00:00,1.0
2001-08-01,2001,2001-02,August,Petroleum coke,13.585349999999996,Thousand Metric Tonnes (TMT),PPAC,1777985064_PT_Consumption_English.xls,2001-02,19,2026-08-21T15:32:18.436161+00:00,1.0
2001-09-01,2001,2001-02,September,Petroleum coke,32.55532,Thousand Metric Tonnes (TMT),PPAC,1777985064_PT_Consumption_English.xls,2001-02,19,2026-08-21T15:32:18.436161+00:00,1.0
2001-10-01,2001,2001-02,October,Petroleum coke,40.66886999999999,Thousand Metric Tonnes (TMT),PPAC,1777985064_PT_Consumption_English.xls,2001-02,19,2026-08-21T15:32:18.436161+00:00,1.0
2001-11-01,2001,2001-02,November,Petroleum coke,37.0773,Thousand Metric Tonnes (TMT),PPAC,1777985064_PT_Consumption_English.xls,2001-02,19,2026-08-21T15:32:18.436161+00:00,1.0
2001-12-01,2001,2001-02,December,Petroleum coke,33.58511,Thousand Metric Tonnes (TMT),PPAC,1777985064_PT_Consumption_English.xls,2001-02,19,2026-08-21T15:32:18.436161+00:00,1.0
2002-01-01,2002,2001-02,January,Petroleum coke,29.959199999999996,Thousand Metric Tonnes (TMT),PPAC,1777985064_PT_Consumption_English.xls,2001-02,19,2026-08-21T15:32:18.436161+00:00,1.0
2002-02-01,2002,2001-02,February,Petroleum coke,23.932990000000004,Thousand Metric Tonnes (TMT),PPAC,1777985064_PT_Consumption_English.xls,2001-02,19,2026-08-21T15:32:18.436161+00:00,1.0
2002-03-01,2002,2001-02,March,Petroleum coke,32.025890000000004,Thousand Metric Tonnes (TMT),PPAC,1777985064_PT_Consumption_English.xls,2001-02,19,2026-08-21T15:32:18.436161+00:00,1.0
2001-04-01,2001,2001-02,April,Others,106.00218000000025,Thousand Metric Tonnes (TMT),PPAC,1777985064_PT_Consumption_English.xls,2001-02,20,2026-08-21T15:32:18.436161+00:00,1.0
2001-05-01,2001,2001-02,May,Others,89.63538000000014,Thousand Metric Tonnes (TMT),PPAC,1777985064_PT_Consumption_English.xls,2001-02,20,2026-08-21T15:32:18.436161+00:00,1.0
2001-06-01,2001,2001-02,June,Others,100.85889000000007,Thousand Metric Tonnes (TMT),PPAC,1777985064_PT_Consumption_English.xls,2001-02,20,2026-08-21T15:32:18.436161+00:00,1.0
2001-07-01,2001,2001-02,July,Others,94.16451999999981,Thousand Metric Tonnes (TMT),PPAC,1777985064_PT_Consumption_English.xls,2001-02,20,2026-08-21T15:32:18.436161+00:00,1.0
2001-08-01,2001,2001-02,August,Others,133.52552999999983,Thousand Metric Tonnes (TMT),PPAC,1777985064_PT_Consumption_English.xls,2001-02,20,2026-08-21T15:32:18.436161+00:00,1.0
2001-09-01,2001,2001-02,September,Others,108.07580000000019,Thousand Metric Tonnes (TMT),PPAC,1777985064_PT_Consumption_English.xls,2001-02,20,2026-08-21T15:32:18.436161+00:00,1.0
2001-10-01,2001,2001-02,October,Others,118.47599999999989,Thousand Metric Tonnes (TMT),PPAC,1777985064_PT_Consumption_English.xls,2001-02,20,2026-08-21T15:32:18.436161+00:00,1.0
2001-11-01,2001,2001-02,November,Others,81.06434999999983,Thousand Metric Tonnes (TMT),PPAC,1777985064_PT_Consumption_English.xls,2001-02,20,2026-08-21T15:32:18.436161+00:00,1.0
2001-12-01,2001,2001-02,December,Others,100.78352999999986,Thousand Metric Tonnes (TMT),PPAC,1777985064_PT_Consumption_English.xls,2001-02,20,2026-08-21T15:32:18.436161+00:00,1.0
2002-01-01,2002,2001-02,January,Others,121.30984999999998,Thousand Metric Tonnes (TMT),PPAC,1777985064_PT_Consumption_English.xls,2001-02,20,2026-08-21T15:32:18.436161+00:00,1.0
2002-02-01,2002,2001-02,February,Others,105.48387999999971,Thousand Metric Tonnes (TMT),PPAC,1777985064_PT_Consumption_English.xls,2001-02,20,2026-08-21T15:32:18.436161+00:00,1.0
2002-03-01,2002,2001-02,March,Others,94.51466000000019,Thousand Metric Tonnes (TMT),PPAC,1777985064_PT_Consumption_English.xls,2001-02,20,2026-08-21T15:32:18.436161+00:00,1.0
2002-04-01,2002,2002-03,April,LPG,593.0124500000005,Thousand Metric Tonnes (TMT),PPAC,1777985064_PT_Consumption_English.xls,2002-03,9,2026-08-21T15:32:18.444195+00:00,1.0
2002-05-01,2002,2002-03,May,LPG,608.9893499999997,Thousand Metric Tonnes (TMT),PPAC,1777985064_PT_Consumption_English.xls,2002-03,9,2026-08-21T15:32:18.444195+00:00,1.0
2002-06-01,2002,2002-03,June,LPG,598.13241,Thousand Metric Tonnes (TMT),PPAC,1777985064_PT_Consumption_English.xls,2002-03,9,2026-08-21T15:32:18.444195+00:00,1.0
2002-07-01,2002,2002-03,July,LPG,650.1539100000005,Thousand Metric Tonnes (TMT),PPAC,1777985064_PT_Consumption_English.xls,2002-03,9,2026-08-21T15:32:18.444195+00:00,1.0
2002-08-01,2002,2002-03,August,LPG,669.3796399999991,Thousand Metric Tonnes (TMT),PPAC,1777985064_PT_Consumption_English.xls,2002-03,9,2026-08-21T15:32:18.444195+00:00,1.0
2002-09-01,2002,2002-03,September,LPG,653.0233500000021,Thousand Metric Tonnes (TMT),PPAC,1777985064_PT_Consumption_English.xls,2002-03,9,2026-08-21T15:32:18.444195+00:00,1.0
2002-10-01,2002,2002-03,October,LPG,717.2353899999993,Thousand Metric Tonnes (TMT),PPAC,1777985064_PT_Consumption_English.xls,2002-03,9,2026-08-21T15:32:18.444195+00:00,1.0
2002-11-01,2002,2002-03,November,LPG,701.8531999999987,Thousand Metric Tonnes (TMT),PPAC,1777985064_PT_Consumption_English.xls,2002-03,9,2026-08-21T15:32:18.444195+00:00,1.0
2002-12-01,2002,2002-03,December,LPG,711.9254999999947,Thousand Metric Tonnes (TMT),PPAC,1777985064_PT_Consumption_English.xls,2002-03,9,2026-08-21T15:32:18.444195+00:00,1.0
2003-01-01,2003,2002-03,January,LPG,790.4327000000044,Thousand Metric Tonnes (TMT),PPAC,1777985064_PT_Consumption_English.xls,2002-03,9,2026-08-21T15:32:18.444195+00:00,1.0
2003-02-01,2003,2002-03,February,LPG,734.6144200000009,Thousand Metric Tonnes (TMT),PPAC,1777985064_PT_Consumption_English.xls,2002-03,9,2026-08-21T15:32:18.444195+00:00,1.0
2003-03-01,2003,2002-03,March,LPG,713.8358199999976,Thousand Metric Tonnes (TMT),PPAC,1777985064_PT_Consumption_English.xls,2002-03,9,2026-08-21T15:32:18.444195+00:00,1.0
2002-04-01,2002,2002-03,April,Naphtha,541.9647699999999,Thousand Metric Tonnes (TMT),PPAC,1777985064_PT_Consumption_English.xls,2002-03,10,2026-08-21T15:32:18.444195+00:00,1.0
2002-05-01,2002,2002-03,May,Naphtha,582.76323,Thousand Metric Tonnes (TMT),PPAC,1777985064_PT_Consumption_English.xls,2002-03,10,2026-08-21T15:32:18.444195+00:00,1.0
2002-06-01,2002,2002-03,June,Naphtha,579.6369899999999,Thousand Metric Tonnes (TMT),PPAC,1777985064_PT_Consumption_English.xls,2002-03,10,2026-08-21T15:32:18.444195+00:00,1.0
2002-07-01,2002,2002-03,July,Naphtha,702.1300699999999,Thousand Metric Tonnes (TMT),PPAC,1777985064_PT_Consumption_English.xls,2002-03,10,2026-08-21T15:32:18.444195+00:00,1.0
2002-08-01,2002,2002-03,August,Naphtha,568.30341,Thousand Metric Tonnes (TMT),PPAC,1777985064_PT_Consumption_English.xls,2002-03,10,2026-08-21T15:32:18.444195+00:00,1.0
2002-09-01,2002,2002-03,September,Naphtha,621.5803900000002,Thousand Metric Tonnes (TMT),PPAC,1777985064_PT_Consumption_English.xls,2002-03,10,2026-08-21T15:32:18.444195+00:00,1.0
2002-10-01,2002,2002-03,October,Naphtha,639.3848700000001,Thousand Metric Tonnes (TMT),PPAC,1777985064_PT_Consumption_English.xls,2002-03,10,2026-08-21T15:32:18.444195+00:00,1.0
2002-11-01,2002,2002-03,November,Naphtha,661.3155900000003,Thousand Metric Tonnes (TMT),PPAC,1777985064_PT_Consumption_English.xls,2002-03,10,2026-08-21T15:32:18.444195+00:00,1.0
2002-12-01,2002,2002-03,December,Naphtha,659.7367900000004,Thousand Metric Tonnes (TMT),PPAC,1777985064_PT_Consumption_English.xls,2002-03,10,2026-08-21T15:32:18.444195+00:00,1.0
2003-01-01,2003,2002-03,January,Naphtha,662.75055,Thousand Metric Tonnes (TMT),PPAC,1777985064_PT_Consumption_English.xls,2002-03,10,2026-08-21T15:32:18.444195+00:00,1.0
2003-02-01,2003,2002-03,February,Naphtha,587.8426799999997,Thousand Metric Tonnes (TMT),PPAC,1777985064_PT_Consumption_English.xls,2002-03,10,2026-08-21T15:32:18.444195+00:00,1.0
2003-03-01,2003,2002-03,March,Naphtha,509.21416,Thousand Metric Tonnes (TMT),PPAC,1777985064_PT_Consumption_English.xls,2002-03,10,2026-08-21T15:32:18.444195+00:00,1.0
2002-04-01,2002,2002-03,April,MS,623.5894400000034,Thousand Metric Tonnes (TMT),PPAC,1777985064_PT_Consumption_English.xls,2002-03,11,2026-08-21T15:32:18.444195+00:00,1.0
2002-05-01,2002,2002-03,May,MS,708.9890200000099,Thousand Metric Tonnes (TMT),PPAC,1777985064_PT_Consumption_English.xls,2002-03,11,2026-08-21T15:32:18.444195+00:00,1.0
2002-06-01,2002,2002-03,June,MS,610.7297300000107,Thousand Metric Tonnes (TMT),PPAC,1777985064_PT_Consumption_English.xls,2002-03,11,2026-08-21T15:32:18.444195+00:00,1.0
2002-07-01,2002,2002-03,July,MS,639.5386000000058,Thousand Metric Tonnes (TMT),PPAC,1777985064_PT_Consumption_English.xls,2002-03,11,2026-08-21T15:32:18.444195+00:00,1.0
2002-08-01,2002,2002-03,August,MS,635.2782100000092,Thousand Metric Tonnes (TMT),PPAC,1777985064_PT_Consumption_English.xls,2002-03,11,2026-08-21T15:32:18.444195+00:00,1.0
2002-09-01,2002,2002-03,September,MS,608.2195400000087,Thousand Metric Tonnes (TMT),PPAC,1777985064_PT_Consumption_English.xls,2002-03,11,2026-08-21T15:32:18.444195+00:00,1.0
2002-10-01,2002,2002-03,October,MS,618.5814500000076,Thousand Metric Tonnes (TMT),PPAC,1777985064_PT_Consumption_English.xls,2002-03,11,2026-08-21T15:32:18.444195+00:00,1.0
2002-11-01,2002,2002-03,November,MS,606.0050700000144,Thousand Metric Tonnes (TMT),PPAC,1777985064_PT_Consumption_English.xls,2002-03,11,2026-08-21T15:32:18.444195+00:00,1.0
2002-12-01,2002,2002-03,December,MS,665.9319500000158,Thousand Metric Tonnes (TMT),PPAC,1777985064_PT_Consumption_English.xls,2002-03,11,2026-08-21T15:32:18.444195+00:00,1.0
2003-01-01,2003,2002-03,January,MS,613.2060600000178,Thousand Metric Tonnes (TMT),PPAC,1777985064_PT_Consumption_English.xls,2002-03,11,2026-08-21T15:32:18.444195+00:00,1.0
2003-02-01,2003,2002-03,February,MS,603.0493800000125,Thousand Metric Tonnes (TMT),PPAC,1777985064_PT_Consumption_English.xls,2002-03,11,2026-08-21T15:32:18.444195+00:00,1.0
2003-03-01,2003,2002-03,March,MS,636.7965300000122,Thousand Metric Tonnes (TMT),PPAC,1777985064_PT_Consumption_English.xls,2002-03,11,2026-08-21T15:32:18.444195+00:00,1.0
2002-04-01,2002,2002-03,April,ATF,192.08889000000002,Thousand Metric Tonnes (TMT),PPAC,1777985064_PT_Consumption_English.xls,2002-03,12,2026-08-21T15:32:18.444195+00:00,1.0
2002-05-01,2002,2002-03,May,ATF,193.00125000000014,Thousand Metric Tonnes (TMT),PPAC,1777985064_PT_Consumption_English.xls,2002-03,12,2026-08-21T15:32:18.444195+00:00,1.0
2002-06-01,2002,2002-03,June,ATF,172.0586600000002,Thousand Metric Tonnes (TMT),PPAC,1777985064_PT_Consumption_English.xls,2002-03,12,2026-08-21T15:32:18.444195+00:00,1.0
2002-07-01,2002,2002-03,July,ATF,177.71421999999998,Thousand Metric Tonnes (TMT),PPAC,1777985064_PT_Consumption_English.xls,2002-03,12,2026-08-21T15:32:18.444195+00:00,1.0
2002-08-01,2002,2002-03,August,ATF,182.7137499999999,Thousand Metric Tonnes (TMT),PPAC,1777985064_PT_Consumption_English.xls,2002-03,12,2026-08-21T15:32:18.444195+00:00,1.0
2002-09-01,2002,2002-03,September,ATF,179.39272,Thousand Metric Tonnes (TMT),PPAC,1777985064_PT_Consumption_English.xls,2002-03,12,2026-08-21T15:32:18.444195+00:00,1.0
2002-10-01,2002,2002-03,October,ATF,189.6178799999999,Thousand Metric Tonnes (TMT),PPAC,1777985064_PT_Consumption_English.xls,2002-03,12,2026-08-21T15:32:18.444195+00:00,1.0
2002-11-01,2002,2002-03,November,ATF,188.35054,Thousand Metric Tonnes (TMT),PPAC,1777985064_PT_Consumption_English.xls,2002-03,12,2026-08-21T15:32:18.444195+00:00,1.0
2002-12-01,2002,2002-03,December,ATF,201.1156599999999,Thousand Metric Tonnes (TMT),PPAC,1777985064_PT_Consumption_English.xls,2002-03,12,2026-08-21T15:32:18.444195+00:00,1.0
2003-01-01,2003,2002-03,January,ATF,193.27800000000016,Thousand Metric Tonnes (TMT),PPAC,1777985064_PT_Consumption_English.xls,2002-03,12,2026-08-21T15:32:18.444195+00:00,1.0
2003-02-01,2003,2002-03,February,ATF,193.39020000000036,Thousand Metric Tonnes (TMT),PPAC,1777985064_PT_Consumption_English.xls,2002-03,12,2026-08-21T15:32:18.444195+00:00,1.0
2003-03-01,2003,2002-03,March,ATF,209.99877999999998,Thousand Metric Tonnes (TMT),PPAC,1777985064_PT_Consumption_English.xls,2002-03,12,2026-08-21T15:32:18.444195+00:00,1.0
2002-04-01,2002,2002-03,April,SKO,796.9287100000001,Thousand Metric Tonnes (TMT),PPAC,1777985064_PT_Consumption_English.xls,2002-03,13,2026-08-21T15:32:18.444195+00:00,1.0
2002-05-01,2002,2002-03,May,SKO,802.4830299999973,Thousand Metric Tonnes (TMT),PPAC,1777985064_PT_Consumption_English.xls,2002-03,13,2026-08-21T15:32:18.444195+00:00,1.0
2002-06-01,2002,2002-03,June,SKO,811.6766899999986,Thousand Metric Tonnes (TMT),PPAC,1777985064_PT_Consumption_English.xls,2002-03,13,2026-08-21T15:32:18.444195+00:00,1.0
2002-07-01,2002,2002-03,July,SKO,813.7315199999991,Thousand Metric Tonnes (TMT),PPAC,1777985064_PT_Consumption_English.xls,2002-03,13,2026-08-21T15:32:18.444195+00:00,1.0
2002-08-01,2002,2002-03,August,SKO,811.7550999999988,Thousand Metric Tonnes (TMT),PPAC,1777985064_PT_Consumption_English.xls,2002-03,13,2026-08-21T15:32:18.444195+00:00,1.0
2002-09-01,2002,2002-03,September,SKO,816.3737699999984,Thousand Metric Tonnes (TMT),PPAC,1777985064_PT_Consumption_English.xls,2002-03,13,2026-08-21T15:32:18.444195+00:00,1.0
2002-10-01,2002,2002-03,October,SKO,813.2028999999975,Thousand Metric Tonnes (TMT),PPAC,1777985064_PT_Consumption_English.xls,2002-03,13,2026-08-21T15:32:18.444195+00:00,1.0
2002-11-01,2002,2002-03,November,SKO,806.6633899999988,Thousand Metric Tonnes (TMT),PPAC,1777985064_PT_Consumption_English.xls,2002-03,13,2026-08-21T15:32:18.444195+00:00,1.0
2002-12-01,2002,2002-03,December,SKO,809.0232800000001,Thousand Metric Tonnes (TMT),PPAC,1777985064_PT_Consumption_English.xls,2002-03,13,2026-08-21T15:32:18.444195+00:00,1.0
2003-01-01,2003,2002-03,January,SKO,809.2786599999943,Thousand Metric Tonnes (TMT),PPAC,1777985064_PT_Consumption_English.xls,2002-03,13,2026-08-21T15:32:18.444195+00:00,1.0
2003-02-01,2003,2002-03,February,SKO,807.964989999996,Thousand Metric Tonnes (TMT),PPAC,1777985064_PT_Consumption_English.xls,2002-03,13,2026-08-21T15:32:18.444195+00:00,1.0
2003-03-01,2003,2002-03,March,SKO,807.4654999999985,Thousand Metric Tonnes (TMT),PPAC,1777985064_PT_Consumption_English.xls,2002-03,13,2026-08-21T15:32:18.444195+00:00,1.0
2002-04-01,2002,2002-03,April,HSD,3258.404189999994,Thousand Metric Tonnes (TMT),PPAC,1777985064_PT_Consumption_English.xls,2002-03,14,2026-08-21T15:32:18.444195+00:00,1.0
2002-05-01,2002,2002-03,May,HSD,3421.7925200000086,Thousand Metric Tonnes (TMT),PPAC,1777985064_PT_Consumption_English.xls,2002-03,14,2026-08-21T15:32:18.444195+00:00,1.0
2002-06-01,2002,2002-03,June,HSD,3063.8370499999846,Thousand Metric Tonnes (TMT),PPAC,1777985064_PT_Consumption_English.xls,2002-03,14,2026-08-21T15:32:18.444195+00:00,1.0
2002-07-01,2002,2002-03,July,HSD,3074.9616599999995,Thousand Metric Tonnes (TMT),PPAC,1777985064_PT_Consumption_English.xls,2002-03,14,2026-08-21T15:32:18.444195+00:00,1.0
2002-08-01,2002,2002-03,August,HSD,2733.910559999982,Thousand Metric Tonnes (TMT),PPAC,1777985064_PT_Consumption_English.xls,2002-03,14,2026-08-21T15:32:18.444195+00:00,1.0
2002-09-01,2002,2002-03,September,HSD,2679.9604599999675,Thousand Metric Tonnes (TMT),PPAC,1777985064_PT_Consumption_English.xls,2002-03,14,2026-08-21T15:32:18.444195+00:00,1.0
2002-10-01,2002,2002-03,October,HSD,3046.491359999995,Thousand Metric Tonnes (TMT),PPAC,1777985064_PT_Consumption_English.xls,2002-03,14,2026-08-21T15:32:18.444195+00:00,1.0
2002-11-01,2002,2002-03,November,HSD,3028.0834399999962,Thousand Metric Tonnes (TMT),PPAC,1777985064_PT_Consumption_English.xls,2002-03,14,2026-08-21T15:32:18.444195+00:00,1.0
2002-12-01,2002,2002-03,December,HSD,3327.359470000006,Thousand Metric Tonnes (TMT),PPAC,1777985064_PT_Consumption_English.xls,2002-03,14,2026-08-21T15:32:18.444195+00:00,1.0
2003-01-01,2003,2002-03,January,HSD,2982.917660000024,Thousand Metric Tonnes (TMT),PPAC,1777985064_PT_Consumption_English.xls,2002-03,14,2026-08-21T15:32:18.444195+00:00,1.0
2003-02-01,2003,2002-03,February,HSD,2836.0948099999932,Thousand Metric Tonnes (TMT),PPAC,1777985064_PT_Consumption_English.xls,2002-03,14,2026-08-21T15:32:18.444195+00:00,1.0
2003-03-01,2003,2002-03,March,HSD,3080.4697599999968,Thousand Metric Tonnes (TMT),PPAC,1777985064_PT_Consumption_English.xls,2002-03,14,2026-08-21T15:32:18.444195+00:00,1.0
2002-04-01,2002,2002-03,April,LDO,91.46048999999941,Thousand Metric Tonnes (TMT),PPAC,1777985064_PT_Consumption_English.xls,2002-03,15,2026-08-21T15:32:18.444195+00:00,1.0
2002-05-01,2002,2002-03,May,LDO,120.84565999999963,Thousand Metric Tonnes (TMT),PPAC,1777985064_PT_Consumption_English.xls,2002-03,15,2026-08-21T15:32:18.444195+00:00,1.0
2002-06-01,2002,2002-03,June,LDO,108.53392999999977,Thousand Metric Tonnes (TMT),PPAC,1777985064_PT_Consumption_English.xls,2002-03,15,2026-08-21T15:32:18.444195+00:00,1.0
2002-07-01,2002,2002-03,July,LDO,121.25122999999968,Thousand Metric Tonnes (TMT),PPAC,1777985064_PT_Consumption_English.xls,2002-03,15,2026-08-21T15:32:18.444195+00:00,1.0
2002-08-01,2002,2002-03,August,LDO,119.31370999999989,Thousand Metric Tonnes (TMT),PPAC,1777985064_PT_Consumption_English.xls,2002-03,15,2026-08-21T15:32:18.444195+00:00,1.0
2002-09-01,2002,2002-03,September,LDO,120.30655000000012,Thousand Metric Tonnes (TMT),PPAC,1777985064_PT_Consumption_English.xls,2002-03,15,2026-08-21T15:32:18.444195+00:00,1.0
2002-10-01,2002,2002-03,October,LDO,125.01330999999948,Thousand Metric Tonnes (TMT),PPAC,1777985064_PT_Consumption_English.xls,2002-03,15,2026-08-21T15:32:18.444195+00:00,1.0
2002-11-01,2002,2002-03,November,LDO,120.24445999999968,Thousand Metric Tonnes (TMT),PPAC,1777985064_PT_Consumption_English.xls,2002-03,15,2026-08-21T15:32:18.444195+00:00,1.0
2002-12-01,2002,2002-03,December,LDO,128.88177000000036,Thousand Metric Tonnes (TMT),PPAC,1777985064_PT_Consumption_English.xls,2002-03,15,2026-08-21T15:32:18.444195+00:00,1.0
2003-01-01,2003,2002-03,January,LDO,126.96881999999975,Thousand Metric Tonnes (TMT),PPAC,1777985064_PT_Consumption_English.xls,2002-03,15,2026-08-21T15:32:18.444195+00:00,1.0
2003-02-01,2003,2002-03,February,LDO,124.41495999999975,Thousand Metric Tonnes (TMT),PPAC,1777985064_PT_Consumption_English.xls,2002-03,15,2026-08-21T15:32:18.444195+00:00,1.0
2003-03-01,2003,2002-03,March,LDO,105.92553999999949,Thousand Metric Tonnes (TMT),PPAC,1777985064_PT_Consumption_English.xls,2002-03,15,2026-08-21T15:32:18.444195+00:00,1.0
2002-04-01,2002,2002-03,April,Lubricants & Greases,58.420260000007055,Thousand Metric Tonnes (TMT),PPAC,1777985064_PT_Consumption_English.xls,2002-03,16,2026-08-21T15:32:18.444195+00:00,1.0
2002-05-01,2002,2002-03,May,Lubricants & Greases,76.45793000001134,Thousand Metric Tonnes (TMT),PPAC,1777985064_PT_Consumption_English.xls,2002-03,16,2026-08-21T15:32:18.444195+00:00,1.0
2002-06-01,2002,2002-03,June,Lubricants & Greases,76.52255000001414,Thousand Metric Tonnes (TMT),PPAC,1777985064_PT_Consumption_English.xls,2002-03,16,2026-08-21T15:32:18.444195+00:00,1.0
2002-07-01,2002,2002-03,July,Lubricants & Greases,78.8318000000151,Thousand Metric Tonnes (TMT),PPAC,1777985064_PT_Consumption_English.xls,2002-03,16,2026-08-21T15:32:18.444195+00:00,1.0
2002-08-01,2002,2002-03,August,Lubricants & Greases,69.00147000001076,Thousand Metric Tonnes (TMT),PPAC,1777985064_PT_Consumption_English.xls,2002-03,16,2026-08-21T15:32:18.444195+00:00,1.0
2002-09-01,2002,2002-03,September,Lubricants & Greases,84.55109000001445,Thousand Metric Tonnes (TMT),PPAC,1777985064_PT_Consumption_English.xls,2002-03,16,2026-08-21T15:32:18.444195+00:00,1.0
2002-10-01,2002,2002-03,October,Lubricants & Greases,72.85471000000683,Thousand Metric Tonnes (TMT),PPAC,1777985064_PT_Consumption_English.xls,2002-03,16,2026-08-21T15:32:18.444195+00:00,1.0
2002-11-01,2002,2002-03,November,Lubricants & Greases,77.36405000000319,Thousand Metric Tonnes (TMT),PPAC,1777985064_PT_Consumption_English.xls,2002-03,16,2026-08-21T15:32:18.444195+00:00,1.0
2002-12-01,2002,2002-03,December,Lubricants & Greases,84.9872800000152,Thousand Metric Tonnes (TMT),PPAC,1777985064_PT_Consumption_English.xls,2002-03,16,2026-08-21T15:32:18.444195+00:00,1.0
2003-01-01,2003,2002-03,January,Lubricants & Greases,78.54060000000494,Thousand Metric Tonnes (TMT),PPAC,1777985064_PT_Consumption_English.xls,2002-03,16,2026-08-21T15:32:18.444195+00:00,1.0
2003-02-01,2003,2002-03,February,Lubricants & Greases,71.88382000001181,Thousand Metric Tonnes (TMT),PPAC,1777985064_PT_Consumption_English.xls,2002-03,16,2026-08-21T15:32:18.444195+00:00,1.0
2003-03-01,2003,2002-03,March,Lubricants & Greases,108.94708000001623,Thousand Metric Tonnes (TMT),PPAC,1777985064_PT_Consumption_English.xls,2002-03,16,2026-08-21T15:32:18.444195+00:00,1.0
2002-04-01,2002,2002-03,April,FO & LSHS,940.8850199999962,Thousand Metric Tonnes (TMT),PPAC,1777985064_PT_Consumption_English.xls,2002-03,17,2026-08-21T15:32:18.444195+00:00,1.0
2002-05-01,2002,2002-03,May,FO & LSHS,1027.3090199999967,Thousand Metric Tonnes (TMT),PPAC,1777985064_PT_Consumption_English.xls,2002-03,17,2026-08-21T15:32:18.444195+00:00,1.0
2002-06-01,2002,2002-03,June,FO & LSHS,943.8532399999974,Thousand Metric Tonnes (TMT),PPAC,1777985064_PT_Consumption_English.xls,2002-03,17,2026-08-21T15:32:18.444195+00:00,1.0
2002-07-01,2002,2002-03,July,FO & LSHS,1002.3364800000019,Thousand Metric Tonnes (TMT),PPAC,1777985064_PT_Consumption_English.xls,2002-03,17,2026-08-21T15:32:18.444195+00:00,1.0
2002-08-01,2002,2002-03,August,FO & LSHS,1000.3871400000002,Thousand Metric Tonnes (TMT),PPAC,1777985064_PT_Consumption_English.xls,2002-03,17,2026-08-21T15:32:18.444195+00:00,1.0
2002-09-01,2002,2002-03,September,FO & LSHS,996.8792999999922,Thousand Metric Tonnes (TMT),PPAC,1777985064_PT_Consumption_English.xls,2002-03,17,2026-08-21T15:32:18.444195+00:00,1.0
2002-10-01,2002,2002-03,October,FO & LSHS,940.5275699999944,Thousand Metric Tonnes (TMT),PPAC,1777985064_PT_Consumption_English.xls,2002-03,17,2026-08-21T15:32:18.444195+00:00,1.0
2002-11-01,2002,2002-03,November,FO & LSHS,952.5869999999991,Thousand Metric Tonnes (TMT),PPAC,1777985064_PT_Consumption_English.xls,2002-03,17,2026-08-21T15:32:18.444195+00:00,1.0
2002-12-01,2002,2002-03,December,FO & LSHS,1077.6177500000026,Thousand Metric Tonnes (TMT),PPAC,1777985064_PT_Consumption_English.xls,2002-03,17,2026-08-21T15:32:18.444195+00:00,1.0
2003-01-01,2003,2002-03,January,FO & LSHS,1006.2644499999975,Thousand Metric Tonnes (TMT),PPAC,1777985064_PT_Consumption_English.xls,2002-03,17,2026-08-21T15:32:18.444195+00:00,1.0
2003-02-01,2003,2002-03,February,FO & LSHS,851.5617799999966,Thousand Metric Tonnes (TMT),PPAC,1777985064_PT_Consumption_English.xls,2002-03,17,2026-08-21T15:32:18.444195+00:00,1.0
2003-03-01,2003,2002-03,March,FO & LSHS,911.8660299999989,Thousand Metric Tonnes (TMT),PPAC,1777985064_PT_Consumption_English.xls,2002-03,17,2026-08-21T15:32:18.444195+00:00,1.0
2002-04-01,2002,2002-03,April,Bitumen,267.17015999999944,Thousand Metric Tonnes (TMT),PPAC,1777985064_PT_Consumption_English.xls,2002-03,18,2026-08-21T15:32:18.444195+00:00,1.0
2002-05-01,2002,2002-03,May,Bitumen,297.06165000000016,Thousand Metric Tonnes (TMT),PPAC,1777985064_PT_Consumption_English.xls,2002-03,18,2026-08-21T15:32:18.444195+00:00,1.0
2002-06-01,2002,2002-03,June,Bitumen,221.96522000000007,Thousand Metric Tonnes (TMT),PPAC,1777985064_PT_Consumption_English.xls,2002-03,18,2026-08-21T15:32:18.444195+00:00,1.0
2002-07-01,2002,2002-03,July,Bitumen,172.5962800000002,Thousand Metric Tonnes (TMT),PPAC,1777985064_PT_Consumption_English.xls,2002-03,18,2026-08-21T15:32:18.444195+00:00,1.0
2002-08-01,2002,2002-03,August,Bitumen,103.15894000000013,Thousand Metric Tonnes (TMT),PPAC,1777985064_PT_Consumption_English.xls,2002-03,18,2026-08-21T15:32:18.444195+00:00,1.0
2002-09-01,2002,2002-03,September,Bitumen,125.41481000000007,Thousand Metric Tonnes (TMT),PPAC,1777985064_PT_Consumption_English.xls,2002-03,18,2026-08-21T15:32:18.444195+00:00,1.0
2002-10-01,2002,2002-03,October,Bitumen,206.5657899999999,Thousand Metric Tonnes (TMT),PPAC,1777985064_PT_Consumption_English.xls,2002-03,18,2026-08-21T15:32:18.444195+00:00,1.0
2002-11-01,2002,2002-03,November,Bitumen,219.14945000000014,Thousand Metric Tonnes (TMT),PPAC,1777985064_PT_Consumption_English.xls,2002-03,18,2026-08-21T15:32:18.444195+00:00,1.0
2002-12-01,2002,2002-03,December,Bitumen,284.7961700000002,Thousand Metric Tonnes (TMT),PPAC,1777985064_PT_Consumption_English.xls,2002-03,18,2026-08-21T15:32:18.444195+00:00,1.0
2003-01-01,2003,2002-03,January,Bitumen,283.1770300000003,Thousand Metric Tonnes (TMT),PPAC,1777985064_PT_Consumption_English.xls,2002-03,18,2026-08-21T15:32:18.444195+00:00,1.0
2003-02-01,2003,2002-03,February,Bitumen,295.75455000000005,Thousand Metric Tonnes (TMT),PPAC,1777985064_PT_Consumption_English.xls,2002-03,18,2026-08-21T15:32:18.444195+00:00,1.0
2003-03-01,2003,2002-03,March,Bitumen,364.9261700000002,Thousand Metric Tonnes (TMT),PPAC,1777985064_PT_Consumption_English.xls,2002-03,18,2026-08-21T15:32:18.444195+00:00,1.0
2002-04-01,2002,2002-03,April,Petroleum coke,27.872619999999998,Thousand Metric Tonnes (TMT),PPAC,1777985064_PT_Consumption_English.xls,2002-03,19,2026-08-21T15:32:18.444195+00:00,1.0
2002-05-01,2002,2002-03,May,Petroleum coke,25.93354,Thousand Metric Tonnes (TMT),PPAC,1777985064_PT_Consumption_English.xls,2002-03,19,2026-08-21T15:32:18.444195+00:00,1.0
2002-06-01,2002,2002-03,June,Petroleum coke,24.932539999999996,Thousand Metric Tonnes (TMT),PPAC,1777985064_PT_Consumption_English.xls,2002-03,19,2026-08-21T15:32:18.444195+00:00,1.0
2002-07-01,2002,2002-03,July,Petroleum coke,26.49411,Thousand Metric Tonnes (TMT),PPAC,1777985064_PT_Consumption_English.xls,2002-03,19,2026-08-21T15:32:18.444195+00:00,1.0
2002-08-01,2002,2002-03,August,Petroleum coke,27.587440000000004,Thousand Metric Tonnes (TMT),PPAC,1777985064_PT_Consumption_English.xls,2002-03,19,2026-08-21T15:32:18.444195+00:00,1.0
2002-09-01,2002,2002-03,September,Petroleum coke,24.43639,Thousand Metric Tonnes (TMT),PPAC,1777985064_PT_Consumption_English.xls,2002-03,19,2026-08-21T15:32:18.444195+00:00,1.0
2002-10-01,2002,2002-03,October,Petroleum coke,27.197640000000003,Thousand Metric Tonnes (TMT),PPAC,1777985064_PT_Consumption_English.xls,2002-03,19,2026-08-21T15:32:18.444195+00:00,1.0
2002-11-01,2002,2002-03,November,Petroleum coke,27.042390000000005,Thousand Metric Tonnes (TMT),PPAC,1777985064_PT_Consumption_English.xls,2002-03,19,2026-08-21T15:32:18.444195+00:00,1.0
2002-12-01,2002,2002-03,December,Petroleum coke,26.906200000000002,Thousand Metric Tonnes (TMT),PPAC,1777985064_PT_Consumption_English.xls,2002-03,19,2026-08-21T15:32:18.444195+00:00,1.0
2003-01-01,2003,2002-03,January,Petroleum coke,38.17417,Thousand Metric Tonnes (TMT),PPAC,1777985064_PT_Consumption_English.xls,2002-03,19,2026-08-21T15:32:18.444195+00:00,1.0
2003-02-01,2003,2002-03,February,Petroleum coke,27.14082,Thousand Metric Tonnes (TMT),PPAC,1777985064_PT_Consumption_English.xls,2002-03,19,2026-08-21T15:32:18.444195+00:00,1.0
2003-03-01,2003,2002-03,March,Petroleum coke,31.767819999999997,Thousand Metric Tonnes (TMT),PPAC,1777985064_PT_Consumption_English.xls,2002-03,19,2026-08-21T15:32:18.444195+00:00,1.0
2002-04-01,2002,2002-03,April,Others,116.68377000000027,Thousand Metric Tonnes (TMT),PPAC,1777985064_PT_Consumption_English.xls,2002-03,20,2026-08-21T15:32:18.444195+00:00,1.0
2002-05-01,2002,2002-03,May,Others,114.2607600000002,Thousand Metric Tonnes (TMT),PPAC,1777985064_PT_Consumption_English.xls,2002-03,20,2026-08-21T15:32:18.444195+00:00,1.0
2002-06-01,2002,2002-03,June,Others,100.02917000000006,Thousand Metric Tonnes (TMT),PPAC,1777985064_PT_Consumption_English.xls,2002-03,20,2026-08-21T15:32:18.444195+00:00,1.0
2002-07-01,2002,2002-03,July,Others,113.97588000000013,Thousand Metric Tonnes (TMT),PPAC,1777985064_PT_Consumption_English.xls,2002-03,20,2026-08-21T15:32:18.444195+00:00,1.0
2002-08-01,2002,2002-03,August,Others,128.67476999999997,Thousand Metric Tonnes (TMT),PPAC,1777985064_PT_Consumption_English.xls,2002-03,20,2026-08-21T15:32:18.444195+00:00,1.0
2002-09-01,2002,2002-03,September,Others,96.54289000000021,Thousand Metric Tonnes (TMT),PPAC,1777985064_PT_Consumption_English.xls,2002-03,20,2026-08-21T15:32:18.444195+00:00,1.0
2002-10-01,2002,2002-03,October,Others,127.15692999999996,Thousand Metric Tonnes (TMT),PPAC,1777985064_PT_Consumption_English.xls,2002-03,20,2026-08-21T15:32:18.444195+00:00,1.0
2002-11-01,2002,2002-03,November,Others,116.56523000000006,Thousand Metric Tonnes (TMT),PPAC,1777985064_PT_Consumption_English.xls,2002-03,20,2026-08-21T15:32:18.444195+00:00,1.0
2002-12-01,2002,2002-03,December,Others,103.38435000000028,Thousand Metric Tonnes (TMT),PPAC,1777985064_PT_Consumption_English.xls,2002-03,20,2026-08-21T15:32:18.444195+00:00,1.0
2003-01-01,2003,2002-03,January,Others,117.51259000000029,Thousand Metric Tonnes (TMT),PPAC,1777985064_PT_Consumption_English.xls,2002-03,20,2026-08-21T15:32:18.444195+00:00,1.0
2003-02-01,2003,2002-03,February,Others,105.57588000000027,Thousand Metric Tonnes (TMT),PPAC,1777985064_PT_Consumption_English.xls,2002-03,20,2026-08-21T15:32:18.444195+00:00,1.0
2003-03-01,2003,2002-03,March,Others,104.18634000000011,Thousand Metric Tonnes (TMT),PPAC,1777985064_PT_Consumption_English.xls,2002-03,20,2026-08-21T15:32:18.444195+00:00,1.0
2003-04-01,2003,2003-04,April,LPG,652.3507399999996,Thousand Metric Tonnes (TMT),PPAC,1777985064_PT_Consumption_English.xls,2003-04,9,2026-08-21T15:32:18.450360+00:00,1.0
2003-05-01,2003,2003-04,May,LPG,652.9745499999998,Thousand Metric Tonnes (TMT),PPAC,1777985064_PT_Consumption_English.xls,2003-04,9,2026-08-21T15:32:18.450360+00:00,1.0
2003-06-01,2003,2003-04,June,LPG,655.3563499999985,Thousand Metric Tonnes (TMT),PPAC,1777985064_PT_Consumption_English.xls,2003-04,9,2026-08-21T15:32:18.450360+00:00,1.0
2003-07-01,2003,2003-04,July,LPG,750.6471400000014,Thousand Metric Tonnes (TMT),PPAC,1777985064_PT_Consumption_English.xls,2003-04,9,2026-08-21T15:32:18.450360+00:00,1.0
2003-08-01,2003,2003-04,August,LPG,724.6173600000042,Thousand Metric Tonnes (TMT),PPAC,1777985064_PT_Consumption_English.xls,2003-04,9,2026-08-21T15:32:18.450360+00:00,1.0
2003-09-01,2003,2003-04,September,LPG,755.1347400000044,Thousand Metric Tonnes (TMT),PPAC,1777985064_PT_Consumption_English.xls,2003-04,9,2026-08-21T15:32:18.450360+00:00,1.0
2003-10-01,2003,2003-04,October,LPG,774.9087000000061,Thousand Metric Tonnes (TMT),PPAC,1777985064_PT_Consumption_English.xls,2003-04,9,2026-08-21T15:32:18.450360+00:00,1.0
2003-11-01,2003,2003-04,November,LPG,764.7980400000026,Thousand Metric Tonnes (TMT),PPAC,1777985064_PT_Consumption_English.xls,2003-04,9,2026-08-21T15:32:18.450360+00:00,1.0
2003-12-01,2003,2003-04,December,LPG,857.893790000005,Thousand Metric Tonnes (TMT),PPAC,1777985064_PT_Consumption_English.xls,2003-04,9,2026-08-21T15:32:18.450360+00:00,1.0
2004-01-01,2004,2003-04,January,LPG,869.7371600000046,Thousand Metric Tonnes (TMT),PPAC,1777985064_PT_Consumption_English.xls,2003-04,9,2026-08-21T15:32:18.450360+00:00,1.0
2004-02-01,2004,2003-04,February,LPG,816.1729699999988,Thousand Metric Tonnes (TMT),PPAC,1777985064_PT_Consumption_English.xls,2003-04,9,2026-08-21T15:32:18.450360+00:00,1.0
2004-03-01,2004,2003-04,March,LPG,814.0365300000041,Thousand Metric Tonnes (TMT),PPAC,1777985064_PT_Consumption_English.xls,2003-04,9,2026-08-21T15:32:18.450360+00:00,1.0
2003-04-01,2003,2003-04,April,Naphtha,475.8562300000001,Thousand Metric Tonnes (TMT),PPAC,1777985064_PT_Consumption_English.xls,2003-04,10,2026-08-21T15:32:18.450360+00:00,1.0
2003-05-01,2003,2003-04,May,Naphtha,476.84649999999993,Thousand Metric Tonnes (TMT),PPAC,1777985064_PT_Consumption_English.xls,2003-04,10,2026-08-21T15:32:18.450360+00:00,1.0
2003-06-01,2003,2003-04,June,Naphtha,602.02465,Thousand Metric Tonnes (TMT),PPAC,1777985064_PT_Consumption_English.xls,2003-04,10,2026-08-21T15:32:18.450360+00:00,1.0
2003-07-01,2003,2003-04,July,Naphtha,609.8819500000001,Thousand Metric Tonnes (TMT),PPAC,1777985064_PT_Consumption_English.xls,2003-04,10,2026-08-21T15:32:18.450360+00:00,1.0
2003-08-01,2003,2003-04,August,Naphtha,620.9823100000001,Thousand Metric Tonnes (TMT),PPAC,1777985064_PT_Consumption_English.xls,2003-04,10,2026-08-21T15:32:18.450360+00:00,1.0
2003-09-01,2003,2003-04,September,Naphtha,631.4433,Thousand Metric Tonnes (TMT),PPAC,1777985064_PT_Consumption_English.xls,2003-04,10,2026-08-21T15:32:18.450360+00:00,1.0
2003-10-01,2003,2003-04,October,Naphtha,611.2464900000001,Thousand Metric Tonnes (TMT),PPAC,1777985064_PT_Consumption_English.xls,2003-04,10,2026-08-21T15:32:18.450360+00:00,1.0
2003-11-01,2003,2003-04,November,Naphtha,622.4832700000002,Thousand Metric Tonnes (TMT),PPAC,1777985064_PT_Consumption_English.xls,2003-04,10,2026-08-21T15:32:18.450360+00:00,1.0
2003-12-01,2003,2003-04,December,Naphtha,705.86016,Thousand Metric Tonnes (TMT),PPAC,1777985064_PT_Consumption_English.xls,2003-04,10,2026-08-21T15:32:18.450360+00:00,1.0
2004-01-01,2004,2003-04,January,Naphtha,737.2494300000003,Thousand Metric Tonnes (TMT),PPAC,1777985064_PT_Consumption_English.xls,2003-04,10,2026-08-21T15:32:18.450360+00:00,1.0
2004-02-01,2004,2003-04,February,Naphtha,644.57345,Thousand Metric Tonnes (TMT),PPAC,1777985064_PT_Consumption_English.xls,2003-04,10,2026-08-21T15:32:18.450360+00:00,1.0
2004-03-01,2004,2003-04,March,Naphtha,590.7114999999998,Thousand Metric Tonnes (TMT),PPAC,1777985064_PT_Consumption_English.xls,2003-04,10,2026-08-21T15:32:18.450360+00:00,1.0
2003-04-01,2003,2003-04,April,MS,606.6481900000151,Thousand Metric Tonnes (TMT),PPAC,1777985064_PT_Consumption_English.xls,2003-04,11,2026-08-21T15:32:18.450360+00:00,1.0
2003-05-01,2003,2003-04,May,MS,669.8069300000161,Thousand Metric Tonnes (TMT),PPAC,1777985064_PT_Consumption_English.xls,2003-04,11,2026-08-21T15:32:18.450360+00:00,1.0
2003-06-01,2003,2003-04,June,MS,690.7247300000079,Thousand Metric Tonnes (TMT),PPAC,1777985064_PT_Consumption_English.xls,2003-04,11,2026-08-21T15:32:18.450360+00:00,1.0
2003-07-01,2003,2003-04,July,MS,666.8385200000095,Thousand Metric Tonnes (TMT),PPAC,1777985064_PT_Consumption_English.xls,2003-04,11,2026-08-21T15:32:18.450360+00:00,1.0
2003-08-01,2003,2003-04,August,MS,664.9533400000126,Thousand Metric Tonnes (TMT),PPAC,1777985064_PT_Consumption_English.xls,2003-04,11,2026-08-21T15:32:18.450360+00:00,1.0
2003-09-01,2003,2003-04,September,MS,624.7861100000135,Thousand Metric Tonnes (TMT),PPAC,1777985064_PT_Consumption_English.xls,2003-04,11,2026-08-21T15:32:18.450360+00:00,1.0
2003-10-01,2003,2003-04,October,MS,662.062430000012,Thousand Metric Tonnes (TMT),PPAC,1777985064_PT_Consumption_English.xls,2003-04,11,2026-08-21T15:32:18.450360+00:00,1.0
2003-11-01,2003,2003-04,November,MS,648.2137400000161,Thousand Metric Tonnes (TMT),PPAC,1777985064_PT_Consumption_English.xls,2003-04,11,2026-08-21T15:32:18.450360+00:00,1.0
2003-12-01,2003,2003-04,December,MS,670.4758700000159,Thousand Metric Tonnes (TMT),PPAC,1777985064_PT_Consumption_English.xls,2003-04,11,2026-08-21T15:32:18.450360+00:00,1.0
2004-01-01,2004,2003-04,January,MS,625.0832900000156,Thousand Metric Tonnes (TMT),PPAC,1777985064_PT_Consumption_English.xls,2003-04,11,2026-08-21T15:32:18.450360+00:00,1.0
2004-02-01,2004,2003-04,February,MS,641.7630700000118,Thousand Metric Tonnes (TMT),PPAC,1777985064_PT_Consumption_English.xls,2003-04,11,2026-08-21T15:32:18.450360+00:00,1.0
2004-03-01,2004,2003-04,March,MS,723.6802700000061,Thousand Metric Tonnes (TMT),PPAC,1777985064_PT_Consumption_English.xls,2003-04,11,2026-08-21T15:32:18.450360+00:00,1.0
2003-04-01,2003,2003-04,April,ATF,187.78307000000012,Thousand Metric Tonnes (TMT),PPAC,1777985064_PT_Consumption_English.xls,2003-04,12,2026-08-21T15:32:18.450360+00:00,1.0
2003-05-01,2003,2003-04,May,ATF,194.4655400000002,Thousand Metric Tonnes (TMT),PPAC,1777985064_PT_Consumption_English.xls,2003-04,12,2026-08-21T15:32:18.450360+00:00,1.0
2003-06-01,2003,2003-04,June,ATF,194.25099999999998,Thousand Metric Tonnes (TMT),PPAC,1777985064_PT_Consumption_English.xls,2003-04,12,2026-08-21T15:32:18.450360+00:00,1.0
2003-07-01,2003,2003-04,July,ATF,199.34220000000008,Thousand Metric Tonnes (TMT),PPAC,1777985064_PT_Consumption_English.xls,2003-04,12,2026-08-21T15:32:18.450360+00:00,1.0
2003-08-01,2003,2003-04,August,ATF,192.96946000000028,Thousand Metric Tonnes (TMT),PPAC,1777985064_PT_Consumption_English.xls,2003-04,12,2026-08-21T15:32:18.450360+00:00,1.0
2003-09-01,2003,2003-04,September,ATF,195.29418000000027,Thousand Metric Tonnes (TMT),PPAC,1777985064_PT_Consumption_English.xls,2003-04,12,2026-08-21T15:32:18.450360+00:00,1.0
2003-10-01,2003,2003-04,October,ATF,208.11710000000008,Thousand Metric Tonnes (TMT),PPAC,1777985064_PT_Consumption_English.xls,2003-04,12,2026-08-21T15:32:18.450360+00:00,1.0
2003-11-01,2003,2003-04,November,ATF,212.63302000000007,Thousand Metric Tonnes (TMT),PPAC,1777985064_PT_Consumption_English.xls,2003-04,12,2026-08-21T15:32:18.450360+00:00,1.0
2003-12-01,2003,2003-04,December,ATF,217.02755000000005,Thousand Metric Tonnes (TMT),PPAC,1777985064_PT_Consumption_English.xls,2003-04,12,2026-08-21T15:32:18.450360+00:00,1.0
2004-01-01,2004,2003-04,January,ATF,228.60391999999985,Thousand Metric Tonnes (TMT),PPAC,1777985064_PT_Consumption_English.xls,2003-04,12,2026-08-21T15:32:18.450360+00:00,1.0
2004-02-01,2004,2003-04,February,ATF,224.59203000000014,Thousand Metric Tonnes (TMT),PPAC,1777985064_PT_Consumption_English.xls,2003-04,12,2026-08-21T15:32:18.450360+00:00,1.0
2004-03-01,2004,2003-04,March,ATF,230.86067000000014,Thousand Metric Tonnes (TMT),PPAC,1777985064_PT_Consumption_English.xls,2003-04,12,2026-08-21T15:32:18.450360+00:00,1.0
2003-04-01,2003,2003-04,April,SKO,781.3177199999991,Thousand Metric Tonnes (TMT),PPAC,1777985064_PT_Consumption_English.xls,2003-04,13,2026-08-21T15:32:18.450360+00:00,1.0
2003-05-01,2003,2003-04,May,SKO,777.1607100000015,Thousand Metric Tonnes (TMT),PPAC,1777985064_PT_Consumption_English.xls,2003-04,13,2026-08-21T15:32:18.450360+00:00,1.0
2003-06-01,2003,2003-04,June,SKO,785.9064699999994,Thousand Metric Tonnes (TMT),PPAC,1777985064_PT_Consumption_English.xls,2003-04,13,2026-08-21T15:32:18.450360+00:00,1.0
2003-07-01,2003,2003-04,July,SKO,785.6539599999974,Thousand Metric Tonnes (TMT),PPAC,1777985064_PT_Consumption_English.xls,2003-04,13,2026-08-21T15:32:18.450360+00:00,1.0
2003-08-01,2003,2003-04,August,SKO,784.4649799999976,Thousand Metric Tonnes (TMT),PPAC,1777985064_PT_Consumption_English.xls,2003-04,13,2026-08-21T15:32:18.450360+00:00,1.0
2003-09-01,2003,2003-04,September,SKO,793.5086199999978,Thousand Metric Tonnes (TMT),PPAC,1777985064_PT_Consumption_English.xls,2003-04,13,2026-08-21T15:32:18.450360+00:00,1.0
2003-10-01,2003,2003-04,October,SKO,786.5603899999985,Thousand Metric Tonnes (TMT),PPAC,1777985064_PT_Consumption_English.xls,2003-04,13,2026-08-21T15:32:18.450360+00:00,1.0
2003-11-01,2003,2003-04,November,SKO,784.7138699999986,Thousand Metric Tonnes (TMT),PPAC,1777985064_PT_Consumption_English.xls,2003-04,13,2026-08-21T15:32:18.450360+00:00,1.0
2003-12-01,2003,2003-04,December,SKO,785.5741999999981,Thousand Metric Tonnes (TMT),PPAC,1777985064_PT_Consumption_English.xls,2003-04,13,2026-08-21T15:32:18.450360+00:00,1.0
2004-01-01,2004,2003-04,January,SKO,787.5957800000001,Thousand Metric Tonnes (TMT),PPAC,1777985064_PT_Consumption_English.xls,2003-04,13,2026-08-21T15:32:18.450360+00:00,1.0
2004-02-01,2004,2003-04,February,SKO,784.0968199999967,Thousand Metric Tonnes (TMT),PPAC,1777985064_PT_Consumption_English.xls,2003-04,13,2026-08-21T15:32:18.450360+00:00,1.0
2004-03-01,2004,2003-04,March,SKO,789.2608599999982,Thousand Metric Tonnes (TMT),PPAC,1777985064_PT_Consumption_English.xls,2003-04,13,2026-08-21T15:32:18.450360+00:00,1.0
2003-04-01,2003,2003-04,April,HSD,2781.905489999982,Thousand Metric Tonnes (TMT),PPAC,1777985064_PT_Consumption_English.xls,2003-04,14,2026-08-21T15:32:18.450360+00:00,1.0
2003-05-01,2003,2003-04,May,HSD,3112.8495500000104,Thousand Metric Tonnes (TMT),PPAC,1777985064_PT_Consumption_English.xls,2003-04,14,2026-08-21T15:32:18.450360+00:00,1.0
2003-06-01,2003,2003-04,June,HSD,3276.921979999978,Thousand Metric Tonnes (TMT),PPAC,1777985064_PT_Consumption_English.xls,2003-04,14,2026-08-21T15:32:18.450360+00:00,1.0
2003-07-01,2003,2003-04,July,HSD,3007.4687600000243,Thousand Metric Tonnes (TMT),PPAC,1777985064_PT_Consumption_English.xls,2003-04,14,2026-08-21T15:32:18.450360+00:00,1.0
2003-08-01,2003,2003-04,August,HSD,2736.785829999981,Thousand Metric Tonnes (TMT),PPAC,1777985064_PT_Consumption_English.xls,2003-04,14,2026-08-21T15:32:18.450360+00:00,1.0
2003-09-01,2003,2003-04,September,HSD,2608.7101599999664,Thousand Metric Tonnes (TMT),PPAC,1777985064_PT_Consumption_English.xls,2003-04,14,2026-08-21T15:32:18.450360+00:00,1.0
2003-10-01,2003,2003-04,October,HSD,3050.2877900000044,Thousand Metric Tonnes (TMT),PPAC,1777985064_PT_Consumption_English.xls,2003-04,14,2026-08-21T15:32:18.450360+00:00,1.0
2003-11-01,2003,2003-04,November,HSD,3294.0100100000063,Thousand Metric Tonnes (TMT),PPAC,1777985064_PT_Consumption_English.xls,2003-04,14,2026-08-21T15:32:18.450360+00:00,1.0
2003-12-01,2003,2003-04,December,HSD,3413.509640000013,Thousand Metric Tonnes (TMT),PPAC,1777985064_PT_Consumption_English.xls,2003-04,14,2026-08-21T15:32:18.450360+00:00,1.0
2004-01-01,2004,2003-04,January,HSD,3030.9197399999816,Thousand Metric Tonnes (TMT),PPAC,1777985064_PT_Consumption_English.xls,2003-04,14,2026-08-21T15:32:18.450360+00:00,1.0
2004-02-01,2004,2003-04,February,HSD,3092.5255799999964,Thousand Metric Tonnes (TMT),PPAC,1777985064_PT_Consumption_English.xls,2003-04,14,2026-08-21T15:32:18.450360+00:00,1.0
2004-03-01,2004,2003-04,March,HSD,3469.536600000004,Thousand Metric Tonnes (TMT),PPAC,1777985064_PT_Consumption_English.xls,2003-04,14,2026-08-21T15:32:18.450360+00:00,1.0
2003-04-01,2003,2003-04,April,LDO,82.17789000000019,Thousand Metric Tonnes (TMT),PPAC,1777985064_PT_Consumption_English.xls,2003-04,15,2026-08-21T15:32:18.450360+00:00,1.0
2003-05-01,2003,2003-04,May,LDO,95.1489899999997,Thousand Metric Tonnes (TMT),PPAC,1777985064_PT_Consumption_English.xls,2003-04,15,2026-08-21T15:32:18.450360+00:00,1.0
2003-06-01,2003,2003-04,June,LDO,97.62085999999982,Thousand Metric Tonnes (TMT),PPAC,1777985064_PT_Consumption_English.xls,2003-04,15,2026-08-21T15:32:18.450360+00:00,1.0
2003-07-01,2003,2003-04,July,LDO,97.54667999999971,Thousand Metric Tonnes (TMT),PPAC,1777985064_PT_Consumption_English.xls,2003-04,15,2026-08-21T15:32:18.450360+00:00,1.0
2003-08-01,2003,2003-04,August,LDO,99.17021999999993,Thousand Metric Tonnes (TMT),PPAC,1777985064_PT_Consumption_English.xls,2003-04,15,2026-08-21T15:32:18.450360+00:00,1.0
2003-09-01,2003,2003-04,September,LDO,102.34603999999975,Thousand Metric Tonnes (TMT),PPAC,1777985064_PT_Consumption_English.xls,2003-04,15,2026-08-21T15:32:18.450360+00:00,1.0
2003-10-01,2003,2003-04,October,LDO,88.97893999999965,Thousand Metric Tonnes (TMT),PPAC,1777985064_PT_Consumption_English.xls,2003-04,15,2026-08-21T15:32:18.450360+00:00,1.0
2003-11-01,2003,2003-04,November,LDO,105.08693000000017,Thousand Metric Tonnes (TMT),PPAC,1777985064_PT_Consumption_English.xls,2003-04,15,2026-08-21T15:32:18.450360+00:00,1.0
2003-12-01,2003,2003-04,December,LDO,111.0551699999998,Thousand Metric Tonnes (TMT),PPAC,1777985064_PT_Consumption_English.xls,2003-04,15,2026-08-21T15:32:18.450360+00:00,1.0
2004-01-01,2004,2003-04,January,LDO,105.29035000000003,Thousand Metric Tonnes (TMT),PPAC,1777985064_PT_Consumption_English.xls,2003-04,15,2026-08-21T15:32:18.450360+00:00,1.0
2004-02-01,2004,2003-04,February,LDO,94.96459000000046,Thousand Metric Tonnes (TMT),PPAC,1777985064_PT_Consumption_English.xls,2003-04,15,2026-08-21T15:32:18.450360+00:00,1.0
2004-03-01,2004,2003-04,March,LDO,101.81145000000028,Thousand Metric Tonnes (TMT),PPAC,1777985064_PT_Consumption_English.xls,2003-04,15,2026-08-21T15:32:18.450360+00:00,1.0
2003-04-01,2003,2003-04,April,Lubricants & Greases,37.537410000002104,Thousand Metric Tonnes (TMT),PPAC,1777985064_PT_Consumption_English.xls,2003-04,16,2026-08-21T15:32:18.450360+00:00,1.0
2003-05-01,2003,2003-04,May,Lubricants & Greases,63.531400000008965,Thousand Metric Tonnes (TMT),PPAC,1777985064_PT_Consumption_English.xls,2003-04,16,2026-08-21T15:32:18.450360+00:00,1.0
2003-06-01,2003,2003-04,June,Lubricants & Greases,73.33255000003149,Thousand Metric Tonnes (TMT),PPAC,1777985064_PT_Consumption_English.xls,2003-04,16,2026-08-21T15:32:18.450360+00:00,1.0
2003-07-01,2003,2003-04,July,Lubricants & Greases,69.81265000000631,Thousand Metric Tonnes (TMT),PPAC,1777985064_PT_Consumption_English.xls,2003-04,16,2026-08-21T15:32:18.450360+00:00,1.0
2003-08-01,2003,2003-04,August,Lubricants & Greases,63.25630000000544,Thousand Metric Tonnes (TMT),PPAC,1777985064_PT_Consumption_English.xls,2003-04,16,2026-08-21T15:32:18.450360+00:00,1.0
2003-09-01,2003,2003-04,September,Lubricants & Greases,70.97700000000654,Thousand Metric Tonnes (TMT),PPAC,1777985064_PT_Consumption_English.xls,2003-04,16,2026-08-21T15:32:18.450360+00:00,1.0
2003-10-01,2003,2003-04,October,Lubricants & Greases,56.1616100000061,Thousand Metric Tonnes (TMT),PPAC,1777985064_PT_Consumption_English.xls,2003-04,16,2026-08-21T15:32:18.450360+00:00,1.0
2003-11-01,2003,2003-04,November,Lubricants & Greases,63.87397000000532,Thousand Metric Tonnes (TMT),PPAC,1777985064_PT_Consumption_English.xls,2003-04,16,2026-08-21T15:32:18.450360+00:00,1.0
2003-12-01,2003,2003-04,December,Lubricants & Greases,73.14448000004435,Thousand Metric Tonnes (TMT),PPAC,1777985064_PT_Consumption_English.xls,2003-04,16,2026-08-21T15:32:18.450360+00:00,1.0
2004-01-01,2004,2003-04,January,Lubricants & Greases,67.12563000000496,Thousand Metric Tonnes (TMT),PPAC,1777985064_PT_Consumption_English.xls,2003-04,16,2026-08-21T15:32:18.450360+00:00,1.0
2004-02-01,2004,2003-04,February,Lubricants & Greases,65.12928000000237,Thousand Metric Tonnes (TMT),PPAC,1777985064_PT_Consumption_English.xls,2003-04,16,2026-08-21T15:32:18.450360+00:00,1.0
2004-03-01,2004,2003-04,March,Lubricants & Greases,111.28915000001746,Thousand Metric Tonnes (TMT),PPAC,1777985064_PT_Consumption_English.xls,2003-04,16,2026-08-21T15:32:18.450360+00:00,1.0
2003-04-01,2003,2003-04,April,FO & LSHS,847.535460000003,Thousand Metric Tonnes (TMT),PPAC,1777985064_PT_Consumption_English.xls,2003-04,17,2026-08-21T15:32:18.450360+00:00,1.0
2003-05-01,2003,2003-04,May,FO & LSHS,1032.8596199999986,Thousand Metric Tonnes (TMT),PPAC,1777985064_PT_Consumption_English.xls,2003-04,17,2026-08-21T15:32:18.450360+00:00,1.0
2003-06-01,2003,2003-04,June,FO & LSHS,970.0595899999978,Thousand Metric Tonnes (TMT),PPAC,1777985064_PT_Consumption_English.xls,2003-04,17,2026-08-21T15:32:18.450360+00:00,1.0
2003-07-01,2003,2003-04,July,FO & LSHS,994.5963700000008,Thousand Metric Tonnes (TMT),PPAC,1777985064_PT_Consumption_English.xls,2003-04,17,2026-08-21T15:32:18.450360+00:00,1.0
2003-08-01,2003,2003-04,August,FO & LSHS,968.7011099999992,Thousand Metric Tonnes (TMT),PPAC,1777985064_PT_Consumption_English.xls,2003-04,17,2026-08-21T15:32:18.450360+00:00,1.0
2003-09-01,2003,2003-04,September,FO & LSHS,997.0351400000023,Thousand Metric Tonnes (TMT),PPAC,1777985064_PT_Consumption_English.xls,2003-04,17,2026-08-21T15:32:18.450360+00:00,1.0
2003-10-01,2003,2003-04,October,FO & LSHS,1000.9915600000019,Thousand Metric Tonnes (TMT),PPAC,1777985064_PT_Consumption_English.xls,2003-04,17,2026-08-21T15:32:18.450360+00:00,1.0
2003-11-01,2003,2003-04,November,FO & LSHS,966.7482900000041,Thousand Metric Tonnes (TMT),PPAC,1777985064_PT_Consumption_English.xls,2003-04,17,2026-08-21T15:32:18.450360+00:00,1.0
2003-12-01,2003,2003-04,December,FO & LSHS,1041.9527499999995,Thousand Metric Tonnes (TMT),PPAC,1777985064_PT_Consumption_English.xls,2003-04,17,2026-08-21T15:32:18.450360+00:00,1.0
2004-01-01,2004,2003-04,January,FO & LSHS,1034.2757700000004,Thousand Metric Tonnes (TMT),PPAC,1777985064_PT_Consumption_English.xls,2003-04,17,2026-08-21T15:32:18.450360+00:00,1.0
2004-02-01,2004,2003-04,February,FO & LSHS,929.1396100000022,Thousand Metric Tonnes (TMT),PPAC,1777985064_PT_Consumption_English.xls,2003-04,17,2026-08-21T15:32:18.450360+00:00,1.0
2004-03-01,2004,2003-04,March,FO & LSHS,1055.8734899999963,Thousand Metric Tonnes (TMT),PPAC,1777985064_PT_Consumption_English.xls,2003-04,17,2026-08-21T15:32:18.450360+00:00,1.0
2003-04-01,2003,2003-04,April,Bitumen,307.7497200000002,Thousand Metric Tonnes (TMT),PPAC,1777985064_PT_Consumption_English.xls,2003-04,18,2026-08-21T15:32:18.450360+00:00,1.0
2003-05-01,2003,2003-04,May,Bitumen,356.6799700000006,Thousand Metric Tonnes (TMT),PPAC,1777985064_PT_Consumption_English.xls,2003-04,18,2026-08-21T15:32:18.450360+00:00,1.0
2003-06-01,2003,2003-04,June,Bitumen,292.57094999999964,Thousand Metric Tonnes (TMT),PPAC,1777985064_PT_Consumption_English.xls,2003-04,18,2026-08-21T15:32:18.450360+00:00,1.0
2003-07-01,2003,2003-04,July,Bitumen,139.77403000000007,Thousand Metric Tonnes (TMT),PPAC,1777985064_PT_Consumption_English.xls,2003-04,18,2026-08-21T15:32:18.450360+00:00,1.0
2003-08-01,2003,2003-04,August,Bitumen,118.71273,Thousand Metric Tonnes (TMT),PPAC,1777985064_PT_Consumption_English.xls,2003-04,18,2026-08-21T15:32:18.450360+00:00,1.0
2003-09-01,2003,2003-04,September,Bitumen,166.95532000000017,Thousand Metric Tonnes (TMT),PPAC,1777985064_PT_Consumption_English.xls,2003-04,18,2026-08-21T15:32:18.450360+00:00,1.0
2003-10-01,2003,2003-04,October,Bitumen,219.89191999999926,Thousand Metric Tonnes (TMT),PPAC,1777985064_PT_Consumption_English.xls,2003-04,18,2026-08-21T15:32:18.450360+00:00,1.0
2003-11-01,2003,2003-04,November,Bitumen,295.3234100000001,Thousand Metric Tonnes (TMT),PPAC,1777985064_PT_Consumption_English.xls,2003-04,18,2026-08-21T15:32:18.450360+00:00,1.0
2003-12-01,2003,2003-04,December,Bitumen,346.5641599999997,Thousand Metric Tonnes (TMT),PPAC,1777985064_PT_Consumption_English.xls,2003-04,18,2026-08-21T15:32:18.450360+00:00,1.0
2004-01-01,2004,2003-04,January,Bitumen,300.1853500000002,Thousand Metric Tonnes (TMT),PPAC,1777985064_PT_Consumption_English.xls,2003-04,18,2026-08-21T15:32:18.450360+00:00,1.0
2004-02-01,2004,2003-04,February,Bitumen,350.3067499999999,Thousand Metric Tonnes (TMT),PPAC,1777985064_PT_Consumption_English.xls,2003-04,18,2026-08-21T15:32:18.450360+00:00,1.0
2004-03-01,2004,2003-04,March,Bitumen,464.7335799999995,Thousand Metric Tonnes (TMT),PPAC,1777985064_PT_Consumption_English.xls,2003-04,18,2026-08-21T15:32:18.450360+00:00,1.0
2003-04-01,2003,2003-04,April,Petroleum coke,20.785120000000003,Thousand Metric Tonnes (TMT),PPAC,1777985064_PT_Consumption_English.xls,2003-04,19,2026-08-21T15:32:18.450360+00:00,1.0
2003-05-01,2003,2003-04,May,Petroleum coke,22.99921,Thousand Metric Tonnes (TMT),PPAC,1777985064_PT_Consumption_English.xls,2003-04,19,2026-08-21T15:32:18.450360+00:00,1.0
2003-06-01,2003,2003-04,June,Petroleum coke,28.65544,Thousand Metric Tonnes (TMT),PPAC,1777985064_PT_Consumption_English.xls,2003-04,19,2026-08-21T15:32:18.450360+00:00,1.0
2003-07-01,2003,2003-04,July,Petroleum coke,33.142540000000004,Thousand Metric Tonnes (TMT),PPAC,1777985064_PT_Consumption_English.xls,2003-04,19,2026-08-21T15:32:18.450360+00:00,1.0
2003-08-01,2003,2003-04,August,Petroleum coke,18.662840000000003,Thousand Metric Tonnes (TMT),PPAC,1777985064_PT_Consumption_English.xls,2003-04,19,2026-08-21T15:32:18.450360+00:00,1.0
2003-09-01,2003,2003-04,September,Petroleum coke,23.10509,Thousand Metric Tonnes (TMT),PPAC,1777985064_PT_Consumption_English.xls,2003-04,19,2026-08-21T15:32:18.450360+00:00,1.0
2003-10-01,2003,2003-04,October,Petroleum coke,23.035130000000002,Thousand Metric Tonnes (TMT),PPAC,1777985064_PT_Consumption_English.xls,2003-04,19,2026-08-21T15:32:18.450360+00:00,1.0
2003-11-01,2003,2003-04,November,Petroleum coke,29.455489999999998,Thousand Metric Tonnes (TMT),PPAC,1777985064_PT_Consumption_English.xls,2003-04,19,2026-08-21T15:32:18.450360+00:00,1.0
2003-12-01,2003,2003-04,December,Petroleum coke,35.386050000000004,Thousand Metric Tonnes (TMT),PPAC,1777985064_PT_Consumption_English.xls,2003-04,19,2026-08-21T15:32:18.450360+00:00,1.0
2004-01-01,2004,2003-04,January,Petroleum coke,26.419419999999995,Thousand Metric Tonnes (TMT),PPAC,1777985064_PT_Consumption_English.xls,2003-04,19,2026-08-21T15:32:18.450360+00:00,1.0
2004-02-01,2004,2003-04,February,Petroleum coke,20.672690000000006,Thousand Metric Tonnes (TMT),PPAC,1777985064_PT_Consumption_English.xls,2003-04,19,2026-08-21T15:32:18.450360+00:00,1.0
2004-03-01,2004,2003-04,March,Petroleum coke,25.513730000000006,Thousand Metric Tonnes (TMT),PPAC,1777985064_PT_Consumption_English.xls,2003-04,19,2026-08-21T15:32:18.450360+00:00,1.0
2003-04-01,2003,2003-04,April,Others,81.77643000000003,Thousand Metric Tonnes (TMT),PPAC,1777985064_PT_Consumption_English.xls,2003-04,20,2026-08-21T15:32:18.450360+00:00,1.0
2003-05-01,2003,2003-04,May,Others,117.3623700000002,Thousand Metric Tonnes (TMT),PPAC,1777985064_PT_Consumption_English.xls,2003-04,20,2026-08-21T15:32:18.450360+00:00,1.0
2003-06-01,2003,2003-04,June,Others,138.85443,Thousand Metric Tonnes (TMT),PPAC,1777985064_PT_Consumption_English.xls,2003-04,20,2026-08-21T15:32:18.450360+00:00,1.0
2003-07-01,2003,2003-04,July,Others,123.05394000000004,Thousand Metric Tonnes (TMT),PPAC,1777985064_PT_Consumption_English.xls,2003-04,20,2026-08-21T15:32:18.450360+00:00,1.0
2003-08-01,2003,2003-04,August,Others,114.69352,Thousand Metric Tonnes (TMT),PPAC,1777985064_PT_Consumption_English.xls,2003-04,20,2026-08-21T15:32:18.450360+00:00,1.0
2003-09-01,2003,2003-04,September,Others,135.3757599999999,Thousand Metric Tonnes (TMT),PPAC,1777985064_PT_Consumption_English.xls,2003-04,20,2026-08-21T15:32:18.450360+00:00,1.0
2003-10-01,2003,2003-04,October,Others,136.5634599999999,Thousand Metric Tonnes (TMT),PPAC,1777985064_PT_Consumption_English.xls,2003-04,20,2026-08-21T15:32:18.450360+00:00,1.0
2003-11-01,2003,2003-04,November,Others,133.59441000000018,Thousand Metric Tonnes (TMT),PPAC,1777985064_PT_Consumption_English.xls,2003-04,20,2026-08-21T15:32:18.450360+00:00,1.0
2003-12-01,2003,2003-04,December,Others,130.10326000000035,Thousand Metric Tonnes (TMT),PPAC,1777985064_PT_Consumption_English.xls,2003-04,20,2026-08-21T15:32:18.450360+00:00,1.0
2004-01-01,2004,2003-04,January,Others,144.26093000000014,Thousand Metric Tonnes (TMT),PPAC,1777985064_PT_Consumption_English.xls,2003-04,20,2026-08-21T15:32:18.450360+00:00,1.0
2004-02-01,2004,2003-04,February,Others,141.22571000000005,Thousand Metric Tonnes (TMT),PPAC,1777985064_PT_Consumption_English.xls,2003-04,20,2026-08-21T15:32:18.450360+00:00,1.0
2004-03-01,2004,2003-04,March,Others,130.08287000000018,Thousand Metric Tonnes (TMT),PPAC,1777985064_PT_Consumption_English.xls,2003-04,20,2026-08-21T15:32:18.450360+00:00,1.0
2004-04-01,2004,2004-05,April,LPG,770.3313599999996,Thousand Metric Tonnes (TMT),PPAC,1777985064_PT_Consumption_English.xls,2004-05,9,2026-08-21T15:32:18.457197+00:00,1.0
2004-05-01,2004,2004-05,May,LPG,798.6229300000018,Thousand Metric Tonnes (TMT),PPAC,1777985064_PT_Consumption_English.xls,2004-05,9,2026-08-21T15:32:18.457197+00:00,1.0
2004-06-01,2004,2004-05,June,LPG,765.0406700000001,Thousand Metric Tonnes (TMT),PPAC,1777985064_PT_Consumption_English.xls,2004-05,9,2026-08-21T15:32:18.457197+00:00,1.0
2004-07-01,2004,2004-05,July,LPG,808.1775700000005,Thousand Metric Tonnes (TMT),PPAC,1777985064_PT_Consumption_English.xls,2004-05,9,2026-08-21T15:32:18.457197+00:00,1.0
2004-08-01,2004,2004-05,August,LPG,812.5005500000016,Thousand Metric Tonnes (TMT),PPAC,1777985064_PT_Consumption_English.xls,2004-05,9,2026-08-21T15:32:18.457197+00:00,1.0
2004-09-01,2004,2004-05,September,LPG,828.6141900000016,Thousand Metric Tonnes (TMT),PPAC,1777985064_PT_Consumption_English.xls,2004-05,9,2026-08-21T15:32:18.457197+00:00,1.0
2004-10-01,2004,2004-05,October,LPG,843.7785900000026,Thousand Metric Tonnes (TMT),PPAC,1777985064_PT_Consumption_English.xls,2004-05,9,2026-08-21T15:32:18.457197+00:00,1.0
2004-11-01,2004,2004-05,November,LPG,846.2944300000015,Thousand Metric Tonnes (TMT),PPAC,1777985064_PT_Consumption_English.xls,2004-05,9,2026-08-21T15:32:18.457197+00:00,1.0
2004-12-01,2004,2004-05,December,LPG,905.1188400000018,Thousand Metric Tonnes (TMT),PPAC,1777985064_PT_Consumption_English.xls,2004-05,9,2026-08-21T15:32:18.457197+00:00,1.0
2005-01-01,2005,2004-05,January,LPG,884.1676900000041,Thousand Metric Tonnes (TMT),PPAC,1777985064_PT_Consumption_English.xls,2004-05,9,2026-08-21T15:32:18.457197+00:00,1.0
2005-02-01,2005,2004-05,February,LPG,858.6490199999996,Thousand Metric Tonnes (TMT),PPAC,1777985064_PT_Consumption_English.xls,2004-05,9,2026-08-21T15:32:18.457197+00:00,1.0
2005-03-01,2005,2004-05,March,LPG,845.4189500000003,Thousand Metric Tonnes (TMT),PPAC,1777985064_PT_Consumption_English.xls,2004-05,9,2026-08-21T15:32:18.457197+00:00,1.0
2004-04-01,2004,2004-05,April,Naphtha,467.34423999999984,Thousand Metric Tonnes (TMT),PPAC,1777985064_PT_Consumption_English.xls,2004-05,10,2026-08-21T15:32:18.457197+00:00,1.0
2004-05-01,2004,2004-05,May,Naphtha,555.5121000000003,Thousand Metric Tonnes (TMT),PPAC,1777985064_PT_Consumption_English.xls,2004-05,10,2026-08-21T15:32:18.457197+00:00,1.0
2004-06-01,2004,2004-05,June,Naphtha,550.47869,Thousand Metric Tonnes (TMT),PPAC,1777985064_PT_Consumption_English.xls,2004-05,10,2026-08-21T15:32:18.457197+00:00,1.0
2004-07-01,2004,2004-05,July,Naphtha,534.2968000000001,Thousand Metric Tonnes (TMT),PPAC,1777985064_PT_Consumption_English.xls,2004-05,10,2026-08-21T15:32:18.457197+00:00,1.0
2004-08-01,2004,2004-05,August,Naphtha,497.85136000000006,Thousand Metric Tonnes (TMT),PPAC,1777985064_PT_Consumption_English.xls,2004-05,10,2026-08-21T15:32:18.457197+00:00,1.0
2004-09-01,2004,2004-05,September,Naphtha,565.0342200000001,Thousand Metric Tonnes (TMT),PPAC,1777985064_PT_Consumption_English.xls,2004-05,10,2026-08-21T15:32:18.457197+00:00,1.0
2004-10-01,2004,2004-05,October,Naphtha,534.1524300000001,Thousand Metric Tonnes (TMT),PPAC,1777985064_PT_Consumption_English.xls,2004-05,10,2026-08-21T15:32:18.457197+00:00,1.0
2004-11-01,2004,2004-05,November,Naphtha,551.4792700000003,Thousand Metric Tonnes (TMT),PPAC,1777985064_PT_Consumption_English.xls,2004-05,10,2026-08-21T15:32:18.457197+00:00,1.0
2004-12-01,2004,2004-05,December,Naphtha,614.01285,Thousand Metric Tonnes (TMT),PPAC,1777985064_PT_Consumption_English.xls,2004-05,10,2026-08-21T15:32:18.457197+00:00,1.0
2005-01-01,2005,2004-05,January,Naphtha,663.5066200000001,Thousand Metric Tonnes (TMT),PPAC,1777985064_PT_Consumption_English.xls,2004-05,10,2026-08-21T15:32:18.457197+00:00,1.0
2005-02-01,2005,2004-05,February,Naphtha,520.6351899999999,Thousand Metric Tonnes (TMT),PPAC,1777985064_PT_Consumption_English.xls,2004-05,10,2026-08-21T15:32:18.457197+00:00,1.0
2005-03-01,2005,2004-05,March,Naphtha,495.59887000000003,Thousand Metric Tonnes (TMT),PPAC,1777985064_PT_Consumption_English.xls,2004-05,10,2026-08-21T15:32:18.457197+00:00,1.0
2004-04-01,2004,2004-05,April,MS,674.1761300000184,Thousand Metric Tonnes (TMT),PPAC,1777985064_PT_Consumption_English.xls,2004-05,11,2026-08-21T15:32:18.457197+00:00,1.0
2004-05-01,2004,2004-05,May,MS,732.206770000018,Thousand Metric Tonnes (TMT),PPAC,1777985064_PT_Consumption_English.xls,2004-05,11,2026-08-21T15:32:18.457197+00:00,1.0
2004-06-01,2004,2004-05,June,MS,685.1992500000131,Thousand Metric Tonnes (TMT),PPAC,1777985064_PT_Consumption_English.xls,2004-05,11,2026-08-21T15:32:18.457197+00:00,1.0
2004-07-01,2004,2004-05,July,MS,695.922250000012,Thousand Metric Tonnes (TMT),PPAC,1777985064_PT_Consumption_English.xls,2004-05,11,2026-08-21T15:32:18.457197+00:00,1.0
2004-08-01,2004,2004-05,August,MS,627.0746100000151,Thousand Metric Tonnes (TMT),PPAC,1777985064_PT_Consumption_English.xls,2004-05,11,2026-08-21T15:32:18.457197+00:00,1.0
2004-09-01,2004,2004-05,September,MS,673.4675600000118,Thousand Metric Tonnes (TMT),PPAC,1777985064_PT_Consumption_English.xls,2004-05,11,2026-08-21T15:32:18.457197+00:00,1.0
2004-10-01,2004,2004-05,October,MS,686.6182200000105,Thousand Metric Tonnes (TMT),PPAC,1777985064_PT_Consumption_English.xls,2004-05,11,2026-08-21T15:32:18.457197+00:00,1.0
2004-11-01,2004,2004-05,November,MS,623.0685400000107,Thousand Metric Tonnes (TMT),PPAC,1777985064_PT_Consumption_English.xls,2004-05,11,2026-08-21T15:32:18.457197+00:00,1.0
2004-12-01,2004,2004-05,December,MS,692.9885300000052,Thousand Metric Tonnes (TMT),PPAC,1777985064_PT_Consumption_English.xls,2004-05,11,2026-08-21T15:32:18.457197+00:00,1.0
2005-01-01,2005,2004-05,January,MS,674.8462200000095,Thousand Metric Tonnes (TMT),PPAC,1777985064_PT_Consumption_English.xls,2004-05,11,2026-08-21T15:32:18.457197+00:00,1.0
2005-02-01,2005,2004-05,February,MS,649.4170600000139,Thousand Metric Tonnes (TMT),PPAC,1777985064_PT_Consumption_English.xls,2004-05,11,2026-08-21T15:32:18.457197+00:00,1.0
2005-03-01,2005,2004-05,March,MS,746.6938600000119,Thousand Metric Tonnes (TMT),PPAC,1777985064_PT_Consumption_English.xls,2004-05,11,2026-08-21T15:32:18.457197+00:00,1.0
2004-04-01,2004,2004-05,April,ATF,218.15166000000036,Thousand Metric Tonnes (TMT),PPAC,1777985064_PT_Consumption_English.xls,2004-05,12,2026-08-21T15:32:18.457197+00:00,1.0
2004-05-01,2004,2004-05,May,ATF,217.01767000000007,Thousand Metric Tonnes (TMT),PPAC,1777985064_PT_Consumption_English.xls,2004-05,12,2026-08-21T15:32:18.457197+00:00,1.0
2004-06-01,2004,2004-05,June,ATF,212.0777900000001,Thousand Metric Tonnes (TMT),PPAC,1777985064_PT_Consumption_English.xls,2004-05,12,2026-08-21T15:32:18.457197+00:00,1.0
2004-07-01,2004,2004-05,July,ATF,211.4006200000001,Thousand Metric Tonnes (TMT),PPAC,1777985064_PT_Consumption_English.xls,2004-05,12,2026-08-21T15:32:18.457197+00:00,1.0
2004-08-01,2004,2004-05,August,ATF,219.0117000000003,Thousand Metric Tonnes (TMT),PPAC,1777985064_PT_Consumption_English.xls,2004-05,12,2026-08-21T15:32:18.457197+00:00,1.0
2004-09-01,2004,2004-05,September,ATF,216.98550999999995,Thousand Metric Tonnes (TMT),PPAC,1777985064_PT_Consumption_English.xls,2004-05,12,2026-08-21T15:32:18.457197+00:00,1.0
2004-10-01,2004,2004-05,October,ATF,236.70853000000022,Thousand Metric Tonnes (TMT),PPAC,1777985064_PT_Consumption_English.xls,2004-05,12,2026-08-21T15:32:18.457197+00:00,1.0
2004-11-01,2004,2004-05,November,ATF,241.70398000000037,Thousand Metric Tonnes (TMT),PPAC,1777985064_PT_Consumption_English.xls,2004-05,12,2026-08-21T15:32:18.457197+00:00,1.0
2004-12-01,2004,2004-05,December,ATF,262.0237600000003,Thousand Metric Tonnes (TMT),PPAC,1777985064_PT_Consumption_English.xls,2004-05,12,2026-08-21T15:32:18.457197+00:00,1.0
2005-01-01,2005,2004-05,January,ATF,267.0939500000003,Thousand Metric Tonnes (TMT),PPAC,1777985064_PT_Consumption_English.xls,2004-05,12,2026-08-21T15:32:18.457197+00:00,1.0
2005-02-01,2005,2004-05,February,ATF,246.2820599999999,Thousand Metric Tonnes (TMT),PPAC,1777985064_PT_Consumption_English.xls,2004-05,12,2026-08-21T15:32:18.457197+00:00,1.0
2005-03-01,2005,2004-05,March,ATF,266.85380999999995,Thousand Metric Tonnes (TMT),PPAC,1777985064_PT_Consumption_English.xls,2004-05,12,2026-08-21T15:32:18.457197+00:00,1.0
2004-04-01,2004,2004-05,April,SKO,767.5138199999976,Thousand Metric Tonnes (TMT),PPAC,1777985064_PT_Consumption_English.xls,2004-05,13,2026-08-21T15:32:18.457197+00:00,1.0
2004-05-01,2004,2004-05,May,SKO,770.4326699999986,Thousand Metric Tonnes (TMT),PPAC,1777985064_PT_Consumption_English.xls,2004-05,13,2026-08-21T15:32:18.457197+00:00,1.0
2004-06-01,2004,2004-05,June,SKO,771.7512599999993,Thousand Metric Tonnes (TMT),PPAC,1777985064_PT_Consumption_English.xls,2004-05,13,2026-08-21T15:32:18.457197+00:00,1.0
2004-07-01,2004,2004-05,July,SKO,771.1904899999989,Thousand Metric Tonnes (TMT),PPAC,1777985064_PT_Consumption_English.xls,2004-05,13,2026-08-21T15:32:18.457197+00:00,1.0
2004-08-01,2004,2004-05,August,SKO,775.6035399999982,Thousand Metric Tonnes (TMT),PPAC,1777985064_PT_Consumption_English.xls,2004-05,13,2026-08-21T15:32:18.457197+00:00,1.0
2004-09-01,2004,2004-05,September,SKO,768.3475199999981,Thousand Metric Tonnes (TMT),PPAC,1777985064_PT_Consumption_English.xls,2004-05,13,2026-08-21T15:32:18.457197+00:00,1.0
2004-10-01,2004,2004-05,October,SKO,771.1970599999969,Thousand Metric Tonnes (TMT),PPAC,1777985064_PT_Consumption_English.xls,2004-05,13,2026-08-21T15:32:18.457197+00:00,1.0
2004-11-01,2004,2004-05,November,SKO,769.9095399999989,Thousand Metric Tonnes (TMT),PPAC,1777985064_PT_Consumption_English.xls,2004-05,13,2026-08-21T15:32:18.457197+00:00,1.0
2004-12-01,2004,2004-05,December,SKO,776.2351199999979,Thousand Metric Tonnes (TMT),PPAC,1777985064_PT_Consumption_English.xls,2004-05,13,2026-08-21T15:32:18.457197+00:00,1.0
2005-01-01,2005,2004-05,January,SKO,768.2063600000004,Thousand Metric Tonnes (TMT),PPAC,1777985064_PT_Consumption_English.xls,2004-05,13,2026-08-21T15:32:18.457197+00:00,1.0
2005-02-01,2005,2004-05,February,SKO,817.6169200000006,Thousand Metric Tonnes (TMT),PPAC,1777985064_PT_Consumption_English.xls,2004-05,13,2026-08-21T15:32:18.457197+00:00,1.0
2005-03-01,2005,2004-05,March,SKO,866.5779299999973,Thousand Metric Tonnes (TMT),PPAC,1777985064_PT_Consumption_English.xls,2004-05,13,2026-08-21T15:32:18.457197+00:00,1.0
2004-04-01,2004,2004-05,April,HSD,3479.1094199999984,Thousand Metric Tonnes (TMT),PPAC,1777985064_PT_Consumption_English.xls,2004-05,14,2026-08-21T15:32:18.457197+00:00,1.0
2004-05-01,2004,2004-05,May,HSD,3510.641569999991,Thousand Metric Tonnes (TMT),PPAC,1777985064_PT_Consumption_English.xls,2004-05,14,2026-08-21T15:32:18.457197+00:00,1.0
2004-06-01,2004,2004-05,June,HSD,3242.121110000004,Thousand Metric Tonnes (TMT),PPAC,1777985064_PT_Consumption_English.xls,2004-05,14,2026-08-21T15:32:18.457197+00:00,1.0
2004-07-01,2004,2004-05,July,HSD,3333.1084499999765,Thousand Metric Tonnes (TMT),PPAC,1777985064_PT_Consumption_English.xls,2004-05,14,2026-08-21T15:32:18.457197+00:00,1.0
2004-08-01,2004,2004-05,August,HSD,2481.2600099999736,Thousand Metric Tonnes (TMT),PPAC,1777985064_PT_Consumption_English.xls,2004-05,14,2026-08-21T15:32:18.457197+00:00,1.0
2004-09-01,2004,2004-05,September,HSD,3014.118809999997,Thousand Metric Tonnes (TMT),PPAC,1777985064_PT_Consumption_English.xls,2004-05,14,2026-08-21T15:32:18.457197+00:00,1.0
2004-10-01,2004,2004-05,October,HSD,3360.586730000007,Thousand Metric Tonnes (TMT),PPAC,1777985064_PT_Consumption_English.xls,2004-05,14,2026-08-21T15:32:18.457197+00:00,1.0
2004-11-01,2004,2004-05,November,HSD,2900.395329999998,Thousand Metric Tonnes (TMT),PPAC,1777985064_PT_Consumption_English.xls,2004-05,14,2026-08-21T15:32:18.457197+00:00,1.0
2004-12-01,2004,2004-05,December,HSD,3391.0710599999916,Thousand Metric Tonnes (TMT),PPAC,1777985064_PT_Consumption_English.xls,2004-05,14,2026-08-21T15:32:18.457197+00:00,1.0
2005-01-01,2005,2004-05,January,HSD,3113.8401299999823,Thousand Metric Tonnes (TMT),PPAC,1777985064_PT_Consumption_English.xls,2004-05,14,2026-08-21T15:32:18.457197+00:00,1.0
2005-02-01,2005,2004-05,February,HSD,2875.1670199999744,Thousand Metric Tonnes (TMT),PPAC,1777985064_PT_Consumption_English.xls,2004-05,14,2026-08-21T15:32:18.457197+00:00,1.0
2005-03-01,2005,2004-05,March,HSD,3385.4042699999777,Thousand Metric Tonnes (TMT),PPAC,1777985064_PT_Consumption_English.xls,2004-05,14,2026-08-21T15:32:18.457197+00:00,1.0
2004-04-01,2004,2004-05,April,LDO,93.31211000000033,Thousand Metric Tonnes (TMT),PPAC,1777985064_PT_Consumption_English.xls,2004-05,15,2026-08-21T15:32:18.457197+00:00,1.0
2004-05-01,2004,2004-05,May,LDO,100.18255,Thousand Metric Tonnes (TMT),PPAC,1777985064_PT_Consumption_English.xls,2004-05,15,2026-08-21T15:32:18.457197+00:00,1.0
2004-06-01,2004,2004-05,June,LDO,93.7514900000001,Thousand Metric Tonnes (TMT),PPAC,1777985064_PT_Consumption_English.xls,2004-05,15,2026-08-21T15:32:18.457197+00:00,1.0
2004-07-01,2004,2004-05,July,LDO,96.87374000000004,Thousand Metric Tonnes (TMT),PPAC,1777985064_PT_Consumption_English.xls,2004-05,15,2026-08-21T15:32:18.457197+00:00,1.0
2004-08-01,2004,2004-05,August,LDO,83.50216000000022,Thousand Metric Tonnes (TMT),PPAC,1777985064_PT_Consumption_English.xls,2004-05,15,2026-08-21T15:32:18.457197+00:00,1.0
2004-09-01,2004,2004-05,September,LDO,91.81475999999999,Thousand Metric Tonnes (TMT),PPAC,1777985064_PT_Consumption_English.xls,2004-05,15,2026-08-21T15:32:18.457197+00:00,1.0
2004-10-01,2004,2004-05,October,LDO,94.15036000000023,Thousand Metric Tonnes (TMT),PPAC,1777985064_PT_Consumption_English.xls,2004-05,15,2026-08-21T15:32:18.457197+00:00,1.0
2004-11-01,2004,2004-05,November,LDO,86.03374000000024,Thousand Metric Tonnes (TMT),PPAC,1777985064_PT_Consumption_English.xls,2004-05,15,2026-08-21T15:32:18.457197+00:00,1.0
2004-12-01,2004,2004-05,December,LDO,92.07816000000022,Thousand Metric Tonnes (TMT),PPAC,1777985064_PT_Consumption_English.xls,2004-05,15,2026-08-21T15:32:18.457197+00:00,1.0
2005-01-01,2005,2004-05,January,LDO,87.31529000000046,Thousand Metric Tonnes (TMT),PPAC,1777985064_PT_Consumption_English.xls,2004-05,15,2026-08-21T15:32:18.457197+00:00,1.0
2005-02-01,2005,2004-05,February,LDO,78.69133000000035,Thousand Metric Tonnes (TMT),PPAC,1777985064_PT_Consumption_English.xls,2004-05,15,2026-08-21T15:32:18.457197+00:00,1.0
2005-03-01,2005,2004-05,March,LDO,87.70689000000029,Thousand Metric Tonnes (TMT),PPAC,1777985064_PT_Consumption_English.xls,2004-05,15,2026-08-21T15:32:18.457197+00:00,1.0
2004-04-01,2004,2004-05,April,Lubricants & Greases,48.292299999892904,Thousand Metric Tonnes (TMT),PPAC,1777985064_PT_Consumption_English.xls,2004-05,16,2026-08-21T15:32:18.457197+00:00,1.0
2004-05-01,2004,2004-05,May,Lubricants & Greases,55.95399000000134,Thousand Metric Tonnes (TMT),PPAC,1777985064_PT_Consumption_English.xls,2004-05,16,2026-08-21T15:32:18.457197+00:00,1.0
2004-06-01,2004,2004-05,June,Lubricants & Greases,63.917260000002656,Thousand Metric Tonnes (TMT),PPAC,1777985064_PT_Consumption_English.xls,2004-05,16,2026-08-21T15:32:18.457197+00:00,1.0
2004-07-01,2004,2004-05,July,Lubricants & Greases,59.276749999999815,Thousand Metric Tonnes (TMT),PPAC,1777985064_PT_Consumption_English.xls,2004-05,16,2026-08-21T15:32:18.457197+00:00,1.0
2004-08-01,2004,2004-05,August,Lubricants & Greases,54.53031000000352,Thousand Metric Tonnes (TMT),PPAC,1777985064_PT_Consumption_English.xls,2004-05,16,2026-08-21T15:32:18.457197+00:00,1.0
2004-09-01,2004,2004-05,September,Lubricants & Greases,65.43973000000304,Thousand Metric Tonnes (TMT),PPAC,1777985064_PT_Consumption_English.xls,2004-05,16,2026-08-21T15:32:18.457197+00:00,1.0
2004-10-01,2004,2004-05,October,Lubricants & Greases,56.536190000000616,Thousand Metric Tonnes (TMT),PPAC,1777985064_PT_Consumption_English.xls,2004-05,16,2026-08-21T15:32:18.457197+00:00,1.0
2004-11-01,2004,2004-05,November,Lubricants & Greases,61.77719000000216,Thousand Metric Tonnes (TMT),PPAC,1777985064_PT_Consumption_English.xls,2004-05,16,2026-08-21T15:32:18.457197+00:00,1.0
2004-12-01,2004,2004-05,December,Lubricants & Greases,65.25673000000394,Thousand Metric Tonnes (TMT),PPAC,1777985064_PT_Consumption_English.xls,2004-05,16,2026-08-21T15:32:18.457197+00:00,1.0
2005-01-01,2005,2004-05,January,Lubricants & Greases,72.91292000000377,Thousand Metric Tonnes (TMT),PPAC,1777985064_PT_Consumption_English.xls,2004-05,16,2026-08-21T15:32:18.457197+00:00,1.0
2005-02-01,2005,2004-05,February,Lubricants & Greases,72.80887000000465,Thousand Metric Tonnes (TMT),PPAC,1777985064_PT_Consumption_English.xls,2004-05,16,2026-08-21T15:32:18.457197+00:00,1.0
2005-03-01,2005,2004-05,March,Lubricants & Greases,102.04702000000474,Thousand Metric Tonnes (TMT),PPAC,1777985064_PT_Consumption_English.xls,2004-05,16,2026-08-21T15:32:18.457197+00:00,1.0
2004-04-01,2004,2004-05,April,FO & LSHS,989.8549700000066,Thousand Metric Tonnes (TMT),PPAC,1777985064_PT_Consumption_English.xls,2004-05,17,2026-08-21T15:32:18.457197+00:00,1.0
2004-05-01,2004,2004-05,May,FO & LSHS,1031.5965300000016,Thousand Metric Tonnes (TMT),PPAC,1777985064_PT_Consumption_English.xls,2004-05,17,2026-08-21T15:32:18.457197+00:00,1.0
2004-06-01,2004,2004-05,June,FO & LSHS,1000.4527800000025,Thousand Metric Tonnes (TMT),PPAC,1777985064_PT_Consumption_English.xls,2004-05,17,2026-08-21T15:32:18.457197+00:00,1.0
2004-07-01,2004,2004-05,July,FO & LSHS,1033.790930000001,Thousand Metric Tonnes (TMT),PPAC,1777985064_PT_Consumption_English.xls,2004-05,17,2026-08-21T15:32:18.457197+00:00,1.0
2004-08-01,2004,2004-05,August,FO & LSHS,1003.3919199999995,Thousand Metric Tonnes (TMT),PPAC,1777985064_PT_Consumption_English.xls,2004-05,17,2026-08-21T15:32:18.457197+00:00,1.0
2004-09-01,2004,2004-05,September,FO & LSHS,936.6247300000016,Thousand Metric Tonnes (TMT),PPAC,1777985064_PT_Consumption_English.xls,2004-05,17,2026-08-21T15:32:18.457197+00:00,1.0
2004-10-01,2004,2004-05,October,FO & LSHS,1049.018560000006,Thousand Metric Tonnes (TMT),PPAC,1777985064_PT_Consumption_English.xls,2004-05,17,2026-08-21T15:32:18.457197+00:00,1.0
2004-11-01,2004,2004-05,November,FO & LSHS,971.6101900000025,Thousand Metric Tonnes (TMT),PPAC,1777985064_PT_Consumption_English.xls,2004-05,17,2026-08-21T15:32:18.457197+00:00,1.0
2004-12-01,2004,2004-05,December,FO & LSHS,1127.0778300000065,Thousand Metric Tonnes (TMT),PPAC,1777985064_PT_Consumption_English.xls,2004-05,17,2026-08-21T15:32:18.457197+00:00,1.0
2005-01-01,2005,2004-05,January,FO & LSHS,1122.495660000001,Thousand Metric Tonnes (TMT),PPAC,1777985064_PT_Consumption_English.xls,2004-05,17,2026-08-21T15:32:18.457197+00:00,1.0
2005-02-01,2005,2004-05,February,FO & LSHS,1007.832030000001,Thousand Metric Tonnes (TMT),PPAC,1777985064_PT_Consumption_English.xls,2004-05,17,2026-08-21T15:32:18.457197+00:00,1.0
2005-03-01,2005,2004-05,March,FO & LSHS,1185.0914500000029,Thousand Metric Tonnes (TMT),PPAC,1777985064_PT_Consumption_English.xls,2004-05,17,2026-08-21T15:32:18.457197+00:00,1.0
2004-04-01,2004,2004-05,April,Bitumen,399.00761000000045,Thousand Metric Tonnes (TMT),PPAC,1777985064_PT_Consumption_English.xls,2004-05,18,2026-08-21T15:32:18.457197+00:00,1.0
2004-05-01,2004,2004-05,May,Bitumen,351.2353599999998,Thousand Metric Tonnes (TMT),PPAC,1777985064_PT_Consumption_English.xls,2004-05,18,2026-08-21T15:32:18.457197+00:00,1.0
2004-06-01,2004,2004-05,June,Bitumen,287.0151900000002,Thousand Metric Tonnes (TMT),PPAC,1777985064_PT_Consumption_English.xls,2004-05,18,2026-08-21T15:32:18.457197+00:00,1.0
2004-07-01,2004,2004-05,July,Bitumen,179.37978999999982,Thousand Metric Tonnes (TMT),PPAC,1777985064_PT_Consumption_English.xls,2004-05,18,2026-08-21T15:32:18.457197+00:00,1.0
2004-08-01,2004,2004-05,August,Bitumen,111.74526999999999,Thousand Metric Tonnes (TMT),PPAC,1777985064_PT_Consumption_English.xls,2004-05,18,2026-08-21T15:32:18.457197+00:00,1.0
2004-09-01,2004,2004-05,September,Bitumen,159.5950500000001,Thousand Metric Tonnes (TMT),PPAC,1777985064_PT_Consumption_English.xls,2004-05,18,2026-08-21T15:32:18.457197+00:00,1.0
2004-10-01,2004,2004-05,October,Bitumen,211.20297999999997,Thousand Metric Tonnes (TMT),PPAC,1777985064_PT_Consumption_English.xls,2004-05,18,2026-08-21T15:32:18.457197+00:00,1.0
2004-11-01,2004,2004-05,November,Bitumen,257.4108500000001,Thousand Metric Tonnes (TMT),PPAC,1777985064_PT_Consumption_English.xls,2004-05,18,2026-08-21T15:32:18.457197+00:00,1.0
2004-12-01,2004,2004-05,December,Bitumen,322.5457199999988,Thousand Metric Tonnes (TMT),PPAC,1777985064_PT_Consumption_English.xls,2004-05,18,2026-08-21T15:32:18.457197+00:00,1.0
2005-01-01,2005,2004-05,January,Bitumen,304.76759000000015,Thousand Metric Tonnes (TMT),PPAC,1777985064_PT_Consumption_English.xls,2004-05,18,2026-08-21T15:32:18.457197+00:00,1.0
2005-02-01,2005,2004-05,February,Bitumen,320.0253299999979,Thousand Metric Tonnes (TMT),PPAC,1777985064_PT_Consumption_English.xls,2004-05,18,2026-08-21T15:32:18.457197+00:00,1.0
2005-03-01,2005,2004-05,March,Bitumen,414.4654699999999,Thousand Metric Tonnes (TMT),PPAC,1777985064_PT_Consumption_English.xls,2004-05,18,2026-08-21T15:32:18.457197+00:00,1.0
2004-04-01,2004,2004-05,April,Petroleum coke,38.53524999999999,Thousand Metric Tonnes (TMT),PPAC,1777985064_PT_Consumption_English.xls,2004-05,19,2026-08-21T15:32:18.457197+00:00,1.0
2004-05-01,2004,2004-05,May,Petroleum coke,35.63100000000001,Thousand Metric Tonnes (TMT),PPAC,1777985064_PT_Consumption_English.xls,2004-05,19,2026-08-21T15:32:18.457197+00:00,1.0
2004-06-01,2004,2004-05,June,Petroleum coke,32.44784,Thousand Metric Tonnes (TMT),PPAC,1777985064_PT_Consumption_English.xls,2004-05,19,2026-08-21T15:32:18.457197+00:00,1.0
2004-07-01,2004,2004-05,July,Petroleum coke,32.20466,Thousand Metric Tonnes (TMT),PPAC,1777985064_PT_Consumption_English.xls,2004-05,19,2026-08-21T15:32:18.457197+00:00,1.0
2004-08-01,2004,2004-05,August,Petroleum coke,29.938320000000004,Thousand Metric Tonnes (TMT),PPAC,1777985064_PT_Consumption_English.xls,2004-05,19,2026-08-21T15:32:18.457197+00:00,1.0
2004-09-01,2004,2004-05,September,Petroleum coke,29.998920000000002,Thousand Metric Tonnes (TMT),PPAC,1777985064_PT_Consumption_English.xls,2004-05,19,2026-08-21T15:32:18.457197+00:00,1.0
2004-10-01,2004,2004-05,October,Petroleum coke,30.77826,Thousand Metric Tonnes (TMT),PPAC,1777985064_PT_Consumption_English.xls,2004-05,19,2026-08-21T15:32:18.457197+00:00,1.0
2004-11-01,2004,2004-05,November,Petroleum coke,41.88978999999999,Thousand Metric Tonnes (TMT),PPAC,1777985064_PT_Consumption_English.xls,2004-05,19,2026-08-21T15:32:18.457197+00:00,1.0
2004-12-01,2004,2004-05,December,Petroleum coke,48.78942000000002,Thousand Metric Tonnes (TMT),PPAC,1777985064_PT_Consumption_English.xls,2004-05,19,2026-08-21T15:32:18.457197+00:00,1.0
2005-01-01,2005,2004-05,January,Petroleum coke,37.683690000000006,Thousand Metric Tonnes (TMT),PPAC,1777985064_PT_Consumption_English.xls,2004-05,19,2026-08-21T15:32:18.457197+00:00,1.0
2005-02-01,2005,2004-05,February,Petroleum coke,41.092879999999994,Thousand Metric Tonnes (TMT),PPAC,1777985064_PT_Consumption_English.xls,2004-05,19,2026-08-21T15:32:18.457197+00:00,1.0
2005-03-01,2005,2004-05,March,Petroleum coke,45.75666,Thousand Metric Tonnes (TMT),PPAC,1777985064_PT_Consumption_English.xls,2004-05,19,2026-08-21T15:32:18.457197+00:00,1.0
2004-04-01,2004,2004-05,April,Others,144.96791999999942,Thousand Metric Tonnes (TMT),PPAC,1777985064_PT_Consumption_English.xls,2004-05,20,2026-08-21T15:32:18.457197+00:00,1.0
2004-05-01,2004,2004-05,May,Others,132.07438000000008,Thousand Metric Tonnes (TMT),PPAC,1777985064_PT_Consumption_English.xls,2004-05,20,2026-08-21T15:32:18.457197+00:00,1.0
2004-06-01,2004,2004-05,June,Others,121.04743999999971,Thousand Metric Tonnes (TMT),PPAC,1777985064_PT_Consumption_English.xls,2004-05,20,2026-08-21T15:32:18.457197+00:00,1.0
2004-07-01,2004,2004-05,July,Others,145.75947999999985,Thousand Metric Tonnes (TMT),PPAC,1777985064_PT_Consumption_English.xls,2004-05,20,2026-08-21T15:32:18.457197+00:00,1.0
2004-08-01,2004,2004-05,August,Others,138.13795999999985,Thousand Metric Tonnes (TMT),PPAC,1777985064_PT_Consumption_English.xls,2004-05,20,2026-08-21T15:32:18.457197+00:00,1.0
2004-09-01,2004,2004-05,September,Others,115.37425000000029,Thousand Metric Tonnes (TMT),PPAC,1777985064_PT_Consumption_English.xls,2004-05,20,2026-08-21T15:32:18.457197+00:00,1.0
2004-10-01,2004,2004-05,October,Others,127.1542499999997,Thousand Metric Tonnes (TMT),PPAC,1777985064_PT_Consumption_English.xls,2004-05,20,2026-08-21T15:32:18.457197+00:00,1.0
2004-11-01,2004,2004-05,November,Others,119.55470000000001,Thousand Metric Tonnes (TMT),PPAC,1777985064_PT_Consumption_English.xls,2004-05,20,2026-08-21T15:32:18.457197+00:00,1.0
2004-12-01,2004,2004-05,December,Others,122.24669999999978,Thousand Metric Tonnes (TMT),PPAC,1777985064_PT_Consumption_English.xls,2004-05,20,2026-08-21T15:32:18.457197+00:00,1.0
2005-01-01,2005,2004-05,January,Others,124.50084999999979,Thousand Metric Tonnes (TMT),PPAC,1777985064_PT_Consumption_English.xls,2004-05,20,2026-08-21T15:32:18.457197+00:00,1.0
2005-02-01,2005,2004-05,February,Others,120.40833000000003,Thousand Metric Tonnes (TMT),PPAC,1777985064_PT_Consumption_English.xls,2004-05,20,2026-08-21T15:32:18.457197+00:00,1.0
2005-03-01,2005,2004-05,March,Others,120.57145999999999,Thousand Metric Tonnes (TMT),PPAC,1777985064_PT_Consumption_English.xls,2004-05,20,2026-08-21T15:32:18.457197+00:00,1.0
2005-04-01,2005,2005-06,April,LPG,815.6524350000016,Thousand Metric Tonnes (TMT),PPAC,1777985064_PT_Consumption_English.xls,2005-06,9,2026-08-21T15:32:18.464908+00:00,1.0
2005-05-01,2005,2005-06,May,LPG,811.1630040000043,Thousand Metric Tonnes (TMT),PPAC,1777985064_PT_Consumption_English.xls,2005-06,9,2026-08-21T15:32:18.464908+00:00,1.0
2005-06-01,2005,2005-06,June,LPG,793.9223830000001,Thousand Metric Tonnes (TMT),PPAC,1777985064_PT_Consumption_English.xls,2005-06,9,2026-08-21T15:32:18.464908+00:00,1.0
2005-07-01,2005,2005-06,July,LPG,834.4248729999985,Thousand Metric Tonnes (TMT),PPAC,1777985064_PT_Consumption_English.xls,2005-06,9,2026-08-21T15:32:18.464908+00:00,1.0
2005-08-01,2005,2005-06,August,LPG,882.7685399999968,Thousand Metric Tonnes (TMT),PPAC,1777985064_PT_Consumption_English.xls,2005-06,9,2026-08-21T15:32:18.464908+00:00,1.0
2005-09-01,2005,2005-06,September,LPG,846.4228829999978,Thousand Metric Tonnes (TMT),PPAC,1777985064_PT_Consumption_English.xls,2005-06,9,2026-08-21T15:32:18.464908+00:00,1.0
2005-10-01,2005,2005-06,October,LPG,968.7069810000012,Thousand Metric Tonnes (TMT),PPAC,1777985064_PT_Consumption_English.xls,2005-06,9,2026-08-21T15:32:18.464908+00:00,1.0
2005-11-01,2005,2005-06,November,LPG,904.0694689999964,Thousand Metric Tonnes (TMT),PPAC,1777985064_PT_Consumption_English.xls,2005-06,9,2026-08-21T15:32:18.464908+00:00,1.0
2005-12-01,2005,2005-06,December,LPG,931.0331919999991,Thousand Metric Tonnes (TMT),PPAC,1777985064_PT_Consumption_English.xls,2005-06,9,2026-08-21T15:32:18.464908+00:00,1.0
2006-01-01,2006,2005-06,January,LPG,919.1126970000012,Thousand Metric Tonnes (TMT),PPAC,1777985064_PT_Consumption_English.xls,2005-06,9,2026-08-21T15:32:18.464908+00:00,1.0
2006-02-01,2006,2005-06,February,LPG,877.7759119999986,Thousand Metric Tonnes (TMT),PPAC,1777985064_PT_Consumption_English.xls,2005-06,9,2026-08-21T15:32:18.464908+00:00,1.0
2006-03-01,2006,2005-06,March,LPG,871.3048099999983,Thousand Metric Tonnes (TMT),PPAC,1777985064_PT_Consumption_English.xls,2005-06,9,2026-08-21T15:32:18.464908+00:00,1.0
2005-04-01,2005,2005-06,April,Naphtha,927.0045499999999,Thousand Metric Tonnes (TMT),PPAC,1777985064_PT_Consumption_English.xls,2005-06,10,2026-08-21T15:32:18.464908+00:00,1.0
2005-05-01,2005,2005-06,May,Naphtha,1034.10174,Thousand Metric Tonnes (TMT),PPAC,1777985064_PT_Consumption_English.xls,2005-06,10,2026-08-21T15:32:18.464908+00:00,1.0
2005-06-01,2005,2005-06,June,Naphtha,1030.62235,Thousand Metric Tonnes (TMT),PPAC,1777985064_PT_Consumption_English.xls,2005-06,10,2026-08-21T15:32:18.464908+00:00,1.0
2005-07-01,2005,2005-06,July,Naphtha,1036.42496,Thousand Metric Tonnes (TMT),PPAC,1777985064_PT_Consumption_English.xls,2005-06,10,2026-08-21T15:32:18.464908+00:00,1.0
2005-08-01,2005,2005-06,August,Naphtha,1023.5004599999999,Thousand Metric Tonnes (TMT),PPAC,1777985064_PT_Consumption_English.xls,2005-06,10,2026-08-21T15:32:18.464908+00:00,1.0
2005-09-01,2005,2005-06,September,Naphtha,1044.9332900000002,Thousand Metric Tonnes (TMT),PPAC,1777985064_PT_Consumption_English.xls,2005-06,10,2026-08-21T15:32:18.464908+00:00,1.0
2005-10-01,2005,2005-06,October,Naphtha,1011.86341,Thousand Metric Tonnes (TMT),PPAC,1777985064_PT_Consumption_English.xls,2005-06,10,2026-08-21T15:32:18.464908+00:00,1.0
2005-11-01,2005,2005-06,November,Naphtha,824.46337,Thousand Metric Tonnes (TMT),PPAC,1777985064_PT_Consumption_English.xls,2005-06,10,2026-08-21T15:32:18.464908+00:00,1.0
2005-12-01,2005,2005-06,December,Naphtha,1077.79053,Thousand Metric Tonnes (TMT),PPAC,1777985064_PT_Consumption_English.xls,2005-06,10,2026-08-21T15:32:18.464908+00:00,1.0
2006-01-01,2006,2005-06,January,Naphtha,1072.30732,Thousand Metric Tonnes (TMT),PPAC,1777985064_PT_Consumption_English.xls,2005-06,10,2026-08-21T15:32:18.464908+00:00,1.0
2006-02-01,2006,2005-06,February,Naphtha,1067.5191140000002,Thousand Metric Tonnes (TMT),PPAC,1777985064_PT_Consumption_English.xls,2005-06,10,2026-08-21T15:32:18.464908+00:00,1.0
2006-03-01,2006,2005-06,March,Naphtha,1043.5339,Thousand Metric Tonnes (TMT),PPAC,1777985064_PT_Consumption_English.xls,2005-06,10,2026-08-21T15:32:18.464908+00:00,1.0
2005-04-01,2005,2005-06,April,MS,670.8934250000151,Thousand Metric Tonnes (TMT),PPAC,1777985064_PT_Consumption_English.xls,2005-06,11,2026-08-21T15:32:18.464908+00:00,1.0
2005-05-01,2005,2005-06,May,MS,795.5175100000172,Thousand Metric Tonnes (TMT),PPAC,1777985064_PT_Consumption_English.xls,2005-06,11,2026-08-21T15:32:18.464908+00:00,1.0
2005-06-01,2005,2005-06,June,MS,721.5027500000131,Thousand Metric Tonnes (TMT),PPAC,1777985064_PT_Consumption_English.xls,2005-06,11,2026-08-21T15:32:18.464908+00:00,1.0
2005-07-01,2005,2005-06,July,MS,700.9550800000081,Thousand Metric Tonnes (TMT),PPAC,1777985064_PT_Consumption_English.xls,2005-06,11,2026-08-21T15:32:18.464908+00:00,1.0
2005-08-01,2005,2005-06,August,MS,755.861908927508,Thousand Metric Tonnes (TMT),PPAC,1777985064_PT_Consumption_English.xls,2005-06,11,2026-08-21T15:32:18.464908+00:00,1.0
2005-09-01,2005,2005-06,September,MS,661.4366800000095,Thousand Metric Tonnes (TMT),PPAC,1777985064_PT_Consumption_English.xls,2005-06,11,2026-08-21T15:32:18.464908+00:00,1.0
2005-10-01,2005,2005-06,October,MS,714.0970402552639,Thousand Metric Tonnes (TMT),PPAC,1777985064_PT_Consumption_English.xls,2005-06,11,2026-08-21T15:32:18.464908+00:00,1.0
2005-11-01,2005,2005-06,November,MS,699.4518880060111,Thousand Metric Tonnes (TMT),PPAC,1777985064_PT_Consumption_English.xls,2005-06,11,2026-08-21T15:32:18.464908+00:00,1.0
2005-12-01,2005,2005-06,December,MS,732.8966005140101,Thousand Metric Tonnes (TMT),PPAC,1777985064_PT_Consumption_English.xls,2005-06,11,2026-08-21T15:32:18.464908+00:00,1.0
2006-01-01,2006,2005-06,January,MS,712.5970114660108,Thousand Metric Tonnes (TMT),PPAC,1777985064_PT_Consumption_English.xls,2005-06,11,2026-08-21T15:32:18.464908+00:00,1.0
2006-02-01,2006,2005-06,February,MS,717.7893708507606,Thousand Metric Tonnes (TMT),PPAC,1777985064_PT_Consumption_English.xls,2005-06,11,2026-08-21T15:32:18.464908+00:00,1.0
2006-03-01,2006,2005-06,March,MS,763.4591069520112,Thousand Metric Tonnes (TMT),PPAC,1777985064_PT_Consumption_English.xls,2005-06,11,2026-08-21T15:32:18.464908+00:00,1.0
2005-04-01,2005,2005-06,April,ATF,243.67585000000008,Thousand Metric Tonnes (TMT),PPAC,1777985064_PT_Consumption_English.xls,2005-06,12,2026-08-21T15:32:18.464908+00:00,1.0
2005-05-01,2005,2005-06,May,ATF,248.65831000000003,Thousand Metric Tonnes (TMT),PPAC,1777985064_PT_Consumption_English.xls,2005-06,12,2026-08-21T15:32:18.464908+00:00,1.0
2005-06-01,2005,2005-06,June,ATF,240.81050000000008,Thousand Metric Tonnes (TMT),PPAC,1777985064_PT_Consumption_English.xls,2005-06,12,2026-08-21T15:32:18.464908+00:00,1.0
2005-07-01,2005,2005-06,July,ATF,241.31077000000002,Thousand Metric Tonnes (TMT),PPAC,1777985064_PT_Consumption_English.xls,2005-06,12,2026-08-21T15:32:18.464908+00:00,1.0
2005-08-01,2005,2005-06,August,ATF,255.15446,Thousand Metric Tonnes (TMT),PPAC,1777985064_PT_Consumption_English.xls,2005-06,12,2026-08-21T15:32:18.464908+00:00,1.0
2005-09-01,2005,2005-06,September,ATF,256.0534000000001,Thousand Metric Tonnes (TMT),PPAC,1777985064_PT_Consumption_English.xls,2005-06,12,2026-08-21T15:32:18.464908+00:00,1.0
2005-10-01,2005,2005-06,October,ATF,269.43961999999976,Thousand Metric Tonnes (TMT),PPAC,1777985064_PT_Consumption_English.xls,2005-06,12,2026-08-21T15:32:18.464908+00:00,1.0
2005-11-01,2005,2005-06,November,ATF,284.52413,Thousand Metric Tonnes (TMT),PPAC,1777985064_PT_Consumption_English.xls,2005-06,12,2026-08-21T15:32:18.464908+00:00,1.0
2005-12-01,2005,2005-06,December,ATF,313.20501999999993,Thousand Metric Tonnes (TMT),PPAC,1777985064_PT_Consumption_English.xls,2005-06,12,2026-08-21T15:32:18.464908+00:00,1.0
2006-01-01,2006,2005-06,January,ATF,325.9337400000002,Thousand Metric Tonnes (TMT),PPAC,1777985064_PT_Consumption_English.xls,2005-06,12,2026-08-21T15:32:18.464908+00:00,1.0
2006-02-01,2006,2005-06,February,ATF,296.3532900000001,Thousand Metric Tonnes (TMT),PPAC,1777985064_PT_Consumption_English.xls,2005-06,12,2026-08-21T15:32:18.464908+00:00,1.0
2006-03-01,2006,2005-06,March,ATF,326.10846,Thousand Metric Tonnes (TMT),PPAC,1777985064_PT_Consumption_English.xls,2005-06,12,2026-08-21T15:32:18.464908+00:00,1.0
2005-04-01,2005,2005-06,April,SKO,792.2335999999982,Thousand Metric Tonnes (TMT),PPAC,1777985064_PT_Consumption_English.xls,2005-06,13,2026-08-21T15:32:18.464908+00:00,1.0
2005-05-01,2005,2005-06,May,SKO,808.4137499999971,Thousand Metric Tonnes (TMT),PPAC,1777985064_PT_Consumption_English.xls,2005-06,13,2026-08-21T15:32:18.464908+00:00,1.0
2005-06-01,2005,2005-06,June,SKO,822.7004099999984,Thousand Metric Tonnes (TMT),PPAC,1777985064_PT_Consumption_English.xls,2005-06,13,2026-08-21T15:32:18.464908+00:00,1.0
2005-07-01,2005,2005-06,July,SKO,824.6740899999984,Thousand Metric Tonnes (TMT),PPAC,1777985064_PT_Consumption_English.xls,2005-06,13,2026-08-21T15:32:18.464908+00:00,1.0
2005-08-01,2005,2005-06,August,SKO,812.6813499999942,Thousand Metric Tonnes (TMT),PPAC,1777985064_PT_Consumption_English.xls,2005-06,13,2026-08-21T15:32:18.464908+00:00,1.0
2005-09-01,2005,2005-06,September,SKO,788.8880499999999,Thousand Metric Tonnes (TMT),PPAC,1777985064_PT_Consumption_English.xls,2005-06,13,2026-08-21T15:32:18.464908+00:00,1.0
2005-10-01,2005,2005-06,October,SKO,774.1785099999998,Thousand Metric Tonnes (TMT),PPAC,1777985064_PT_Consumption_English.xls,2005-06,13,2026-08-21T15:32:18.464908+00:00,1.0
2005-11-01,2005,2005-06,November,SKO,773.2369599999987,Thousand Metric Tonnes (TMT),PPAC,1777985064_PT_Consumption_English.xls,2005-06,13,2026-08-21T15:32:18.464908+00:00,1.0
2005-12-01,2005,2005-06,December,SKO,790.7823099999986,Thousand Metric Tonnes (TMT),PPAC,1777985064_PT_Consumption_English.xls,2005-06,13,2026-08-21T15:32:18.464908+00:00,1.0
2006-01-01,2006,2005-06,January,SKO,791.6798300000004,Thousand Metric Tonnes (TMT),PPAC,1777985064_PT_Consumption_English.xls,2005-06,13,2026-08-21T15:32:18.464908+00:00,1.0
2006-02-01,2006,2005-06,February,SKO,778.8519299999998,Thousand Metric Tonnes (TMT),PPAC,1777985064_PT_Consumption_English.xls,2005-06,13,2026-08-21T15:32:18.464908+00:00,1.0
2006-03-01,2006,2005-06,March,SKO,782.1851999999994,Thousand Metric Tonnes (TMT),PPAC,1777985064_PT_Consumption_English.xls,2005-06,13,2026-08-21T15:32:18.464908+00:00,1.0
2005-04-01,2005,2005-06,April,HSD,3356.9418349999987,Thousand Metric Tonnes (TMT),PPAC,1777985064_PT_Consumption_English.xls,2005-06,14,2026-08-21T15:32:18.464908+00:00,1.0
2005-05-01,2005,2005-06,May,HSD,3548.869419999981,Thousand Metric Tonnes (TMT),PPAC,1777985064_PT_Consumption_English.xls,2005-06,14,2026-08-21T15:32:18.464908+00:00,1.0
2005-06-01,2005,2005-06,June,HSD,3397.6528483999846,Thousand Metric Tonnes (TMT),PPAC,1777985064_PT_Consumption_English.xls,2005-06,14,2026-08-21T15:32:18.464908+00:00,1.0
2005-07-01,2005,2005-06,July,HSD,3108.8876121999883,Thousand Metric Tonnes (TMT),PPAC,1777985064_PT_Consumption_English.xls,2005-06,14,2026-08-21T15:32:18.464908+00:00,1.0
2005-08-01,2005,2005-06,August,HSD,3170.1990676883893,Thousand Metric Tonnes (TMT),PPAC,1777985064_PT_Consumption_English.xls,2005-06,14,2026-08-21T15:32:18.464908+00:00,1.0
2005-09-01,2005,2005-06,September,HSD,2815.0961510999705,Thousand Metric Tonnes (TMT),PPAC,1777985064_PT_Consumption_English.xls,2005-06,14,2026-08-21T15:32:18.464908+00:00,1.0
2005-10-01,2005,2005-06,October,HSD,3299.824657402989,Thousand Metric Tonnes (TMT),PPAC,1777985064_PT_Consumption_English.xls,2005-06,14,2026-08-21T15:32:18.464908+00:00,1.0
2005-11-01,2005,2005-06,November,HSD,3371.022318023982,Thousand Metric Tonnes (TMT),PPAC,1777985064_PT_Consumption_English.xls,2005-06,14,2026-08-21T15:32:18.464908+00:00,1.0
2005-12-01,2005,2005-06,December,HSD,3684.4707703720114,Thousand Metric Tonnes (TMT),PPAC,1777985064_PT_Consumption_English.xls,2005-06,14,2026-08-21T15:32:18.464908+00:00,1.0
2006-01-01,2006,2005-06,January,HSD,3430.298651850988,Thousand Metric Tonnes (TMT),PPAC,1777985064_PT_Consumption_English.xls,2005-06,14,2026-08-21T15:32:18.464908+00:00,1.0
2006-02-01,2006,2005-06,February,HSD,3428.4223273239986,Thousand Metric Tonnes (TMT),PPAC,1777985064_PT_Consumption_English.xls,2005-06,14,2026-08-21T15:32:18.464908+00:00,1.0
2006-03-01,2006,2005-06,March,HSD,3579.274319108974,Thousand Metric Tonnes (TMT),PPAC,1777985064_PT_Consumption_English.xls,2005-06,14,2026-08-21T15:32:18.464908+00:00,1.0
2005-04-01,2005,2005-06,April,LDO,79.20118000000022,Thousand Metric Tonnes (TMT),PPAC,1777985064_PT_Consumption_English.xls,2005-06,15,2026-08-21T15:32:18.464908+00:00,1.0
2005-05-01,2005,2005-06,May,LDO,80.84284000000046,Thousand Metric Tonnes (TMT),PPAC,1777985064_PT_Consumption_English.xls,2005-06,15,2026-08-21T15:32:18.464908+00:00,1.0
2005-06-01,2005,2005-06,June,LDO,83.18839700000032,Thousand Metric Tonnes (TMT),PPAC,1777985064_PT_Consumption_English.xls,2005-06,15,2026-08-21T15:32:18.464908+00:00,1.0
2005-07-01,2005,2005-06,July,LDO,76.78484600000026,Thousand Metric Tonnes (TMT),PPAC,1777985064_PT_Consumption_English.xls,2005-06,15,2026-08-21T15:32:18.464908+00:00,1.0
2005-08-01,2005,2005-06,August,LDO,81.22101300000011,Thousand Metric Tonnes (TMT),PPAC,1777985064_PT_Consumption_English.xls,2005-06,15,2026-08-21T15:32:18.464908+00:00,1.0
2005-09-01,2005,2005-06,September,LDO,67.09526000000048,Thousand Metric Tonnes (TMT),PPAC,1777985064_PT_Consumption_English.xls,2005-06,15,2026-08-21T15:32:18.464908+00:00,1.0
2005-10-01,2005,2005-06,October,LDO,71.7870200000003,Thousand Metric Tonnes (TMT),PPAC,1777985064_PT_Consumption_English.xls,2005-06,15,2026-08-21T15:32:18.464908+00:00,1.0
2005-11-01,2005,2005-06,November,LDO,73.14102000000041,Thousand Metric Tonnes (TMT),PPAC,1777985064_PT_Consumption_English.xls,2005-06,15,2026-08-21T15:32:18.464908+00:00,1.0
2005-12-01,2005,2005-06,December,LDO,71.87659000000023,Thousand Metric Tonnes (TMT),PPAC,1777985064_PT_Consumption_English.xls,2005-06,15,2026-08-21T15:32:18.464908+00:00,1.0
2006-01-01,2006,2005-06,January,LDO,68.23610000000046,Thousand Metric Tonnes (TMT),PPAC,1777985064_PT_Consumption_English.xls,2005-06,15,2026-08-21T15:32:18.464908+00:00,1.0
2006-02-01,2006,2005-06,February,LDO,65.70772000000025,Thousand Metric Tonnes (TMT),PPAC,1777985064_PT_Consumption_English.xls,2005-06,15,2026-08-21T15:32:18.464908+00:00,1.0
2006-03-01,2006,2005-06,March,LDO,63.448209999999975,Thousand Metric Tonnes (TMT),PPAC,1777985064_PT_Consumption_English.xls,2005-06,15,2026-08-21T15:32:18.464908+00:00,1.0
2005-04-01,2005,2005-06,April,Lubricants & Greases,150.33877000000203,Thousand Metric Tonnes (TMT),PPAC,1777985064_PT_Consumption_English.xls,2005-06,16,2026-08-21T15:32:18.464908+00:00,1.0
2005-05-01,2005,2005-06,May,Lubricants & Greases,205.42275000000586,Thousand Metric Tonnes (TMT),PPAC,1777985064_PT_Consumption_English.xls,2005-06,16,2026-08-21T15:32:18.464908+00:00,1.0
2005-06-01,2005,2005-06,June,Lubricants & Greases,183.11200000000287,Thousand Metric Tonnes (TMT),PPAC,1777985064_PT_Consumption_English.xls,2005-06,16,2026-08-21T15:32:18.464908+00:00,1.0
2005-07-01,2005,2005-06,July,Lubricants & Greases,173.09584300000472,Thousand Metric Tonnes (TMT),PPAC,1777985064_PT_Consumption_English.xls,2005-06,16,2026-08-21T15:32:18.464908+00:00,1.0
2005-08-01,2005,2005-06,August,Lubricants & Greases,216.10824500000462,Thousand Metric Tonnes (TMT),PPAC,1777985064_PT_Consumption_English.xls,2005-06,16,2026-08-21T15:32:18.464908+00:00,1.0
2005-09-01,2005,2005-06,September,Lubricants & Greases,173.46450800000537,Thousand Metric Tonnes (TMT),PPAC,1777985064_PT_Consumption_English.xls,2005-06,16,2026-08-21T15:32:18.464908+00:00,1.0
2005-10-01,2005,2005-06,October,Lubricants & Greases,179.52641800000612,Thousand Metric Tonnes (TMT),PPAC,1777985064_PT_Consumption_English.xls,2005-06,16,2026-08-21T15:32:18.464908+00:00,1.0
2005-11-01,2005,2005-06,November,Lubricants & Greases,174.55975000000757,Thousand Metric Tonnes (TMT),PPAC,1777985064_PT_Consumption_English.xls,2005-06,16,2026-08-21T15:32:18.464908+00:00,1.0
2005-12-01,2005,2005-06,December,Lubricants & Greases,118.087170000005,Thousand Metric Tonnes (TMT),PPAC,1777985064_PT_Consumption_English.xls,2005-06,16,2026-08-21T15:32:18.464908+00:00,1.0
2006-01-01,2006,2005-06,January,Lubricants & Greases,141.48013900000475,Thousand Metric Tonnes (TMT),PPAC,1777985064_PT_Consumption_English.xls,2005-06,16,2026-08-21T15:32:18.464908+00:00,1.0
2006-02-01,2006,2005-06,February,Lubricants & Greases,158.98244800000455,Thousand Metric Tonnes (TMT),PPAC,1777985064_PT_Consumption_English.xls,2005-06,16,2026-08-21T15:32:18.464908+00:00,1.0
2006-03-01,2006,2005-06,March,Lubricants & Greases,206.6460899999983,Thousand Metric Tonnes (TMT),PPAC,1777985064_PT_Consumption_English.xls,2005-06,16,2026-08-21T15:32:18.464908+00:00,1.0
2005-04-01,2005,2005-06,April,FO & LSHS,1004.1266099999998,Thousand Metric Tonnes (TMT),PPAC,1777985064_PT_Consumption_English.xls,2005-06,17,2026-08-21T15:32:18.464908+00:00,1.0
2005-05-01,2005,2005-06,May,FO & LSHS,1068.206050000001,Thousand Metric Tonnes (TMT),PPAC,1777985064_PT_Consumption_English.xls,2005-06,17,2026-08-21T15:32:18.464908+00:00,1.0
2005-06-01,2005,2005-06,June,FO & LSHS,1154.6829500000033,Thousand Metric Tonnes (TMT),PPAC,1777985064_PT_Consumption_English.xls,2005-06,17,2026-08-21T15:32:18.464908+00:00,1.0
2005-07-01,2005,2005-06,July,FO & LSHS,1049.4059800000032,Thousand Metric Tonnes (TMT),PPAC,1777985064_PT_Consumption_English.xls,2005-06,17,2026-08-21T15:32:18.464908+00:00,1.0
2005-08-01,2005,2005-06,August,FO & LSHS,1175.0082500000037,Thousand Metric Tonnes (TMT),PPAC,1777985064_PT_Consumption_English.xls,2005-06,17,2026-08-21T15:32:18.464908+00:00,1.0
2005-09-01,2005,2005-06,September,FO & LSHS,1046.2101700000062,Thousand Metric Tonnes (TMT),PPAC,1777985064_PT_Consumption_English.xls,2005-06,17,2026-08-21T15:32:18.464908+00:00,1.0
2005-10-01,2005,2005-06,October,FO & LSHS,1061.4633400000027,Thousand Metric Tonnes (TMT),PPAC,1777985064_PT_Consumption_English.xls,2005-06,17,2026-08-21T15:32:18.464908+00:00,1.0
2005-11-01,2005,2005-06,November,FO & LSHS,968.35581,Thousand Metric Tonnes (TMT),PPAC,1777985064_PT_Consumption_English.xls,2005-06,17,2026-08-21T15:32:18.464908+00:00,1.0
2005-12-01,2005,2005-06,December,FO & LSHS,1121.1652200000024,Thousand Metric Tonnes (TMT),PPAC,1777985064_PT_Consumption_English.xls,2005-06,17,2026-08-21T15:32:18.464908+00:00,1.0
2006-01-01,2006,2005-06,January,FO & LSHS,1109.8269099999984,Thousand Metric Tonnes (TMT),PPAC,1777985064_PT_Consumption_English.xls,2005-06,17,2026-08-21T15:32:18.464908+00:00,1.0
2006-02-01,2006,2005-06,February,FO & LSHS,963.1596670000007,Thousand Metric Tonnes (TMT),PPAC,1777985064_PT_Consumption_English.xls,2005-06,17,2026-08-21T15:32:18.464908+00:00,1.0
2006-03-01,2006,2005-06,March,FO & LSHS,1107.1835969999975,Thousand Metric Tonnes (TMT),PPAC,1777985064_PT_Consumption_English.xls,2005-06,17,2026-08-21T15:32:18.464908+00:00,1.0
2005-04-01,2005,2005-06,April,Bitumen,340.5444700000003,Thousand Metric Tonnes (TMT),PPAC,1777985064_PT_Consumption_English.xls,2005-06,18,2026-08-21T15:32:18.464908+00:00,1.0
2005-05-01,2005,2005-06,May,Bitumen,387.745081999999,Thousand Metric Tonnes (TMT),PPAC,1777985064_PT_Consumption_English.xls,2005-06,18,2026-08-21T15:32:18.464908+00:00,1.0
2005-06-01,2005,2005-06,June,Bitumen,313.32583999999906,Thousand Metric Tonnes (TMT),PPAC,1777985064_PT_Consumption_English.xls,2005-06,18,2026-08-21T15:32:18.464908+00:00,1.0
2005-07-01,2005,2005-06,July,Bitumen,153.29186,Thousand Metric Tonnes (TMT),PPAC,1777985064_PT_Consumption_English.xls,2005-06,18,2026-08-21T15:32:18.464908+00:00,1.0
2005-08-01,2005,2005-06,August,Bitumen,137.69969,Thousand Metric Tonnes (TMT),PPAC,1777985064_PT_Consumption_English.xls,2005-06,18,2026-08-21T15:32:18.464908+00:00,1.0
2005-09-01,2005,2005-06,September,Bitumen,152.34003999999996,Thousand Metric Tonnes (TMT),PPAC,1777985064_PT_Consumption_English.xls,2005-06,18,2026-08-21T15:32:18.464908+00:00,1.0
2005-10-01,2005,2005-06,October,Bitumen,235.6308000000001,Thousand Metric Tonnes (TMT),PPAC,1777985064_PT_Consumption_English.xls,2005-06,18,2026-08-21T15:32:18.464908+00:00,1.0
2005-11-01,2005,2005-06,November,Bitumen,271.6615099999997,Thousand Metric Tonnes (TMT),PPAC,1777985064_PT_Consumption_English.xls,2005-06,18,2026-08-21T15:32:18.464908+00:00,1.0
2005-12-01,2005,2005-06,December,Bitumen,349.33955999999944,Thousand Metric Tonnes (TMT),PPAC,1777985064_PT_Consumption_English.xls,2005-06,18,2026-08-21T15:32:18.464908+00:00,1.0
2006-01-01,2006,2005-06,January,Bitumen,308.01735999999977,Thousand Metric Tonnes (TMT),PPAC,1777985064_PT_Consumption_English.xls,2005-06,18,2026-08-21T15:32:18.464908+00:00,1.0
2006-02-01,2006,2005-06,February,Bitumen,371.1279099999997,Thousand Metric Tonnes (TMT),PPAC,1777985064_PT_Consumption_English.xls,2005-06,18,2026-08-21T15:32:18.464908+00:00,1.0
2006-03-01,2006,2005-06,March,Bitumen,487.46450100000044,Thousand Metric Tonnes (TMT),PPAC,1777985064_PT_Consumption_English.xls,2005-06,18,2026-08-21T15:32:18.464908+00:00,1.0
2005-04-01,2005,2005-06,April,Petroleum coke,295.466049,Thousand Metric Tonnes (TMT),PPAC,1777985064_PT_Consumption_English.xls,2005-06,19,2026-08-21T15:32:18.464908+00:00,1.0
2005-05-01,2005,2005-06,May,Petroleum coke,370.75871099999995,Thousand Metric Tonnes (TMT),PPAC,1777985064_PT_Consumption_English.xls,2005-06,19,2026-08-21T15:32:18.464908+00:00,1.0
2005-06-01,2005,2005-06,June,Petroleum coke,324.70936,Thousand Metric Tonnes (TMT),PPAC,1777985064_PT_Consumption_English.xls,2005-06,19,2026-08-21T15:32:18.464908+00:00,1.0
2005-07-01,2005,2005-06,July,Petroleum coke,481.90877700000004,Thousand Metric Tonnes (TMT),PPAC,1777985064_PT_Consumption_English.xls,2005-06,19,2026-08-21T15:32:18.464908+00:00,1.0
2005-08-01,2005,2005-06,August,Petroleum coke,457.15023499999995,Thousand Metric Tonnes (TMT),PPAC,1777985064_PT_Consumption_English.xls,2005-06,19,2026-08-21T15:32:18.464908+00:00,1.0
2005-09-01,2005,2005-06,September,Petroleum coke,491.13644600000003,Thousand Metric Tonnes (TMT),PPAC,1777985064_PT_Consumption_English.xls,2005-06,19,2026-08-21T15:32:18.464908+00:00,1.0
2005-10-01,2005,2005-06,October,Petroleum coke,434.555657,Thousand Metric Tonnes (TMT),PPAC,1777985064_PT_Consumption_English.xls,2005-06,19,2026-08-21T15:32:18.464908+00:00,1.0
2005-11-01,2005,2005-06,November,Petroleum coke,372.50059,Thousand Metric Tonnes (TMT),PPAC,1777985064_PT_Consumption_English.xls,2005-06,19,2026-08-21T15:32:18.464908+00:00,1.0
2005-12-01,2005,2005-06,December,Petroleum coke,475.85144,Thousand Metric Tonnes (TMT),PPAC,1777985064_PT_Consumption_English.xls,2005-06,19,2026-08-21T15:32:18.464908+00:00,1.0
2006-01-01,2006,2005-06,January,Petroleum coke,362.41891999999996,Thousand Metric Tonnes (TMT),PPAC,1777985064_PT_Consumption_English.xls,2005-06,19,2026-08-21T15:32:18.464908+00:00,1.0
2006-02-01,2006,2005-06,February,Petroleum coke,345.712595,Thousand Metric Tonnes (TMT),PPAC,1777985064_PT_Consumption_English.xls,2005-06,19,2026-08-21T15:32:18.464908+00:00,1.0
2006-03-01,2006,2005-06,March,Petroleum coke,515.586406,Thousand Metric Tonnes (TMT),PPAC,1777985064_PT_Consumption_English.xls,2005-06,19,2026-08-21T15:32:18.464908+00:00,1.0
2005-04-01,2005,2005-06,April,Others,379.3716769999998,Thousand Metric Tonnes (TMT),PPAC,1777985064_PT_Consumption_English.xls,2005-06,20,2026-08-21T15:32:18.464908+00:00,1.0
2005-05-01,2005,2005-06,May,Others,386.04903700000006,Thousand Metric Tonnes (TMT),PPAC,1777985064_PT_Consumption_English.xls,2005-06,20,2026-08-21T15:32:18.464908+00:00,1.0
2005-06-01,2005,2005-06,June,Others,352.568269,Thousand Metric Tonnes (TMT),PPAC,1777985064_PT_Consumption_English.xls,2005-06,20,2026-08-21T15:32:18.464908+00:00,1.0
2005-07-01,2005,2005-06,July,Others,392.0990280929998,Thousand Metric Tonnes (TMT),PPAC,1777985064_PT_Consumption_English.xls,2005-06,20,2026-08-21T15:32:18.464908+00:00,1.0
2005-08-01,2005,2005-06,August,Others,487.64519900000005,Thousand Metric Tonnes (TMT),PPAC,1777985064_PT_Consumption_English.xls,2005-06,20,2026-08-21T15:32:18.464908+00:00,1.0
2005-09-01,2005,2005-06,September,Others,371.59368199999983,Thousand Metric Tonnes (TMT),PPAC,1777985064_PT_Consumption_English.xls,2005-06,20,2026-08-21T15:32:18.464908+00:00,1.0
2005-10-01,2005,2005-06,October,Others,276.3339969999997,Thousand Metric Tonnes (TMT),PPAC,1777985064_PT_Consumption_English.xls,2005-06,20,2026-08-21T15:32:18.464908+00:00,1.0
2005-11-01,2005,2005-06,November,Others,261.68370399999986,Thousand Metric Tonnes (TMT),PPAC,1777985064_PT_Consumption_English.xls,2005-06,20,2026-08-21T15:32:18.464908+00:00,1.0
2005-12-01,2005,2005-06,December,Others,440.6681249999998,Thousand Metric Tonnes (TMT),PPAC,1777985064_PT_Consumption_English.xls,2005-06,20,2026-08-21T15:32:18.464908+00:00,1.0
2006-01-01,2006,2005-06,January,Others,503.03067599999986,Thousand Metric Tonnes (TMT),PPAC,1777985064_PT_Consumption_English.xls,2005-06,20,2026-08-21T15:32:18.464908+00:00,1.0
2006-02-01,2006,2005-06,February,Others,326.6465559999998,Thousand Metric Tonnes (TMT),PPAC,1777985064_PT_Consumption_English.xls,2005-06,20,2026-08-21T15:32:18.464908+00:00,1.0
2006-03-01,2006,2005-06,March,Others,478.15661999999975,Thousand Metric Tonnes (TMT),PPAC,1777985064_PT_Consumption_English.xls,2005-06,20,2026-08-21T15:32:18.464908+00:00,1.0
2006-04-01,2006,2006-07,April,LPG,804.0694420000007,Thousand Metric Tonnes (TMT),PPAC,1777985064_PT_Consumption_English.xls,2006-07,9,2026-08-21T15:32:18.471926+00:00,1.0
2006-05-01,2006,2006-07,May,LPG,856.3624300000032,Thousand Metric Tonnes (TMT),PPAC,1777985064_PT_Consumption_English.xls,2006-07,9,2026-08-21T15:32:18.471926+00:00,1.0
2006-06-01,2006,2006-07,June,LPG,827.8774850000011,Thousand Metric Tonnes (TMT),PPAC,1777985064_PT_Consumption_English.xls,2006-07,9,2026-08-21T15:32:18.471926+00:00,1.0
2006-07-01,2006,2006-07,July,LPG,863.1730179999972,Thousand Metric Tonnes (TMT),PPAC,1777985064_PT_Consumption_English.xls,2006-07,9,2026-08-21T15:32:18.471926+00:00,1.0
2006-08-01,2006,2006-07,August,LPG,898.459354000001,Thousand Metric Tonnes (TMT),PPAC,1777985064_PT_Consumption_English.xls,2006-07,9,2026-08-21T15:32:18.471926+00:00,1.0
2006-09-01,2006,2006-07,September,LPG,906.2920859999987,Thousand Metric Tonnes (TMT),PPAC,1777985064_PT_Consumption_English.xls,2006-07,9,2026-08-21T15:32:18.471926+00:00,1.0
2006-10-01,2006,2006-07,October,LPG,891.793155,Thousand Metric Tonnes (TMT),PPAC,1777985064_PT_Consumption_English.xls,2006-07,9,2026-08-21T15:32:18.471926+00:00,1.0
2006-11-01,2006,2006-07,November,LPG,928.1266359999962,Thousand Metric Tonnes (TMT),PPAC,1777985064_PT_Consumption_English.xls,2006-07,9,2026-08-21T15:32:18.471926+00:00,1.0
2006-12-01,2006,2006-07,December,LPG,954.7595079999999,Thousand Metric Tonnes (TMT),PPAC,1777985064_PT_Consumption_English.xls,2006-07,9,2026-08-21T15:32:18.471926+00:00,1.0
2007-01-01,2007,2006-07,January,LPG,985.0243159999989,Thousand Metric Tonnes (TMT),PPAC,1777985064_PT_Consumption_English.xls,2006-07,9,2026-08-21T15:32:18.471926+00:00,1.0
2007-02-01,2007,2006-07,February,LPG,954.1942699999973,Thousand Metric Tonnes (TMT),PPAC,1777985064_PT_Consumption_English.xls,2006-07,9,2026-08-21T15:32:18.471926+00:00,1.0
2007-03-01,2007,2006-07,March,LPG,979.0036559999991,Thousand Metric Tonnes (TMT),PPAC,1777985064_PT_Consumption_English.xls,2006-07,9,2026-08-21T15:32:18.471926+00:00,1.0
2006-04-01,2006,2006-07,April,Naphtha,1010.8816499999998,Thousand Metric Tonnes (TMT),PPAC,1777985064_PT_Consumption_English.xls,2006-07,10,2026-08-21T15:32:18.471926+00:00,1.0
2006-05-01,2006,2006-07,May,Naphtha,1205.5865399999998,Thousand Metric Tonnes (TMT),PPAC,1777985064_PT_Consumption_English.xls,2006-07,10,2026-08-21T15:32:18.471926+00:00,1.0
2006-06-01,2006,2006-07,June,Naphtha,1333.46554,Thousand Metric Tonnes (TMT),PPAC,1777985064_PT_Consumption_English.xls,2006-07,10,2026-08-21T15:32:18.471926+00:00,1.0
2006-07-01,2006,2006-07,July,Naphtha,1021.6726700000002,Thousand Metric Tonnes (TMT),PPAC,1777985064_PT_Consumption_English.xls,2006-07,10,2026-08-21T15:32:18.471926+00:00,1.0
2006-08-01,2006,2006-07,August,Naphtha,1045.4009500000002,Thousand Metric Tonnes (TMT),PPAC,1777985064_PT_Consumption_English.xls,2006-07,10,2026-08-21T15:32:18.471926+00:00,1.0
2006-09-01,2006,2006-07,September,Naphtha,1120.60798,Thousand Metric Tonnes (TMT),PPAC,1777985064_PT_Consumption_English.xls,2006-07,10,2026-08-21T15:32:18.471926+00:00,1.0
2006-10-01,2006,2006-07,October,Naphtha,1137.33492,Thousand Metric Tonnes (TMT),PPAC,1777985064_PT_Consumption_English.xls,2006-07,10,2026-08-21T15:32:18.471926+00:00,1.0
2006-11-01,2006,2006-07,November,Naphtha,1225.4302500000001,Thousand Metric Tonnes (TMT),PPAC,1777985064_PT_Consumption_English.xls,2006-07,10,2026-08-21T15:32:18.471926+00:00,1.0
2006-12-01,2006,2006-07,December,Naphtha,1180.52432,Thousand Metric Tonnes (TMT),PPAC,1777985064_PT_Consumption_English.xls,2006-07,10,2026-08-21T15:32:18.471926+00:00,1.0
2007-01-01,2007,2006-07,January,Naphtha,1384.0384800000002,Thousand Metric Tonnes (TMT),PPAC,1777985064_PT_Consumption_English.xls,2006-07,10,2026-08-21T15:32:18.471926+00:00,1.0
2007-02-01,2007,2006-07,February,Naphtha,1075.57845,Thousand Metric Tonnes (TMT),PPAC,1777985064_PT_Consumption_English.xls,2006-07,10,2026-08-21T15:32:18.471926+00:00,1.0
2007-03-01,2007,2006-07,March,Naphtha,1145.08392,Thousand Metric Tonnes (TMT),PPAC,1777985064_PT_Consumption_English.xls,2006-07,10,2026-08-21T15:32:18.471926+00:00,1.0
2006-04-01,2006,2006-07,April,MS,735.2459615702617,Thousand Metric Tonnes (TMT),PPAC,1777985064_PT_Consumption_English.xls,2006-07,11,2026-08-21T15:32:18.471926+00:00,1.0
2006-05-01,2006,2006-07,May,MS,899.2003253925143,Thousand Metric Tonnes (TMT),PPAC,1777985064_PT_Consumption_English.xls,2006-07,11,2026-08-21T15:32:18.471926+00:00,1.0
2006-06-01,2006,2006-07,June,MS,708.6539727580116,Thousand Metric Tonnes (TMT),PPAC,1777985064_PT_Consumption_English.xls,2006-07,11,2026-08-21T15:32:18.471926+00:00,1.0
2006-07-01,2006,2006-07,July,MS,728.5221506972616,Thousand Metric Tonnes (TMT),PPAC,1777985064_PT_Consumption_English.xls,2006-07,11,2026-08-21T15:32:18.471926+00:00,1.0
2006-08-01,2006,2006-07,August,MS,756.1214523420185,Thousand Metric Tonnes (TMT),PPAC,1777985064_PT_Consumption_English.xls,2006-07,11,2026-08-21T15:32:18.471926+00:00,1.0
2006-09-01,2006,2006-07,September,MS,750.669532194263,Thousand Metric Tonnes (TMT),PPAC,1777985064_PT_Consumption_English.xls,2006-07,11,2026-08-21T15:32:18.471926+00:00,1.0
2006-10-01,2006,2006-07,October,MS,763.8466572530124,Thousand Metric Tonnes (TMT),PPAC,1777985064_PT_Consumption_English.xls,2006-07,11,2026-08-21T15:32:18.471926+00:00,1.0
2006-11-01,2006,2006-07,November,MS,736.8324818217657,Thousand Metric Tonnes (TMT),PPAC,1777985064_PT_Consumption_English.xls,2006-07,11,2026-08-21T15:32:18.471926+00:00,1.0
2006-12-01,2006,2006-07,December,MS,803.183306226515,Thousand Metric Tonnes (TMT),PPAC,1777985064_PT_Consumption_English.xls,2006-07,11,2026-08-21T15:32:18.471926+00:00,1.0
2007-01-01,2007,2006-07,January,MS,774.0785462160138,Thousand Metric Tonnes (TMT),PPAC,1777985064_PT_Consumption_English.xls,2006-07,11,2026-08-21T15:32:18.471926+00:00,1.0
2007-02-01,2007,2006-07,February,MS,749.741722689013,Thousand Metric Tonnes (TMT),PPAC,1777985064_PT_Consumption_English.xls,2006-07,11,2026-08-21T15:32:18.471926+00:00,1.0
2007-03-01,2007,2006-07,March,MS,879.8750536744731,Thousand Metric Tonnes (TMT),PPAC,1777985064_PT_Consumption_English.xls,2006-07,11,2026-08-21T15:32:18.471926+00:00,1.0
2006-04-01,2006,2006-07,April,ATF,312.0336500000003,Thousand Metric Tonnes (TMT),PPAC,1777985064_PT_Consumption_English.xls,2006-07,12,2026-08-21T15:32:18.471926+00:00,1.0
2006-05-01,2006,2006-07,May,ATF,317.3481499999999,Thousand Metric Tonnes (TMT),PPAC,1777985064_PT_Consumption_English.xls,2006-07,12,2026-08-21T15:32:18.471926+00:00,1.0
2006-06-01,2006,2006-07,June,ATF,301.8348800000001,Thousand Metric Tonnes (TMT),PPAC,1777985064_PT_Consumption_English.xls,2006-07,12,2026-08-21T15:32:18.471926+00:00,1.0
2006-07-01,2006,2006-07,July,ATF,307.38374000000005,Thousand Metric Tonnes (TMT),PPAC,1777985064_PT_Consumption_English.xls,2006-07,12,2026-08-21T15:32:18.471926+00:00,1.0
2006-08-01,2006,2006-07,August,ATF,309.10789000000034,Thousand Metric Tonnes (TMT),PPAC,1777985064_PT_Consumption_English.xls,2006-07,12,2026-08-21T15:32:18.471926+00:00,1.0
2006-09-01,2006,2006-07,September,ATF,310.9342299999999,Thousand Metric Tonnes (TMT),PPAC,1777985064_PT_Consumption_English.xls,2006-07,12,2026-08-21T15:32:18.471926+00:00,1.0
2006-10-01,2006,2006-07,October,ATF,319.47705,Thousand Metric Tonnes (TMT),PPAC,1777985064_PT_Consumption_English.xls,2006-07,12,2026-08-21T15:32:18.471926+00:00,1.0
2006-11-01,2006,2006-07,November,ATF,347.92511000000025,Thousand Metric Tonnes (TMT),PPAC,1777985064_PT_Consumption_English.xls,2006-07,12,2026-08-21T15:32:18.471926+00:00,1.0
2006-12-01,2006,2006-07,December,ATF,368.4915300000002,Thousand Metric Tonnes (TMT),PPAC,1777985064_PT_Consumption_English.xls,2006-07,12,2026-08-21T15:32:18.471926+00:00,1.0
2007-01-01,2007,2006-07,January,ATF,373.73694000000006,Thousand Metric Tonnes (TMT),PPAC,1777985064_PT_Consumption_English.xls,2006-07,12,2026-08-21T15:32:18.471926+00:00,1.0
2007-02-01,2007,2006-07,February,ATF,339.64294,Thousand Metric Tonnes (TMT),PPAC,1777985064_PT_Consumption_English.xls,2006-07,12,2026-08-21T15:32:18.471926+00:00,1.0
2007-03-01,2007,2006-07,March,ATF,377.34659000000045,Thousand Metric Tonnes (TMT),PPAC,1777985064_PT_Consumption_English.xls,2006-07,12,2026-08-21T15:32:18.471926+00:00,1.0
2006-04-01,2006,2006-07,April,SKO,768.9896399999972,Thousand Metric Tonnes (TMT),PPAC,1777985064_PT_Consumption_English.xls,2006-07,13,2026-08-21T15:32:18.471926+00:00,1.0
2006-05-01,2006,2006-07,May,SKO,781.4063599999946,Thousand Metric Tonnes (TMT),PPAC,1777985064_PT_Consumption_English.xls,2006-07,13,2026-08-21T15:32:18.471926+00:00,1.0
2006-06-01,2006,2006-07,June,SKO,835.1247799999945,Thousand Metric Tonnes (TMT),PPAC,1777985064_PT_Consumption_English.xls,2006-07,13,2026-08-21T15:32:18.471926+00:00,1.0
2006-07-01,2006,2006-07,July,SKO,797.8401099999959,Thousand Metric Tonnes (TMT),PPAC,1777985064_PT_Consumption_English.xls,2006-07,13,2026-08-21T15:32:18.471926+00:00,1.0
2006-08-01,2006,2006-07,August,SKO,821.1475099999951,Thousand Metric Tonnes (TMT),PPAC,1777985064_PT_Consumption_English.xls,2006-07,13,2026-08-21T15:32:18.471926+00:00,1.0
2006-09-01,2006,2006-07,September,SKO,798.3916799999947,Thousand Metric Tonnes (TMT),PPAC,1777985064_PT_Consumption_English.xls,2006-07,13,2026-08-21T15:32:18.471926+00:00,1.0
2006-10-01,2006,2006-07,October,SKO,765.9819899999993,Thousand Metric Tonnes (TMT),PPAC,1777985064_PT_Consumption_English.xls,2006-07,13,2026-08-21T15:32:18.471926+00:00,1.0
2006-11-01,2006,2006-07,November,SKO,788.4753699999999,Thousand Metric Tonnes (TMT),PPAC,1777985064_PT_Consumption_English.xls,2006-07,13,2026-08-21T15:32:18.471926+00:00,1.0
2006-12-01,2006,2006-07,December,SKO,797.3555000000002,Thousand Metric Tonnes (TMT),PPAC,1777985064_PT_Consumption_English.xls,2006-07,13,2026-08-21T15:32:18.471926+00:00,1.0
2007-01-01,2007,2006-07,January,SKO,779.6917200000004,Thousand Metric Tonnes (TMT),PPAC,1777985064_PT_Consumption_English.xls,2006-07,13,2026-08-21T15:32:18.471926+00:00,1.0
2007-02-01,2007,2006-07,February,SKO,777.3318999999989,Thousand Metric Tonnes (TMT),PPAC,1777985064_PT_Consumption_English.xls,2006-07,13,2026-08-21T15:32:18.471926+00:00,1.0
2007-03-01,2007,2006-07,March,SKO,793.3677400000007,Thousand Metric Tonnes (TMT),PPAC,1777985064_PT_Consumption_English.xls,2006-07,13,2026-08-21T15:32:18.471926+00:00,1.0
2006-04-01,2006,2006-07,April,HSD,3667.085270660339,Thousand Metric Tonnes (TMT),PPAC,1777985064_PT_Consumption_English.xls,2006-07,14,2026-08-21T15:32:18.471926+00:00,1.0
2006-05-01,2006,2006-07,May,HSD,4080.2800292710176,Thousand Metric Tonnes (TMT),PPAC,1777985064_PT_Consumption_English.xls,2006-07,14,2026-08-21T15:32:18.471926+00:00,1.0
2006-06-01,2006,2006-07,June,HSD,3276.480030348991,Thousand Metric Tonnes (TMT),PPAC,1777985064_PT_Consumption_English.xls,2006-07,14,2026-08-21T15:32:18.471926+00:00,1.0
2006-07-01,2006,2006-07,July,HSD,3236.6833625235117,Thousand Metric Tonnes (TMT),PPAC,1777985064_PT_Consumption_English.xls,2006-07,14,2026-08-21T15:32:18.471926+00:00,1.0
2006-08-01,2006,2006-07,August,HSD,3131.16414228672,Thousand Metric Tonnes (TMT),PPAC,1777985064_PT_Consumption_English.xls,2006-07,14,2026-08-21T15:32:18.471926+00:00,1.0
2006-09-01,2006,2006-07,September,HSD,3244.1676942789913,Thousand Metric Tonnes (TMT),PPAC,1777985064_PT_Consumption_English.xls,2006-07,14,2026-08-21T15:32:18.471926+00:00,1.0
2006-10-01,2006,2006-07,October,HSD,3409.776233442981,Thousand Metric Tonnes (TMT),PPAC,1777985064_PT_Consumption_English.xls,2006-07,14,2026-08-21T15:32:18.471926+00:00,1.0
2006-11-01,2006,2006-07,November,HSD,3729.9525443233033,Thousand Metric Tonnes (TMT),PPAC,1777985064_PT_Consumption_English.xls,2006-07,14,2026-08-21T15:32:18.471926+00:00,1.0
2006-12-01,2006,2006-07,December,HSD,3944.1739137827485,Thousand Metric Tonnes (TMT),PPAC,1777985064_PT_Consumption_English.xls,2006-07,14,2026-08-21T15:32:18.471926+00:00,1.0
2007-01-01,2007,2006-07,January,HSD,3709.92494475451,Thousand Metric Tonnes (TMT),PPAC,1777985064_PT_Consumption_English.xls,2006-07,14,2026-08-21T15:32:18.471926+00:00,1.0
2007-02-01,2007,2006-07,February,HSD,3480.954355691497,Thousand Metric Tonnes (TMT),PPAC,1777985064_PT_Consumption_English.xls,2006-07,14,2026-08-21T15:32:18.471926+00:00,1.0
2007-03-01,2007,2006-07,March,HSD,3985.8439229216165,Thousand Metric Tonnes (TMT),PPAC,1777985064_PT_Consumption_English.xls,2006-07,14,2026-08-21T15:32:18.471926+00:00,1.0
2006-04-01,2006,2006-07,April,LDO,55.675910000000194,Thousand Metric Tonnes (TMT),PPAC,1777985064_PT_Consumption_English.xls,2006-07,15,2026-08-21T15:32:18.471926+00:00,1.0
2006-05-01,2006,2006-07,May,LDO,67.58361000000015,Thousand Metric Tonnes (TMT),PPAC,1777985064_PT_Consumption_English.xls,2006-07,15,2026-08-21T15:32:18.471926+00:00,1.0
2006-06-01,2006,2006-07,June,LDO,61.57224000000046,Thousand Metric Tonnes (TMT),PPAC,1777985064_PT_Consumption_English.xls,2006-07,15,2026-08-21T15:32:18.471926+00:00,1.0
2006-07-01,2006,2006-07,July,LDO,63.68182000000023,Thousand Metric Tonnes (TMT),PPAC,1777985064_PT_Consumption_English.xls,2006-07,15,2026-08-21T15:32:18.471926+00:00,1.0
2006-08-01,2006,2006-07,August,LDO,62.01444000000032,Thousand Metric Tonnes (TMT),PPAC,1777985064_PT_Consumption_English.xls,2006-07,15,2026-08-21T15:32:18.471926+00:00,1.0
2006-09-01,2006,2006-07,September,LDO,61.401010000000255,Thousand Metric Tonnes (TMT),PPAC,1777985064_PT_Consumption_English.xls,2006-07,15,2026-08-21T15:32:18.471926+00:00,1.0
2006-10-01,2006,2006-07,October,LDO,54.621440000000185,Thousand Metric Tonnes (TMT),PPAC,1777985064_PT_Consumption_English.xls,2006-07,15,2026-08-21T15:32:18.471926+00:00,1.0
2006-11-01,2006,2006-07,November,LDO,58.78849000000015,Thousand Metric Tonnes (TMT),PPAC,1777985064_PT_Consumption_English.xls,2006-07,15,2026-08-21T15:32:18.471926+00:00,1.0
2006-12-01,2006,2006-07,December,LDO,59.67263000000022,Thousand Metric Tonnes (TMT),PPAC,1777985064_PT_Consumption_English.xls,2006-07,15,2026-08-21T15:32:18.471926+00:00,1.0
2007-01-01,2007,2006-07,January,LDO,57.442130000000134,Thousand Metric Tonnes (TMT),PPAC,1777985064_PT_Consumption_English.xls,2006-07,15,2026-08-21T15:32:18.471926+00:00,1.0
2007-02-01,2007,2006-07,February,LDO,52.56005000000016,Thousand Metric Tonnes (TMT),PPAC,1777985064_PT_Consumption_English.xls,2006-07,15,2026-08-21T15:32:18.471926+00:00,1.0
2007-03-01,2007,2006-07,March,LDO,65.0402100000001,Thousand Metric Tonnes (TMT),PPAC,1777985064_PT_Consumption_English.xls,2006-07,15,2026-08-21T15:32:18.471926+00:00,1.0
2006-04-01,2006,2006-07,April,Lubricants & Greases,136.97757999999592,Thousand Metric Tonnes (TMT),PPAC,1777985064_PT_Consumption_English.xls,2006-07,16,2026-08-21T15:32:18.471926+00:00,1.0
2006-05-01,2006,2006-07,May,Lubricants & Greases,156.1982400000007,Thousand Metric Tonnes (TMT),PPAC,1777985064_PT_Consumption_English.xls,2006-07,16,2026-08-21T15:32:18.471926+00:00,1.0
2006-06-01,2006,2006-07,June,Lubricants & Greases,167.01994300000126,Thousand Metric Tonnes (TMT),PPAC,1777985064_PT_Consumption_English.xls,2006-07,16,2026-08-21T15:32:18.471926+00:00,1.0
2006-07-01,2006,2006-07,July,Lubricants & Greases,170.46963000000204,Thousand Metric Tonnes (TMT),PPAC,1777985064_PT_Consumption_English.xls,2006-07,16,2026-08-21T15:32:18.471926+00:00,1.0
2006-08-01,2006,2006-07,August,Lubricants & Greases,129.0195500000005,Thousand Metric Tonnes (TMT),PPAC,1777985064_PT_Consumption_English.xls,2006-07,16,2026-08-21T15:32:18.471926+00:00,1.0
2006-09-01,2006,2006-07,September,Lubricants & Greases,197.16753400000198,Thousand Metric Tonnes (TMT),PPAC,1777985064_PT_Consumption_English.xls,2006-07,16,2026-08-21T15:32:18.471926+00:00,1.0
2006-10-01,2006,2006-07,October,Lubricants & Greases,140.68230600000308,Thousand Metric Tonnes (TMT),PPAC,1777985064_PT_Consumption_English.xls,2006-07,16,2026-08-21T15:32:18.471926+00:00,1.0
2006-11-01,2006,2006-07,November,Lubricants & Greases,142.71454000000304,Thousand Metric Tonnes (TMT),PPAC,1777985064_PT_Consumption_English.xls,2006-07,16,2026-08-21T15:32:18.471926+00:00,1.0
2006-12-01,2006,2006-07,December,Lubricants & Greases,110.0341860000034,Thousand Metric Tonnes (TMT),PPAC,1777985064_PT_Consumption_English.xls,2006-07,16,2026-08-21T15:32:18.471926+00:00,1.0
2007-01-01,2007,2006-07,January,Lubricants & Greases,173.0649800000043,Thousand Metric Tonnes (TMT),PPAC,1777985064_PT_Consumption_English.xls,2006-07,16,2026-08-21T15:32:18.471926+00:00,1.0
2007-02-01,2007,2006-07,February,Lubricants & Greases,159.89047000000352,Thousand Metric Tonnes (TMT),PPAC,1777985064_PT_Consumption_English.xls,2006-07,16,2026-08-21T15:32:18.471926+00:00,1.0
2007-03-01,2007,2006-07,March,Lubricants & Greases,215.95341000000542,Thousand Metric Tonnes (TMT),PPAC,1777985064_PT_Consumption_English.xls,2006-07,16,2026-08-21T15:32:18.471926+00:00,1.0
2006-04-01,2006,2006-07,April,FO & LSHS,1022.1729330000028,Thousand Metric Tonnes (TMT),PPAC,1777985064_PT_Consumption_English.xls,2006-07,17,2026-08-21T15:32:18.471926+00:00,1.0
2006-05-01,2006,2006-07,May,FO & LSHS,1093.3810500000009,Thousand Metric Tonnes (TMT),PPAC,1777985064_PT_Consumption_English.xls,2006-07,17,2026-08-21T15:32:18.471926+00:00,1.0
2006-06-01,2006,2006-07,June,FO & LSHS,1056.3815820000063,Thousand Metric Tonnes (TMT),PPAC,1777985064_PT_Consumption_English.xls,2006-07,17,2026-08-21T15:32:18.471926+00:00,1.0
2006-07-01,2006,2006-07,July,FO & LSHS,993.6323870000006,Thousand Metric Tonnes (TMT),PPAC,1777985064_PT_Consumption_English.xls,2006-07,17,2026-08-21T15:32:18.471926+00:00,1.0
2006-08-01,2006,2006-07,August,FO & LSHS,1000.1887920000038,Thousand Metric Tonnes (TMT),PPAC,1777985064_PT_Consumption_English.xls,2006-07,17,2026-08-21T15:32:18.471926+00:00,1.0
2006-09-01,2006,2006-07,September,FO & LSHS,1006.7660110000005,Thousand Metric Tonnes (TMT),PPAC,1777985064_PT_Consumption_English.xls,2006-07,17,2026-08-21T15:32:18.471926+00:00,1.0
2006-10-01,2006,2006-07,October,FO & LSHS,1044.5974110000075,Thousand Metric Tonnes (TMT),PPAC,1777985064_PT_Consumption_English.xls,2006-07,17,2026-08-21T15:32:18.471926+00:00,1.0
2006-11-01,2006,2006-07,November,FO & LSHS,1049.519838000002,Thousand Metric Tonnes (TMT),PPAC,1777985064_PT_Consumption_English.xls,2006-07,17,2026-08-21T15:32:18.471926+00:00,1.0
2006-12-01,2006,2006-07,December,FO & LSHS,1074.854914000003,Thousand Metric Tonnes (TMT),PPAC,1777985064_PT_Consumption_English.xls,2006-07,17,2026-08-21T15:32:18.471926+00:00,1.0
2007-01-01,2007,2006-07,January,FO & LSHS,1118.4263200000019,Thousand Metric Tonnes (TMT),PPAC,1777985064_PT_Consumption_English.xls,2006-07,17,2026-08-21T15:32:18.471926+00:00,1.0
2007-02-01,2007,2006-07,February,FO & LSHS,1004.5974200000028,Thousand Metric Tonnes (TMT),PPAC,1777985064_PT_Consumption_English.xls,2006-07,17,2026-08-21T15:32:18.471926+00:00,1.0
2007-03-01,2007,2006-07,March,FO & LSHS,1153.4154700000015,Thousand Metric Tonnes (TMT),PPAC,1777985064_PT_Consumption_English.xls,2006-07,17,2026-08-21T15:32:18.471926+00:00,1.0
2006-04-01,2006,2006-07,April,Bitumen,375.8872399999986,Thousand Metric Tonnes (TMT),PPAC,1777985064_PT_Consumption_English.xls,2006-07,18,2026-08-21T15:32:18.471926+00:00,1.0
2006-05-01,2006,2006-07,May,Bitumen,412.96916999999905,Thousand Metric Tonnes (TMT),PPAC,1777985064_PT_Consumption_English.xls,2006-07,18,2026-08-21T15:32:18.471926+00:00,1.0
2006-06-01,2006,2006-07,June,Bitumen,295.5608899999998,Thousand Metric Tonnes (TMT),PPAC,1777985064_PT_Consumption_English.xls,2006-07,18,2026-08-21T15:32:18.471926+00:00,1.0
2006-07-01,2006,2006-07,July,Bitumen,160.55354999999992,Thousand Metric Tonnes (TMT),PPAC,1777985064_PT_Consumption_English.xls,2006-07,18,2026-08-21T15:32:18.471926+00:00,1.0
2006-08-01,2006,2006-07,August,Bitumen,136.46824000000004,Thousand Metric Tonnes (TMT),PPAC,1777985064_PT_Consumption_English.xls,2006-07,18,2026-08-21T15:32:18.471926+00:00,1.0
2006-09-01,2006,2006-07,September,Bitumen,194.50577999999976,Thousand Metric Tonnes (TMT),PPAC,1777985064_PT_Consumption_English.xls,2006-07,18,2026-08-21T15:32:18.471926+00:00,1.0
2006-10-01,2006,2006-07,October,Bitumen,240.65906999999962,Thousand Metric Tonnes (TMT),PPAC,1777985064_PT_Consumption_English.xls,2006-07,18,2026-08-21T15:32:18.471926+00:00,1.0
2006-11-01,2006,2006-07,November,Bitumen,337.9213999999999,Thousand Metric Tonnes (TMT),PPAC,1777985064_PT_Consumption_English.xls,2006-07,18,2026-08-21T15:32:18.471926+00:00,1.0
2006-12-01,2006,2006-07,December,Bitumen,379.7224549999988,Thousand Metric Tonnes (TMT),PPAC,1777985064_PT_Consumption_English.xls,2006-07,18,2026-08-21T15:32:18.471926+00:00,1.0
2007-01-01,2007,2006-07,January,Bitumen,376.1600199999996,Thousand Metric Tonnes (TMT),PPAC,1777985064_PT_Consumption_English.xls,2006-07,18,2026-08-21T15:32:18.471926+00:00,1.0
2007-02-01,2007,2006-07,February,Bitumen,408.0158499999996,Thousand Metric Tonnes (TMT),PPAC,1777985064_PT_Consumption_English.xls,2006-07,18,2026-08-21T15:32:18.471926+00:00,1.0
2007-03-01,2007,2006-07,March,Bitumen,514.0246700000008,Thousand Metric Tonnes (TMT),PPAC,1777985064_PT_Consumption_English.xls,2006-07,18,2026-08-21T15:32:18.471926+00:00,1.0
2006-04-01,2006,2006-07,April,Petroleum coke,520.68137,Thousand Metric Tonnes (TMT),PPAC,1777985064_PT_Consumption_English.xls,2006-07,19,2026-08-21T15:32:18.471926+00:00,1.0
2006-05-01,2006,2006-07,May,Petroleum coke,506.43149,Thousand Metric Tonnes (TMT),PPAC,1777985064_PT_Consumption_English.xls,2006-07,19,2026-08-21T15:32:18.471926+00:00,1.0
2006-06-01,2006,2006-07,June,Petroleum coke,490.96161499999994,Thousand Metric Tonnes (TMT),PPAC,1777985064_PT_Consumption_English.xls,2006-07,19,2026-08-21T15:32:18.471926+00:00,1.0
2006-07-01,2006,2006-07,July,Petroleum coke,490.90704999999997,Thousand Metric Tonnes (TMT),PPAC,1777985064_PT_Consumption_English.xls,2006-07,19,2026-08-21T15:32:18.471926+00:00,1.0
2006-08-01,2006,2006-07,August,Petroleum coke,365.84092999999996,Thousand Metric Tonnes (TMT),PPAC,1777985064_PT_Consumption_English.xls,2006-07,19,2026-08-21T15:32:18.471926+00:00,1.0
2006-09-01,2006,2006-07,September,Petroleum coke,351.780272,Thousand Metric Tonnes (TMT),PPAC,1777985064_PT_Consumption_English.xls,2006-07,19,2026-08-21T15:32:18.471926+00:00,1.0
2006-10-01,2006,2006-07,October,Petroleum coke,438.28655000000003,Thousand Metric Tonnes (TMT),PPAC,1777985064_PT_Consumption_English.xls,2006-07,19,2026-08-21T15:32:18.471926+00:00,1.0
2006-11-01,2006,2006-07,November,Petroleum coke,394.227735,Thousand Metric Tonnes (TMT),PPAC,1777985064_PT_Consumption_English.xls,2006-07,19,2026-08-21T15:32:18.471926+00:00,1.0
2006-12-01,2006,2006-07,December,Petroleum coke,450.46200999999996,Thousand Metric Tonnes (TMT),PPAC,1777985064_PT_Consumption_English.xls,2006-07,19,2026-08-21T15:32:18.471926+00:00,1.0
2007-01-01,2007,2006-07,January,Petroleum coke,485.3673,Thousand Metric Tonnes (TMT),PPAC,1777985064_PT_Consumption_English.xls,2006-07,19,2026-08-21T15:32:18.471926+00:00,1.0
2007-02-01,2007,2006-07,February,Petroleum coke,470.18959,Thousand Metric Tonnes (TMT),PPAC,1777985064_PT_Consumption_English.xls,2006-07,19,2026-08-21T15:32:18.471926+00:00,1.0
2007-03-01,2007,2006-07,March,Petroleum coke,475.32081000000005,Thousand Metric Tonnes (TMT),PPAC,1777985064_PT_Consumption_English.xls,2006-07,19,2026-08-21T15:32:18.471926+00:00,1.0
2006-04-01,2006,2006-07,April,Others,433.5956100000002,Thousand Metric Tonnes (TMT),PPAC,1777985064_PT_Consumption_English.xls,2006-07,20,2026-08-21T15:32:18.471926+00:00,1.0
2006-05-01,2006,2006-07,May,Others,522.2503639999996,Thousand Metric Tonnes (TMT),PPAC,1777985064_PT_Consumption_English.xls,2006-07,20,2026-08-21T15:32:18.471926+00:00,1.0
2006-06-01,2006,2006-07,June,Others,488.5420659999999,Thousand Metric Tonnes (TMT),PPAC,1777985064_PT_Consumption_English.xls,2006-07,20,2026-08-21T15:32:18.471926+00:00,1.0
2006-07-01,2006,2006-07,July,Others,501.4933209999998,Thousand Metric Tonnes (TMT),PPAC,1777985064_PT_Consumption_English.xls,2006-07,20,2026-08-21T15:32:18.471926+00:00,1.0
2006-08-01,2006,2006-07,August,Others,501.21810999999974,Thousand Metric Tonnes (TMT),PPAC,1777985064_PT_Consumption_English.xls,2006-07,20,2026-08-21T15:32:18.471926+00:00,1.0
2006-09-01,2006,2006-07,September,Others,501.3636259999997,Thousand Metric Tonnes (TMT),PPAC,1777985064_PT_Consumption_English.xls,2006-07,20,2026-08-21T15:32:18.471926+00:00,1.0
2006-10-01,2006,2006-07,October,Others,492.72417399999995,Thousand Metric Tonnes (TMT),PPAC,1777985064_PT_Consumption_English.xls,2006-07,20,2026-08-21T15:32:18.471926+00:00,1.0
2006-11-01,2006,2006-07,November,Others,490.76068299999974,Thousand Metric Tonnes (TMT),PPAC,1777985064_PT_Consumption_English.xls,2006-07,20,2026-08-21T15:32:18.471926+00:00,1.0
2006-12-01,2006,2006-07,December,Others,411.00465599999956,Thousand Metric Tonnes (TMT),PPAC,1777985064_PT_Consumption_English.xls,2006-07,20,2026-08-21T15:32:18.471926+00:00,1.0
2007-01-01,2007,2006-07,January,Others,522.8525879999996,Thousand Metric Tonnes (TMT),PPAC,1777985064_PT_Consumption_English.xls,2006-07,20,2026-08-21T15:32:18.471926+00:00,1.0
2007-02-01,2007,2006-07,February,Others,447.6526249999999,Thousand Metric Tonnes (TMT),PPAC,1777985064_PT_Consumption_English.xls,2006-07,20,2026-08-21T15:32:18.471926+00:00,1.0
2007-03-01,2007,2006-07,March,Others,518.0277749999997,Thousand Metric Tonnes (TMT),PPAC,1777985064_PT_Consumption_English.xls,2006-07,20,2026-08-21T15:32:18.471926+00:00,1.0
2007-04-01,2007,2007-08,April,LPG,903.3513969999984,Thousand Metric Tonnes (TMT),PPAC,1777985064_PT_Consumption_English.xls,2007-08,9,2026-08-21T15:32:18.477373+00:00,1.0
2007-05-01,2007,2007-08,May,LPG,917.3825089999985,Thousand Metric Tonnes (TMT),PPAC,1777985064_PT_Consumption_English.xls,2007-08,9,2026-08-21T15:32:18.477373+00:00,1.0
2007-06-01,2007,2007-08,June,LPG,894.0810749999994,Thousand Metric Tonnes (TMT),PPAC,1777985064_PT_Consumption_English.xls,2007-08,9,2026-08-21T15:32:18.477373+00:00,1.0
2007-07-01,2007,2007-08,July,LPG,953.2969509999967,Thousand Metric Tonnes (TMT),PPAC,1777985064_PT_Consumption_English.xls,2007-08,9,2026-08-21T15:32:18.477373+00:00,1.0
2007-08-01,2007,2007-08,August,LPG,990.0301609999992,Thousand Metric Tonnes (TMT),PPAC,1777985064_PT_Consumption_English.xls,2007-08,9,2026-08-21T15:32:18.477373+00:00,1.0
2007-09-01,2007,2007-08,September,LPG,986.5629089999989,Thousand Metric Tonnes (TMT),PPAC,1777985064_PT_Consumption_English.xls,2007-08,9,2026-08-21T15:32:18.477373+00:00,1.0
2007-10-01,2007,2007-08,October,LPG,1027.5997799999943,Thousand Metric Tonnes (TMT),PPAC,1777985064_PT_Consumption_English.xls,2007-08,9,2026-08-21T15:32:18.477373+00:00,1.0
2007-11-01,2007,2007-08,November,LPG,1027.0722250000001,Thousand Metric Tonnes (TMT),PPAC,1777985064_PT_Consumption_English.xls,2007-08,9,2026-08-21T15:32:18.477373+00:00,1.0
2007-12-01,2007,2007-08,December,LPG,1054.1547899999948,Thousand Metric Tonnes (TMT),PPAC,1777985064_PT_Consumption_English.xls,2007-08,9,2026-08-21T15:32:18.477373+00:00,1.0
2008-01-01,2008,2007-08,January,LPG,1064.3086209999976,Thousand Metric Tonnes (TMT),PPAC,1777985064_PT_Consumption_English.xls,2007-08,9,2026-08-21T15:32:18.477373+00:00,1.0
2008-02-01,2008,2007-08,February,LPG,1115.3213629999948,Thousand Metric Tonnes (TMT),PPAC,1777985064_PT_Consumption_English.xls,2007-08,9,2026-08-21T15:32:18.477373+00:00,1.0
2008-03-01,2008,2007-08,March,LPG,1076.4082009999995,Thousand Metric Tonnes (TMT),PPAC,1777985064_PT_Consumption_English.xls,2007-08,9,2026-08-21T15:32:18.477373+00:00,1.0
2007-04-01,2007,2007-08,April,Naphtha,1058.5748299999998,Thousand Metric Tonnes (TMT),PPAC,1777985064_PT_Consumption_English.xls,2007-08,10,2026-08-21T15:32:18.477373+00:00,1.0
2007-05-01,2007,2007-08,May,Naphtha,1073.90673,Thousand Metric Tonnes (TMT),PPAC,1777985064_PT_Consumption_English.xls,2007-08,10,2026-08-21T15:32:18.477373+00:00,1.0
2007-06-01,2007,2007-08,June,Naphtha,1186.710073,Thousand Metric Tonnes (TMT),PPAC,1777985064_PT_Consumption_English.xls,2007-08,10,2026-08-21T15:32:18.477373+00:00,1.0
2007-07-01,2007,2007-08,July,Naphtha,905.2009100000002,Thousand Metric Tonnes (TMT),PPAC,1777985064_PT_Consumption_English.xls,2007-08,10,2026-08-21T15:32:18.477373+00:00,1.0
2007-08-01,2007,2007-08,August,Naphtha,1047.26873,Thousand Metric Tonnes (TMT),PPAC,1777985064_PT_Consumption_English.xls,2007-08,10,2026-08-21T15:32:18.477373+00:00,1.0
2007-09-01,2007,2007-08,September,Naphtha,1018.8040100000003,Thousand Metric Tonnes (TMT),PPAC,1777985064_PT_Consumption_English.xls,2007-08,10,2026-08-21T15:32:18.477373+00:00,1.0
2007-10-01,2007,2007-08,October,Naphtha,1195.8810199999998,Thousand Metric Tonnes (TMT),PPAC,1777985064_PT_Consumption_English.xls,2007-08,10,2026-08-21T15:32:18.477373+00:00,1.0
2007-11-01,2007,2007-08,November,Naphtha,1111.7221799999998,Thousand Metric Tonnes (TMT),PPAC,1777985064_PT_Consumption_English.xls,2007-08,10,2026-08-21T15:32:18.477373+00:00,1.0
2007-12-01,2007,2007-08,December,Naphtha,1036.5753300000001,Thousand Metric Tonnes (TMT),PPAC,1777985064_PT_Consumption_English.xls,2007-08,10,2026-08-21T15:32:18.477373+00:00,1.0
2008-01-01,2008,2007-08,January,Naphtha,1275.50155,Thousand Metric Tonnes (TMT),PPAC,1777985064_PT_Consumption_English.xls,2007-08,10,2026-08-21T15:32:18.477373+00:00,1.0
2008-02-01,2008,2007-08,February,Naphtha,1157.02818,Thousand Metric Tonnes (TMT),PPAC,1777985064_PT_Consumption_English.xls,2007-08,10,2026-08-21T15:32:18.477373+00:00,1.0
2008-03-01,2008,2007-08,March,Naphtha,1226.6830300000001,Thousand Metric Tonnes (TMT),PPAC,1777985064_PT_Consumption_English.xls,2007-08,10,2026-08-21T15:32:18.477373+00:00,1.0
2007-04-01,2007,2007-08,April,MS,823.332065712271,Thousand Metric Tonnes (TMT),PPAC,1777985064_PT_Consumption_English.xls,2007-08,11,2026-08-21T15:32:18.477373+00:00,1.0
2007-05-01,2007,2007-08,May,MS,914.2250575124133,Thousand Metric Tonnes (TMT),PPAC,1777985064_PT_Consumption_English.xls,2007-08,11,2026-08-21T15:32:18.477373+00:00,1.0
2007-06-01,2007,2007-08,June,MS,854.4962585187874,Thousand Metric Tonnes (TMT),PPAC,1777985064_PT_Consumption_English.xls,2007-08,11,2026-08-21T15:32:18.477373+00:00,1.0
2007-07-01,2007,2007-08,July,MS,859.4056804039822,Thousand Metric Tonnes (TMT),PPAC,1777985064_PT_Consumption_English.xls,2007-08,11,2026-08-21T15:32:18.477373+00:00,1.0
2007-08-01,2007,2007-08,August,MS,825.6513902197124,Thousand Metric Tonnes (TMT),PPAC,1777985064_PT_Consumption_English.xls,2007-08,11,2026-08-21T15:32:18.477373+00:00,1.0
2007-09-01,2007,2007-08,September,MS,815.8244794968232,Thousand Metric Tonnes (TMT),PPAC,1777985064_PT_Consumption_English.xls,2007-08,11,2026-08-21T15:32:18.477373+00:00,1.0
2007-10-01,2007,2007-08,October,MS,850.4708270233956,Thousand Metric Tonnes (TMT),PPAC,1777985064_PT_Consumption_English.xls,2007-08,11,2026-08-21T15:32:18.477373+00:00,1.0
2007-11-01,2007,2007-08,November,MS,864.0453443586173,Thousand Metric Tonnes (TMT),PPAC,1777985064_PT_Consumption_English.xls,2007-08,11,2026-08-21T15:32:18.477373+00:00,1.0
2007-12-01,2007,2007-08,December,MS,880.481959064504,Thousand Metric Tonnes (TMT),PPAC,1777985064_PT_Consumption_English.xls,2007-08,11,2026-08-21T15:32:18.477373+00:00,1.0
2008-01-01,2008,2007-08,January,MS,886.9871460311972,Thousand Metric Tonnes (TMT),PPAC,1777985064_PT_Consumption_English.xls,2007-08,11,2026-08-21T15:32:18.477373+00:00,1.0
2008-02-01,2008,2007-08,February,MS,820.7468043727966,Thousand Metric Tonnes (TMT),PPAC,1777985064_PT_Consumption_English.xls,2007-08,11,2026-08-21T15:32:18.477373+00:00,1.0
2008-03-01,2008,2007-08,March,MS,936.2913000000108,Thousand Metric Tonnes (TMT),PPAC,1777985064_PT_Consumption_English.xls,2007-08,11,2026-08-21T15:32:18.477373+00:00,1.0
2007-04-01,2007,2007-08,April,ATF,351.75424,Thousand Metric Tonnes (TMT),PPAC,1777985064_PT_Consumption_English.xls,2007-08,12,2026-08-21T15:32:18.477373+00:00,1.0
2007-05-01,2007,2007-08,May,ATF,359.6240599999999,Thousand Metric Tonnes (TMT),PPAC,1777985064_PT_Consumption_English.xls,2007-08,12,2026-08-21T15:32:18.477373+00:00,1.0
2007-06-01,2007,2007-08,June,ATF,346.86643000000004,Thousand Metric Tonnes (TMT),PPAC,1777985064_PT_Consumption_English.xls,2007-08,12,2026-08-21T15:32:18.477373+00:00,1.0
2007-07-01,2007,2007-08,July,ATF,351.6772199999999,Thousand Metric Tonnes (TMT),PPAC,1777985064_PT_Consumption_English.xls,2007-08,12,2026-08-21T15:32:18.477373+00:00,1.0
2007-08-01,2007,2007-08,August,ATF,365.85032000000047,Thousand Metric Tonnes (TMT),PPAC,1777985064_PT_Consumption_English.xls,2007-08,12,2026-08-21T15:32:18.477373+00:00,1.0
2007-09-01,2007,2007-08,September,ATF,349.82602,Thousand Metric Tonnes (TMT),PPAC,1777985064_PT_Consumption_English.xls,2007-08,12,2026-08-21T15:32:18.477373+00:00,1.0
2007-10-01,2007,2007-08,October,ATF,379.21934000000005,Thousand Metric Tonnes (TMT),PPAC,1777985064_PT_Consumption_English.xls,2007-08,12,2026-08-21T15:32:18.477373+00:00,1.0
2007-11-01,2007,2007-08,November,ATF,397.6738700000002,Thousand Metric Tonnes (TMT),PPAC,1777985064_PT_Consumption_English.xls,2007-08,12,2026-08-21T15:32:18.477373+00:00,1.0
2007-12-01,2007,2007-08,December,ATF,415.3274800000001,Thousand Metric Tonnes (TMT),PPAC,1777985064_PT_Consumption_English.xls,2007-08,12,2026-08-21T15:32:18.477373+00:00,1.0
2008-01-01,2008,2007-08,January,ATF,420.90186000000017,Thousand Metric Tonnes (TMT),PPAC,1777985064_PT_Consumption_English.xls,2007-08,12,2026-08-21T15:32:18.477373+00:00,1.0
2008-02-01,2008,2007-08,February,ATF,388.2348699999998,Thousand Metric Tonnes (TMT),PPAC,1777985064_PT_Consumption_English.xls,2007-08,12,2026-08-21T15:32:18.477373+00:00,1.0
2008-03-01,2008,2007-08,March,ATF,418.82859000000013,Thousand Metric Tonnes (TMT),PPAC,1777985064_PT_Consumption_English.xls,2007-08,12,2026-08-21T15:32:18.477373+00:00,1.0
2007-04-01,2007,2007-08,April,SKO,767.6329400000004,Thousand Metric Tonnes (TMT),PPAC,1777985064_PT_Consumption_English.xls,2007-08,13,2026-08-21T15:32:18.477373+00:00,1.0
2007-05-01,2007,2007-08,May,SKO,782.3846299999983,Thousand Metric Tonnes (TMT),PPAC,1777985064_PT_Consumption_English.xls,2007-08,13,2026-08-21T15:32:18.477373+00:00,1.0
2007-06-01,2007,2007-08,June,SKO,777.346110000001,Thousand Metric Tonnes (TMT),PPAC,1777985064_PT_Consumption_English.xls,2007-08,13,2026-08-21T15:32:18.477373+00:00,1.0
2007-07-01,2007,2007-08,July,SKO,772.8893999999998,Thousand Metric Tonnes (TMT),PPAC,1777985064_PT_Consumption_English.xls,2007-08,13,2026-08-21T15:32:18.477373+00:00,1.0
2007-08-01,2007,2007-08,August,SKO,776.7350999999987,Thousand Metric Tonnes (TMT),PPAC,1777985064_PT_Consumption_English.xls,2007-08,13,2026-08-21T15:32:18.477373+00:00,1.0
2007-09-01,2007,2007-08,September,SKO,793.53553,Thousand Metric Tonnes (TMT),PPAC,1777985064_PT_Consumption_English.xls,2007-08,13,2026-08-21T15:32:18.477373+00:00,1.0
2007-10-01,2007,2007-08,October,SKO,780.5944000000012,Thousand Metric Tonnes (TMT),PPAC,1777985064_PT_Consumption_English.xls,2007-08,13,2026-08-21T15:32:18.477373+00:00,1.0
2007-11-01,2007,2007-08,November,SKO,791.4115900000004,Thousand Metric Tonnes (TMT),PPAC,1777985064_PT_Consumption_English.xls,2007-08,13,2026-08-21T15:32:18.477373+00:00,1.0
2007-12-01,2007,2007-08,December,SKO,778.6448400000012,Thousand Metric Tonnes (TMT),PPAC,1777985064_PT_Consumption_English.xls,2007-08,13,2026-08-21T15:32:18.477373+00:00,1.0
2008-01-01,2008,2007-08,January,SKO,778.103180000002,Thousand Metric Tonnes (TMT),PPAC,1777985064_PT_Consumption_English.xls,2007-08,13,2026-08-21T15:32:18.477373+00:00,1.0
2008-02-01,2008,2007-08,February,SKO,783.8916399999999,Thousand Metric Tonnes (TMT),PPAC,1777985064_PT_Consumption_English.xls,2007-08,13,2026-08-21T15:32:18.477373+00:00,1.0
2008-03-01,2008,2007-08,March,SKO,781.3563500000005,Thousand Metric Tonnes (TMT),PPAC,1777985064_PT_Consumption_English.xls,2007-08,13,2026-08-21T15:32:18.477373+00:00,1.0
2007-04-01,2007,2007-08,April,HSD,3970.5349359504107,Thousand Metric Tonnes (TMT),PPAC,1777985064_PT_Consumption_English.xls,2007-08,14,2026-08-21T15:32:18.477373+00:00,1.0
2007-05-01,2007,2007-08,May,HSD,4112.434135305799,Thousand Metric Tonnes (TMT),PPAC,1777985064_PT_Consumption_English.xls,2007-08,14,2026-08-21T15:32:18.477373+00:00,1.0
2007-06-01,2007,2007-08,June,HSD,3928.224841900811,Thousand Metric Tonnes (TMT),PPAC,1777985064_PT_Consumption_English.xls,2007-08,14,2026-08-21T15:32:18.477373+00:00,1.0
2007-07-01,2007,2007-08,July,HSD,3698.758848760356,Thousand Metric Tonnes (TMT),PPAC,1777985064_PT_Consumption_English.xls,2007-08,14,2026-08-21T15:32:18.477373+00:00,1.0
2007-08-01,2007,2007-08,August,HSD,3309.5912937189996,Thousand Metric Tonnes (TMT),PPAC,1777985064_PT_Consumption_English.xls,2007-08,14,2026-08-21T15:32:18.477373+00:00,1.0
2007-09-01,2007,2007-08,September,HSD,3346.7673986777154,Thousand Metric Tonnes (TMT),PPAC,1777985064_PT_Consumption_English.xls,2007-08,14,2026-08-21T15:32:18.477373+00:00,1.0
2007-10-01,2007,2007-08,October,HSD,3987.7169915702943,Thousand Metric Tonnes (TMT),PPAC,1777985064_PT_Consumption_English.xls,2007-08,14,2026-08-21T15:32:18.477373+00:00,1.0
2007-11-01,2007,2007-08,November,HSD,4112.410884793372,Thousand Metric Tonnes (TMT),PPAC,1777985064_PT_Consumption_English.xls,2007-08,14,2026-08-21T15:32:18.477373+00:00,1.0
2007-12-01,2007,2007-08,December,HSD,4367.587158677694,Thousand Metric Tonnes (TMT),PPAC,1777985064_PT_Consumption_English.xls,2007-08,14,2026-08-21T15:32:18.477373+00:00,1.0
2008-01-01,2008,2007-08,January,HSD,4306.8806567768925,Thousand Metric Tonnes (TMT),PPAC,1777985064_PT_Consumption_English.xls,2007-08,14,2026-08-21T15:32:18.477373+00:00,1.0
2008-02-01,2008,2007-08,February,HSD,4119.174067272745,Thousand Metric Tonnes (TMT),PPAC,1777985064_PT_Consumption_English.xls,2007-08,14,2026-08-21T15:32:18.477373+00:00,1.0
2008-03-01,2008,2007-08,March,HSD,4408.642289999989,Thousand Metric Tonnes (TMT),PPAC,1777985064_PT_Consumption_English.xls,2007-08,14,2026-08-21T15:32:18.477373+00:00,1.0
2007-04-01,2007,2007-08,April,LDO,50.325299999999984,Thousand Metric Tonnes (TMT),PPAC,1777985064_PT_Consumption_English.xls,2007-08,15,2026-08-21T15:32:18.477373+00:00,1.0
2007-05-01,2007,2007-08,May,LDO,47.15261999999998,Thousand Metric Tonnes (TMT),PPAC,1777985064_PT_Consumption_English.xls,2007-08,15,2026-08-21T15:32:18.477373+00:00,1.0
2007-06-01,2007,2007-08,June,LDO,55.39652000000004,Thousand Metric Tonnes (TMT),PPAC,1777985064_PT_Consumption_English.xls,2007-08,15,2026-08-21T15:32:18.477373+00:00,1.0
2007-07-01,2007,2007-08,July,LDO,55.33572000000007,Thousand Metric Tonnes (TMT),PPAC,1777985064_PT_Consumption_English.xls,2007-08,15,2026-08-21T15:32:18.477373+00:00,1.0
2007-08-01,2007,2007-08,August,LDO,55.51838000000003,Thousand Metric Tonnes (TMT),PPAC,1777985064_PT_Consumption_English.xls,2007-08,15,2026-08-21T15:32:18.477373+00:00,1.0
2007-09-01,2007,2007-08,September,LDO,48.79686000000004,Thousand Metric Tonnes (TMT),PPAC,1777985064_PT_Consumption_English.xls,2007-08,15,2026-08-21T15:32:18.477373+00:00,1.0
2007-10-01,2007,2007-08,October,LDO,63.160760000000096,Thousand Metric Tonnes (TMT),PPAC,1777985064_PT_Consumption_English.xls,2007-08,15,2026-08-21T15:32:18.477373+00:00,1.0
2007-11-01,2007,2007-08,November,LDO,58.66171000000001,Thousand Metric Tonnes (TMT),PPAC,1777985064_PT_Consumption_English.xls,2007-08,15,2026-08-21T15:32:18.477373+00:00,1.0
2007-12-01,2007,2007-08,December,LDO,61.822130000000044,Thousand Metric Tonnes (TMT),PPAC,1777985064_PT_Consumption_English.xls,2007-08,15,2026-08-21T15:32:18.477373+00:00,1.0
2008-01-01,2008,2007-08,January,LDO,60.800999999999995,Thousand Metric Tonnes (TMT),PPAC,1777985064_PT_Consumption_English.xls,2007-08,15,2026-08-21T15:32:18.477373+00:00,1.0
2008-02-01,2008,2007-08,February,LDO,53.98240000000005,Thousand Metric Tonnes (TMT),PPAC,1777985064_PT_Consumption_English.xls,2007-08,15,2026-08-21T15:32:18.477373+00:00,1.0
2008-03-01,2008,2007-08,March,LDO,56.51944000000003,Thousand Metric Tonnes (TMT),PPAC,1777985064_PT_Consumption_English.xls,2007-08,15,2026-08-21T15:32:18.477373+00:00,1.0
2007-04-01,2007,2007-08,April,Lubricants & Greases,229.40275400000252,Thousand Metric Tonnes (TMT),PPAC,1777985064_PT_Consumption_English.xls,2007-08,16,2026-08-21T15:32:18.477373+00:00,1.0
2007-05-01,2007,2007-08,May,Lubricants & Greases,195.71894000000103,Thousand Metric Tonnes (TMT),PPAC,1777985064_PT_Consumption_English.xls,2007-08,16,2026-08-21T15:32:18.477373+00:00,1.0
2007-06-01,2007,2007-08,June,Lubricants & Greases,189.74287300000213,Thousand Metric Tonnes (TMT),PPAC,1777985064_PT_Consumption_English.xls,2007-08,16,2026-08-21T15:32:18.477373+00:00,1.0
2007-07-01,2007,2007-08,July,Lubricants & Greases,170.83246500000376,Thousand Metric Tonnes (TMT),PPAC,1777985064_PT_Consumption_English.xls,2007-08,16,2026-08-21T15:32:18.477373+00:00,1.0
2007-08-01,2007,2007-08,August,Lubricants & Greases,192.51436100000188,Thousand Metric Tonnes (TMT),PPAC,1777985064_PT_Consumption_English.xls,2007-08,16,2026-08-21T15:32:18.477373+00:00,1.0
2007-09-01,2007,2007-08,September,Lubricants & Greases,138.3297100000033,Thousand Metric Tonnes (TMT),PPAC,1777985064_PT_Consumption_English.xls,2007-08,16,2026-08-21T15:32:18.477373+00:00,1.0
2007-10-01,2007,2007-08,October,Lubricants & Greases,177.98180400000547,Thousand Metric Tonnes (TMT),PPAC,1777985064_PT_Consumption_English.xls,2007-08,16,2026-08-21T15:32:18.477373+00:00,1.0
2007-11-01,2007,2007-08,November,Lubricants & Greases,183.2278730000005,Thousand Metric Tonnes (TMT),PPAC,1777985064_PT_Consumption_English.xls,2007-08,16,2026-08-21T15:32:18.477373+00:00,1.0
2007-12-01,2007,2007-08,December,Lubricants & Greases,208.47743000000344,Thousand Metric Tonnes (TMT),PPAC,1777985064_PT_Consumption_English.xls,2007-08,16,2026-08-21T15:32:18.477373+00:00,1.0
2008-01-01,2008,2007-08,January,Lubricants & Greases,194.41525000000357,Thousand Metric Tonnes (TMT),PPAC,1777985064_PT_Consumption_English.xls,2007-08,16,2026-08-21T15:32:18.477373+00:00,1.0
2008-02-01,2008,2007-08,February,Lubricants & Greases,194.59728600000398,Thousand Metric Tonnes (TMT),PPAC,1777985064_PT_Consumption_English.xls,2007-08,16,2026-08-21T15:32:18.477373+00:00,1.0
2008-03-01,2008,2007-08,March,Lubricants & Greases,214.77350400000353,Thousand Metric Tonnes (TMT),PPAC,1777985064_PT_Consumption_English.xls,2007-08,16,2026-08-21T15:32:18.477373+00:00,1.0
2007-04-01,2007,2007-08,April,FO & LSHS,1031.80898,Thousand Metric Tonnes (TMT),PPAC,1777985064_PT_Consumption_English.xls,2007-08,17,2026-08-21T15:32:18.477373+00:00,1.0
2007-05-01,2007,2007-08,May,FO & LSHS,1142.9538800000003,Thousand Metric Tonnes (TMT),PPAC,1777985064_PT_Consumption_English.xls,2007-08,17,2026-08-21T15:32:18.477373+00:00,1.0
2007-06-01,2007,2007-08,June,FO & LSHS,1108.6459100000004,Thousand Metric Tonnes (TMT),PPAC,1777985064_PT_Consumption_English.xls,2007-08,17,2026-08-21T15:32:18.477373+00:00,1.0
2007-07-01,2007,2007-08,July,FO & LSHS,1017.38037,Thousand Metric Tonnes (TMT),PPAC,1777985064_PT_Consumption_English.xls,2007-08,17,2026-08-21T15:32:18.477373+00:00,1.0
2007-08-01,2007,2007-08,August,FO & LSHS,996.6236500000016,Thousand Metric Tonnes (TMT),PPAC,1777985064_PT_Consumption_English.xls,2007-08,17,2026-08-21T15:32:18.477373+00:00,1.0
2007-09-01,2007,2007-08,September,FO & LSHS,1076.57627,Thousand Metric Tonnes (TMT),PPAC,1777985064_PT_Consumption_English.xls,2007-08,17,2026-08-21T15:32:18.477373+00:00,1.0
2007-10-01,2007,2007-08,October,FO & LSHS,1117.5615100000016,Thousand Metric Tonnes (TMT),PPAC,1777985064_PT_Consumption_English.xls,2007-08,17,2026-08-21T15:32:18.477373+00:00,1.0
2007-11-01,2007,2007-08,November,FO & LSHS,927.4966400000001,Thousand Metric Tonnes (TMT),PPAC,1777985064_PT_Consumption_English.xls,2007-08,17,2026-08-21T15:32:18.477373+00:00,1.0
2007-12-01,2007,2007-08,December,FO & LSHS,1056.4193000000016,Thousand Metric Tonnes (TMT),PPAC,1777985064_PT_Consumption_English.xls,2007-08,17,2026-08-21T15:32:18.477373+00:00,1.0
2008-01-01,2008,2007-08,January,FO & LSHS,1055.2539299999992,Thousand Metric Tonnes (TMT),PPAC,1777985064_PT_Consumption_English.xls,2007-08,17,2026-08-21T15:32:18.477373+00:00,1.0
2008-02-01,2008,2007-08,February,FO & LSHS,1128.655430000001,Thousand Metric Tonnes (TMT),PPAC,1777985064_PT_Consumption_English.xls,2007-08,17,2026-08-21T15:32:18.477373+00:00,1.0
2008-03-01,2008,2007-08,March,FO & LSHS,1057.9408500000006,Thousand Metric Tonnes (TMT),PPAC,1777985064_PT_Consumption_English.xls,2007-08,17,2026-08-21T15:32:18.477373+00:00,1.0
2007-04-01,2007,2007-08,April,Bitumen,457.885449999999,Thousand Metric Tonnes (TMT),PPAC,1777985064_PT_Consumption_English.xls,2007-08,18,2026-08-21T15:32:18.477373+00:00,1.0
2007-05-01,2007,2007-08,May,Bitumen,474.89473399999946,Thousand Metric Tonnes (TMT),PPAC,1777985064_PT_Consumption_English.xls,2007-08,18,2026-08-21T15:32:18.477373+00:00,1.0
2007-06-01,2007,2007-08,June,Bitumen,350.39144999999945,Thousand Metric Tonnes (TMT),PPAC,1777985064_PT_Consumption_English.xls,2007-08,18,2026-08-21T15:32:18.477373+00:00,1.0
2007-07-01,2007,2007-08,July,Bitumen,207.02514999999957,Thousand Metric Tonnes (TMT),PPAC,1777985064_PT_Consumption_English.xls,2007-08,18,2026-08-21T15:32:18.477373+00:00,1.0
2007-08-01,2007,2007-08,August,Bitumen,185.62895999999967,Thousand Metric Tonnes (TMT),PPAC,1777985064_PT_Consumption_English.xls,2007-08,18,2026-08-21T15:32:18.477373+00:00,1.0
2007-09-01,2007,2007-08,September,Bitumen,220.28498499999984,Thousand Metric Tonnes (TMT),PPAC,1777985064_PT_Consumption_English.xls,2007-08,18,2026-08-21T15:32:18.477373+00:00,1.0
2007-10-01,2007,2007-08,October,Bitumen,330.8694699999997,Thousand Metric Tonnes (TMT),PPAC,1777985064_PT_Consumption_English.xls,2007-08,18,2026-08-21T15:32:18.477373+00:00,1.0
2007-11-01,2007,2007-08,November,Bitumen,367.13957999999946,Thousand Metric Tonnes (TMT),PPAC,1777985064_PT_Consumption_English.xls,2007-08,18,2026-08-21T15:32:18.477373+00:00,1.0
2007-12-01,2007,2007-08,December,Bitumen,438.87951999999956,Thousand Metric Tonnes (TMT),PPAC,1777985064_PT_Consumption_English.xls,2007-08,18,2026-08-21T15:32:18.477373+00:00,1.0
2008-01-01,2008,2007-08,January,Bitumen,434.88861999999966,Thousand Metric Tonnes (TMT),PPAC,1777985064_PT_Consumption_English.xls,2007-08,18,2026-08-21T15:32:18.477373+00:00,1.0
2008-02-01,2008,2007-08,February,Bitumen,466.2814899999994,Thousand Metric Tonnes (TMT),PPAC,1777985064_PT_Consumption_English.xls,2007-08,18,2026-08-21T15:32:18.477373+00:00,1.0
2008-03-01,2008,2007-08,March,Bitumen,571.7385000000003,Thousand Metric Tonnes (TMT),PPAC,1777985064_PT_Consumption_English.xls,2007-08,18,2026-08-21T15:32:18.477373+00:00,1.0
2007-04-01,2007,2007-08,April,Petroleum coke,562.0458939999999,Thousand Metric Tonnes (TMT),PPAC,1777985064_PT_Consumption_English.xls,2007-08,19,2026-08-21T15:32:18.477373+00:00,1.0
2007-05-01,2007,2007-08,May,Petroleum coke,524.9719300000002,Thousand Metric Tonnes (TMT),PPAC,1777985064_PT_Consumption_English.xls,2007-08,19,2026-08-21T15:32:18.477373+00:00,1.0
2007-06-01,2007,2007-08,June,Petroleum coke,458.21666999999997,Thousand Metric Tonnes (TMT),PPAC,1777985064_PT_Consumption_English.xls,2007-08,19,2026-08-21T15:32:18.477373+00:00,1.0
2007-07-01,2007,2007-08,July,Petroleum coke,472.9692099999996,Thousand Metric Tonnes (TMT),PPAC,1777985064_PT_Consumption_English.xls,2007-08,19,2026-08-21T15:32:18.477373+00:00,1.0
2007-08-01,2007,2007-08,August,Petroleum coke,372.44171500000004,Thousand Metric Tonnes (TMT),PPAC,1777985064_PT_Consumption_English.xls,2007-08,19,2026-08-21T15:32:18.477373+00:00,1.0
2007-09-01,2007,2007-08,September,Petroleum coke,536.873744,Thousand Metric Tonnes (TMT),PPAC,1777985064_PT_Consumption_English.xls,2007-08,19,2026-08-21T15:32:18.477373+00:00,1.0
2007-10-01,2007,2007-08,October,Petroleum coke,488.2423499999999,Thousand Metric Tonnes (TMT),PPAC,1777985064_PT_Consumption_English.xls,2007-08,19,2026-08-21T15:32:18.477373+00:00,1.0
2007-11-01,2007,2007-08,November,Petroleum coke,472.6232000000001,Thousand Metric Tonnes (TMT),PPAC,1777985064_PT_Consumption_English.xls,2007-08,19,2026-08-21T15:32:18.477373+00:00,1.0
2007-12-01,2007,2007-08,December,Petroleum coke,404.00442999999996,Thousand Metric Tonnes (TMT),PPAC,1777985064_PT_Consumption_English.xls,2007-08,19,2026-08-21T15:32:18.477373+00:00,1.0
2008-01-01,2008,2007-08,January,Petroleum coke,525.98146,Thousand Metric Tonnes (TMT),PPAC,1777985064_PT_Consumption_English.xls,2007-08,19,2026-08-21T15:32:18.477373+00:00,1.0
2008-02-01,2008,2007-08,February,Petroleum coke,630.3486500000001,Thousand Metric Tonnes (TMT),PPAC,1777985064_PT_Consumption_English.xls,2007-08,19,2026-08-21T15:32:18.477373+00:00,1.0
2008-03-01,2008,2007-08,March,Petroleum coke,500.9012299999998,Thousand Metric Tonnes (TMT),PPAC,1777985064_PT_Consumption_English.xls,2007-08,19,2026-08-21T15:32:18.477373+00:00,1.0
2007-04-01,2007,2007-08,April,Others,405.0308150000001,Thousand Metric Tonnes (TMT),PPAC,1777985064_PT_Consumption_English.xls,2007-08,20,2026-08-21T15:32:18.477373+00:00,1.0
2007-05-01,2007,2007-08,May,Others,529.918985,Thousand Metric Tonnes (TMT),PPAC,1777985064_PT_Consumption_English.xls,2007-08,20,2026-08-21T15:32:18.477373+00:00,1.0
2007-06-01,2007,2007-08,June,Others,479.06811199999976,Thousand Metric Tonnes (TMT),PPAC,1777985064_PT_Consumption_English.xls,2007-08,20,2026-08-21T15:32:18.477373+00:00,1.0
2007-07-01,2007,2007-08,July,Others,477.67629600000123,Thousand Metric Tonnes (TMT),PPAC,1777985064_PT_Consumption_English.xls,2007-08,20,2026-08-21T15:32:18.477373+00:00,1.0
2007-08-01,2007,2007-08,August,Others,505.81975500000004,Thousand Metric Tonnes (TMT),PPAC,1777985064_PT_Consumption_English.xls,2007-08,20,2026-08-21T15:32:18.477373+00:00,1.0
2007-09-01,2007,2007-08,September,Others,423.64850000000024,Thousand Metric Tonnes (TMT),PPAC,1777985064_PT_Consumption_English.xls,2007-08,20,2026-08-21T15:32:18.477373+00:00,1.0
2007-10-01,2007,2007-08,October,Others,497.23750500000244,Thousand Metric Tonnes (TMT),PPAC,1777985064_PT_Consumption_English.xls,2007-08,20,2026-08-21T15:32:18.477373+00:00,1.0
2007-11-01,2007,2007-08,November,Others,457.91706400000027,Thousand Metric Tonnes (TMT),PPAC,1777985064_PT_Consumption_English.xls,2007-08,20,2026-08-21T15:32:18.477373+00:00,1.0
2007-12-01,2007,2007-08,December,Others,417.88764999999955,Thousand Metric Tonnes (TMT),PPAC,1777985064_PT_Consumption_English.xls,2007-08,20,2026-08-21T15:32:18.477373+00:00,1.0
2008-01-01,2008,2007-08,January,Others,440.66153300000036,Thousand Metric Tonnes (TMT),PPAC,1777985064_PT_Consumption_English.xls,2007-08,20,2026-08-21T15:32:18.477373+00:00,1.0
2008-02-01,2008,2007-08,February,Others,484.6176590000004,Thousand Metric Tonnes (TMT),PPAC,1777985064_PT_Consumption_English.xls,2007-08,20,2026-08-21T15:32:18.477373+00:00,1.0
2008-03-01,2008,2007-08,March,Others,481.91357399999987,Thousand Metric Tonnes (TMT),PPAC,1777985064_PT_Consumption_English.xls,2007-08,20,2026-08-21T15:32:18.477373+00:00,1.0
2008-04-01,2008,2008-09,April,LPG,999.4172300000001,Thousand Metric Tonnes (TMT),PPAC,1777985064_PT_Consumption_English.xls,2008-09,9,2026-08-21T15:32:18.487723+00:00,1.0
2008-05-01,2008,2008-09,May,LPG,1005.2354619999994,Thousand Metric Tonnes (TMT),PPAC,1777985064_PT_Consumption_English.xls,2008-09,9,2026-08-21T15:32:18.487723+00:00,1.0
2008-06-01,2008,2008-09,June,LPG,914.4491229999968,Thousand Metric Tonnes (TMT),PPAC,1777985064_PT_Consumption_English.xls,2008-09,9,2026-08-21T15:32:18.487723+00:00,1.0
2008-07-01,2008,2008-09,July,LPG,979.9737419999983,Thousand Metric Tonnes (TMT),PPAC,1777985064_PT_Consumption_English.xls,2008-09,9,2026-08-21T15:32:18.487723+00:00,1.0
2008-08-01,2008,2008-09,August,LPG,970.5423729999977,Thousand Metric Tonnes (TMT),PPAC,1777985064_PT_Consumption_English.xls,2008-09,9,2026-08-21T15:32:18.487723+00:00,1.0
2008-09-01,2008,2008-09,September,LPG,1017.055897000001,Thousand Metric Tonnes (TMT),PPAC,1777985064_PT_Consumption_English.xls,2008-09,9,2026-08-21T15:32:18.487723+00:00,1.0
2008-10-01,2008,2008-09,October,LPG,1008.478372000001,Thousand Metric Tonnes (TMT),PPAC,1777985064_PT_Consumption_English.xls,2008-09,9,2026-08-21T15:32:18.487723+00:00,1.0
2008-11-01,2008,2008-09,November,LPG,1015.6498009999971,Thousand Metric Tonnes (TMT),PPAC,1777985064_PT_Consumption_English.xls,2008-09,9,2026-08-21T15:32:18.487723+00:00,1.0
2008-12-01,2008,2008-09,December,LPG,1085.5787180000002,Thousand Metric Tonnes (TMT),PPAC,1777985064_PT_Consumption_English.xls,2008-09,9,2026-08-21T15:32:18.487723+00:00,1.0
2009-01-01,2009,2008-09,January,LPG,1061.8447669999996,Thousand Metric Tonnes (TMT),PPAC,1777985064_PT_Consumption_English.xls,2008-09,9,2026-08-21T15:32:18.487723+00:00,1.0
2009-02-01,2009,2008-09,February,LPG,1051.4493589999984,Thousand Metric Tonnes (TMT),PPAC,1777985064_PT_Consumption_English.xls,2008-09,9,2026-08-21T15:32:18.487723+00:00,1.0
2009-03-01,2009,2008-09,March,LPG,1081.4430400000017,Thousand Metric Tonnes (TMT),PPAC,1777985064_PT_Consumption_English.xls,2008-09,9,2026-08-21T15:32:18.487723+00:00,1.0
2008-04-01,2008,2008-09,April,Naphtha,1067.28144,Thousand Metric Tonnes (TMT),PPAC,1777985064_PT_Consumption_English.xls,2008-09,10,2026-08-21T15:32:18.487723+00:00,1.0
2008-05-01,2008,2008-09,May,Naphtha,1074.0993100000003,Thousand Metric Tonnes (TMT),PPAC,1777985064_PT_Consumption_English.xls,2008-09,10,2026-08-21T15:32:18.487723+00:00,1.0
2008-06-01,2008,2008-09,June,Naphtha,1087.4018400000002,Thousand Metric Tonnes (TMT),PPAC,1777985064_PT_Consumption_English.xls,2008-09,10,2026-08-21T15:32:18.487723+00:00,1.0
2008-07-01,2008,2008-09,July,Naphtha,1081.5314599999997,Thousand Metric Tonnes (TMT),PPAC,1777985064_PT_Consumption_English.xls,2008-09,10,2026-08-21T15:32:18.487723+00:00,1.0
2008-08-01,2008,2008-09,August,Naphtha,1092.2770800000003,Thousand Metric Tonnes (TMT),PPAC,1777985064_PT_Consumption_English.xls,2008-09,10,2026-08-21T15:32:18.487723+00:00,1.0
2008-09-01,2008,2008-09,September,Naphtha,1146.0988100000002,Thousand Metric Tonnes (TMT),PPAC,1777985064_PT_Consumption_English.xls,2008-09,10,2026-08-21T15:32:18.487723+00:00,1.0
2008-10-01,2008,2008-09,October,Naphtha,1071.75412,Thousand Metric Tonnes (TMT),PPAC,1777985064_PT_Consumption_English.xls,2008-09,10,2026-08-21T15:32:18.487723+00:00,1.0
2008-11-01,2008,2008-09,November,Naphtha,1105.3204400000004,Thousand Metric Tonnes (TMT),PPAC,1777985064_PT_Consumption_English.xls,2008-09,10,2026-08-21T15:32:18.487723+00:00,1.0
2008-12-01,2008,2008-09,December,Naphtha,1371.6649200000002,Thousand Metric Tonnes (TMT),PPAC,1777985064_PT_Consumption_English.xls,2008-09,10,2026-08-21T15:32:18.487723+00:00,1.0
2009-01-01,2009,2008-09,January,Naphtha,1340.05089,Thousand Metric Tonnes (TMT),PPAC,1777985064_PT_Consumption_English.xls,2008-09,10,2026-08-21T15:32:18.487723+00:00,1.0
2009-02-01,2009,2008-09,February,Naphtha,1301.5071799999998,Thousand Metric Tonnes (TMT),PPAC,1777985064_PT_Consumption_English.xls,2008-09,10,2026-08-21T15:32:18.487723+00:00,1.0
2009-03-01,2009,2008-09,March,Naphtha,1171.75069,Thousand Metric Tonnes (TMT),PPAC,1777985064_PT_Consumption_English.xls,2008-09,10,2026-08-21T15:32:18.487723+00:00,1.0
2008-04-01,2008,2008-09,April,MS,943.2428400000051,Thousand Metric Tonnes (TMT),PPAC,1777985064_PT_Consumption_English.xls,2008-09,11,2026-08-21T15:32:18.487723+00:00,1.0
2008-05-01,2008,2008-09,May,MS,1053.457730000014,Thousand Metric Tonnes (TMT),PPAC,1777985064_PT_Consumption_English.xls,2008-09,11,2026-08-21T15:32:18.487723+00:00,1.0
2008-06-01,2008,2008-09,June,MS,802.6545300000103,Thousand Metric Tonnes (TMT),PPAC,1777985064_PT_Consumption_English.xls,2008-09,11,2026-08-21T15:32:18.487723+00:00,1.0
2008-07-01,2008,2008-09,July,MS,913.9278300000044,Thousand Metric Tonnes (TMT),PPAC,1777985064_PT_Consumption_English.xls,2008-09,11,2026-08-21T15:32:18.487723+00:00,1.0
2008-08-01,2008,2008-09,August,MS,892.2922900000125,Thousand Metric Tonnes (TMT),PPAC,1777985064_PT_Consumption_English.xls,2008-09,11,2026-08-21T15:32:18.487723+00:00,1.0
2008-09-01,2008,2008-09,September,MS,900.082790000004,Thousand Metric Tonnes (TMT),PPAC,1777985064_PT_Consumption_English.xls,2008-09,11,2026-08-21T15:32:18.487723+00:00,1.0
2008-10-01,2008,2008-09,October,MS,936.4573500000122,Thousand Metric Tonnes (TMT),PPAC,1777985064_PT_Consumption_English.xls,2008-09,11,2026-08-21T15:32:18.487723+00:00,1.0
2008-11-01,2008,2008-09,November,MS,914.8883700000116,Thousand Metric Tonnes (TMT),PPAC,1777985064_PT_Consumption_English.xls,2008-09,11,2026-08-21T15:32:18.487723+00:00,1.0
2008-12-01,2008,2008-09,December,MS,929.2548500000075,Thousand Metric Tonnes (TMT),PPAC,1777985064_PT_Consumption_English.xls,2008-09,11,2026-08-21T15:32:18.487723+00:00,1.0
2009-01-01,2009,2008-09,January,MS,967.9203900000094,Thousand Metric Tonnes (TMT),PPAC,1777985064_PT_Consumption_English.xls,2008-09,11,2026-08-21T15:32:18.487723+00:00,1.0
2009-02-01,2009,2008-09,February,MS,944.0952500000107,Thousand Metric Tonnes (TMT),PPAC,1777985064_PT_Consumption_English.xls,2008-09,11,2026-08-21T15:32:18.487723+00:00,1.0
2009-03-01,2009,2008-09,March,MS,1059.5191200000042,Thousand Metric Tonnes (TMT),PPAC,1777985064_PT_Consumption_English.xls,2008-09,11,2026-08-21T15:32:18.487723+00:00,1.0
2008-04-01,2008,2008-09,April,ATF,390.04345,Thousand Metric Tonnes (TMT),PPAC,1777985064_PT_Consumption_English.xls,2008-09,12,2026-08-21T15:32:18.487723+00:00,1.0
2008-05-01,2008,2008-09,May,ATF,402.22155999999995,Thousand Metric Tonnes (TMT),PPAC,1777985064_PT_Consumption_English.xls,2008-09,12,2026-08-21T15:32:18.487723+00:00,1.0
2008-06-01,2008,2008-09,June,ATF,375.15387999999973,Thousand Metric Tonnes (TMT),PPAC,1777985064_PT_Consumption_English.xls,2008-09,12,2026-08-21T15:32:18.487723+00:00,1.0
2008-07-01,2008,2008-09,July,ATF,366.53828999999985,Thousand Metric Tonnes (TMT),PPAC,1777985064_PT_Consumption_English.xls,2008-09,12,2026-08-21T15:32:18.487723+00:00,1.0
2008-08-01,2008,2008-09,August,ATF,351.87887999999987,Thousand Metric Tonnes (TMT),PPAC,1777985064_PT_Consumption_English.xls,2008-09,12,2026-08-21T15:32:18.487723+00:00,1.0
2008-09-01,2008,2008-09,September,ATF,348.1850600000003,Thousand Metric Tonnes (TMT),PPAC,1777985064_PT_Consumption_English.xls,2008-09,12,2026-08-21T15:32:18.487723+00:00,1.0
2008-10-01,2008,2008-09,October,ATF,356.08781999999985,Thousand Metric Tonnes (TMT),PPAC,1777985064_PT_Consumption_English.xls,2008-09,12,2026-08-21T15:32:18.487723+00:00,1.0
2008-11-01,2008,2008-09,November,ATF,367.3237399999999,Thousand Metric Tonnes (TMT),PPAC,1777985064_PT_Consumption_English.xls,2008-09,12,2026-08-21T15:32:18.487723+00:00,1.0
2008-12-01,2008,2008-09,December,ATF,371.65575,Thousand Metric Tonnes (TMT),PPAC,1777985064_PT_Consumption_English.xls,2008-09,12,2026-08-21T15:32:18.487723+00:00,1.0
2009-01-01,2009,2008-09,January,ATF,375.94135000000017,Thousand Metric Tonnes (TMT),PPAC,1777985064_PT_Consumption_English.xls,2008-09,12,2026-08-21T15:32:18.487723+00:00,1.0
2009-02-01,2009,2008-09,February,ATF,347.5407200000001,Thousand Metric Tonnes (TMT),PPAC,1777985064_PT_Consumption_English.xls,2008-09,12,2026-08-21T15:32:18.487723+00:00,1.0
2009-03-01,2009,2008-09,March,ATF,374.1842200000001,Thousand Metric Tonnes (TMT),PPAC,1777985064_PT_Consumption_English.xls,2008-09,12,2026-08-21T15:32:18.487723+00:00,1.0
2008-04-01,2008,2008-09,April,SKO,760.6705800000011,Thousand Metric Tonnes (TMT),PPAC,1777985064_PT_Consumption_English.xls,2008-09,13,2026-08-21T15:32:18.487723+00:00,1.0
2008-05-01,2008,2008-09,May,SKO,768.4673199999999,Thousand Metric Tonnes (TMT),PPAC,1777985064_PT_Consumption_English.xls,2008-09,13,2026-08-21T15:32:18.487723+00:00,1.0
2008-06-01,2008,2008-09,June,SKO,774.5567599999971,Thousand Metric Tonnes (TMT),PPAC,1777985064_PT_Consumption_English.xls,2008-09,13,2026-08-21T15:32:18.487723+00:00,1.0
2008-07-01,2008,2008-09,July,SKO,772.5516300000004,Thousand Metric Tonnes (TMT),PPAC,1777985064_PT_Consumption_English.xls,2008-09,13,2026-08-21T15:32:18.487723+00:00,1.0
2008-08-01,2008,2008-09,August,SKO,758.7478299999985,Thousand Metric Tonnes (TMT),PPAC,1777985064_PT_Consumption_English.xls,2008-09,13,2026-08-21T15:32:18.487723+00:00,1.0
2008-09-01,2008,2008-09,September,SKO,790.30987,Thousand Metric Tonnes (TMT),PPAC,1777985064_PT_Consumption_English.xls,2008-09,13,2026-08-21T15:32:18.487723+00:00,1.0
2008-10-01,2008,2008-09,October,SKO,769.9778599999994,Thousand Metric Tonnes (TMT),PPAC,1777985064_PT_Consumption_English.xls,2008-09,13,2026-08-21T15:32:18.487723+00:00,1.0
2008-11-01,2008,2008-09,November,SKO,777.8939199999999,Thousand Metric Tonnes (TMT),PPAC,1777985064_PT_Consumption_English.xls,2008-09,13,2026-08-21T15:32:18.487723+00:00,1.0
2008-12-01,2008,2008-09,December,SKO,796.5564800000011,Thousand Metric Tonnes (TMT),PPAC,1777985064_PT_Consumption_English.xls,2008-09,13,2026-08-21T15:32:18.487723+00:00,1.0
2009-01-01,2009,2008-09,January,SKO,780.410559999999,Thousand Metric Tonnes (TMT),PPAC,1777985064_PT_Consumption_English.xls,2008-09,13,2026-08-21T15:32:18.487723+00:00,1.0
2009-02-01,2009,2008-09,February,SKO,776.2932000000005,Thousand Metric Tonnes (TMT),PPAC,1777985064_PT_Consumption_English.xls,2008-09,13,2026-08-21T15:32:18.487723+00:00,1.0
2009-03-01,2009,2008-09,March,SKO,776.4331100000011,Thousand Metric Tonnes (TMT),PPAC,1777985064_PT_Consumption_English.xls,2008-09,13,2026-08-21T15:32:18.487723+00:00,1.0
2008-04-01,2008,2008-09,April,HSD,4510.504969999972,Thousand Metric Tonnes (TMT),PPAC,1777985064_PT_Consumption_English.xls,2008-09,14,2026-08-21T15:32:18.487723+00:00,1.0
2008-05-01,2008,2008-09,May,HSD,4808.735650000047,Thousand Metric Tonnes (TMT),PPAC,1777985064_PT_Consumption_English.xls,2008-09,14,2026-08-21T15:32:18.487723+00:00,1.0
2008-06-01,2008,2008-09,June,HSD,4066.594980000031,Thousand Metric Tonnes (TMT),PPAC,1777985064_PT_Consumption_English.xls,2008-09,14,2026-08-21T15:32:18.487723+00:00,1.0
2008-07-01,2008,2008-09,July,HSD,4083.2131600000234,Thousand Metric Tonnes (TMT),PPAC,1777985064_PT_Consumption_English.xls,2008-09,14,2026-08-21T15:32:18.487723+00:00,1.0
2008-08-01,2008,2008-09,August,HSD,3628.316070000023,Thousand Metric Tonnes (TMT),PPAC,1777985064_PT_Consumption_English.xls,2008-09,14,2026-08-21T15:32:18.487723+00:00,1.0
2008-09-01,2008,2008-09,September,HSD,3936.8841000000098,Thousand Metric Tonnes (TMT),PPAC,1777985064_PT_Consumption_English.xls,2008-09,14,2026-08-21T15:32:18.487723+00:00,1.0
2008-10-01,2008,2008-09,October,HSD,4240.613390000028,Thousand Metric Tonnes (TMT),PPAC,1777985064_PT_Consumption_English.xls,2008-09,14,2026-08-21T15:32:18.487723+00:00,1.0
2008-11-01,2008,2008-09,November,HSD,4466.022220000094,Thousand Metric Tonnes (TMT),PPAC,1777985064_PT_Consumption_English.xls,2008-09,14,2026-08-21T15:32:18.487723+00:00,1.0
2008-12-01,2008,2008-09,December,HSD,4436.507009999962,Thousand Metric Tonnes (TMT),PPAC,1777985064_PT_Consumption_English.xls,2008-09,14,2026-08-21T15:32:18.487723+00:00,1.0
2009-01-01,2009,2008-09,January,HSD,4427.245280000023,Thousand Metric Tonnes (TMT),PPAC,1777985064_PT_Consumption_English.xls,2008-09,14,2026-08-21T15:32:18.487723+00:00,1.0
2009-02-01,2009,2008-09,February,HSD,4296.017810000017,Thousand Metric Tonnes (TMT),PPAC,1777985064_PT_Consumption_English.xls,2008-09,14,2026-08-21T15:32:18.487723+00:00,1.0
2009-03-01,2009,2008-09,March,HSD,4809.705610000033,Thousand Metric Tonnes (TMT),PPAC,1777985064_PT_Consumption_English.xls,2008-09,14,2026-08-21T15:32:18.487723+00:00,1.0
2008-04-01,2008,2008-09,April,LDO,55.62250000000002,Thousand Metric Tonnes (TMT),PPAC,1777985064_PT_Consumption_English.xls,2008-09,15,2026-08-21T15:32:18.487723+00:00,1.0
2008-05-01,2008,2008-09,May,LDO,51.96816000000002,Thousand Metric Tonnes (TMT),PPAC,1777985064_PT_Consumption_English.xls,2008-09,15,2026-08-21T15:32:18.487723+00:00,1.0
2008-06-01,2008,2008-09,June,LDO,48.55312000000003,Thousand Metric Tonnes (TMT),PPAC,1777985064_PT_Consumption_English.xls,2008-09,15,2026-08-21T15:32:18.487723+00:00,1.0
2008-07-01,2008,2008-09,July,LDO,56.43163,Thousand Metric Tonnes (TMT),PPAC,1777985064_PT_Consumption_English.xls,2008-09,15,2026-08-21T15:32:18.487723+00:00,1.0
2008-08-01,2008,2008-09,August,LDO,52.261929999999985,Thousand Metric Tonnes (TMT),PPAC,1777985064_PT_Consumption_English.xls,2008-09,15,2026-08-21T15:32:18.487723+00:00,1.0
2008-09-01,2008,2008-09,September,LDO,48.424380000000006,Thousand Metric Tonnes (TMT),PPAC,1777985064_PT_Consumption_English.xls,2008-09,15,2026-08-21T15:32:18.487723+00:00,1.0
2008-10-01,2008,2008-09,October,LDO,42.57428000000003,Thousand Metric Tonnes (TMT),PPAC,1777985064_PT_Consumption_English.xls,2008-09,15,2026-08-21T15:32:18.487723+00:00,1.0
2008-11-01,2008,2008-09,November,LDO,41.07341000000003,Thousand Metric Tonnes (TMT),PPAC,1777985064_PT_Consumption_English.xls,2008-09,15,2026-08-21T15:32:18.487723+00:00,1.0
2008-12-01,2008,2008-09,December,LDO,42.91645000000001,Thousand Metric Tonnes (TMT),PPAC,1777985064_PT_Consumption_English.xls,2008-09,15,2026-08-21T15:32:18.487723+00:00,1.0
2009-01-01,2009,2008-09,January,LDO,36.043380000000035,Thousand Metric Tonnes (TMT),PPAC,1777985064_PT_Consumption_English.xls,2008-09,15,2026-08-21T15:32:18.487723+00:00,1.0
2009-02-01,2009,2008-09,February,LDO,34.01468000000003,Thousand Metric Tonnes (TMT),PPAC,1777985064_PT_Consumption_English.xls,2008-09,15,2026-08-21T15:32:18.487723+00:00,1.0
2009-03-01,2009,2008-09,March,LDO,42.37218,Thousand Metric Tonnes (TMT),PPAC,1777985064_PT_Consumption_English.xls,2008-09,15,2026-08-21T15:32:18.487723+00:00,1.0
2008-04-01,2008,2008-09,April,Lubricants & Greases,169.04213700000065,Thousand Metric Tonnes (TMT),PPAC,1777985064_PT_Consumption_English.xls,2008-09,16,2026-08-21T15:32:18.487723+00:00,1.0
2008-05-01,2008,2008-09,May,Lubricants & Greases,204.16752700000353,Thousand Metric Tonnes (TMT),PPAC,1777985064_PT_Consumption_English.xls,2008-09,16,2026-08-21T15:32:18.487723+00:00,1.0
2008-06-01,2008,2008-09,June,Lubricants & Greases,171.36604000000312,Thousand Metric Tonnes (TMT),PPAC,1777985064_PT_Consumption_English.xls,2008-09,16,2026-08-21T15:32:18.487723+00:00,1.0
2008-07-01,2008,2008-09,July,Lubricants & Greases,137.4990210000023,Thousand Metric Tonnes (TMT),PPAC,1777985064_PT_Consumption_English.xls,2008-09,16,2026-08-21T15:32:18.487723+00:00,1.0
2008-08-01,2008,2008-09,August,Lubricants & Greases,245.74832600000093,Thousand Metric Tonnes (TMT),PPAC,1777985064_PT_Consumption_English.xls,2008-09,16,2026-08-21T15:32:18.487723+00:00,1.0
2008-09-01,2008,2008-09,September,Lubricants & Greases,172.1109940000028,Thousand Metric Tonnes (TMT),PPAC,1777985064_PT_Consumption_English.xls,2008-09,16,2026-08-21T15:32:18.487723+00:00,1.0
2008-10-01,2008,2008-09,October,Lubricants & Greases,121.6846420000017,Thousand Metric Tonnes (TMT),PPAC,1777985064_PT_Consumption_English.xls,2008-09,16,2026-08-21T15:32:18.487723+00:00,1.0
2008-11-01,2008,2008-09,November,Lubricants & Greases,109.95262400000206,Thousand Metric Tonnes (TMT),PPAC,1777985064_PT_Consumption_English.xls,2008-09,16,2026-08-21T15:32:18.487723+00:00,1.0
2008-12-01,2008,2008-09,December,Lubricants & Greases,103.58596499999953,Thousand Metric Tonnes (TMT),PPAC,1777985064_PT_Consumption_English.xls,2008-09,16,2026-08-21T15:32:18.487723+00:00,1.0
2009-01-01,2009,2008-09,January,Lubricants & Greases,147.15988600000244,Thousand Metric Tonnes (TMT),PPAC,1777985064_PT_Consumption_English.xls,2008-09,16,2026-08-21T15:32:18.487723+00:00,1.0
2009-02-01,2009,2008-09,February,Lubricants & Greases,167.23864700000283,Thousand Metric Tonnes (TMT),PPAC,1777985064_PT_Consumption_English.xls,2008-09,16,2026-08-21T15:32:18.487723+00:00,1.0
2009-03-01,2009,2008-09,March,Lubricants & Greases,250.82324300000334,Thousand Metric Tonnes (TMT),PPAC,1777985064_PT_Consumption_English.xls,2008-09,16,2026-08-21T15:32:18.487723+00:00,1.0
2008-04-01,2008,2008-09,April,FO & LSHS,1079.0871300000001,Thousand Metric Tonnes (TMT),PPAC,1777985064_PT_Consumption_English.xls,2008-09,17,2026-08-21T15:32:18.487723+00:00,1.0
2008-05-01,2008,2008-09,May,FO & LSHS,999.8577000000009,Thousand Metric Tonnes (TMT),PPAC,1777985064_PT_Consumption_English.xls,2008-09,17,2026-08-21T15:32:18.487723+00:00,1.0
2008-06-01,2008,2008-09,June,FO & LSHS,1058.9561900000015,Thousand Metric Tonnes (TMT),PPAC,1777985064_PT_Consumption_English.xls,2008-09,17,2026-08-21T15:32:18.487723+00:00,1.0
2008-07-01,2008,2008-09,July,FO & LSHS,989.1944499999994,Thousand Metric Tonnes (TMT),PPAC,1777985064_PT_Consumption_English.xls,2008-09,17,2026-08-21T15:32:18.487723+00:00,1.0
2008-08-01,2008,2008-09,August,FO & LSHS,994.7965100000002,Thousand Metric Tonnes (TMT),PPAC,1777985064_PT_Consumption_English.xls,2008-09,17,2026-08-21T15:32:18.487723+00:00,1.0
2008-09-01,2008,2008-09,September,FO & LSHS,1057.3697899999995,Thousand Metric Tonnes (TMT),PPAC,1777985064_PT_Consumption_English.xls,2008-09,17,2026-08-21T15:32:18.487723+00:00,1.0
2008-10-01,2008,2008-09,October,FO & LSHS,990.2329399999993,Thousand Metric Tonnes (TMT),PPAC,1777985064_PT_Consumption_English.xls,2008-09,17,2026-08-21T15:32:18.487723+00:00,1.0
2008-11-01,2008,2008-09,November,FO & LSHS,1014.377939999999,Thousand Metric Tonnes (TMT),PPAC,1777985064_PT_Consumption_English.xls,2008-09,17,2026-08-21T15:32:18.487723+00:00,1.0
2008-12-01,2008,2008-09,December,FO & LSHS,1099.67256,Thousand Metric Tonnes (TMT),PPAC,1777985064_PT_Consumption_English.xls,2008-09,17,2026-08-21T15:32:18.487723+00:00,1.0
2009-01-01,2009,2008-09,January,FO & LSHS,1095.6946199999998,Thousand Metric Tonnes (TMT),PPAC,1777985064_PT_Consumption_English.xls,2008-09,17,2026-08-21T15:32:18.487723+00:00,1.0
2009-02-01,2009,2008-09,February,FO & LSHS,995.1665900000014,Thousand Metric Tonnes (TMT),PPAC,1777985064_PT_Consumption_English.xls,2008-09,17,2026-08-21T15:32:18.487723+00:00,1.0
2009-03-01,2009,2008-09,March,FO & LSHS,1213.6445800000013,Thousand Metric Tonnes (TMT),PPAC,1777985064_PT_Consumption_English.xls,2008-09,17,2026-08-21T15:32:18.487723+00:00,1.0
2008-04-01,2008,2008-09,April,Bitumen,491.9083899999995,Thousand Metric Tonnes (TMT),PPAC,1777985064_PT_Consumption_English.xls,2008-09,18,2026-08-21T15:32:18.487723+00:00,1.0
2008-05-01,2008,2008-09,May,Bitumen,468.3320299999987,Thousand Metric Tonnes (TMT),PPAC,1777985064_PT_Consumption_English.xls,2008-09,18,2026-08-21T15:32:18.487723+00:00,1.0
2008-06-01,2008,2008-09,June,Bitumen,369.06150099999945,Thousand Metric Tonnes (TMT),PPAC,1777985064_PT_Consumption_English.xls,2008-09,18,2026-08-21T15:32:18.487723+00:00,1.0
2008-07-01,2008,2008-09,July,Bitumen,222.1276499999999,Thousand Metric Tonnes (TMT),PPAC,1777985064_PT_Consumption_English.xls,2008-09,18,2026-08-21T15:32:18.487723+00:00,1.0
2008-08-01,2008,2008-09,August,Bitumen,180.199364,Thousand Metric Tonnes (TMT),PPAC,1777985064_PT_Consumption_English.xls,2008-09,18,2026-08-21T15:32:18.487723+00:00,1.0
2008-09-01,2008,2008-09,September,Bitumen,239.07242399999961,Thousand Metric Tonnes (TMT),PPAC,1777985064_PT_Consumption_English.xls,2008-09,18,2026-08-21T15:32:18.487723+00:00,1.0
2008-10-01,2008,2008-09,October,Bitumen,306.98474899999894,Thousand Metric Tonnes (TMT),PPAC,1777985064_PT_Consumption_English.xls,2008-09,18,2026-08-21T15:32:18.487723+00:00,1.0
2008-11-01,2008,2008-09,November,Bitumen,369.34612899999865,Thousand Metric Tonnes (TMT),PPAC,1777985064_PT_Consumption_English.xls,2008-09,18,2026-08-21T15:32:18.487723+00:00,1.0
2008-12-01,2008,2008-09,December,Bitumen,462.8815509999991,Thousand Metric Tonnes (TMT),PPAC,1777985064_PT_Consumption_English.xls,2008-09,18,2026-08-21T15:32:18.487723+00:00,1.0
2009-01-01,2009,2008-09,January,Bitumen,468.56325700000014,Thousand Metric Tonnes (TMT),PPAC,1777985064_PT_Consumption_English.xls,2008-09,18,2026-08-21T15:32:18.487723+00:00,1.0
2009-02-01,2009,2008-09,February,Bitumen,528.8215619999994,Thousand Metric Tonnes (TMT),PPAC,1777985064_PT_Consumption_English.xls,2008-09,18,2026-08-21T15:32:18.487723+00:00,1.0
2009-03-01,2009,2008-09,March,Bitumen,639.5276159999985,Thousand Metric Tonnes (TMT),PPAC,1777985064_PT_Consumption_English.xls,2008-09,18,2026-08-21T15:32:18.487723+00:00,1.0
2008-04-01,2008,2008-09,April,Petroleum coke,508.740535,Thousand Metric Tonnes (TMT),PPAC,1777985064_PT_Consumption_English.xls,2008-09,19,2026-08-21T15:32:18.487723+00:00,1.0
2008-05-01,2008,2008-09,May,Petroleum coke,400.35598999999996,Thousand Metric Tonnes (TMT),PPAC,1777985064_PT_Consumption_English.xls,2008-09,19,2026-08-21T15:32:18.487723+00:00,1.0
2008-06-01,2008,2008-09,June,Petroleum coke,443.84626699999995,Thousand Metric Tonnes (TMT),PPAC,1777985064_PT_Consumption_English.xls,2008-09,19,2026-08-21T15:32:18.487723+00:00,1.0
2008-07-01,2008,2008-09,July,Petroleum coke,531.8530699999999,Thousand Metric Tonnes (TMT),PPAC,1777985064_PT_Consumption_English.xls,2008-09,19,2026-08-21T15:32:18.487723+00:00,1.0
2008-08-01,2008,2008-09,August,Petroleum coke,490.60934900000007,Thousand Metric Tonnes (TMT),PPAC,1777985064_PT_Consumption_English.xls,2008-09,19,2026-08-21T15:32:18.487723+00:00,1.0
2008-09-01,2008,2008-09,September,Petroleum coke,521.19254,Thousand Metric Tonnes (TMT),PPAC,1777985064_PT_Consumption_English.xls,2008-09,19,2026-08-21T15:32:18.487723+00:00,1.0
2008-10-01,2008,2008-09,October,Petroleum coke,418.69569999999965,Thousand Metric Tonnes (TMT),PPAC,1777985064_PT_Consumption_English.xls,2008-09,19,2026-08-21T15:32:18.487723+00:00,1.0
2008-11-01,2008,2008-09,November,Petroleum coke,423.3938719999998,Thousand Metric Tonnes (TMT),PPAC,1777985064_PT_Consumption_English.xls,2008-09,19,2026-08-21T15:32:18.487723+00:00,1.0
2008-12-01,2008,2008-09,December,Petroleum coke,543.0294040000005,Thousand Metric Tonnes (TMT),PPAC,1777985064_PT_Consumption_English.xls,2008-09,19,2026-08-21T15:32:18.487723+00:00,1.0
2009-01-01,2009,2008-09,January,Petroleum coke,626.6640299999996,Thousand Metric Tonnes (TMT),PPAC,1777985064_PT_Consumption_English.xls,2008-09,19,2026-08-21T15:32:18.487723+00:00,1.0
2009-02-01,2009,2008-09,February,Petroleum coke,607.874111,Thousand Metric Tonnes (TMT),PPAC,1777985064_PT_Consumption_English.xls,2008-09,19,2026-08-21T15:32:18.487723+00:00,1.0
2009-03-01,2009,2008-09,March,Petroleum coke,649.3209100000001,Thousand Metric Tonnes (TMT),PPAC,1777985064_PT_Consumption_English.xls,2008-09,19,2026-08-21T15:32:18.487723+00:00,1.0
2008-04-01,2008,2008-09,April,Others,491.0225709999996,Thousand Metric Tonnes (TMT),PPAC,1777985064_PT_Consumption_English.xls,2008-09,20,2026-08-21T15:32:18.487723+00:00,1.0
2008-05-01,2008,2008-09,May,Others,404.62000999999975,Thousand Metric Tonnes (TMT),PPAC,1777985064_PT_Consumption_English.xls,2008-09,20,2026-08-21T15:32:18.487723+00:00,1.0
2008-06-01,2008,2008-09,June,Others,445.3928160000005,Thousand Metric Tonnes (TMT),PPAC,1777985064_PT_Consumption_English.xls,2008-09,20,2026-08-21T15:32:18.487723+00:00,1.0
2008-07-01,2008,2008-09,July,Others,435.18354799999986,Thousand Metric Tonnes (TMT),PPAC,1777985064_PT_Consumption_English.xls,2008-09,20,2026-08-21T15:32:18.487723+00:00,1.0
2008-08-01,2008,2008-09,August,Others,446.143392000001,Thousand Metric Tonnes (TMT),PPAC,1777985064_PT_Consumption_English.xls,2008-09,20,2026-08-21T15:32:18.487723+00:00,1.0
2008-09-01,2008,2008-09,September,Others,437.7729390000005,Thousand Metric Tonnes (TMT),PPAC,1777985064_PT_Consumption_English.xls,2008-09,20,2026-08-21T15:32:18.487723+00:00,1.0
2008-10-01,2008,2008-09,October,Others,331.3058010000005,Thousand Metric Tonnes (TMT),PPAC,1777985064_PT_Consumption_English.xls,2008-09,20,2026-08-21T15:32:18.487723+00:00,1.0
2008-11-01,2008,2008-09,November,Others,315.9075329999996,Thousand Metric Tonnes (TMT),PPAC,1777985064_PT_Consumption_English.xls,2008-09,20,2026-08-21T15:32:18.487723+00:00,1.0
2008-12-01,2008,2008-09,December,Others,323.51135900000014,Thousand Metric Tonnes (TMT),PPAC,1777985064_PT_Consumption_English.xls,2008-09,20,2026-08-21T15:32:18.487723+00:00,1.0
2009-01-01,2009,2008-09,January,Others,377.4121220000003,Thousand Metric Tonnes (TMT),PPAC,1777985064_PT_Consumption_English.xls,2008-09,20,2026-08-21T15:32:18.487723+00:00,1.0
2009-02-01,2009,2008-09,February,Others,360.10037099999994,Thousand Metric Tonnes (TMT),PPAC,1777985064_PT_Consumption_English.xls,2008-09,20,2026-08-21T15:32:18.487723+00:00,1.0
2009-03-01,2009,2008-09,March,Others,378.1947599999999,Thousand Metric Tonnes (TMT),PPAC,1777985064_PT_Consumption_English.xls,2008-09,20,2026-08-21T15:32:18.487723+00:00,1.0
2009-04-01,2009,2009-10,April,LPG,994.6304259999991,Thousand Metric Tonnes (TMT),PPAC,1777985064_PT_Consumption_English.xls,2009-10,9,2026-08-21T15:32:18.493831+00:00,1.0
2009-05-01,2009,2009-10,May,LPG,995.9363399999972,Thousand Metric Tonnes (TMT),PPAC,1777985064_PT_Consumption_English.xls,2009-10,9,2026-08-21T15:32:18.493831+00:00,1.0
2009-06-01,2009,2009-10,June,LPG,1009.5240380000002,Thousand Metric Tonnes (TMT),PPAC,1777985064_PT_Consumption_English.xls,2009-10,9,2026-08-21T15:32:18.493831+00:00,1.0
2009-07-01,2009,2009-10,July,LPG,1078.6336589999985,Thousand Metric Tonnes (TMT),PPAC,1777985064_PT_Consumption_English.xls,2009-10,9,2026-08-21T15:32:18.493831+00:00,1.0
2009-08-01,2009,2009-10,August,LPG,1045.9877289999993,Thousand Metric Tonnes (TMT),PPAC,1777985064_PT_Consumption_English.xls,2009-10,9,2026-08-21T15:32:18.493831+00:00,1.0
2009-09-01,2009,2009-10,September,LPG,1051.7891209999984,Thousand Metric Tonnes (TMT),PPAC,1777985064_PT_Consumption_English.xls,2009-10,9,2026-08-21T15:32:18.493831+00:00,1.0
2009-10-01,2009,2009-10,October,LPG,1133.999657999998,Thousand Metric Tonnes (TMT),PPAC,1777985064_PT_Consumption_English.xls,2009-10,9,2026-08-21T15:32:18.493831+00:00,1.0
2009-11-01,2009,2009-10,November,LPG,1099.1368350000014,Thousand Metric Tonnes (TMT),PPAC,1777985064_PT_Consumption_English.xls,2009-10,9,2026-08-21T15:32:18.493831+00:00,1.0
2009-12-01,2009,2009-10,December,LPG,1192.1798810000037,Thousand Metric Tonnes (TMT),PPAC,1777985064_PT_Consumption_English.xls,2009-10,9,2026-08-21T15:32:18.493831+00:00,1.0
2010-01-01,2010,2009-10,January,LPG,1169.6224500000014,Thousand Metric Tonnes (TMT),PPAC,1777985064_PT_Consumption_English.xls,2009-10,9,2026-08-21T15:32:18.493831+00:00,1.0
2010-02-01,2010,2009-10,February,LPG,1165.0604610000005,Thousand Metric Tonnes (TMT),PPAC,1777985064_PT_Consumption_English.xls,2009-10,9,2026-08-21T15:32:18.493831+00:00,1.0
2010-03-01,2010,2009-10,March,LPG,1198.917783999996,Thousand Metric Tonnes (TMT),PPAC,1777985064_PT_Consumption_English.xls,2009-10,9,2026-08-21T15:32:18.493831+00:00,1.0
2009-04-01,2009,2009-10,April,Naphtha,1074.3806220000001,Thousand Metric Tonnes (TMT),PPAC,1777985064_PT_Consumption_English.xls,2009-10,10,2026-08-21T15:32:18.493831+00:00,1.0
2009-05-01,2009,2009-10,May,Naphtha,749.0545200000001,Thousand Metric Tonnes (TMT),PPAC,1777985064_PT_Consumption_English.xls,2009-10,10,2026-08-21T15:32:18.493831+00:00,1.0
2009-06-01,2009,2009-10,June,Naphtha,964.222545,Thousand Metric Tonnes (TMT),PPAC,1777985064_PT_Consumption_English.xls,2009-10,10,2026-08-21T15:32:18.493831+00:00,1.0
2009-07-01,2009,2009-10,July,Naphtha,859.4294859999998,Thousand Metric Tonnes (TMT),PPAC,1777985064_PT_Consumption_English.xls,2009-10,10,2026-08-21T15:32:18.493831+00:00,1.0
2009-08-01,2009,2009-10,August,Naphtha,958.069351,Thousand Metric Tonnes (TMT),PPAC,1777985064_PT_Consumption_English.xls,2009-10,10,2026-08-21T15:32:18.493831+00:00,1.0
2009-09-01,2009,2009-10,September,Naphtha,907.0164969999998,Thousand Metric Tonnes (TMT),PPAC,1777985064_PT_Consumption_English.xls,2009-10,10,2026-08-21T15:32:18.493831+00:00,1.0
2009-10-01,2009,2009-10,October,Naphtha,818.5756130000001,Thousand Metric Tonnes (TMT),PPAC,1777985064_PT_Consumption_English.xls,2009-10,10,2026-08-21T15:32:18.493831+00:00,1.0
2009-11-01,2009,2009-10,November,Naphtha,772.1803629999999,Thousand Metric Tonnes (TMT),PPAC,1777985064_PT_Consumption_English.xls,2009-10,10,2026-08-21T15:32:18.493831+00:00,1.0
2009-12-01,2009,2009-10,December,Naphtha,719.6593990000001,Thousand Metric Tonnes (TMT),PPAC,1777985064_PT_Consumption_English.xls,2009-10,10,2026-08-21T15:32:18.493831+00:00,1.0
2010-01-01,2010,2009-10,January,Naphtha,857.9017669999998,Thousand Metric Tonnes (TMT),PPAC,1777985064_PT_Consumption_English.xls,2009-10,10,2026-08-21T15:32:18.493831+00:00,1.0
2010-02-01,2010,2009-10,February,Naphtha,743.0765599999997,Thousand Metric Tonnes (TMT),PPAC,1777985064_PT_Consumption_English.xls,2009-10,10,2026-08-21T15:32:18.493831+00:00,1.0
2010-03-01,2010,2009-10,March,Naphtha,710.6819300000001,Thousand Metric Tonnes (TMT),PPAC,1777985064_PT_Consumption_English.xls,2009-10,10,2026-08-21T15:32:18.493831+00:00,1.0
2009-04-01,2009,2009-10,April,MS,1017.5896500000092,Thousand Metric Tonnes (TMT),PPAC,1777985064_PT_Consumption_English.xls,2009-10,11,2026-08-21T15:32:18.493831+00:00,1.0
2009-05-01,2009,2009-10,May,MS,1105.5553100000075,Thousand Metric Tonnes (TMT),PPAC,1777985064_PT_Consumption_English.xls,2009-10,11,2026-08-21T15:32:18.493831+00:00,1.0
2009-06-01,2009,2009-10,June,MS,1102.3328300000067,Thousand Metric Tonnes (TMT),PPAC,1777985064_PT_Consumption_English.xls,2009-10,11,2026-08-21T15:32:18.493831+00:00,1.0
2009-07-01,2009,2009-10,July,MS,1007.1041100000126,Thousand Metric Tonnes (TMT),PPAC,1777985064_PT_Consumption_English.xls,2009-10,11,2026-08-21T15:32:18.493831+00:00,1.0
2009-08-01,2009,2009-10,August,MS,1047.066270000016,Thousand Metric Tonnes (TMT),PPAC,1777985064_PT_Consumption_English.xls,2009-10,11,2026-08-21T15:32:18.493831+00:00,1.0
2009-09-01,2009,2009-10,September,MS,1037.2671500000035,Thousand Metric Tonnes (TMT),PPAC,1777985064_PT_Consumption_English.xls,2009-10,11,2026-08-21T15:32:18.493831+00:00,1.0
2009-10-01,2009,2009-10,October,MS,1110.9210100000103,Thousand Metric Tonnes (TMT),PPAC,1777985064_PT_Consumption_English.xls,2009-10,11,2026-08-21T15:32:18.493831+00:00,1.0
2009-11-01,2009,2009-10,November,MS,1016.8277000000065,Thousand Metric Tonnes (TMT),PPAC,1777985064_PT_Consumption_English.xls,2009-10,11,2026-08-21T15:32:18.493831+00:00,1.0
2009-12-01,2009,2009-10,December,MS,1105.3451900000086,Thousand Metric Tonnes (TMT),PPAC,1777985064_PT_Consumption_English.xls,2009-10,11,2026-08-21T15:32:18.493831+00:00,1.0
2010-01-01,2010,2009-10,January,MS,1048.3050400000104,Thousand Metric Tonnes (TMT),PPAC,1777985064_PT_Consumption_English.xls,2009-10,11,2026-08-21T15:32:18.493831+00:00,1.0
2010-02-01,2010,2009-10,February,MS,1063.029930000015,Thousand Metric Tonnes (TMT),PPAC,1777985064_PT_Consumption_English.xls,2009-10,11,2026-08-21T15:32:18.493831+00:00,1.0
2010-03-01,2010,2009-10,March,MS,1156.9409900000094,Thousand Metric Tonnes (TMT),PPAC,1777985064_PT_Consumption_English.xls,2009-10,11,2026-08-21T15:32:18.493831+00:00,1.0
2009-04-01,2009,2009-10,April,ATF,377.98927,Thousand Metric Tonnes (TMT),PPAC,1777985064_PT_Consumption_English.xls,2009-10,12,2026-08-21T15:32:18.493831+00:00,1.0
2009-05-01,2009,2009-10,May,ATF,376.9442100000001,Thousand Metric Tonnes (TMT),PPAC,1777985064_PT_Consumption_English.xls,2009-10,12,2026-08-21T15:32:18.493831+00:00,1.0
2009-06-01,2009,2009-10,June,ATF,363.8744000000001,Thousand Metric Tonnes (TMT),PPAC,1777985064_PT_Consumption_English.xls,2009-10,12,2026-08-21T15:32:18.493831+00:00,1.0
2009-07-01,2009,2009-10,July,ATF,376.72051,Thousand Metric Tonnes (TMT),PPAC,1777985064_PT_Consumption_English.xls,2009-10,12,2026-08-21T15:32:18.493831+00:00,1.0
2009-08-01,2009,2009-10,August,ATF,374.5563700000001,Thousand Metric Tonnes (TMT),PPAC,1777985064_PT_Consumption_English.xls,2009-10,12,2026-08-21T15:32:18.493831+00:00,1.0
2009-09-01,2009,2009-10,September,ATF,356.60144,Thousand Metric Tonnes (TMT),PPAC,1777985064_PT_Consumption_English.xls,2009-10,12,2026-08-21T15:32:18.493831+00:00,1.0
2009-10-01,2009,2009-10,October,ATF,394.86905000000013,Thousand Metric Tonnes (TMT),PPAC,1777985064_PT_Consumption_English.xls,2009-10,12,2026-08-21T15:32:18.493831+00:00,1.0
2009-11-01,2009,2009-10,November,ATF,393.80892,Thousand Metric Tonnes (TMT),PPAC,1777985064_PT_Consumption_English.xls,2009-10,12,2026-08-21T15:32:18.493831+00:00,1.0
2009-12-01,2009,2009-10,December,ATF,416.72646000000015,Thousand Metric Tonnes (TMT),PPAC,1777985064_PT_Consumption_English.xls,2009-10,12,2026-08-21T15:32:18.493831+00:00,1.0
2010-01-01,2010,2009-10,January,ATF,397.5477000000002,Thousand Metric Tonnes (TMT),PPAC,1777985064_PT_Consumption_English.xls,2009-10,12,2026-08-21T15:32:18.493831+00:00,1.0
2010-02-01,2010,2009-10,February,ATF,379.8605100000001,Thousand Metric Tonnes (TMT),PPAC,1777985064_PT_Consumption_English.xls,2009-10,12,2026-08-21T15:32:18.493831+00:00,1.0
2010-03-01,2010,2009-10,March,ATF,420.62639,Thousand Metric Tonnes (TMT),PPAC,1777985064_PT_Consumption_English.xls,2009-10,12,2026-08-21T15:32:18.493831+00:00,1.0
2009-04-01,2009,2009-10,April,SKO,765.1285400000008,Thousand Metric Tonnes (TMT),PPAC,1777985064_PT_Consumption_English.xls,2009-10,13,2026-08-21T15:32:18.493831+00:00,1.0
2009-05-01,2009,2009-10,May,SKO,769.8733600000002,Thousand Metric Tonnes (TMT),PPAC,1777985064_PT_Consumption_English.xls,2009-10,13,2026-08-21T15:32:18.493831+00:00,1.0
2009-06-01,2009,2009-10,June,SKO,781.9190799999994,Thousand Metric Tonnes (TMT),PPAC,1777985064_PT_Consumption_English.xls,2009-10,13,2026-08-21T15:32:18.493831+00:00,1.0
2009-07-01,2009,2009-10,July,SKO,780.9845799999998,Thousand Metric Tonnes (TMT),PPAC,1777985064_PT_Consumption_English.xls,2009-10,13,2026-08-21T15:32:18.493831+00:00,1.0
2009-08-01,2009,2009-10,August,SKO,771.4910500000008,Thousand Metric Tonnes (TMT),PPAC,1777985064_PT_Consumption_English.xls,2009-10,13,2026-08-21T15:32:18.493831+00:00,1.0
2009-09-01,2009,2009-10,September,SKO,766.4993300000008,Thousand Metric Tonnes (TMT),PPAC,1777985064_PT_Consumption_English.xls,2009-10,13,2026-08-21T15:32:18.493831+00:00,1.0
2009-10-01,2009,2009-10,October,SKO,784.9928400000003,Thousand Metric Tonnes (TMT),PPAC,1777985064_PT_Consumption_English.xls,2009-10,13,2026-08-21T15:32:18.493831+00:00,1.0
2009-11-01,2009,2009-10,November,SKO,776.29503,Thousand Metric Tonnes (TMT),PPAC,1777985064_PT_Consumption_English.xls,2009-10,13,2026-08-21T15:32:18.493831+00:00,1.0
2009-12-01,2009,2009-10,December,SKO,804.7168399999995,Thousand Metric Tonnes (TMT),PPAC,1777985064_PT_Consumption_English.xls,2009-10,13,2026-08-21T15:32:18.493831+00:00,1.0
2010-01-01,2010,2009-10,January,SKO,770.2285700000015,Thousand Metric Tonnes (TMT),PPAC,1777985064_PT_Consumption_English.xls,2009-10,13,2026-08-21T15:32:18.493831+00:00,1.0
2010-02-01,2010,2009-10,February,SKO,771.4176300000024,Thousand Metric Tonnes (TMT),PPAC,1777985064_PT_Consumption_English.xls,2009-10,13,2026-08-21T15:32:18.493831+00:00,1.0
2010-03-01,2010,2009-10,March,SKO,760.5883899999985,Thousand Metric Tonnes (TMT),PPAC,1777985064_PT_Consumption_English.xls,2009-10,13,2026-08-21T15:32:18.493831+00:00,1.0
2009-04-01,2009,2009-10,April,HSD,4741.267800000027,Thousand Metric Tonnes (TMT),PPAC,1777985064_PT_Consumption_English.xls,2009-10,14,2026-08-21T15:32:18.493831+00:00,1.0
2009-05-01,2009,2009-10,May,HSD,4768.554450000063,Thousand Metric Tonnes (TMT),PPAC,1777985064_PT_Consumption_English.xls,2009-10,14,2026-08-21T15:32:18.493831+00:00,1.0
2009-06-01,2009,2009-10,June,HSD,4858.983520000017,Thousand Metric Tonnes (TMT),PPAC,1777985064_PT_Consumption_English.xls,2009-10,14,2026-08-21T15:32:18.493831+00:00,1.0
2009-07-01,2009,2009-10,July,HSD,4520.533330000125,Thousand Metric Tonnes (TMT),PPAC,1777985064_PT_Consumption_English.xls,2009-10,14,2026-08-21T15:32:18.493831+00:00,1.0
2009-08-01,2009,2009-10,August,HSD,4181.724620000043,Thousand Metric Tonnes (TMT),PPAC,1777985064_PT_Consumption_English.xls,2009-10,14,2026-08-21T15:32:18.493831+00:00,1.0
2009-09-01,2009,2009-10,September,HSD,4129.001520000025,Thousand Metric Tonnes (TMT),PPAC,1777985064_PT_Consumption_English.xls,2009-10,14,2026-08-21T15:32:18.493831+00:00,1.0
2009-10-01,2009,2009-10,October,HSD,4774.917150000089,Thousand Metric Tonnes (TMT),PPAC,1777985064_PT_Consumption_English.xls,2009-10,14,2026-08-21T15:32:18.493831+00:00,1.0
2009-11-01,2009,2009-10,November,HSD,4720.773200000104,Thousand Metric Tonnes (TMT),PPAC,1777985064_PT_Consumption_English.xls,2009-10,14,2026-08-21T15:32:18.493831+00:00,1.0
2009-12-01,2009,2009-10,December,HSD,5027.53900000011,Thousand Metric Tonnes (TMT),PPAC,1777985064_PT_Consumption_English.xls,2009-10,14,2026-08-21T15:32:18.493831+00:00,1.0
2010-01-01,2010,2009-10,January,HSD,4707.63889000002,Thousand Metric Tonnes (TMT),PPAC,1777985064_PT_Consumption_English.xls,2009-10,14,2026-08-21T15:32:18.493831+00:00,1.0
2010-02-01,2010,2009-10,February,HSD,4658.424010000032,Thousand Metric Tonnes (TMT),PPAC,1777985064_PT_Consumption_English.xls,2009-10,14,2026-08-21T15:32:18.493831+00:00,1.0
2010-03-01,2010,2009-10,March,HSD,5153.009370000073,Thousand Metric Tonnes (TMT),PPAC,1777985064_PT_Consumption_English.xls,2009-10,14,2026-08-21T15:32:18.493831+00:00,1.0
2009-04-01,2009,2009-10,April,LDO,35.304170000000006,Thousand Metric Tonnes (TMT),PPAC,1777985064_PT_Consumption_English.xls,2009-10,15,2026-08-21T15:32:18.493831+00:00,1.0
2009-05-01,2009,2009-10,May,LDO,37.85436000000003,Thousand Metric Tonnes (TMT),PPAC,1777985064_PT_Consumption_English.xls,2009-10,15,2026-08-21T15:32:18.493831+00:00,1.0
2009-06-01,2009,2009-10,June,LDO,44.925150000000016,Thousand Metric Tonnes (TMT),PPAC,1777985064_PT_Consumption_English.xls,2009-10,15,2026-08-21T15:32:18.493831+00:00,1.0
2009-07-01,2009,2009-10,July,LDO,45.340850000000025,Thousand Metric Tonnes (TMT),PPAC,1777985064_PT_Consumption_English.xls,2009-10,15,2026-08-21T15:32:18.493831+00:00,1.0
2009-08-01,2009,2009-10,August,LDO,42.40456000000001,Thousand Metric Tonnes (TMT),PPAC,1777985064_PT_Consumption_English.xls,2009-10,15,2026-08-21T15:32:18.493831+00:00,1.0
2009-09-01,2009,2009-10,September,LDO,37.54618000000001,Thousand Metric Tonnes (TMT),PPAC,1777985064_PT_Consumption_English.xls,2009-10,15,2026-08-21T15:32:18.493831+00:00,1.0
2009-10-01,2009,2009-10,October,LDO,42.325999999999986,Thousand Metric Tonnes (TMT),PPAC,1777985064_PT_Consumption_English.xls,2009-10,15,2026-08-21T15:32:18.493831+00:00,1.0
2009-11-01,2009,2009-10,November,LDO,35.50249000000001,Thousand Metric Tonnes (TMT),PPAC,1777985064_PT_Consumption_English.xls,2009-10,15,2026-08-21T15:32:18.493831+00:00,1.0
2009-12-01,2009,2009-10,December,LDO,35.87584000000003,Thousand Metric Tonnes (TMT),PPAC,1777985064_PT_Consumption_English.xls,2009-10,15,2026-08-21T15:32:18.493831+00:00,1.0
2010-01-01,2010,2009-10,January,LDO,34.140440000000005,Thousand Metric Tonnes (TMT),PPAC,1777985064_PT_Consumption_English.xls,2009-10,15,2026-08-21T15:32:18.493831+00:00,1.0
2010-02-01,2010,2009-10,February,LDO,33.372939999999986,Thousand Metric Tonnes (TMT),PPAC,1777985064_PT_Consumption_English.xls,2009-10,15,2026-08-21T15:32:18.493831+00:00,1.0
2010-03-01,2010,2009-10,March,LDO,32.847949999999976,Thousand Metric Tonnes (TMT),PPAC,1777985064_PT_Consumption_English.xls,2009-10,15,2026-08-21T15:32:18.493831+00:00,1.0
2009-04-01,2009,2009-10,April,Lubricants & Greases,181.63462200000134,Thousand Metric Tonnes (TMT),PPAC,1777985064_PT_Consumption_English.xls,2009-10,16,2026-08-21T15:32:18.493831+00:00,1.0
2009-05-01,2009,2009-10,May,Lubricants & Greases,199.78785600000256,Thousand Metric Tonnes (TMT),PPAC,1777985064_PT_Consumption_English.xls,2009-10,16,2026-08-21T15:32:18.493831+00:00,1.0
2009-06-01,2009,2009-10,June,Lubricants & Greases,238.85400300000424,Thousand Metric Tonnes (TMT),PPAC,1777985064_PT_Consumption_English.xls,2009-10,16,2026-08-21T15:32:18.493831+00:00,1.0
2009-07-01,2009,2009-10,July,Lubricants & Greases,186.96561900000395,Thousand Metric Tonnes (TMT),PPAC,1777985064_PT_Consumption_English.xls,2009-10,16,2026-08-21T15:32:18.493831+00:00,1.0
2009-08-01,2009,2009-10,August,Lubricants & Greases,271.20318800000297,Thousand Metric Tonnes (TMT),PPAC,1777985064_PT_Consumption_English.xls,2009-10,16,2026-08-21T15:32:18.493831+00:00,1.0
2009-09-01,2009,2009-10,September,Lubricants & Greases,193.03974500000348,Thousand Metric Tonnes (TMT),PPAC,1777985064_PT_Consumption_English.xls,2009-10,16,2026-08-21T15:32:18.493831+00:00,1.0
2009-10-01,2009,2009-10,October,Lubricants & Greases,176.68905000000376,Thousand Metric Tonnes (TMT),PPAC,1777985064_PT_Consumption_English.xls,2009-10,16,2026-08-21T15:32:18.493831+00:00,1.0
2009-11-01,2009,2009-10,November,Lubricants & Greases,176.50414500000534,Thousand Metric Tonnes (TMT),PPAC,1777985064_PT_Consumption_English.xls,2009-10,16,2026-08-21T15:32:18.493831+00:00,1.0
2009-12-01,2009,2009-10,December,Lubricants & Greases,239.47204300000521,Thousand Metric Tonnes (TMT),PPAC,1777985064_PT_Consumption_English.xls,2009-10,16,2026-08-21T15:32:18.493831+00:00,1.0
2010-01-01,2010,2009-10,January,Lubricants & Greases,180.8390350000028,Thousand Metric Tonnes (TMT),PPAC,1777985064_PT_Consumption_English.xls,2009-10,16,2026-08-21T15:32:18.493831+00:00,1.0
2010-02-01,2010,2009-10,February,Lubricants & Greases,234.0595590000038,Thousand Metric Tonnes (TMT),PPAC,1777985064_PT_Consumption_English.xls,2009-10,16,2026-08-21T15:32:18.493831+00:00,1.0
2010-03-01,2010,2009-10,March,Lubricants & Greases,260.14242300000757,Thousand Metric Tonnes (TMT),PPAC,1777985064_PT_Consumption_English.xls,2009-10,16,2026-08-21T15:32:18.493831+00:00,1.0
2009-04-01,2009,2009-10,April,FO & LSHS,1053.821360000001,Thousand Metric Tonnes (TMT),PPAC,1777985064_PT_Consumption_English.xls,2009-10,17,2026-08-21T15:32:18.493831+00:00,1.0
2009-05-01,2009,2009-10,May,FO & LSHS,1046.330570000001,Thousand Metric Tonnes (TMT),PPAC,1777985064_PT_Consumption_English.xls,2009-10,17,2026-08-21T15:32:18.493831+00:00,1.0
2009-06-01,2009,2009-10,June,FO & LSHS,980.3151899999993,Thousand Metric Tonnes (TMT),PPAC,1777985064_PT_Consumption_English.xls,2009-10,17,2026-08-21T15:32:18.493831+00:00,1.0
2009-07-01,2009,2009-10,July,FO & LSHS,995.9507700000012,Thousand Metric Tonnes (TMT),PPAC,1777985064_PT_Consumption_English.xls,2009-10,17,2026-08-21T15:32:18.493831+00:00,1.0
2009-08-01,2009,2009-10,August,FO & LSHS,1022.5180100000014,Thousand Metric Tonnes (TMT),PPAC,1777985064_PT_Consumption_English.xls,2009-10,17,2026-08-21T15:32:18.493831+00:00,1.0
2009-09-01,2009,2009-10,September,FO & LSHS,969.2711200000006,Thousand Metric Tonnes (TMT),PPAC,1777985064_PT_Consumption_English.xls,2009-10,17,2026-08-21T15:32:18.493831+00:00,1.0
2009-10-01,2009,2009-10,October,FO & LSHS,1023.1838700000017,Thousand Metric Tonnes (TMT),PPAC,1777985064_PT_Consumption_English.xls,2009-10,17,2026-08-21T15:32:18.493831+00:00,1.0
2009-11-01,2009,2009-10,November,FO & LSHS,878.6381600000003,Thousand Metric Tonnes (TMT),PPAC,1777985064_PT_Consumption_English.xls,2009-10,17,2026-08-21T15:32:18.493831+00:00,1.0
2009-12-01,2009,2009-10,December,FO & LSHS,918.0019100000022,Thousand Metric Tonnes (TMT),PPAC,1777985064_PT_Consumption_English.xls,2009-10,17,2026-08-21T15:32:18.493831+00:00,1.0
2010-01-01,2010,2009-10,January,FO & LSHS,876.9037599999994,Thousand Metric Tonnes (TMT),PPAC,1777985064_PT_Consumption_English.xls,2009-10,17,2026-08-21T15:32:18.493831+00:00,1.0
2010-02-01,2010,2009-10,February,FO & LSHS,857.3187500000005,Thousand Metric Tonnes (TMT),PPAC,1777985064_PT_Consumption_English.xls,2009-10,17,2026-08-21T15:32:18.493831+00:00,1.0
2010-03-01,2010,2009-10,March,FO & LSHS,1006.3662200000006,Thousand Metric Tonnes (TMT),PPAC,1777985064_PT_Consumption_English.xls,2009-10,17,2026-08-21T15:32:18.493831+00:00,1.0
2009-04-01,2009,2009-10,April,Bitumen,527.2401139999994,Thousand Metric Tonnes (TMT),PPAC,1777985064_PT_Consumption_English.xls,2009-10,18,2026-08-21T15:32:18.493831+00:00,1.0
2009-05-01,2009,2009-10,May,Bitumen,517.2868970000001,Thousand Metric Tonnes (TMT),PPAC,1777985064_PT_Consumption_English.xls,2009-10,18,2026-08-21T15:32:18.493831+00:00,1.0
2009-06-01,2009,2009-10,June,Bitumen,474.9422959999998,Thousand Metric Tonnes (TMT),PPAC,1777985064_PT_Consumption_English.xls,2009-10,18,2026-08-21T15:32:18.493831+00:00,1.0
2009-07-01,2009,2009-10,July,Bitumen,246.63416499999923,Thousand Metric Tonnes (TMT),PPAC,1777985064_PT_Consumption_English.xls,2009-10,18,2026-08-21T15:32:18.493831+00:00,1.0
2009-08-01,2009,2009-10,August,Bitumen,216.50161799999913,Thousand Metric Tonnes (TMT),PPAC,1777985064_PT_Consumption_English.xls,2009-10,18,2026-08-21T15:32:18.493831+00:00,1.0
2009-09-01,2009,2009-10,September,Bitumen,240.82948400000006,Thousand Metric Tonnes (TMT),PPAC,1777985064_PT_Consumption_English.xls,2009-10,18,2026-08-21T15:32:18.493831+00:00,1.0
2009-10-01,2009,2009-10,October,Bitumen,335.0632699999984,Thousand Metric Tonnes (TMT),PPAC,1777985064_PT_Consumption_English.xls,2009-10,18,2026-08-21T15:32:18.493831+00:00,1.0
2009-11-01,2009,2009-10,November,Bitumen,394.15031999999894,Thousand Metric Tonnes (TMT),PPAC,1777985064_PT_Consumption_English.xls,2009-10,18,2026-08-21T15:32:18.493831+00:00,1.0
2009-12-01,2009,2009-10,December,Bitumen,464.2469870000003,Thousand Metric Tonnes (TMT),PPAC,1777985064_PT_Consumption_English.xls,2009-10,18,2026-08-21T15:32:18.493831+00:00,1.0
2010-01-01,2010,2009-10,January,Bitumen,400.28975199999957,Thousand Metric Tonnes (TMT),PPAC,1777985064_PT_Consumption_English.xls,2009-10,18,2026-08-21T15:32:18.493831+00:00,1.0
2010-02-01,2010,2009-10,February,Bitumen,483.3634799999986,Thousand Metric Tonnes (TMT),PPAC,1777985064_PT_Consumption_English.xls,2009-10,18,2026-08-21T15:32:18.493831+00:00,1.0
2010-03-01,2010,2009-10,March,Bitumen,633.524879999999,Thousand Metric Tonnes (TMT),PPAC,1777985064_PT_Consumption_English.xls,2009-10,18,2026-08-21T15:32:18.493831+00:00,1.0
2009-04-01,2009,2009-10,April,Petroleum coke,516.8427060000001,Thousand Metric Tonnes (TMT),PPAC,1777985064_PT_Consumption_English.xls,2009-10,19,2026-08-21T15:32:18.493831+00:00,1.0
2009-05-01,2009,2009-10,May,Petroleum coke,734.022569,Thousand Metric Tonnes (TMT),PPAC,1777985064_PT_Consumption_English.xls,2009-10,19,2026-08-21T15:32:18.493831+00:00,1.0
2009-06-01,2009,2009-10,June,Petroleum coke,535.0269040000003,Thousand Metric Tonnes (TMT),PPAC,1777985064_PT_Consumption_English.xls,2009-10,19,2026-08-21T15:32:18.493831+00:00,1.0
2009-07-01,2009,2009-10,July,Petroleum coke,609.265013,Thousand Metric Tonnes (TMT),PPAC,1777985064_PT_Consumption_English.xls,2009-10,19,2026-08-21T15:32:18.493831+00:00,1.0
2009-08-01,2009,2009-10,August,Petroleum coke,401.4697930000001,Thousand Metric Tonnes (TMT),PPAC,1777985064_PT_Consumption_English.xls,2009-10,19,2026-08-21T15:32:18.493831+00:00,1.0
2009-09-01,2009,2009-10,September,Petroleum coke,748.1897070000001,Thousand Metric Tonnes (TMT),PPAC,1777985064_PT_Consumption_English.xls,2009-10,19,2026-08-21T15:32:18.493831+00:00,1.0
2009-10-01,2009,2009-10,October,Petroleum coke,507.28553999999986,Thousand Metric Tonnes (TMT),PPAC,1777985064_PT_Consumption_English.xls,2009-10,19,2026-08-21T15:32:18.493831+00:00,1.0
2009-11-01,2009,2009-10,November,Petroleum coke,660.8019399999998,Thousand Metric Tonnes (TMT),PPAC,1777985064_PT_Consumption_English.xls,2009-10,19,2026-08-21T15:32:18.493831+00:00,1.0
2009-12-01,2009,2009-10,December,Petroleum coke,470.79948399999984,Thousand Metric Tonnes (TMT),PPAC,1777985064_PT_Consumption_English.xls,2009-10,19,2026-08-21T15:32:18.493831+00:00,1.0
2010-01-01,2010,2009-10,January,Petroleum coke,502.31166900000005,Thousand Metric Tonnes (TMT),PPAC,1777985064_PT_Consumption_English.xls,2009-10,19,2026-08-21T15:32:18.493831+00:00,1.0
2010-02-01,2010,2009-10,February,Petroleum coke,467.9915510000001,Thousand Metric Tonnes (TMT),PPAC,1777985064_PT_Consumption_English.xls,2009-10,19,2026-08-21T15:32:18.493831+00:00,1.0
2010-03-01,2010,2009-10,March,Petroleum coke,432.2425099999999,Thousand Metric Tonnes (TMT),PPAC,1777985064_PT_Consumption_English.xls,2009-10,19,2026-08-21T15:32:18.493831+00:00,1.0
2009-04-01,2009,2009-10,April,Others,410.2443490000003,Thousand Metric Tonnes (TMT),PPAC,1777985064_PT_Consumption_English.xls,2009-10,20,2026-08-21T15:32:18.493831+00:00,1.0
2009-05-01,2009,2009-10,May,Others,419.2567460000007,Thousand Metric Tonnes (TMT),PPAC,1777985064_PT_Consumption_English.xls,2009-10,20,2026-08-21T15:32:18.493831+00:00,1.0
2009-06-01,2009,2009-10,June,Others,522.4436530000006,Thousand Metric Tonnes (TMT),PPAC,1777985064_PT_Consumption_English.xls,2009-10,20,2026-08-21T15:32:18.493831+00:00,1.0
2009-07-01,2009,2009-10,July,Others,441.25194800000065,Thousand Metric Tonnes (TMT),PPAC,1777985064_PT_Consumption_English.xls,2009-10,20,2026-08-21T15:32:18.493831+00:00,1.0
2009-08-01,2009,2009-10,August,Others,527.0651960000005,Thousand Metric Tonnes (TMT),PPAC,1777985064_PT_Consumption_English.xls,2009-10,20,2026-08-21T15:32:18.493831+00:00,1.0
2009-09-01,2009,2009-10,September,Others,433.33999700000015,Thousand Metric Tonnes (TMT),PPAC,1777985064_PT_Consumption_English.xls,2009-10,20,2026-08-21T15:32:18.493831+00:00,1.0
2009-10-01,2009,2009-10,October,Others,461.7038269999998,Thousand Metric Tonnes (TMT),PPAC,1777985064_PT_Consumption_English.xls,2009-10,20,2026-08-21T15:32:18.493831+00:00,1.0
2009-11-01,2009,2009-10,November,Others,471.37247899999994,Thousand Metric Tonnes (TMT),PPAC,1777985064_PT_Consumption_English.xls,2009-10,20,2026-08-21T15:32:18.493831+00:00,1.0
2009-12-01,2009,2009-10,December,Others,419.5540280000009,Thousand Metric Tonnes (TMT),PPAC,1777985064_PT_Consumption_English.xls,2009-10,20,2026-08-21T15:32:18.493831+00:00,1.0
2010-01-01,2010,2009-10,January,Others,418.19007400000004,Thousand Metric Tonnes (TMT),PPAC,1777985064_PT_Consumption_English.xls,2009-10,20,2026-08-21T15:32:18.493831+00:00,1.0
2010-02-01,2010,2009-10,February,Others,411.66797199999996,Thousand Metric Tonnes (TMT),PPAC,1777985064_PT_Consumption_English.xls,2009-10,20,2026-08-21T15:32:18.493831+00:00,1.0
2010-03-01,2010,2009-10,March,Others,460.27625500000073,Thousand Metric Tonnes (TMT),PPAC,1777985064_PT_Consumption_English.xls,2009-10,20,2026-08-21T15:32:18.493831+00:00,1.0
2010-04-01,2010,2010-11,April,LPG,1079.4258699999987,Thousand Metric Tonnes (TMT),PPAC,1777985064_PT_Consumption_English.xls,2010-11,9,2026-08-21T15:32:18.499592+00:00,1.0
2010-05-01,2010,2010-11,May,LPG,1072.7604800000015,Thousand Metric Tonnes (TMT),PPAC,1777985064_PT_Consumption_English.xls,2010-11,9,2026-08-21T15:32:18.499592+00:00,1.0
2010-06-01,2010,2010-11,June,LPG,1092.14532,Thousand Metric Tonnes (TMT),PPAC,1777985064_PT_Consumption_English.xls,2010-11,9,2026-08-21T15:32:18.499592+00:00,1.0
2010-07-01,2010,2010-11,July,LPG,1162.7210399999976,Thousand Metric Tonnes (TMT),PPAC,1777985064_PT_Consumption_English.xls,2010-11,9,2026-08-21T15:32:18.499592+00:00,1.0
2010-08-01,2010,2010-11,August,LPG,1154.666919999999,Thousand Metric Tonnes (TMT),PPAC,1777985064_PT_Consumption_English.xls,2010-11,9,2026-08-21T15:32:18.499592+00:00,1.0
2010-09-01,2010,2010-11,September,LPG,1168.8163799999984,Thousand Metric Tonnes (TMT),PPAC,1777985064_PT_Consumption_English.xls,2010-11,9,2026-08-21T15:32:18.499592+00:00,1.0
2010-10-01,2010,2010-11,October,LPG,1215.3130219999998,Thousand Metric Tonnes (TMT),PPAC,1777985064_PT_Consumption_English.xls,2010-11,9,2026-08-21T15:32:18.499592+00:00,1.0
2010-11-01,2010,2010-11,November,LPG,1200.391099999998,Thousand Metric Tonnes (TMT),PPAC,1777985064_PT_Consumption_English.xls,2010-11,9,2026-08-21T15:32:18.499592+00:00,1.0
2010-12-01,2010,2010-11,December,LPG,1328.8294600000022,Thousand Metric Tonnes (TMT),PPAC,1777985064_PT_Consumption_English.xls,2010-11,9,2026-08-21T15:32:18.499592+00:00,1.0
2011-01-01,2011,2010-11,January,LPG,1280.7192399999983,Thousand Metric Tonnes (TMT),PPAC,1777985064_PT_Consumption_English.xls,2010-11,9,2026-08-21T15:32:18.499592+00:00,1.0
2011-02-01,2011,2010-11,February,LPG,1245.7009320000013,Thousand Metric Tonnes (TMT),PPAC,1777985064_PT_Consumption_English.xls,2010-11,9,2026-08-21T15:32:18.499592+00:00,1.0
2011-03-01,2011,2010-11,March,LPG,1329.8998169999998,Thousand Metric Tonnes (TMT),PPAC,1777985064_PT_Consumption_English.xls,2010-11,9,2026-08-21T15:32:18.499592+00:00,1.0
2010-04-01,2010,2010-11,April,Naphtha,892.409023,Thousand Metric Tonnes (TMT),PPAC,1777985064_PT_Consumption_English.xls,2010-11,10,2026-08-21T15:32:18.499592+00:00,1.0
2010-05-01,2010,2010-11,May,Naphtha,998.5510999999997,Thousand Metric Tonnes (TMT),PPAC,1777985064_PT_Consumption_English.xls,2010-11,10,2026-08-21T15:32:18.499592+00:00,1.0
2010-06-01,2010,2010-11,June,Naphtha,853.4751799999999,Thousand Metric Tonnes (TMT),PPAC,1777985064_PT_Consumption_English.xls,2010-11,10,2026-08-21T15:32:18.499592+00:00,1.0
2010-07-01,2010,2010-11,July,Naphtha,966.773597,Thousand Metric Tonnes (TMT),PPAC,1777985064_PT_Consumption_English.xls,2010-11,10,2026-08-21T15:32:18.499592+00:00,1.0
2010-08-01,2010,2010-11,August,Naphtha,929.0898000000001,Thousand Metric Tonnes (TMT),PPAC,1777985064_PT_Consumption_English.xls,2010-11,10,2026-08-21T15:32:18.499592+00:00,1.0
2010-09-01,2010,2010-11,September,Naphtha,857.880623,Thousand Metric Tonnes (TMT),PPAC,1777985064_PT_Consumption_English.xls,2010-11,10,2026-08-21T15:32:18.499592+00:00,1.0
2010-10-01,2010,2010-11,October,Naphtha,737.791797,Thousand Metric Tonnes (TMT),PPAC,1777985064_PT_Consumption_English.xls,2010-11,10,2026-08-21T15:32:18.499592+00:00,1.0
2010-11-01,2010,2010-11,November,Naphtha,918.0250700000001,Thousand Metric Tonnes (TMT),PPAC,1777985064_PT_Consumption_English.xls,2010-11,10,2026-08-21T15:32:18.499592+00:00,1.0
2010-12-01,2010,2010-11,December,Naphtha,1012.9141900000001,Thousand Metric Tonnes (TMT),PPAC,1777985064_PT_Consumption_English.xls,2010-11,10,2026-08-21T15:32:18.499592+00:00,1.0
2011-01-01,2011,2010-11,January,Naphtha,954.899006,Thousand Metric Tonnes (TMT),PPAC,1777985064_PT_Consumption_English.xls,2010-11,10,2026-08-21T15:32:18.499592+00:00,1.0
2011-02-01,2011,2010-11,February,Naphtha,766.4226379999999,Thousand Metric Tonnes (TMT),PPAC,1777985064_PT_Consumption_English.xls,2010-11,10,2026-08-21T15:32:18.499592+00:00,1.0
2011-03-01,2011,2010-11,March,Naphtha,788.0163999999999,Thousand Metric Tonnes (TMT),PPAC,1777985064_PT_Consumption_English.xls,2010-11,10,2026-08-21T15:32:18.499592+00:00,1.0
2010-04-01,2010,2010-11,April,MS,1117.8743700000075,Thousand Metric Tonnes (TMT),PPAC,1777985064_PT_Consumption_English.xls,2010-11,11,2026-08-21T15:32:18.499592+00:00,1.0
2010-05-01,2010,2010-11,May,MS,1251.0889500000073,Thousand Metric Tonnes (TMT),PPAC,1777985064_PT_Consumption_English.xls,2010-11,11,2026-08-21T15:32:18.499592+00:00,1.0
2010-06-01,2010,2010-11,June,MS,1242.026430000017,Thousand Metric Tonnes (TMT),PPAC,1777985064_PT_Consumption_English.xls,2010-11,11,2026-08-21T15:32:18.499592+00:00,1.0
2010-07-01,2010,2010-11,July,MS,1156.0045200000084,Thousand Metric Tonnes (TMT),PPAC,1777985064_PT_Consumption_English.xls,2010-11,11,2026-08-21T15:32:18.499592+00:00,1.0
2010-08-01,2010,2010-11,August,MS,1167.546200000005,Thousand Metric Tonnes (TMT),PPAC,1777985064_PT_Consumption_English.xls,2010-11,11,2026-08-21T15:32:18.499592+00:00,1.0
2010-09-01,2010,2010-11,September,MS,1127.965100000009,Thousand Metric Tonnes (TMT),PPAC,1777985064_PT_Consumption_English.xls,2010-11,11,2026-08-21T15:32:18.499592+00:00,1.0
2010-10-01,2010,2010-11,October,MS,1188.5199500000083,Thousand Metric Tonnes (TMT),PPAC,1777985064_PT_Consumption_English.xls,2010-11,11,2026-08-21T15:32:18.499592+00:00,1.0
2010-11-01,2010,2010-11,November,MS,1192.5511900000083,Thousand Metric Tonnes (TMT),PPAC,1777985064_PT_Consumption_English.xls,2010-11,11,2026-08-21T15:32:18.499592+00:00,1.0
2010-12-01,2010,2010-11,December,MS,1202.21224000001,Thousand Metric Tonnes (TMT),PPAC,1777985064_PT_Consumption_English.xls,2010-11,11,2026-08-21T15:32:18.499592+00:00,1.0
2011-01-01,2011,2010-11,January,MS,1141.8602700000124,Thousand Metric Tonnes (TMT),PPAC,1777985064_PT_Consumption_English.xls,2010-11,11,2026-08-21T15:32:18.499592+00:00,1.0
2011-02-01,2011,2010-11,February,MS,1136.8248900000076,Thousand Metric Tonnes (TMT),PPAC,1777985064_PT_Consumption_English.xls,2010-11,11,2026-08-21T15:32:18.499592+00:00,1.0
2011-03-01,2011,2010-11,March,MS,1269.9420300000022,Thousand Metric Tonnes (TMT),PPAC,1777985064_PT_Consumption_English.xls,2010-11,11,2026-08-21T15:32:18.499592+00:00,1.0
2010-04-01,2010,2010-11,April,ATF,393.22796000000005,Thousand Metric Tonnes (TMT),PPAC,1777985064_PT_Consumption_English.xls,2010-11,12,2026-08-21T15:32:18.499592+00:00,1.0
2010-05-01,2010,2010-11,May,ATF,421.29684999999995,Thousand Metric Tonnes (TMT),PPAC,1777985064_PT_Consumption_English.xls,2010-11,12,2026-08-21T15:32:18.499592+00:00,1.0
2010-06-01,2010,2010-11,June,ATF,401.47607,Thousand Metric Tonnes (TMT),PPAC,1777985064_PT_Consumption_English.xls,2010-11,12,2026-08-21T15:32:18.499592+00:00,1.0
2010-07-01,2010,2010-11,July,ATF,401.31156000000004,Thousand Metric Tonnes (TMT),PPAC,1777985064_PT_Consumption_English.xls,2010-11,12,2026-08-21T15:32:18.499592+00:00,1.0
2010-08-01,2010,2010-11,August,ATF,402.9600700000001,Thousand Metric Tonnes (TMT),PPAC,1777985064_PT_Consumption_English.xls,2010-11,12,2026-08-21T15:32:18.499592+00:00,1.0
2010-09-01,2010,2010-11,September,ATF,397.96839,Thousand Metric Tonnes (TMT),PPAC,1777985064_PT_Consumption_English.xls,2010-11,12,2026-08-21T15:32:18.499592+00:00,1.0
2010-10-01,2010,2010-11,October,ATF,434.5812699999999,Thousand Metric Tonnes (TMT),PPAC,1777985064_PT_Consumption_English.xls,2010-11,12,2026-08-21T15:32:18.499592+00:00,1.0
2010-11-01,2010,2010-11,November,ATF,431.3888300000001,Thousand Metric Tonnes (TMT),PPAC,1777985064_PT_Consumption_English.xls,2010-11,12,2026-08-21T15:32:18.499592+00:00,1.0
2010-12-01,2010,2010-11,December,ATF,451.77378999999985,Thousand Metric Tonnes (TMT),PPAC,1777985064_PT_Consumption_English.xls,2010-11,12,2026-08-21T15:32:18.499592+00:00,1.0
2011-01-01,2011,2010-11,January,ATF,446.4631599999997,Thousand Metric Tonnes (TMT),PPAC,1777985064_PT_Consumption_English.xls,2010-11,12,2026-08-21T15:32:18.499592+00:00,1.0
2011-02-01,2011,2010-11,February,ATF,421.25306,Thousand Metric Tonnes (TMT),PPAC,1777985064_PT_Consumption_English.xls,2010-11,12,2026-08-21T15:32:18.499592+00:00,1.0
2011-03-01,2011,2010-11,March,ATF,477.05911000000003,Thousand Metric Tonnes (TMT),PPAC,1777985064_PT_Consumption_English.xls,2010-11,12,2026-08-21T15:32:18.499592+00:00,1.0
2010-04-01,2010,2010-11,April,SKO,748.9431899999994,Thousand Metric Tonnes (TMT),PPAC,1777985064_PT_Consumption_English.xls,2010-11,13,2026-08-21T15:32:18.499592+00:00,1.0
2010-05-01,2010,2010-11,May,SKO,751.6156800000012,Thousand Metric Tonnes (TMT),PPAC,1777985064_PT_Consumption_English.xls,2010-11,13,2026-08-21T15:32:18.499592+00:00,1.0
2010-06-01,2010,2010-11,June,SKO,709.0225500000013,Thousand Metric Tonnes (TMT),PPAC,1777985064_PT_Consumption_English.xls,2010-11,13,2026-08-21T15:32:18.499592+00:00,1.0
2010-07-01,2010,2010-11,July,SKO,763.8800799999997,Thousand Metric Tonnes (TMT),PPAC,1777985064_PT_Consumption_English.xls,2010-11,13,2026-08-21T15:32:18.499592+00:00,1.0
2010-08-01,2010,2010-11,August,SKO,758.4834800000004,Thousand Metric Tonnes (TMT),PPAC,1777985064_PT_Consumption_English.xls,2010-11,13,2026-08-21T15:32:18.499592+00:00,1.0
2010-09-01,2010,2010-11,September,SKO,730.2831800000007,Thousand Metric Tonnes (TMT),PPAC,1777985064_PT_Consumption_English.xls,2010-11,13,2026-08-21T15:32:18.499592+00:00,1.0
2010-10-01,2010,2010-11,October,SKO,753.2939500000012,Thousand Metric Tonnes (TMT),PPAC,1777985064_PT_Consumption_English.xls,2010-11,13,2026-08-21T15:32:18.499592+00:00,1.0
2010-11-01,2010,2010-11,November,SKO,745.3384100000019,Thousand Metric Tonnes (TMT),PPAC,1777985064_PT_Consumption_English.xls,2010-11,13,2026-08-21T15:32:18.499592+00:00,1.0
2010-12-01,2010,2010-11,December,SKO,737.1458399999995,Thousand Metric Tonnes (TMT),PPAC,1777985064_PT_Consumption_English.xls,2010-11,13,2026-08-21T15:32:18.499592+00:00,1.0
2011-01-01,2011,2010-11,January,SKO,762.8951800000012,Thousand Metric Tonnes (TMT),PPAC,1777985064_PT_Consumption_English.xls,2010-11,13,2026-08-21T15:32:18.499592+00:00,1.0
2011-02-01,2011,2010-11,February,SKO,750.1598999999994,Thousand Metric Tonnes (TMT),PPAC,1777985064_PT_Consumption_English.xls,2010-11,13,2026-08-21T15:32:18.499592+00:00,1.0
2011-03-01,2011,2010-11,March,SKO,716.7502900000011,Thousand Metric Tonnes (TMT),PPAC,1777985064_PT_Consumption_English.xls,2010-11,13,2026-08-21T15:32:18.499592+00:00,1.0
2010-04-01,2010,2010-11,April,HSD,5391.5070000000815,Thousand Metric Tonnes (TMT),PPAC,1777985064_PT_Consumption_English.xls,2010-11,14,2026-08-21T15:32:18.499592+00:00,1.0
2010-05-01,2010,2010-11,May,HSD,5294.871058000038,Thousand Metric Tonnes (TMT),PPAC,1777985064_PT_Consumption_English.xls,2010-11,14,2026-08-21T15:32:18.499592+00:00,1.0
2010-06-01,2010,2010-11,June,HSD,5198.338730000009,Thousand Metric Tonnes (TMT),PPAC,1777985064_PT_Consumption_English.xls,2010-11,14,2026-08-21T15:32:18.499592+00:00,1.0
2010-07-01,2010,2010-11,July,HSD,4839.297740000006,Thousand Metric Tonnes (TMT),PPAC,1777985064_PT_Consumption_English.xls,2010-11,14,2026-08-21T15:32:18.499592+00:00,1.0
2010-08-01,2010,2010-11,August,HSD,4317.661839999973,Thousand Metric Tonnes (TMT),PPAC,1777985064_PT_Consumption_English.xls,2010-11,14,2026-08-21T15:32:18.499592+00:00,1.0
2010-09-01,2010,2010-11,September,HSD,4213.2888799999855,Thousand Metric Tonnes (TMT),PPAC,1777985064_PT_Consumption_English.xls,2010-11,14,2026-08-21T15:32:18.499592+00:00,1.0
2010-10-01,2010,2010-11,October,HSD,4961.219876000026,Thousand Metric Tonnes (TMT),PPAC,1777985064_PT_Consumption_English.xls,2010-11,14,2026-08-21T15:32:18.499592+00:00,1.0
2010-11-01,2010,2010-11,November,HSD,4926.902160000022,Thousand Metric Tonnes (TMT),PPAC,1777985064_PT_Consumption_English.xls,2010-11,14,2026-08-21T15:32:18.499592+00:00,1.0
2010-12-01,2010,2010-11,December,HSD,5524.078146000094,Thousand Metric Tonnes (TMT),PPAC,1777985064_PT_Consumption_English.xls,2010-11,14,2026-08-21T15:32:18.499592+00:00,1.0
2011-01-01,2011,2010-11,January,HSD,4998.93985000007,Thousand Metric Tonnes (TMT),PPAC,1777985064_PT_Consumption_English.xls,2010-11,14,2026-08-21T15:32:18.499592+00:00,1.0
2011-02-01,2011,2010-11,February,HSD,4918.565180000085,Thousand Metric Tonnes (TMT),PPAC,1777985064_PT_Consumption_English.xls,2010-11,14,2026-08-21T15:32:18.499592+00:00,1.0
2011-03-01,2011,2010-11,March,HSD,5486.355220000144,Thousand Metric Tonnes (TMT),PPAC,1777985064_PT_Consumption_English.xls,2010-11,14,2026-08-21T15:32:18.499592+00:00,1.0
2010-04-01,2010,2010-11,April,LDO,29.378730000000008,Thousand Metric Tonnes (TMT),PPAC,1777985064_PT_Consumption_English.xls,2010-11,15,2026-08-21T15:32:18.499592+00:00,1.0
2010-05-01,2010,2010-11,May,LDO,34.397430000000014,Thousand Metric Tonnes (TMT),PPAC,1777985064_PT_Consumption_English.xls,2010-11,15,2026-08-21T15:32:18.499592+00:00,1.0
2010-06-01,2010,2010-11,June,LDO,37.08797,Thousand Metric Tonnes (TMT),PPAC,1777985064_PT_Consumption_English.xls,2010-11,15,2026-08-21T15:32:18.499592+00:00,1.0
2010-07-01,2010,2010-11,July,LDO,40.19461999999999,Thousand Metric Tonnes (TMT),PPAC,1777985064_PT_Consumption_English.xls,2010-11,15,2026-08-21T15:32:18.499592+00:00,1.0
2010-08-01,2010,2010-11,August,LDO,43.587920000000004,Thousand Metric Tonnes (TMT),PPAC,1777985064_PT_Consumption_English.xls,2010-11,15,2026-08-21T15:32:18.499592+00:00,1.0
2010-09-01,2010,2010-11,September,LDO,43.193760000000026,Thousand Metric Tonnes (TMT),PPAC,1777985064_PT_Consumption_English.xls,2010-11,15,2026-08-21T15:32:18.499592+00:00,1.0
2010-10-01,2010,2010-11,October,LDO,38.76495,Thousand Metric Tonnes (TMT),PPAC,1777985064_PT_Consumption_English.xls,2010-11,15,2026-08-21T15:32:18.499592+00:00,1.0
2010-11-01,2010,2010-11,November,LDO,35.36669,Thousand Metric Tonnes (TMT),PPAC,1777985064_PT_Consumption_English.xls,2010-11,15,2026-08-21T15:32:18.499592+00:00,1.0
2010-12-01,2010,2010-11,December,LDO,36.87634000000001,Thousand Metric Tonnes (TMT),PPAC,1777985064_PT_Consumption_English.xls,2010-11,15,2026-08-21T15:32:18.499592+00:00,1.0
2011-01-01,2011,2010-11,January,LDO,35.994010000000024,Thousand Metric Tonnes (TMT),PPAC,1777985064_PT_Consumption_English.xls,2010-11,15,2026-08-21T15:32:18.499592+00:00,1.0
2011-02-01,2011,2010-11,February,LDO,35.758370000000006,Thousand Metric Tonnes (TMT),PPAC,1777985064_PT_Consumption_English.xls,2010-11,15,2026-08-21T15:32:18.499592+00:00,1.0
2011-03-01,2011,2010-11,March,LDO,44.68561000000006,Thousand Metric Tonnes (TMT),PPAC,1777985064_PT_Consumption_English.xls,2010-11,15,2026-08-21T15:32:18.499592+00:00,1.0
2010-04-01,2010,2010-11,April,Lubricants & Greases,192.10472500000247,Thousand Metric Tonnes (TMT),PPAC,1777985064_PT_Consumption_English.xls,2010-11,16,2026-08-21T15:32:18.499592+00:00,1.0
2010-05-01,2010,2010-11,May,Lubricants & Greases,221.82989300000253,Thousand Metric Tonnes (TMT),PPAC,1777985064_PT_Consumption_English.xls,2010-11,16,2026-08-21T15:32:18.499592+00:00,1.0
2010-06-01,2010,2010-11,June,Lubricants & Greases,164.6304090000014,Thousand Metric Tonnes (TMT),PPAC,1777985064_PT_Consumption_English.xls,2010-11,16,2026-08-21T15:32:18.499592+00:00,1.0
2010-07-01,2010,2010-11,July,Lubricants & Greases,210.50610400000141,Thousand Metric Tonnes (TMT),PPAC,1777985064_PT_Consumption_English.xls,2010-11,16,2026-08-21T15:32:18.499592+00:00,1.0
2010-08-01,2010,2010-11,August,Lubricants & Greases,161.342213000002,Thousand Metric Tonnes (TMT),PPAC,1777985064_PT_Consumption_English.xls,2010-11,16,2026-08-21T15:32:18.499592+00:00,1.0
2010-09-01,2010,2010-11,September,Lubricants & Greases,199.62371900000127,Thousand Metric Tonnes (TMT),PPAC,1777985064_PT_Consumption_English.xls,2010-11,16,2026-08-21T15:32:18.499592+00:00,1.0
2010-10-01,2010,2010-11,October,Lubricants & Greases,194.20179000000005,Thousand Metric Tonnes (TMT),PPAC,1777985064_PT_Consumption_English.xls,2010-11,16,2026-08-21T15:32:18.499592+00:00,1.0
2010-11-01,2010,2010-11,November,Lubricants & Greases,236.74660000000284,Thousand Metric Tonnes (TMT),PPAC,1777985064_PT_Consumption_English.xls,2010-11,16,2026-08-21T15:32:18.499592+00:00,1.0
2010-12-01,2010,2010-11,December,Lubricants & Greases,177.91375200000667,Thousand Metric Tonnes (TMT),PPAC,1777985064_PT_Consumption_English.xls,2010-11,16,2026-08-21T15:32:18.499592+00:00,1.0
2011-01-01,2011,2010-11,January,Lubricants & Greases,184.03012000000422,Thousand Metric Tonnes (TMT),PPAC,1777985064_PT_Consumption_English.xls,2010-11,16,2026-08-21T15:32:18.499592+00:00,1.0
2011-02-01,2011,2010-11,February,Lubricants & Greases,194.23484900000443,Thousand Metric Tonnes (TMT),PPAC,1777985064_PT_Consumption_English.xls,2010-11,16,2026-08-21T15:32:18.499592+00:00,1.0
2011-03-01,2011,2010-11,March,Lubricants & Greases,292.0530900000084,Thousand Metric Tonnes (TMT),PPAC,1777985064_PT_Consumption_English.xls,2010-11,16,2026-08-21T15:32:18.499592+00:00,1.0
2010-04-01,2010,2010-11,April,FO & LSHS,913.0120999999996,Thousand Metric Tonnes (TMT),PPAC,1777985064_PT_Consumption_English.xls,2010-11,17,2026-08-21T15:32:18.499592+00:00,1.0
2010-05-01,2010,2010-11,May,FO & LSHS,880.6457460000009,Thousand Metric Tonnes (TMT),PPAC,1777985064_PT_Consumption_English.xls,2010-11,17,2026-08-21T15:32:18.499592+00:00,1.0
2010-06-01,2010,2010-11,June,FO & LSHS,965.0551329999998,Thousand Metric Tonnes (TMT),PPAC,1777985064_PT_Consumption_English.xls,2010-11,17,2026-08-21T15:32:18.499592+00:00,1.0
2010-07-01,2010,2010-11,July,FO & LSHS,915.6174500000016,Thousand Metric Tonnes (TMT),PPAC,1777985064_PT_Consumption_English.xls,2010-11,17,2026-08-21T15:32:18.499592+00:00,1.0
2010-08-01,2010,2010-11,August,FO & LSHS,941.4052630000014,Thousand Metric Tonnes (TMT),PPAC,1777985064_PT_Consumption_English.xls,2010-11,17,2026-08-21T15:32:18.499592+00:00,1.0
2010-09-01,2010,2010-11,September,FO & LSHS,934.5500990000015,Thousand Metric Tonnes (TMT),PPAC,1777985064_PT_Consumption_English.xls,2010-11,17,2026-08-21T15:32:18.499592+00:00,1.0
2010-10-01,2010,2010-11,October,FO & LSHS,920.6323490000008,Thousand Metric Tonnes (TMT),PPAC,1777985064_PT_Consumption_English.xls,2010-11,17,2026-08-21T15:32:18.499592+00:00,1.0
2010-11-01,2010,2010-11,November,FO & LSHS,843.1241399999998,Thousand Metric Tonnes (TMT),PPAC,1777985064_PT_Consumption_English.xls,2010-11,17,2026-08-21T15:32:18.499592+00:00,1.0
2010-12-01,2010,2010-11,December,FO & LSHS,875.926313000001,Thousand Metric Tonnes (TMT),PPAC,1777985064_PT_Consumption_English.xls,2010-11,17,2026-08-21T15:32:18.499592+00:00,1.0
2011-01-01,2011,2010-11,January,FO & LSHS,827.9567200000005,Thousand Metric Tonnes (TMT),PPAC,1777985064_PT_Consumption_English.xls,2010-11,17,2026-08-21T15:32:18.499592+00:00,1.0
2011-02-01,2011,2010-11,February,FO & LSHS,823.986092000001,Thousand Metric Tonnes (TMT),PPAC,1777985064_PT_Consumption_English.xls,2010-11,17,2026-08-21T15:32:18.499592+00:00,1.0
2011-03-01,2011,2010-11,March,FO & LSHS,947.2568350000008,Thousand Metric Tonnes (TMT),PPAC,1777985064_PT_Consumption_English.xls,2010-11,17,2026-08-21T15:32:18.499592+00:00,1.0
2010-04-01,2010,2010-11,April,Bitumen,530.576289999998,Thousand Metric Tonnes (TMT),PPAC,1777985064_PT_Consumption_English.xls,2010-11,18,2026-08-21T15:32:18.499592+00:00,1.0
2010-05-01,2010,2010-11,May,Bitumen,515.7501929999995,Thousand Metric Tonnes (TMT),PPAC,1777985064_PT_Consumption_English.xls,2010-11,18,2026-08-21T15:32:18.499592+00:00,1.0
2010-06-01,2010,2010-11,June,Bitumen,395.91519999999997,Thousand Metric Tonnes (TMT),PPAC,1777985064_PT_Consumption_English.xls,2010-11,18,2026-08-21T15:32:18.499592+00:00,1.0
2010-07-01,2010,2010-11,July,Bitumen,195.5897700000001,Thousand Metric Tonnes (TMT),PPAC,1777985064_PT_Consumption_English.xls,2010-11,18,2026-08-21T15:32:18.499592+00:00,1.0
2010-08-01,2010,2010-11,August,Bitumen,124.57956000000009,Thousand Metric Tonnes (TMT),PPAC,1777985064_PT_Consumption_English.xls,2010-11,18,2026-08-21T15:32:18.499592+00:00,1.0
2010-09-01,2010,2010-11,September,Bitumen,166.76108000000008,Thousand Metric Tonnes (TMT),PPAC,1777985064_PT_Consumption_English.xls,2010-11,18,2026-08-21T15:32:18.499592+00:00,1.0
2010-10-01,2010,2010-11,October,Bitumen,307.2911300000003,Thousand Metric Tonnes (TMT),PPAC,1777985064_PT_Consumption_English.xls,2010-11,18,2026-08-21T15:32:18.499592+00:00,1.0
2010-11-01,2010,2010-11,November,Bitumen,301.6684499999998,Thousand Metric Tonnes (TMT),PPAC,1777985064_PT_Consumption_English.xls,2010-11,18,2026-08-21T15:32:18.499592+00:00,1.0
2010-12-01,2010,2010-11,December,Bitumen,430.68084499999935,Thousand Metric Tonnes (TMT),PPAC,1777985064_PT_Consumption_English.xls,2010-11,18,2026-08-21T15:32:18.499592+00:00,1.0
2011-01-01,2011,2010-11,January,Bitumen,424.36980999999844,Thousand Metric Tonnes (TMT),PPAC,1777985064_PT_Consumption_English.xls,2010-11,18,2026-08-21T15:32:18.499592+00:00,1.0
2011-02-01,2011,2010-11,February,Bitumen,512.5004869999984,Thousand Metric Tonnes (TMT),PPAC,1777985064_PT_Consumption_English.xls,2010-11,18,2026-08-21T15:32:18.499592+00:00,1.0
2011-03-01,2011,2010-11,March,Bitumen,629.8586159999969,Thousand Metric Tonnes (TMT),PPAC,1777985064_PT_Consumption_English.xls,2010-11,18,2026-08-21T15:32:18.499592+00:00,1.0
2010-04-01,2010,2010-11,April,Petroleum coke,463.834825,Thousand Metric Tonnes (TMT),PPAC,1777985064_PT_Consumption_English.xls,2010-11,19,2026-08-21T15:32:18.499592+00:00,1.0
2010-05-01,2010,2010-11,May,Petroleum coke,517.6181549999999,Thousand Metric Tonnes (TMT),PPAC,1777985064_PT_Consumption_English.xls,2010-11,19,2026-08-21T15:32:18.499592+00:00,1.0
2010-06-01,2010,2010-11,June,Petroleum coke,468.0044710000002,Thousand Metric Tonnes (TMT),PPAC,1777985064_PT_Consumption_English.xls,2010-11,19,2026-08-21T15:32:18.499592+00:00,1.0
2010-07-01,2010,2010-11,July,Petroleum coke,407.350622,Thousand Metric Tonnes (TMT),PPAC,1777985064_PT_Consumption_English.xls,2010-11,19,2026-08-21T15:32:18.499592+00:00,1.0
2010-08-01,2010,2010-11,August,Petroleum coke,346.989275,Thousand Metric Tonnes (TMT),PPAC,1777985064_PT_Consumption_English.xls,2010-11,19,2026-08-21T15:32:18.499592+00:00,1.0
2010-09-01,2010,2010-11,September,Petroleum coke,293.2102250000001,Thousand Metric Tonnes (TMT),PPAC,1777985064_PT_Consumption_English.xls,2010-11,19,2026-08-21T15:32:18.499592+00:00,1.0
2010-10-01,2010,2010-11,October,Petroleum coke,414.4000149999998,Thousand Metric Tonnes (TMT),PPAC,1777985064_PT_Consumption_English.xls,2010-11,19,2026-08-21T15:32:18.499592+00:00,1.0
2010-11-01,2010,2010-11,November,Petroleum coke,350.03555500000004,Thousand Metric Tonnes (TMT),PPAC,1777985064_PT_Consumption_English.xls,2010-11,19,2026-08-21T15:32:18.499592+00:00,1.0
2010-12-01,2010,2010-11,December,Petroleum coke,356.804355,Thousand Metric Tonnes (TMT),PPAC,1777985064_PT_Consumption_English.xls,2010-11,19,2026-08-21T15:32:18.499592+00:00,1.0
2011-01-01,2011,2010-11,January,Petroleum coke,449.405741,Thousand Metric Tonnes (TMT),PPAC,1777985064_PT_Consumption_English.xls,2010-11,19,2026-08-21T15:32:18.499592+00:00,1.0
2011-02-01,2011,2010-11,February,Petroleum coke,383.40153300000003,Thousand Metric Tonnes (TMT),PPAC,1777985064_PT_Consumption_English.xls,2010-11,19,2026-08-21T15:32:18.499592+00:00,1.0
2011-03-01,2011,2010-11,March,Petroleum coke,531.2796889999998,Thousand Metric Tonnes (TMT),PPAC,1777985064_PT_Consumption_English.xls,2010-11,19,2026-08-21T15:32:18.499592+00:00,1.0
2010-04-01,2010,2010-11,April,Others,393.6906310000002,Thousand Metric Tonnes (TMT),PPAC,1777985064_PT_Consumption_English.xls,2010-11,20,2026-08-21T15:32:18.499592+00:00,1.0
2010-05-01,2010,2010-11,May,Others,398.3202710000003,Thousand Metric Tonnes (TMT),PPAC,1777985064_PT_Consumption_English.xls,2010-11,20,2026-08-21T15:32:18.499592+00:00,1.0
2010-06-01,2010,2010-11,June,Others,392.6703359999998,Thousand Metric Tonnes (TMT),PPAC,1777985064_PT_Consumption_English.xls,2010-11,20,2026-08-21T15:32:18.499592+00:00,1.0
2010-07-01,2010,2010-11,July,Others,403.79396299999996,Thousand Metric Tonnes (TMT),PPAC,1777985064_PT_Consumption_English.xls,2010-11,20,2026-08-21T15:32:18.499592+00:00,1.0
2010-08-01,2010,2010-11,August,Others,385.23725699999983,Thousand Metric Tonnes (TMT),PPAC,1777985064_PT_Consumption_English.xls,2010-11,20,2026-08-21T15:32:18.499592+00:00,1.0
2010-09-01,2010,2010-11,September,Others,330.442747,Thousand Metric Tonnes (TMT),PPAC,1777985064_PT_Consumption_English.xls,2010-11,20,2026-08-21T15:32:18.499592+00:00,1.0
2010-10-01,2010,2010-11,October,Others,470.3090450000001,Thousand Metric Tonnes (TMT),PPAC,1777985064_PT_Consumption_English.xls,2010-11,20,2026-08-21T15:32:18.499592+00:00,1.0
2010-11-01,2010,2010-11,November,Others,331.59072400000014,Thousand Metric Tonnes (TMT),PPAC,1777985064_PT_Consumption_English.xls,2010-11,20,2026-08-21T15:32:18.499592+00:00,1.0
2010-12-01,2010,2010-11,December,Others,459.45341699999994,Thousand Metric Tonnes (TMT),PPAC,1777985064_PT_Consumption_English.xls,2010-11,20,2026-08-21T15:32:18.499592+00:00,1.0
2011-01-01,2011,2010-11,January,Others,370.0639010000002,Thousand Metric Tonnes (TMT),PPAC,1777985064_PT_Consumption_English.xls,2010-11,20,2026-08-21T15:32:18.499592+00:00,1.0
2011-02-01,2011,2010-11,February,Others,304.80316399999987,Thousand Metric Tonnes (TMT),PPAC,1777985064_PT_Consumption_English.xls,2010-11,20,2026-08-21T15:32:18.499592+00:00,1.0
2011-03-01,2011,2010-11,March,Others,326.5047830000003,Thousand Metric Tonnes (TMT),PPAC,1777985064_PT_Consumption_English.xls,2010-11,20,2026-08-21T15:32:18.499592+00:00,1.0
2011-04-01,2011,2011-12,April,LPG,1153.8681089999986,Thousand Metric Tonnes (TMT),PPAC,1777985064_PT_Consumption_English.xls,2011-12,9,2026-08-21T15:32:18.506484+00:00,1.0
2011-05-01,2011,2011-12,May,LPG,1210.5164069999983,Thousand Metric Tonnes (TMT),PPAC,1777985064_PT_Consumption_English.xls,2011-12,9,2026-08-21T15:32:18.506484+00:00,1.0
2011-06-01,2011,2011-12,June,LPG,1214.185499,Thousand Metric Tonnes (TMT),PPAC,1777985064_PT_Consumption_English.xls,2011-12,9,2026-08-21T15:32:18.506484+00:00,1.0
2011-07-01,2011,2011-12,July,LPG,1247.8865379999959,Thousand Metric Tonnes (TMT),PPAC,1777985064_PT_Consumption_English.xls,2011-12,9,2026-08-21T15:32:18.506484+00:00,1.0
2011-08-01,2011,2011-12,August,LPG,1271.6544099999953,Thousand Metric Tonnes (TMT),PPAC,1777985064_PT_Consumption_English.xls,2011-12,9,2026-08-21T15:32:18.506484+00:00,1.0
2011-09-01,2011,2011-12,September,LPG,1282.410088000003,Thousand Metric Tonnes (TMT),PPAC,1777985064_PT_Consumption_English.xls,2011-12,9,2026-08-21T15:32:18.506484+00:00,1.0
2011-10-01,2011,2011-12,October,LPG,1236.822365000002,Thousand Metric Tonnes (TMT),PPAC,1777985064_PT_Consumption_English.xls,2011-12,9,2026-08-21T15:32:18.506484+00:00,1.0
2011-11-01,2011,2011-12,November,LPG,1323.395765999998,Thousand Metric Tonnes (TMT),PPAC,1777985064_PT_Consumption_English.xls,2011-12,9,2026-08-21T15:32:18.506484+00:00,1.0
2011-12-01,2011,2011-12,December,LPG,1411.510329999994,Thousand Metric Tonnes (TMT),PPAC,1777985064_PT_Consumption_English.xls,2011-12,9,2026-08-21T15:32:18.506484+00:00,1.0
2012-01-01,2012,2011-12,January,LPG,1316.6985609999997,Thousand Metric Tonnes (TMT),PPAC,1777985064_PT_Consumption_English.xls,2011-12,9,2026-08-21T15:32:18.506484+00:00,1.0
2012-02-01,2012,2011-12,February,LPG,1336.9275049999987,Thousand Metric Tonnes (TMT),PPAC,1777985064_PT_Consumption_English.xls,2011-12,9,2026-08-21T15:32:18.506484+00:00,1.0
2012-03-01,2012,2011-12,March,LPG,1343.7833789999986,Thousand Metric Tonnes (TMT),PPAC,1777985064_PT_Consumption_English.xls,2011-12,9,2026-08-21T15:32:18.506484+00:00,1.0
2011-04-01,2011,2011-12,April,Naphtha,1009.9316799999999,Thousand Metric Tonnes (TMT),PPAC,1777985064_PT_Consumption_English.xls,2011-12,10,2026-08-21T15:32:18.506484+00:00,1.0
2011-05-01,2011,2011-12,May,Naphtha,961.1967900000001,Thousand Metric Tonnes (TMT),PPAC,1777985064_PT_Consumption_English.xls,2011-12,10,2026-08-21T15:32:18.506484+00:00,1.0
2011-06-01,2011,2011-12,June,Naphtha,850.1081199999998,Thousand Metric Tonnes (TMT),PPAC,1777985064_PT_Consumption_English.xls,2011-12,10,2026-08-21T15:32:18.506484+00:00,1.0
2011-07-01,2011,2011-12,July,Naphtha,959.6072799999998,Thousand Metric Tonnes (TMT),PPAC,1777985064_PT_Consumption_English.xls,2011-12,10,2026-08-21T15:32:18.506484+00:00,1.0
2011-08-01,2011,2011-12,August,Naphtha,904.23504,Thousand Metric Tonnes (TMT),PPAC,1777985064_PT_Consumption_English.xls,2011-12,10,2026-08-21T15:32:18.506484+00:00,1.0
2011-09-01,2011,2011-12,September,Naphtha,983.7877900000001,Thousand Metric Tonnes (TMT),PPAC,1777985064_PT_Consumption_English.xls,2011-12,10,2026-08-21T15:32:18.506484+00:00,1.0
2011-10-01,2011,2011-12,October,Naphtha,991.46289,Thousand Metric Tonnes (TMT),PPAC,1777985064_PT_Consumption_English.xls,2011-12,10,2026-08-21T15:32:18.506484+00:00,1.0
2011-11-01,2011,2011-12,November,Naphtha,1038.8286100000003,Thousand Metric Tonnes (TMT),PPAC,1777985064_PT_Consumption_English.xls,2011-12,10,2026-08-21T15:32:18.506484+00:00,1.0
2011-12-01,2011,2011-12,December,Naphtha,860.35027,Thousand Metric Tonnes (TMT),PPAC,1777985064_PT_Consumption_English.xls,2011-12,10,2026-08-21T15:32:18.506484+00:00,1.0
2012-01-01,2012,2011-12,January,Naphtha,864.66535,Thousand Metric Tonnes (TMT),PPAC,1777985064_PT_Consumption_English.xls,2011-12,10,2026-08-21T15:32:18.506484+00:00,1.0
2012-02-01,2012,2011-12,February,Naphtha,850.5937000000001,Thousand Metric Tonnes (TMT),PPAC,1777985064_PT_Consumption_English.xls,2011-12,10,2026-08-21T15:32:18.506484+00:00,1.0
2012-03-01,2012,2011-12,March,Naphtha,946.7446500000001,Thousand Metric Tonnes (TMT),PPAC,1777985064_PT_Consumption_English.xls,2011-12,10,2026-08-21T15:32:18.506484+00:00,1.0
2011-04-01,2011,2011-12,April,MS,1201.9189100000058,Thousand Metric Tonnes (TMT),PPAC,1777985064_PT_Consumption_English.xls,2011-12,11,2026-08-21T15:32:18.506484+00:00,1.0
2011-05-01,2011,2011-12,May,MS,1351.1357600000047,Thousand Metric Tonnes (TMT),PPAC,1777985064_PT_Consumption_English.xls,2011-12,11,2026-08-21T15:32:18.506484+00:00,1.0
2011-06-01,2011,2011-12,June,MS,1248.4954300000081,Thousand Metric Tonnes (TMT),PPAC,1777985064_PT_Consumption_English.xls,2011-12,11,2026-08-21T15:32:18.506484+00:00,1.0
2011-07-01,2011,2011-12,July,MS,1211.9662200000114,Thousand Metric Tonnes (TMT),PPAC,1777985064_PT_Consumption_English.xls,2011-12,11,2026-08-21T15:32:18.506484+00:00,1.0
2011-08-01,2011,2011-12,August,MS,1221.88449,Thousand Metric Tonnes (TMT),PPAC,1777985064_PT_Consumption_English.xls,2011-12,11,2026-08-21T15:32:18.506484+00:00,1.0
2011-09-01,2011,2011-12,September,MS,1196.6980400000114,Thousand Metric Tonnes (TMT),PPAC,1777985064_PT_Consumption_English.xls,2011-12,11,2026-08-21T15:32:18.506484+00:00,1.0
2011-10-01,2011,2011-12,October,MS,1252.4125000000015,Thousand Metric Tonnes (TMT),PPAC,1777985064_PT_Consumption_English.xls,2011-12,11,2026-08-21T15:32:18.506484+00:00,1.0
2011-11-01,2011,2011-12,November,MS,1163.7359100000094,Thousand Metric Tonnes (TMT),PPAC,1777985064_PT_Consumption_English.xls,2011-12,11,2026-08-21T15:32:18.506484+00:00,1.0
2011-12-01,2011,2011-12,December,MS,1338.8584700000067,Thousand Metric Tonnes (TMT),PPAC,1777985064_PT_Consumption_English.xls,2011-12,11,2026-08-21T15:32:18.506484+00:00,1.0
2012-01-01,2012,2011-12,January,MS,1163.578190000006,Thousand Metric Tonnes (TMT),PPAC,1777985064_PT_Consumption_English.xls,2011-12,11,2026-08-21T15:32:18.506484+00:00,1.0
2012-02-01,2012,2011-12,February,MS,1226.380590000005,Thousand Metric Tonnes (TMT),PPAC,1777985064_PT_Consumption_English.xls,2011-12,11,2026-08-21T15:32:18.506484+00:00,1.0
2012-03-01,2012,2011-12,March,MS,1415.3456599999963,Thousand Metric Tonnes (TMT),PPAC,1777985064_PT_Consumption_English.xls,2011-12,11,2026-08-21T15:32:18.506484+00:00,1.0
2011-04-01,2011,2011-12,April,ATF,451.68805000000003,Thousand Metric Tonnes (TMT),PPAC,1777985064_PT_Consumption_English.xls,2011-12,12,2026-08-21T15:32:18.506484+00:00,1.0
2011-05-01,2011,2011-12,May,ATF,458.86418,Thousand Metric Tonnes (TMT),PPAC,1777985064_PT_Consumption_English.xls,2011-12,12,2026-08-21T15:32:18.506484+00:00,1.0
2011-06-01,2011,2011-12,June,ATF,442.6023700000001,Thousand Metric Tonnes (TMT),PPAC,1777985064_PT_Consumption_English.xls,2011-12,12,2026-08-21T15:32:18.506484+00:00,1.0
2011-07-01,2011,2011-12,July,ATF,450.1258800000003,Thousand Metric Tonnes (TMT),PPAC,1777985064_PT_Consumption_English.xls,2011-12,12,2026-08-21T15:32:18.506484+00:00,1.0
2011-08-01,2011,2011-12,August,ATF,440.20164000000017,Thousand Metric Tonnes (TMT),PPAC,1777985064_PT_Consumption_English.xls,2011-12,12,2026-08-21T15:32:18.506484+00:00,1.0
2011-09-01,2011,2011-12,September,ATF,444.9087699999998,Thousand Metric Tonnes (TMT),PPAC,1777985064_PT_Consumption_English.xls,2011-12,12,2026-08-21T15:32:18.506484+00:00,1.0
2011-10-01,2011,2011-12,October,ATF,472.5334300000002,Thousand Metric Tonnes (TMT),PPAC,1777985064_PT_Consumption_English.xls,2011-12,12,2026-08-21T15:32:18.506484+00:00,1.0
2011-11-01,2011,2011-12,November,ATF,478.7219699999997,Thousand Metric Tonnes (TMT),PPAC,1777985064_PT_Consumption_English.xls,2011-12,12,2026-08-21T15:32:18.506484+00:00,1.0
2011-12-01,2011,2011-12,December,ATF,482.14377999999977,Thousand Metric Tonnes (TMT),PPAC,1777985064_PT_Consumption_English.xls,2011-12,12,2026-08-21T15:32:18.506484+00:00,1.0
2012-01-01,2012,2011-12,January,ATF,480.4330899999999,Thousand Metric Tonnes (TMT),PPAC,1777985064_PT_Consumption_English.xls,2011-12,12,2026-08-21T15:32:18.506484+00:00,1.0
2012-02-01,2012,2011-12,February,ATF,459.22619999999995,Thousand Metric Tonnes (TMT),PPAC,1777985064_PT_Consumption_English.xls,2011-12,12,2026-08-21T15:32:18.506484+00:00,1.0
2012-03-01,2012,2011-12,March,ATF,476.5376700000003,Thousand Metric Tonnes (TMT),PPAC,1777985064_PT_Consumption_English.xls,2011-12,12,2026-08-21T15:32:18.506484+00:00,1.0
2011-04-01,2011,2011-12,April,SKO,748.5586399999985,Thousand Metric Tonnes (TMT),PPAC,1777985064_PT_Consumption_English.xls,2011-12,13,2026-08-21T15:32:18.506484+00:00,1.0
2011-05-01,2011,2011-12,May,SKO,732.3091600000009,Thousand Metric Tonnes (TMT),PPAC,1777985064_PT_Consumption_English.xls,2011-12,13,2026-08-21T15:32:18.506484+00:00,1.0
2011-06-01,2011,2011-12,June,SKO,674.6405600000002,Thousand Metric Tonnes (TMT),PPAC,1777985064_PT_Consumption_English.xls,2011-12,13,2026-08-21T15:32:18.506484+00:00,1.0
2011-07-01,2011,2011-12,July,SKO,688.9851300000005,Thousand Metric Tonnes (TMT),PPAC,1777985064_PT_Consumption_English.xls,2011-12,13,2026-08-21T15:32:18.506484+00:00,1.0
2011-08-01,2011,2011-12,August,SKO,671.090549999998,Thousand Metric Tonnes (TMT),PPAC,1777985064_PT_Consumption_English.xls,2011-12,13,2026-08-21T15:32:18.506484+00:00,1.0
2011-09-01,2011,2011-12,September,SKO,657.1892999999982,Thousand Metric Tonnes (TMT),PPAC,1777985064_PT_Consumption_English.xls,2011-12,13,2026-08-21T15:32:18.506484+00:00,1.0
2011-10-01,2011,2011-12,October,SKO,671.60874,Thousand Metric Tonnes (TMT),PPAC,1777985064_PT_Consumption_English.xls,2011-12,13,2026-08-21T15:32:18.506484+00:00,1.0
2011-11-01,2011,2011-12,November,SKO,678.9644600000016,Thousand Metric Tonnes (TMT),PPAC,1777985064_PT_Consumption_English.xls,2011-12,13,2026-08-21T15:32:18.506484+00:00,1.0
2011-12-01,2011,2011-12,December,SKO,681.2181800000003,Thousand Metric Tonnes (TMT),PPAC,1777985064_PT_Consumption_English.xls,2011-12,13,2026-08-21T15:32:18.506484+00:00,1.0
2012-01-01,2012,2011-12,January,SKO,686.9218900000008,Thousand Metric Tonnes (TMT),PPAC,1777985064_PT_Consumption_English.xls,2011-12,13,2026-08-21T15:32:18.506484+00:00,1.0
2012-02-01,2012,2011-12,February,SKO,676.95745,Thousand Metric Tonnes (TMT),PPAC,1777985064_PT_Consumption_English.xls,2011-12,13,2026-08-21T15:32:18.506484+00:00,1.0
2012-03-01,2012,2011-12,March,SKO,660.15321,Thousand Metric Tonnes (TMT),PPAC,1777985064_PT_Consumption_English.xls,2011-12,13,2026-08-21T15:32:18.506484+00:00,1.0
2011-04-01,2011,2011-12,April,HSD,5473.680410000145,Thousand Metric Tonnes (TMT),PPAC,1777985064_PT_Consumption_English.xls,2011-12,14,2026-08-21T15:32:18.506484+00:00,1.0
2011-05-01,2011,2011-12,May,HSD,5852.9855600001165,Thousand Metric Tonnes (TMT),PPAC,1777985064_PT_Consumption_English.xls,2011-12,14,2026-08-21T15:32:18.506484+00:00,1.0
2011-06-01,2011,2011-12,June,HSD,5342.495950000126,Thousand Metric Tonnes (TMT),PPAC,1777985064_PT_Consumption_English.xls,2011-12,14,2026-08-21T15:32:18.506484+00:00,1.0
2011-07-01,2011,2011-12,July,HSD,5072.706780000115,Thousand Metric Tonnes (TMT),PPAC,1777985064_PT_Consumption_English.xls,2011-12,14,2026-08-21T15:32:18.506484+00:00,1.0
2011-08-01,2011,2011-12,August,HSD,4577.2681200000825,Thousand Metric Tonnes (TMT),PPAC,1777985064_PT_Consumption_English.xls,2011-12,14,2026-08-21T15:32:18.506484+00:00,1.0
2011-09-01,2011,2011-12,September,HSD,4596.997600000079,Thousand Metric Tonnes (TMT),PPAC,1777985064_PT_Consumption_English.xls,2011-12,14,2026-08-21T15:32:18.506484+00:00,1.0
2011-10-01,2011,2011-12,October,HSD,5340.859050000131,Thousand Metric Tonnes (TMT),PPAC,1777985064_PT_Consumption_English.xls,2011-12,14,2026-08-21T15:32:18.506484+00:00,1.0
2011-11-01,2011,2011-12,November,HSD,5702.64270000012,Thousand Metric Tonnes (TMT),PPAC,1777985064_PT_Consumption_English.xls,2011-12,14,2026-08-21T15:32:18.506484+00:00,1.0
2011-12-01,2011,2011-12,December,HSD,5867.5000700000855,Thousand Metric Tonnes (TMT),PPAC,1777985064_PT_Consumption_English.xls,2011-12,14,2026-08-21T15:32:18.506484+00:00,1.0
2012-01-01,2012,2011-12,January,HSD,5373.9111800001,Thousand Metric Tonnes (TMT),PPAC,1777985064_PT_Consumption_English.xls,2011-12,14,2026-08-21T15:32:18.506484+00:00,1.0
2012-02-01,2012,2011-12,February,HSD,5497.610370000105,Thousand Metric Tonnes (TMT),PPAC,1777985064_PT_Consumption_English.xls,2011-12,14,2026-08-21T15:32:18.506484+00:00,1.0
2012-03-01,2012,2011-12,March,HSD,6051.318840000142,Thousand Metric Tonnes (TMT),PPAC,1777985064_PT_Consumption_English.xls,2011-12,14,2026-08-21T15:32:18.506484+00:00,1.0
2011-04-01,2011,2011-12,April,LDO,34.549,Thousand Metric Tonnes (TMT),PPAC,1777985064_PT_Consumption_English.xls,2011-12,15,2026-08-21T15:32:18.506484+00:00,1.0
2011-05-01,2011,2011-12,May,LDO,31.210809999999988,Thousand Metric Tonnes (TMT),PPAC,1777985064_PT_Consumption_English.xls,2011-12,15,2026-08-21T15:32:18.506484+00:00,1.0
2011-06-01,2011,2011-12,June,LDO,38.88394,Thousand Metric Tonnes (TMT),PPAC,1777985064_PT_Consumption_English.xls,2011-12,15,2026-08-21T15:32:18.506484+00:00,1.0
2011-07-01,2011,2011-12,July,LDO,42.76847000000002,Thousand Metric Tonnes (TMT),PPAC,1777985064_PT_Consumption_English.xls,2011-12,15,2026-08-21T15:32:18.506484+00:00,1.0
2011-08-01,2011,2011-12,August,LDO,41.68772000000004,Thousand Metric Tonnes (TMT),PPAC,1777985064_PT_Consumption_English.xls,2011-12,15,2026-08-21T15:32:18.506484+00:00,1.0
2011-09-01,2011,2011-12,September,LDO,40.10505999999998,Thousand Metric Tonnes (TMT),PPAC,1777985064_PT_Consumption_English.xls,2011-12,15,2026-08-21T15:32:18.506484+00:00,1.0
2011-10-01,2011,2011-12,October,LDO,32.802319999999995,Thousand Metric Tonnes (TMT),PPAC,1777985064_PT_Consumption_English.xls,2011-12,15,2026-08-21T15:32:18.506484+00:00,1.0
2011-11-01,2011,2011-12,November,LDO,31.41198000000001,Thousand Metric Tonnes (TMT),PPAC,1777985064_PT_Consumption_English.xls,2011-12,15,2026-08-21T15:32:18.506484+00:00,1.0
2011-12-01,2011,2011-12,December,LDO,31.863630000000008,Thousand Metric Tonnes (TMT),PPAC,1777985064_PT_Consumption_English.xls,2011-12,15,2026-08-21T15:32:18.506484+00:00,1.0
2012-01-01,2012,2011-12,January,LDO,25.628439999999983,Thousand Metric Tonnes (TMT),PPAC,1777985064_PT_Consumption_English.xls,2011-12,15,2026-08-21T15:32:18.506484+00:00,1.0
2012-02-01,2012,2011-12,February,LDO,32.48000000000002,Thousand Metric Tonnes (TMT),PPAC,1777985064_PT_Consumption_English.xls,2011-12,15,2026-08-21T15:32:18.506484+00:00,1.0
2012-03-01,2012,2011-12,March,LDO,31.38737999999999,Thousand Metric Tonnes (TMT),PPAC,1777985064_PT_Consumption_English.xls,2011-12,15,2026-08-21T15:32:18.506484+00:00,1.0
2011-04-01,2011,2011-12,April,Lubricants & Greases,195.9529840000032,Thousand Metric Tonnes (TMT),PPAC,1777985064_PT_Consumption_English.xls,2011-12,16,2026-08-21T15:32:18.506484+00:00,1.0
2011-05-01,2011,2011-12,May,Lubricants & Greases,195.02851400000293,Thousand Metric Tonnes (TMT),PPAC,1777985064_PT_Consumption_English.xls,2011-12,16,2026-08-21T15:32:18.506484+00:00,1.0
2011-06-01,2011,2011-12,June,Lubricants & Greases,200.12439000000467,Thousand Metric Tonnes (TMT),PPAC,1777985064_PT_Consumption_English.xls,2011-12,16,2026-08-21T15:32:18.506484+00:00,1.0
2011-07-01,2011,2011-12,July,Lubricants & Greases,178.1358790000034,Thousand Metric Tonnes (TMT),PPAC,1777985064_PT_Consumption_English.xls,2011-12,16,2026-08-21T15:32:18.506484+00:00,1.0
2011-08-01,2011,2011-12,August,Lubricants & Greases,235.37658400000348,Thousand Metric Tonnes (TMT),PPAC,1777985064_PT_Consumption_English.xls,2011-12,16,2026-08-21T15:32:18.506484+00:00,1.0
2011-09-01,2011,2011-12,September,Lubricants & Greases,223.7771010000029,Thousand Metric Tonnes (TMT),PPAC,1777985064_PT_Consumption_English.xls,2011-12,16,2026-08-21T15:32:18.506484+00:00,1.0
2011-10-01,2011,2011-12,October,Lubricants & Greases,171.33349700000275,Thousand Metric Tonnes (TMT),PPAC,1777985064_PT_Consumption_English.xls,2011-12,16,2026-08-21T15:32:18.506484+00:00,1.0
2011-11-01,2011,2011-12,November,Lubricants & Greases,267.057491000006,Thousand Metric Tonnes (TMT),PPAC,1777985064_PT_Consumption_English.xls,2011-12,16,2026-08-21T15:32:18.506484+00:00,1.0
2011-12-01,2011,2011-12,December,Lubricants & Greases,241.646540000005,Thousand Metric Tonnes (TMT),PPAC,1777985064_PT_Consumption_English.xls,2011-12,16,2026-08-21T15:32:18.506484+00:00,1.0
2012-01-01,2012,2011-12,January,Lubricants & Greases,221.89544200000412,Thousand Metric Tonnes (TMT),PPAC,1777985064_PT_Consumption_English.xls,2011-12,16,2026-08-21T15:32:18.506484+00:00,1.0
2012-02-01,2012,2011-12,February,Lubricants & Greases,215.4231600000052,Thousand Metric Tonnes (TMT),PPAC,1777985064_PT_Consumption_English.xls,2011-12,16,2026-08-21T15:32:18.506484+00:00,1.0
2012-03-01,2012,2011-12,March,Lubricants & Greases,286.890349000011,Thousand Metric Tonnes (TMT),PPAC,1777985064_PT_Consumption_English.xls,2011-12,16,2026-08-21T15:32:18.506484+00:00,1.0
2011-04-01,2011,2011-12,April,FO & LSHS,918.1342100000016,Thousand Metric Tonnes (TMT),PPAC,1777985064_PT_Consumption_English.xls,2011-12,17,2026-08-21T15:32:18.506484+00:00,1.0
2011-05-01,2011,2011-12,May,FO & LSHS,664.9295299999993,Thousand Metric Tonnes (TMT),PPAC,1777985064_PT_Consumption_English.xls,2011-12,17,2026-08-21T15:32:18.506484+00:00,1.0
2011-06-01,2011,2011-12,June,FO & LSHS,781.6810999999999,Thousand Metric Tonnes (TMT),PPAC,1777985064_PT_Consumption_English.xls,2011-12,17,2026-08-21T15:32:18.506484+00:00,1.0
2011-07-01,2011,2011-12,July,FO & LSHS,855.3955899999995,Thousand Metric Tonnes (TMT),PPAC,1777985064_PT_Consumption_English.xls,2011-12,17,2026-08-21T15:32:18.506484+00:00,1.0
2011-08-01,2011,2011-12,August,FO & LSHS,819.6371100000009,Thousand Metric Tonnes (TMT),PPAC,1777985064_PT_Consumption_English.xls,2011-12,17,2026-08-21T15:32:18.506484+00:00,1.0
2011-09-01,2011,2011-12,September,FO & LSHS,793.2064400000012,Thousand Metric Tonnes (TMT),PPAC,1777985064_PT_Consumption_English.xls,2011-12,17,2026-08-21T15:32:18.506484+00:00,1.0
2011-10-01,2011,2011-12,October,FO & LSHS,763.3232100000002,Thousand Metric Tonnes (TMT),PPAC,1777985064_PT_Consumption_English.xls,2011-12,17,2026-08-21T15:32:18.506484+00:00,1.0
2011-11-01,2011,2011-12,November,FO & LSHS,832.1395099999995,Thousand Metric Tonnes (TMT),PPAC,1777985064_PT_Consumption_English.xls,2011-12,17,2026-08-21T15:32:18.506484+00:00,1.0
2011-12-01,2011,2011-12,December,FO & LSHS,763.6386800000009,Thousand Metric Tonnes (TMT),PPAC,1777985064_PT_Consumption_English.xls,2011-12,17,2026-08-21T15:32:18.506484+00:00,1.0
2012-01-01,2012,2011-12,January,FO & LSHS,676.0908300000007,Thousand Metric Tonnes (TMT),PPAC,1777985064_PT_Consumption_English.xls,2011-12,17,2026-08-21T15:32:18.506484+00:00,1.0
2012-02-01,2012,2011-12,February,FO & LSHS,702.421560000001,Thousand Metric Tonnes (TMT),PPAC,1777985064_PT_Consumption_English.xls,2011-12,17,2026-08-21T15:32:18.506484+00:00,1.0
2012-03-01,2012,2011-12,March,FO & LSHS,736.1604100000004,Thousand Metric Tonnes (TMT),PPAC,1777985064_PT_Consumption_English.xls,2011-12,17,2026-08-21T15:32:18.506484+00:00,1.0
2011-04-01,2011,2011-12,April,Bitumen,480.86307999999894,Thousand Metric Tonnes (TMT),PPAC,1777985064_PT_Consumption_English.xls,2011-12,18,2026-08-21T15:32:18.506484+00:00,1.0
2011-05-01,2011,2011-12,May,Bitumen,508.70418299999926,Thousand Metric Tonnes (TMT),PPAC,1777985064_PT_Consumption_English.xls,2011-12,18,2026-08-21T15:32:18.506484+00:00,1.0
2011-06-01,2011,2011-12,June,Bitumen,362.1352899999989,Thousand Metric Tonnes (TMT),PPAC,1777985064_PT_Consumption_English.xls,2011-12,18,2026-08-21T15:32:18.506484+00:00,1.0
2011-07-01,2011,2011-12,July,Bitumen,200.64960600000018,Thousand Metric Tonnes (TMT),PPAC,1777985064_PT_Consumption_English.xls,2011-12,18,2026-08-21T15:32:18.506484+00:00,1.0
2011-08-01,2011,2011-12,August,Bitumen,135.47808499999996,Thousand Metric Tonnes (TMT),PPAC,1777985064_PT_Consumption_English.xls,2011-12,18,2026-08-21T15:32:18.506484+00:00,1.0
2011-09-01,2011,2011-12,September,Bitumen,186.54219499999982,Thousand Metric Tonnes (TMT),PPAC,1777985064_PT_Consumption_English.xls,2011-12,18,2026-08-21T15:32:18.506484+00:00,1.0
2011-10-01,2011,2011-12,October,Bitumen,296.31508699999995,Thousand Metric Tonnes (TMT),PPAC,1777985064_PT_Consumption_English.xls,2011-12,18,2026-08-21T15:32:18.506484+00:00,1.0
2011-11-01,2011,2011-12,November,Bitumen,435.1737699999991,Thousand Metric Tonnes (TMT),PPAC,1777985064_PT_Consumption_English.xls,2011-12,18,2026-08-21T15:32:18.506484+00:00,1.0
2011-12-01,2011,2011-12,December,Bitumen,484.19082099999997,Thousand Metric Tonnes (TMT),PPAC,1777985064_PT_Consumption_English.xls,2011-12,18,2026-08-21T15:32:18.506484+00:00,1.0
2012-01-01,2012,2011-12,January,Bitumen,395.33416499999873,Thousand Metric Tonnes (TMT),PPAC,1777985064_PT_Consumption_English.xls,2011-12,18,2026-08-21T15:32:18.506484+00:00,1.0
2012-02-01,2012,2011-12,February,Bitumen,514.0887009999999,Thousand Metric Tonnes (TMT),PPAC,1777985064_PT_Consumption_English.xls,2011-12,18,2026-08-21T15:32:18.506484+00:00,1.0
2012-03-01,2012,2011-12,March,Bitumen,638.7319759999996,Thousand Metric Tonnes (TMT),PPAC,1777985064_PT_Consumption_English.xls,2011-12,18,2026-08-21T15:32:18.506484+00:00,1.0
2011-04-01,2011,2011-12,April,Petroleum coke,457.3335769999998,Thousand Metric Tonnes (TMT),PPAC,1777985064_PT_Consumption_English.xls,2011-12,19,2026-08-21T15:32:18.506484+00:00,1.0
2011-05-01,2011,2011-12,May,Petroleum coke,483.52887999999996,Thousand Metric Tonnes (TMT),PPAC,1777985064_PT_Consumption_English.xls,2011-12,19,2026-08-21T15:32:18.506484+00:00,1.0
2011-06-01,2011,2011-12,June,Petroleum coke,522.7357759999998,Thousand Metric Tonnes (TMT),PPAC,1777985064_PT_Consumption_English.xls,2011-12,19,2026-08-21T15:32:18.506484+00:00,1.0
2011-07-01,2011,2011-12,July,Petroleum coke,494.5484199999998,Thousand Metric Tonnes (TMT),PPAC,1777985064_PT_Consumption_English.xls,2011-12,19,2026-08-21T15:32:18.506484+00:00,1.0
2011-08-01,2011,2011-12,August,Petroleum coke,416.09748999999977,Thousand Metric Tonnes (TMT),PPAC,1777985064_PT_Consumption_English.xls,2011-12,19,2026-08-21T15:32:18.506484+00:00,1.0
2011-09-01,2011,2011-12,September,Petroleum coke,497.27326199999993,Thousand Metric Tonnes (TMT),PPAC,1777985064_PT_Consumption_English.xls,2011-12,19,2026-08-21T15:32:18.506484+00:00,1.0
2011-10-01,2011,2011-12,October,Petroleum coke,472.24918800000006,Thousand Metric Tonnes (TMT),PPAC,1777985064_PT_Consumption_English.xls,2011-12,19,2026-08-21T15:32:18.506484+00:00,1.0
2011-11-01,2011,2011-12,November,Petroleum coke,600.7370809999998,Thousand Metric Tonnes (TMT),PPAC,1777985064_PT_Consumption_English.xls,2011-12,19,2026-08-21T15:32:18.506484+00:00,1.0
2011-12-01,2011,2011-12,December,Petroleum coke,502.6580409999999,Thousand Metric Tonnes (TMT),PPAC,1777985064_PT_Consumption_English.xls,2011-12,19,2026-08-21T15:32:18.506484+00:00,1.0
2012-01-01,2012,2011-12,January,Petroleum coke,513.8619669999998,Thousand Metric Tonnes (TMT),PPAC,1777985064_PT_Consumption_English.xls,2011-12,19,2026-08-21T15:32:18.506484+00:00,1.0
2012-02-01,2012,2011-12,February,Petroleum coke,568.2701950000001,Thousand Metric Tonnes (TMT),PPAC,1777985064_PT_Consumption_English.xls,2011-12,19,2026-08-21T15:32:18.506484+00:00,1.0
2012-03-01,2012,2011-12,March,Petroleum coke,608.40587,Thousand Metric Tonnes (TMT),PPAC,1777985064_PT_Consumption_English.xls,2011-12,19,2026-08-21T15:32:18.506484+00:00,1.0
2011-04-01,2011,2011-12,April,Others,468.7897250000011,Thousand Metric Tonnes (TMT),PPAC,1777985064_PT_Consumption_English.xls,2011-12,20,2026-08-21T15:32:18.506484+00:00,1.0
2011-05-01,2011,2011-12,May,Others,429.6410610000002,Thousand Metric Tonnes (TMT),PPAC,1777985064_PT_Consumption_English.xls,2011-12,20,2026-08-21T15:32:18.506484+00:00,1.0
2011-06-01,2011,2011-12,June,Others,451.0381730000011,Thousand Metric Tonnes (TMT),PPAC,1777985064_PT_Consumption_English.xls,2011-12,20,2026-08-21T15:32:18.506484+00:00,1.0
2011-07-01,2011,2011-12,July,Others,358.87173199999984,Thousand Metric Tonnes (TMT),PPAC,1777985064_PT_Consumption_English.xls,2011-12,20,2026-08-21T15:32:18.506484+00:00,1.0
2011-08-01,2011,2011-12,August,Others,450.50950500000005,Thousand Metric Tonnes (TMT),PPAC,1777985064_PT_Consumption_English.xls,2011-12,20,2026-08-21T15:32:18.506484+00:00,1.0
2011-09-01,2011,2011-12,September,Others,372.135573,Thousand Metric Tonnes (TMT),PPAC,1777985064_PT_Consumption_English.xls,2011-12,20,2026-08-21T15:32:18.506484+00:00,1.0
2011-10-01,2011,2011-12,October,Others,336.3804430000018,Thousand Metric Tonnes (TMT),PPAC,1777985064_PT_Consumption_English.xls,2011-12,20,2026-08-21T15:32:18.506484+00:00,1.0
2011-11-01,2011,2011-12,November,Others,466.137524,Thousand Metric Tonnes (TMT),PPAC,1777985064_PT_Consumption_English.xls,2011-12,20,2026-08-21T15:32:18.506484+00:00,1.0
2011-12-01,2011,2011-12,December,Others,379.1986250000001,Thousand Metric Tonnes (TMT),PPAC,1777985064_PT_Consumption_English.xls,2011-12,20,2026-08-21T15:32:18.506484+00:00,1.0
2012-01-01,2012,2011-12,January,Others,451.88661799999977,Thousand Metric Tonnes (TMT),PPAC,1777985064_PT_Consumption_English.xls,2011-12,20,2026-08-21T15:32:18.506484+00:00,1.0
2012-02-01,2012,2011-12,February,Others,355.47558200000014,Thousand Metric Tonnes (TMT),PPAC,1777985064_PT_Consumption_English.xls,2011-12,20,2026-08-21T15:32:18.506484+00:00,1.0
2012-03-01,2012,2011-12,March,Others,401.91308700000104,Thousand Metric Tonnes (TMT),PPAC,1777985064_PT_Consumption_English.xls,2011-12,20,2026-08-21T15:32:18.506484+00:00,1.0
2012-04-01,2012,2012-13,April,LPG,1232.2696380000014,Thousand Metric Tonnes (TMT),PPAC,1777985064_PT_Consumption_English.xls,2012-13,9,2026-08-21T15:32:18.515422+00:00,1.0
2012-05-01,2012,2012-13,May,LPG,1315.1421130000049,Thousand Metric Tonnes (TMT),PPAC,1777985064_PT_Consumption_English.xls,2012-13,9,2026-08-21T15:32:18.515422+00:00,1.0
2012-06-01,2012,2012-13,June,LPG,1289.742033000003,Thousand Metric Tonnes (TMT),PPAC,1777985064_PT_Consumption_English.xls,2012-13,9,2026-08-21T15:32:18.515422+00:00,1.0
2012-07-01,2012,2012-13,July,LPG,1323.0668390000008,Thousand Metric Tonnes (TMT),PPAC,1777985064_PT_Consumption_English.xls,2012-13,9,2026-08-21T15:32:18.515422+00:00,1.0
2012-08-01,2012,2012-13,August,LPG,1333.3483830000014,Thousand Metric Tonnes (TMT),PPAC,1777985064_PT_Consumption_English.xls,2012-13,9,2026-08-21T15:32:18.515422+00:00,1.0
2012-09-01,2012,2012-13,September,LPG,1271.2726040000014,Thousand Metric Tonnes (TMT),PPAC,1777985064_PT_Consumption_English.xls,2012-13,9,2026-08-21T15:32:18.515422+00:00,1.0
2012-10-01,2012,2012-13,October,LPG,1298.168209000007,Thousand Metric Tonnes (TMT),PPAC,1777985064_PT_Consumption_English.xls,2012-13,9,2026-08-21T15:32:18.515422+00:00,1.0
2012-11-01,2012,2012-13,November,LPG,1279.2022880000036,Thousand Metric Tonnes (TMT),PPAC,1777985064_PT_Consumption_English.xls,2012-13,9,2026-08-21T15:32:18.515422+00:00,1.0
2012-12-01,2012,2012-13,December,LPG,1304.9633680000004,Thousand Metric Tonnes (TMT),PPAC,1777985064_PT_Consumption_English.xls,2012-13,9,2026-08-21T15:32:18.515422+00:00,1.0
2013-01-01,2013,2012-13,January,LPG,1317.6526399999998,Thousand Metric Tonnes (TMT),PPAC,1777985064_PT_Consumption_English.xls,2012-13,9,2026-08-21T15:32:18.515422+00:00,1.0
2013-02-01,2013,2012-13,February,LPG,1281.3053519999996,Thousand Metric Tonnes (TMT),PPAC,1777985064_PT_Consumption_English.xls,2012-13,9,2026-08-21T15:32:18.515422+00:00,1.0
2013-03-01,2013,2012-13,March,LPG,1354.5072170000003,Thousand Metric Tonnes (TMT),PPAC,1777985064_PT_Consumption_English.xls,2012-13,9,2026-08-21T15:32:18.515422+00:00,1.0
2012-04-01,2012,2012-13,April,Naphtha,892.9973900000001,Thousand Metric Tonnes (TMT),PPAC,1777985064_PT_Consumption_English.xls,2012-13,10,2026-08-21T15:32:18.515422+00:00,1.0
2012-05-01,2012,2012-13,May,Naphtha,1068.6910200000002,Thousand Metric Tonnes (TMT),PPAC,1777985064_PT_Consumption_English.xls,2012-13,10,2026-08-21T15:32:18.515422+00:00,1.0
2012-06-01,2012,2012-13,June,Naphtha,962.78563,Thousand Metric Tonnes (TMT),PPAC,1777985064_PT_Consumption_English.xls,2012-13,10,2026-08-21T15:32:18.515422+00:00,1.0
2012-07-01,2012,2012-13,July,Naphtha,1099.81641,Thousand Metric Tonnes (TMT),PPAC,1777985064_PT_Consumption_English.xls,2012-13,10,2026-08-21T15:32:18.515422+00:00,1.0
2012-08-01,2012,2012-13,August,Naphtha,1097.14506,Thousand Metric Tonnes (TMT),PPAC,1777985064_PT_Consumption_English.xls,2012-13,10,2026-08-21T15:32:18.515422+00:00,1.0
2012-09-01,2012,2012-13,September,Naphtha,1018.6250500000001,Thousand Metric Tonnes (TMT),PPAC,1777985064_PT_Consumption_English.xls,2012-13,10,2026-08-21T15:32:18.515422+00:00,1.0
2012-10-01,2012,2012-13,October,Naphtha,952.8089800000001,Thousand Metric Tonnes (TMT),PPAC,1777985064_PT_Consumption_English.xls,2012-13,10,2026-08-21T15:32:18.515422+00:00,1.0
2012-11-01,2012,2012-13,November,Naphtha,1121.1912200000002,Thousand Metric Tonnes (TMT),PPAC,1777985064_PT_Consumption_English.xls,2012-13,10,2026-08-21T15:32:18.515422+00:00,1.0
2012-12-01,2012,2012-13,December,Naphtha,1021.65724,Thousand Metric Tonnes (TMT),PPAC,1777985064_PT_Consumption_English.xls,2012-13,10,2026-08-21T15:32:18.515422+00:00,1.0
2013-01-01,2013,2012-13,January,Naphtha,1073.1635999999999,Thousand Metric Tonnes (TMT),PPAC,1777985064_PT_Consumption_English.xls,2012-13,10,2026-08-21T15:32:18.515422+00:00,1.0
2013-02-01,2013,2012-13,February,Naphtha,961.8948899999998,Thousand Metric Tonnes (TMT),PPAC,1777985064_PT_Consumption_English.xls,2012-13,10,2026-08-21T15:32:18.515422+00:00,1.0
2013-03-01,2013,2012-13,March,Naphtha,1018.59204,Thousand Metric Tonnes (TMT),PPAC,1777985064_PT_Consumption_English.xls,2012-13,10,2026-08-21T15:32:18.515422+00:00,1.0
2012-04-01,2012,2012-13,April,MS,1246.5180300000025,Thousand Metric Tonnes (TMT),PPAC,1777985064_PT_Consumption_English.xls,2012-13,11,2026-08-21T15:32:18.515422+00:00,1.0
2012-05-01,2012,2012-13,May,MS,1292.1007699999975,Thousand Metric Tonnes (TMT),PPAC,1777985064_PT_Consumption_English.xls,2012-13,11,2026-08-21T15:32:18.515422+00:00,1.0
2012-06-01,2012,2012-13,June,MS,1341.3775999999937,Thousand Metric Tonnes (TMT),PPAC,1777985064_PT_Consumption_English.xls,2012-13,11,2026-08-21T15:32:18.515422+00:00,1.0
2012-07-01,2012,2012-13,July,MS,1312.2934899999998,Thousand Metric Tonnes (TMT),PPAC,1777985064_PT_Consumption_English.xls,2012-13,11,2026-08-21T15:32:18.515422+00:00,1.0
2012-08-01,2012,2012-13,August,MS,1313.5439299999946,Thousand Metric Tonnes (TMT),PPAC,1777985064_PT_Consumption_English.xls,2012-13,11,2026-08-21T15:32:18.515422+00:00,1.0
2012-09-01,2012,2012-13,September,MS,1227.0071400000024,Thousand Metric Tonnes (TMT),PPAC,1777985064_PT_Consumption_English.xls,2012-13,11,2026-08-21T15:32:18.515422+00:00,1.0
2012-10-01,2012,2012-13,October,MS,1323.0587600000017,Thousand Metric Tonnes (TMT),PPAC,1777985064_PT_Consumption_English.xls,2012-13,11,2026-08-21T15:32:18.515422+00:00,1.0
2012-11-01,2012,2012-13,November,MS,1325.1533199999994,Thousand Metric Tonnes (TMT),PPAC,1777985064_PT_Consumption_English.xls,2012-13,11,2026-08-21T15:32:18.515422+00:00,1.0
2012-12-01,2012,2012-13,December,MS,1348.4635300000084,Thousand Metric Tonnes (TMT),PPAC,1777985064_PT_Consumption_English.xls,2012-13,11,2026-08-21T15:32:18.515422+00:00,1.0
2013-01-01,2013,2012-13,January,MS,1300.9388000000017,Thousand Metric Tonnes (TMT),PPAC,1777985064_PT_Consumption_English.xls,2012-13,11,2026-08-21T15:32:18.515422+00:00,1.0
2013-02-01,2013,2012-13,February,MS,1278.0262599999976,Thousand Metric Tonnes (TMT),PPAC,1777985064_PT_Consumption_English.xls,2012-13,11,2026-08-21T15:32:18.515422+00:00,1.0
2013-03-01,2013,2012-13,March,MS,1435.4194100000052,Thousand Metric Tonnes (TMT),PPAC,1777985064_PT_Consumption_English.xls,2012-13,11,2026-08-21T15:32:18.515422+00:00,1.0
2012-04-01,2012,2012-13,April,ATF,444.43780999999984,Thousand Metric Tonnes (TMT),PPAC,1777985064_PT_Consumption_English.xls,2012-13,12,2026-08-21T15:32:18.515422+00:00,1.0
2012-05-01,2012,2012-13,May,ATF,445.2069500000001,Thousand Metric Tonnes (TMT),PPAC,1777985064_PT_Consumption_English.xls,2012-13,12,2026-08-21T15:32:18.515422+00:00,1.0
2012-06-01,2012,2012-13,June,ATF,421.9437300000001,Thousand Metric Tonnes (TMT),PPAC,1777985064_PT_Consumption_English.xls,2012-13,12,2026-08-21T15:32:18.515422+00:00,1.0
2012-07-01,2012,2012-13,July,ATF,421.58637000000004,Thousand Metric Tonnes (TMT),PPAC,1777985064_PT_Consumption_English.xls,2012-13,12,2026-08-21T15:32:18.515422+00:00,1.0
2012-08-01,2012,2012-13,August,ATF,414.98290000000026,Thousand Metric Tonnes (TMT),PPAC,1777985064_PT_Consumption_English.xls,2012-13,12,2026-08-21T15:32:18.515422+00:00,1.0
2012-09-01,2012,2012-13,September,ATF,412.1475099999996,Thousand Metric Tonnes (TMT),PPAC,1777985064_PT_Consumption_English.xls,2012-13,12,2026-08-21T15:32:18.515422+00:00,1.0
2012-10-01,2012,2012-13,October,ATF,433.8028300000001,Thousand Metric Tonnes (TMT),PPAC,1777985064_PT_Consumption_English.xls,2012-13,12,2026-08-21T15:32:18.515422+00:00,1.0
2012-11-01,2012,2012-13,November,ATF,454.5193099999999,Thousand Metric Tonnes (TMT),PPAC,1777985064_PT_Consumption_English.xls,2012-13,12,2026-08-21T15:32:18.515422+00:00,1.0
2012-12-01,2012,2012-13,December,ATF,454.67353000000026,Thousand Metric Tonnes (TMT),PPAC,1777985064_PT_Consumption_English.xls,2012-13,12,2026-08-21T15:32:18.515422+00:00,1.0
2013-01-01,2013,2012-13,January,ATF,459.1438199999994,Thousand Metric Tonnes (TMT),PPAC,1777985064_PT_Consumption_English.xls,2012-13,12,2026-08-21T15:32:18.515422+00:00,1.0
2013-02-01,2013,2012-13,February,ATF,428.3233100000001,Thousand Metric Tonnes (TMT),PPAC,1777985064_PT_Consumption_English.xls,2012-13,12,2026-08-21T15:32:18.515422+00:00,1.0
2013-03-01,2013,2012-13,March,ATF,481.68708000000004,Thousand Metric Tonnes (TMT),PPAC,1777985064_PT_Consumption_English.xls,2012-13,12,2026-08-21T15:32:18.515422+00:00,1.0
2012-04-01,2012,2012-13,April,SKO,603.9431499999988,Thousand Metric Tonnes (TMT),PPAC,1777985064_PT_Consumption_English.xls,2012-13,13,2026-08-21T15:32:18.515422+00:00,1.0
2012-05-01,2012,2012-13,May,SKO,622.867100000001,Thousand Metric Tonnes (TMT),PPAC,1777985064_PT_Consumption_English.xls,2012-13,13,2026-08-21T15:32:18.515422+00:00,1.0
2012-06-01,2012,2012-13,June,SKO,630.5231799999997,Thousand Metric Tonnes (TMT),PPAC,1777985064_PT_Consumption_English.xls,2012-13,13,2026-08-21T15:32:18.515422+00:00,1.0
2012-07-01,2012,2012-13,July,SKO,655.3010099999984,Thousand Metric Tonnes (TMT),PPAC,1777985064_PT_Consumption_English.xls,2012-13,13,2026-08-21T15:32:18.515422+00:00,1.0
2012-08-01,2012,2012-13,August,SKO,624.2621199999987,Thousand Metric Tonnes (TMT),PPAC,1777985064_PT_Consumption_English.xls,2012-13,13,2026-08-21T15:32:18.515422+00:00,1.0
2012-09-01,2012,2012-13,September,SKO,622.372789999999,Thousand Metric Tonnes (TMT),PPAC,1777985064_PT_Consumption_English.xls,2012-13,13,2026-08-21T15:32:18.515422+00:00,1.0
2012-10-01,2012,2012-13,October,SKO,621.1850499999997,Thousand Metric Tonnes (TMT),PPAC,1777985064_PT_Consumption_English.xls,2012-13,13,2026-08-21T15:32:18.515422+00:00,1.0
2012-11-01,2012,2012-13,November,SKO,625.1847799999994,Thousand Metric Tonnes (TMT),PPAC,1777985064_PT_Consumption_English.xls,2012-13,13,2026-08-21T15:32:18.515422+00:00,1.0
2012-12-01,2012,2012-13,December,SKO,625.0226200000006,Thousand Metric Tonnes (TMT),PPAC,1777985064_PT_Consumption_English.xls,2012-13,13,2026-08-21T15:32:18.515422+00:00,1.0
2013-01-01,2013,2012-13,January,SKO,623.2384300000015,Thousand Metric Tonnes (TMT),PPAC,1777985064_PT_Consumption_English.xls,2012-13,13,2026-08-21T15:32:18.515422+00:00,1.0
2013-02-01,2013,2012-13,February,SKO,626.0711100000008,Thousand Metric Tonnes (TMT),PPAC,1777985064_PT_Consumption_English.xls,2012-13,13,2026-08-21T15:32:18.515422+00:00,1.0
2013-03-01,2013,2012-13,March,SKO,621.5320099999997,Thousand Metric Tonnes (TMT),PPAC,1777985064_PT_Consumption_English.xls,2012-13,13,2026-08-21T15:32:18.515422+00:00,1.0
2012-04-01,2012,2012-13,April,HSD,5908.742610000128,Thousand Metric Tonnes (TMT),PPAC,1777985064_PT_Consumption_English.xls,2012-13,14,2026-08-21T15:32:18.515422+00:00,1.0
2012-05-01,2012,2012-13,May,HSD,6373.517980000156,Thousand Metric Tonnes (TMT),PPAC,1777985064_PT_Consumption_English.xls,2012-13,14,2026-08-21T15:32:18.515422+00:00,1.0
2012-06-01,2012,2012-13,June,HSD,6070.667450000155,Thousand Metric Tonnes (TMT),PPAC,1777985064_PT_Consumption_English.xls,2012-13,14,2026-08-21T15:32:18.515422+00:00,1.0
2012-07-01,2012,2012-13,July,HSD,5745.114990000185,Thousand Metric Tonnes (TMT),PPAC,1777985064_PT_Consumption_English.xls,2012-13,14,2026-08-21T15:32:18.515422+00:00,1.0
2012-08-01,2012,2012-13,August,HSD,5050.89856000008,Thousand Metric Tonnes (TMT),PPAC,1777985064_PT_Consumption_English.xls,2012-13,14,2026-08-21T15:32:18.515422+00:00,1.0
2012-09-01,2012,2012-13,September,HSD,4938.508280000089,Thousand Metric Tonnes (TMT),PPAC,1777985064_PT_Consumption_English.xls,2012-13,14,2026-08-21T15:32:18.515422+00:00,1.0
2012-10-01,2012,2012-13,October,HSD,5699.722900000085,Thousand Metric Tonnes (TMT),PPAC,1777985064_PT_Consumption_English.xls,2012-13,14,2026-08-21T15:32:18.515422+00:00,1.0
2012-11-01,2012,2012-13,November,HSD,5793.405610000107,Thousand Metric Tonnes (TMT),PPAC,1777985064_PT_Consumption_English.xls,2012-13,14,2026-08-21T15:32:18.515422+00:00,1.0
2012-12-01,2012,2012-13,December,HSD,6119.542670000065,Thousand Metric Tonnes (TMT),PPAC,1777985064_PT_Consumption_English.xls,2012-13,14,2026-08-21T15:32:18.515422+00:00,1.0
2013-01-01,2013,2012-13,January,HSD,5798.283640000114,Thousand Metric Tonnes (TMT),PPAC,1777985064_PT_Consumption_English.xls,2012-13,14,2026-08-21T15:32:18.515422+00:00,1.0
2013-02-01,2013,2012-13,February,HSD,5382.8979300000965,Thousand Metric Tonnes (TMT),PPAC,1777985064_PT_Consumption_English.xls,2012-13,14,2026-08-21T15:32:18.515422+00:00,1.0
2013-03-01,2013,2012-13,March,HSD,6198.746309999995,Thousand Metric Tonnes (TMT),PPAC,1777985064_PT_Consumption_English.xls,2012-13,14,2026-08-21T15:32:18.515422+00:00,1.0
2012-04-01,2012,2012-13,April,LDO,36.10303999999998,Thousand Metric Tonnes (TMT),PPAC,1777985064_PT_Consumption_English.xls,2012-13,15,2026-08-21T15:32:18.515422+00:00,1.0
2012-05-01,2012,2012-13,May,LDO,37.32903000000001,Thousand Metric Tonnes (TMT),PPAC,1777985064_PT_Consumption_English.xls,2012-13,15,2026-08-21T15:32:18.515422+00:00,1.0
2012-06-01,2012,2012-13,June,LDO,31.236970000000007,Thousand Metric Tonnes (TMT),PPAC,1777985064_PT_Consumption_English.xls,2012-13,15,2026-08-21T15:32:18.515422+00:00,1.0
2012-07-01,2012,2012-13,July,LDO,35.848110000000005,Thousand Metric Tonnes (TMT),PPAC,1777985064_PT_Consumption_English.xls,2012-13,15,2026-08-21T15:32:18.515422+00:00,1.0
2012-08-01,2012,2012-13,August,LDO,34.082759999999986,Thousand Metric Tonnes (TMT),PPAC,1777985064_PT_Consumption_English.xls,2012-13,15,2026-08-21T15:32:18.515422+00:00,1.0
2012-09-01,2012,2012-13,September,LDO,37.04836,Thousand Metric Tonnes (TMT),PPAC,1777985064_PT_Consumption_English.xls,2012-13,15,2026-08-21T15:32:18.515422+00:00,1.0
2012-10-01,2012,2012-13,October,LDO,32.200990000000026,Thousand Metric Tonnes (TMT),PPAC,1777985064_PT_Consumption_English.xls,2012-13,15,2026-08-21T15:32:18.515422+00:00,1.0
2012-11-01,2012,2012-13,November,LDO,32.19881000000001,Thousand Metric Tonnes (TMT),PPAC,1777985064_PT_Consumption_English.xls,2012-13,15,2026-08-21T15:32:18.515422+00:00,1.0
2012-12-01,2012,2012-13,December,LDO,26.546680000000013,Thousand Metric Tonnes (TMT),PPAC,1777985064_PT_Consumption_English.xls,2012-13,15,2026-08-21T15:32:18.515422+00:00,1.0
2013-01-01,2013,2012-13,January,LDO,29.006200000000014,Thousand Metric Tonnes (TMT),PPAC,1777985064_PT_Consumption_English.xls,2012-13,15,2026-08-21T15:32:18.515422+00:00,1.0
2013-02-01,2013,2012-13,February,LDO,32.629799999999996,Thousand Metric Tonnes (TMT),PPAC,1777985064_PT_Consumption_English.xls,2012-13,15,2026-08-21T15:32:18.515422+00:00,1.0
2013-03-01,2013,2012-13,March,LDO,34.31427000000001,Thousand Metric Tonnes (TMT),PPAC,1777985064_PT_Consumption_English.xls,2012-13,15,2026-08-21T15:32:18.515422+00:00,1.0
2012-04-01,2012,2012-13,April,Lubricants & Greases,218.23238000000205,Thousand Metric Tonnes (TMT),PPAC,1777985064_PT_Consumption_English.xls,2012-13,16,2026-08-21T15:32:18.515422+00:00,1.0
2012-05-01,2012,2012-13,May,Lubricants & Greases,282.3228300000044,Thousand Metric Tonnes (TMT),PPAC,1777985064_PT_Consumption_English.xls,2012-13,16,2026-08-21T15:32:18.515422+00:00,1.0
2012-06-01,2012,2012-13,June,Lubricants & Greases,233.3396730000032,Thousand Metric Tonnes (TMT),PPAC,1777985064_PT_Consumption_English.xls,2012-13,16,2026-08-21T15:32:18.515422+00:00,1.0
2012-07-01,2012,2012-13,July,Lubricants & Greases,210.0593800000046,Thousand Metric Tonnes (TMT),PPAC,1777985064_PT_Consumption_English.xls,2012-13,16,2026-08-21T15:32:18.515422+00:00,1.0
2012-08-01,2012,2012-13,August,Lubricants & Greases,361.6552060000055,Thousand Metric Tonnes (TMT),PPAC,1777985064_PT_Consumption_English.xls,2012-13,16,2026-08-21T15:32:18.515422+00:00,1.0
2012-09-01,2012,2012-13,September,Lubricants & Greases,260.81218100000467,Thousand Metric Tonnes (TMT),PPAC,1777985064_PT_Consumption_English.xls,2012-13,16,2026-08-21T15:32:18.515422+00:00,1.0
2012-10-01,2012,2012-13,October,Lubricants & Greases,237.28023000000425,Thousand Metric Tonnes (TMT),PPAC,1777985064_PT_Consumption_English.xls,2012-13,16,2026-08-21T15:32:18.515422+00:00,1.0
2012-11-01,2012,2012-13,November,Lubricants & Greases,354.9728720000045,Thousand Metric Tonnes (TMT),PPAC,1777985064_PT_Consumption_English.xls,2012-13,16,2026-08-21T15:32:18.515422+00:00,1.0
2012-12-01,2012,2012-13,December,Lubricants & Greases,204.05293700000135,Thousand Metric Tonnes (TMT),PPAC,1777985064_PT_Consumption_English.xls,2012-13,16,2026-08-21T15:32:18.515422+00:00,1.0
2013-01-01,2013,2012-13,January,Lubricants & Greases,259.85654200000556,Thousand Metric Tonnes (TMT),PPAC,1777985064_PT_Consumption_English.xls,2012-13,16,2026-08-21T15:32:18.515422+00:00,1.0
2013-02-01,2013,2012-13,February,Lubricants & Greases,259.7334600000056,Thousand Metric Tonnes (TMT),PPAC,1777985064_PT_Consumption_English.xls,2012-13,16,2026-08-21T15:32:18.515422+00:00,1.0
2013-03-01,2013,2012-13,March,Lubricants & Greases,313.5827100000053,Thousand Metric Tonnes (TMT),PPAC,1777985064_PT_Consumption_English.xls,2012-13,16,2026-08-21T15:32:18.515422+00:00,1.0
2012-04-01,2012,2012-13,April,FO & LSHS,675.7598500000006,Thousand Metric Tonnes (TMT),PPAC,1777985064_PT_Consumption_English.xls,2012-13,17,2026-08-21T15:32:18.515422+00:00,1.0
2012-05-01,2012,2012-13,May,FO & LSHS,676.3838500000003,Thousand Metric Tonnes (TMT),PPAC,1777985064_PT_Consumption_English.xls,2012-13,17,2026-08-21T15:32:18.515422+00:00,1.0
2012-06-01,2012,2012-13,June,FO & LSHS,640.54152,Thousand Metric Tonnes (TMT),PPAC,1777985064_PT_Consumption_English.xls,2012-13,17,2026-08-21T15:32:18.515422+00:00,1.0
2012-07-01,2012,2012-13,July,FO & LSHS,731.9020600000003,Thousand Metric Tonnes (TMT),PPAC,1777985064_PT_Consumption_English.xls,2012-13,17,2026-08-21T15:32:18.515422+00:00,1.0
2012-08-01,2012,2012-13,August,FO & LSHS,712.3023700000003,Thousand Metric Tonnes (TMT),PPAC,1777985064_PT_Consumption_English.xls,2012-13,17,2026-08-21T15:32:18.515422+00:00,1.0
2012-09-01,2012,2012-13,September,FO & LSHS,703.5457700000021,Thousand Metric Tonnes (TMT),PPAC,1777985064_PT_Consumption_English.xls,2012-13,17,2026-08-21T15:32:18.515422+00:00,1.0
2012-10-01,2012,2012-13,October,FO & LSHS,681.870000000001,Thousand Metric Tonnes (TMT),PPAC,1777985064_PT_Consumption_English.xls,2012-13,17,2026-08-21T15:32:18.515422+00:00,1.0
2012-11-01,2012,2012-13,November,FO & LSHS,585.8398100000007,Thousand Metric Tonnes (TMT),PPAC,1777985064_PT_Consumption_English.xls,2012-13,17,2026-08-21T15:32:18.515422+00:00,1.0
2012-12-01,2012,2012-13,December,FO & LSHS,566.1388600000001,Thousand Metric Tonnes (TMT),PPAC,1777985064_PT_Consumption_English.xls,2012-13,17,2026-08-21T15:32:18.515422+00:00,1.0
2013-01-01,2013,2012-13,January,FO & LSHS,621.5086900000003,Thousand Metric Tonnes (TMT),PPAC,1777985064_PT_Consumption_English.xls,2012-13,17,2026-08-21T15:32:18.515422+00:00,1.0
2013-02-01,2013,2012-13,February,FO & LSHS,517.7222199999995,Thousand Metric Tonnes (TMT),PPAC,1777985064_PT_Consumption_English.xls,2012-13,17,2026-08-21T15:32:18.515422+00:00,1.0
2013-03-01,2013,2012-13,March,FO & LSHS,542.9785700000001,Thousand Metric Tonnes (TMT),PPAC,1777985064_PT_Consumption_English.xls,2012-13,17,2026-08-21T15:32:18.515422+00:00,1.0
2012-04-01,2012,2012-13,April,Bitumen,451.3986989999985,Thousand Metric Tonnes (TMT),PPAC,1777985064_PT_Consumption_English.xls,2012-13,18,2026-08-21T15:32:18.515422+00:00,1.0
2012-05-01,2012,2012-13,May,Bitumen,469.0417730000001,Thousand Metric Tonnes (TMT),PPAC,1777985064_PT_Consumption_English.xls,2012-13,18,2026-08-21T15:32:18.515422+00:00,1.0
2012-06-01,2012,2012-13,June,Bitumen,374.52593999999925,Thousand Metric Tonnes (TMT),PPAC,1777985064_PT_Consumption_English.xls,2012-13,18,2026-08-21T15:32:18.515422+00:00,1.0
2012-07-01,2012,2012-13,July,Bitumen,195.46045000000007,Thousand Metric Tonnes (TMT),PPAC,1777985064_PT_Consumption_English.xls,2012-13,18,2026-08-21T15:32:18.515422+00:00,1.0
2012-08-01,2012,2012-13,August,Bitumen,132.51262000000028,Thousand Metric Tonnes (TMT),PPAC,1777985064_PT_Consumption_English.xls,2012-13,18,2026-08-21T15:32:18.515422+00:00,1.0
2012-09-01,2012,2012-13,September,Bitumen,157.92816999999988,Thousand Metric Tonnes (TMT),PPAC,1777985064_PT_Consumption_English.xls,2012-13,18,2026-08-21T15:32:18.515422+00:00,1.0
2012-10-01,2012,2012-13,October,Bitumen,382.83793699999916,Thousand Metric Tonnes (TMT),PPAC,1777985064_PT_Consumption_English.xls,2012-13,18,2026-08-21T15:32:18.515422+00:00,1.0
2012-11-01,2012,2012-13,November,Bitumen,417.3823379999986,Thousand Metric Tonnes (TMT),PPAC,1777985064_PT_Consumption_English.xls,2012-13,18,2026-08-21T15:32:18.515422+00:00,1.0
2012-12-01,2012,2012-13,December,Bitumen,455.4209799999995,Thousand Metric Tonnes (TMT),PPAC,1777985064_PT_Consumption_English.xls,2012-13,18,2026-08-21T15:32:18.515422+00:00,1.0
2013-01-01,2013,2012-13,January,Bitumen,442.53433999999896,Thousand Metric Tonnes (TMT),PPAC,1777985064_PT_Consumption_English.xls,2012-13,18,2026-08-21T15:32:18.515422+00:00,1.0
2013-02-01,2013,2012-13,February,Bitumen,490.929086999999,Thousand Metric Tonnes (TMT),PPAC,1777985064_PT_Consumption_English.xls,2012-13,18,2026-08-21T15:32:18.515422+00:00,1.0
2013-03-01,2013,2012-13,March,Bitumen,706.2218449999991,Thousand Metric Tonnes (TMT),PPAC,1777985064_PT_Consumption_English.xls,2012-13,18,2026-08-21T15:32:18.515422+00:00,1.0
2012-04-01,2012,2012-13,April,Petroleum coke,742.134125,Thousand Metric Tonnes (TMT),PPAC,1777985064_PT_Consumption_English.xls,2012-13,19,2026-08-21T15:32:18.515422+00:00,1.0
2012-05-01,2012,2012-13,May,Petroleum coke,780.2288199999997,Thousand Metric Tonnes (TMT),PPAC,1777985064_PT_Consumption_English.xls,2012-13,19,2026-08-21T15:32:18.515422+00:00,1.0
2012-06-01,2012,2012-13,June,Petroleum coke,789.2114050000001,Thousand Metric Tonnes (TMT),PPAC,1777985064_PT_Consumption_English.xls,2012-13,19,2026-08-21T15:32:18.515422+00:00,1.0
2012-07-01,2012,2012-13,July,Petroleum coke,763.8840300000004,Thousand Metric Tonnes (TMT),PPAC,1777985064_PT_Consumption_English.xls,2012-13,19,2026-08-21T15:32:18.515422+00:00,1.0
2012-08-01,2012,2012-13,August,Petroleum coke,952.5347549999999,Thousand Metric Tonnes (TMT),PPAC,1777985064_PT_Consumption_English.xls,2012-13,19,2026-08-21T15:32:18.515422+00:00,1.0
2012-09-01,2012,2012-13,September,Petroleum coke,784.8536409999998,Thousand Metric Tonnes (TMT),PPAC,1777985064_PT_Consumption_English.xls,2012-13,19,2026-08-21T15:32:18.515422+00:00,1.0
2012-10-01,2012,2012-13,October,Petroleum coke,869.5041399999997,Thousand Metric Tonnes (TMT),PPAC,1777985064_PT_Consumption_English.xls,2012-13,19,2026-08-21T15:32:18.515422+00:00,1.0
2012-11-01,2012,2012-13,November,Petroleum coke,809.3144219999997,Thousand Metric Tonnes (TMT),PPAC,1777985064_PT_Consumption_English.xls,2012-13,19,2026-08-21T15:32:18.515422+00:00,1.0
2012-12-01,2012,2012-13,December,Petroleum coke,944.5727999999999,Thousand Metric Tonnes (TMT),PPAC,1777985064_PT_Consumption_English.xls,2012-13,19,2026-08-21T15:32:18.515422+00:00,1.0
2013-01-01,2013,2012-13,January,Petroleum coke,1004.8129909999996,Thousand Metric Tonnes (TMT),PPAC,1777985064_PT_Consumption_English.xls,2012-13,19,2026-08-21T15:32:18.515422+00:00,1.0
2013-02-01,2013,2012-13,February,Petroleum coke,865.646617,Thousand Metric Tonnes (TMT),PPAC,1777985064_PT_Consumption_English.xls,2012-13,19,2026-08-21T15:32:18.515422+00:00,1.0
2013-03-01,2013,2012-13,March,Petroleum coke,828.204865,Thousand Metric Tonnes (TMT),PPAC,1777985064_PT_Consumption_English.xls,2012-13,19,2026-08-21T15:32:18.515422+00:00,1.0
2012-04-01,2012,2012-13,April,Others,393.0418279999998,Thousand Metric Tonnes (TMT),PPAC,1777985064_PT_Consumption_English.xls,2012-13,20,2026-08-21T15:32:18.515422+00:00,1.0
2012-05-01,2012,2012-13,May,Others,471.9281289999999,Thousand Metric Tonnes (TMT),PPAC,1777985064_PT_Consumption_English.xls,2012-13,20,2026-08-21T15:32:18.515422+00:00,1.0
2012-06-01,2012,2012-13,June,Others,433.3593519999996,Thousand Metric Tonnes (TMT),PPAC,1777985064_PT_Consumption_English.xls,2012-13,20,2026-08-21T15:32:18.515422+00:00,1.0
2012-07-01,2012,2012-13,July,Others,486.92082800000014,Thousand Metric Tonnes (TMT),PPAC,1777985064_PT_Consumption_English.xls,2012-13,20,2026-08-21T15:32:18.515422+00:00,1.0
2012-08-01,2012,2012-13,August,Others,487.32343600000047,Thousand Metric Tonnes (TMT),PPAC,1777985064_PT_Consumption_English.xls,2012-13,20,2026-08-21T15:32:18.515422+00:00,1.0
2012-09-01,2012,2012-13,September,Others,431.14929900000067,Thousand Metric Tonnes (TMT),PPAC,1777985064_PT_Consumption_English.xls,2012-13,20,2026-08-21T15:32:18.515422+00:00,1.0
2012-10-01,2012,2012-13,October,Others,439.45142200000123,Thousand Metric Tonnes (TMT),PPAC,1777985064_PT_Consumption_English.xls,2012-13,20,2026-08-21T15:32:18.515422+00:00,1.0
2012-11-01,2012,2012-13,November,Others,500.7084009999995,Thousand Metric Tonnes (TMT),PPAC,1777985064_PT_Consumption_English.xls,2012-13,20,2026-08-21T15:32:18.515422+00:00,1.0
2012-12-01,2012,2012-13,December,Others,421.84941599999985,Thousand Metric Tonnes (TMT),PPAC,1777985064_PT_Consumption_English.xls,2012-13,20,2026-08-21T15:32:18.515422+00:00,1.0
2013-01-01,2013,2012-13,January,Others,490.6206300000013,Thousand Metric Tonnes (TMT),PPAC,1777985064_PT_Consumption_English.xls,2012-13,20,2026-08-21T15:32:18.515422+00:00,1.0
2013-02-01,2013,2012-13,February,Others,405.69469399999997,Thousand Metric Tonnes (TMT),PPAC,1777985064_PT_Consumption_English.xls,2012-13,20,2026-08-21T15:32:18.515422+00:00,1.0
2013-03-01,2013,2012-13,March,Others,545.0210409999999,Thousand Metric Tonnes (TMT),PPAC,1777985064_PT_Consumption_English.xls,2012-13,20,2026-08-21T15:32:18.515422+00:00,1.0
2013-04-01,2013,2013-14,April,LPG,1228.324351000011,Thousand Metric Tonnes (TMT),PPAC,1777985064_PT_Consumption_English.xls,2013-14,9,2026-08-21T15:32:18.523253+00:00,1.0
2013-05-01,2013,2013-14,May,LPG,1246.7653750000027,Thousand Metric Tonnes (TMT),PPAC,1777985064_PT_Consumption_English.xls,2013-14,9,2026-08-21T15:32:18.523253+00:00,1.0
2013-06-01,2013,2013-14,June,LPG,1209.5077810000075,Thousand Metric Tonnes (TMT),PPAC,1777985064_PT_Consumption_English.xls,2013-14,9,2026-08-21T15:32:18.523253+00:00,1.0
2013-07-01,2013,2013-14,July,LPG,1358.519267000007,Thousand Metric Tonnes (TMT),PPAC,1777985064_PT_Consumption_English.xls,2013-14,9,2026-08-21T15:32:18.523253+00:00,1.0
2013-08-01,2013,2013-14,August,LPG,1318.317710000005,Thousand Metric Tonnes (TMT),PPAC,1777985064_PT_Consumption_English.xls,2013-14,9,2026-08-21T15:32:18.523253+00:00,1.0
2013-09-01,2013,2013-14,September,LPG,1338.0928110000136,Thousand Metric Tonnes (TMT),PPAC,1777985064_PT_Consumption_English.xls,2013-14,9,2026-08-21T15:32:18.523253+00:00,1.0
2013-10-01,2013,2013-14,October,LPG,1399.0412229999988,Thousand Metric Tonnes (TMT),PPAC,1777985064_PT_Consumption_English.xls,2013-14,9,2026-08-21T15:32:18.523253+00:00,1.0
2013-11-01,2013,2013-14,November,LPG,1377.692773,Thousand Metric Tonnes (TMT),PPAC,1777985064_PT_Consumption_English.xls,2013-14,9,2026-08-21T15:32:18.523253+00:00,1.0
2013-12-01,2013,2013-14,December,LPG,1425.597667000002,Thousand Metric Tonnes (TMT),PPAC,1777985064_PT_Consumption_English.xls,2013-14,9,2026-08-21T15:32:18.523253+00:00,1.0
2014-01-01,2014,2013-14,January,LPG,1466.3568880000037,Thousand Metric Tonnes (TMT),PPAC,1777985064_PT_Consumption_English.xls,2013-14,9,2026-08-21T15:32:18.523253+00:00,1.0
2014-02-01,2014,2013-14,February,LPG,1392.3494430000017,Thousand Metric Tonnes (TMT),PPAC,1777985064_PT_Consumption_English.xls,2013-14,9,2026-08-21T15:32:18.523253+00:00,1.0
2014-03-01,2014,2013-14,March,LPG,1533.0835370000145,Thousand Metric Tonnes (TMT),PPAC,1777985064_PT_Consumption_English.xls,2013-14,9,2026-08-21T15:32:18.523253+00:00,1.0
2013-04-01,2013,2013-14,April,Naphtha,923.27369,Thousand Metric Tonnes (TMT),PPAC,1777985064_PT_Consumption_English.xls,2013-14,10,2026-08-21T15:32:18.523253+00:00,1.0
2013-05-01,2013,2013-14,May,Naphtha,870.9844700000003,Thousand Metric Tonnes (TMT),PPAC,1777985064_PT_Consumption_English.xls,2013-14,10,2026-08-21T15:32:18.523253+00:00,1.0
2013-06-01,2013,2013-14,June,Naphtha,921.8780200000003,Thousand Metric Tonnes (TMT),PPAC,1777985064_PT_Consumption_English.xls,2013-14,10,2026-08-21T15:32:18.523253+00:00,1.0
2013-07-01,2013,2013-14,July,Naphtha,952.4090500000001,Thousand Metric Tonnes (TMT),PPAC,1777985064_PT_Consumption_English.xls,2013-14,10,2026-08-21T15:32:18.523253+00:00,1.0
2013-08-01,2013,2013-14,August,Naphtha,1003.1983000000002,Thousand Metric Tonnes (TMT),PPAC,1777985064_PT_Consumption_English.xls,2013-14,10,2026-08-21T15:32:18.523253+00:00,1.0
2013-09-01,2013,2013-14,September,Naphtha,925.3842300000001,Thousand Metric Tonnes (TMT),PPAC,1777985064_PT_Consumption_English.xls,2013-14,10,2026-08-21T15:32:18.523253+00:00,1.0
2013-10-01,2013,2013-14,October,Naphtha,891.87326,Thousand Metric Tonnes (TMT),PPAC,1777985064_PT_Consumption_English.xls,2013-14,10,2026-08-21T15:32:18.523253+00:00,1.0
2013-11-01,2013,2013-14,November,Naphtha,957.45278,Thousand Metric Tonnes (TMT),PPAC,1777985064_PT_Consumption_English.xls,2013-14,10,2026-08-21T15:32:18.523253+00:00,1.0
2013-12-01,2013,2013-14,December,Naphtha,933.0333299999999,Thousand Metric Tonnes (TMT),PPAC,1777985064_PT_Consumption_English.xls,2013-14,10,2026-08-21T15:32:18.523253+00:00,1.0
2014-01-01,2014,2013-14,January,Naphtha,990.17824,Thousand Metric Tonnes (TMT),PPAC,1777985064_PT_Consumption_English.xls,2013-14,10,2026-08-21T15:32:18.523253+00:00,1.0
2014-02-01,2014,2013-14,February,Naphtha,957.3835100000002,Thousand Metric Tonnes (TMT),PPAC,1777985064_PT_Consumption_English.xls,2013-14,10,2026-08-21T15:32:18.523253+00:00,1.0
2014-03-01,2014,2013-14,March,Naphtha,978.1537699999999,Thousand Metric Tonnes (TMT),PPAC,1777985064_PT_Consumption_English.xls,2013-14,10,2026-08-21T15:32:18.523253+00:00,1.0
2013-04-01,2013,2013-14,April,MS,1269.999270000004,Thousand Metric Tonnes (TMT),PPAC,1777985064_PT_Consumption_English.xls,2013-14,11,2026-08-21T15:32:18.523253+00:00,1.0
2013-05-01,2013,2013-14,May,MS,1695.7395199999944,Thousand Metric Tonnes (TMT),PPAC,1777985064_PT_Consumption_English.xls,2013-14,11,2026-08-21T15:32:18.523253+00:00,1.0
2013-06-01,2013,2013-14,June,MS,1414.9134300000003,Thousand Metric Tonnes (TMT),PPAC,1777985064_PT_Consumption_English.xls,2013-14,11,2026-08-21T15:32:18.523253+00:00,1.0
2013-07-01,2013,2013-14,July,MS,1405.8904299999983,Thousand Metric Tonnes (TMT),PPAC,1777985064_PT_Consumption_English.xls,2013-14,11,2026-08-21T15:32:18.523253+00:00,1.0
2013-08-01,2013,2013-14,August,MS,1483.1632899999972,Thousand Metric Tonnes (TMT),PPAC,1777985064_PT_Consumption_English.xls,2013-14,11,2026-08-21T15:32:18.523253+00:00,1.0
2013-09-01,2013,2013-14,September,MS,1232.088200000002,Thousand Metric Tonnes (TMT),PPAC,1777985064_PT_Consumption_English.xls,2013-14,11,2026-08-21T15:32:18.523253+00:00,1.0
2013-10-01,2013,2013-14,October,MS,1461.6802699999957,Thousand Metric Tonnes (TMT),PPAC,1777985064_PT_Consumption_English.xls,2013-14,11,2026-08-21T15:32:18.523253+00:00,1.0
2013-11-01,2013,2013-14,November,MS,1459.9316800000013,Thousand Metric Tonnes (TMT),PPAC,1777985064_PT_Consumption_English.xls,2013-14,11,2026-08-21T15:32:18.523253+00:00,1.0
2013-12-01,2013,2013-14,December,MS,1453.681019999992,Thousand Metric Tonnes (TMT),PPAC,1777985064_PT_Consumption_English.xls,2013-14,11,2026-08-21T15:32:18.523253+00:00,1.0
2014-01-01,2014,2013-14,January,MS,1383.7057200000017,Thousand Metric Tonnes (TMT),PPAC,1777985064_PT_Consumption_English.xls,2013-14,11,2026-08-21T15:32:18.523253+00:00,1.0
2014-02-01,2014,2013-14,February,MS,1378.8698199999922,Thousand Metric Tonnes (TMT),PPAC,1777985064_PT_Consumption_English.xls,2013-14,11,2026-08-21T15:32:18.523253+00:00,1.0
2014-03-01,2014,2013-14,March,MS,1488.593259999999,Thousand Metric Tonnes (TMT),PPAC,1777985064_PT_Consumption_English.xls,2013-14,11,2026-08-21T15:32:18.523253+00:00,1.0
2013-04-01,2013,2013-14,April,ATF,451.62602000000004,Thousand Metric Tonnes (TMT),PPAC,1777985064_PT_Consumption_English.xls,2013-14,12,2026-08-21T15:32:18.523253+00:00,1.0
2013-05-01,2013,2013-14,May,ATF,460.75115000000034,Thousand Metric Tonnes (TMT),PPAC,1777985064_PT_Consumption_English.xls,2013-14,12,2026-08-21T15:32:18.523253+00:00,1.0
2013-06-01,2013,2013-14,June,ATF,439.28239000000025,Thousand Metric Tonnes (TMT),PPAC,1777985064_PT_Consumption_English.xls,2013-14,12,2026-08-21T15:32:18.523253+00:00,1.0
2013-07-01,2013,2013-14,July,ATF,439.5924000000001,Thousand Metric Tonnes (TMT),PPAC,1777985064_PT_Consumption_English.xls,2013-14,12,2026-08-21T15:32:18.523253+00:00,1.0
2013-08-01,2013,2013-14,August,ATF,439.9006700000003,Thousand Metric Tonnes (TMT),PPAC,1777985064_PT_Consumption_English.xls,2013-14,12,2026-08-21T15:32:18.523253+00:00,1.0
2013-09-01,2013,2013-14,September,ATF,442.1091000000002,Thousand Metric Tonnes (TMT),PPAC,1777985064_PT_Consumption_English.xls,2013-14,12,2026-08-21T15:32:18.523253+00:00,1.0
2013-10-01,2013,2013-14,October,ATF,464.6789299999999,Thousand Metric Tonnes (TMT),PPAC,1777985064_PT_Consumption_English.xls,2013-14,12,2026-08-21T15:32:18.523253+00:00,1.0
2013-11-01,2013,2013-14,November,ATF,470.49349000000007,Thousand Metric Tonnes (TMT),PPAC,1777985064_PT_Consumption_English.xls,2013-14,12,2026-08-21T15:32:18.523253+00:00,1.0
2013-12-01,2013,2013-14,December,ATF,473.56399,Thousand Metric Tonnes (TMT),PPAC,1777985064_PT_Consumption_English.xls,2013-14,12,2026-08-21T15:32:18.523253+00:00,1.0
2014-01-01,2014,2013-14,January,ATF,483.33019000000047,Thousand Metric Tonnes (TMT),PPAC,1777985064_PT_Consumption_English.xls,2013-14,12,2026-08-21T15:32:18.523253+00:00,1.0
2014-02-01,2014,2013-14,February,ATF,447.0222500000002,Thousand Metric Tonnes (TMT),PPAC,1777985064_PT_Consumption_English.xls,2013-14,12,2026-08-21T15:32:18.523253+00:00,1.0
2014-03-01,2014,2013-14,March,ATF,494.3886299999997,Thousand Metric Tonnes (TMT),PPAC,1777985064_PT_Consumption_English.xls,2013-14,12,2026-08-21T15:32:18.523253+00:00,1.0
2013-04-01,2013,2013-14,April,SKO,593.33518,Thousand Metric Tonnes (TMT),PPAC,1777985064_PT_Consumption_English.xls,2013-14,13,2026-08-21T15:32:18.523253+00:00,1.0
2013-05-01,2013,2013-14,May,SKO,610.4067399999996,Thousand Metric Tonnes (TMT),PPAC,1777985064_PT_Consumption_English.xls,2013-14,13,2026-08-21T15:32:18.523253+00:00,1.0
2013-06-01,2013,2013-14,June,SKO,593.8772099999998,Thousand Metric Tonnes (TMT),PPAC,1777985064_PT_Consumption_English.xls,2013-14,13,2026-08-21T15:32:18.523253+00:00,1.0
2013-07-01,2013,2013-14,July,SKO,603.0936900000006,Thousand Metric Tonnes (TMT),PPAC,1777985064_PT_Consumption_English.xls,2013-14,13,2026-08-21T15:32:18.523253+00:00,1.0
2013-08-01,2013,2013-14,August,SKO,600.5905800000018,Thousand Metric Tonnes (TMT),PPAC,1777985064_PT_Consumption_English.xls,2013-14,13,2026-08-21T15:32:18.523253+00:00,1.0
2013-09-01,2013,2013-14,September,SKO,579.575719999999,Thousand Metric Tonnes (TMT),PPAC,1777985064_PT_Consumption_English.xls,2013-14,13,2026-08-21T15:32:18.523253+00:00,1.0
2013-10-01,2013,2013-14,October,SKO,608.6546199999993,Thousand Metric Tonnes (TMT),PPAC,1777985064_PT_Consumption_English.xls,2013-14,13,2026-08-21T15:32:18.523253+00:00,1.0
2013-11-01,2013,2013-14,November,SKO,597.1267500000015,Thousand Metric Tonnes (TMT),PPAC,1777985064_PT_Consumption_English.xls,2013-14,13,2026-08-21T15:32:18.523253+00:00,1.0
2013-12-01,2013,2013-14,December,SKO,591.9090699999991,Thousand Metric Tonnes (TMT),PPAC,1777985064_PT_Consumption_English.xls,2013-14,13,2026-08-21T15:32:18.523253+00:00,1.0
2014-01-01,2014,2013-14,January,SKO,604.1735900000001,Thousand Metric Tonnes (TMT),PPAC,1777985064_PT_Consumption_English.xls,2013-14,13,2026-08-21T15:32:18.523253+00:00,1.0
2014-02-01,2014,2013-14,February,SKO,588.7975599999999,Thousand Metric Tonnes (TMT),PPAC,1777985064_PT_Consumption_English.xls,2013-14,13,2026-08-21T15:32:18.523253+00:00,1.0
2014-03-01,2014,2013-14,March,SKO,593.2293299999995,Thousand Metric Tonnes (TMT),PPAC,1777985064_PT_Consumption_English.xls,2013-14,13,2026-08-21T15:32:18.523253+00:00,1.0
2013-04-01,2013,2013-14,April,HSD,6154.631750000034,Thousand Metric Tonnes (TMT),PPAC,1777985064_PT_Consumption_English.xls,2013-14,14,2026-08-21T15:32:18.523253+00:00,1.0
2013-05-01,2013,2013-14,May,HSD,6393.91109000014,Thousand Metric Tonnes (TMT),PPAC,1777985064_PT_Consumption_English.xls,2013-14,14,2026-08-21T15:32:18.523253+00:00,1.0
2013-06-01,2013,2013-14,June,HSD,5942.958270000129,Thousand Metric Tonnes (TMT),PPAC,1777985064_PT_Consumption_English.xls,2013-14,14,2026-08-21T15:32:18.523253+00:00,1.0
2013-07-01,2013,2013-14,July,HSD,5399.917490000117,Thousand Metric Tonnes (TMT),PPAC,1777985064_PT_Consumption_English.xls,2013-14,14,2026-08-21T15:32:18.523253+00:00,1.0
2013-08-01,2013,2013-14,August,HSD,5047.776840000046,Thousand Metric Tonnes (TMT),PPAC,1777985064_PT_Consumption_English.xls,2013-14,14,2026-08-21T15:32:18.523253+00:00,1.0
2013-09-01,2013,2013-14,September,HSD,4908.370990000045,Thousand Metric Tonnes (TMT),PPAC,1777985064_PT_Consumption_English.xls,2013-14,14,2026-08-21T15:32:18.523253+00:00,1.0
2013-10-01,2013,2013-14,October,HSD,5615.137550000096,Thousand Metric Tonnes (TMT),PPAC,1777985064_PT_Consumption_English.xls,2013-14,14,2026-08-21T15:32:18.523253+00:00,1.0
2013-11-01,2013,2013-14,November,HSD,5826.225490000059,Thousand Metric Tonnes (TMT),PPAC,1777985064_PT_Consumption_English.xls,2013-14,14,2026-08-21T15:32:18.523253+00:00,1.0
2013-12-01,2013,2013-14,December,HSD,5972.538370000067,Thousand Metric Tonnes (TMT),PPAC,1777985064_PT_Consumption_English.xls,2013-14,14,2026-08-21T15:32:18.523253+00:00,1.0
2014-01-01,2014,2013-14,January,HSD,5639.176140000107,Thousand Metric Tonnes (TMT),PPAC,1777985064_PT_Consumption_English.xls,2013-14,14,2026-08-21T15:32:18.523253+00:00,1.0
2014-02-01,2014,2013-14,February,HSD,5380.2192900000555,Thousand Metric Tonnes (TMT),PPAC,1777985064_PT_Consumption_English.xls,2013-14,14,2026-08-21T15:32:18.523253+00:00,1.0
2014-03-01,2014,2013-14,March,HSD,6083.060440000098,Thousand Metric Tonnes (TMT),PPAC,1777985064_PT_Consumption_English.xls,2013-14,14,2026-08-21T15:32:18.523253+00:00,1.0
2013-04-01,2013,2013-14,April,LDO,26.75146000000001,Thousand Metric Tonnes (TMT),PPAC,1777985064_PT_Consumption_English.xls,2013-14,15,2026-08-21T15:32:18.523253+00:00,1.0
2013-05-01,2013,2013-14,May,LDO,34.81755,Thousand Metric Tonnes (TMT),PPAC,1777985064_PT_Consumption_English.xls,2013-14,15,2026-08-21T15:32:18.523253+00:00,1.0
2013-06-01,2013,2013-14,June,LDO,40.58369999999995,Thousand Metric Tonnes (TMT),PPAC,1777985064_PT_Consumption_English.xls,2013-14,15,2026-08-21T15:32:18.523253+00:00,1.0
2013-07-01,2013,2013-14,July,LDO,30.15199,Thousand Metric Tonnes (TMT),PPAC,1777985064_PT_Consumption_English.xls,2013-14,15,2026-08-21T15:32:18.523253+00:00,1.0
2013-08-01,2013,2013-14,August,LDO,38.57833000000002,Thousand Metric Tonnes (TMT),PPAC,1777985064_PT_Consumption_English.xls,2013-14,15,2026-08-21T15:32:18.523253+00:00,1.0
2013-09-01,2013,2013-14,September,LDO,28.32768000000002,Thousand Metric Tonnes (TMT),PPAC,1777985064_PT_Consumption_English.xls,2013-14,15,2026-08-21T15:32:18.523253+00:00,1.0
2013-10-01,2013,2013-14,October,LDO,31.166500000000017,Thousand Metric Tonnes (TMT),PPAC,1777985064_PT_Consumption_English.xls,2013-14,15,2026-08-21T15:32:18.523253+00:00,1.0
2013-11-01,2013,2013-14,November,LDO,27.115600000000004,Thousand Metric Tonnes (TMT),PPAC,1777985064_PT_Consumption_English.xls,2013-14,15,2026-08-21T15:32:18.523253+00:00,1.0
2013-12-01,2013,2013-14,December,LDO,30.42909000000001,Thousand Metric Tonnes (TMT),PPAC,1777985064_PT_Consumption_English.xls,2013-14,15,2026-08-21T15:32:18.523253+00:00,1.0
2014-01-01,2014,2013-14,January,LDO,34.04051,Thousand Metric Tonnes (TMT),PPAC,1777985064_PT_Consumption_English.xls,2013-14,15,2026-08-21T15:32:18.523253+00:00,1.0
2014-02-01,2014,2013-14,February,LDO,20.31216,Thousand Metric Tonnes (TMT),PPAC,1777985064_PT_Consumption_English.xls,2013-14,15,2026-08-21T15:32:18.523253+00:00,1.0
2014-03-01,2014,2013-14,March,LDO,44.04197,Thousand Metric Tonnes (TMT),PPAC,1777985064_PT_Consumption_English.xls,2013-14,15,2026-08-21T15:32:18.523253+00:00,1.0
2013-04-01,2013,2013-14,April,Lubricants & Greases,220.1360100000007,Thousand Metric Tonnes (TMT),PPAC,1777985064_PT_Consumption_English.xls,2013-14,16,2026-08-21T15:32:18.523253+00:00,1.0
2013-05-01,2013,2013-14,May,Lubricants & Greases,315.03797000000503,Thousand Metric Tonnes (TMT),PPAC,1777985064_PT_Consumption_English.xls,2013-14,16,2026-08-21T15:32:18.523253+00:00,1.0
2013-06-01,2013,2013-14,June,Lubricants & Greases,254.28828500000398,Thousand Metric Tonnes (TMT),PPAC,1777985064_PT_Consumption_English.xls,2013-14,16,2026-08-21T15:32:18.523253+00:00,1.0
2013-07-01,2013,2013-14,July,Lubricants & Greases,293.232730000006,Thousand Metric Tonnes (TMT),PPAC,1777985064_PT_Consumption_English.xls,2013-14,16,2026-08-21T15:32:18.523253+00:00,1.0
2013-08-01,2013,2013-14,August,Lubricants & Greases,263.5544100000041,Thousand Metric Tonnes (TMT),PPAC,1777985064_PT_Consumption_English.xls,2013-14,16,2026-08-21T15:32:18.523253+00:00,1.0
2013-09-01,2013,2013-14,September,Lubricants & Greases,194.6955700000046,Thousand Metric Tonnes (TMT),PPAC,1777985064_PT_Consumption_English.xls,2013-14,16,2026-08-21T15:32:18.523253+00:00,1.0
2013-10-01,2013,2013-14,October,Lubricants & Greases,274.6705600000044,Thousand Metric Tonnes (TMT),PPAC,1777985064_PT_Consumption_English.xls,2013-14,16,2026-08-21T15:32:18.523253+00:00,1.0
2013-11-01,2013,2013-14,November,Lubricants & Greases,206.2701300000025,Thousand Metric Tonnes (TMT),PPAC,1777985064_PT_Consumption_English.xls,2013-14,16,2026-08-21T15:32:18.523253+00:00,1.0
2013-12-01,2013,2013-14,December,Lubricants & Greases,325.04965000000453,Thousand Metric Tonnes (TMT),PPAC,1777985064_PT_Consumption_English.xls,2013-14,16,2026-08-21T15:32:18.523253+00:00,1.0
2014-01-01,2014,2013-14,January,Lubricants & Greases,367.37881000000453,Thousand Metric Tonnes (TMT),PPAC,1777985064_PT_Consumption_English.xls,2013-14,16,2026-08-21T15:32:18.523253+00:00,1.0
2014-02-01,2014,2013-14,February,Lubricants & Greases,284.17271000000443,Thousand Metric Tonnes (TMT),PPAC,1777985064_PT_Consumption_English.xls,2013-14,16,2026-08-21T15:32:18.523253+00:00,1.0
2014-03-01,2014,2013-14,March,Lubricants & Greases,306.81860000000995,Thousand Metric Tonnes (TMT),PPAC,1777985064_PT_Consumption_English.xls,2013-14,16,2026-08-21T15:32:18.523253+00:00,1.0
2013-04-01,2013,2013-14,April,FO & LSHS,532.4504300000003,Thousand Metric Tonnes (TMT),PPAC,1777985064_PT_Consumption_English.xls,2013-14,17,2026-08-21T15:32:18.523253+00:00,1.0
2013-05-01,2013,2013-14,May,FO & LSHS,529.7640600000005,Thousand Metric Tonnes (TMT),PPAC,1777985064_PT_Consumption_English.xls,2013-14,17,2026-08-21T15:32:18.523253+00:00,1.0
2013-06-01,2013,2013-14,June,FO & LSHS,482.52919999999983,Thousand Metric Tonnes (TMT),PPAC,1777985064_PT_Consumption_English.xls,2013-14,17,2026-08-21T15:32:18.523253+00:00,1.0
2013-07-01,2013,2013-14,July,FO & LSHS,606.2235299999999,Thousand Metric Tonnes (TMT),PPAC,1777985064_PT_Consumption_English.xls,2013-14,17,2026-08-21T15:32:18.523253+00:00,1.0
2013-08-01,2013,2013-14,August,FO & LSHS,580.7811600000001,Thousand Metric Tonnes (TMT),PPAC,1777985064_PT_Consumption_English.xls,2013-14,17,2026-08-21T15:32:18.523253+00:00,1.0
2013-09-01,2013,2013-14,September,FO & LSHS,459.3683800000005,Thousand Metric Tonnes (TMT),PPAC,1777985064_PT_Consumption_English.xls,2013-14,17,2026-08-21T15:32:18.523253+00:00,1.0
2013-10-01,2013,2013-14,October,FO & LSHS,560.1879199999998,Thousand Metric Tonnes (TMT),PPAC,1777985064_PT_Consumption_English.xls,2013-14,17,2026-08-21T15:32:18.523253+00:00,1.0
2013-11-01,2013,2013-14,November,FO & LSHS,479.3530499999999,Thousand Metric Tonnes (TMT),PPAC,1777985064_PT_Consumption_English.xls,2013-14,17,2026-08-21T15:32:18.523253+00:00,1.0
2013-12-01,2013,2013-14,December,FO & LSHS,522.0748400000004,Thousand Metric Tonnes (TMT),PPAC,1777985064_PT_Consumption_English.xls,2013-14,17,2026-08-21T15:32:18.523253+00:00,1.0
2014-01-01,2014,2013-14,January,FO & LSHS,490.6070600000002,Thousand Metric Tonnes (TMT),PPAC,1777985064_PT_Consumption_English.xls,2013-14,17,2026-08-21T15:32:18.523253+00:00,1.0
2014-02-01,2014,2013-14,February,FO & LSHS,417.1228099999998,Thousand Metric Tonnes (TMT),PPAC,1777985064_PT_Consumption_English.xls,2013-14,17,2026-08-21T15:32:18.523253+00:00,1.0
2014-03-01,2014,2013-14,March,FO & LSHS,575.2098600000007,Thousand Metric Tonnes (TMT),PPAC,1777985064_PT_Consumption_English.xls,2013-14,17,2026-08-21T15:32:18.523253+00:00,1.0
2013-04-01,2013,2013-14,April,Bitumen,557.0386699999996,Thousand Metric Tonnes (TMT),PPAC,1777985064_PT_Consumption_English.xls,2013-14,18,2026-08-21T15:32:18.523253+00:00,1.0
2013-05-01,2013,2013-14,May,Bitumen,594.4246999999983,Thousand Metric Tonnes (TMT),PPAC,1777985064_PT_Consumption_English.xls,2013-14,18,2026-08-21T15:32:18.523253+00:00,1.0
2013-06-01,2013,2013-14,June,Bitumen,363.893769999999,Thousand Metric Tonnes (TMT),PPAC,1777985064_PT_Consumption_English.xls,2013-14,18,2026-08-21T15:32:18.523253+00:00,1.0
2013-07-01,2013,2013-14,July,Bitumen,186.98825199999993,Thousand Metric Tonnes (TMT),PPAC,1777985064_PT_Consumption_English.xls,2013-14,18,2026-08-21T15:32:18.523253+00:00,1.0
2013-08-01,2013,2013-14,August,Bitumen,141.30540800000006,Thousand Metric Tonnes (TMT),PPAC,1777985064_PT_Consumption_English.xls,2013-14,18,2026-08-21T15:32:18.523253+00:00,1.0
2013-09-01,2013,2013-14,September,Bitumen,218.73831699999965,Thousand Metric Tonnes (TMT),PPAC,1777985064_PT_Consumption_English.xls,2013-14,18,2026-08-21T15:32:18.523253+00:00,1.0
2013-10-01,2013,2013-14,October,Bitumen,344.0570099999997,Thousand Metric Tonnes (TMT),PPAC,1777985064_PT_Consumption_English.xls,2013-14,18,2026-08-21T15:32:18.523253+00:00,1.0
2013-11-01,2013,2013-14,November,Bitumen,409.48882999999995,Thousand Metric Tonnes (TMT),PPAC,1777985064_PT_Consumption_English.xls,2013-14,18,2026-08-21T15:32:18.523253+00:00,1.0
2013-12-01,2013,2013-14,December,Bitumen,530.4202259999993,Thousand Metric Tonnes (TMT),PPAC,1777985064_PT_Consumption_English.xls,2013-14,18,2026-08-21T15:32:18.523253+00:00,1.0
2014-01-01,2014,2013-14,January,Bitumen,457.8372699999999,Thousand Metric Tonnes (TMT),PPAC,1777985064_PT_Consumption_English.xls,2013-14,18,2026-08-21T15:32:18.523253+00:00,1.0
2014-02-01,2014,2013-14,February,Bitumen,542.0176899999982,Thousand Metric Tonnes (TMT),PPAC,1777985064_PT_Consumption_English.xls,2013-14,18,2026-08-21T15:32:18.523253+00:00,1.0
2014-03-01,2014,2013-14,March,Bitumen,660.7474069999977,Thousand Metric Tonnes (TMT),PPAC,1777985064_PT_Consumption_English.xls,2013-14,18,2026-08-21T15:32:18.523253+00:00,1.0
2013-04-01,2013,2013-14,April,Petroleum coke,759.6558800000001,Thousand Metric Tonnes (TMT),PPAC,1777985064_PT_Consumption_English.xls,2013-14,19,2026-08-21T15:32:18.523253+00:00,1.0
2013-05-01,2013,2013-14,May,Petroleum coke,1020.7635150000001,Thousand Metric Tonnes (TMT),PPAC,1777985064_PT_Consumption_English.xls,2013-14,19,2026-08-21T15:32:18.523253+00:00,1.0
2013-06-01,2013,2013-14,June,Petroleum coke,818.4343620000011,Thousand Metric Tonnes (TMT),PPAC,1777985064_PT_Consumption_English.xls,2013-14,19,2026-08-21T15:32:18.523253+00:00,1.0
2013-07-01,2013,2013-14,July,Petroleum coke,1070.6814700000002,Thousand Metric Tonnes (TMT),PPAC,1777985064_PT_Consumption_English.xls,2013-14,19,2026-08-21T15:32:18.523253+00:00,1.0
2013-08-01,2013,2013-14,August,Petroleum coke,993.1812999999999,Thousand Metric Tonnes (TMT),PPAC,1777985064_PT_Consumption_English.xls,2013-14,19,2026-08-21T15:32:18.523253+00:00,1.0
2013-09-01,2013,2013-14,September,Petroleum coke,1054.0079600000001,Thousand Metric Tonnes (TMT),PPAC,1777985064_PT_Consumption_English.xls,2013-14,19,2026-08-21T15:32:18.523253+00:00,1.0
2013-10-01,2013,2013-14,October,Petroleum coke,1105.0166400000005,Thousand Metric Tonnes (TMT),PPAC,1777985064_PT_Consumption_English.xls,2013-14,19,2026-08-21T15:32:18.523253+00:00,1.0
2013-11-01,2013,2013-14,November,Petroleum coke,875.571867000001,Thousand Metric Tonnes (TMT),PPAC,1777985064_PT_Consumption_English.xls,2013-14,19,2026-08-21T15:32:18.523253+00:00,1.0
2013-12-01,2013,2013-14,December,Petroleum coke,889.3607199999994,Thousand Metric Tonnes (TMT),PPAC,1777985064_PT_Consumption_English.xls,2013-14,19,2026-08-21T15:32:18.523253+00:00,1.0
2014-01-01,2014,2013-14,January,Petroleum coke,1075.1471940000001,Thousand Metric Tonnes (TMT),PPAC,1777985064_PT_Consumption_English.xls,2013-14,19,2026-08-21T15:32:18.523253+00:00,1.0
2014-02-01,2014,2013-14,February,Petroleum coke,1020.8612999999996,Thousand Metric Tonnes (TMT),PPAC,1777985064_PT_Consumption_English.xls,2013-14,19,2026-08-21T15:32:18.523253+00:00,1.0
2014-03-01,2014,2013-14,March,Petroleum coke,1073.095669999999,Thousand Metric Tonnes (TMT),PPAC,1777985064_PT_Consumption_English.xls,2013-14,19,2026-08-21T15:32:18.523253+00:00,1.0
2013-04-01,2013,2013-14,April,Others,470.2358420000003,Thousand Metric Tonnes (TMT),PPAC,1777985064_PT_Consumption_English.xls,2013-14,20,2026-08-21T15:32:18.523253+00:00,1.0
2013-05-01,2013,2013-14,May,Others,464.8822480000001,Thousand Metric Tonnes (TMT),PPAC,1777985064_PT_Consumption_English.xls,2013-14,20,2026-08-21T15:32:18.523253+00:00,1.0
2013-06-01,2013,2013-14,June,Others,531.5677950000011,Thousand Metric Tonnes (TMT),PPAC,1777985064_PT_Consumption_English.xls,2013-14,20,2026-08-21T15:32:18.523253+00:00,1.0
2013-07-01,2013,2013-14,July,Others,513.9361730000014,Thousand Metric Tonnes (TMT),PPAC,1777985064_PT_Consumption_English.xls,2013-14,20,2026-08-21T15:32:18.523253+00:00,1.0
2013-08-01,2013,2013-14,August,Others,536.6143860000008,Thousand Metric Tonnes (TMT),PPAC,1777985064_PT_Consumption_English.xls,2013-14,20,2026-08-21T15:32:18.523253+00:00,1.0
2013-09-01,2013,2013-14,September,Others,561.3079400000005,Thousand Metric Tonnes (TMT),PPAC,1777985064_PT_Consumption_English.xls,2013-14,20,2026-08-21T15:32:18.523253+00:00,1.0
2013-10-01,2013,2013-14,October,Others,465.0635200000015,Thousand Metric Tonnes (TMT),PPAC,1777985064_PT_Consumption_English.xls,2013-14,20,2026-08-21T15:32:18.523253+00:00,1.0
2013-11-01,2013,2013-14,November,Others,566.6772500000028,Thousand Metric Tonnes (TMT),PPAC,1777985064_PT_Consumption_English.xls,2013-14,20,2026-08-21T15:32:18.523253+00:00,1.0
2013-12-01,2013,2013-14,December,Others,444.0606700000015,Thousand Metric Tonnes (TMT),PPAC,1777985064_PT_Consumption_English.xls,2013-14,20,2026-08-21T15:32:18.523253+00:00,1.0
2014-01-01,2014,2013-14,January,Others,530.9879790000003,Thousand Metric Tonnes (TMT),PPAC,1777985064_PT_Consumption_English.xls,2013-14,20,2026-08-21T15:32:18.523253+00:00,1.0
2014-02-01,2014,2013-14,February,Others,408.792488,Thousand Metric Tonnes (TMT),PPAC,1777985064_PT_Consumption_English.xls,2013-14,20,2026-08-21T15:32:18.523253+00:00,1.0
2014-03-01,2014,2013-14,March,Others,460.1571800000003,Thousand Metric Tonnes (TMT),PPAC,1777985064_PT_Consumption_English.xls,2013-14,20,2026-08-21T15:32:18.523253+00:00,1.0
2014-04-01,2014,2014-15,April,LPG,1349.109471000001,Thousand Metric Tonnes (TMT),PPAC,1777985064_PT_Consumption_English.xls,2014-15,9,2026-08-21T15:32:18.531098+00:00,1.0
2014-05-01,2014,2014-15,May,LPG,1422.7500510000036,Thousand Metric Tonnes (TMT),PPAC,1777985064_PT_Consumption_English.xls,2014-15,9,2026-08-21T15:32:18.531098+00:00,1.0
2014-06-01,2014,2014-15,June,LPG,1349.3708890000007,Thousand Metric Tonnes (TMT),PPAC,1777985064_PT_Consumption_English.xls,2014-15,9,2026-08-21T15:32:18.531098+00:00,1.0
2014-07-01,2014,2014-15,July,LPG,1421.9995840000051,Thousand Metric Tonnes (TMT),PPAC,1777985064_PT_Consumption_English.xls,2014-15,9,2026-08-21T15:32:18.531098+00:00,1.0
2014-08-01,2014,2014-15,August,LPG,1435.8845300000073,Thousand Metric Tonnes (TMT),PPAC,1777985064_PT_Consumption_English.xls,2014-15,9,2026-08-21T15:32:18.531098+00:00,1.0
2014-09-01,2014,2014-15,September,LPG,1550.3302400000018,Thousand Metric Tonnes (TMT),PPAC,1777985064_PT_Consumption_English.xls,2014-15,9,2026-08-21T15:32:18.531098+00:00,1.0
2014-10-01,2014,2014-15,October,LPG,1498.9315370000124,Thousand Metric Tonnes (TMT),PPAC,1777985064_PT_Consumption_English.xls,2014-15,9,2026-08-21T15:32:18.531098+00:00,1.0
2014-11-01,2014,2014-15,November,LPG,1573.5399360000029,Thousand Metric Tonnes (TMT),PPAC,1777985064_PT_Consumption_English.xls,2014-15,9,2026-08-21T15:32:18.531098+00:00,1.0
2014-12-01,2014,2014-15,December,LPG,1676.9319610000023,Thousand Metric Tonnes (TMT),PPAC,1777985064_PT_Consumption_English.xls,2014-15,9,2026-08-21T15:32:18.531098+00:00,1.0
2015-01-01,2015,2014-15,January,LPG,1616.8454499999973,Thousand Metric Tonnes (TMT),PPAC,1777985064_PT_Consumption_English.xls,2014-15,9,2026-08-21T15:32:18.531098+00:00,1.0
2015-02-01,2015,2014-15,February,LPG,1496.7286849999978,Thousand Metric Tonnes (TMT),PPAC,1777985064_PT_Consumption_English.xls,2014-15,9,2026-08-21T15:32:18.531098+00:00,1.0
2015-03-01,2015,2014-15,March,LPG,1607.680041000001,Thousand Metric Tonnes (TMT),PPAC,1777985064_PT_Consumption_English.xls,2014-15,9,2026-08-21T15:32:18.531098+00:00,1.0
2014-04-01,2014,2014-15,April,Naphtha,870.53507,Thousand Metric Tonnes (TMT),PPAC,1777985064_PT_Consumption_English.xls,2014-15,10,2026-08-21T15:32:18.531098+00:00,1.0
2014-05-01,2014,2014-15,May,Naphtha,1000.4876,Thousand Metric Tonnes (TMT),PPAC,1777985064_PT_Consumption_English.xls,2014-15,10,2026-08-21T15:32:18.531098+00:00,1.0
2014-06-01,2014,2014-15,June,Naphtha,946.52676,Thousand Metric Tonnes (TMT),PPAC,1777985064_PT_Consumption_English.xls,2014-15,10,2026-08-21T15:32:18.531098+00:00,1.0
2014-07-01,2014,2014-15,July,Naphtha,989.8465999999999,Thousand Metric Tonnes (TMT),PPAC,1777985064_PT_Consumption_English.xls,2014-15,10,2026-08-21T15:32:18.531098+00:00,1.0
2014-08-01,2014,2014-15,August,Naphtha,956.4844500000002,Thousand Metric Tonnes (TMT),PPAC,1777985064_PT_Consumption_English.xls,2014-15,10,2026-08-21T15:32:18.531098+00:00,1.0
2014-09-01,2014,2014-15,September,Naphtha,831.5726599999998,Thousand Metric Tonnes (TMT),PPAC,1777985064_PT_Consumption_English.xls,2014-15,10,2026-08-21T15:32:18.531098+00:00,1.0
2014-10-01,2014,2014-15,October,Naphtha,796.8790900000001,Thousand Metric Tonnes (TMT),PPAC,1777985064_PT_Consumption_English.xls,2014-15,10,2026-08-21T15:32:18.531098+00:00,1.0
2014-11-01,2014,2014-15,November,Naphtha,751.88347,Thousand Metric Tonnes (TMT),PPAC,1777985064_PT_Consumption_English.xls,2014-15,10,2026-08-21T15:32:18.531098+00:00,1.0
2014-12-01,2014,2014-15,December,Naphtha,894.70992,Thousand Metric Tonnes (TMT),PPAC,1777985064_PT_Consumption_English.xls,2014-15,10,2026-08-21T15:32:18.531098+00:00,1.0
2015-01-01,2015,2014-15,January,Naphtha,895.8641099999999,Thousand Metric Tonnes (TMT),PPAC,1777985064_PT_Consumption_English.xls,2014-15,10,2026-08-21T15:32:18.531098+00:00,1.0
2015-02-01,2015,2014-15,February,Naphtha,971.7213100000001,Thousand Metric Tonnes (TMT),PPAC,1777985064_PT_Consumption_English.xls,2014-15,10,2026-08-21T15:32:18.531098+00:00,1.0
2015-03-01,2015,2014-15,March,Naphtha,1175.51767,Thousand Metric Tonnes (TMT),PPAC,1777985064_PT_Consumption_English.xls,2014-15,10,2026-08-21T15:32:18.531098+00:00,1.0
2014-04-01,2014,2014-15,April,MS,1502.22073,Thousand Metric Tonnes (TMT),PPAC,1777985064_PT_Consumption_English.xls,2014-15,11,2026-08-21T15:32:18.531098+00:00,1.0
2014-05-01,2014,2014-15,May,MS,1683.3973999999953,Thousand Metric Tonnes (TMT),PPAC,1777985064_PT_Consumption_English.xls,2014-15,11,2026-08-21T15:32:18.531098+00:00,1.0
2014-06-01,2014,2014-15,June,MS,1610.654210000001,Thousand Metric Tonnes (TMT),PPAC,1777985064_PT_Consumption_English.xls,2014-15,11,2026-08-21T15:32:18.531098+00:00,1.0
2014-07-01,2014,2014-15,July,MS,1480.5357000000029,Thousand Metric Tonnes (TMT),PPAC,1777985064_PT_Consumption_English.xls,2014-15,11,2026-08-21T15:32:18.531098+00:00,1.0
2014-08-01,2014,2014-15,August,MS,1598.67359,Thousand Metric Tonnes (TMT),PPAC,1777985064_PT_Consumption_English.xls,2014-15,11,2026-08-21T15:32:18.531098+00:00,1.0
2014-09-01,2014,2014-15,September,MS,1498.564940000001,Thousand Metric Tonnes (TMT),PPAC,1777985064_PT_Consumption_English.xls,2014-15,11,2026-08-21T15:32:18.531098+00:00,1.0
2014-10-01,2014,2014-15,October,MS,1616.157220000006,Thousand Metric Tonnes (TMT),PPAC,1777985064_PT_Consumption_English.xls,2014-15,11,2026-08-21T15:32:18.531098+00:00,1.0
2014-11-01,2014,2014-15,November,MS,1513.0944199999922,Thousand Metric Tonnes (TMT),PPAC,1777985064_PT_Consumption_English.xls,2014-15,11,2026-08-21T15:32:18.531098+00:00,1.0
2014-12-01,2014,2014-15,December,MS,1629.3483600000025,Thousand Metric Tonnes (TMT),PPAC,1777985064_PT_Consumption_English.xls,2014-15,11,2026-08-21T15:32:18.531098+00:00,1.0
2015-01-01,2015,2014-15,January,MS,1628.8048300000032,Thousand Metric Tonnes (TMT),PPAC,1777985064_PT_Consumption_English.xls,2014-15,11,2026-08-21T15:32:18.531098+00:00,1.0
2015-02-01,2015,2014-15,February,MS,1629.9606199999967,Thousand Metric Tonnes (TMT),PPAC,1777985064_PT_Consumption_English.xls,2014-15,11,2026-08-21T15:32:18.531098+00:00,1.0
2015-03-01,2015,2014-15,March,MS,1683.9904200000003,Thousand Metric Tonnes (TMT),PPAC,1777985064_PT_Consumption_English.xls,2014-15,11,2026-08-21T15:32:18.531098+00:00,1.0
2014-04-01,2014,2014-15,April,ATF,473.7385400000001,Thousand Metric Tonnes (TMT),PPAC,1777985064_PT_Consumption_English.xls,2014-15,12,2026-08-21T15:32:18.531098+00:00,1.0
2014-05-01,2014,2014-15,May,ATF,481.8530700000004,Thousand Metric Tonnes (TMT),PPAC,1777985064_PT_Consumption_English.xls,2014-15,12,2026-08-21T15:32:18.531098+00:00,1.0
2014-06-01,2014,2014-15,June,ATF,450.46411,Thousand Metric Tonnes (TMT),PPAC,1777985064_PT_Consumption_English.xls,2014-15,12,2026-08-21T15:32:18.531098+00:00,1.0
2014-07-01,2014,2014-15,July,ATF,467.8331600000001,Thousand Metric Tonnes (TMT),PPAC,1777985064_PT_Consumption_English.xls,2014-15,12,2026-08-21T15:32:18.531098+00:00,1.0
2014-08-01,2014,2014-15,August,ATF,479.37685000000005,Thousand Metric Tonnes (TMT),PPAC,1777985064_PT_Consumption_English.xls,2014-15,12,2026-08-21T15:32:18.531098+00:00,1.0
2014-09-01,2014,2014-15,September,ATF,475.43933999999985,Thousand Metric Tonnes (TMT),PPAC,1777985064_PT_Consumption_English.xls,2014-15,12,2026-08-21T15:32:18.531098+00:00,1.0
2014-10-01,2014,2014-15,October,ATF,479.47480000000024,Thousand Metric Tonnes (TMT),PPAC,1777985064_PT_Consumption_English.xls,2014-15,12,2026-08-21T15:32:18.531098+00:00,1.0
2014-11-01,2014,2014-15,November,ATF,462.73571999999996,Thousand Metric Tonnes (TMT),PPAC,1777985064_PT_Consumption_English.xls,2014-15,12,2026-08-21T15:32:18.531098+00:00,1.0
2014-12-01,2014,2014-15,December,ATF,484.39246999999966,Thousand Metric Tonnes (TMT),PPAC,1777985064_PT_Consumption_English.xls,2014-15,12,2026-08-21T15:32:18.531098+00:00,1.0
2015-01-01,2015,2014-15,January,ATF,496.9647500000001,Thousand Metric Tonnes (TMT),PPAC,1777985064_PT_Consumption_English.xls,2014-15,12,2026-08-21T15:32:18.531098+00:00,1.0
2015-02-01,2015,2014-15,February,ATF,455.2085399999996,Thousand Metric Tonnes (TMT),PPAC,1777985064_PT_Consumption_English.xls,2014-15,12,2026-08-21T15:32:18.531098+00:00,1.0
2015-03-01,2015,2014-15,March,ATF,517.4562999999999,Thousand Metric Tonnes (TMT),PPAC,1777985064_PT_Consumption_English.xls,2014-15,12,2026-08-21T15:32:18.531098+00:00,1.0
2014-04-01,2014,2014-15,April,SKO,584.1750700000009,Thousand Metric Tonnes (TMT),PPAC,1777985064_PT_Consumption_English.xls,2014-15,13,2026-08-21T15:32:18.531098+00:00,1.0
2014-05-01,2014,2014-15,May,SKO,591.2208499999995,Thousand Metric Tonnes (TMT),PPAC,1777985064_PT_Consumption_English.xls,2014-15,13,2026-08-21T15:32:18.531098+00:00,1.0
2014-06-01,2014,2014-15,June,SKO,595.2725000000004,Thousand Metric Tonnes (TMT),PPAC,1777985064_PT_Consumption_English.xls,2014-15,13,2026-08-21T15:32:18.531098+00:00,1.0
2014-07-01,2014,2014-15,July,SKO,591.2691699999993,Thousand Metric Tonnes (TMT),PPAC,1777985064_PT_Consumption_English.xls,2014-15,13,2026-08-21T15:32:18.531098+00:00,1.0
2014-08-01,2014,2014-15,August,SKO,591.9251500000001,Thousand Metric Tonnes (TMT),PPAC,1777985064_PT_Consumption_English.xls,2014-15,13,2026-08-21T15:32:18.531098+00:00,1.0
2014-09-01,2014,2014-15,September,SKO,591.4152400000011,Thousand Metric Tonnes (TMT),PPAC,1777985064_PT_Consumption_English.xls,2014-15,13,2026-08-21T15:32:18.531098+00:00,1.0
2014-10-01,2014,2014-15,October,SKO,594.6275099999993,Thousand Metric Tonnes (TMT),PPAC,1777985064_PT_Consumption_English.xls,2014-15,13,2026-08-21T15:32:18.531098+00:00,1.0
2014-11-01,2014,2014-15,November,SKO,600.9955399999994,Thousand Metric Tonnes (TMT),PPAC,1777985064_PT_Consumption_English.xls,2014-15,13,2026-08-21T15:32:18.531098+00:00,1.0
2014-12-01,2014,2014-15,December,SKO,599.5181900000009,Thousand Metric Tonnes (TMT),PPAC,1777985064_PT_Consumption_English.xls,2014-15,13,2026-08-21T15:32:18.531098+00:00,1.0
2015-01-01,2015,2014-15,January,SKO,568.1673100000012,Thousand Metric Tonnes (TMT),PPAC,1777985064_PT_Consumption_English.xls,2014-15,13,2026-08-21T15:32:18.531098+00:00,1.0
2015-02-01,2015,2014-15,February,SKO,588.5319100000016,Thousand Metric Tonnes (TMT),PPAC,1777985064_PT_Consumption_English.xls,2014-15,13,2026-08-21T15:32:18.531098+00:00,1.0
2015-03-01,2015,2014-15,March,SKO,589.5997500000016,Thousand Metric Tonnes (TMT),PPAC,1777985064_PT_Consumption_English.xls,2014-15,13,2026-08-21T15:32:18.531098+00:00,1.0
2014-04-01,2014,2014-15,April,HSD,5932.919760000085,Thousand Metric Tonnes (TMT),PPAC,1777985064_PT_Consumption_English.xls,2014-15,14,2026-08-21T15:32:18.531098+00:00,1.0
2014-05-01,2014,2014-15,May,HSD,6476.477750000106,Thousand Metric Tonnes (TMT),PPAC,1777985064_PT_Consumption_English.xls,2014-15,14,2026-08-21T15:32:18.531098+00:00,1.0
2014-06-01,2014,2014-15,June,HSD,6138.553750000099,Thousand Metric Tonnes (TMT),PPAC,1777985064_PT_Consumption_English.xls,2014-15,14,2026-08-21T15:32:18.531098+00:00,1.0
2014-07-01,2014,2014-15,July,HSD,5741.0976500001025,Thousand Metric Tonnes (TMT),PPAC,1777985064_PT_Consumption_English.xls,2014-15,14,2026-08-21T15:32:18.531098+00:00,1.0
2014-08-01,2014,2014-15,August,HSD,5120.722890000078,Thousand Metric Tonnes (TMT),PPAC,1777985064_PT_Consumption_English.xls,2014-15,14,2026-08-21T15:32:18.531098+00:00,1.0
2014-09-01,2014,2014-15,September,HSD,4899.333650000063,Thousand Metric Tonnes (TMT),PPAC,1777985064_PT_Consumption_English.xls,2014-15,14,2026-08-21T15:32:18.531098+00:00,1.0
2014-10-01,2014,2014-15,October,HSD,5455.035880000113,Thousand Metric Tonnes (TMT),PPAC,1777985064_PT_Consumption_English.xls,2014-15,14,2026-08-21T15:32:18.531098+00:00,1.0
2014-11-01,2014,2014-15,November,HSD,6006.637140000085,Thousand Metric Tonnes (TMT),PPAC,1777985064_PT_Consumption_English.xls,2014-15,14,2026-08-21T15:32:18.531098+00:00,1.0
2014-12-01,2014,2014-15,December,HSD,6148.096279999993,Thousand Metric Tonnes (TMT),PPAC,1777985064_PT_Consumption_English.xls,2014-15,14,2026-08-21T15:32:18.531098+00:00,1.0
2015-01-01,2015,2014-15,January,HSD,5819.876200000031,Thousand Metric Tonnes (TMT),PPAC,1777985064_PT_Consumption_English.xls,2014-15,14,2026-08-21T15:32:18.531098+00:00,1.0
2015-02-01,2015,2014-15,February,HSD,5784.176450000093,Thousand Metric Tonnes (TMT),PPAC,1777985064_PT_Consumption_English.xls,2014-15,14,2026-08-21T15:32:18.531098+00:00,1.0
2015-03-01,2015,2014-15,March,HSD,5893.292720000083,Thousand Metric Tonnes (TMT),PPAC,1777985064_PT_Consumption_English.xls,2014-15,14,2026-08-21T15:32:18.531098+00:00,1.0
2014-04-01,2014,2014-15,April,LDO,26.85125000000001,Thousand Metric Tonnes (TMT),PPAC,1777985064_PT_Consumption_English.xls,2014-15,15,2026-08-21T15:32:18.531098+00:00,1.0
2014-05-01,2014,2014-15,May,LDO,29.53556999999999,Thousand Metric Tonnes (TMT),PPAC,1777985064_PT_Consumption_English.xls,2014-15,15,2026-08-21T15:32:18.531098+00:00,1.0
2014-06-01,2014,2014-15,June,LDO,30.00093,Thousand Metric Tonnes (TMT),PPAC,1777985064_PT_Consumption_English.xls,2014-15,15,2026-08-21T15:32:18.531098+00:00,1.0
2014-07-01,2014,2014-15,July,LDO,31.54149000000003,Thousand Metric Tonnes (TMT),PPAC,1777985064_PT_Consumption_English.xls,2014-15,15,2026-08-21T15:32:18.531098+00:00,1.0
2014-08-01,2014,2014-15,August,LDO,27.685579999999995,Thousand Metric Tonnes (TMT),PPAC,1777985064_PT_Consumption_English.xls,2014-15,15,2026-08-21T15:32:18.531098+00:00,1.0
2014-09-01,2014,2014-15,September,LDO,33.22045999999999,Thousand Metric Tonnes (TMT),PPAC,1777985064_PT_Consumption_English.xls,2014-15,15,2026-08-21T15:32:18.531098+00:00,1.0
2014-10-01,2014,2014-15,October,LDO,22.550600000000006,Thousand Metric Tonnes (TMT),PPAC,1777985064_PT_Consumption_English.xls,2014-15,15,2026-08-21T15:32:18.531098+00:00,1.0
2014-11-01,2014,2014-15,November,LDO,24.682019999999998,Thousand Metric Tonnes (TMT),PPAC,1777985064_PT_Consumption_English.xls,2014-15,15,2026-08-21T15:32:18.531098+00:00,1.0
2014-12-01,2014,2014-15,December,LDO,29.293319999999998,Thousand Metric Tonnes (TMT),PPAC,1777985064_PT_Consumption_English.xls,2014-15,15,2026-08-21T15:32:18.531098+00:00,1.0
2015-01-01,2015,2014-15,January,LDO,37.672650000000004,Thousand Metric Tonnes (TMT),PPAC,1777985064_PT_Consumption_English.xls,2014-15,15,2026-08-21T15:32:18.531098+00:00,1.0
2015-02-01,2015,2014-15,February,LDO,34.86178000000002,Thousand Metric Tonnes (TMT),PPAC,1777985064_PT_Consumption_English.xls,2014-15,15,2026-08-21T15:32:18.531098+00:00,1.0
2015-03-01,2015,2014-15,March,LDO,37.367799999999995,Thousand Metric Tonnes (TMT),PPAC,1777985064_PT_Consumption_English.xls,2014-15,15,2026-08-21T15:32:18.531098+00:00,1.0
2014-04-01,2014,2014-15,April,Lubricants & Greases,343.127250000002,Thousand Metric Tonnes (TMT),PPAC,1777985064_PT_Consumption_English.xls,2014-15,16,2026-08-21T15:32:18.531098+00:00,1.0
2014-05-01,2014,2014-15,May,Lubricants & Greases,438.703320000002,Thousand Metric Tonnes (TMT),PPAC,1777985064_PT_Consumption_English.xls,2014-15,16,2026-08-21T15:32:18.531098+00:00,1.0
2014-06-01,2014,2014-15,June,Lubricants & Greases,203.18174000000363,Thousand Metric Tonnes (TMT),PPAC,1777985064_PT_Consumption_English.xls,2014-15,16,2026-08-21T15:32:18.531098+00:00,1.0
2014-07-01,2014,2014-15,July,Lubricants & Greases,236.8713800000028,Thousand Metric Tonnes (TMT),PPAC,1777985064_PT_Consumption_English.xls,2014-15,16,2026-08-21T15:32:18.531098+00:00,1.0
2014-08-01,2014,2014-15,August,Lubricants & Greases,323.22527000000434,Thousand Metric Tonnes (TMT),PPAC,1777985064_PT_Consumption_English.xls,2014-15,16,2026-08-21T15:32:18.531098+00:00,1.0
2014-09-01,2014,2014-15,September,Lubricants & Greases,227.4703100000041,Thousand Metric Tonnes (TMT),PPAC,1777985064_PT_Consumption_English.xls,2014-15,16,2026-08-21T15:32:18.531098+00:00,1.0
2014-10-01,2014,2014-15,October,Lubricants & Greases,238.602280000002,Thousand Metric Tonnes (TMT),PPAC,1777985064_PT_Consumption_English.xls,2014-15,16,2026-08-21T15:32:18.531098+00:00,1.0
2014-11-01,2014,2014-15,November,Lubricants & Greases,225.2479200000032,Thousand Metric Tonnes (TMT),PPAC,1777985064_PT_Consumption_English.xls,2014-15,16,2026-08-21T15:32:18.531098+00:00,1.0
2014-12-01,2014,2014-15,December,Lubricants & Greases,226.1752600000009,Thousand Metric Tonnes (TMT),PPAC,1777985064_PT_Consumption_English.xls,2014-15,16,2026-08-21T15:32:18.531098+00:00,1.0
2015-01-01,2015,2014-15,January,Lubricants & Greases,196.57538000000127,Thousand Metric Tonnes (TMT),PPAC,1777985064_PT_Consumption_English.xls,2014-15,16,2026-08-21T15:32:18.531098+00:00,1.0
2015-02-01,2015,2014-15,February,Lubricants & Greases,289.76747000000836,Thousand Metric Tonnes (TMT),PPAC,1777985064_PT_Consumption_English.xls,2014-15,16,2026-08-21T15:32:18.531098+00:00,1.0
2015-03-01,2015,2014-15,March,Lubricants & Greases,361.0649500000035,Thousand Metric Tonnes (TMT),PPAC,1777985064_PT_Consumption_English.xls,2014-15,16,2026-08-21T15:32:18.531098+00:00,1.0
2014-04-01,2014,2014-15,April,FO & LSHS,443.21769000000046,Thousand Metric Tonnes (TMT),PPAC,1777985064_PT_Consumption_English.xls,2014-15,17,2026-08-21T15:32:18.531098+00:00,1.0
2014-05-01,2014,2014-15,May,FO & LSHS,496.1533400000005,Thousand Metric Tonnes (TMT),PPAC,1777985064_PT_Consumption_English.xls,2014-15,17,2026-08-21T15:32:18.531098+00:00,1.0
2014-06-01,2014,2014-15,June,FO & LSHS,514.3803500000004,Thousand Metric Tonnes (TMT),PPAC,1777985064_PT_Consumption_English.xls,2014-15,17,2026-08-21T15:32:18.531098+00:00,1.0
2014-07-01,2014,2014-15,July,FO & LSHS,439.9194000000004,Thousand Metric Tonnes (TMT),PPAC,1777985064_PT_Consumption_English.xls,2014-15,17,2026-08-21T15:32:18.531098+00:00,1.0
2014-08-01,2014,2014-15,August,FO & LSHS,561.5710500000004,Thousand Metric Tonnes (TMT),PPAC,1777985064_PT_Consumption_English.xls,2014-15,17,2026-08-21T15:32:18.531098+00:00,1.0
2014-09-01,2014,2014-15,September,FO & LSHS,549.3533899999999,Thousand Metric Tonnes (TMT),PPAC,1777985064_PT_Consumption_English.xls,2014-15,17,2026-08-21T15:32:18.531098+00:00,1.0
2014-10-01,2014,2014-15,October,FO & LSHS,427.07042000000035,Thousand Metric Tonnes (TMT),PPAC,1777985064_PT_Consumption_English.xls,2014-15,17,2026-08-21T15:32:18.531098+00:00,1.0
2014-11-01,2014,2014-15,November,FO & LSHS,491.59507,Thousand Metric Tonnes (TMT),PPAC,1777985064_PT_Consumption_English.xls,2014-15,17,2026-08-21T15:32:18.531098+00:00,1.0
2014-12-01,2014,2014-15,December,FO & LSHS,473.0886100000001,Thousand Metric Tonnes (TMT),PPAC,1777985064_PT_Consumption_English.xls,2014-15,17,2026-08-21T15:32:18.531098+00:00,1.0
2015-01-01,2015,2014-15,January,FO & LSHS,521.6145700000001,Thousand Metric Tonnes (TMT),PPAC,1777985064_PT_Consumption_English.xls,2014-15,17,2026-08-21T15:32:18.531098+00:00,1.0
2015-02-01,2015,2014-15,February,FO & LSHS,543.2196400000004,Thousand Metric Tonnes (TMT),PPAC,1777985064_PT_Consumption_English.xls,2014-15,17,2026-08-21T15:32:18.531098+00:00,1.0
2015-03-01,2015,2014-15,March,FO & LSHS,499.6726900000011,Thousand Metric Tonnes (TMT),PPAC,1777985064_PT_Consumption_English.xls,2014-15,17,2026-08-21T15:32:18.531098+00:00,1.0
2014-04-01,2014,2014-15,April,Bitumen,578.3638449999991,Thousand Metric Tonnes (TMT),PPAC,1777985064_PT_Consumption_English.xls,2014-15,18,2026-08-21T15:32:18.531098+00:00,1.0
2014-05-01,2014,2014-15,May,Bitumen,572.1007809999992,Thousand Metric Tonnes (TMT),PPAC,1777985064_PT_Consumption_English.xls,2014-15,18,2026-08-21T15:32:18.531098+00:00,1.0
2014-06-01,2014,2014-15,June,Bitumen,493.1839829999998,Thousand Metric Tonnes (TMT),PPAC,1777985064_PT_Consumption_English.xls,2014-15,18,2026-08-21T15:32:18.531098+00:00,1.0
2014-07-01,2014,2014-15,July,Bitumen,240.11030999999966,Thousand Metric Tonnes (TMT),PPAC,1777985064_PT_Consumption_English.xls,2014-15,18,2026-08-21T15:32:18.531098+00:00,1.0
2014-08-01,2014,2014-15,August,Bitumen,166.2196300000001,Thousand Metric Tonnes (TMT),PPAC,1777985064_PT_Consumption_English.xls,2014-15,18,2026-08-21T15:32:18.531098+00:00,1.0
2014-09-01,2014,2014-15,September,Bitumen,218.6348349999997,Thousand Metric Tonnes (TMT),PPAC,1777985064_PT_Consumption_English.xls,2014-15,18,2026-08-21T15:32:18.531098+00:00,1.0
2014-10-01,2014,2014-15,October,Bitumen,292.19410699999963,Thousand Metric Tonnes (TMT),PPAC,1777985064_PT_Consumption_English.xls,2014-15,18,2026-08-21T15:32:18.531098+00:00,1.0
2014-11-01,2014,2014-15,November,Bitumen,424.90220499999936,Thousand Metric Tonnes (TMT),PPAC,1777985064_PT_Consumption_English.xls,2014-15,18,2026-08-21T15:32:18.531098+00:00,1.0
2014-12-01,2014,2014-15,December,Bitumen,481.89177000000024,Thousand Metric Tonnes (TMT),PPAC,1777985064_PT_Consumption_English.xls,2014-15,18,2026-08-21T15:32:18.531098+00:00,1.0
2015-01-01,2015,2014-15,January,Bitumen,425.5557789999998,Thousand Metric Tonnes (TMT),PPAC,1777985064_PT_Consumption_English.xls,2014-15,18,2026-08-21T15:32:18.531098+00:00,1.0
2015-02-01,2015,2014-15,February,Bitumen,550.847455,Thousand Metric Tonnes (TMT),PPAC,1777985064_PT_Consumption_English.xls,2014-15,18,2026-08-21T15:32:18.531098+00:00,1.0
2015-03-01,2015,2014-15,March,Bitumen,628.8281609999995,Thousand Metric Tonnes (TMT),PPAC,1777985064_PT_Consumption_English.xls,2014-15,18,2026-08-21T15:32:18.531098+00:00,1.0
2014-04-01,2014,2014-15,April,Petroleum coke,946.3897599999998,Thousand Metric Tonnes (TMT),PPAC,1777985064_PT_Consumption_English.xls,2014-15,19,2026-08-21T15:32:18.531098+00:00,1.0
2014-05-01,2014,2014-15,May,Petroleum coke,1112.3562230000002,Thousand Metric Tonnes (TMT),PPAC,1777985064_PT_Consumption_English.xls,2014-15,19,2026-08-21T15:32:18.531098+00:00,1.0
2014-06-01,2014,2014-15,June,Petroleum coke,1121.5521740000002,Thousand Metric Tonnes (TMT),PPAC,1777985064_PT_Consumption_English.xls,2014-15,19,2026-08-21T15:32:18.531098+00:00,1.0
2014-07-01,2014,2014-15,July,Petroleum coke,1149.4065989999995,Thousand Metric Tonnes (TMT),PPAC,1777985064_PT_Consumption_English.xls,2014-15,19,2026-08-21T15:32:18.531098+00:00,1.0
2014-08-01,2014,2014-15,August,Petroleum coke,1176.53459,Thousand Metric Tonnes (TMT),PPAC,1777985064_PT_Consumption_English.xls,2014-15,19,2026-08-21T15:32:18.531098+00:00,1.0
2014-09-01,2014,2014-15,September,Petroleum coke,1376.2631329999992,Thousand Metric Tonnes (TMT),PPAC,1777985064_PT_Consumption_English.xls,2014-15,19,2026-08-21T15:32:18.531098+00:00,1.0
2014-10-01,2014,2014-15,October,Petroleum coke,1080.4598200000005,Thousand Metric Tonnes (TMT),PPAC,1777985064_PT_Consumption_English.xls,2014-15,19,2026-08-21T15:32:18.531098+00:00,1.0
2014-11-01,2014,2014-15,November,Petroleum coke,1160.7906680000006,Thousand Metric Tonnes (TMT),PPAC,1777985064_PT_Consumption_English.xls,2014-15,19,2026-08-21T15:32:18.531098+00:00,1.0
2014-12-01,2014,2014-15,December,Petroleum coke,1548.897398,Thousand Metric Tonnes (TMT),PPAC,1777985064_PT_Consumption_English.xls,2014-15,19,2026-08-21T15:32:18.531098+00:00,1.0
2015-01-01,2015,2014-15,January,Petroleum coke,1322.3301629999992,Thousand Metric Tonnes (TMT),PPAC,1777985064_PT_Consumption_English.xls,2014-15,19,2026-08-21T15:32:18.531098+00:00,1.0
2015-02-01,2015,2014-15,February,Petroleum coke,1382.8993719999994,Thousand Metric Tonnes (TMT),PPAC,1777985064_PT_Consumption_English.xls,2014-15,19,2026-08-21T15:32:18.531098+00:00,1.0
2015-03-01,2015,2014-15,March,Petroleum coke,1179.570746,Thousand Metric Tonnes (TMT),PPAC,1777985064_PT_Consumption_English.xls,2014-15,19,2026-08-21T15:32:18.531098+00:00,1.0
2014-04-01,2014,2014-15,April,Others,435.50144400000056,Thousand Metric Tonnes (TMT),PPAC,1777985064_PT_Consumption_English.xls,2014-15,20,2026-08-21T15:32:18.531098+00:00,1.0
2014-05-01,2014,2014-15,May,Others,434.761157,Thousand Metric Tonnes (TMT),PPAC,1777985064_PT_Consumption_English.xls,2014-15,20,2026-08-21T15:32:18.531098+00:00,1.0
2014-06-01,2014,2014-15,June,Others,527.040445000001,Thousand Metric Tonnes (TMT),PPAC,1777985064_PT_Consumption_English.xls,2014-15,20,2026-08-21T15:32:18.531098+00:00,1.0
2014-07-01,2014,2014-15,July,Others,501.5285700000005,Thousand Metric Tonnes (TMT),PPAC,1777985064_PT_Consumption_English.xls,2014-15,20,2026-08-21T15:32:18.531098+00:00,1.0
2014-08-01,2014,2014-15,August,Others,466.1590800000002,Thousand Metric Tonnes (TMT),PPAC,1777985064_PT_Consumption_English.xls,2014-15,20,2026-08-21T15:32:18.531098+00:00,1.0
2014-09-01,2014,2014-15,September,Others,518.880738000001,Thousand Metric Tonnes (TMT),PPAC,1777985064_PT_Consumption_English.xls,2014-15,20,2026-08-21T15:32:18.531098+00:00,1.0
2014-10-01,2014,2014-15,October,Others,453.53622800000085,Thousand Metric Tonnes (TMT),PPAC,1777985064_PT_Consumption_English.xls,2014-15,20,2026-08-21T15:32:18.531098+00:00,1.0
2014-11-01,2014,2014-15,November,Others,666.0845900000006,Thousand Metric Tonnes (TMT),PPAC,1777985064_PT_Consumption_English.xls,2014-15,20,2026-08-21T15:32:18.531098+00:00,1.0
2014-12-01,2014,2014-15,December,Others,435.31958500000025,Thousand Metric Tonnes (TMT),PPAC,1777985064_PT_Consumption_English.xls,2014-15,20,2026-08-21T15:32:18.531098+00:00,1.0
2015-01-01,2015,2014-15,January,Others,408.1793389999999,Thousand Metric Tonnes (TMT),PPAC,1777985064_PT_Consumption_English.xls,2014-15,20,2026-08-21T15:32:18.531098+00:00,1.0
2015-02-01,2015,2014-15,February,Others,518.0001180000008,Thousand Metric Tonnes (TMT),PPAC,1777985064_PT_Consumption_English.xls,2014-15,20,2026-08-21T15:32:18.531098+00:00,1.0
2015-03-01,2015,2014-15,March,Others,503.3016470000007,Thousand Metric Tonnes (TMT),PPAC,1777985064_PT_Consumption_English.xls,2014-15,20,2026-08-21T15:32:18.531098+00:00,1.0
2015-04-01,2015,2015-16,April,LPG,1479.6643109999984,Thousand Metric Tonnes (TMT),PPAC,1777985064_PT_Consumption_English.xls,2015-16,9,2026-08-21T15:32:18.539321+00:00,1.0
2015-05-01,2015,2015-16,May,LPG,1496.564605000003,Thousand Metric Tonnes (TMT),PPAC,1777985064_PT_Consumption_English.xls,2015-16,9,2026-08-21T15:32:18.539321+00:00,1.0
2015-06-01,2015,2015-16,June,LPG,1490.3779420000033,Thousand Metric Tonnes (TMT),PPAC,1777985064_PT_Consumption_English.xls,2015-16,9,2026-08-21T15:32:18.539321+00:00,1.0
2015-07-01,2015,2015-16,July,LPG,1582.6166259999954,Thousand Metric Tonnes (TMT),PPAC,1777985064_PT_Consumption_English.xls,2015-16,9,2026-08-21T15:32:18.539321+00:00,1.0
2015-08-01,2015,2015-16,August,LPG,1549.8166859999983,Thousand Metric Tonnes (TMT),PPAC,1777985064_PT_Consumption_English.xls,2015-16,9,2026-08-21T15:32:18.539321+00:00,1.0
2015-09-01,2015,2015-16,September,LPG,1619.7363360000065,Thousand Metric Tonnes (TMT),PPAC,1777985064_PT_Consumption_English.xls,2015-16,9,2026-08-21T15:32:18.539321+00:00,1.0
2015-10-01,2015,2015-16,October,LPG,1688.1154030000014,Thousand Metric Tonnes (TMT),PPAC,1777985064_PT_Consumption_English.xls,2015-16,9,2026-08-21T15:32:18.539321+00:00,1.0
2015-11-01,2015,2015-16,November,LPG,1615.9953240000011,Thousand Metric Tonnes (TMT),PPAC,1777985064_PT_Consumption_English.xls,2015-16,9,2026-08-21T15:32:18.539321+00:00,1.0
2015-12-01,2015,2015-16,December,LPG,1795.8689860000065,Thousand Metric Tonnes (TMT),PPAC,1777985064_PT_Consumption_English.xls,2015-16,9,2026-08-21T15:32:18.539321+00:00,1.0
2016-01-01,2016,2015-16,January,LPG,1704.9844370000014,Thousand Metric Tonnes (TMT),PPAC,1777985064_PT_Consumption_English.xls,2015-16,9,2026-08-21T15:32:18.539321+00:00,1.0
2016-02-01,2016,2015-16,February,LPG,1747.3279169999992,Thousand Metric Tonnes (TMT),PPAC,1777985064_PT_Consumption_English.xls,2015-16,9,2026-08-21T15:32:18.539321+00:00,1.0
2016-03-01,2016,2015-16,March,LPG,1852.1536890000007,Thousand Metric Tonnes (TMT),PPAC,1777985064_PT_Consumption_English.xls,2015-16,9,2026-08-21T15:32:18.539321+00:00,1.0
2015-04-01,2015,2015-16,April,Naphtha,942.37759,Thousand Metric Tonnes (TMT),PPAC,1777985064_PT_Consumption_English.xls,2015-16,10,2026-08-21T15:32:18.539321+00:00,1.0
2015-05-01,2015,2015-16,May,Naphtha,1239.69247,Thousand Metric Tonnes (TMT),PPAC,1777985064_PT_Consumption_English.xls,2015-16,10,2026-08-21T15:32:18.539321+00:00,1.0
2015-06-01,2015,2015-16,June,Naphtha,1026.15051,Thousand Metric Tonnes (TMT),PPAC,1777985064_PT_Consumption_English.xls,2015-16,10,2026-08-21T15:32:18.539321+00:00,1.0
2015-07-01,2015,2015-16,July,Naphtha,1174.13876,Thousand Metric Tonnes (TMT),PPAC,1777985064_PT_Consumption_English.xls,2015-16,10,2026-08-21T15:32:18.539321+00:00,1.0
2015-08-01,2015,2015-16,August,Naphtha,1194.3384899999999,Thousand Metric Tonnes (TMT),PPAC,1777985064_PT_Consumption_English.xls,2015-16,10,2026-08-21T15:32:18.539321+00:00,1.0
2015-09-01,2015,2015-16,September,Naphtha,1048.07789,Thousand Metric Tonnes (TMT),PPAC,1777985064_PT_Consumption_English.xls,2015-16,10,2026-08-21T15:32:18.539321+00:00,1.0
2015-10-01,2015,2015-16,October,Naphtha,1087.19515,Thousand Metric Tonnes (TMT),PPAC,1777985064_PT_Consumption_English.xls,2015-16,10,2026-08-21T15:32:18.539321+00:00,1.0
2015-11-01,2015,2015-16,November,Naphtha,1011.5976999999999,Thousand Metric Tonnes (TMT),PPAC,1777985064_PT_Consumption_English.xls,2015-16,10,2026-08-21T15:32:18.539321+00:00,1.0
2015-12-01,2015,2015-16,December,Naphtha,1143.02696,Thousand Metric Tonnes (TMT),PPAC,1777985064_PT_Consumption_English.xls,2015-16,10,2026-08-21T15:32:18.539321+00:00,1.0
2016-01-01,2016,2015-16,January,Naphtha,1164.32222,Thousand Metric Tonnes (TMT),PPAC,1777985064_PT_Consumption_English.xls,2015-16,10,2026-08-21T15:32:18.539321+00:00,1.0
2016-02-01,2016,2015-16,February,Naphtha,1072.2620700000002,Thousand Metric Tonnes (TMT),PPAC,1777985064_PT_Consumption_English.xls,2015-16,10,2026-08-21T15:32:18.539321+00:00,1.0
2016-03-01,2016,2015-16,March,Naphtha,1167.66158,Thousand Metric Tonnes (TMT),PPAC,1777985064_PT_Consumption_English.xls,2015-16,10,2026-08-21T15:32:18.539321+00:00,1.0
2015-04-01,2015,2015-16,April,MS,1783.5712900000003,Thousand Metric Tonnes (TMT),PPAC,1777985064_PT_Consumption_English.xls,2015-16,11,2026-08-21T15:32:18.539321+00:00,1.0
2015-05-01,2015,2015-16,May,MS,1834.0809599999993,Thousand Metric Tonnes (TMT),PPAC,1777985064_PT_Consumption_English.xls,2015-16,11,2026-08-21T15:32:18.539321+00:00,1.0
2015-06-01,2015,2015-16,June,MS,1767.244129999998,Thousand Metric Tonnes (TMT),PPAC,1777985064_PT_Consumption_English.xls,2015-16,11,2026-08-21T15:32:18.539321+00:00,1.0
2015-07-01,2015,2015-16,July,MS,1671.7348400000078,Thousand Metric Tonnes (TMT),PPAC,1777985064_PT_Consumption_English.xls,2015-16,11,2026-08-21T15:32:18.539321+00:00,1.0
2015-08-01,2015,2015-16,August,MS,1764.420710000008,Thousand Metric Tonnes (TMT),PPAC,1777985064_PT_Consumption_English.xls,2015-16,11,2026-08-21T15:32:18.539321+00:00,1.0
2015-09-01,2015,2015-16,September,MS,1879.3360699999912,Thousand Metric Tonnes (TMT),PPAC,1777985064_PT_Consumption_English.xls,2015-16,11,2026-08-21T15:32:18.539321+00:00,1.0
2015-10-01,2015,2015-16,October,MS,1850.5299099999936,Thousand Metric Tonnes (TMT),PPAC,1777985064_PT_Consumption_English.xls,2015-16,11,2026-08-21T15:32:18.539321+00:00,1.0
2015-11-01,2015,2015-16,November,MS,1773.2977800000035,Thousand Metric Tonnes (TMT),PPAC,1777985064_PT_Consumption_English.xls,2015-16,11,2026-08-21T15:32:18.539321+00:00,1.0
2015-12-01,2015,2015-16,December,MS,1821.5785199999868,Thousand Metric Tonnes (TMT),PPAC,1777985064_PT_Consumption_English.xls,2015-16,11,2026-08-21T15:32:18.539321+00:00,1.0
2016-01-01,2016,2015-16,January,MS,1814.7271900000046,Thousand Metric Tonnes (TMT),PPAC,1777985064_PT_Consumption_English.xls,2015-16,11,2026-08-21T15:32:18.539321+00:00,1.0
2016-02-01,2016,2015-16,February,MS,1839.6560500000057,Thousand Metric Tonnes (TMT),PPAC,1777985064_PT_Consumption_English.xls,2015-16,11,2026-08-21T15:32:18.539321+00:00,1.0
2016-03-01,2016,2015-16,March,MS,2046.4534499999968,Thousand Metric Tonnes (TMT),PPAC,1777985064_PT_Consumption_English.xls,2015-16,11,2026-08-21T15:32:18.539321+00:00,1.0
2015-04-01,2015,2015-16,April,ATF,494.0519300000004,Thousand Metric Tonnes (TMT),PPAC,1777985064_PT_Consumption_English.xls,2015-16,12,2026-08-21T15:32:18.539321+00:00,1.0
2015-05-01,2015,2015-16,May,ATF,500.9630000000001,Thousand Metric Tonnes (TMT),PPAC,1777985064_PT_Consumption_English.xls,2015-16,12,2026-08-21T15:32:18.539321+00:00,1.0
2015-06-01,2015,2015-16,June,ATF,513.04656,Thousand Metric Tonnes (TMT),PPAC,1777985064_PT_Consumption_English.xls,2015-16,12,2026-08-21T15:32:18.539321+00:00,1.0
2015-07-01,2015,2015-16,July,ATF,499.83721,Thousand Metric Tonnes (TMT),PPAC,1777985064_PT_Consumption_English.xls,2015-16,12,2026-08-21T15:32:18.539321+00:00,1.0
2015-08-01,2015,2015-16,August,ATF,502.40709999999973,Thousand Metric Tonnes (TMT),PPAC,1777985064_PT_Consumption_English.xls,2015-16,12,2026-08-21T15:32:18.539321+00:00,1.0
2015-09-01,2015,2015-16,September,ATF,497.1463400000002,Thousand Metric Tonnes (TMT),PPAC,1777985064_PT_Consumption_English.xls,2015-16,12,2026-08-21T15:32:18.539321+00:00,1.0
2015-10-01,2015,2015-16,October,ATF,534.0987099999995,Thousand Metric Tonnes (TMT),PPAC,1777985064_PT_Consumption_English.xls,2015-16,12,2026-08-21T15:32:18.539321+00:00,1.0
2015-11-01,2015,2015-16,November,ATF,538.73232,Thousand Metric Tonnes (TMT),PPAC,1777985064_PT_Consumption_English.xls,2015-16,12,2026-08-21T15:32:18.539321+00:00,1.0
2015-12-01,2015,2015-16,December,ATF,547.2884200000001,Thousand Metric Tonnes (TMT),PPAC,1777985064_PT_Consumption_English.xls,2015-16,12,2026-08-21T15:32:18.539321+00:00,1.0
2016-01-01,2016,2015-16,January,ATF,532.1364399999999,Thousand Metric Tonnes (TMT),PPAC,1777985064_PT_Consumption_English.xls,2015-16,12,2026-08-21T15:32:18.539321+00:00,1.0
2016-02-01,2016,2015-16,February,ATF,524.3051300000006,Thousand Metric Tonnes (TMT),PPAC,1777985064_PT_Consumption_English.xls,2015-16,12,2026-08-21T15:32:18.539321+00:00,1.0
2016-03-01,2016,2015-16,March,ATF,579.6729300000001,Thousand Metric Tonnes (TMT),PPAC,1777985064_PT_Consumption_English.xls,2015-16,12,2026-08-21T15:32:18.539321+00:00,1.0
2015-04-01,2015,2015-16,April,SKO,567.8925999999998,Thousand Metric Tonnes (TMT),PPAC,1777985064_PT_Consumption_English.xls,2015-16,13,2026-08-21T15:32:18.539321+00:00,1.0
2015-05-01,2015,2015-16,May,SKO,577.0510300000014,Thousand Metric Tonnes (TMT),PPAC,1777985064_PT_Consumption_English.xls,2015-16,13,2026-08-21T15:32:18.539321+00:00,1.0
2015-06-01,2015,2015-16,June,SKO,566.4880700000006,Thousand Metric Tonnes (TMT),PPAC,1777985064_PT_Consumption_English.xls,2015-16,13,2026-08-21T15:32:18.539321+00:00,1.0
2015-07-01,2015,2015-16,July,SKO,576.4135600000004,Thousand Metric Tonnes (TMT),PPAC,1777985064_PT_Consumption_English.xls,2015-16,13,2026-08-21T15:32:18.539321+00:00,1.0
2015-08-01,2015,2015-16,August,SKO,572.7354300000005,Thousand Metric Tonnes (TMT),PPAC,1777985064_PT_Consumption_English.xls,2015-16,13,2026-08-21T15:32:18.539321+00:00,1.0
2015-09-01,2015,2015-16,September,SKO,563.2641500000016,Thousand Metric Tonnes (TMT),PPAC,1777985064_PT_Consumption_English.xls,2015-16,13,2026-08-21T15:32:18.539321+00:00,1.0
2015-10-01,2015,2015-16,October,SKO,575.6843300000002,Thousand Metric Tonnes (TMT),PPAC,1777985064_PT_Consumption_English.xls,2015-16,13,2026-08-21T15:32:18.539321+00:00,1.0
2015-11-01,2015,2015-16,November,SKO,567.4461700000004,Thousand Metric Tonnes (TMT),PPAC,1777985064_PT_Consumption_English.xls,2015-16,13,2026-08-21T15:32:18.539321+00:00,1.0
2015-12-01,2015,2015-16,December,SKO,573.468700000002,Thousand Metric Tonnes (TMT),PPAC,1777985064_PT_Consumption_English.xls,2015-16,13,2026-08-21T15:32:18.539321+00:00,1.0
2016-01-01,2016,2015-16,January,SKO,560.0932900000005,Thousand Metric Tonnes (TMT),PPAC,1777985064_PT_Consumption_English.xls,2015-16,13,2026-08-21T15:32:18.539321+00:00,1.0
2016-02-01,2016,2015-16,February,SKO,559.779220000001,Thousand Metric Tonnes (TMT),PPAC,1777985064_PT_Consumption_English.xls,2015-16,13,2026-08-21T15:32:18.539321+00:00,1.0
2016-03-01,2016,2015-16,March,SKO,565.9900400000009,Thousand Metric Tonnes (TMT),PPAC,1777985064_PT_Consumption_English.xls,2015-16,13,2026-08-21T15:32:18.539321+00:00,1.0
2015-04-01,2015,2015-16,April,HSD,6484.62895000017,Thousand Metric Tonnes (TMT),PPAC,1777985064_PT_Consumption_English.xls,2015-16,14,2026-08-21T15:32:18.539321+00:00,1.0
2015-05-01,2015,2015-16,May,HSD,6435.028800000139,Thousand Metric Tonnes (TMT),PPAC,1777985064_PT_Consumption_English.xls,2015-16,14,2026-08-21T15:32:18.539321+00:00,1.0
2015-06-01,2015,2015-16,June,HSD,6290.699030000129,Thousand Metric Tonnes (TMT),PPAC,1777985064_PT_Consumption_English.xls,2015-16,14,2026-08-21T15:32:18.539321+00:00,1.0
2015-07-01,2015,2015-16,July,HSD,5704.825190000002,Thousand Metric Tonnes (TMT),PPAC,1777985064_PT_Consumption_English.xls,2015-16,14,2026-08-21T15:32:18.539321+00:00,1.0
2015-08-01,2015,2015-16,August,HSD,5425.76528999999,Thousand Metric Tonnes (TMT),PPAC,1777985064_PT_Consumption_English.xls,2015-16,14,2026-08-21T15:32:18.539321+00:00,1.0
2015-09-01,2015,2015-16,September,HSD,5884.994870000135,Thousand Metric Tonnes (TMT),PPAC,1777985064_PT_Consumption_English.xls,2015-16,14,2026-08-21T15:32:18.539321+00:00,1.0
2015-10-01,2015,2015-16,October,HSD,6347.289550000136,Thousand Metric Tonnes (TMT),PPAC,1777985064_PT_Consumption_English.xls,2015-16,14,2026-08-21T15:32:18.539321+00:00,1.0
2015-11-01,2015,2015-16,November,HSD,6109.549489999978,Thousand Metric Tonnes (TMT),PPAC,1777985064_PT_Consumption_English.xls,2015-16,14,2026-08-21T15:32:18.539321+00:00,1.0
2015-12-01,2015,2015-16,December,HSD,6484.456120000128,Thousand Metric Tonnes (TMT),PPAC,1777985064_PT_Consumption_English.xls,2015-16,14,2026-08-21T15:32:18.539321+00:00,1.0
2016-01-01,2016,2015-16,January,HSD,6285.035300000033,Thousand Metric Tonnes (TMT),PPAC,1777985064_PT_Consumption_English.xls,2015-16,14,2026-08-21T15:32:18.539321+00:00,1.0
2016-02-01,2016,2015-16,February,HSD,6411.652200000154,Thousand Metric Tonnes (TMT),PPAC,1777985064_PT_Consumption_English.xls,2015-16,14,2026-08-21T15:32:18.539321+00:00,1.0
2016-03-01,2016,2015-16,March,HSD,6783.147220000059,Thousand Metric Tonnes (TMT),PPAC,1777985064_PT_Consumption_English.xls,2015-16,14,2026-08-21T15:32:18.539321+00:00,1.0
2015-04-01,2015,2015-16,April,LDO,25.661370000000005,Thousand Metric Tonnes (TMT),PPAC,1777985064_PT_Consumption_English.xls,2015-16,15,2026-08-21T15:32:18.539321+00:00,1.0
2015-05-01,2015,2015-16,May,LDO,24.546529999999997,Thousand Metric Tonnes (TMT),PPAC,1777985064_PT_Consumption_English.xls,2015-16,15,2026-08-21T15:32:18.539321+00:00,1.0
2015-06-01,2015,2015-16,June,LDO,40.927290000000006,Thousand Metric Tonnes (TMT),PPAC,1777985064_PT_Consumption_English.xls,2015-16,15,2026-08-21T15:32:18.539321+00:00,1.0
2015-07-01,2015,2015-16,July,LDO,34.59179,Thousand Metric Tonnes (TMT),PPAC,1777985064_PT_Consumption_English.xls,2015-16,15,2026-08-21T15:32:18.539321+00:00,1.0
2015-08-01,2015,2015-16,August,LDO,30.899749999999997,Thousand Metric Tonnes (TMT),PPAC,1777985064_PT_Consumption_English.xls,2015-16,15,2026-08-21T15:32:18.539321+00:00,1.0
2015-09-01,2015,2015-16,September,LDO,36.90849999999999,Thousand Metric Tonnes (TMT),PPAC,1777985064_PT_Consumption_English.xls,2015-16,15,2026-08-21T15:32:18.539321+00:00,1.0
2015-10-01,2015,2015-16,October,LDO,36.067730000000005,Thousand Metric Tonnes (TMT),PPAC,1777985064_PT_Consumption_English.xls,2015-16,15,2026-08-21T15:32:18.539321+00:00,1.0
2015-11-01,2015,2015-16,November,LDO,27.43092,Thousand Metric Tonnes (TMT),PPAC,1777985064_PT_Consumption_English.xls,2015-16,15,2026-08-21T15:32:18.539321+00:00,1.0
2015-12-01,2015,2015-16,December,LDO,36.08018999999999,Thousand Metric Tonnes (TMT),PPAC,1777985064_PT_Consumption_English.xls,2015-16,15,2026-08-21T15:32:18.539321+00:00,1.0
2016-01-01,2016,2015-16,January,LDO,32.351400000000005,Thousand Metric Tonnes (TMT),PPAC,1777985064_PT_Consumption_English.xls,2015-16,15,2026-08-21T15:32:18.539321+00:00,1.0
2016-02-01,2016,2015-16,February,LDO,32.25244000000002,Thousand Metric Tonnes (TMT),PPAC,1777985064_PT_Consumption_English.xls,2015-16,15,2026-08-21T15:32:18.539321+00:00,1.0
2016-03-01,2016,2015-16,March,LDO,49.38965000000002,Thousand Metric Tonnes (TMT),PPAC,1777985064_PT_Consumption_English.xls,2015-16,15,2026-08-21T15:32:18.539321+00:00,1.0
2015-04-01,2015,2015-16,April,Lubricants & Greases,295.2632300000023,Thousand Metric Tonnes (TMT),PPAC,1777985064_PT_Consumption_English.xls,2015-16,16,2026-08-21T15:32:18.539321+00:00,1.0
2015-05-01,2015,2015-16,May,Lubricants & Greases,267.6632300000039,Thousand Metric Tonnes (TMT),PPAC,1777985064_PT_Consumption_English.xls,2015-16,16,2026-08-21T15:32:18.539321+00:00,1.0
2015-06-01,2015,2015-16,June,Lubricants & Greases,299.8295200000048,Thousand Metric Tonnes (TMT),PPAC,1777985064_PT_Consumption_English.xls,2015-16,16,2026-08-21T15:32:18.539321+00:00,1.0
2015-07-01,2015,2015-16,July,Lubricants & Greases,270.0519100000007,Thousand Metric Tonnes (TMT),PPAC,1777985064_PT_Consumption_English.xls,2015-16,16,2026-08-21T15:32:18.539321+00:00,1.0
2015-08-01,2015,2015-16,August,Lubricants & Greases,259.9294200000005,Thousand Metric Tonnes (TMT),PPAC,1777985064_PT_Consumption_English.xls,2015-16,16,2026-08-21T15:32:18.539321+00:00,1.0
2015-09-01,2015,2015-16,September,Lubricants & Greases,288.20655000000374,Thousand Metric Tonnes (TMT),PPAC,1777985064_PT_Consumption_English.xls,2015-16,16,2026-08-21T15:32:18.539321+00:00,1.0
2015-10-01,2015,2015-16,October,Lubricants & Greases,241.09439000000404,Thousand Metric Tonnes (TMT),PPAC,1777985064_PT_Consumption_English.xls,2015-16,16,2026-08-21T15:32:18.539321+00:00,1.0
2015-11-01,2015,2015-16,November,Lubricants & Greases,302.3918900000004,Thousand Metric Tonnes (TMT),PPAC,1777985064_PT_Consumption_English.xls,2015-16,16,2026-08-21T15:32:18.539321+00:00,1.0
2015-12-01,2015,2015-16,December,Lubricants & Greases,294.0051400000048,Thousand Metric Tonnes (TMT),PPAC,1777985064_PT_Consumption_English.xls,2015-16,16,2026-08-21T15:32:18.539321+00:00,1.0
2016-01-01,2016,2015-16,January,Lubricants & Greases,311.9907300000014,Thousand Metric Tonnes (TMT),PPAC,1777985064_PT_Consumption_English.xls,2015-16,16,2026-08-21T15:32:18.539321+00:00,1.0
2016-02-01,2016,2015-16,February,Lubricants & Greases,337.337500000006,Thousand Metric Tonnes (TMT),PPAC,1777985064_PT_Consumption_English.xls,2015-16,16,2026-08-21T15:32:18.539321+00:00,1.0
2016-03-01,2016,2015-16,March,Lubricants & Greases,403.3970900000042,Thousand Metric Tonnes (TMT),PPAC,1777985064_PT_Consumption_English.xls,2015-16,16,2026-08-21T15:32:18.539321+00:00,1.0
2015-04-01,2015,2015-16,April,FO & LSHS,485.7378399999997,Thousand Metric Tonnes (TMT),PPAC,1777985064_PT_Consumption_English.xls,2015-16,17,2026-08-21T15:32:18.539321+00:00,1.0
2015-05-01,2015,2015-16,May,FO & LSHS,448.7348400000001,Thousand Metric Tonnes (TMT),PPAC,1777985064_PT_Consumption_English.xls,2015-16,17,2026-08-21T15:32:18.539321+00:00,1.0
2015-06-01,2015,2015-16,June,FO & LSHS,509.37542000000053,Thousand Metric Tonnes (TMT),PPAC,1777985064_PT_Consumption_English.xls,2015-16,17,2026-08-21T15:32:18.539321+00:00,1.0
2015-07-01,2015,2015-16,July,FO & LSHS,536.55201,Thousand Metric Tonnes (TMT),PPAC,1777985064_PT_Consumption_English.xls,2015-16,17,2026-08-21T15:32:18.539321+00:00,1.0
2015-08-01,2015,2015-16,August,FO & LSHS,531.2621600000004,Thousand Metric Tonnes (TMT),PPAC,1777985064_PT_Consumption_English.xls,2015-16,17,2026-08-21T15:32:18.539321+00:00,1.0
2015-09-01,2015,2015-16,September,FO & LSHS,594.4827999999997,Thousand Metric Tonnes (TMT),PPAC,1777985064_PT_Consumption_English.xls,2015-16,17,2026-08-21T15:32:18.539321+00:00,1.0
2015-10-01,2015,2015-16,October,FO & LSHS,526.2391700000005,Thousand Metric Tonnes (TMT),PPAC,1777985064_PT_Consumption_English.xls,2015-16,17,2026-08-21T15:32:18.539321+00:00,1.0
2015-11-01,2015,2015-16,November,FO & LSHS,508.3160499999998,Thousand Metric Tonnes (TMT),PPAC,1777985064_PT_Consumption_English.xls,2015-16,17,2026-08-21T15:32:18.539321+00:00,1.0
2015-12-01,2015,2015-16,December,FO & LSHS,521.617830000001,Thousand Metric Tonnes (TMT),PPAC,1777985064_PT_Consumption_English.xls,2015-16,17,2026-08-21T15:32:18.539321+00:00,1.0
2016-01-01,2016,2015-16,January,FO & LSHS,627.6451499999996,Thousand Metric Tonnes (TMT),PPAC,1777985064_PT_Consumption_English.xls,2015-16,17,2026-08-21T15:32:18.539321+00:00,1.0
2016-02-01,2016,2015-16,February,FO & LSHS,602.5592500000015,Thousand Metric Tonnes (TMT),PPAC,1777985064_PT_Consumption_English.xls,2015-16,17,2026-08-21T15:32:18.539321+00:00,1.0
2016-03-01,2016,2015-16,March,FO & LSHS,739.7829999999999,Thousand Metric Tonnes (TMT),PPAC,1777985064_PT_Consumption_English.xls,2015-16,17,2026-08-21T15:32:18.539321+00:00,1.0
2015-04-01,2015,2015-16,April,Bitumen,565.3491069999993,Thousand Metric Tonnes (TMT),PPAC,1777985064_PT_Consumption_English.xls,2015-16,18,2026-08-21T15:32:18.539321+00:00,1.0
2015-05-01,2015,2015-16,May,Bitumen,591.5361139999999,Thousand Metric Tonnes (TMT),PPAC,1777985064_PT_Consumption_English.xls,2015-16,18,2026-08-21T15:32:18.539321+00:00,1.0
2015-06-01,2015,2015-16,June,Bitumen,460.98313499999995,Thousand Metric Tonnes (TMT),PPAC,1777985064_PT_Consumption_English.xls,2015-16,18,2026-08-21T15:32:18.539321+00:00,1.0
2015-07-01,2015,2015-16,July,Bitumen,285.6153940000002,Thousand Metric Tonnes (TMT),PPAC,1777985064_PT_Consumption_English.xls,2015-16,18,2026-08-21T15:32:18.539321+00:00,1.0
2015-08-01,2015,2015-16,August,Bitumen,239.10387499999985,Thousand Metric Tonnes (TMT),PPAC,1777985064_PT_Consumption_English.xls,2015-16,18,2026-08-21T15:32:18.539321+00:00,1.0
2015-09-01,2015,2015-16,September,Bitumen,301.3875379999996,Thousand Metric Tonnes (TMT),PPAC,1777985064_PT_Consumption_English.xls,2015-16,18,2026-08-21T15:32:18.539321+00:00,1.0
2015-10-01,2015,2015-16,October,Bitumen,519.5910910000001,Thousand Metric Tonnes (TMT),PPAC,1777985064_PT_Consumption_English.xls,2015-16,18,2026-08-21T15:32:18.539321+00:00,1.0
2015-11-01,2015,2015-16,November,Bitumen,432.8725019999997,Thousand Metric Tonnes (TMT),PPAC,1777985064_PT_Consumption_English.xls,2015-16,18,2026-08-21T15:32:18.539321+00:00,1.0
2015-12-01,2015,2015-16,December,Bitumen,568.7338119999994,Thousand Metric Tonnes (TMT),PPAC,1777985064_PT_Consumption_English.xls,2015-16,18,2026-08-21T15:32:18.539321+00:00,1.0
2016-01-01,2016,2015-16,January,Bitumen,549.9805819999999,Thousand Metric Tonnes (TMT),PPAC,1777985064_PT_Consumption_English.xls,2015-16,18,2026-08-21T15:32:18.539321+00:00,1.0
2016-02-01,2016,2015-16,February,Bitumen,635.1214800000002,Thousand Metric Tonnes (TMT),PPAC,1777985064_PT_Consumption_English.xls,2015-16,18,2026-08-21T15:32:18.539321+00:00,1.0
2016-03-01,2016,2015-16,March,Bitumen,787.6641230000009,Thousand Metric Tonnes (TMT),PPAC,1777985064_PT_Consumption_English.xls,2015-16,18,2026-08-21T15:32:18.539321+00:00,1.0
2015-04-01,2015,2015-16,April,Petroleum coke,1125.719282,Thousand Metric Tonnes (TMT),PPAC,1777985064_PT_Consumption_English.xls,2015-16,19,2026-08-21T15:32:18.539321+00:00,1.0
2015-05-01,2015,2015-16,May,Petroleum coke,1572.4271170000002,Thousand Metric Tonnes (TMT),PPAC,1777985064_PT_Consumption_English.xls,2015-16,19,2026-08-21T15:32:18.539321+00:00,1.0
2015-06-01,2015,2015-16,June,Petroleum coke,1263.2577100000003,Thousand Metric Tonnes (TMT),PPAC,1777985064_PT_Consumption_English.xls,2015-16,19,2026-08-21T15:32:18.539321+00:00,1.0
2015-07-01,2015,2015-16,July,Petroleum coke,1553.48108,Thousand Metric Tonnes (TMT),PPAC,1777985064_PT_Consumption_English.xls,2015-16,19,2026-08-21T15:32:18.539321+00:00,1.0
2015-08-01,2015,2015-16,August,Petroleum coke,1533.8376879999998,Thousand Metric Tonnes (TMT),PPAC,1777985064_PT_Consumption_English.xls,2015-16,19,2026-08-21T15:32:18.539321+00:00,1.0
2015-09-01,2015,2015-16,September,Petroleum coke,1634.4215880000002,Thousand Metric Tonnes (TMT),PPAC,1777985064_PT_Consumption_English.xls,2015-16,19,2026-08-21T15:32:18.539321+00:00,1.0
2015-10-01,2015,2015-16,October,Petroleum coke,1522.821042,Thousand Metric Tonnes (TMT),PPAC,1777985064_PT_Consumption_English.xls,2015-16,19,2026-08-21T15:32:18.539321+00:00,1.0
2015-11-01,2015,2015-16,November,Petroleum coke,1407.198305,Thousand Metric Tonnes (TMT),PPAC,1777985064_PT_Consumption_English.xls,2015-16,19,2026-08-21T15:32:18.539321+00:00,1.0
2015-12-01,2015,2015-16,December,Petroleum coke,1507.9799469999998,Thousand Metric Tonnes (TMT),PPAC,1777985064_PT_Consumption_English.xls,2015-16,19,2026-08-21T15:32:18.539321+00:00,1.0
2016-01-01,2016,2015-16,January,Petroleum coke,2158.7205399999993,Thousand Metric Tonnes (TMT),PPAC,1777985064_PT_Consumption_English.xls,2015-16,19,2026-08-21T15:32:18.539321+00:00,1.0
2016-02-01,2016,2015-16,February,Petroleum coke,2049.8316499999996,Thousand Metric Tonnes (TMT),PPAC,1777985064_PT_Consumption_English.xls,2015-16,19,2026-08-21T15:32:18.539321+00:00,1.0
2016-03-01,2016,2015-16,March,Petroleum coke,1967.7263300000006,Thousand Metric Tonnes (TMT),PPAC,1777985064_PT_Consumption_English.xls,2015-16,19,2026-08-21T15:32:18.539321+00:00,1.0
2015-04-01,2015,2015-16,April,Others,484.53777700000063,Thousand Metric Tonnes (TMT),PPAC,1777985064_PT_Consumption_English.xls,2015-16,20,2026-08-21T15:32:18.539321+00:00,1.0
2015-05-01,2015,2015-16,May,Others,504.16313500000007,Thousand Metric Tonnes (TMT),PPAC,1777985064_PT_Consumption_English.xls,2015-16,20,2026-08-21T15:32:18.539321+00:00,1.0
2015-06-01,2015,2015-16,June,Others,545.8939930000009,Thousand Metric Tonnes (TMT),PPAC,1777985064_PT_Consumption_English.xls,2015-16,20,2026-08-21T15:32:18.539321+00:00,1.0
2015-07-01,2015,2015-16,July,Others,479.35141399999986,Thousand Metric Tonnes (TMT),PPAC,1777985064_PT_Consumption_English.xls,2015-16,20,2026-08-21T15:32:18.539321+00:00,1.0
2015-08-01,2015,2015-16,August,Others,590.4485100000007,Thousand Metric Tonnes (TMT),PPAC,1777985064_PT_Consumption_English.xls,2015-16,20,2026-08-21T15:32:18.539321+00:00,1.0
2015-09-01,2015,2015-16,September,Others,559.4720889999999,Thousand Metric Tonnes (TMT),PPAC,1777985064_PT_Consumption_English.xls,2015-16,20,2026-08-21T15:32:18.539321+00:00,1.0
2015-10-01,2015,2015-16,October,Others,535.5833260000002,Thousand Metric Tonnes (TMT),PPAC,1777985064_PT_Consumption_English.xls,2015-16,20,2026-08-21T15:32:18.539321+00:00,1.0
2015-11-01,2015,2015-16,November,Others,549.7103470000009,Thousand Metric Tonnes (TMT),PPAC,1777985064_PT_Consumption_English.xls,2015-16,20,2026-08-21T15:32:18.539321+00:00,1.0
2015-12-01,2015,2015-16,December,Others,551.05393,Thousand Metric Tonnes (TMT),PPAC,1777985064_PT_Consumption_English.xls,2015-16,20,2026-08-21T15:32:18.539321+00:00,1.0
2016-01-01,2016,2015-16,January,Others,495.60192499999994,Thousand Metric Tonnes (TMT),PPAC,1777985064_PT_Consumption_English.xls,2015-16,20,2026-08-21T15:32:18.539321+00:00,1.0
2016-02-01,2016,2015-16,February,Others,526.4823950000019,Thousand Metric Tonnes (TMT),PPAC,1777985064_PT_Consumption_English.xls,2015-16,20,2026-08-21T15:32:18.539321+00:00,1.0
2016-03-01,2016,2015-16,March,Others,527.9099819999996,Thousand Metric Tonnes (TMT),PPAC,1777985064_PT_Consumption_English.xls,2015-16,20,2026-08-21T15:32:18.539321+00:00,1.0
2016-04-01,2016,2016-17,April,LPG,1596.6126859999972,Thousand Metric Tonnes (TMT),PPAC,1777985064_PT_Consumption_English.xls,2016-17,9,2026-08-21T15:32:18.546851+00:00,1.0
2016-05-01,2016,2016-17,May,LPG,1605.698180999999,Thousand Metric Tonnes (TMT),PPAC,1777985064_PT_Consumption_English.xls,2016-17,9,2026-08-21T15:32:18.546851+00:00,1.0
2016-06-01,2016,2016-17,June,LPG,1613.371746000004,Thousand Metric Tonnes (TMT),PPAC,1777985064_PT_Consumption_English.xls,2016-17,9,2026-08-21T15:32:18.546851+00:00,1.0
2016-07-01,2016,2016-17,July,LPG,1722.191211000002,Thousand Metric Tonnes (TMT),PPAC,1777985064_PT_Consumption_English.xls,2016-17,9,2026-08-21T15:32:18.546851+00:00,1.0
2016-08-01,2016,2016-17,August,LPG,1846.0275230000027,Thousand Metric Tonnes (TMT),PPAC,1777985064_PT_Consumption_English.xls,2016-17,9,2026-08-21T15:32:18.546851+00:00,1.0
2016-09-01,2016,2016-17,September,LPG,1872.8442140000047,Thousand Metric Tonnes (TMT),PPAC,1777985064_PT_Consumption_English.xls,2016-17,9,2026-08-21T15:32:18.546851+00:00,1.0
2016-10-01,2016,2016-17,October,LPG,1858.371363000005,Thousand Metric Tonnes (TMT),PPAC,1777985064_PT_Consumption_English.xls,2016-17,9,2026-08-21T15:32:18.546851+00:00,1.0
2016-11-01,2016,2016-17,November,LPG,1872.923978000005,Thousand Metric Tonnes (TMT),PPAC,1777985064_PT_Consumption_English.xls,2016-17,9,2026-08-21T15:32:18.546851+00:00,1.0
2016-12-01,2016,2016-17,December,LPG,1938.966653000002,Thousand Metric Tonnes (TMT),PPAC,1777985064_PT_Consumption_English.xls,2016-17,9,2026-08-21T15:32:18.546851+00:00,1.0
2017-01-01,2017,2016-17,January,LPG,1989.097579,Thousand Metric Tonnes (TMT),PPAC,1777985064_PT_Consumption_English.xls,2016-17,9,2026-08-21T15:32:18.546851+00:00,1.0
2017-02-01,2017,2016-17,February,LPG,1804.1048870000018,Thousand Metric Tonnes (TMT),PPAC,1777985064_PT_Consumption_English.xls,2016-17,9,2026-08-21T15:32:18.546851+00:00,1.0
2017-03-01,2017,2016-17,March,LPG,1888.0002170000055,Thousand Metric Tonnes (TMT),PPAC,1777985064_PT_Consumption_English.xls,2016-17,9,2026-08-21T15:32:18.546851+00:00,1.0
2016-04-01,2016,2016-17,April,Naphtha,1189.8808999999999,Thousand Metric Tonnes (TMT),PPAC,1777985064_PT_Consumption_English.xls,2016-17,10,2026-08-21T15:32:18.546851+00:00,1.0
2016-05-01,2016,2016-17,May,Naphtha,1080.80501,Thousand Metric Tonnes (TMT),PPAC,1777985064_PT_Consumption_English.xls,2016-17,10,2026-08-21T15:32:18.546851+00:00,1.0
2016-06-01,2016,2016-17,June,Naphtha,1127.3023,Thousand Metric Tonnes (TMT),PPAC,1777985064_PT_Consumption_English.xls,2016-17,10,2026-08-21T15:32:18.546851+00:00,1.0
2016-07-01,2016,2016-17,July,Naphtha,1199.36877,Thousand Metric Tonnes (TMT),PPAC,1777985064_PT_Consumption_English.xls,2016-17,10,2026-08-21T15:32:18.546851+00:00,1.0
2016-08-01,2016,2016-17,August,Naphtha,1146.0474100000001,Thousand Metric Tonnes (TMT),PPAC,1777985064_PT_Consumption_English.xls,2016-17,10,2026-08-21T15:32:18.546851+00:00,1.0
2016-09-01,2016,2016-17,September,Naphtha,1078.6314600000003,Thousand Metric Tonnes (TMT),PPAC,1777985064_PT_Consumption_English.xls,2016-17,10,2026-08-21T15:32:18.546851+00:00,1.0
2016-10-01,2016,2016-17,October,Naphtha,1155.38116,Thousand Metric Tonnes (TMT),PPAC,1777985064_PT_Consumption_English.xls,2016-17,10,2026-08-21T15:32:18.546851+00:00,1.0
2016-11-01,2016,2016-17,November,Naphtha,1074.9156100000002,Thousand Metric Tonnes (TMT),PPAC,1777985064_PT_Consumption_English.xls,2016-17,10,2026-08-21T15:32:18.546851+00:00,1.0
2016-12-01,2016,2016-17,December,Naphtha,1035.96773,Thousand Metric Tonnes (TMT),PPAC,1777985064_PT_Consumption_English.xls,2016-17,10,2026-08-21T15:32:18.546851+00:00,1.0
2017-01-01,2017,2016-17,January,Naphtha,986.77443,Thousand Metric Tonnes (TMT),PPAC,1777985064_PT_Consumption_English.xls,2016-17,10,2026-08-21T15:32:18.546851+00:00,1.0
2017-02-01,2017,2016-17,February,Naphtha,1070.2465300000001,Thousand Metric Tonnes (TMT),PPAC,1777985064_PT_Consumption_English.xls,2016-17,10,2026-08-21T15:32:18.546851+00:00,1.0
2017-03-01,2017,2016-17,March,Naphtha,1095.4592799999998,Thousand Metric Tonnes (TMT),PPAC,1777985064_PT_Consumption_English.xls,2016-17,10,2026-08-21T15:32:18.546851+00:00,1.0
2016-04-01,2016,2016-17,April,MS,1995.9326600000056,Thousand Metric Tonnes (TMT),PPAC,1777985064_PT_Consumption_English.xls,2016-17,11,2026-08-21T15:32:18.546851+00:00,1.0
2016-05-01,2016,2016-17,May,MS,2082.8463200000056,Thousand Metric Tonnes (TMT),PPAC,1777985064_PT_Consumption_English.xls,2016-17,11,2026-08-21T15:32:18.546851+00:00,1.0
2016-06-01,2016,2016-17,June,MS,1845.53021,Thousand Metric Tonnes (TMT),PPAC,1777985064_PT_Consumption_English.xls,2016-17,11,2026-08-21T15:32:18.546851+00:00,1.0
2016-07-01,2016,2016-17,July,MS,1917.8186100000016,Thousand Metric Tonnes (TMT),PPAC,1777985064_PT_Consumption_English.xls,2016-17,11,2026-08-21T15:32:18.546851+00:00,1.0
2016-08-01,2016,2016-17,August,MS,2204.495479999997,Thousand Metric Tonnes (TMT),PPAC,1777985064_PT_Consumption_English.xls,2016-17,11,2026-08-21T15:32:18.546851+00:00,1.0
2016-09-01,2016,2016-17,September,MS,1814.917139999999,Thousand Metric Tonnes (TMT),PPAC,1777985064_PT_Consumption_English.xls,2016-17,11,2026-08-21T15:32:18.546851+00:00,1.0
2016-10-01,2016,2016-17,October,MS,2105.8789400000037,Thousand Metric Tonnes (TMT),PPAC,1777985064_PT_Consumption_English.xls,2016-17,11,2026-08-21T15:32:18.546851+00:00,1.0
2016-11-01,2016,2016-17,November,MS,2026.3865999999955,Thousand Metric Tonnes (TMT),PPAC,1777985064_PT_Consumption_English.xls,2016-17,11,2026-08-21T15:32:18.546851+00:00,1.0
2016-12-01,2016,2016-17,December,MS,1964.9451799999954,Thousand Metric Tonnes (TMT),PPAC,1777985064_PT_Consumption_English.xls,2016-17,11,2026-08-21T15:32:18.546851+00:00,1.0
2017-01-01,2017,2016-17,January,MS,1804.4005199999967,Thousand Metric Tonnes (TMT),PPAC,1777985064_PT_Consumption_English.xls,2016-17,11,2026-08-21T15:32:18.546851+00:00,1.0
2017-02-01,2017,2016-17,February,MS,1896.3540999999998,Thousand Metric Tonnes (TMT),PPAC,1777985064_PT_Consumption_English.xls,2016-17,11,2026-08-21T15:32:18.546851+00:00,1.0
2017-03-01,2017,2016-17,March,MS,2105.4282699999976,Thousand Metric Tonnes (TMT),PPAC,1777985064_PT_Consumption_English.xls,2016-17,11,2026-08-21T15:32:18.546851+00:00,1.0
2016-04-01,2016,2016-17,April,ATF,556.9111799999998,Thousand Metric Tonnes (TMT),PPAC,1777985064_PT_Consumption_English.xls,2016-17,12,2026-08-21T15:32:18.546851+00:00,1.0
2016-05-01,2016,2016-17,May,ATF,571.17281,Thousand Metric Tonnes (TMT),PPAC,1777985064_PT_Consumption_English.xls,2016-17,12,2026-08-21T15:32:18.546851+00:00,1.0
2016-06-01,2016,2016-17,June,ATF,553.0915799999999,Thousand Metric Tonnes (TMT),PPAC,1777985064_PT_Consumption_English.xls,2016-17,12,2026-08-21T15:32:18.546851+00:00,1.0
2016-07-01,2016,2016-17,July,ATF,558.4530799999995,Thousand Metric Tonnes (TMT),PPAC,1777985064_PT_Consumption_English.xls,2016-17,12,2026-08-21T15:32:18.546851+00:00,1.0
2016-08-01,2016,2016-17,August,ATF,555.40459,Thousand Metric Tonnes (TMT),PPAC,1777985064_PT_Consumption_English.xls,2016-17,12,2026-08-21T15:32:18.546851+00:00,1.0
2016-09-01,2016,2016-17,September,ATF,573.7331099999997,Thousand Metric Tonnes (TMT),PPAC,1777985064_PT_Consumption_English.xls,2016-17,12,2026-08-21T15:32:18.546851+00:00,1.0
2016-10-01,2016,2016-17,October,ATF,569.93799,Thousand Metric Tonnes (TMT),PPAC,1777985064_PT_Consumption_English.xls,2016-17,12,2026-08-21T15:32:18.546851+00:00,1.0
2016-11-01,2016,2016-17,November,ATF,591.1680200000001,Thousand Metric Tonnes (TMT),PPAC,1777985064_PT_Consumption_English.xls,2016-17,12,2026-08-21T15:32:18.546851+00:00,1.0
2016-12-01,2016,2016-17,December,ATF,640.8330000000001,Thousand Metric Tonnes (TMT),PPAC,1777985064_PT_Consumption_English.xls,2016-17,12,2026-08-21T15:32:18.546851+00:00,1.0
2017-01-01,2017,2016-17,January,ATF,632.3767100000003,Thousand Metric Tonnes (TMT),PPAC,1777985064_PT_Consumption_English.xls,2016-17,12,2026-08-21T15:32:18.546851+00:00,1.0
2017-02-01,2017,2016-17,February,ATF,579.0765799999999,Thousand Metric Tonnes (TMT),PPAC,1777985064_PT_Consumption_English.xls,2016-17,12,2026-08-21T15:32:18.546851+00:00,1.0
2017-03-01,2017,2016-17,March,ATF,617.2067799999999,Thousand Metric Tonnes (TMT),PPAC,1777985064_PT_Consumption_English.xls,2016-17,12,2026-08-21T15:32:18.546851+00:00,1.0
2016-04-01,2016,2016-17,April,SKO,516.0513100000011,Thousand Metric Tonnes (TMT),PPAC,1777985064_PT_Consumption_English.xls,2016-17,13,2026-08-21T15:32:18.546851+00:00,1.0
2016-05-01,2016,2016-17,May,SKO,530.4168700000002,Thousand Metric Tonnes (TMT),PPAC,1777985064_PT_Consumption_English.xls,2016-17,13,2026-08-21T15:32:18.546851+00:00,1.0
2016-06-01,2016,2016-17,June,SKO,533.0199500000007,Thousand Metric Tonnes (TMT),PPAC,1777985064_PT_Consumption_English.xls,2016-17,13,2026-08-21T15:32:18.546851+00:00,1.0
2016-07-01,2016,2016-17,July,SKO,502.17108000000053,Thousand Metric Tonnes (TMT),PPAC,1777985064_PT_Consumption_English.xls,2016-17,13,2026-08-21T15:32:18.546851+00:00,1.0
2016-08-01,2016,2016-17,August,SKO,496.5467700000006,Thousand Metric Tonnes (TMT),PPAC,1777985064_PT_Consumption_English.xls,2016-17,13,2026-08-21T15:32:18.546851+00:00,1.0
2016-09-01,2016,2016-17,September,SKO,501.0198300000019,Thousand Metric Tonnes (TMT),PPAC,1777985064_PT_Consumption_English.xls,2016-17,13,2026-08-21T15:32:18.546851+00:00,1.0
2016-10-01,2016,2016-17,October,SKO,380.0299000000015,Thousand Metric Tonnes (TMT),PPAC,1777985064_PT_Consumption_English.xls,2016-17,13,2026-08-21T15:32:18.546851+00:00,1.0
2016-11-01,2016,2016-17,November,SKO,386.8454200000016,Thousand Metric Tonnes (TMT),PPAC,1777985064_PT_Consumption_English.xls,2016-17,13,2026-08-21T15:32:18.546851+00:00,1.0
2016-12-01,2016,2016-17,December,SKO,398.86923000000104,Thousand Metric Tonnes (TMT),PPAC,1777985064_PT_Consumption_English.xls,2016-17,13,2026-08-21T15:32:18.546851+00:00,1.0
2017-01-01,2017,2016-17,January,SKO,366.81302000000136,Thousand Metric Tonnes (TMT),PPAC,1777985064_PT_Consumption_English.xls,2016-17,13,2026-08-21T15:32:18.546851+00:00,1.0
2017-02-01,2017,2016-17,February,SKO,370.7933600000007,Thousand Metric Tonnes (TMT),PPAC,1777985064_PT_Consumption_English.xls,2016-17,13,2026-08-21T15:32:18.546851+00:00,1.0
2017-03-01,2017,2016-17,March,SKO,414.23665000000165,Thousand Metric Tonnes (TMT),PPAC,1777985064_PT_Consumption_English.xls,2016-17,13,2026-08-21T15:32:18.546851+00:00,1.0
2016-04-01,2016,2016-17,April,HSD,6767.950770000017,Thousand Metric Tonnes (TMT),PPAC,1777985064_PT_Consumption_English.xls,2016-17,14,2026-08-21T15:32:18.546851+00:00,1.0
2016-05-01,2016,2016-17,May,HSD,6957.708289999987,Thousand Metric Tonnes (TMT),PPAC,1777985064_PT_Consumption_English.xls,2016-17,14,2026-08-21T15:32:18.546851+00:00,1.0
2016-06-01,2016,2016-17,June,HSD,6386.061820000115,Thousand Metric Tonnes (TMT),PPAC,1777985064_PT_Consumption_English.xls,2016-17,14,2026-08-21T15:32:18.546851+00:00,1.0
2016-07-01,2016,2016-17,July,HSD,5806.809630000039,Thousand Metric Tonnes (TMT),PPAC,1777985064_PT_Consumption_English.xls,2016-17,14,2026-08-21T15:32:18.546851+00:00,1.0
2016-08-01,2016,2016-17,August,HSD,6133.66157999999,Thousand Metric Tonnes (TMT),PPAC,1777985064_PT_Consumption_English.xls,2016-17,14,2026-08-21T15:32:18.546851+00:00,1.0
2016-09-01,2016,2016-17,September,HSD,5212.850940000117,Thousand Metric Tonnes (TMT),PPAC,1777985064_PT_Consumption_English.xls,2016-17,14,2026-08-21T15:32:18.546851+00:00,1.0
2016-10-01,2016,2016-17,October,HSD,6674.655100000135,Thousand Metric Tonnes (TMT),PPAC,1777985064_PT_Consumption_English.xls,2016-17,14,2026-08-21T15:32:18.546851+00:00,1.0
2016-11-01,2016,2016-17,November,HSD,6749.892080000175,Thousand Metric Tonnes (TMT),PPAC,1777985064_PT_Consumption_English.xls,2016-17,14,2026-08-21T15:32:18.546851+00:00,1.0
2016-12-01,2016,2016-17,December,HSD,6570.319980000004,Thousand Metric Tonnes (TMT),PPAC,1777985064_PT_Consumption_English.xls,2016-17,14,2026-08-21T15:32:18.546851+00:00,1.0
2017-01-01,2017,2016-17,January,HSD,5803.511280000116,Thousand Metric Tonnes (TMT),PPAC,1777985064_PT_Consumption_English.xls,2016-17,14,2026-08-21T15:32:18.546851+00:00,1.0
2017-02-01,2017,2016-17,February,HSD,6160.9624199999935,Thousand Metric Tonnes (TMT),PPAC,1777985064_PT_Consumption_English.xls,2016-17,14,2026-08-21T15:32:18.546851+00:00,1.0
2017-03-01,2017,2016-17,March,HSD,6802.187370000181,Thousand Metric Tonnes (TMT),PPAC,1777985064_PT_Consumption_English.xls,2016-17,14,2026-08-21T15:32:18.546851+00:00,1.0
2016-04-01,2016,2016-17,April,LDO,33.85068999999999,Thousand Metric Tonnes (TMT),PPAC,1777985064_PT_Consumption_English.xls,2016-17,15,2026-08-21T15:32:18.546851+00:00,1.0
2016-05-01,2016,2016-17,May,LDO,36.02014000000001,Thousand Metric Tonnes (TMT),PPAC,1777985064_PT_Consumption_English.xls,2016-17,15,2026-08-21T15:32:18.546851+00:00,1.0
2016-06-01,2016,2016-17,June,LDO,36.95276,Thousand Metric Tonnes (TMT),PPAC,1777985064_PT_Consumption_English.xls,2016-17,15,2026-08-21T15:32:18.546851+00:00,1.0
2016-07-01,2016,2016-17,July,LDO,35.348010000000016,Thousand Metric Tonnes (TMT),PPAC,1777985064_PT_Consumption_English.xls,2016-17,15,2026-08-21T15:32:18.546851+00:00,1.0
2016-08-01,2016,2016-17,August,LDO,40.851659999999995,Thousand Metric Tonnes (TMT),PPAC,1777985064_PT_Consumption_English.xls,2016-17,15,2026-08-21T15:32:18.546851+00:00,1.0
2016-09-01,2016,2016-17,September,LDO,36.79668,Thousand Metric Tonnes (TMT),PPAC,1777985064_PT_Consumption_English.xls,2016-17,15,2026-08-21T15:32:18.546851+00:00,1.0
2016-10-01,2016,2016-17,October,LDO,42.81631000000001,Thousand Metric Tonnes (TMT),PPAC,1777985064_PT_Consumption_English.xls,2016-17,15,2026-08-21T15:32:18.546851+00:00,1.0
2016-11-01,2016,2016-17,November,LDO,41.54571999999999,Thousand Metric Tonnes (TMT),PPAC,1777985064_PT_Consumption_English.xls,2016-17,15,2026-08-21T15:32:18.546851+00:00,1.0
2016-12-01,2016,2016-17,December,LDO,39.34647000000005,Thousand Metric Tonnes (TMT),PPAC,1777985064_PT_Consumption_English.xls,2016-17,15,2026-08-21T15:32:18.546851+00:00,1.0
2017-01-01,2017,2016-17,January,LDO,34.95231000000003,Thousand Metric Tonnes (TMT),PPAC,1777985064_PT_Consumption_English.xls,2016-17,15,2026-08-21T15:32:18.546851+00:00,1.0
2017-02-01,2017,2016-17,February,LDO,35.157720000000005,Thousand Metric Tonnes (TMT),PPAC,1777985064_PT_Consumption_English.xls,2016-17,15,2026-08-21T15:32:18.546851+00:00,1.0
2017-03-01,2017,2016-17,March,LDO,35.34594,Thousand Metric Tonnes (TMT),PPAC,1777985064_PT_Consumption_English.xls,2016-17,15,2026-08-21T15:32:18.546851+00:00,1.0
2016-04-01,2016,2016-17,April,Lubricants & Greases,282.97249000000096,Thousand Metric Tonnes (TMT),PPAC,1777985064_PT_Consumption_English.xls,2016-17,16,2026-08-21T15:32:18.546851+00:00,1.0
2016-05-01,2016,2016-17,May,Lubricants & Greases,298.6305500000022,Thousand Metric Tonnes (TMT),PPAC,1777985064_PT_Consumption_English.xls,2016-17,16,2026-08-21T15:32:18.546851+00:00,1.0
2016-06-01,2016,2016-17,June,Lubricants & Greases,335.480300000004,Thousand Metric Tonnes (TMT),PPAC,1777985064_PT_Consumption_English.xls,2016-17,16,2026-08-21T15:32:18.546851+00:00,1.0
2016-07-01,2016,2016-17,July,Lubricants & Greases,324.35058000000197,Thousand Metric Tonnes (TMT),PPAC,1777985064_PT_Consumption_English.xls,2016-17,16,2026-08-21T15:32:18.546851+00:00,1.0
2016-08-01,2016,2016-17,August,Lubricants & Greases,254.44332000000122,Thousand Metric Tonnes (TMT),PPAC,1777985064_PT_Consumption_English.xls,2016-17,16,2026-08-21T15:32:18.546851+00:00,1.0
2016-09-01,2016,2016-17,September,Lubricants & Greases,247.21114000000392,Thousand Metric Tonnes (TMT),PPAC,1777985064_PT_Consumption_English.xls,2016-17,16,2026-08-21T15:32:18.546851+00:00,1.0
2016-10-01,2016,2016-17,October,Lubricants & Greases,276.40387000000203,Thousand Metric Tonnes (TMT),PPAC,1777985064_PT_Consumption_English.xls,2016-17,16,2026-08-21T15:32:18.546851+00:00,1.0
2016-11-01,2016,2016-17,November,Lubricants & Greases,296.1054000000045,Thousand Metric Tonnes (TMT),PPAC,1777985064_PT_Consumption_English.xls,2016-17,16,2026-08-21T15:32:18.546851+00:00,1.0
2016-12-01,2016,2016-17,December,Lubricants & Greases,295.53882000000243,Thousand Metric Tonnes (TMT),PPAC,1777985064_PT_Consumption_English.xls,2016-17,16,2026-08-21T15:32:18.546851+00:00,1.0
2017-01-01,2017,2016-17,January,Lubricants & Greases,275.75337000000275,Thousand Metric Tonnes (TMT),PPAC,1777985064_PT_Consumption_English.xls,2016-17,16,2026-08-21T15:32:18.546851+00:00,1.0
2017-02-01,2017,2016-17,February,Lubricants & Greases,283.09469000000314,Thousand Metric Tonnes (TMT),PPAC,1777985064_PT_Consumption_English.xls,2016-17,16,2026-08-21T15:32:18.546851+00:00,1.0
2017-03-01,2017,2016-17,March,Lubricants & Greases,300.08311000000845,Thousand Metric Tonnes (TMT),PPAC,1777985064_PT_Consumption_English.xls,2016-17,16,2026-08-21T15:32:18.546851+00:00,1.0
2016-04-01,2016,2016-17,April,FO & LSHS,655.4955300000004,Thousand Metric Tonnes (TMT),PPAC,1777985064_PT_Consumption_English.xls,2016-17,17,2026-08-21T15:32:18.546851+00:00,1.0
2016-05-01,2016,2016-17,May,FO & LSHS,638.6002300000001,Thousand Metric Tonnes (TMT),PPAC,1777985064_PT_Consumption_English.xls,2016-17,17,2026-08-21T15:32:18.546851+00:00,1.0
2016-06-01,2016,2016-17,June,FO & LSHS,633.8489100000007,Thousand Metric Tonnes (TMT),PPAC,1777985064_PT_Consumption_English.xls,2016-17,17,2026-08-21T15:32:18.546851+00:00,1.0
2016-07-01,2016,2016-17,July,FO & LSHS,596.2014900000001,Thousand Metric Tonnes (TMT),PPAC,1777985064_PT_Consumption_English.xls,2016-17,17,2026-08-21T15:32:18.546851+00:00,1.0
2016-08-01,2016,2016-17,August,FO & LSHS,581.71336,Thousand Metric Tonnes (TMT),PPAC,1777985064_PT_Consumption_English.xls,2016-17,17,2026-08-21T15:32:18.546851+00:00,1.0
2016-09-01,2016,2016-17,September,FO & LSHS,633.5790200000004,Thousand Metric Tonnes (TMT),PPAC,1777985064_PT_Consumption_English.xls,2016-17,17,2026-08-21T15:32:18.546851+00:00,1.0
2016-10-01,2016,2016-17,October,FO & LSHS,609.9740500000008,Thousand Metric Tonnes (TMT),PPAC,1777985064_PT_Consumption_English.xls,2016-17,17,2026-08-21T15:32:18.546851+00:00,1.0
2016-11-01,2016,2016-17,November,FO & LSHS,564.5919300000011,Thousand Metric Tonnes (TMT),PPAC,1777985064_PT_Consumption_English.xls,2016-17,17,2026-08-21T15:32:18.546851+00:00,1.0
2016-12-01,2016,2016-17,December,FO & LSHS,611.4142300000004,Thousand Metric Tonnes (TMT),PPAC,1777985064_PT_Consumption_English.xls,2016-17,17,2026-08-21T15:32:18.546851+00:00,1.0
2017-01-01,2017,2016-17,January,FO & LSHS,542.4293099999994,Thousand Metric Tonnes (TMT),PPAC,1777985064_PT_Consumption_English.xls,2016-17,17,2026-08-21T15:32:18.546851+00:00,1.0
2017-02-01,2017,2016-17,February,FO & LSHS,526.1653999999997,Thousand Metric Tonnes (TMT),PPAC,1777985064_PT_Consumption_English.xls,2016-17,17,2026-08-21T15:32:18.546851+00:00,1.0
2017-03-01,2017,2016-17,March,FO & LSHS,556.4158999999996,Thousand Metric Tonnes (TMT),PPAC,1777985064_PT_Consumption_English.xls,2016-17,17,2026-08-21T15:32:18.546851+00:00,1.0
2016-04-01,2016,2016-17,April,Bitumen,677.8205599999995,Thousand Metric Tonnes (TMT),PPAC,1777985064_PT_Consumption_English.xls,2016-17,18,2026-08-21T15:32:18.546851+00:00,1.0
2016-05-01,2016,2016-17,May,Bitumen,683.9452289999995,Thousand Metric Tonnes (TMT),PPAC,1777985064_PT_Consumption_English.xls,2016-17,18,2026-08-21T15:32:18.546851+00:00,1.0
2016-06-01,2016,2016-17,June,Bitumen,509.7488160000003,Thousand Metric Tonnes (TMT),PPAC,1777985064_PT_Consumption_English.xls,2016-17,18,2026-08-21T15:32:18.546851+00:00,1.0
2016-07-01,2016,2016-17,July,Bitumen,227.228311,Thousand Metric Tonnes (TMT),PPAC,1777985064_PT_Consumption_English.xls,2016-17,18,2026-08-21T15:32:18.546851+00:00,1.0
2016-08-01,2016,2016-17,August,Bitumen,210.61174200000005,Thousand Metric Tonnes (TMT),PPAC,1777985064_PT_Consumption_English.xls,2016-17,18,2026-08-21T15:32:18.546851+00:00,1.0
2016-09-01,2016,2016-17,September,Bitumen,267.2729899999998,Thousand Metric Tonnes (TMT),PPAC,1777985064_PT_Consumption_English.xls,2016-17,18,2026-08-21T15:32:18.546851+00:00,1.0
2016-10-01,2016,2016-17,October,Bitumen,456.8394220000001,Thousand Metric Tonnes (TMT),PPAC,1777985064_PT_Consumption_English.xls,2016-17,18,2026-08-21T15:32:18.546851+00:00,1.0
2016-11-01,2016,2016-17,November,Bitumen,529.5514719999994,Thousand Metric Tonnes (TMT),PPAC,1777985064_PT_Consumption_English.xls,2016-17,18,2026-08-21T15:32:18.546851+00:00,1.0
2016-12-01,2016,2016-17,December,Bitumen,572.4460819999998,Thousand Metric Tonnes (TMT),PPAC,1777985064_PT_Consumption_English.xls,2016-17,18,2026-08-21T15:32:18.546851+00:00,1.0
2017-01-01,2017,2016-17,January,Bitumen,509.30466799999954,Thousand Metric Tonnes (TMT),PPAC,1777985064_PT_Consumption_English.xls,2016-17,18,2026-08-21T15:32:18.546851+00:00,1.0
2017-02-01,2017,2016-17,February,Bitumen,571.1717779999998,Thousand Metric Tonnes (TMT),PPAC,1777985064_PT_Consumption_English.xls,2016-17,18,2026-08-21T15:32:18.546851+00:00,1.0
2017-03-01,2017,2016-17,March,Bitumen,719.5599480000005,Thousand Metric Tonnes (TMT),PPAC,1777985064_PT_Consumption_English.xls,2016-17,18,2026-08-21T15:32:18.546851+00:00,1.0
2016-04-01,2016,2016-17,April,Petroleum coke,1684.2838749999999,Thousand Metric Tonnes (TMT),PPAC,1777985064_PT_Consumption_English.xls,2016-17,19,2026-08-21T15:32:18.546851+00:00,1.0
2016-05-01,2016,2016-17,May,Petroleum coke,1931.38473,Thousand Metric Tonnes (TMT),PPAC,1777985064_PT_Consumption_English.xls,2016-17,19,2026-08-21T15:32:18.546851+00:00,1.0
2016-06-01,2016,2016-17,June,Petroleum coke,2412.0021249999995,Thousand Metric Tonnes (TMT),PPAC,1777985064_PT_Consumption_English.xls,2016-17,19,2026-08-21T15:32:18.546851+00:00,1.0
2016-07-01,2016,2016-17,July,Petroleum coke,2172.9799270000008,Thousand Metric Tonnes (TMT),PPAC,1777985064_PT_Consumption_English.xls,2016-17,19,2026-08-21T15:32:18.546851+00:00,1.0
2016-08-01,2016,2016-17,August,Petroleum coke,2778.9104149999994,Thousand Metric Tonnes (TMT),PPAC,1777985064_PT_Consumption_English.xls,2016-17,19,2026-08-21T15:32:18.546851+00:00,1.0
2016-09-01,2016,2016-17,September,Petroleum coke,1977.6695920000002,Thousand Metric Tonnes (TMT),PPAC,1777985064_PT_Consumption_English.xls,2016-17,19,2026-08-21T15:32:18.546851+00:00,1.0
2016-10-01,2016,2016-17,October,Petroleum coke,1902.015604,Thousand Metric Tonnes (TMT),PPAC,1777985064_PT_Consumption_English.xls,2016-17,19,2026-08-21T15:32:18.546851+00:00,1.0
2016-11-01,2016,2016-17,November,Petroleum coke,1729.1749849999997,Thousand Metric Tonnes (TMT),PPAC,1777985064_PT_Consumption_English.xls,2016-17,19,2026-08-21T15:32:18.546851+00:00,1.0
2016-12-01,2016,2016-17,December,Petroleum coke,1648.8336720000002,Thousand Metric Tonnes (TMT),PPAC,1777985064_PT_Consumption_English.xls,2016-17,19,2026-08-21T15:32:18.546851+00:00,1.0
2017-01-01,2017,2016-17,January,Petroleum coke,1815.2899089999996,Thousand Metric Tonnes (TMT),PPAC,1777985064_PT_Consumption_English.xls,2016-17,19,2026-08-21T15:32:18.546851+00:00,1.0
2017-02-01,2017,2016-17,February,Petroleum coke,1725.2933300000004,Thousand Metric Tonnes (TMT),PPAC,1777985064_PT_Consumption_English.xls,2016-17,19,2026-08-21T15:32:18.546851+00:00,1.0
2017-03-01,2017,2016-17,March,Petroleum coke,2186.1479009999994,Thousand Metric Tonnes (TMT),PPAC,1777985064_PT_Consumption_English.xls,2016-17,19,2026-08-21T15:32:18.546851+00:00,1.0
2016-04-01,2016,2016-17,April,Others,492.6375910000003,Thousand Metric Tonnes (TMT),PPAC,1777985064_PT_Consumption_English.xls,2016-17,20,2026-08-21T15:32:18.546851+00:00,1.0
2016-05-01,2016,2016-17,May,Others,522.483823,Thousand Metric Tonnes (TMT),PPAC,1777985064_PT_Consumption_English.xls,2016-17,20,2026-08-21T15:32:18.546851+00:00,1.0
2016-06-01,2016,2016-17,June,Others,563.7754680000011,Thousand Metric Tonnes (TMT),PPAC,1777985064_PT_Consumption_English.xls,2016-17,20,2026-08-21T15:32:18.546851+00:00,1.0
2016-07-01,2016,2016-17,July,Others,595.5985719999998,Thousand Metric Tonnes (TMT),PPAC,1777985064_PT_Consumption_English.xls,2016-17,20,2026-08-21T15:32:18.546851+00:00,1.0
2016-08-01,2016,2016-17,August,Others,562.0169399999999,Thousand Metric Tonnes (TMT),PPAC,1777985064_PT_Consumption_English.xls,2016-17,20,2026-08-21T15:32:18.546851+00:00,1.0
2016-09-01,2016,2016-17,September,Others,565.1485420000001,Thousand Metric Tonnes (TMT),PPAC,1777985064_PT_Consumption_English.xls,2016-17,20,2026-08-21T15:32:18.546851+00:00,1.0
2016-10-01,2016,2016-17,October,Others,562.8074930000012,Thousand Metric Tonnes (TMT),PPAC,1777985064_PT_Consumption_English.xls,2016-17,20,2026-08-21T15:32:18.546851+00:00,1.0
2016-11-01,2016,2016-17,November,Others,524.4771019999998,Thousand Metric Tonnes (TMT),PPAC,1777985064_PT_Consumption_English.xls,2016-17,20,2026-08-21T15:32:18.546851+00:00,1.0
2016-12-01,2016,2016-17,December,Others,459.2619529999999,Thousand Metric Tonnes (TMT),PPAC,1777985064_PT_Consumption_English.xls,2016-17,20,2026-08-21T15:32:18.546851+00:00,1.0
2017-01-01,2017,2016-17,January,Others,573.5412649999997,Thousand Metric Tonnes (TMT),PPAC,1777985064_PT_Consumption_English.xls,2016-17,20,2026-08-21T15:32:18.546851+00:00,1.0
2017-02-01,2017,2016-17,February,Others,518.9081849999998,Thousand Metric Tonnes (TMT),PPAC,1777985064_PT_Consumption_English.xls,2016-17,20,2026-08-21T15:32:18.546851+00:00,1.0
2017-03-01,2017,2016-17,March,Others,650.9670670000007,Thousand Metric Tonnes (TMT),PPAC,1777985064_PT_Consumption_English.xls,2016-17,20,2026-08-21T15:32:18.546851+00:00,1.0
2017-04-01,2017,2017-18,April,LPG,1657.143010000006,Thousand Metric Tonnes (TMT),PPAC,1777985064_PT_Consumption_English.xls,2017-18,9,2026-08-21T15:32:18.554908+00:00,1.0
2017-05-01,2017,2017-18,May,LPG,1790.3112030000102,Thousand Metric Tonnes (TMT),PPAC,1777985064_PT_Consumption_English.xls,2017-18,9,2026-08-21T15:32:18.554908+00:00,1.0
2017-06-01,2017,2017-18,June,LPG,1885.1889760000047,Thousand Metric Tonnes (TMT),PPAC,1777985064_PT_Consumption_English.xls,2017-18,9,2026-08-21T15:32:18.554908+00:00,1.0
2017-07-01,2017,2017-18,July,LPG,1927.2814810000082,Thousand Metric Tonnes (TMT),PPAC,1777985064_PT_Consumption_English.xls,2017-18,9,2026-08-21T15:32:18.554908+00:00,1.0
2017-08-01,2017,2017-18,August,LPG,2048.7699940000048,Thousand Metric Tonnes (TMT),PPAC,1777985064_PT_Consumption_English.xls,2017-18,9,2026-08-21T15:32:18.554908+00:00,1.0
2017-09-01,2017,2017-18,September,LPG,1933.7199830000054,Thousand Metric Tonnes (TMT),PPAC,1777985064_PT_Consumption_English.xls,2017-18,9,2026-08-21T15:32:18.554908+00:00,1.0
2017-10-01,2017,2017-18,October,LPG,1970.3910690000014,Thousand Metric Tonnes (TMT),PPAC,1777985064_PT_Consumption_English.xls,2017-18,9,2026-08-21T15:32:18.554908+00:00,1.0
2017-11-01,2017,2017-18,November,LPG,1997.518678000006,Thousand Metric Tonnes (TMT),PPAC,1777985064_PT_Consumption_English.xls,2017-18,9,2026-08-21T15:32:18.554908+00:00,1.0
2017-12-01,2017,2017-18,December,LPG,2050.593550000001,Thousand Metric Tonnes (TMT),PPAC,1777985064_PT_Consumption_English.xls,2017-18,9,2026-08-21T15:32:18.554908+00:00,1.0
2018-01-01,2018,2017-18,January,LPG,2081.7360590000058,Thousand Metric Tonnes (TMT),PPAC,1777985064_PT_Consumption_English.xls,2017-18,9,2026-08-21T15:32:18.554908+00:00,1.0
2018-02-01,2018,2017-18,February,LPG,1940.311725000005,Thousand Metric Tonnes (TMT),PPAC,1777985064_PT_Consumption_English.xls,2017-18,9,2026-08-21T15:32:18.554908+00:00,1.0
2018-03-01,2018,2017-18,March,LPG,2058.855311000007,Thousand Metric Tonnes (TMT),PPAC,1777985064_PT_Consumption_English.xls,2017-18,9,2026-08-21T15:32:18.554908+00:00,1.0
2017-04-01,2017,2017-18,April,Naphtha,999.5402000000001,Thousand Metric Tonnes (TMT),PPAC,1777985064_PT_Consumption_English.xls,2017-18,10,2026-08-21T15:32:18.554908+00:00,1.0
2017-05-01,2017,2017-18,May,Naphtha,1005.63599,Thousand Metric Tonnes (TMT),PPAC,1777985064_PT_Consumption_English.xls,2017-18,10,2026-08-21T15:32:18.554908+00:00,1.0
2017-06-01,2017,2017-18,June,Naphtha,967.44178,Thousand Metric Tonnes (TMT),PPAC,1777985064_PT_Consumption_English.xls,2017-18,10,2026-08-21T15:32:18.554908+00:00,1.0
2017-07-01,2017,2017-18,July,Naphtha,732.4451599999999,Thousand Metric Tonnes (TMT),PPAC,1777985064_PT_Consumption_English.xls,2017-18,10,2026-08-21T15:32:18.554908+00:00,1.0
2017-08-01,2017,2017-18,August,Naphtha,1125.82213,Thousand Metric Tonnes (TMT),PPAC,1777985064_PT_Consumption_English.xls,2017-18,10,2026-08-21T15:32:18.554908+00:00,1.0
2017-09-01,2017,2017-18,September,Naphtha,1171.07106,Thousand Metric Tonnes (TMT),PPAC,1777985064_PT_Consumption_English.xls,2017-18,10,2026-08-21T15:32:18.554908+00:00,1.0
2017-10-01,2017,2017-18,October,Naphtha,1176.3003999999999,Thousand Metric Tonnes (TMT),PPAC,1777985064_PT_Consumption_English.xls,2017-18,10,2026-08-21T15:32:18.554908+00:00,1.0
2017-11-01,2017,2017-18,November,Naphtha,1100.4664699999998,Thousand Metric Tonnes (TMT),PPAC,1777985064_PT_Consumption_English.xls,2017-18,10,2026-08-21T15:32:18.554908+00:00,1.0
2017-12-01,2017,2017-18,December,Naphtha,1106.7074799999998,Thousand Metric Tonnes (TMT),PPAC,1777985064_PT_Consumption_English.xls,2017-18,10,2026-08-21T15:32:18.554908+00:00,1.0
2018-01-01,2018,2017-18,January,Naphtha,1273.67582,Thousand Metric Tonnes (TMT),PPAC,1777985064_PT_Consumption_English.xls,2017-18,10,2026-08-21T15:32:18.554908+00:00,1.0
2018-02-01,2018,2017-18,February,Naphtha,1025.5939600000002,Thousand Metric Tonnes (TMT),PPAC,1777985064_PT_Consumption_English.xls,2017-18,10,2026-08-21T15:32:18.554908+00:00,1.0
2018-03-01,2018,2017-18,March,Naphtha,1203.90654,Thousand Metric Tonnes (TMT),PPAC,1777985064_PT_Consumption_English.xls,2017-18,10,2026-08-21T15:32:18.554908+00:00,1.0
2017-04-01,2017,2017-18,April,MS,2089.9955399999976,Thousand Metric Tonnes (TMT),PPAC,1777985064_PT_Consumption_English.xls,2017-18,11,2026-08-21T15:32:18.554908+00:00,1.0
2017-05-01,2017,2017-18,May,MS,2409.0589199999927,Thousand Metric Tonnes (TMT),PPAC,1777985064_PT_Consumption_English.xls,2017-18,11,2026-08-21T15:32:18.554908+00:00,1.0
2017-06-01,2017,2017-18,June,MS,2070.5202899999836,Thousand Metric Tonnes (TMT),PPAC,1777985064_PT_Consumption_English.xls,2017-18,11,2026-08-21T15:32:18.554908+00:00,1.0
2017-07-01,2017,2017-18,July,MS,2145.668759999982,Thousand Metric Tonnes (TMT),PPAC,1777985064_PT_Consumption_English.xls,2017-18,11,2026-08-21T15:32:18.554908+00:00,1.0
2017-08-01,2017,2017-18,August,MS,2191.3433999999997,Thousand Metric Tonnes (TMT),PPAC,1777985064_PT_Consumption_English.xls,2017-18,11,2026-08-21T15:32:18.554908+00:00,1.0
2017-09-01,2017,2017-18,September,MS,2143.304659999993,Thousand Metric Tonnes (TMT),PPAC,1777985064_PT_Consumption_English.xls,2017-18,11,2026-08-21T15:32:18.554908+00:00,1.0
2017-10-01,2017,2017-18,October,MS,2227.774499999982,Thousand Metric Tonnes (TMT),PPAC,1777985064_PT_Consumption_English.xls,2017-18,11,2026-08-21T15:32:18.554908+00:00,1.0
2017-11-01,2017,2017-18,November,MS,2131.8304799999983,Thousand Metric Tonnes (TMT),PPAC,1777985064_PT_Consumption_English.xls,2017-18,11,2026-08-21T15:32:18.554908+00:00,1.0
2017-12-01,2017,2017-18,December,MS,2176.829160000004,Thousand Metric Tonnes (TMT),PPAC,1777985064_PT_Consumption_English.xls,2017-18,11,2026-08-21T15:32:18.554908+00:00,1.0
2018-01-01,2018,2017-18,January,MS,2095.8993599999835,Thousand Metric Tonnes (TMT),PPAC,1777985064_PT_Consumption_English.xls,2017-18,11,2026-08-21T15:32:18.554908+00:00,1.0
2018-02-01,2018,2017-18,February,MS,2088.4729999999886,Thousand Metric Tonnes (TMT),PPAC,1777985064_PT_Consumption_English.xls,2017-18,11,2026-08-21T15:32:18.554908+00:00,1.0
2018-03-01,2018,2017-18,March,MS,2403.780289999983,Thousand Metric Tonnes (TMT),PPAC,1777985064_PT_Consumption_English.xls,2017-18,11,2026-08-21T15:32:18.554908+00:00,1.0
2017-04-01,2017,2017-18,April,ATF,610.1501,Thousand Metric Tonnes (TMT),PPAC,1777985064_PT_Consumption_English.xls,2017-18,12,2026-08-21T15:32:18.554908+00:00,1.0
2017-05-01,2017,2017-18,May,ATF,627.2557599999999,Thousand Metric Tonnes (TMT),PPAC,1777985064_PT_Consumption_English.xls,2017-18,12,2026-08-21T15:32:18.554908+00:00,1.0
2017-06-01,2017,2017-18,June,ATF,600.64267,Thousand Metric Tonnes (TMT),PPAC,1777985064_PT_Consumption_English.xls,2017-18,12,2026-08-21T15:32:18.554908+00:00,1.0
2017-07-01,2017,2017-18,July,ATF,611.0663200000001,Thousand Metric Tonnes (TMT),PPAC,1777985064_PT_Consumption_English.xls,2017-18,12,2026-08-21T15:32:18.554908+00:00,1.0
2017-08-01,2017,2017-18,August,ATF,612.9216299999998,Thousand Metric Tonnes (TMT),PPAC,1777985064_PT_Consumption_English.xls,2017-18,12,2026-08-21T15:32:18.554908+00:00,1.0
2017-09-01,2017,2017-18,September,ATF,614.7202300000002,Thousand Metric Tonnes (TMT),PPAC,1777985064_PT_Consumption_English.xls,2017-18,12,2026-08-21T15:32:18.554908+00:00,1.0
2017-10-01,2017,2017-18,October,ATF,632.3152100000001,Thousand Metric Tonnes (TMT),PPAC,1777985064_PT_Consumption_English.xls,2017-18,12,2026-08-21T15:32:18.554908+00:00,1.0
2017-11-01,2017,2017-18,November,ATF,650.2474700000001,Thousand Metric Tonnes (TMT),PPAC,1777985064_PT_Consumption_English.xls,2017-18,12,2026-08-21T15:32:18.554908+00:00,1.0
2017-12-01,2017,2017-18,December,ATF,661.44823,Thousand Metric Tonnes (TMT),PPAC,1777985064_PT_Consumption_English.xls,2017-18,12,2026-08-21T15:32:18.554908+00:00,1.0
2018-01-01,2018,2017-18,January,ATF,707.6952899999994,Thousand Metric Tonnes (TMT),PPAC,1777985064_PT_Consumption_English.xls,2017-18,12,2026-08-21T15:32:18.554908+00:00,1.0
2018-02-01,2018,2017-18,February,ATF,615.03534,Thousand Metric Tonnes (TMT),PPAC,1777985064_PT_Consumption_English.xls,2017-18,12,2026-08-21T15:32:18.554908+00:00,1.0
2018-03-01,2018,2017-18,March,ATF,691.3650200000003,Thousand Metric Tonnes (TMT),PPAC,1777985064_PT_Consumption_English.xls,2017-18,12,2026-08-21T15:32:18.554908+00:00,1.0
2017-04-01,2017,2017-18,April,SKO,331.19230000000107,Thousand Metric Tonnes (TMT),PPAC,1777985064_PT_Consumption_English.xls,2017-18,13,2026-08-21T15:32:18.554908+00:00,1.0
2017-05-01,2017,2017-18,May,SKO,352.9864300000006,Thousand Metric Tonnes (TMT),PPAC,1777985064_PT_Consumption_English.xls,2017-18,13,2026-08-21T15:32:18.554908+00:00,1.0
2017-06-01,2017,2017-18,June,SKO,357.4122800000008,Thousand Metric Tonnes (TMT),PPAC,1777985064_PT_Consumption_English.xls,2017-18,13,2026-08-21T15:32:18.554908+00:00,1.0
2017-07-01,2017,2017-18,July,SKO,317.355990000001,Thousand Metric Tonnes (TMT),PPAC,1777985064_PT_Consumption_English.xls,2017-18,13,2026-08-21T15:32:18.554908+00:00,1.0
2017-08-01,2017,2017-18,August,SKO,291.90496000000064,Thousand Metric Tonnes (TMT),PPAC,1777985064_PT_Consumption_English.xls,2017-18,13,2026-08-21T15:32:18.554908+00:00,1.0
2017-09-01,2017,2017-18,September,SKO,332.93599000000125,Thousand Metric Tonnes (TMT),PPAC,1777985064_PT_Consumption_English.xls,2017-18,13,2026-08-21T15:32:18.554908+00:00,1.0
2017-10-01,2017,2017-18,October,SKO,311.1924100000004,Thousand Metric Tonnes (TMT),PPAC,1777985064_PT_Consumption_English.xls,2017-18,13,2026-08-21T15:32:18.554908+00:00,1.0
2017-11-01,2017,2017-18,November,SKO,313.9258800000017,Thousand Metric Tonnes (TMT),PPAC,1777985064_PT_Consumption_English.xls,2017-18,13,2026-08-21T15:32:18.554908+00:00,1.0
2017-12-01,2017,2017-18,December,SKO,325.34221000000065,Thousand Metric Tonnes (TMT),PPAC,1777985064_PT_Consumption_English.xls,2017-18,13,2026-08-21T15:32:18.554908+00:00,1.0
2018-01-01,2018,2017-18,January,SKO,318.3322100000011,Thousand Metric Tonnes (TMT),PPAC,1777985064_PT_Consumption_English.xls,2017-18,13,2026-08-21T15:32:18.554908+00:00,1.0
2018-02-01,2018,2017-18,February,SKO,309.05213000000117,Thousand Metric Tonnes (TMT),PPAC,1777985064_PT_Consumption_English.xls,2017-18,13,2026-08-21T15:32:18.554908+00:00,1.0
2018-03-01,2018,2017-18,March,SKO,283.4853200000008,Thousand Metric Tonnes (TMT),PPAC,1777985064_PT_Consumption_English.xls,2017-18,13,2026-08-21T15:32:18.554908+00:00,1.0
2017-04-01,2017,2017-18,April,HSD,6970.905670000154,Thousand Metric Tonnes (TMT),PPAC,1777985064_PT_Consumption_English.xls,2017-18,14,2026-08-21T15:32:18.554908+00:00,1.0
2017-05-01,2017,2017-18,May,HSD,7526.613400000185,Thousand Metric Tonnes (TMT),PPAC,1777985064_PT_Consumption_English.xls,2017-18,14,2026-08-21T15:32:18.554908+00:00,1.0
2017-06-01,2017,2017-18,June,HSD,6799.536330000194,Thousand Metric Tonnes (TMT),PPAC,1777985064_PT_Consumption_English.xls,2017-18,14,2026-08-21T15:32:18.554908+00:00,1.0
2017-07-01,2017,2017-18,July,HSD,6302.27288000017,Thousand Metric Tonnes (TMT),PPAC,1777985064_PT_Consumption_English.xls,2017-18,14,2026-08-21T15:32:18.554908+00:00,1.0
2017-08-01,2017,2017-18,August,HSD,5919.417710000021,Thousand Metric Tonnes (TMT),PPAC,1777985064_PT_Consumption_English.xls,2017-18,14,2026-08-21T15:32:18.554908+00:00,1.0
2017-09-01,2017,2017-18,September,HSD,6075.379920000184,Thousand Metric Tonnes (TMT),PPAC,1777985064_PT_Consumption_English.xls,2017-18,14,2026-08-21T15:32:18.554908+00:00,1.0
2017-10-01,2017,2017-18,October,HSD,6547.370460000162,Thousand Metric Tonnes (TMT),PPAC,1777985064_PT_Consumption_English.xls,2017-18,14,2026-08-21T15:32:18.554908+00:00,1.0
2017-11-01,2017,2017-18,November,HSD,7270.450250000165,Thousand Metric Tonnes (TMT),PPAC,1777985064_PT_Consumption_English.xls,2017-18,14,2026-08-21T15:32:18.554908+00:00,1.0
2017-12-01,2017,2017-18,December,HSD,7119.755470000011,Thousand Metric Tonnes (TMT),PPAC,1777985064_PT_Consumption_English.xls,2017-18,14,2026-08-21T15:32:18.554908+00:00,1.0
2018-01-01,2018,2017-18,January,HSD,6653.161080000158,Thousand Metric Tonnes (TMT),PPAC,1777985064_PT_Consumption_English.xls,2017-18,14,2026-08-21T15:32:18.554908+00:00,1.0
2018-02-01,2018,2017-18,February,HSD,6539.62405000015,Thousand Metric Tonnes (TMT),PPAC,1777985064_PT_Consumption_English.xls,2017-18,14,2026-08-21T15:32:18.554908+00:00,1.0
2018-03-01,2018,2017-18,March,HSD,7348.949240000185,Thousand Metric Tonnes (TMT),PPAC,1777985064_PT_Consumption_English.xls,2017-18,14,2026-08-21T15:32:18.554908+00:00,1.0
2017-04-01,2017,2017-18,April,LDO,38.92416000000001,Thousand Metric Tonnes (TMT),PPAC,1777985064_PT_Consumption_English.xls,2017-18,15,2026-08-21T15:32:18.554908+00:00,1.0
2017-05-01,2017,2017-18,May,LDO,31.830199999999987,Thousand Metric Tonnes (TMT),PPAC,1777985064_PT_Consumption_English.xls,2017-18,15,2026-08-21T15:32:18.554908+00:00,1.0
2017-06-01,2017,2017-18,June,LDO,34.91431000000001,Thousand Metric Tonnes (TMT),PPAC,1777985064_PT_Consumption_English.xls,2017-18,15,2026-08-21T15:32:18.554908+00:00,1.0
2017-07-01,2017,2017-18,July,LDO,38.41064999999998,Thousand Metric Tonnes (TMT),PPAC,1777985064_PT_Consumption_English.xls,2017-18,15,2026-08-21T15:32:18.554908+00:00,1.0
2017-08-01,2017,2017-18,August,LDO,36.919169999999994,Thousand Metric Tonnes (TMT),PPAC,1777985064_PT_Consumption_English.xls,2017-18,15,2026-08-21T15:32:18.554908+00:00,1.0
2017-09-01,2017,2017-18,September,LDO,43.196750000000016,Thousand Metric Tonnes (TMT),PPAC,1777985064_PT_Consumption_English.xls,2017-18,15,2026-08-21T15:32:18.554908+00:00,1.0
2017-10-01,2017,2017-18,October,LDO,30.837149999999983,Thousand Metric Tonnes (TMT),PPAC,1777985064_PT_Consumption_English.xls,2017-18,15,2026-08-21T15:32:18.554908+00:00,1.0
2017-11-01,2017,2017-18,November,LDO,53.27661999999998,Thousand Metric Tonnes (TMT),PPAC,1777985064_PT_Consumption_English.xls,2017-18,15,2026-08-21T15:32:18.554908+00:00,1.0
2017-12-01,2017,2017-18,December,LDO,62.564329999999984,Thousand Metric Tonnes (TMT),PPAC,1777985064_PT_Consumption_English.xls,2017-18,15,2026-08-21T15:32:18.554908+00:00,1.0
2018-01-01,2018,2017-18,January,LDO,55.21813999999995,Thousand Metric Tonnes (TMT),PPAC,1777985064_PT_Consumption_English.xls,2017-18,15,2026-08-21T15:32:18.554908+00:00,1.0
2018-02-01,2018,2017-18,February,LDO,46.55120999999995,Thousand Metric Tonnes (TMT),PPAC,1777985064_PT_Consumption_English.xls,2017-18,15,2026-08-21T15:32:18.554908+00:00,1.0
2018-03-01,2018,2017-18,March,LDO,51.14482999999998,Thousand Metric Tonnes (TMT),PPAC,1777985064_PT_Consumption_English.xls,2017-18,15,2026-08-21T15:32:18.554908+00:00,1.0
2017-04-01,2017,2017-18,April,Lubricants & Greases,283.5627720000018,Thousand Metric Tonnes (TMT),PPAC,1777985064_PT_Consumption_English.xls,2017-18,16,2026-08-21T15:32:18.554908+00:00,1.0
2017-05-01,2017,2017-18,May,Lubricants & Greases,270.51804200000345,Thousand Metric Tonnes (TMT),PPAC,1777985064_PT_Consumption_English.xls,2017-18,16,2026-08-21T15:32:18.554908+00:00,1.0
2017-06-01,2017,2017-18,June,Lubricants & Greases,276.1656640000025,Thousand Metric Tonnes (TMT),PPAC,1777985064_PT_Consumption_English.xls,2017-18,16,2026-08-21T15:32:18.554908+00:00,1.0
2017-07-01,2017,2017-18,July,Lubricants & Greases,265.34587900000236,Thousand Metric Tonnes (TMT),PPAC,1777985064_PT_Consumption_English.xls,2017-18,16,2026-08-21T15:32:18.554908+00:00,1.0
2017-08-01,2017,2017-18,August,Lubricants & Greases,251.3667130000016,Thousand Metric Tonnes (TMT),PPAC,1777985064_PT_Consumption_English.xls,2017-18,16,2026-08-21T15:32:18.554908+00:00,1.0
2017-09-01,2017,2017-18,September,Lubricants & Greases,324.7558090000044,Thousand Metric Tonnes (TMT),PPAC,1777985064_PT_Consumption_English.xls,2017-18,16,2026-08-21T15:32:18.554908+00:00,1.0
2017-10-01,2017,2017-18,October,Lubricants & Greases,345.4411400000053,Thousand Metric Tonnes (TMT),PPAC,1777985064_PT_Consumption_English.xls,2017-18,16,2026-08-21T15:32:18.554908+00:00,1.0
2017-11-01,2017,2017-18,November,Lubricants & Greases,347.6682690000048,Thousand Metric Tonnes (TMT),PPAC,1777985064_PT_Consumption_English.xls,2017-18,16,2026-08-21T15:32:18.554908+00:00,1.0
2017-12-01,2017,2017-18,December,Lubricants & Greases,344.7895080000021,Thousand Metric Tonnes (TMT),PPAC,1777985064_PT_Consumption_English.xls,2017-18,16,2026-08-21T15:32:18.554908+00:00,1.0
2018-01-01,2018,2017-18,January,Lubricants & Greases,348.70821800000454,Thousand Metric Tonnes (TMT),PPAC,1777985064_PT_Consumption_English.xls,2017-18,16,2026-08-21T15:32:18.554908+00:00,1.0
2018-02-01,2018,2017-18,February,Lubricants & Greases,404.8451730000036,Thousand Metric Tonnes (TMT),PPAC,1777985064_PT_Consumption_English.xls,2017-18,16,2026-08-21T15:32:18.554908+00:00,1.0
2018-03-01,2018,2017-18,March,Lubricants & Greases,420.7161250000074,Thousand Metric Tonnes (TMT),PPAC,1777985064_PT_Consumption_English.xls,2017-18,16,2026-08-21T15:32:18.554908+00:00,1.0
2017-04-01,2017,2017-18,April,FO & LSHS,603.2234300000005,Thousand Metric Tonnes (TMT),PPAC,1777985064_PT_Consumption_English.xls,2017-18,17,2026-08-21T15:32:18.554908+00:00,1.0
2017-05-01,2017,2017-18,May,FO & LSHS,676.8316099999996,Thousand Metric Tonnes (TMT),PPAC,1777985064_PT_Consumption_English.xls,2017-18,17,2026-08-21T15:32:18.554908+00:00,1.0
2017-06-01,2017,2017-18,June,FO & LSHS,522.2741200000005,Thousand Metric Tonnes (TMT),PPAC,1777985064_PT_Consumption_English.xls,2017-18,17,2026-08-21T15:32:18.554908+00:00,1.0
2017-07-01,2017,2017-18,July,FO & LSHS,564.8206899999991,Thousand Metric Tonnes (TMT),PPAC,1777985064_PT_Consumption_English.xls,2017-18,17,2026-08-21T15:32:18.554908+00:00,1.0
2017-08-01,2017,2017-18,August,FO & LSHS,520.79162,Thousand Metric Tonnes (TMT),PPAC,1777985064_PT_Consumption_English.xls,2017-18,17,2026-08-21T15:32:18.554908+00:00,1.0
2017-09-01,2017,2017-18,September,FO & LSHS,559.3872499999995,Thousand Metric Tonnes (TMT),PPAC,1777985064_PT_Consumption_English.xls,2017-18,17,2026-08-21T15:32:18.554908+00:00,1.0
2017-10-01,2017,2017-18,October,FO & LSHS,558.3752900000004,Thousand Metric Tonnes (TMT),PPAC,1777985064_PT_Consumption_English.xls,2017-18,17,2026-08-21T15:32:18.554908+00:00,1.0
2017-11-01,2017,2017-18,November,FO & LSHS,542.0378299999993,Thousand Metric Tonnes (TMT),PPAC,1777985064_PT_Consumption_English.xls,2017-18,17,2026-08-21T15:32:18.554908+00:00,1.0
2017-12-01,2017,2017-18,December,FO & LSHS,544.99476,Thousand Metric Tonnes (TMT),PPAC,1777985064_PT_Consumption_English.xls,2017-18,17,2026-08-21T15:32:18.554908+00:00,1.0
2018-01-01,2018,2017-18,January,FO & LSHS,585.6368400000006,Thousand Metric Tonnes (TMT),PPAC,1777985064_PT_Consumption_English.xls,2017-18,17,2026-08-21T15:32:18.554908+00:00,1.0
2018-02-01,2018,2017-18,February,FO & LSHS,511.81644000000074,Thousand Metric Tonnes (TMT),PPAC,1777985064_PT_Consumption_English.xls,2017-18,17,2026-08-21T15:32:18.554908+00:00,1.0
2018-03-01,2018,2017-18,March,FO & LSHS,547.6119899999997,Thousand Metric Tonnes (TMT),PPAC,1777985064_PT_Consumption_English.xls,2017-18,17,2026-08-21T15:32:18.554908+00:00,1.0
2017-04-01,2017,2017-18,April,Bitumen,573.2228119999987,Thousand Metric Tonnes (TMT),PPAC,1777985064_PT_Consumption_English.xls,2017-18,18,2026-08-21T15:32:18.554908+00:00,1.0
2017-05-01,2017,2017-18,May,Bitumen,685.9744179999988,Thousand Metric Tonnes (TMT),PPAC,1777985064_PT_Consumption_English.xls,2017-18,18,2026-08-21T15:32:18.554908+00:00,1.0
2017-06-01,2017,2017-18,June,Bitumen,451.1901459999993,Thousand Metric Tonnes (TMT),PPAC,1777985064_PT_Consumption_English.xls,2017-18,18,2026-08-21T15:32:18.554908+00:00,1.0
2017-07-01,2017,2017-18,July,Bitumen,206.53929500000027,Thousand Metric Tonnes (TMT),PPAC,1777985064_PT_Consumption_English.xls,2017-18,18,2026-08-21T15:32:18.554908+00:00,1.0
2017-08-01,2017,2017-18,August,Bitumen,211.52189600000003,Thousand Metric Tonnes (TMT),PPAC,1777985064_PT_Consumption_English.xls,2017-18,18,2026-08-21T15:32:18.554908+00:00,1.0
2017-09-01,2017,2017-18,September,Bitumen,275.19604799999996,Thousand Metric Tonnes (TMT),PPAC,1777985064_PT_Consumption_English.xls,2017-18,18,2026-08-21T15:32:18.554908+00:00,1.0
2017-10-01,2017,2017-18,October,Bitumen,396.16812600000014,Thousand Metric Tonnes (TMT),PPAC,1777985064_PT_Consumption_English.xls,2017-18,18,2026-08-21T15:32:18.554908+00:00,1.0
2017-11-01,2017,2017-18,November,Bitumen,611.9452429999997,Thousand Metric Tonnes (TMT),PPAC,1777985064_PT_Consumption_English.xls,2017-18,18,2026-08-21T15:32:18.554908+00:00,1.0
2017-12-01,2017,2017-18,December,Bitumen,626.8713829999996,Thousand Metric Tonnes (TMT),PPAC,1777985064_PT_Consumption_English.xls,2017-18,18,2026-08-21T15:32:18.554908+00:00,1.0
2018-01-01,2018,2017-18,January,Bitumen,570.4185229999995,Thousand Metric Tonnes (TMT),PPAC,1777985064_PT_Consumption_English.xls,2017-18,18,2026-08-21T15:32:18.554908+00:00,1.0
2018-02-01,2018,2017-18,February,Bitumen,677.306133999998,Thousand Metric Tonnes (TMT),PPAC,1777985064_PT_Consumption_English.xls,2017-18,18,2026-08-21T15:32:18.554908+00:00,1.0
2018-03-01,2018,2017-18,March,Bitumen,799.4975030000013,Thousand Metric Tonnes (TMT),PPAC,1777985064_PT_Consumption_English.xls,2017-18,18,2026-08-21T15:32:18.554908+00:00,1.0
2017-04-01,2017,2017-18,April,Petroleum coke,2326.2873459999987,Thousand Metric Tonnes (TMT),PPAC,1777985064_PT_Consumption_English.xls,2017-18,19,2026-08-21T15:32:18.554908+00:00,1.0
2017-05-01,2017,2017-18,May,Petroleum coke,2234.3609289999995,Thousand Metric Tonnes (TMT),PPAC,1777985064_PT_Consumption_English.xls,2017-18,19,2026-08-21T15:32:18.554908+00:00,1.0
2017-06-01,2017,2017-18,June,Petroleum coke,1892.4455189999994,Thousand Metric Tonnes (TMT),PPAC,1777985064_PT_Consumption_English.xls,2017-18,19,2026-08-21T15:32:18.554908+00:00,1.0
2017-07-01,2017,2017-18,July,Petroleum coke,2210.8115119999998,Thousand Metric Tonnes (TMT),PPAC,1777985064_PT_Consumption_English.xls,2017-18,19,2026-08-21T15:32:18.554908+00:00,1.0
2017-08-01,2017,2017-18,August,Petroleum coke,2746.3034639999996,Thousand Metric Tonnes (TMT),PPAC,1777985064_PT_Consumption_English.xls,2017-18,19,2026-08-21T15:32:18.554908+00:00,1.0
2017-09-01,2017,2017-18,September,Petroleum coke,2227.3514140000007,Thousand Metric Tonnes (TMT),PPAC,1777985064_PT_Consumption_English.xls,2017-18,19,2026-08-21T15:32:18.554908+00:00,1.0
2017-10-01,2017,2017-18,October,Petroleum coke,2299.9292649999998,Thousand Metric Tonnes (TMT),PPAC,1777985064_PT_Consumption_English.xls,2017-18,19,2026-08-21T15:32:18.554908+00:00,1.0
2017-11-01,2017,2017-18,November,Petroleum coke,1899.1371640000002,Thousand Metric Tonnes (TMT),PPAC,1777985064_PT_Consumption_English.xls,2017-18,19,2026-08-21T15:32:18.554908+00:00,1.0
2017-12-01,2017,2017-18,December,Petroleum coke,2220.586195,Thousand Metric Tonnes (TMT),PPAC,1777985064_PT_Consumption_English.xls,2017-18,19,2026-08-21T15:32:18.554908+00:00,1.0
2018-01-01,2018,2017-18,January,Petroleum coke,1796.0514109999995,Thousand Metric Tonnes (TMT),PPAC,1777985064_PT_Consumption_English.xls,2017-18,19,2026-08-21T15:32:18.554908+00:00,1.0
2018-02-01,2018,2017-18,February,Petroleum coke,1866.3574,Thousand Metric Tonnes (TMT),PPAC,1777985064_PT_Consumption_English.xls,2017-18,19,2026-08-21T15:32:18.554908+00:00,1.0
2018-03-01,2018,2017-18,March,Petroleum coke,1937.1071029999994,Thousand Metric Tonnes (TMT),PPAC,1777985064_PT_Consumption_English.xls,2017-18,19,2026-08-21T15:32:18.554908+00:00,1.0
2017-04-01,2017,2017-18,April,Others,580.4897500000001,Thousand Metric Tonnes (TMT),PPAC,1777985064_PT_Consumption_English.xls,2017-18,20,2026-08-21T15:32:18.554908+00:00,1.0
2017-05-01,2017,2017-18,May,Others,592.9283260000002,Thousand Metric Tonnes (TMT),PPAC,1777985064_PT_Consumption_English.xls,2017-18,20,2026-08-21T15:32:18.554908+00:00,1.0
2017-06-01,2017,2017-18,June,Others,648.7273860000007,Thousand Metric Tonnes (TMT),PPAC,1777985064_PT_Consumption_English.xls,2017-18,20,2026-08-21T15:32:18.554908+00:00,1.0
2017-07-01,2017,2017-18,July,Others,667.7945380000011,Thousand Metric Tonnes (TMT),PPAC,1777985064_PT_Consumption_English.xls,2017-18,20,2026-08-21T15:32:18.554908+00:00,1.0
2017-08-01,2017,2017-18,August,Others,639.0074760000001,Thousand Metric Tonnes (TMT),PPAC,1777985064_PT_Consumption_English.xls,2017-18,20,2026-08-21T15:32:18.554908+00:00,1.0
2017-09-01,2017,2017-18,September,Others,652.6639039999998,Thousand Metric Tonnes (TMT),PPAC,1777985064_PT_Consumption_English.xls,2017-18,20,2026-08-21T15:32:18.554908+00:00,1.0
2017-10-01,2017,2017-18,October,Others,808.1642680000003,Thousand Metric Tonnes (TMT),PPAC,1777985064_PT_Consumption_English.xls,2017-18,20,2026-08-21T15:32:18.554908+00:00,1.0
2017-11-01,2017,2017-18,November,Others,664.4226080000002,Thousand Metric Tonnes (TMT),PPAC,1777985064_PT_Consumption_English.xls,2017-18,20,2026-08-21T15:32:18.554908+00:00,1.0
2017-12-01,2017,2017-18,December,Others,688.6684570000004,Thousand Metric Tonnes (TMT),PPAC,1777985064_PT_Consumption_English.xls,2017-18,20,2026-08-21T15:32:18.554908+00:00,1.0
2018-01-01,2018,2017-18,January,Others,744.9999070000006,Thousand Metric Tonnes (TMT),PPAC,1777985064_PT_Consumption_English.xls,2017-18,20,2026-08-21T15:32:18.554908+00:00,1.0
2018-02-01,2018,2017-18,February,Others,750.7510430000004,Thousand Metric Tonnes (TMT),PPAC,1777985064_PT_Consumption_English.xls,2017-18,20,2026-08-21T15:32:18.554908+00:00,1.0
2018-03-01,2018,2017-18,March,Others,881.1719969999998,Thousand Metric Tonnes (TMT),PPAC,1777985064_PT_Consumption_English.xls,2017-18,20,2026-08-21T15:32:18.554908+00:00,1.0
2018-04-01,2018,2018-19,April,LPG,1863.9157914599987,Thousand Metric Tonnes (TMT),PPAC,1777985064_PT_Consumption_English.xls,2018-19,9,2026-08-21T15:32:18.559475+00:00,1.0
2018-05-01,2018,2018-19,May,LPG,2050.2603427610006,Thousand Metric Tonnes (TMT),PPAC,1777985064_PT_Consumption_English.xls,2018-19,9,2026-08-21T15:32:18.559475+00:00,1.0
2018-06-01,2018,2018-19,June,LPG,1930.4265984550002,Thousand Metric Tonnes (TMT),PPAC,1777985064_PT_Consumption_English.xls,2018-19,9,2026-08-21T15:32:18.559475+00:00,1.0
2018-07-01,2018,2018-19,July,LPG,2032.5673077800047,Thousand Metric Tonnes (TMT),PPAC,1777985064_PT_Consumption_English.xls,2018-19,9,2026-08-21T15:32:18.559475+00:00,1.0
2018-08-01,2018,2018-19,August,LPG,2119.4637838839976,Thousand Metric Tonnes (TMT),PPAC,1777985064_PT_Consumption_English.xls,2018-19,9,2026-08-21T15:32:18.559475+00:00,1.0
2018-09-01,2018,2018-19,September,LPG,2059.821092105996,Thousand Metric Tonnes (TMT),PPAC,1777985064_PT_Consumption_English.xls,2018-19,9,2026-08-21T15:32:18.559475+00:00,1.0
2018-10-01,2018,2018-19,October,LPG,2064.299962529997,Thousand Metric Tonnes (TMT),PPAC,1777985064_PT_Consumption_English.xls,2018-19,9,2026-08-21T15:32:18.559475+00:00,1.0
2018-11-01,2018,2018-19,November,LPG,1840.603948118999,Thousand Metric Tonnes (TMT),PPAC,1777985064_PT_Consumption_English.xls,2018-19,9,2026-08-21T15:32:18.559475+00:00,1.0
2018-12-01,2018,2018-19,December,LPG,2164.9844663629947,Thousand Metric Tonnes (TMT),PPAC,1777985064_PT_Consumption_English.xls,2018-19,9,2026-08-21T15:32:18.559475+00:00,1.0
2019-01-01,2019,2018-19,January,LPG,2308.7939493290028,Thousand Metric Tonnes (TMT),PPAC,1777985064_PT_Consumption_English.xls,2018-19,9,2026-08-21T15:32:18.559475+00:00,1.0
2019-02-01,2019,2018-19,February,LPG,2209.517135827006,Thousand Metric Tonnes (TMT),PPAC,1777985064_PT_Consumption_English.xls,2018-19,9,2026-08-21T15:32:18.559475+00:00,1.0
2019-03-01,2019,2018-19,March,LPG,2262.134959666002,Thousand Metric Tonnes (TMT),PPAC,1777985064_PT_Consumption_English.xls,2018-19,9,2026-08-21T15:32:18.559475+00:00,1.0
2018-04-01,2018,2018-19,April,Naphtha,1162.6123185210824,Thousand Metric Tonnes (TMT),PPAC,1777985064_PT_Consumption_English.xls,2018-19,10,2026-08-21T15:32:18.559475+00:00,1.0
2018-05-01,2018,2018-19,May,Naphtha,975.031622,Thousand Metric Tonnes (TMT),PPAC,1777985064_PT_Consumption_English.xls,2018-19,10,2026-08-21T15:32:18.559475+00:00,1.0
2018-06-01,2018,2018-19,June,Naphtha,1094.415789,Thousand Metric Tonnes (TMT),PPAC,1777985064_PT_Consumption_English.xls,2018-19,10,2026-08-21T15:32:18.559475+00:00,1.0
2018-07-01,2018,2018-19,July,Naphtha,1301.04458,Thousand Metric Tonnes (TMT),PPAC,1777985064_PT_Consumption_English.xls,2018-19,10,2026-08-21T15:32:18.559475+00:00,1.0
2018-08-01,2018,2018-19,August,Naphtha,1108.1041250000003,Thousand Metric Tonnes (TMT),PPAC,1777985064_PT_Consumption_English.xls,2018-19,10,2026-08-21T15:32:18.559475+00:00,1.0
2018-09-01,2018,2018-19,September,Naphtha,1138.811008,Thousand Metric Tonnes (TMT),PPAC,1777985064_PT_Consumption_English.xls,2018-19,10,2026-08-21T15:32:18.559475+00:00,1.0
2018-10-01,2018,2018-19,October,Naphtha,1339.464823,Thousand Metric Tonnes (TMT),PPAC,1777985064_PT_Consumption_English.xls,2018-19,10,2026-08-21T15:32:18.559475+00:00,1.0
2018-11-01,2018,2018-19,November,Naphtha,1223.061295,Thousand Metric Tonnes (TMT),PPAC,1777985064_PT_Consumption_English.xls,2018-19,10,2026-08-21T15:32:18.559475+00:00,1.0
2018-12-01,2018,2018-19,December,Naphtha,1300.262035,Thousand Metric Tonnes (TMT),PPAC,1777985064_PT_Consumption_English.xls,2018-19,10,2026-08-21T15:32:18.559475+00:00,1.0
2019-01-01,2019,2018-19,January,Naphtha,1092.398352,Thousand Metric Tonnes (TMT),PPAC,1777985064_PT_Consumption_English.xls,2018-19,10,2026-08-21T15:32:18.559475+00:00,1.0
2019-02-01,2019,2018-19,February,Naphtha,1198.5480220000002,Thousand Metric Tonnes (TMT),PPAC,1777985064_PT_Consumption_English.xls,2018-19,10,2026-08-21T15:32:18.559475+00:00,1.0
2019-03-01,2019,2018-19,March,Naphtha,1197.4776740000002,Thousand Metric Tonnes (TMT),PPAC,1777985064_PT_Consumption_English.xls,2018-19,10,2026-08-21T15:32:18.559475+00:00,1.0
2018-04-01,2018,2018-19,April,MS,2283.6999205284146,Thousand Metric Tonnes (TMT),PPAC,1777985064_PT_Consumption_English.xls,2018-19,11,2026-08-21T15:32:18.559475+00:00,1.0
2018-05-01,2018,2018-19,May,MS,2456.705131343676,Thousand Metric Tonnes (TMT),PPAC,1777985064_PT_Consumption_English.xls,2018-19,11,2026-08-21T15:32:18.559475+00:00,1.0
2018-06-01,2018,2018-19,June,MS,2378.6527665392487,Thousand Metric Tonnes (TMT),PPAC,1777985064_PT_Consumption_English.xls,2018-19,11,2026-08-21T15:32:18.559475+00:00,1.0
2018-07-01,2018,2018-19,July,MS,2316.010904708369,Thousand Metric Tonnes (TMT),PPAC,1777985064_PT_Consumption_English.xls,2018-19,11,2026-08-21T15:32:18.559475+00:00,1.0
2018-08-01,2018,2018-19,August,MS,2362.7469471194595,Thousand Metric Tonnes (TMT),PPAC,1777985064_PT_Consumption_English.xls,2018-19,11,2026-08-21T15:32:18.559475+00:00,1.0
2018-09-01,2018,2018-19,September,MS,2232.4790067164495,Thousand Metric Tonnes (TMT),PPAC,1777985064_PT_Consumption_English.xls,2018-19,11,2026-08-21T15:32:18.559475+00:00,1.0
2018-10-01,2018,2018-19,October,MS,2332.1863519259405,Thousand Metric Tonnes (TMT),PPAC,1777985064_PT_Consumption_English.xls,2018-19,11,2026-08-21T15:32:18.559475+00:00,1.0
2018-11-01,2018,2018-19,November,MS,2318.9242646468592,Thousand Metric Tonnes (TMT),PPAC,1777985064_PT_Consumption_English.xls,2018-19,11,2026-08-21T15:32:18.559475+00:00,1.0
2018-12-01,2018,2018-19,December,MS,2395.027237955522,Thousand Metric Tonnes (TMT),PPAC,1777985064_PT_Consumption_English.xls,2018-19,11,2026-08-21T15:32:18.559475+00:00,1.0
2019-01-01,2019,2018-19,January,MS,2373.80164531472,Thousand Metric Tonnes (TMT),PPAC,1777985064_PT_Consumption_English.xls,2018-19,11,2026-08-21T15:32:18.559475+00:00,1.0
2019-02-01,2019,2018-19,February,MS,2256.5453005152262,Thousand Metric Tonnes (TMT),PPAC,1777985064_PT_Consumption_English.xls,2018-19,11,2026-08-21T15:32:18.559475+00:00,1.0
2019-03-01,2019,2018-19,March,MS,2577.6345001358527,Thousand Metric Tonnes (TMT),PPAC,1777985064_PT_Consumption_English.xls,2018-19,11,2026-08-21T15:32:18.559475+00:00,1.0
2018-04-01,2018,2018-19,April,ATF,708.8158013435782,Thousand Metric Tonnes (TMT),PPAC,1777985064_PT_Consumption_English.xls,2018-19,12,2026-08-21T15:32:18.559475+00:00,1.0
2018-05-01,2018,2018-19,May,ATF,680.7878937248727,Thousand Metric Tonnes (TMT),PPAC,1777985064_PT_Consumption_English.xls,2018-19,12,2026-08-21T15:32:18.559475+00:00,1.0
2018-06-01,2018,2018-19,June,ATF,669.82029084853,Thousand Metric Tonnes (TMT),PPAC,1777985064_PT_Consumption_English.xls,2018-19,12,2026-08-21T15:32:18.559475+00:00,1.0
2018-07-01,2018,2018-19,July,ATF,680.0372121301209,Thousand Metric Tonnes (TMT),PPAC,1777985064_PT_Consumption_English.xls,2018-19,12,2026-08-21T15:32:18.559475+00:00,1.0
2018-08-01,2018,2018-19,August,ATF,686.4921432095896,Thousand Metric Tonnes (TMT),PPAC,1777985064_PT_Consumption_English.xls,2018-19,12,2026-08-21T15:32:18.559475+00:00,1.0
2018-09-01,2018,2018-19,September,ATF,677.6454715830312,Thousand Metric Tonnes (TMT),PPAC,1777985064_PT_Consumption_English.xls,2018-19,12,2026-08-21T15:32:18.559475+00:00,1.0
2018-10-01,2018,2018-19,October,ATF,705.9843505301634,Thousand Metric Tonnes (TMT),PPAC,1777985064_PT_Consumption_English.xls,2018-19,12,2026-08-21T15:32:18.559475+00:00,1.0
2018-11-01,2018,2018-19,November,ATF,678.500592759754,Thousand Metric Tonnes (TMT),PPAC,1777985064_PT_Consumption_English.xls,2018-19,12,2026-08-21T15:32:18.559475+00:00,1.0
2018-12-01,2018,2018-19,December,ATF,720.2547534294299,Thousand Metric Tonnes (TMT),PPAC,1777985064_PT_Consumption_English.xls,2018-19,12,2026-08-21T15:32:18.559475+00:00,1.0
2019-01-01,2019,2018-19,January,ATF,722.2569733877298,Thousand Metric Tonnes (TMT),PPAC,1777985064_PT_Consumption_English.xls,2018-19,12,2026-08-21T15:32:18.559475+00:00,1.0
2019-02-01,2019,2018-19,February,ATF,655.6361413687061,Thousand Metric Tonnes (TMT),PPAC,1777985064_PT_Consumption_English.xls,2018-19,12,2026-08-21T15:32:18.559475+00:00,1.0
2019-03-01,2019,2018-19,March,ATF,715.8261446101875,Thousand Metric Tonnes (TMT),PPAC,1777985064_PT_Consumption_English.xls,2018-19,12,2026-08-21T15:32:18.559475+00:00,1.0
2018-04-01,2018,2018-19,April,SKO,306.5721165813227,Thousand Metric Tonnes (TMT),PPAC,1777985064_PT_Consumption_English.xls,2018-19,13,2026-08-21T15:32:18.559475+00:00,1.0
2018-05-01,2018,2018-19,May,SKO,283.0991406132294,Thousand Metric Tonnes (TMT),PPAC,1777985064_PT_Consumption_English.xls,2018-19,13,2026-08-21T15:32:18.559475+00:00,1.0
2018-06-01,2018,2018-19,June,SKO,314.2265190147857,Thousand Metric Tonnes (TMT),PPAC,1777985064_PT_Consumption_English.xls,2018-19,13,2026-08-21T15:32:18.559475+00:00,1.0
2018-07-01,2018,2018-19,July,SKO,292.3863021789878,Thousand Metric Tonnes (TMT),PPAC,1777985064_PT_Consumption_English.xls,2018-19,13,2026-08-21T15:32:18.559475+00:00,1.0
2018-08-01,2018,2018-19,August,SKO,304.9933371494163,Thousand Metric Tonnes (TMT),PPAC,1777985064_PT_Consumption_English.xls,2018-19,13,2026-08-21T15:32:18.559475+00:00,1.0
2018-09-01,2018,2018-19,September,SKO,282.9855350334627,Thousand Metric Tonnes (TMT),PPAC,1777985064_PT_Consumption_English.xls,2018-19,13,2026-08-21T15:32:18.559475+00:00,1.0
2018-10-01,2018,2018-19,October,SKO,288.52100960311225,Thousand Metric Tonnes (TMT),PPAC,1777985064_PT_Consumption_English.xls,2018-19,13,2026-08-21T15:32:18.559475+00:00,1.0
2018-11-01,2018,2018-19,November,SKO,277.5344248731514,Thousand Metric Tonnes (TMT),PPAC,1777985064_PT_Consumption_English.xls,2018-19,13,2026-08-21T15:32:18.559475+00:00,1.0
2018-12-01,2018,2018-19,December,SKO,280.2496315914393,Thousand Metric Tonnes (TMT),PPAC,1777985064_PT_Consumption_English.xls,2018-19,13,2026-08-21T15:32:18.559475+00:00,1.0
2019-01-01,2019,2018-19,January,SKO,265.611271385216,Thousand Metric Tonnes (TMT),PPAC,1777985064_PT_Consumption_English.xls,2018-19,13,2026-08-21T15:32:18.559475+00:00,1.0
2019-02-01,2019,2018-19,February,SKO,271.9306246062281,Thousand Metric Tonnes (TMT),PPAC,1777985064_PT_Consumption_English.xls,2018-19,13,2026-08-21T15:32:18.559475+00:00,1.0
2019-03-01,2019,2018-19,March,SKO,291.34835248093367,Thousand Metric Tonnes (TMT),PPAC,1777985064_PT_Consumption_English.xls,2018-19,13,2026-08-21T15:32:18.559475+00:00,1.0
2018-04-01,2018,2018-19,April,HSD,7173.267906676661,Thousand Metric Tonnes (TMT),PPAC,1777985064_PT_Consumption_English.xls,2018-19,14,2026-08-21T15:32:18.559475+00:00,1.0
2018-05-01,2018,2018-19,May,HSD,7566.604746503433,Thousand Metric Tonnes (TMT),PPAC,1777985064_PT_Consumption_English.xls,2018-19,14,2026-08-21T15:32:18.559475+00:00,1.0
2018-06-01,2018,2018-19,June,HSD,7342.2438617077705,Thousand Metric Tonnes (TMT),PPAC,1777985064_PT_Consumption_English.xls,2018-19,14,2026-08-21T15:32:18.559475+00:00,1.0
2018-07-01,2018,2018-19,July,HSD,6610.354997052296,Thousand Metric Tonnes (TMT),PPAC,1777985064_PT_Consumption_English.xls,2018-19,14,2026-08-21T15:32:18.559475+00:00,1.0
2018-08-01,2018,2018-19,August,HSD,6186.956435719675,Thousand Metric Tonnes (TMT),PPAC,1777985064_PT_Consumption_English.xls,2018-19,14,2026-08-21T15:32:18.559475+00:00,1.0
2018-09-01,2018,2018-19,September,HSD,6026.956272854275,Thousand Metric Tonnes (TMT),PPAC,1777985064_PT_Consumption_English.xls,2018-19,14,2026-08-21T15:32:18.559475+00:00,1.0
2018-10-01,2018,2018-19,October,HSD,7023.601771411603,Thousand Metric Tonnes (TMT),PPAC,1777985064_PT_Consumption_English.xls,2018-19,14,2026-08-21T15:32:18.559475+00:00,1.0
2018-11-01,2018,2018-19,November,HSD,6940.8545870450425,Thousand Metric Tonnes (TMT),PPAC,1777985064_PT_Consumption_English.xls,2018-19,14,2026-08-21T15:32:18.559475+00:00,1.0
2018-12-01,2018,2018-19,December,HSD,7388.74663287677,Thousand Metric Tonnes (TMT),PPAC,1777985064_PT_Consumption_English.xls,2018-19,14,2026-08-21T15:32:18.559475+00:00,1.0
2019-01-01,2019,2018-19,January,HSD,7072.298213018446,Thousand Metric Tonnes (TMT),PPAC,1777985064_PT_Consumption_English.xls,2018-19,14,2026-08-21T15:32:18.559475+00:00,1.0
2019-02-01,2019,2018-19,February,HSD,6737.12126767489,Thousand Metric Tonnes (TMT),PPAC,1777985064_PT_Consumption_English.xls,2018-19,14,2026-08-21T15:32:18.559475+00:00,1.0
2019-03-01,2019,2018-19,March,HSD,7459.142230015284,Thousand Metric Tonnes (TMT),PPAC,1777985064_PT_Consumption_English.xls,2018-19,14,2026-08-21T15:32:18.559475+00:00,1.0
2018-04-01,2018,2018-19,April,LDO,56.13079742918084,Thousand Metric Tonnes (TMT),PPAC,1777985064_PT_Consumption_English.xls,2018-19,15,2026-08-21T15:32:18.559475+00:00,1.0
2018-05-01,2018,2018-19,May,LDO,43.200731897610936,Thousand Metric Tonnes (TMT),PPAC,1777985064_PT_Consumption_English.xls,2018-19,15,2026-08-21T15:32:18.559475+00:00,1.0
2018-06-01,2018,2018-19,June,LDO,44.08840480375421,Thousand Metric Tonnes (TMT),PPAC,1777985064_PT_Consumption_English.xls,2018-19,15,2026-08-21T15:32:18.559475+00:00,1.0
2018-07-01,2018,2018-19,July,LDO,43.85290622866892,Thousand Metric Tonnes (TMT),PPAC,1777985064_PT_Consumption_English.xls,2018-19,15,2026-08-21T15:32:18.559475+00:00,1.0
2018-08-01,2018,2018-19,August,LDO,46.566054281569954,Thousand Metric Tonnes (TMT),PPAC,1777985064_PT_Consumption_English.xls,2018-19,15,2026-08-21T15:32:18.559475+00:00,1.0
2018-09-01,2018,2018-19,September,LDO,44.58542843771327,Thousand Metric Tonnes (TMT),PPAC,1777985064_PT_Consumption_English.xls,2018-19,15,2026-08-21T15:32:18.559475+00:00,1.0
2018-10-01,2018,2018-19,October,LDO,48.948467784982896,Thousand Metric Tonnes (TMT),PPAC,1777985064_PT_Consumption_English.xls,2018-19,15,2026-08-21T15:32:18.559475+00:00,1.0
2018-11-01,2018,2018-19,November,LDO,47.46917415529007,Thousand Metric Tonnes (TMT),PPAC,1777985064_PT_Consumption_English.xls,2018-19,15,2026-08-21T15:32:18.559475+00:00,1.0
2018-12-01,2018,2018-19,December,LDO,51.902487711604095,Thousand Metric Tonnes (TMT),PPAC,1777985064_PT_Consumption_English.xls,2018-19,15,2026-08-21T15:32:18.559475+00:00,1.0
2019-01-01,2019,2018-19,January,LDO,64.75893997440274,Thousand Metric Tonnes (TMT),PPAC,1777985064_PT_Consumption_English.xls,2018-19,15,2026-08-21T15:32:18.559475+00:00,1.0
2019-02-01,2019,2018-19,February,LDO,60.110948482935115,Thousand Metric Tonnes (TMT),PPAC,1777985064_PT_Consumption_English.xls,2018-19,15,2026-08-21T15:32:18.559475+00:00,1.0
2019-03-01,2019,2018-19,March,LDO,46.35411390614333,Thousand Metric Tonnes (TMT),PPAC,1777985064_PT_Consumption_English.xls,2018-19,15,2026-08-21T15:32:18.559475+00:00,1.0
2018-04-01,2018,2018-19,April,Lubricants & Greases,194.0447518948327,Thousand Metric Tonnes (TMT),PPAC,1777985064_PT_Consumption_English.xls,2018-19,16,2026-08-21T15:32:18.559475+00:00,1.0
2018-05-01,2018,2018-19,May,Lubricants & Greases,289.234760727342,Thousand Metric Tonnes (TMT),PPAC,1777985064_PT_Consumption_English.xls,2018-19,16,2026-08-21T15:32:18.559475+00:00,1.0
2018-06-01,2018,2018-19,June,Lubricants & Greases,335.0377469119563,Thousand Metric Tonnes (TMT),PPAC,1777985064_PT_Consumption_English.xls,2018-19,16,2026-08-21T15:32:18.559475+00:00,1.0
2018-07-01,2018,2018-19,July,Lubricants & Greases,269.7577290293748,Thousand Metric Tonnes (TMT),PPAC,1777985064_PT_Consumption_English.xls,2018-19,16,2026-08-21T15:32:18.559475+00:00,1.0
2018-08-01,2018,2018-19,August,Lubricants & Greases,311.464613273607,Thousand Metric Tonnes (TMT),PPAC,1777985064_PT_Consumption_English.xls,2018-19,16,2026-08-21T15:32:18.559475+00:00,1.0
2018-09-01,2018,2018-19,September,Lubricants & Greases,274.19596391353923,Thousand Metric Tonnes (TMT),PPAC,1777985064_PT_Consumption_English.xls,2018-19,16,2026-08-21T15:32:18.559475+00:00,1.0
2018-10-01,2018,2018-19,October,Lubricants & Greases,350.4994099856538,Thousand Metric Tonnes (TMT),PPAC,1777985064_PT_Consumption_English.xls,2018-19,16,2026-08-21T15:32:18.559475+00:00,1.0
2018-11-01,2018,2018-19,November,Lubricants & Greases,302.44906764816733,Thousand Metric Tonnes (TMT),PPAC,1777985064_PT_Consumption_English.xls,2018-19,16,2026-08-21T15:32:18.559475+00:00,1.0
2018-12-01,2018,2018-19,December,Lubricants & Greases,300.6382874191228,Thousand Metric Tonnes (TMT),PPAC,1777985064_PT_Consumption_English.xls,2018-19,16,2026-08-21T15:32:18.559475+00:00,1.0
2019-01-01,2019,2018-19,January,Lubricants & Greases,291.8165747833485,Thousand Metric Tonnes (TMT),PPAC,1777985064_PT_Consumption_English.xls,2018-19,16,2026-08-21T15:32:18.559475+00:00,1.0
2019-02-01,2019,2018-19,February,Lubricants & Greases,293.9751268835384,Thousand Metric Tonnes (TMT),PPAC,1777985064_PT_Consumption_English.xls,2018-19,16,2026-08-21T15:32:18.559475+00:00,1.0
2019-03-01,2019,2018-19,March,Lubricants & Greases,454.8299839483256,Thousand Metric Tonnes (TMT),PPAC,1777985064_PT_Consumption_English.xls,2018-19,16,2026-08-21T15:32:18.559475+00:00,1.0
2018-04-01,2018,2018-19,April,FO & LSHS,558.6166763688497,Thousand Metric Tonnes (TMT),PPAC,1777985064_PT_Consumption_English.xls,2018-19,17,2026-08-21T15:32:18.559475+00:00,1.0
2018-05-01,2018,2018-19,May,FO & LSHS,525.3804932610155,Thousand Metric Tonnes (TMT),PPAC,1777985064_PT_Consumption_English.xls,2018-19,17,2026-08-21T15:32:18.559475+00:00,1.0
2018-06-01,2018,2018-19,June,FO & LSHS,552.1437359879816,Thousand Metric Tonnes (TMT),PPAC,1777985064_PT_Consumption_English.xls,2018-19,17,2026-08-21T15:32:18.559475+00:00,1.0
2018-07-01,2018,2018-19,July,FO & LSHS,509.11140582073705,Thousand Metric Tonnes (TMT),PPAC,1777985064_PT_Consumption_English.xls,2018-19,17,2026-08-21T15:32:18.559475+00:00,1.0
2018-08-01,2018,2018-19,August,FO & LSHS,595.0877949832693,Thousand Metric Tonnes (TMT),PPAC,1777985064_PT_Consumption_English.xls,2018-19,17,2026-08-21T15:32:18.559475+00:00,1.0
2018-09-01,2018,2018-19,September,FO & LSHS,545.8721229590946,Thousand Metric Tonnes (TMT),PPAC,1777985064_PT_Consumption_English.xls,2018-19,17,2026-08-21T15:32:18.559475+00:00,1.0
2018-10-01,2018,2018-19,October,FO & LSHS,555.2943193406521,Thousand Metric Tonnes (TMT),PPAC,1777985064_PT_Consumption_English.xls,2018-19,17,2026-08-21T15:32:18.559475+00:00,1.0
2018-11-01,2018,2018-19,November,FO & LSHS,493.3241797219147,Thousand Metric Tonnes (TMT),PPAC,1777985064_PT_Consumption_English.xls,2018-19,17,2026-08-21T15:32:18.559475+00:00,1.0
2018-12-01,2018,2018-19,December,FO & LSHS,622.5511702294256,Thousand Metric Tonnes (TMT),PPAC,1777985064_PT_Consumption_English.xls,2018-19,17,2026-08-21T15:32:18.559475+00:00,1.0
2019-01-01,2019,2018-19,January,FO & LSHS,549.0041188628613,Thousand Metric Tonnes (TMT),PPAC,1777985064_PT_Consumption_English.xls,2018-19,17,2026-08-21T15:32:18.559475+00:00,1.0
2019-02-01,2019,2018-19,February,FO & LSHS,535.3051840027042,Thousand Metric Tonnes (TMT),PPAC,1777985064_PT_Consumption_English.xls,2018-19,17,2026-08-21T15:32:18.559475+00:00,1.0
2019-03-01,2019,2018-19,March,FO & LSHS,541.4463606917539,Thousand Metric Tonnes (TMT),PPAC,1777985064_PT_Consumption_English.xls,2018-19,17,2026-08-21T15:32:18.559475+00:00,1.0
2018-04-01,2018,2018-19,April,Bitumen,691.6488259999983,Thousand Metric Tonnes (TMT),PPAC,1777985064_PT_Consumption_English.xls,2018-19,18,2026-08-21T15:32:18.559475+00:00,1.0
2018-05-01,2018,2018-19,May,Bitumen,720.6666829999997,Thousand Metric Tonnes (TMT),PPAC,1777985064_PT_Consumption_English.xls,2018-19,18,2026-08-21T15:32:18.559475+00:00,1.0
2018-06-01,2018,2018-19,June,Bitumen,558.4147709999993,Thousand Metric Tonnes (TMT),PPAC,1777985064_PT_Consumption_English.xls,2018-19,18,2026-08-21T15:32:18.559475+00:00,1.0
2018-07-01,2018,2018-19,July,Bitumen,286.22207499999973,Thousand Metric Tonnes (TMT),PPAC,1777985064_PT_Consumption_English.xls,2018-19,18,2026-08-21T15:32:18.559475+00:00,1.0
2018-08-01,2018,2018-19,August,Bitumen,210.27960200000015,Thousand Metric Tonnes (TMT),PPAC,1777985064_PT_Consumption_English.xls,2018-19,18,2026-08-21T15:32:18.559475+00:00,1.0
2018-09-01,2018,2018-19,September,Bitumen,370.1393890000002,Thousand Metric Tonnes (TMT),PPAC,1777985064_PT_Consumption_English.xls,2018-19,18,2026-08-21T15:32:18.559475+00:00,1.0
2018-10-01,2018,2018-19,October,Bitumen,542.8701829999994,Thousand Metric Tonnes (TMT),PPAC,1777985064_PT_Consumption_English.xls,2018-19,18,2026-08-21T15:32:18.559475+00:00,1.0
2018-11-01,2018,2018-19,November,Bitumen,494.81190599999945,Thousand Metric Tonnes (TMT),PPAC,1777985064_PT_Consumption_English.xls,2018-19,18,2026-08-21T15:32:18.559475+00:00,1.0
2018-12-01,2018,2018-19,December,Bitumen,619.2145119999999,Thousand Metric Tonnes (TMT),PPAC,1777985064_PT_Consumption_English.xls,2018-19,18,2026-08-21T15:32:18.559475+00:00,1.0
2019-01-01,2019,2018-19,January,Bitumen,662.4236230000002,Thousand Metric Tonnes (TMT),PPAC,1777985064_PT_Consumption_English.xls,2018-19,18,2026-08-21T15:32:18.559475+00:00,1.0
2019-02-01,2019,2018-19,February,Bitumen,661.1653629999986,Thousand Metric Tonnes (TMT),PPAC,1777985064_PT_Consumption_English.xls,2018-19,18,2026-08-21T15:32:18.559475+00:00,1.0
2019-03-01,2019,2018-19,March,Bitumen,889.8396490000001,Thousand Metric Tonnes (TMT),PPAC,1777985064_PT_Consumption_English.xls,2018-19,18,2026-08-21T15:32:18.559475+00:00,1.0
2018-04-01,2018,2018-19,April,Petroleum coke,1923.596101,Thousand Metric Tonnes (TMT),PPAC,1777985064_PT_Consumption_English.xls,2018-19,19,2026-08-21T15:32:18.559475+00:00,1.0
2018-05-01,2018,2018-19,May,Petroleum coke,2096.523782,Thousand Metric Tonnes (TMT),PPAC,1777985064_PT_Consumption_English.xls,2018-19,19,2026-08-21T15:32:18.559475+00:00,1.0
2018-06-01,2018,2018-19,June,Petroleum coke,1899.0653700000005,Thousand Metric Tonnes (TMT),PPAC,1777985064_PT_Consumption_English.xls,2018-19,19,2026-08-21T15:32:18.559475+00:00,1.0
2018-07-01,2018,2018-19,July,Petroleum coke,1764.384351,Thousand Metric Tonnes (TMT),PPAC,1777985064_PT_Consumption_English.xls,2018-19,19,2026-08-21T15:32:18.559475+00:00,1.0
2018-08-01,2018,2018-19,August,Petroleum coke,1720.9913530000003,Thousand Metric Tonnes (TMT),PPAC,1777985064_PT_Consumption_English.xls,2018-19,19,2026-08-21T15:32:18.559475+00:00,1.0
2018-09-01,2018,2018-19,September,Petroleum coke,1469.0609400000003,Thousand Metric Tonnes (TMT),PPAC,1777985064_PT_Consumption_English.xls,2018-19,19,2026-08-21T15:32:18.559475+00:00,1.0
2018-10-01,2018,2018-19,October,Petroleum coke,1371.23423,Thousand Metric Tonnes (TMT),PPAC,1777985064_PT_Consumption_English.xls,2018-19,19,2026-08-21T15:32:18.559475+00:00,1.0
2018-11-01,2018,2018-19,November,Petroleum coke,1397.054819,Thousand Metric Tonnes (TMT),PPAC,1777985064_PT_Consumption_English.xls,2018-19,19,2026-08-21T15:32:18.559475+00:00,1.0
2018-12-01,2018,2018-19,December,Petroleum coke,1922.1136819999995,Thousand Metric Tonnes (TMT),PPAC,1777985064_PT_Consumption_English.xls,2018-19,19,2026-08-21T15:32:18.559475+00:00,1.0
2019-01-01,2019,2018-19,January,Petroleum coke,2007.2788400000002,Thousand Metric Tonnes (TMT),PPAC,1777985064_PT_Consumption_English.xls,2018-19,19,2026-08-21T15:32:18.559475+00:00,1.0
2019-02-01,2019,2018-19,February,Petroleum coke,1614.2949270000004,Thousand Metric Tonnes (TMT),PPAC,1777985064_PT_Consumption_English.xls,2018-19,19,2026-08-21T15:32:18.559475+00:00,1.0
2019-03-01,2019,2018-19,March,Petroleum coke,2160.3314650000007,Thousand Metric Tonnes (TMT),PPAC,1777985064_PT_Consumption_English.xls,2018-19,19,2026-08-21T15:32:18.559475+00:00,1.0
2018-04-01,2018,2018-19,April,Others,826.9784227683608,Thousand Metric Tonnes (TMT),PPAC,1777985064_PT_Consumption_English.xls,2018-19,20,2026-08-21T15:32:18.559475+00:00,1.0
2018-05-01,2018,2018-19,May,Others,935.5238216682465,Thousand Metric Tonnes (TMT),PPAC,1777985064_PT_Consumption_English.xls,2018-19,20,2026-08-21T15:32:18.559475+00:00,1.0
2018-06-01,2018,2018-19,June,Others,959.5414817735108,Thousand Metric Tonnes (TMT),PPAC,1777985064_PT_Consumption_English.xls,2018-19,20,2026-08-21T15:32:18.559475+00:00,1.0
2018-07-01,2018,2018-19,July,Others,987.38345664427,Thousand Metric Tonnes (TMT),PPAC,1777985064_PT_Consumption_English.xls,2018-19,20,2026-08-21T15:32:18.559475+00:00,1.0
2018-08-01,2018,2018-19,August,Others,973.6892796090693,Thousand Metric Tonnes (TMT),PPAC,1777985064_PT_Consumption_English.xls,2018-19,20,2026-08-21T15:32:18.559475+00:00,1.0
2018-09-01,2018,2018-19,September,Others,943.4606382597012,Thousand Metric Tonnes (TMT),PPAC,1777985064_PT_Consumption_English.xls,2018-19,20,2026-08-21T15:32:18.559475+00:00,1.0
2018-10-01,2018,2018-19,October,Others,1039.255256077557,Thousand Metric Tonnes (TMT),PPAC,1777985064_PT_Consumption_English.xls,2018-19,20,2026-08-21T15:32:18.559475+00:00,1.0
2018-11-01,2018,2018-19,November,Others,967.2994109795941,Thousand Metric Tonnes (TMT),PPAC,1777985064_PT_Consumption_English.xls,2018-19,20,2026-08-21T15:32:18.559475+00:00,1.0
2018-12-01,2018,2018-19,December,Others,1044.5932069033938,Thousand Metric Tonnes (TMT),PPAC,1777985064_PT_Consumption_English.xls,2018-19,20,2026-08-21T15:32:18.559475+00:00,1.0
2019-01-01,2019,2018-19,January,Others,1109.1831320899669,Thousand Metric Tonnes (TMT),PPAC,1777985064_PT_Consumption_English.xls,2018-19,20,2026-08-21T15:32:18.559475+00:00,1.0
2019-02-01,2019,2018-19,February,Others,946.8740632021681,Thousand Metric Tonnes (TMT),PPAC,1777985064_PT_Consumption_English.xls,2018-19,20,2026-08-21T15:32:18.559475+00:00,1.0
2019-03-01,2019,2018-19,March,Others,967.7006472876891,Thousand Metric Tonnes (TMT),PPAC,1777985064_PT_Consumption_English.xls,2018-19,20,2026-08-21T15:32:18.559475+00:00,1.0
2019-04-01,2019,2019-20,April,LPG,1900.2895089670021,Thousand Metric Tonnes (TMT),PPAC,1777985064_PT_Consumption_English.xls,2019-20,9,2026-08-21T15:32:18.571334+00:00,1.0
2019-05-01,2019,2019-20,May,LPG,2054.1949161490056,Thousand Metric Tonnes (TMT),PPAC,1777985064_PT_Consumption_English.xls,2019-20,9,2026-08-21T15:32:18.571334+00:00,1.0
2019-06-01,2019,2019-20,June,LPG,1793.346898763007,Thousand Metric Tonnes (TMT),PPAC,1777985064_PT_Consumption_English.xls,2019-20,9,2026-08-21T15:32:18.571334+00:00,1.0
2019-07-01,2019,2019-20,July,LPG,2219.1593404870036,Thousand Metric Tonnes (TMT),PPAC,1777985064_PT_Consumption_English.xls,2019-20,9,2026-08-21T15:32:18.571334+00:00,1.0
2019-08-01,2019,2019-20,August,LPG,2401.711614790002,Thousand Metric Tonnes (TMT),PPAC,1777985064_PT_Consumption_English.xls,2019-20,9,2026-08-21T15:32:18.571334+00:00,1.0
2019-09-01,2019,2019-20,September,LPG,2163.814833239008,Thousand Metric Tonnes (TMT),PPAC,1777985064_PT_Consumption_English.xls,2019-20,9,2026-08-21T15:32:18.571334+00:00,1.0
2019-10-01,2019,2019-20,October,LPG,2348.1493904940126,Thousand Metric Tonnes (TMT),PPAC,1777985064_PT_Consumption_English.xls,2019-20,9,2026-08-21T15:32:18.571334+00:00,1.0
2019-11-01,2019,2019-20,November,LPG,2260.6591498390126,Thousand Metric Tonnes (TMT),PPAC,1777985064_PT_Consumption_English.xls,2019-20,9,2026-08-21T15:32:18.571334+00:00,1.0
2019-12-01,2019,2019-20,December,LPG,2354.145796624022,Thousand Metric Tonnes (TMT),PPAC,1777985064_PT_Consumption_English.xls,2019-20,9,2026-08-21T15:32:18.571334+00:00,1.0
2020-01-01,2020,2019-20,January,LPG,2435.052563949997,Thousand Metric Tonnes (TMT),PPAC,1777985064_PT_Consumption_English.xls,2019-20,9,2026-08-21T15:32:18.571334+00:00,1.0
2020-02-01,2020,2019-20,February,LPG,2105.8014553610096,Thousand Metric Tonnes (TMT),PPAC,1777985064_PT_Consumption_English.xls,2019-20,9,2026-08-21T15:32:18.571334+00:00,1.0
2020-03-01,2020,2019-20,March,LPG,2293.454530344015,Thousand Metric Tonnes (TMT),PPAC,1777985064_PT_Consumption_English.xls,2019-20,9,2026-08-21T15:32:18.571334+00:00,1.0
2019-04-01,2019,2019-20,April,Naphtha,966.2649409999999,Thousand Metric Tonnes (TMT),PPAC,1777985064_PT_Consumption_English.xls,2019-20,10,2026-08-21T15:32:18.571334+00:00,1.0
2019-05-01,2019,2019-20,May,Naphtha,785.9112749999999,Thousand Metric Tonnes (TMT),PPAC,1777985064_PT_Consumption_English.xls,2019-20,10,2026-08-21T15:32:18.571334+00:00,1.0
2019-06-01,2019,2019-20,June,Naphtha,982.8721479999998,Thousand Metric Tonnes (TMT),PPAC,1777985064_PT_Consumption_English.xls,2019-20,10,2026-08-21T15:32:18.571334+00:00,1.0
2019-07-01,2019,2019-20,July,Naphtha,1465.1881879999999,Thousand Metric Tonnes (TMT),PPAC,1777985064_PT_Consumption_English.xls,2019-20,10,2026-08-21T15:32:18.571334+00:00,1.0
2019-08-01,2019,2019-20,August,Naphtha,1366.7629900000006,Thousand Metric Tonnes (TMT),PPAC,1777985064_PT_Consumption_English.xls,2019-20,10,2026-08-21T15:32:18.571334+00:00,1.0
2019-09-01,2019,2019-20,September,Naphtha,1101.729798,Thousand Metric Tonnes (TMT),PPAC,1777985064_PT_Consumption_English.xls,2019-20,10,2026-08-21T15:32:18.571334+00:00,1.0
2019-10-01,2019,2019-20,October,Naphtha,1127.7482850000001,Thousand Metric Tonnes (TMT),PPAC,1777985064_PT_Consumption_English.xls,2019-20,10,2026-08-21T15:32:18.571334+00:00,1.0
2019-11-01,2019,2019-20,November,Naphtha,1248.3723950000003,Thousand Metric Tonnes (TMT),PPAC,1777985064_PT_Consumption_English.xls,2019-20,10,2026-08-21T15:32:18.571334+00:00,1.0
2019-12-01,2019,2019-20,December,Naphtha,1272.193921,Thousand Metric Tonnes (TMT),PPAC,1777985064_PT_Consumption_English.xls,2019-20,10,2026-08-21T15:32:18.571334+00:00,1.0
2020-01-01,2020,2019-20,January,Naphtha,1419.3047150000002,Thousand Metric Tonnes (TMT),PPAC,1777985064_PT_Consumption_English.xls,2019-20,10,2026-08-21T15:32:18.571334+00:00,1.0
2020-02-01,2020,2019-20,February,Naphtha,1219.0556660000004,Thousand Metric Tonnes (TMT),PPAC,1777985064_PT_Consumption_English.xls,2019-20,10,2026-08-21T15:32:18.571334+00:00,1.0
2020-03-01,2020,2019-20,March,Naphtha,1312.374460545455,Thousand Metric Tonnes (TMT),PPAC,1777985064_PT_Consumption_English.xls,2019-20,10,2026-08-21T15:32:18.571334+00:00,1.0
2019-04-01,2019,2019-20,April,MS,2459.123968744519,Thousand Metric Tonnes (TMT),PPAC,1777985064_PT_Consumption_English.xls,2019-20,11,2026-08-21T15:32:18.571334+00:00,1.0
2019-05-01,2019,2019-20,May,MS,2737.414128376141,Thousand Metric Tonnes (TMT),PPAC,1777985064_PT_Consumption_English.xls,2019-20,11,2026-08-21T15:32:18.571334+00:00,1.0
2019-06-01,2019,2019-20,June,MS,2638.672257577988,Thousand Metric Tonnes (TMT),PPAC,1777985064_PT_Consumption_English.xls,2019-20,11,2026-08-21T15:32:18.571334+00:00,1.0
2019-07-01,2019,2019-20,July,MS,2522.9077699623663,Thousand Metric Tonnes (TMT),PPAC,1777985064_PT_Consumption_English.xls,2019-20,11,2026-08-21T15:32:18.571334+00:00,1.0
2019-08-01,2019,2019-20,August,MS,2574.929091280893,Thousand Metric Tonnes (TMT),PPAC,1777985064_PT_Consumption_English.xls,2019-20,11,2026-08-21T15:32:18.571334+00:00,1.0
2019-09-01,2019,2019-20,September,MS,2372.2949184322592,Thousand Metric Tonnes (TMT),PPAC,1777985064_PT_Consumption_English.xls,2019-20,11,2026-08-21T15:32:18.571334+00:00,1.0
2019-10-01,2019,2019-20,October,MS,2539.3069142998593,Thousand Metric Tonnes (TMT),PPAC,1777985064_PT_Consumption_English.xls,2019-20,11,2026-08-21T15:32:18.571334+00:00,1.0
2019-11-01,2019,2019-20,November,MS,2534.7383052778832,Thousand Metric Tonnes (TMT),PPAC,1777985064_PT_Consumption_English.xls,2019-20,11,2026-08-21T15:32:18.571334+00:00,1.0
2019-12-01,2019,2019-20,December,MS,2473.2641568353492,Thousand Metric Tonnes (TMT),PPAC,1777985064_PT_Consumption_English.xls,2019-20,11,2026-08-21T15:32:18.571334+00:00,1.0
2020-01-01,2020,2019-20,January,MS,2456.1561711158406,Thousand Metric Tonnes (TMT),PPAC,1777985064_PT_Consumption_English.xls,2019-20,11,2026-08-21T15:32:18.571334+00:00,1.0
2020-02-01,2020,2019-20,February,MS,2510.9534597669967,Thousand Metric Tonnes (TMT),PPAC,1777985064_PT_Consumption_English.xls,2019-20,11,2026-08-21T15:32:18.571334+00:00,1.0
2020-03-01,2020,2019-20,March,MS,2155.7272645789176,Thousand Metric Tonnes (TMT),PPAC,1777985064_PT_Consumption_English.xls,2019-20,11,2026-08-21T15:32:18.571334+00:00,1.0
2019-04-01,2019,2019-20,April,ATF,645.6757938251563,Thousand Metric Tonnes (TMT),PPAC,1777985064_PT_Consumption_English.xls,2019-20,12,2026-08-21T15:32:18.571334+00:00,1.0
2019-05-01,2019,2019-20,May,ATF,679.5829452093279,Thousand Metric Tonnes (TMT),PPAC,1777985064_PT_Consumption_English.xls,2019-20,12,2026-08-21T15:32:18.571334+00:00,1.0
2019-06-01,2019,2019-20,June,ATF,649.6709349144645,Thousand Metric Tonnes (TMT),PPAC,1777985064_PT_Consumption_English.xls,2019-20,12,2026-08-21T15:32:18.571334+00:00,1.0
2019-07-01,2019,2019-20,July,ATF,658.2580178936425,Thousand Metric Tonnes (TMT),PPAC,1777985064_PT_Consumption_English.xls,2019-20,12,2026-08-21T15:32:18.571334+00:00,1.0
2019-08-01,2019,2019-20,August,ATF,666.3807433397031,Thousand Metric Tonnes (TMT),PPAC,1777985064_PT_Consumption_English.xls,2019-20,12,2026-08-21T15:32:18.571334+00:00,1.0
2019-09-01,2019,2019-20,September,ATF,653.4954745350387,Thousand Metric Tonnes (TMT),PPAC,1777985064_PT_Consumption_English.xls,2019-20,12,2026-08-21T15:32:18.571334+00:00,1.0
2019-10-01,2019,2019-20,October,ATF,697.4823615620024,Thousand Metric Tonnes (TMT),PPAC,1777985064_PT_Consumption_English.xls,2019-20,12,2026-08-21T15:32:18.571334+00:00,1.0
2019-11-01,2019,2019-20,November,ATF,708.7241733637903,Thousand Metric Tonnes (TMT),PPAC,1777985064_PT_Consumption_English.xls,2019-20,12,2026-08-21T15:32:18.571334+00:00,1.0
2019-12-01,2019,2019-20,December,ATF,728.9707987660698,Thousand Metric Tonnes (TMT),PPAC,1777985064_PT_Consumption_English.xls,2019-20,12,2026-08-21T15:32:18.571334+00:00,1.0
2020-01-01,2020,2019-20,January,ATF,738.5262576514109,Thousand Metric Tonnes (TMT),PPAC,1777985064_PT_Consumption_English.xls,2019-20,12,2026-08-21T15:32:18.571334+00:00,1.0
2020-02-01,2020,2019-20,February,ATF,688.9790943443993,Thousand Metric Tonnes (TMT),PPAC,1777985064_PT_Consumption_English.xls,2019-20,12,2026-08-21T15:32:18.571334+00:00,1.0
2020-03-01,2020,2019-20,March,ATF,482.86244011253194,Thousand Metric Tonnes (TMT),PPAC,1777985064_PT_Consumption_English.xls,2019-20,12,2026-08-21T15:32:18.571334+00:00,1.0
2019-04-01,2019,2019-20,April,SKO,254.3541902428043,Thousand Metric Tonnes (TMT),PPAC,1777985064_PT_Consumption_English.xls,2019-20,13,2026-08-21T15:32:18.571334+00:00,1.0
2019-05-01,2019,2019-20,May,SKO,268.0620453136211,Thousand Metric Tonnes (TMT),PPAC,1777985064_PT_Consumption_English.xls,2019-20,13,2026-08-21T15:32:18.571334+00:00,1.0
2019-06-01,2019,2019-20,June,SKO,260.04836372296,Thousand Metric Tonnes (TMT),PPAC,1777985064_PT_Consumption_English.xls,2019-20,13,2026-08-21T15:32:18.571334+00:00,1.0
2019-07-01,2019,2019-20,July,SKO,195.02356593774567,Thousand Metric Tonnes (TMT),PPAC,1777985064_PT_Consumption_English.xls,2019-20,13,2026-08-21T15:32:18.571334+00:00,1.0
2019-08-01,2019,2019-20,August,SKO,231.36937240934103,Thousand Metric Tonnes (TMT),PPAC,1777985064_PT_Consumption_English.xls,2019-20,13,2026-08-21T15:32:18.571334+00:00,1.0
2019-09-01,2019,2019-20,September,SKO,176.33663125292037,Thousand Metric Tonnes (TMT),PPAC,1777985064_PT_Consumption_English.xls,2019-20,13,2026-08-21T15:32:18.571334+00:00,1.0
2019-10-01,2019,2019-20,October,SKO,170.2123883299636,Thousand Metric Tonnes (TMT),PPAC,1777985064_PT_Consumption_English.xls,2019-20,13,2026-08-21T15:32:18.571334+00:00,1.0
2019-11-01,2019,2019-20,November,SKO,188.22542645136394,Thousand Metric Tonnes (TMT),PPAC,1777985064_PT_Consumption_English.xls,2019-20,13,2026-08-21T15:32:18.571334+00:00,1.0
2019-12-01,2019,2019-20,December,SKO,152.67437132607205,Thousand Metric Tonnes (TMT),PPAC,1777985064_PT_Consumption_English.xls,2019-20,13,2026-08-21T15:32:18.571334+00:00,1.0
2020-01-01,2020,2019-20,January,SKO,164.03655105836816,Thousand Metric Tonnes (TMT),PPAC,1777985064_PT_Consumption_English.xls,2019-20,13,2026-08-21T15:32:18.571334+00:00,1.0
2020-02-01,2020,2019-20,February,SKO,184.5908591175122,Thousand Metric Tonnes (TMT),PPAC,1777985064_PT_Consumption_English.xls,2019-20,13,2026-08-21T15:32:18.571334+00:00,1.0
2020-03-01,2020,2019-20,March,SKO,151.89073713463077,Thousand Metric Tonnes (TMT),PPAC,1777985064_PT_Consumption_English.xls,2019-20,13,2026-08-21T15:32:18.571334+00:00,1.0
2019-04-01,2019,2019-20,April,HSD,7323.86811796086,Thousand Metric Tonnes (TMT),PPAC,1777985064_PT_Consumption_English.xls,2019-20,14,2026-08-21T15:32:18.571334+00:00,1.0
2019-05-01,2019,2019-20,May,HSD,7788.688396859192,Thousand Metric Tonnes (TMT),PPAC,1777985064_PT_Consumption_English.xls,2019-20,14,2026-08-21T15:32:18.571334+00:00,1.0
2019-06-01,2019,2019-20,June,HSD,7451.632456805104,Thousand Metric Tonnes (TMT),PPAC,1777985064_PT_Consumption_English.xls,2019-20,14,2026-08-21T15:32:18.571334+00:00,1.0
2019-07-01,2019,2019-20,July,HSD,6841.727789707947,Thousand Metric Tonnes (TMT),PPAC,1777985064_PT_Consumption_English.xls,2019-20,14,2026-08-21T15:32:18.571334+00:00,1.0
2019-08-01,2019,2019-20,August,HSD,6117.210830587714,Thousand Metric Tonnes (TMT),PPAC,1777985064_PT_Consumption_English.xls,2019-20,14,2026-08-21T15:32:18.571334+00:00,1.0
2019-09-01,2019,2019-20,September,HSD,5837.595291282903,Thousand Metric Tonnes (TMT),PPAC,1777985064_PT_Consumption_English.xls,2019-20,14,2026-08-21T15:32:18.571334+00:00,1.0
2019-10-01,2019,2019-20,October,HSD,6510.229137203511,Thousand Metric Tonnes (TMT),PPAC,1777985064_PT_Consumption_English.xls,2019-20,14,2026-08-21T15:32:18.571334+00:00,1.0
2019-11-01,2019,2019-20,November,HSD,7565.553482224185,Thousand Metric Tonnes (TMT),PPAC,1777985064_PT_Consumption_English.xls,2019-20,14,2026-08-21T15:32:18.571334+00:00,1.0
2019-12-01,2019,2019-20,December,HSD,7387.314096433673,Thousand Metric Tonnes (TMT),PPAC,1777985064_PT_Consumption_English.xls,2019-20,14,2026-08-21T15:32:18.571334+00:00,1.0
2020-01-01,2020,2019-20,January,HSD,6956.407884038889,Thousand Metric Tonnes (TMT),PPAC,1777985064_PT_Consumption_English.xls,2019-20,14,2026-08-21T15:32:18.571334+00:00,1.0
2020-02-01,2020,2019-20,February,HSD,7161.95437569893,Thousand Metric Tonnes (TMT),PPAC,1777985064_PT_Consumption_English.xls,2019-20,14,2026-08-21T15:32:18.571334+00:00,1.0
2020-03-01,2020,2019-20,March,HSD,5659.8306466438835,Thousand Metric Tonnes (TMT),PPAC,1777985064_PT_Consumption_English.xls,2019-20,14,2026-08-21T15:32:18.571334+00:00,1.0
2019-04-01,2019,2019-20,April,LDO,45.0327741109215,Thousand Metric Tonnes (TMT),PPAC,1777985064_PT_Consumption_English.xls,2019-20,15,2026-08-21T15:32:18.571334+00:00,1.0
2019-05-01,2019,2019-20,May,LDO,49.38114176621164,Thousand Metric Tonnes (TMT),PPAC,1777985064_PT_Consumption_English.xls,2019-20,15,2026-08-21T15:32:18.571334+00:00,1.0
2019-06-01,2019,2019-20,June,LDO,53.48165039249149,Thousand Metric Tonnes (TMT),PPAC,1777985064_PT_Consumption_English.xls,2019-20,15,2026-08-21T15:32:18.571334+00:00,1.0
2019-07-01,2019,2019-20,July,LDO,51.50775479522187,Thousand Metric Tonnes (TMT),PPAC,1777985064_PT_Consumption_English.xls,2019-20,15,2026-08-21T15:32:18.571334+00:00,1.0
2019-08-01,2019,2019-20,August,LDO,63.210866040955665,Thousand Metric Tonnes (TMT),PPAC,1777985064_PT_Consumption_English.xls,2019-20,15,2026-08-21T15:32:18.571334+00:00,1.0
2019-09-01,2019,2019-20,September,LDO,60.09812363481235,Thousand Metric Tonnes (TMT),PPAC,1777985064_PT_Consumption_English.xls,2019-20,15,2026-08-21T15:32:18.571334+00:00,1.0
2019-10-01,2019,2019-20,October,LDO,48.28708354095573,Thousand Metric Tonnes (TMT),PPAC,1777985064_PT_Consumption_English.xls,2019-20,15,2026-08-21T15:32:18.571334+00:00,1.0
2019-11-01,2019,2019-20,November,LDO,50.60272706484653,Thousand Metric Tonnes (TMT),PPAC,1777985064_PT_Consumption_English.xls,2019-20,15,2026-08-21T15:32:18.571334+00:00,1.0
2019-12-01,2019,2019-20,December,LDO,46.00159395051197,Thousand Metric Tonnes (TMT),PPAC,1777985064_PT_Consumption_English.xls,2019-20,15,2026-08-21T15:32:18.571334+00:00,1.0
2020-01-01,2020,2019-20,January,LDO,57.33493441979529,Thousand Metric Tonnes (TMT),PPAC,1777985064_PT_Consumption_English.xls,2019-20,15,2026-08-21T15:32:18.571334+00:00,1.0
2020-02-01,2020,2019-20,February,LDO,53.994992610921614,Thousand Metric Tonnes (TMT),PPAC,1777985064_PT_Consumption_English.xls,2019-20,15,2026-08-21T15:32:18.571334+00:00,1.0
2020-03-01,2020,2019-20,March,LDO,48.8659023122867,Thousand Metric Tonnes (TMT),PPAC,1777985064_PT_Consumption_English.xls,2019-20,15,2026-08-21T15:32:18.571334+00:00,1.0
2019-04-01,2019,2019-20,April,Lubricants & Greases,264.6656669725746,Thousand Metric Tonnes (TMT),PPAC,1777985064_PT_Consumption_English.xls,2019-20,16,2026-08-21T15:32:18.571334+00:00,1.0
2019-05-01,2019,2019-20,May,Lubricants & Greases,362.52576916905883,Thousand Metric Tonnes (TMT),PPAC,1777985064_PT_Consumption_English.xls,2019-20,16,2026-08-21T15:32:18.571334+00:00,1.0
2019-06-01,2019,2019-20,June,Lubricants & Greases,300.87042834535026,Thousand Metric Tonnes (TMT),PPAC,1777985064_PT_Consumption_English.xls,2019-20,16,2026-08-21T15:32:18.571334+00:00,1.0
2019-07-01,2019,2019-20,July,Lubricants & Greases,344.68556437339674,Thousand Metric Tonnes (TMT),PPAC,1777985064_PT_Consumption_English.xls,2019-20,16,2026-08-21T15:32:18.571334+00:00,1.0
2019-08-01,2019,2019-20,August,Lubricants & Greases,310.30484298665345,Thousand Metric Tonnes (TMT),PPAC,1777985064_PT_Consumption_English.xls,2019-20,16,2026-08-21T15:32:18.571334+00:00,1.0
2019-09-01,2019,2019-20,September,Lubricants & Greases,310.8610039370905,Thousand Metric Tonnes (TMT),PPAC,1777985064_PT_Consumption_English.xls,2019-20,16,2026-08-21T15:32:18.571334+00:00,1.0
2019-10-01,2019,2019-20,October,Lubricants & Greases,326.23360064359053,Thousand Metric Tonnes (TMT),PPAC,1777985064_PT_Consumption_English.xls,2019-20,16,2026-08-21T15:32:18.571334+00:00,1.0
2019-11-01,2019,2019-20,November,Lubricants & Greases,335.05234612646285,Thousand Metric Tonnes (TMT),PPAC,1777985064_PT_Consumption_English.xls,2019-20,16,2026-08-21T15:32:18.571334+00:00,1.0
2019-12-01,2019,2019-20,December,Lubricants & Greases,306.533653314897,Thousand Metric Tonnes (TMT),PPAC,1777985064_PT_Consumption_English.xls,2019-20,16,2026-08-21T15:32:18.571334+00:00,1.0
2020-01-01,2020,2019-20,January,Lubricants & Greases,374.3810680297687,Thousand Metric Tonnes (TMT),PPAC,1777985064_PT_Consumption_English.xls,2019-20,16,2026-08-21T15:32:18.571334+00:00,1.0
2020-02-01,2020,2019-20,February,Lubricants & Greases,321.39940087477834,Thousand Metric Tonnes (TMT),PPAC,1777985064_PT_Consumption_English.xls,2019-20,16,2026-08-21T15:32:18.571334+00:00,1.0
2020-03-01,2020,2019-20,March,Lubricants & Greases,275.87443711863784,Thousand Metric Tonnes (TMT),PPAC,1777985064_PT_Consumption_English.xls,2019-20,16,2026-08-21T15:32:18.571334+00:00,1.0
2019-04-01,2019,2019-20,April,FO & LSHS,498.3835232031846,Thousand Metric Tonnes (TMT),PPAC,1777985064_PT_Consumption_English.xls,2019-20,17,2026-08-21T15:32:18.571334+00:00,1.0
2019-05-01,2019,2019-20,May,FO & LSHS,516.4190013852649,Thousand Metric Tonnes (TMT),PPAC,1777985064_PT_Consumption_English.xls,2019-20,17,2026-08-21T15:32:18.571334+00:00,1.0
2019-06-01,2019,2019-20,June,FO & LSHS,477.7016865972746,Thousand Metric Tonnes (TMT),PPAC,1777985064_PT_Consumption_English.xls,2019-20,17,2026-08-21T15:32:18.571334+00:00,1.0
2019-07-01,2019,2019-20,July,FO & LSHS,571.2813430222562,Thousand Metric Tonnes (TMT),PPAC,1777985064_PT_Consumption_English.xls,2019-20,17,2026-08-21T15:32:18.571334+00:00,1.0
2019-08-01,2019,2019-20,August,FO & LSHS,481.1864671283574,Thousand Metric Tonnes (TMT),PPAC,1777985064_PT_Consumption_English.xls,2019-20,17,2026-08-21T15:32:18.571334+00:00,1.0
2019-09-01,2019,2019-20,September,FO & LSHS,530.7653325748265,Thousand Metric Tonnes (TMT),PPAC,1777985064_PT_Consumption_English.xls,2019-20,17,2026-08-21T15:32:18.571334+00:00,1.0
2019-10-01,2019,2019-20,October,FO & LSHS,473.3699735188019,Thousand Metric Tonnes (TMT),PPAC,1777985064_PT_Consumption_English.xls,2019-20,17,2026-08-21T15:32:18.571334+00:00,1.0
2019-11-01,2019,2019-20,November,FO & LSHS,463.4540813181879,Thousand Metric Tonnes (TMT),PPAC,1777985064_PT_Consumption_English.xls,2019-20,17,2026-08-21T15:32:18.571334+00:00,1.0
2019-12-01,2019,2019-20,December,FO & LSHS,628.0375479146198,Thousand Metric Tonnes (TMT),PPAC,1777985064_PT_Consumption_English.xls,2019-20,17,2026-08-21T15:32:18.571334+00:00,1.0
2020-01-01,2020,2019-20,January,FO & LSHS,604.5622375067143,Thousand Metric Tonnes (TMT),PPAC,1777985064_PT_Consumption_English.xls,2019-20,17,2026-08-21T15:32:18.571334+00:00,1.0
2020-02-01,2020,2019-20,February,FO & LSHS,587.4111160418265,Thousand Metric Tonnes (TMT),PPAC,1777985064_PT_Consumption_English.xls,2019-20,17,2026-08-21T15:32:18.571334+00:00,1.0
2020-03-01,2020,2019-20,March,FO & LSHS,474.6409777330098,Thousand Metric Tonnes (TMT),PPAC,1777985064_PT_Consumption_English.xls,2019-20,17,2026-08-21T15:32:18.571334+00:00,1.0
2019-04-01,2019,2019-20,April,Bitumen,690.5301459999997,Thousand Metric Tonnes (TMT),PPAC,1777985064_PT_Consumption_English.xls,2019-20,18,2026-08-21T15:32:18.571334+00:00,1.0
2019-05-01,2019,2019-20,May,Bitumen,726.4798939999995,Thousand Metric Tonnes (TMT),PPAC,1777985064_PT_Consumption_English.xls,2019-20,18,2026-08-21T15:32:18.571334+00:00,1.0
2019-06-01,2019,2019-20,June,Bitumen,547.8940100000007,Thousand Metric Tonnes (TMT),PPAC,1777985064_PT_Consumption_English.xls,2019-20,18,2026-08-21T15:32:18.571334+00:00,1.0
2019-07-01,2019,2019-20,July,Bitumen,407.05954999999983,Thousand Metric Tonnes (TMT),PPAC,1777985064_PT_Consumption_English.xls,2019-20,18,2026-08-21T15:32:18.571334+00:00,1.0
2019-08-01,2019,2019-20,August,Bitumen,230.65011100000015,Thousand Metric Tonnes (TMT),PPAC,1777985064_PT_Consumption_English.xls,2019-20,18,2026-08-21T15:32:18.571334+00:00,1.0
2019-09-01,2019,2019-20,September,Bitumen,320.7642259999999,Thousand Metric Tonnes (TMT),PPAC,1777985064_PT_Consumption_English.xls,2019-20,18,2026-08-21T15:32:18.571334+00:00,1.0
2019-10-01,2019,2019-20,October,Bitumen,445.6557269999997,Thousand Metric Tonnes (TMT),PPAC,1777985064_PT_Consumption_English.xls,2019-20,18,2026-08-21T15:32:18.571334+00:00,1.0
2019-11-01,2019,2019-20,November,Bitumen,584.8412059999996,Thousand Metric Tonnes (TMT),PPAC,1777985064_PT_Consumption_English.xls,2019-20,18,2026-08-21T15:32:18.571334+00:00,1.0
2019-12-01,2019,2019-20,December,Bitumen,629.5525430000001,Thousand Metric Tonnes (TMT),PPAC,1777985064_PT_Consumption_English.xls,2019-20,18,2026-08-21T15:32:18.571334+00:00,1.0
2020-01-01,2020,2019-20,January,Bitumen,699.8951439999994,Thousand Metric Tonnes (TMT),PPAC,1777985064_PT_Consumption_English.xls,2019-20,18,2026-08-21T15:32:18.571334+00:00,1.0
2020-02-01,2020,2019-20,February,Bitumen,813.5704189999996,Thousand Metric Tonnes (TMT),PPAC,1777985064_PT_Consumption_English.xls,2019-20,18,2026-08-21T15:32:18.571334+00:00,1.0
2020-03-01,2020,2019-20,March,Bitumen,623.4758740000001,Thousand Metric Tonnes (TMT),PPAC,1777985064_PT_Consumption_English.xls,2019-20,18,2026-08-21T15:32:18.571334+00:00,1.0
2019-04-01,2019,2019-20,April,Petroleum coke,2253.6149920000003,Thousand Metric Tonnes (TMT),PPAC,1777985064_PT_Consumption_English.xls,2019-20,19,2026-08-21T15:32:18.571334+00:00,1.0
2019-05-01,2019,2019-20,May,Petroleum coke,2298.831708,Thousand Metric Tonnes (TMT),PPAC,1777985064_PT_Consumption_English.xls,2019-20,19,2026-08-21T15:32:18.571334+00:00,1.0
2019-06-01,2019,2019-20,June,Petroleum coke,1547.5427879999997,Thousand Metric Tonnes (TMT),PPAC,1777985064_PT_Consumption_English.xls,2019-20,19,2026-08-21T15:32:18.571334+00:00,1.0
2019-07-01,2019,2019-20,July,Petroleum coke,1688.2759850000002,Thousand Metric Tonnes (TMT),PPAC,1777985064_PT_Consumption_English.xls,2019-20,19,2026-08-21T15:32:18.571334+00:00,1.0
2019-08-01,2019,2019-20,August,Petroleum coke,1778.0626060000006,Thousand Metric Tonnes (TMT),PPAC,1777985064_PT_Consumption_English.xls,2019-20,19,2026-08-21T15:32:18.571334+00:00,1.0
2019-09-01,2019,2019-20,September,Petroleum coke,1755.7938020000004,Thousand Metric Tonnes (TMT),PPAC,1777985064_PT_Consumption_English.xls,2019-20,19,2026-08-21T15:32:18.571334+00:00,1.0
2019-10-01,2019,2019-20,October,Petroleum coke,1664.5080329999996,Thousand Metric Tonnes (TMT),PPAC,1777985064_PT_Consumption_English.xls,2019-20,19,2026-08-21T15:32:18.571334+00:00,1.0
2019-11-01,2019,2019-20,November,Petroleum coke,1673.0042189999995,Thousand Metric Tonnes (TMT),PPAC,1777985064_PT_Consumption_English.xls,2019-20,19,2026-08-21T15:32:18.571334+00:00,1.0
2019-12-01,2019,2019-20,December,Petroleum coke,2001.6109490000008,Thousand Metric Tonnes (TMT),PPAC,1777985064_PT_Consumption_English.xls,2019-20,19,2026-08-21T15:32:18.571334+00:00,1.0
2020-01-01,2020,2019-20,January,Petroleum coke,1863.7026539999997,Thousand Metric Tonnes (TMT),PPAC,1777985064_PT_Consumption_English.xls,2019-20,19,2026-08-21T15:32:18.571334+00:00,1.0
2020-02-01,2020,2019-20,February,Petroleum coke,1590.9113800000005,Thousand Metric Tonnes (TMT),PPAC,1777985064_PT_Consumption_English.xls,2019-20,19,2026-08-21T15:32:18.571334+00:00,1.0
2020-03-01,2020,2019-20,March,Petroleum coke,1592.2997090000008,Thousand Metric Tonnes (TMT),PPAC,1777985064_PT_Consumption_English.xls,2019-20,19,2026-08-21T15:32:18.571334+00:00,1.0
2019-04-01,2019,2019-20,April,Others,1039.0960492665254,Thousand Metric Tonnes (TMT),PPAC,1777985064_PT_Consumption_English.xls,2019-20,20,2026-08-21T15:32:18.571334+00:00,1.0
2019-05-01,2019,2019-20,May,Others,949.0232217254664,Thousand Metric Tonnes (TMT),PPAC,1777985064_PT_Consumption_English.xls,2019-20,20,2026-08-21T15:32:18.571334+00:00,1.0
2019-06-01,2019,2019-20,June,Others,975.1391027327054,Thousand Metric Tonnes (TMT),PPAC,1777985064_PT_Consumption_English.xls,2019-20,20,2026-08-21T15:32:18.571334+00:00,1.0
2019-07-01,2019,2019-20,July,Others,1023.5169563378381,Thousand Metric Tonnes (TMT),PPAC,1777985064_PT_Consumption_English.xls,2019-20,20,2026-08-21T15:32:18.571334+00:00,1.0
2019-08-01,2019,2019-20,August,Others,908.1285383416935,Thousand Metric Tonnes (TMT),PPAC,1777985064_PT_Consumption_English.xls,2019-20,20,2026-08-21T15:32:18.571334+00:00,1.0
2019-09-01,2019,2019-20,September,Others,905.5101904723873,Thousand Metric Tonnes (TMT),PPAC,1777985064_PT_Consumption_English.xls,2019-20,20,2026-08-21T15:32:18.571334+00:00,1.0
2019-10-01,2019,2019-20,October,Others,992.3638882911631,Thousand Metric Tonnes (TMT),PPAC,1777985064_PT_Consumption_English.xls,2019-20,20,2026-08-21T15:32:18.571334+00:00,1.0
2019-11-01,2019,2019-20,November,Others,899.2991302772775,Thousand Metric Tonnes (TMT),PPAC,1777985064_PT_Consumption_English.xls,2019-20,20,2026-08-21T15:32:18.571334+00:00,1.0
2019-12-01,2019,2019-20,December,Others,965.2671569276787,Thousand Metric Tonnes (TMT),PPAC,1777985064_PT_Consumption_English.xls,2019-20,20,2026-08-21T15:32:18.571334+00:00,1.0
2020-01-01,2020,2019-20,January,Others,976.4319118015414,Thousand Metric Tonnes (TMT),PPAC,1777985064_PT_Consumption_English.xls,2019-20,20,2026-08-21T15:32:18.571334+00:00,1.0
2020-02-01,2020,2019-20,February,Others,866.0769096365252,Thousand Metric Tonnes (TMT),PPAC,1777985064_PT_Consumption_English.xls,2019-20,20,2026-08-21T15:32:18.571334+00:00,1.0
2020-03-01,2020,2019-20,March,Others,859.351873433583,Thousand Metric Tonnes (TMT),PPAC,1777985064_PT_Consumption_English.xls,2019-20,20,2026-08-21T15:32:18.571334+00:00,1.0
2020-04-01,2020,2020-21,April,LPG,2113.0660883430046,Thousand Metric Tonnes (TMT),PPAC,1777985064_PT_Consumption_English.xls,2020-21,9,2026-08-21T15:32:18.577640+00:00,1.0
2020-05-01,2020,2020-21,May,LPG,2296.1423323830077,Thousand Metric Tonnes (TMT),PPAC,1777985064_PT_Consumption_English.xls,2020-21,9,2026-08-21T15:32:18.577640+00:00,1.0
2020-06-01,2020,2020-21,June,LPG,2064.0793437959996,Thousand Metric Tonnes (TMT),PPAC,1777985064_PT_Consumption_English.xls,2020-21,9,2026-08-21T15:32:18.577640+00:00,1.0
2020-07-01,2020,2020-21,July,LPG,2257.702505174003,Thousand Metric Tonnes (TMT),PPAC,1777985064_PT_Consumption_English.xls,2020-21,9,2026-08-21T15:32:18.577640+00:00,1.0
2020-08-01,2020,2020-21,August,LPG,2261.909089650006,Thousand Metric Tonnes (TMT),PPAC,1777985064_PT_Consumption_English.xls,2020-21,9,2026-08-21T15:32:18.577640+00:00,1.0
2020-09-01,2020,2020-21,September,LPG,2261.370374001999,Thousand Metric Tonnes (TMT),PPAC,1777985064_PT_Consumption_English.xls,2020-21,9,2026-08-21T15:32:18.577640+00:00,1.0
2020-10-01,2020,2020-21,October,LPG,2420.576794637005,Thousand Metric Tonnes (TMT),PPAC,1777985064_PT_Consumption_English.xls,2020-21,9,2026-08-21T15:32:18.577640+00:00,1.0
2020-11-01,2020,2020-21,November,LPG,2351.8026863040027,Thousand Metric Tonnes (TMT),PPAC,1777985064_PT_Consumption_English.xls,2020-21,9,2026-08-21T15:32:18.577640+00:00,1.0
2020-12-01,2020,2020-21,December,LPG,2523.288407293005,Thousand Metric Tonnes (TMT),PPAC,1777985064_PT_Consumption_English.xls,2020-21,9,2026-08-21T15:32:18.577640+00:00,1.0
2021-01-01,2021,2020-21,January,LPG,2490.0924045010047,Thousand Metric Tonnes (TMT),PPAC,1777985064_PT_Consumption_English.xls,2020-21,9,2026-08-21T15:32:18.577640+00:00,1.0
2021-02-01,2021,2020-21,February,LPG,2262.013582494008,Thousand Metric Tonnes (TMT),PPAC,1777985064_PT_Consumption_English.xls,2020-21,9,2026-08-21T15:32:18.577640+00:00,1.0
2021-03-01,2021,2020-21,March,LPG,2256.3827698300047,Thousand Metric Tonnes (TMT),PPAC,1777985064_PT_Consumption_English.xls,2020-21,9,2026-08-21T15:32:18.577640+00:00,1.0
2020-04-01,2020,2020-21,April,Naphtha,730.0915469890001,Thousand Metric Tonnes (TMT),PPAC,1777985064_PT_Consumption_English.xls,2020-21,10,2026-08-21T15:32:18.577640+00:00,1.0
2020-05-01,2020,2020-21,May,Naphtha,992.6678499899998,Thousand Metric Tonnes (TMT),PPAC,1777985064_PT_Consumption_English.xls,2020-21,10,2026-08-21T15:32:18.577640+00:00,1.0
2020-06-01,2020,2020-21,June,Naphtha,1218.48707797,Thousand Metric Tonnes (TMT),PPAC,1777985064_PT_Consumption_English.xls,2020-21,10,2026-08-21T15:32:18.577640+00:00,1.0
2020-07-01,2020,2020-21,July,Naphtha,1296.87342398,Thousand Metric Tonnes (TMT),PPAC,1777985064_PT_Consumption_English.xls,2020-21,10,2026-08-21T15:32:18.577640+00:00,1.0
2020-08-01,2020,2020-21,August,Naphtha,1075.3704694545452,Thousand Metric Tonnes (TMT),PPAC,1777985064_PT_Consumption_English.xls,2020-21,10,2026-08-21T15:32:18.577640+00:00,1.0
2020-09-01,2020,2020-21,September,Naphtha,1120.39386599,Thousand Metric Tonnes (TMT),PPAC,1777985064_PT_Consumption_English.xls,2020-21,10,2026-08-21T15:32:18.577640+00:00,1.0
2020-10-01,2020,2020-21,October,Naphtha,1345.720304,Thousand Metric Tonnes (TMT),PPAC,1777985064_PT_Consumption_English.xls,2020-21,10,2026-08-21T15:32:18.577640+00:00,1.0
2020-11-01,2020,2020-21,November,Naphtha,1403.428191,Thousand Metric Tonnes (TMT),PPAC,1777985064_PT_Consumption_English.xls,2020-21,10,2026-08-21T15:32:18.577640+00:00,1.0
2020-12-01,2020,2020-21,December,Naphtha,1212.089737,Thousand Metric Tonnes (TMT),PPAC,1777985064_PT_Consumption_English.xls,2020-21,10,2026-08-21T15:32:18.577640+00:00,1.0
2021-01-01,2021,2020-21,January,Naphtha,1208.9778509900002,Thousand Metric Tonnes (TMT),PPAC,1777985064_PT_Consumption_English.xls,2020-21,10,2026-08-21T15:32:18.577640+00:00,1.0
2021-02-01,2021,2020-21,February,Naphtha,1216.60556901,Thousand Metric Tonnes (TMT),PPAC,1777985064_PT_Consumption_English.xls,2020-21,10,2026-08-21T15:32:18.577640+00:00,1.0
2021-03-01,2021,2020-21,March,Naphtha,1279.6495659799998,Thousand Metric Tonnes (TMT),PPAC,1777985064_PT_Consumption_English.xls,2020-21,10,2026-08-21T15:32:18.577640+00:00,1.0
2020-04-01,2020,2020-21,April,MS,973.0054157759357,Thousand Metric Tonnes (TMT),PPAC,1777985064_PT_Consumption_English.xls,2020-21,11,2026-08-21T15:32:18.577640+00:00,1.0
2020-05-01,2020,2020-21,May,MS,1770.530742228094,Thousand Metric Tonnes (TMT),PPAC,1777985064_PT_Consumption_English.xls,2020-21,11,2026-08-21T15:32:18.577640+00:00,1.0
2020-06-01,2020,2020-21,June,MS,2282.273009750746,Thousand Metric Tonnes (TMT),PPAC,1777985064_PT_Consumption_English.xls,2020-21,11,2026-08-21T15:32:18.577640+00:00,1.0
2020-07-01,2020,2020-21,July,MS,2260.927710617596,Thousand Metric Tonnes (TMT),PPAC,1777985064_PT_Consumption_English.xls,2020-21,11,2026-08-21T15:32:18.577640+00:00,1.0
2020-08-01,2020,2020-21,August,MS,2381.7228756574236,Thousand Metric Tonnes (TMT),PPAC,1777985064_PT_Consumption_English.xls,2020-21,11,2026-08-21T15:32:18.577640+00:00,1.0
2020-09-01,2020,2020-21,September,MS,2450.789567155938,Thousand Metric Tonnes (TMT),PPAC,1777985064_PT_Consumption_English.xls,2020-21,11,2026-08-21T15:32:18.577640+00:00,1.0
2020-10-01,2020,2020-21,October,MS,2654.613128498047,Thousand Metric Tonnes (TMT),PPAC,1777985064_PT_Consumption_English.xls,2020-21,11,2026-08-21T15:32:18.577640+00:00,1.0
2020-11-01,2020,2020-21,November,MS,2665.3462842250615,Thousand Metric Tonnes (TMT),PPAC,1777985064_PT_Consumption_English.xls,2020-21,11,2026-08-21T15:32:18.577640+00:00,1.0
2020-12-01,2020,2020-21,December,MS,2705.882832506974,Thousand Metric Tonnes (TMT),PPAC,1777985064_PT_Consumption_English.xls,2020-21,11,2026-08-21T15:32:18.577640+00:00,1.0
2021-01-01,2021,2020-21,January,MS,2611.320746841916,Thousand Metric Tonnes (TMT),PPAC,1777985064_PT_Consumption_English.xls,2020-21,11,2026-08-21T15:32:18.577640+00:00,1.0
2021-02-01,2021,2020-21,February,MS,2472.282769318615,Thousand Metric Tonnes (TMT),PPAC,1777985064_PT_Consumption_English.xls,2020-21,11,2026-08-21T15:32:18.577640+00:00,1.0
2021-03-01,2021,2020-21,March,MS,2740.2986278739304,Thousand Metric Tonnes (TMT),PPAC,1777985064_PT_Consumption_English.xls,2020-21,11,2026-08-21T15:32:18.577640+00:00,1.0
2020-04-01,2020,2020-21,April,ATF,55.17924453807092,Thousand Metric Tonnes (TMT),PPAC,1777985064_PT_Consumption_English.xls,2020-21,12,2026-08-21T15:32:18.577640+00:00,1.0
2020-05-01,2020,2020-21,May,ATF,109.97484213734971,Thousand Metric Tonnes (TMT),PPAC,1777985064_PT_Consumption_English.xls,2020-21,12,2026-08-21T15:32:18.577640+00:00,1.0
2020-06-01,2020,2020-21,June,ATF,221.64002821279652,Thousand Metric Tonnes (TMT),PPAC,1777985064_PT_Consumption_English.xls,2020-21,12,2026-08-21T15:32:18.577640+00:00,1.0
2020-07-01,2020,2020-21,July,ATF,233.1339150085947,Thousand Metric Tonnes (TMT),PPAC,1777985064_PT_Consumption_English.xls,2020-21,12,2026-08-21T15:32:18.577640+00:00,1.0
2020-08-01,2020,2020-21,August,ATF,256.30366681894003,Thousand Metric Tonnes (TMT),PPAC,1777985064_PT_Consumption_English.xls,2020-21,12,2026-08-21T15:32:18.577640+00:00,1.0
2020-09-01,2020,2020-21,September,ATF,313.13195908154205,Thousand Metric Tonnes (TMT),PPAC,1777985064_PT_Consumption_English.xls,2020-21,12,2026-08-21T15:32:18.577640+00:00,1.0
2020-10-01,2020,2020-21,October,ATF,359.76640217070735,Thousand Metric Tonnes (TMT),PPAC,1777985064_PT_Consumption_English.xls,2020-21,12,2026-08-21T15:32:18.577640+00:00,1.0
2020-11-01,2020,2020-21,November,ATF,375.8686591422667,Thousand Metric Tonnes (TMT),PPAC,1777985064_PT_Consumption_English.xls,2020-21,12,2026-08-21T15:32:18.577640+00:00,1.0
2020-12-01,2020,2020-21,December,ATF,426.70716491641747,Thousand Metric Tonnes (TMT),PPAC,1777985064_PT_Consumption_English.xls,2020-21,12,2026-08-21T15:32:18.577640+00:00,1.0
2021-01-01,2021,2020-21,January,ATF,440.6326074827141,Thousand Metric Tonnes (TMT),PPAC,1777985064_PT_Consumption_English.xls,2020-21,12,2026-08-21T15:32:18.577640+00:00,1.0
2021-02-01,2021,2020-21,February,ATF,431.81814440158405,Thousand Metric Tonnes (TMT),PPAC,1777985064_PT_Consumption_English.xls,2020-21,12,2026-08-21T15:32:18.577640+00:00,1.0
2021-03-01,2021,2020-21,March,ATF,473.5983455285043,Thousand Metric Tonnes (TMT),PPAC,1777985064_PT_Consumption_English.xls,2020-21,12,2026-08-21T15:32:18.577640+00:00,1.0
2020-04-01,2020,2020-21,April,SKO,129.13179857587542,Thousand Metric Tonnes (TMT),PPAC,1777985064_PT_Consumption_English.xls,2020-21,13,2026-08-21T15:32:18.577640+00:00,1.0
2020-05-01,2020,2020-21,May,SKO,181.131192149418,Thousand Metric Tonnes (TMT),PPAC,1777985064_PT_Consumption_English.xls,2020-21,13,2026-08-21T15:32:18.577640+00:00,1.0
2020-06-01,2020,2020-21,June,SKO,161.24540229572037,Thousand Metric Tonnes (TMT),PPAC,1777985064_PT_Consumption_English.xls,2020-21,13,2026-08-21T15:32:18.577640+00:00,1.0
2020-07-01,2020,2020-21,July,SKO,160.6825183346311,Thousand Metric Tonnes (TMT),PPAC,1777985064_PT_Consumption_English.xls,2020-21,13,2026-08-21T15:32:18.577640+00:00,1.0
2020-08-01,2020,2020-21,August,SKO,132.304729622568,Thousand Metric Tonnes (TMT),PPAC,1777985064_PT_Consumption_English.xls,2020-21,13,2026-08-21T15:32:18.577640+00:00,1.0
2020-09-01,2020,2020-21,September,SKO,166.54281424902786,Thousand Metric Tonnes (TMT),PPAC,1777985064_PT_Consumption_English.xls,2020-21,13,2026-08-21T15:32:18.577640+00:00,1.0
2020-10-01,2020,2020-21,October,SKO,139.25455875175098,Thousand Metric Tonnes (TMT),PPAC,1777985064_PT_Consumption_English.xls,2020-21,13,2026-08-21T15:32:18.577640+00:00,1.0
2020-11-01,2020,2020-21,November,SKO,154.65982974007824,Thousand Metric Tonnes (TMT),PPAC,1777985064_PT_Consumption_English.xls,2020-21,13,2026-08-21T15:32:18.577640+00:00,1.0
2020-12-01,2020,2020-21,December,SKO,135.27183533618674,Thousand Metric Tonnes (TMT),PPAC,1777985064_PT_Consumption_English.xls,2020-21,13,2026-08-21T15:32:18.577640+00:00,1.0
2021-01-01,2021,2020-21,January,SKO,145.9739909642024,Thousand Metric Tonnes (TMT),PPAC,1777985064_PT_Consumption_English.xls,2020-21,13,2026-08-21T15:32:18.577640+00:00,1.0
2021-02-01,2021,2020-21,February,SKO,136.97853701945542,Thousand Metric Tonnes (TMT),PPAC,1777985064_PT_Consumption_English.xls,2020-21,13,2026-08-21T15:32:18.577640+00:00,1.0
2021-03-01,2021,2020-21,March,SKO,154.69404203112873,Thousand Metric Tonnes (TMT),PPAC,1777985064_PT_Consumption_English.xls,2020-21,13,2026-08-21T15:32:18.577640+00:00,1.0
2020-04-01,2020,2020-21,April,HSD,3252.1093073459647,Thousand Metric Tonnes (TMT),PPAC,1777985064_PT_Consumption_English.xls,2020-21,14,2026-08-21T15:32:18.577640+00:00,1.0
2020-05-01,2020,2020-21,May,HSD,5494.375364089617,Thousand Metric Tonnes (TMT),PPAC,1777985064_PT_Consumption_English.xls,2020-21,14,2026-08-21T15:32:18.577640+00:00,1.0
2020-06-01,2020,2020-21,June,HSD,6298.707663945629,Thousand Metric Tonnes (TMT),PPAC,1777985064_PT_Consumption_English.xls,2020-21,14,2026-08-21T15:32:18.577640+00:00,1.0
2020-07-01,2020,2020-21,July,HSD,5506.422596793516,Thousand Metric Tonnes (TMT),PPAC,1777985064_PT_Consumption_English.xls,2020-21,14,2026-08-21T15:32:18.577640+00:00,1.0
2020-08-01,2020,2020-21,August,HSD,4842.67273788529,Thousand Metric Tonnes (TMT),PPAC,1777985064_PT_Consumption_English.xls,2020-21,14,2026-08-21T15:32:18.577640+00:00,1.0
2020-09-01,2020,2020-21,September,HSD,5486.672085529684,Thousand Metric Tonnes (TMT),PPAC,1777985064_PT_Consumption_English.xls,2020-21,14,2026-08-21T15:32:18.577640+00:00,1.0
2020-10-01,2020,2020-21,October,HSD,7001.114521007055,Thousand Metric Tonnes (TMT),PPAC,1777985064_PT_Consumption_English.xls,2020-21,14,2026-08-21T15:32:18.577640+00:00,1.0
2020-11-01,2020,2020-21,November,HSD,7039.038984950652,Thousand Metric Tonnes (TMT),PPAC,1777985064_PT_Consumption_English.xls,2020-21,14,2026-08-21T15:32:18.577640+00:00,1.0
2020-12-01,2020,2020-21,December,HSD,7191.978691594475,Thousand Metric Tonnes (TMT),PPAC,1777985064_PT_Consumption_English.xls,2020-21,14,2026-08-21T15:32:18.577640+00:00,1.0
2021-01-01,2021,2020-21,January,HSD,6806.432192510453,Thousand Metric Tonnes (TMT),PPAC,1777985064_PT_Consumption_English.xls,2020-21,14,2026-08-21T15:32:18.577640+00:00,1.0
2021-02-01,2021,2020-21,February,HSD,6568.501945039504,Thousand Metric Tonnes (TMT),PPAC,1777985064_PT_Consumption_English.xls,2020-21,14,2026-08-21T15:32:18.577640+00:00,1.0
2021-03-01,2021,2020-21,March,HSD,7224.701050037887,Thousand Metric Tonnes (TMT),PPAC,1777985064_PT_Consumption_English.xls,2020-21,14,2026-08-21T15:32:18.577640+00:00,1.0
2020-04-01,2020,2020-21,April,LDO,27.7391056416382,Thousand Metric Tonnes (TMT),PPAC,1777985064_PT_Consumption_English.xls,2020-21,15,2026-08-21T15:32:18.577640+00:00,1.0
2020-05-01,2020,2020-21,May,LDO,70.96438727474408,Thousand Metric Tonnes (TMT),PPAC,1777985064_PT_Consumption_English.xls,2020-21,15,2026-08-21T15:32:18.577640+00:00,1.0
2020-06-01,2020,2020-21,June,LDO,62.533835035836184,Thousand Metric Tonnes (TMT),PPAC,1777985064_PT_Consumption_English.xls,2020-21,15,2026-08-21T15:32:18.577640+00:00,1.0
2020-07-01,2020,2020-21,July,LDO,62.4102931313994,Thousand Metric Tonnes (TMT),PPAC,1777985064_PT_Consumption_English.xls,2020-21,15,2026-08-21T15:32:18.577640+00:00,1.0
2020-08-01,2020,2020-21,August,LDO,61.79924776450514,Thousand Metric Tonnes (TMT),PPAC,1777985064_PT_Consumption_English.xls,2020-21,15,2026-08-21T15:32:18.577640+00:00,1.0
2020-09-01,2020,2020-21,September,LDO,65.25159022184305,Thousand Metric Tonnes (TMT),PPAC,1777985064_PT_Consumption_English.xls,2020-21,15,2026-08-21T15:32:18.577640+00:00,1.0
2020-10-01,2020,2020-21,October,LDO,69.27261441808879,Thousand Metric Tonnes (TMT),PPAC,1777985064_PT_Consumption_English.xls,2020-21,15,2026-08-21T15:32:18.577640+00:00,1.0
2020-11-01,2020,2020-21,November,LDO,68.63638902218439,Thousand Metric Tonnes (TMT),PPAC,1777985064_PT_Consumption_English.xls,2020-21,15,2026-08-21T15:32:18.577640+00:00,1.0
2020-12-01,2020,2020-21,December,LDO,88.00449255119463,Thousand Metric Tonnes (TMT),PPAC,1777985064_PT_Consumption_English.xls,2020-21,15,2026-08-21T15:32:18.577640+00:00,1.0
2021-01-01,2021,2020-21,January,LDO,86.93228119453944,Thousand Metric Tonnes (TMT),PPAC,1777985064_PT_Consumption_English.xls,2020-21,15,2026-08-21T15:32:18.577640+00:00,1.0
2021-02-01,2021,2020-21,February,LDO,79.57784127303766,Thousand Metric Tonnes (TMT),PPAC,1777985064_PT_Consumption_English.xls,2020-21,15,2026-08-21T15:32:18.577640+00:00,1.0
2021-03-01,2021,2020-21,March,LDO,111.94214649488072,Thousand Metric Tonnes (TMT),PPAC,1777985064_PT_Consumption_English.xls,2020-21,15,2026-08-21T15:32:18.577640+00:00,1.0
2020-04-01,2020,2020-21,April,Lubricants & Greases,167.59985836715637,Thousand Metric Tonnes (TMT),PPAC,1777985064_PT_Consumption_English.xls,2020-21,16,2026-08-21T15:32:18.577640+00:00,1.0
2020-05-01,2020,2020-21,May,Lubricants & Greases,147.66899687418243,Thousand Metric Tonnes (TMT),PPAC,1777985064_PT_Consumption_English.xls,2020-21,16,2026-08-21T15:32:18.577640+00:00,1.0
2020-06-01,2020,2020-21,June,Lubricants & Greases,244.2706534057474,Thousand Metric Tonnes (TMT),PPAC,1777985064_PT_Consumption_English.xls,2020-21,16,2026-08-21T15:32:18.577640+00:00,1.0
2020-07-01,2020,2020-21,July,Lubricants & Greases,345.6794372776435,Thousand Metric Tonnes (TMT),PPAC,1777985064_PT_Consumption_English.xls,2020-21,16,2026-08-21T15:32:18.577640+00:00,1.0
2020-08-01,2020,2020-21,August,Lubricants & Greases,366.3443001529382,Thousand Metric Tonnes (TMT),PPAC,1777985064_PT_Consumption_English.xls,2020-21,16,2026-08-21T15:32:18.577640+00:00,1.0
2020-09-01,2020,2020-21,September,Lubricants & Greases,396.46165554613526,Thousand Metric Tonnes (TMT),PPAC,1777985064_PT_Consumption_English.xls,2020-21,16,2026-08-21T15:32:18.577640+00:00,1.0
2020-10-01,2020,2020-21,October,Lubricants & Greases,390.8785830954037,Thousand Metric Tonnes (TMT),PPAC,1777985064_PT_Consumption_English.xls,2020-21,16,2026-08-21T15:32:18.577640+00:00,1.0
2020-11-01,2020,2020-21,November,Lubricants & Greases,421.1158693782807,Thousand Metric Tonnes (TMT),PPAC,1777985064_PT_Consumption_English.xls,2020-21,16,2026-08-21T15:32:18.577640+00:00,1.0
2020-12-01,2020,2020-21,December,Lubricants & Greases,439.1294290045906,Thousand Metric Tonnes (TMT),PPAC,1777985064_PT_Consumption_English.xls,2020-21,16,2026-08-21T15:32:18.577640+00:00,1.0
2021-01-01,2021,2020-21,January,Lubricants & Greases,391.9009567619013,Thousand Metric Tonnes (TMT),PPAC,1777985064_PT_Consumption_English.xls,2020-21,16,2026-08-21T15:32:18.577640+00:00,1.0
2021-02-01,2021,2020-21,February,Lubricants & Greases,387.75907344906926,Thousand Metric Tonnes (TMT),PPAC,1777985064_PT_Consumption_English.xls,2020-21,16,2026-08-21T15:32:18.577640+00:00,1.0
2021-03-01,2021,2020-21,March,Lubricants & Greases,398.4893573848565,Thousand Metric Tonnes (TMT),PPAC,1777985064_PT_Consumption_English.xls,2020-21,16,2026-08-21T15:32:18.577640+00:00,1.0
2020-04-01,2020,2020-21,April,FO & LSHS,283.00862459420586,Thousand Metric Tonnes (TMT),PPAC,1777985064_PT_Consumption_English.xls,2020-21,17,2026-08-21T15:32:18.577640+00:00,1.0
2020-05-01,2020,2020-21,May,FO & LSHS,471.4754757445747,Thousand Metric Tonnes (TMT),PPAC,1777985064_PT_Consumption_English.xls,2020-21,17,2026-08-21T15:32:18.577640+00:00,1.0
2020-06-01,2020,2020-21,June,FO & LSHS,468.1355642719589,Thousand Metric Tonnes (TMT),PPAC,1777985064_PT_Consumption_English.xls,2020-21,17,2026-08-21T15:32:18.577640+00:00,1.0
2020-07-01,2020,2020-21,July,FO & LSHS,468.6200110683036,Thousand Metric Tonnes (TMT),PPAC,1777985064_PT_Consumption_English.xls,2020-21,17,2026-08-21T15:32:18.577640+00:00,1.0
2020-08-01,2020,2020-21,August,FO & LSHS,460.47201514502416,Thousand Metric Tonnes (TMT),PPAC,1777985064_PT_Consumption_English.xls,2020-21,17,2026-08-21T15:32:18.577640+00:00,1.0
2020-09-01,2020,2020-21,September,FO & LSHS,454.4843090095945,Thousand Metric Tonnes (TMT),PPAC,1777985064_PT_Consumption_English.xls,2020-21,17,2026-08-21T15:32:18.577640+00:00,1.0
2020-10-01,2020,2020-21,October,FO & LSHS,479.6055570316572,Thousand Metric Tonnes (TMT),PPAC,1777985064_PT_Consumption_English.xls,2020-21,17,2026-08-21T15:32:18.577640+00:00,1.0
2020-11-01,2020,2020-21,November,FO & LSHS,485.9382166032387,Thousand Metric Tonnes (TMT),PPAC,1777985064_PT_Consumption_English.xls,2020-21,17,2026-08-21T15:32:18.577640+00:00,1.0
2020-12-01,2020,2020-21,December,FO & LSHS,529.0535680544891,Thousand Metric Tonnes (TMT),PPAC,1777985064_PT_Consumption_English.xls,2020-21,17,2026-08-21T15:32:18.577640+00:00,1.0
2021-01-01,2021,2020-21,January,FO & LSHS,516.2017525084425,Thousand Metric Tonnes (TMT),PPAC,1777985064_PT_Consumption_English.xls,2020-21,17,2026-08-21T15:32:18.577640+00:00,1.0
2021-02-01,2021,2020-21,February,FO & LSHS,475.7644866816968,Thousand Metric Tonnes (TMT),PPAC,1777985064_PT_Consumption_English.xls,2020-21,17,2026-08-21T15:32:18.577640+00:00,1.0
2021-03-01,2021,2020-21,March,FO & LSHS,506.6431044380265,Thousand Metric Tonnes (TMT),PPAC,1777985064_PT_Consumption_English.xls,2020-21,17,2026-08-21T15:32:18.577640+00:00,1.0
2020-04-01,2020,2020-21,April,Bitumen,186.59210699999986,Thousand Metric Tonnes (TMT),PPAC,1777985064_PT_Consumption_English.xls,2020-21,18,2026-08-21T15:32:18.577640+00:00,1.0
2020-05-01,2020,2020-21,May,Bitumen,590.3405329999994,Thousand Metric Tonnes (TMT),PPAC,1777985064_PT_Consumption_English.xls,2020-21,18,2026-08-21T15:32:18.577640+00:00,1.0
2020-06-01,2020,2020-21,June,Bitumen,750.7826889999993,Thousand Metric Tonnes (TMT),PPAC,1777985064_PT_Consumption_English.xls,2020-21,18,2026-08-21T15:32:18.577640+00:00,1.0
2020-07-01,2020,2020-21,July,Bitumen,413.77758299999994,Thousand Metric Tonnes (TMT),PPAC,1777985064_PT_Consumption_English.xls,2020-21,18,2026-08-21T15:32:18.577640+00:00,1.0
2020-08-01,2020,2020-21,August,Bitumen,269.68335699999983,Thousand Metric Tonnes (TMT),PPAC,1777985064_PT_Consumption_English.xls,2020-21,18,2026-08-21T15:32:18.577640+00:00,1.0
2020-09-01,2020,2020-21,September,Bitumen,415.1492059999997,Thousand Metric Tonnes (TMT),PPAC,1777985064_PT_Consumption_English.xls,2020-21,18,2026-08-21T15:32:18.577640+00:00,1.0
2020-10-01,2020,2020-21,October,Bitumen,639.7162839999988,Thousand Metric Tonnes (TMT),PPAC,1777985064_PT_Consumption_English.xls,2020-21,18,2026-08-21T15:32:18.577640+00:00,1.0
2020-11-01,2020,2020-21,November,Bitumen,716.7056970000006,Thousand Metric Tonnes (TMT),PPAC,1777985064_PT_Consumption_English.xls,2020-21,18,2026-08-21T15:32:18.577640+00:00,1.0
2020-12-01,2020,2020-21,December,Bitumen,855.5335389999996,Thousand Metric Tonnes (TMT),PPAC,1777985064_PT_Consumption_English.xls,2020-21,18,2026-08-21T15:32:18.577640+00:00,1.0
2021-01-01,2021,2020-21,January,Bitumen,820.8037900000008,Thousand Metric Tonnes (TMT),PPAC,1777985064_PT_Consumption_English.xls,2020-21,18,2026-08-21T15:32:18.577640+00:00,1.0
2021-02-01,2021,2020-21,February,Bitumen,853.025931,Thousand Metric Tonnes (TMT),PPAC,1777985064_PT_Consumption_English.xls,2020-21,18,2026-08-21T15:32:18.577640+00:00,1.0
2021-03-01,2021,2020-21,March,Bitumen,1011.8046740000003,Thousand Metric Tonnes (TMT),PPAC,1777985064_PT_Consumption_English.xls,2020-21,18,2026-08-21T15:32:18.577640+00:00,1.0
2020-04-01,2020,2020-21,April,Petroleum coke,775.4931529999999,Thousand Metric Tonnes (TMT),PPAC,1777985064_PT_Consumption_English.xls,2020-21,19,2026-08-21T15:32:18.577640+00:00,1.0
2020-05-01,2020,2020-21,May,Petroleum coke,2500.0937030000005,Thousand Metric Tonnes (TMT),PPAC,1777985064_PT_Consumption_English.xls,2020-21,19,2026-08-21T15:32:18.577640+00:00,1.0
2020-06-01,2020,2020-21,June,Petroleum coke,1408.714117,Thousand Metric Tonnes (TMT),PPAC,1777985064_PT_Consumption_English.xls,2020-21,19,2026-08-21T15:32:18.577640+00:00,1.0
2020-07-01,2020,2020-21,July,Petroleum coke,1647.707338,Thousand Metric Tonnes (TMT),PPAC,1777985064_PT_Consumption_English.xls,2020-21,19,2026-08-21T15:32:18.577640+00:00,1.0
2020-08-01,2020,2020-21,August,Petroleum coke,1407.8771800000002,Thousand Metric Tonnes (TMT),PPAC,1777985064_PT_Consumption_English.xls,2020-21,19,2026-08-21T15:32:18.577640+00:00,1.0
2020-09-01,2020,2020-21,September,Petroleum coke,1108.485659,Thousand Metric Tonnes (TMT),PPAC,1777985064_PT_Consumption_English.xls,2020-21,19,2026-08-21T15:32:18.577640+00:00,1.0
2020-10-01,2020,2020-21,October,Petroleum coke,1286.854434,Thousand Metric Tonnes (TMT),PPAC,1777985064_PT_Consumption_English.xls,2020-21,19,2026-08-21T15:32:18.577640+00:00,1.0
2020-11-01,2020,2020-21,November,Petroleum coke,1145.2369350000001,Thousand Metric Tonnes (TMT),PPAC,1777985064_PT_Consumption_English.xls,2020-21,19,2026-08-21T15:32:18.577640+00:00,1.0
2020-12-01,2020,2020-21,December,Petroleum coke,1244.179826,Thousand Metric Tonnes (TMT),PPAC,1777985064_PT_Consumption_English.xls,2020-21,19,2026-08-21T15:32:18.577640+00:00,1.0
2021-01-01,2021,2020-21,January,Petroleum coke,1003.731908,Thousand Metric Tonnes (TMT),PPAC,1777985064_PT_Consumption_English.xls,2020-21,19,2026-08-21T15:32:18.577640+00:00,1.0
2021-02-01,2021,2020-21,February,Petroleum coke,793.5687229999999,Thousand Metric Tonnes (TMT),PPAC,1777985064_PT_Consumption_English.xls,2020-21,19,2026-08-21T15:32:18.577640+00:00,1.0
2021-03-01,2021,2020-21,March,Petroleum coke,1283.2095960000001,Thousand Metric Tonnes (TMT),PPAC,1777985064_PT_Consumption_English.xls,2020-21,19,2026-08-21T15:32:18.577640+00:00,1.0
2020-04-01,2020,2020-21,April,Others,680.3946245755158,Thousand Metric Tonnes (TMT),PPAC,1777985064_PT_Consumption_English.xls,2020-21,20,2026-08-21T15:32:18.577640+00:00,1.0
2020-05-01,2020,2020-21,May,Others,766.588393170786,Thousand Metric Tonnes (TMT),PPAC,1777985064_PT_Consumption_English.xls,2020-21,20,2026-08-21T15:32:18.577640+00:00,1.0
2020-06-01,2020,2020-21,June,Others,877.1175519380351,Thousand Metric Tonnes (TMT),PPAC,1777985064_PT_Consumption_English.xls,2020-21,20,2026-08-21T15:32:18.577640+00:00,1.0
2020-07-01,2020,2020-21,July,Others,932.0421182866326,Thousand Metric Tonnes (TMT),PPAC,1777985064_PT_Consumption_English.xls,2020-21,20,2026-08-21T15:32:18.577640+00:00,1.0
2020-08-01,2020,2020-21,August,Others,873.5232834680295,Thousand Metric Tonnes (TMT),PPAC,1777985064_PT_Consumption_English.xls,2020-21,20,2026-08-21T15:32:18.577640+00:00,1.0
2020-09-01,2020,2020-21,September,Others,891.0387656353982,Thousand Metric Tonnes (TMT),PPAC,1777985064_PT_Consumption_English.xls,2020-21,20,2026-08-21T15:32:18.577640+00:00,1.0
2020-10-01,2020,2020-21,October,Others,936.5851966905734,Thousand Metric Tonnes (TMT),PPAC,1777985064_PT_Consumption_English.xls,2020-21,20,2026-08-21T15:32:18.577640+00:00,1.0
2020-11-01,2020,2020-21,November,Others,2513.8660141820496,Thousand Metric Tonnes (TMT),PPAC,1777985064_PT_Consumption_English.xls,2020-21,20,2026-08-21T15:32:18.577640+00:00,1.0
2020-12-01,2020,2020-21,December,Others,1009.4402472867022,Thousand Metric Tonnes (TMT),PPAC,1777985064_PT_Consumption_English.xls,2020-21,20,2026-08-21T15:32:18.577640+00:00,1.0
2021-01-01,2021,2020-21,January,Others,1118.7272700524297,Thousand Metric Tonnes (TMT),PPAC,1777985064_PT_Consumption_English.xls,2020-21,20,2026-08-21T15:32:18.577640+00:00,1.0
2021-02-01,2021,2020-21,February,Others,992.6536226918322,Thousand Metric Tonnes (TMT),PPAC,1777985064_PT_Consumption_English.xls,2020-21,20,2026-08-21T15:32:18.577640+00:00,1.0
2021-03-01,2021,2020-21,March,Others,1186.3827859142589,Thousand Metric Tonnes (TMT),PPAC,1777985064_PT_Consumption_English.xls,2020-21,20,2026-08-21T15:32:18.577640+00:00,1.0
2021-04-01,2021,2021-22,April,LPG,2102.151050540026,Thousand Metric Tonnes (TMT),PPAC,1777985064_PT_Consumption_English.xls,2021-22,9,2026-08-21T15:32:18.587182+00:00,1.0
2021-05-01,2021,2021-22,May,LPG,2156.2708963740142,Thousand Metric Tonnes (TMT),PPAC,1777985064_PT_Consumption_English.xls,2021-22,9,2026-08-21T15:32:18.587182+00:00,1.0
2021-06-01,2021,2021-22,June,LPG,2251.484175068025,Thousand Metric Tonnes (TMT),PPAC,1777985064_PT_Consumption_English.xls,2021-22,9,2026-08-21T15:32:18.587182+00:00,1.0
2021-07-01,2021,2021-22,July,LPG,2356.7841489570296,Thousand Metric Tonnes (TMT),PPAC,1777985064_PT_Consumption_English.xls,2021-22,9,2026-08-21T15:32:18.587182+00:00,1.0
2021-08-01,2021,2021-22,August,LPG,2316.6993029910295,Thousand Metric Tonnes (TMT),PPAC,1777985064_PT_Consumption_English.xls,2021-22,9,2026-08-21T15:32:18.587182+00:00,1.0
2021-09-01,2021,2021-22,September,LPG,2355.779970546013,Thousand Metric Tonnes (TMT),PPAC,1777985064_PT_Consumption_English.xls,2021-22,9,2026-08-21T15:32:18.587182+00:00,1.0
2021-10-01,2021,2021-22,October,LPG,2481.016745170016,Thousand Metric Tonnes (TMT),PPAC,1777985064_PT_Consumption_English.xls,2021-22,9,2026-08-21T15:32:18.587182+00:00,1.0
2021-11-01,2021,2021-22,November,LPG,2335.9741648670324,Thousand Metric Tonnes (TMT),PPAC,1777985064_PT_Consumption_English.xls,2021-22,9,2026-08-21T15:32:18.587182+00:00,1.0
2021-12-01,2021,2021-22,December,LPG,2469.3281512260182,Thousand Metric Tonnes (TMT),PPAC,1777985064_PT_Consumption_English.xls,2021-22,9,2026-08-21T15:32:18.587182+00:00,1.0
2022-01-01,2022,2021-22,January,LPG,2562.1949268660196,Thousand Metric Tonnes (TMT),PPAC,1777985064_PT_Consumption_English.xls,2021-22,9,2026-08-21T15:32:18.587182+00:00,1.0
2022-02-01,2022,2021-22,February,LPG,2393.4733690870235,Thousand Metric Tonnes (TMT),PPAC,1777985064_PT_Consumption_English.xls,2021-22,9,2026-08-21T15:32:18.587182+00:00,1.0
2022-03-01,2022,2021-22,March,LPG,2472.331305101016,Thousand Metric Tonnes (TMT),PPAC,1777985064_PT_Consumption_English.xls,2021-22,9,2026-08-21T15:32:18.587182+00:00,1.0
2021-04-01,2021,2021-22,April,Naphtha,1163.6348199999998,Thousand Metric Tonnes (TMT),PPAC,1777985064_PT_Consumption_English.xls,2021-22,10,2026-08-21T15:32:18.587182+00:00,1.0
2021-05-01,2021,2021-22,May,Naphtha,1171.0291029799998,Thousand Metric Tonnes (TMT),PPAC,1777985064_PT_Consumption_English.xls,2021-22,10,2026-08-21T15:32:18.587182+00:00,1.0
2021-06-01,2021,2021-22,June,Naphtha,1087.674769,Thousand Metric Tonnes (TMT),PPAC,1777985064_PT_Consumption_English.xls,2021-22,10,2026-08-21T15:32:18.587182+00:00,1.0
2021-07-01,2021,2021-22,July,Naphtha,1115.8501330200002,Thousand Metric Tonnes (TMT),PPAC,1777985064_PT_Consumption_English.xls,2021-22,10,2026-08-21T15:32:18.587182+00:00,1.0
2021-08-01,2021,2021-22,August,Naphtha,919.8089249899999,Thousand Metric Tonnes (TMT),PPAC,1777985064_PT_Consumption_English.xls,2021-22,10,2026-08-21T15:32:18.587182+00:00,1.0
2021-09-01,2021,2021-22,September,Naphtha,1016.1244540000002,Thousand Metric Tonnes (TMT),PPAC,1777985064_PT_Consumption_English.xls,2021-22,10,2026-08-21T15:32:18.587182+00:00,1.0
2021-10-01,2021,2021-22,October,Naphtha,1179.9038709899999,Thousand Metric Tonnes (TMT),PPAC,1777985064_PT_Consumption_English.xls,2021-22,10,2026-08-21T15:32:18.587182+00:00,1.0
2021-11-01,2021,2021-22,November,Naphtha,1065.6388660099994,Thousand Metric Tonnes (TMT),PPAC,1777985064_PT_Consumption_English.xls,2021-22,10,2026-08-21T15:32:18.587182+00:00,1.0
2021-12-01,2021,2021-22,December,Naphtha,1098.643414,Thousand Metric Tonnes (TMT),PPAC,1777985064_PT_Consumption_English.xls,2021-22,10,2026-08-21T15:32:18.587182+00:00,1.0
2022-01-01,2022,2021-22,January,Naphtha,1195.73721299,Thousand Metric Tonnes (TMT),PPAC,1777985064_PT_Consumption_English.xls,2021-22,10,2026-08-21T15:32:18.587182+00:00,1.0
2022-02-01,2022,2021-22,February,Naphtha,1099.9673010000001,Thousand Metric Tonnes (TMT),PPAC,1777985064_PT_Consumption_English.xls,2021-22,10,2026-08-21T15:32:18.587182+00:00,1.0
2022-03-01,2022,2021-22,March,Naphtha,1131.578055,Thousand Metric Tonnes (TMT),PPAC,1777985064_PT_Consumption_English.xls,2021-22,10,2026-08-21T15:32:18.587182+00:00,1.0
2021-04-01,2021,2021-22,April,MS,2385.9583464712973,Thousand Metric Tonnes (TMT),PPAC,1777985064_PT_Consumption_English.xls,2021-22,11,2026-08-21T15:32:18.587182+00:00,1.0
2021-05-01,2021,2021-22,May,MS,1990.9852550158341,Thousand Metric Tonnes (TMT),PPAC,1777985064_PT_Consumption_English.xls,2021-22,11,2026-08-21T15:32:18.587182+00:00,1.0
2021-06-01,2021,2021-22,June,MS,2409.1789006233066,Thousand Metric Tonnes (TMT),PPAC,1777985064_PT_Consumption_English.xls,2021-22,11,2026-08-21T15:32:18.587182+00:00,1.0
2021-07-01,2021,2021-22,July,MS,2630.3473222353223,Thousand Metric Tonnes (TMT),PPAC,1777985064_PT_Consumption_English.xls,2021-22,11,2026-08-21T15:32:18.587182+00:00,1.0
2021-08-01,2021,2021-22,August,MS,2692.055788816751,Thousand Metric Tonnes (TMT),PPAC,1777985064_PT_Consumption_English.xls,2021-22,11,2026-08-21T15:32:18.587182+00:00,1.0
2021-09-01,2021,2021-22,September,MS,2597.936799796124,Thousand Metric Tonnes (TMT),PPAC,1777985064_PT_Consumption_English.xls,2021-22,11,2026-08-21T15:32:18.587182+00:00,1.0
2021-10-01,2021,2021-22,October,MS,2750.4834495007376,Thousand Metric Tonnes (TMT),PPAC,1777985064_PT_Consumption_English.xls,2021-22,11,2026-08-21T15:32:18.587182+00:00,1.0
2021-11-01,2021,2021-22,November,MS,2645.2372752476685,Thousand Metric Tonnes (TMT),PPAC,1777985064_PT_Consumption_English.xls,2021-22,11,2026-08-21T15:32:18.587182+00:00,1.0
2021-12-01,2021,2021-22,December,MS,2815.8516205624023,Thousand Metric Tonnes (TMT),PPAC,1777985064_PT_Consumption_English.xls,2021-22,11,2026-08-21T15:32:18.587182+00:00,1.0
2022-01-01,2022,2021-22,January,MS,2472.984396708788,Thousand Metric Tonnes (TMT),PPAC,1777985064_PT_Consumption_English.xls,2021-22,11,2026-08-21T15:32:18.587182+00:00,1.0
2022-02-01,2022,2021-22,February,MS,2549.795709221701,Thousand Metric Tonnes (TMT),PPAC,1777985064_PT_Consumption_English.xls,2021-22,11,2026-08-21T15:32:18.587182+00:00,1.0
2022-03-01,2022,2021-22,March,MS,2908.1422089472285,Thousand Metric Tonnes (TMT),PPAC,1777985064_PT_Consumption_English.xls,2021-22,11,2026-08-21T15:32:18.587182+00:00,1.0
2021-04-01,2021,2021-22,April,ATF,411.7551382794032,Thousand Metric Tonnes (TMT),PPAC,1777985064_PT_Consumption_English.xls,2021-22,12,2026-08-21T15:32:18.587182+00:00,1.0
2021-05-01,2021,2021-22,May,ATF,267.66878668638566,Thousand Metric Tonnes (TMT),PPAC,1777985064_PT_Consumption_English.xls,2021-22,12,2026-08-21T15:32:18.587182+00:00,1.0
2021-06-01,2021,2021-22,June,ATF,257.0790898817016,Thousand Metric Tonnes (TMT),PPAC,1777985064_PT_Consumption_English.xls,2021-22,12,2026-08-21T15:32:18.587182+00:00,1.0
2021-07-01,2021,2021-22,July,ATF,315.33119791845587,Thousand Metric Tonnes (TMT),PPAC,1777985064_PT_Consumption_English.xls,2021-22,12,2026-08-21T15:32:18.587182+00:00,1.0
2021-08-01,2021,2021-22,August,ATF,379.30596660282526,Thousand Metric Tonnes (TMT),PPAC,1777985064_PT_Consumption_English.xls,2021-22,12,2026-08-21T15:32:18.587182+00:00,1.0
2021-09-01,2021,2021-22,September,ATF,409.062662736588,Thousand Metric Tonnes (TMT),PPAC,1777985064_PT_Consumption_English.xls,2021-22,12,2026-08-21T15:32:18.587182+00:00,1.0
2021-10-01,2021,2021-22,October,ATF,478.8173400442451,Thousand Metric Tonnes (TMT),PPAC,1777985064_PT_Consumption_English.xls,2021-22,12,2026-08-21T15:32:18.587182+00:00,1.0
2021-11-01,2021,2021-22,November,ATF,503.8589842145949,Thousand Metric Tonnes (TMT),PPAC,1777985064_PT_Consumption_English.xls,2021-22,12,2026-08-21T15:32:18.587182+00:00,1.0
2021-12-01,2021,2021-22,December,ATF,552.035174464564,Thousand Metric Tonnes (TMT),PPAC,1777985064_PT_Consumption_English.xls,2021-22,12,2026-08-21T15:32:18.587182+00:00,1.0
2022-01-01,2022,2021-22,January,ATF,455.51965185997625,Thousand Metric Tonnes (TMT),PPAC,1777985064_PT_Consumption_English.xls,2021-22,12,2026-08-21T15:32:18.587182+00:00,1.0
2022-02-01,2022,2021-22,February,ATF,434.8915772020145,Thousand Metric Tonnes (TMT),PPAC,1777985064_PT_Consumption_English.xls,2021-22,12,2026-08-21T15:32:18.587182+00:00,1.0
2022-03-01,2022,2021-22,March,ATF,542.636935987505,Thousand Metric Tonnes (TMT),PPAC,1777985064_PT_Consumption_English.xls,2021-22,12,2026-08-21T15:32:18.587182+00:00,1.0
2021-04-01,2021,2021-22,April,SKO,105.33285038910499,Thousand Metric Tonnes (TMT),PPAC,1777985064_PT_Consumption_English.xls,2021-22,13,2026-08-21T15:32:18.587182+00:00,1.0
2021-05-01,2021,2021-22,May,SKO,136.3921741634241,Thousand Metric Tonnes (TMT),PPAC,1777985064_PT_Consumption_English.xls,2021-22,13,2026-08-21T15:32:18.587182+00:00,1.0
2021-06-01,2021,2021-22,June,SKO,136.14937161089483,Thousand Metric Tonnes (TMT),PPAC,1777985064_PT_Consumption_English.xls,2021-22,13,2026-08-21T15:32:18.587182+00:00,1.0
2021-07-01,2021,2021-22,July,SKO,130.263683525292,Thousand Metric Tonnes (TMT),PPAC,1777985064_PT_Consumption_English.xls,2021-22,13,2026-08-21T15:32:18.587182+00:00,1.0
2021-08-01,2021,2021-22,August,SKO,128.7372150894942,Thousand Metric Tonnes (TMT),PPAC,1777985064_PT_Consumption_English.xls,2021-22,13,2026-08-21T15:32:18.587182+00:00,1.0
2021-09-01,2021,2021-22,September,SKO,131.7089811206227,Thousand Metric Tonnes (TMT),PPAC,1777985064_PT_Consumption_English.xls,2021-22,13,2026-08-21T15:32:18.587182+00:00,1.0
2021-10-01,2021,2021-22,October,SKO,124.50849458365748,Thousand Metric Tonnes (TMT),PPAC,1777985064_PT_Consumption_English.xls,2021-22,13,2026-08-21T15:32:18.587182+00:00,1.0
2021-11-01,2021,2021-22,November,SKO,123.38763059922181,Thousand Metric Tonnes (TMT),PPAC,1777985064_PT_Consumption_English.xls,2021-22,13,2026-08-21T15:32:18.587182+00:00,1.0
2021-12-01,2021,2021-22,December,SKO,119.46544528404662,Thousand Metric Tonnes (TMT),PPAC,1777985064_PT_Consumption_English.xls,2021-22,13,2026-08-21T15:32:18.587182+00:00,1.0
2022-01-01,2022,2021-22,January,SKO,126.17059058210108,Thousand Metric Tonnes (TMT),PPAC,1777985064_PT_Consumption_English.xls,2021-22,13,2026-08-21T15:32:18.587182+00:00,1.0
2022-02-01,2022,2021-22,February,SKO,117.07215166536962,Thousand Metric Tonnes (TMT),PPAC,1777985064_PT_Consumption_English.xls,2021-22,13,2026-08-21T15:32:18.587182+00:00,1.0
2022-03-01,2022,2021-22,March,SKO,114.18266612295716,Thousand Metric Tonnes (TMT),PPAC,1777985064_PT_Consumption_English.xls,2021-22,13,2026-08-21T15:32:18.587182+00:00,1.0
2021-04-01,2021,2021-22,April,HSD,6675.631729128914,Thousand Metric Tonnes (TMT),PPAC,1777985064_PT_Consumption_English.xls,2021-22,14,2026-08-21T15:32:18.587182+00:00,1.0
2021-05-01,2021,2021-22,May,HSD,5532.1885630981,Thousand Metric Tonnes (TMT),PPAC,1777985064_PT_Consumption_English.xls,2021-22,14,2026-08-21T15:32:18.587182+00:00,1.0
2021-06-01,2021,2021-22,June,HSD,6195.272663883472,Thousand Metric Tonnes (TMT),PPAC,1777985064_PT_Consumption_English.xls,2021-22,14,2026-08-21T15:32:18.587182+00:00,1.0
2021-07-01,2021,2021-22,July,HSD,6134.223178957506,Thousand Metric Tonnes (TMT),PPAC,1777985064_PT_Consumption_English.xls,2021-22,14,2026-08-21T15:32:18.587182+00:00,1.0
2021-08-01,2021,2021-22,August,HSD,5602.954255897501,Thousand Metric Tonnes (TMT),PPAC,1777985064_PT_Consumption_English.xls,2021-22,14,2026-08-21T15:32:18.587182+00:00,1.0
2021-09-01,2021,2021-22,September,HSD,5512.95580218488,Thousand Metric Tonnes (TMT),PPAC,1777985064_PT_Consumption_English.xls,2021-22,14,2026-08-21T15:32:18.587182+00:00,1.0
2021-10-01,2021,2021-22,October,HSD,6616.313153536769,Thousand Metric Tonnes (TMT),PPAC,1777985064_PT_Consumption_English.xls,2021-22,14,2026-08-21T15:32:18.587182+00:00,1.0
2021-11-01,2021,2021-22,November,HSD,6505.851880845074,Thousand Metric Tonnes (TMT),PPAC,1777985064_PT_Consumption_English.xls,2021-22,14,2026-08-21T15:32:18.587182+00:00,1.0
2021-12-01,2021,2021-22,December,HSD,7302.33099422097,Thousand Metric Tonnes (TMT),PPAC,1777985064_PT_Consumption_English.xls,2021-22,14,2026-08-21T15:32:18.587182+00:00,1.0
2022-01-01,2022,2021-22,January,HSD,6365.634881014003,Thousand Metric Tonnes (TMT),PPAC,1777985064_PT_Consumption_English.xls,2021-22,14,2026-08-21T15:32:18.587182+00:00,1.0
2022-02-01,2022,2021-22,February,HSD,6510.92191952215,Thousand Metric Tonnes (TMT),PPAC,1777985064_PT_Consumption_English.xls,2021-22,14,2026-08-21T15:32:18.587182+00:00,1.0
2022-03-01,2022,2021-22,March,HSD,7704.439420044675,Thousand Metric Tonnes (TMT),PPAC,1777985064_PT_Consumption_English.xls,2021-22,14,2026-08-21T15:32:18.587182+00:00,1.0
2021-04-01,2021,2021-22,April,LDO,96.05565663481235,Thousand Metric Tonnes (TMT),PPAC,1777985064_PT_Consumption_English.xls,2021-22,15,2026-08-21T15:32:18.587182+00:00,1.0
2021-05-01,2021,2021-22,May,LDO,76.83127179351537,Thousand Metric Tonnes (TMT),PPAC,1777985064_PT_Consumption_English.xls,2021-22,15,2026-08-21T15:32:18.587182+00:00,1.0
2021-06-01,2021,2021-22,June,LDO,94.2058895460751,Thousand Metric Tonnes (TMT),PPAC,1777985064_PT_Consumption_English.xls,2021-22,15,2026-08-21T15:32:18.587182+00:00,1.0
2021-07-01,2021,2021-22,July,LDO,76.99090251535844,Thousand Metric Tonnes (TMT),PPAC,1777985064_PT_Consumption_English.xls,2021-22,15,2026-08-21T15:32:18.587182+00:00,1.0
2021-08-01,2021,2021-22,August,LDO,82.26148191552907,Thousand Metric Tonnes (TMT),PPAC,1777985064_PT_Consumption_English.xls,2021-22,15,2026-08-21T15:32:18.587182+00:00,1.0
2021-09-01,2021,2021-22,September,LDO,85.37446183617756,Thousand Metric Tonnes (TMT),PPAC,1777985064_PT_Consumption_English.xls,2021-22,15,2026-08-21T15:32:18.587182+00:00,1.0
2021-10-01,2021,2021-22,October,LDO,89.55726103412987,Thousand Metric Tonnes (TMT),PPAC,1777985064_PT_Consumption_English.xls,2021-22,15,2026-08-21T15:32:18.587182+00:00,1.0
2021-11-01,2021,2021-22,November,LDO,64.98356063481242,Thousand Metric Tonnes (TMT),PPAC,1777985064_PT_Consumption_English.xls,2021-22,15,2026-08-21T15:32:18.587182+00:00,1.0
2021-12-01,2021,2021-22,December,LDO,92.55994230887391,Thousand Metric Tonnes (TMT),PPAC,1777985064_PT_Consumption_English.xls,2021-22,15,2026-08-21T15:32:18.587182+00:00,1.0
2022-01-01,2022,2021-22,January,LDO,91.52001706825963,Thousand Metric Tonnes (TMT),PPAC,1777985064_PT_Consumption_English.xls,2021-22,15,2026-08-21T15:32:18.587182+00:00,1.0
2022-02-01,2022,2021-22,February,LDO,84.97691689249153,Thousand Metric Tonnes (TMT),PPAC,1777985064_PT_Consumption_English.xls,2021-22,15,2026-08-21T15:32:18.587182+00:00,1.0
2022-03-01,2022,2021-22,March,LDO,82.17897878157008,Thousand Metric Tonnes (TMT),PPAC,1777985064_PT_Consumption_English.xls,2021-22,15,2026-08-21T15:32:18.587182+00:00,1.0
2021-04-01,2021,2021-22,April,Lubricants & Greases,355.4585102077464,Thousand Metric Tonnes (TMT),PPAC,1777985064_PT_Consumption_English.xls,2021-22,16,2026-08-21T15:32:18.587182+00:00,1.0
2021-05-01,2021,2021-22,May,Lubricants & Greases,318.25601543964046,Thousand Metric Tonnes (TMT),PPAC,1777985064_PT_Consumption_English.xls,2021-22,16,2026-08-21T15:32:18.587182+00:00,1.0
2021-06-01,2021,2021-22,June,Lubricants & Greases,316.37700988850145,Thousand Metric Tonnes (TMT),PPAC,1777985064_PT_Consumption_English.xls,2021-22,16,2026-08-21T15:32:18.587182+00:00,1.0
2021-07-01,2021,2021-22,July,Lubricants & Greases,319.1366687209791,Thousand Metric Tonnes (TMT),PPAC,1777985064_PT_Consumption_English.xls,2021-22,16,2026-08-21T15:32:18.587182+00:00,1.0
2021-08-01,2021,2021-22,August,Lubricants & Greases,364.46851496882823,Thousand Metric Tonnes (TMT),PPAC,1777985064_PT_Consumption_English.xls,2021-22,16,2026-08-21T15:32:18.587182+00:00,1.0
2021-09-01,2021,2021-22,September,Lubricants & Greases,377.0442956292544,Thousand Metric Tonnes (TMT),PPAC,1777985064_PT_Consumption_English.xls,2021-22,16,2026-08-21T15:32:18.587182+00:00,1.0
2021-10-01,2021,2021-22,October,Lubricants & Greases,458.18859819844965,Thousand Metric Tonnes (TMT),PPAC,1777985064_PT_Consumption_English.xls,2021-22,16,2026-08-21T15:32:18.587182+00:00,1.0
2021-11-01,2021,2021-22,November,Lubricants & Greases,353.5698997205364,Thousand Metric Tonnes (TMT),PPAC,1777985064_PT_Consumption_English.xls,2021-22,16,2026-08-21T15:32:18.587182+00:00,1.0
2021-12-01,2021,2021-22,December,Lubricants & Greases,449.85594532542297,Thousand Metric Tonnes (TMT),PPAC,1777985064_PT_Consumption_English.xls,2021-22,16,2026-08-21T15:32:18.587182+00:00,1.0
2022-01-01,2022,2021-22,January,Lubricants & Greases,309.9121889173443,Thousand Metric Tonnes (TMT),PPAC,1777985064_PT_Consumption_English.xls,2021-22,16,2026-08-21T15:32:18.587182+00:00,1.0
2022-02-01,2022,2021-22,February,Lubricants & Greases,379.9644002819756,Thousand Metric Tonnes (TMT),PPAC,1777985064_PT_Consumption_English.xls,2021-22,16,2026-08-21T15:32:18.587182+00:00,1.0
2022-03-01,2022,2021-22,March,Lubricants & Greases,538.1097636624311,Thousand Metric Tonnes (TMT),PPAC,1777985064_PT_Consumption_English.xls,2021-22,16,2026-08-21T15:32:18.587182+00:00,1.0
2021-04-01,2021,2021-22,April,FO & LSHS,517.3051949241196,Thousand Metric Tonnes (TMT),PPAC,1777985064_PT_Consumption_English.xls,2021-22,17,2026-08-21T15:32:18.587182+00:00,1.0
2021-05-01,2021,2021-22,May,FO & LSHS,424.0913315259455,Thousand Metric Tonnes (TMT),PPAC,1777985064_PT_Consumption_English.xls,2021-22,17,2026-08-21T15:32:18.587182+00:00,1.0
2021-06-01,2021,2021-22,June,FO & LSHS,506.5640597110151,Thousand Metric Tonnes (TMT),PPAC,1777985064_PT_Consumption_English.xls,2021-22,17,2026-08-21T15:32:18.587182+00:00,1.0
2021-07-01,2021,2021-22,July,FO & LSHS,472.68813154864176,Thousand Metric Tonnes (TMT),PPAC,1777985064_PT_Consumption_English.xls,2021-22,17,2026-08-21T15:32:18.587182+00:00,1.0
2021-08-01,2021,2021-22,August,FO & LSHS,518.6454998850005,Thousand Metric Tonnes (TMT),PPAC,1777985064_PT_Consumption_English.xls,2021-22,17,2026-08-21T15:32:18.587182+00:00,1.0
2021-09-01,2021,2021-22,September,FO & LSHS,543.1235123246391,Thousand Metric Tonnes (TMT),PPAC,1777985064_PT_Consumption_English.xls,2021-22,17,2026-08-21T15:32:18.587182+00:00,1.0
2021-10-01,2021,2021-22,October,FO & LSHS,558.9520824126919,Thousand Metric Tonnes (TMT),PPAC,1777985064_PT_Consumption_English.xls,2021-22,17,2026-08-21T15:32:18.587182+00:00,1.0
2021-11-01,2021,2021-22,November,FO & LSHS,502.8636669974387,Thousand Metric Tonnes (TMT),PPAC,1777985064_PT_Consumption_English.xls,2021-22,17,2026-08-21T15:32:18.587182+00:00,1.0
2021-12-01,2021,2021-22,December,FO & LSHS,566.2500675808747,Thousand Metric Tonnes (TMT),PPAC,1777985064_PT_Consumption_English.xls,2021-22,17,2026-08-21T15:32:18.587182+00:00,1.0
2022-01-01,2022,2021-22,January,FO & LSHS,542.8478743075202,Thousand Metric Tonnes (TMT),PPAC,1777985064_PT_Consumption_English.xls,2021-22,17,2026-08-21T15:32:18.587182+00:00,1.0
2022-02-01,2022,2021-22,February,FO & LSHS,532.93159969613,Thousand Metric Tonnes (TMT),PPAC,1777985064_PT_Consumption_English.xls,2021-22,17,2026-08-21T15:32:18.587182+00:00,1.0
2022-03-01,2022,2021-22,March,FO & LSHS,592.3759365935952,Thousand Metric Tonnes (TMT),PPAC,1777985064_PT_Consumption_English.xls,2021-22,17,2026-08-21T15:32:18.587182+00:00,1.0
2021-04-01,2021,2021-22,April,Bitumen,818.1113009999998,Thousand Metric Tonnes (TMT),PPAC,1777985064_PT_Consumption_English.xls,2021-22,18,2026-08-21T15:32:18.587182+00:00,1.0
2021-05-01,2021,2021-22,May,Bitumen,653.2693319999994,Thousand Metric Tonnes (TMT),PPAC,1777985064_PT_Consumption_English.xls,2021-22,18,2026-08-21T15:32:18.587182+00:00,1.0
2021-06-01,2021,2021-22,June,Bitumen,569.9743969999995,Thousand Metric Tonnes (TMT),PPAC,1777985064_PT_Consumption_English.xls,2021-22,18,2026-08-21T15:32:18.587182+00:00,1.0
2021-07-01,2021,2021-22,July,Bitumen,434.652571,Thousand Metric Tonnes (TMT),PPAC,1777985064_PT_Consumption_English.xls,2021-22,18,2026-08-21T15:32:18.587182+00:00,1.0
2021-08-01,2021,2021-22,August,Bitumen,311.6889259999998,Thousand Metric Tonnes (TMT),PPAC,1777985064_PT_Consumption_English.xls,2021-22,18,2026-08-21T15:32:18.587182+00:00,1.0
2021-09-01,2021,2021-22,September,Bitumen,397.39102400000013,Thousand Metric Tonnes (TMT),PPAC,1777985064_PT_Consumption_English.xls,2021-22,18,2026-08-21T15:32:18.587182+00:00,1.0
2021-10-01,2021,2021-22,October,Bitumen,659.618656,Thousand Metric Tonnes (TMT),PPAC,1777985064_PT_Consumption_English.xls,2021-22,18,2026-08-21T15:32:18.587182+00:00,1.0
2021-11-01,2021,2021-22,November,Bitumen,546.5288579999993,Thousand Metric Tonnes (TMT),PPAC,1777985064_PT_Consumption_English.xls,2021-22,18,2026-08-21T15:32:18.587182+00:00,1.0
2021-12-01,2021,2021-22,December,Bitumen,771.6456229999998,Thousand Metric Tonnes (TMT),PPAC,1777985064_PT_Consumption_English.xls,2021-22,18,2026-08-21T15:32:18.587182+00:00,1.0
2022-01-01,2022,2021-22,January,Bitumen,826.3150399999995,Thousand Metric Tonnes (TMT),PPAC,1777985064_PT_Consumption_English.xls,2021-22,18,2026-08-21T15:32:18.587182+00:00,1.0
2022-02-01,2022,2021-22,February,Bitumen,883.8552430000002,Thousand Metric Tonnes (TMT),PPAC,1777985064_PT_Consumption_English.xls,2021-22,18,2026-08-21T15:32:18.587182+00:00,1.0
2022-03-01,2022,2021-22,March,Bitumen,943.2787649999982,Thousand Metric Tonnes (TMT),PPAC,1777985064_PT_Consumption_English.xls,2021-22,18,2026-08-21T15:32:18.587182+00:00,1.0
2021-04-01,2021,2021-22,April,Petroleum coke,797.0475400000003,Thousand Metric Tonnes (TMT),PPAC,1777985064_PT_Consumption_English.xls,2021-22,19,2026-08-21T15:32:18.587182+00:00,1.0
2021-05-01,2021,2021-22,May,Petroleum coke,981.2458249999999,Thousand Metric Tonnes (TMT),PPAC,1777985064_PT_Consumption_English.xls,2021-22,19,2026-08-21T15:32:18.587182+00:00,1.0
2021-06-01,2021,2021-22,June,Petroleum coke,1004.4394240000001,Thousand Metric Tonnes (TMT),PPAC,1777985064_PT_Consumption_English.xls,2021-22,19,2026-08-21T15:32:18.587182+00:00,1.0
2021-07-01,2021,2021-22,July,Petroleum coke,1168.091031,Thousand Metric Tonnes (TMT),PPAC,1777985064_PT_Consumption_English.xls,2021-22,19,2026-08-21T15:32:18.587182+00:00,1.0
2021-08-01,2021,2021-22,August,Petroleum coke,927.6502260000002,Thousand Metric Tonnes (TMT),PPAC,1777985064_PT_Consumption_English.xls,2021-22,19,2026-08-21T15:32:18.587182+00:00,1.0
2021-09-01,2021,2021-22,September,Petroleum coke,891.1057780000008,Thousand Metric Tonnes (TMT),PPAC,1777985064_PT_Consumption_English.xls,2021-22,19,2026-08-21T15:32:18.587182+00:00,1.0
2021-10-01,2021,2021-22,October,Petroleum coke,1201.9333190000007,Thousand Metric Tonnes (TMT),PPAC,1777985064_PT_Consumption_English.xls,2021-22,19,2026-08-21T15:32:18.587182+00:00,1.0
2021-11-01,2021,2021-22,November,Petroleum coke,926.1221229999996,Thousand Metric Tonnes (TMT),PPAC,1777985064_PT_Consumption_English.xls,2021-22,19,2026-08-21T15:32:18.587182+00:00,1.0
2021-12-01,2021,2021-22,December,Petroleum coke,1682.8144080000004,Thousand Metric Tonnes (TMT),PPAC,1777985064_PT_Consumption_English.xls,2021-22,19,2026-08-21T15:32:18.587182+00:00,1.0
2022-01-01,2022,2021-22,January,Petroleum coke,1781.8686819999998,Thousand Metric Tonnes (TMT),PPAC,1777985064_PT_Consumption_English.xls,2021-22,19,2026-08-21T15:32:18.587182+00:00,1.0
2022-02-01,2022,2021-22,February,Petroleum coke,1519.9393269999998,Thousand Metric Tonnes (TMT),PPAC,1777985064_PT_Consumption_English.xls,2021-22,19,2026-08-21T15:32:18.587182+00:00,1.0
2022-03-01,2022,2021-22,March,Petroleum coke,1373.1742689999999,Thousand Metric Tonnes (TMT),PPAC,1777985064_PT_Consumption_English.xls,2021-22,19,2026-08-21T15:32:18.587182+00:00,1.0
2021-04-01,2021,2021-22,April,Others,895.0209981787791,Thousand Metric Tonnes (TMT),PPAC,1777985064_PT_Consumption_English.xls,2021-22,20,2026-08-21T15:32:18.587182+00:00,1.0
2021-05-01,2021,2021-22,May,Others,870.3380444219598,Thousand Metric Tonnes (TMT),PPAC,1777985064_PT_Consumption_English.xls,2021-22,20,2026-08-21T15:32:18.587182+00:00,1.0
2021-06-01,2021,2021-22,June,Others,863.5243166981272,Thousand Metric Tonnes (TMT),PPAC,1777985064_PT_Consumption_English.xls,2021-22,20,2026-08-21T15:32:18.587182+00:00,1.0
2021-07-01,2021,2021-22,July,Others,1182.7567410052727,Thousand Metric Tonnes (TMT),PPAC,1777985064_PT_Consumption_English.xls,2021-22,20,2026-08-21T15:32:18.587182+00:00,1.0
2021-08-01,2021,2021-22,August,Others,966.8274856203162,Thousand Metric Tonnes (TMT),PPAC,1777985064_PT_Consumption_English.xls,2021-22,20,2026-08-21T15:32:18.587182+00:00,1.0
2021-09-01,2021,2021-22,September,Others,1281.9005574299338,Thousand Metric Tonnes (TMT),PPAC,1777985064_PT_Consumption_English.xls,2021-22,20,2026-08-21T15:32:18.587182+00:00,1.0
2021-10-01,2021,2021-22,October,Others,977.7873568363234,Thousand Metric Tonnes (TMT),PPAC,1777985064_PT_Consumption_English.xls,2021-22,20,2026-08-21T15:32:18.587182+00:00,1.0
2021-11-01,2021,2021-22,November,Others,1140.8829891434957,Thousand Metric Tonnes (TMT),PPAC,1777985064_PT_Consumption_English.xls,2021-22,20,2026-08-21T15:32:18.587182+00:00,1.0
2021-12-01,2021,2021-22,December,Others,981.2846038922572,Thousand Metric Tonnes (TMT),PPAC,1777985064_PT_Consumption_English.xls,2021-22,20,2026-08-21T15:32:18.587182+00:00,1.0
2022-01-01,2022,2021-22,January,Others,1016.712161851445,Thousand Metric Tonnes (TMT),PPAC,1777985064_PT_Consumption_English.xls,2021-22,20,2026-08-21T15:32:18.587182+00:00,1.0
2022-02-01,2022,2021-22,February,Others,989.5909750397713,Thousand Metric Tonnes (TMT),PPAC,1777985064_PT_Consumption_English.xls,2021-22,20,2026-08-21T15:32:18.587182+00:00,1.0
2022-03-01,2022,2021-22,March,Others,1113.70429725204,Thousand Metric Tonnes (TMT),PPAC,1777985064_PT_Consumption_English.xls,2021-22,20,2026-08-21T15:32:18.587182+00:00,1.0
2022-04-01,2022,2022-23,April,LPG,2157.463941585001,Thousand Metric Tonnes (TMT),PPAC,1777985064_PT_Consumption_English.xls,2022-23,9,2026-08-21T15:32:18.594172+00:00,1.0
2022-05-01,2022,2022-23,May,LPG,2158.6798195569972,Thousand Metric Tonnes (TMT),PPAC,1777985064_PT_Consumption_English.xls,2022-23,9,2026-08-21T15:32:18.594172+00:00,1.0
2022-06-01,2022,2022-23,June,LPG,2225.498618942,Thousand Metric Tonnes (TMT),PPAC,1777985064_PT_Consumption_English.xls,2022-23,9,2026-08-21T15:32:18.594172+00:00,1.0
2022-07-01,2022,2022-23,July,LPG,2403.5883762940034,Thousand Metric Tonnes (TMT),PPAC,1777985064_PT_Consumption_English.xls,2022-23,9,2026-08-21T15:32:18.594172+00:00,1.0
2022-08-01,2022,2022-23,August,LPG,2388.167133023006,Thousand Metric Tonnes (TMT),PPAC,1777985064_PT_Consumption_English.xls,2022-23,9,2026-08-21T15:32:18.594172+00:00,1.0
2022-09-01,2022,2022-23,September,LPG,2440.8623830940055,Thousand Metric Tonnes (TMT),PPAC,1777985064_PT_Consumption_English.xls,2022-23,9,2026-08-21T15:32:18.594172+00:00,1.0
2022-10-01,2022,2022-23,October,LPG,2394.042811418003,Thousand Metric Tonnes (TMT),PPAC,1777985064_PT_Consumption_English.xls,2022-23,9,2026-08-21T15:32:18.594172+00:00,1.0
2022-11-01,2022,2022-23,November,LPG,2461.305694488008,Thousand Metric Tonnes (TMT),PPAC,1777985064_PT_Consumption_English.xls,2022-23,9,2026-08-21T15:32:18.594172+00:00,1.0
2022-12-01,2022,2022-23,December,LPG,2569.5905339900073,Thousand Metric Tonnes (TMT),PPAC,1777985064_PT_Consumption_English.xls,2022-23,9,2026-08-21T15:32:18.594172+00:00,1.0
2023-01-01,2023,2022-23,January,LPG,2506.878335920005,Thousand Metric Tonnes (TMT),PPAC,1777985064_PT_Consumption_English.xls,2022-23,9,2026-08-21T15:32:18.594172+00:00,1.0
2023-02-01,2023,2022-23,February,LPG,2391.296355683002,Thousand Metric Tonnes (TMT),PPAC,1777985064_PT_Consumption_English.xls,2022-23,9,2026-08-21T15:32:18.594172+00:00,1.0
2023-03-01,2023,2022-23,March,LPG,2406.457861946008,Thousand Metric Tonnes (TMT),PPAC,1777985064_PT_Consumption_English.xls,2022-23,9,2026-08-21T15:32:18.594172+00:00,1.0
2022-04-01,2022,2022-23,April,Naphtha,973.5619440000003,Thousand Metric Tonnes (TMT),PPAC,1777985064_PT_Consumption_English.xls,2022-23,10,2026-08-21T15:32:18.594172+00:00,1.0
2022-05-01,2022,2022-23,May,Naphtha,828.4867348100001,Thousand Metric Tonnes (TMT),PPAC,1777985064_PT_Consumption_English.xls,2022-23,10,2026-08-21T15:32:18.594172+00:00,1.0
2022-06-01,2022,2022-23,June,Naphtha,947.9501729800002,Thousand Metric Tonnes (TMT),PPAC,1777985064_PT_Consumption_English.xls,2022-23,10,2026-08-21T15:32:18.594172+00:00,1.0
2022-07-01,2022,2022-23,July,Naphtha,1150.92091501,Thousand Metric Tonnes (TMT),PPAC,1777985064_PT_Consumption_English.xls,2022-23,10,2026-08-21T15:32:18.594172+00:00,1.0
2022-08-01,2022,2022-23,August,Naphtha,1088.6166870000002,Thousand Metric Tonnes (TMT),PPAC,1777985064_PT_Consumption_English.xls,2022-23,10,2026-08-21T15:32:18.594172+00:00,1.0
2022-09-01,2022,2022-23,September,Naphtha,976.9563219900001,Thousand Metric Tonnes (TMT),PPAC,1777985064_PT_Consumption_English.xls,2022-23,10,2026-08-21T15:32:18.594172+00:00,1.0
2022-10-01,2022,2022-23,October,Naphtha,860.537094999,Thousand Metric Tonnes (TMT),PPAC,1777985064_PT_Consumption_English.xls,2022-23,10,2026-08-21T15:32:18.594172+00:00,1.0
2022-11-01,2022,2022-23,November,Naphtha,931.294230999,Thousand Metric Tonnes (TMT),PPAC,1777985064_PT_Consumption_English.xls,2022-23,10,2026-08-21T15:32:18.594172+00:00,1.0
2022-12-01,2022,2022-23,December,Naphtha,1039.6110410000001,Thousand Metric Tonnes (TMT),PPAC,1777985064_PT_Consumption_English.xls,2022-23,10,2026-08-21T15:32:18.594172+00:00,1.0
2023-01-01,2023,2022-23,January,Naphtha,1132.80260301,Thousand Metric Tonnes (TMT),PPAC,1777985064_PT_Consumption_English.xls,2022-23,10,2026-08-21T15:32:18.594172+00:00,1.0
2023-02-01,2023,2022-23,February,Naphtha,1067.1426569999999,Thousand Metric Tonnes (TMT),PPAC,1777985064_PT_Consumption_English.xls,2022-23,10,2026-08-21T15:32:18.594172+00:00,1.0
2023-03-01,2023,2022-23,March,Naphtha,1128.6390629900002,Thousand Metric Tonnes (TMT),PPAC,1777985064_PT_Consumption_English.xls,2022-23,10,2026-08-21T15:32:18.594172+00:00,1.0
2022-04-01,2022,2022-23,April,MS,2797.371202292665,Thousand Metric Tonnes (TMT),PPAC,1777985064_PT_Consumption_English.xls,2022-23,11,2026-08-21T15:32:18.594172+00:00,1.0
2022-05-01,2022,2022-23,May,MS,3016.92079258013,Thousand Metric Tonnes (TMT),PPAC,1777985064_PT_Consumption_English.xls,2022-23,11,2026-08-21T15:32:18.594172+00:00,1.0
2022-06-01,2022,2022-23,June,MS,2968.4701600772532,Thousand Metric Tonnes (TMT),PPAC,1777985064_PT_Consumption_English.xls,2022-23,11,2026-08-21T15:32:18.594172+00:00,1.0
2022-07-01,2022,2022-23,July,MS,2808.3537288353123,Thousand Metric Tonnes (TMT),PPAC,1777985064_PT_Consumption_English.xls,2022-23,11,2026-08-21T15:32:18.594172+00:00,1.0
2022-08-01,2022,2022-23,August,MS,3005.643032177429,Thousand Metric Tonnes (TMT),PPAC,1777985064_PT_Consumption_English.xls,2022-23,11,2026-08-21T15:32:18.594172+00:00,1.0
2022-09-01,2022,2022-23,September,MS,2827.02135630326,Thousand Metric Tonnes (TMT),PPAC,1777985064_PT_Consumption_English.xls,2022-23,11,2026-08-21T15:32:18.594172+00:00,1.0
2022-10-01,2022,2022-23,October,MS,2996.488297539837,Thousand Metric Tonnes (TMT),PPAC,1777985064_PT_Consumption_English.xls,2022-23,11,2026-08-21T15:32:18.594172+00:00,1.0
2022-11-01,2022,2022-23,November,MS,2860.9236270917204,Thousand Metric Tonnes (TMT),PPAC,1777985064_PT_Consumption_English.xls,2022-23,11,2026-08-21T15:32:18.594172+00:00,1.0
2022-12-01,2022,2022-23,December,MS,2983.706612266499,Thousand Metric Tonnes (TMT),PPAC,1777985064_PT_Consumption_English.xls,2022-23,11,2026-08-21T15:32:18.594172+00:00,1.0
2023-01-01,2023,2022-23,January,MS,2827.4765095831126,Thousand Metric Tonnes (TMT),PPAC,1777985064_PT_Consumption_English.xls,2022-23,11,2026-08-21T15:32:18.594172+00:00,1.0
2023-02-01,2023,2022-23,February,MS,2776.400607846522,Thousand Metric Tonnes (TMT),PPAC,1777985064_PT_Consumption_English.xls,2022-23,11,2026-08-21T15:32:18.594172+00:00,1.0
2023-03-01,2023,2022-23,March,MS,3107.588054617585,Thousand Metric Tonnes (TMT),PPAC,1777985064_PT_Consumption_English.xls,2022-23,11,2026-08-21T15:32:18.594172+00:00,1.0
2022-04-01,2022,2022-23,April,ATF,552.7242756923791,Thousand Metric Tonnes (TMT),PPAC,1777985064_PT_Consumption_English.xls,2022-23,12,2026-08-21T15:32:18.594172+00:00,1.0
2022-05-01,2022,2022-23,May,ATF,595.72895658369,Thousand Metric Tonnes (TMT),PPAC,1777985064_PT_Consumption_English.xls,2022-23,12,2026-08-21T15:32:18.594172+00:00,1.0
2022-06-01,2022,2022-23,June,ATF,588.1656513645939,Thousand Metric Tonnes (TMT),PPAC,1777985064_PT_Consumption_English.xls,2022-23,12,2026-08-21T15:32:18.594172+00:00,1.0
2022-07-01,2022,2022-23,July,ATF,578.5931097845391,Thousand Metric Tonnes (TMT),PPAC,1777985064_PT_Consumption_English.xls,2022-23,12,2026-08-21T15:32:18.594172+00:00,1.0
2022-08-01,2022,2022-23,August,ATF,595.6863865377727,Thousand Metric Tonnes (TMT),PPAC,1777985064_PT_Consumption_English.xls,2022-23,12,2026-08-21T15:32:18.594172+00:00,1.0
2022-09-01,2022,2022-23,September,ATF,592.1436260317242,Thousand Metric Tonnes (TMT),PPAC,1777985064_PT_Consumption_English.xls,2022-23,12,2026-08-21T15:32:18.594172+00:00,1.0
2022-10-01,2022,2022-23,October,ATF,615.7777119015154,Thousand Metric Tonnes (TMT),PPAC,1777985064_PT_Consumption_English.xls,2022-23,12,2026-08-21T15:32:18.594172+00:00,1.0
2022-11-01,2022,2022-23,November,ATF,617.8607097753404,Thousand Metric Tonnes (TMT),PPAC,1777985064_PT_Consumption_English.xls,2022-23,12,2026-08-21T15:32:18.594172+00:00,1.0
2022-12-01,2022,2022-23,December,ATF,658.9998181253777,Thousand Metric Tonnes (TMT),PPAC,1777985064_PT_Consumption_English.xls,2022-23,12,2026-08-21T15:32:18.594172+00:00,1.0
2023-01-01,2023,2022-23,January,ATF,667.8361908132388,Thousand Metric Tonnes (TMT),PPAC,1777985064_PT_Consumption_English.xls,2022-23,12,2026-08-21T15:32:18.594172+00:00,1.0
2023-02-01,2023,2022-23,February,ATF,626.0816425469825,Thousand Metric Tonnes (TMT),PPAC,1777985064_PT_Consumption_English.xls,2022-23,12,2026-08-21T15:32:18.594172+00:00,1.0
2023-03-01,2023,2022-23,March,ATF,688.4770513758401,Thousand Metric Tonnes (TMT),PPAC,1777985064_PT_Consumption_English.xls,2022-23,12,2026-08-21T15:32:18.594172+00:00,1.0
2022-04-01,2022,2022-23,April,SKO,72.2802974941633,Thousand Metric Tonnes (TMT),PPAC,1777985064_PT_Consumption_English.xls,2022-23,13,2026-08-21T15:32:18.594172+00:00,1.0
2022-05-01,2022,2022-23,May,SKO,67.70206163579756,Thousand Metric Tonnes (TMT),PPAC,1777985064_PT_Consumption_English.xls,2022-23,13,2026-08-21T15:32:18.594172+00:00,1.0
2022-06-01,2022,2022-23,June,SKO,45.28821230894939,Thousand Metric Tonnes (TMT),PPAC,1777985064_PT_Consumption_English.xls,2022-23,13,2026-08-21T15:32:18.594172+00:00,1.0
2022-07-01,2022,2022-23,July,SKO,23.241758241245112,Thousand Metric Tonnes (TMT),PPAC,1777985064_PT_Consumption_English.xls,2022-23,13,2026-08-21T15:32:18.594172+00:00,1.0
2022-08-01,2022,2022-23,August,SKO,31.547752885603078,Thousand Metric Tonnes (TMT),PPAC,1777985064_PT_Consumption_English.xls,2022-23,13,2026-08-21T15:32:18.594172+00:00,1.0
2022-09-01,2022,2022-23,September,SKO,40.965378799221746,Thousand Metric Tonnes (TMT),PPAC,1777985064_PT_Consumption_English.xls,2022-23,13,2026-08-21T15:32:18.594172+00:00,1.0
2022-10-01,2022,2022-23,October,SKO,33.56283498832681,Thousand Metric Tonnes (TMT),PPAC,1777985064_PT_Consumption_English.xls,2022-23,13,2026-08-21T15:32:18.594172+00:00,1.0
2022-11-01,2022,2022-23,November,SKO,38.47030917509723,Thousand Metric Tonnes (TMT),PPAC,1777985064_PT_Consumption_English.xls,2022-23,13,2026-08-21T15:32:18.594172+00:00,1.0
2022-12-01,2022,2022-23,December,SKO,39.732904108949384,Thousand Metric Tonnes (TMT),PPAC,1777985064_PT_Consumption_English.xls,2022-23,13,2026-08-21T15:32:18.594172+00:00,1.0
2023-01-01,2023,2022-23,January,SKO,33.31283961011671,Thousand Metric Tonnes (TMT),PPAC,1777985064_PT_Consumption_English.xls,2022-23,13,2026-08-21T15:32:18.594172+00:00,1.0
2023-02-01,2023,2022-23,February,SKO,33.27383449027235,Thousand Metric Tonnes (TMT),PPAC,1777985064_PT_Consumption_English.xls,2022-23,13,2026-08-21T15:32:18.594172+00:00,1.0
2023-03-01,2023,2022-23,March,SKO,30.20239410894935,Thousand Metric Tonnes (TMT),PPAC,1777985064_PT_Consumption_English.xls,2022-23,13,2026-08-21T15:32:18.594172+00:00,1.0
2022-04-01,2022,2022-23,April,HSD,7199.2005562950035,Thousand Metric Tonnes (TMT),PPAC,1777985064_PT_Consumption_English.xls,2022-23,14,2026-08-21T15:32:18.594172+00:00,1.0
2022-05-01,2022,2022-23,May,HSD,7287.407809344386,Thousand Metric Tonnes (TMT),PPAC,1777985064_PT_Consumption_English.xls,2022-23,14,2026-08-21T15:32:18.594172+00:00,1.0
2022-06-01,2022,2022-23,June,HSD,7673.903464770949,Thousand Metric Tonnes (TMT),PPAC,1777985064_PT_Consumption_English.xls,2022-23,14,2026-08-21T15:32:18.594172+00:00,1.0
2022-07-01,2022,2022-23,July,HSD,6633.359887837578,Thousand Metric Tonnes (TMT),PPAC,1777985064_PT_Consumption_English.xls,2022-23,14,2026-08-21T15:32:18.594172+00:00,1.0
2022-08-01,2022,2022-23,August,HSD,6342.5730964544,Thousand Metric Tonnes (TMT),PPAC,1777985064_PT_Consumption_English.xls,2022-23,14,2026-08-21T15:32:18.594172+00:00,1.0
2022-09-01,2022,2022-23,September,HSD,6252.519719736089,Thousand Metric Tonnes (TMT),PPAC,1777985064_PT_Consumption_English.xls,2022-23,14,2026-08-21T15:32:18.594172+00:00,1.0
2022-10-01,2022,2022-23,October,HSD,6986.031775091363,Thousand Metric Tonnes (TMT),PPAC,1777985064_PT_Consumption_English.xls,2022-23,14,2026-08-21T15:32:18.594172+00:00,1.0
2022-11-01,2022,2022-23,November,HSD,7762.9618494024035,Thousand Metric Tonnes (TMT),PPAC,1777985064_PT_Consumption_English.xls,2022-23,14,2026-08-21T15:32:18.594172+00:00,1.0
2022-12-01,2022,2022-23,December,HSD,7787.433725725997,Thousand Metric Tonnes (TMT),PPAC,1777985064_PT_Consumption_English.xls,2022-23,14,2026-08-21T15:32:18.594172+00:00,1.0
2023-01-01,2023,2022-23,January,HSD,7178.066939540208,Thousand Metric Tonnes (TMT),PPAC,1777985064_PT_Consumption_English.xls,2022-23,14,2026-08-21T15:32:18.594172+00:00,1.0
2023-02-01,2023,2022-23,February,HSD,7002.786913542412,Thousand Metric Tonnes (TMT),PPAC,1777985064_PT_Consumption_English.xls,2022-23,14,2026-08-21T15:32:18.594172+00:00,1.0
2023-03-01,2023,2022-23,March,HSD,7794.20763775012,Thousand Metric Tonnes (TMT),PPAC,1777985064_PT_Consumption_English.xls,2022-23,14,2026-08-21T15:32:18.594172+00:00,1.0
2022-04-01,2022,2022-23,April,LDO,52.1445948651877,Thousand Metric Tonnes (TMT),PPAC,1777985064_PT_Consumption_English.xls,2022-23,15,2026-08-21T15:32:18.594172+00:00,1.0
2022-05-01,2022,2022-23,May,LDO,54.75970351877137,Thousand Metric Tonnes (TMT),PPAC,1777985064_PT_Consumption_English.xls,2022-23,15,2026-08-21T15:32:18.594172+00:00,1.0
2022-06-01,2022,2022-23,June,LDO,57.3640170358362,Thousand Metric Tonnes (TMT),PPAC,1777985064_PT_Consumption_English.xls,2022-23,15,2026-08-21T15:32:18.594172+00:00,1.0
2022-07-01,2022,2022-23,July,LDO,60.00618968600681,Thousand Metric Tonnes (TMT),PPAC,1777985064_PT_Consumption_English.xls,2022-23,15,2026-08-21T15:32:18.594172+00:00,1.0
2022-08-01,2022,2022-23,August,LDO,66.31329725255976,Thousand Metric Tonnes (TMT),PPAC,1777985064_PT_Consumption_English.xls,2022-23,15,2026-08-21T15:32:18.594172+00:00,1.0
2022-09-01,2022,2022-23,September,LDO,62.048575563139934,Thousand Metric Tonnes (TMT),PPAC,1777985064_PT_Consumption_English.xls,2022-23,15,2026-08-21T15:32:18.594172+00:00,1.0
2022-10-01,2022,2022-23,October,LDO,66.19486789931737,Thousand Metric Tonnes (TMT),PPAC,1777985064_PT_Consumption_English.xls,2022-23,15,2026-08-21T15:32:18.594172+00:00,1.0
2022-11-01,2022,2022-23,November,LDO,56.861558150170666,Thousand Metric Tonnes (TMT),PPAC,1777985064_PT_Consumption_English.xls,2022-23,15,2026-08-21T15:32:18.594172+00:00,1.0
2022-12-01,2022,2022-23,December,LDO,65.13932360921496,Thousand Metric Tonnes (TMT),PPAC,1777985064_PT_Consumption_English.xls,2022-23,15,2026-08-21T15:32:18.594172+00:00,1.0
2023-01-01,2023,2022-23,January,LDO,50.19707033788396,Thousand Metric Tonnes (TMT),PPAC,1777985064_PT_Consumption_English.xls,2022-23,15,2026-08-21T15:32:18.594172+00:00,1.0
2023-02-01,2023,2022-23,February,LDO,56.046076713310576,Thousand Metric Tonnes (TMT),PPAC,1777985064_PT_Consumption_English.xls,2022-23,15,2026-08-21T15:32:18.594172+00:00,1.0
2023-03-01,2023,2022-23,March,LDO,78.5506488873721,Thousand Metric Tonnes (TMT),PPAC,1777985064_PT_Consumption_English.xls,2022-23,15,2026-08-21T15:32:18.594172+00:00,1.0
2022-04-01,2022,2022-23,April,Lubricants & Greases,318.17865286068115,Thousand Metric Tonnes (TMT),PPAC,1777985064_PT_Consumption_English.xls,2022-23,16,2026-08-21T15:32:18.594172+00:00,1.0
2022-05-01,2022,2022-23,May,Lubricants & Greases,300.4805117412594,Thousand Metric Tonnes (TMT),PPAC,1777985064_PT_Consumption_English.xls,2022-23,16,2026-08-21T15:32:18.594172+00:00,1.0
2022-06-01,2022,2022-23,June,Lubricants & Greases,290.4474745140347,Thousand Metric Tonnes (TMT),PPAC,1777985064_PT_Consumption_English.xls,2022-23,16,2026-08-21T15:32:18.594172+00:00,1.0
2022-07-01,2022,2022-23,July,Lubricants & Greases,310.6300845705557,Thousand Metric Tonnes (TMT),PPAC,1777985064_PT_Consumption_English.xls,2022-23,16,2026-08-21T15:32:18.594172+00:00,1.0
2022-08-01,2022,2022-23,August,Lubricants & Greases,242.82321877202966,Thousand Metric Tonnes (TMT),PPAC,1777985064_PT_Consumption_English.xls,2022-23,16,2026-08-21T15:32:18.594172+00:00,1.0
2022-09-01,2022,2022-23,September,Lubricants & Greases,266.02295764926095,Thousand Metric Tonnes (TMT),PPAC,1777985064_PT_Consumption_English.xls,2022-23,16,2026-08-21T15:32:18.594172+00:00,1.0
2022-10-01,2022,2022-23,October,Lubricants & Greases,354.5737703817435,Thousand Metric Tonnes (TMT),PPAC,1777985064_PT_Consumption_English.xls,2022-23,16,2026-08-21T15:32:18.594172+00:00,1.0
2022-11-01,2022,2022-23,November,Lubricants & Greases,301.7796402463707,Thousand Metric Tonnes (TMT),PPAC,1777985064_PT_Consumption_English.xls,2022-23,16,2026-08-21T15:32:18.594172+00:00,1.0
2022-12-01,2022,2022-23,December,Lubricants & Greases,297.1876338821641,Thousand Metric Tonnes (TMT),PPAC,1777985064_PT_Consumption_English.xls,2022-23,16,2026-08-21T15:32:18.594172+00:00,1.0
2023-01-01,2023,2022-23,January,Lubricants & Greases,301.60043426732926,Thousand Metric Tonnes (TMT),PPAC,1777985064_PT_Consumption_English.xls,2022-23,16,2026-08-21T15:32:18.594172+00:00,1.0
2023-02-01,2023,2022-23,February,Lubricants & Greases,333.1707512764785,Thousand Metric Tonnes (TMT),PPAC,1777985064_PT_Consumption_English.xls,2022-23,16,2026-08-21T15:32:18.594172+00:00,1.0
2023-03-01,2023,2022-23,March,Lubricants & Greases,420.29010580229493,Thousand Metric Tonnes (TMT),PPAC,1777985064_PT_Consumption_English.xls,2022-23,16,2026-08-21T15:32:18.594172+00:00,1.0
2022-04-01,2022,2022-23,April,FO & LSHS,524.5618862547474,Thousand Metric Tonnes (TMT),PPAC,1777985064_PT_Consumption_English.xls,2022-23,17,2026-08-21T15:32:18.594172+00:00,1.0
2022-05-01,2022,2022-23,May,FO & LSHS,548.232401540705,Thousand Metric Tonnes (TMT),PPAC,1777985064_PT_Consumption_English.xls,2022-23,17,2026-08-21T15:32:18.594172+00:00,1.0
2022-06-01,2022,2022-23,June,FO & LSHS,550.1891899172551,Thousand Metric Tonnes (TMT),PPAC,1777985064_PT_Consumption_English.xls,2022-23,17,2026-08-21T15:32:18.594172+00:00,1.0
2022-07-01,2022,2022-23,July,FO & LSHS,557.5592534088597,Thousand Metric Tonnes (TMT),PPAC,1777985064_PT_Consumption_English.xls,2022-23,17,2026-08-21T15:32:18.594172+00:00,1.0
2022-08-01,2022,2022-23,August,FO & LSHS,616.9106622693567,Thousand Metric Tonnes (TMT),PPAC,1777985064_PT_Consumption_English.xls,2022-23,17,2026-08-21T15:32:18.594172+00:00,1.0
2022-09-01,2022,2022-23,September,FO & LSHS,604.3303262066163,Thousand Metric Tonnes (TMT),PPAC,1777985064_PT_Consumption_English.xls,2022-23,17,2026-08-21T15:32:18.594172+00:00,1.0
2022-10-01,2022,2022-23,October,FO & LSHS,592.4008577313734,Thousand Metric Tonnes (TMT),PPAC,1777985064_PT_Consumption_English.xls,2022-23,17,2026-08-21T15:32:18.594172+00:00,1.0
2022-11-01,2022,2022-23,November,FO & LSHS,581.7559322279706,Thousand Metric Tonnes (TMT),PPAC,1777985064_PT_Consumption_English.xls,2022-23,17,2026-08-21T15:32:18.594172+00:00,1.0
2022-12-01,2022,2022-23,December,FO & LSHS,622.4909209509466,Thousand Metric Tonnes (TMT),PPAC,1777985064_PT_Consumption_English.xls,2022-23,17,2026-08-21T15:32:18.594172+00:00,1.0
2023-01-01,2023,2022-23,January,FO & LSHS,597.3581351708463,Thousand Metric Tonnes (TMT),PPAC,1777985064_PT_Consumption_English.xls,2022-23,17,2026-08-21T15:32:18.594172+00:00,1.0
2023-02-01,2023,2022-23,February,FO & LSHS,576.484230221368,Thousand Metric Tonnes (TMT),PPAC,1777985064_PT_Consumption_English.xls,2022-23,17,2026-08-21T15:32:18.594172+00:00,1.0
2023-03-01,2023,2022-23,March,FO & LSHS,591.1558408178162,Thousand Metric Tonnes (TMT),PPAC,1777985064_PT_Consumption_English.xls,2022-23,17,2026-08-21T15:32:18.594172+00:00,1.0
2022-04-01,2022,2022-23,April,Bitumen,801.0071060000004,Thousand Metric Tonnes (TMT),PPAC,1777985064_PT_Consumption_English.xls,2022-23,18,2026-08-21T15:32:18.594172+00:00,1.0
2022-05-01,2022,2022-23,May,Bitumen,734.1107450000001,Thousand Metric Tonnes (TMT),PPAC,1777985064_PT_Consumption_English.xls,2022-23,18,2026-08-21T15:32:18.594172+00:00,1.0
2022-06-01,2022,2022-23,June,Bitumen,689.7717569999999,Thousand Metric Tonnes (TMT),PPAC,1777985064_PT_Consumption_English.xls,2022-23,18,2026-08-21T15:32:18.594172+00:00,1.0
2022-07-01,2022,2022-23,July,Bitumen,340.90964900000023,Thousand Metric Tonnes (TMT),PPAC,1777985064_PT_Consumption_English.xls,2022-23,18,2026-08-21T15:32:18.594172+00:00,1.0
2022-08-01,2022,2022-23,August,Bitumen,316.36073500000015,Thousand Metric Tonnes (TMT),PPAC,1777985064_PT_Consumption_English.xls,2022-23,18,2026-08-21T15:32:18.594172+00:00,1.0
2022-09-01,2022,2022-23,September,Bitumen,362.76035900000016,Thousand Metric Tonnes (TMT),PPAC,1777985064_PT_Consumption_English.xls,2022-23,18,2026-08-21T15:32:18.594172+00:00,1.0
2022-10-01,2022,2022-23,October,Bitumen,590.0813130000001,Thousand Metric Tonnes (TMT),PPAC,1777985064_PT_Consumption_English.xls,2022-23,18,2026-08-21T15:32:18.594172+00:00,1.0
2022-11-01,2022,2022-23,November,Bitumen,845.2453810000001,Thousand Metric Tonnes (TMT),PPAC,1777985064_PT_Consumption_English.xls,2022-23,18,2026-08-21T15:32:18.594172+00:00,1.0
2022-12-01,2022,2022-23,December,Bitumen,716.6981779999995,Thousand Metric Tonnes (TMT),PPAC,1777985064_PT_Consumption_English.xls,2022-23,18,2026-08-21T15:32:18.594172+00:00,1.0
2023-01-01,2023,2022-23,January,Bitumen,708.4661660000003,Thousand Metric Tonnes (TMT),PPAC,1777985064_PT_Consumption_English.xls,2022-23,18,2026-08-21T15:32:18.594172+00:00,1.0
2023-02-01,2023,2022-23,February,Bitumen,874.0284920000006,Thousand Metric Tonnes (TMT),PPAC,1777985064_PT_Consumption_English.xls,2022-23,18,2026-08-21T15:32:18.594172+00:00,1.0
2023-03-01,2023,2022-23,March,Bitumen,1061.6316369999995,Thousand Metric Tonnes (TMT),PPAC,1777985064_PT_Consumption_English.xls,2022-23,18,2026-08-21T15:32:18.594172+00:00,1.0
2022-04-01,2022,2022-23,April,Petroleum coke,1726.3581590000003,Thousand Metric Tonnes (TMT),PPAC,1777985064_PT_Consumption_English.xls,2022-23,19,2026-08-21T15:32:18.594172+00:00,1.0
2022-05-01,2022,2022-23,May,Petroleum coke,1472.018788,Thousand Metric Tonnes (TMT),PPAC,1777985064_PT_Consumption_English.xls,2022-23,19,2026-08-21T15:32:18.594172+00:00,1.0
2022-06-01,2022,2022-23,June,Petroleum coke,1297.105122,Thousand Metric Tonnes (TMT),PPAC,1777985064_PT_Consumption_English.xls,2022-23,19,2026-08-21T15:32:18.594172+00:00,1.0
2022-07-01,2022,2022-23,July,Petroleum coke,1668.608255,Thousand Metric Tonnes (TMT),PPAC,1777985064_PT_Consumption_English.xls,2022-23,19,2026-08-21T15:32:18.594172+00:00,1.0
2022-08-01,2022,2022-23,August,Petroleum coke,1230.4696780000004,Thousand Metric Tonnes (TMT),PPAC,1777985064_PT_Consumption_English.xls,2022-23,19,2026-08-21T15:32:18.594172+00:00,1.0
2022-09-01,2022,2022-23,September,Petroleum coke,1381.8687869999999,Thousand Metric Tonnes (TMT),PPAC,1777985064_PT_Consumption_English.xls,2022-23,19,2026-08-21T15:32:18.594172+00:00,1.0
2022-10-01,2022,2022-23,October,Petroleum coke,1722.4656839999998,Thousand Metric Tonnes (TMT),PPAC,1777985064_PT_Consumption_English.xls,2022-23,19,2026-08-21T15:32:18.594172+00:00,1.0
2022-11-01,2022,2022-23,November,Petroleum coke,1514.637637,Thousand Metric Tonnes (TMT),PPAC,1777985064_PT_Consumption_English.xls,2022-23,19,2026-08-21T15:32:18.594172+00:00,1.0
2022-12-01,2022,2022-23,December,Petroleum coke,1418.6007950000003,Thousand Metric Tonnes (TMT),PPAC,1777985064_PT_Consumption_English.xls,2022-23,19,2026-08-21T15:32:18.594172+00:00,1.0
2023-01-01,2023,2022-23,January,Petroleum coke,1382.115467,Thousand Metric Tonnes (TMT),PPAC,1777985064_PT_Consumption_English.xls,2022-23,19,2026-08-21T15:32:18.594172+00:00,1.0
2023-02-01,2023,2022-23,February,Petroleum coke,1568.489383,Thousand Metric Tonnes (TMT),PPAC,1777985064_PT_Consumption_English.xls,2022-23,19,2026-08-21T15:32:18.594172+00:00,1.0
2023-03-01,2023,2022-23,March,Petroleum coke,1960.1691809999998,Thousand Metric Tonnes (TMT),PPAC,1777985064_PT_Consumption_English.xls,2022-23,19,2026-08-21T15:32:18.594172+00:00,1.0
2022-04-01,2022,2022-23,April,Others,1280.0505447082928,Thousand Metric Tonnes (TMT),PPAC,1777985064_PT_Consumption_English.xls,2022-23,20,2026-08-21T15:32:18.594172+00:00,1.0
2022-05-01,2022,2022-23,May,Others,1305.1502525769504,Thousand Metric Tonnes (TMT),PPAC,1777985064_PT_Consumption_English.xls,2022-23,20,2026-08-21T15:32:18.594172+00:00,1.0
2022-06-01,2022,2022-23,June,Others,1190.6951926252816,Thousand Metric Tonnes (TMT),PPAC,1777985064_PT_Consumption_English.xls,2022-23,20,2026-08-21T15:32:18.594172+00:00,1.0
2022-07-01,2022,2022-23,July,Others,1213.4155074498499,Thousand Metric Tonnes (TMT),PPAC,1777985064_PT_Consumption_English.xls,2022-23,20,2026-08-21T15:32:18.594172+00:00,1.0
2022-08-01,2022,2022-23,August,Others,1516.4315686738548,Thousand Metric Tonnes (TMT),PPAC,1777985064_PT_Consumption_English.xls,2022-23,20,2026-08-21T15:32:18.594172+00:00,1.0
2022-09-01,2022,2022-23,September,Others,1064.9678347748682,Thousand Metric Tonnes (TMT),PPAC,1777985064_PT_Consumption_English.xls,2022-23,20,2026-08-21T15:32:18.594172+00:00,1.0
2022-10-01,2022,2022-23,October,Others,1366.5159214825758,Thousand Metric Tonnes (TMT),PPAC,1777985064_PT_Consumption_English.xls,2022-23,20,2026-08-21T15:32:18.594172+00:00,1.0
2022-11-01,2022,2022-23,November,Others,1127.79225130119,Thousand Metric Tonnes (TMT),PPAC,1777985064_PT_Consumption_English.xls,2022-23,20,2026-08-21T15:32:18.594172+00:00,1.0
2022-12-01,2022,2022-23,December,Others,1339.45730584839,Thousand Metric Tonnes (TMT),PPAC,1777985064_PT_Consumption_English.xls,2022-23,20,2026-08-21T15:32:18.594172+00:00,1.0
2023-01-01,2023,2022-23,January,Others,1124.4946426997785,Thousand Metric Tonnes (TMT),PPAC,1777985064_PT_Consumption_English.xls,2022-23,20,2026-08-21T15:32:18.594172+00:00,1.0
2023-02-01,2023,2022-23,February,Others,1354.227710372576,Thousand Metric Tonnes (TMT),PPAC,1777985064_PT_Consumption_English.xls,2022-23,20,2026-08-21T15:32:18.594172+00:00,1.0
2023-03-01,2023,2022-23,March,Others,1953.588033773384,Thousand Metric Tonnes (TMT),PPAC,1777985064_PT_Consumption_English.xls,2022-23,20,2026-08-21T15:32:18.594172+00:00,1.0
2023-04-01,2023,2023-24,April,LPG,2154.2983589810037,Thousand Metric Tonnes (TMT),PPAC,1777985064_PT_Consumption_English.xls,2023-24,9,2026-08-21T15:32:18.602470+00:00,1.0
2023-05-01,2023,2023-24,May,LPG,2347.1089723710024,Thousand Metric Tonnes (TMT),PPAC,1777985064_PT_Consumption_English.xls,2023-24,9,2026-08-21T15:32:18.602470+00:00,1.0
2023-06-01,2023,2023-24,June,LPG,2232.863405897006,Thousand Metric Tonnes (TMT),PPAC,1777985064_PT_Consumption_English.xls,2023-24,9,2026-08-21T15:32:18.602470+00:00,1.0
2023-07-01,2023,2023-24,July,LPG,2389.5737250879965,Thousand Metric Tonnes (TMT),PPAC,1777985064_PT_Consumption_English.xls,2023-24,9,2026-08-21T15:32:18.602470+00:00,1.0
2023-08-01,2023,2023-24,August,LPG,2460.4120574880176,Thousand Metric Tonnes (TMT),PPAC,1777985064_PT_Consumption_English.xls,2023-24,9,2026-08-21T15:32:18.602470+00:00,1.0
2023-09-01,2023,2023-24,September,LPG,2551.106759620031,Thousand Metric Tonnes (TMT),PPAC,1777985064_PT_Consumption_English.xls,2023-24,9,2026-08-21T15:32:18.602470+00:00,1.0
2023-10-01,2023,2023-24,October,LPG,2495.721158010036,Thousand Metric Tonnes (TMT),PPAC,1777985064_PT_Consumption_English.xls,2023-24,9,2026-08-21T15:32:18.602470+00:00,1.0
2023-11-01,2023,2023-24,November,LPG,2486.5202628310226,Thousand Metric Tonnes (TMT),PPAC,1777985064_PT_Consumption_English.xls,2023-24,9,2026-08-21T15:32:18.602470+00:00,1.0
2023-12-01,2023,2023-24,December,LPG,2628.2547868700167,Thousand Metric Tonnes (TMT),PPAC,1777985064_PT_Consumption_English.xls,2023-24,9,2026-08-21T15:32:18.602470+00:00,1.0
2024-01-01,2024,2023-24,January,LPG,2697.6098739130125,Thousand Metric Tonnes (TMT),PPAC,1777985064_PT_Consumption_English.xls,2023-24,9,2026-08-21T15:32:18.602470+00:00,1.0
2024-02-01,2024,2023-24,February,LPG,2607.690670655018,Thousand Metric Tonnes (TMT),PPAC,1777985064_PT_Consumption_English.xls,2023-24,9,2026-08-21T15:32:18.602470+00:00,1.0
2024-03-01,2024,2023-24,March,LPG,2612.4563637200213,Thousand Metric Tonnes (TMT),PPAC,1777985064_PT_Consumption_English.xls,2023-24,9,2026-08-21T15:32:18.602470+00:00,1.0
2023-04-01,2023,2023-24,April,Naphtha,1112.6054049800002,Thousand Metric Tonnes (TMT),PPAC,1777985064_PT_Consumption_English.xls,2023-24,10,2026-08-21T15:32:18.602470+00:00,1.0
2023-05-01,2023,2023-24,May,Naphtha,1156.8737099799998,Thousand Metric Tonnes (TMT),PPAC,1777985064_PT_Consumption_English.xls,2023-24,10,2026-08-21T15:32:18.602470+00:00,1.0
2023-06-01,2023,2023-24,June,Naphtha,1057.39569399,Thousand Metric Tonnes (TMT),PPAC,1777985064_PT_Consumption_English.xls,2023-24,10,2026-08-21T15:32:18.602470+00:00,1.0
2023-07-01,2023,2023-24,July,Naphtha,1043.8734259999999,Thousand Metric Tonnes (TMT),PPAC,1777985064_PT_Consumption_English.xls,2023-24,10,2026-08-21T15:32:18.602470+00:00,1.0
2023-08-01,2023,2023-24,August,Naphtha,1206.06484202,Thousand Metric Tonnes (TMT),PPAC,1777985064_PT_Consumption_English.xls,2023-24,10,2026-08-21T15:32:18.602470+00:00,1.0
2023-09-01,2023,2023-24,September,Naphtha,1026.567516,Thousand Metric Tonnes (TMT),PPAC,1777985064_PT_Consumption_English.xls,2023-24,10,2026-08-21T15:32:18.602470+00:00,1.0
2023-10-01,2023,2023-24,October,Naphtha,1188.07033599,Thousand Metric Tonnes (TMT),PPAC,1777985064_PT_Consumption_English.xls,2023-24,10,2026-08-21T15:32:18.602470+00:00,1.0
2023-11-01,2023,2023-24,November,Naphtha,1047.2373519999999,Thousand Metric Tonnes (TMT),PPAC,1777985064_PT_Consumption_English.xls,2023-24,10,2026-08-21T15:32:18.602470+00:00,1.0
2023-12-01,2023,2023-24,December,Naphtha,1384.9581269900002,Thousand Metric Tonnes (TMT),PPAC,1777985064_PT_Consumption_English.xls,2023-24,10,2026-08-21T15:32:18.602470+00:00,1.0
2024-01-01,2024,2023-24,January,Naphtha,1311.5077879799999,Thousand Metric Tonnes (TMT),PPAC,1777985064_PT_Consumption_English.xls,2023-24,10,2026-08-21T15:32:18.602470+00:00,1.0
2024-02-01,2024,2023-24,February,Naphtha,1142.2661789999997,Thousand Metric Tonnes (TMT),PPAC,1777985064_PT_Consumption_English.xls,2023-24,10,2026-08-21T15:32:18.602470+00:00,1.0
2024-03-01,2024,2023-24,March,Naphtha,1134.6437000100002,Thousand Metric Tonnes (TMT),PPAC,1777985064_PT_Consumption_English.xls,2023-24,10,2026-08-21T15:32:18.602470+00:00,1.0
2023-04-01,2023,2023-24,April,MS,2877.1765823848127,Thousand Metric Tonnes (TMT),PPAC,1777985064_PT_Consumption_English.xls,2023-24,11,2026-08-21T15:32:18.602470+00:00,1.0
2023-05-01,2023,2023-24,May,MS,3349.6256414455447,Thousand Metric Tonnes (TMT),PPAC,1777985064_PT_Consumption_English.xls,2023-24,11,2026-08-21T15:32:18.602470+00:00,1.0
2023-06-01,2023,2023-24,June,MS,3151.769169261414,Thousand Metric Tonnes (TMT),PPAC,1777985064_PT_Consumption_English.xls,2023-24,11,2026-08-21T15:32:18.602470+00:00,1.0
2023-07-01,2023,2023-24,July,MS,2983.655952435408,Thousand Metric Tonnes (TMT),PPAC,1777985064_PT_Consumption_English.xls,2023-24,11,2026-08-21T15:32:18.602470+00:00,1.0
2023-08-01,2023,2023-24,August,MS,3093.2473105252143,Thousand Metric Tonnes (TMT),PPAC,1777985064_PT_Consumption_English.xls,2023-24,11,2026-08-21T15:32:18.602470+00:00,1.0
2023-09-01,2023,2023-24,September,MS,3058.143309263275,Thousand Metric Tonnes (TMT),PPAC,1777985064_PT_Consumption_English.xls,2023-24,11,2026-08-21T15:32:18.602470+00:00,1.0
2023-10-01,2023,2023-24,October,MS,3140.3982871511976,Thousand Metric Tonnes (TMT),PPAC,1777985064_PT_Consumption_English.xls,2023-24,11,2026-08-21T15:32:18.602470+00:00,1.0
2023-11-01,2023,2023-24,November,MS,3129.2354043920295,Thousand Metric Tonnes (TMT),PPAC,1777985064_PT_Consumption_English.xls,2023-24,11,2026-08-21T15:32:18.602470+00:00,1.0
2023-12-01,2023,2023-24,December,MS,2989.7823307159774,Thousand Metric Tonnes (TMT),PPAC,1777985064_PT_Consumption_English.xls,2023-24,11,2026-08-21T15:32:18.602470+00:00,1.0
2024-01-01,2024,2023-24,January,MS,3100.21866661748,Thousand Metric Tonnes (TMT),PPAC,1777985064_PT_Consumption_English.xls,2023-24,11,2026-08-21T15:32:18.602470+00:00,1.0
2024-02-01,2024,2023-24,February,MS,3022.5996108823556,Thousand Metric Tonnes (TMT),PPAC,1777985064_PT_Consumption_English.xls,2023-24,11,2026-08-21T15:32:18.602470+00:00,1.0
2024-03-01,2024,2023-24,March,MS,3323.5101470976547,Thousand Metric Tonnes (TMT),PPAC,1777985064_PT_Consumption_English.xls,2023-24,11,2026-08-21T15:32:18.602470+00:00,1.0
2023-04-01,2023,2023-24,April,ATF,655.9821066596983,Thousand Metric Tonnes (TMT),PPAC,1777985064_PT_Consumption_English.xls,2023-24,12,2026-08-21T15:32:18.602470+00:00,1.0
2023-05-01,2023,2023-24,May,ATF,670.5830202141578,Thousand Metric Tonnes (TMT),PPAC,1777985064_PT_Consumption_English.xls,2023-24,12,2026-08-21T15:32:18.602470+00:00,1.0
2023-06-01,2023,2023-24,June,ATF,642.3251153211893,Thousand Metric Tonnes (TMT),PPAC,1777985064_PT_Consumption_English.xls,2023-24,12,2026-08-21T15:32:18.602470+00:00,1.0
2023-07-01,2023,2023-24,July,ATF,663.228652603068,Thousand Metric Tonnes (TMT),PPAC,1777985064_PT_Consumption_English.xls,2023-24,12,2026-08-21T15:32:18.602470+00:00,1.0
2023-08-01,2023,2023-24,August,ATF,676.749691313851,Thousand Metric Tonnes (TMT),PPAC,1777985064_PT_Consumption_English.xls,2023-24,12,2026-08-21T15:32:18.602470+00:00,1.0
2023-09-01,2023,2023-24,September,ATF,657.2615609014066,Thousand Metric Tonnes (TMT),PPAC,1777985064_PT_Consumption_English.xls,2023-24,12,2026-08-21T15:32:18.602470+00:00,1.0
2023-10-01,2023,2023-24,October,ATF,691.9288437973886,Thousand Metric Tonnes (TMT),PPAC,1777985064_PT_Consumption_English.xls,2023-24,12,2026-08-21T15:32:18.602470+00:00,1.0
2023-11-01,2023,2023-24,November,ATF,689.6830280582576,Thousand Metric Tonnes (TMT),PPAC,1777985064_PT_Consumption_English.xls,2023-24,12,2026-08-21T15:32:18.602470+00:00,1.0
2023-12-01,2023,2023-24,December,ATF,719.6193212323333,Thousand Metric Tonnes (TMT),PPAC,1777985064_PT_Consumption_English.xls,2023-24,12,2026-08-21T15:32:18.602470+00:00,1.0
2024-01-01,2024,2023-24,January,ATF,716.6828849663152,Thousand Metric Tonnes (TMT),PPAC,1777985064_PT_Consumption_English.xls,2023-24,12,2026-08-21T15:32:18.602470+00:00,1.0
2024-02-01,2024,2023-24,February,ATF,705.1278912073615,Thousand Metric Tonnes (TMT),PPAC,1777985064_PT_Consumption_English.xls,2023-24,12,2026-08-21T15:32:18.602470+00:00,1.0
2024-03-01,2024,2023-24,March,ATF,757.8657994899463,Thousand Metric Tonnes (TMT),PPAC,1777985064_PT_Consumption_English.xls,2023-24,12,2026-08-21T15:32:18.602470+00:00,1.0
2023-04-01,2023,2023-24,April,SKO,30.348175214007746,Thousand Metric Tonnes (TMT),PPAC,1777985064_PT_Consumption_English.xls,2023-24,13,2026-08-21T15:32:18.602470+00:00,1.0
2023-05-01,2023,2023-24,May,SKO,41.52308670817119,Thousand Metric Tonnes (TMT),PPAC,1777985064_PT_Consumption_English.xls,2023-24,13,2026-08-21T15:32:18.602470+00:00,1.0
2023-06-01,2023,2023-24,June,SKO,51.11035897042798,Thousand Metric Tonnes (TMT),PPAC,1777985064_PT_Consumption_English.xls,2023-24,13,2026-08-21T15:32:18.602470+00:00,1.0
2023-07-01,2023,2023-24,July,SKO,49.87168608560307,Thousand Metric Tonnes (TMT),PPAC,1777985064_PT_Consumption_English.xls,2023-24,13,2026-08-21T15:32:18.602470+00:00,1.0
2023-08-01,2023,2023-24,August,SKO,52.00106335408548,Thousand Metric Tonnes (TMT),PPAC,1777985064_PT_Consumption_English.xls,2023-24,13,2026-08-21T15:32:18.602470+00:00,1.0
2023-09-01,2023,2023-24,September,SKO,31.736556692606964,Thousand Metric Tonnes (TMT),PPAC,1777985064_PT_Consumption_English.xls,2023-24,13,2026-08-21T15:32:18.602470+00:00,1.0
2023-10-01,2023,2023-24,October,SKO,33.636969439688635,Thousand Metric Tonnes (TMT),PPAC,1777985064_PT_Consumption_English.xls,2023-24,13,2026-08-21T15:32:18.602470+00:00,1.0
2023-11-01,2023,2023-24,November,SKO,44.619926560311185,Thousand Metric Tonnes (TMT),PPAC,1777985064_PT_Consumption_English.xls,2023-24,13,2026-08-21T15:32:18.602470+00:00,1.0
2023-12-01,2023,2023-24,December,SKO,40.67081542412444,Thousand Metric Tonnes (TMT),PPAC,1777985064_PT_Consumption_English.xls,2023-24,13,2026-08-21T15:32:18.602470+00:00,1.0
2024-01-01,2024,2023-24,January,SKO,35.79911822490266,Thousand Metric Tonnes (TMT),PPAC,1777985064_PT_Consumption_English.xls,2023-24,13,2026-08-21T15:32:18.602470+00:00,1.0
2024-02-01,2024,2023-24,February,SKO,36.10980886303496,Thousand Metric Tonnes (TMT),PPAC,1777985064_PT_Consumption_English.xls,2023-24,13,2026-08-21T15:32:18.602470+00:00,1.0
2024-03-01,2024,2023-24,March,SKO,31.64772203501942,Thousand Metric Tonnes (TMT),PPAC,1777985064_PT_Consumption_English.xls,2023-24,13,2026-08-21T15:32:18.602470+00:00,1.0
2023-04-01,2023,2023-24,April,HSD,7818.334882195985,Thousand Metric Tonnes (TMT),PPAC,1777985064_PT_Consumption_English.xls,2023-24,14,2026-08-21T15:32:18.602470+00:00,1.0
2023-05-01,2023,2023-24,May,HSD,8217.108556645555,Thousand Metric Tonnes (TMT),PPAC,1777985064_PT_Consumption_English.xls,2023-24,14,2026-08-21T15:32:18.602470+00:00,1.0
2023-06-01,2023,2023-24,June,HSD,7905.739655694067,Thousand Metric Tonnes (TMT),PPAC,1777985064_PT_Consumption_English.xls,2023-24,14,2026-08-21T15:32:18.602470+00:00,1.0
2023-07-01,2023,2023-24,July,HSD,6885.447698550859,Thousand Metric Tonnes (TMT),PPAC,1777985064_PT_Consumption_English.xls,2023-24,14,2026-08-21T15:32:18.602470+00:00,1.0
2023-08-01,2023,2023-24,August,HSD,6669.827723727387,Thousand Metric Tonnes (TMT),PPAC,1777985064_PT_Consumption_English.xls,2023-24,14,2026-08-21T15:32:18.602470+00:00,1.0
2023-09-01,2023,2023-24,September,HSD,6493.096322453738,Thousand Metric Tonnes (TMT),PPAC,1777985064_PT_Consumption_English.xls,2023-24,14,2026-08-21T15:32:18.602470+00:00,1.0
2023-10-01,2023,2023-24,October,HSD,7634.156642899831,Thousand Metric Tonnes (TMT),PPAC,1777985064_PT_Consumption_English.xls,2023-24,14,2026-08-21T15:32:18.602470+00:00,1.0
2023-11-01,2023,2023-24,November,HSD,7525.029222683613,Thousand Metric Tonnes (TMT),PPAC,1777985064_PT_Consumption_English.xls,2023-24,14,2026-08-21T15:32:18.602470+00:00,1.0
2023-12-01,2023,2023-24,December,HSD,7603.290596263108,Thousand Metric Tonnes (TMT),PPAC,1777985064_PT_Consumption_English.xls,2023-24,14,2026-08-21T15:32:18.602470+00:00,1.0
2024-01-01,2024,2023-24,January,HSD,7424.359360543012,Thousand Metric Tonnes (TMT),PPAC,1777985064_PT_Consumption_English.xls,2023-24,14,2026-08-21T15:32:18.602470+00:00,1.0
2024-02-01,2024,2023-24,February,HSD,7442.683142582957,Thousand Metric Tonnes (TMT),PPAC,1777985064_PT_Consumption_English.xls,2023-24,14,2026-08-21T15:32:18.602470+00:00,1.0
2024-03-01,2024,2023-24,March,HSD,8007.097386496468,Thousand Metric Tonnes (TMT),PPAC,1777985064_PT_Consumption_English.xls,2023-24,14,2026-08-21T15:32:18.602470+00:00,1.0
2023-04-01,2023,2023-24,April,LDO,60.705905244027306,Thousand Metric Tonnes (TMT),PPAC,1777985064_PT_Consumption_English.xls,2023-24,15,2026-08-21T15:32:18.602470+00:00,1.0
2023-05-01,2023,2023-24,May,LDO,69.2729681296928,Thousand Metric Tonnes (TMT),PPAC,1777985064_PT_Consumption_English.xls,2023-24,15,2026-08-21T15:32:18.602470+00:00,1.0
2023-06-01,2023,2023-24,June,LDO,66.14009579180887,Thousand Metric Tonnes (TMT),PPAC,1777985064_PT_Consumption_English.xls,2023-24,15,2026-08-21T15:32:18.602470+00:00,1.0
2023-07-01,2023,2023-24,July,LDO,62.51035367747442,Thousand Metric Tonnes (TMT),PPAC,1777985064_PT_Consumption_English.xls,2023-24,15,2026-08-21T15:32:18.602470+00:00,1.0
2023-08-01,2023,2023-24,August,LDO,75.49743035836187,Thousand Metric Tonnes (TMT),PPAC,1777985064_PT_Consumption_English.xls,2023-24,15,2026-08-21T15:32:18.602470+00:00,1.0
2023-09-01,2023,2023-24,September,LDO,62.52492324232089,Thousand Metric Tonnes (TMT),PPAC,1777985064_PT_Consumption_English.xls,2023-24,15,2026-08-21T15:32:18.602470+00:00,1.0
2023-10-01,2023,2023-24,October,LDO,67.29836777303757,Thousand Metric Tonnes (TMT),PPAC,1777985064_PT_Consumption_English.xls,2023-24,15,2026-08-21T15:32:18.602470+00:00,1.0
2023-11-01,2023,2023-24,November,LDO,54.44518890784983,Thousand Metric Tonnes (TMT),PPAC,1777985064_PT_Consumption_English.xls,2023-24,15,2026-08-21T15:32:18.602470+00:00,1.0
2023-12-01,2023,2023-24,December,LDO,66.36926481228673,Thousand Metric Tonnes (TMT),PPAC,1777985064_PT_Consumption_English.xls,2023-24,15,2026-08-21T15:32:18.602470+00:00,1.0
2024-01-01,2024,2023-24,January,LDO,67.8131435921502,Thousand Metric Tonnes (TMT),PPAC,1777985064_PT_Consumption_English.xls,2023-24,15,2026-08-21T15:32:18.602470+00:00,1.0
2024-02-01,2024,2023-24,February,LDO,62.551236279863474,Thousand Metric Tonnes (TMT),PPAC,1777985064_PT_Consumption_English.xls,2023-24,15,2026-08-21T15:32:18.602470+00:00,1.0
2024-03-01,2024,2023-24,March,LDO,66.76606687713316,Thousand Metric Tonnes (TMT),PPAC,1777985064_PT_Consumption_English.xls,2023-24,15,2026-08-21T15:32:18.602470+00:00,1.0
2023-04-01,2023,2023-24,April,Lubricants & Greases,273.70521813658354,Thousand Metric Tonnes (TMT),PPAC,1777985064_PT_Consumption_English.xls,2023-24,16,2026-08-21T15:32:18.602470+00:00,1.0
2023-05-01,2023,2023-24,May,Lubricants & Greases,322.9495219989669,Thousand Metric Tonnes (TMT),PPAC,1777985064_PT_Consumption_English.xls,2023-24,16,2026-08-21T15:32:18.602470+00:00,1.0
2023-06-01,2023,2023-24,June,Lubricants & Greases,318.71049287215,Thousand Metric Tonnes (TMT),PPAC,1777985064_PT_Consumption_English.xls,2023-24,16,2026-08-21T15:32:18.602470+00:00,1.0
2023-07-01,2023,2023-24,July,Lubricants & Greases,410.0442366661209,Thousand Metric Tonnes (TMT),PPAC,1777985064_PT_Consumption_English.xls,2023-24,16,2026-08-21T15:32:18.602470+00:00,1.0
2023-08-01,2023,2023-24,August,Lubricants & Greases,326.039511367186,Thousand Metric Tonnes (TMT),PPAC,1777985064_PT_Consumption_English.xls,2023-24,16,2026-08-21T15:32:18.602470+00:00,1.0
2023-09-01,2023,2023-24,September,Lubricants & Greases,340.0466674428326,Thousand Metric Tonnes (TMT),PPAC,1777985064_PT_Consumption_English.xls,2023-24,16,2026-08-21T15:32:18.602470+00:00,1.0
2023-10-01,2023,2023-24,October,Lubricants & Greases,319.71342089181985,Thousand Metric Tonnes (TMT),PPAC,1777985064_PT_Consumption_English.xls,2023-24,16,2026-08-21T15:32:18.602470+00:00,1.0
2023-11-01,2023,2023-24,November,Lubricants & Greases,352.78754797587806,Thousand Metric Tonnes (TMT),PPAC,1777985064_PT_Consumption_English.xls,2023-24,16,2026-08-21T15:32:18.602470+00:00,1.0
2023-12-01,2023,2023-24,December,Lubricants & Greases,389.8809381390771,Thousand Metric Tonnes (TMT),PPAC,1777985064_PT_Consumption_English.xls,2023-24,16,2026-08-21T15:32:18.602470+00:00,1.0
2024-01-01,2024,2023-24,January,Lubricants & Greases,320.98478012250666,Thousand Metric Tonnes (TMT),PPAC,1777985064_PT_Consumption_English.xls,2023-24,16,2026-08-21T15:32:18.602470+00:00,1.0
2024-02-01,2024,2023-24,February,Lubricants & Greases,335.9018063518224,Thousand Metric Tonnes (TMT),PPAC,1777985064_PT_Consumption_English.xls,2023-24,16,2026-08-21T15:32:18.602470+00:00,1.0
2024-03-01,2024,2023-24,March,Lubricants & Greases,376.4405084927894,Thousand Metric Tonnes (TMT),PPAC,1777985064_PT_Consumption_English.xls,2023-24,16,2026-08-21T15:32:18.602470+00:00,1.0
2023-04-01,2023,2023-24,April,FO & LSHS,586.924159092366,Thousand Metric Tonnes (TMT),PPAC,1777985064_PT_Consumption_English.xls,2023-24,17,2026-08-21T15:32:18.602470+00:00,1.0
2023-05-01,2023,2023-24,May,FO & LSHS,606.5735765520197,Thousand Metric Tonnes (TMT),PPAC,1777985064_PT_Consumption_English.xls,2023-24,17,2026-08-21T15:32:18.602470+00:00,1.0
2023-06-01,2023,2023-24,June,FO & LSHS,518.2959010081624,Thousand Metric Tonnes (TMT),PPAC,1777985064_PT_Consumption_English.xls,2023-24,17,2026-08-21T15:32:18.602470+00:00,1.0
2023-07-01,2023,2023-24,July,FO & LSHS,569.344524636981,Thousand Metric Tonnes (TMT),PPAC,1777985064_PT_Consumption_English.xls,2023-24,17,2026-08-21T15:32:18.602470+00:00,1.0
2023-08-01,2023,2023-24,August,FO & LSHS,517.0899574028219,Thousand Metric Tonnes (TMT),PPAC,1777985064_PT_Consumption_English.xls,2023-24,17,2026-08-21T15:32:18.602470+00:00,1.0
2023-09-01,2023,2023-24,September,FO & LSHS,545.4259047322834,Thousand Metric Tonnes (TMT),PPAC,1777985064_PT_Consumption_English.xls,2023-24,17,2026-08-21T15:32:18.602470+00:00,1.0
2023-10-01,2023,2023-24,October,FO & LSHS,529.3042871566947,Thousand Metric Tonnes (TMT),PPAC,1777985064_PT_Consumption_English.xls,2023-24,17,2026-08-21T15:32:18.602470+00:00,1.0
2023-11-01,2023,2023-24,November,FO & LSHS,520.5932801431017,Thousand Metric Tonnes (TMT),PPAC,1777985064_PT_Consumption_English.xls,2023-24,17,2026-08-21T15:32:18.602470+00:00,1.0
2023-12-01,2023,2023-24,December,FO & LSHS,570.1634560343591,Thousand Metric Tonnes (TMT),PPAC,1777985064_PT_Consumption_English.xls,2023-24,17,2026-08-21T15:32:18.602470+00:00,1.0
2024-01-01,2024,2023-24,January,FO & LSHS,567.349743453691,Thousand Metric Tonnes (TMT),PPAC,1777985064_PT_Consumption_English.xls,2023-24,17,2026-08-21T15:32:18.602470+00:00,1.0
2024-02-01,2024,2023-24,February,FO & LSHS,528.4852698798852,Thousand Metric Tonnes (TMT),PPAC,1777985064_PT_Consumption_English.xls,2023-24,17,2026-08-21T15:32:18.602470+00:00,1.0
2024-03-01,2024,2023-24,March,FO & LSHS,534.8467600718539,Thousand Metric Tonnes (TMT),PPAC,1777985064_PT_Consumption_English.xls,2023-24,17,2026-08-21T15:32:18.602470+00:00,1.0
2023-04-01,2023,2023-24,April,Bitumen,877.7801010000001,Thousand Metric Tonnes (TMT),PPAC,1777985064_PT_Consumption_English.xls,2023-24,18,2026-08-21T15:32:18.602470+00:00,1.0
2023-05-01,2023,2023-24,May,Bitumen,863.6771499999991,Thousand Metric Tonnes (TMT),PPAC,1777985064_PT_Consumption_English.xls,2023-24,18,2026-08-21T15:32:18.602470+00:00,1.0
2023-06-01,2023,2023-24,June,Bitumen,751.9774479999993,Thousand Metric Tonnes (TMT),PPAC,1777985064_PT_Consumption_English.xls,2023-24,18,2026-08-21T15:32:18.602470+00:00,1.0
2023-07-01,2023,2023-24,July,Bitumen,513.6292140000003,Thousand Metric Tonnes (TMT),PPAC,1777985064_PT_Consumption_English.xls,2023-24,18,2026-08-21T15:32:18.602470+00:00,1.0
2023-08-01,2023,2023-24,August,Bitumen,500.81787999999955,Thousand Metric Tonnes (TMT),PPAC,1777985064_PT_Consumption_English.xls,2023-24,18,2026-08-21T15:32:18.602470+00:00,1.0
2023-09-01,2023,2023-24,September,Bitumen,499.02093199999996,Thousand Metric Tonnes (TMT),PPAC,1777985064_PT_Consumption_English.xls,2023-24,18,2026-08-21T15:32:18.602470+00:00,1.0
2023-10-01,2023,2023-24,October,Bitumen,747.1936270000004,Thousand Metric Tonnes (TMT),PPAC,1777985064_PT_Consumption_English.xls,2023-24,18,2026-08-21T15:32:18.602470+00:00,1.0
2023-11-01,2023,2023-24,November,Bitumen,623.6885970000009,Thousand Metric Tonnes (TMT),PPAC,1777985064_PT_Consumption_English.xls,2023-24,18,2026-08-21T15:32:18.602470+00:00,1.0
2023-12-01,2023,2023-24,December,Bitumen,742.7211440000001,Thousand Metric Tonnes (TMT),PPAC,1777985064_PT_Consumption_English.xls,2023-24,18,2026-08-21T15:32:18.602470+00:00,1.0
2024-01-01,2024,2023-24,January,Bitumen,753.7814959999994,Thousand Metric Tonnes (TMT),PPAC,1777985064_PT_Consumption_English.xls,2023-24,18,2026-08-21T15:32:18.602470+00:00,1.0
2024-02-01,2024,2023-24,February,Bitumen,881.6599590000002,Thousand Metric Tonnes (TMT),PPAC,1777985064_PT_Consumption_English.xls,2023-24,18,2026-08-21T15:32:18.602470+00:00,1.0
2024-03-01,2024,2023-24,March,Bitumen,1051.3003090000004,Thousand Metric Tonnes (TMT),PPAC,1777985064_PT_Consumption_English.xls,2023-24,18,2026-08-21T15:32:18.602470+00:00,1.0
2023-04-01,2023,2023-24,April,Petroleum coke,1379.0617499999996,Thousand Metric Tonnes (TMT),PPAC,1777985064_PT_Consumption_English.xls,2023-24,19,2026-08-21T15:32:18.602470+00:00,1.0
2023-05-01,2023,2023-24,May,Petroleum coke,1812.4198089999993,Thousand Metric Tonnes (TMT),PPAC,1777985064_PT_Consumption_English.xls,2023-24,19,2026-08-21T15:32:18.602470+00:00,1.0
2023-06-01,2023,2023-24,June,Petroleum coke,1595.9408700000013,Thousand Metric Tonnes (TMT),PPAC,1777985064_PT_Consumption_English.xls,2023-24,19,2026-08-21T15:32:18.602470+00:00,1.0
2023-07-01,2023,2023-24,July,Petroleum coke,1659.7277089999993,Thousand Metric Tonnes (TMT),PPAC,1777985064_PT_Consumption_English.xls,2023-24,19,2026-08-21T15:32:18.602470+00:00,1.0
2023-08-01,2023,2023-24,August,Petroleum coke,1759.0077289999986,Thousand Metric Tonnes (TMT),PPAC,1777985064_PT_Consumption_English.xls,2023-24,19,2026-08-21T15:32:18.602470+00:00,1.0
2023-09-01,2023,2023-24,September,Petroleum coke,1500.0140460000014,Thousand Metric Tonnes (TMT),PPAC,1777985064_PT_Consumption_English.xls,2023-24,19,2026-08-21T15:32:18.602470+00:00,1.0
2023-10-01,2023,2023-24,October,Petroleum coke,1642.510056,Thousand Metric Tonnes (TMT),PPAC,1777985064_PT_Consumption_English.xls,2023-24,19,2026-08-21T15:32:18.602470+00:00,1.0
2023-11-01,2023,2023-24,November,Petroleum coke,1333.1563499999993,Thousand Metric Tonnes (TMT),PPAC,1777985064_PT_Consumption_English.xls,2023-24,19,2026-08-21T15:32:18.602470+00:00,1.0
2023-12-01,2023,2023-24,December,Petroleum coke,1722.449763,Thousand Metric Tonnes (TMT),PPAC,1777985064_PT_Consumption_English.xls,2023-24,19,2026-08-21T15:32:18.602470+00:00,1.0
2024-01-01,2024,2023-24,January,Petroleum coke,1591.2962000000002,Thousand Metric Tonnes (TMT),PPAC,1777985064_PT_Consumption_English.xls,2023-24,19,2026-08-21T15:32:18.602470+00:00,1.0
2024-02-01,2024,2023-24,February,Petroleum coke,2081.369798,Thousand Metric Tonnes (TMT),PPAC,1777985064_PT_Consumption_English.xls,2023-24,19,2026-08-21T15:32:18.602470+00:00,1.0
2024-03-01,2024,2023-24,March,Petroleum coke,2241.5842430000002,Thousand Metric Tonnes (TMT),PPAC,1777985064_PT_Consumption_English.xls,2023-24,19,2026-08-21T15:32:18.602470+00:00,1.0
2023-04-01,2023,2023-24,April,Others,881.0945885026713,Thousand Metric Tonnes (TMT),PPAC,1777985064_PT_Consumption_English.xls,2023-24,20,2026-08-21T15:32:18.602470+00:00,1.0
2023-05-01,2023,2023-24,May,Others,1230.5851654154817,Thousand Metric Tonnes (TMT),PPAC,1777985064_PT_Consumption_English.xls,2023-24,20,2026-08-21T15:32:18.602470+00:00,1.0
2023-06-01,2023,2023-24,June,Others,1190.3719334132954,Thousand Metric Tonnes (TMT),PPAC,1777985064_PT_Consumption_English.xls,2023-24,20,2026-08-21T15:32:18.602470+00:00,1.0
2023-07-01,2023,2023-24,July,Others,1059.7204433367065,Thousand Metric Tonnes (TMT),PPAC,1777985064_PT_Consumption_English.xls,2023-24,20,2026-08-21T15:32:18.602470+00:00,1.0
2023-08-01,2023,2023-24,August,Others,1508.4823766304685,Thousand Metric Tonnes (TMT),PPAC,1777985064_PT_Consumption_English.xls,2023-24,20,2026-08-21T15:32:18.602470+00:00,1.0
2023-09-01,2023,2023-24,September,Others,1447.8617976406292,Thousand Metric Tonnes (TMT),PPAC,1777985064_PT_Consumption_English.xls,2023-24,20,2026-08-21T15:32:18.602470+00:00,1.0
2023-10-01,2023,2023-24,October,Others,975.1267523394956,Thousand Metric Tonnes (TMT),PPAC,1777985064_PT_Consumption_English.xls,2023-24,20,2026-08-21T15:32:18.602470+00:00,1.0
2023-11-01,2023,2023-24,November,Others,877.1178473655909,Thousand Metric Tonnes (TMT),PPAC,1777985064_PT_Consumption_English.xls,2023-24,20,2026-08-21T15:32:18.602470+00:00,1.0
2023-12-01,2023,2023-24,December,Others,1394.9689032936928,Thousand Metric Tonnes (TMT),PPAC,1777985064_PT_Consumption_English.xls,2023-24,20,2026-08-21T15:32:18.602470+00:00,1.0
2024-01-01,2024,2023-24,January,Others,1276.6545780577455,Thousand Metric Tonnes (TMT),PPAC,1777985064_PT_Consumption_English.xls,2023-24,20,2026-08-21T15:32:18.602470+00:00,1.0
2024-02-01,2024,2023-24,February,Others,1345.6662622797003,Thousand Metric Tonnes (TMT),PPAC,1777985064_PT_Consumption_English.xls,2023-24,20,2026-08-21T15:32:18.602470+00:00,1.0
2024-03-01,2024,2023-24,March,Others,1434.4435460412235,Thousand Metric Tonnes (TMT),PPAC,1777985064_PT_Consumption_English.xls,2023-24,20,2026-08-21T15:32:18.602470+00:00,1.0
2024-04-01,2024,2024-25,April,LPG,2372.881119612999,Thousand Metric Tonnes (TMT),PPAC,1777985064_PT_Consumption_English.xls,2024-25,9,2026-08-21T15:32:18.610921+00:00,1.0
2024-05-01,2024,2024-25,May,LPG,2409.919163720999,Thousand Metric Tonnes (TMT),PPAC,1777985064_PT_Consumption_English.xls,2024-25,9,2026-08-21T15:32:18.610921+00:00,1.0
2024-06-01,2024,2024-25,June,LPG,2319.6251266089994,Thousand Metric Tonnes (TMT),PPAC,1777985064_PT_Consumption_English.xls,2024-25,9,2026-08-21T15:32:18.610921+00:00,1.0
2024-07-01,2024,2024-25,July,LPG,2649.1750016531887,Thousand Metric Tonnes (TMT),PPAC,1777985064_PT_Consumption_English.xls,2024-25,9,2026-08-21T15:32:18.610921+00:00,1.0
2024-08-01,2024,2024-25,August,LPG,2663.829891161,Thousand Metric Tonnes (TMT),PPAC,1777985064_PT_Consumption_English.xls,2024-25,9,2026-08-21T15:32:18.610921+00:00,1.0
2024-09-01,2024,2024-25,September,LPG,2609.535056472999,Thousand Metric Tonnes (TMT),PPAC,1777985064_PT_Consumption_English.xls,2024-25,9,2026-08-21T15:32:18.610921+00:00,1.0
2024-10-01,2024,2024-25,October,LPG,2720.707218771999,Thousand Metric Tonnes (TMT),PPAC,1777985064_PT_Consumption_English.xls,2024-25,9,2026-08-21T15:32:18.610921+00:00,1.0
2024-11-01,2024,2024-25,November,LPG,2664.583003191,Thousand Metric Tonnes (TMT),PPAC,1777985064_PT_Consumption_English.xls,2024-25,9,2026-08-21T15:32:18.610921+00:00,1.0
2024-12-01,2024,2024-25,December,LPG,2771.5184350819995,Thousand Metric Tonnes (TMT),PPAC,1777985064_PT_Consumption_English.xls,2024-25,9,2026-08-21T15:32:18.610921+00:00,1.0
2025-01-01,2025,2024-25,January,LPG,2834.552337625998,Thousand Metric Tonnes (TMT),PPAC,1777985064_PT_Consumption_English.xls,2024-25,9,2026-08-21T15:32:18.610921+00:00,1.0
2025-02-01,2025,2024-25,February,LPG,2582.618933527999,Thousand Metric Tonnes (TMT),PPAC,1777985064_PT_Consumption_English.xls,2024-25,9,2026-08-21T15:32:18.610921+00:00,1.0
2025-03-01,2025,2024-25,March,LPG,2729.232984183001,Thousand Metric Tonnes (TMT),PPAC,1777985064_PT_Consumption_English.xls,2024-25,9,2026-08-21T15:32:18.610921+00:00,1.0
2024-04-01,2024,2024-25,April,Naphtha,1216.994111,Thousand Metric Tonnes (TMT),PPAC,1777985064_PT_Consumption_English.xls,2024-25,10,2026-08-21T15:32:18.610921+00:00,1.0
2024-05-01,2024,2024-25,May,Naphtha,1089.885864,Thousand Metric Tonnes (TMT),PPAC,1777985064_PT_Consumption_English.xls,2024-25,10,2026-08-21T15:32:18.610921+00:00,1.0
2024-06-01,2024,2024-25,June,Naphtha,1014.274768,Thousand Metric Tonnes (TMT),PPAC,1777985064_PT_Consumption_English.xls,2024-25,10,2026-08-21T15:32:18.610921+00:00,1.0
2024-07-01,2024,2024-25,July,Naphtha,1223.984549,Thousand Metric Tonnes (TMT),PPAC,1777985064_PT_Consumption_English.xls,2024-25,10,2026-08-21T15:32:18.610921+00:00,1.0
2024-08-01,2024,2024-25,August,Naphtha,1155.65463,Thousand Metric Tonnes (TMT),PPAC,1777985064_PT_Consumption_English.xls,2024-25,10,2026-08-21T15:32:18.610921+00:00,1.0
2024-09-01,2024,2024-25,September,Naphtha,1017.636061,Thousand Metric Tonnes (TMT),PPAC,1777985064_PT_Consumption_English.xls,2024-25,10,2026-08-21T15:32:18.610921+00:00,1.0
2024-10-01,2024,2024-25,October,Naphtha,1164.04833,Thousand Metric Tonnes (TMT),PPAC,1777985064_PT_Consumption_English.xls,2024-25,10,2026-08-21T15:32:18.610921+00:00,1.0
2024-11-01,2024,2024-25,November,Naphtha,1098.197067,Thousand Metric Tonnes (TMT),PPAC,1777985064_PT_Consumption_English.xls,2024-25,10,2026-08-21T15:32:18.610921+00:00,1.0
2024-12-01,2024,2024-25,December,Naphtha,1010.2149670000001,Thousand Metric Tonnes (TMT),PPAC,1777985064_PT_Consumption_English.xls,2024-25,10,2026-08-21T15:32:18.610921+00:00,1.0
2025-01-01,2025,2024-25,January,Naphtha,1090.297223,Thousand Metric Tonnes (TMT),PPAC,1777985064_PT_Consumption_English.xls,2024-25,10,2026-08-21T15:32:18.610921+00:00,1.0
2025-02-01,2025,2024-25,February,Naphtha,920.9675490000001,Thousand Metric Tonnes (TMT),PPAC,1777985064_PT_Consumption_English.xls,2024-25,10,2026-08-21T15:32:18.610921+00:00,1.0
2025-03-01,2025,2024-25,March,Naphtha,1026.285712,Thousand Metric Tonnes (TMT),PPAC,1777985064_PT_Consumption_English.xls,2024-25,10,2026-08-21T15:32:18.610921+00:00,1.0
2024-04-01,2024,2024-25,April,MS,3284.5163424651223,Thousand Metric Tonnes (TMT),PPAC,1777985064_PT_Consumption_English.xls,2024-25,11,2026-08-21T15:32:18.610921+00:00,1.0
2024-05-01,2024,2024-25,May,MS,3462.930502364387,Thousand Metric Tonnes (TMT),PPAC,1777985064_PT_Consumption_English.xls,2024-25,11,2026-08-21T15:32:18.610921+00:00,1.0
2024-06-01,2024,2024-25,June,MS,3296.178193857606,Thousand Metric Tonnes (TMT),PPAC,1777985064_PT_Consumption_English.xls,2024-25,11,2026-08-21T15:32:18.610921+00:00,1.0
2024-07-01,2024,2024-25,July,MS,3297.348967498101,Thousand Metric Tonnes (TMT),PPAC,1777985064_PT_Consumption_English.xls,2024-25,11,2026-08-21T15:32:18.610921+00:00,1.0
2024-08-01,2024,2024-25,August,MS,3360.1466175063656,Thousand Metric Tonnes (TMT),PPAC,1777985064_PT_Consumption_English.xls,2024-25,11,2026-08-21T15:32:18.610921+00:00,1.0
2024-09-01,2024,2024-25,September,MS,3148.5564611204377,Thousand Metric Tonnes (TMT),PPAC,1777985064_PT_Consumption_English.xls,2024-25,11,2026-08-21T15:32:18.610921+00:00,1.0
2024-10-01,2024,2024-25,October,MS,3412.173822726159,Thousand Metric Tonnes (TMT),PPAC,1777985064_PT_Consumption_English.xls,2024-25,11,2026-08-21T15:32:18.610921+00:00,1.0
2024-11-01,2024,2024-25,November,MS,3428.3679076249955,Thousand Metric Tonnes (TMT),PPAC,1777985064_PT_Consumption_English.xls,2024-25,11,2026-08-21T15:32:18.610921+00:00,1.0
2024-12-01,2024,2024-25,December,MS,3320.157562188876,Thousand Metric Tonnes (TMT),PPAC,1777985064_PT_Consumption_English.xls,2024-25,11,2026-08-21T15:32:18.610921+00:00,1.0
2025-01-01,2025,2024-25,January,MS,3307.8335707641027,Thousand Metric Tonnes (TMT),PPAC,1777985064_PT_Consumption_English.xls,2024-25,11,2026-08-21T15:32:18.610921+00:00,1.0
2025-02-01,2025,2024-25,February,MS,3174.031829603068,Thousand Metric Tonnes (TMT),PPAC,1777985064_PT_Consumption_English.xls,2024-25,11,2026-08-21T15:32:18.610921+00:00,1.0
2025-03-01,2025,2024-25,March,MS,3512.2953492200463,Thousand Metric Tonnes (TMT),PPAC,1777985064_PT_Consumption_English.xls,2024-25,11,2026-08-21T15:32:18.610921+00:00,1.0
2024-04-01,2024,2024-25,April,ATF,742.4097013042746,Thousand Metric Tonnes (TMT),PPAC,1777985064_PT_Consumption_English.xls,2024-25,12,2026-08-21T15:32:18.610921+00:00,1.0
2024-05-01,2024,2024-25,May,ATF,743.5220431075136,Thousand Metric Tonnes (TMT),PPAC,1777985064_PT_Consumption_English.xls,2024-25,12,2026-08-21T15:32:18.610921+00:00,1.0
2024-06-01,2024,2024-25,June,ATF,706.9290589880289,Thousand Metric Tonnes (TMT),PPAC,1777985064_PT_Consumption_English.xls,2024-25,12,2026-08-21T15:32:18.610921+00:00,1.0
2024-07-01,2024,2024-25,July,ATF,726.648899220184,Thousand Metric Tonnes (TMT),PPAC,1777985064_PT_Consumption_English.xls,2024-25,12,2026-08-21T15:32:18.610921+00:00,1.0
2024-08-01,2024,2024-25,August,ATF,731.7012162251284,Thousand Metric Tonnes (TMT),PPAC,1777985064_PT_Consumption_English.xls,2024-25,12,2026-08-21T15:32:18.610921+00:00,1.0
2024-09-01,2024,2024-25,September,ATF,725.9362661798154,Thousand Metric Tonnes (TMT),PPAC,1777985064_PT_Consumption_English.xls,2024-25,12,2026-08-21T15:32:18.610921+00:00,1.0
2024-10-01,2024,2024-25,October,ATF,756.8993672560764,Thousand Metric Tonnes (TMT),PPAC,1777985064_PT_Consumption_English.xls,2024-25,12,2026-08-21T15:32:18.610921+00:00,1.0
2024-11-01,2024,2024-25,November,ATF,747.982052200692,Thousand Metric Tonnes (TMT),PPAC,1777985064_PT_Consumption_English.xls,2024-25,12,2026-08-21T15:32:18.610921+00:00,1.0
2024-12-01,2024,2024-25,December,ATF,782.0866303417067,Thousand Metric Tonnes (TMT),PPAC,1777985064_PT_Consumption_English.xls,2024-25,12,2026-08-21T15:32:18.610921+00:00,1.0
2025-01-01,2025,2024-25,January,ATF,784.1913111389708,Thousand Metric Tonnes (TMT),PPAC,1777985064_PT_Consumption_English.xls,2024-25,12,2026-08-21T15:32:18.610921+00:00,1.0
2025-02-01,2025,2024-25,February,ATF,734.886859961425,Thousand Metric Tonnes (TMT),PPAC,1777985064_PT_Consumption_English.xls,2024-25,12,2026-08-21T15:32:18.610921+00:00,1.0
2025-03-01,2025,2024-25,March,ATF,801.496052417138,Thousand Metric Tonnes (TMT),PPAC,1777985064_PT_Consumption_English.xls,2024-25,12,2026-08-21T15:32:18.610921+00:00,1.0
2024-04-01,2024,2024-25,April,SKO,26.731548793774316,Thousand Metric Tonnes (TMT),PPAC,1777985064_PT_Consumption_English.xls,2024-25,13,2026-08-21T15:32:18.610921+00:00,1.0
2024-05-01,2024,2024-25,May,SKO,30.024984861478604,Thousand Metric Tonnes (TMT),PPAC,1777985064_PT_Consumption_English.xls,2024-25,13,2026-08-21T15:32:18.610921+00:00,1.0
2024-06-01,2024,2024-25,June,SKO,36.3751989392996,Thousand Metric Tonnes (TMT),PPAC,1777985064_PT_Consumption_English.xls,2024-25,13,2026-08-21T15:32:18.610921+00:00,1.0
2024-07-01,2024,2024-25,July,SKO,40.89247785992218,Thousand Metric Tonnes (TMT),PPAC,1777985064_PT_Consumption_English.xls,2024-25,13,2026-08-21T15:32:18.610921+00:00,1.0
2024-08-01,2024,2024-25,August,SKO,34.57676359533074,Thousand Metric Tonnes (TMT),PPAC,1777985064_PT_Consumption_English.xls,2024-25,13,2026-08-21T15:32:18.610921+00:00,1.0
2024-09-01,2024,2024-25,September,SKO,36.334123531517506,Thousand Metric Tonnes (TMT),PPAC,1777985064_PT_Consumption_English.xls,2024-25,13,2026-08-21T15:32:18.610921+00:00,1.0
2024-10-01,2024,2024-25,October,SKO,32.53508003735408,Thousand Metric Tonnes (TMT),PPAC,1777985064_PT_Consumption_English.xls,2024-25,13,2026-08-21T15:32:18.610921+00:00,1.0
2024-11-01,2024,2024-25,November,SKO,35.9956555003891,Thousand Metric Tonnes (TMT),PPAC,1777985064_PT_Consumption_English.xls,2024-25,13,2026-08-21T15:32:18.610921+00:00,1.0
2024-12-01,2024,2024-25,December,SKO,35.0016525533074,Thousand Metric Tonnes (TMT),PPAC,1777985064_PT_Consumption_English.xls,2024-25,13,2026-08-21T15:32:18.610921+00:00,1.0
2025-01-01,2025,2024-25,January,SKO,34.651549209338526,Thousand Metric Tonnes (TMT),PPAC,1777985064_PT_Consumption_English.xls,2024-25,13,2026-08-21T15:32:18.610921+00:00,1.0
2025-02-01,2025,2024-25,February,SKO,31.794508369649808,Thousand Metric Tonnes (TMT),PPAC,1777985064_PT_Consumption_English.xls,2024-25,13,2026-08-21T15:32:18.610921+00:00,1.0
2025-03-01,2025,2024-25,March,SKO,32.831397743190664,Thousand Metric Tonnes (TMT),PPAC,1777985064_PT_Consumption_English.xls,2024-25,13,2026-08-21T15:32:18.610921+00:00,1.0
2024-04-01,2024,2024-25,April,HSD,7925.069049542416,Thousand Metric Tonnes (TMT),PPAC,1777985064_PT_Consumption_English.xls,2024-25,14,2026-08-21T15:32:18.610921+00:00,1.0
2024-05-01,2024,2024-25,May,HSD,8411.725532655264,Thousand Metric Tonnes (TMT),PPAC,1777985064_PT_Consumption_English.xls,2024-25,14,2026-08-21T15:32:18.610921+00:00,1.0
2024-06-01,2024,2024-25,June,HSD,7982.34673133075,Thousand Metric Tonnes (TMT),PPAC,1777985064_PT_Consumption_English.xls,2024-25,14,2026-08-21T15:32:18.610921+00:00,1.0
2024-07-01,2024,2024-25,July,HSD,7193.246111138996,Thousand Metric Tonnes (TMT),PPAC,1777985064_PT_Consumption_English.xls,2024-25,14,2026-08-21T15:32:18.610921+00:00,1.0
2024-08-01,2024,2024-25,August,HSD,6500.8199509893875,Thousand Metric Tonnes (TMT),PPAC,1777985064_PT_Consumption_English.xls,2024-25,14,2026-08-21T15:32:18.610921+00:00,1.0
2024-09-01,2024,2024-25,September,HSD,6369.199282065711,Thousand Metric Tonnes (TMT),PPAC,1777985064_PT_Consumption_English.xls,2024-25,14,2026-08-21T15:32:18.610921+00:00,1.0
2024-10-01,2024,2024-25,October,HSD,7645.233293308923,Thousand Metric Tonnes (TMT),PPAC,1777985064_PT_Consumption_English.xls,2024-25,14,2026-08-21T15:32:18.610921+00:00,1.0
2024-11-01,2024,2024-25,November,HSD,8165.981103456862,Thousand Metric Tonnes (TMT),PPAC,1777985064_PT_Consumption_English.xls,2024-25,14,2026-08-21T15:32:18.610921+00:00,1.0
2024-12-01,2024,2024-25,December,HSD,8054.470613599949,Thousand Metric Tonnes (TMT),PPAC,1777985064_PT_Consumption_English.xls,2024-25,14,2026-08-21T15:32:18.610921+00:00,1.0
2025-01-01,2025,2024-25,January,HSD,7737.513980777077,Thousand Metric Tonnes (TMT),PPAC,1777985064_PT_Consumption_English.xls,2024-25,14,2026-08-21T15:32:18.610921+00:00,1.0
2025-02-01,2025,2024-25,February,HSD,7346.32249484422,Thousand Metric Tonnes (TMT),PPAC,1777985064_PT_Consumption_English.xls,2024-25,14,2026-08-21T15:32:18.610921+00:00,1.0
2025-03-01,2025,2024-25,March,HSD,8075.406898770946,Thousand Metric Tonnes (TMT),PPAC,1777985064_PT_Consumption_English.xls,2024-25,14,2026-08-21T15:32:18.610921+00:00,1.0
2024-04-01,2024,2024-25,April,LDO,50.97175759385665,Thousand Metric Tonnes (TMT),PPAC,1777985064_PT_Consumption_English.xls,2024-25,15,2026-08-21T15:32:18.610921+00:00,1.0
2024-05-01,2024,2024-25,May,LDO,62.44650023037545,Thousand Metric Tonnes (TMT),PPAC,1777985064_PT_Consumption_English.xls,2024-25,15,2026-08-21T15:32:18.610921+00:00,1.0
2024-06-01,2024,2024-25,June,LDO,65.03053747440273,Thousand Metric Tonnes (TMT),PPAC,1777985064_PT_Consumption_English.xls,2024-25,15,2026-08-21T15:32:18.610921+00:00,1.0
2024-07-01,2024,2024-25,July,LDO,60.84587988395903,Thousand Metric Tonnes (TMT),PPAC,1777985064_PT_Consumption_English.xls,2024-25,15,2026-08-21T15:32:18.610921+00:00,1.0
2024-08-01,2024,2024-25,August,LDO,79.8371041552901,Thousand Metric Tonnes (TMT),PPAC,1777985064_PT_Consumption_English.xls,2024-25,15,2026-08-21T15:32:18.610921+00:00,1.0
2024-09-01,2024,2024-25,September,LDO,71.09299366040956,Thousand Metric Tonnes (TMT),PPAC,1777985064_PT_Consumption_English.xls,2024-25,15,2026-08-21T15:32:18.610921+00:00,1.0
2024-10-01,2024,2024-25,October,LDO,69.2105313993174,Thousand Metric Tonnes (TMT),PPAC,1777985064_PT_Consumption_English.xls,2024-25,15,2026-08-21T15:32:18.610921+00:00,1.0
2024-11-01,2024,2024-25,November,LDO,80.08400781569968,Thousand Metric Tonnes (TMT),PPAC,1777985064_PT_Consumption_English.xls,2024-25,15,2026-08-21T15:32:18.610921+00:00,1.0
2024-12-01,2024,2024-25,December,LDO,69.6302588566553,Thousand Metric Tonnes (TMT),PPAC,1777985064_PT_Consumption_English.xls,2024-25,15,2026-08-21T15:32:18.610921+00:00,1.0
2025-01-01,2025,2024-25,January,LDO,75.76685985494879,Thousand Metric Tonnes (TMT),PPAC,1777985064_PT_Consumption_English.xls,2024-25,15,2026-08-21T15:32:18.610921+00:00,1.0
2025-02-01,2025,2024-25,February,LDO,61.941998720136525,Thousand Metric Tonnes (TMT),PPAC,1777985064_PT_Consumption_English.xls,2024-25,15,2026-08-21T15:32:18.610921+00:00,1.0
2025-03-01,2025,2024-25,March,LDO,91.32199277303755,Thousand Metric Tonnes (TMT),PPAC,1777985064_PT_Consumption_English.xls,2024-25,15,2026-08-21T15:32:18.610921+00:00,1.0
2024-04-01,2024,2024-25,April,Lubricants & Greases,374.99420006224767,Thousand Metric Tonnes (TMT),PPAC,1777985064_PT_Consumption_English.xls,2024-25,16,2026-08-21T15:32:18.610921+00:00,1.0
2024-05-01,2024,2024-25,May,Lubricants & Greases,470.92100063191384,Thousand Metric Tonnes (TMT),PPAC,1777985064_PT_Consumption_English.xls,2024-25,16,2026-08-21T15:32:18.610921+00:00,1.0
2024-06-01,2024,2024-25,June,Lubricants & Greases,436.4262736158743,Thousand Metric Tonnes (TMT),PPAC,1777985064_PT_Consumption_English.xls,2024-25,16,2026-08-21T15:32:18.610921+00:00,1.0
2024-07-01,2024,2024-25,July,Lubricants & Greases,317.8457801715458,Thousand Metric Tonnes (TMT),PPAC,1777985064_PT_Consumption_English.xls,2024-25,16,2026-08-21T15:32:18.610921+00:00,1.0
2024-08-01,2024,2024-25,August,Lubricants & Greases,341.3083203307325,Thousand Metric Tonnes (TMT),PPAC,1777985064_PT_Consumption_English.xls,2024-25,16,2026-08-21T15:32:18.610921+00:00,1.0
2024-09-01,2024,2024-25,September,Lubricants & Greases,381.7323256643771,Thousand Metric Tonnes (TMT),PPAC,1777985064_PT_Consumption_English.xls,2024-25,16,2026-08-21T15:32:18.610921+00:00,1.0
2024-10-01,2024,2024-25,October,Lubricants & Greases,345.58216128877376,Thousand Metric Tonnes (TMT),PPAC,1777985064_PT_Consumption_English.xls,2024-25,16,2026-08-21T15:32:18.610921+00:00,1.0
2024-11-01,2024,2024-25,November,Lubricants & Greases,351.3728553376356,Thousand Metric Tonnes (TMT),PPAC,1777985064_PT_Consumption_English.xls,2024-25,16,2026-08-21T15:32:18.610921+00:00,1.0
2024-12-01,2024,2024-25,December,Lubricants & Greases,361.85529644300544,Thousand Metric Tonnes (TMT),PPAC,1777985064_PT_Consumption_English.xls,2024-25,16,2026-08-21T15:32:18.610921+00:00,1.0
2025-01-01,2025,2024-25,January,Lubricants & Greases,405.74981552997485,Thousand Metric Tonnes (TMT),PPAC,1777985064_PT_Consumption_English.xls,2024-25,16,2026-08-21T15:32:18.610921+00:00,1.0
2025-02-01,2025,2024-25,February,Lubricants & Greases,302.35752601890675,Thousand Metric Tonnes (TMT),PPAC,1777985064_PT_Consumption_English.xls,2024-25,16,2026-08-21T15:32:18.610921+00:00,1.0
2025-03-01,2025,2024-25,March,Lubricants & Greases,490.59205670298564,Thousand Metric Tonnes (TMT),PPAC,1777985064_PT_Consumption_English.xls,2024-25,16,2026-08-21T15:32:18.610921+00:00,1.0
2024-04-01,2024,2024-25,April,FO & LSHS,532.0102312620918,Thousand Metric Tonnes (TMT),PPAC,1777985064_PT_Consumption_English.xls,2024-25,17,2026-08-21T15:32:18.610921+00:00,1.0
2024-05-01,2024,2024-25,May,FO & LSHS,619.8284573946218,Thousand Metric Tonnes (TMT),PPAC,1777985064_PT_Consumption_English.xls,2024-25,17,2026-08-21T15:32:18.610921+00:00,1.0
2024-06-01,2024,2024-25,June,FO & LSHS,574.6917135079282,Thousand Metric Tonnes (TMT),PPAC,1777985064_PT_Consumption_English.xls,2024-25,17,2026-08-21T15:32:18.610921+00:00,1.0
2024-07-01,2024,2024-25,July,FO & LSHS,508.90466203154256,Thousand Metric Tonnes (TMT),PPAC,1777985064_PT_Consumption_English.xls,2024-25,17,2026-08-21T15:32:18.610921+00:00,1.0
2024-08-01,2024,2024-25,August,FO & LSHS,498.48429750572444,Thousand Metric Tonnes (TMT),PPAC,1777985064_PT_Consumption_English.xls,2024-25,17,2026-08-21T15:32:18.610921+00:00,1.0
2024-09-01,2024,2024-25,September,FO & LSHS,561.4060573188186,Thousand Metric Tonnes (TMT),PPAC,1777985064_PT_Consumption_English.xls,2024-25,17,2026-08-21T15:32:18.610921+00:00,1.0
2024-10-01,2024,2024-25,October,FO & LSHS,631.2204770466002,Thousand Metric Tonnes (TMT),PPAC,1777985064_PT_Consumption_English.xls,2024-25,17,2026-08-21T15:32:18.610921+00:00,1.0
2024-11-01,2024,2024-25,November,FO & LSHS,505.4884014074258,Thousand Metric Tonnes (TMT),PPAC,1777985064_PT_Consumption_English.xls,2024-25,17,2026-08-21T15:32:18.610921+00:00,1.0
2024-12-01,2024,2024-25,December,FO & LSHS,560.1368665841248,Thousand Metric Tonnes (TMT),PPAC,1777985064_PT_Consumption_English.xls,2024-25,17,2026-08-21T15:32:18.610921+00:00,1.0
2025-01-01,2025,2024-25,January,FO & LSHS,549.0697669505314,Thousand Metric Tonnes (TMT),PPAC,1777985064_PT_Consumption_English.xls,2024-25,17,2026-08-21T15:32:18.610921+00:00,1.0
2025-02-01,2025,2024-25,February,FO & LSHS,463.17972168748014,Thousand Metric Tonnes (TMT),PPAC,1777985064_PT_Consumption_English.xls,2024-25,17,2026-08-21T15:32:18.610921+00:00,1.0
2025-03-01,2025,2024-25,March,FO & LSHS,492.87474525316793,Thousand Metric Tonnes (TMT),PPAC,1777985064_PT_Consumption_English.xls,2024-25,17,2026-08-21T15:32:18.610921+00:00,1.0
2024-04-01,2024,2024-25,April,Bitumen,835.4927509999999,Thousand Metric Tonnes (TMT),PPAC,1777985064_PT_Consumption_English.xls,2024-25,18,2026-08-21T15:32:18.610921+00:00,1.0
2024-05-01,2024,2024-25,May,Bitumen,939.6057804999998,Thousand Metric Tonnes (TMT),PPAC,1777985064_PT_Consumption_English.xls,2024-25,18,2026-08-21T15:32:18.610921+00:00,1.0
2024-06-01,2024,2024-25,June,Bitumen,743.5785370000004,Thousand Metric Tonnes (TMT),PPAC,1777985064_PT_Consumption_English.xls,2024-25,18,2026-08-21T15:32:18.610921+00:00,1.0
2024-07-01,2024,2024-25,July,Bitumen,408.31678000000005,Thousand Metric Tonnes (TMT),PPAC,1777985064_PT_Consumption_English.xls,2024-25,18,2026-08-21T15:32:18.610921+00:00,1.0
2024-08-01,2024,2024-25,August,Bitumen,286.1119460000001,Thousand Metric Tonnes (TMT),PPAC,1777985064_PT_Consumption_English.xls,2024-25,18,2026-08-21T15:32:18.610921+00:00,1.0
2024-09-01,2024,2024-25,September,Bitumen,416.32026199999984,Thousand Metric Tonnes (TMT),PPAC,1777985064_PT_Consumption_English.xls,2024-25,18,2026-08-21T15:32:18.610921+00:00,1.0
2024-10-01,2024,2024-25,October,Bitumen,638.4068859999999,Thousand Metric Tonnes (TMT),PPAC,1777985064_PT_Consumption_English.xls,2024-25,18,2026-08-21T15:32:18.610921+00:00,1.0
2024-11-01,2024,2024-25,November,Bitumen,708.0131689999998,Thousand Metric Tonnes (TMT),PPAC,1777985064_PT_Consumption_English.xls,2024-25,18,2026-08-21T15:32:18.610921+00:00,1.0
2024-12-01,2024,2024-25,December,Bitumen,771.2117860000003,Thousand Metric Tonnes (TMT),PPAC,1777985064_PT_Consumption_English.xls,2024-25,18,2026-08-21T15:32:18.610921+00:00,1.0
2025-01-01,2025,2024-25,January,Bitumen,822.9576350000001,Thousand Metric Tonnes (TMT),PPAC,1777985064_PT_Consumption_English.xls,2024-25,18,2026-08-21T15:32:18.610921+00:00,1.0
2025-02-01,2025,2024-25,February,Bitumen,918.8276420000004,Thousand Metric Tonnes (TMT),PPAC,1777985064_PT_Consumption_English.xls,2024-25,18,2026-08-21T15:32:18.610921+00:00,1.0
2025-03-01,2025,2024-25,March,Bitumen,1092.6997259999998,Thousand Metric Tonnes (TMT),PPAC,1777985064_PT_Consumption_English.xls,2024-25,18,2026-08-21T15:32:18.610921+00:00,1.0
2024-04-01,2024,2024-25,April,Petroleum coke,1805.2131700000002,Thousand Metric Tonnes (TMT),PPAC,1777985064_PT_Consumption_English.xls,2024-25,19,2026-08-21T15:32:18.610921+00:00,1.0
2024-05-01,2024,2024-25,May,Petroleum coke,1723.2749210000002,Thousand Metric Tonnes (TMT),PPAC,1777985064_PT_Consumption_English.xls,2024-25,19,2026-08-21T15:32:18.610921+00:00,1.0
2024-06-01,2024,2024-25,June,Petroleum coke,1531.636859,Thousand Metric Tonnes (TMT),PPAC,1777985064_PT_Consumption_English.xls,2024-25,19,2026-08-21T15:32:18.610921+00:00,1.0
2024-07-01,2024,2024-25,July,Petroleum coke,2367.789861,Thousand Metric Tonnes (TMT),PPAC,1777985064_PT_Consumption_English.xls,2024-25,19,2026-08-21T15:32:18.610921+00:00,1.0
2024-08-01,2024,2024-25,August,Petroleum coke,1724.9972239999997,Thousand Metric Tonnes (TMT),PPAC,1777985064_PT_Consumption_English.xls,2024-25,19,2026-08-21T15:32:18.610921+00:00,1.0
2024-09-01,2024,2024-25,September,Petroleum coke,1212.7054800000003,Thousand Metric Tonnes (TMT),PPAC,1777985064_PT_Consumption_English.xls,2024-25,19,2026-08-21T15:32:18.610921+00:00,1.0
2024-10-01,2024,2024-25,October,Petroleum coke,2034.9857180000001,Thousand Metric Tonnes (TMT),PPAC,1777985064_PT_Consumption_English.xls,2024-25,19,2026-08-21T15:32:18.610921+00:00,1.0
2024-11-01,2024,2024-25,November,Petroleum coke,2057.0630889999998,Thousand Metric Tonnes (TMT),PPAC,1777985064_PT_Consumption_English.xls,2024-25,19,2026-08-21T15:32:18.610921+00:00,1.0
2024-12-01,2024,2024-25,December,Petroleum coke,1954.0580789999997,Thousand Metric Tonnes (TMT),PPAC,1777985064_PT_Consumption_English.xls,2024-25,19,2026-08-21T15:32:18.610921+00:00,1.0
2025-01-01,2025,2024-25,January,Petroleum coke,1985.004913,Thousand Metric Tonnes (TMT),PPAC,1777985064_PT_Consumption_English.xls,2024-25,19,2026-08-21T15:32:18.610921+00:00,1.0
2025-02-01,2025,2024-25,February,Petroleum coke,2039.400129,Thousand Metric Tonnes (TMT),PPAC,1777985064_PT_Consumption_English.xls,2024-25,19,2026-08-21T15:32:18.610921+00:00,1.0
2025-03-01,2025,2024-25,March,Petroleum coke,1566.144102,Thousand Metric Tonnes (TMT),PPAC,1777985064_PT_Consumption_English.xls,2024-25,19,2026-08-21T15:32:18.610921+00:00,1.0
2024-04-01,2024,2024-25,April,Others,995.8135006106903,Thousand Metric Tonnes (TMT),PPAC,1777985064_PT_Consumption_English.xls,2024-25,20,2026-08-21T15:32:18.610921+00:00,1.0
2024-05-01,2024,2024-25,May,Others,1116.3262012380515,Thousand Metric Tonnes (TMT),PPAC,1777985064_PT_Consumption_English.xls,2024-25,20,2026-08-21T15:32:18.610921+00:00,1.0
2024-06-01,2024,2024-25,June,Others,1230.3373059364967,Thousand Metric Tonnes (TMT),PPAC,1777985064_PT_Consumption_English.xls,2024-25,20,2026-08-21T15:32:18.610921+00:00,1.0
2024-07-01,2024,2024-25,July,Others,1446.4562771807161,Thousand Metric Tonnes (TMT),PPAC,1777985064_PT_Consumption_English.xls,2024-25,20,2026-08-21T15:32:18.610921+00:00,1.0
2024-08-01,2024,2024-25,August,Others,883.7311638806245,Thousand Metric Tonnes (TMT),PPAC,1777985064_PT_Consumption_English.xls,2024-25,20,2026-08-21T15:32:18.610921+00:00,1.0
2024-09-01,2024,2024-25,September,Others,859.1929757463171,Thousand Metric Tonnes (TMT),PPAC,1777985064_PT_Consumption_English.xls,2024-25,20,2026-08-21T15:32:18.610921+00:00,1.0
2024-10-01,2024,2024-25,October,Others,803.2007808193637,Thousand Metric Tonnes (TMT),PPAC,1777985064_PT_Consumption_English.xls,2024-25,20,2026-08-21T15:32:18.610921+00:00,1.0
2024-11-01,2024,2024-25,November,Others,813.1333844034399,Thousand Metric Tonnes (TMT),PPAC,1777985064_PT_Consumption_English.xls,2024-25,20,2026-08-21T15:32:18.610921+00:00,1.0
2024-12-01,2024,2024-25,December,Others,964.1837974364806,Thousand Metric Tonnes (TMT),PPAC,1777985064_PT_Consumption_English.xls,2024-25,20,2026-08-21T15:32:18.610921+00:00,1.0
2025-01-01,2025,2024-25,January,Others,910.238248794894,Thousand Metric Tonnes (TMT),PPAC,1777985064_PT_Consumption_English.xls,2024-25,20,2026-08-21T15:32:18.610921+00:00,1.0
2025-02-01,2025,2024-25,February,Others,745.0388485669403,Thousand Metric Tonnes (TMT),PPAC,1777985064_PT_Consumption_English.xls,2024-25,20,2026-08-21T15:32:18.610921+00:00,1.0
2025-03-01,2025,2024-25,March,Others,792.8687279631556,Thousand Metric Tonnes (TMT),PPAC,1777985064_PT_Consumption_English.xls,2024-25,20,2026-08-21T15:32:18.610921+00:00,1.0
2025-04-01,2025,2025-26,April,LPG,2544.5314480270013,Thousand Metric Tonnes (TMT),PPAC,1777985064_PT_Consumption_English.xls,2025-26,9,2026-08-21T15:32:18.619018+00:00,1.0
2025-05-01,2025,2025-26,May,LPG,2681.803172054998,Thousand Metric Tonnes (TMT),PPAC,1777985064_PT_Consumption_English.xls,2025-26,9,2026-08-21T15:32:18.619018+00:00,1.0
2025-06-01,2025,2025-26,June,LPG,2554.162132084999,Thousand Metric Tonnes (TMT),PPAC,1777985064_PT_Consumption_English.xls,2025-26,9,2026-08-21T15:32:18.619018+00:00,1.0
2025-07-01,2025,2025-26,July,LPG,2809.639669845001,Thousand Metric Tonnes (TMT),PPAC,1777985064_PT_Consumption_English.xls,2025-26,9,2026-08-21T15:32:18.619018+00:00,1.0
2025-08-01,2025,2025-26,August,LPG,2833.093851569,Thousand Metric Tonnes (TMT),PPAC,1777985064_PT_Consumption_English.xls,2025-26,9,2026-08-21T15:32:18.619018+00:00,1.0
2025-09-01,2025,2025-26,September,LPG,2794.3449370699996,Thousand Metric Tonnes (TMT),PPAC,1777985064_PT_Consumption_English.xls,2025-26,9,2026-08-21T15:32:18.619018+00:00,1.0
2025-10-01,2025,2025-26,October,LPG,2870.9824949069985,Thousand Metric Tonnes (TMT),PPAC,1777985064_PT_Consumption_English.xls,2025-26,9,2026-08-21T15:32:18.619018+00:00,1.0
2025-11-01,2025,2025-26,November,LPG,2842.6703864749984,Thousand Metric Tonnes (TMT),PPAC,1777985064_PT_Consumption_English.xls,2025-26,9,2026-08-21T15:32:18.619018+00:00,1.0
2025-12-01,2025,2025-26,December,LPG,3067.362157527001,Thousand Metric Tonnes (TMT),PPAC,1777985064_PT_Consumption_English.xls,2025-26,9,2026-08-21T15:32:18.619018+00:00,1.0
2026-01-01,2026,2025-26,January,LPG,3011.717438865999,Thousand Metric Tonnes (TMT),PPAC,1777985064_PT_Consumption_English.xls,2025-26,9,2026-08-21T15:32:18.619018+00:00,1.0
2026-02-01,2026,2025-26,February,LPG,2822.0942721589995,Thousand Metric Tonnes (TMT),PPAC,1777985064_PT_Consumption_English.xls,2025-26,9,2026-08-21T15:32:18.619018+00:00,1.0
2026-03-01,2026,2025-26,March,LPG,2379.3377300770007,Thousand Metric Tonnes (TMT),PPAC,1777985064_PT_Consumption_English.xls,2025-26,9,2026-08-21T15:32:18.619018+00:00,1.0
2025-04-01,2025,2025-26,April,Naphtha,935.332472,Thousand Metric Tonnes (TMT),PPAC,1777985064_PT_Consumption_English.xls,2025-26,10,2026-08-21T15:32:18.619018+00:00,1.0
2025-05-01,2025,2025-26,May,Naphtha,944.7774650000001,Thousand Metric Tonnes (TMT),PPAC,1777985064_PT_Consumption_English.xls,2025-26,10,2026-08-21T15:32:18.619018+00:00,1.0
2025-06-01,2025,2025-26,June,Naphtha,984.007221,Thousand Metric Tonnes (TMT),PPAC,1777985064_PT_Consumption_English.xls,2025-26,10,2026-08-21T15:32:18.619018+00:00,1.0
2025-07-01,2025,2025-26,July,Naphtha,961.7716000000001,Thousand Metric Tonnes (TMT),PPAC,1777985064_PT_Consumption_English.xls,2025-26,10,2026-08-21T15:32:18.619018+00:00,1.0
2025-08-01,2025,2025-26,August,Naphtha,1065.445083,Thousand Metric Tonnes (TMT),PPAC,1777985064_PT_Consumption_English.xls,2025-26,10,2026-08-21T15:32:18.619018+00:00,1.0
2025-09-01,2025,2025-26,September,Naphtha,1009.5897070000002,Thousand Metric Tonnes (TMT),PPAC,1777985064_PT_Consumption_English.xls,2025-26,10,2026-08-21T15:32:18.619018+00:00,1.0
2025-10-01,2025,2025-26,October,Naphtha,924.154504,Thousand Metric Tonnes (TMT),PPAC,1777985064_PT_Consumption_English.xls,2025-26,10,2026-08-21T15:32:18.619018+00:00,1.0
2025-11-01,2025,2025-26,November,Naphtha,917.5266700000001,Thousand Metric Tonnes (TMT),PPAC,1777985064_PT_Consumption_English.xls,2025-26,10,2026-08-21T15:32:18.619018+00:00,1.0
2025-12-01,2025,2025-26,December,Naphtha,986.3816030000002,Thousand Metric Tonnes (TMT),PPAC,1777985064_PT_Consumption_English.xls,2025-26,10,2026-08-21T15:32:18.619018+00:00,1.0
2026-01-01,2026,2025-26,January,Naphtha,1057.334599,Thousand Metric Tonnes (TMT),PPAC,1777985064_PT_Consumption_English.xls,2025-26,10,2026-08-21T15:32:18.619018+00:00,1.0
2026-02-01,2026,2025-26,February,Naphtha,1011.731854667,Thousand Metric Tonnes (TMT),PPAC,1777985064_PT_Consumption_English.xls,2025-26,10,2026-08-21T15:32:18.619018+00:00,1.0
2026-03-01,2026,2025-26,March,Naphtha,942.973838667,Thousand Metric Tonnes (TMT),PPAC,1777985064_PT_Consumption_English.xls,2025-26,10,2026-08-21T15:32:18.619018+00:00,1.0
2025-04-01,2025,2025-26,April,MS,3449.4599525018207,Thousand Metric Tonnes (TMT),PPAC,1777985064_PT_Consumption_English.xls,2025-26,11,2026-08-21T15:32:18.619018+00:00,1.0
2025-05-01,2025,2025-26,May,MS,3782.1375556859866,Thousand Metric Tonnes (TMT),PPAC,1777985064_PT_Consumption_English.xls,2025-26,11,2026-08-21T15:32:18.619018+00:00,1.0
2025-06-01,2025,2025-26,June,MS,3521.8619976432506,Thousand Metric Tonnes (TMT),PPAC,1777985064_PT_Consumption_English.xls,2025-26,11,2026-08-21T15:32:18.619018+00:00,1.0
2025-07-01,2025,2025-26,July,MS,3492.7310614831704,Thousand Metric Tonnes (TMT),PPAC,1777985064_PT_Consumption_English.xls,2025-26,11,2026-08-21T15:32:18.619018+00:00,1.0
2025-08-01,2025,2025-26,August,MS,3544.3383484854785,Thousand Metric Tonnes (TMT),PPAC,1777985064_PT_Consumption_English.xls,2025-26,11,2026-08-21T15:32:18.619018+00:00,1.0
2025-09-01,2025,2025-26,September,MS,3398.962781015632,Thousand Metric Tonnes (TMT),PPAC,1777985064_PT_Consumption_English.xls,2025-26,11,2026-08-21T15:32:18.619018+00:00,1.0
2025-10-01,2025,2025-26,October,MS,3665.2349906792174,Thousand Metric Tonnes (TMT),PPAC,1777985064_PT_Consumption_English.xls,2025-26,11,2026-08-21T15:32:18.619018+00:00,1.0
2025-11-01,2025,2025-26,November,MS,3517.056600461259,Thousand Metric Tonnes (TMT),PPAC,1777985064_PT_Consumption_English.xls,2025-26,11,2026-08-21T15:32:18.619018+00:00,1.0
2025-12-01,2025,2025-26,December,MS,3555.3439057626574,Thousand Metric Tonnes (TMT),PPAC,1777985064_PT_Consumption_English.xls,2025-26,11,2026-08-21T15:32:18.619018+00:00,1.0
2026-01-01,2026,2025-26,January,MS,3510.6001598216976,Thousand Metric Tonnes (TMT),PPAC,1777985064_PT_Consumption_English.xls,2025-26,11,2026-08-21T15:32:18.619018+00:00,1.0
2026-02-01,2026,2025-26,February,MS,3368.9551061104175,Thousand Metric Tonnes (TMT),PPAC,1777985064_PT_Consumption_English.xls,2025-26,11,2026-08-21T15:32:18.619018+00:00,1.0
2026-03-01,2026,2025-26,March,MS,3779.505301361886,Thousand Metric Tonnes (TMT),PPAC,1777985064_PT_Consumption_English.xls,2025-26,11,2026-08-21T15:32:18.619018+00:00,1.0
2025-04-01,2025,2025-26,April,ATF,771.6970596780479,Thousand Metric Tonnes (TMT),PPAC,1777985064_PT_Consumption_English.xls,2025-26,12,2026-08-21T15:32:18.619018+00:00,1.0
2025-05-01,2025,2025-26,May,ATF,775.9547472125396,Thousand Metric Tonnes (TMT),PPAC,1777985064_PT_Consumption_English.xls,2025-26,12,2026-08-21T15:32:18.619018+00:00,1.0
2025-06-01,2025,2025-26,June,ATF,730.2618418383342,Thousand Metric Tonnes (TMT),PPAC,1777985064_PT_Consumption_English.xls,2025-26,12,2026-08-21T15:32:18.619018+00:00,1.0
2025-07-01,2025,2025-26,July,ATF,709.6841401583087,Thousand Metric Tonnes (TMT),PPAC,1777985064_PT_Consumption_English.xls,2025-26,12,2026-08-21T15:32:18.619018+00:00,1.0
2025-08-01,2025,2025-26,August,ATF,710.4038825477995,Thousand Metric Tonnes (TMT),PPAC,1777985064_PT_Consumption_English.xls,2025-26,12,2026-08-21T15:32:18.619018+00:00,1.0
2025-09-01,2025,2025-26,September,ATF,720.0102279826577,Thousand Metric Tonnes (TMT),PPAC,1777985064_PT_Consumption_English.xls,2025-26,12,2026-08-21T15:32:18.619018+00:00,1.0
2025-10-01,2025,2025-26,October,ATF,772.6435731140178,Thousand Metric Tonnes (TMT),PPAC,1777985064_PT_Consumption_English.xls,2025-26,12,2026-08-21T15:32:18.619018+00:00,1.0
2025-11-01,2025,2025-26,November,ATF,788.1780342010612,Thousand Metric Tonnes (TMT),PPAC,1777985064_PT_Consumption_English.xls,2025-26,12,2026-08-21T15:32:18.619018+00:00,1.0
2025-12-01,2025,2025-26,December,ATF,784.0111769396808,Thousand Metric Tonnes (TMT),PPAC,1777985064_PT_Consumption_English.xls,2025-26,12,2026-08-21T15:32:18.619018+00:00,1.0
2026-01-01,2026,2025-26,January,ATF,827.494975694051,Thousand Metric Tonnes (TMT),PPAC,1777985064_PT_Consumption_English.xls,2025-26,12,2026-08-21T15:32:18.619018+00:00,1.0
2026-02-01,2026,2025-26,February,ATF,764.4313975859615,Thousand Metric Tonnes (TMT),PPAC,1777985064_PT_Consumption_English.xls,2025-26,12,2026-08-21T15:32:18.619018+00:00,1.0
2026-03-01,2026,2025-26,March,ATF,806.6274657599839,Thousand Metric Tonnes (TMT),PPAC,1777985064_PT_Consumption_English.xls,2025-26,12,2026-08-21T15:32:18.619018+00:00,1.0
2025-04-01,2025,2025-26,April,SKO,25.75630633463035,Thousand Metric Tonnes (TMT),PPAC,1777985064_PT_Consumption_English.xls,2025-26,13,2026-08-21T15:32:18.619018+00:00,1.0
2025-05-01,2025,2025-26,May,SKO,38.67723186926071,Thousand Metric Tonnes (TMT),PPAC,1777985064_PT_Consumption_English.xls,2025-26,13,2026-08-21T15:32:18.619018+00:00,1.0
2025-06-01,2025,2025-26,June,SKO,40.93119419455253,Thousand Metric Tonnes (TMT),PPAC,1777985064_PT_Consumption_English.xls,2025-26,13,2026-08-21T15:32:18.619018+00:00,1.0
2025-07-01,2025,2025-26,July,SKO,36.243720451361874,Thousand Metric Tonnes (TMT),PPAC,1777985064_PT_Consumption_English.xls,2025-26,13,2026-08-21T15:32:18.619018+00:00,1.0
2025-08-01,2025,2025-26,August,SKO,34.261029089494166,Thousand Metric Tonnes (TMT),PPAC,1777985064_PT_Consumption_English.xls,2025-26,13,2026-08-21T15:32:18.619018+00:00,1.0
2025-09-01,2025,2025-26,September,SKO,36.56135771984436,Thousand Metric Tonnes (TMT),PPAC,1777985064_PT_Consumption_English.xls,2025-26,13,2026-08-21T15:32:18.619018+00:00,1.0
2025-10-01,2025,2025-26,October,SKO,43.19248756420234,Thousand Metric Tonnes (TMT),PPAC,1777985064_PT_Consumption_English.xls,2025-26,13,2026-08-21T15:32:18.619018+00:00,1.0
2025-11-01,2025,2025-26,November,SKO,42.91140856031129,Thousand Metric Tonnes (TMT),PPAC,1777985064_PT_Consumption_English.xls,2025-26,13,2026-08-21T15:32:18.619018+00:00,1.0
2025-12-01,2025,2025-26,December,SKO,41.561117859922184,Thousand Metric Tonnes (TMT),PPAC,1777985064_PT_Consumption_English.xls,2025-26,13,2026-08-21T15:32:18.619018+00:00,1.0
2026-01-01,2026,2025-26,January,SKO,37.6232626303502,Thousand Metric Tonnes (TMT),PPAC,1777985064_PT_Consumption_English.xls,2025-26,13,2026-08-21T15:32:18.619018+00:00,1.0
2026-02-01,2026,2025-26,February,SKO,37.901652333073926,Thousand Metric Tonnes (TMT),PPAC,1777985064_PT_Consumption_English.xls,2025-26,13,2026-08-21T15:32:18.619018+00:00,1.0
2026-03-01,2026,2025-26,March,SKO,44.022473805447476,Thousand Metric Tonnes (TMT),PPAC,1777985064_PT_Consumption_English.xls,2025-26,13,2026-08-21T15:32:18.619018+00:00,1.0
2025-04-01,2025,2025-26,April,HSD,8261.085592692354,Thousand Metric Tonnes (TMT),PPAC,1777985064_PT_Consumption_English.xls,2025-26,14,2026-08-21T15:32:18.619018+00:00,1.0
2025-05-01,2025,2025-26,May,HSD,8592.068675471277,Thousand Metric Tonnes (TMT),PPAC,1777985064_PT_Consumption_English.xls,2025-26,14,2026-08-21T15:32:18.619018+00:00,1.0
2025-06-01,2025,2025-26,June,HSD,8105.411936372399,Thousand Metric Tonnes (TMT),PPAC,1777985064_PT_Consumption_English.xls,2025-26,14,2026-08-21T15:32:18.619018+00:00,1.0
2025-07-01,2025,2025-26,July,HSD,7356.256082163774,Thousand Metric Tonnes (TMT),PPAC,1777985064_PT_Consumption_English.xls,2025-26,14,2026-08-21T15:32:18.619018+00:00,1.0
2025-08-01,2025,2025-26,August,HSD,6576.596087819155,Thousand Metric Tonnes (TMT),PPAC,1777985064_PT_Consumption_English.xls,2025-26,14,2026-08-21T15:32:18.619018+00:00,1.0
2025-09-01,2025,2025-26,September,HSD,6786.121583239271,Thousand Metric Tonnes (TMT),PPAC,1777985064_PT_Consumption_English.xls,2025-26,14,2026-08-21T15:32:18.619018+00:00,1.0
2025-10-01,2025,2025-26,October,HSD,7620.324325263351,Thousand Metric Tonnes (TMT),PPAC,1777985064_PT_Consumption_English.xls,2025-26,14,2026-08-21T15:32:18.619018+00:00,1.0
2025-11-01,2025,2025-26,November,HSD,8556.503022593371,Thousand Metric Tonnes (TMT),PPAC,1777985064_PT_Consumption_English.xls,2025-26,14,2026-08-21T15:32:18.619018+00:00,1.0
2025-12-01,2025,2025-26,December,HSD,8469.86759958113,Thousand Metric Tonnes (TMT),PPAC,1777985064_PT_Consumption_English.xls,2025-26,14,2026-08-21T15:32:18.619018+00:00,1.0
2026-01-01,2026,2025-26,January,HSD,7992.677982185269,Thousand Metric Tonnes (TMT),PPAC,1777985064_PT_Consumption_English.xls,2025-26,14,2026-08-21T15:32:18.619018+00:00,1.0
2026-02-01,2026,2025-26,February,HSD,7660.893805130531,Thousand Metric Tonnes (TMT),PPAC,1777985064_PT_Consumption_English.xls,2025-26,14,2026-08-21T15:32:18.619018+00:00,1.0
2026-03-01,2026,2025-26,March,HSD,8727.016505810267,Thousand Metric Tonnes (TMT),PPAC,1777985064_PT_Consumption_English.xls,2025-26,14,2026-08-21T15:32:18.619018+00:00,1.0
2025-04-01,2025,2025-26,April,LDO,85.5431165443686,Thousand Metric Tonnes (TMT),PPAC,1777985064_PT_Consumption_English.xls,2025-26,15,2026-08-21T15:32:18.619018+00:00,1.0
2025-05-01,2025,2025-26,May,LDO,81.20985122013654,Thousand Metric Tonnes (TMT),PPAC,1777985064_PT_Consumption_English.xls,2025-26,15,2026-08-21T15:32:18.619018+00:00,1.0
2025-06-01,2025,2025-26,June,LDO,86.37324594709898,Thousand Metric Tonnes (TMT),PPAC,1777985064_PT_Consumption_English.xls,2025-26,15,2026-08-21T15:32:18.619018+00:00,1.0
2025-07-01,2025,2025-26,July,LDO,85.97596261092151,Thousand Metric Tonnes (TMT),PPAC,1777985064_PT_Consumption_English.xls,2025-26,15,2026-08-21T15:32:18.619018+00:00,1.0
2025-08-01,2025,2025-26,August,LDO,80.3541915784983,Thousand Metric Tonnes (TMT),PPAC,1777985064_PT_Consumption_English.xls,2025-26,15,2026-08-21T15:32:18.619018+00:00,1.0
2025-09-01,2025,2025-26,September,LDO,89.68904087030718,Thousand Metric Tonnes (TMT),PPAC,1777985064_PT_Consumption_English.xls,2025-26,15,2026-08-21T15:32:18.619018+00:00,1.0
2025-10-01,2025,2025-26,October,LDO,75.47813766211604,Thousand Metric Tonnes (TMT),PPAC,1777985064_PT_Consumption_English.xls,2025-26,15,2026-08-21T15:32:18.619018+00:00,1.0
2025-11-01,2025,2025-26,November,LDO,87.82701241467578,Thousand Metric Tonnes (TMT),PPAC,1777985064_PT_Consumption_English.xls,2025-26,15,2026-08-21T15:32:18.619018+00:00,1.0
2025-12-01,2025,2025-26,December,LDO,76.3156492235495,Thousand Metric Tonnes (TMT),PPAC,1777985064_PT_Consumption_English.xls,2025-26,15,2026-08-21T15:32:18.619018+00:00,1.0
2026-01-01,2026,2025-26,January,LDO,83.12060836177477,Thousand Metric Tonnes (TMT),PPAC,1777985064_PT_Consumption_English.xls,2025-26,15,2026-08-21T15:32:18.619018+00:00,1.0
2026-02-01,2026,2025-26,February,LDO,82.16678696245737,Thousand Metric Tonnes (TMT),PPAC,1777985064_PT_Consumption_English.xls,2025-26,15,2026-08-21T15:32:18.619018+00:00,1.0
2026-03-01,2026,2025-26,March,LDO,95.27731721843006,Thousand Metric Tonnes (TMT),PPAC,1777985064_PT_Consumption_English.xls,2025-26,15,2026-08-21T15:32:18.619018+00:00,1.0
2025-04-01,2025,2025-26,April,Lubricants & Greases,398.4540637686337,Thousand Metric Tonnes (TMT),PPAC,1777985064_PT_Consumption_English.xls,2025-26,16,2026-08-21T15:32:18.619018+00:00,1.0
2025-05-01,2025,2025-26,May,Lubricants & Greases,363.71597782066607,Thousand Metric Tonnes (TMT),PPAC,1777985064_PT_Consumption_English.xls,2025-26,16,2026-08-21T15:32:18.619018+00:00,1.0
2025-06-01,2025,2025-26,June,Lubricants & Greases,392.7530634226032,Thousand Metric Tonnes (TMT),PPAC,1777985064_PT_Consumption_English.xls,2025-26,16,2026-08-21T15:32:18.619018+00:00,1.0
2025-07-01,2025,2025-26,July,Lubricants & Greases,393.36280976846325,Thousand Metric Tonnes (TMT),PPAC,1777985064_PT_Consumption_English.xls,2025-26,16,2026-08-21T15:32:18.619018+00:00,1.0
2025-08-01,2025,2025-26,August,Lubricants & Greases,372.50279359175755,Thousand Metric Tonnes (TMT),PPAC,1777985064_PT_Consumption_English.xls,2025-26,16,2026-08-21T15:32:18.619018+00:00,1.0
2025-09-01,2025,2025-26,September,Lubricants & Greases,461.44714864878625,Thousand Metric Tonnes (TMT),PPAC,1777985064_PT_Consumption_English.xls,2025-26,16,2026-08-21T15:32:18.619018+00:00,1.0
2025-10-01,2025,2025-26,October,Lubricants & Greases,414.8038091466159,Thousand Metric Tonnes (TMT),PPAC,1777985064_PT_Consumption_English.xls,2025-26,16,2026-08-21T15:32:18.619018+00:00,1.0
2025-11-01,2025,2025-26,November,Lubricants & Greases,401.31948720658363,Thousand Metric Tonnes (TMT),PPAC,1777985064_PT_Consumption_English.xls,2025-26,16,2026-08-21T15:32:18.619018+00:00,1.0
2025-12-01,2025,2025-26,December,Lubricants & Greases,450.8862006324884,Thousand Metric Tonnes (TMT),PPAC,1777985064_PT_Consumption_English.xls,2025-26,16,2026-08-21T15:32:18.619018+00:00,1.0
2026-01-01,2026,2025-26,January,Lubricants & Greases,370.6635983360234,Thousand Metric Tonnes (TMT),PPAC,1777985064_PT_Consumption_English.xls,2025-26,16,2026-08-21T15:32:18.619018+00:00,1.0
2026-02-01,2026,2025-26,February,Lubricants & Greases,411.49287889365365,Thousand Metric Tonnes (TMT),PPAC,1777985064_PT_Consumption_English.xls,2025-26,16,2026-08-21T15:32:18.619018+00:00,1.0
2026-03-01,2026,2025-26,March,Lubricants & Greases,483.08163357678814,Thousand Metric Tonnes (TMT),PPAC,1777985064_PT_Consumption_English.xls,2025-26,16,2026-08-21T15:32:18.619018+00:00,1.0
2025-04-01,2025,2025-26,April,FO & LSHS,494.4522556398858,Thousand Metric Tonnes (TMT),PPAC,1777985064_PT_Consumption_English.xls,2025-26,17,2026-08-21T15:32:18.619018+00:00,1.0
2025-05-01,2025,2025-26,May,FO & LSHS,504.20746405383755,Thousand Metric Tonnes (TMT),PPAC,1777985064_PT_Consumption_English.xls,2025-26,17,2026-08-21T15:32:18.619018+00:00,1.0
2025-06-01,2025,2025-26,June,FO & LSHS,497.63463578449546,Thousand Metric Tonnes (TMT),PPAC,1777985064_PT_Consumption_English.xls,2025-26,17,2026-08-21T15:32:18.619018+00:00,1.0
2025-07-01,2025,2025-26,July,FO & LSHS,488.7595340521137,Thousand Metric Tonnes (TMT),PPAC,1777985064_PT_Consumption_English.xls,2025-26,17,2026-08-21T15:32:18.619018+00:00,1.0
2025-08-01,2025,2025-26,August,FO & LSHS,500.78572706241465,Thousand Metric Tonnes (TMT),PPAC,1777985064_PT_Consumption_English.xls,2025-26,17,2026-08-21T15:32:18.619018+00:00,1.0
2025-09-01,2025,2025-26,September,FO & LSHS,525.6904261537259,Thousand Metric Tonnes (TMT),PPAC,1777985064_PT_Consumption_English.xls,2025-26,17,2026-08-21T15:32:18.619018+00:00,1.0
2025-10-01,2025,2025-26,October,FO & LSHS,566.1220527973155,Thousand Metric Tonnes (TMT),PPAC,1777985064_PT_Consumption_English.xls,2025-26,17,2026-08-21T15:32:18.619018+00:00,1.0
2025-11-01,2025,2025-26,November,FO & LSHS,544.8343141056255,Thousand Metric Tonnes (TMT),PPAC,1777985064_PT_Consumption_English.xls,2025-26,17,2026-08-21T15:32:18.619018+00:00,1.0
2025-12-01,2025,2025-26,December,FO & LSHS,550.1917516426053,Thousand Metric Tonnes (TMT),PPAC,1777985064_PT_Consumption_English.xls,2025-26,17,2026-08-21T15:32:18.619018+00:00,1.0
2026-01-01,2026,2025-26,January,FO & LSHS,547.5280267321699,Thousand Metric Tonnes (TMT),PPAC,1777985064_PT_Consumption_English.xls,2025-26,17,2026-08-21T15:32:18.619018+00:00,1.0
2026-02-01,2026,2025-26,February,FO & LSHS,527.8075617207917,Thousand Metric Tonnes (TMT),PPAC,1777985064_PT_Consumption_English.xls,2025-26,17,2026-08-21T15:32:18.619018+00:00,1.0
2026-03-01,2026,2025-26,March,FO & LSHS,657.7938497749585,Thousand Metric Tonnes (TMT),PPAC,1777985064_PT_Consumption_English.xls,2025-26,17,2026-08-21T15:32:18.619018+00:00,1.0
2025-04-01,2025,2025-26,April,Bitumen,862.2826060000002,Thousand Metric Tonnes (TMT),PPAC,1777985064_PT_Consumption_English.xls,2025-26,18,2026-08-21T15:32:18.619018+00:00,1.0
2025-05-01,2025,2025-26,May,Bitumen,856.8936029999999,Thousand Metric Tonnes (TMT),PPAC,1777985064_PT_Consumption_English.xls,2025-26,18,2026-08-21T15:32:18.619018+00:00,1.0
2025-06-01,2025,2025-26,June,Bitumen,698.889956,Thousand Metric Tonnes (TMT),PPAC,1777985064_PT_Consumption_English.xls,2025-26,18,2026-08-21T15:32:18.619018+00:00,1.0
2025-07-01,2025,2025-26,July,Bitumen,425.72638300000006,Thousand Metric Tonnes (TMT),PPAC,1777985064_PT_Consumption_English.xls,2025-26,18,2026-08-21T15:32:18.619018+00:00,1.0
2025-08-01,2025,2025-26,August,Bitumen,368.724115,Thousand Metric Tonnes (TMT),PPAC,1777985064_PT_Consumption_English.xls,2025-26,18,2026-08-21T15:32:18.619018+00:00,1.0
2025-09-01,2025,2025-26,September,Bitumen,506.7997750000001,Thousand Metric Tonnes (TMT),PPAC,1777985064_PT_Consumption_English.xls,2025-26,18,2026-08-21T15:32:18.619018+00:00,1.0
2025-10-01,2025,2025-26,October,Bitumen,603.8128119999999,Thousand Metric Tonnes (TMT),PPAC,1777985064_PT_Consumption_English.xls,2025-26,18,2026-08-21T15:32:18.619018+00:00,1.0
2025-11-01,2025,2025-26,November,Bitumen,884.166958,Thousand Metric Tonnes (TMT),PPAC,1777985064_PT_Consumption_English.xls,2025-26,18,2026-08-21T15:32:18.619018+00:00,1.0
2025-12-01,2025,2025-26,December,Bitumen,873.3409469999992,Thousand Metric Tonnes (TMT),PPAC,1777985064_PT_Consumption_English.xls,2025-26,18,2026-08-21T15:32:18.619018+00:00,1.0
2026-01-01,2026,2025-26,January,Bitumen,822.4715110000004,Thousand Metric Tonnes (TMT),PPAC,1777985064_PT_Consumption_English.xls,2025-26,18,2026-08-21T15:32:18.619018+00:00,1.0
2026-02-01,2026,2025-26,February,Bitumen,920.8943700000001,Thousand Metric Tonnes (TMT),PPAC,1777985064_PT_Consumption_English.xls,2025-26,18,2026-08-21T15:32:18.619018+00:00,1.0
2026-03-01,2026,2025-26,March,Bitumen,1017.2035909999997,Thousand Metric Tonnes (TMT),PPAC,1777985064_PT_Consumption_English.xls,2025-26,18,2026-08-21T15:32:18.619018+00:00,1.0
2025-04-01,2025,2025-26,April,Petroleum coke,1561.594632,Thousand Metric Tonnes (TMT),PPAC,1777985064_PT_Consumption_English.xls,2025-26,19,2026-08-21T15:32:18.619018+00:00,1.0
2025-05-01,2025,2025-26,May,Petroleum coke,1810.2352259999998,Thousand Metric Tonnes (TMT),PPAC,1777985064_PT_Consumption_English.xls,2025-26,19,2026-08-21T15:32:18.619018+00:00,1.0
2025-06-01,2025,2025-26,June,Petroleum coke,1503.82562,Thousand Metric Tonnes (TMT),PPAC,1777985064_PT_Consumption_English.xls,2025-26,19,2026-08-21T15:32:18.619018+00:00,1.0
2025-07-01,2025,2025-26,July,Petroleum coke,1720.0860979999998,Thousand Metric Tonnes (TMT),PPAC,1777985064_PT_Consumption_English.xls,2025-26,19,2026-08-21T15:32:18.619018+00:00,1.0
2025-08-01,2025,2025-26,August,Petroleum coke,2238.79461,Thousand Metric Tonnes (TMT),PPAC,1777985064_PT_Consumption_English.xls,2025-26,19,2026-08-21T15:32:18.619018+00:00,1.0
2025-09-01,2025,2025-26,September,Petroleum coke,1495.216663,Thousand Metric Tonnes (TMT),PPAC,1777985064_PT_Consumption_English.xls,2025-26,19,2026-08-21T15:32:18.619018+00:00,1.0
2025-10-01,2025,2025-26,October,Petroleum coke,1567.382977,Thousand Metric Tonnes (TMT),PPAC,1777985064_PT_Consumption_English.xls,2025-26,19,2026-08-21T15:32:18.619018+00:00,1.0
2025-11-01,2025,2025-26,November,Petroleum coke,1329.88602,Thousand Metric Tonnes (TMT),PPAC,1777985064_PT_Consumption_English.xls,2025-26,19,2026-08-21T15:32:18.619018+00:00,1.0
2025-12-01,2025,2025-26,December,Petroleum coke,1774.4413330000002,Thousand Metric Tonnes (TMT),PPAC,1777985064_PT_Consumption_English.xls,2025-26,19,2026-08-21T15:32:18.619018+00:00,1.0
2026-01-01,2026,2025-26,January,Petroleum coke,1390.559469,Thousand Metric Tonnes (TMT),PPAC,1777985064_PT_Consumption_English.xls,2025-26,19,2026-08-21T15:32:18.619018+00:00,1.0
2026-02-01,2026,2025-26,February,Petroleum coke,1722.3475502499998,Thousand Metric Tonnes (TMT),PPAC,1777985064_PT_Consumption_English.xls,2025-26,19,2026-08-21T15:32:18.619018+00:00,1.0
2026-03-01,2026,2025-26,March,Petroleum coke,1730.19149125,Thousand Metric Tonnes (TMT),PPAC,1777985064_PT_Consumption_English.xls,2025-26,19,2026-08-21T15:32:18.619018+00:00,1.0
2025-04-01,2025,2025-26,April,Others,837.278518258129,Thousand Metric Tonnes (TMT),PPAC,1777985064_PT_Consumption_English.xls,2025-26,20,2026-08-21T15:32:18.619018+00:00,1.0
2025-05-01,2025,2025-26,May,Others,874.2667995739317,Thousand Metric Tonnes (TMT),PPAC,1777985064_PT_Consumption_English.xls,2025-26,20,2026-08-21T15:32:18.619018+00:00,1.0
2025-06-01,2025,2025-26,June,Others,925.8420162827358,Thousand Metric Tonnes (TMT),PPAC,1777985064_PT_Consumption_English.xls,2025-26,20,2026-08-21T15:32:18.619018+00:00,1.0
2025-07-01,2025,2025-26,July,Others,874.1206164172827,Thousand Metric Tonnes (TMT),PPAC,1777985064_PT_Consumption_English.xls,2025-26,20,2026-08-21T15:32:18.619018+00:00,1.0
2025-08-01,2025,2025-26,August,Others,817.6313099424565,Thousand Metric Tonnes (TMT),PPAC,1777985064_PT_Consumption_English.xls,2025-26,20,2026-08-21T15:32:18.619018+00:00,1.0
2025-09-01,2025,2025-26,September,Others,807.0928291389677,Thousand Metric Tonnes (TMT),PPAC,1777985064_PT_Consumption_English.xls,2025-26,20,2026-08-21T15:32:18.619018+00:00,1.0
2025-10-01,2025,2025-26,October,Others,827.3995813454221,Thousand Metric Tonnes (TMT),PPAC,1777985064_PT_Consumption_English.xls,2025-26,20,2026-08-21T15:32:18.619018+00:00,1.0
2025-11-01,2025,2025-26,November,Others,869.261653143118,Thousand Metric Tonnes (TMT),PPAC,1777985064_PT_Consumption_English.xls,2025-26,20,2026-08-21T15:32:18.619018+00:00,1.0
2025-12-01,2025,2025-26,December,Others,963.9637799670879,Thousand Metric Tonnes (TMT),PPAC,1777985064_PT_Consumption_English.xls,2025-26,20,2026-08-21T15:32:18.619018+00:00,1.0
2026-01-01,2026,2025-26,January,Others,953.0863620639883,Thousand Metric Tonnes (TMT),PPAC,1777985064_PT_Consumption_English.xls,2025-26,20,2026-08-21T15:32:18.619018+00:00,1.0
2026-02-01,2026,2025-26,February,Others,858.8330166245346,Thousand Metric Tonnes (TMT),PPAC,1777985064_PT_Consumption_English.xls,2025-26,20,2026-08-21T15:32:18.619018+00:00,1.0
2026-03-01,2026,2025-26,March,Others,713.1945352978689,Thousand Metric Tonnes (TMT),PPAC,1777985064_PT_Consumption_English.xls,2025-26,20,2026-08-21T15:32:18.619018+00:00,1.0
2026-04-01,2026,2026-27,April,LPG,2191.8092001289997,Thousand Metric Tonnes (TMT),PPAC,1786022792_PT Consumption.xlsx,Consumption,9,2026-08-21T15:32:18.744453+00:00,1.0
2026-05-01,2026,2026-27,May,LPG,2114.438906047,Thousand Metric Tonnes (TMT),PPAC,1786022792_PT Consumption.xlsx,Consumption,9,2026-08-21T15:32:18.744453+00:00,1.0
2026-06-01,2026,2026-27,June,LPG,2185.108537743001,Thousand Metric Tonnes (TMT),PPAC,1786022792_PT Consumption.xlsx,Consumption,9,2026-08-21T15:32:18.744453+00:00,1.0
2026-07-01,2026,2026-27,July,LPG,2349.194447744001,Thousand Metric Tonnes (TMT),PPAC,1786022792_PT Consumption.xlsx,Consumption,9,2026-08-21T15:32:18.744453+00:00,1.0
2026-08-01,2026,2026-27,August,LPG,,Thousand Metric Tonnes (TMT),PPAC,1786022792_PT Consumption.xlsx,Consumption,9,2026-08-21T15:32:18.744453+00:00,1.0
2026-09-01,2026,2026-27,September,LPG,,Thousand Metric Tonnes (TMT),PPAC,1786022792_PT Consumption.xlsx,Consumption,9,2026-08-21T15:32:18.744453+00:00,1.0
2026-10-01,2026,2026-27,October,LPG,,Thousand Metric Tonnes (TMT),PPAC,1786022792_PT Consumption.xlsx,Consumption,9,2026-08-21T15:32:18.744453+00:00,1.0
2026-11-01,2026,2026-27,November,LPG,,Thousand Metric Tonnes (TMT),PPAC,1786022792_PT Consumption.xlsx,Consumption,9,2026-08-21T15:32:18.744453+00:00,1.0
2026-12-01,2026,2026-27,December,LPG,,Thousand Metric Tonnes (TMT),PPAC,1786022792_PT Consumption.xlsx,Consumption,9,2026-08-21T15:32:18.744453+00:00,1.0
2027-01-01,2027,2026-27,January,LPG,,Thousand Metric Tonnes (TMT),PPAC,1786022792_PT Consumption.xlsx,Consumption,9,2026-08-21T15:32:18.744453+00:00,1.0
2027-02-01,2027,2026-27,February,LPG,,Thousand Metric Tonnes (TMT),PPAC,1786022792_PT Consumption.xlsx,Consumption,9,2026-08-21T15:32:18.744453+00:00,1.0
2027-03-01,2027,2026-27,March,LPG,,Thousand Metric Tonnes (TMT),PPAC,1786022792_PT Consumption.xlsx,Consumption,9,2026-08-21T15:32:18.744453+00:00,1.0
2026-04-01,2026,2026-27,April,Naphtha,726.954872,Thousand Metric Tonnes (TMT),PPAC,1786022792_PT Consumption.xlsx,Consumption,10,2026-08-21T15:32:18.744453+00:00,1.0
2026-05-01,2026,2026-27,May,Naphtha,951.350563,Thousand Metric Tonnes (TMT),PPAC,1786022792_PT Consumption.xlsx,Consumption,10,2026-08-21T15:32:18.744453+00:00,1.0
2026-06-01,2026,2026-27,June,Naphtha,562.4501370830001,Thousand Metric Tonnes (TMT),PPAC,1786022792_PT Consumption.xlsx,Consumption,10,2026-08-21T15:32:18.744453+00:00,1.0
2026-07-01,2026,2026-27,July,Naphtha,829.408621083,Thousand Metric Tonnes (TMT),PPAC,1786022792_PT Consumption.xlsx,Consumption,10,2026-08-21T15:32:18.744453+00:00,1.0
2026-08-01,2026,2026-27,August,Naphtha,,Thousand Metric Tonnes (TMT),PPAC,1786022792_PT Consumption.xlsx,Consumption,10,2026-08-21T15:32:18.744453+00:00,1.0
2026-09-01,2026,2026-27,September,Naphtha,,Thousand Metric Tonnes (TMT),PPAC,1786022792_PT Consumption.xlsx,Consumption,10,2026-08-21T15:32:18.744453+00:00,1.0
2026-10-01,2026,2026-27,October,Naphtha,,Thousand Metric Tonnes (TMT),PPAC,1786022792_PT Consumption.xlsx,Consumption,10,2026-08-21T15:32:18.744453+00:00,1.0
2026-11-01,2026,2026-27,November,Naphtha,,Thousand Metric Tonnes (TMT),PPAC,1786022792_PT Consumption.xlsx,Consumption,10,2026-08-21T15:32:18.744453+00:00,1.0
2026-12-01,2026,2026-27,December,Naphtha,,Thousand Metric Tonnes (TMT),PPAC,1786022792_PT Consumption.xlsx,Consumption,10,2026-08-21T15:32:18.744453+00:00,1.0
2027-01-01,2027,2026-27,January,Naphtha,,Thousand Metric Tonnes (TMT),PPAC,1786022792_PT Consumption.xlsx,Consumption,10,2026-08-21T15:32:18.744453+00:00,1.0
2027-02-01,2027,2026-27,February,Naphtha,,Thousand Metric Tonnes (TMT),PPAC,1786022792_PT Consumption.xlsx,Consumption,10,2026-08-21T15:32:18.744453+00:00,1.0
2027-03-01,2027,2026-27,March,Naphtha,,Thousand Metric Tonnes (TMT),PPAC,1786022792_PT Consumption.xlsx,Consumption,10,2026-08-21T15:32:18.744453+00:00,1.0
2026-04-01,2026,2026-27,April,MS,3684.235487579117,Thousand Metric Tonnes (TMT),PPAC,1786022792_PT Consumption.xlsx,Consumption,11,2026-08-21T15:32:18.744453+00:00,1.0
2026-05-01,2026,2026-27,May,MS,3909.7944706313706,Thousand Metric Tonnes (TMT),PPAC,1786022792_PT Consumption.xlsx,Consumption,11,2026-08-21T15:32:18.744453+00:00,1.0
2026-06-01,2026,2026-27,June,MS,3784.3244331041387,Thousand Metric Tonnes (TMT),PPAC,1786022792_PT Consumption.xlsx,Consumption,11,2026-08-21T15:32:18.744453+00:00,1.0
2026-07-01,2026,2026-27,July,MS,3814.5746641837177,Thousand Metric Tonnes (TMT),PPAC,1786022792_PT Consumption.xlsx,Consumption,11,2026-08-21T15:32:18.744453+00:00,1.0
2026-08-01,2026,2026-27,August,MS,,Thousand Metric Tonnes (TMT),PPAC,1786022792_PT Consumption.xlsx,Consumption,11,2026-08-21T15:32:18.744453+00:00,1.0
2026-09-01,2026,2026-27,September,MS,,Thousand Metric Tonnes (TMT),PPAC,1786022792_PT Consumption.xlsx,Consumption,11,2026-08-21T15:32:18.744453+00:00,1.0
2026-10-01,2026,2026-27,October,MS,,Thousand Metric Tonnes (TMT),PPAC,1786022792_PT Consumption.xlsx,Consumption,11,2026-08-21T15:32:18.744453+00:00,1.0
2026-11-01,2026,2026-27,November,MS,,Thousand Metric Tonnes (TMT),PPAC,1786022792_PT Consumption.xlsx,Consumption,11,2026-08-21T15:32:18.744453+00:00,1.0
2026-12-01,2026,2026-27,December,MS,,Thousand Metric Tonnes (TMT),PPAC,1786022792_PT Consumption.xlsx,Consumption,11,2026-08-21T15:32:18.744453+00:00,1.0
2027-01-01,2027,2026-27,January,MS,,Thousand Metric Tonnes (TMT),PPAC,1786022792_PT Consumption.xlsx,Consumption,11,2026-08-21T15:32:18.744453+00:00,1.0
2027-02-01,2027,2026-27,February,MS,,Thousand Metric Tonnes (TMT),PPAC,1786022792_PT Consumption.xlsx,Consumption,11,2026-08-21T15:32:18.744453+00:00,1.0
2027-03-01,2027,2026-27,March,MS,,Thousand Metric Tonnes (TMT),PPAC,1786022792_PT Consumption.xlsx,Consumption,11,2026-08-21T15:32:18.744453+00:00,1.0
2026-04-01,2026,2026-27,April,ATF,771.17991547618,Thousand Metric Tonnes (TMT),PPAC,1786022792_PT Consumption.xlsx,Consumption,12,2026-08-21T15:32:18.744453+00:00,1.0
2026-05-01,2026,2026-27,May,ATF,783.4402124676632,Thousand Metric Tonnes (TMT),PPAC,1786022792_PT Consumption.xlsx,Consumption,12,2026-08-21T15:32:18.744453+00:00,1.0
2026-06-01,2026,2026-27,June,ATF,730.0135556849964,Thousand Metric Tonnes (TMT),PPAC,1786022792_PT Consumption.xlsx,Consumption,12,2026-08-21T15:32:18.744453+00:00,1.0
2026-07-01,2026,2026-27,July,ATF,705.450452164128,Thousand Metric Tonnes (TMT),PPAC,1786022792_PT Consumption.xlsx,Consumption,12,2026-08-21T15:32:18.744453+00:00,1.0
2026-08-01,2026,2026-27,August,ATF,,Thousand Metric Tonnes (TMT),PPAC,1786022792_PT Consumption.xlsx,Consumption,12,2026-08-21T15:32:18.744453+00:00,1.0
2026-09-01,2026,2026-27,September,ATF,,Thousand Metric Tonnes (TMT),PPAC,1786022792_PT Consumption.xlsx,Consumption,12,2026-08-21T15:32:18.744453+00:00,1.0
2026-10-01,2026,2026-27,October,ATF,,Thousand Metric Tonnes (TMT),PPAC,1786022792_PT Consumption.xlsx,Consumption,12,2026-08-21T15:32:18.744453+00:00,1.0
2026-11-01,2026,2026-27,November,ATF,,Thousand Metric Tonnes (TMT),PPAC,1786022792_PT Consumption.xlsx,Consumption,12,2026-08-21T15:32:18.744453+00:00,1.0
2026-12-01,2026,2026-27,December,ATF,,Thousand Metric Tonnes (TMT),PPAC,1786022792_PT Consumption.xlsx,Consumption,12,2026-08-21T15:32:18.744453+00:00,1.0
2027-01-01,2027,2026-27,January,ATF,,Thousand Metric Tonnes (TMT),PPAC,1786022792_PT Consumption.xlsx,Consumption,12,2026-08-21T15:32:18.744453+00:00,1.0
2027-02-01,2027,2026-27,February,ATF,,Thousand Metric Tonnes (TMT),PPAC,1786022792_PT Consumption.xlsx,Consumption,12,2026-08-21T15:32:18.744453+00:00,1.0
2027-03-01,2027,2026-27,March,ATF,,Thousand Metric Tonnes (TMT),PPAC,1786022792_PT Consumption.xlsx,Consumption,12,2026-08-21T15:32:18.744453+00:00,1.0
2026-04-01,2026,2026-27,April,SKO,28.24572783657588,Thousand Metric Tonnes (TMT),PPAC,1786022792_PT Consumption.xlsx,Consumption,13,2026-08-21T15:32:18.744453+00:00,1.0
2026-05-01,2026,2026-27,May,SKO,31.788402498054477,Thousand Metric Tonnes (TMT),PPAC,1786022792_PT Consumption.xlsx,Consumption,13,2026-08-21T15:32:18.744453+00:00,1.0
2026-06-01,2026,2026-27,June,SKO,32.76040777898833,Thousand Metric Tonnes (TMT),PPAC,1786022792_PT Consumption.xlsx,Consumption,13,2026-08-21T15:32:18.744453+00:00,1.0
2026-07-01,2026,2026-27,July,SKO,43.613339253696495,Thousand Metric Tonnes (TMT),PPAC,1786022792_PT Consumption.xlsx,Consumption,13,2026-08-21T15:32:18.744453+00:00,1.0
2026-08-01,2026,2026-27,August,SKO,,Thousand Metric Tonnes (TMT),PPAC,1786022792_PT Consumption.xlsx,Consumption,13,2026-08-21T15:32:18.744453+00:00,1.0
2026-09-01,2026,2026-27,September,SKO,,Thousand Metric Tonnes (TMT),PPAC,1786022792_PT Consumption.xlsx,Consumption,13,2026-08-21T15:32:18.744453+00:00,1.0
2026-10-01,2026,2026-27,October,SKO,,Thousand Metric Tonnes (TMT),PPAC,1786022792_PT Consumption.xlsx,Consumption,13,2026-08-21T15:32:18.744453+00:00,1.0
2026-11-01,2026,2026-27,November,SKO,,Thousand Metric Tonnes (TMT),PPAC,1786022792_PT Consumption.xlsx,Consumption,13,2026-08-21T15:32:18.744453+00:00,1.0
2026-12-01,2026,2026-27,December,SKO,,Thousand Metric Tonnes (TMT),PPAC,1786022792_PT Consumption.xlsx,Consumption,13,2026-08-21T15:32:18.744453+00:00,1.0
2027-01-01,2027,2026-27,January,SKO,,Thousand Metric Tonnes (TMT),PPAC,1786022792_PT Consumption.xlsx,Consumption,13,2026-08-21T15:32:18.744453+00:00,1.0
2027-02-01,2027,2026-27,February,SKO,,Thousand Metric Tonnes (TMT),PPAC,1786022792_PT Consumption.xlsx,Consumption,13,2026-08-21T15:32:18.744453+00:00,1.0
2027-03-01,2027,2026-27,March,SKO,,Thousand Metric Tonnes (TMT),PPAC,1786022792_PT Consumption.xlsx,Consumption,13,2026-08-21T15:32:18.744453+00:00,1.0
2026-04-01,2026,2026-27,April,HSD,8329.798240395125,Thousand Metric Tonnes (TMT),PPAC,1786022792_PT Consumption.xlsx,Consumption,14,2026-08-21T15:32:18.744453+00:00,1.0
2026-05-01,2026,2026-27,May,HSD,8725.287568458405,Thousand Metric Tonnes (TMT),PPAC,1786022792_PT Consumption.xlsx,Consumption,14,2026-08-21T15:32:18.744453+00:00,1.0
2026-06-01,2026,2026-27,June,HSD,8605.28445384204,Thousand Metric Tonnes (TMT),PPAC,1786022792_PT Consumption.xlsx,Consumption,14,2026-08-21T15:32:18.744453+00:00,1.0
2026-07-01,2026,2026-27,July,HSD,8093.206776822954,Thousand Metric Tonnes (TMT),PPAC,1786022792_PT Consumption.xlsx,Consumption,14,2026-08-21T15:32:18.744453+00:00,1.0
2026-08-01,2026,2026-27,August,HSD,,Thousand Metric Tonnes (TMT),PPAC,1786022792_PT Consumption.xlsx,Consumption,14,2026-08-21T15:32:18.744453+00:00,1.0
2026-09-01,2026,2026-27,September,HSD,,Thousand Metric Tonnes (TMT),PPAC,1786022792_PT Consumption.xlsx,Consumption,14,2026-08-21T15:32:18.744453+00:00,1.0
2026-10-01,2026,2026-27,October,HSD,,Thousand Metric Tonnes (TMT),PPAC,1786022792_PT Consumption.xlsx,Consumption,14,2026-08-21T15:32:18.744453+00:00,1.0
2026-11-01,2026,2026-27,November,HSD,,Thousand Metric Tonnes (TMT),PPAC,1786022792_PT Consumption.xlsx,Consumption,14,2026-08-21T15:32:18.744453+00:00,1.0
2026-12-01,2026,2026-27,December,HSD,,Thousand Metric Tonnes (TMT),PPAC,1786022792_PT Consumption.xlsx,Consumption,14,2026-08-21T15:32:18.744453+00:00,1.0
2027-01-01,2027,2026-27,January,HSD,,Thousand Metric Tonnes (TMT),PPAC,1786022792_PT Consumption.xlsx,Consumption,14,2026-08-21T15:32:18.744453+00:00,1.0
2027-02-01,2027,2026-27,February,HSD,,Thousand Metric Tonnes (TMT),PPAC,1786022792_PT Consumption.xlsx,Consumption,14,2026-08-21T15:32:18.744453+00:00,1.0
2027-03-01,2027,2026-27,March,HSD,,Thousand Metric Tonnes (TMT),PPAC,1786022792_PT Consumption.xlsx,Consumption,14,2026-08-21T15:32:18.744453+00:00,1.0
2026-04-01,2026,2026-27,April,LDO,45.30958395051194,Thousand Metric Tonnes (TMT),PPAC,1786022792_PT Consumption.xlsx,Consumption,15,2026-08-21T15:32:18.744453+00:00,1.0
2026-05-01,2026,2026-27,May,LDO,46.53782364334471,Thousand Metric Tonnes (TMT),PPAC,1786022792_PT Consumption.xlsx,Consumption,15,2026-08-21T15:32:18.744453+00:00,1.0
2026-06-01,2026,2026-27,June,LDO,45.51806464163824,Thousand Metric Tonnes (TMT),PPAC,1786022792_PT Consumption.xlsx,Consumption,15,2026-08-21T15:32:18.744453+00:00,1.0
2026-07-01,2026,2026-27,July,LDO,65.91783729522184,Thousand Metric Tonnes (TMT),PPAC,1786022792_PT Consumption.xlsx,Consumption,15,2026-08-21T15:32:18.744453+00:00,1.0
2026-08-01,2026,2026-27,August,LDO,,Thousand Metric Tonnes (TMT),PPAC,1786022792_PT Consumption.xlsx,Consumption,15,2026-08-21T15:32:18.744453+00:00,1.0
2026-09-01,2026,2026-27,September,LDO,,Thousand Metric Tonnes (TMT),PPAC,1786022792_PT Consumption.xlsx,Consumption,15,2026-08-21T15:32:18.744453+00:00,1.0
2026-10-01,2026,2026-27,October,LDO,,Thousand Metric Tonnes (TMT),PPAC,1786022792_PT Consumption.xlsx,Consumption,15,2026-08-21T15:32:18.744453+00:00,1.0
2026-11-01,2026,2026-27,November,LDO,,Thousand Metric Tonnes (TMT),PPAC,1786022792_PT Consumption.xlsx,Consumption,15,2026-08-21T15:32:18.744453+00:00,1.0
2026-12-01,2026,2026-27,December,LDO,,Thousand Metric Tonnes (TMT),PPAC,1786022792_PT Consumption.xlsx,Consumption,15,2026-08-21T15:32:18.744453+00:00,1.0
2027-01-01,2027,2026-27,January,LDO,,Thousand Metric Tonnes (TMT),PPAC,1786022792_PT Consumption.xlsx,Consumption,15,2026-08-21T15:32:18.744453+00:00,1.0
2027-02-01,2027,2026-27,February,LDO,,Thousand Metric Tonnes (TMT),PPAC,1786022792_PT Consumption.xlsx,Consumption,15,2026-08-21T15:32:18.744453+00:00,1.0
2027-03-01,2027,2026-27,March,LDO,,Thousand Metric Tonnes (TMT),PPAC,1786022792_PT Consumption.xlsx,Consumption,15,2026-08-21T15:32:18.744453+00:00,1.0
2026-04-01,2026,2026-27,April,Lubricants & Greases,361.5779168457289,Thousand Metric Tonnes (TMT),PPAC,1786022792_PT Consumption.xlsx,Consumption,16,2026-08-21T15:32:18.744453+00:00,1.0
2026-05-01,2026,2026-27,May,Lubricants & Greases,346.69997934808254,Thousand Metric Tonnes (TMT),PPAC,1786022792_PT Consumption.xlsx,Consumption,16,2026-08-21T15:32:18.744453+00:00,1.0
2026-06-01,2026,2026-27,June,Lubricants & Greases,370.4823333791347,Thousand Metric Tonnes (TMT),PPAC,1786022792_PT Consumption.xlsx,Consumption,16,2026-08-21T15:32:18.744453+00:00,1.0
2026-07-01,2026,2026-27,July,Lubricants & Greases,419.7714761002962,Thousand Metric Tonnes (TMT),PPAC,1786022792_PT Consumption.xlsx,Consumption,16,2026-08-21T15:32:18.744453+00:00,1.0
2026-08-01,2026,2026-27,August,Lubricants & Greases,,Thousand Metric Tonnes (TMT),PPAC,1786022792_PT Consumption.xlsx,Consumption,16,2026-08-21T15:32:18.744453+00:00,1.0
2026-09-01,2026,2026-27,September,Lubricants & Greases,,Thousand Metric Tonnes (TMT),PPAC,1786022792_PT Consumption.xlsx,Consumption,16,2026-08-21T15:32:18.744453+00:00,1.0
2026-10-01,2026,2026-27,October,Lubricants & Greases,,Thousand Metric Tonnes (TMT),PPAC,1786022792_PT Consumption.xlsx,Consumption,16,2026-08-21T15:32:18.744453+00:00,1.0
2026-11-01,2026,2026-27,November,Lubricants & Greases,,Thousand Metric Tonnes (TMT),PPAC,1786022792_PT Consumption.xlsx,Consumption,16,2026-08-21T15:32:18.744453+00:00,1.0
2026-12-01,2026,2026-27,December,Lubricants & Greases,,Thousand Metric Tonnes (TMT),PPAC,1786022792_PT Consumption.xlsx,Consumption,16,2026-08-21T15:32:18.744453+00:00,1.0
2027-01-01,2027,2026-27,January,Lubricants & Greases,,Thousand Metric Tonnes (TMT),PPAC,1786022792_PT Consumption.xlsx,Consumption,16,2026-08-21T15:32:18.744453+00:00,1.0
2027-02-01,2027,2026-27,February,Lubricants & Greases,,Thousand Metric Tonnes (TMT),PPAC,1786022792_PT Consumption.xlsx,Consumption,16,2026-08-21T15:32:18.744453+00:00,1.0
2027-03-01,2027,2026-27,March,Lubricants & Greases,,Thousand Metric Tonnes (TMT),PPAC,1786022792_PT Consumption.xlsx,Consumption,16,2026-08-21T15:32:18.744453+00:00,1.0
2026-04-01,2026,2026-27,April,FO & LSHS,480.8385751984274,Thousand Metric Tonnes (TMT),PPAC,1786022792_PT Consumption.xlsx,Consumption,17,2026-08-21T15:32:18.744453+00:00,1.0
2026-05-01,2026,2026-27,May,FO & LSHS,610.0642218693503,Thousand Metric Tonnes (TMT),PPAC,1786022792_PT Consumption.xlsx,Consumption,17,2026-08-21T15:32:18.744453+00:00,1.0
2026-06-01,2026,2026-27,June,FO & LSHS,496.97201285412604,Thousand Metric Tonnes (TMT),PPAC,1786022792_PT Consumption.xlsx,Consumption,17,2026-08-21T15:32:18.744453+00:00,1.0
2026-07-01,2026,2026-27,July,FO & LSHS,634.327204669044,Thousand Metric Tonnes (TMT),PPAC,1786022792_PT Consumption.xlsx,Consumption,17,2026-08-21T15:32:18.744453+00:00,1.0
2026-08-01,2026,2026-27,August,FO & LSHS,,Thousand Metric Tonnes (TMT),PPAC,1786022792_PT Consumption.xlsx,Consumption,17,2026-08-21T15:32:18.744453+00:00,1.0
2026-09-01,2026,2026-27,September,FO & LSHS,,Thousand Metric Tonnes (TMT),PPAC,1786022792_PT Consumption.xlsx,Consumption,17,2026-08-21T15:32:18.744453+00:00,1.0
2026-10-01,2026,2026-27,October,FO & LSHS,,Thousand Metric Tonnes (TMT),PPAC,1786022792_PT Consumption.xlsx,Consumption,17,2026-08-21T15:32:18.744453+00:00,1.0
2026-11-01,2026,2026-27,November,FO & LSHS,,Thousand Metric Tonnes (TMT),PPAC,1786022792_PT Consumption.xlsx,Consumption,17,2026-08-21T15:32:18.744453+00:00,1.0
2026-12-01,2026,2026-27,December,FO & LSHS,,Thousand Metric Tonnes (TMT),PPAC,1786022792_PT Consumption.xlsx,Consumption,17,2026-08-21T15:32:18.744453+00:00,1.0
2027-01-01,2027,2026-27,January,FO & LSHS,,Thousand Metric Tonnes (TMT),PPAC,1786022792_PT Consumption.xlsx,Consumption,17,2026-08-21T15:32:18.744453+00:00,1.0
2027-02-01,2027,2026-27,February,FO & LSHS,,Thousand Metric Tonnes (TMT),PPAC,1786022792_PT Consumption.xlsx,Consumption,17,2026-08-21T15:32:18.744453+00:00,1.0
2027-03-01,2027,2026-27,March,FO & LSHS,,Thousand Metric Tonnes (TMT),PPAC,1786022792_PT Consumption.xlsx,Consumption,17,2026-08-21T15:32:18.744453+00:00,1.0
2026-04-01,2026,2026-27,April,Bitumen,412.2202289999999,Thousand Metric Tonnes (TMT),PPAC,1786022792_PT Consumption.xlsx,Consumption,18,2026-08-21T15:32:18.744453+00:00,1.0
2026-05-01,2026,2026-27,May,Bitumen,410.2782719999999,Thousand Metric Tonnes (TMT),PPAC,1786022792_PT Consumption.xlsx,Consumption,18,2026-08-21T15:32:18.744453+00:00,1.0
2026-06-01,2026,2026-27,June,Bitumen,555.92981925,Thousand Metric Tonnes (TMT),PPAC,1786022792_PT Consumption.xlsx,Consumption,18,2026-08-21T15:32:18.744453+00:00,1.0
2026-07-01,2026,2026-27,July,Bitumen,461.93233524999977,Thousand Metric Tonnes (TMT),PPAC,1786022792_PT Consumption.xlsx,Consumption,18,2026-08-21T15:32:18.744453+00:00,1.0
2026-08-01,2026,2026-27,August,Bitumen,,Thousand Metric Tonnes (TMT),PPAC,1786022792_PT Consumption.xlsx,Consumption,18,2026-08-21T15:32:18.744453+00:00,1.0
2026-09-01,2026,2026-27,September,Bitumen,,Thousand Metric Tonnes (TMT),PPAC,1786022792_PT Consumption.xlsx,Consumption,18,2026-08-21T15:32:18.744453+00:00,1.0
2026-10-01,2026,2026-27,October,Bitumen,,Thousand Metric Tonnes (TMT),PPAC,1786022792_PT Consumption.xlsx,Consumption,18,2026-08-21T15:32:18.744453+00:00,1.0
2026-11-01,2026,2026-27,November,Bitumen,,Thousand Metric Tonnes (TMT),PPAC,1786022792_PT Consumption.xlsx,Consumption,18,2026-08-21T15:32:18.744453+00:00,1.0
2026-12-01,2026,2026-27,December,Bitumen,,Thousand Metric Tonnes (TMT),PPAC,1786022792_PT Consumption.xlsx,Consumption,18,2026-08-21T15:32:18.744453+00:00,1.0
2027-01-01,2027,2026-27,January,Bitumen,,Thousand Metric Tonnes (TMT),PPAC,1786022792_PT Consumption.xlsx,Consumption,18,2026-08-21T15:32:18.744453+00:00,1.0
2027-02-01,2027,2026-27,February,Bitumen,,Thousand Metric Tonnes (TMT),PPAC,1786022792_PT Consumption.xlsx,Consumption,18,2026-08-21T15:32:18.744453+00:00,1.0
2027-03-01,2027,2026-27,March,Bitumen,,Thousand Metric Tonnes (TMT),PPAC,1786022792_PT Consumption.xlsx,Consumption,18,2026-08-21T15:32:18.744453+00:00,1.0
2026-04-01,2026,2026-27,April,Petroleum coke,1331.531957,Thousand Metric Tonnes (TMT),PPAC,1786022792_PT Consumption.xlsx,Consumption,19,2026-08-21T15:32:18.744453+00:00,1.0
2026-05-01,2026,2026-27,May,Petroleum coke,1023.381898,Thousand Metric Tonnes (TMT),PPAC,1786022792_PT Consumption.xlsx,Consumption,19,2026-08-21T15:32:18.744453+00:00,1.0
2026-06-01,2026,2026-27,June,Petroleum coke,1432.01666792,Thousand Metric Tonnes (TMT),PPAC,1786022792_PT Consumption.xlsx,Consumption,19,2026-08-21T15:32:18.744453+00:00,1.0
2026-07-01,2026,2026-27,July,Petroleum coke,1658.3768659200002,Thousand Metric Tonnes (TMT),PPAC,1786022792_PT Consumption.xlsx,Consumption,19,2026-08-21T15:32:18.744453+00:00,1.0
2026-08-01,2026,2026-27,August,Petroleum coke,,Thousand Metric Tonnes (TMT),PPAC,1786022792_PT Consumption.xlsx,Consumption,19,2026-08-21T15:32:18.744453+00:00,1.0
2026-09-01,2026,2026-27,September,Petroleum coke,,Thousand Metric Tonnes (TMT),PPAC,1786022792_PT Consumption.xlsx,Consumption,19,2026-08-21T15:32:18.744453+00:00,1.0
2026-10-01,2026,2026-27,October,Petroleum coke,,Thousand Metric Tonnes (TMT),PPAC,1786022792_PT Consumption.xlsx,Consumption,19,2026-08-21T15:32:18.744453+00:00,1.0
2026-11-01,2026,2026-27,November,Petroleum coke,,Thousand Metric Tonnes (TMT),PPAC,1786022792_PT Consumption.xlsx,Consumption,19,2026-08-21T15:32:18.744453+00:00,1.0
2026-12-01,2026,2026-27,December,Petroleum coke,,Thousand Metric Tonnes (TMT),PPAC,1786022792_PT Consumption.xlsx,Consumption,19,2026-08-21T15:32:18.744453+00:00,1.0
2027-01-01,2027,2026-27,January,Petroleum coke,,Thousand Metric Tonnes (TMT),PPAC,1786022792_PT Consumption.xlsx,Consumption,19,2026-08-21T15:32:18.744453+00:00,1.0
2027-02-01,2027,2026-27,February,Petroleum coke,,Thousand Metric Tonnes (TMT),PPAC,1786022792_PT Consumption.xlsx,Consumption,19,2026-08-21T15:32:18.744453+00:00,1.0
2027-03-01,2027,2026-27,March,Petroleum coke,,Thousand Metric Tonnes (TMT),PPAC,1786022792_PT Consumption.xlsx,Consumption,19,2026-08-21T15:32:18.744453+00:00,1.0
2026-04-01,2026,2026-27,April,Others,556.268370120601,Thousand Metric Tonnes (TMT),PPAC,1786022792_PT Consumption.xlsx,Consumption,20,2026-08-21T15:32:18.744453+00:00,1.0
2026-05-01,2026,2026-27,May,Others,624.8154756993725,Thousand Metric Tonnes (TMT),PPAC,1786022792_PT Consumption.xlsx,Consumption,20,2026-08-21T15:32:18.744453+00:00,1.0
2026-06-01,2026,2026-27,June,Others,543.6929849684551,Thousand Metric Tonnes (TMT),PPAC,1786022792_PT Consumption.xlsx,Consumption,20,2026-08-21T15:32:18.744453+00:00,1.0
2026-07-01,2026,2026-27,July,Others,841.4881477541555,Thousand Metric Tonnes (TMT),PPAC,1786022792_PT Consumption.xlsx,Consumption,20,2026-08-21T15:32:18.744453+00:00,1.0
2026-08-01,2026,2026-27,August,Others,,Thousand Metric Tonnes (TMT),PPAC,1786022792_PT Consumption.xlsx,Consumption,20,2026-08-21T15:32:18.744453+00:00,1.0
2026-09-01,2026,2026-27,September,Others,,Thousand Metric Tonnes (TMT),PPAC,1786022792_PT Consumption.xlsx,Consumption,20,2026-08-21T15:32:18.744453+00:00,1.0
2026-10-01,2026,2026-27,October,Others,,Thousand Metric Tonnes (TMT),PPAC,1786022792_PT Consumption.xlsx,Consumption,20,2026-08-21T15:32:18.744453+00:00,1.0
2026-11-01,2026,2026-27,November,Others,,Thousand Metric Tonnes (TMT),PPAC,1786022792_PT Consumption.xlsx,Consumption,20,2026-08-21T15:32:18.744453+00:00,1.0
2026-12-01,2026,2026-27,December,Others,,Thousand Metric Tonnes (TMT),PPAC,1786022792_PT Consumption.xlsx,Consumption,20,2026-08-21T15:32:18.744453+00:00,1.0
2027-01-01,2027,2026-27,January,Others,,Thousand Metric Tonnes (TMT),PPAC,1786022792_PT Consumption.xlsx,Consumption,20,2026-08-21T15:32:18.744453+00:00,1.0
2027-02-01,2027,2026-27,February,Others,,Thousand Metric Tonnes (TMT),PPAC,1786022792_PT Consumption.xlsx,Consumption,20,2026-08-21T15:32:18.744453+00:00,1.0
2027-03-01,2027,2026-27,March,Others,,Thousand Metric Tonnes (TMT),PPAC,1786022792_PT Consumption.xlsx,Consumption,20,2026-08-21T15:32:18.744453+00:00,1.0
