date,calendar_year,financial_year,month,oil_company,record_type,quantity_tmt,unit,source,source_file,source_row,ingestion_timestamp,transformation_version
2025-04-01,2025,2025-26,April,"IOCL-MATHURA, UTTAR PRADESH",individual,824.95,Thousand Metric Tonnes (TMT),PPAC / Ministry of Petroleum and Natural Gas,8d3b6596-b09e-4077-aebf-425193185a5b.csv,2,2026-08-21T15:32:18.198485+00:00,1.0
2025-04-01,2025,2025-26,April,"NRL-NUMALIGARH, ASSAM",individual,277.49,Thousand Metric Tonnes (TMT),PPAC / Ministry of Petroleum and Natural Gas,8d3b6596-b09e-4077-aebf-425193185a5b.csv,3,2026-08-21T15:32:18.198485+00:00,1.0
2025-04-01,2025,2025-26,April,"MRPL-MANGALORE,KARNATAKA",individual,1511.65,Thousand Metric Tonnes (TMT),PPAC / Ministry of Petroleum and Natural Gas,8d3b6596-b09e-4077-aebf-425193185a5b.csv,4,2026-08-21T15:32:18.198485+00:00,1.0
2025-04-01,2025,2025-26,April,ONGC TOTAL,subtotal,1517.06,Thousand Metric Tonnes (TMT),PPAC / Ministry of Petroleum and Natural Gas,8d3b6596-b09e-4077-aebf-425193185a5b.csv,5,2026-08-21T15:32:18.198485+00:00,1.0
2025-04-01,2025,2025-26,April,"HMEL-GGSR, BATHINDA, PUNJAB",individual,1066.69,Thousand Metric Tonnes (TMT),PPAC / Ministry of Petroleum and Natural Gas,8d3b6596-b09e-4077-aebf-425193185a5b.csv,6,2026-08-21T15:32:18.198485+00:00,1.0
2025-04-01,2025,2025-26,April,"RIL,JAMNAGAR,GUJARAT",individual,1550.69,Thousand Metric Tonnes (TMT),PPAC / Ministry of Petroleum and Natural Gas,8d3b6596-b09e-4077-aebf-425193185a5b.csv,7,2026-08-21T15:32:18.198485+00:00,1.0
2025-04-01,2025,2025-26,April,GRAND TOTAL,grand_total,21863.52,Thousand Metric Tonnes (TMT),PPAC / Ministry of Petroleum and Natural Gas,8d3b6596-b09e-4077-aebf-425193185a5b.csv,8,2026-08-21T15:32:18.198485+00:00,1.0
2025-05-01,2025,2025-26,May,"IOCL-PARADIP,ODISHA",individual,1414.79,Thousand Metric Tonnes (TMT),PPAC / Ministry of Petroleum and Natural Gas,8d3b6596-b09e-4077-aebf-425193185a5b.csv,9,2026-08-21T15:32:18.198485+00:00,1.0
2025-05-01,2025,2025-26,May,BPCL-TOTAL,subtotal,3515.95,Thousand Metric Tonnes (TMT),PPAC / Ministry of Petroleum and Natural Gas,8d3b6596-b09e-4077-aebf-425193185a5b.csv,10,2026-08-21T15:32:18.198485+00:00,1.0
2025-05-01,2025,2025-26,May,"HPCL-MUMBAI,MAHARASHTRA",individual,848.2,Thousand Metric Tonnes (TMT),PPAC / Ministry of Petroleum and Natural Gas,8d3b6596-b09e-4077-aebf-425193185a5b.csv,11,2026-08-21T15:32:18.198485+00:00,1.0
2025-06-01,2025,2025-26,June,"IOCL-KOYALI, GUJARAT",individual,948.82,Thousand Metric Tonnes (TMT),PPAC / Ministry of Petroleum and Natural Gas,8d3b6596-b09e-4077-aebf-425193185a5b.csv,12,2026-08-21T15:32:18.198485+00:00,1.0
2025-06-01,2025,2025-26,June,"NRL-NUMALIGARH, ASSAM",individual,250.05,Thousand Metric Tonnes (TMT),PPAC / Ministry of Petroleum and Natural Gas,8d3b6596-b09e-4077-aebf-425193185a5b.csv,13,2026-08-21T15:32:18.198485+00:00,1.0
2025-06-01,2025,2025-26,June,"ONGC-TATIPAKA,ANDHRA PRADESH",individual,6.6,Thousand Metric Tonnes (TMT),PPAC / Ministry of Petroleum and Natural Gas,8d3b6596-b09e-4077-aebf-425193185a5b.csv,14,2026-08-21T15:32:18.198485+00:00,1.0
2025-06-01,2025,2025-26,June,"MRPL-MANGALORE,KARNATAKA",individual,736.72,Thousand Metric Tonnes (TMT),PPAC / Ministry of Petroleum and Natural Gas,8d3b6596-b09e-4077-aebf-425193185a5b.csv,15,2026-08-21T15:32:18.198485+00:00,1.0
2025-06-01,2025,2025-26,June,"RIL-(SEZ), JAMNAGAR,GUJARAT",individual,2736.76,Thousand Metric Tonnes (TMT),PPAC / Ministry of Petroleum and Natural Gas,8d3b6596-b09e-4077-aebf-425193185a5b.csv,16,2026-08-21T15:32:18.198485+00:00,1.0
2025-06-01,2025,2025-26,June,"NEL-VADINAR,GUJARAT",individual,1708.82,Thousand Metric Tonnes (TMT),PPAC / Ministry of Petroleum and Natural Gas,8d3b6596-b09e-4077-aebf-425193185a5b.csv,17,2026-08-21T15:32:18.198485+00:00,1.0
2025-06-01,2025,2025-26,June,GRAND TOTAL,grand_total,22248.31,Thousand Metric Tonnes (TMT),PPAC / Ministry of Petroleum and Natural Gas,8d3b6596-b09e-4077-aebf-425193185a5b.csv,18,2026-08-21T15:32:18.198485+00:00,1.0
2025-07-01,2025,2025-26,July,"IOCL-PARADIP,ODISHA",individual,1418.37,Thousand Metric Tonnes (TMT),PPAC / Ministry of Petroleum and Natural Gas,8d3b6596-b09e-4077-aebf-425193185a5b.csv,19,2026-08-21T15:32:18.198485+00:00,1.0
2025-07-01,2025,2025-26,July,"HPCL-MUMBAI,MAHARASHTRA",individual,855.29,Thousand Metric Tonnes (TMT),PPAC / Ministry of Petroleum and Natural Gas,8d3b6596-b09e-4077-aebf-425193185a5b.csv,20,2026-08-21T15:32:18.198485+00:00,1.0
2025-08-01,2025,2025-26,August,"IOCL-KOYALI, GUJARAT",individual,691.54,Thousand Metric Tonnes (TMT),PPAC / Ministry of Petroleum and Natural Gas,8d3b6596-b09e-4077-aebf-425193185a5b.csv,21,2026-08-21T15:32:18.198485+00:00,1.0
2025-08-01,2025,2025-26,August,"IOCL-HALDIA, WEST BENGAL",individual,734.69,Thousand Metric Tonnes (TMT),PPAC / Ministry of Petroleum and Natural Gas,8d3b6596-b09e-4077-aebf-425193185a5b.csv,22,2026-08-21T15:32:18.198485+00:00,1.0
2025-08-01,2025,2025-26,August,"IOCL-DIGBOI,ASSAM",individual,63.69,Thousand Metric Tonnes (TMT),PPAC / Ministry of Petroleum and Natural Gas,8d3b6596-b09e-4077-aebf-425193185a5b.csv,23,2026-08-21T15:32:18.198485+00:00,1.0
2025-08-01,2025,2025-26,August,"IOCL-BONGAIGAON,ASSAM",individual,261.91,Thousand Metric Tonnes (TMT),PPAC / Ministry of Petroleum and Natural Gas,8d3b6596-b09e-4077-aebf-425193185a5b.csv,24,2026-08-21T15:32:18.198485+00:00,1.0
2025-09-01,2025,2025-26,September,IOCL TOTAL,subtotal,5643.74,Thousand Metric Tonnes (TMT),PPAC / Ministry of Petroleum and Natural Gas,8d3b6596-b09e-4077-aebf-425193185a5b.csv,25,2026-08-21T15:32:18.198485+00:00,1.0
2025-09-01,2025,2025-26,September,"BPCL-KOCHI, KERALA",individual,1162.42,Thousand Metric Tonnes (TMT),PPAC / Ministry of Petroleum and Natural Gas,8d3b6596-b09e-4077-aebf-425193185a5b.csv,26,2026-08-21T15:32:18.198485+00:00,1.0
2025-09-01,2025,2025-26,September,"NRL-NUMALIGARH, ASSAM",individual,245.71,Thousand Metric Tonnes (TMT),PPAC / Ministry of Petroleum and Natural Gas,8d3b6596-b09e-4077-aebf-425193185a5b.csv,27,2026-08-21T15:32:18.198485+00:00,1.0
2025-09-01,2025,2025-26,September,"RIL-(SEZ), JAMNAGAR,GUJARAT",individual,2622.0,Thousand Metric Tonnes (TMT),PPAC / Ministry of Petroleum and Natural Gas,8d3b6596-b09e-4077-aebf-425193185a5b.csv,28,2026-08-21T15:32:18.198485+00:00,1.0
2025-10-01,2025,2025-26,October,"IOCL-MATHURA, UTTAR PRADESH",individual,890.44,Thousand Metric Tonnes (TMT),PPAC / Ministry of Petroleum and Natural Gas,8d3b6596-b09e-4077-aebf-425193185a5b.csv,29,2026-08-21T15:32:18.198485+00:00,1.0
2025-10-01,2025,2025-26,October,"CPCL-MANALI, TAMILNADU",individual,760.22,Thousand Metric Tonnes (TMT),PPAC / Ministry of Petroleum and Natural Gas,8d3b6596-b09e-4077-aebf-425193185a5b.csv,30,2026-08-21T15:32:18.198485+00:00,1.0
2025-10-01,2025,2025-26,October,BPCL-BINA,individual,553.58,Thousand Metric Tonnes (TMT),PPAC / Ministry of Petroleum and Natural Gas,8d3b6596-b09e-4077-aebf-425193185a5b.csv,31,2026-08-21T15:32:18.198485+00:00,1.0
2025-10-01,2025,2025-26,October,BPCL-TOTAL,subtotal,3436.47,Thousand Metric Tonnes (TMT),PPAC / Ministry of Petroleum and Natural Gas,8d3b6596-b09e-4077-aebf-425193185a5b.csv,32,2026-08-21T15:32:18.198485+00:00,1.0
2025-10-01,2025,2025-26,October,"ONGC-TATIPAKA,ANDHRA PRADESH",individual,6.45,Thousand Metric Tonnes (TMT),PPAC / Ministry of Petroleum and Natural Gas,8d3b6596-b09e-4077-aebf-425193185a5b.csv,33,2026-08-21T15:32:18.198485+00:00,1.0
2025-10-01,2025,2025-26,October,"HMEL-GGSR, BATHINDA, PUNJAB",individual,1084.29,Thousand Metric Tonnes (TMT),PPAC / Ministry of Petroleum and Natural Gas,8d3b6596-b09e-4077-aebf-425193185a5b.csv,34,2026-08-21T15:32:18.198485+00:00,1.0
2025-10-01,2025,2025-26,October,"RIL,JAMNAGAR,GUJARAT",individual,2987.27,Thousand Metric Tonnes (TMT),PPAC / Ministry of Petroleum and Natural Gas,8d3b6596-b09e-4077-aebf-425193185a5b.csv,35,2026-08-21T15:32:18.198485+00:00,1.0
2025-11-01,2025,2025-26,November,"IOCL-MATHURA, UTTAR PRADESH",individual,865.54,Thousand Metric Tonnes (TMT),PPAC / Ministry of Petroleum and Natural Gas,8d3b6596-b09e-4077-aebf-425193185a5b.csv,36,2026-08-21T15:32:18.198485+00:00,1.0
2025-11-01,2025,2025-26,November,"IOCL-GUWAHATI,ASSAM",individual,98.03,Thousand Metric Tonnes (TMT),PPAC / Ministry of Petroleum and Natural Gas,8d3b6596-b09e-4077-aebf-425193185a5b.csv,37,2026-08-21T15:32:18.198485+00:00,1.0
2025-11-01,2025,2025-26,November,"IOCL-PARADIP,ODISHA",individual,1330.68,Thousand Metric Tonnes (TMT),PPAC / Ministry of Petroleum and Natural Gas,8d3b6596-b09e-4077-aebf-425193185a5b.csv,38,2026-08-21T15:32:18.198485+00:00,1.0
2025-11-01,2025,2025-26,November,"NRL-NUMALIGARH, ASSAM",individual,277.09,Thousand Metric Tonnes (TMT),PPAC / Ministry of Petroleum and Natural Gas,8d3b6596-b09e-4077-aebf-425193185a5b.csv,39,2026-08-21T15:32:18.198485+00:00,1.0
2025-11-01,2025,2025-26,November,ONGC TOTAL,subtotal,1480.96,Thousand Metric Tonnes (TMT),PPAC / Ministry of Petroleum and Natural Gas,8d3b6596-b09e-4077-aebf-425193185a5b.csv,40,2026-08-21T15:32:18.198485+00:00,1.0
2025-11-01,2025,2025-26,November,"RIL-(SEZ), JAMNAGAR,GUJARAT",individual,2778.22,Thousand Metric Tonnes (TMT),PPAC / Ministry of Petroleum and Natural Gas,8d3b6596-b09e-4077-aebf-425193185a5b.csv,41,2026-08-21T15:32:18.198485+00:00,1.0
2025-12-01,2025,2025-26,December,"IOCL-BONGAIGAON,ASSAM",individual,260.27,Thousand Metric Tonnes (TMT),PPAC / Ministry of Petroleum and Natural Gas,8d3b6596-b09e-4077-aebf-425193185a5b.csv,42,2026-08-21T15:32:18.198485+00:00,1.0
2025-12-01,2025,2025-26,December,"BPCL-MUMBAI, MAHARASHTRA",individual,1367.61,Thousand Metric Tonnes (TMT),PPAC / Ministry of Petroleum and Natural Gas,8d3b6596-b09e-4077-aebf-425193185a5b.csv,43,2026-08-21T15:32:18.198485+00:00,1.0
2025-12-01,2025,2025-26,December,"ONGC-TATIPAKA,ANDHRA PRADESH",individual,6.83,Thousand Metric Tonnes (TMT),PPAC / Ministry of Petroleum and Natural Gas,8d3b6596-b09e-4077-aebf-425193185a5b.csv,44,2026-08-21T15:32:18.198485+00:00,1.0
2025-12-01,2025,2025-26,December,HPCL-TOTAL,subtotal,2814.83,Thousand Metric Tonnes (TMT),PPAC / Ministry of Petroleum and Natural Gas,8d3b6596-b09e-4077-aebf-425193185a5b.csv,45,2026-08-21T15:32:18.198485+00:00,1.0
2025-12-01,2025,2025-26,December,"NEL-VADINAR,GUJARAT",individual,1591.75,Thousand Metric Tonnes (TMT),PPAC / Ministry of Petroleum and Natural Gas,8d3b6596-b09e-4077-aebf-425193185a5b.csv,46,2026-08-21T15:32:18.198485+00:00,1.0
2026-01-01,2026,2025-26,January,"CPCL-MANALI, TAMILNADU",individual,1020.55,Thousand Metric Tonnes (TMT),PPAC / Ministry of Petroleum and Natural Gas,8d3b6596-b09e-4077-aebf-425193185a5b.csv,47,2026-08-21T15:32:18.198485+00:00,1.0
2026-01-01,2026,2025-26,January,CPCL-TOTAL,subtotal,1020.55,Thousand Metric Tonnes (TMT),PPAC / Ministry of Petroleum and Natural Gas,8d3b6596-b09e-4077-aebf-425193185a5b.csv,48,2026-08-21T15:32:18.198485+00:00,1.0
2026-01-01,2026,2025-26,January,RIL TOTAL,subtotal,5766.48,Thousand Metric Tonnes (TMT),PPAC / Ministry of Petroleum and Natural Gas,8d3b6596-b09e-4077-aebf-425193185a5b.csv,49,2026-08-21T15:32:18.198485+00:00,1.0
2026-02-01,2026,2025-26,February,"BPCL-KOCHI, KERALA",individual,1399.67,Thousand Metric Tonnes (TMT),PPAC / Ministry of Petroleum and Natural Gas,8d3b6596-b09e-4077-aebf-425193185a5b.csv,50,2026-08-21T15:32:18.198485+00:00,1.0
2026-02-01,2026,2025-26,February,"RIL-(SEZ), JAMNAGAR,GUJARAT",individual,2700.76,Thousand Metric Tonnes (TMT),PPAC / Ministry of Petroleum and Natural Gas,8d3b6596-b09e-4077-aebf-425193185a5b.csv,51,2026-08-21T15:32:18.198485+00:00,1.0
2026-03-01,2026,2025-26,March,"IOCL-KOYALI, GUJARAT",individual,1483.22,Thousand Metric Tonnes (TMT),PPAC / Ministry of Petroleum and Natural Gas,8d3b6596-b09e-4077-aebf-425193185a5b.csv,52,2026-08-21T15:32:18.198485+00:00,1.0
2026-03-01,2026,2025-26,March,"IOCL-HALDIA, WEST BENGAL",individual,764.25,Thousand Metric Tonnes (TMT),PPAC / Ministry of Petroleum and Natural Gas,8d3b6596-b09e-4077-aebf-425193185a5b.csv,53,2026-08-21T15:32:18.198485+00:00,1.0
2026-03-01,2026,2025-26,March,"IOCL-PARADIP,ODISHA",individual,1330.11,Thousand Metric Tonnes (TMT),PPAC / Ministry of Petroleum and Natural Gas,8d3b6596-b09e-4077-aebf-425193185a5b.csv,54,2026-08-21T15:32:18.198485+00:00,1.0
2026-03-01,2026,2025-26,March,"BPCL-KOCHI, KERALA",individual,1426.94,Thousand Metric Tonnes (TMT),PPAC / Ministry of Petroleum and Natural Gas,8d3b6596-b09e-4077-aebf-425193185a5b.csv,55,2026-08-21T15:32:18.198485+00:00,1.0
2026-03-01,2026,2025-26,March,BPCL-BINA,individual,650.5,Thousand Metric Tonnes (TMT),PPAC / Ministry of Petroleum and Natural Gas,8d3b6596-b09e-4077-aebf-425193185a5b.csv,56,2026-08-21T15:32:18.198485+00:00,1.0
2026-03-01,2026,2025-26,March,ONGC TOTAL,subtotal,1480.0,Thousand Metric Tonnes (TMT),PPAC / Ministry of Petroleum and Natural Gas,8d3b6596-b09e-4077-aebf-425193185a5b.csv,57,2026-08-21T15:32:18.198485+00:00,1.0
2026-03-01,2026,2025-26,March,"HPCL-MUMBAI,MAHARASHTRA",individual,895.5,Thousand Metric Tonnes (TMT),PPAC / Ministry of Petroleum and Natural Gas,8d3b6596-b09e-4077-aebf-425193185a5b.csv,58,2026-08-21T15:32:18.198485+00:00,1.0
2026-03-01,2026,2025-26,March,"RIL-(SEZ), JAMNAGAR,GUJARAT",individual,2543.01,Thousand Metric Tonnes (TMT),PPAC / Ministry of Petroleum and Natural Gas,8d3b6596-b09e-4077-aebf-425193185a5b.csv,59,2026-08-21T15:32:18.198485+00:00,1.0
2024-04-01,2024,2024-25,April,"IOCL-HALDIA, WEST BENGAL",individual,656.3,Thousand Metric Tonnes (TMT),PPAC / Ministry of Petroleum and Natural Gas,8d3b6596-b09e-4077-aebf-425193185a5b.csv,60,2026-08-21T15:32:18.198485+00:00,1.0
2024-04-01,2024,2024-25,April,BPCL-BINA,individual,660.13,Thousand Metric Tonnes (TMT),PPAC / Ministry of Petroleum and Natural Gas,8d3b6596-b09e-4077-aebf-425193185a5b.csv,61,2026-08-21T15:32:18.198485+00:00,1.0
2024-04-01,2024,2024-25,April,"MRPL-MANGALORE,KARNATAKA",individual,1312.16,Thousand Metric Tonnes (TMT),PPAC / Ministry of Petroleum and Natural Gas,8d3b6596-b09e-4077-aebf-425193185a5b.csv,62,2026-08-21T15:32:18.198485+00:00,1.0
2024-04-01,2024,2024-25,April,ONGC TOTAL,subtotal,1317.13,Thousand Metric Tonnes (TMT),PPAC / Ministry of Petroleum and Natural Gas,8d3b6596-b09e-4077-aebf-425193185a5b.csv,63,2026-08-21T15:32:18.198485+00:00,1.0
2024-05-01,2024,2024-25,May,"IOCL-KOYALI, GUJARAT",individual,1326.32,Thousand Metric Tonnes (TMT),PPAC / Ministry of Petroleum and Natural Gas,8d3b6596-b09e-4077-aebf-425193185a5b.csv,64,2026-08-21T15:32:18.198485+00:00,1.0
2024-05-01,2024,2024-25,May,"IOCL-PANIPAT, HARYANA",individual,1269.28,Thousand Metric Tonnes (TMT),PPAC / Ministry of Petroleum and Natural Gas,8d3b6596-b09e-4077-aebf-425193185a5b.csv,65,2026-08-21T15:32:18.198485+00:00,1.0
2024-05-01,2024,2024-25,May,ONGC TOTAL,subtotal,1599.28,Thousand Metric Tonnes (TMT),PPAC / Ministry of Petroleum and Natural Gas,8d3b6596-b09e-4077-aebf-425193185a5b.csv,66,2026-08-21T15:32:18.198485+00:00,1.0
2024-05-01,2024,2024-25,May,"RIL,JAMNAGAR,GUJARAT",individual,2932.7,Thousand Metric Tonnes (TMT),PPAC / Ministry of Petroleum and Natural Gas,8d3b6596-b09e-4077-aebf-425193185a5b.csv,67,2026-08-21T15:32:18.198485+00:00,1.0
2024-06-01,2024,2024-25,June,"IOCL-HALDIA, WEST BENGAL",individual,672.64,Thousand Metric Tonnes (TMT),PPAC / Ministry of Petroleum and Natural Gas,8d3b6596-b09e-4077-aebf-425193185a5b.csv,68,2026-08-21T15:32:18.198485+00:00,1.0
2024-06-01,2024,2024-25,June,"IOCL-GUWAHATI,ASSAM",individual,107.51,Thousand Metric Tonnes (TMT),PPAC / Ministry of Petroleum and Natural Gas,8d3b6596-b09e-4077-aebf-425193185a5b.csv,69,2026-08-21T15:32:18.198485+00:00,1.0
2024-06-01,2024,2024-25,June,"IOCL-PARADIP,ODISHA",individual,884.31,Thousand Metric Tonnes (TMT),PPAC / Ministry of Petroleum and Natural Gas,8d3b6596-b09e-4077-aebf-425193185a5b.csv,70,2026-08-21T15:32:18.198485+00:00,1.0
2024-06-01,2024,2024-25,June,"NRL-NUMALIGARH, ASSAM",individual,245.9,Thousand Metric Tonnes (TMT),PPAC / Ministry of Petroleum and Natural Gas,8d3b6596-b09e-4077-aebf-425193185a5b.csv,71,2026-08-21T15:32:18.198485+00:00,1.0
2024-06-01,2024,2024-25,June,"ONGC-TATIPAKA,ANDHRA PRADESH",individual,5.98,Thousand Metric Tonnes (TMT),PPAC / Ministry of Petroleum and Natural Gas,8d3b6596-b09e-4077-aebf-425193185a5b.csv,72,2026-08-21T15:32:18.198485+00:00,1.0
2024-06-01,2024,2024-25,June,"MRPL-MANGALORE,KARNATAKA",individual,1474.34,Thousand Metric Tonnes (TMT),PPAC / Ministry of Petroleum and Natural Gas,8d3b6596-b09e-4077-aebf-425193185a5b.csv,73,2026-08-21T15:32:18.198485+00:00,1.0
2024-06-01,2024,2024-25,June,"HMEL-GGSR, BATHINDA, PUNJAB",individual,1076.52,Thousand Metric Tonnes (TMT),PPAC / Ministry of Petroleum and Natural Gas,8d3b6596-b09e-4077-aebf-425193185a5b.csv,74,2026-08-21T15:32:18.198485+00:00,1.0
2024-07-01,2024,2024-25,July,"CPCL-MANALI, TAMILNADU",individual,879.99,Thousand Metric Tonnes (TMT),PPAC / Ministry of Petroleum and Natural Gas,8d3b6596-b09e-4077-aebf-425193185a5b.csv,75,2026-08-21T15:32:18.198485+00:00,1.0
2024-07-01,2024,2024-25,July,"NEL-VADINAR,GUJARAT",individual,1763.85,Thousand Metric Tonnes (TMT),PPAC / Ministry of Petroleum and Natural Gas,8d3b6596-b09e-4077-aebf-425193185a5b.csv,76,2026-08-21T15:32:18.198485+00:00,1.0
2024-08-01,2024,2024-25,August,CPCL-TOTAL,subtotal,680.63,Thousand Metric Tonnes (TMT),PPAC / Ministry of Petroleum and Natural Gas,8d3b6596-b09e-4077-aebf-425193185a5b.csv,77,2026-08-21T15:32:18.198485+00:00,1.0
2024-08-01,2024,2024-25,August,"BPCL-KOCHI, KERALA",individual,1506.63,Thousand Metric Tonnes (TMT),PPAC / Ministry of Petroleum and Natural Gas,8d3b6596-b09e-4077-aebf-425193185a5b.csv,78,2026-08-21T15:32:18.198485+00:00,1.0
2024-08-01,2024,2024-25,August,BPCL-BINA,individual,531.94,Thousand Metric Tonnes (TMT),PPAC / Ministry of Petroleum and Natural Gas,8d3b6596-b09e-4077-aebf-425193185a5b.csv,79,2026-08-21T15:32:18.198485+00:00,1.0
2024-08-01,2024,2024-25,August,"HPCL-VISAKH,ANDHRA PRADESH",individual,1252.01,Thousand Metric Tonnes (TMT),PPAC / Ministry of Petroleum and Natural Gas,8d3b6596-b09e-4077-aebf-425193185a5b.csv,80,2026-08-21T15:32:18.198485+00:00,1.0
2024-08-01,2024,2024-25,August,"RIL-(SEZ), JAMNAGAR,GUJARAT",individual,2478.93,Thousand Metric Tonnes (TMT),PPAC / Ministry of Petroleum and Natural Gas,8d3b6596-b09e-4077-aebf-425193185a5b.csv,81,2026-08-21T15:32:18.198485+00:00,1.0
2024-09-01,2024,2024-25,September,"IOCL-MATHURA, UTTAR PRADESH",individual,585.74,Thousand Metric Tonnes (TMT),PPAC / Ministry of Petroleum and Natural Gas,8d3b6596-b09e-4077-aebf-425193185a5b.csv,82,2026-08-21T15:32:18.198485+00:00,1.0
2024-09-01,2024,2024-25,September,"IOCL-BONGAIGAON,ASSAM",individual,243.46,Thousand Metric Tonnes (TMT),PPAC / Ministry of Petroleum and Natural Gas,8d3b6596-b09e-4077-aebf-425193185a5b.csv,83,2026-08-21T15:32:18.198485+00:00,1.0
2024-09-01,2024,2024-25,September,"IOCL-PARADIP,ODISHA",individual,1228.02,Thousand Metric Tonnes (TMT),PPAC / Ministry of Petroleum and Natural Gas,8d3b6596-b09e-4077-aebf-425193185a5b.csv,84,2026-08-21T15:32:18.198485+00:00,1.0
2024-09-01,2024,2024-25,September,"RIL,JAMNAGAR,GUJARAT",individual,2936.46,Thousand Metric Tonnes (TMT),PPAC / Ministry of Petroleum and Natural Gas,8d3b6596-b09e-4077-aebf-425193185a5b.csv,85,2026-08-21T15:32:18.198485+00:00,1.0
2024-09-01,2024,2024-25,September,"NEL-VADINAR,GUJARAT",individual,1677.1,Thousand Metric Tonnes (TMT),PPAC / Ministry of Petroleum and Natural Gas,8d3b6596-b09e-4077-aebf-425193185a5b.csv,86,2026-08-21T15:32:18.198485+00:00,1.0
2024-10-01,2024,2024-25,October,CPCL-TOTAL,subtotal,704.52,Thousand Metric Tonnes (TMT),PPAC / Ministry of Petroleum and Natural Gas,8d3b6596-b09e-4077-aebf-425193185a5b.csv,87,2026-08-21T15:32:18.198485+00:00,1.0
2024-10-01,2024,2024-25,October,"BPCL-MUMBAI, MAHARASHTRA",individual,1418.94,Thousand Metric Tonnes (TMT),PPAC / Ministry of Petroleum and Natural Gas,8d3b6596-b09e-4077-aebf-425193185a5b.csv,88,2026-08-21T15:32:18.198485+00:00,1.0
2024-10-01,2024,2024-25,October,BPCL-BINA,individual,685.99,Thousand Metric Tonnes (TMT),PPAC / Ministry of Petroleum and Natural Gas,8d3b6596-b09e-4077-aebf-425193185a5b.csv,89,2026-08-21T15:32:18.198485+00:00,1.0
2024-10-01,2024,2024-25,October,"NRL-NUMALIGARH, ASSAM",individual,272.03,Thousand Metric Tonnes (TMT),PPAC / Ministry of Petroleum and Natural Gas,8d3b6596-b09e-4077-aebf-425193185a5b.csv,90,2026-08-21T15:32:18.198485+00:00,1.0
2024-10-01,2024,2024-25,October,"HPCL-VISAKH,ANDHRA PRADESH",individual,1184.66,Thousand Metric Tonnes (TMT),PPAC / Ministry of Petroleum and Natural Gas,8d3b6596-b09e-4077-aebf-425193185a5b.csv,91,2026-08-21T15:32:18.198485+00:00,1.0
2024-11-01,2024,2024-25,November,"IOCL-KOYALI, GUJARAT",individual,1318.25,Thousand Metric Tonnes (TMT),PPAC / Ministry of Petroleum and Natural Gas,8d3b6596-b09e-4077-aebf-425193185a5b.csv,92,2026-08-21T15:32:18.198485+00:00,1.0
2024-11-01,2024,2024-25,November,IOCL TOTAL,subtotal,6013.4,Thousand Metric Tonnes (TMT),PPAC / Ministry of Petroleum and Natural Gas,8d3b6596-b09e-4077-aebf-425193185a5b.csv,93,2026-08-21T15:32:18.198485+00:00,1.0
2024-11-01,2024,2024-25,November,CPCL-TOTAL,subtotal,901.68,Thousand Metric Tonnes (TMT),PPAC / Ministry of Petroleum and Natural Gas,8d3b6596-b09e-4077-aebf-425193185a5b.csv,94,2026-08-21T15:32:18.198485+00:00,1.0
2024-11-01,2024,2024-25,November,BPCL-TOTAL,subtotal,2972.51,Thousand Metric Tonnes (TMT),PPAC / Ministry of Petroleum and Natural Gas,8d3b6596-b09e-4077-aebf-425193185a5b.csv,95,2026-08-21T15:32:18.198485+00:00,1.0
2024-12-01,2024,2024-25,December,"IOCL-PANIPAT, HARYANA",individual,1389.8,Thousand Metric Tonnes (TMT),PPAC / Ministry of Petroleum and Natural Gas,8d3b6596-b09e-4077-aebf-425193185a5b.csv,96,2026-08-21T15:32:18.198485+00:00,1.0
2024-12-01,2024,2024-25,December,"IOCL-BONGAIGAON,ASSAM",individual,260.04,Thousand Metric Tonnes (TMT),PPAC / Ministry of Petroleum and Natural Gas,8d3b6596-b09e-4077-aebf-425193185a5b.csv,97,2026-08-21T15:32:18.198485+00:00,1.0
2024-12-01,2024,2024-25,December,"NRL-NUMALIGARH, ASSAM",individual,275.4,Thousand Metric Tonnes (TMT),PPAC / Ministry of Petroleum and Natural Gas,8d3b6596-b09e-4077-aebf-425193185a5b.csv,98,2026-08-21T15:32:18.198485+00:00,1.0
2024-12-01,2024,2024-25,December,"ONGC-TATIPAKA,ANDHRA PRADESH",individual,7.7,Thousand Metric Tonnes (TMT),PPAC / Ministry of Petroleum and Natural Gas,8d3b6596-b09e-4077-aebf-425193185a5b.csv,99,2026-08-21T15:32:18.198485+00:00,1.0
2024-12-01,2024,2024-25,December,"HPCL-MUMBAI,MAHARASHTRA",individual,901.78,Thousand Metric Tonnes (TMT),PPAC / Ministry of Petroleum and Natural Gas,8d3b6596-b09e-4077-aebf-425193185a5b.csv,100,2026-08-21T15:32:18.198485+00:00,1.0
2024-12-01,2024,2024-25,December,"RIL,JAMNAGAR,GUJARAT",individual,3058.75,Thousand Metric Tonnes (TMT),PPAC / Ministry of Petroleum and Natural Gas,8d3b6596-b09e-4077-aebf-425193185a5b.csv,101,2026-08-21T15:32:18.198485+00:00,1.0
2025-01-01,2025,2024-25,January,"IOCL-GUWAHATI,ASSAM",individual,105.42,Thousand Metric Tonnes (TMT),PPAC / Ministry of Petroleum and Natural Gas,8d3b6596-b09e-4077-aebf-425193185a5b.csv,102,2026-08-21T15:32:18.198485+00:00,1.0
2025-01-01,2025,2024-25,January,"IOCL-BONGAIGAON,ASSAM",individual,257.12,Thousand Metric Tonnes (TMT),PPAC / Ministry of Petroleum and Natural Gas,8d3b6596-b09e-4077-aebf-425193185a5b.csv,103,2026-08-21T15:32:18.198485+00:00,1.0
2025-01-01,2025,2024-25,January,CPCL-TOTAL,subtotal,1002.42,Thousand Metric Tonnes (TMT),PPAC / Ministry of Petroleum and Natural Gas,8d3b6596-b09e-4077-aebf-425193185a5b.csv,104,2026-08-21T15:32:18.198485+00:00,1.0
2025-02-01,2025,2024-25,February,IOCL TOTAL,subtotal,5672.91,Thousand Metric Tonnes (TMT),PPAC / Ministry of Petroleum and Natural Gas,8d3b6596-b09e-4077-aebf-425193185a5b.csv,105,2026-08-21T15:32:18.198485+00:00,1.0
2025-02-01,2025,2024-25,February,"NRL-NUMALIGARH, ASSAM",individual,248.82,Thousand Metric Tonnes (TMT),PPAC / Ministry of Petroleum and Natural Gas,8d3b6596-b09e-4077-aebf-425193185a5b.csv,106,2026-08-21T15:32:18.198485+00:00,1.0
2025-02-01,2025,2024-25,February,"ONGC-TATIPAKA,ANDHRA PRADESH",individual,5.23,Thousand Metric Tonnes (TMT),PPAC / Ministry of Petroleum and Natural Gas,8d3b6596-b09e-4077-aebf-425193185a5b.csv,107,2026-08-21T15:32:18.198485+00:00,1.0
2025-02-01,2025,2024-25,February,"MRPL-MANGALORE,KARNATAKA",individual,1461.21,Thousand Metric Tonnes (TMT),PPAC / Ministry of Petroleum and Natural Gas,8d3b6596-b09e-4077-aebf-425193185a5b.csv,108,2026-08-21T15:32:18.198485+00:00,1.0
2025-02-01,2025,2024-25,February,"HPCL-MUMBAI,MAHARASHTRA",individual,806.06,Thousand Metric Tonnes (TMT),PPAC / Ministry of Petroleum and Natural Gas,8d3b6596-b09e-4077-aebf-425193185a5b.csv,109,2026-08-21T15:32:18.198485+00:00,1.0
2025-02-01,2025,2024-25,February,HPCL & JV-TOTAL,subtotal,3114.09,Thousand Metric Tonnes (TMT),PPAC / Ministry of Petroleum and Natural Gas,8d3b6596-b09e-4077-aebf-425193185a5b.csv,110,2026-08-21T15:32:18.198485+00:00,1.0
2025-02-01,2025,2024-25,February,RIL TOTAL,subtotal,5318.84,Thousand Metric Tonnes (TMT),PPAC / Ministry of Petroleum and Natural Gas,8d3b6596-b09e-4077-aebf-425193185a5b.csv,111,2026-08-21T15:32:18.198485+00:00,1.0
2025-03-01,2025,2024-25,March,"IOCL-MATHURA, UTTAR PRADESH",individual,875.99,Thousand Metric Tonnes (TMT),PPAC / Ministry of Petroleum and Natural Gas,8d3b6596-b09e-4077-aebf-425193185a5b.csv,112,2026-08-21T15:32:18.198485+00:00,1.0
2025-03-01,2025,2024-25,March,"IOCL-PANIPAT, HARYANA",individual,1326.1,Thousand Metric Tonnes (TMT),PPAC / Ministry of Petroleum and Natural Gas,8d3b6596-b09e-4077-aebf-425193185a5b.csv,113,2026-08-21T15:32:18.198485+00:00,1.0
2025-03-01,2025,2024-25,March,HPCL & JV-TOTAL,subtotal,3417.37,Thousand Metric Tonnes (TMT),PPAC / Ministry of Petroleum and Natural Gas,8d3b6596-b09e-4077-aebf-425193185a5b.csv,114,2026-08-21T15:32:18.198485+00:00,1.0
2023-04-01,2023,2023-24,April,"IOCL-DIGBOI,ASSAM",individual,43.9,Thousand Metric Tonnes (TMT),PPAC / Ministry of Petroleum and Natural Gas,8d3b6596-b09e-4077-aebf-425193185a5b.csv,115,2026-08-21T15:32:18.198485+00:00,1.0
2023-04-01,2023,2023-24,April,BPCL-TOTAL,subtotal,3236.66,Thousand Metric Tonnes (TMT),PPAC / Ministry of Petroleum and Natural Gas,8d3b6596-b09e-4077-aebf-425193185a5b.csv,116,2026-08-21T15:32:18.198485+00:00,1.0
2023-04-01,2023,2023-24,April,"ONGC-TATIPAKA,ANDHRA PRADESH",individual,6.63,Thousand Metric Tonnes (TMT),PPAC / Ministry of Petroleum and Natural Gas,8d3b6596-b09e-4077-aebf-425193185a5b.csv,117,2026-08-21T15:32:18.198485+00:00,1.0
2023-04-01,2023,2023-24,April,"RIL-(SEZ), JAMNAGAR,GUJARAT",individual,2514.05,Thousand Metric Tonnes (TMT),PPAC / Ministry of Petroleum and Natural Gas,8d3b6596-b09e-4077-aebf-425193185a5b.csv,118,2026-08-21T15:32:18.198485+00:00,1.0
2023-05-01,2023,2023-24,May,"IOCL-BARAUNI,BIHAR",individual,579.56,Thousand Metric Tonnes (TMT),PPAC / Ministry of Petroleum and Natural Gas,8d3b6596-b09e-4077-aebf-425193185a5b.csv,119,2026-08-21T15:32:18.198485+00:00,1.0
2023-05-01,2023,2023-24,May,"IOCL-MATHURA, UTTAR PRADESH",individual,833.52,Thousand Metric Tonnes (TMT),PPAC / Ministry of Petroleum and Natural Gas,8d3b6596-b09e-4077-aebf-425193185a5b.csv,120,2026-08-21T15:32:18.198485+00:00,1.0
2023-05-01,2023,2023-24,May,"IOCL-GUWAHATI,ASSAM",individual,96.3,Thousand Metric Tonnes (TMT),PPAC / Ministry of Petroleum and Natural Gas,8d3b6596-b09e-4077-aebf-425193185a5b.csv,121,2026-08-21T15:32:18.198485+00:00,1.0
2023-05-01,2023,2023-24,May,"IOCL-DIGBOI,ASSAM",individual,64.4,Thousand Metric Tonnes (TMT),PPAC / Ministry of Petroleum and Natural Gas,8d3b6596-b09e-4077-aebf-425193185a5b.csv,122,2026-08-21T15:32:18.198485+00:00,1.0
2023-05-01,2023,2023-24,May,"BPCL-MUMBAI, MAHARASHTRA",individual,1332.15,Thousand Metric Tonnes (TMT),PPAC / Ministry of Petroleum and Natural Gas,8d3b6596-b09e-4077-aebf-425193185a5b.csv,123,2026-08-21T15:32:18.198485+00:00,1.0
2023-05-01,2023,2023-24,May,"NRL-NUMALIGARH, ASSAM",individual,61.3,Thousand Metric Tonnes (TMT),PPAC / Ministry of Petroleum and Natural Gas,8d3b6596-b09e-4077-aebf-425193185a5b.csv,124,2026-08-21T15:32:18.198485+00:00,1.0
2023-05-01,2023,2023-24,May,"ONGC-TATIPAKA,ANDHRA PRADESH",individual,6.36,Thousand Metric Tonnes (TMT),PPAC / Ministry of Petroleum and Natural Gas,8d3b6596-b09e-4077-aebf-425193185a5b.csv,125,2026-08-21T15:32:18.198485+00:00,1.0
2023-05-01,2023,2023-24,May,ONGC TOTAL,subtotal,1500.53,Thousand Metric Tonnes (TMT),PPAC / Ministry of Petroleum and Natural Gas,8d3b6596-b09e-4077-aebf-425193185a5b.csv,126,2026-08-21T15:32:18.198485+00:00,1.0
2023-05-01,2023,2023-24,May,"HPCL-MUMBAI,MAHARASHTRA",individual,790.76,Thousand Metric Tonnes (TMT),PPAC / Ministry of Petroleum and Natural Gas,8d3b6596-b09e-4077-aebf-425193185a5b.csv,127,2026-08-21T15:32:18.198485+00:00,1.0
2023-05-01,2023,2023-24,May,"HMEL-GGSR, BATHINDA, PUNJAB",individual,1101.06,Thousand Metric Tonnes (TMT),PPAC / Ministry of Petroleum and Natural Gas,8d3b6596-b09e-4077-aebf-425193185a5b.csv,128,2026-08-21T15:32:18.198485+00:00,1.0
2023-05-01,2023,2023-24,May,"RIL-(SEZ), JAMNAGAR,GUJARAT",individual,2765.42,Thousand Metric Tonnes (TMT),PPAC / Ministry of Petroleum and Natural Gas,8d3b6596-b09e-4077-aebf-425193185a5b.csv,129,2026-08-21T15:32:18.198485+00:00,1.0
2023-05-01,2023,2023-24,May,"NEL-VADINAR,GUJARAT",individual,1743.37,Thousand Metric Tonnes (TMT),PPAC / Ministry of Petroleum and Natural Gas,8d3b6596-b09e-4077-aebf-425193185a5b.csv,130,2026-08-21T15:32:18.198485+00:00,1.0
2023-06-01,2023,2023-24,June,"IOCL-KOYALI, GUJARAT",individual,1275.12,Thousand Metric Tonnes (TMT),PPAC / Ministry of Petroleum and Natural Gas,8d3b6596-b09e-4077-aebf-425193185a5b.csv,131,2026-08-21T15:32:18.198485+00:00,1.0
2023-06-01,2023,2023-24,June,IOCL TOTAL,subtotal,6297.37,Thousand Metric Tonnes (TMT),PPAC / Ministry of Petroleum and Natural Gas,8d3b6596-b09e-4077-aebf-425193185a5b.csv,132,2026-08-21T15:32:18.198485+00:00,1.0
2023-06-01,2023,2023-24,June,CPCL-TOTAL,subtotal,816.58,Thousand Metric Tonnes (TMT),PPAC / Ministry of Petroleum and Natural Gas,8d3b6596-b09e-4077-aebf-425193185a5b.csv,133,2026-08-21T15:32:18.198485+00:00,1.0
2023-06-01,2023,2023-24,June,"BPCL-MUMBAI, MAHARASHTRA",individual,1367.86,Thousand Metric Tonnes (TMT),PPAC / Ministry of Petroleum and Natural Gas,8d3b6596-b09e-4077-aebf-425193185a5b.csv,134,2026-08-21T15:32:18.198485+00:00,1.0
2023-06-01,2023,2023-24,June,"BPCL-KOCHI, KERALA",individual,1467.81,Thousand Metric Tonnes (TMT),PPAC / Ministry of Petroleum and Natural Gas,8d3b6596-b09e-4077-aebf-425193185a5b.csv,135,2026-08-21T15:32:18.198485+00:00,1.0
2023-06-01,2023,2023-24,June,BPCL-TOTAL,subtotal,3415.5,Thousand Metric Tonnes (TMT),PPAC / Ministry of Petroleum and Natural Gas,8d3b6596-b09e-4077-aebf-425193185a5b.csv,136,2026-08-21T15:32:18.198485+00:00,1.0
2023-06-01,2023,2023-24,June,"NEL-VADINAR,GUJARAT",individual,1583.26,Thousand Metric Tonnes (TMT),PPAC / Ministry of Petroleum and Natural Gas,8d3b6596-b09e-4077-aebf-425193185a5b.csv,137,2026-08-21T15:32:18.198485+00:00,1.0
2023-07-01,2023,2023-24,July,"IOCL-BARAUNI,BIHAR",individual,559.56,Thousand Metric Tonnes (TMT),PPAC / Ministry of Petroleum and Natural Gas,8d3b6596-b09e-4077-aebf-425193185a5b.csv,138,2026-08-21T15:32:18.198485+00:00,1.0
2023-07-01,2023,2023-24,July,"IOCL-KOYALI, GUJARAT",individual,1330.93,Thousand Metric Tonnes (TMT),PPAC / Ministry of Petroleum and Natural Gas,8d3b6596-b09e-4077-aebf-425193185a5b.csv,139,2026-08-21T15:32:18.198485+00:00,1.0
2023-07-01,2023,2023-24,July,"IOCL-BONGAIGAON,ASSAM",individual,236.57,Thousand Metric Tonnes (TMT),PPAC / Ministry of Petroleum and Natural Gas,8d3b6596-b09e-4077-aebf-425193185a5b.csv,140,2026-08-21T15:32:18.198485+00:00,1.0
2023-07-01,2023,2023-24,July,ONGC TOTAL,subtotal,1443.88,Thousand Metric Tonnes (TMT),PPAC / Ministry of Petroleum and Natural Gas,8d3b6596-b09e-4077-aebf-425193185a5b.csv,141,2026-08-21T15:32:18.198485+00:00,1.0
2023-07-01,2023,2023-24,July,"HPCL-VISAKH,ANDHRA PRADESH",individual,1108.69,Thousand Metric Tonnes (TMT),PPAC / Ministry of Petroleum and Natural Gas,8d3b6596-b09e-4077-aebf-425193185a5b.csv,142,2026-08-21T15:32:18.198485+00:00,1.0
2023-08-01,2023,2023-24,August,"IOCL-BONGAIGAON,ASSAM",individual,254.94,Thousand Metric Tonnes (TMT),PPAC / Ministry of Petroleum and Natural Gas,8d3b6596-b09e-4077-aebf-425193185a5b.csv,143,2026-08-21T15:32:18.198485+00:00,1.0
2023-08-01,2023,2023-24,August,"HPCL-VISAKH,ANDHRA PRADESH",individual,1104.99,Thousand Metric Tonnes (TMT),PPAC / Ministry of Petroleum and Natural Gas,8d3b6596-b09e-4077-aebf-425193185a5b.csv,144,2026-08-21T15:32:18.198485+00:00,1.0
2023-09-01,2023,2023-24,September,"IOCL-BARAUNI,BIHAR",individual,529.03,Thousand Metric Tonnes (TMT),PPAC / Ministry of Petroleum and Natural Gas,8d3b6596-b09e-4077-aebf-425193185a5b.csv,145,2026-08-21T15:32:18.198485+00:00,1.0
2023-09-01,2023,2023-24,September,"IOCL-KOYALI, GUJARAT",individual,1169.64,Thousand Metric Tonnes (TMT),PPAC / Ministry of Petroleum and Natural Gas,8d3b6596-b09e-4077-aebf-425193185a5b.csv,146,2026-08-21T15:32:18.198485+00:00,1.0
2023-09-01,2023,2023-24,September,"IOCL-PARADIP,ODISHA",individual,1172.85,Thousand Metric Tonnes (TMT),PPAC / Ministry of Petroleum and Natural Gas,8d3b6596-b09e-4077-aebf-425193185a5b.csv,147,2026-08-21T15:32:18.198485+00:00,1.0
2023-09-01,2023,2023-24,September,"HPCL-VISAKH,ANDHRA PRADESH",individual,1013.17,Thousand Metric Tonnes (TMT),PPAC / Ministry of Petroleum and Natural Gas,8d3b6596-b09e-4077-aebf-425193185a5b.csv,148,2026-08-21T15:32:18.198485+00:00,1.0
2023-10-01,2023,2023-24,October,"IOCL-MATHURA, UTTAR PRADESH",individual,852.62,Thousand Metric Tonnes (TMT),PPAC / Ministry of Petroleum and Natural Gas,8d3b6596-b09e-4077-aebf-425193185a5b.csv,149,2026-08-21T15:32:18.198485+00:00,1.0
2023-10-01,2023,2023-24,October,"IOCL-PARADIP,ODISHA",individual,722.08,Thousand Metric Tonnes (TMT),PPAC / Ministry of Petroleum and Natural Gas,8d3b6596-b09e-4077-aebf-425193185a5b.csv,150,2026-08-21T15:32:18.198485+00:00,1.0
2023-10-01,2023,2023-24,October,CPCL-TOTAL,subtotal,1007.23,Thousand Metric Tonnes (TMT),PPAC / Ministry of Petroleum and Natural Gas,8d3b6596-b09e-4077-aebf-425193185a5b.csv,151,2026-08-21T15:32:18.198485+00:00,1.0
2023-10-01,2023,2023-24,October,"NRL-NUMALIGARH, ASSAM",individual,285.83,Thousand Metric Tonnes (TMT),PPAC / Ministry of Petroleum and Natural Gas,8d3b6596-b09e-4077-aebf-425193185a5b.csv,152,2026-08-21T15:32:18.198485+00:00,1.0
2023-10-01,2023,2023-24,October,"HPCL-VISAKH,ANDHRA PRADESH",individual,1010.06,Thousand Metric Tonnes (TMT),PPAC / Ministry of Petroleum and Natural Gas,8d3b6596-b09e-4077-aebf-425193185a5b.csv,153,2026-08-21T15:32:18.198485+00:00,1.0
2023-10-01,2023,2023-24,October,"RIL,JAMNAGAR,GUJARAT",individual,2925.27,Thousand Metric Tonnes (TMT),PPAC / Ministry of Petroleum and Natural Gas,8d3b6596-b09e-4077-aebf-425193185a5b.csv,154,2026-08-21T15:32:18.198485+00:00,1.0
2023-11-01,2023,2023-24,November,"IOCL-BARAUNI,BIHAR",individual,553.58,Thousand Metric Tonnes (TMT),PPAC / Ministry of Petroleum and Natural Gas,8d3b6596-b09e-4077-aebf-425193185a5b.csv,155,2026-08-21T15:32:18.198485+00:00,1.0
2023-11-01,2023,2023-24,November,"IOCL-KOYALI, GUJARAT",individual,1290.12,Thousand Metric Tonnes (TMT),PPAC / Ministry of Petroleum and Natural Gas,8d3b6596-b09e-4077-aebf-425193185a5b.csv,156,2026-08-21T15:32:18.198485+00:00,1.0
2023-11-01,2023,2023-24,November,"IOCL-GUWAHATI,ASSAM",individual,33.13,Thousand Metric Tonnes (TMT),PPAC / Ministry of Petroleum and Natural Gas,8d3b6596-b09e-4077-aebf-425193185a5b.csv,157,2026-08-21T15:32:18.198485+00:00,1.0
2023-11-01,2023,2023-24,November,"IOCL-PARADIP,ODISHA",individual,1260.94,Thousand Metric Tonnes (TMT),PPAC / Ministry of Petroleum and Natural Gas,8d3b6596-b09e-4077-aebf-425193185a5b.csv,158,2026-08-21T15:32:18.198485+00:00,1.0
2023-11-01,2023,2023-24,November,IOCL TOTAL,subtotal,6319.06,Thousand Metric Tonnes (TMT),PPAC / Ministry of Petroleum and Natural Gas,8d3b6596-b09e-4077-aebf-425193185a5b.csv,159,2026-08-21T15:32:18.198485+00:00,1.0
2023-11-01,2023,2023-24,November,"BPCL-MUMBAI, MAHARASHTRA",individual,927.63,Thousand Metric Tonnes (TMT),PPAC / Ministry of Petroleum and Natural Gas,8d3b6596-b09e-4077-aebf-425193185a5b.csv,160,2026-08-21T15:32:18.198485+00:00,1.0
2023-11-01,2023,2023-24,November,BORL-BINA,individual,682.46,Thousand Metric Tonnes (TMT),PPAC / Ministry of Petroleum and Natural Gas,8d3b6596-b09e-4077-aebf-425193185a5b.csv,161,2026-08-21T15:32:18.198485+00:00,1.0
2023-11-01,2023,2023-24,November,"NRL-NUMALIGARH, ASSAM",individual,280.22,Thousand Metric Tonnes (TMT),PPAC / Ministry of Petroleum and Natural Gas,8d3b6596-b09e-4077-aebf-425193185a5b.csv,162,2026-08-21T15:32:18.198485+00:00,1.0
2023-11-01,2023,2023-24,November,"ONGC-TATIPAKA,ANDHRA PRADESH",individual,4.6,Thousand Metric Tonnes (TMT),PPAC / Ministry of Petroleum and Natural Gas,8d3b6596-b09e-4077-aebf-425193185a5b.csv,163,2026-08-21T15:32:18.198485+00:00,1.0
2023-11-01,2023,2023-24,November,"HMEL-GGSR, BATHINDA, PUNJAB",individual,1074.42,Thousand Metric Tonnes (TMT),PPAC / Ministry of Petroleum and Natural Gas,8d3b6596-b09e-4077-aebf-425193185a5b.csv,164,2026-08-21T15:32:18.198485+00:00,1.0
2023-11-01,2023,2023-24,November,HPCL-TOTAL,subtotal,2759.06,Thousand Metric Tonnes (TMT),PPAC / Ministry of Petroleum and Natural Gas,8d3b6596-b09e-4077-aebf-425193185a5b.csv,165,2026-08-21T15:32:18.198485+00:00,1.0
2023-11-01,2023,2023-24,November,"NEL-VADINAR,GUJARAT",individual,1674.6,Thousand Metric Tonnes (TMT),PPAC / Ministry of Petroleum and Natural Gas,8d3b6596-b09e-4077-aebf-425193185a5b.csv,166,2026-08-21T15:32:18.198485+00:00,1.0
2023-11-01,2023,2023-24,November,GRAND TOTAL,grand_total,21668.32,Thousand Metric Tonnes (TMT),PPAC / Ministry of Petroleum and Natural Gas,8d3b6596-b09e-4077-aebf-425193185a5b.csv,167,2026-08-21T15:32:18.198485+00:00,1.0
2023-12-01,2023,2023-24,December,"IOCL-KOYALI, GUJARAT",individual,1330.24,Thousand Metric Tonnes (TMT),PPAC / Ministry of Petroleum and Natural Gas,8d3b6596-b09e-4077-aebf-425193185a5b.csv,168,2026-08-21T15:32:18.198485+00:00,1.0
2023-12-01,2023,2023-24,December,"IOCL-DIGBOI,ASSAM",individual,69.08,Thousand Metric Tonnes (TMT),PPAC / Ministry of Petroleum and Natural Gas,8d3b6596-b09e-4077-aebf-425193185a5b.csv,169,2026-08-21T15:32:18.198485+00:00,1.0
2023-12-01,2023,2023-24,December,CPCL-TOTAL,subtotal,820.5,Thousand Metric Tonnes (TMT),PPAC / Ministry of Petroleum and Natural Gas,8d3b6596-b09e-4077-aebf-425193185a5b.csv,170,2026-08-21T15:32:18.198485+00:00,1.0
2023-12-01,2023,2023-24,December,"BPCL-KOCHI, KERALA",individual,1563.39,Thousand Metric Tonnes (TMT),PPAC / Ministry of Petroleum and Natural Gas,8d3b6596-b09e-4077-aebf-425193185a5b.csv,171,2026-08-21T15:32:18.198485+00:00,1.0
2023-12-01,2023,2023-24,December,"ONGC-TATIPAKA,ANDHRA PRADESH",individual,5.7,Thousand Metric Tonnes (TMT),PPAC / Ministry of Petroleum and Natural Gas,8d3b6596-b09e-4077-aebf-425193185a5b.csv,172,2026-08-21T15:32:18.198485+00:00,1.0
2023-12-01,2023,2023-24,December,"HPCL-MUMBAI,MAHARASHTRA",individual,842.76,Thousand Metric Tonnes (TMT),PPAC / Ministry of Petroleum and Natural Gas,8d3b6596-b09e-4077-aebf-425193185a5b.csv,173,2026-08-21T15:32:18.198485+00:00,1.0
2024-01-01,2024,2023-24,January,"IOCL-BARAUNI,BIHAR",individual,517.57,Thousand Metric Tonnes (TMT),PPAC / Ministry of Petroleum and Natural Gas,8d3b6596-b09e-4077-aebf-425193185a5b.csv,174,2026-08-21T15:32:18.198485+00:00,1.0
2024-01-01,2024,2023-24,January,"BPCL-MUMBAI, MAHARASHTRA",individual,1156.9,Thousand Metric Tonnes (TMT),PPAC / Ministry of Petroleum and Natural Gas,8d3b6596-b09e-4077-aebf-425193185a5b.csv,175,2026-08-21T15:32:18.198485+00:00,1.0
2024-01-01,2024,2023-24,January,BPCL-TOTAL,subtotal,3476.48,Thousand Metric Tonnes (TMT),PPAC / Ministry of Petroleum and Natural Gas,8d3b6596-b09e-4077-aebf-425193185a5b.csv,176,2026-08-21T15:32:18.198485+00:00,1.0
2024-01-01,2024,2023-24,January,"HPCL-MUMBAI,MAHARASHTRA",individual,853.95,Thousand Metric Tonnes (TMT),PPAC / Ministry of Petroleum and Natural Gas,8d3b6596-b09e-4077-aebf-425193185a5b.csv,177,2026-08-21T15:32:18.198485+00:00,1.0
2024-01-01,2024,2023-24,January,HPCL-TOTAL,subtotal,2886.15,Thousand Metric Tonnes (TMT),PPAC / Ministry of Petroleum and Natural Gas,8d3b6596-b09e-4077-aebf-425193185a5b.csv,178,2026-08-21T15:32:18.198485+00:00,1.0
2024-02-01,2024,2023-24,February,"IOCL-MATHURA, UTTAR PRADESH",individual,793.51,Thousand Metric Tonnes (TMT),PPAC / Ministry of Petroleum and Natural Gas,8d3b6596-b09e-4077-aebf-425193185a5b.csv,179,2026-08-21T15:32:18.198485+00:00,1.0
2024-02-01,2024,2023-24,February,"IOCL-PANIPAT, HARYANA",individual,693.25,Thousand Metric Tonnes (TMT),PPAC / Ministry of Petroleum and Natural Gas,8d3b6596-b09e-4077-aebf-425193185a5b.csv,180,2026-08-21T15:32:18.198485+00:00,1.0
2024-02-01,2024,2023-24,February,IOCL TOTAL,subtotal,5630.93,Thousand Metric Tonnes (TMT),PPAC / Ministry of Petroleum and Natural Gas,8d3b6596-b09e-4077-aebf-425193185a5b.csv,181,2026-08-21T15:32:18.198485+00:00,1.0
2024-02-01,2024,2023-24,February,BPCL-TOTAL,subtotal,3174.59,Thousand Metric Tonnes (TMT),PPAC / Ministry of Petroleum and Natural Gas,8d3b6596-b09e-4077-aebf-425193185a5b.csv,182,2026-08-21T15:32:18.198485+00:00,1.0
2024-02-01,2024,2023-24,February,ONGC TOTAL,subtotal,1467.97,Thousand Metric Tonnes (TMT),PPAC / Ministry of Petroleum and Natural Gas,8d3b6596-b09e-4077-aebf-425193185a5b.csv,183,2026-08-21T15:32:18.198485+00:00,1.0
2024-02-01,2024,2023-24,February,"HMEL-GGSR, BATHINDA, PUNJAB",individual,884.58,Thousand Metric Tonnes (TMT),PPAC / Ministry of Petroleum and Natural Gas,8d3b6596-b09e-4077-aebf-425193185a5b.csv,184,2026-08-21T15:32:18.198485+00:00,1.0
2024-02-01,2024,2023-24,February,HPCL-TOTAL,subtotal,2818.23,Thousand Metric Tonnes (TMT),PPAC / Ministry of Petroleum and Natural Gas,8d3b6596-b09e-4077-aebf-425193185a5b.csv,185,2026-08-21T15:32:18.198485+00:00,1.0
2024-02-01,2024,2023-24,February,"NEL-VADINAR,GUJARAT",individual,1622.29,Thousand Metric Tonnes (TMT),PPAC / Ministry of Petroleum and Natural Gas,8d3b6596-b09e-4077-aebf-425193185a5b.csv,186,2026-08-21T15:32:18.198485+00:00,1.0
2024-03-01,2024,2023-24,March,"IOCL-MATHURA, UTTAR PRADESH",individual,900.97,Thousand Metric Tonnes (TMT),PPAC / Ministry of Petroleum and Natural Gas,8d3b6596-b09e-4077-aebf-425193185a5b.csv,187,2026-08-21T15:32:18.198485+00:00,1.0
2024-03-01,2024,2023-24,March,BORL-BINA,individual,631.74,Thousand Metric Tonnes (TMT),PPAC / Ministry of Petroleum and Natural Gas,8d3b6596-b09e-4077-aebf-425193185a5b.csv,188,2026-08-21T15:32:18.198485+00:00,1.0
2024-03-01,2024,2023-24,March,ONGC TOTAL,subtotal,1527.62,Thousand Metric Tonnes (TMT),PPAC / Ministry of Petroleum and Natural Gas,8d3b6596-b09e-4077-aebf-425193185a5b.csv,189,2026-08-21T15:32:18.198485+00:00,1.0
2024-03-01,2024,2023-24,March,GRAND TOTAL,grand_total,23372.1,Thousand Metric Tonnes (TMT),PPAC / Ministry of Petroleum and Natural Gas,8d3b6596-b09e-4077-aebf-425193185a5b.csv,190,2026-08-21T15:32:18.198485+00:00,1.0
2022-04-01,2022,2022-23,April,"IOCL-HALDIA, WEST BENGAL",individual,706.39,Thousand Metric Tonnes (TMT),PPAC / Ministry of Petroleum and Natural Gas,8d3b6596-b09e-4077-aebf-425193185a5b.csv,191,2026-08-21T15:32:18.198485+00:00,1.0
2022-04-01,2022,2022-23,April,"IOCL-DIGBOI,ASSAM",individual,58.03,Thousand Metric Tonnes (TMT),PPAC / Ministry of Petroleum and Natural Gas,8d3b6596-b09e-4077-aebf-425193185a5b.csv,192,2026-08-21T15:32:18.198485+00:00,1.0
2022-04-01,2022,2022-23,April,ONGC TOTAL,subtotal,1487.02,Thousand Metric Tonnes (TMT),PPAC / Ministry of Petroleum and Natural Gas,8d3b6596-b09e-4077-aebf-425193185a5b.csv,193,2026-08-21T15:32:18.198485+00:00,1.0
2022-04-01,2022,2022-23,April,"HMEL-GGSR, BATHINDA, PUNJAB",individual,1039.86,Thousand Metric Tonnes (TMT),PPAC / Ministry of Petroleum and Natural Gas,8d3b6596-b09e-4077-aebf-425193185a5b.csv,194,2026-08-21T15:32:18.198485+00:00,1.0
2022-04-01,2022,2022-23,April,RIL TOTAL,subtotal,5150.91,Thousand Metric Tonnes (TMT),PPAC / Ministry of Petroleum and Natural Gas,8d3b6596-b09e-4077-aebf-425193185a5b.csv,195,2026-08-21T15:32:18.198485+00:00,1.0
2022-05-01,2022,2022-23,May,"IOCL-MATHURA, UTTAR PRADESH",individual,812.96,Thousand Metric Tonnes (TMT),PPAC / Ministry of Petroleum and Natural Gas,8d3b6596-b09e-4077-aebf-425193185a5b.csv,196,2026-08-21T15:32:18.198485+00:00,1.0
2022-05-01,2022,2022-23,May,"IOCL-BONGAIGAON,ASSAM",individual,182.52,Thousand Metric Tonnes (TMT),PPAC / Ministry of Petroleum and Natural Gas,8d3b6596-b09e-4077-aebf-425193185a5b.csv,197,2026-08-21T15:32:18.198485+00:00,1.0
2022-05-01,2022,2022-23,May,IOCL TOTAL,subtotal,6422.41,Thousand Metric Tonnes (TMT),PPAC / Ministry of Petroleum and Natural Gas,8d3b6596-b09e-4077-aebf-425193185a5b.csv,198,2026-08-21T15:32:18.198485+00:00,1.0
2022-05-01,2022,2022-23,May,CPCL-TOTAL,subtotal,1005.44,Thousand Metric Tonnes (TMT),PPAC / Ministry of Petroleum and Natural Gas,8d3b6596-b09e-4077-aebf-425193185a5b.csv,199,2026-08-21T15:32:18.198485+00:00,1.0
2022-05-01,2022,2022-23,May,"BPCL-MUMBAI, MAHARASHTRA",individual,1256.55,Thousand Metric Tonnes (TMT),PPAC / Ministry of Petroleum and Natural Gas,8d3b6596-b09e-4077-aebf-425193185a5b.csv,200,2026-08-21T15:32:18.198485+00:00,1.0
2022-05-01,2022,2022-23,May,ONGC TOTAL,subtotal,1421.98,Thousand Metric Tonnes (TMT),PPAC / Ministry of Petroleum and Natural Gas,8d3b6596-b09e-4077-aebf-425193185a5b.csv,201,2026-08-21T15:32:18.198485+00:00,1.0
2022-05-01,2022,2022-23,May,"HPCL-VISAKH,ANDHRA PRADESH",individual,802.67,Thousand Metric Tonnes (TMT),PPAC / Ministry of Petroleum and Natural Gas,8d3b6596-b09e-4077-aebf-425193185a5b.csv,202,2026-08-21T15:32:18.198485+00:00,1.0
2022-05-01,2022,2022-23,May,HPCL-TOTAL,subtotal,2757.9,Thousand Metric Tonnes (TMT),PPAC / Ministry of Petroleum and Natural Gas,8d3b6596-b09e-4077-aebf-425193185a5b.csv,203,2026-08-21T15:32:18.198485+00:00,1.0
2022-06-01,2022,2022-23,June,"IOCL-BARAUNI,BIHAR",individual,559.48,Thousand Metric Tonnes (TMT),PPAC / Ministry of Petroleum and Natural Gas,8d3b6596-b09e-4077-aebf-425193185a5b.csv,204,2026-08-21T15:32:18.198485+00:00,1.0
2022-06-01,2022,2022-23,June,"IOCL-KOYALI, GUJARAT",individual,1314.78,Thousand Metric Tonnes (TMT),PPAC / Ministry of Petroleum and Natural Gas,8d3b6596-b09e-4077-aebf-425193185a5b.csv,205,2026-08-21T15:32:18.198485+00:00,1.0
2022-06-01,2022,2022-23,June,"IOCL-DIGBOI,ASSAM",individual,60.93,Thousand Metric Tonnes (TMT),PPAC / Ministry of Petroleum and Natural Gas,8d3b6596-b09e-4077-aebf-425193185a5b.csv,206,2026-08-21T15:32:18.198485+00:00,1.0
2022-06-01,2022,2022-23,June,"RIL,JAMNAGAR,GUJARAT",individual,2953.79,Thousand Metric Tonnes (TMT),PPAC / Ministry of Petroleum and Natural Gas,8d3b6596-b09e-4077-aebf-425193185a5b.csv,207,2026-08-21T15:32:18.198485+00:00,1.0
2022-07-01,2022,2022-23,July,"IOCL-BARAUNI,BIHAR",individual,558.62,Thousand Metric Tonnes (TMT),PPAC / Ministry of Petroleum and Natural Gas,8d3b6596-b09e-4077-aebf-425193185a5b.csv,208,2026-08-21T15:32:18.198485+00:00,1.0
2022-07-01,2022,2022-23,July,"IOCL-MATHURA, UTTAR PRADESH",individual,714.64,Thousand Metric Tonnes (TMT),PPAC / Ministry of Petroleum and Natural Gas,8d3b6596-b09e-4077-aebf-425193185a5b.csv,209,2026-08-21T15:32:18.198485+00:00,1.0
2022-07-01,2022,2022-23,July,"IOCL-PANIPAT, HARYANA",individual,1154.63,Thousand Metric Tonnes (TMT),PPAC / Ministry of Petroleum and Natural Gas,8d3b6596-b09e-4077-aebf-425193185a5b.csv,210,2026-08-21T15:32:18.198485+00:00,1.0
2022-07-01,2022,2022-23,July,"IOCL-BONGAIGAON,ASSAM",individual,211.02,Thousand Metric Tonnes (TMT),PPAC / Ministry of Petroleum and Natural Gas,8d3b6596-b09e-4077-aebf-425193185a5b.csv,211,2026-08-21T15:32:18.198485+00:00,1.0
2022-07-01,2022,2022-23,July,GRAND TOTAL,grand_total,21423.24,Thousand Metric Tonnes (TMT),PPAC / Ministry of Petroleum and Natural Gas,8d3b6596-b09e-4077-aebf-425193185a5b.csv,212,2026-08-21T15:32:18.198485+00:00,1.0
2022-08-01,2022,2022-23,August,"IOCL-PANIPAT, HARYANA",individual,1207.09,Thousand Metric Tonnes (TMT),PPAC / Ministry of Petroleum and Natural Gas,8d3b6596-b09e-4077-aebf-425193185a5b.csv,213,2026-08-21T15:32:18.198485+00:00,1.0
2022-08-01,2022,2022-23,August,"IOCL-BONGAIGAON,ASSAM",individual,248.88,Thousand Metric Tonnes (TMT),PPAC / Ministry of Petroleum and Natural Gas,8d3b6596-b09e-4077-aebf-425193185a5b.csv,214,2026-08-21T15:32:18.198485+00:00,1.0
2022-08-01,2022,2022-23,August,"BPCL-MUMBAI, MAHARASHTRA",individual,1246.63,Thousand Metric Tonnes (TMT),PPAC / Ministry of Petroleum and Natural Gas,8d3b6596-b09e-4077-aebf-425193185a5b.csv,215,2026-08-21T15:32:18.198485+00:00,1.0
2022-08-01,2022,2022-23,August,"BPCL-KOCHI, KERALA",individual,1377.33,Thousand Metric Tonnes (TMT),PPAC / Ministry of Petroleum and Natural Gas,8d3b6596-b09e-4077-aebf-425193185a5b.csv,216,2026-08-21T15:32:18.198485+00:00,1.0
2022-08-01,2022,2022-23,August,BORL-BINA,individual,412.22,Thousand Metric Tonnes (TMT),PPAC / Ministry of Petroleum and Natural Gas,8d3b6596-b09e-4077-aebf-425193185a5b.csv,217,2026-08-21T15:32:18.198485+00:00,1.0
2022-08-01,2022,2022-23,August,"MRPL-MANGALORE,KARNATAKA",individual,1182.21,Thousand Metric Tonnes (TMT),PPAC / Ministry of Petroleum and Natural Gas,8d3b6596-b09e-4077-aebf-425193185a5b.csv,218,2026-08-21T15:32:18.198485+00:00,1.0
2022-08-01,2022,2022-23,August,"RIL,JAMNAGAR,GUJARAT",individual,3029.94,Thousand Metric Tonnes (TMT),PPAC / Ministry of Petroleum and Natural Gas,8d3b6596-b09e-4077-aebf-425193185a5b.csv,219,2026-08-21T15:32:18.198485+00:00,1.0
2022-09-01,2022,2022-23,September,"IOCL-BARAUNI,BIHAR",individual,544.5,Thousand Metric Tonnes (TMT),PPAC / Ministry of Petroleum and Natural Gas,8d3b6596-b09e-4077-aebf-425193185a5b.csv,220,2026-08-21T15:32:18.198485+00:00,1.0
2022-09-01,2022,2022-23,September,"HPCL-VISAKH,ANDHRA PRADESH",individual,814.04,Thousand Metric Tonnes (TMT),PPAC / Ministry of Petroleum and Natural Gas,8d3b6596-b09e-4077-aebf-425193185a5b.csv,221,2026-08-21T15:32:18.198485+00:00,1.0
2022-09-01,2022,2022-23,September,"HMEL-GGSR, BATHINDA, PUNJAB",individual,932.59,Thousand Metric Tonnes (TMT),PPAC / Ministry of Petroleum and Natural Gas,8d3b6596-b09e-4077-aebf-425193185a5b.csv,222,2026-08-21T15:32:18.198485+00:00,1.0
2022-09-01,2022,2022-23,September,"NEL-VADINAR,GUJARAT",individual,1692.16,Thousand Metric Tonnes (TMT),PPAC / Ministry of Petroleum and Natural Gas,8d3b6596-b09e-4077-aebf-425193185a5b.csv,223,2026-08-21T15:32:18.198485+00:00,1.0
2022-10-01,2022,2022-23,October,"IOCL-PANIPAT, HARYANA",individual,1184.84,Thousand Metric Tonnes (TMT),PPAC / Ministry of Petroleum and Natural Gas,8d3b6596-b09e-4077-aebf-425193185a5b.csv,224,2026-08-21T15:32:18.198485+00:00,1.0
2022-10-01,2022,2022-23,October,"IOCL-DIGBOI,ASSAM",individual,62.42,Thousand Metric Tonnes (TMT),PPAC / Ministry of Petroleum and Natural Gas,8d3b6596-b09e-4077-aebf-425193185a5b.csv,225,2026-08-21T15:32:18.198485+00:00,1.0
2022-10-01,2022,2022-23,October,"IOCL-PARADIP,ODISHA",individual,1239.11,Thousand Metric Tonnes (TMT),PPAC / Ministry of Petroleum and Natural Gas,8d3b6596-b09e-4077-aebf-425193185a5b.csv,226,2026-08-21T15:32:18.198485+00:00,1.0
2022-10-01,2022,2022-23,October,IOCL TOTAL,subtotal,6245.22,Thousand Metric Tonnes (TMT),PPAC / Ministry of Petroleum and Natural Gas,8d3b6596-b09e-4077-aebf-425193185a5b.csv,227,2026-08-21T15:32:18.198485+00:00,1.0
2022-10-01,2022,2022-23,October,BORL-BINA,individual,705.16,Thousand Metric Tonnes (TMT),PPAC / Ministry of Petroleum and Natural Gas,8d3b6596-b09e-4077-aebf-425193185a5b.csv,228,2026-08-21T15:32:18.198485+00:00,1.0
2022-10-01,2022,2022-23,October,"ONGC-TATIPAKA,ANDHRA PRADESH",individual,7.55,Thousand Metric Tonnes (TMT),PPAC / Ministry of Petroleum and Natural Gas,8d3b6596-b09e-4077-aebf-425193185a5b.csv,229,2026-08-21T15:32:18.198485+00:00,1.0
2022-10-01,2022,2022-23,October,"MRPL-MANGALORE,KARNATAKA",individual,1493.47,Thousand Metric Tonnes (TMT),PPAC / Ministry of Petroleum and Natural Gas,8d3b6596-b09e-4077-aebf-425193185a5b.csv,230,2026-08-21T15:32:18.198485+00:00,1.0
2022-10-01,2022,2022-23,October,RIL TOTAL,subtotal,4691.26,Thousand Metric Tonnes (TMT),PPAC / Ministry of Petroleum and Natural Gas,8d3b6596-b09e-4077-aebf-425193185a5b.csv,231,2026-08-21T15:32:18.198485+00:00,1.0
2022-11-01,2022,2022-23,November,"HPCL-VISAKH,ANDHRA PRADESH",individual,801.28,Thousand Metric Tonnes (TMT),PPAC / Ministry of Petroleum and Natural Gas,8d3b6596-b09e-4077-aebf-425193185a5b.csv,232,2026-08-21T15:32:18.198485+00:00,1.0
2022-11-01,2022,2022-23,November,HPCL-TOTAL,subtotal,2599.45,Thousand Metric Tonnes (TMT),PPAC / Ministry of Petroleum and Natural Gas,8d3b6596-b09e-4077-aebf-425193185a5b.csv,233,2026-08-21T15:32:18.198485+00:00,1.0
2022-12-01,2022,2022-23,December,"IOCL-KOYALI, GUJARAT",individual,1326.2,Thousand Metric Tonnes (TMT),PPAC / Ministry of Petroleum and Natural Gas,8d3b6596-b09e-4077-aebf-425193185a5b.csv,234,2026-08-21T15:32:18.198485+00:00,1.0
2022-12-01,2022,2022-23,December,"IOCL-HALDIA, WEST BENGAL",individual,731.49,Thousand Metric Tonnes (TMT),PPAC / Ministry of Petroleum and Natural Gas,8d3b6596-b09e-4077-aebf-425193185a5b.csv,235,2026-08-21T15:32:18.198485+00:00,1.0
2022-12-01,2022,2022-23,December,"RIL-(SEZ), JAMNAGAR,GUJARAT",individual,2467.05,Thousand Metric Tonnes (TMT),PPAC / Ministry of Petroleum and Natural Gas,8d3b6596-b09e-4077-aebf-425193185a5b.csv,236,2026-08-21T15:32:18.198485+00:00,1.0
2022-12-01,2022,2022-23,December,"NEL-VADINAR,GUJARAT",individual,1712.08,Thousand Metric Tonnes (TMT),PPAC / Ministry of Petroleum and Natural Gas,8d3b6596-b09e-4077-aebf-425193185a5b.csv,237,2026-08-21T15:32:18.198485+00:00,1.0
2023-01-01,2023,2022-23,January,"IOCL-BONGAIGAON,ASSAM",individual,253.07,Thousand Metric Tonnes (TMT),PPAC / Ministry of Petroleum and Natural Gas,8d3b6596-b09e-4077-aebf-425193185a5b.csv,238,2026-08-21T15:32:18.198485+00:00,1.0
2023-01-01,2023,2022-23,January,"MRPL-MANGALORE,KARNATAKA",individual,1496.59,Thousand Metric Tonnes (TMT),PPAC / Ministry of Petroleum and Natural Gas,8d3b6596-b09e-4077-aebf-425193185a5b.csv,239,2026-08-21T15:32:18.198485+00:00,1.0
2023-01-01,2023,2022-23,January,"RIL,JAMNAGAR,GUJARAT",individual,2848.0,Thousand Metric Tonnes (TMT),PPAC / Ministry of Petroleum and Natural Gas,8d3b6596-b09e-4077-aebf-425193185a5b.csv,240,2026-08-21T15:32:18.198485+00:00,1.0
2023-01-01,2023,2022-23,January,GRAND TOTAL,grand_total,22809.58,Thousand Metric Tonnes (TMT),PPAC / Ministry of Petroleum and Natural Gas,8d3b6596-b09e-4077-aebf-425193185a5b.csv,241,2026-08-21T15:32:18.198485+00:00,1.0
2023-02-01,2023,2022-23,February,"IOCL-GUWAHATI,ASSAM",individual,86.09,Thousand Metric Tonnes (TMT),PPAC / Ministry of Petroleum and Natural Gas,8d3b6596-b09e-4077-aebf-425193185a5b.csv,242,2026-08-21T15:32:18.198485+00:00,1.0
2023-02-01,2023,2022-23,February,IOCL TOTAL,subtotal,5938.4,Thousand Metric Tonnes (TMT),PPAC / Ministry of Petroleum and Natural Gas,8d3b6596-b09e-4077-aebf-425193185a5b.csv,243,2026-08-21T15:32:18.198485+00:00,1.0
2023-02-01,2023,2022-23,February,"BPCL-KOCHI, KERALA",individual,1406.51,Thousand Metric Tonnes (TMT),PPAC / Ministry of Petroleum and Natural Gas,8d3b6596-b09e-4077-aebf-425193185a5b.csv,244,2026-08-21T15:32:18.198485+00:00,1.0
2023-02-01,2023,2022-23,February,HPCL-TOTAL,subtotal,2557.5,Thousand Metric Tonnes (TMT),PPAC / Ministry of Petroleum and Natural Gas,8d3b6596-b09e-4077-aebf-425193185a5b.csv,245,2026-08-21T15:32:18.198485+00:00,1.0
2023-02-01,2023,2022-23,February,"RIL,JAMNAGAR,GUJARAT",individual,2575.91,Thousand Metric Tonnes (TMT),PPAC / Ministry of Petroleum and Natural Gas,8d3b6596-b09e-4077-aebf-425193185a5b.csv,246,2026-08-21T15:32:18.198485+00:00,1.0
2023-02-01,2023,2022-23,February,GRAND TOTAL,grand_total,20847.79,Thousand Metric Tonnes (TMT),PPAC / Ministry of Petroleum and Natural Gas,8d3b6596-b09e-4077-aebf-425193185a5b.csv,247,2026-08-21T15:32:18.198485+00:00,1.0
2023-03-01,2023,2022-23,March,"IOCL-BARAUNI,BIHAR",individual,579.97,Thousand Metric Tonnes (TMT),PPAC / Ministry of Petroleum and Natural Gas,8d3b6596-b09e-4077-aebf-425193185a5b.csv,248,2026-08-21T15:32:18.198485+00:00,1.0
2023-03-01,2023,2022-23,March,"IOCL-BONGAIGAON,ASSAM",individual,257.73,Thousand Metric Tonnes (TMT),PPAC / Ministry of Petroleum and Natural Gas,8d3b6596-b09e-4077-aebf-425193185a5b.csv,249,2026-08-21T15:32:18.198485+00:00,1.0
2023-03-01,2023,2022-23,March,IOCL TOTAL,subtotal,6696.37,Thousand Metric Tonnes (TMT),PPAC / Ministry of Petroleum and Natural Gas,8d3b6596-b09e-4077-aebf-425193185a5b.csv,250,2026-08-21T15:32:18.198485+00:00,1.0
2023-03-01,2023,2022-23,March,BORL-BINA,individual,735.71,Thousand Metric Tonnes (TMT),PPAC / Ministry of Petroleum and Natural Gas,8d3b6596-b09e-4077-aebf-425193185a5b.csv,251,2026-08-21T15:32:18.198485+00:00,1.0
2023-03-01,2023,2022-23,March,BPCL-TOTAL,subtotal,3636.0,Thousand Metric Tonnes (TMT),PPAC / Ministry of Petroleum and Natural Gas,8d3b6596-b09e-4077-aebf-425193185a5b.csv,252,2026-08-21T15:32:18.198485+00:00,1.0
2023-03-01,2023,2022-23,March,"NRL-NUMALIGARH, ASSAM",individual,205.02,Thousand Metric Tonnes (TMT),PPAC / Ministry of Petroleum and Natural Gas,8d3b6596-b09e-4077-aebf-425193185a5b.csv,253,2026-08-21T15:32:18.198485+00:00,1.0
2023-03-01,2023,2022-23,March,"HPCL-MUMBAI,MAHARASHTRA",individual,873.83,Thousand Metric Tonnes (TMT),PPAC / Ministry of Petroleum and Natural Gas,8d3b6596-b09e-4077-aebf-425193185a5b.csv,254,2026-08-21T15:32:18.198485+00:00,1.0
2021-04-01,2021,2021-22,April,"IOCL-KOYALI, GUJARAT",individual,998.0,Thousand Metric Tonnes (TMT),PPAC / Ministry of Petroleum and Natural Gas,8d3b6596-b09e-4077-aebf-425193185a5b.csv,255,2026-08-21T15:32:18.198485+00:00,1.0
2021-04-01,2021,2021-22,April,"IOCL-HALDIA, WEST BENGAL",individual,696.0,Thousand Metric Tonnes (TMT),PPAC / Ministry of Petroleum and Natural Gas,8d3b6596-b09e-4077-aebf-425193185a5b.csv,256,2026-08-21T15:32:18.198485+00:00,1.0
2021-04-01,2021,2021-22,April,"IOCL-PANIPAT, HARYANA",individual,1322.0,Thousand Metric Tonnes (TMT),PPAC / Ministry of Petroleum and Natural Gas,8d3b6596-b09e-4077-aebf-425193185a5b.csv,257,2026-08-21T15:32:18.198485+00:00,1.0
2021-04-01,2021,2021-22,April,"IOCL-BONGAIGAON,ASSAM",individual,225.0,Thousand Metric Tonnes (TMT),PPAC / Ministry of Petroleum and Natural Gas,8d3b6596-b09e-4077-aebf-425193185a5b.csv,258,2026-08-21T15:32:18.198485+00:00,1.0
2021-04-01,2021,2021-22,April,BPCL-TOTAL,subtotal,3236.0,Thousand Metric Tonnes (TMT),PPAC / Ministry of Petroleum and Natural Gas,8d3b6596-b09e-4077-aebf-425193185a5b.csv,259,2026-08-21T15:32:18.198485+00:00,1.0
2021-04-01,2021,2021-22,April,RIL TOTAL,subtotal,5021.0,Thousand Metric Tonnes (TMT),PPAC / Ministry of Petroleum and Natural Gas,8d3b6596-b09e-4077-aebf-425193185a5b.csv,260,2026-08-21T15:32:18.198485+00:00,1.0
2021-05-01,2021,2021-22,May,"IOCL-KOYALI, GUJARAT",individual,1042.0,Thousand Metric Tonnes (TMT),PPAC / Ministry of Petroleum and Natural Gas,8d3b6596-b09e-4077-aebf-425193185a5b.csv,261,2026-08-21T15:32:18.198485+00:00,1.0
2021-05-01,2021,2021-22,May,"IOCL-PARADIP,ODISHA",individual,1045.0,Thousand Metric Tonnes (TMT),PPAC / Ministry of Petroleum and Natural Gas,8d3b6596-b09e-4077-aebf-425193185a5b.csv,262,2026-08-21T15:32:18.198485+00:00,1.0
2021-05-01,2021,2021-22,May,"CPCL-MANALI, TAMILNADU",individual,629.0,Thousand Metric Tonnes (TMT),PPAC / Ministry of Petroleum and Natural Gas,8d3b6596-b09e-4077-aebf-425193185a5b.csv,263,2026-08-21T15:32:18.198485+00:00,1.0
2021-05-01,2021,2021-22,May,"BPCL-KOCHI, KERALA",individual,910.0,Thousand Metric Tonnes (TMT),PPAC / Ministry of Petroleum and Natural Gas,8d3b6596-b09e-4077-aebf-425193185a5b.csv,264,2026-08-21T15:32:18.198485+00:00,1.0
2021-05-01,2021,2021-22,May,"ONGC-TATIPAKA,ANDHRA PRADESH",individual,7.0,Thousand Metric Tonnes (TMT),PPAC / Ministry of Petroleum and Natural Gas,8d3b6596-b09e-4077-aebf-425193185a5b.csv,265,2026-08-21T15:32:18.198485+00:00,1.0
2021-05-01,2021,2021-22,May,"HPCL-VISAKH,ANDHRA PRADESH",individual,737.0,Thousand Metric Tonnes (TMT),PPAC / Ministry of Petroleum and Natural Gas,8d3b6596-b09e-4077-aebf-425193185a5b.csv,266,2026-08-21T15:32:18.198485+00:00,1.0
2021-05-01,2021,2021-22,May,RIL TOTAL,subtotal,5515.0,Thousand Metric Tonnes (TMT),PPAC / Ministry of Petroleum and Natural Gas,8d3b6596-b09e-4077-aebf-425193185a5b.csv,267,2026-08-21T15:32:18.198485+00:00,1.0
2021-06-01,2021,2021-22,June,"IOCL-HALDIA, WEST BENGAL",individual,606.0,Thousand Metric Tonnes (TMT),PPAC / Ministry of Petroleum and Natural Gas,8d3b6596-b09e-4077-aebf-425193185a5b.csv,268,2026-08-21T15:32:18.198485+00:00,1.0
2021-06-01,2021,2021-22,June,"IOCL-GUWAHATI,ASSAM",individual,,Thousand Metric Tonnes (TMT),PPAC / Ministry of Petroleum and Natural Gas,8d3b6596-b09e-4077-aebf-425193185a5b.csv,269,2026-08-21T15:32:18.198485+00:00,1.0
2021-06-01,2021,2021-22,June,BORL-BINA,individual,425.0,Thousand Metric Tonnes (TMT),PPAC / Ministry of Petroleum and Natural Gas,8d3b6596-b09e-4077-aebf-425193185a5b.csv,270,2026-08-21T15:32:18.198485+00:00,1.0
2021-06-01,2021,2021-22,June,"NRL-NUMALIGARH, ASSAM",individual,193.0,Thousand Metric Tonnes (TMT),PPAC / Ministry of Petroleum and Natural Gas,8d3b6596-b09e-4077-aebf-425193185a5b.csv,271,2026-08-21T15:32:18.198485+00:00,1.0
2021-06-01,2021,2021-22,June,"ONGC-TATIPAKA,ANDHRA PRADESH",individual,6.0,Thousand Metric Tonnes (TMT),PPAC / Ministry of Petroleum and Natural Gas,8d3b6596-b09e-4077-aebf-425193185a5b.csv,272,2026-08-21T15:32:18.198485+00:00,1.0
2021-06-01,2021,2021-22,June,RIL TOTAL,subtotal,5219.0,Thousand Metric Tonnes (TMT),PPAC / Ministry of Petroleum and Natural Gas,8d3b6596-b09e-4077-aebf-425193185a5b.csv,273,2026-08-21T15:32:18.198485+00:00,1.0
2021-07-01,2021,2021-22,July,"IOCL-HALDIA, WEST BENGAL",individual,644.0,Thousand Metric Tonnes (TMT),PPAC / Ministry of Petroleum and Natural Gas,8d3b6596-b09e-4077-aebf-425193185a5b.csv,274,2026-08-21T15:32:18.198485+00:00,1.0
2021-07-01,2021,2021-22,July,"IOCL-BONGAIGAON,ASSAM",individual,226.0,Thousand Metric Tonnes (TMT),PPAC / Ministry of Petroleum and Natural Gas,8d3b6596-b09e-4077-aebf-425193185a5b.csv,275,2026-08-21T15:32:18.198485+00:00,1.0
2021-07-01,2021,2021-22,July,"HPCL-VISAKH,ANDHRA PRADESH",individual,480.0,Thousand Metric Tonnes (TMT),PPAC / Ministry of Petroleum and Natural Gas,8d3b6596-b09e-4077-aebf-425193185a5b.csv,276,2026-08-21T15:32:18.198485+00:00,1.0
2021-07-01,2021,2021-22,July,"RIL,JAMNAGAR,GUJARAT",individual,2743.0,Thousand Metric Tonnes (TMT),PPAC / Ministry of Petroleum and Natural Gas,8d3b6596-b09e-4077-aebf-425193185a5b.csv,277,2026-08-21T15:32:18.198485+00:00,1.0
2021-07-01,2021,2021-22,July,"NEL-VADINAR,GUJARAT",individual,1677.0,Thousand Metric Tonnes (TMT),PPAC / Ministry of Petroleum and Natural Gas,8d3b6596-b09e-4077-aebf-425193185a5b.csv,278,2026-08-21T15:32:18.198485+00:00,1.0
2021-08-01,2021,2021-22,August,"IOCL-GUWAHATI,ASSAM",individual,64.0,Thousand Metric Tonnes (TMT),PPAC / Ministry of Petroleum and Natural Gas,8d3b6596-b09e-4077-aebf-425193185a5b.csv,279,2026-08-21T15:32:18.198485+00:00,1.0
2021-08-01,2021,2021-22,August,IOCL TOTAL,subtotal,4904.0,Thousand Metric Tonnes (TMT),PPAC / Ministry of Petroleum and Natural Gas,8d3b6596-b09e-4077-aebf-425193185a5b.csv,280,2026-08-21T15:32:18.198485+00:00,1.0
2021-08-01,2021,2021-22,August,"BPCL-KOCHI, KERALA",individual,1087.0,Thousand Metric Tonnes (TMT),PPAC / Ministry of Petroleum and Natural Gas,8d3b6596-b09e-4077-aebf-425193185a5b.csv,281,2026-08-21T15:32:18.198485+00:00,1.0
2021-08-01,2021,2021-22,August,"HPCL-MUMBAI,MAHARASHTRA",individual,299.0,Thousand Metric Tonnes (TMT),PPAC / Ministry of Petroleum and Natural Gas,8d3b6596-b09e-4077-aebf-425193185a5b.csv,282,2026-08-21T15:32:18.198485+00:00,1.0
2021-08-01,2021,2021-22,August,"NEL-VADINAR,GUJARAT",individual,1710.0,Thousand Metric Tonnes (TMT),PPAC / Ministry of Petroleum and Natural Gas,8d3b6596-b09e-4077-aebf-425193185a5b.csv,283,2026-08-21T15:32:18.198485+00:00,1.0
2021-09-01,2021,2021-22,September,"IOCL-BARAUNI,BIHAR",individual,56.0,Thousand Metric Tonnes (TMT),PPAC / Ministry of Petroleum and Natural Gas,8d3b6596-b09e-4077-aebf-425193185a5b.csv,284,2026-08-21T15:32:18.198485+00:00,1.0
2021-09-01,2021,2021-22,September,IOCL TOTAL,subtotal,4705.0,Thousand Metric Tonnes (TMT),PPAC / Ministry of Petroleum and Natural Gas,8d3b6596-b09e-4077-aebf-425193185a5b.csv,285,2026-08-21T15:32:18.198485+00:00,1.0
2021-09-01,2021,2021-22,September,"BPCL-KOCHI, KERALA",individual,1338.0,Thousand Metric Tonnes (TMT),PPAC / Ministry of Petroleum and Natural Gas,8d3b6596-b09e-4077-aebf-425193185a5b.csv,286,2026-08-21T15:32:18.198485+00:00,1.0
2021-09-01,2021,2021-22,September,BPCL-TOTAL,subtotal,2874.0,Thousand Metric Tonnes (TMT),PPAC / Ministry of Petroleum and Natural Gas,8d3b6596-b09e-4077-aebf-425193185a5b.csv,287,2026-08-21T15:32:18.198485+00:00,1.0
2021-09-01,2021,2021-22,September,"NRL-NUMALIGARH, ASSAM",individual,238.0,Thousand Metric Tonnes (TMT),PPAC / Ministry of Petroleum and Natural Gas,8d3b6596-b09e-4077-aebf-425193185a5b.csv,288,2026-08-21T15:32:18.198485+00:00,1.0
2021-09-01,2021,2021-22,September,"RIL,JAMNAGAR,GUJARAT",individual,2841.0,Thousand Metric Tonnes (TMT),PPAC / Ministry of Petroleum and Natural Gas,8d3b6596-b09e-4077-aebf-425193185a5b.csv,289,2026-08-21T15:32:18.198485+00:00,1.0
2021-09-01,2021,2021-22,September,"RIL-(SEZ), JAMNAGAR,GUJARAT",individual,2361.0,Thousand Metric Tonnes (TMT),PPAC / Ministry of Petroleum and Natural Gas,8d3b6596-b09e-4077-aebf-425193185a5b.csv,290,2026-08-21T15:32:18.198485+00:00,1.0
2021-10-01,2021,2021-22,October,"IOCL-KOYALI, GUJARAT",individual,939.0,Thousand Metric Tonnes (TMT),PPAC / Ministry of Petroleum and Natural Gas,8d3b6596-b09e-4077-aebf-425193185a5b.csv,291,2026-08-21T15:32:18.198485+00:00,1.0
2021-10-01,2021,2021-22,October,"IOCL-PANIPAT, HARYANA",individual,1315.0,Thousand Metric Tonnes (TMT),PPAC / Ministry of Petroleum and Natural Gas,8d3b6596-b09e-4077-aebf-425193185a5b.csv,292,2026-08-21T15:32:18.198485+00:00,1.0
2021-10-01,2021,2021-22,October,"CPCL-MANALI, TAMILNADU",individual,500.0,Thousand Metric Tonnes (TMT),PPAC / Ministry of Petroleum and Natural Gas,8d3b6596-b09e-4077-aebf-425193185a5b.csv,293,2026-08-21T15:32:18.198485+00:00,1.0
2021-10-01,2021,2021-22,October,CPCL-TOTAL,subtotal,500.0,Thousand Metric Tonnes (TMT),PPAC / Ministry of Petroleum and Natural Gas,8d3b6596-b09e-4077-aebf-425193185a5b.csv,294,2026-08-21T15:32:18.198485+00:00,1.0
2021-10-01,2021,2021-22,October,BPCL-TOTAL,subtotal,3213.0,Thousand Metric Tonnes (TMT),PPAC / Ministry of Petroleum and Natural Gas,8d3b6596-b09e-4077-aebf-425193185a5b.csv,295,2026-08-21T15:32:18.198485+00:00,1.0
2021-10-01,2021,2021-22,October,"HMEL-GGSR, BATHINDA, PUNJAB",individual,1113.0,Thousand Metric Tonnes (TMT),PPAC / Ministry of Petroleum and Natural Gas,8d3b6596-b09e-4077-aebf-425193185a5b.csv,296,2026-08-21T15:32:18.198485+00:00,1.0
2021-10-01,2021,2021-22,October,"RIL,JAMNAGAR,GUJARAT",individual,3110.0,Thousand Metric Tonnes (TMT),PPAC / Ministry of Petroleum and Natural Gas,8d3b6596-b09e-4077-aebf-425193185a5b.csv,297,2026-08-21T15:32:18.198485+00:00,1.0
2021-10-01,2021,2021-22,October,"RIL-(SEZ), JAMNAGAR,GUJARAT",individual,2644.0,Thousand Metric Tonnes (TMT),PPAC / Ministry of Petroleum and Natural Gas,8d3b6596-b09e-4077-aebf-425193185a5b.csv,298,2026-08-21T15:32:18.198485+00:00,1.0
2021-11-01,2021,2021-22,November,"IOCL-PANIPAT, HARYANA",individual,1340.0,Thousand Metric Tonnes (TMT),PPAC / Ministry of Petroleum and Natural Gas,8d3b6596-b09e-4077-aebf-425193185a5b.csv,299,2026-08-21T15:32:18.198485+00:00,1.0
2021-11-01,2021,2021-22,November,"IOCL-BONGAIGAON,ASSAM",individual,217.0,Thousand Metric Tonnes (TMT),PPAC / Ministry of Petroleum and Natural Gas,8d3b6596-b09e-4077-aebf-425193185a5b.csv,300,2026-08-21T15:32:18.198485+00:00,1.0
2021-11-01,2021,2021-22,November,"BPCL-KOCHI, KERALA",individual,1429.0,Thousand Metric Tonnes (TMT),PPAC / Ministry of Petroleum and Natural Gas,8d3b6596-b09e-4077-aebf-425193185a5b.csv,301,2026-08-21T15:32:18.198485+00:00,1.0
2021-11-01,2021,2021-22,November,"NRL-NUMALIGARH, ASSAM",individual,223.0,Thousand Metric Tonnes (TMT),PPAC / Ministry of Petroleum and Natural Gas,8d3b6596-b09e-4077-aebf-425193185a5b.csv,302,2026-08-21T15:32:18.198485+00:00,1.0
2021-11-01,2021,2021-22,November,"MRPL-MANGALORE,KARNATAKA",individual,1468.0,Thousand Metric Tonnes (TMT),PPAC / Ministry of Petroleum and Natural Gas,8d3b6596-b09e-4077-aebf-425193185a5b.csv,303,2026-08-21T15:32:18.198485+00:00,1.0
2021-11-01,2021,2021-22,November,"HPCL-MUMBAI,MAHARASHTRA",individual,545.0,Thousand Metric Tonnes (TMT),PPAC / Ministry of Petroleum and Natural Gas,8d3b6596-b09e-4077-aebf-425193185a5b.csv,304,2026-08-21T15:32:18.198485+00:00,1.0
2021-11-01,2021,2021-22,November,HPCL-TOTAL,subtotal,2445.0,Thousand Metric Tonnes (TMT),PPAC / Ministry of Petroleum and Natural Gas,8d3b6596-b09e-4077-aebf-425193185a5b.csv,305,2026-08-21T15:32:18.198485+00:00,1.0
2021-11-01,2021,2021-22,November,RIL TOTAL,subtotal,5448.0,Thousand Metric Tonnes (TMT),PPAC / Ministry of Petroleum and Natural Gas,8d3b6596-b09e-4077-aebf-425193185a5b.csv,306,2026-08-21T15:32:18.198485+00:00,1.0
2021-12-01,2021,2021-22,December,"IOCL-MATHURA, UTTAR PRADESH",individual,766.0,Thousand Metric Tonnes (TMT),PPAC / Ministry of Petroleum and Natural Gas,8d3b6596-b09e-4077-aebf-425193185a5b.csv,307,2026-08-21T15:32:18.198485+00:00,1.0
2021-12-01,2021,2021-22,December,"IOCL-BONGAIGAON,ASSAM",individual,206.0,Thousand Metric Tonnes (TMT),PPAC / Ministry of Petroleum and Natural Gas,8d3b6596-b09e-4077-aebf-425193185a5b.csv,308,2026-08-21T15:32:18.198485+00:00,1.0
2021-12-01,2021,2021-22,December,"HPCL-MUMBAI,MAHARASHTRA",individual,674.0,Thousand Metric Tonnes (TMT),PPAC / Ministry of Petroleum and Natural Gas,8d3b6596-b09e-4077-aebf-425193185a5b.csv,309,2026-08-21T15:32:18.198485+00:00,1.0
2022-01-01,2022,2021-22,January,"IOCL-GUWAHATI,ASSAM",individual,92.0,Thousand Metric Tonnes (TMT),PPAC / Ministry of Petroleum and Natural Gas,8d3b6596-b09e-4077-aebf-425193185a5b.csv,310,2026-08-21T15:32:18.198485+00:00,1.0
2022-01-01,2022,2021-22,January,"RIL-(SEZ), JAMNAGAR,GUJARAT",individual,2235.0,Thousand Metric Tonnes (TMT),PPAC / Ministry of Petroleum and Natural Gas,8d3b6596-b09e-4077-aebf-425193185a5b.csv,311,2026-08-21T15:32:18.198485+00:00,1.0
2022-02-01,2022,2021-22,February,"IOCL-BARAUNI,BIHAR",individual,529.0,Thousand Metric Tonnes (TMT),PPAC / Ministry of Petroleum and Natural Gas,8d3b6596-b09e-4077-aebf-425193185a5b.csv,312,2026-08-21T15:32:18.198485+00:00,1.0
2022-02-01,2022,2021-22,February,"IOCL-DIGBOI,ASSAM",individual,50.0,Thousand Metric Tonnes (TMT),PPAC / Ministry of Petroleum and Natural Gas,8d3b6596-b09e-4077-aebf-425193185a5b.csv,313,2026-08-21T15:32:18.198485+00:00,1.0
2022-02-01,2022,2021-22,February,RIL TOTAL,subtotal,4790.0,Thousand Metric Tonnes (TMT),PPAC / Ministry of Petroleum and Natural Gas,8d3b6596-b09e-4077-aebf-425193185a5b.csv,314,2026-08-21T15:32:18.198485+00:00,1.0
2022-02-01,2022,2021-22,February,"NEL-VADINAR,GUJARAT",individual,1563.0,Thousand Metric Tonnes (TMT),PPAC / Ministry of Petroleum and Natural Gas,8d3b6596-b09e-4077-aebf-425193185a5b.csv,315,2026-08-21T15:32:18.198485+00:00,1.0
2022-03-01,2022,2021-22,March,"IOCL-HALDIA, WEST BENGAL",individual,747.0,Thousand Metric Tonnes (TMT),PPAC / Ministry of Petroleum and Natural Gas,8d3b6596-b09e-4077-aebf-425193185a5b.csv,316,2026-08-21T15:32:18.198485+00:00,1.0
2022-03-01,2022,2021-22,March,ONGC TOTAL,subtotal,1510.0,Thousand Metric Tonnes (TMT),PPAC / Ministry of Petroleum and Natural Gas,8d3b6596-b09e-4077-aebf-425193185a5b.csv,317,2026-08-21T15:32:18.198485+00:00,1.0
2022-03-01,2022,2021-22,March,"HPCL-VISAKH,ANDHRA PRADESH",individual,825.0,Thousand Metric Tonnes (TMT),PPAC / Ministry of Petroleum and Natural Gas,8d3b6596-b09e-4077-aebf-425193185a5b.csv,318,2026-08-21T15:32:18.198485+00:00,1.0
2022-03-01,2022,2021-22,March,GRAND TOTAL,grand_total,22337.0,Thousand Metric Tonnes (TMT),PPAC / Ministry of Petroleum and Natural Gas,8d3b6596-b09e-4077-aebf-425193185a5b.csv,319,2026-08-21T15:32:18.198485+00:00,1.0
2020-04-01,2020,2020-21,April,"IOCL-MATHURA, UTTAR PRADESH",individual,506.0,Thousand Metric Tonnes (TMT),PPAC / Ministry of Petroleum and Natural Gas,8d3b6596-b09e-4077-aebf-425193185a5b.csv,320,2026-08-21T15:32:18.198485+00:00,1.0
2020-04-01,2020,2020-21,April,"IOCL-GUWAHATI,ASSAM",individual,,Thousand Metric Tonnes (TMT),PPAC / Ministry of Petroleum and Natural Gas,8d3b6596-b09e-4077-aebf-425193185a5b.csv,321,2026-08-21T15:32:18.198485+00:00,1.0
2020-04-01,2020,2020-21,April,"IOCL-BONGAIGAON,ASSAM",individual,174.0,Thousand Metric Tonnes (TMT),PPAC / Ministry of Petroleum and Natural Gas,8d3b6596-b09e-4077-aebf-425193185a5b.csv,322,2026-08-21T15:32:18.198485+00:00,1.0
2020-04-01,2020,2020-21,April,"BPCL-KOCHI, KERALA",individual,815.0,Thousand Metric Tonnes (TMT),PPAC / Ministry of Petroleum and Natural Gas,8d3b6596-b09e-4077-aebf-425193185a5b.csv,323,2026-08-21T15:32:18.198485+00:00,1.0
2020-04-01,2020,2020-21,April,"HMEL-GGSR, BATHINDA, PUNJAB",individual,593.0,Thousand Metric Tonnes (TMT),PPAC / Ministry of Petroleum and Natural Gas,8d3b6596-b09e-4077-aebf-425193185a5b.csv,324,2026-08-21T15:32:18.198485+00:00,1.0
2020-04-01,2020,2020-21,April,GRAND TOTAL,grand_total,14745.0,Thousand Metric Tonnes (TMT),PPAC / Ministry of Petroleum and Natural Gas,8d3b6596-b09e-4077-aebf-425193185a5b.csv,325,2026-08-21T15:32:18.198485+00:00,1.0
2020-05-01,2020,2020-21,May,"IOCL-BARAUNI,BIHAR",individual,337.0,Thousand Metric Tonnes (TMT),PPAC / Ministry of Petroleum and Natural Gas,8d3b6596-b09e-4077-aebf-425193185a5b.csv,326,2026-08-21T15:32:18.198485+00:00,1.0
2020-05-01,2020,2020-21,May,"IOCL-GUWAHATI,ASSAM",individual,24.0,Thousand Metric Tonnes (TMT),PPAC / Ministry of Petroleum and Natural Gas,8d3b6596-b09e-4077-aebf-425193185a5b.csv,327,2026-08-21T15:32:18.198485+00:00,1.0
2020-05-01,2020,2020-21,May,"HMEL-GGSR, BATHINDA, PUNJAB",individual,653.0,Thousand Metric Tonnes (TMT),PPAC / Ministry of Petroleum and Natural Gas,8d3b6596-b09e-4077-aebf-425193185a5b.csv,328,2026-08-21T15:32:18.198485+00:00,1.0
2020-05-01,2020,2020-21,May,"RIL-(SEZ), JAMNAGAR,GUJARAT",individual,2550.0,Thousand Metric Tonnes (TMT),PPAC / Ministry of Petroleum and Natural Gas,8d3b6596-b09e-4077-aebf-425193185a5b.csv,329,2026-08-21T15:32:18.198485+00:00,1.0
2020-05-01,2020,2020-21,May,"NEL-VADINAR,GUJARAT",individual,1561.0,Thousand Metric Tonnes (TMT),PPAC / Ministry of Petroleum and Natural Gas,8d3b6596-b09e-4077-aebf-425193185a5b.csv,330,2026-08-21T15:32:18.198485+00:00,1.0
2020-05-01,2020,2020-21,May,GRAND TOTAL,grand_total,16347.0,Thousand Metric Tonnes (TMT),PPAC / Ministry of Petroleum and Natural Gas,8d3b6596-b09e-4077-aebf-425193185a5b.csv,331,2026-08-21T15:32:18.198485+00:00,1.0
2020-06-01,2020,2020-21,June,"IOCL-BARAUNI,BIHAR",individual,512.0,Thousand Metric Tonnes (TMT),PPAC / Ministry of Petroleum and Natural Gas,8d3b6596-b09e-4077-aebf-425193185a5b.csv,332,2026-08-21T15:32:18.198485+00:00,1.0
2020-06-01,2020,2020-21,June,"IOCL-GUWAHATI,ASSAM",individual,64.0,Thousand Metric Tonnes (TMT),PPAC / Ministry of Petroleum and Natural Gas,8d3b6596-b09e-4077-aebf-425193185a5b.csv,333,2026-08-21T15:32:18.198485+00:00,1.0
2020-06-01,2020,2020-21,June,"IOCL-BONGAIGAON,ASSAM",individual,193.0,Thousand Metric Tonnes (TMT),PPAC / Ministry of Petroleum and Natural Gas,8d3b6596-b09e-4077-aebf-425193185a5b.csv,334,2026-08-21T15:32:18.198485+00:00,1.0
2020-06-01,2020,2020-21,June,CPCL-TOTAL,subtotal,579.0,Thousand Metric Tonnes (TMT),PPAC / Ministry of Petroleum and Natural Gas,8d3b6596-b09e-4077-aebf-425193185a5b.csv,335,2026-08-21T15:32:18.198485+00:00,1.0
2020-06-01,2020,2020-21,June,ONGC TOTAL,subtotal,634.0,Thousand Metric Tonnes (TMT),PPAC / Ministry of Petroleum and Natural Gas,8d3b6596-b09e-4077-aebf-425193185a5b.csv,336,2026-08-21T15:32:18.198485+00:00,1.0
2020-06-01,2020,2020-21,June,"HMEL-GGSR, BATHINDA, PUNJAB",individual,785.0,Thousand Metric Tonnes (TMT),PPAC / Ministry of Petroleum and Natural Gas,8d3b6596-b09e-4077-aebf-425193185a5b.csv,337,2026-08-21T15:32:18.198485+00:00,1.0
2020-07-01,2020,2020-21,July,"IOCL-GUWAHATI,ASSAM",individual,87.0,Thousand Metric Tonnes (TMT),PPAC / Ministry of Petroleum and Natural Gas,8d3b6596-b09e-4077-aebf-425193185a5b.csv,338,2026-08-21T15:32:18.198485+00:00,1.0
2020-07-01,2020,2020-21,July,"BPCL-MUMBAI, MAHARASHTRA",individual,1097.0,Thousand Metric Tonnes (TMT),PPAC / Ministry of Petroleum and Natural Gas,8d3b6596-b09e-4077-aebf-425193185a5b.csv,339,2026-08-21T15:32:18.198485+00:00,1.0
2020-07-01,2020,2020-21,July,BORL-BINA,individual,411.0,Thousand Metric Tonnes (TMT),PPAC / Ministry of Petroleum and Natural Gas,8d3b6596-b09e-4077-aebf-425193185a5b.csv,340,2026-08-21T15:32:18.198485+00:00,1.0
2020-07-01,2020,2020-21,July,BPCL-TOTAL,subtotal,2571.0,Thousand Metric Tonnes (TMT),PPAC / Ministry of Petroleum and Natural Gas,8d3b6596-b09e-4077-aebf-425193185a5b.csv,341,2026-08-21T15:32:18.198485+00:00,1.0
2020-07-01,2020,2020-21,July,RIL TOTAL,subtotal,4299.0,Thousand Metric Tonnes (TMT),PPAC / Ministry of Petroleum and Natural Gas,8d3b6596-b09e-4077-aebf-425193185a5b.csv,342,2026-08-21T15:32:18.198485+00:00,1.0
2020-08-01,2020,2020-21,August,"IOCL-MATHURA, UTTAR PRADESH",individual,641.0,Thousand Metric Tonnes (TMT),PPAC / Ministry of Petroleum and Natural Gas,8d3b6596-b09e-4077-aebf-425193185a5b.csv,343,2026-08-21T15:32:18.198485+00:00,1.0
2020-08-01,2020,2020-21,August,"IOCL-GUWAHATI,ASSAM",individual,89.0,Thousand Metric Tonnes (TMT),PPAC / Ministry of Petroleum and Natural Gas,8d3b6596-b09e-4077-aebf-425193185a5b.csv,344,2026-08-21T15:32:18.198485+00:00,1.0
2020-08-01,2020,2020-21,August,"IOCL-BONGAIGAON,ASSAM",individual,206.0,Thousand Metric Tonnes (TMT),PPAC / Ministry of Petroleum and Natural Gas,8d3b6596-b09e-4077-aebf-425193185a5b.csv,345,2026-08-21T15:32:18.198485+00:00,1.0
2020-08-01,2020,2020-21,August,"HMEL-GGSR, BATHINDA, PUNJAB",individual,1047.0,Thousand Metric Tonnes (TMT),PPAC / Ministry of Petroleum and Natural Gas,8d3b6596-b09e-4077-aebf-425193185a5b.csv,346,2026-08-21T15:32:18.198485+00:00,1.0
2020-08-01,2020,2020-21,August,GRAND TOTAL,grand_total,16150.0,Thousand Metric Tonnes (TMT),PPAC / Ministry of Petroleum and Natural Gas,8d3b6596-b09e-4077-aebf-425193185a5b.csv,347,2026-08-21T15:32:18.198485+00:00,1.0
2020-09-01,2020,2020-21,September,"HPCL-VISAKH,ANDHRA PRADESH",individual,728.0,Thousand Metric Tonnes (TMT),PPAC / Ministry of Petroleum and Natural Gas,8d3b6596-b09e-4077-aebf-425193185a5b.csv,348,2026-08-21T15:32:18.198485+00:00,1.0
2020-09-01,2020,2020-21,September,"RIL,JAMNAGAR,GUJARAT",individual,2779.0,Thousand Metric Tonnes (TMT),PPAC / Ministry of Petroleum and Natural Gas,8d3b6596-b09e-4077-aebf-425193185a5b.csv,349,2026-08-21T15:32:18.198485+00:00,1.0
2020-10-01,2020,2020-21,October,"HMEL-GGSR, BATHINDA, PUNJAB",individual,1038.0,Thousand Metric Tonnes (TMT),PPAC / Ministry of Petroleum and Natural Gas,8d3b6596-b09e-4077-aebf-425193185a5b.csv,350,2026-08-21T15:32:18.198485+00:00,1.0
2020-10-01,2020,2020-21,October,"RIL-(SEZ), JAMNAGAR,GUJARAT",individual,2441.0,Thousand Metric Tonnes (TMT),PPAC / Ministry of Petroleum and Natural Gas,8d3b6596-b09e-4077-aebf-425193185a5b.csv,351,2026-08-21T15:32:18.198485+00:00,1.0
2020-11-01,2020,2020-21,November,"IOCL-BARAUNI,BIHAR",individual,579.0,Thousand Metric Tonnes (TMT),PPAC / Ministry of Petroleum and Natural Gas,8d3b6596-b09e-4077-aebf-425193185a5b.csv,352,2026-08-21T15:32:18.198485+00:00,1.0
2020-11-01,2020,2020-21,November,"IOCL-PANIPAT, HARYANA",individual,1359.0,Thousand Metric Tonnes (TMT),PPAC / Ministry of Petroleum and Natural Gas,8d3b6596-b09e-4077-aebf-425193185a5b.csv,353,2026-08-21T15:32:18.198485+00:00,1.0
2020-11-01,2020,2020-21,November,"IOCL-GUWAHATI,ASSAM",individual,83.0,Thousand Metric Tonnes (TMT),PPAC / Ministry of Petroleum and Natural Gas,8d3b6596-b09e-4077-aebf-425193185a5b.csv,354,2026-08-21T15:32:18.198485+00:00,1.0
2020-11-01,2020,2020-21,November,"CPCL-MANALI, TAMILNADU",individual,729.0,Thousand Metric Tonnes (TMT),PPAC / Ministry of Petroleum and Natural Gas,8d3b6596-b09e-4077-aebf-425193185a5b.csv,355,2026-08-21T15:32:18.198485+00:00,1.0
2020-11-01,2020,2020-21,November,CPCL-TOTAL,subtotal,729.0,Thousand Metric Tonnes (TMT),PPAC / Ministry of Petroleum and Natural Gas,8d3b6596-b09e-4077-aebf-425193185a5b.csv,356,2026-08-21T15:32:18.198485+00:00,1.0
2020-11-01,2020,2020-21,November,BPCL-TOTAL,subtotal,3409.0,Thousand Metric Tonnes (TMT),PPAC / Ministry of Petroleum and Natural Gas,8d3b6596-b09e-4077-aebf-425193185a5b.csv,357,2026-08-21T15:32:18.198485+00:00,1.0
2020-11-01,2020,2020-21,November,"MRPL-MANGALORE,KARNATAKA",individual,1011.0,Thousand Metric Tonnes (TMT),PPAC / Ministry of Petroleum and Natural Gas,8d3b6596-b09e-4077-aebf-425193185a5b.csv,358,2026-08-21T15:32:18.198485+00:00,1.0
2020-11-01,2020,2020-21,November,"HPCL-MUMBAI,MAHARASHTRA",individual,612.0,Thousand Metric Tonnes (TMT),PPAC / Ministry of Petroleum and Natural Gas,8d3b6596-b09e-4077-aebf-425193185a5b.csv,359,2026-08-21T15:32:18.198485+00:00,1.0
2020-11-01,2020,2020-21,November,GRAND TOTAL,grand_total,20782.0,Thousand Metric Tonnes (TMT),PPAC / Ministry of Petroleum and Natural Gas,8d3b6596-b09e-4077-aebf-425193185a5b.csv,360,2026-08-21T15:32:18.198485+00:00,1.0
2020-12-01,2020,2020-21,December,"BPCL-KOCHI, KERALA",individual,1329.0,Thousand Metric Tonnes (TMT),PPAC / Ministry of Petroleum and Natural Gas,8d3b6596-b09e-4077-aebf-425193185a5b.csv,361,2026-08-21T15:32:18.198485+00:00,1.0
2020-12-01,2020,2020-21,December,"ONGC-TATIPAKA,ANDHRA PRADESH",individual,7.0,Thousand Metric Tonnes (TMT),PPAC / Ministry of Petroleum and Natural Gas,8d3b6596-b09e-4077-aebf-425193185a5b.csv,362,2026-08-21T15:32:18.198485+00:00,1.0
2020-12-01,2020,2020-21,December,"HMEL-GGSR, BATHINDA, PUNJAB",individual,1027.0,Thousand Metric Tonnes (TMT),PPAC / Ministry of Petroleum and Natural Gas,8d3b6596-b09e-4077-aebf-425193185a5b.csv,363,2026-08-21T15:32:18.198485+00:00,1.0
2020-12-01,2020,2020-21,December,HPCL-TOTAL,subtotal,2311.0,Thousand Metric Tonnes (TMT),PPAC / Ministry of Petroleum and Natural Gas,8d3b6596-b09e-4077-aebf-425193185a5b.csv,364,2026-08-21T15:32:18.198485+00:00,1.0
2021-01-01,2021,2020-21,January,"IOCL-BARAUNI,BIHAR",individual,589.0,Thousand Metric Tonnes (TMT),PPAC / Ministry of Petroleum and Natural Gas,8d3b6596-b09e-4077-aebf-425193185a5b.csv,365,2026-08-21T15:32:18.198485+00:00,1.0
2021-01-01,2021,2020-21,January,"IOCL-MATHURA, UTTAR PRADESH",individual,893.0,Thousand Metric Tonnes (TMT),PPAC / Ministry of Petroleum and Natural Gas,8d3b6596-b09e-4077-aebf-425193185a5b.csv,366,2026-08-21T15:32:18.198485+00:00,1.0
2021-01-01,2021,2020-21,January,"IOCL-PANIPAT, HARYANA",individual,1321.0,Thousand Metric Tonnes (TMT),PPAC / Ministry of Petroleum and Natural Gas,8d3b6596-b09e-4077-aebf-425193185a5b.csv,367,2026-08-21T15:32:18.198485+00:00,1.0
2021-01-01,2021,2020-21,January,"IOCL-PARADIP,ODISHA",individual,1206.0,Thousand Metric Tonnes (TMT),PPAC / Ministry of Petroleum and Natural Gas,8d3b6596-b09e-4077-aebf-425193185a5b.csv,368,2026-08-21T15:32:18.198485+00:00,1.0
2021-01-01,2021,2020-21,January,CPCL-TOTAL,subtotal,917.0,Thousand Metric Tonnes (TMT),PPAC / Ministry of Petroleum and Natural Gas,8d3b6596-b09e-4077-aebf-425193185a5b.csv,369,2026-08-21T15:32:18.198485+00:00,1.0
2021-01-01,2021,2020-21,January,BORL-BINA,individual,694.0,Thousand Metric Tonnes (TMT),PPAC / Ministry of Petroleum and Natural Gas,8d3b6596-b09e-4077-aebf-425193185a5b.csv,370,2026-08-21T15:32:18.198485+00:00,1.0
2021-01-01,2021,2020-21,January,"HPCL-MUMBAI,MAHARASHTRA",individual,639.0,Thousand Metric Tonnes (TMT),PPAC / Ministry of Petroleum and Natural Gas,8d3b6596-b09e-4077-aebf-425193185a5b.csv,371,2026-08-21T15:32:18.198485+00:00,1.0
2021-01-01,2021,2020-21,January,"HPCL-VISAKH,ANDHRA PRADESH",individual,800.0,Thousand Metric Tonnes (TMT),PPAC / Ministry of Petroleum and Natural Gas,8d3b6596-b09e-4077-aebf-425193185a5b.csv,372,2026-08-21T15:32:18.198485+00:00,1.0
2021-01-01,2021,2020-21,January,GRAND TOTAL,grand_total,21809.0,Thousand Metric Tonnes (TMT),PPAC / Ministry of Petroleum and Natural Gas,8d3b6596-b09e-4077-aebf-425193185a5b.csv,373,2026-08-21T15:32:18.198485+00:00,1.0
2021-02-01,2021,2020-21,February,"IOCL-BARAUNI,BIHAR",individual,518.0,Thousand Metric Tonnes (TMT),PPAC / Ministry of Petroleum and Natural Gas,8d3b6596-b09e-4077-aebf-425193185a5b.csv,374,2026-08-21T15:32:18.198485+00:00,1.0
2021-02-01,2021,2020-21,February,"IOCL-HALDIA, WEST BENGAL",individual,657.0,Thousand Metric Tonnes (TMT),PPAC / Ministry of Petroleum and Natural Gas,8d3b6596-b09e-4077-aebf-425193185a5b.csv,375,2026-08-21T15:32:18.198485+00:00,1.0
2021-02-01,2021,2020-21,February,"IOCL-BONGAIGAON,ASSAM",individual,196.0,Thousand Metric Tonnes (TMT),PPAC / Ministry of Petroleum and Natural Gas,8d3b6596-b09e-4077-aebf-425193185a5b.csv,376,2026-08-21T15:32:18.198485+00:00,1.0
2021-02-01,2021,2020-21,February,"HPCL-VISAKH,ANDHRA PRADESH",individual,737.0,Thousand Metric Tonnes (TMT),PPAC / Ministry of Petroleum and Natural Gas,8d3b6596-b09e-4077-aebf-425193185a5b.csv,377,2026-08-21T15:32:18.198485+00:00,1.0
2021-02-01,2021,2020-21,February,"HMEL-GGSR, BATHINDA, PUNJAB",individual,13.0,Thousand Metric Tonnes (TMT),PPAC / Ministry of Petroleum and Natural Gas,8d3b6596-b09e-4077-aebf-425193185a5b.csv,378,2026-08-21T15:32:18.198485+00:00,1.0
2021-02-01,2021,2020-21,February,"RIL,JAMNAGAR,GUJARAT",individual,2664.0,Thousand Metric Tonnes (TMT),PPAC / Ministry of Petroleum and Natural Gas,8d3b6596-b09e-4077-aebf-425193185a5b.csv,379,2026-08-21T15:32:18.198485+00:00,1.0
2021-02-01,2021,2020-21,February,RIL TOTAL,subtotal,4876.0,Thousand Metric Tonnes (TMT),PPAC / Ministry of Petroleum and Natural Gas,8d3b6596-b09e-4077-aebf-425193185a5b.csv,380,2026-08-21T15:32:18.198485+00:00,1.0
2021-03-01,2021,2020-21,March,"IOCL-PANIPAT, HARYANA",individual,1192.0,Thousand Metric Tonnes (TMT),PPAC / Ministry of Petroleum and Natural Gas,8d3b6596-b09e-4077-aebf-425193185a5b.csv,381,2026-08-21T15:32:18.198485+00:00,1.0
2021-03-01,2021,2020-21,March,ONGC TOTAL,subtotal,1369.0,Thousand Metric Tonnes (TMT),PPAC / Ministry of Petroleum and Natural Gas,8d3b6596-b09e-4077-aebf-425193185a5b.csv,382,2026-08-21T15:32:18.198485+00:00,1.0
2025-04-01,2025,2025-26,April,IOCL TOTAL,subtotal,6121.31,Thousand Metric Tonnes (TMT),PPAC / Ministry of Petroleum and Natural Gas,8d3b6596-b09e-4077-aebf-425193185a5b.csv,383,2026-08-21T15:32:18.198485+00:00,1.0
2025-04-01,2025,2025-26,April,CPCL-TOTAL,subtotal,930.03,Thousand Metric Tonnes (TMT),PPAC / Ministry of Petroleum and Natural Gas,8d3b6596-b09e-4077-aebf-425193185a5b.csv,384,2026-08-21T15:32:18.198485+00:00,1.0
2025-04-01,2025,2025-26,April,BPCL-TOTAL,subtotal,3378.58,Thousand Metric Tonnes (TMT),PPAC / Ministry of Petroleum and Natural Gas,8d3b6596-b09e-4077-aebf-425193185a5b.csv,385,2026-08-21T15:32:18.198485+00:00,1.0
2025-05-01,2025,2025-26,May,"IOCL-BARAUNI,BIHAR",individual,571.53,Thousand Metric Tonnes (TMT),PPAC / Ministry of Petroleum and Natural Gas,8d3b6596-b09e-4077-aebf-425193185a5b.csv,386,2026-08-21T15:32:18.198485+00:00,1.0
2025-05-01,2025,2025-26,May,CPCL-TOTAL,subtotal,1040.49,Thousand Metric Tonnes (TMT),PPAC / Ministry of Petroleum and Natural Gas,8d3b6596-b09e-4077-aebf-425193185a5b.csv,387,2026-08-21T15:32:18.198485+00:00,1.0
2025-05-01,2025,2025-26,May,"NRL-NUMALIGARH, ASSAM",individual,271.78,Thousand Metric Tonnes (TMT),PPAC / Ministry of Petroleum and Natural Gas,8d3b6596-b09e-4077-aebf-425193185a5b.csv,388,2026-08-21T15:32:18.198485+00:00,1.0
2025-05-01,2025,2025-26,May,"MRPL-MANGALORE,KARNATAKA",individual,1168.51,Thousand Metric Tonnes (TMT),PPAC / Ministry of Petroleum and Natural Gas,8d3b6596-b09e-4077-aebf-425193185a5b.csv,389,2026-08-21T15:32:18.198485+00:00,1.0
2025-05-01,2025,2025-26,May,"HPCL-VISAKH,ANDHRA PRADESH",individual,1444.27,Thousand Metric Tonnes (TMT),PPAC / Ministry of Petroleum and Natural Gas,8d3b6596-b09e-4077-aebf-425193185a5b.csv,390,2026-08-21T15:32:18.198485+00:00,1.0
2025-05-01,2025,2025-26,May,"HMEL-GGSR, BATHINDA, PUNJAB",individual,1113.21,Thousand Metric Tonnes (TMT),PPAC / Ministry of Petroleum and Natural Gas,8d3b6596-b09e-4077-aebf-425193185a5b.csv,391,2026-08-21T15:32:18.198485+00:00,1.0
2025-05-01,2025,2025-26,May,HPCL-TOTAL,subtotal,3405.68,Thousand Metric Tonnes (TMT),PPAC / Ministry of Petroleum and Natural Gas,8d3b6596-b09e-4077-aebf-425193185a5b.csv,392,2026-08-21T15:32:18.198485+00:00,1.0
2025-05-01,2025,2025-26,May,"RIL,JAMNAGAR,GUJARAT",individual,2896.79,Thousand Metric Tonnes (TMT),PPAC / Ministry of Petroleum and Natural Gas,8d3b6596-b09e-4077-aebf-425193185a5b.csv,393,2026-08-21T15:32:18.198485+00:00,1.0
2025-05-01,2025,2025-26,May,"RIL-(SEZ), JAMNAGAR,GUJARAT",individual,2875.9,Thousand Metric Tonnes (TMT),PPAC / Ministry of Petroleum and Natural Gas,8d3b6596-b09e-4077-aebf-425193185a5b.csv,394,2026-08-21T15:32:18.198485+00:00,1.0
2025-06-01,2025,2025-26,June,"IOCL-DIGBOI,ASSAM",individual,64.56,Thousand Metric Tonnes (TMT),PPAC / Ministry of Petroleum and Natural Gas,8d3b6596-b09e-4077-aebf-425193185a5b.csv,395,2026-08-21T15:32:18.198485+00:00,1.0
2025-06-01,2025,2025-26,June,"IOCL-BONGAIGAON,ASSAM",individual,254.26,Thousand Metric Tonnes (TMT),PPAC / Ministry of Petroleum and Natural Gas,8d3b6596-b09e-4077-aebf-425193185a5b.csv,396,2026-08-21T15:32:18.198485+00:00,1.0
2025-06-01,2025,2025-26,June,IOCL TOTAL,subtotal,6200.81,Thousand Metric Tonnes (TMT),PPAC / Ministry of Petroleum and Natural Gas,8d3b6596-b09e-4077-aebf-425193185a5b.csv,397,2026-08-21T15:32:18.198485+00:00,1.0
2025-06-01,2025,2025-26,June,"HPCL-MUMBAI,MAHARASHTRA",individual,827.88,Thousand Metric Tonnes (TMT),PPAC / Ministry of Petroleum and Natural Gas,8d3b6596-b09e-4077-aebf-425193185a5b.csv,398,2026-08-21T15:32:18.198485+00:00,1.0
2025-07-01,2025,2025-26,July,"IOCL-GUWAHATI,ASSAM",individual,112.2,Thousand Metric Tonnes (TMT),PPAC / Ministry of Petroleum and Natural Gas,8d3b6596-b09e-4077-aebf-425193185a5b.csv,399,2026-08-21T15:32:18.198485+00:00,1.0
2025-07-01,2025,2025-26,July,"IOCL-DIGBOI,ASSAM",individual,66.61,Thousand Metric Tonnes (TMT),PPAC / Ministry of Petroleum and Natural Gas,8d3b6596-b09e-4077-aebf-425193185a5b.csv,400,2026-08-21T15:32:18.198485+00:00,1.0
2025-07-01,2025,2025-26,July,"IOCL-BONGAIGAON,ASSAM",individual,266.38,Thousand Metric Tonnes (TMT),PPAC / Ministry of Petroleum and Natural Gas,8d3b6596-b09e-4077-aebf-425193185a5b.csv,401,2026-08-21T15:32:18.198485+00:00,1.0
2025-07-01,2025,2025-26,July,CPCL-TOTAL,subtotal,1048.55,Thousand Metric Tonnes (TMT),PPAC / Ministry of Petroleum and Natural Gas,8d3b6596-b09e-4077-aebf-425193185a5b.csv,402,2026-08-21T15:32:18.198485+00:00,1.0
2025-07-01,2025,2025-26,July,"BPCL-MUMBAI, MAHARASHTRA",individual,1386.15,Thousand Metric Tonnes (TMT),PPAC / Ministry of Petroleum and Natural Gas,8d3b6596-b09e-4077-aebf-425193185a5b.csv,403,2026-08-21T15:32:18.198485+00:00,1.0
2025-07-01,2025,2025-26,July,"NRL-NUMALIGARH, ASSAM",individual,259.15,Thousand Metric Tonnes (TMT),PPAC / Ministry of Petroleum and Natural Gas,8d3b6596-b09e-4077-aebf-425193185a5b.csv,404,2026-08-21T15:32:18.198485+00:00,1.0
2025-07-01,2025,2025-26,July,"ONGC-TATIPAKA,ANDHRA PRADESH",individual,6.69,Thousand Metric Tonnes (TMT),PPAC / Ministry of Petroleum and Natural Gas,8d3b6596-b09e-4077-aebf-425193185a5b.csv,405,2026-08-21T15:32:18.198485+00:00,1.0
2025-07-01,2025,2025-26,July,"MRPL-MANGALORE,KARNATAKA",individual,1520.94,Thousand Metric Tonnes (TMT),PPAC / Ministry of Petroleum and Natural Gas,8d3b6596-b09e-4077-aebf-425193185a5b.csv,406,2026-08-21T15:32:18.198485+00:00,1.0
2025-07-01,2025,2025-26,July,ONGC TOTAL,subtotal,1527.63,Thousand Metric Tonnes (TMT),PPAC / Ministry of Petroleum and Natural Gas,8d3b6596-b09e-4077-aebf-425193185a5b.csv,407,2026-08-21T15:32:18.198485+00:00,1.0
2025-07-01,2025,2025-26,July,"HMEL-GGSR, BATHINDA, PUNJAB",individual,894.46,Thousand Metric Tonnes (TMT),PPAC / Ministry of Petroleum and Natural Gas,8d3b6596-b09e-4077-aebf-425193185a5b.csv,408,2026-08-21T15:32:18.198485+00:00,1.0
2025-07-01,2025,2025-26,July,"NEL-VADINAR,GUJARAT",individual,1690.77,Thousand Metric Tonnes (TMT),PPAC / Ministry of Petroleum and Natural Gas,8d3b6596-b09e-4077-aebf-425193185a5b.csv,409,2026-08-21T15:32:18.198485+00:00,1.0
2025-08-01,2025,2025-26,August,"IOCL-BARAUNI,BIHAR",individual,483.91,Thousand Metric Tonnes (TMT),PPAC / Ministry of Petroleum and Natural Gas,8d3b6596-b09e-4077-aebf-425193185a5b.csv,410,2026-08-21T15:32:18.198485+00:00,1.0
2025-08-01,2025,2025-26,August,"IOCL-GUWAHATI,ASSAM",individual,112.05,Thousand Metric Tonnes (TMT),PPAC / Ministry of Petroleum and Natural Gas,8d3b6596-b09e-4077-aebf-425193185a5b.csv,411,2026-08-21T15:32:18.198485+00:00,1.0
2025-08-01,2025,2025-26,August,"BPCL-MUMBAI, MAHARASHTRA",individual,1391.37,Thousand Metric Tonnes (TMT),PPAC / Ministry of Petroleum and Natural Gas,8d3b6596-b09e-4077-aebf-425193185a5b.csv,412,2026-08-21T15:32:18.198485+00:00,1.0
2025-08-01,2025,2025-26,August,BPCL-BINA,individual,245.12,Thousand Metric Tonnes (TMT),PPAC / Ministry of Petroleum and Natural Gas,8d3b6596-b09e-4077-aebf-425193185a5b.csv,413,2026-08-21T15:32:18.198485+00:00,1.0
2025-08-01,2025,2025-26,August,BPCL-TOTAL,subtotal,3189.98,Thousand Metric Tonnes (TMT),PPAC / Ministry of Petroleum and Natural Gas,8d3b6596-b09e-4077-aebf-425193185a5b.csv,414,2026-08-21T15:32:18.198485+00:00,1.0
2025-08-01,2025,2025-26,August,"ONGC-TATIPAKA,ANDHRA PRADESH",individual,7.12,Thousand Metric Tonnes (TMT),PPAC / Ministry of Petroleum and Natural Gas,8d3b6596-b09e-4077-aebf-425193185a5b.csv,415,2026-08-21T15:32:18.198485+00:00,1.0
2025-08-01,2025,2025-26,August,GRAND TOTAL,grand_total,22323.6,Thousand Metric Tonnes (TMT),PPAC / Ministry of Petroleum and Natural Gas,8d3b6596-b09e-4077-aebf-425193185a5b.csv,416,2026-08-21T15:32:18.198485+00:00,1.0
2025-09-01,2025,2025-26,September,"IOCL-DIGBOI,ASSAM",individual,54.93,Thousand Metric Tonnes (TMT),PPAC / Ministry of Petroleum and Natural Gas,8d3b6596-b09e-4077-aebf-425193185a5b.csv,417,2026-08-21T15:32:18.198485+00:00,1.0
2025-09-01,2025,2025-26,September,"IOCL-BONGAIGAON,ASSAM",individual,249.73,Thousand Metric Tonnes (TMT),PPAC / Ministry of Petroleum and Natural Gas,8d3b6596-b09e-4077-aebf-425193185a5b.csv,418,2026-08-21T15:32:18.198485+00:00,1.0
2025-09-01,2025,2025-26,September,BPCL-BINA,individual,490.06,Thousand Metric Tonnes (TMT),PPAC / Ministry of Petroleum and Natural Gas,8d3b6596-b09e-4077-aebf-425193185a5b.csv,419,2026-08-21T15:32:18.198485+00:00,1.0
2025-09-01,2025,2025-26,September,"MRPL-MANGALORE,KARNATAKA",individual,1387.22,Thousand Metric Tonnes (TMT),PPAC / Ministry of Petroleum and Natural Gas,8d3b6596-b09e-4077-aebf-425193185a5b.csv,420,2026-08-21T15:32:18.198485+00:00,1.0
2025-10-01,2025,2025-26,October,"IOCL-KOYALI, GUJARAT",individual,986.01,Thousand Metric Tonnes (TMT),PPAC / Ministry of Petroleum and Natural Gas,8d3b6596-b09e-4077-aebf-425193185a5b.csv,421,2026-08-21T15:32:18.198485+00:00,1.0
2025-10-01,2025,2025-26,October,"IOCL-PARADIP,ODISHA",individual,1401.32,Thousand Metric Tonnes (TMT),PPAC / Ministry of Petroleum and Natural Gas,8d3b6596-b09e-4077-aebf-425193185a5b.csv,422,2026-08-21T15:32:18.198485+00:00,1.0
2025-10-01,2025,2025-26,October,"BPCL-MUMBAI, MAHARASHTRA",individual,1351.24,Thousand Metric Tonnes (TMT),PPAC / Ministry of Petroleum and Natural Gas,8d3b6596-b09e-4077-aebf-425193185a5b.csv,423,2026-08-21T15:32:18.198485+00:00,1.0
2025-10-01,2025,2025-26,October,"BPCL-KOCHI, KERALA",individual,1531.66,Thousand Metric Tonnes (TMT),PPAC / Ministry of Petroleum and Natural Gas,8d3b6596-b09e-4077-aebf-425193185a5b.csv,424,2026-08-21T15:32:18.198485+00:00,1.0
2025-10-01,2025,2025-26,October,"HPCL-VISAKH,ANDHRA PRADESH",individual,1359.73,Thousand Metric Tonnes (TMT),PPAC / Ministry of Petroleum and Natural Gas,8d3b6596-b09e-4077-aebf-425193185a5b.csv,425,2026-08-21T15:32:18.198485+00:00,1.0
2025-10-01,2025,2025-26,October,"RIL-(SEZ), JAMNAGAR,GUJARAT",individual,2577.57,Thousand Metric Tonnes (TMT),PPAC / Ministry of Petroleum and Natural Gas,8d3b6596-b09e-4077-aebf-425193185a5b.csv,426,2026-08-21T15:32:18.198485+00:00,1.0
2025-10-01,2025,2025-26,October,RIL TOTAL,subtotal,5564.84,Thousand Metric Tonnes (TMT),PPAC / Ministry of Petroleum and Natural Gas,8d3b6596-b09e-4077-aebf-425193185a5b.csv,427,2026-08-21T15:32:18.198485+00:00,1.0
2025-10-01,2025,2025-26,October,GRAND TOTAL,grand_total,22648.43,Thousand Metric Tonnes (TMT),PPAC / Ministry of Petroleum and Natural Gas,8d3b6596-b09e-4077-aebf-425193185a5b.csv,428,2026-08-21T15:32:18.198485+00:00,1.0
2025-11-01,2025,2025-26,November,BPCL-TOTAL,subtotal,3527.53,Thousand Metric Tonnes (TMT),PPAC / Ministry of Petroleum and Natural Gas,8d3b6596-b09e-4077-aebf-425193185a5b.csv,429,2026-08-21T15:32:18.198485+00:00,1.0
2025-11-01,2025,2025-26,November,"HMEL-GGSR, BATHINDA, PUNJAB",individual,443.25,Thousand Metric Tonnes (TMT),PPAC / Ministry of Petroleum and Natural Gas,8d3b6596-b09e-4077-aebf-425193185a5b.csv,430,2026-08-21T15:32:18.198485+00:00,1.0
2025-11-01,2025,2025-26,November,"RIL,JAMNAGAR,GUJARAT",individual,2928.31,Thousand Metric Tonnes (TMT),PPAC / Ministry of Petroleum and Natural Gas,8d3b6596-b09e-4077-aebf-425193185a5b.csv,431,2026-08-21T15:32:18.198485+00:00,1.0
2025-11-01,2025,2025-26,November,"NEL-VADINAR,GUJARAT",individual,1554.38,Thousand Metric Tonnes (TMT),PPAC / Ministry of Petroleum and Natural Gas,8d3b6596-b09e-4077-aebf-425193185a5b.csv,432,2026-08-21T15:32:18.198485+00:00,1.0
2025-12-01,2025,2025-26,December,"IOCL-BARAUNI,BIHAR",individual,580.97,Thousand Metric Tonnes (TMT),PPAC / Ministry of Petroleum and Natural Gas,8d3b6596-b09e-4077-aebf-425193185a5b.csv,433,2026-08-21T15:32:18.198485+00:00,1.0
2025-12-01,2025,2025-26,December,"IOCL-PANIPAT, HARYANA",individual,1410.01,Thousand Metric Tonnes (TMT),PPAC / Ministry of Petroleum and Natural Gas,8d3b6596-b09e-4077-aebf-425193185a5b.csv,434,2026-08-21T15:32:18.198485+00:00,1.0
2025-12-01,2025,2025-26,December,"IOCL-DIGBOI,ASSAM",individual,56.63,Thousand Metric Tonnes (TMT),PPAC / Ministry of Petroleum and Natural Gas,8d3b6596-b09e-4077-aebf-425193185a5b.csv,435,2026-08-21T15:32:18.198485+00:00,1.0
2025-12-01,2025,2025-26,December,IOCL TOTAL,subtotal,6858.12,Thousand Metric Tonnes (TMT),PPAC / Ministry of Petroleum and Natural Gas,8d3b6596-b09e-4077-aebf-425193185a5b.csv,436,2026-08-21T15:32:18.198485+00:00,1.0
2025-12-01,2025,2025-26,December,BPCL-BINA,individual,707.18,Thousand Metric Tonnes (TMT),PPAC / Ministry of Petroleum and Natural Gas,8d3b6596-b09e-4077-aebf-425193185a5b.csv,437,2026-08-21T15:32:18.198485+00:00,1.0
2025-12-01,2025,2025-26,December,"HPCL-MUMBAI,MAHARASHTRA",individual,828.48,Thousand Metric Tonnes (TMT),PPAC / Ministry of Petroleum and Natural Gas,8d3b6596-b09e-4077-aebf-425193185a5b.csv,438,2026-08-21T15:32:18.198485+00:00,1.0
2025-12-01,2025,2025-26,December,"HMEL-GGSR, BATHINDA, PUNJAB",individual,640.37,Thousand Metric Tonnes (TMT),PPAC / Ministry of Petroleum and Natural Gas,8d3b6596-b09e-4077-aebf-425193185a5b.csv,439,2026-08-21T15:32:18.198485+00:00,1.0
2025-12-01,2025,2025-26,December,GRAND TOTAL,grand_total,23861.83,Thousand Metric Tonnes (TMT),PPAC / Ministry of Petroleum and Natural Gas,8d3b6596-b09e-4077-aebf-425193185a5b.csv,440,2026-08-21T15:32:18.198485+00:00,1.0
2026-01-01,2026,2025-26,January,"IOCL-KOYALI, GUJARAT",individual,1492.28,Thousand Metric Tonnes (TMT),PPAC / Ministry of Petroleum and Natural Gas,8d3b6596-b09e-4077-aebf-425193185a5b.csv,441,2026-08-21T15:32:18.198485+00:00,1.0
2026-01-01,2026,2025-26,January,"IOCL-BONGAIGAON,ASSAM",individual,266.12,Thousand Metric Tonnes (TMT),PPAC / Ministry of Petroleum and Natural Gas,8d3b6596-b09e-4077-aebf-425193185a5b.csv,442,2026-08-21T15:32:18.198485+00:00,1.0
2026-01-01,2026,2025-26,January,"IOCL-PARADIP,ODISHA",individual,1383.79,Thousand Metric Tonnes (TMT),PPAC / Ministry of Petroleum and Natural Gas,8d3b6596-b09e-4077-aebf-425193185a5b.csv,443,2026-08-21T15:32:18.198485+00:00,1.0
2026-01-01,2026,2025-26,January,IOCL TOTAL,subtotal,6729.1,Thousand Metric Tonnes (TMT),PPAC / Ministry of Petroleum and Natural Gas,8d3b6596-b09e-4077-aebf-425193185a5b.csv,444,2026-08-21T15:32:18.198485+00:00,1.0
2026-01-01,2026,2025-26,January,"BPCL-MUMBAI, MAHARASHTRA",individual,1412.56,Thousand Metric Tonnes (TMT),PPAC / Ministry of Petroleum and Natural Gas,8d3b6596-b09e-4077-aebf-425193185a5b.csv,445,2026-08-21T15:32:18.198485+00:00,1.0
2026-01-01,2026,2025-26,January,HPCL-TOTAL,subtotal,3278.85,Thousand Metric Tonnes (TMT),PPAC / Ministry of Petroleum and Natural Gas,8d3b6596-b09e-4077-aebf-425193185a5b.csv,446,2026-08-21T15:32:18.198485+00:00,1.0
2026-02-01,2026,2025-26,February,"IOCL-KOYALI, GUJARAT",individual,1342.81,Thousand Metric Tonnes (TMT),PPAC / Ministry of Petroleum and Natural Gas,8d3b6596-b09e-4077-aebf-425193185a5b.csv,447,2026-08-21T15:32:18.198485+00:00,1.0
2026-02-01,2026,2025-26,February,"CPCL-MANALI, TAMILNADU",individual,920.08,Thousand Metric Tonnes (TMT),PPAC / Ministry of Petroleum and Natural Gas,8d3b6596-b09e-4077-aebf-425193185a5b.csv,448,2026-08-21T15:32:18.198485+00:00,1.0
2026-02-01,2026,2025-26,February,BPCL-TOTAL,subtotal,3322.64,Thousand Metric Tonnes (TMT),PPAC / Ministry of Petroleum and Natural Gas,8d3b6596-b09e-4077-aebf-425193185a5b.csv,449,2026-08-21T15:32:18.198485+00:00,1.0
2026-02-01,2026,2025-26,February,"ONGC-TATIPAKA,ANDHRA PRADESH",individual,3.64,Thousand Metric Tonnes (TMT),PPAC / Ministry of Petroleum and Natural Gas,8d3b6596-b09e-4077-aebf-425193185a5b.csv,450,2026-08-21T15:32:18.198485+00:00,1.0
2026-02-01,2026,2025-26,February,"RIL,JAMNAGAR,GUJARAT",individual,2675.09,Thousand Metric Tonnes (TMT),PPAC / Ministry of Petroleum and Natural Gas,8d3b6596-b09e-4077-aebf-425193185a5b.csv,451,2026-08-21T15:32:18.198485+00:00,1.0
2026-02-01,2026,2025-26,February,GRAND TOTAL,grand_total,21879.05,Thousand Metric Tonnes (TMT),PPAC / Ministry of Petroleum and Natural Gas,8d3b6596-b09e-4077-aebf-425193185a5b.csv,452,2026-08-21T15:32:18.198485+00:00,1.0
2026-03-01,2026,2025-26,March,"IOCL-MATHURA, UTTAR PRADESH",individual,894.66,Thousand Metric Tonnes (TMT),PPAC / Ministry of Petroleum and Natural Gas,8d3b6596-b09e-4077-aebf-425193185a5b.csv,453,2026-08-21T15:32:18.198485+00:00,1.0
2026-03-01,2026,2025-26,March,"IOCL-GUWAHATI,ASSAM",individual,114.4,Thousand Metric Tonnes (TMT),PPAC / Ministry of Petroleum and Natural Gas,8d3b6596-b09e-4077-aebf-425193185a5b.csv,454,2026-08-21T15:32:18.198485+00:00,1.0
2026-03-01,2026,2025-26,March,"IOCL-DIGBOI,ASSAM",individual,66.24,Thousand Metric Tonnes (TMT),PPAC / Ministry of Petroleum and Natural Gas,8d3b6596-b09e-4077-aebf-425193185a5b.csv,455,2026-08-21T15:32:18.198485+00:00,1.0
2026-03-01,2026,2025-26,March,BPCL-TOTAL,subtotal,3341.62,Thousand Metric Tonnes (TMT),PPAC / Ministry of Petroleum and Natural Gas,8d3b6596-b09e-4077-aebf-425193185a5b.csv,456,2026-08-21T15:32:18.198485+00:00,1.0
2026-03-01,2026,2025-26,March,"ONGC-TATIPAKA,ANDHRA PRADESH",individual,5.11,Thousand Metric Tonnes (TMT),PPAC / Ministry of Petroleum and Natural Gas,8d3b6596-b09e-4077-aebf-425193185a5b.csv,457,2026-08-21T15:32:18.198485+00:00,1.0
2026-03-01,2026,2025-26,March,GRAND TOTAL,grand_total,23482.12,Thousand Metric Tonnes (TMT),PPAC / Ministry of Petroleum and Natural Gas,8d3b6596-b09e-4077-aebf-425193185a5b.csv,458,2026-08-21T15:32:18.198485+00:00,1.0
2024-04-01,2024,2024-25,April,"IOCL-BARAUNI,BIHAR",individual,545.02,Thousand Metric Tonnes (TMT),PPAC / Ministry of Petroleum and Natural Gas,8d3b6596-b09e-4077-aebf-425193185a5b.csv,459,2026-08-21T15:32:18.198485+00:00,1.0
2024-04-01,2024,2024-25,April,"IOCL-DIGBOI,ASSAM",individual,64.89,Thousand Metric Tonnes (TMT),PPAC / Ministry of Petroleum and Natural Gas,8d3b6596-b09e-4077-aebf-425193185a5b.csv,460,2026-08-21T15:32:18.198485+00:00,1.0
2024-04-01,2024,2024-25,April,"NRL-NUMALIGARH, ASSAM",individual,241.34,Thousand Metric Tonnes (TMT),PPAC / Ministry of Petroleum and Natural Gas,8d3b6596-b09e-4077-aebf-425193185a5b.csv,461,2026-08-21T15:32:18.198485+00:00,1.0
2024-04-01,2024,2024-25,April,"ONGC-TATIPAKA,ANDHRA PRADESH",individual,4.97,Thousand Metric Tonnes (TMT),PPAC / Ministry of Petroleum and Natural Gas,8d3b6596-b09e-4077-aebf-425193185a5b.csv,462,2026-08-21T15:32:18.198485+00:00,1.0
2024-04-01,2024,2024-25,April,"HPCL-VISAKH,ANDHRA PRADESH",individual,900.04,Thousand Metric Tonnes (TMT),PPAC / Ministry of Petroleum and Natural Gas,8d3b6596-b09e-4077-aebf-425193185a5b.csv,463,2026-08-21T15:32:18.198485+00:00,1.0
2024-04-01,2024,2024-25,April,"RIL-(SEZ), JAMNAGAR,GUJARAT",individual,2516.44,Thousand Metric Tonnes (TMT),PPAC / Ministry of Petroleum and Natural Gas,8d3b6596-b09e-4077-aebf-425193185a5b.csv,464,2026-08-21T15:32:18.198485+00:00,1.0
2024-04-01,2024,2024-25,April,RIL TOTAL,subtotal,5401.25,Thousand Metric Tonnes (TMT),PPAC / Ministry of Petroleum and Natural Gas,8d3b6596-b09e-4077-aebf-425193185a5b.csv,465,2026-08-21T15:32:18.198485+00:00,1.0
2024-04-01,2024,2024-25,April,GRAND TOTAL,grand_total,21617.25,Thousand Metric Tonnes (TMT),PPAC / Ministry of Petroleum and Natural Gas,8d3b6596-b09e-4077-aebf-425193185a5b.csv,466,2026-08-21T15:32:18.198485+00:00,1.0
2024-05-01,2024,2024-25,May,"IOCL-BARAUNI,BIHAR",individual,548.75,Thousand Metric Tonnes (TMT),PPAC / Ministry of Petroleum and Natural Gas,8d3b6596-b09e-4077-aebf-425193185a5b.csv,467,2026-08-21T15:32:18.198485+00:00,1.0
2024-05-01,2024,2024-25,May,"IOCL-HALDIA, WEST BENGAL",individual,689.53,Thousand Metric Tonnes (TMT),PPAC / Ministry of Petroleum and Natural Gas,8d3b6596-b09e-4077-aebf-425193185a5b.csv,468,2026-08-21T15:32:18.198485+00:00,1.0
2024-05-01,2024,2024-25,May,"IOCL-MATHURA, UTTAR PRADESH",individual,839.72,Thousand Metric Tonnes (TMT),PPAC / Ministry of Petroleum and Natural Gas,8d3b6596-b09e-4077-aebf-425193185a5b.csv,469,2026-08-21T15:32:18.198485+00:00,1.0
2024-05-01,2024,2024-25,May,"IOCL-DIGBOI,ASSAM",individual,65.04,Thousand Metric Tonnes (TMT),PPAC / Ministry of Petroleum and Natural Gas,8d3b6596-b09e-4077-aebf-425193185a5b.csv,470,2026-08-21T15:32:18.198485+00:00,1.0
2024-05-01,2024,2024-25,May,BPCL-BINA,individual,661.46,Thousand Metric Tonnes (TMT),PPAC / Ministry of Petroleum and Natural Gas,8d3b6596-b09e-4077-aebf-425193185a5b.csv,471,2026-08-21T15:32:18.198485+00:00,1.0
2024-05-01,2024,2024-25,May,"ONGC-TATIPAKA,ANDHRA PRADESH",individual,6.03,Thousand Metric Tonnes (TMT),PPAC / Ministry of Petroleum and Natural Gas,8d3b6596-b09e-4077-aebf-425193185a5b.csv,472,2026-08-21T15:32:18.198485+00:00,1.0
2024-05-01,2024,2024-25,May,"MRPL-MANGALORE,KARNATAKA",individual,1593.25,Thousand Metric Tonnes (TMT),PPAC / Ministry of Petroleum and Natural Gas,8d3b6596-b09e-4077-aebf-425193185a5b.csv,473,2026-08-21T15:32:18.198485+00:00,1.0
2024-05-01,2024,2024-25,May,HPCL & JV-TOTAL,subtotal,3281.5,Thousand Metric Tonnes (TMT),PPAC / Ministry of Petroleum and Natural Gas,8d3b6596-b09e-4077-aebf-425193185a5b.csv,474,2026-08-21T15:32:18.198485+00:00,1.0
2024-06-01,2024,2024-25,June,"IOCL-DIGBOI,ASSAM",individual,63.45,Thousand Metric Tonnes (TMT),PPAC / Ministry of Petroleum and Natural Gas,8d3b6596-b09e-4077-aebf-425193185a5b.csv,475,2026-08-21T15:32:18.198485+00:00,1.0
2024-06-01,2024,2024-25,June,"CPCL-MANALI, TAMILNADU",individual,930.19,Thousand Metric Tonnes (TMT),PPAC / Ministry of Petroleum and Natural Gas,8d3b6596-b09e-4077-aebf-425193185a5b.csv,476,2026-08-21T15:32:18.198485+00:00,1.0
2024-06-01,2024,2024-25,June,"HPCL-VISAKH,ANDHRA PRADESH",individual,1290.21,Thousand Metric Tonnes (TMT),PPAC / Ministry of Petroleum and Natural Gas,8d3b6596-b09e-4077-aebf-425193185a5b.csv,477,2026-08-21T15:32:18.198485+00:00,1.0
2024-07-01,2024,2024-25,July,"IOCL-GUWAHATI,ASSAM",individual,104.55,Thousand Metric Tonnes (TMT),PPAC / Ministry of Petroleum and Natural Gas,8d3b6596-b09e-4077-aebf-425193185a5b.csv,478,2026-08-21T15:32:18.198485+00:00,1.0
2024-07-01,2024,2024-25,July,"BPCL-MUMBAI, MAHARASHTRA",individual,1364.29,Thousand Metric Tonnes (TMT),PPAC / Ministry of Petroleum and Natural Gas,8d3b6596-b09e-4077-aebf-425193185a5b.csv,479,2026-08-21T15:32:18.198485+00:00,1.0
2024-07-01,2024,2024-25,July,"ONGC-TATIPAKA,ANDHRA PRADESH",individual,5.98,Thousand Metric Tonnes (TMT),PPAC / Ministry of Petroleum and Natural Gas,8d3b6596-b09e-4077-aebf-425193185a5b.csv,480,2026-08-21T15:32:18.198485+00:00,1.0
2024-07-01,2024,2024-25,July,"MRPL-MANGALORE,KARNATAKA",individual,1478.14,Thousand Metric Tonnes (TMT),PPAC / Ministry of Petroleum and Natural Gas,8d3b6596-b09e-4077-aebf-425193185a5b.csv,481,2026-08-21T15:32:18.198485+00:00,1.0
2024-07-01,2024,2024-25,July,HPCL & JV-TOTAL,subtotal,3286.3,Thousand Metric Tonnes (TMT),PPAC / Ministry of Petroleum and Natural Gas,8d3b6596-b09e-4077-aebf-425193185a5b.csv,482,2026-08-21T15:32:18.198485+00:00,1.0
2024-08-01,2024,2024-25,August,"IOCL-KOYALI, GUJARAT",individual,1342.54,Thousand Metric Tonnes (TMT),PPAC / Ministry of Petroleum and Natural Gas,8d3b6596-b09e-4077-aebf-425193185a5b.csv,483,2026-08-21T15:32:18.198485+00:00,1.0
2024-08-01,2024,2024-25,August,"IOCL-PANIPAT, HARYANA",individual,1151.37,Thousand Metric Tonnes (TMT),PPAC / Ministry of Petroleum and Natural Gas,8d3b6596-b09e-4077-aebf-425193185a5b.csv,484,2026-08-21T15:32:18.198485+00:00,1.0
2024-08-01,2024,2024-25,August,"IOCL-PARADIP,ODISHA",individual,1230.42,Thousand Metric Tonnes (TMT),PPAC / Ministry of Petroleum and Natural Gas,8d3b6596-b09e-4077-aebf-425193185a5b.csv,485,2026-08-21T15:32:18.198485+00:00,1.0
2024-08-01,2024,2024-25,August,"ONGC-TATIPAKA,ANDHRA PRADESH",individual,6.14,Thousand Metric Tonnes (TMT),PPAC / Ministry of Petroleum and Natural Gas,8d3b6596-b09e-4077-aebf-425193185a5b.csv,486,2026-08-21T15:32:18.198485+00:00,1.0
2024-08-01,2024,2024-25,August,ONGC TOTAL,subtotal,1502.66,Thousand Metric Tonnes (TMT),PPAC / Ministry of Petroleum and Natural Gas,8d3b6596-b09e-4077-aebf-425193185a5b.csv,487,2026-08-21T15:32:18.198485+00:00,1.0
2024-08-01,2024,2024-25,August,"HPCL-MUMBAI,MAHARASHTRA",individual,741.85,Thousand Metric Tonnes (TMT),PPAC / Ministry of Petroleum and Natural Gas,8d3b6596-b09e-4077-aebf-425193185a5b.csv,488,2026-08-21T15:32:18.198485+00:00,1.0
2024-08-01,2024,2024-25,August,"HMEL-GGSR, BATHINDA, PUNJAB",individual,1098.98,Thousand Metric Tonnes (TMT),PPAC / Ministry of Petroleum and Natural Gas,8d3b6596-b09e-4077-aebf-425193185a5b.csv,489,2026-08-21T15:32:18.198485+00:00,1.0
2024-09-01,2024,2024-25,September,"IOCL-HALDIA, WEST BENGAL",individual,38.05,Thousand Metric Tonnes (TMT),PPAC / Ministry of Petroleum and Natural Gas,8d3b6596-b09e-4077-aebf-425193185a5b.csv,490,2026-08-21T15:32:18.198485+00:00,1.0
2024-09-01,2024,2024-25,September,"IOCL-DIGBOI,ASSAM",individual,59.01,Thousand Metric Tonnes (TMT),PPAC / Ministry of Petroleum and Natural Gas,8d3b6596-b09e-4077-aebf-425193185a5b.csv,491,2026-08-21T15:32:18.198485+00:00,1.0
2024-09-01,2024,2024-25,September,IOCL TOTAL,subtotal,5290.28,Thousand Metric Tonnes (TMT),PPAC / Ministry of Petroleum and Natural Gas,8d3b6596-b09e-4077-aebf-425193185a5b.csv,492,2026-08-21T15:32:18.198485+00:00,1.0
2024-09-01,2024,2024-25,September,CPCL-TOTAL,subtotal,537.83,Thousand Metric Tonnes (TMT),PPAC / Ministry of Petroleum and Natural Gas,8d3b6596-b09e-4077-aebf-425193185a5b.csv,493,2026-08-21T15:32:18.198485+00:00,1.0
2024-09-01,2024,2024-25,September,"BPCL-KOCHI, KERALA",individual,1307.64,Thousand Metric Tonnes (TMT),PPAC / Ministry of Petroleum and Natural Gas,8d3b6596-b09e-4077-aebf-425193185a5b.csv,494,2026-08-21T15:32:18.198485+00:00,1.0
2024-09-01,2024,2024-25,September,BPCL-TOTAL,subtotal,3151.51,Thousand Metric Tonnes (TMT),PPAC / Ministry of Petroleum and Natural Gas,8d3b6596-b09e-4077-aebf-425193185a5b.csv,495,2026-08-21T15:32:18.198485+00:00,1.0
2024-09-01,2024,2024-25,September,"MRPL-MANGALORE,KARNATAKA",individual,1464.17,Thousand Metric Tonnes (TMT),PPAC / Ministry of Petroleum and Natural Gas,8d3b6596-b09e-4077-aebf-425193185a5b.csv,496,2026-08-21T15:32:18.198485+00:00,1.0
2024-09-01,2024,2024-25,September,"HPCL-VISAKH,ANDHRA PRADESH",individual,1263.13,Thousand Metric Tonnes (TMT),PPAC / Ministry of Petroleum and Natural Gas,8d3b6596-b09e-4077-aebf-425193185a5b.csv,497,2026-08-21T15:32:18.198485+00:00,1.0
2024-09-01,2024,2024-25,September,HPCL & JV-TOTAL,subtotal,3192.48,Thousand Metric Tonnes (TMT),PPAC / Ministry of Petroleum and Natural Gas,8d3b6596-b09e-4077-aebf-425193185a5b.csv,498,2026-08-21T15:32:18.198485+00:00,1.0
2024-10-01,2024,2024-25,October,"IOCL-KOYALI, GUJARAT",individual,1356.92,Thousand Metric Tonnes (TMT),PPAC / Ministry of Petroleum and Natural Gas,8d3b6596-b09e-4077-aebf-425193185a5b.csv,499,2026-08-21T15:32:18.198485+00:00,1.0
2024-10-01,2024,2024-25,October,"IOCL-MATHURA, UTTAR PRADESH",individual,41.68,Thousand Metric Tonnes (TMT),PPAC / Ministry of Petroleum and Natural Gas,8d3b6596-b09e-4077-aebf-425193185a5b.csv,500,2026-08-21T15:32:18.198485+00:00,1.0
2024-10-01,2024,2024-25,October,"IOCL-DIGBOI,ASSAM",individual,71.02,Thousand Metric Tonnes (TMT),PPAC / Ministry of Petroleum and Natural Gas,8d3b6596-b09e-4077-aebf-425193185a5b.csv,501,2026-08-21T15:32:18.198485+00:00,1.0
2024-10-01,2024,2024-25,October,"BPCL-KOCHI, KERALA",individual,989.32,Thousand Metric Tonnes (TMT),PPAC / Ministry of Petroleum and Natural Gas,8d3b6596-b09e-4077-aebf-425193185a5b.csv,502,2026-08-21T15:32:18.198485+00:00,1.0
2024-10-01,2024,2024-25,October,BPCL-TOTAL,subtotal,3094.25,Thousand Metric Tonnes (TMT),PPAC / Ministry of Petroleum and Natural Gas,8d3b6596-b09e-4077-aebf-425193185a5b.csv,503,2026-08-21T15:32:18.198485+00:00,1.0
2024-10-01,2024,2024-25,October,"ONGC-TATIPAKA,ANDHRA PRADESH",individual,6.12,Thousand Metric Tonnes (TMT),PPAC / Ministry of Petroleum and Natural Gas,8d3b6596-b09e-4077-aebf-425193185a5b.csv,504,2026-08-21T15:32:18.198485+00:00,1.0
2024-10-01,2024,2024-25,October,"RIL,JAMNAGAR,GUJARAT",individual,2842.8,Thousand Metric Tonnes (TMT),PPAC / Ministry of Petroleum and Natural Gas,8d3b6596-b09e-4077-aebf-425193185a5b.csv,505,2026-08-21T15:32:18.198485+00:00,1.0
2024-11-01,2024,2024-25,November,"IOCL-MATHURA, UTTAR PRADESH",individual,323.19,Thousand Metric Tonnes (TMT),PPAC / Ministry of Petroleum and Natural Gas,8d3b6596-b09e-4077-aebf-425193185a5b.csv,506,2026-08-21T15:32:18.198485+00:00,1.0
2024-11-01,2024,2024-25,November,"IOCL-GUWAHATI,ASSAM",individual,91.72,Thousand Metric Tonnes (TMT),PPAC / Ministry of Petroleum and Natural Gas,8d3b6596-b09e-4077-aebf-425193185a5b.csv,507,2026-08-21T15:32:18.198485+00:00,1.0
2024-11-01,2024,2024-25,November,"IOCL-BONGAIGAON,ASSAM",individual,251.54,Thousand Metric Tonnes (TMT),PPAC / Ministry of Petroleum and Natural Gas,8d3b6596-b09e-4077-aebf-425193185a5b.csv,508,2026-08-21T15:32:18.198485+00:00,1.0
2024-11-01,2024,2024-25,November,"IOCL-PARADIP,ODISHA",individual,1333.39,Thousand Metric Tonnes (TMT),PPAC / Ministry of Petroleum and Natural Gas,8d3b6596-b09e-4077-aebf-425193185a5b.csv,509,2026-08-21T15:32:18.198485+00:00,1.0
2024-12-01,2024,2024-25,December,"IOCL-BARAUNI,BIHAR",individual,599.19,Thousand Metric Tonnes (TMT),PPAC / Ministry of Petroleum and Natural Gas,8d3b6596-b09e-4077-aebf-425193185a5b.csv,510,2026-08-21T15:32:18.198485+00:00,1.0
2024-12-01,2024,2024-25,December,"IOCL-HALDIA, WEST BENGAL",individual,747.23,Thousand Metric Tonnes (TMT),PPAC / Ministry of Petroleum and Natural Gas,8d3b6596-b09e-4077-aebf-425193185a5b.csv,511,2026-08-21T15:32:18.198485+00:00,1.0
2024-12-01,2024,2024-25,December,"IOCL-PARADIP,ODISHA",individual,1403.14,Thousand Metric Tonnes (TMT),PPAC / Ministry of Petroleum and Natural Gas,8d3b6596-b09e-4077-aebf-425193185a5b.csv,512,2026-08-21T15:32:18.198485+00:00,1.0
2024-12-01,2024,2024-25,December,BPCL-BINA,individual,686.51,Thousand Metric Tonnes (TMT),PPAC / Ministry of Petroleum and Natural Gas,8d3b6596-b09e-4077-aebf-425193185a5b.csv,513,2026-08-21T15:32:18.198485+00:00,1.0
2024-12-01,2024,2024-25,December,"NEL-VADINAR,GUJARAT",individual,1748.16,Thousand Metric Tonnes (TMT),PPAC / Ministry of Petroleum and Natural Gas,8d3b6596-b09e-4077-aebf-425193185a5b.csv,514,2026-08-21T15:32:18.198485+00:00,1.0
2025-01-01,2025,2024-25,January,"IOCL-HALDIA, WEST BENGAL",individual,744.38,Thousand Metric Tonnes (TMT),PPAC / Ministry of Petroleum and Natural Gas,8d3b6596-b09e-4077-aebf-425193185a5b.csv,515,2026-08-21T15:32:18.198485+00:00,1.0
2025-01-01,2025,2024-25,January,"IOCL-DIGBOI,ASSAM",individual,66.35,Thousand Metric Tonnes (TMT),PPAC / Ministry of Petroleum and Natural Gas,8d3b6596-b09e-4077-aebf-425193185a5b.csv,516,2026-08-21T15:32:18.198485+00:00,1.0
2025-01-01,2025,2024-25,January,IOCL TOTAL,subtotal,6527.72,Thousand Metric Tonnes (TMT),PPAC / Ministry of Petroleum and Natural Gas,8d3b6596-b09e-4077-aebf-425193185a5b.csv,517,2026-08-21T15:32:18.198485+00:00,1.0
2025-01-01,2025,2024-25,January,BPCL-BINA,individual,687.71,Thousand Metric Tonnes (TMT),PPAC / Ministry of Petroleum and Natural Gas,8d3b6596-b09e-4077-aebf-425193185a5b.csv,518,2026-08-21T15:32:18.198485+00:00,1.0
2025-01-01,2025,2024-25,January,"ONGC-TATIPAKA,ANDHRA PRADESH",individual,7.01,Thousand Metric Tonnes (TMT),PPAC / Ministry of Petroleum and Natural Gas,8d3b6596-b09e-4077-aebf-425193185a5b.csv,519,2026-08-21T15:32:18.198485+00:00,1.0
2025-01-01,2025,2024-25,January,"HMEL-GGSR, BATHINDA, PUNJAB",individual,1115.94,Thousand Metric Tonnes (TMT),PPAC / Ministry of Petroleum and Natural Gas,8d3b6596-b09e-4077-aebf-425193185a5b.csv,520,2026-08-21T15:32:18.198485+00:00,1.0
2025-01-01,2025,2024-25,January,HPCL & JV-TOTAL,subtotal,3422.17,Thousand Metric Tonnes (TMT),PPAC / Ministry of Petroleum and Natural Gas,8d3b6596-b09e-4077-aebf-425193185a5b.csv,521,2026-08-21T15:32:18.198485+00:00,1.0
2025-02-01,2025,2024-25,February,"IOCL-HALDIA, WEST BENGAL",individual,641.58,Thousand Metric Tonnes (TMT),PPAC / Ministry of Petroleum and Natural Gas,8d3b6596-b09e-4077-aebf-425193185a5b.csv,522,2026-08-21T15:32:18.198485+00:00,1.0
2025-02-01,2025,2024-25,February,"IOCL-BONGAIGAON,ASSAM",individual,235.65,Thousand Metric Tonnes (TMT),PPAC / Ministry of Petroleum and Natural Gas,8d3b6596-b09e-4077-aebf-425193185a5b.csv,523,2026-08-21T15:32:18.198485+00:00,1.0
2025-02-01,2025,2024-25,February,CPCL-TOTAL,subtotal,950.91,Thousand Metric Tonnes (TMT),PPAC / Ministry of Petroleum and Natural Gas,8d3b6596-b09e-4077-aebf-425193185a5b.csv,524,2026-08-21T15:32:18.198485+00:00,1.0
2025-02-01,2025,2024-25,February,"BPCL-KOCHI, KERALA",individual,1421.84,Thousand Metric Tonnes (TMT),PPAC / Ministry of Petroleum and Natural Gas,8d3b6596-b09e-4077-aebf-425193185a5b.csv,525,2026-08-21T15:32:18.198485+00:00,1.0
2025-02-01,2025,2024-25,February,BPCL-BINA,individual,616.17,Thousand Metric Tonnes (TMT),PPAC / Ministry of Petroleum and Natural Gas,8d3b6596-b09e-4077-aebf-425193185a5b.csv,526,2026-08-21T15:32:18.198485+00:00,1.0
2025-02-01,2025,2024-25,February,ONGC TOTAL,subtotal,1466.44,Thousand Metric Tonnes (TMT),PPAC / Ministry of Petroleum and Natural Gas,8d3b6596-b09e-4077-aebf-425193185a5b.csv,527,2026-08-21T15:32:18.198485+00:00,1.0
2025-02-01,2025,2024-25,February,"HPCL-VISAKH,ANDHRA PRADESH",individual,1308.33,Thousand Metric Tonnes (TMT),PPAC / Ministry of Petroleum and Natural Gas,8d3b6596-b09e-4077-aebf-425193185a5b.csv,528,2026-08-21T15:32:18.198485+00:00,1.0
2025-02-01,2025,2024-25,February,"HMEL-GGSR, BATHINDA, PUNJAB",individual,999.7,Thousand Metric Tonnes (TMT),PPAC / Ministry of Petroleum and Natural Gas,8d3b6596-b09e-4077-aebf-425193185a5b.csv,529,2026-08-21T15:32:18.198485+00:00,1.0
2025-03-01,2025,2024-25,March,"IOCL-BARAUNI,BIHAR",individual,450.66,Thousand Metric Tonnes (TMT),PPAC / Ministry of Petroleum and Natural Gas,8d3b6596-b09e-4077-aebf-425193185a5b.csv,530,2026-08-21T15:32:18.198485+00:00,1.0
2025-03-01,2025,2024-25,March,"IOCL-KOYALI, GUJARAT",individual,1117.07,Thousand Metric Tonnes (TMT),PPAC / Ministry of Petroleum and Natural Gas,8d3b6596-b09e-4077-aebf-425193185a5b.csv,531,2026-08-21T15:32:18.198485+00:00,1.0
2025-03-01,2025,2024-25,March,IOCL TOTAL,subtotal,6348.06,Thousand Metric Tonnes (TMT),PPAC / Ministry of Petroleum and Natural Gas,8d3b6596-b09e-4077-aebf-425193185a5b.csv,532,2026-08-21T15:32:18.198485+00:00,1.0
2025-03-01,2025,2024-25,March,"CPCL-MANALI, TAMILNADU",individual,1020.28,Thousand Metric Tonnes (TMT),PPAC / Ministry of Petroleum and Natural Gas,8d3b6596-b09e-4077-aebf-425193185a5b.csv,533,2026-08-21T15:32:18.198485+00:00,1.0
2025-03-01,2025,2024-25,March,CPCL-TOTAL,subtotal,1020.28,Thousand Metric Tonnes (TMT),PPAC / Ministry of Petroleum and Natural Gas,8d3b6596-b09e-4077-aebf-425193185a5b.csv,534,2026-08-21T15:32:18.198485+00:00,1.0
2025-03-01,2025,2024-25,March,BPCL-TOTAL,subtotal,3621.07,Thousand Metric Tonnes (TMT),PPAC / Ministry of Petroleum and Natural Gas,8d3b6596-b09e-4077-aebf-425193185a5b.csv,535,2026-08-21T15:32:18.198485+00:00,1.0
2025-03-01,2025,2024-25,March,"MRPL-MANGALORE,KARNATAKA",individual,1645.85,Thousand Metric Tonnes (TMT),PPAC / Ministry of Petroleum and Natural Gas,8d3b6596-b09e-4077-aebf-425193185a5b.csv,536,2026-08-21T15:32:18.198485+00:00,1.0
2025-03-01,2025,2024-25,March,"HMEL-GGSR, BATHINDA, PUNJAB",individual,1105.83,Thousand Metric Tonnes (TMT),PPAC / Ministry of Petroleum and Natural Gas,8d3b6596-b09e-4077-aebf-425193185a5b.csv,537,2026-08-21T15:32:18.198485+00:00,1.0
2025-03-01,2025,2024-25,March,GRAND TOTAL,grand_total,23903.55,Thousand Metric Tonnes (TMT),PPAC / Ministry of Petroleum and Natural Gas,8d3b6596-b09e-4077-aebf-425193185a5b.csv,538,2026-08-21T15:32:18.198485+00:00,1.0
2023-04-01,2023,2023-24,April,"IOCL-MATHURA, UTTAR PRADESH",individual,836.71,Thousand Metric Tonnes (TMT),PPAC / Ministry of Petroleum and Natural Gas,8d3b6596-b09e-4077-aebf-425193185a5b.csv,539,2026-08-21T15:32:18.198485+00:00,1.0
2023-04-01,2023,2023-24,April,"NRL-NUMALIGARH, ASSAM",individual,-0.0,Thousand Metric Tonnes (TMT),PPAC / Ministry of Petroleum and Natural Gas,8d3b6596-b09e-4077-aebf-425193185a5b.csv,540,2026-08-21T15:32:18.198485+00:00,1.0
2023-04-01,2023,2023-24,April,"MRPL-MANGALORE,KARNATAKA",individual,1468.92,Thousand Metric Tonnes (TMT),PPAC / Ministry of Petroleum and Natural Gas,8d3b6596-b09e-4077-aebf-425193185a5b.csv,541,2026-08-21T15:32:18.198485+00:00,1.0
2023-04-01,2023,2023-24,April,"HPCL-MUMBAI,MAHARASHTRA",individual,837.11,Thousand Metric Tonnes (TMT),PPAC / Ministry of Petroleum and Natural Gas,8d3b6596-b09e-4077-aebf-425193185a5b.csv,542,2026-08-21T15:32:18.198485+00:00,1.0
2023-04-01,2023,2023-24,April,GRAND TOTAL,grand_total,21450.62,Thousand Metric Tonnes (TMT),PPAC / Ministry of Petroleum and Natural Gas,8d3b6596-b09e-4077-aebf-425193185a5b.csv,543,2026-08-21T15:32:18.198485+00:00,1.0
2023-05-01,2023,2023-24,May,GRAND TOTAL,grand_total,22726.56,Thousand Metric Tonnes (TMT),PPAC / Ministry of Petroleum and Natural Gas,8d3b6596-b09e-4077-aebf-425193185a5b.csv,544,2026-08-21T15:32:18.198485+00:00,1.0
2023-06-01,2023,2023-24,June,"IOCL-GUWAHATI,ASSAM",individual,92.45,Thousand Metric Tonnes (TMT),PPAC / Ministry of Petroleum and Natural Gas,8d3b6596-b09e-4077-aebf-425193185a5b.csv,545,2026-08-21T15:32:18.198485+00:00,1.0
2023-06-01,2023,2023-24,June,"IOCL-DIGBOI,ASSAM",individual,62.73,Thousand Metric Tonnes (TMT),PPAC / Ministry of Petroleum and Natural Gas,8d3b6596-b09e-4077-aebf-425193185a5b.csv,546,2026-08-21T15:32:18.198485+00:00,1.0
2023-06-01,2023,2023-24,June,ONGC TOTAL,subtotal,1458.08,Thousand Metric Tonnes (TMT),PPAC / Ministry of Petroleum and Natural Gas,8d3b6596-b09e-4077-aebf-425193185a5b.csv,547,2026-08-21T15:32:18.198485+00:00,1.0
2023-06-01,2023,2023-24,June,"HMEL-GGSR, BATHINDA, PUNJAB",individual,1062.37,Thousand Metric Tonnes (TMT),PPAC / Ministry of Petroleum and Natural Gas,8d3b6596-b09e-4077-aebf-425193185a5b.csv,548,2026-08-21T15:32:18.198485+00:00,1.0
2023-06-01,2023,2023-24,June,HPCL-TOTAL,subtotal,2922.02,Thousand Metric Tonnes (TMT),PPAC / Ministry of Petroleum and Natural Gas,8d3b6596-b09e-4077-aebf-425193185a5b.csv,549,2026-08-21T15:32:18.198485+00:00,1.0
2023-06-01,2023,2023-24,June,GRAND TOTAL,grand_total,21538.44,Thousand Metric Tonnes (TMT),PPAC / Ministry of Petroleum and Natural Gas,8d3b6596-b09e-4077-aebf-425193185a5b.csv,550,2026-08-21T15:32:18.198485+00:00,1.0
2023-07-01,2023,2023-24,July,CPCL-TOTAL,subtotal,1040.15,Thousand Metric Tonnes (TMT),PPAC / Ministry of Petroleum and Natural Gas,8d3b6596-b09e-4077-aebf-425193185a5b.csv,551,2026-08-21T15:32:18.198485+00:00,1.0
2023-07-01,2023,2023-24,July,"ONGC-TATIPAKA,ANDHRA PRADESH",individual,5.38,Thousand Metric Tonnes (TMT),PPAC / Ministry of Petroleum and Natural Gas,8d3b6596-b09e-4077-aebf-425193185a5b.csv,552,2026-08-21T15:32:18.198485+00:00,1.0
2023-07-01,2023,2023-24,July,HPCL-TOTAL,subtotal,3103.73,Thousand Metric Tonnes (TMT),PPAC / Ministry of Petroleum and Natural Gas,8d3b6596-b09e-4077-aebf-425193185a5b.csv,553,2026-08-21T15:32:18.198485+00:00,1.0
2023-07-01,2023,2023-24,July,"RIL-(SEZ), JAMNAGAR,GUJARAT",individual,2564.65,Thousand Metric Tonnes (TMT),PPAC / Ministry of Petroleum and Natural Gas,8d3b6596-b09e-4077-aebf-425193185a5b.csv,554,2026-08-21T15:32:18.198485+00:00,1.0
2023-08-01,2023,2023-24,August,"IOCL-KOYALI, GUJARAT",individual,1262.85,Thousand Metric Tonnes (TMT),PPAC / Ministry of Petroleum and Natural Gas,8d3b6596-b09e-4077-aebf-425193185a5b.csv,555,2026-08-21T15:32:18.198485+00:00,1.0
2023-08-01,2023,2023-24,August,"IOCL-HALDIA, WEST BENGAL",individual,689.55,Thousand Metric Tonnes (TMT),PPAC / Ministry of Petroleum and Natural Gas,8d3b6596-b09e-4077-aebf-425193185a5b.csv,556,2026-08-21T15:32:18.198485+00:00,1.0
2023-08-01,2023,2023-24,August,"BPCL-KOCHI, KERALA",individual,1345.9,Thousand Metric Tonnes (TMT),PPAC / Ministry of Petroleum and Natural Gas,8d3b6596-b09e-4077-aebf-425193185a5b.csv,557,2026-08-21T15:32:18.198485+00:00,1.0
2023-08-01,2023,2023-24,August,"ONGC-TATIPAKA,ANDHRA PRADESH",individual,5.03,Thousand Metric Tonnes (TMT),PPAC / Ministry of Petroleum and Natural Gas,8d3b6596-b09e-4077-aebf-425193185a5b.csv,558,2026-08-21T15:32:18.198485+00:00,1.0
2023-08-01,2023,2023-24,August,RIL TOTAL,subtotal,5478.17,Thousand Metric Tonnes (TMT),PPAC / Ministry of Petroleum and Natural Gas,8d3b6596-b09e-4077-aebf-425193185a5b.csv,559,2026-08-21T15:32:18.198485+00:00,1.0
2023-09-01,2023,2023-24,September,"IOCL-PANIPAT, HARYANA",individual,1194.47,Thousand Metric Tonnes (TMT),PPAC / Ministry of Petroleum and Natural Gas,8d3b6596-b09e-4077-aebf-425193185a5b.csv,560,2026-08-21T15:32:18.198485+00:00,1.0
2023-09-01,2023,2023-24,September,"IOCL-GUWAHATI,ASSAM",individual,90.04,Thousand Metric Tonnes (TMT),PPAC / Ministry of Petroleum and Natural Gas,8d3b6596-b09e-4077-aebf-425193185a5b.csv,561,2026-08-21T15:32:18.198485+00:00,1.0
2023-09-01,2023,2023-24,September,"BPCL-MUMBAI, MAHARASHTRA",individual,1354.53,Thousand Metric Tonnes (TMT),PPAC / Ministry of Petroleum and Natural Gas,8d3b6596-b09e-4077-aebf-425193185a5b.csv,562,2026-08-21T15:32:18.198485+00:00,1.0
2023-09-01,2023,2023-24,September,"HPCL-MUMBAI,MAHARASHTRA",individual,846.75,Thousand Metric Tonnes (TMT),PPAC / Ministry of Petroleum and Natural Gas,8d3b6596-b09e-4077-aebf-425193185a5b.csv,563,2026-08-21T15:32:18.198485+00:00,1.0
2023-09-01,2023,2023-24,September,GRAND TOTAL,grand_total,20288.5,Thousand Metric Tonnes (TMT),PPAC / Ministry of Petroleum and Natural Gas,8d3b6596-b09e-4077-aebf-425193185a5b.csv,564,2026-08-21T15:32:18.198485+00:00,1.0
2023-10-01,2023,2023-24,October,ONGC TOTAL,subtotal,1359.39,Thousand Metric Tonnes (TMT),PPAC / Ministry of Petroleum and Natural Gas,8d3b6596-b09e-4077-aebf-425193185a5b.csv,565,2026-08-21T15:32:18.198485+00:00,1.0
2023-10-01,2023,2023-24,October,RIL TOTAL,subtotal,4520.59,Thousand Metric Tonnes (TMT),PPAC / Ministry of Petroleum and Natural Gas,8d3b6596-b09e-4077-aebf-425193185a5b.csv,566,2026-08-21T15:32:18.198485+00:00,1.0
2023-11-01,2023,2023-24,November,"IOCL-DIGBOI,ASSAM",individual,66.3,Thousand Metric Tonnes (TMT),PPAC / Ministry of Petroleum and Natural Gas,8d3b6596-b09e-4077-aebf-425193185a5b.csv,567,2026-08-21T15:32:18.198485+00:00,1.0
2023-11-01,2023,2023-24,November,CPCL-TOTAL,subtotal,1001.04,Thousand Metric Tonnes (TMT),PPAC / Ministry of Petroleum and Natural Gas,8d3b6596-b09e-4077-aebf-425193185a5b.csv,568,2026-08-21T15:32:18.198485+00:00,1.0
2023-11-01,2023,2023-24,November,"HPCL-VISAKH,ANDHRA PRADESH",individual,826.45,Thousand Metric Tonnes (TMT),PPAC / Ministry of Petroleum and Natural Gas,8d3b6596-b09e-4077-aebf-425193185a5b.csv,569,2026-08-21T15:32:18.198485+00:00,1.0
2023-11-01,2023,2023-24,November,"RIL-(SEZ), JAMNAGAR,GUJARAT",individual,2216.79,Thousand Metric Tonnes (TMT),PPAC / Ministry of Petroleum and Natural Gas,8d3b6596-b09e-4077-aebf-425193185a5b.csv,570,2026-08-21T15:32:18.198485+00:00,1.0
2023-12-01,2023,2023-24,December,"IOCL-BARAUNI,BIHAR",individual,597.97,Thousand Metric Tonnes (TMT),PPAC / Ministry of Petroleum and Natural Gas,8d3b6596-b09e-4077-aebf-425193185a5b.csv,571,2026-08-21T15:32:18.198485+00:00,1.0
2023-12-01,2023,2023-24,December,"IOCL-HALDIA, WEST BENGAL",individual,726.88,Thousand Metric Tonnes (TMT),PPAC / Ministry of Petroleum and Natural Gas,8d3b6596-b09e-4077-aebf-425193185a5b.csv,572,2026-08-21T15:32:18.198485+00:00,1.0
2023-12-01,2023,2023-24,December,"IOCL-PANIPAT, HARYANA",individual,1246.48,Thousand Metric Tonnes (TMT),PPAC / Ministry of Petroleum and Natural Gas,8d3b6596-b09e-4077-aebf-425193185a5b.csv,573,2026-08-21T15:32:18.198485+00:00,1.0
2023-12-01,2023,2023-24,December,"IOCL-PARADIP,ODISHA",individual,1387.38,Thousand Metric Tonnes (TMT),PPAC / Ministry of Petroleum and Natural Gas,8d3b6596-b09e-4077-aebf-425193185a5b.csv,574,2026-08-21T15:32:18.198485+00:00,1.0
2023-12-01,2023,2023-24,December,"RIL,JAMNAGAR,GUJARAT",individual,2784.65,Thousand Metric Tonnes (TMT),PPAC / Ministry of Petroleum and Natural Gas,8d3b6596-b09e-4077-aebf-425193185a5b.csv,575,2026-08-21T15:32:18.198485+00:00,1.0
2023-12-01,2023,2023-24,December,"NEL-VADINAR,GUJARAT",individual,1729.72,Thousand Metric Tonnes (TMT),PPAC / Ministry of Petroleum and Natural Gas,8d3b6596-b09e-4077-aebf-425193185a5b.csv,576,2026-08-21T15:32:18.198485+00:00,1.0
2023-12-01,2023,2023-24,December,GRAND TOTAL,grand_total,22686.73,Thousand Metric Tonnes (TMT),PPAC / Ministry of Petroleum and Natural Gas,8d3b6596-b09e-4077-aebf-425193185a5b.csv,577,2026-08-21T15:32:18.198485+00:00,1.0
2024-01-01,2024,2023-24,January,"IOCL-MATHURA, UTTAR PRADESH",individual,646.13,Thousand Metric Tonnes (TMT),PPAC / Ministry of Petroleum and Natural Gas,8d3b6596-b09e-4077-aebf-425193185a5b.csv,578,2026-08-21T15:32:18.198485+00:00,1.0
2024-01-01,2024,2023-24,January,"IOCL-GUWAHATI,ASSAM",individual,95.74,Thousand Metric Tonnes (TMT),PPAC / Ministry of Petroleum and Natural Gas,8d3b6596-b09e-4077-aebf-425193185a5b.csv,579,2026-08-21T15:32:18.198485+00:00,1.0
2024-01-01,2024,2023-24,January,"IOCL-PARADIP,ODISHA",individual,1363.85,Thousand Metric Tonnes (TMT),PPAC / Ministry of Petroleum and Natural Gas,8d3b6596-b09e-4077-aebf-425193185a5b.csv,580,2026-08-21T15:32:18.198485+00:00,1.0
2024-01-01,2024,2023-24,January,"CPCL-MANALI, TAMILNADU",individual,1001.24,Thousand Metric Tonnes (TMT),PPAC / Ministry of Petroleum and Natural Gas,8d3b6596-b09e-4077-aebf-425193185a5b.csv,581,2026-08-21T15:32:18.198485+00:00,1.0
2024-01-01,2024,2023-24,January,BORL-BINA,individual,731.36,Thousand Metric Tonnes (TMT),PPAC / Ministry of Petroleum and Natural Gas,8d3b6596-b09e-4077-aebf-425193185a5b.csv,582,2026-08-21T15:32:18.198485+00:00,1.0
2024-01-01,2024,2023-24,January,"ONGC-TATIPAKA,ANDHRA PRADESH",individual,6.01,Thousand Metric Tonnes (TMT),PPAC / Ministry of Petroleum and Natural Gas,8d3b6596-b09e-4077-aebf-425193185a5b.csv,583,2026-08-21T15:32:18.198485+00:00,1.0
2024-01-01,2024,2023-24,January,"MRPL-MANGALORE,KARNATAKA",individual,1527.48,Thousand Metric Tonnes (TMT),PPAC / Ministry of Petroleum and Natural Gas,8d3b6596-b09e-4077-aebf-425193185a5b.csv,584,2026-08-21T15:32:18.198485+00:00,1.0
2024-01-01,2024,2023-24,January,"HPCL-VISAKH,ANDHRA PRADESH",individual,1180.36,Thousand Metric Tonnes (TMT),PPAC / Ministry of Petroleum and Natural Gas,8d3b6596-b09e-4077-aebf-425193185a5b.csv,585,2026-08-21T15:32:18.198485+00:00,1.0
2024-02-01,2024,2023-24,February,"IOCL-PARADIP,ODISHA",individual,1271.3,Thousand Metric Tonnes (TMT),PPAC / Ministry of Petroleum and Natural Gas,8d3b6596-b09e-4077-aebf-425193185a5b.csv,586,2026-08-21T15:32:18.198485+00:00,1.0
2024-02-01,2024,2023-24,February,"CPCL-MANALI, TAMILNADU",individual,1013.93,Thousand Metric Tonnes (TMT),PPAC / Ministry of Petroleum and Natural Gas,8d3b6596-b09e-4077-aebf-425193185a5b.csv,587,2026-08-21T15:32:18.198485+00:00,1.0
2024-02-01,2024,2023-24,February,"MRPL-MANGALORE,KARNATAKA",individual,1462.33,Thousand Metric Tonnes (TMT),PPAC / Ministry of Petroleum and Natural Gas,8d3b6596-b09e-4077-aebf-425193185a5b.csv,588,2026-08-21T15:32:18.198485+00:00,1.0
2024-03-01,2024,2023-24,March,"IOCL-PARADIP,ODISHA",individual,1405.67,Thousand Metric Tonnes (TMT),PPAC / Ministry of Petroleum and Natural Gas,8d3b6596-b09e-4077-aebf-425193185a5b.csv,589,2026-08-21T15:32:18.198485+00:00,1.0
2024-03-01,2024,2023-24,March,"BPCL-KOCHI, KERALA",individual,1556.77,Thousand Metric Tonnes (TMT),PPAC / Ministry of Petroleum and Natural Gas,8d3b6596-b09e-4077-aebf-425193185a5b.csv,590,2026-08-21T15:32:18.198485+00:00,1.0
2024-03-01,2024,2023-24,March,"NRL-NUMALIGARH, ASSAM",individual,285.78,Thousand Metric Tonnes (TMT),PPAC / Ministry of Petroleum and Natural Gas,8d3b6596-b09e-4077-aebf-425193185a5b.csv,591,2026-08-21T15:32:18.198485+00:00,1.0
2024-03-01,2024,2023-24,March,"HPCL-MUMBAI,MAHARASHTRA",individual,544.61,Thousand Metric Tonnes (TMT),PPAC / Ministry of Petroleum and Natural Gas,8d3b6596-b09e-4077-aebf-425193185a5b.csv,592,2026-08-21T15:32:18.198485+00:00,1.0
2024-03-01,2024,2023-24,March,"HPCL-VISAKH,ANDHRA PRADESH",individual,1322.52,Thousand Metric Tonnes (TMT),PPAC / Ministry of Petroleum and Natural Gas,8d3b6596-b09e-4077-aebf-425193185a5b.csv,593,2026-08-21T15:32:18.198485+00:00,1.0
2024-03-01,2024,2023-24,March,"HMEL-GGSR, BATHINDA, PUNJAB",individual,1103.42,Thousand Metric Tonnes (TMT),PPAC / Ministry of Petroleum and Natural Gas,8d3b6596-b09e-4077-aebf-425193185a5b.csv,594,2026-08-21T15:32:18.198485+00:00,1.0
2024-03-01,2024,2023-24,March,"NEL-VADINAR,GUJARAT",individual,1728.11,Thousand Metric Tonnes (TMT),PPAC / Ministry of Petroleum and Natural Gas,8d3b6596-b09e-4077-aebf-425193185a5b.csv,595,2026-08-21T15:32:18.198485+00:00,1.0
2022-04-01,2022,2022-23,April,"IOCL-BONGAIGAON,ASSAM",individual,209.04,Thousand Metric Tonnes (TMT),PPAC / Ministry of Petroleum and Natural Gas,8d3b6596-b09e-4077-aebf-425193185a5b.csv,596,2026-08-21T15:32:18.198485+00:00,1.0
2022-04-01,2022,2022-23,April,"IOCL-PARADIP,ODISHA",individual,1327.97,Thousand Metric Tonnes (TMT),PPAC / Ministry of Petroleum and Natural Gas,8d3b6596-b09e-4077-aebf-425193185a5b.csv,597,2026-08-21T15:32:18.198485+00:00,1.0
2022-04-01,2022,2022-23,April,CPCL-TOTAL,subtotal,904.2,Thousand Metric Tonnes (TMT),PPAC / Ministry of Petroleum and Natural Gas,8d3b6596-b09e-4077-aebf-425193185a5b.csv,598,2026-08-21T15:32:18.198485+00:00,1.0
2022-04-01,2022,2022-23,April,"HPCL-MUMBAI,MAHARASHTRA",individual,731.49,Thousand Metric Tonnes (TMT),PPAC / Ministry of Petroleum and Natural Gas,8d3b6596-b09e-4077-aebf-425193185a5b.csv,599,2026-08-21T15:32:18.198485+00:00,1.0
2022-04-01,2022,2022-23,April,"HPCL-VISAKH,ANDHRA PRADESH",individual,797.81,Thousand Metric Tonnes (TMT),PPAC / Ministry of Petroleum and Natural Gas,8d3b6596-b09e-4077-aebf-425193185a5b.csv,600,2026-08-21T15:32:18.198485+00:00,1.0
2022-05-01,2022,2022-23,May,"IOCL-PANIPAT, HARYANA",individual,1252.5,Thousand Metric Tonnes (TMT),PPAC / Ministry of Petroleum and Natural Gas,8d3b6596-b09e-4077-aebf-425193185a5b.csv,601,2026-08-21T15:32:18.198485+00:00,1.0
2022-05-01,2022,2022-23,May,"IOCL-GUWAHATI,ASSAM",individual,93.84,Thousand Metric Tonnes (TMT),PPAC / Ministry of Petroleum and Natural Gas,8d3b6596-b09e-4077-aebf-425193185a5b.csv,602,2026-08-21T15:32:18.198485+00:00,1.0
2022-05-01,2022,2022-23,May,"IOCL-PARADIP,ODISHA",individual,1362.51,Thousand Metric Tonnes (TMT),PPAC / Ministry of Petroleum and Natural Gas,8d3b6596-b09e-4077-aebf-425193185a5b.csv,603,2026-08-21T15:32:18.198485+00:00,1.0
2022-05-01,2022,2022-23,May,"BPCL-KOCHI, KERALA",individual,1431.85,Thousand Metric Tonnes (TMT),PPAC / Ministry of Petroleum and Natural Gas,8d3b6596-b09e-4077-aebf-425193185a5b.csv,604,2026-08-21T15:32:18.198485+00:00,1.0
2022-05-01,2022,2022-23,May,"MRPL-MANGALORE,KARNATAKA",individual,1415.2,Thousand Metric Tonnes (TMT),PPAC / Ministry of Petroleum and Natural Gas,8d3b6596-b09e-4077-aebf-425193185a5b.csv,605,2026-08-21T15:32:18.198485+00:00,1.0
2022-05-01,2022,2022-23,May,"HPCL-MUMBAI,MAHARASHTRA",individual,844.05,Thousand Metric Tonnes (TMT),PPAC / Ministry of Petroleum and Natural Gas,8d3b6596-b09e-4077-aebf-425193185a5b.csv,606,2026-08-21T15:32:18.198485+00:00,1.0
2022-05-01,2022,2022-23,May,"HMEL-GGSR, BATHINDA, PUNJAB",individual,1111.19,Thousand Metric Tonnes (TMT),PPAC / Ministry of Petroleum and Natural Gas,8d3b6596-b09e-4077-aebf-425193185a5b.csv,607,2026-08-21T15:32:18.198485+00:00,1.0
2022-05-01,2022,2022-23,May,GRAND TOTAL,grand_total,22643.9,Thousand Metric Tonnes (TMT),PPAC / Ministry of Petroleum and Natural Gas,8d3b6596-b09e-4077-aebf-425193185a5b.csv,608,2026-08-21T15:32:18.198485+00:00,1.0
2022-06-01,2022,2022-23,June,"IOCL-HALDIA, WEST BENGAL",individual,678.74,Thousand Metric Tonnes (TMT),PPAC / Ministry of Petroleum and Natural Gas,8d3b6596-b09e-4077-aebf-425193185a5b.csv,609,2026-08-21T15:32:18.198485+00:00,1.0
2022-06-01,2022,2022-23,June,BORL-BINA,individual,649.82,Thousand Metric Tonnes (TMT),PPAC / Ministry of Petroleum and Natural Gas,8d3b6596-b09e-4077-aebf-425193185a5b.csv,610,2026-08-21T15:32:18.198485+00:00,1.0
2022-06-01,2022,2022-23,June,"NRL-NUMALIGARH, ASSAM",individual,240.56,Thousand Metric Tonnes (TMT),PPAC / Ministry of Petroleum and Natural Gas,8d3b6596-b09e-4077-aebf-425193185a5b.csv,611,2026-08-21T15:32:18.198485+00:00,1.0
2022-06-01,2022,2022-23,June,"HPCL-VISAKH,ANDHRA PRADESH",individual,781.84,Thousand Metric Tonnes (TMT),PPAC / Ministry of Petroleum and Natural Gas,8d3b6596-b09e-4077-aebf-425193185a5b.csv,612,2026-08-21T15:32:18.198485+00:00,1.0
2022-06-01,2022,2022-23,June,HPCL-TOTAL,subtotal,2712.01,Thousand Metric Tonnes (TMT),PPAC / Ministry of Petroleum and Natural Gas,8d3b6596-b09e-4077-aebf-425193185a5b.csv,613,2026-08-21T15:32:18.198485+00:00,1.0
2022-06-01,2022,2022-23,June,GRAND TOTAL,grand_total,21574.57,Thousand Metric Tonnes (TMT),PPAC / Ministry of Petroleum and Natural Gas,8d3b6596-b09e-4077-aebf-425193185a5b.csv,614,2026-08-21T15:32:18.198485+00:00,1.0
2022-07-01,2022,2022-23,July,"IOCL-DIGBOI,ASSAM",individual,62.85,Thousand Metric Tonnes (TMT),PPAC / Ministry of Petroleum and Natural Gas,8d3b6596-b09e-4077-aebf-425193185a5b.csv,615,2026-08-21T15:32:18.198485+00:00,1.0
2022-07-01,2022,2022-23,July,IOCL TOTAL,subtotal,6167.19,Thousand Metric Tonnes (TMT),PPAC / Ministry of Petroleum and Natural Gas,8d3b6596-b09e-4077-aebf-425193185a5b.csv,616,2026-08-21T15:32:18.198485+00:00,1.0
2022-07-01,2022,2022-23,July,ONGC TOTAL,subtotal,1433.34,Thousand Metric Tonnes (TMT),PPAC / Ministry of Petroleum and Natural Gas,8d3b6596-b09e-4077-aebf-425193185a5b.csv,617,2026-08-21T15:32:18.198485+00:00,1.0
2022-07-01,2022,2022-23,July,HPCL-TOTAL,subtotal,2669.81,Thousand Metric Tonnes (TMT),PPAC / Ministry of Petroleum and Natural Gas,8d3b6596-b09e-4077-aebf-425193185a5b.csv,618,2026-08-21T15:32:18.198485+00:00,1.0
2022-07-01,2022,2022-23,July,"RIL,JAMNAGAR,GUJARAT",individual,2932.96,Thousand Metric Tonnes (TMT),PPAC / Ministry of Petroleum and Natural Gas,8d3b6596-b09e-4077-aebf-425193185a5b.csv,619,2026-08-21T15:32:18.198485+00:00,1.0
2022-07-01,2022,2022-23,July,"RIL-(SEZ), JAMNAGAR,GUJARAT",individual,2549.47,Thousand Metric Tonnes (TMT),PPAC / Ministry of Petroleum and Natural Gas,8d3b6596-b09e-4077-aebf-425193185a5b.csv,620,2026-08-21T15:32:18.198485+00:00,1.0
2022-07-01,2022,2022-23,July,RIL TOTAL,subtotal,5482.43,Thousand Metric Tonnes (TMT),PPAC / Ministry of Petroleum and Natural Gas,8d3b6596-b09e-4077-aebf-425193185a5b.csv,621,2026-08-21T15:32:18.198485+00:00,1.0
2022-08-01,2022,2022-23,August,"IOCL-MATHURA, UTTAR PRADESH",individual,649.6,Thousand Metric Tonnes (TMT),PPAC / Ministry of Petroleum and Natural Gas,8d3b6596-b09e-4077-aebf-425193185a5b.csv,622,2026-08-21T15:32:18.198485+00:00,1.0
2022-08-01,2022,2022-23,August,"ONGC-TATIPAKA,ANDHRA PRADESH",individual,3.93,Thousand Metric Tonnes (TMT),PPAC / Ministry of Petroleum and Natural Gas,8d3b6596-b09e-4077-aebf-425193185a5b.csv,623,2026-08-21T15:32:18.198485+00:00,1.0
2022-08-01,2022,2022-23,August,"HPCL-VISAKH,ANDHRA PRADESH",individual,555.78,Thousand Metric Tonnes (TMT),PPAC / Ministry of Petroleum and Natural Gas,8d3b6596-b09e-4077-aebf-425193185a5b.csv,624,2026-08-21T15:32:18.198485+00:00,1.0
2022-08-01,2022,2022-23,August,RIL TOTAL,subtotal,5176.59,Thousand Metric Tonnes (TMT),PPAC / Ministry of Petroleum and Natural Gas,8d3b6596-b09e-4077-aebf-425193185a5b.csv,625,2026-08-21T15:32:18.198485+00:00,1.0
2022-09-01,2022,2022-23,September,"CPCL-MANALI, TAMILNADU",individual,961.61,Thousand Metric Tonnes (TMT),PPAC / Ministry of Petroleum and Natural Gas,8d3b6596-b09e-4077-aebf-425193185a5b.csv,626,2026-08-21T15:32:18.198485+00:00,1.0
2022-09-01,2022,2022-23,September,BORL-BINA,individual,650.73,Thousand Metric Tonnes (TMT),PPAC / Ministry of Petroleum and Natural Gas,8d3b6596-b09e-4077-aebf-425193185a5b.csv,627,2026-08-21T15:32:18.198485+00:00,1.0
2022-09-01,2022,2022-23,September,BPCL-TOTAL,subtotal,3067.65,Thousand Metric Tonnes (TMT),PPAC / Ministry of Petroleum and Natural Gas,8d3b6596-b09e-4077-aebf-425193185a5b.csv,628,2026-08-21T15:32:18.198485+00:00,1.0
2022-09-01,2022,2022-23,September,"RIL,JAMNAGAR,GUJARAT",individual,2784.11,Thousand Metric Tonnes (TMT),PPAC / Ministry of Petroleum and Natural Gas,8d3b6596-b09e-4077-aebf-425193185a5b.csv,629,2026-08-21T15:32:18.198485+00:00,1.0
2022-09-01,2022,2022-23,September,"RIL-(SEZ), JAMNAGAR,GUJARAT",individual,1838.73,Thousand Metric Tonnes (TMT),PPAC / Ministry of Petroleum and Natural Gas,8d3b6596-b09e-4077-aebf-425193185a5b.csv,630,2026-08-21T15:32:18.198485+00:00,1.0
2022-10-01,2022,2022-23,October,"IOCL-GUWAHATI,ASSAM",individual,93.19,Thousand Metric Tonnes (TMT),PPAC / Ministry of Petroleum and Natural Gas,8d3b6596-b09e-4077-aebf-425193185a5b.csv,631,2026-08-21T15:32:18.198485+00:00,1.0
2022-10-01,2022,2022-23,October,"IOCL-BONGAIGAON,ASSAM",individual,254.15,Thousand Metric Tonnes (TMT),PPAC / Ministry of Petroleum and Natural Gas,8d3b6596-b09e-4077-aebf-425193185a5b.csv,632,2026-08-21T15:32:18.198485+00:00,1.0
2022-10-01,2022,2022-23,October,"BPCL-KOCHI, KERALA",individual,581.02,Thousand Metric Tonnes (TMT),PPAC / Ministry of Petroleum and Natural Gas,8d3b6596-b09e-4077-aebf-425193185a5b.csv,633,2026-08-21T15:32:18.198485+00:00,1.0
2022-10-01,2022,2022-23,October,"HPCL-VISAKH,ANDHRA PRADESH",individual,787.49,Thousand Metric Tonnes (TMT),PPAC / Ministry of Petroleum and Natural Gas,8d3b6596-b09e-4077-aebf-425193185a5b.csv,634,2026-08-21T15:32:18.198485+00:00,1.0
2022-11-01,2022,2022-23,November,"IOCL-BONGAIGAON,ASSAM",individual,244.09,Thousand Metric Tonnes (TMT),PPAC / Ministry of Petroleum and Natural Gas,8d3b6596-b09e-4077-aebf-425193185a5b.csv,635,2026-08-21T15:32:18.198485+00:00,1.0
2022-11-01,2022,2022-23,November,"CPCL-MANALI, TAMILNADU",individual,921.0,Thousand Metric Tonnes (TMT),PPAC / Ministry of Petroleum and Natural Gas,8d3b6596-b09e-4077-aebf-425193185a5b.csv,636,2026-08-21T15:32:18.198485+00:00,1.0
2022-11-01,2022,2022-23,November,"BPCL-KOCHI, KERALA",individual,1380.82,Thousand Metric Tonnes (TMT),PPAC / Ministry of Petroleum and Natural Gas,8d3b6596-b09e-4077-aebf-425193185a5b.csv,637,2026-08-21T15:32:18.198485+00:00,1.0
2022-11-01,2022,2022-23,November,BORL-BINA,individual,691.93,Thousand Metric Tonnes (TMT),PPAC / Ministry of Petroleum and Natural Gas,8d3b6596-b09e-4077-aebf-425193185a5b.csv,638,2026-08-21T15:32:18.198485+00:00,1.0
2022-11-01,2022,2022-23,November,"HMEL-GGSR, BATHINDA, PUNJAB",individual,978.05,Thousand Metric Tonnes (TMT),PPAC / Ministry of Petroleum and Natural Gas,8d3b6596-b09e-4077-aebf-425193185a5b.csv,639,2026-08-21T15:32:18.198485+00:00,1.0
2022-12-01,2022,2022-23,December,"IOCL-PARADIP,ODISHA",individual,1416.58,Thousand Metric Tonnes (TMT),PPAC / Ministry of Petroleum and Natural Gas,8d3b6596-b09e-4077-aebf-425193185a5b.csv,640,2026-08-21T15:32:18.198485+00:00,1.0
2022-12-01,2022,2022-23,December,CPCL-TOTAL,subtotal,960.42,Thousand Metric Tonnes (TMT),PPAC / Ministry of Petroleum and Natural Gas,8d3b6596-b09e-4077-aebf-425193185a5b.csv,641,2026-08-21T15:32:18.198485+00:00,1.0
2022-12-01,2022,2022-23,December,"ONGC-TATIPAKA,ANDHRA PRADESH",individual,6.46,Thousand Metric Tonnes (TMT),PPAC / Ministry of Petroleum and Natural Gas,8d3b6596-b09e-4077-aebf-425193185a5b.csv,642,2026-08-21T15:32:18.198485+00:00,1.0
2022-12-01,2022,2022-23,December,"HPCL-VISAKH,ANDHRA PRADESH",individual,818.38,Thousand Metric Tonnes (TMT),PPAC / Ministry of Petroleum and Natural Gas,8d3b6596-b09e-4077-aebf-425193185a5b.csv,643,2026-08-21T15:32:18.198485+00:00,1.0
2022-12-01,2022,2022-23,December,GRAND TOTAL,grand_total,22272.56,Thousand Metric Tonnes (TMT),PPAC / Ministry of Petroleum and Natural Gas,8d3b6596-b09e-4077-aebf-425193185a5b.csv,644,2026-08-21T15:32:18.198485+00:00,1.0
2023-01-01,2023,2022-23,January,"IOCL-BARAUNI,BIHAR",individual,602.13,Thousand Metric Tonnes (TMT),PPAC / Ministry of Petroleum and Natural Gas,8d3b6596-b09e-4077-aebf-425193185a5b.csv,645,2026-08-21T15:32:18.198485+00:00,1.0
2023-01-01,2023,2022-23,January,"CPCL-MANALI, TAMILNADU",individual,990.3,Thousand Metric Tonnes (TMT),PPAC / Ministry of Petroleum and Natural Gas,8d3b6596-b09e-4077-aebf-425193185a5b.csv,646,2026-08-21T15:32:18.198485+00:00,1.0
2023-01-01,2023,2022-23,January,"BPCL-MUMBAI, MAHARASHTRA",individual,1390.21,Thousand Metric Tonnes (TMT),PPAC / Ministry of Petroleum and Natural Gas,8d3b6596-b09e-4077-aebf-425193185a5b.csv,647,2026-08-21T15:32:18.198485+00:00,1.0
2023-01-01,2023,2022-23,January,ONGC TOTAL,subtotal,1503.17,Thousand Metric Tonnes (TMT),PPAC / Ministry of Petroleum and Natural Gas,8d3b6596-b09e-4077-aebf-425193185a5b.csv,648,2026-08-21T15:32:18.198485+00:00,1.0
2023-01-01,2023,2022-23,January,"HPCL-MUMBAI,MAHARASHTRA",individual,837.69,Thousand Metric Tonnes (TMT),PPAC / Ministry of Petroleum and Natural Gas,8d3b6596-b09e-4077-aebf-425193185a5b.csv,649,2026-08-21T15:32:18.198485+00:00,1.0
2023-01-01,2023,2022-23,January,"RIL-(SEZ), JAMNAGAR,GUJARAT",individual,2542.8,Thousand Metric Tonnes (TMT),PPAC / Ministry of Petroleum and Natural Gas,8d3b6596-b09e-4077-aebf-425193185a5b.csv,650,2026-08-21T15:32:18.198485+00:00,1.0
2023-02-01,2023,2022-23,February,"IOCL-BARAUNI,BIHAR",individual,542.97,Thousand Metric Tonnes (TMT),PPAC / Ministry of Petroleum and Natural Gas,8d3b6596-b09e-4077-aebf-425193185a5b.csv,651,2026-08-21T15:32:18.198485+00:00,1.0
2023-02-01,2023,2022-23,February,"IOCL-HALDIA, WEST BENGAL",individual,665.21,Thousand Metric Tonnes (TMT),PPAC / Ministry of Petroleum and Natural Gas,8d3b6596-b09e-4077-aebf-425193185a5b.csv,652,2026-08-21T15:32:18.198485+00:00,1.0
2023-02-01,2023,2022-23,February,"IOCL-MATHURA, UTTAR PRADESH",individual,740.61,Thousand Metric Tonnes (TMT),PPAC / Ministry of Petroleum and Natural Gas,8d3b6596-b09e-4077-aebf-425193185a5b.csv,653,2026-08-21T15:32:18.198485+00:00,1.0
2023-02-01,2023,2022-23,February,"IOCL-BONGAIGAON,ASSAM",individual,233.22,Thousand Metric Tonnes (TMT),PPAC / Ministry of Petroleum and Natural Gas,8d3b6596-b09e-4077-aebf-425193185a5b.csv,654,2026-08-21T15:32:18.198485+00:00,1.0
2023-02-01,2023,2022-23,February,"CPCL-MANALI, TAMILNADU",individual,927.88,Thousand Metric Tonnes (TMT),PPAC / Ministry of Petroleum and Natural Gas,8d3b6596-b09e-4077-aebf-425193185a5b.csv,655,2026-08-21T15:32:18.198485+00:00,1.0
2023-02-01,2023,2022-23,February,BORL-BINA,individual,657.05,Thousand Metric Tonnes (TMT),PPAC / Ministry of Petroleum and Natural Gas,8d3b6596-b09e-4077-aebf-425193185a5b.csv,656,2026-08-21T15:32:18.198485+00:00,1.0
2023-02-01,2023,2022-23,February,BPCL-TOTAL,subtotal,3356.68,Thousand Metric Tonnes (TMT),PPAC / Ministry of Petroleum and Natural Gas,8d3b6596-b09e-4077-aebf-425193185a5b.csv,657,2026-08-21T15:32:18.198485+00:00,1.0
2023-02-01,2023,2022-23,February,ONGC TOTAL,subtotal,1399.11,Thousand Metric Tonnes (TMT),PPAC / Ministry of Petroleum and Natural Gas,8d3b6596-b09e-4077-aebf-425193185a5b.csv,658,2026-08-21T15:32:18.198485+00:00,1.0
2023-02-01,2023,2022-23,February,RIL TOTAL,subtotal,4855.94,Thousand Metric Tonnes (TMT),PPAC / Ministry of Petroleum and Natural Gas,8d3b6596-b09e-4077-aebf-425193185a5b.csv,659,2026-08-21T15:32:18.198485+00:00,1.0
2023-03-01,2023,2022-23,March,"IOCL-DIGBOI,ASSAM",individual,59.4,Thousand Metric Tonnes (TMT),PPAC / Ministry of Petroleum and Natural Gas,8d3b6596-b09e-4077-aebf-425193185a5b.csv,660,2026-08-21T15:32:18.198485+00:00,1.0
2023-03-01,2023,2022-23,March,"HMEL-GGSR, BATHINDA, PUNJAB",individual,1110.38,Thousand Metric Tonnes (TMT),PPAC / Ministry of Petroleum and Natural Gas,8d3b6596-b09e-4077-aebf-425193185a5b.csv,661,2026-08-21T15:32:18.198485+00:00,1.0
2023-03-01,2023,2022-23,March,HPCL-TOTAL,subtotal,2858.24,Thousand Metric Tonnes (TMT),PPAC / Ministry of Petroleum and Natural Gas,8d3b6596-b09e-4077-aebf-425193185a5b.csv,662,2026-08-21T15:32:18.198485+00:00,1.0
2023-03-01,2023,2022-23,March,GRAND TOTAL,grand_total,23003.61,Thousand Metric Tonnes (TMT),PPAC / Ministry of Petroleum and Natural Gas,8d3b6596-b09e-4077-aebf-425193185a5b.csv,663,2026-08-21T15:32:18.198485+00:00,1.0
2021-04-01,2021,2021-22,April,"IOCL-GUWAHATI,ASSAM",individual,62.0,Thousand Metric Tonnes (TMT),PPAC / Ministry of Petroleum and Natural Gas,8d3b6596-b09e-4077-aebf-425193185a5b.csv,664,2026-08-21T15:32:18.198485+00:00,1.0
2021-04-01,2021,2021-22,April,"BPCL-KOCHI, KERALA",individual,1363.0,Thousand Metric Tonnes (TMT),PPAC / Ministry of Petroleum and Natural Gas,8d3b6596-b09e-4077-aebf-425193185a5b.csv,665,2026-08-21T15:32:18.198485+00:00,1.0
2021-04-01,2021,2021-22,April,"ONGC-TATIPAKA,ANDHRA PRADESH",individual,7.0,Thousand Metric Tonnes (TMT),PPAC / Ministry of Petroleum and Natural Gas,8d3b6596-b09e-4077-aebf-425193185a5b.csv,666,2026-08-21T15:32:18.198485+00:00,1.0
2021-04-01,2021,2021-22,April,"MRPL-MANGALORE,KARNATAKA",individual,1100.0,Thousand Metric Tonnes (TMT),PPAC / Ministry of Petroleum and Natural Gas,8d3b6596-b09e-4077-aebf-425193185a5b.csv,667,2026-08-21T15:32:18.198485+00:00,1.0
2021-04-01,2021,2021-22,April,ONGC TOTAL,subtotal,1107.0,Thousand Metric Tonnes (TMT),PPAC / Ministry of Petroleum and Natural Gas,8d3b6596-b09e-4077-aebf-425193185a5b.csv,668,2026-08-21T15:32:18.198485+00:00,1.0
2021-04-01,2021,2021-22,April,"HMEL-GGSR, BATHINDA, PUNJAB",individual,1059.0,Thousand Metric Tonnes (TMT),PPAC / Ministry of Petroleum and Natural Gas,8d3b6596-b09e-4077-aebf-425193185a5b.csv,669,2026-08-21T15:32:18.198485+00:00,1.0
2021-05-01,2021,2021-22,May,"IOCL-DIGBOI,ASSAM",individual,61.0,Thousand Metric Tonnes (TMT),PPAC / Ministry of Petroleum and Natural Gas,8d3b6596-b09e-4077-aebf-425193185a5b.csv,670,2026-08-21T15:32:18.198485+00:00,1.0
2021-05-01,2021,2021-22,May,IOCL TOTAL,subtotal,5380.0,Thousand Metric Tonnes (TMT),PPAC / Ministry of Petroleum and Natural Gas,8d3b6596-b09e-4077-aebf-425193185a5b.csv,671,2026-08-21T15:32:18.198485+00:00,1.0
2021-05-01,2021,2021-22,May,ONGC TOTAL,subtotal,968.0,Thousand Metric Tonnes (TMT),PPAC / Ministry of Petroleum and Natural Gas,8d3b6596-b09e-4077-aebf-425193185a5b.csv,672,2026-08-21T15:32:18.198485+00:00,1.0
2021-05-01,2021,2021-22,May,"RIL-(SEZ), JAMNAGAR,GUJARAT",individual,2678.0,Thousand Metric Tonnes (TMT),PPAC / Ministry of Petroleum and Natural Gas,8d3b6596-b09e-4077-aebf-425193185a5b.csv,673,2026-08-21T15:32:18.198485+00:00,1.0
2021-05-01,2021,2021-22,May,"NEL-VADINAR,GUJARAT",individual,1692.0,Thousand Metric Tonnes (TMT),PPAC / Ministry of Petroleum and Natural Gas,8d3b6596-b09e-4077-aebf-425193185a5b.csv,674,2026-08-21T15:32:18.198485+00:00,1.0
2021-06-01,2021,2021-22,June,"CPCL-MANALI, TAMILNADU",individual,646.0,Thousand Metric Tonnes (TMT),PPAC / Ministry of Petroleum and Natural Gas,8d3b6596-b09e-4077-aebf-425193185a5b.csv,675,2026-08-21T15:32:18.198485+00:00,1.0
2021-06-01,2021,2021-22,June,"BPCL-MUMBAI, MAHARASHTRA",individual,1029.0,Thousand Metric Tonnes (TMT),PPAC / Ministry of Petroleum and Natural Gas,8d3b6596-b09e-4077-aebf-425193185a5b.csv,676,2026-08-21T15:32:18.198485+00:00,1.0
2021-06-01,2021,2021-22,June,"HPCL-VISAKH,ANDHRA PRADESH",individual,481.0,Thousand Metric Tonnes (TMT),PPAC / Ministry of Petroleum and Natural Gas,8d3b6596-b09e-4077-aebf-425193185a5b.csv,677,2026-08-21T15:32:18.198485+00:00,1.0
2021-06-01,2021,2021-22,June,HPCL-TOTAL,subtotal,1848.0,Thousand Metric Tonnes (TMT),PPAC / Ministry of Petroleum and Natural Gas,8d3b6596-b09e-4077-aebf-425193185a5b.csv,678,2026-08-21T15:32:18.198485+00:00,1.0
2021-07-01,2021,2021-22,July,"IOCL-MATHURA, UTTAR PRADESH",individual,665.0,Thousand Metric Tonnes (TMT),PPAC / Ministry of Petroleum and Natural Gas,8d3b6596-b09e-4077-aebf-425193185a5b.csv,679,2026-08-21T15:32:18.198485+00:00,1.0
2021-07-01,2021,2021-22,July,IOCL TOTAL,subtotal,5668.0,Thousand Metric Tonnes (TMT),PPAC / Ministry of Petroleum and Natural Gas,8d3b6596-b09e-4077-aebf-425193185a5b.csv,680,2026-08-21T15:32:18.198485+00:00,1.0
2021-07-01,2021,2021-22,July,"NRL-NUMALIGARH, ASSAM",individual,227.0,Thousand Metric Tonnes (TMT),PPAC / Ministry of Petroleum and Natural Gas,8d3b6596-b09e-4077-aebf-425193185a5b.csv,681,2026-08-21T15:32:18.198485+00:00,1.0
2021-08-01,2021,2021-22,August,"IOCL-BONGAIGAON,ASSAM",individual,233.0,Thousand Metric Tonnes (TMT),PPAC / Ministry of Petroleum and Natural Gas,8d3b6596-b09e-4077-aebf-425193185a5b.csv,682,2026-08-21T15:32:18.198485+00:00,1.0
2021-08-01,2021,2021-22,August,"NRL-NUMALIGARH, ASSAM",individual,212.0,Thousand Metric Tonnes (TMT),PPAC / Ministry of Petroleum and Natural Gas,8d3b6596-b09e-4077-aebf-425193185a5b.csv,683,2026-08-21T15:32:18.198485+00:00,1.0
2021-08-01,2021,2021-22,August,"ONGC-TATIPAKA,ANDHRA PRADESH",individual,7.0,Thousand Metric Tonnes (TMT),PPAC / Ministry of Petroleum and Natural Gas,8d3b6596-b09e-4077-aebf-425193185a5b.csv,684,2026-08-21T15:32:18.198485+00:00,1.0
2021-08-01,2021,2021-22,August,ONGC TOTAL,subtotal,1013.0,Thousand Metric Tonnes (TMT),PPAC / Ministry of Petroleum and Natural Gas,8d3b6596-b09e-4077-aebf-425193185a5b.csv,685,2026-08-21T15:32:18.198485+00:00,1.0
2021-08-01,2021,2021-22,August,"HMEL-GGSR, BATHINDA, PUNJAB",individual,1112.0,Thousand Metric Tonnes (TMT),PPAC / Ministry of Petroleum and Natural Gas,8d3b6596-b09e-4077-aebf-425193185a5b.csv,686,2026-08-21T15:32:18.198485+00:00,1.0
2021-08-01,2021,2021-22,August,"RIL,JAMNAGAR,GUJARAT",individual,2873.0,Thousand Metric Tonnes (TMT),PPAC / Ministry of Petroleum and Natural Gas,8d3b6596-b09e-4077-aebf-425193185a5b.csv,687,2026-08-21T15:32:18.198485+00:00,1.0
2021-09-01,2021,2021-22,September,"IOCL-GUWAHATI,ASSAM",individual,77.0,Thousand Metric Tonnes (TMT),PPAC / Ministry of Petroleum and Natural Gas,8d3b6596-b09e-4077-aebf-425193185a5b.csv,688,2026-08-21T15:32:18.198485+00:00,1.0
2021-09-01,2021,2021-22,September,"IOCL-PARADIP,ODISHA",individual,838.0,Thousand Metric Tonnes (TMT),PPAC / Ministry of Petroleum and Natural Gas,8d3b6596-b09e-4077-aebf-425193185a5b.csv,689,2026-08-21T15:32:18.198485+00:00,1.0
2021-09-01,2021,2021-22,September,"MRPL-MANGALORE,KARNATAKA",individual,988.0,Thousand Metric Tonnes (TMT),PPAC / Ministry of Petroleum and Natural Gas,8d3b6596-b09e-4077-aebf-425193185a5b.csv,690,2026-08-21T15:32:18.198485+00:00,1.0
2021-09-01,2021,2021-22,September,HPCL-TOTAL,subtotal,2037.0,Thousand Metric Tonnes (TMT),PPAC / Ministry of Petroleum and Natural Gas,8d3b6596-b09e-4077-aebf-425193185a5b.csv,691,2026-08-21T15:32:18.198485+00:00,1.0
2021-09-01,2021,2021-22,September,RIL TOTAL,subtotal,5203.0,Thousand Metric Tonnes (TMT),PPAC / Ministry of Petroleum and Natural Gas,8d3b6596-b09e-4077-aebf-425193185a5b.csv,692,2026-08-21T15:32:18.198485+00:00,1.0
2021-10-01,2021,2021-22,October,"IOCL-DIGBOI,ASSAM",individual,61.0,Thousand Metric Tonnes (TMT),PPAC / Ministry of Petroleum and Natural Gas,8d3b6596-b09e-4077-aebf-425193185a5b.csv,693,2026-08-21T15:32:18.198485+00:00,1.0
2021-10-01,2021,2021-22,October,IOCL TOTAL,subtotal,5517.0,Thousand Metric Tonnes (TMT),PPAC / Ministry of Petroleum and Natural Gas,8d3b6596-b09e-4077-aebf-425193185a5b.csv,694,2026-08-21T15:32:18.198485+00:00,1.0
2021-10-01,2021,2021-22,October,"BPCL-KOCHI, KERALA",individual,1444.0,Thousand Metric Tonnes (TMT),PPAC / Ministry of Petroleum and Natural Gas,8d3b6596-b09e-4077-aebf-425193185a5b.csv,695,2026-08-21T15:32:18.198485+00:00,1.0
2021-10-01,2021,2021-22,October,BORL-BINA,individual,658.0,Thousand Metric Tonnes (TMT),PPAC / Ministry of Petroleum and Natural Gas,8d3b6596-b09e-4077-aebf-425193185a5b.csv,696,2026-08-21T15:32:18.198485+00:00,1.0
2021-10-01,2021,2021-22,October,"NRL-NUMALIGARH, ASSAM",individual,254.0,Thousand Metric Tonnes (TMT),PPAC / Ministry of Petroleum and Natural Gas,8d3b6596-b09e-4077-aebf-425193185a5b.csv,697,2026-08-21T15:32:18.198485+00:00,1.0
2021-10-01,2021,2021-22,October,"MRPL-MANGALORE,KARNATAKA",individual,1463.0,Thousand Metric Tonnes (TMT),PPAC / Ministry of Petroleum and Natural Gas,8d3b6596-b09e-4077-aebf-425193185a5b.csv,698,2026-08-21T15:32:18.198485+00:00,1.0
2021-10-01,2021,2021-22,October,ONGC TOTAL,subtotal,1469.0,Thousand Metric Tonnes (TMT),PPAC / Ministry of Petroleum and Natural Gas,8d3b6596-b09e-4077-aebf-425193185a5b.csv,699,2026-08-21T15:32:18.198485+00:00,1.0
2021-10-01,2021,2021-22,October,"HPCL-MUMBAI,MAHARASHTRA",individual,535.0,Thousand Metric Tonnes (TMT),PPAC / Ministry of Petroleum and Natural Gas,8d3b6596-b09e-4077-aebf-425193185a5b.csv,700,2026-08-21T15:32:18.198485+00:00,1.0
2021-10-01,2021,2021-22,October,"NEL-VADINAR,GUJARAT",individual,1749.0,Thousand Metric Tonnes (TMT),PPAC / Ministry of Petroleum and Natural Gas,8d3b6596-b09e-4077-aebf-425193185a5b.csv,701,2026-08-21T15:32:18.198485+00:00,1.0
2021-11-01,2021,2021-22,November,"IOCL-BARAUNI,BIHAR",individual,479.0,Thousand Metric Tonnes (TMT),PPAC / Ministry of Petroleum and Natural Gas,8d3b6596-b09e-4077-aebf-425193185a5b.csv,702,2026-08-21T15:32:18.198485+00:00,1.0
2021-11-01,2021,2021-22,November,"IOCL-KOYALI, GUJARAT",individual,1123.0,Thousand Metric Tonnes (TMT),PPAC / Ministry of Petroleum and Natural Gas,8d3b6596-b09e-4077-aebf-425193185a5b.csv,703,2026-08-21T15:32:18.198485+00:00,1.0
2021-11-01,2021,2021-22,November,"CPCL-MANALI, TAMILNADU",individual,816.0,Thousand Metric Tonnes (TMT),PPAC / Ministry of Petroleum and Natural Gas,8d3b6596-b09e-4077-aebf-425193185a5b.csv,704,2026-08-21T15:32:18.198485+00:00,1.0
2021-11-01,2021,2021-22,November,CPCL-TOTAL,subtotal,816.0,Thousand Metric Tonnes (TMT),PPAC / Ministry of Petroleum and Natural Gas,8d3b6596-b09e-4077-aebf-425193185a5b.csv,705,2026-08-21T15:32:18.198485+00:00,1.0
2021-11-01,2021,2021-22,November,"BPCL-MUMBAI, MAHARASHTRA",individual,1294.0,Thousand Metric Tonnes (TMT),PPAC / Ministry of Petroleum and Natural Gas,8d3b6596-b09e-4077-aebf-425193185a5b.csv,706,2026-08-21T15:32:18.198485+00:00,1.0
2021-11-01,2021,2021-22,November,"HMEL-GGSR, BATHINDA, PUNJAB",individual,1080.0,Thousand Metric Tonnes (TMT),PPAC / Ministry of Petroleum and Natural Gas,8d3b6596-b09e-4077-aebf-425193185a5b.csv,707,2026-08-21T15:32:18.198485+00:00,1.0
2021-11-01,2021,2021-22,November,"RIL,JAMNAGAR,GUJARAT",individual,2997.0,Thousand Metric Tonnes (TMT),PPAC / Ministry of Petroleum and Natural Gas,8d3b6596-b09e-4077-aebf-425193185a5b.csv,708,2026-08-21T15:32:18.198485+00:00,1.0
2021-12-01,2021,2021-22,December,"IOCL-BARAUNI,BIHAR",individual,602.0,Thousand Metric Tonnes (TMT),PPAC / Ministry of Petroleum and Natural Gas,8d3b6596-b09e-4077-aebf-425193185a5b.csv,709,2026-08-21T15:32:18.198485+00:00,1.0
2021-12-01,2021,2021-22,December,"IOCL-PANIPAT, HARYANA",individual,1298.0,Thousand Metric Tonnes (TMT),PPAC / Ministry of Petroleum and Natural Gas,8d3b6596-b09e-4077-aebf-425193185a5b.csv,710,2026-08-21T15:32:18.198485+00:00,1.0
2021-12-01,2021,2021-22,December,"BPCL-MUMBAI, MAHARASHTRA",individual,1304.0,Thousand Metric Tonnes (TMT),PPAC / Ministry of Petroleum and Natural Gas,8d3b6596-b09e-4077-aebf-425193185a5b.csv,711,2026-08-21T15:32:18.198485+00:00,1.0
2021-12-01,2021,2021-22,December,"ONGC-TATIPAKA,ANDHRA PRADESH",individual,7.0,Thousand Metric Tonnes (TMT),PPAC / Ministry of Petroleum and Natural Gas,8d3b6596-b09e-4077-aebf-425193185a5b.csv,712,2026-08-21T15:32:18.198485+00:00,1.0
2021-12-01,2021,2021-22,December,"MRPL-MANGALORE,KARNATAKA",individual,1434.0,Thousand Metric Tonnes (TMT),PPAC / Ministry of Petroleum and Natural Gas,8d3b6596-b09e-4077-aebf-425193185a5b.csv,713,2026-08-21T15:32:18.198485+00:00,1.0
2021-12-01,2021,2021-22,December,ONGC TOTAL,subtotal,1441.0,Thousand Metric Tonnes (TMT),PPAC / Ministry of Petroleum and Natural Gas,8d3b6596-b09e-4077-aebf-425193185a5b.csv,714,2026-08-21T15:32:18.198485+00:00,1.0
2021-12-01,2021,2021-22,December,"HMEL-GGSR, BATHINDA, PUNJAB",individual,1118.0,Thousand Metric Tonnes (TMT),PPAC / Ministry of Petroleum and Natural Gas,8d3b6596-b09e-4077-aebf-425193185a5b.csv,715,2026-08-21T15:32:18.198485+00:00,1.0
2021-12-01,2021,2021-22,December,"RIL-(SEZ), JAMNAGAR,GUJARAT",individual,2510.0,Thousand Metric Tonnes (TMT),PPAC / Ministry of Petroleum and Natural Gas,8d3b6596-b09e-4077-aebf-425193185a5b.csv,716,2026-08-21T15:32:18.198485+00:00,1.0
2021-12-01,2021,2021-22,December,RIL TOTAL,subtotal,5529.0,Thousand Metric Tonnes (TMT),PPAC / Ministry of Petroleum and Natural Gas,8d3b6596-b09e-4077-aebf-425193185a5b.csv,717,2026-08-21T15:32:18.198485+00:00,1.0
2022-01-01,2022,2021-22,January,"IOCL-MATHURA, UTTAR PRADESH",individual,746.0,Thousand Metric Tonnes (TMT),PPAC / Ministry of Petroleum and Natural Gas,8d3b6596-b09e-4077-aebf-425193185a5b.csv,718,2026-08-21T15:32:18.198485+00:00,1.0
2022-01-01,2022,2021-22,January,"IOCL-PANIPAT, HARYANA",individual,1221.0,Thousand Metric Tonnes (TMT),PPAC / Ministry of Petroleum and Natural Gas,8d3b6596-b09e-4077-aebf-425193185a5b.csv,719,2026-08-21T15:32:18.198485+00:00,1.0
2022-01-01,2022,2021-22,January,"IOCL-BONGAIGAON,ASSAM",individual,207.0,Thousand Metric Tonnes (TMT),PPAC / Ministry of Petroleum and Natural Gas,8d3b6596-b09e-4077-aebf-425193185a5b.csv,720,2026-08-21T15:32:18.198485+00:00,1.0
2022-01-01,2022,2021-22,January,CPCL-TOTAL,subtotal,915.0,Thousand Metric Tonnes (TMT),PPAC / Ministry of Petroleum and Natural Gas,8d3b6596-b09e-4077-aebf-425193185a5b.csv,721,2026-08-21T15:32:18.198485+00:00,1.0
2022-01-01,2022,2021-22,January,HPCL-TOTAL,subtotal,2745.0,Thousand Metric Tonnes (TMT),PPAC / Ministry of Petroleum and Natural Gas,8d3b6596-b09e-4077-aebf-425193185a5b.csv,722,2026-08-21T15:32:18.198485+00:00,1.0
2022-02-01,2022,2021-22,February,"IOCL-PANIPAT, HARYANA",individual,1122.0,Thousand Metric Tonnes (TMT),PPAC / Ministry of Petroleum and Natural Gas,8d3b6596-b09e-4077-aebf-425193185a5b.csv,723,2026-08-21T15:32:18.198485+00:00,1.0
2022-02-01,2022,2021-22,February,"IOCL-PARADIP,ODISHA",individual,1211.0,Thousand Metric Tonnes (TMT),PPAC / Ministry of Petroleum and Natural Gas,8d3b6596-b09e-4077-aebf-425193185a5b.csv,724,2026-08-21T15:32:18.198485+00:00,1.0
2022-02-01,2022,2021-22,February,IOCL TOTAL,subtotal,5785.0,Thousand Metric Tonnes (TMT),PPAC / Ministry of Petroleum and Natural Gas,8d3b6596-b09e-4077-aebf-425193185a5b.csv,725,2026-08-21T15:32:18.198485+00:00,1.0
2022-02-01,2022,2021-22,February,BPCL-TOTAL,subtotal,3225.0,Thousand Metric Tonnes (TMT),PPAC / Ministry of Petroleum and Natural Gas,8d3b6596-b09e-4077-aebf-425193185a5b.csv,726,2026-08-21T15:32:18.198485+00:00,1.0
2022-02-01,2022,2021-22,February,"MRPL-MANGALORE,KARNATAKA",individual,1392.0,Thousand Metric Tonnes (TMT),PPAC / Ministry of Petroleum and Natural Gas,8d3b6596-b09e-4077-aebf-425193185a5b.csv,727,2026-08-21T15:32:18.198485+00:00,1.0
2022-02-01,2022,2021-22,February,"HPCL-MUMBAI,MAHARASHTRA",individual,748.0,Thousand Metric Tonnes (TMT),PPAC / Ministry of Petroleum and Natural Gas,8d3b6596-b09e-4077-aebf-425193185a5b.csv,728,2026-08-21T15:32:18.198485+00:00,1.0
2022-02-01,2022,2021-22,February,"RIL,JAMNAGAR,GUJARAT",individual,2777.0,Thousand Metric Tonnes (TMT),PPAC / Ministry of Petroleum and Natural Gas,8d3b6596-b09e-4077-aebf-425193185a5b.csv,729,2026-08-21T15:32:18.198485+00:00,1.0
2022-02-01,2022,2021-22,February,"RIL-(SEZ), JAMNAGAR,GUJARAT",individual,2013.0,Thousand Metric Tonnes (TMT),PPAC / Ministry of Petroleum and Natural Gas,8d3b6596-b09e-4077-aebf-425193185a5b.csv,730,2026-08-21T15:32:18.198485+00:00,1.0
2022-03-01,2022,2021-22,March,"BPCL-KOCHI, KERALA",individual,1522.0,Thousand Metric Tonnes (TMT),PPAC / Ministry of Petroleum and Natural Gas,8d3b6596-b09e-4077-aebf-425193185a5b.csv,731,2026-08-21T15:32:18.198485+00:00,1.0
2022-03-01,2022,2021-22,March,BORL-BINA,individual,704.0,Thousand Metric Tonnes (TMT),PPAC / Ministry of Petroleum and Natural Gas,8d3b6596-b09e-4077-aebf-425193185a5b.csv,732,2026-08-21T15:32:18.198485+00:00,1.0
2022-03-01,2022,2021-22,March,BPCL-TOTAL,subtotal,3493.0,Thousand Metric Tonnes (TMT),PPAC / Ministry of Petroleum and Natural Gas,8d3b6596-b09e-4077-aebf-425193185a5b.csv,733,2026-08-21T15:32:18.198485+00:00,1.0
2020-04-01,2020,2020-21,April,"IOCL-BARAUNI,BIHAR",individual,247.0,Thousand Metric Tonnes (TMT),PPAC / Ministry of Petroleum and Natural Gas,8d3b6596-b09e-4077-aebf-425193185a5b.csv,734,2026-08-21T15:32:18.198485+00:00,1.0
2020-04-01,2020,2020-21,April,"IOCL-HALDIA, WEST BENGAL",individual,305.0,Thousand Metric Tonnes (TMT),PPAC / Ministry of Petroleum and Natural Gas,8d3b6596-b09e-4077-aebf-425193185a5b.csv,735,2026-08-21T15:32:18.198485+00:00,1.0
2020-04-01,2020,2020-21,April,"IOCL-PARADIP,ODISHA",individual,725.0,Thousand Metric Tonnes (TMT),PPAC / Ministry of Petroleum and Natural Gas,8d3b6596-b09e-4077-aebf-425193185a5b.csv,736,2026-08-21T15:32:18.198485+00:00,1.0
2020-04-01,2020,2020-21,April,"CPCL-MANALI, TAMILNADU",individual,308.0,Thousand Metric Tonnes (TMT),PPAC / Ministry of Petroleum and Natural Gas,8d3b6596-b09e-4077-aebf-425193185a5b.csv,737,2026-08-21T15:32:18.198485+00:00,1.0
2020-04-01,2020,2020-21,April,CPCL-TOTAL,subtotal,308.0,Thousand Metric Tonnes (TMT),PPAC / Ministry of Petroleum and Natural Gas,8d3b6596-b09e-4077-aebf-425193185a5b.csv,738,2026-08-21T15:32:18.198485+00:00,1.0
2020-04-01,2020,2020-21,April,BPCL-TOTAL,subtotal,2086.0,Thousand Metric Tonnes (TMT),PPAC / Ministry of Petroleum and Natural Gas,8d3b6596-b09e-4077-aebf-425193185a5b.csv,739,2026-08-21T15:32:18.198485+00:00,1.0
2020-04-01,2020,2020-21,April,"ONGC-TATIPAKA,ANDHRA PRADESH",individual,2.0,Thousand Metric Tonnes (TMT),PPAC / Ministry of Petroleum and Natural Gas,8d3b6596-b09e-4077-aebf-425193185a5b.csv,740,2026-08-21T15:32:18.198485+00:00,1.0
2020-04-01,2020,2020-21,April,"HPCL-MUMBAI,MAHARASHTRA",individual,549.0,Thousand Metric Tonnes (TMT),PPAC / Ministry of Petroleum and Natural Gas,8d3b6596-b09e-4077-aebf-425193185a5b.csv,741,2026-08-21T15:32:18.198485+00:00,1.0
2020-05-01,2020,2020-21,May,"IOCL-MATHURA, UTTAR PRADESH",individual,730.0,Thousand Metric Tonnes (TMT),PPAC / Ministry of Petroleum and Natural Gas,8d3b6596-b09e-4077-aebf-425193185a5b.csv,742,2026-08-21T15:32:18.198485+00:00,1.0
2020-05-01,2020,2020-21,May,"BPCL-MUMBAI, MAHARASHTRA",individual,907.0,Thousand Metric Tonnes (TMT),PPAC / Ministry of Petroleum and Natural Gas,8d3b6596-b09e-4077-aebf-425193185a5b.csv,743,2026-08-21T15:32:18.198485+00:00,1.0
2020-05-01,2020,2020-21,May,BORL-BINA,individual,440.0,Thousand Metric Tonnes (TMT),PPAC / Ministry of Petroleum and Natural Gas,8d3b6596-b09e-4077-aebf-425193185a5b.csv,744,2026-08-21T15:32:18.198485+00:00,1.0
2020-05-01,2020,2020-21,May,"HPCL-MUMBAI,MAHARASHTRA",individual,525.0,Thousand Metric Tonnes (TMT),PPAC / Ministry of Petroleum and Natural Gas,8d3b6596-b09e-4077-aebf-425193185a5b.csv,745,2026-08-21T15:32:18.198485+00:00,1.0
2020-06-01,2020,2020-21,June,"IOCL-HALDIA, WEST BENGAL",individual,533.0,Thousand Metric Tonnes (TMT),PPAC / Ministry of Petroleum and Natural Gas,8d3b6596-b09e-4077-aebf-425193185a5b.csv,746,2026-08-21T15:32:18.198485+00:00,1.0
2020-06-01,2020,2020-21,June,"IOCL-PARADIP,ODISHA",individual,1227.0,Thousand Metric Tonnes (TMT),PPAC / Ministry of Petroleum and Natural Gas,8d3b6596-b09e-4077-aebf-425193185a5b.csv,747,2026-08-21T15:32:18.198485+00:00,1.0
2020-06-01,2020,2020-21,June,"BPCL-MUMBAI, MAHARASHTRA",individual,972.0,Thousand Metric Tonnes (TMT),PPAC / Ministry of Petroleum and Natural Gas,8d3b6596-b09e-4077-aebf-425193185a5b.csv,748,2026-08-21T15:32:18.198485+00:00,1.0
2020-06-01,2020,2020-21,June,BORL-BINA,individual,387.0,Thousand Metric Tonnes (TMT),PPAC / Ministry of Petroleum and Natural Gas,8d3b6596-b09e-4077-aebf-425193185a5b.csv,749,2026-08-21T15:32:18.198485+00:00,1.0
2020-06-01,2020,2020-21,June,"ONGC-TATIPAKA,ANDHRA PRADESH",individual,7.0,Thousand Metric Tonnes (TMT),PPAC / Ministry of Petroleum and Natural Gas,8d3b6596-b09e-4077-aebf-425193185a5b.csv,750,2026-08-21T15:32:18.198485+00:00,1.0
2020-06-01,2020,2020-21,June,"MRPL-MANGALORE,KARNATAKA",individual,627.0,Thousand Metric Tonnes (TMT),PPAC / Ministry of Petroleum and Natural Gas,8d3b6596-b09e-4077-aebf-425193185a5b.csv,751,2026-08-21T15:32:18.198485+00:00,1.0
2020-06-01,2020,2020-21,June,"HPCL-MUMBAI,MAHARASHTRA",individual,654.0,Thousand Metric Tonnes (TMT),PPAC / Ministry of Petroleum and Natural Gas,8d3b6596-b09e-4077-aebf-425193185a5b.csv,752,2026-08-21T15:32:18.198485+00:00,1.0
2020-06-01,2020,2020-21,June,"HPCL-VISAKH,ANDHRA PRADESH",individual,725.0,Thousand Metric Tonnes (TMT),PPAC / Ministry of Petroleum and Natural Gas,8d3b6596-b09e-4077-aebf-425193185a5b.csv,753,2026-08-21T15:32:18.198485+00:00,1.0
2020-06-01,2020,2020-21,June,RIL TOTAL,subtotal,4652.0,Thousand Metric Tonnes (TMT),PPAC / Ministry of Petroleum and Natural Gas,8d3b6596-b09e-4077-aebf-425193185a5b.csv,754,2026-08-21T15:32:18.198485+00:00,1.0
2020-06-01,2020,2020-21,June,GRAND TOTAL,grand_total,17537.0,Thousand Metric Tonnes (TMT),PPAC / Ministry of Petroleum and Natural Gas,8d3b6596-b09e-4077-aebf-425193185a5b.csv,755,2026-08-21T15:32:18.198485+00:00,1.0
2020-07-01,2020,2020-21,July,"IOCL-BARAUNI,BIHAR",individual,437.0,Thousand Metric Tonnes (TMT),PPAC / Ministry of Petroleum and Natural Gas,8d3b6596-b09e-4077-aebf-425193185a5b.csv,756,2026-08-21T15:32:18.198485+00:00,1.0
2020-07-01,2020,2020-21,July,"IOCL-PANIPAT, HARYANA",individual,1115.0,Thousand Metric Tonnes (TMT),PPAC / Ministry of Petroleum and Natural Gas,8d3b6596-b09e-4077-aebf-425193185a5b.csv,757,2026-08-21T15:32:18.198485+00:00,1.0
2020-07-01,2020,2020-21,July,CPCL-TOTAL,subtotal,724.0,Thousand Metric Tonnes (TMT),PPAC / Ministry of Petroleum and Natural Gas,8d3b6596-b09e-4077-aebf-425193185a5b.csv,758,2026-08-21T15:32:18.198485+00:00,1.0
2020-07-01,2020,2020-21,July,"NRL-NUMALIGARH, ASSAM",individual,219.0,Thousand Metric Tonnes (TMT),PPAC / Ministry of Petroleum and Natural Gas,8d3b6596-b09e-4077-aebf-425193185a5b.csv,759,2026-08-21T15:32:18.198485+00:00,1.0
2020-08-01,2020,2020-21,August,"IOCL-BARAUNI,BIHAR",individual,318.0,Thousand Metric Tonnes (TMT),PPAC / Ministry of Petroleum and Natural Gas,8d3b6596-b09e-4077-aebf-425193185a5b.csv,760,2026-08-21T15:32:18.198485+00:00,1.0
2020-08-01,2020,2020-21,August,"IOCL-KOYALI, GUJARAT",individual,834.0,Thousand Metric Tonnes (TMT),PPAC / Ministry of Petroleum and Natural Gas,8d3b6596-b09e-4077-aebf-425193185a5b.csv,761,2026-08-21T15:32:18.198485+00:00,1.0
2020-08-01,2020,2020-21,August,"CPCL-MANALI, TAMILNADU",individual,562.0,Thousand Metric Tonnes (TMT),PPAC / Ministry of Petroleum and Natural Gas,8d3b6596-b09e-4077-aebf-425193185a5b.csv,762,2026-08-21T15:32:18.198485+00:00,1.0
2020-08-01,2020,2020-21,August,"RIL-(SEZ), JAMNAGAR,GUJARAT",individual,1369.0,Thousand Metric Tonnes (TMT),PPAC / Ministry of Petroleum and Natural Gas,8d3b6596-b09e-4077-aebf-425193185a5b.csv,763,2026-08-21T15:32:18.198485+00:00,1.0
2020-08-01,2020,2020-21,August,RIL TOTAL,subtotal,4390.0,Thousand Metric Tonnes (TMT),PPAC / Ministry of Petroleum and Natural Gas,8d3b6596-b09e-4077-aebf-425193185a5b.csv,764,2026-08-21T15:32:18.198485+00:00,1.0
2020-09-01,2020,2020-21,September,"IOCL-MATHURA, UTTAR PRADESH",individual,615.0,Thousand Metric Tonnes (TMT),PPAC / Ministry of Petroleum and Natural Gas,8d3b6596-b09e-4077-aebf-425193185a5b.csv,765,2026-08-21T15:32:18.198485+00:00,1.0
2020-09-01,2020,2020-21,September,"IOCL-GUWAHATI,ASSAM",individual,75.0,Thousand Metric Tonnes (TMT),PPAC / Ministry of Petroleum and Natural Gas,8d3b6596-b09e-4077-aebf-425193185a5b.csv,766,2026-08-21T15:32:18.198485+00:00,1.0
2020-09-01,2020,2020-21,September,IOCL TOTAL,subtotal,4657.0,Thousand Metric Tonnes (TMT),PPAC / Ministry of Petroleum and Natural Gas,8d3b6596-b09e-4077-aebf-425193185a5b.csv,767,2026-08-21T15:32:18.198485+00:00,1.0
2020-09-01,2020,2020-21,September,"CPCL-MANALI, TAMILNADU",individual,770.0,Thousand Metric Tonnes (TMT),PPAC / Ministry of Petroleum and Natural Gas,8d3b6596-b09e-4077-aebf-425193185a5b.csv,768,2026-08-21T15:32:18.198485+00:00,1.0
2020-09-01,2020,2020-21,September,BPCL-TOTAL,subtotal,2577.0,Thousand Metric Tonnes (TMT),PPAC / Ministry of Petroleum and Natural Gas,8d3b6596-b09e-4077-aebf-425193185a5b.csv,769,2026-08-21T15:32:18.198485+00:00,1.0
2020-09-01,2020,2020-21,September,"HMEL-GGSR, BATHINDA, PUNJAB",individual,1016.0,Thousand Metric Tonnes (TMT),PPAC / Ministry of Petroleum and Natural Gas,8d3b6596-b09e-4077-aebf-425193185a5b.csv,770,2026-08-21T15:32:18.198485+00:00,1.0
2020-09-01,2020,2020-21,September,RIL TOTAL,subtotal,5009.0,Thousand Metric Tonnes (TMT),PPAC / Ministry of Petroleum and Natural Gas,8d3b6596-b09e-4077-aebf-425193185a5b.csv,771,2026-08-21T15:32:18.198485+00:00,1.0
2020-09-01,2020,2020-21,September,"NEL-VADINAR,GUJARAT",individual,1460.0,Thousand Metric Tonnes (TMT),PPAC / Ministry of Petroleum and Natural Gas,8d3b6596-b09e-4077-aebf-425193185a5b.csv,772,2026-08-21T15:32:18.198485+00:00,1.0
2020-10-01,2020,2020-21,October,"IOCL-KOYALI, GUJARAT",individual,1049.0,Thousand Metric Tonnes (TMT),PPAC / Ministry of Petroleum and Natural Gas,8d3b6596-b09e-4077-aebf-425193185a5b.csv,773,2026-08-21T15:32:18.198485+00:00,1.0
2020-10-01,2020,2020-21,October,"IOCL-MATHURA, UTTAR PRADESH",individual,709.0,Thousand Metric Tonnes (TMT),PPAC / Ministry of Petroleum and Natural Gas,8d3b6596-b09e-4077-aebf-425193185a5b.csv,774,2026-08-21T15:32:18.198485+00:00,1.0
2020-10-01,2020,2020-21,October,CPCL-TOTAL,subtotal,725.0,Thousand Metric Tonnes (TMT),PPAC / Ministry of Petroleum and Natural Gas,8d3b6596-b09e-4077-aebf-425193185a5b.csv,775,2026-08-21T15:32:18.198485+00:00,1.0
2020-10-01,2020,2020-21,October,BORL-BINA,individual,561.0,Thousand Metric Tonnes (TMT),PPAC / Ministry of Petroleum and Natural Gas,8d3b6596-b09e-4077-aebf-425193185a5b.csv,776,2026-08-21T15:32:18.198485+00:00,1.0
2020-10-01,2020,2020-21,October,"NRL-NUMALIGARH, ASSAM",individual,232.0,Thousand Metric Tonnes (TMT),PPAC / Ministry of Petroleum and Natural Gas,8d3b6596-b09e-4077-aebf-425193185a5b.csv,777,2026-08-21T15:32:18.198485+00:00,1.0
2020-10-01,2020,2020-21,October,"NEL-VADINAR,GUJARAT",individual,563.0,Thousand Metric Tonnes (TMT),PPAC / Ministry of Petroleum and Natural Gas,8d3b6596-b09e-4077-aebf-425193185a5b.csv,778,2026-08-21T15:32:18.198485+00:00,1.0
2020-11-01,2020,2020-21,November,"IOCL-DIGBOI,ASSAM",individual,59.0,Thousand Metric Tonnes (TMT),PPAC / Ministry of Petroleum and Natural Gas,8d3b6596-b09e-4077-aebf-425193185a5b.csv,779,2026-08-21T15:32:18.198485+00:00,1.0
2020-11-01,2020,2020-21,November,"BPCL-KOCHI, KERALA",individual,1337.0,Thousand Metric Tonnes (TMT),PPAC / Ministry of Petroleum and Natural Gas,8d3b6596-b09e-4077-aebf-425193185a5b.csv,780,2026-08-21T15:32:18.198485+00:00,1.0
2020-11-01,2020,2020-21,November,"ONGC-TATIPAKA,ANDHRA PRADESH",individual,7.0,Thousand Metric Tonnes (TMT),PPAC / Ministry of Petroleum and Natural Gas,8d3b6596-b09e-4077-aebf-425193185a5b.csv,781,2026-08-21T15:32:18.198485+00:00,1.0
2020-11-01,2020,2020-21,November,RIL TOTAL,subtotal,5482.0,Thousand Metric Tonnes (TMT),PPAC / Ministry of Petroleum and Natural Gas,8d3b6596-b09e-4077-aebf-425193185a5b.csv,782,2026-08-21T15:32:18.198485+00:00,1.0
2020-12-01,2020,2020-21,December,"IOCL-HALDIA, WEST BENGAL",individual,709.0,Thousand Metric Tonnes (TMT),PPAC / Ministry of Petroleum and Natural Gas,8d3b6596-b09e-4077-aebf-425193185a5b.csv,783,2026-08-21T15:32:18.198485+00:00,1.0
2020-12-01,2020,2020-21,December,"IOCL-PANIPAT, HARYANA",individual,1359.0,Thousand Metric Tonnes (TMT),PPAC / Ministry of Petroleum and Natural Gas,8d3b6596-b09e-4077-aebf-425193185a5b.csv,784,2026-08-21T15:32:18.198485+00:00,1.0
2020-12-01,2020,2020-21,December,"IOCL-GUWAHATI,ASSAM",individual,84.0,Thousand Metric Tonnes (TMT),PPAC / Ministry of Petroleum and Natural Gas,8d3b6596-b09e-4077-aebf-425193185a5b.csv,785,2026-08-21T15:32:18.198485+00:00,1.0
2020-12-01,2020,2020-21,December,BPCL-TOTAL,subtotal,3414.0,Thousand Metric Tonnes (TMT),PPAC / Ministry of Petroleum and Natural Gas,8d3b6596-b09e-4077-aebf-425193185a5b.csv,786,2026-08-21T15:32:18.198485+00:00,1.0
2021-01-01,2021,2020-21,January,"NRL-NUMALIGARH, ASSAM",individual,249.0,Thousand Metric Tonnes (TMT),PPAC / Ministry of Petroleum and Natural Gas,8d3b6596-b09e-4077-aebf-425193185a5b.csv,787,2026-08-21T15:32:18.198485+00:00,1.0
2021-01-01,2021,2020-21,January,ONGC TOTAL,subtotal,1427.0,Thousand Metric Tonnes (TMT),PPAC / Ministry of Petroleum and Natural Gas,8d3b6596-b09e-4077-aebf-425193185a5b.csv,788,2026-08-21T15:32:18.198485+00:00,1.0
2021-01-01,2021,2020-21,January,"RIL-(SEZ), JAMNAGAR,GUJARAT",individual,2648.0,Thousand Metric Tonnes (TMT),PPAC / Ministry of Petroleum and Natural Gas,8d3b6596-b09e-4077-aebf-425193185a5b.csv,789,2026-08-21T15:32:18.198485+00:00,1.0
2021-02-01,2021,2020-21,February,"IOCL-KOYALI, GUJARAT",individual,912.0,Thousand Metric Tonnes (TMT),PPAC / Ministry of Petroleum and Natural Gas,8d3b6596-b09e-4077-aebf-425193185a5b.csv,790,2026-08-21T15:32:18.198485+00:00,1.0
2021-02-01,2021,2020-21,February,"IOCL-PANIPAT, HARYANA",individual,1047.0,Thousand Metric Tonnes (TMT),PPAC / Ministry of Petroleum and Natural Gas,8d3b6596-b09e-4077-aebf-425193185a5b.csv,791,2026-08-21T15:32:18.198485+00:00,1.0
2021-02-01,2021,2020-21,February,"IOCL-DIGBOI,ASSAM",individual,22.0,Thousand Metric Tonnes (TMT),PPAC / Ministry of Petroleum and Natural Gas,8d3b6596-b09e-4077-aebf-425193185a5b.csv,792,2026-08-21T15:32:18.198485+00:00,1.0
2021-02-01,2021,2020-21,February,"CPCL-MANALI, TAMILNADU",individual,758.0,Thousand Metric Tonnes (TMT),PPAC / Ministry of Petroleum and Natural Gas,8d3b6596-b09e-4077-aebf-425193185a5b.csv,793,2026-08-21T15:32:18.198485+00:00,1.0
2021-02-01,2021,2020-21,February,"BPCL-KOCHI, KERALA",individual,1410.0,Thousand Metric Tonnes (TMT),PPAC / Ministry of Petroleum and Natural Gas,8d3b6596-b09e-4077-aebf-425193185a5b.csv,794,2026-08-21T15:32:18.198485+00:00,1.0
2021-03-01,2021,2020-21,March,"IOCL-BARAUNI,BIHAR",individual,569.0,Thousand Metric Tonnes (TMT),PPAC / Ministry of Petroleum and Natural Gas,8d3b6596-b09e-4077-aebf-425193185a5b.csv,795,2026-08-21T15:32:18.198485+00:00,1.0
2021-03-01,2021,2020-21,March,"IOCL-DIGBOI,ASSAM",individual,23.0,Thousand Metric Tonnes (TMT),PPAC / Ministry of Petroleum and Natural Gas,8d3b6596-b09e-4077-aebf-425193185a5b.csv,796,2026-08-21T15:32:18.198485+00:00,1.0
2021-03-01,2021,2020-21,March,"HPCL-MUMBAI,MAHARASHTRA",individual,715.0,Thousand Metric Tonnes (TMT),PPAC / Ministry of Petroleum and Natural Gas,8d3b6596-b09e-4077-aebf-425193185a5b.csv,797,2026-08-21T15:32:18.198485+00:00,1.0
2021-03-01,2021,2020-21,March,"HMEL-GGSR, BATHINDA, PUNJAB",individual,1025.0,Thousand Metric Tonnes (TMT),PPAC / Ministry of Petroleum and Natural Gas,8d3b6596-b09e-4077-aebf-425193185a5b.csv,798,2026-08-21T15:32:18.198485+00:00,1.0
2021-03-01,2021,2020-21,March,HPCL-TOTAL,subtotal,2606.0,Thousand Metric Tonnes (TMT),PPAC / Ministry of Petroleum and Natural Gas,8d3b6596-b09e-4077-aebf-425193185a5b.csv,799,2026-08-21T15:32:18.198485+00:00,1.0
2021-03-01,2021,2020-21,March,"RIL,JAMNAGAR,GUJARAT",individual,2839.0,Thousand Metric Tonnes (TMT),PPAC / Ministry of Petroleum and Natural Gas,8d3b6596-b09e-4077-aebf-425193185a5b.csv,800,2026-08-21T15:32:18.198485+00:00,1.0
2021-03-01,2021,2020-21,March,RIL TOTAL,subtotal,4890.0,Thousand Metric Tonnes (TMT),PPAC / Ministry of Petroleum and Natural Gas,8d3b6596-b09e-4077-aebf-425193185a5b.csv,801,2026-08-21T15:32:18.198485+00:00,1.0
2025-04-01,2025,2025-26,April,"IOCL-HALDIA, WEST BENGAL",individual,701.28,Thousand Metric Tonnes (TMT),PPAC / Ministry of Petroleum and Natural Gas,8d3b6596-b09e-4077-aebf-425193185a5b.csv,802,2026-08-21T15:32:18.198485+00:00,1.0
2025-04-01,2025,2025-26,April,"CPCL-MANALI, TAMILNADU",individual,930.03,Thousand Metric Tonnes (TMT),PPAC / Ministry of Petroleum and Natural Gas,8d3b6596-b09e-4077-aebf-425193185a5b.csv,803,2026-08-21T15:32:18.198485+00:00,1.0
2025-04-01,2025,2025-26,April,"BPCL-MUMBAI, MAHARASHTRA",individual,1213.62,Thousand Metric Tonnes (TMT),PPAC / Ministry of Petroleum and Natural Gas,8d3b6596-b09e-4077-aebf-425193185a5b.csv,804,2026-08-21T15:32:18.198485+00:00,1.0
2025-04-01,2025,2025-26,April,"HPCL-MUMBAI,MAHARASHTRA",individual,831.03,Thousand Metric Tonnes (TMT),PPAC / Ministry of Petroleum and Natural Gas,8d3b6596-b09e-4077-aebf-425193185a5b.csv,805,2026-08-21T15:32:18.198485+00:00,1.0
2025-04-01,2025,2025-26,April,HPCL-TOTAL,subtotal,3309.25,Thousand Metric Tonnes (TMT),PPAC / Ministry of Petroleum and Natural Gas,8d3b6596-b09e-4077-aebf-425193185a5b.csv,806,2026-08-21T15:32:18.198485+00:00,1.0
2025-04-01,2025,2025-26,April,"RIL-(SEZ), JAMNAGAR,GUJARAT",individual,3113.42,Thousand Metric Tonnes (TMT),PPAC / Ministry of Petroleum and Natural Gas,8d3b6596-b09e-4077-aebf-425193185a5b.csv,807,2026-08-21T15:32:18.198485+00:00,1.0
2025-04-01,2025,2025-26,April,RIL TOTAL,subtotal,4664.12,Thousand Metric Tonnes (TMT),PPAC / Ministry of Petroleum and Natural Gas,8d3b6596-b09e-4077-aebf-425193185a5b.csv,808,2026-08-21T15:32:18.198485+00:00,1.0
2025-04-01,2025,2025-26,April,"NEL-VADINAR,GUJARAT",individual,1664.83,Thousand Metric Tonnes (TMT),PPAC / Ministry of Petroleum and Natural Gas,8d3b6596-b09e-4077-aebf-425193185a5b.csv,809,2026-08-21T15:32:18.198485+00:00,1.0
2025-05-01,2025,2025-26,May,"IOCL-KOYALI, GUJARAT",individual,990.16,Thousand Metric Tonnes (TMT),PPAC / Ministry of Petroleum and Natural Gas,8d3b6596-b09e-4077-aebf-425193185a5b.csv,810,2026-08-21T15:32:18.198485+00:00,1.0
2025-05-01,2025,2025-26,May,"IOCL-HALDIA, WEST BENGAL",individual,750.06,Thousand Metric Tonnes (TMT),PPAC / Ministry of Petroleum and Natural Gas,8d3b6596-b09e-4077-aebf-425193185a5b.csv,811,2026-08-21T15:32:18.198485+00:00,1.0
2025-05-01,2025,2025-26,May,"IOCL-PANIPAT, HARYANA",individual,1333.15,Thousand Metric Tonnes (TMT),PPAC / Ministry of Petroleum and Natural Gas,8d3b6596-b09e-4077-aebf-425193185a5b.csv,812,2026-08-21T15:32:18.198485+00:00,1.0
2025-05-01,2025,2025-26,May,"CPCL-MANALI, TAMILNADU",individual,1040.49,Thousand Metric Tonnes (TMT),PPAC / Ministry of Petroleum and Natural Gas,8d3b6596-b09e-4077-aebf-425193185a5b.csv,813,2026-08-21T15:32:18.198485+00:00,1.0
2025-05-01,2025,2025-26,May,"BPCL-KOCHI, KERALA",individual,1475.68,Thousand Metric Tonnes (TMT),PPAC / Ministry of Petroleum and Natural Gas,8d3b6596-b09e-4077-aebf-425193185a5b.csv,814,2026-08-21T15:32:18.198485+00:00,1.0
2025-05-01,2025,2025-26,May,BPCL-BINA,individual,670.8,Thousand Metric Tonnes (TMT),PPAC / Ministry of Petroleum and Natural Gas,8d3b6596-b09e-4077-aebf-425193185a5b.csv,815,2026-08-21T15:32:18.198485+00:00,1.0
2025-05-01,2025,2025-26,May,"ONGC-TATIPAKA,ANDHRA PRADESH",individual,5.63,Thousand Metric Tonnes (TMT),PPAC / Ministry of Petroleum and Natural Gas,8d3b6596-b09e-4077-aebf-425193185a5b.csv,816,2026-08-21T15:32:18.198485+00:00,1.0
2025-05-01,2025,2025-26,May,RIL TOTAL,subtotal,5772.68,Thousand Metric Tonnes (TMT),PPAC / Ministry of Petroleum and Natural Gas,8d3b6596-b09e-4077-aebf-425193185a5b.csv,817,2026-08-21T15:32:18.198485+00:00,1.0
2025-05-01,2025,2025-26,May,GRAND TOTAL,grand_total,23304.35,Thousand Metric Tonnes (TMT),PPAC / Ministry of Petroleum and Natural Gas,8d3b6596-b09e-4077-aebf-425193185a5b.csv,818,2026-08-21T15:32:18.198485+00:00,1.0
2025-06-01,2025,2025-26,June,"IOCL-BARAUNI,BIHAR",individual,556.38,Thousand Metric Tonnes (TMT),PPAC / Ministry of Petroleum and Natural Gas,8d3b6596-b09e-4077-aebf-425193185a5b.csv,819,2026-08-21T15:32:18.198485+00:00,1.0
2025-06-01,2025,2025-26,June,"IOCL-MATHURA, UTTAR PRADESH",individual,844.04,Thousand Metric Tonnes (TMT),PPAC / Ministry of Petroleum and Natural Gas,8d3b6596-b09e-4077-aebf-425193185a5b.csv,820,2026-08-21T15:32:18.198485+00:00,1.0
2025-06-01,2025,2025-26,June,"IOCL-PARADIP,ODISHA",individual,1390.49,Thousand Metric Tonnes (TMT),PPAC / Ministry of Petroleum and Natural Gas,8d3b6596-b09e-4077-aebf-425193185a5b.csv,821,2026-08-21T15:32:18.198485+00:00,1.0
2025-06-01,2025,2025-26,June,BPCL-BINA,individual,654.44,Thousand Metric Tonnes (TMT),PPAC / Ministry of Petroleum and Natural Gas,8d3b6596-b09e-4077-aebf-425193185a5b.csv,822,2026-08-21T15:32:18.198485+00:00,1.0
2025-06-01,2025,2025-26,June,ONGC TOTAL,subtotal,743.33,Thousand Metric Tonnes (TMT),PPAC / Ministry of Petroleum and Natural Gas,8d3b6596-b09e-4077-aebf-425193185a5b.csv,823,2026-08-21T15:32:18.198485+00:00,1.0
2025-07-01,2025,2025-26,July,"IOCL-KOYALI, GUJARAT",individual,793.22,Thousand Metric Tonnes (TMT),PPAC / Ministry of Petroleum and Natural Gas,8d3b6596-b09e-4077-aebf-425193185a5b.csv,824,2026-08-21T15:32:18.198485+00:00,1.0
2025-07-01,2025,2025-26,July,"IOCL-PANIPAT, HARYANA",individual,1374.51,Thousand Metric Tonnes (TMT),PPAC / Ministry of Petroleum and Natural Gas,8d3b6596-b09e-4077-aebf-425193185a5b.csv,825,2026-08-21T15:32:18.198485+00:00,1.0
2025-07-01,2025,2025-26,July,RIL TOTAL,subtotal,5825.92,Thousand Metric Tonnes (TMT),PPAC / Ministry of Petroleum and Natural Gas,8d3b6596-b09e-4077-aebf-425193185a5b.csv,826,2026-08-21T15:32:18.198485+00:00,1.0
2025-07-01,2025,2025-26,July,GRAND TOTAL,grand_total,23310.02,Thousand Metric Tonnes (TMT),PPAC / Ministry of Petroleum and Natural Gas,8d3b6596-b09e-4077-aebf-425193185a5b.csv,827,2026-08-21T15:32:18.198485+00:00,1.0
2025-08-01,2025,2025-26,August,"IOCL-MATHURA, UTTAR PRADESH",individual,724.11,Thousand Metric Tonnes (TMT),PPAC / Ministry of Petroleum and Natural Gas,8d3b6596-b09e-4077-aebf-425193185a5b.csv,828,2026-08-21T15:32:18.198485+00:00,1.0
2025-08-01,2025,2025-26,August,"IOCL-PANIPAT, HARYANA",individual,1291.62,Thousand Metric Tonnes (TMT),PPAC / Ministry of Petroleum and Natural Gas,8d3b6596-b09e-4077-aebf-425193185a5b.csv,829,2026-08-21T15:32:18.198485+00:00,1.0
2025-08-01,2025,2025-26,August,IOCL TOTAL,subtotal,5780.9,Thousand Metric Tonnes (TMT),PPAC / Ministry of Petroleum and Natural Gas,8d3b6596-b09e-4077-aebf-425193185a5b.csv,830,2026-08-21T15:32:18.198485+00:00,1.0
2025-08-01,2025,2025-26,August,CPCL-TOTAL,subtotal,1060.36,Thousand Metric Tonnes (TMT),PPAC / Ministry of Petroleum and Natural Gas,8d3b6596-b09e-4077-aebf-425193185a5b.csv,831,2026-08-21T15:32:18.198485+00:00,1.0
2025-08-01,2025,2025-26,August,"BPCL-KOCHI, KERALA",individual,1553.48,Thousand Metric Tonnes (TMT),PPAC / Ministry of Petroleum and Natural Gas,8d3b6596-b09e-4077-aebf-425193185a5b.csv,832,2026-08-21T15:32:18.198485+00:00,1.0
2025-08-01,2025,2025-26,August,"NRL-NUMALIGARH, ASSAM",individual,248.01,Thousand Metric Tonnes (TMT),PPAC / Ministry of Petroleum and Natural Gas,8d3b6596-b09e-4077-aebf-425193185a5b.csv,833,2026-08-21T15:32:18.198485+00:00,1.0
2025-08-01,2025,2025-26,August,ONGC TOTAL,subtotal,1491.21,Thousand Metric Tonnes (TMT),PPAC / Ministry of Petroleum and Natural Gas,8d3b6596-b09e-4077-aebf-425193185a5b.csv,834,2026-08-21T15:32:18.198485+00:00,1.0
2025-08-01,2025,2025-26,August,"RIL,JAMNAGAR,GUJARAT",individual,3000.07,Thousand Metric Tonnes (TMT),PPAC / Ministry of Petroleum and Natural Gas,8d3b6596-b09e-4077-aebf-425193185a5b.csv,835,2026-08-21T15:32:18.198485+00:00,1.0
2025-08-01,2025,2025-26,August,RIL TOTAL,subtotal,5868.53,Thousand Metric Tonnes (TMT),PPAC / Ministry of Petroleum and Natural Gas,8d3b6596-b09e-4077-aebf-425193185a5b.csv,836,2026-08-21T15:32:18.198485+00:00,1.0
2025-08-01,2025,2025-26,August,"NEL-VADINAR,GUJARAT",individual,1406.4,Thousand Metric Tonnes (TMT),PPAC / Ministry of Petroleum and Natural Gas,8d3b6596-b09e-4077-aebf-425193185a5b.csv,837,2026-08-21T15:32:18.198485+00:00,1.0
2025-09-01,2025,2025-26,September,"IOCL-HALDIA, WEST BENGAL",individual,704.63,Thousand Metric Tonnes (TMT),PPAC / Ministry of Petroleum and Natural Gas,8d3b6596-b09e-4077-aebf-425193185a5b.csv,838,2026-08-21T15:32:18.198485+00:00,1.0
2025-09-01,2025,2025-26,September,"IOCL-PANIPAT, HARYANA",individual,1264.16,Thousand Metric Tonnes (TMT),PPAC / Ministry of Petroleum and Natural Gas,8d3b6596-b09e-4077-aebf-425193185a5b.csv,839,2026-08-21T15:32:18.198485+00:00,1.0
2025-09-01,2025,2025-26,September,"IOCL-PARADIP,ODISHA",individual,1271.25,Thousand Metric Tonnes (TMT),PPAC / Ministry of Petroleum and Natural Gas,8d3b6596-b09e-4077-aebf-425193185a5b.csv,840,2026-08-21T15:32:18.198485+00:00,1.0
2025-09-01,2025,2025-26,September,CPCL-TOTAL,subtotal,903.75,Thousand Metric Tonnes (TMT),PPAC / Ministry of Petroleum and Natural Gas,8d3b6596-b09e-4077-aebf-425193185a5b.csv,841,2026-08-21T15:32:18.198485+00:00,1.0
2025-09-01,2025,2025-26,September,"HPCL-VISAKH,ANDHRA PRADESH",individual,1263.95,Thousand Metric Tonnes (TMT),PPAC / Ministry of Petroleum and Natural Gas,8d3b6596-b09e-4077-aebf-425193185a5b.csv,842,2026-08-21T15:32:18.198485+00:00,1.0
2025-09-01,2025,2025-26,September,"RIL,JAMNAGAR,GUJARAT",individual,2926.13,Thousand Metric Tonnes (TMT),PPAC / Ministry of Petroleum and Natural Gas,8d3b6596-b09e-4077-aebf-425193185a5b.csv,843,2026-08-21T15:32:18.198485+00:00,1.0
2025-09-01,2025,2025-26,September,GRAND TOTAL,grand_total,21067.06,Thousand Metric Tonnes (TMT),PPAC / Ministry of Petroleum and Natural Gas,8d3b6596-b09e-4077-aebf-425193185a5b.csv,844,2026-08-21T15:32:18.198485+00:00,1.0
2025-10-01,2025,2025-26,October,"IOCL-HALDIA, WEST BENGAL",individual,641.44,Thousand Metric Tonnes (TMT),PPAC / Ministry of Petroleum and Natural Gas,8d3b6596-b09e-4077-aebf-425193185a5b.csv,845,2026-08-21T15:32:18.198485+00:00,1.0
2025-10-01,2025,2025-26,October,"IOCL-BONGAIGAON,ASSAM",individual,266.61,Thousand Metric Tonnes (TMT),PPAC / Ministry of Petroleum and Natural Gas,8d3b6596-b09e-4077-aebf-425193185a5b.csv,846,2026-08-21T15:32:18.198485+00:00,1.0
2025-10-01,2025,2025-26,October,"NEL-VADINAR,GUJARAT",individual,1664.83,Thousand Metric Tonnes (TMT),PPAC / Ministry of Petroleum and Natural Gas,8d3b6596-b09e-4077-aebf-425193185a5b.csv,847,2026-08-21T15:32:18.198485+00:00,1.0
2025-11-01,2025,2025-26,November,"IOCL-BARAUNI,BIHAR",individual,555.7,Thousand Metric Tonnes (TMT),PPAC / Ministry of Petroleum and Natural Gas,8d3b6596-b09e-4077-aebf-425193185a5b.csv,848,2026-08-21T15:32:18.198485+00:00,1.0
2025-11-01,2025,2025-26,November,CPCL-TOTAL,subtotal,952.29,Thousand Metric Tonnes (TMT),PPAC / Ministry of Petroleum and Natural Gas,8d3b6596-b09e-4077-aebf-425193185a5b.csv,849,2026-08-21T15:32:18.198485+00:00,1.0
2025-11-01,2025,2025-26,November,"BPCL-KOCHI, KERALA",individual,1522.79,Thousand Metric Tonnes (TMT),PPAC / Ministry of Petroleum and Natural Gas,8d3b6596-b09e-4077-aebf-425193185a5b.csv,850,2026-08-21T15:32:18.198485+00:00,1.0
2025-11-01,2025,2025-26,November,BPCL-BINA,individual,710.68,Thousand Metric Tonnes (TMT),PPAC / Ministry of Petroleum and Natural Gas,8d3b6596-b09e-4077-aebf-425193185a5b.csv,851,2026-08-21T15:32:18.198485+00:00,1.0
2025-11-01,2025,2025-26,November,"HPCL-MUMBAI,MAHARASHTRA",individual,835.4,Thousand Metric Tonnes (TMT),PPAC / Ministry of Petroleum and Natural Gas,8d3b6596-b09e-4077-aebf-425193185a5b.csv,852,2026-08-21T15:32:18.198485+00:00,1.0
2025-11-01,2025,2025-26,November,"HPCL-VISAKH,ANDHRA PRADESH",individual,1300.02,Thousand Metric Tonnes (TMT),PPAC / Ministry of Petroleum and Natural Gas,8d3b6596-b09e-4077-aebf-425193185a5b.csv,853,2026-08-21T15:32:18.198485+00:00,1.0
2025-11-01,2025,2025-26,November,GRAND TOTAL,grand_total,22313.97,Thousand Metric Tonnes (TMT),PPAC / Ministry of Petroleum and Natural Gas,8d3b6596-b09e-4077-aebf-425193185a5b.csv,854,2026-08-21T15:32:18.198485+00:00,1.0
2025-12-01,2025,2025-26,December,"IOCL-KOYALI, GUJARAT",individual,1470.34,Thousand Metric Tonnes (TMT),PPAC / Ministry of Petroleum and Natural Gas,8d3b6596-b09e-4077-aebf-425193185a5b.csv,855,2026-08-21T15:32:18.198485+00:00,1.0
2025-12-01,2025,2025-26,December,"IOCL-GUWAHATI,ASSAM",individual,112.76,Thousand Metric Tonnes (TMT),PPAC / Ministry of Petroleum and Natural Gas,8d3b6596-b09e-4077-aebf-425193185a5b.csv,856,2026-08-21T15:32:18.198485+00:00,1.0
2025-12-01,2025,2025-26,December,"CPCL-MANALI, TAMILNADU",individual,1073.54,Thousand Metric Tonnes (TMT),PPAC / Ministry of Petroleum and Natural Gas,8d3b6596-b09e-4077-aebf-425193185a5b.csv,857,2026-08-21T15:32:18.198485+00:00,1.0
2025-12-01,2025,2025-26,December,"MRPL-MANGALORE,KARNATAKA",individual,1543.27,Thousand Metric Tonnes (TMT),PPAC / Ministry of Petroleum and Natural Gas,8d3b6596-b09e-4077-aebf-425193185a5b.csv,858,2026-08-21T15:32:18.198485+00:00,1.0
2025-12-01,2025,2025-26,December,"HPCL-VISAKH,ANDHRA PRADESH",individual,1345.98,Thousand Metric Tonnes (TMT),PPAC / Ministry of Petroleum and Natural Gas,8d3b6596-b09e-4077-aebf-425193185a5b.csv,859,2026-08-21T15:32:18.198485+00:00,1.0
2025-12-01,2025,2025-26,December,"RIL,JAMNAGAR,GUJARAT",individual,3023.01,Thousand Metric Tonnes (TMT),PPAC / Ministry of Petroleum and Natural Gas,8d3b6596-b09e-4077-aebf-425193185a5b.csv,860,2026-08-21T15:32:18.198485+00:00,1.0
2026-01-01,2026,2025-26,January,"IOCL-HALDIA, WEST BENGAL",individual,724.78,Thousand Metric Tonnes (TMT),PPAC / Ministry of Petroleum and Natural Gas,8d3b6596-b09e-4077-aebf-425193185a5b.csv,861,2026-08-21T15:32:18.198485+00:00,1.0
2026-01-01,2026,2025-26,January,"IOCL-MATHURA, UTTAR PRADESH",individual,863.18,Thousand Metric Tonnes (TMT),PPAC / Ministry of Petroleum and Natural Gas,8d3b6596-b09e-4077-aebf-425193185a5b.csv,862,2026-08-21T15:32:18.198485+00:00,1.0
2026-01-01,2026,2025-26,January,"IOCL-PANIPAT, HARYANA",individual,1279.09,Thousand Metric Tonnes (TMT),PPAC / Ministry of Petroleum and Natural Gas,8d3b6596-b09e-4077-aebf-425193185a5b.csv,863,2026-08-21T15:32:18.198485+00:00,1.0
2026-01-01,2026,2025-26,January,"IOCL-DIGBOI,ASSAM",individual,65.18,Thousand Metric Tonnes (TMT),PPAC / Ministry of Petroleum and Natural Gas,8d3b6596-b09e-4077-aebf-425193185a5b.csv,864,2026-08-21T15:32:18.198485+00:00,1.0
2026-01-01,2026,2025-26,January,"BPCL-KOCHI, KERALA",individual,1483.06,Thousand Metric Tonnes (TMT),PPAC / Ministry of Petroleum and Natural Gas,8d3b6596-b09e-4077-aebf-425193185a5b.csv,865,2026-08-21T15:32:18.198485+00:00,1.0
2026-01-01,2026,2025-26,January,BPCL-TOTAL,subtotal,3622.65,Thousand Metric Tonnes (TMT),PPAC / Ministry of Petroleum and Natural Gas,8d3b6596-b09e-4077-aebf-425193185a5b.csv,866,2026-08-21T15:32:18.198485+00:00,1.0
2026-01-01,2026,2025-26,January,"HPCL-MUMBAI,MAHARASHTRA",individual,827.91,Thousand Metric Tonnes (TMT),PPAC / Ministry of Petroleum and Natural Gas,8d3b6596-b09e-4077-aebf-425193185a5b.csv,867,2026-08-21T15:32:18.198485+00:00,1.0
2026-01-01,2026,2025-26,January,"RIL,JAMNAGAR,GUJARAT",individual,2915.76,Thousand Metric Tonnes (TMT),PPAC / Ministry of Petroleum and Natural Gas,8d3b6596-b09e-4077-aebf-425193185a5b.csv,868,2026-08-21T15:32:18.198485+00:00,1.0
2026-01-01,2026,2025-26,January,GRAND TOTAL,grand_total,23807.64,Thousand Metric Tonnes (TMT),PPAC / Ministry of Petroleum and Natural Gas,8d3b6596-b09e-4077-aebf-425193185a5b.csv,869,2026-08-21T15:32:18.198485+00:00,1.0
2026-02-01,2026,2025-26,February,"IOCL-BARAUNI,BIHAR",individual,487.4,Thousand Metric Tonnes (TMT),PPAC / Ministry of Petroleum and Natural Gas,8d3b6596-b09e-4077-aebf-425193185a5b.csv,870,2026-08-21T15:32:18.198485+00:00,1.0
2026-02-01,2026,2025-26,February,"IOCL-MATHURA, UTTAR PRADESH",individual,761.77,Thousand Metric Tonnes (TMT),PPAC / Ministry of Petroleum and Natural Gas,8d3b6596-b09e-4077-aebf-425193185a5b.csv,871,2026-08-21T15:32:18.198485+00:00,1.0
2026-02-01,2026,2025-26,February,"IOCL-GUWAHATI,ASSAM",individual,101.28,Thousand Metric Tonnes (TMT),PPAC / Ministry of Petroleum and Natural Gas,8d3b6596-b09e-4077-aebf-425193185a5b.csv,872,2026-08-21T15:32:18.198485+00:00,1.0
2026-02-01,2026,2025-26,February,BPCL-BINA,individual,647.74,Thousand Metric Tonnes (TMT),PPAC / Ministry of Petroleum and Natural Gas,8d3b6596-b09e-4077-aebf-425193185a5b.csv,873,2026-08-21T15:32:18.198485+00:00,1.0
2026-02-01,2026,2025-26,February,"HPCL-VISAKH,ANDHRA PRADESH",individual,1226.14,Thousand Metric Tonnes (TMT),PPAC / Ministry of Petroleum and Natural Gas,8d3b6596-b09e-4077-aebf-425193185a5b.csv,874,2026-08-21T15:32:18.198485+00:00,1.0
2026-02-01,2026,2025-26,February,RIL TOTAL,subtotal,5376.0,Thousand Metric Tonnes (TMT),PPAC / Ministry of Petroleum and Natural Gas,8d3b6596-b09e-4077-aebf-425193185a5b.csv,875,2026-08-21T15:32:18.198485+00:00,1.0
2026-03-01,2026,2025-26,March,IOCL TOTAL,subtotal,6875.0,Thousand Metric Tonnes (TMT),PPAC / Ministry of Petroleum and Natural Gas,8d3b6596-b09e-4077-aebf-425193185a5b.csv,876,2026-08-21T15:32:18.198485+00:00,1.0
2026-03-01,2026,2025-26,March,"NRL-NUMALIGARH, ASSAM",individual,291.19,Thousand Metric Tonnes (TMT),PPAC / Ministry of Petroleum and Natural Gas,8d3b6596-b09e-4077-aebf-425193185a5b.csv,877,2026-08-21T15:32:18.198485+00:00,1.0
2026-03-01,2026,2025-26,March,HPCL-TOTAL,subtotal,3434.39,Thousand Metric Tonnes (TMT),PPAC / Ministry of Petroleum and Natural Gas,8d3b6596-b09e-4077-aebf-425193185a5b.csv,878,2026-08-21T15:32:18.198485+00:00,1.0
2026-03-01,2026,2025-26,March,RIL TOTAL,subtotal,5417.0,Thousand Metric Tonnes (TMT),PPAC / Ministry of Petroleum and Natural Gas,8d3b6596-b09e-4077-aebf-425193185a5b.csv,879,2026-08-21T15:32:18.198485+00:00,1.0
2024-04-01,2024,2024-25,April,"IOCL-KOYALI, GUJARAT",individual,1290.77,Thousand Metric Tonnes (TMT),PPAC / Ministry of Petroleum and Natural Gas,8d3b6596-b09e-4077-aebf-425193185a5b.csv,880,2026-08-21T15:32:18.198485+00:00,1.0
2024-04-01,2024,2024-25,April,"IOCL-MATHURA, UTTAR PRADESH",individual,859.67,Thousand Metric Tonnes (TMT),PPAC / Ministry of Petroleum and Natural Gas,8d3b6596-b09e-4077-aebf-425193185a5b.csv,881,2026-08-21T15:32:18.198485+00:00,1.0
2024-04-01,2024,2024-25,April,"IOCL-PANIPAT, HARYANA",individual,1283.05,Thousand Metric Tonnes (TMT),PPAC / Ministry of Petroleum and Natural Gas,8d3b6596-b09e-4077-aebf-425193185a5b.csv,882,2026-08-21T15:32:18.198485+00:00,1.0
2024-04-01,2024,2024-25,April,"IOCL-GUWAHATI,ASSAM",individual,108.92,Thousand Metric Tonnes (TMT),PPAC / Ministry of Petroleum and Natural Gas,8d3b6596-b09e-4077-aebf-425193185a5b.csv,883,2026-08-21T15:32:18.198485+00:00,1.0
2024-04-01,2024,2024-25,April,"IOCL-PARADIP,ODISHA",individual,1093.71,Thousand Metric Tonnes (TMT),PPAC / Ministry of Petroleum and Natural Gas,8d3b6596-b09e-4077-aebf-425193185a5b.csv,884,2026-08-21T15:32:18.198485+00:00,1.0
2024-04-01,2024,2024-25,April,CPCL-TOTAL,subtotal,867.12,Thousand Metric Tonnes (TMT),PPAC / Ministry of Petroleum and Natural Gas,8d3b6596-b09e-4077-aebf-425193185a5b.csv,885,2026-08-21T15:32:18.198485+00:00,1.0
2024-04-01,2024,2024-25,April,"HPCL-MUMBAI,MAHARASHTRA",individual,519.57,Thousand Metric Tonnes (TMT),PPAC / Ministry of Petroleum and Natural Gas,8d3b6596-b09e-4077-aebf-425193185a5b.csv,886,2026-08-21T15:32:18.198485+00:00,1.0
2024-04-01,2024,2024-25,April,"HMEL-GGSR, BATHINDA, PUNJAB",individual,1082.55,Thousand Metric Tonnes (TMT),PPAC / Ministry of Petroleum and Natural Gas,8d3b6596-b09e-4077-aebf-425193185a5b.csv,887,2026-08-21T15:32:18.198485+00:00,1.0
2024-05-01,2024,2024-25,May,IOCL TOTAL,subtotal,6065.22,Thousand Metric Tonnes (TMT),PPAC / Ministry of Petroleum and Natural Gas,8d3b6596-b09e-4077-aebf-425193185a5b.csv,888,2026-08-21T15:32:18.198485+00:00,1.0
2024-05-01,2024,2024-25,May,"HMEL-GGSR, BATHINDA, PUNJAB",individual,1110.92,Thousand Metric Tonnes (TMT),PPAC / Ministry of Petroleum and Natural Gas,8d3b6596-b09e-4077-aebf-425193185a5b.csv,889,2026-08-21T15:32:18.198485+00:00,1.0
2024-06-01,2024,2024-25,June,"IOCL-KOYALI, GUJARAT",individual,1300.03,Thousand Metric Tonnes (TMT),PPAC / Ministry of Petroleum and Natural Gas,8d3b6596-b09e-4077-aebf-425193185a5b.csv,890,2026-08-21T15:32:18.198485+00:00,1.0
2024-06-01,2024,2024-25,June,"IOCL-MATHURA, UTTAR PRADESH",individual,845.11,Thousand Metric Tonnes (TMT),PPAC / Ministry of Petroleum and Natural Gas,8d3b6596-b09e-4077-aebf-425193185a5b.csv,891,2026-08-21T15:32:18.198485+00:00,1.0
2024-06-01,2024,2024-25,June,IOCL TOTAL,subtotal,5955.77,Thousand Metric Tonnes (TMT),PPAC / Ministry of Petroleum and Natural Gas,8d3b6596-b09e-4077-aebf-425193185a5b.csv,892,2026-08-21T15:32:18.198485+00:00,1.0
2024-06-01,2024,2024-25,June,BPCL-TOTAL,subtotal,3281.32,Thousand Metric Tonnes (TMT),PPAC / Ministry of Petroleum and Natural Gas,8d3b6596-b09e-4077-aebf-425193185a5b.csv,893,2026-08-21T15:32:18.198485+00:00,1.0
2024-06-01,2024,2024-25,June,"RIL,JAMNAGAR,GUJARAT",individual,2832.08,Thousand Metric Tonnes (TMT),PPAC / Ministry of Petroleum and Natural Gas,8d3b6596-b09e-4077-aebf-425193185a5b.csv,894,2026-08-21T15:32:18.198485+00:00,1.0
2024-06-01,2024,2024-25,June,GRAND TOTAL,grand_total,22202.72,Thousand Metric Tonnes (TMT),PPAC / Ministry of Petroleum and Natural Gas,8d3b6596-b09e-4077-aebf-425193185a5b.csv,895,2026-08-21T15:32:18.198485+00:00,1.0
2024-07-01,2024,2024-25,July,"IOCL-HALDIA, WEST BENGAL",individual,666.79,Thousand Metric Tonnes (TMT),PPAC / Ministry of Petroleum and Natural Gas,8d3b6596-b09e-4077-aebf-425193185a5b.csv,896,2026-08-21T15:32:18.198485+00:00,1.0
2024-07-01,2024,2024-25,July,"IOCL-MATHURA, UTTAR PRADESH",individual,688.44,Thousand Metric Tonnes (TMT),PPAC / Ministry of Petroleum and Natural Gas,8d3b6596-b09e-4077-aebf-425193185a5b.csv,897,2026-08-21T15:32:18.198485+00:00,1.0
2024-07-01,2024,2024-25,July,"IOCL-PARADIP,ODISHA",individual,907.58,Thousand Metric Tonnes (TMT),PPAC / Ministry of Petroleum and Natural Gas,8d3b6596-b09e-4077-aebf-425193185a5b.csv,898,2026-08-21T15:32:18.198485+00:00,1.0
2024-07-01,2024,2024-25,July,BPCL-TOTAL,subtotal,3599.19,Thousand Metric Tonnes (TMT),PPAC / Ministry of Petroleum and Natural Gas,8d3b6596-b09e-4077-aebf-425193185a5b.csv,899,2026-08-21T15:32:18.198485+00:00,1.0
2024-07-01,2024,2024-25,July,"NRL-NUMALIGARH, ASSAM",individual,217.67,Thousand Metric Tonnes (TMT),PPAC / Ministry of Petroleum and Natural Gas,8d3b6596-b09e-4077-aebf-425193185a5b.csv,900,2026-08-21T15:32:18.198485+00:00,1.0
2024-08-01,2024,2024-25,August,"IOCL-MATHURA, UTTAR PRADESH",individual,589.3,Thousand Metric Tonnes (TMT),PPAC / Ministry of Petroleum and Natural Gas,8d3b6596-b09e-4077-aebf-425193185a5b.csv,901,2026-08-21T15:32:18.198485+00:00,1.0
2024-08-01,2024,2024-25,August,"IOCL-DIGBOI,ASSAM",individual,68.37,Thousand Metric Tonnes (TMT),PPAC / Ministry of Petroleum and Natural Gas,8d3b6596-b09e-4077-aebf-425193185a5b.csv,902,2026-08-21T15:32:18.198485+00:00,1.0
2024-08-01,2024,2024-25,August,IOCL TOTAL,subtotal,5590.86,Thousand Metric Tonnes (TMT),PPAC / Ministry of Petroleum and Natural Gas,8d3b6596-b09e-4077-aebf-425193185a5b.csv,903,2026-08-21T15:32:18.198485+00:00,1.0
2024-08-01,2024,2024-25,August,"CPCL-MANALI, TAMILNADU",individual,680.63,Thousand Metric Tonnes (TMT),PPAC / Ministry of Petroleum and Natural Gas,8d3b6596-b09e-4077-aebf-425193185a5b.csv,904,2026-08-21T15:32:18.198485+00:00,1.0
2024-08-01,2024,2024-25,August,RIL TOTAL,subtotal,5400.39,Thousand Metric Tonnes (TMT),PPAC / Ministry of Petroleum and Natural Gas,8d3b6596-b09e-4077-aebf-425193185a5b.csv,905,2026-08-21T15:32:18.198485+00:00,1.0
2024-08-01,2024,2024-25,August,"NEL-VADINAR,GUJARAT",individual,1752.88,Thousand Metric Tonnes (TMT),PPAC / Ministry of Petroleum and Natural Gas,8d3b6596-b09e-4077-aebf-425193185a5b.csv,906,2026-08-21T15:32:18.198485+00:00,1.0
2024-08-01,2024,2024-25,August,GRAND TOTAL,grand_total,21635.45,Thousand Metric Tonnes (TMT),PPAC / Ministry of Petroleum and Natural Gas,8d3b6596-b09e-4077-aebf-425193185a5b.csv,907,2026-08-21T15:32:18.198485+00:00,1.0
2024-09-01,2024,2024-25,September,"IOCL-GUWAHATI,ASSAM",individual,86.56,Thousand Metric Tonnes (TMT),PPAC / Ministry of Petroleum and Natural Gas,8d3b6596-b09e-4077-aebf-425193185a5b.csv,908,2026-08-21T15:32:18.198485+00:00,1.0
2024-09-01,2024,2024-25,September,BPCL-BINA,individual,489.35,Thousand Metric Tonnes (TMT),PPAC / Ministry of Petroleum and Natural Gas,8d3b6596-b09e-4077-aebf-425193185a5b.csv,909,2026-08-21T15:32:18.198485+00:00,1.0
2024-09-01,2024,2024-25,September,"NRL-NUMALIGARH, ASSAM",individual,249.5,Thousand Metric Tonnes (TMT),PPAC / Ministry of Petroleum and Natural Gas,8d3b6596-b09e-4077-aebf-425193185a5b.csv,910,2026-08-21T15:32:18.198485+00:00,1.0
2024-09-01,2024,2024-25,September,"ONGC-TATIPAKA,ANDHRA PRADESH",individual,5.83,Thousand Metric Tonnes (TMT),PPAC / Ministry of Petroleum and Natural Gas,8d3b6596-b09e-4077-aebf-425193185a5b.csv,911,2026-08-21T15:32:18.198485+00:00,1.0
2024-09-01,2024,2024-25,September,ONGC TOTAL,subtotal,1470.0,Thousand Metric Tonnes (TMT),PPAC / Ministry of Petroleum and Natural Gas,8d3b6596-b09e-4077-aebf-425193185a5b.csv,912,2026-08-21T15:32:18.198485+00:00,1.0
2024-09-01,2024,2024-25,September,"HMEL-GGSR, BATHINDA, PUNJAB",individual,1060.85,Thousand Metric Tonnes (TMT),PPAC / Ministry of Petroleum and Natural Gas,8d3b6596-b09e-4077-aebf-425193185a5b.csv,913,2026-08-21T15:32:18.198485+00:00,1.0
2024-09-01,2024,2024-25,September,RIL TOTAL,subtotal,5633.89,Thousand Metric Tonnes (TMT),PPAC / Ministry of Petroleum and Natural Gas,8d3b6596-b09e-4077-aebf-425193185a5b.csv,914,2026-08-21T15:32:18.198485+00:00,1.0
2024-10-01,2024,2024-25,October,"IOCL-BARAUNI,BIHAR",individual,576.14,Thousand Metric Tonnes (TMT),PPAC / Ministry of Petroleum and Natural Gas,8d3b6596-b09e-4077-aebf-425193185a5b.csv,915,2026-08-21T15:32:18.198485+00:00,1.0
2024-10-01,2024,2024-25,October,"IOCL-BONGAIGAON,ASSAM",individual,253.93,Thousand Metric Tonnes (TMT),PPAC / Ministry of Petroleum and Natural Gas,8d3b6596-b09e-4077-aebf-425193185a5b.csv,916,2026-08-21T15:32:18.198485+00:00,1.0
2024-10-01,2024,2024-25,October,"IOCL-PARADIP,ODISHA",individual,1272.95,Thousand Metric Tonnes (TMT),PPAC / Ministry of Petroleum and Natural Gas,8d3b6596-b09e-4077-aebf-425193185a5b.csv,917,2026-08-21T15:32:18.198485+00:00,1.0
2024-10-01,2024,2024-25,October,HPCL & JV-TOTAL,subtotal,3165.05,Thousand Metric Tonnes (TMT),PPAC / Ministry of Petroleum and Natural Gas,8d3b6596-b09e-4077-aebf-425193185a5b.csv,918,2026-08-21T15:32:18.198485+00:00,1.0
2024-10-01,2024,2024-25,October,RIL TOTAL,subtotal,5429.53,Thousand Metric Tonnes (TMT),PPAC / Ministry of Petroleum and Natural Gas,8d3b6596-b09e-4077-aebf-425193185a5b.csv,919,2026-08-21T15:32:18.198485+00:00,1.0
2024-10-01,2024,2024-25,October,"NEL-VADINAR,GUJARAT",individual,1745.65,Thousand Metric Tonnes (TMT),PPAC / Ministry of Petroleum and Natural Gas,8d3b6596-b09e-4077-aebf-425193185a5b.csv,920,2026-08-21T15:32:18.198485+00:00,1.0
2024-10-01,2024,2024-25,October,GRAND TOTAL,grand_total,21303.53,Thousand Metric Tonnes (TMT),PPAC / Ministry of Petroleum and Natural Gas,8d3b6596-b09e-4077-aebf-425193185a5b.csv,921,2026-08-21T15:32:18.198485+00:00,1.0
2024-11-01,2024,2024-25,November,"IOCL-DIGBOI,ASSAM",individual,69.13,Thousand Metric Tonnes (TMT),PPAC / Ministry of Petroleum and Natural Gas,8d3b6596-b09e-4077-aebf-425193185a5b.csv,922,2026-08-21T15:32:18.198485+00:00,1.0
2024-11-01,2024,2024-25,November,BPCL-BINA,individual,661.83,Thousand Metric Tonnes (TMT),PPAC / Ministry of Petroleum and Natural Gas,8d3b6596-b09e-4077-aebf-425193185a5b.csv,923,2026-08-21T15:32:18.198485+00:00,1.0
2024-11-01,2024,2024-25,November,"ONGC-TATIPAKA,ANDHRA PRADESH",individual,7.42,Thousand Metric Tonnes (TMT),PPAC / Ministry of Petroleum and Natural Gas,8d3b6596-b09e-4077-aebf-425193185a5b.csv,924,2026-08-21T15:32:18.198485+00:00,1.0
2024-11-01,2024,2024-25,November,"HPCL-MUMBAI,MAHARASHTRA",individual,878.42,Thousand Metric Tonnes (TMT),PPAC / Ministry of Petroleum and Natural Gas,8d3b6596-b09e-4077-aebf-425193185a5b.csv,925,2026-08-21T15:32:18.198485+00:00,1.0
2024-11-01,2024,2024-25,November,"RIL,JAMNAGAR,GUJARAT",individual,2846.43,Thousand Metric Tonnes (TMT),PPAC / Ministry of Petroleum and Natural Gas,8d3b6596-b09e-4077-aebf-425193185a5b.csv,926,2026-08-21T15:32:18.198485+00:00,1.0
2024-11-01,2024,2024-25,November,GRAND TOTAL,grand_total,21813.17,Thousand Metric Tonnes (TMT),PPAC / Ministry of Petroleum and Natural Gas,8d3b6596-b09e-4077-aebf-425193185a5b.csv,927,2026-08-21T15:32:18.198485+00:00,1.0
2024-12-01,2024,2024-25,December,"IOCL-MATHURA, UTTAR PRADESH",individual,874.39,Thousand Metric Tonnes (TMT),PPAC / Ministry of Petroleum and Natural Gas,8d3b6596-b09e-4077-aebf-425193185a5b.csv,928,2026-08-21T15:32:18.198485+00:00,1.0
2024-12-01,2024,2024-25,December,ONGC TOTAL,subtotal,1556.13,Thousand Metric Tonnes (TMT),PPAC / Ministry of Petroleum and Natural Gas,8d3b6596-b09e-4077-aebf-425193185a5b.csv,929,2026-08-21T15:32:18.198485+00:00,1.0
2024-12-01,2024,2024-25,December,"HMEL-GGSR, BATHINDA, PUNJAB",individual,1109.52,Thousand Metric Tonnes (TMT),PPAC / Ministry of Petroleum and Natural Gas,8d3b6596-b09e-4077-aebf-425193185a5b.csv,930,2026-08-21T15:32:18.198485+00:00,1.0
2025-01-01,2025,2024-25,January,"IOCL-KOYALI, GUJARAT",individual,1315.57,Thousand Metric Tonnes (TMT),PPAC / Ministry of Petroleum and Natural Gas,8d3b6596-b09e-4077-aebf-425193185a5b.csv,931,2026-08-21T15:32:18.198485+00:00,1.0
2025-01-01,2025,2024-25,January,"IOCL-MATHURA, UTTAR PRADESH",individual,740.42,Thousand Metric Tonnes (TMT),PPAC / Ministry of Petroleum and Natural Gas,8d3b6596-b09e-4077-aebf-425193185a5b.csv,932,2026-08-21T15:32:18.198485+00:00,1.0
2025-01-01,2025,2024-25,January,"IOCL-PANIPAT, HARYANA",individual,1318.66,Thousand Metric Tonnes (TMT),PPAC / Ministry of Petroleum and Natural Gas,8d3b6596-b09e-4077-aebf-425193185a5b.csv,933,2026-08-21T15:32:18.198485+00:00,1.0
2025-01-01,2025,2024-25,January,"IOCL-PARADIP,ODISHA",individual,1436.19,Thousand Metric Tonnes (TMT),PPAC / Ministry of Petroleum and Natural Gas,8d3b6596-b09e-4077-aebf-425193185a5b.csv,934,2026-08-21T15:32:18.198485+00:00,1.0
2025-01-01,2025,2024-25,January,BPCL-TOTAL,subtotal,3601.13,Thousand Metric Tonnes (TMT),PPAC / Ministry of Petroleum and Natural Gas,8d3b6596-b09e-4077-aebf-425193185a5b.csv,935,2026-08-21T15:32:18.198485+00:00,1.0
2025-01-01,2025,2024-25,January,"HPCL-MUMBAI,MAHARASHTRA",individual,883.28,Thousand Metric Tonnes (TMT),PPAC / Ministry of Petroleum and Natural Gas,8d3b6596-b09e-4077-aebf-425193185a5b.csv,936,2026-08-21T15:32:18.198485+00:00,1.0
2025-01-01,2025,2024-25,January,"RIL,JAMNAGAR,GUJARAT",individual,3031.68,Thousand Metric Tonnes (TMT),PPAC / Ministry of Petroleum and Natural Gas,8d3b6596-b09e-4077-aebf-425193185a5b.csv,937,2026-08-21T15:32:18.198485+00:00,1.0
2025-01-01,2025,2024-25,January,"RIL-(SEZ), JAMNAGAR,GUJARAT",individual,2577.88,Thousand Metric Tonnes (TMT),PPAC / Ministry of Petroleum and Natural Gas,8d3b6596-b09e-4077-aebf-425193185a5b.csv,938,2026-08-21T15:32:18.198485+00:00,1.0
2025-01-01,2025,2024-25,January,GRAND TOTAL,grand_total,23778.67,Thousand Metric Tonnes (TMT),PPAC / Ministry of Petroleum and Natural Gas,8d3b6596-b09e-4077-aebf-425193185a5b.csv,939,2026-08-21T15:32:18.198485+00:00,1.0
2025-02-01,2025,2024-25,February,"BPCL-MUMBAI, MAHARASHTRA",individual,1279.26,Thousand Metric Tonnes (TMT),PPAC / Ministry of Petroleum and Natural Gas,8d3b6596-b09e-4077-aebf-425193185a5b.csv,940,2026-08-21T15:32:18.198485+00:00,1.0
2025-02-01,2025,2024-25,February,"RIL,JAMNAGAR,GUJARAT",individual,2763.15,Thousand Metric Tonnes (TMT),PPAC / Ministry of Petroleum and Natural Gas,8d3b6596-b09e-4077-aebf-425193185a5b.csv,941,2026-08-21T15:32:18.198485+00:00,1.0
2025-02-01,2025,2024-25,February,GRAND TOTAL,grand_total,21673.41,Thousand Metric Tonnes (TMT),PPAC / Ministry of Petroleum and Natural Gas,8d3b6596-b09e-4077-aebf-425193185a5b.csv,942,2026-08-21T15:32:18.198485+00:00,1.0
2025-03-01,2025,2024-25,March,"IOCL-HALDIA, WEST BENGAL",individual,727.16,Thousand Metric Tonnes (TMT),PPAC / Ministry of Petroleum and Natural Gas,8d3b6596-b09e-4077-aebf-425193185a5b.csv,943,2026-08-21T15:32:18.198485+00:00,1.0
2025-03-01,2025,2024-25,March,"IOCL-GUWAHATI,ASSAM",individual,110.85,Thousand Metric Tonnes (TMT),PPAC / Ministry of Petroleum and Natural Gas,8d3b6596-b09e-4077-aebf-425193185a5b.csv,944,2026-08-21T15:32:18.198485+00:00,1.0
2025-03-01,2025,2024-25,March,"IOCL-PARADIP,ODISHA",individual,1415.46,Thousand Metric Tonnes (TMT),PPAC / Ministry of Petroleum and Natural Gas,8d3b6596-b09e-4077-aebf-425193185a5b.csv,945,2026-08-21T15:32:18.198485+00:00,1.0
2025-03-01,2025,2024-25,March,"BPCL-KOCHI, KERALA",individual,1557.0,Thousand Metric Tonnes (TMT),PPAC / Ministry of Petroleum and Natural Gas,8d3b6596-b09e-4077-aebf-425193185a5b.csv,946,2026-08-21T15:32:18.198485+00:00,1.0
2025-03-01,2025,2024-25,March,BPCL-BINA,individual,664.49,Thousand Metric Tonnes (TMT),PPAC / Ministry of Petroleum and Natural Gas,8d3b6596-b09e-4077-aebf-425193185a5b.csv,947,2026-08-21T15:32:18.198485+00:00,1.0
2025-03-01,2025,2024-25,March,"NRL-NUMALIGARH, ASSAM",individual,273.16,Thousand Metric Tonnes (TMT),PPAC / Ministry of Petroleum and Natural Gas,8d3b6596-b09e-4077-aebf-425193185a5b.csv,948,2026-08-21T15:32:18.198485+00:00,1.0
2025-03-01,2025,2024-25,March,"ONGC-TATIPAKA,ANDHRA PRADESH",individual,5.34,Thousand Metric Tonnes (TMT),PPAC / Ministry of Petroleum and Natural Gas,8d3b6596-b09e-4077-aebf-425193185a5b.csv,949,2026-08-21T15:32:18.198485+00:00,1.0
2025-03-01,2025,2024-25,March,ONGC TOTAL,subtotal,1651.19,Thousand Metric Tonnes (TMT),PPAC / Ministry of Petroleum and Natural Gas,8d3b6596-b09e-4077-aebf-425193185a5b.csv,950,2026-08-21T15:32:18.198485+00:00,1.0
2023-04-01,2023,2023-24,April,"IOCL-HALDIA, WEST BENGAL",individual,706.28,Thousand Metric Tonnes (TMT),PPAC / Ministry of Petroleum and Natural Gas,8d3b6596-b09e-4077-aebf-425193185a5b.csv,951,2026-08-21T15:32:18.198485+00:00,1.0
2023-04-01,2023,2023-24,April,"BPCL-MUMBAI, MAHARASHTRA",individual,1258.57,Thousand Metric Tonnes (TMT),PPAC / Ministry of Petroleum and Natural Gas,8d3b6596-b09e-4077-aebf-425193185a5b.csv,952,2026-08-21T15:32:18.198485+00:00,1.0
2023-04-01,2023,2023-24,April,BORL-BINA,individual,593.53,Thousand Metric Tonnes (TMT),PPAC / Ministry of Petroleum and Natural Gas,8d3b6596-b09e-4077-aebf-425193185a5b.csv,953,2026-08-21T15:32:18.198485+00:00,1.0
2023-04-01,2023,2023-24,April,RIL TOTAL,subtotal,5355.74,Thousand Metric Tonnes (TMT),PPAC / Ministry of Petroleum and Natural Gas,8d3b6596-b09e-4077-aebf-425193185a5b.csv,954,2026-08-21T15:32:18.198485+00:00,1.0
2023-04-01,2023,2023-24,April,"NEL-VADINAR,GUJARAT",individual,1670.56,Thousand Metric Tonnes (TMT),PPAC / Ministry of Petroleum and Natural Gas,8d3b6596-b09e-4077-aebf-425193185a5b.csv,955,2026-08-21T15:32:18.198485+00:00,1.0
2023-05-01,2023,2023-24,May,"IOCL-PARADIP,ODISHA",individual,1272.1,Thousand Metric Tonnes (TMT),PPAC / Ministry of Petroleum and Natural Gas,8d3b6596-b09e-4077-aebf-425193185a5b.csv,956,2026-08-21T15:32:18.198485+00:00,1.0
2023-05-01,2023,2023-24,May,BPCL-TOTAL,subtotal,3456.97,Thousand Metric Tonnes (TMT),PPAC / Ministry of Petroleum and Natural Gas,8d3b6596-b09e-4077-aebf-425193185a5b.csv,957,2026-08-21T15:32:18.198485+00:00,1.0
2023-05-01,2023,2023-24,May,"MRPL-MANGALORE,KARNATAKA",individual,1494.17,Thousand Metric Tonnes (TMT),PPAC / Ministry of Petroleum and Natural Gas,8d3b6596-b09e-4077-aebf-425193185a5b.csv,958,2026-08-21T15:32:18.198485+00:00,1.0
2023-06-01,2023,2023-24,June,"IOCL-HALDIA, WEST BENGAL",individual,691.68,Thousand Metric Tonnes (TMT),PPAC / Ministry of Petroleum and Natural Gas,8d3b6596-b09e-4077-aebf-425193185a5b.csv,959,2026-08-21T15:32:18.198485+00:00,1.0
2023-06-01,2023,2023-24,June,"IOCL-BONGAIGAON,ASSAM",individual,251.25,Thousand Metric Tonnes (TMT),PPAC / Ministry of Petroleum and Natural Gas,8d3b6596-b09e-4077-aebf-425193185a5b.csv,960,2026-08-21T15:32:18.198485+00:00,1.0
2023-06-01,2023,2023-24,June,"IOCL-PARADIP,ODISHA",individual,1346.43,Thousand Metric Tonnes (TMT),PPAC / Ministry of Petroleum and Natural Gas,8d3b6596-b09e-4077-aebf-425193185a5b.csv,961,2026-08-21T15:32:18.198485+00:00,1.0
2023-06-01,2023,2023-24,June,"CPCL-MANALI, TAMILNADU",individual,816.58,Thousand Metric Tonnes (TMT),PPAC / Ministry of Petroleum and Natural Gas,8d3b6596-b09e-4077-aebf-425193185a5b.csv,962,2026-08-21T15:32:18.198485+00:00,1.0
2023-06-01,2023,2023-24,June,"NRL-NUMALIGARH, ASSAM",individual,8.3,Thousand Metric Tonnes (TMT),PPAC / Ministry of Petroleum and Natural Gas,8d3b6596-b09e-4077-aebf-425193185a5b.csv,963,2026-08-21T15:32:18.198485+00:00,1.0
2023-06-01,2023,2023-24,June,"ONGC-TATIPAKA,ANDHRA PRADESH",individual,5.61,Thousand Metric Tonnes (TMT),PPAC / Ministry of Petroleum and Natural Gas,8d3b6596-b09e-4077-aebf-425193185a5b.csv,964,2026-08-21T15:32:18.198485+00:00,1.0
2023-06-01,2023,2023-24,June,"HPCL-MUMBAI,MAHARASHTRA",individual,809.85,Thousand Metric Tonnes (TMT),PPAC / Ministry of Petroleum and Natural Gas,8d3b6596-b09e-4077-aebf-425193185a5b.csv,965,2026-08-21T15:32:18.198485+00:00,1.0
2023-07-01,2023,2023-24,July,"IOCL-DIGBOI,ASSAM",individual,63.47,Thousand Metric Tonnes (TMT),PPAC / Ministry of Petroleum and Natural Gas,8d3b6596-b09e-4077-aebf-425193185a5b.csv,966,2026-08-21T15:32:18.198485+00:00,1.0
2023-07-01,2023,2023-24,July,"IOCL-PARADIP,ODISHA",individual,1394.49,Thousand Metric Tonnes (TMT),PPAC / Ministry of Petroleum and Natural Gas,8d3b6596-b09e-4077-aebf-425193185a5b.csv,967,2026-08-21T15:32:18.198485+00:00,1.0
2023-07-01,2023,2023-24,July,BPCL-TOTAL,subtotal,2805.32,Thousand Metric Tonnes (TMT),PPAC / Ministry of Petroleum and Natural Gas,8d3b6596-b09e-4077-aebf-425193185a5b.csv,968,2026-08-21T15:32:18.198485+00:00,1.0
2023-07-01,2023,2023-24,July,"NRL-NUMALIGARH, ASSAM",individual,245.1,Thousand Metric Tonnes (TMT),PPAC / Ministry of Petroleum and Natural Gas,8d3b6596-b09e-4077-aebf-425193185a5b.csv,969,2026-08-21T15:32:18.198485+00:00,1.0
2023-07-01,2023,2023-24,July,"HMEL-GGSR, BATHINDA, PUNJAB",individual,1102.12,Thousand Metric Tonnes (TMT),PPAC / Ministry of Petroleum and Natural Gas,8d3b6596-b09e-4077-aebf-425193185a5b.csv,970,2026-08-21T15:32:18.198485+00:00,1.0
2023-08-01,2023,2023-24,August,"IOCL-PANIPAT, HARYANA",individual,1230.31,Thousand Metric Tonnes (TMT),PPAC / Ministry of Petroleum and Natural Gas,8d3b6596-b09e-4077-aebf-425193185a5b.csv,971,2026-08-21T15:32:18.198485+00:00,1.0
2023-08-01,2023,2023-24,August,"IOCL-GUWAHATI,ASSAM",individual,94.25,Thousand Metric Tonnes (TMT),PPAC / Ministry of Petroleum and Natural Gas,8d3b6596-b09e-4077-aebf-425193185a5b.csv,972,2026-08-21T15:32:18.198485+00:00,1.0
2023-08-01,2023,2023-24,August,"IOCL-PARADIP,ODISHA",individual,1429.01,Thousand Metric Tonnes (TMT),PPAC / Ministry of Petroleum and Natural Gas,8d3b6596-b09e-4077-aebf-425193185a5b.csv,973,2026-08-21T15:32:18.198485+00:00,1.0
2023-08-01,2023,2023-24,August,"BPCL-MUMBAI, MAHARASHTRA",individual,1386.54,Thousand Metric Tonnes (TMT),PPAC / Ministry of Petroleum and Natural Gas,8d3b6596-b09e-4077-aebf-425193185a5b.csv,974,2026-08-21T15:32:18.198485+00:00,1.0
2023-08-01,2023,2023-24,August,BPCL-TOTAL,subtotal,3217.68,Thousand Metric Tonnes (TMT),PPAC / Ministry of Petroleum and Natural Gas,8d3b6596-b09e-4077-aebf-425193185a5b.csv,975,2026-08-21T15:32:18.198485+00:00,1.0
2023-08-01,2023,2023-24,August,"HMEL-GGSR, BATHINDA, PUNJAB",individual,1106.15,Thousand Metric Tonnes (TMT),PPAC / Ministry of Petroleum and Natural Gas,8d3b6596-b09e-4077-aebf-425193185a5b.csv,976,2026-08-21T15:32:18.198485+00:00,1.0
2023-09-01,2023,2023-24,September,"IOCL-HALDIA, WEST BENGAL",individual,325.1,Thousand Metric Tonnes (TMT),PPAC / Ministry of Petroleum and Natural Gas,8d3b6596-b09e-4077-aebf-425193185a5b.csv,977,2026-08-21T15:32:18.198485+00:00,1.0
2023-09-01,2023,2023-24,September,"IOCL-BONGAIGAON,ASSAM",individual,251.38,Thousand Metric Tonnes (TMT),PPAC / Ministry of Petroleum and Natural Gas,8d3b6596-b09e-4077-aebf-425193185a5b.csv,978,2026-08-21T15:32:18.198485+00:00,1.0
2023-09-01,2023,2023-24,September,IOCL TOTAL,subtotal,5506.27,Thousand Metric Tonnes (TMT),PPAC / Ministry of Petroleum and Natural Gas,8d3b6596-b09e-4077-aebf-425193185a5b.csv,979,2026-08-21T15:32:18.198485+00:00,1.0
2023-09-01,2023,2023-24,September,"CPCL-MANALI, TAMILNADU",individual,1007.97,Thousand Metric Tonnes (TMT),PPAC / Ministry of Petroleum and Natural Gas,8d3b6596-b09e-4077-aebf-425193185a5b.csv,980,2026-08-21T15:32:18.198485+00:00,1.0
2023-09-01,2023,2023-24,September,CPCL-TOTAL,subtotal,1007.97,Thousand Metric Tonnes (TMT),PPAC / Ministry of Petroleum and Natural Gas,8d3b6596-b09e-4077-aebf-425193185a5b.csv,981,2026-08-21T15:32:18.198485+00:00,1.0
2023-09-01,2023,2023-24,September,BORL-BINA,individual,680.2,Thousand Metric Tonnes (TMT),PPAC / Ministry of Petroleum and Natural Gas,8d3b6596-b09e-4077-aebf-425193185a5b.csv,982,2026-08-21T15:32:18.198485+00:00,1.0
2023-09-01,2023,2023-24,September,ONGC TOTAL,subtotal,769.08,Thousand Metric Tonnes (TMT),PPAC / Ministry of Petroleum and Natural Gas,8d3b6596-b09e-4077-aebf-425193185a5b.csv,983,2026-08-21T15:32:18.198485+00:00,1.0
2023-09-01,2023,2023-24,September,"RIL,JAMNAGAR,GUJARAT",individual,2807.15,Thousand Metric Tonnes (TMT),PPAC / Ministry of Petroleum and Natural Gas,8d3b6596-b09e-4077-aebf-425193185a5b.csv,984,2026-08-21T15:32:18.198485+00:00,1.0
2023-09-01,2023,2023-24,September,"NEL-VADINAR,GUJARAT",individual,1666.73,Thousand Metric Tonnes (TMT),PPAC / Ministry of Petroleum and Natural Gas,8d3b6596-b09e-4077-aebf-425193185a5b.csv,985,2026-08-21T15:32:18.198485+00:00,1.0
2023-10-01,2023,2023-24,October,"IOCL-HALDIA, WEST BENGAL",individual,674.35,Thousand Metric Tonnes (TMT),PPAC / Ministry of Petroleum and Natural Gas,8d3b6596-b09e-4077-aebf-425193185a5b.csv,986,2026-08-21T15:32:18.198485+00:00,1.0
2023-10-01,2023,2023-24,October,IOCL TOTAL,subtotal,5656.35,Thousand Metric Tonnes (TMT),PPAC / Ministry of Petroleum and Natural Gas,8d3b6596-b09e-4077-aebf-425193185a5b.csv,987,2026-08-21T15:32:18.198485+00:00,1.0
2023-11-01,2023,2023-24,November,"IOCL-MATHURA, UTTAR PRADESH",individual,864.52,Thousand Metric Tonnes (TMT),PPAC / Ministry of Petroleum and Natural Gas,8d3b6596-b09e-4077-aebf-425193185a5b.csv,988,2026-08-21T15:32:18.198485+00:00,1.0
2023-11-01,2023,2023-24,November,"BPCL-KOCHI, KERALA",individual,1506.98,Thousand Metric Tonnes (TMT),PPAC / Ministry of Petroleum and Natural Gas,8d3b6596-b09e-4077-aebf-425193185a5b.csv,989,2026-08-21T15:32:18.198485+00:00,1.0
2023-11-01,2023,2023-24,November,ONGC TOTAL,subtotal,1503.8,Thousand Metric Tonnes (TMT),PPAC / Ministry of Petroleum and Natural Gas,8d3b6596-b09e-4077-aebf-425193185a5b.csv,990,2026-08-21T15:32:18.198485+00:00,1.0
2023-12-01,2023,2023-24,December,"IOCL-GUWAHATI,ASSAM",individual,97.18,Thousand Metric Tonnes (TMT),PPAC / Ministry of Petroleum and Natural Gas,8d3b6596-b09e-4077-aebf-425193185a5b.csv,991,2026-08-21T15:32:18.198485+00:00,1.0
2023-12-01,2023,2023-24,December,BORL-BINA,individual,666.16,Thousand Metric Tonnes (TMT),PPAC / Ministry of Petroleum and Natural Gas,8d3b6596-b09e-4077-aebf-425193185a5b.csv,992,2026-08-21T15:32:18.198485+00:00,1.0
2023-12-01,2023,2023-24,December,"NRL-NUMALIGARH, ASSAM",individual,287.17,Thousand Metric Tonnes (TMT),PPAC / Ministry of Petroleum and Natural Gas,8d3b6596-b09e-4077-aebf-425193185a5b.csv,993,2026-08-21T15:32:18.198485+00:00,1.0
2023-12-01,2023,2023-24,December,RIL TOTAL,subtotal,5278.44,Thousand Metric Tonnes (TMT),PPAC / Ministry of Petroleum and Natural Gas,8d3b6596-b09e-4077-aebf-425193185a5b.csv,994,2026-08-21T15:32:18.198485+00:00,1.0
2024-01-01,2024,2023-24,January,"IOCL-BONGAIGAON,ASSAM",individual,251.93,Thousand Metric Tonnes (TMT),PPAC / Ministry of Petroleum and Natural Gas,8d3b6596-b09e-4077-aebf-425193185a5b.csv,995,2026-08-21T15:32:18.198485+00:00,1.0
2024-01-01,2024,2023-24,January,IOCL TOTAL,subtotal,6091.56,Thousand Metric Tonnes (TMT),PPAC / Ministry of Petroleum and Natural Gas,8d3b6596-b09e-4077-aebf-425193185a5b.csv,996,2026-08-21T15:32:18.198485+00:00,1.0
2024-01-01,2024,2023-24,January,"BPCL-KOCHI, KERALA",individual,1588.22,Thousand Metric Tonnes (TMT),PPAC / Ministry of Petroleum and Natural Gas,8d3b6596-b09e-4077-aebf-425193185a5b.csv,997,2026-08-21T15:32:18.198485+00:00,1.0
2024-01-01,2024,2023-24,January,ONGC TOTAL,subtotal,1533.49,Thousand Metric Tonnes (TMT),PPAC / Ministry of Petroleum and Natural Gas,8d3b6596-b09e-4077-aebf-425193185a5b.csv,998,2026-08-21T15:32:18.198485+00:00,1.0
2024-01-01,2024,2023-24,January,"HMEL-GGSR, BATHINDA, PUNJAB",individual,851.84,Thousand Metric Tonnes (TMT),PPAC / Ministry of Petroleum and Natural Gas,8d3b6596-b09e-4077-aebf-425193185a5b.csv,999,2026-08-21T15:32:18.198485+00:00,1.0
2024-01-01,2024,2023-24,January,RIL TOTAL,subtotal,5582.72,Thousand Metric Tonnes (TMT),PPAC / Ministry of Petroleum and Natural Gas,8d3b6596-b09e-4077-aebf-425193185a5b.csv,1000,2026-08-21T15:32:18.198485+00:00,1.0
2024-01-01,2024,2023-24,January,"NEL-VADINAR,GUJARAT",individual,1732.75,Thousand Metric Tonnes (TMT),PPAC / Ministry of Petroleum and Natural Gas,8d3b6596-b09e-4077-aebf-425193185a5b.csv,1001,2026-08-21T15:32:18.198485+00:00,1.0
2024-02-01,2024,2023-24,February,"IOCL-BARAUNI,BIHAR",individual,541.97,Thousand Metric Tonnes (TMT),PPAC / Ministry of Petroleum and Natural Gas,8d3b6596-b09e-4077-aebf-425193185a5b.csv,1002,2026-08-21T15:32:18.198485+00:00,1.0
2024-02-01,2024,2023-24,February,"IOCL-KOYALI, GUJARAT",individual,1249.94,Thousand Metric Tonnes (TMT),PPAC / Ministry of Petroleum and Natural Gas,8d3b6596-b09e-4077-aebf-425193185a5b.csv,1003,2026-08-21T15:32:18.198485+00:00,1.0
2024-02-01,2024,2023-24,February,"IOCL-DIGBOI,ASSAM",individual,64.69,Thousand Metric Tonnes (TMT),PPAC / Ministry of Petroleum and Natural Gas,8d3b6596-b09e-4077-aebf-425193185a5b.csv,1004,2026-08-21T15:32:18.198485+00:00,1.0
2024-02-01,2024,2023-24,February,CPCL-TOTAL,subtotal,1013.93,Thousand Metric Tonnes (TMT),PPAC / Ministry of Petroleum and Natural Gas,8d3b6596-b09e-4077-aebf-425193185a5b.csv,1005,2026-08-21T15:32:18.198485+00:00,1.0
2024-02-01,2024,2023-24,February,"RIL,JAMNAGAR,GUJARAT",individual,2695.09,Thousand Metric Tonnes (TMT),PPAC / Ministry of Petroleum and Natural Gas,8d3b6596-b09e-4077-aebf-425193185a5b.csv,1006,2026-08-21T15:32:18.198485+00:00,1.0
2024-02-01,2024,2023-24,February,"RIL-(SEZ), JAMNAGAR,GUJARAT",individual,2192.13,Thousand Metric Tonnes (TMT),PPAC / Ministry of Petroleum and Natural Gas,8d3b6596-b09e-4077-aebf-425193185a5b.csv,1007,2026-08-21T15:32:18.198485+00:00,1.0
2024-03-01,2024,2023-24,March,"IOCL-BARAUNI,BIHAR",individual,605.82,Thousand Metric Tonnes (TMT),PPAC / Ministry of Petroleum and Natural Gas,8d3b6596-b09e-4077-aebf-425193185a5b.csv,1008,2026-08-21T15:32:18.198485+00:00,1.0
2024-03-01,2024,2023-24,March,"IOCL-KOYALI, GUJARAT",individual,1370.42,Thousand Metric Tonnes (TMT),PPAC / Ministry of Petroleum and Natural Gas,8d3b6596-b09e-4077-aebf-425193185a5b.csv,1009,2026-08-21T15:32:18.198485+00:00,1.0
2024-03-01,2024,2023-24,March,BPCL-TOTAL,subtotal,3650.05,Thousand Metric Tonnes (TMT),PPAC / Ministry of Petroleum and Natural Gas,8d3b6596-b09e-4077-aebf-425193185a5b.csv,1010,2026-08-21T15:32:18.198485+00:00,1.0
2024-03-01,2024,2023-24,March,HPCL-TOTAL,subtotal,2970.55,Thousand Metric Tonnes (TMT),PPAC / Ministry of Petroleum and Natural Gas,8d3b6596-b09e-4077-aebf-425193185a5b.csv,1011,2026-08-21T15:32:18.198485+00:00,1.0
2022-04-01,2022,2022-23,April,"IOCL-PANIPAT, HARYANA",individual,1172.27,Thousand Metric Tonnes (TMT),PPAC / Ministry of Petroleum and Natural Gas,8d3b6596-b09e-4077-aebf-425193185a5b.csv,1012,2026-08-21T15:32:18.198485+00:00,1.0
2022-04-01,2022,2022-23,April,BORL-BINA,individual,684.49,Thousand Metric Tonnes (TMT),PPAC / Ministry of Petroleum and Natural Gas,8d3b6596-b09e-4077-aebf-425193185a5b.csv,1013,2026-08-21T15:32:18.198485+00:00,1.0
2022-04-01,2022,2022-23,April,HPCL-TOTAL,subtotal,2569.16,Thousand Metric Tonnes (TMT),PPAC / Ministry of Petroleum and Natural Gas,8d3b6596-b09e-4077-aebf-425193185a5b.csv,1014,2026-08-21T15:32:18.198485+00:00,1.0
2022-04-01,2022,2022-23,April,"RIL-(SEZ), JAMNAGAR,GUJARAT",individual,2116.64,Thousand Metric Tonnes (TMT),PPAC / Ministry of Petroleum and Natural Gas,8d3b6596-b09e-4077-aebf-425193185a5b.csv,1015,2026-08-21T15:32:18.198485+00:00,1.0
2022-05-01,2022,2022-23,May,"IOCL-BARAUNI,BIHAR",individual,584.47,Thousand Metric Tonnes (TMT),PPAC / Ministry of Petroleum and Natural Gas,8d3b6596-b09e-4077-aebf-425193185a5b.csv,1016,2026-08-21T15:32:18.198485+00:00,1.0
2022-06-01,2022,2022-23,June,"BPCL-KOCHI, KERALA",individual,1363.85,Thousand Metric Tonnes (TMT),PPAC / Ministry of Petroleum and Natural Gas,8d3b6596-b09e-4077-aebf-425193185a5b.csv,1017,2026-08-21T15:32:18.198485+00:00,1.0
2022-06-01,2022,2022-23,June,"ONGC-TATIPAKA,ANDHRA PRADESH",individual,6.72,Thousand Metric Tonnes (TMT),PPAC / Ministry of Petroleum and Natural Gas,8d3b6596-b09e-4077-aebf-425193185a5b.csv,1018,2026-08-21T15:32:18.198485+00:00,1.0
2022-06-01,2022,2022-23,June,ONGC TOTAL,subtotal,1435.69,Thousand Metric Tonnes (TMT),PPAC / Ministry of Petroleum and Natural Gas,8d3b6596-b09e-4077-aebf-425193185a5b.csv,1019,2026-08-21T15:32:18.198485+00:00,1.0
2022-06-01,2022,2022-23,June,"NEL-VADINAR,GUJARAT",individual,1679.61,Thousand Metric Tonnes (TMT),PPAC / Ministry of Petroleum and Natural Gas,8d3b6596-b09e-4077-aebf-425193185a5b.csv,1020,2026-08-21T15:32:18.198485+00:00,1.0
2022-07-01,2022,2022-23,July,"IOCL-HALDIA, WEST BENGAL",individual,722.08,Thousand Metric Tonnes (TMT),PPAC / Ministry of Petroleum and Natural Gas,8d3b6596-b09e-4077-aebf-425193185a5b.csv,1021,2026-08-21T15:32:18.198485+00:00,1.0
2022-07-01,2022,2022-23,July,"IOCL-GUWAHATI,ASSAM",individual,93.18,Thousand Metric Tonnes (TMT),PPAC / Ministry of Petroleum and Natural Gas,8d3b6596-b09e-4077-aebf-425193185a5b.csv,1022,2026-08-21T15:32:18.198485+00:00,1.0
2022-07-01,2022,2022-23,July,"IOCL-PARADIP,ODISHA",individual,1346.24,Thousand Metric Tonnes (TMT),PPAC / Ministry of Petroleum and Natural Gas,8d3b6596-b09e-4077-aebf-425193185a5b.csv,1023,2026-08-21T15:32:18.198485+00:00,1.0
2022-07-01,2022,2022-23,July,CPCL-TOTAL,subtotal,975.07,Thousand Metric Tonnes (TMT),PPAC / Ministry of Petroleum and Natural Gas,8d3b6596-b09e-4077-aebf-425193185a5b.csv,1024,2026-08-21T15:32:18.198485+00:00,1.0
2022-07-01,2022,2022-23,July,"BPCL-MUMBAI, MAHARASHTRA",individual,689.36,Thousand Metric Tonnes (TMT),PPAC / Ministry of Petroleum and Natural Gas,8d3b6596-b09e-4077-aebf-425193185a5b.csv,1025,2026-08-21T15:32:18.198485+00:00,1.0
2022-07-01,2022,2022-23,July,"BPCL-KOCHI, KERALA",individual,1423.65,Thousand Metric Tonnes (TMT),PPAC / Ministry of Petroleum and Natural Gas,8d3b6596-b09e-4077-aebf-425193185a5b.csv,1026,2026-08-21T15:32:18.198485+00:00,1.0
2022-08-01,2022,2022-23,August,"IOCL-KOYALI, GUJARAT",individual,1277.89,Thousand Metric Tonnes (TMT),PPAC / Ministry of Petroleum and Natural Gas,8d3b6596-b09e-4077-aebf-425193185a5b.csv,1027,2026-08-21T15:32:18.198485+00:00,1.0
2022-08-01,2022,2022-23,August,"IOCL-GUWAHATI,ASSAM",individual,91.19,Thousand Metric Tonnes (TMT),PPAC / Ministry of Petroleum and Natural Gas,8d3b6596-b09e-4077-aebf-425193185a5b.csv,1028,2026-08-21T15:32:18.198485+00:00,1.0
2022-08-01,2022,2022-23,August,IOCL TOTAL,subtotal,4836.86,Thousand Metric Tonnes (TMT),PPAC / Ministry of Petroleum and Natural Gas,8d3b6596-b09e-4077-aebf-425193185a5b.csv,1029,2026-08-21T15:32:18.198485+00:00,1.0
2022-08-01,2022,2022-23,August,BPCL-TOTAL,subtotal,3036.17,Thousand Metric Tonnes (TMT),PPAC / Ministry of Petroleum and Natural Gas,8d3b6596-b09e-4077-aebf-425193185a5b.csv,1030,2026-08-21T15:32:18.198485+00:00,1.0
2022-08-01,2022,2022-23,August,ONGC TOTAL,subtotal,1186.14,Thousand Metric Tonnes (TMT),PPAC / Ministry of Petroleum and Natural Gas,8d3b6596-b09e-4077-aebf-425193185a5b.csv,1031,2026-08-21T15:32:18.198485+00:00,1.0
2022-08-01,2022,2022-23,August,"HPCL-MUMBAI,MAHARASHTRA",individual,766.9,Thousand Metric Tonnes (TMT),PPAC / Ministry of Petroleum and Natural Gas,8d3b6596-b09e-4077-aebf-425193185a5b.csv,1032,2026-08-21T15:32:18.198485+00:00,1.0
2022-08-01,2022,2022-23,August,"RIL-(SEZ), JAMNAGAR,GUJARAT",individual,2146.64,Thousand Metric Tonnes (TMT),PPAC / Ministry of Petroleum and Natural Gas,8d3b6596-b09e-4077-aebf-425193185a5b.csv,1033,2026-08-21T15:32:18.198485+00:00,1.0
2022-09-01,2022,2022-23,September,"IOCL-HALDIA, WEST BENGAL",individual,701.74,Thousand Metric Tonnes (TMT),PPAC / Ministry of Petroleum and Natural Gas,8d3b6596-b09e-4077-aebf-425193185a5b.csv,1034,2026-08-21T15:32:18.198485+00:00,1.0
2022-09-01,2022,2022-23,September,"IOCL-DIGBOI,ASSAM",individual,44.35,Thousand Metric Tonnes (TMT),PPAC / Ministry of Petroleum and Natural Gas,8d3b6596-b09e-4077-aebf-425193185a5b.csv,1035,2026-08-21T15:32:18.198485+00:00,1.0
2022-09-01,2022,2022-23,September,"IOCL-PARADIP,ODISHA",individual,274.67,Thousand Metric Tonnes (TMT),PPAC / Ministry of Petroleum and Natural Gas,8d3b6596-b09e-4077-aebf-425193185a5b.csv,1036,2026-08-21T15:32:18.198485+00:00,1.0
2022-09-01,2022,2022-23,September,IOCL TOTAL,subtotal,5088.28,Thousand Metric Tonnes (TMT),PPAC / Ministry of Petroleum and Natural Gas,8d3b6596-b09e-4077-aebf-425193185a5b.csv,1037,2026-08-21T15:32:18.198485+00:00,1.0
2022-09-01,2022,2022-23,September,CPCL-TOTAL,subtotal,961.61,Thousand Metric Tonnes (TMT),PPAC / Ministry of Petroleum and Natural Gas,8d3b6596-b09e-4077-aebf-425193185a5b.csv,1038,2026-08-21T15:32:18.198485+00:00,1.0
2022-09-01,2022,2022-23,September,"BPCL-KOCHI, KERALA",individual,1155.88,Thousand Metric Tonnes (TMT),PPAC / Ministry of Petroleum and Natural Gas,8d3b6596-b09e-4077-aebf-425193185a5b.csv,1039,2026-08-21T15:32:18.198485+00:00,1.0
2022-09-01,2022,2022-23,September,"NRL-NUMALIGARH, ASSAM",individual,247.85,Thousand Metric Tonnes (TMT),PPAC / Ministry of Petroleum and Natural Gas,8d3b6596-b09e-4077-aebf-425193185a5b.csv,1040,2026-08-21T15:32:18.198485+00:00,1.0
2022-09-01,2022,2022-23,September,"ONGC-TATIPAKA,ANDHRA PRADESH",individual,6.82,Thousand Metric Tonnes (TMT),PPAC / Ministry of Petroleum and Natural Gas,8d3b6596-b09e-4077-aebf-425193185a5b.csv,1041,2026-08-21T15:32:18.198485+00:00,1.0
2022-09-01,2022,2022-23,September,RIL TOTAL,subtotal,4622.84,Thousand Metric Tonnes (TMT),PPAC / Ministry of Petroleum and Natural Gas,8d3b6596-b09e-4077-aebf-425193185a5b.csv,1042,2026-08-21T15:32:18.198485+00:00,1.0
2022-10-01,2022,2022-23,October,"IOCL-HALDIA, WEST BENGAL",individual,724.58,Thousand Metric Tonnes (TMT),PPAC / Ministry of Petroleum and Natural Gas,8d3b6596-b09e-4077-aebf-425193185a5b.csv,1043,2026-08-21T15:32:18.198485+00:00,1.0
2022-10-01,2022,2022-23,October,"BPCL-MUMBAI, MAHARASHTRA",individual,1306.88,Thousand Metric Tonnes (TMT),PPAC / Ministry of Petroleum and Natural Gas,8d3b6596-b09e-4077-aebf-425193185a5b.csv,1044,2026-08-21T15:32:18.198485+00:00,1.0
2022-10-01,2022,2022-23,October,"HPCL-MUMBAI,MAHARASHTRA",individual,761.39,Thousand Metric Tonnes (TMT),PPAC / Ministry of Petroleum and Natural Gas,8d3b6596-b09e-4077-aebf-425193185a5b.csv,1045,2026-08-21T15:32:18.198485+00:00,1.0
2022-10-01,2022,2022-23,October,HPCL-TOTAL,subtotal,2663.38,Thousand Metric Tonnes (TMT),PPAC / Ministry of Petroleum and Natural Gas,8d3b6596-b09e-4077-aebf-425193185a5b.csv,1046,2026-08-21T15:32:18.198485+00:00,1.0
2022-10-01,2022,2022-23,October,"NEL-VADINAR,GUJARAT",individual,1716.96,Thousand Metric Tonnes (TMT),PPAC / Ministry of Petroleum and Natural Gas,8d3b6596-b09e-4077-aebf-425193185a5b.csv,1047,2026-08-21T15:32:18.198485+00:00,1.0
2022-10-01,2022,2022-23,October,GRAND TOTAL,grand_total,20413.63,Thousand Metric Tonnes (TMT),PPAC / Ministry of Petroleum and Natural Gas,8d3b6596-b09e-4077-aebf-425193185a5b.csv,1048,2026-08-21T15:32:18.198485+00:00,1.0
2022-11-01,2022,2022-23,November,"IOCL-KOYALI, GUJARAT",individual,1254.26,Thousand Metric Tonnes (TMT),PPAC / Ministry of Petroleum and Natural Gas,8d3b6596-b09e-4077-aebf-425193185a5b.csv,1049,2026-08-21T15:32:18.198485+00:00,1.0
2022-11-01,2022,2022-23,November,"IOCL-MATHURA, UTTAR PRADESH",individual,836.84,Thousand Metric Tonnes (TMT),PPAC / Ministry of Petroleum and Natural Gas,8d3b6596-b09e-4077-aebf-425193185a5b.csv,1050,2026-08-21T15:32:18.198485+00:00,1.0
2022-11-01,2022,2022-23,November,"IOCL-PANIPAT, HARYANA",individual,699.93,Thousand Metric Tonnes (TMT),PPAC / Ministry of Petroleum and Natural Gas,8d3b6596-b09e-4077-aebf-425193185a5b.csv,1051,2026-08-21T15:32:18.198485+00:00,1.0
2022-11-01,2022,2022-23,November,IOCL TOTAL,subtotal,5796.21,Thousand Metric Tonnes (TMT),PPAC / Ministry of Petroleum and Natural Gas,8d3b6596-b09e-4077-aebf-425193185a5b.csv,1052,2026-08-21T15:32:18.198485+00:00,1.0
2022-11-01,2022,2022-23,November,BPCL-TOTAL,subtotal,3289.21,Thousand Metric Tonnes (TMT),PPAC / Ministry of Petroleum and Natural Gas,8d3b6596-b09e-4077-aebf-425193185a5b.csv,1053,2026-08-21T15:32:18.198485+00:00,1.0
2022-11-01,2022,2022-23,November,"NRL-NUMALIGARH, ASSAM",individual,247.0,Thousand Metric Tonnes (TMT),PPAC / Ministry of Petroleum and Natural Gas,8d3b6596-b09e-4077-aebf-425193185a5b.csv,1054,2026-08-21T15:32:18.198485+00:00,1.0
2022-11-01,2022,2022-23,November,"MRPL-MANGALORE,KARNATAKA",individual,1461.6,Thousand Metric Tonnes (TMT),PPAC / Ministry of Petroleum and Natural Gas,8d3b6596-b09e-4077-aebf-425193185a5b.csv,1055,2026-08-21T15:32:18.198485+00:00,1.0
2022-11-01,2022,2022-23,November,"HPCL-MUMBAI,MAHARASHTRA",individual,820.12,Thousand Metric Tonnes (TMT),PPAC / Ministry of Petroleum and Natural Gas,8d3b6596-b09e-4077-aebf-425193185a5b.csv,1056,2026-08-21T15:32:18.198485+00:00,1.0
2022-11-01,2022,2022-23,November,"RIL,JAMNAGAR,GUJARAT",individual,2555.92,Thousand Metric Tonnes (TMT),PPAC / Ministry of Petroleum and Natural Gas,8d3b6596-b09e-4077-aebf-425193185a5b.csv,1057,2026-08-21T15:32:18.198485+00:00,1.0
2022-12-01,2022,2022-23,December,"BPCL-MUMBAI, MAHARASHTRA",individual,1344.11,Thousand Metric Tonnes (TMT),PPAC / Ministry of Petroleum and Natural Gas,8d3b6596-b09e-4077-aebf-425193185a5b.csv,1058,2026-08-21T15:32:18.198485+00:00,1.0
2022-12-01,2022,2022-23,December,BORL-BINA,individual,712.61,Thousand Metric Tonnes (TMT),PPAC / Ministry of Petroleum and Natural Gas,8d3b6596-b09e-4077-aebf-425193185a5b.csv,1059,2026-08-21T15:32:18.198485+00:00,1.0
2022-12-01,2022,2022-23,December,"MRPL-MANGALORE,KARNATAKA",individual,1504.05,Thousand Metric Tonnes (TMT),PPAC / Ministry of Petroleum and Natural Gas,8d3b6596-b09e-4077-aebf-425193185a5b.csv,1060,2026-08-21T15:32:18.198485+00:00,1.0
2022-12-01,2022,2022-23,December,ONGC TOTAL,subtotal,1510.51,Thousand Metric Tonnes (TMT),PPAC / Ministry of Petroleum and Natural Gas,8d3b6596-b09e-4077-aebf-425193185a5b.csv,1061,2026-08-21T15:32:18.198485+00:00,1.0
2022-12-01,2022,2022-23,December,HPCL-TOTAL,subtotal,2785.38,Thousand Metric Tonnes (TMT),PPAC / Ministry of Petroleum and Natural Gas,8d3b6596-b09e-4077-aebf-425193185a5b.csv,1062,2026-08-21T15:32:18.198485+00:00,1.0
2023-01-01,2023,2022-23,January,"IOCL-DIGBOI,ASSAM",individual,62.73,Thousand Metric Tonnes (TMT),PPAC / Ministry of Petroleum and Natural Gas,8d3b6596-b09e-4077-aebf-425193185a5b.csv,1063,2026-08-21T15:32:18.198485+00:00,1.0
2023-01-01,2023,2022-23,January,HPCL-TOTAL,subtotal,2777.96,Thousand Metric Tonnes (TMT),PPAC / Ministry of Petroleum and Natural Gas,8d3b6596-b09e-4077-aebf-425193185a5b.csv,1064,2026-08-21T15:32:18.198485+00:00,1.0
2023-02-01,2023,2022-23,February,"IOCL-KOYALI, GUJARAT",individual,1212.84,Thousand Metric Tonnes (TMT),PPAC / Ministry of Petroleum and Natural Gas,8d3b6596-b09e-4077-aebf-425193185a5b.csv,1065,2026-08-21T15:32:18.198485+00:00,1.0
2023-02-01,2023,2022-23,February,"IOCL-PANIPAT, HARYANA",individual,1208.35,Thousand Metric Tonnes (TMT),PPAC / Ministry of Petroleum and Natural Gas,8d3b6596-b09e-4077-aebf-425193185a5b.csv,1066,2026-08-21T15:32:18.198485+00:00,1.0
2023-02-01,2023,2022-23,February,"IOCL-DIGBOI,ASSAM",individual,57.15,Thousand Metric Tonnes (TMT),PPAC / Ministry of Petroleum and Natural Gas,8d3b6596-b09e-4077-aebf-425193185a5b.csv,1067,2026-08-21T15:32:18.198485+00:00,1.0
2023-02-01,2023,2022-23,February,"IOCL-PARADIP,ODISHA",individual,1191.96,Thousand Metric Tonnes (TMT),PPAC / Ministry of Petroleum and Natural Gas,8d3b6596-b09e-4077-aebf-425193185a5b.csv,1068,2026-08-21T15:32:18.198485+00:00,1.0
2023-02-01,2023,2022-23,February,"NRL-NUMALIGARH, ASSAM",individual,244.06,Thousand Metric Tonnes (TMT),PPAC / Ministry of Petroleum and Natural Gas,8d3b6596-b09e-4077-aebf-425193185a5b.csv,1069,2026-08-21T15:32:18.198485+00:00,1.0
2023-02-01,2023,2022-23,February,"MRPL-MANGALORE,KARNATAKA",individual,1392.99,Thousand Metric Tonnes (TMT),PPAC / Ministry of Petroleum and Natural Gas,8d3b6596-b09e-4077-aebf-425193185a5b.csv,1070,2026-08-21T15:32:18.198485+00:00,1.0
2023-02-01,2023,2022-23,February,"HPCL-MUMBAI,MAHARASHTRA",individual,803.65,Thousand Metric Tonnes (TMT),PPAC / Ministry of Petroleum and Natural Gas,8d3b6596-b09e-4077-aebf-425193185a5b.csv,1071,2026-08-21T15:32:18.198485+00:00,1.0
2023-02-01,2023,2022-23,February,"HMEL-GGSR, BATHINDA, PUNJAB",individual,1008.02,Thousand Metric Tonnes (TMT),PPAC / Ministry of Petroleum and Natural Gas,8d3b6596-b09e-4077-aebf-425193185a5b.csv,1072,2026-08-21T15:32:18.198485+00:00,1.0
2023-03-01,2023,2022-23,March,"IOCL-KOYALI, GUJARAT",individual,1346.06,Thousand Metric Tonnes (TMT),PPAC / Ministry of Petroleum and Natural Gas,8d3b6596-b09e-4077-aebf-425193185a5b.csv,1073,2026-08-21T15:32:18.198485+00:00,1.0
2023-03-01,2023,2022-23,March,"IOCL-HALDIA, WEST BENGAL",individual,742.52,Thousand Metric Tonnes (TMT),PPAC / Ministry of Petroleum and Natural Gas,8d3b6596-b09e-4077-aebf-425193185a5b.csv,1074,2026-08-21T15:32:18.198485+00:00,1.0
2023-03-01,2023,2022-23,March,"IOCL-MATHURA, UTTAR PRADESH",individual,897.88,Thousand Metric Tonnes (TMT),PPAC / Ministry of Petroleum and Natural Gas,8d3b6596-b09e-4077-aebf-425193185a5b.csv,1075,2026-08-21T15:32:18.198485+00:00,1.0
2023-03-01,2023,2022-23,March,"IOCL-GUWAHATI,ASSAM",individual,96.81,Thousand Metric Tonnes (TMT),PPAC / Ministry of Petroleum and Natural Gas,8d3b6596-b09e-4077-aebf-425193185a5b.csv,1076,2026-08-21T15:32:18.198485+00:00,1.0
2023-03-01,2023,2022-23,March,"IOCL-PARADIP,ODISHA",individual,1418.04,Thousand Metric Tonnes (TMT),PPAC / Ministry of Petroleum and Natural Gas,8d3b6596-b09e-4077-aebf-425193185a5b.csv,1077,2026-08-21T15:32:18.198485+00:00,1.0
2023-03-01,2023,2022-23,March,"CPCL-MANALI, TAMILNADU",individual,1033.64,Thousand Metric Tonnes (TMT),PPAC / Ministry of Petroleum and Natural Gas,8d3b6596-b09e-4077-aebf-425193185a5b.csv,1078,2026-08-21T15:32:18.198485+00:00,1.0
2023-03-01,2023,2022-23,March,"ONGC-TATIPAKA,ANDHRA PRADESH",individual,4.94,Thousand Metric Tonnes (TMT),PPAC / Ministry of Petroleum and Natural Gas,8d3b6596-b09e-4077-aebf-425193185a5b.csv,1079,2026-08-21T15:32:18.198485+00:00,1.0
2023-03-01,2023,2022-23,March,"MRPL-MANGALORE,KARNATAKA",individual,1502.25,Thousand Metric Tonnes (TMT),PPAC / Ministry of Petroleum and Natural Gas,8d3b6596-b09e-4077-aebf-425193185a5b.csv,1080,2026-08-21T15:32:18.198485+00:00,1.0
2023-03-01,2023,2022-23,March,ONGC TOTAL,subtotal,1507.19,Thousand Metric Tonnes (TMT),PPAC / Ministry of Petroleum and Natural Gas,8d3b6596-b09e-4077-aebf-425193185a5b.csv,1081,2026-08-21T15:32:18.198485+00:00,1.0
2023-03-01,2023,2022-23,March,"HPCL-VISAKH,ANDHRA PRADESH",individual,874.03,Thousand Metric Tonnes (TMT),PPAC / Ministry of Petroleum and Natural Gas,8d3b6596-b09e-4077-aebf-425193185a5b.csv,1082,2026-08-21T15:32:18.198485+00:00,1.0
2023-03-01,2023,2022-23,March,"RIL,JAMNAGAR,GUJARAT",individual,2822.16,Thousand Metric Tonnes (TMT),PPAC / Ministry of Petroleum and Natural Gas,8d3b6596-b09e-4077-aebf-425193185a5b.csv,1083,2026-08-21T15:32:18.198485+00:00,1.0
2023-03-01,2023,2022-23,March,"RIL-(SEZ), JAMNAGAR,GUJARAT",individual,2537.59,Thousand Metric Tonnes (TMT),PPAC / Ministry of Petroleum and Natural Gas,8d3b6596-b09e-4077-aebf-425193185a5b.csv,1084,2026-08-21T15:32:18.198485+00:00,1.0
2021-04-01,2021,2021-22,April,"IOCL-DIGBOI,ASSAM",individual,56.0,Thousand Metric Tonnes (TMT),PPAC / Ministry of Petroleum and Natural Gas,8d3b6596-b09e-4077-aebf-425193185a5b.csv,1085,2026-08-21T15:32:18.198485+00:00,1.0
2021-04-01,2021,2021-22,April,CPCL-TOTAL,subtotal,760.0,Thousand Metric Tonnes (TMT),PPAC / Ministry of Petroleum and Natural Gas,8d3b6596-b09e-4077-aebf-425193185a5b.csv,1086,2026-08-21T15:32:18.198485+00:00,1.0
2021-04-01,2021,2021-22,April,"BPCL-MUMBAI, MAHARASHTRA",individual,1225.0,Thousand Metric Tonnes (TMT),PPAC / Ministry of Petroleum and Natural Gas,8d3b6596-b09e-4077-aebf-425193185a5b.csv,1087,2026-08-21T15:32:18.198485+00:00,1.0
2021-04-01,2021,2021-22,April,"HPCL-MUMBAI,MAHARASHTRA",individual,41.0,Thousand Metric Tonnes (TMT),PPAC / Ministry of Petroleum and Natural Gas,8d3b6596-b09e-4077-aebf-425193185a5b.csv,1088,2026-08-21T15:32:18.198485+00:00,1.0
2021-04-01,2021,2021-22,April,"HPCL-VISAKH,ANDHRA PRADESH",individual,826.0,Thousand Metric Tonnes (TMT),PPAC / Ministry of Petroleum and Natural Gas,8d3b6596-b09e-4077-aebf-425193185a5b.csv,1089,2026-08-21T15:32:18.198485+00:00,1.0
2021-05-01,2021,2021-22,May,"IOCL-BARAUNI,BIHAR",individual,533.0,Thousand Metric Tonnes (TMT),PPAC / Ministry of Petroleum and Natural Gas,8d3b6596-b09e-4077-aebf-425193185a5b.csv,1090,2026-08-21T15:32:18.198485+00:00,1.0
2021-05-01,2021,2021-22,May,"IOCL-GUWAHATI,ASSAM",individual,,Thousand Metric Tonnes (TMT),PPAC / Ministry of Petroleum and Natural Gas,8d3b6596-b09e-4077-aebf-425193185a5b.csv,1091,2026-08-21T15:32:18.198485+00:00,1.0
2021-05-01,2021,2021-22,May,"BPCL-MUMBAI, MAHARASHTRA",individual,1172.0,Thousand Metric Tonnes (TMT),PPAC / Ministry of Petroleum and Natural Gas,8d3b6596-b09e-4077-aebf-425193185a5b.csv,1092,2026-08-21T15:32:18.198485+00:00,1.0
2021-05-01,2021,2021-22,May,BORL-BINA,individual,519.0,Thousand Metric Tonnes (TMT),PPAC / Ministry of Petroleum and Natural Gas,8d3b6596-b09e-4077-aebf-425193185a5b.csv,1093,2026-08-21T15:32:18.198485+00:00,1.0
2021-05-01,2021,2021-22,May,BPCL-TOTAL,subtotal,2601.0,Thousand Metric Tonnes (TMT),PPAC / Ministry of Petroleum and Natural Gas,8d3b6596-b09e-4077-aebf-425193185a5b.csv,1094,2026-08-21T15:32:18.198485+00:00,1.0
2021-06-01,2021,2021-22,June,"IOCL-MATHURA, UTTAR PRADESH",individual,698.0,Thousand Metric Tonnes (TMT),PPAC / Ministry of Petroleum and Natural Gas,8d3b6596-b09e-4077-aebf-425193185a5b.csv,1095,2026-08-21T15:32:18.198485+00:00,1.0
2021-06-01,2021,2021-22,June,"IOCL-PANIPAT, HARYANA",individual,1213.0,Thousand Metric Tonnes (TMT),PPAC / Ministry of Petroleum and Natural Gas,8d3b6596-b09e-4077-aebf-425193185a5b.csv,1096,2026-08-21T15:32:18.198485+00:00,1.0
2021-06-01,2021,2021-22,June,"IOCL-DIGBOI,ASSAM",individual,59.0,Thousand Metric Tonnes (TMT),PPAC / Ministry of Petroleum and Natural Gas,8d3b6596-b09e-4077-aebf-425193185a5b.csv,1097,2026-08-21T15:32:18.198485+00:00,1.0
2021-06-01,2021,2021-22,June,"IOCL-BONGAIGAON,ASSAM",individual,233.0,Thousand Metric Tonnes (TMT),PPAC / Ministry of Petroleum and Natural Gas,8d3b6596-b09e-4077-aebf-425193185a5b.csv,1098,2026-08-21T15:32:18.198485+00:00,1.0
2021-06-01,2021,2021-22,June,CPCL-TOTAL,subtotal,646.0,Thousand Metric Tonnes (TMT),PPAC / Ministry of Petroleum and Natural Gas,8d3b6596-b09e-4077-aebf-425193185a5b.csv,1099,2026-08-21T15:32:18.198485+00:00,1.0
2021-06-01,2021,2021-22,June,ONGC TOTAL,subtotal,1015.0,Thousand Metric Tonnes (TMT),PPAC / Ministry of Petroleum and Natural Gas,8d3b6596-b09e-4077-aebf-425193185a5b.csv,1100,2026-08-21T15:32:18.198485+00:00,1.0
2021-06-01,2021,2021-22,June,GRAND TOTAL,grand_total,18400.0,Thousand Metric Tonnes (TMT),PPAC / Ministry of Petroleum and Natural Gas,8d3b6596-b09e-4077-aebf-425193185a5b.csv,1101,2026-08-21T15:32:18.198485+00:00,1.0
2021-07-01,2021,2021-22,July,"IOCL-BARAUNI,BIHAR",individual,569.0,Thousand Metric Tonnes (TMT),PPAC / Ministry of Petroleum and Natural Gas,8d3b6596-b09e-4077-aebf-425193185a5b.csv,1102,2026-08-21T15:32:18.198485+00:00,1.0
2021-07-01,2021,2021-22,July,"IOCL-PANIPAT, HARYANA",individual,1343.0,Thousand Metric Tonnes (TMT),PPAC / Ministry of Petroleum and Natural Gas,8d3b6596-b09e-4077-aebf-425193185a5b.csv,1103,2026-08-21T15:32:18.198485+00:00,1.0
2021-07-01,2021,2021-22,July,"MRPL-MANGALORE,KARNATAKA",individual,1105.0,Thousand Metric Tonnes (TMT),PPAC / Ministry of Petroleum and Natural Gas,8d3b6596-b09e-4077-aebf-425193185a5b.csv,1104,2026-08-21T15:32:18.198485+00:00,1.0
2021-07-01,2021,2021-22,July,ONGC TOTAL,subtotal,1108.0,Thousand Metric Tonnes (TMT),PPAC / Ministry of Petroleum and Natural Gas,8d3b6596-b09e-4077-aebf-425193185a5b.csv,1105,2026-08-21T15:32:18.198485+00:00,1.0
2021-07-01,2021,2021-22,July,RIL TOTAL,subtotal,5027.0,Thousand Metric Tonnes (TMT),PPAC / Ministry of Petroleum and Natural Gas,8d3b6596-b09e-4077-aebf-425193185a5b.csv,1106,2026-08-21T15:32:18.198485+00:00,1.0
2021-07-01,2021,2021-22,July,GRAND TOTAL,grand_total,19384.0,Thousand Metric Tonnes (TMT),PPAC / Ministry of Petroleum and Natural Gas,8d3b6596-b09e-4077-aebf-425193185a5b.csv,1107,2026-08-21T15:32:18.198485+00:00,1.0
2021-08-01,2021,2021-22,August,"IOCL-KOYALI, GUJARAT",individual,1090.0,Thousand Metric Tonnes (TMT),PPAC / Ministry of Petroleum and Natural Gas,8d3b6596-b09e-4077-aebf-425193185a5b.csv,1108,2026-08-21T15:32:18.198485+00:00,1.0
2021-08-01,2021,2021-22,August,"IOCL-PANIPAT, HARYANA",individual,1150.0,Thousand Metric Tonnes (TMT),PPAC / Ministry of Petroleum and Natural Gas,8d3b6596-b09e-4077-aebf-425193185a5b.csv,1109,2026-08-21T15:32:18.198485+00:00,1.0
2021-08-01,2021,2021-22,August,"CPCL-MANALI, TAMILNADU",individual,629.0,Thousand Metric Tonnes (TMT),PPAC / Ministry of Petroleum and Natural Gas,8d3b6596-b09e-4077-aebf-425193185a5b.csv,1110,2026-08-21T15:32:18.198485+00:00,1.0
2021-08-01,2021,2021-22,August,"BPCL-MUMBAI, MAHARASHTRA",individual,1286.0,Thousand Metric Tonnes (TMT),PPAC / Ministry of Petroleum and Natural Gas,8d3b6596-b09e-4077-aebf-425193185a5b.csv,1111,2026-08-21T15:32:18.198485+00:00,1.0
2021-08-01,2021,2021-22,August,BPCL-TOTAL,subtotal,2971.0,Thousand Metric Tonnes (TMT),PPAC / Ministry of Petroleum and Natural Gas,8d3b6596-b09e-4077-aebf-425193185a5b.csv,1112,2026-08-21T15:32:18.198485+00:00,1.0
2021-09-01,2021,2021-22,September,"IOCL-KOYALI, GUJARAT",individual,1005.0,Thousand Metric Tonnes (TMT),PPAC / Ministry of Petroleum and Natural Gas,8d3b6596-b09e-4077-aebf-425193185a5b.csv,1113,2026-08-21T15:32:18.198485+00:00,1.0
2021-09-01,2021,2021-22,September,"CPCL-MANALI, TAMILNADU",individual,497.0,Thousand Metric Tonnes (TMT),PPAC / Ministry of Petroleum and Natural Gas,8d3b6596-b09e-4077-aebf-425193185a5b.csv,1114,2026-08-21T15:32:18.198485+00:00,1.0
2021-09-01,2021,2021-22,September,"HPCL-VISAKH,ANDHRA PRADESH",individual,546.0,Thousand Metric Tonnes (TMT),PPAC / Ministry of Petroleum and Natural Gas,8d3b6596-b09e-4077-aebf-425193185a5b.csv,1115,2026-08-21T15:32:18.198485+00:00,1.0
2021-09-01,2021,2021-22,September,GRAND TOTAL,grand_total,18214.0,Thousand Metric Tonnes (TMT),PPAC / Ministry of Petroleum and Natural Gas,8d3b6596-b09e-4077-aebf-425193185a5b.csv,1116,2026-08-21T15:32:18.198485+00:00,1.0
2021-10-01,2021,2021-22,October,"IOCL-BARAUNI,BIHAR",individual,427.0,Thousand Metric Tonnes (TMT),PPAC / Ministry of Petroleum and Natural Gas,8d3b6596-b09e-4077-aebf-425193185a5b.csv,1117,2026-08-21T15:32:18.198485+00:00,1.0
2021-10-01,2021,2021-22,October,"IOCL-MATHURA, UTTAR PRADESH",individual,854.0,Thousand Metric Tonnes (TMT),PPAC / Ministry of Petroleum and Natural Gas,8d3b6596-b09e-4077-aebf-425193185a5b.csv,1118,2026-08-21T15:32:18.198485+00:00,1.0
2021-10-01,2021,2021-22,October,RIL TOTAL,subtotal,5754.0,Thousand Metric Tonnes (TMT),PPAC / Ministry of Petroleum and Natural Gas,8d3b6596-b09e-4077-aebf-425193185a5b.csv,1119,2026-08-21T15:32:18.198485+00:00,1.0
2021-11-01,2021,2021-22,November,"IOCL-DIGBOI,ASSAM",individual,61.0,Thousand Metric Tonnes (TMT),PPAC / Ministry of Petroleum and Natural Gas,8d3b6596-b09e-4077-aebf-425193185a5b.csv,1120,2026-08-21T15:32:18.198485+00:00,1.0
2021-11-01,2021,2021-22,November,IOCL TOTAL,subtotal,5982.0,Thousand Metric Tonnes (TMT),PPAC / Ministry of Petroleum and Natural Gas,8d3b6596-b09e-4077-aebf-425193185a5b.csv,1121,2026-08-21T15:32:18.198485+00:00,1.0
2021-12-01,2021,2021-22,December,"IOCL-HALDIA, WEST BENGAL",individual,264.0,Thousand Metric Tonnes (TMT),PPAC / Ministry of Petroleum and Natural Gas,8d3b6596-b09e-4077-aebf-425193185a5b.csv,1122,2026-08-21T15:32:18.198485+00:00,1.0
2021-12-01,2021,2021-22,December,"IOCL-GUWAHATI,ASSAM",individual,84.0,Thousand Metric Tonnes (TMT),PPAC / Ministry of Petroleum and Natural Gas,8d3b6596-b09e-4077-aebf-425193185a5b.csv,1123,2026-08-21T15:32:18.198485+00:00,1.0
2021-12-01,2021,2021-22,December,CPCL-TOTAL,subtotal,840.0,Thousand Metric Tonnes (TMT),PPAC / Ministry of Petroleum and Natural Gas,8d3b6596-b09e-4077-aebf-425193185a5b.csv,1124,2026-08-21T15:32:18.198485+00:00,1.0
2021-12-01,2021,2021-22,December,"BPCL-KOCHI, KERALA",individual,1360.0,Thousand Metric Tonnes (TMT),PPAC / Ministry of Petroleum and Natural Gas,8d3b6596-b09e-4077-aebf-425193185a5b.csv,1125,2026-08-21T15:32:18.198485+00:00,1.0
2021-12-01,2021,2021-22,December,"HPCL-VISAKH,ANDHRA PRADESH",individual,809.0,Thousand Metric Tonnes (TMT),PPAC / Ministry of Petroleum and Natural Gas,8d3b6596-b09e-4077-aebf-425193185a5b.csv,1126,2026-08-21T15:32:18.198485+00:00,1.0
2021-12-01,2021,2021-22,December,HPCL-TOTAL,subtotal,2601.0,Thousand Metric Tonnes (TMT),PPAC / Ministry of Petroleum and Natural Gas,8d3b6596-b09e-4077-aebf-425193185a5b.csv,1127,2026-08-21T15:32:18.198485+00:00,1.0
2021-12-01,2021,2021-22,December,"RIL,JAMNAGAR,GUJARAT",individual,3019.0,Thousand Metric Tonnes (TMT),PPAC / Ministry of Petroleum and Natural Gas,8d3b6596-b09e-4077-aebf-425193185a5b.csv,1128,2026-08-21T15:32:18.198485+00:00,1.0
2021-12-01,2021,2021-22,December,"NEL-VADINAR,GUJARAT",individual,1710.0,Thousand Metric Tonnes (TMT),PPAC / Ministry of Petroleum and Natural Gas,8d3b6596-b09e-4077-aebf-425193185a5b.csv,1129,2026-08-21T15:32:18.198485+00:00,1.0
2021-12-01,2021,2021-22,December,GRAND TOTAL,grand_total,21483.0,Thousand Metric Tonnes (TMT),PPAC / Ministry of Petroleum and Natural Gas,8d3b6596-b09e-4077-aebf-425193185a5b.csv,1130,2026-08-21T15:32:18.198485+00:00,1.0
2022-01-01,2022,2021-22,January,"IOCL-HALDIA, WEST BENGAL",individual,301.0,Thousand Metric Tonnes (TMT),PPAC / Ministry of Petroleum and Natural Gas,8d3b6596-b09e-4077-aebf-425193185a5b.csv,1131,2026-08-21T15:32:18.198485+00:00,1.0
2022-01-01,2022,2021-22,January,IOCL TOTAL,subtotal,5844.0,Thousand Metric Tonnes (TMT),PPAC / Ministry of Petroleum and Natural Gas,8d3b6596-b09e-4077-aebf-425193185a5b.csv,1132,2026-08-21T15:32:18.198485+00:00,1.0
2022-01-01,2022,2021-22,January,"HPCL-MUMBAI,MAHARASHTRA",individual,852.0,Thousand Metric Tonnes (TMT),PPAC / Ministry of Petroleum and Natural Gas,8d3b6596-b09e-4077-aebf-425193185a5b.csv,1133,2026-08-21T15:32:18.198485+00:00,1.0
2022-01-01,2022,2021-22,January,"HMEL-GGSR, BATHINDA, PUNJAB",individual,1100.0,Thousand Metric Tonnes (TMT),PPAC / Ministry of Petroleum and Natural Gas,8d3b6596-b09e-4077-aebf-425193185a5b.csv,1134,2026-08-21T15:32:18.198485+00:00,1.0
2022-01-01,2022,2021-22,January,"RIL,JAMNAGAR,GUJARAT",individual,3042.0,Thousand Metric Tonnes (TMT),PPAC / Ministry of Petroleum and Natural Gas,8d3b6596-b09e-4077-aebf-425193185a5b.csv,1135,2026-08-21T15:32:18.198485+00:00,1.0
2022-01-01,2022,2021-22,January,RIL TOTAL,subtotal,5277.0,Thousand Metric Tonnes (TMT),PPAC / Ministry of Petroleum and Natural Gas,8d3b6596-b09e-4077-aebf-425193185a5b.csv,1136,2026-08-21T15:32:18.198485+00:00,1.0
2022-02-01,2022,2021-22,February,"IOCL-KOYALI, GUJARAT",individual,1200.0,Thousand Metric Tonnes (TMT),PPAC / Ministry of Petroleum and Natural Gas,8d3b6596-b09e-4077-aebf-425193185a5b.csv,1137,2026-08-21T15:32:18.198485+00:00,1.0
2022-02-01,2022,2021-22,February,"BPCL-MUMBAI, MAHARASHTRA",individual,1236.0,Thousand Metric Tonnes (TMT),PPAC / Ministry of Petroleum and Natural Gas,8d3b6596-b09e-4077-aebf-425193185a5b.csv,1138,2026-08-21T15:32:18.198485+00:00,1.0
2022-02-01,2022,2021-22,February,ONGC TOTAL,subtotal,1399.0,Thousand Metric Tonnes (TMT),PPAC / Ministry of Petroleum and Natural Gas,8d3b6596-b09e-4077-aebf-425193185a5b.csv,1139,2026-08-21T15:32:18.198485+00:00,1.0
2022-02-01,2022,2021-22,February,HPCL-TOTAL,subtotal,2519.0,Thousand Metric Tonnes (TMT),PPAC / Ministry of Petroleum and Natural Gas,8d3b6596-b09e-4077-aebf-425193185a5b.csv,1140,2026-08-21T15:32:18.198485+00:00,1.0
2022-03-01,2022,2021-22,March,"IOCL-BARAUNI,BIHAR",individual,596.0,Thousand Metric Tonnes (TMT),PPAC / Ministry of Petroleum and Natural Gas,8d3b6596-b09e-4077-aebf-425193185a5b.csv,1141,2026-08-21T15:32:18.198485+00:00,1.0
2022-03-01,2022,2021-22,March,"IOCL-MATHURA, UTTAR PRADESH",individual,884.0,Thousand Metric Tonnes (TMT),PPAC / Ministry of Petroleum and Natural Gas,8d3b6596-b09e-4077-aebf-425193185a5b.csv,1142,2026-08-21T15:32:18.198485+00:00,1.0
2022-03-01,2022,2021-22,March,"IOCL-BONGAIGAON,ASSAM",individual,248.0,Thousand Metric Tonnes (TMT),PPAC / Ministry of Petroleum and Natural Gas,8d3b6596-b09e-4077-aebf-425193185a5b.csv,1143,2026-08-21T15:32:18.198485+00:00,1.0
2022-03-01,2022,2021-22,March,"IOCL-PARADIP,ODISHA",individual,1383.0,Thousand Metric Tonnes (TMT),PPAC / Ministry of Petroleum and Natural Gas,8d3b6596-b09e-4077-aebf-425193185a5b.csv,1144,2026-08-21T15:32:18.198485+00:00,1.0
2022-03-01,2022,2021-22,March,CPCL-TOTAL,subtotal,1062.0,Thousand Metric Tonnes (TMT),PPAC / Ministry of Petroleum and Natural Gas,8d3b6596-b09e-4077-aebf-425193185a5b.csv,1145,2026-08-21T15:32:18.198485+00:00,1.0
2022-03-01,2022,2021-22,March,"HPCL-MUMBAI,MAHARASHTRA",individual,711.0,Thousand Metric Tonnes (TMT),PPAC / Ministry of Petroleum and Natural Gas,8d3b6596-b09e-4077-aebf-425193185a5b.csv,1146,2026-08-21T15:32:18.198485+00:00,1.0
2022-03-01,2022,2021-22,March,"RIL,JAMNAGAR,GUJARAT",individual,3056.0,Thousand Metric Tonnes (TMT),PPAC / Ministry of Petroleum and Natural Gas,8d3b6596-b09e-4077-aebf-425193185a5b.csv,1147,2026-08-21T15:32:18.198485+00:00,1.0
2022-03-01,2022,2021-22,March,RIL TOTAL,subtotal,5129.0,Thousand Metric Tonnes (TMT),PPAC / Ministry of Petroleum and Natural Gas,8d3b6596-b09e-4077-aebf-425193185a5b.csv,1148,2026-08-21T15:32:18.198485+00:00,1.0
2022-03-01,2022,2021-22,March,"NEL-VADINAR,GUJARAT",individual,1690.0,Thousand Metric Tonnes (TMT),PPAC / Ministry of Petroleum and Natural Gas,8d3b6596-b09e-4077-aebf-425193185a5b.csv,1149,2026-08-21T15:32:18.198485+00:00,1.0
2020-04-01,2020,2020-21,April,"IOCL-DIGBOI,ASSAM",individual,54.0,Thousand Metric Tonnes (TMT),PPAC / Ministry of Petroleum and Natural Gas,8d3b6596-b09e-4077-aebf-425193185a5b.csv,1150,2026-08-21T15:32:18.198485+00:00,1.0
2020-04-01,2020,2020-21,April,"BPCL-MUMBAI, MAHARASHTRA",individual,768.0,Thousand Metric Tonnes (TMT),PPAC / Ministry of Petroleum and Natural Gas,8d3b6596-b09e-4077-aebf-425193185a5b.csv,1151,2026-08-21T15:32:18.198485+00:00,1.0
2020-04-01,2020,2020-21,April,ONGC TOTAL,subtotal,673.0,Thousand Metric Tonnes (TMT),PPAC / Ministry of Petroleum and Natural Gas,8d3b6596-b09e-4077-aebf-425193185a5b.csv,1152,2026-08-21T15:32:18.198485+00:00,1.0
2020-04-01,2020,2020-21,April,"RIL-(SEZ), JAMNAGAR,GUJARAT",individual,2523.0,Thousand Metric Tonnes (TMT),PPAC / Ministry of Petroleum and Natural Gas,8d3b6596-b09e-4077-aebf-425193185a5b.csv,1153,2026-08-21T15:32:18.198485+00:00,1.0
2020-04-01,2020,2020-21,April,RIL TOTAL,subtotal,5314.0,Thousand Metric Tonnes (TMT),PPAC / Ministry of Petroleum and Natural Gas,8d3b6596-b09e-4077-aebf-425193185a5b.csv,1154,2026-08-21T15:32:18.198485+00:00,1.0
2020-05-01,2020,2020-21,May,"IOCL-HALDIA, WEST BENGAL",individual,319.0,Thousand Metric Tonnes (TMT),PPAC / Ministry of Petroleum and Natural Gas,8d3b6596-b09e-4077-aebf-425193185a5b.csv,1155,2026-08-21T15:32:18.198485+00:00,1.0
2020-05-01,2020,2020-21,May,"IOCL-PARADIP,ODISHA",individual,959.0,Thousand Metric Tonnes (TMT),PPAC / Ministry of Petroleum and Natural Gas,8d3b6596-b09e-4077-aebf-425193185a5b.csv,1156,2026-08-21T15:32:18.198485+00:00,1.0
2020-05-01,2020,2020-21,May,"ONGC-TATIPAKA,ANDHRA PRADESH",individual,6.0,Thousand Metric Tonnes (TMT),PPAC / Ministry of Petroleum and Natural Gas,8d3b6596-b09e-4077-aebf-425193185a5b.csv,1157,2026-08-21T15:32:18.198485+00:00,1.0
2020-05-01,2020,2020-21,May,"HPCL-VISAKH,ANDHRA PRADESH",individual,743.0,Thousand Metric Tonnes (TMT),PPAC / Ministry of Petroleum and Natural Gas,8d3b6596-b09e-4077-aebf-425193185a5b.csv,1158,2026-08-21T15:32:18.198485+00:00,1.0
2020-05-01,2020,2020-21,May,"RIL,JAMNAGAR,GUJARAT",individual,2762.0,Thousand Metric Tonnes (TMT),PPAC / Ministry of Petroleum and Natural Gas,8d3b6596-b09e-4077-aebf-425193185a5b.csv,1159,2026-08-21T15:32:18.198485+00:00,1.0
2020-05-01,2020,2020-21,May,RIL TOTAL,subtotal,5312.0,Thousand Metric Tonnes (TMT),PPAC / Ministry of Petroleum and Natural Gas,8d3b6596-b09e-4077-aebf-425193185a5b.csv,1160,2026-08-21T15:32:18.198485+00:00,1.0
2020-06-01,2020,2020-21,June,"IOCL-PANIPAT, HARYANA",individual,1173.0,Thousand Metric Tonnes (TMT),PPAC / Ministry of Petroleum and Natural Gas,8d3b6596-b09e-4077-aebf-425193185a5b.csv,1161,2026-08-21T15:32:18.198485+00:00,1.0
2020-06-01,2020,2020-21,June,IOCL TOTAL,subtotal,5573.0,Thousand Metric Tonnes (TMT),PPAC / Ministry of Petroleum and Natural Gas,8d3b6596-b09e-4077-aebf-425193185a5b.csv,1162,2026-08-21T15:32:18.198485+00:00,1.0
2020-06-01,2020,2020-21,June,"RIL,JAMNAGAR,GUJARAT",individual,2605.0,Thousand Metric Tonnes (TMT),PPAC / Ministry of Petroleum and Natural Gas,8d3b6596-b09e-4077-aebf-425193185a5b.csv,1163,2026-08-21T15:32:18.198485+00:00,1.0
2020-06-01,2020,2020-21,June,"RIL-(SEZ), JAMNAGAR,GUJARAT",individual,2047.0,Thousand Metric Tonnes (TMT),PPAC / Ministry of Petroleum and Natural Gas,8d3b6596-b09e-4077-aebf-425193185a5b.csv,1164,2026-08-21T15:32:18.198485+00:00,1.0
2020-06-01,2020,2020-21,June,"NEL-VADINAR,GUJARAT",individual,1394.0,Thousand Metric Tonnes (TMT),PPAC / Ministry of Petroleum and Natural Gas,8d3b6596-b09e-4077-aebf-425193185a5b.csv,1165,2026-08-21T15:32:18.198485+00:00,1.0
2020-07-01,2020,2020-21,July,"IOCL-KOYALI, GUJARAT",individual,1092.0,Thousand Metric Tonnes (TMT),PPAC / Ministry of Petroleum and Natural Gas,8d3b6596-b09e-4077-aebf-425193185a5b.csv,1166,2026-08-21T15:32:18.198485+00:00,1.0
2020-07-01,2020,2020-21,July,IOCL TOTAL,subtotal,5363.0,Thousand Metric Tonnes (TMT),PPAC / Ministry of Petroleum and Natural Gas,8d3b6596-b09e-4077-aebf-425193185a5b.csv,1167,2026-08-21T15:32:18.198485+00:00,1.0
2020-07-01,2020,2020-21,July,"ONGC-TATIPAKA,ANDHRA PRADESH",individual,7.0,Thousand Metric Tonnes (TMT),PPAC / Ministry of Petroleum and Natural Gas,8d3b6596-b09e-4077-aebf-425193185a5b.csv,1168,2026-08-21T15:32:18.198485+00:00,1.0
2020-07-01,2020,2020-21,July,"HPCL-VISAKH,ANDHRA PRADESH",individual,718.0,Thousand Metric Tonnes (TMT),PPAC / Ministry of Petroleum and Natural Gas,8d3b6596-b09e-4077-aebf-425193185a5b.csv,1169,2026-08-21T15:32:18.198485+00:00,1.0
2020-07-01,2020,2020-21,July,"HMEL-GGSR, BATHINDA, PUNJAB",individual,1035.0,Thousand Metric Tonnes (TMT),PPAC / Ministry of Petroleum and Natural Gas,8d3b6596-b09e-4077-aebf-425193185a5b.csv,1170,2026-08-21T15:32:18.198485+00:00,1.0
2020-07-01,2020,2020-21,July,"RIL,JAMNAGAR,GUJARAT",individual,2830.0,Thousand Metric Tonnes (TMT),PPAC / Ministry of Petroleum and Natural Gas,8d3b6596-b09e-4077-aebf-425193185a5b.csv,1171,2026-08-21T15:32:18.198485+00:00,1.0
2020-07-01,2020,2020-21,July,"RIL-(SEZ), JAMNAGAR,GUJARAT",individual,1468.0,Thousand Metric Tonnes (TMT),PPAC / Ministry of Petroleum and Natural Gas,8d3b6596-b09e-4077-aebf-425193185a5b.csv,1172,2026-08-21T15:32:18.198485+00:00,1.0
2020-07-01,2020,2020-21,July,"NEL-VADINAR,GUJARAT",individual,1560.0,Thousand Metric Tonnes (TMT),PPAC / Ministry of Petroleum and Natural Gas,8d3b6596-b09e-4077-aebf-425193185a5b.csv,1173,2026-08-21T15:32:18.198485+00:00,1.0
2020-07-01,2020,2020-21,July,GRAND TOTAL,grand_total,17680.0,Thousand Metric Tonnes (TMT),PPAC / Ministry of Petroleum and Natural Gas,8d3b6596-b09e-4077-aebf-425193185a5b.csv,1174,2026-08-21T15:32:18.198485+00:00,1.0
2020-08-01,2020,2020-21,August,"IOCL-PANIPAT, HARYANA",individual,977.0,Thousand Metric Tonnes (TMT),PPAC / Ministry of Petroleum and Natural Gas,8d3b6596-b09e-4077-aebf-425193185a5b.csv,1175,2026-08-21T15:32:18.198485+00:00,1.0
2020-08-01,2020,2020-21,August,"BPCL-MUMBAI, MAHARASHTRA",individual,828.0,Thousand Metric Tonnes (TMT),PPAC / Ministry of Petroleum and Natural Gas,8d3b6596-b09e-4077-aebf-425193185a5b.csv,1176,2026-08-21T15:32:18.198485+00:00,1.0
2020-08-01,2020,2020-21,August,"MRPL-MANGALORE,KARNATAKA",individual,905.0,Thousand Metric Tonnes (TMT),PPAC / Ministry of Petroleum and Natural Gas,8d3b6596-b09e-4077-aebf-425193185a5b.csv,1177,2026-08-21T15:32:18.198485+00:00,1.0
2020-08-01,2020,2020-21,August,"RIL,JAMNAGAR,GUJARAT",individual,3021.0,Thousand Metric Tonnes (TMT),PPAC / Ministry of Petroleum and Natural Gas,8d3b6596-b09e-4077-aebf-425193185a5b.csv,1178,2026-08-21T15:32:18.198485+00:00,1.0
2020-09-01,2020,2020-21,September,"IOCL-PANIPAT, HARYANA",individual,1025.0,Thousand Metric Tonnes (TMT),PPAC / Ministry of Petroleum and Natural Gas,8d3b6596-b09e-4077-aebf-425193185a5b.csv,1179,2026-08-21T15:32:18.198485+00:00,1.0
2020-09-01,2020,2020-21,September,CPCL-TOTAL,subtotal,770.0,Thousand Metric Tonnes (TMT),PPAC / Ministry of Petroleum and Natural Gas,8d3b6596-b09e-4077-aebf-425193185a5b.csv,1180,2026-08-21T15:32:18.198485+00:00,1.0
2020-09-01,2020,2020-21,September,"MRPL-MANGALORE,KARNATAKA",individual,813.0,Thousand Metric Tonnes (TMT),PPAC / Ministry of Petroleum and Natural Gas,8d3b6596-b09e-4077-aebf-425193185a5b.csv,1181,2026-08-21T15:32:18.198485+00:00,1.0
2020-09-01,2020,2020-21,September,HPCL-TOTAL,subtotal,2414.0,Thousand Metric Tonnes (TMT),PPAC / Ministry of Petroleum and Natural Gas,8d3b6596-b09e-4077-aebf-425193185a5b.csv,1182,2026-08-21T15:32:18.198485+00:00,1.0
2020-10-01,2020,2020-21,October,"IOCL-BARAUNI,BIHAR",individual,435.0,Thousand Metric Tonnes (TMT),PPAC / Ministry of Petroleum and Natural Gas,8d3b6596-b09e-4077-aebf-425193185a5b.csv,1183,2026-08-21T15:32:18.198485+00:00,1.0
2020-10-01,2020,2020-21,October,"IOCL-DIGBOI,ASSAM",individual,61.0,Thousand Metric Tonnes (TMT),PPAC / Ministry of Petroleum and Natural Gas,8d3b6596-b09e-4077-aebf-425193185a5b.csv,1184,2026-08-21T15:32:18.198485+00:00,1.0
2020-10-01,2020,2020-21,October,IOCL TOTAL,subtotal,5662.0,Thousand Metric Tonnes (TMT),PPAC / Ministry of Petroleum and Natural Gas,8d3b6596-b09e-4077-aebf-425193185a5b.csv,1185,2026-08-21T15:32:18.198485+00:00,1.0
2020-10-01,2020,2020-21,October,"ONGC-TATIPAKA,ANDHRA PRADESH",individual,7.0,Thousand Metric Tonnes (TMT),PPAC / Ministry of Petroleum and Natural Gas,8d3b6596-b09e-4077-aebf-425193185a5b.csv,1186,2026-08-21T15:32:18.198485+00:00,1.0
2020-10-01,2020,2020-21,October,"HPCL-MUMBAI,MAHARASHTRA",individual,496.0,Thousand Metric Tonnes (TMT),PPAC / Ministry of Petroleum and Natural Gas,8d3b6596-b09e-4077-aebf-425193185a5b.csv,1187,2026-08-21T15:32:18.198485+00:00,1.0
2020-10-01,2020,2020-21,October,"HPCL-VISAKH,ANDHRA PRADESH",individual,793.0,Thousand Metric Tonnes (TMT),PPAC / Ministry of Petroleum and Natural Gas,8d3b6596-b09e-4077-aebf-425193185a5b.csv,1188,2026-08-21T15:32:18.198485+00:00,1.0
2020-10-01,2020,2020-21,October,GRAND TOTAL,grand_total,18389.0,Thousand Metric Tonnes (TMT),PPAC / Ministry of Petroleum and Natural Gas,8d3b6596-b09e-4077-aebf-425193185a5b.csv,1189,2026-08-21T15:32:18.198485+00:00,1.0
2020-11-01,2020,2020-21,November,"IOCL-BONGAIGAON,ASSAM",individual,206.0,Thousand Metric Tonnes (TMT),PPAC / Ministry of Petroleum and Natural Gas,8d3b6596-b09e-4077-aebf-425193185a5b.csv,1190,2026-08-21T15:32:18.198485+00:00,1.0
2020-11-01,2020,2020-21,November,"BPCL-MUMBAI, MAHARASHTRA",individual,1247.0,Thousand Metric Tonnes (TMT),PPAC / Ministry of Petroleum and Natural Gas,8d3b6596-b09e-4077-aebf-425193185a5b.csv,1191,2026-08-21T15:32:18.198485+00:00,1.0
2020-11-01,2020,2020-21,November,BORL-BINA,individual,594.0,Thousand Metric Tonnes (TMT),PPAC / Ministry of Petroleum and Natural Gas,8d3b6596-b09e-4077-aebf-425193185a5b.csv,1192,2026-08-21T15:32:18.198485+00:00,1.0
2020-11-01,2020,2020-21,November,HPCL-TOTAL,subtotal,2457.0,Thousand Metric Tonnes (TMT),PPAC / Ministry of Petroleum and Natural Gas,8d3b6596-b09e-4077-aebf-425193185a5b.csv,1193,2026-08-21T15:32:18.198485+00:00,1.0
2020-12-01,2020,2020-21,December,"IOCL-DIGBOI,ASSAM",individual,58.0,Thousand Metric Tonnes (TMT),PPAC / Ministry of Petroleum and Natural Gas,8d3b6596-b09e-4077-aebf-425193185a5b.csv,1194,2026-08-21T15:32:18.198485+00:00,1.0
2020-12-01,2020,2020-21,December,CPCL-TOTAL,subtotal,766.0,Thousand Metric Tonnes (TMT),PPAC / Ministry of Petroleum and Natural Gas,8d3b6596-b09e-4077-aebf-425193185a5b.csv,1195,2026-08-21T15:32:18.198485+00:00,1.0
2020-12-01,2020,2020-21,December,"BPCL-MUMBAI, MAHARASHTRA",individual,1200.0,Thousand Metric Tonnes (TMT),PPAC / Ministry of Petroleum and Natural Gas,8d3b6596-b09e-4077-aebf-425193185a5b.csv,1196,2026-08-21T15:32:18.198485+00:00,1.0
2020-12-01,2020,2020-21,December,BORL-BINA,individual,625.0,Thousand Metric Tonnes (TMT),PPAC / Ministry of Petroleum and Natural Gas,8d3b6596-b09e-4077-aebf-425193185a5b.csv,1197,2026-08-21T15:32:18.198485+00:00,1.0
2021-01-01,2021,2020-21,January,"IOCL-KOYALI, GUJARAT",individual,1187.0,Thousand Metric Tonnes (TMT),PPAC / Ministry of Petroleum and Natural Gas,8d3b6596-b09e-4077-aebf-425193185a5b.csv,1198,2026-08-21T15:32:18.198485+00:00,1.0
2021-01-01,2021,2020-21,January,"IOCL-BONGAIGAON,ASSAM",individual,211.0,Thousand Metric Tonnes (TMT),PPAC / Ministry of Petroleum and Natural Gas,8d3b6596-b09e-4077-aebf-425193185a5b.csv,1199,2026-08-21T15:32:18.198485+00:00,1.0
2021-01-01,2021,2020-21,January,IOCL TOTAL,subtotal,6278.0,Thousand Metric Tonnes (TMT),PPAC / Ministry of Petroleum and Natural Gas,8d3b6596-b09e-4077-aebf-425193185a5b.csv,1200,2026-08-21T15:32:18.198485+00:00,1.0
2021-01-01,2021,2020-21,January,"CPCL-MANALI, TAMILNADU",individual,917.0,Thousand Metric Tonnes (TMT),PPAC / Ministry of Petroleum and Natural Gas,8d3b6596-b09e-4077-aebf-425193185a5b.csv,1201,2026-08-21T15:32:18.198485+00:00,1.0
2021-01-01,2021,2020-21,January,"BPCL-KOCHI, KERALA",individual,1573.0,Thousand Metric Tonnes (TMT),PPAC / Ministry of Petroleum and Natural Gas,8d3b6596-b09e-4077-aebf-425193185a5b.csv,1202,2026-08-21T15:32:18.198485+00:00,1.0
2021-01-01,2021,2020-21,January,"MRPL-MANGALORE,KARNATAKA",individual,1420.0,Thousand Metric Tonnes (TMT),PPAC / Ministry of Petroleum and Natural Gas,8d3b6596-b09e-4077-aebf-425193185a5b.csv,1203,2026-08-21T15:32:18.198485+00:00,1.0
2021-01-01,2021,2020-21,January,"HMEL-GGSR, BATHINDA, PUNJAB",individual,801.0,Thousand Metric Tonnes (TMT),PPAC / Ministry of Petroleum and Natural Gas,8d3b6596-b09e-4077-aebf-425193185a5b.csv,1204,2026-08-21T15:32:18.198485+00:00,1.0
2021-01-01,2021,2020-21,January,HPCL-TOTAL,subtotal,2240.0,Thousand Metric Tonnes (TMT),PPAC / Ministry of Petroleum and Natural Gas,8d3b6596-b09e-4077-aebf-425193185a5b.csv,1205,2026-08-21T15:32:18.198485+00:00,1.0
2021-02-01,2021,2020-21,February,"IOCL-PARADIP,ODISHA",individual,1164.0,Thousand Metric Tonnes (TMT),PPAC / Ministry of Petroleum and Natural Gas,8d3b6596-b09e-4077-aebf-425193185a5b.csv,1206,2026-08-21T15:32:18.198485+00:00,1.0
2021-02-01,2021,2020-21,February,IOCL TOTAL,subtotal,5387.0,Thousand Metric Tonnes (TMT),PPAC / Ministry of Petroleum and Natural Gas,8d3b6596-b09e-4077-aebf-425193185a5b.csv,1207,2026-08-21T15:32:18.198485+00:00,1.0
2021-02-01,2021,2020-21,February,CPCL-TOTAL,subtotal,758.0,Thousand Metric Tonnes (TMT),PPAC / Ministry of Petroleum and Natural Gas,8d3b6596-b09e-4077-aebf-425193185a5b.csv,1208,2026-08-21T15:32:18.198485+00:00,1.0
2021-02-01,2021,2020-21,February,"BPCL-MUMBAI, MAHARASHTRA",individual,1264.0,Thousand Metric Tonnes (TMT),PPAC / Ministry of Petroleum and Natural Gas,8d3b6596-b09e-4077-aebf-425193185a5b.csv,1209,2026-08-21T15:32:18.198485+00:00,1.0
2021-02-01,2021,2020-21,February,"NRL-NUMALIGARH, ASSAM",individual,227.0,Thousand Metric Tonnes (TMT),PPAC / Ministry of Petroleum and Natural Gas,8d3b6596-b09e-4077-aebf-425193185a5b.csv,1210,2026-08-21T15:32:18.198485+00:00,1.0
2021-02-01,2021,2020-21,February,"HPCL-MUMBAI,MAHARASHTRA",individual,642.0,Thousand Metric Tonnes (TMT),PPAC / Ministry of Petroleum and Natural Gas,8d3b6596-b09e-4077-aebf-425193185a5b.csv,1211,2026-08-21T15:32:18.198485+00:00,1.0
2021-02-01,2021,2020-21,February,"RIL-(SEZ), JAMNAGAR,GUJARAT",individual,2212.0,Thousand Metric Tonnes (TMT),PPAC / Ministry of Petroleum and Natural Gas,8d3b6596-b09e-4077-aebf-425193185a5b.csv,1212,2026-08-21T15:32:18.198485+00:00,1.0
2021-02-01,2021,2020-21,February,"NEL-VADINAR,GUJARAT",individual,1397.0,Thousand Metric Tonnes (TMT),PPAC / Ministry of Petroleum and Natural Gas,8d3b6596-b09e-4077-aebf-425193185a5b.csv,1213,2026-08-21T15:32:18.198485+00:00,1.0
2021-02-01,2021,2020-21,February,GRAND TOTAL,grand_total,18617.0,Thousand Metric Tonnes (TMT),PPAC / Ministry of Petroleum and Natural Gas,8d3b6596-b09e-4077-aebf-425193185a5b.csv,1214,2026-08-21T15:32:18.198485+00:00,1.0
2021-03-01,2021,2020-21,March,"IOCL-KOYALI, GUJARAT",individual,944.0,Thousand Metric Tonnes (TMT),PPAC / Ministry of Petroleum and Natural Gas,8d3b6596-b09e-4077-aebf-425193185a5b.csv,1215,2026-08-21T15:32:18.198485+00:00,1.0
2021-03-01,2021,2020-21,March,"IOCL-MATHURA, UTTAR PRADESH",individual,853.0,Thousand Metric Tonnes (TMT),PPAC / Ministry of Petroleum and Natural Gas,8d3b6596-b09e-4077-aebf-425193185a5b.csv,1216,2026-08-21T15:32:18.198485+00:00,1.0
2021-03-01,2021,2020-21,March,"IOCL-GUWAHATI,ASSAM",individual,89.0,Thousand Metric Tonnes (TMT),PPAC / Ministry of Petroleum and Natural Gas,8d3b6596-b09e-4077-aebf-425193185a5b.csv,1217,2026-08-21T15:32:18.198485+00:00,1.0
2021-03-01,2021,2020-21,March,"CPCL-MANALI, TAMILNADU",individual,964.0,Thousand Metric Tonnes (TMT),PPAC / Ministry of Petroleum and Natural Gas,8d3b6596-b09e-4077-aebf-425193185a5b.csv,1218,2026-08-21T15:32:18.198485+00:00,1.0
2021-03-01,2021,2020-21,March,"BPCL-KOCHI, KERALA",individual,1383.0,Thousand Metric Tonnes (TMT),PPAC / Ministry of Petroleum and Natural Gas,8d3b6596-b09e-4077-aebf-425193185a5b.csv,1219,2026-08-21T15:32:18.198485+00:00,1.0
2021-03-01,2021,2020-21,March,BORL-BINA,individual,602.0,Thousand Metric Tonnes (TMT),PPAC / Ministry of Petroleum and Natural Gas,8d3b6596-b09e-4077-aebf-425193185a5b.csv,1220,2026-08-21T15:32:18.198485+00:00,1.0
2021-03-01,2021,2020-21,March,"MRPL-MANGALORE,KARNATAKA",individual,1361.0,Thousand Metric Tonnes (TMT),PPAC / Ministry of Petroleum and Natural Gas,8d3b6596-b09e-4077-aebf-425193185a5b.csv,1221,2026-08-21T15:32:18.198485+00:00,1.0
2021-03-01,2021,2020-21,March,"RIL-(SEZ), JAMNAGAR,GUJARAT",individual,2051.0,Thousand Metric Tonnes (TMT),PPAC / Ministry of Petroleum and Natural Gas,8d3b6596-b09e-4077-aebf-425193185a5b.csv,1222,2026-08-21T15:32:18.198485+00:00,1.0
2021-03-01,2021,2020-21,March,"NEL-VADINAR,GUJARAT",individual,1627.0,Thousand Metric Tonnes (TMT),PPAC / Ministry of Petroleum and Natural Gas,8d3b6596-b09e-4077-aebf-425193185a5b.csv,1223,2026-08-21T15:32:18.198485+00:00,1.0
2025-04-01,2025,2025-26,April,"IOCL-GUWAHATI,ASSAM",individual,100.45,Thousand Metric Tonnes (TMT),PPAC / Ministry of Petroleum and Natural Gas,8d3b6596-b09e-4077-aebf-425193185a5b.csv,1224,2026-08-21T15:32:18.198485+00:00,1.0
2025-04-01,2025,2025-26,April,"IOCL-BONGAIGAON,ASSAM",individual,229.56,Thousand Metric Tonnes (TMT),PPAC / Ministry of Petroleum and Natural Gas,8d3b6596-b09e-4077-aebf-425193185a5b.csv,1225,2026-08-21T15:32:18.198485+00:00,1.0
2025-04-01,2025,2025-26,April,"IOCL-PARADIP,ODISHA",individual,1362.34,Thousand Metric Tonnes (TMT),PPAC / Ministry of Petroleum and Natural Gas,8d3b6596-b09e-4077-aebf-425193185a5b.csv,1226,2026-08-21T15:32:18.198485+00:00,1.0
2025-04-01,2025,2025-26,April,"ONGC-TATIPAKA,ANDHRA PRADESH",individual,5.41,Thousand Metric Tonnes (TMT),PPAC / Ministry of Petroleum and Natural Gas,8d3b6596-b09e-4077-aebf-425193185a5b.csv,1227,2026-08-21T15:32:18.198485+00:00,1.0
2025-04-01,2025,2025-26,April,"HPCL-VISAKH,ANDHRA PRADESH",individual,1411.54,Thousand Metric Tonnes (TMT),PPAC / Ministry of Petroleum and Natural Gas,8d3b6596-b09e-4077-aebf-425193185a5b.csv,1228,2026-08-21T15:32:18.198485+00:00,1.0
2025-05-01,2025,2025-26,May,"IOCL-MATHURA, UTTAR PRADESH",individual,883.2,Thousand Metric Tonnes (TMT),PPAC / Ministry of Petroleum and Natural Gas,8d3b6596-b09e-4077-aebf-425193185a5b.csv,1229,2026-08-21T15:32:18.198485+00:00,1.0
2025-05-01,2025,2025-26,May,"IOCL-DIGBOI,ASSAM",individual,47.36,Thousand Metric Tonnes (TMT),PPAC / Ministry of Petroleum and Natural Gas,8d3b6596-b09e-4077-aebf-425193185a5b.csv,1230,2026-08-21T15:32:18.198485+00:00,1.0
2025-05-01,2025,2025-26,May,"IOCL-BONGAIGAON,ASSAM",individual,259.23,Thousand Metric Tonnes (TMT),PPAC / Ministry of Petroleum and Natural Gas,8d3b6596-b09e-4077-aebf-425193185a5b.csv,1231,2026-08-21T15:32:18.198485+00:00,1.0
2025-05-01,2025,2025-26,May,IOCL TOTAL,subtotal,6360.86,Thousand Metric Tonnes (TMT),PPAC / Ministry of Petroleum and Natural Gas,8d3b6596-b09e-4077-aebf-425193185a5b.csv,1232,2026-08-21T15:32:18.198485+00:00,1.0
2025-06-01,2025,2025-26,June,"IOCL-PANIPAT, HARYANA",individual,1296.39,Thousand Metric Tonnes (TMT),PPAC / Ministry of Petroleum and Natural Gas,8d3b6596-b09e-4077-aebf-425193185a5b.csv,1233,2026-08-21T15:32:18.198485+00:00,1.0
2025-06-01,2025,2025-26,June,"CPCL-MANALI, TAMILNADU",individual,1010.5,Thousand Metric Tonnes (TMT),PPAC / Ministry of Petroleum and Natural Gas,8d3b6596-b09e-4077-aebf-425193185a5b.csv,1234,2026-08-21T15:32:18.198485+00:00,1.0
2025-06-01,2025,2025-26,June,CPCL-TOTAL,subtotal,1010.5,Thousand Metric Tonnes (TMT),PPAC / Ministry of Petroleum and Natural Gas,8d3b6596-b09e-4077-aebf-425193185a5b.csv,1235,2026-08-21T15:32:18.198485+00:00,1.0
2025-06-01,2025,2025-26,June,"BPCL-KOCHI, KERALA",individual,1510.71,Thousand Metric Tonnes (TMT),PPAC / Ministry of Petroleum and Natural Gas,8d3b6596-b09e-4077-aebf-425193185a5b.csv,1236,2026-08-21T15:32:18.198485+00:00,1.0
2025-06-01,2025,2025-26,June,"HMEL-GGSR, BATHINDA, PUNJAB",individual,1074.46,Thousand Metric Tonnes (TMT),PPAC / Ministry of Petroleum and Natural Gas,8d3b6596-b09e-4077-aebf-425193185a5b.csv,1237,2026-08-21T15:32:18.198485+00:00,1.0
2025-06-01,2025,2025-26,June,HPCL-TOTAL,subtotal,3202.04,Thousand Metric Tonnes (TMT),PPAC / Ministry of Petroleum and Natural Gas,8d3b6596-b09e-4077-aebf-425193185a5b.csv,1238,2026-08-21T15:32:18.198485+00:00,1.0
2025-06-01,2025,2025-26,June,RIL TOTAL,subtotal,5610.17,Thousand Metric Tonnes (TMT),PPAC / Ministry of Petroleum and Natural Gas,8d3b6596-b09e-4077-aebf-425193185a5b.csv,1239,2026-08-21T15:32:18.198485+00:00,1.0
2025-07-01,2025,2025-26,July,"IOCL-BARAUNI,BIHAR",individual,565.85,Thousand Metric Tonnes (TMT),PPAC / Ministry of Petroleum and Natural Gas,8d3b6596-b09e-4077-aebf-425193185a5b.csv,1240,2026-08-21T15:32:18.198485+00:00,1.0
2025-07-01,2025,2025-26,July,"IOCL-HALDIA, WEST BENGAL",individual,750.42,Thousand Metric Tonnes (TMT),PPAC / Ministry of Petroleum and Natural Gas,8d3b6596-b09e-4077-aebf-425193185a5b.csv,1241,2026-08-21T15:32:18.198485+00:00,1.0
2025-07-01,2025,2025-26,July,"IOCL-MATHURA, UTTAR PRADESH",individual,837.26,Thousand Metric Tonnes (TMT),PPAC / Ministry of Petroleum and Natural Gas,8d3b6596-b09e-4077-aebf-425193185a5b.csv,1242,2026-08-21T15:32:18.198485+00:00,1.0
2025-07-01,2025,2025-26,July,"CPCL-MANALI, TAMILNADU",individual,1048.55,Thousand Metric Tonnes (TMT),PPAC / Ministry of Petroleum and Natural Gas,8d3b6596-b09e-4077-aebf-425193185a5b.csv,1243,2026-08-21T15:32:18.198485+00:00,1.0
2025-07-01,2025,2025-26,July,BPCL-TOTAL,subtotal,3642.39,Thousand Metric Tonnes (TMT),PPAC / Ministry of Petroleum and Natural Gas,8d3b6596-b09e-4077-aebf-425193185a5b.csv,1244,2026-08-21T15:32:18.198485+00:00,1.0
2025-07-01,2025,2025-26,July,"HPCL-VISAKH,ANDHRA PRADESH",individual,1381.06,Thousand Metric Tonnes (TMT),PPAC / Ministry of Petroleum and Natural Gas,8d3b6596-b09e-4077-aebf-425193185a5b.csv,1245,2026-08-21T15:32:18.198485+00:00,1.0
2025-07-01,2025,2025-26,July,"RIL,JAMNAGAR,GUJARAT",individual,2995.92,Thousand Metric Tonnes (TMT),PPAC / Ministry of Petroleum and Natural Gas,8d3b6596-b09e-4077-aebf-425193185a5b.csv,1246,2026-08-21T15:32:18.198485+00:00,1.0
2025-08-01,2025,2025-26,August,"CPCL-MANALI, TAMILNADU",individual,1060.36,Thousand Metric Tonnes (TMT),PPAC / Ministry of Petroleum and Natural Gas,8d3b6596-b09e-4077-aebf-425193185a5b.csv,1247,2026-08-21T15:32:18.198485+00:00,1.0
2025-08-01,2025,2025-26,August,"HMEL-GGSR, BATHINDA, PUNJAB",individual,1056.99,Thousand Metric Tonnes (TMT),PPAC / Ministry of Petroleum and Natural Gas,8d3b6596-b09e-4077-aebf-425193185a5b.csv,1248,2026-08-21T15:32:18.198485+00:00,1.0
2025-08-01,2025,2025-26,August,"RIL-(SEZ), JAMNAGAR,GUJARAT",individual,2868.46,Thousand Metric Tonnes (TMT),PPAC / Ministry of Petroleum and Natural Gas,8d3b6596-b09e-4077-aebf-425193185a5b.csv,1249,2026-08-21T15:32:18.198485+00:00,1.0
2025-09-01,2025,2025-26,September,"IOCL-BARAUNI,BIHAR",individual,426.48,Thousand Metric Tonnes (TMT),PPAC / Ministry of Petroleum and Natural Gas,8d3b6596-b09e-4077-aebf-425193185a5b.csv,1250,2026-08-21T15:32:18.198485+00:00,1.0
2025-09-01,2025,2025-26,September,"IOCL-KOYALI, GUJARAT",individual,787.18,Thousand Metric Tonnes (TMT),PPAC / Ministry of Petroleum and Natural Gas,8d3b6596-b09e-4077-aebf-425193185a5b.csv,1251,2026-08-21T15:32:18.198485+00:00,1.0
2025-09-01,2025,2025-26,September,"IOCL-GUWAHATI,ASSAM",individual,99.83,Thousand Metric Tonnes (TMT),PPAC / Ministry of Petroleum and Natural Gas,8d3b6596-b09e-4077-aebf-425193185a5b.csv,1252,2026-08-21T15:32:18.198485+00:00,1.0
2025-09-01,2025,2025-26,September,"CPCL-MANALI, TAMILNADU",individual,903.75,Thousand Metric Tonnes (TMT),PPAC / Ministry of Petroleum and Natural Gas,8d3b6596-b09e-4077-aebf-425193185a5b.csv,1253,2026-08-21T15:32:18.198485+00:00,1.0
2025-09-01,2025,2025-26,September,BPCL-TOTAL,subtotal,3011.89,Thousand Metric Tonnes (TMT),PPAC / Ministry of Petroleum and Natural Gas,8d3b6596-b09e-4077-aebf-425193185a5b.csv,1254,2026-08-21T15:32:18.198485+00:00,1.0
2025-09-01,2025,2025-26,September,HPCL-TOTAL,subtotal,3076.42,Thousand Metric Tonnes (TMT),PPAC / Ministry of Petroleum and Natural Gas,8d3b6596-b09e-4077-aebf-425193185a5b.csv,1255,2026-08-21T15:32:18.198485+00:00,1.0
2025-09-01,2025,2025-26,September,"NEL-VADINAR,GUJARAT",individual,1244.26,Thousand Metric Tonnes (TMT),PPAC / Ministry of Petroleum and Natural Gas,8d3b6596-b09e-4077-aebf-425193185a5b.csv,1256,2026-08-21T15:32:18.198485+00:00,1.0
2025-10-01,2025,2025-26,October,"IOCL-PANIPAT, HARYANA",individual,1413.4,Thousand Metric Tonnes (TMT),PPAC / Ministry of Petroleum and Natural Gas,8d3b6596-b09e-4077-aebf-425193185a5b.csv,1257,2026-08-21T15:32:18.198485+00:00,1.0
2025-10-01,2025,2025-26,October,"IOCL-DIGBOI,ASSAM",individual,66.03,Thousand Metric Tonnes (TMT),PPAC / Ministry of Petroleum and Natural Gas,8d3b6596-b09e-4077-aebf-425193185a5b.csv,1258,2026-08-21T15:32:18.198485+00:00,1.0
2025-10-01,2025,2025-26,October,"NRL-NUMALIGARH, ASSAM",individual,190.49,Thousand Metric Tonnes (TMT),PPAC / Ministry of Petroleum and Natural Gas,8d3b6596-b09e-4077-aebf-425193185a5b.csv,1259,2026-08-21T15:32:18.198485+00:00,1.0
2025-10-01,2025,2025-26,October,"MRPL-MANGALORE,KARNATAKA",individual,1543.83,Thousand Metric Tonnes (TMT),PPAC / Ministry of Petroleum and Natural Gas,8d3b6596-b09e-4077-aebf-425193185a5b.csv,1260,2026-08-21T15:32:18.198485+00:00,1.0
2025-10-01,2025,2025-26,October,ONGC TOTAL,subtotal,1550.28,Thousand Metric Tonnes (TMT),PPAC / Ministry of Petroleum and Natural Gas,8d3b6596-b09e-4077-aebf-425193185a5b.csv,1261,2026-08-21T15:32:18.198485+00:00,1.0
2025-10-01,2025,2025-26,October,"HPCL-MUMBAI,MAHARASHTRA",individual,705.73,Thousand Metric Tonnes (TMT),PPAC / Ministry of Petroleum and Natural Gas,8d3b6596-b09e-4077-aebf-425193185a5b.csv,1262,2026-08-21T15:32:18.198485+00:00,1.0
2025-11-01,2025,2025-26,November,"IOCL-PANIPAT, HARYANA",individual,1349.26,Thousand Metric Tonnes (TMT),PPAC / Ministry of Petroleum and Natural Gas,8d3b6596-b09e-4077-aebf-425193185a5b.csv,1263,2026-08-21T15:32:18.198485+00:00,1.0
2025-11-01,2025,2025-26,November,"CPCL-MANALI, TAMILNADU",individual,952.29,Thousand Metric Tonnes (TMT),PPAC / Ministry of Petroleum and Natural Gas,8d3b6596-b09e-4077-aebf-425193185a5b.csv,1264,2026-08-21T15:32:18.198485+00:00,1.0
2025-11-01,2025,2025-26,November,"MRPL-MANGALORE,KARNATAKA",individual,1474.3,Thousand Metric Tonnes (TMT),PPAC / Ministry of Petroleum and Natural Gas,8d3b6596-b09e-4077-aebf-425193185a5b.csv,1265,2026-08-21T15:32:18.198485+00:00,1.0
2025-11-01,2025,2025-26,November,HPCL-TOTAL,subtotal,2578.67,Thousand Metric Tonnes (TMT),PPAC / Ministry of Petroleum and Natural Gas,8d3b6596-b09e-4077-aebf-425193185a5b.csv,1266,2026-08-21T15:32:18.198485+00:00,1.0
2025-11-01,2025,2025-26,November,RIL TOTAL,subtotal,5706.52,Thousand Metric Tonnes (TMT),PPAC / Ministry of Petroleum and Natural Gas,8d3b6596-b09e-4077-aebf-425193185a5b.csv,1267,2026-08-21T15:32:18.198485+00:00,1.0
2025-12-01,2025,2025-26,December,"IOCL-HALDIA, WEST BENGAL",individual,721.12,Thousand Metric Tonnes (TMT),PPAC / Ministry of Petroleum and Natural Gas,8d3b6596-b09e-4077-aebf-425193185a5b.csv,1268,2026-08-21T15:32:18.198485+00:00,1.0
2025-12-01,2025,2025-26,December,"BPCL-KOCHI, KERALA",individual,1405.75,Thousand Metric Tonnes (TMT),PPAC / Ministry of Petroleum and Natural Gas,8d3b6596-b09e-4077-aebf-425193185a5b.csv,1269,2026-08-21T15:32:18.198485+00:00,1.0
2025-12-01,2025,2025-26,December,BPCL-TOTAL,subtotal,3480.54,Thousand Metric Tonnes (TMT),PPAC / Ministry of Petroleum and Natural Gas,8d3b6596-b09e-4077-aebf-425193185a5b.csv,1270,2026-08-21T15:32:18.198485+00:00,1.0
2025-12-01,2025,2025-26,December,RIL TOTAL,subtotal,6208.54,Thousand Metric Tonnes (TMT),PPAC / Ministry of Petroleum and Natural Gas,8d3b6596-b09e-4077-aebf-425193185a5b.csv,1271,2026-08-21T15:32:18.198485+00:00,1.0
2026-01-01,2026,2025-26,January,"IOCL-BARAUNI,BIHAR",individual,540.95,Thousand Metric Tonnes (TMT),PPAC / Ministry of Petroleum and Natural Gas,8d3b6596-b09e-4077-aebf-425193185a5b.csv,1272,2026-08-21T15:32:18.198485+00:00,1.0
2026-01-01,2026,2025-26,January,BPCL-BINA,individual,727.02,Thousand Metric Tonnes (TMT),PPAC / Ministry of Petroleum and Natural Gas,8d3b6596-b09e-4077-aebf-425193185a5b.csv,1273,2026-08-21T15:32:18.198485+00:00,1.0
2026-01-01,2026,2025-26,January,"ONGC-TATIPAKA,ANDHRA PRADESH",individual,6.83,Thousand Metric Tonnes (TMT),PPAC / Ministry of Petroleum and Natural Gas,8d3b6596-b09e-4077-aebf-425193185a5b.csv,1274,2026-08-21T15:32:18.198485+00:00,1.0
2026-01-01,2026,2025-26,January,"MRPL-MANGALORE,KARNATAKA",individual,1531.88,Thousand Metric Tonnes (TMT),PPAC / Ministry of Petroleum and Natural Gas,8d3b6596-b09e-4077-aebf-425193185a5b.csv,1275,2026-08-21T15:32:18.198485+00:00,1.0
2026-01-01,2026,2025-26,January,"HPCL-VISAKH,ANDHRA PRADESH",individual,1296.3,Thousand Metric Tonnes (TMT),PPAC / Ministry of Petroleum and Natural Gas,8d3b6596-b09e-4077-aebf-425193185a5b.csv,1276,2026-08-21T15:32:18.198485+00:00,1.0
2026-01-01,2026,2025-26,January,"RIL-(SEZ), JAMNAGAR,GUJARAT",individual,2850.72,Thousand Metric Tonnes (TMT),PPAC / Ministry of Petroleum and Natural Gas,8d3b6596-b09e-4077-aebf-425193185a5b.csv,1277,2026-08-21T15:32:18.198485+00:00,1.0
2026-01-01,2026,2025-26,January,"NEL-VADINAR,GUJARAT",individual,1588.88,Thousand Metric Tonnes (TMT),PPAC / Ministry of Petroleum and Natural Gas,8d3b6596-b09e-4077-aebf-425193185a5b.csv,1278,2026-08-21T15:32:18.198485+00:00,1.0
2026-02-01,2026,2025-26,February,"IOCL-PARADIP,ODISHA",individual,1254.01,Thousand Metric Tonnes (TMT),PPAC / Ministry of Petroleum and Natural Gas,8d3b6596-b09e-4077-aebf-425193185a5b.csv,1279,2026-08-21T15:32:18.198485+00:00,1.0
2026-02-01,2026,2025-26,February,CPCL-TOTAL,subtotal,920.08,Thousand Metric Tonnes (TMT),PPAC / Ministry of Petroleum and Natural Gas,8d3b6596-b09e-4077-aebf-425193185a5b.csv,1280,2026-08-21T15:32:18.198485+00:00,1.0
2026-02-01,2026,2025-26,February,"BPCL-MUMBAI, MAHARASHTRA",individual,1275.24,Thousand Metric Tonnes (TMT),PPAC / Ministry of Petroleum and Natural Gas,8d3b6596-b09e-4077-aebf-425193185a5b.csv,1281,2026-08-21T15:32:18.198485+00:00,1.0
2026-02-01,2026,2025-26,February,"NRL-NUMALIGARH, ASSAM",individual,255.02,Thousand Metric Tonnes (TMT),PPAC / Ministry of Petroleum and Natural Gas,8d3b6596-b09e-4077-aebf-425193185a5b.csv,1282,2026-08-21T15:32:18.198485+00:00,1.0
2026-02-01,2026,2025-26,February,"HMEL-GGSR, BATHINDA, PUNJAB",individual,989.4,Thousand Metric Tonnes (TMT),PPAC / Ministry of Petroleum and Natural Gas,8d3b6596-b09e-4077-aebf-425193185a5b.csv,1283,2026-08-21T15:32:18.198485+00:00,1.0
2026-02-01,2026,2025-26,February,HPCL-TOTAL,subtotal,3038.47,Thousand Metric Tonnes (TMT),PPAC / Ministry of Petroleum and Natural Gas,8d3b6596-b09e-4077-aebf-425193185a5b.csv,1284,2026-08-21T15:32:18.198485+00:00,1.0
2026-03-01,2026,2025-26,March,"IOCL-PANIPAT, HARYANA",individual,1410.51,Thousand Metric Tonnes (TMT),PPAC / Ministry of Petroleum and Natural Gas,8d3b6596-b09e-4077-aebf-425193185a5b.csv,1285,2026-08-21T15:32:18.198485+00:00,1.0
2026-03-01,2026,2025-26,March,"IOCL-BONGAIGAON,ASSAM",individual,233.29,Thousand Metric Tonnes (TMT),PPAC / Ministry of Petroleum and Natural Gas,8d3b6596-b09e-4077-aebf-425193185a5b.csv,1286,2026-08-21T15:32:18.198485+00:00,1.0
2026-03-01,2026,2025-26,March,"BPCL-MUMBAI, MAHARASHTRA",individual,1264.18,Thousand Metric Tonnes (TMT),PPAC / Ministry of Petroleum and Natural Gas,8d3b6596-b09e-4077-aebf-425193185a5b.csv,1287,2026-08-21T15:32:18.198485+00:00,1.0
2026-03-01,2026,2025-26,March,"HPCL-VISAKH,ANDHRA PRADESH",individual,1368.34,Thousand Metric Tonnes (TMT),PPAC / Ministry of Petroleum and Natural Gas,8d3b6596-b09e-4077-aebf-425193185a5b.csv,1288,2026-08-21T15:32:18.198485+00:00,1.0
2026-03-01,2026,2025-26,March,"NEL-VADINAR,GUJARAT",individual,1654.21,Thousand Metric Tonnes (TMT),PPAC / Ministry of Petroleum and Natural Gas,8d3b6596-b09e-4077-aebf-425193185a5b.csv,1289,2026-08-21T15:32:18.198485+00:00,1.0
2024-04-01,2024,2024-25,April,"IOCL-BONGAIGAON,ASSAM",individual,244.49,Thousand Metric Tonnes (TMT),PPAC / Ministry of Petroleum and Natural Gas,8d3b6596-b09e-4077-aebf-425193185a5b.csv,1290,2026-08-21T15:32:18.198485+00:00,1.0
2024-04-01,2024,2024-25,April,"CPCL-MANALI, TAMILNADU",individual,867.12,Thousand Metric Tonnes (TMT),PPAC / Ministry of Petroleum and Natural Gas,8d3b6596-b09e-4077-aebf-425193185a5b.csv,1291,2026-08-21T15:32:18.198485+00:00,1.0
2024-04-01,2024,2024-25,April,BPCL-TOTAL,subtotal,3442.83,Thousand Metric Tonnes (TMT),PPAC / Ministry of Petroleum and Natural Gas,8d3b6596-b09e-4077-aebf-425193185a5b.csv,1292,2026-08-21T15:32:18.198485+00:00,1.0
2024-04-01,2024,2024-25,April,"NEL-VADINAR,GUJARAT",individual,1698.61,Thousand Metric Tonnes (TMT),PPAC / Ministry of Petroleum and Natural Gas,8d3b6596-b09e-4077-aebf-425193185a5b.csv,1293,2026-08-21T15:32:18.198485+00:00,1.0
2024-05-01,2024,2024-25,May,"IOCL-GUWAHATI,ASSAM",individual,110.96,Thousand Metric Tonnes (TMT),PPAC / Ministry of Petroleum and Natural Gas,8d3b6596-b09e-4077-aebf-425193185a5b.csv,1294,2026-08-21T15:32:18.198485+00:00,1.0
2024-05-01,2024,2024-25,May,"BPCL-KOCHI, KERALA",individual,1507.95,Thousand Metric Tonnes (TMT),PPAC / Ministry of Petroleum and Natural Gas,8d3b6596-b09e-4077-aebf-425193185a5b.csv,1295,2026-08-21T15:32:18.198485+00:00,1.0
2024-05-01,2024,2024-25,May,BPCL-TOTAL,subtotal,3453.71,Thousand Metric Tonnes (TMT),PPAC / Ministry of Petroleum and Natural Gas,8d3b6596-b09e-4077-aebf-425193185a5b.csv,1296,2026-08-21T15:32:18.198485+00:00,1.0
2024-05-01,2024,2024-25,May,"NRL-NUMALIGARH, ASSAM",individual,276.87,Thousand Metric Tonnes (TMT),PPAC / Ministry of Petroleum and Natural Gas,8d3b6596-b09e-4077-aebf-425193185a5b.csv,1297,2026-08-21T15:32:18.198485+00:00,1.0
2024-05-01,2024,2024-25,May,"HPCL-VISAKH,ANDHRA PRADESH",individual,1354.32,Thousand Metric Tonnes (TMT),PPAC / Ministry of Petroleum and Natural Gas,8d3b6596-b09e-4077-aebf-425193185a5b.csv,1298,2026-08-21T15:32:18.198485+00:00,1.0
2024-05-01,2024,2024-25,May,GRAND TOTAL,grand_total,23026.82,Thousand Metric Tonnes (TMT),PPAC / Ministry of Petroleum and Natural Gas,8d3b6596-b09e-4077-aebf-425193185a5b.csv,1299,2026-08-21T15:32:18.198485+00:00,1.0
2024-06-01,2024,2024-25,June,"IOCL-PANIPAT, HARYANA",individual,1298.85,Thousand Metric Tonnes (TMT),PPAC / Ministry of Petroleum and Natural Gas,8d3b6596-b09e-4077-aebf-425193185a5b.csv,1300,2026-08-21T15:32:18.198485+00:00,1.0
2024-06-01,2024,2024-25,June,"BPCL-KOCHI, KERALA",individual,1482.26,Thousand Metric Tonnes (TMT),PPAC / Ministry of Petroleum and Natural Gas,8d3b6596-b09e-4077-aebf-425193185a5b.csv,1301,2026-08-21T15:32:18.198485+00:00,1.0
2024-06-01,2024,2024-25,June,"HPCL-MUMBAI,MAHARASHTRA",individual,884.83,Thousand Metric Tonnes (TMT),PPAC / Ministry of Petroleum and Natural Gas,8d3b6596-b09e-4077-aebf-425193185a5b.csv,1302,2026-08-21T15:32:18.198485+00:00,1.0
2024-06-01,2024,2024-25,June,RIL TOTAL,subtotal,5459.32,Thousand Metric Tonnes (TMT),PPAC / Ministry of Petroleum and Natural Gas,8d3b6596-b09e-4077-aebf-425193185a5b.csv,1303,2026-08-21T15:32:18.198485+00:00,1.0
2024-06-01,2024,2024-25,June,"NEL-VADINAR,GUJARAT",individual,1598.32,Thousand Metric Tonnes (TMT),PPAC / Ministry of Petroleum and Natural Gas,8d3b6596-b09e-4077-aebf-425193185a5b.csv,1304,2026-08-21T15:32:18.198485+00:00,1.0
2024-07-01,2024,2024-25,July,"IOCL-PANIPAT, HARYANA",individual,1241.43,Thousand Metric Tonnes (TMT),PPAC / Ministry of Petroleum and Natural Gas,8d3b6596-b09e-4077-aebf-425193185a5b.csv,1305,2026-08-21T15:32:18.198485+00:00,1.0
2024-07-01,2024,2024-25,July,"IOCL-DIGBOI,ASSAM",individual,57.41,Thousand Metric Tonnes (TMT),PPAC / Ministry of Petroleum and Natural Gas,8d3b6596-b09e-4077-aebf-425193185a5b.csv,1306,2026-08-21T15:32:18.198485+00:00,1.0
2024-07-01,2024,2024-25,July,"IOCL-BONGAIGAON,ASSAM",individual,252.61,Thousand Metric Tonnes (TMT),PPAC / Ministry of Petroleum and Natural Gas,8d3b6596-b09e-4077-aebf-425193185a5b.csv,1307,2026-08-21T15:32:18.198485+00:00,1.0
2024-07-01,2024,2024-25,July,"BPCL-KOCHI, KERALA",individual,1549.85,Thousand Metric Tonnes (TMT),PPAC / Ministry of Petroleum and Natural Gas,8d3b6596-b09e-4077-aebf-425193185a5b.csv,1308,2026-08-21T15:32:18.198485+00:00,1.0
2024-07-01,2024,2024-25,July,ONGC TOTAL,subtotal,1484.12,Thousand Metric Tonnes (TMT),PPAC / Ministry of Petroleum and Natural Gas,8d3b6596-b09e-4077-aebf-425193185a5b.csv,1309,2026-08-21T15:32:18.198485+00:00,1.0
2024-07-01,2024,2024-25,July,"HPCL-VISAKH,ANDHRA PRADESH",individual,1309.6,Thousand Metric Tonnes (TMT),PPAC / Ministry of Petroleum and Natural Gas,8d3b6596-b09e-4077-aebf-425193185a5b.csv,1310,2026-08-21T15:32:18.198485+00:00,1.0
2024-07-01,2024,2024-25,July,"HMEL-GGSR, BATHINDA, PUNJAB",individual,1111.37,Thousand Metric Tonnes (TMT),PPAC / Ministry of Petroleum and Natural Gas,8d3b6596-b09e-4077-aebf-425193185a5b.csv,1311,2026-08-21T15:32:18.198485+00:00,1.0
2024-07-01,2024,2024-25,July,"RIL,JAMNAGAR,GUJARAT",individual,2985.82,Thousand Metric Tonnes (TMT),PPAC / Ministry of Petroleum and Natural Gas,8d3b6596-b09e-4077-aebf-425193185a5b.csv,1312,2026-08-21T15:32:18.198485+00:00,1.0
2024-07-01,2024,2024-25,July,RIL TOTAL,subtotal,5498.3,Thousand Metric Tonnes (TMT),PPAC / Ministry of Petroleum and Natural Gas,8d3b6596-b09e-4077-aebf-425193185a5b.csv,1313,2026-08-21T15:32:18.198485+00:00,1.0
2024-07-01,2024,2024-25,July,GRAND TOTAL,grand_total,22586.03,Thousand Metric Tonnes (TMT),PPAC / Ministry of Petroleum and Natural Gas,8d3b6596-b09e-4077-aebf-425193185a5b.csv,1314,2026-08-21T15:32:18.198485+00:00,1.0
2024-08-01,2024,2024-25,August,"IOCL-BONGAIGAON,ASSAM",individual,236.85,Thousand Metric Tonnes (TMT),PPAC / Ministry of Petroleum and Natural Gas,8d3b6596-b09e-4077-aebf-425193185a5b.csv,1315,2026-08-21T15:32:18.198485+00:00,1.0
2024-08-01,2024,2024-25,August,"BPCL-MUMBAI, MAHARASHTRA",individual,1360.38,Thousand Metric Tonnes (TMT),PPAC / Ministry of Petroleum and Natural Gas,8d3b6596-b09e-4077-aebf-425193185a5b.csv,1316,2026-08-21T15:32:18.198485+00:00,1.0
2024-08-01,2024,2024-25,August,BPCL-TOTAL,subtotal,3398.96,Thousand Metric Tonnes (TMT),PPAC / Ministry of Petroleum and Natural Gas,8d3b6596-b09e-4077-aebf-425193185a5b.csv,1317,2026-08-21T15:32:18.198485+00:00,1.0
2024-08-01,2024,2024-25,August,"NRL-NUMALIGARH, ASSAM",individual,216.24,Thousand Metric Tonnes (TMT),PPAC / Ministry of Petroleum and Natural Gas,8d3b6596-b09e-4077-aebf-425193185a5b.csv,1318,2026-08-21T15:32:18.198485+00:00,1.0
2024-08-01,2024,2024-25,August,"MRPL-MANGALORE,KARNATAKA",individual,1496.51,Thousand Metric Tonnes (TMT),PPAC / Ministry of Petroleum and Natural Gas,8d3b6596-b09e-4077-aebf-425193185a5b.csv,1319,2026-08-21T15:32:18.198485+00:00,1.0
2024-08-01,2024,2024-25,August,HPCL & JV-TOTAL,subtotal,3092.83,Thousand Metric Tonnes (TMT),PPAC / Ministry of Petroleum and Natural Gas,8d3b6596-b09e-4077-aebf-425193185a5b.csv,1320,2026-08-21T15:32:18.198485+00:00,1.0
2024-08-01,2024,2024-25,August,"RIL,JAMNAGAR,GUJARAT",individual,2921.46,Thousand Metric Tonnes (TMT),PPAC / Ministry of Petroleum and Natural Gas,8d3b6596-b09e-4077-aebf-425193185a5b.csv,1321,2026-08-21T15:32:18.198485+00:00,1.0
2024-09-01,2024,2024-25,September,"IOCL-BARAUNI,BIHAR",individual,485.73,Thousand Metric Tonnes (TMT),PPAC / Ministry of Petroleum and Natural Gas,8d3b6596-b09e-4077-aebf-425193185a5b.csv,1322,2026-08-21T15:32:18.198485+00:00,1.0
2024-09-01,2024,2024-25,September,"IOCL-KOYALI, GUJARAT",individual,1315.61,Thousand Metric Tonnes (TMT),PPAC / Ministry of Petroleum and Natural Gas,8d3b6596-b09e-4077-aebf-425193185a5b.csv,1323,2026-08-21T15:32:18.198485+00:00,1.0
2024-09-01,2024,2024-25,September,"CPCL-MANALI, TAMILNADU",individual,537.83,Thousand Metric Tonnes (TMT),PPAC / Ministry of Petroleum and Natural Gas,8d3b6596-b09e-4077-aebf-425193185a5b.csv,1324,2026-08-21T15:32:18.198485+00:00,1.0
2024-09-01,2024,2024-25,September,"RIL-(SEZ), JAMNAGAR,GUJARAT",individual,2697.43,Thousand Metric Tonnes (TMT),PPAC / Ministry of Petroleum and Natural Gas,8d3b6596-b09e-4077-aebf-425193185a5b.csv,1325,2026-08-21T15:32:18.198485+00:00,1.0
2024-09-01,2024,2024-25,September,GRAND TOTAL,grand_total,21202.6,Thousand Metric Tonnes (TMT),PPAC / Ministry of Petroleum and Natural Gas,8d3b6596-b09e-4077-aebf-425193185a5b.csv,1326,2026-08-21T15:32:18.198485+00:00,1.0
2024-10-01,2024,2024-25,October,"IOCL-HALDIA, WEST BENGAL",individual,364.32,Thousand Metric Tonnes (TMT),PPAC / Ministry of Petroleum and Natural Gas,8d3b6596-b09e-4077-aebf-425193185a5b.csv,1327,2026-08-21T15:32:18.198485+00:00,1.0
2024-10-01,2024,2024-25,October,"IOCL-GUWAHATI,ASSAM",individual,109.88,Thousand Metric Tonnes (TMT),PPAC / Ministry of Petroleum and Natural Gas,8d3b6596-b09e-4077-aebf-425193185a5b.csv,1328,2026-08-21T15:32:18.198485+00:00,1.0
2024-10-01,2024,2024-25,October,IOCL TOTAL,subtotal,5400.26,Thousand Metric Tonnes (TMT),PPAC / Ministry of Petroleum and Natural Gas,8d3b6596-b09e-4077-aebf-425193185a5b.csv,1329,2026-08-21T15:32:18.198485+00:00,1.0
2024-10-01,2024,2024-25,October,"CPCL-MANALI, TAMILNADU",individual,704.52,Thousand Metric Tonnes (TMT),PPAC / Ministry of Petroleum and Natural Gas,8d3b6596-b09e-4077-aebf-425193185a5b.csv,1330,2026-08-21T15:32:18.198485+00:00,1.0
2024-10-01,2024,2024-25,October,"RIL-(SEZ), JAMNAGAR,GUJARAT",individual,2586.73,Thousand Metric Tonnes (TMT),PPAC / Ministry of Petroleum and Natural Gas,8d3b6596-b09e-4077-aebf-425193185a5b.csv,1331,2026-08-21T15:32:18.198485+00:00,1.0
2024-11-01,2024,2024-25,November,"IOCL-BARAUNI,BIHAR",individual,569.05,Thousand Metric Tonnes (TMT),PPAC / Ministry of Petroleum and Natural Gas,8d3b6596-b09e-4077-aebf-425193185a5b.csv,1332,2026-08-21T15:32:18.198485+00:00,1.0
2024-11-01,2024,2024-25,November,"MRPL-MANGALORE,KARNATAKA",individual,1506.85,Thousand Metric Tonnes (TMT),PPAC / Ministry of Petroleum and Natural Gas,8d3b6596-b09e-4077-aebf-425193185a5b.csv,1333,2026-08-21T15:32:18.198485+00:00,1.0
2024-11-01,2024,2024-25,November,"HMEL-GGSR, BATHINDA, PUNJAB",individual,1070.78,Thousand Metric Tonnes (TMT),PPAC / Ministry of Petroleum and Natural Gas,8d3b6596-b09e-4077-aebf-425193185a5b.csv,1334,2026-08-21T15:32:18.198485+00:00,1.0
2024-11-01,2024,2024-25,November,"RIL-(SEZ), JAMNAGAR,GUJARAT",individual,2390.53,Thousand Metric Tonnes (TMT),PPAC / Ministry of Petroleum and Natural Gas,8d3b6596-b09e-4077-aebf-425193185a5b.csv,1335,2026-08-21T15:32:18.198485+00:00,1.0
2024-12-01,2024,2024-25,December,"IOCL-KOYALI, GUJARAT",individual,1317.77,Thousand Metric Tonnes (TMT),PPAC / Ministry of Petroleum and Natural Gas,8d3b6596-b09e-4077-aebf-425193185a5b.csv,1336,2026-08-21T15:32:18.198485+00:00,1.0
2024-12-01,2024,2024-25,December,"IOCL-DIGBOI,ASSAM",individual,63.1,Thousand Metric Tonnes (TMT),PPAC / Ministry of Petroleum and Natural Gas,8d3b6596-b09e-4077-aebf-425193185a5b.csv,1337,2026-08-21T15:32:18.198485+00:00,1.0
2024-12-01,2024,2024-25,December,IOCL TOTAL,subtotal,6696.48,Thousand Metric Tonnes (TMT),PPAC / Ministry of Petroleum and Natural Gas,8d3b6596-b09e-4077-aebf-425193185a5b.csv,1338,2026-08-21T15:32:18.198485+00:00,1.0
2024-12-01,2024,2024-25,December,"CPCL-MANALI, TAMILNADU",individual,945.46,Thousand Metric Tonnes (TMT),PPAC / Ministry of Petroleum and Natural Gas,8d3b6596-b09e-4077-aebf-425193185a5b.csv,1339,2026-08-21T15:32:18.198485+00:00,1.0
2024-12-01,2024,2024-25,December,BPCL-TOTAL,subtotal,3497.3,Thousand Metric Tonnes (TMT),PPAC / Ministry of Petroleum and Natural Gas,8d3b6596-b09e-4077-aebf-425193185a5b.csv,1340,2026-08-21T15:32:18.198485+00:00,1.0
2024-12-01,2024,2024-25,December,HPCL & JV-TOTAL,subtotal,3368.62,Thousand Metric Tonnes (TMT),PPAC / Ministry of Petroleum and Natural Gas,8d3b6596-b09e-4077-aebf-425193185a5b.csv,1341,2026-08-21T15:32:18.198485+00:00,1.0
2024-12-01,2024,2024-25,December,"RIL-(SEZ), JAMNAGAR,GUJARAT",individual,2723.83,Thousand Metric Tonnes (TMT),PPAC / Ministry of Petroleum and Natural Gas,8d3b6596-b09e-4077-aebf-425193185a5b.csv,1342,2026-08-21T15:32:18.198485+00:00,1.0
2024-12-01,2024,2024-25,December,GRAND TOTAL,grand_total,23870.13,Thousand Metric Tonnes (TMT),PPAC / Ministry of Petroleum and Natural Gas,8d3b6596-b09e-4077-aebf-425193185a5b.csv,1343,2026-08-21T15:32:18.198485+00:00,1.0
2025-01-01,2025,2024-25,January,"IOCL-BARAUNI,BIHAR",individual,543.6,Thousand Metric Tonnes (TMT),PPAC / Ministry of Petroleum and Natural Gas,8d3b6596-b09e-4077-aebf-425193185a5b.csv,1344,2026-08-21T15:32:18.198485+00:00,1.0
2025-01-01,2025,2024-25,January,"CPCL-MANALI, TAMILNADU",individual,1002.42,Thousand Metric Tonnes (TMT),PPAC / Ministry of Petroleum and Natural Gas,8d3b6596-b09e-4077-aebf-425193185a5b.csv,1345,2026-08-21T15:32:18.198485+00:00,1.0
2025-01-01,2025,2024-25,January,"BPCL-MUMBAI, MAHARASHTRA",individual,1390.55,Thousand Metric Tonnes (TMT),PPAC / Ministry of Petroleum and Natural Gas,8d3b6596-b09e-4077-aebf-425193185a5b.csv,1346,2026-08-21T15:32:18.198485+00:00,1.0
2025-01-01,2025,2024-25,January,"BPCL-KOCHI, KERALA",individual,1522.88,Thousand Metric Tonnes (TMT),PPAC / Ministry of Petroleum and Natural Gas,8d3b6596-b09e-4077-aebf-425193185a5b.csv,1347,2026-08-21T15:32:18.198485+00:00,1.0
2025-01-01,2025,2024-25,January,"NRL-NUMALIGARH, ASSAM",individual,287.6,Thousand Metric Tonnes (TMT),PPAC / Ministry of Petroleum and Natural Gas,8d3b6596-b09e-4077-aebf-425193185a5b.csv,1348,2026-08-21T15:32:18.198485+00:00,1.0
2025-01-01,2025,2024-25,January,"MRPL-MANGALORE,KARNATAKA",individual,1576.56,Thousand Metric Tonnes (TMT),PPAC / Ministry of Petroleum and Natural Gas,8d3b6596-b09e-4077-aebf-425193185a5b.csv,1349,2026-08-21T15:32:18.198485+00:00,1.0
2025-01-01,2025,2024-25,January,ONGC TOTAL,subtotal,1583.57,Thousand Metric Tonnes (TMT),PPAC / Ministry of Petroleum and Natural Gas,8d3b6596-b09e-4077-aebf-425193185a5b.csv,1350,2026-08-21T15:32:18.198485+00:00,1.0
2025-01-01,2025,2024-25,January,RIL TOTAL,subtotal,5609.56,Thousand Metric Tonnes (TMT),PPAC / Ministry of Petroleum and Natural Gas,8d3b6596-b09e-4077-aebf-425193185a5b.csv,1351,2026-08-21T15:32:18.198485+00:00,1.0
2025-01-01,2025,2024-25,January,"NEL-VADINAR,GUJARAT",individual,1744.5,Thousand Metric Tonnes (TMT),PPAC / Ministry of Petroleum and Natural Gas,8d3b6596-b09e-4077-aebf-425193185a5b.csv,1352,2026-08-21T15:32:18.198485+00:00,1.0
2025-02-01,2025,2024-25,February,"IOCL-MATHURA, UTTAR PRADESH",individual,790.15,Thousand Metric Tonnes (TMT),PPAC / Ministry of Petroleum and Natural Gas,8d3b6596-b09e-4077-aebf-425193185a5b.csv,1353,2026-08-21T15:32:18.198485+00:00,1.0
2025-02-01,2025,2024-25,February,"IOCL-PANIPAT, HARYANA",individual,1163.74,Thousand Metric Tonnes (TMT),PPAC / Ministry of Petroleum and Natural Gas,8d3b6596-b09e-4077-aebf-425193185a5b.csv,1354,2026-08-21T15:32:18.198485+00:00,1.0
2025-02-01,2025,2024-25,February,"IOCL-GUWAHATI,ASSAM",individual,98.79,Thousand Metric Tonnes (TMT),PPAC / Ministry of Petroleum and Natural Gas,8d3b6596-b09e-4077-aebf-425193185a5b.csv,1355,2026-08-21T15:32:18.198485+00:00,1.0
2025-02-01,2025,2024-25,February,"IOCL-PARADIP,ODISHA",individual,1296.51,Thousand Metric Tonnes (TMT),PPAC / Ministry of Petroleum and Natural Gas,8d3b6596-b09e-4077-aebf-425193185a5b.csv,1356,2026-08-21T15:32:18.198485+00:00,1.0
2025-02-01,2025,2024-25,February,"CPCL-MANALI, TAMILNADU",individual,950.91,Thousand Metric Tonnes (TMT),PPAC / Ministry of Petroleum and Natural Gas,8d3b6596-b09e-4077-aebf-425193185a5b.csv,1357,2026-08-21T15:32:18.198485+00:00,1.0
2025-02-01,2025,2024-25,February,"RIL-(SEZ), JAMNAGAR,GUJARAT",individual,2555.69,Thousand Metric Tonnes (TMT),PPAC / Ministry of Petroleum and Natural Gas,8d3b6596-b09e-4077-aebf-425193185a5b.csv,1358,2026-08-21T15:32:18.198485+00:00,1.0
2025-02-01,2025,2024-25,February,"NEL-VADINAR,GUJARAT",individual,1584.13,Thousand Metric Tonnes (TMT),PPAC / Ministry of Petroleum and Natural Gas,8d3b6596-b09e-4077-aebf-425193185a5b.csv,1359,2026-08-21T15:32:18.198485+00:00,1.0
2025-03-01,2025,2024-25,March,"IOCL-DIGBOI,ASSAM",individual,66.17,Thousand Metric Tonnes (TMT),PPAC / Ministry of Petroleum and Natural Gas,8d3b6596-b09e-4077-aebf-425193185a5b.csv,1360,2026-08-21T15:32:18.198485+00:00,1.0
2025-03-01,2025,2024-25,March,"IOCL-BONGAIGAON,ASSAM",individual,258.6,Thousand Metric Tonnes (TMT),PPAC / Ministry of Petroleum and Natural Gas,8d3b6596-b09e-4077-aebf-425193185a5b.csv,1361,2026-08-21T15:32:18.198485+00:00,1.0
2025-03-01,2025,2024-25,March,"RIL-(SEZ), JAMNAGAR,GUJARAT",individual,2867.0,Thousand Metric Tonnes (TMT),PPAC / Ministry of Petroleum and Natural Gas,8d3b6596-b09e-4077-aebf-425193185a5b.csv,1362,2026-08-21T15:32:18.198485+00:00,1.0
2025-03-01,2025,2024-25,March,RIL TOTAL,subtotal,5821.35,Thousand Metric Tonnes (TMT),PPAC / Ministry of Petroleum and Natural Gas,8d3b6596-b09e-4077-aebf-425193185a5b.csv,1363,2026-08-21T15:32:18.198485+00:00,1.0
2023-04-01,2023,2023-24,April,"IOCL-KOYALI, GUJARAT",individual,1121.57,Thousand Metric Tonnes (TMT),PPAC / Ministry of Petroleum and Natural Gas,8d3b6596-b09e-4077-aebf-425193185a5b.csv,1364,2026-08-21T15:32:18.198485+00:00,1.0
2023-04-01,2023,2023-24,April,"IOCL-PANIPAT, HARYANA",individual,1251.74,Thousand Metric Tonnes (TMT),PPAC / Ministry of Petroleum and Natural Gas,8d3b6596-b09e-4077-aebf-425193185a5b.csv,1365,2026-08-21T15:32:18.198485+00:00,1.0
2023-04-01,2023,2023-24,April,ONGC TOTAL,subtotal,1475.55,Thousand Metric Tonnes (TMT),PPAC / Ministry of Petroleum and Natural Gas,8d3b6596-b09e-4077-aebf-425193185a5b.csv,1366,2026-08-21T15:32:18.198485+00:00,1.0
2023-04-01,2023,2023-24,April,"HPCL-VISAKH,ANDHRA PRADESH",individual,844.74,Thousand Metric Tonnes (TMT),PPAC / Ministry of Petroleum and Natural Gas,8d3b6596-b09e-4077-aebf-425193185a5b.csv,1367,2026-08-21T15:32:18.198485+00:00,1.0
2023-04-01,2023,2023-24,April,"RIL,JAMNAGAR,GUJARAT",individual,2841.68,Thousand Metric Tonnes (TMT),PPAC / Ministry of Petroleum and Natural Gas,8d3b6596-b09e-4077-aebf-425193185a5b.csv,1368,2026-08-21T15:32:18.198485+00:00,1.0
2023-05-01,2023,2023-24,May,"IOCL-PANIPAT, HARYANA",individual,1263.15,Thousand Metric Tonnes (TMT),PPAC / Ministry of Petroleum and Natural Gas,8d3b6596-b09e-4077-aebf-425193185a5b.csv,1369,2026-08-21T15:32:18.198485+00:00,1.0
2023-05-01,2023,2023-24,May,"HPCL-VISAKH,ANDHRA PRADESH",individual,1066.12,Thousand Metric Tonnes (TMT),PPAC / Ministry of Petroleum and Natural Gas,8d3b6596-b09e-4077-aebf-425193185a5b.csv,1370,2026-08-21T15:32:18.198485+00:00,1.0
2023-05-01,2023,2023-24,May,RIL TOTAL,subtotal,5647.78,Thousand Metric Tonnes (TMT),PPAC / Ministry of Petroleum and Natural Gas,8d3b6596-b09e-4077-aebf-425193185a5b.csv,1371,2026-08-21T15:32:18.198485+00:00,1.0
2023-06-01,2023,2023-24,June,"IOCL-PANIPAT, HARYANA",individual,1277.62,Thousand Metric Tonnes (TMT),PPAC / Ministry of Petroleum and Natural Gas,8d3b6596-b09e-4077-aebf-425193185a5b.csv,1372,2026-08-21T15:32:18.198485+00:00,1.0
2023-06-01,2023,2023-24,June,BORL-BINA,individual,579.83,Thousand Metric Tonnes (TMT),PPAC / Ministry of Petroleum and Natural Gas,8d3b6596-b09e-4077-aebf-425193185a5b.csv,1373,2026-08-21T15:32:18.198485+00:00,1.0
2023-06-01,2023,2023-24,June,"HPCL-VISAKH,ANDHRA PRADESH",individual,1049.8,Thousand Metric Tonnes (TMT),PPAC / Ministry of Petroleum and Natural Gas,8d3b6596-b09e-4077-aebf-425193185a5b.csv,1374,2026-08-21T15:32:18.198485+00:00,1.0
2023-07-01,2023,2023-24,July,"IOCL-HALDIA, WEST BENGAL",individual,677.19,Thousand Metric Tonnes (TMT),PPAC / Ministry of Petroleum and Natural Gas,8d3b6596-b09e-4077-aebf-425193185a5b.csv,1375,2026-08-21T15:32:18.198485+00:00,1.0
2023-07-01,2023,2023-24,July,"IOCL-GUWAHATI,ASSAM",individual,94.73,Thousand Metric Tonnes (TMT),PPAC / Ministry of Petroleum and Natural Gas,8d3b6596-b09e-4077-aebf-425193185a5b.csv,1376,2026-08-21T15:32:18.198485+00:00,1.0
2023-07-01,2023,2023-24,July,"BPCL-MUMBAI, MAHARASHTRA",individual,1367.99,Thousand Metric Tonnes (TMT),PPAC / Ministry of Petroleum and Natural Gas,8d3b6596-b09e-4077-aebf-425193185a5b.csv,1377,2026-08-21T15:32:18.198485+00:00,1.0
2023-07-01,2023,2023-24,July,"HPCL-MUMBAI,MAHARASHTRA",individual,892.93,Thousand Metric Tonnes (TMT),PPAC / Ministry of Petroleum and Natural Gas,8d3b6596-b09e-4077-aebf-425193185a5b.csv,1378,2026-08-21T15:32:18.198485+00:00,1.0
2023-08-01,2023,2023-24,August,"IOCL-MATHURA, UTTAR PRADESH",individual,680.98,Thousand Metric Tonnes (TMT),PPAC / Ministry of Petroleum and Natural Gas,8d3b6596-b09e-4077-aebf-425193185a5b.csv,1379,2026-08-21T15:32:18.198485+00:00,1.0
2023-08-01,2023,2023-24,August,"IOCL-DIGBOI,ASSAM",individual,19.81,Thousand Metric Tonnes (TMT),PPAC / Ministry of Petroleum and Natural Gas,8d3b6596-b09e-4077-aebf-425193185a5b.csv,1380,2026-08-21T15:32:18.198485+00:00,1.0
2023-08-01,2023,2023-24,August,CPCL-TOTAL,subtotal,1000.38,Thousand Metric Tonnes (TMT),PPAC / Ministry of Petroleum and Natural Gas,8d3b6596-b09e-4077-aebf-425193185a5b.csv,1381,2026-08-21T15:32:18.198485+00:00,1.0
2023-08-01,2023,2023-24,August,"NRL-NUMALIGARH, ASSAM",individual,256.76,Thousand Metric Tonnes (TMT),PPAC / Ministry of Petroleum and Natural Gas,8d3b6596-b09e-4077-aebf-425193185a5b.csv,1382,2026-08-21T15:32:18.198485+00:00,1.0
2023-08-01,2023,2023-24,August,GRAND TOTAL,grand_total,21924.43,Thousand Metric Tonnes (TMT),PPAC / Ministry of Petroleum and Natural Gas,8d3b6596-b09e-4077-aebf-425193185a5b.csv,1383,2026-08-21T15:32:18.198485+00:00,1.0
2023-09-01,2023,2023-24,September,"IOCL-MATHURA, UTTAR PRADESH",individual,721.79,Thousand Metric Tonnes (TMT),PPAC / Ministry of Petroleum and Natural Gas,8d3b6596-b09e-4077-aebf-425193185a5b.csv,1384,2026-08-21T15:32:18.198485+00:00,1.0
2023-09-01,2023,2023-24,September,"NRL-NUMALIGARH, ASSAM",individual,275.95,Thousand Metric Tonnes (TMT),PPAC / Ministry of Petroleum and Natural Gas,8d3b6596-b09e-4077-aebf-425193185a5b.csv,1385,2026-08-21T15:32:18.198485+00:00,1.0
2023-09-01,2023,2023-24,September,"MRPL-MANGALORE,KARNATAKA",individual,764.9,Thousand Metric Tonnes (TMT),PPAC / Ministry of Petroleum and Natural Gas,8d3b6596-b09e-4077-aebf-425193185a5b.csv,1386,2026-08-21T15:32:18.198485+00:00,1.0
2023-09-01,2023,2023-24,September,"HMEL-GGSR, BATHINDA, PUNJAB",individual,1074.65,Thousand Metric Tonnes (TMT),PPAC / Ministry of Petroleum and Natural Gas,8d3b6596-b09e-4077-aebf-425193185a5b.csv,1387,2026-08-21T15:32:18.198485+00:00,1.0
2023-09-01,2023,2023-24,September,"RIL-(SEZ), JAMNAGAR,GUJARAT",individual,1986.7,Thousand Metric Tonnes (TMT),PPAC / Ministry of Petroleum and Natural Gas,8d3b6596-b09e-4077-aebf-425193185a5b.csv,1388,2026-08-21T15:32:18.198485+00:00,1.0
2023-10-01,2023,2023-24,October,"IOCL-BARAUNI,BIHAR",individual,503.43,Thousand Metric Tonnes (TMT),PPAC / Ministry of Petroleum and Natural Gas,8d3b6596-b09e-4077-aebf-425193185a5b.csv,1389,2026-08-21T15:32:18.198485+00:00,1.0
2023-10-01,2023,2023-24,October,"IOCL-PANIPAT, HARYANA",individual,1300.18,Thousand Metric Tonnes (TMT),PPAC / Ministry of Petroleum and Natural Gas,8d3b6596-b09e-4077-aebf-425193185a5b.csv,1390,2026-08-21T15:32:18.198485+00:00,1.0
2023-10-01,2023,2023-24,October,"IOCL-GUWAHATI,ASSAM",individual,0.14,Thousand Metric Tonnes (TMT),PPAC / Ministry of Petroleum and Natural Gas,8d3b6596-b09e-4077-aebf-425193185a5b.csv,1391,2026-08-21T15:32:18.198485+00:00,1.0
2023-10-01,2023,2023-24,October,"IOCL-BONGAIGAON,ASSAM",individual,257.97,Thousand Metric Tonnes (TMT),PPAC / Ministry of Petroleum and Natural Gas,8d3b6596-b09e-4077-aebf-425193185a5b.csv,1392,2026-08-21T15:32:18.198485+00:00,1.0
2023-10-01,2023,2023-24,October,"CPCL-MANALI, TAMILNADU",individual,1007.23,Thousand Metric Tonnes (TMT),PPAC / Ministry of Petroleum and Natural Gas,8d3b6596-b09e-4077-aebf-425193185a5b.csv,1393,2026-08-21T15:32:18.198485+00:00,1.0
2023-10-01,2023,2023-24,October,"BPCL-MUMBAI, MAHARASHTRA",individual,740.46,Thousand Metric Tonnes (TMT),PPAC / Ministry of Petroleum and Natural Gas,8d3b6596-b09e-4077-aebf-425193185a5b.csv,1394,2026-08-21T15:32:18.198485+00:00,1.0
2023-10-01,2023,2023-24,October,BORL-BINA,individual,710.06,Thousand Metric Tonnes (TMT),PPAC / Ministry of Petroleum and Natural Gas,8d3b6596-b09e-4077-aebf-425193185a5b.csv,1395,2026-08-21T15:32:18.198485+00:00,1.0
2023-10-01,2023,2023-24,October,BPCL-TOTAL,subtotal,2994.35,Thousand Metric Tonnes (TMT),PPAC / Ministry of Petroleum and Natural Gas,8d3b6596-b09e-4077-aebf-425193185a5b.csv,1396,2026-08-21T15:32:18.198485+00:00,1.0
2023-10-01,2023,2023-24,October,"ONGC-TATIPAKA,ANDHRA PRADESH",individual,4.81,Thousand Metric Tonnes (TMT),PPAC / Ministry of Petroleum and Natural Gas,8d3b6596-b09e-4077-aebf-425193185a5b.csv,1397,2026-08-21T15:32:18.198485+00:00,1.0
2023-10-01,2023,2023-24,October,"HPCL-MUMBAI,MAHARASHTRA",individual,898.01,Thousand Metric Tonnes (TMT),PPAC / Ministry of Petroleum and Natural Gas,8d3b6596-b09e-4077-aebf-425193185a5b.csv,1398,2026-08-21T15:32:18.198485+00:00,1.0
2023-10-01,2023,2023-24,October,"HMEL-GGSR, BATHINDA, PUNJAB",individual,1104.28,Thousand Metric Tonnes (TMT),PPAC / Ministry of Petroleum and Natural Gas,8d3b6596-b09e-4077-aebf-425193185a5b.csv,1399,2026-08-21T15:32:18.198485+00:00,1.0
2023-10-01,2023,2023-24,October,"NEL-VADINAR,GUJARAT",individual,1726.29,Thousand Metric Tonnes (TMT),PPAC / Ministry of Petroleum and Natural Gas,8d3b6596-b09e-4077-aebf-425193185a5b.csv,1400,2026-08-21T15:32:18.198485+00:00,1.0
2023-10-01,2023,2023-24,October,GRAND TOTAL,grand_total,20562.37,Thousand Metric Tonnes (TMT),PPAC / Ministry of Petroleum and Natural Gas,8d3b6596-b09e-4077-aebf-425193185a5b.csv,1401,2026-08-21T15:32:18.198485+00:00,1.0
2023-11-01,2023,2023-24,November,"CPCL-MANALI, TAMILNADU",individual,1001.04,Thousand Metric Tonnes (TMT),PPAC / Ministry of Petroleum and Natural Gas,8d3b6596-b09e-4077-aebf-425193185a5b.csv,1402,2026-08-21T15:32:18.198485+00:00,1.0
2023-11-01,2023,2023-24,November,BPCL-TOTAL,subtotal,3117.07,Thousand Metric Tonnes (TMT),PPAC / Ministry of Petroleum and Natural Gas,8d3b6596-b09e-4077-aebf-425193185a5b.csv,1403,2026-08-21T15:32:18.198485+00:00,1.0
2023-11-01,2023,2023-24,November,"MRPL-MANGALORE,KARNATAKA",individual,1499.2,Thousand Metric Tonnes (TMT),PPAC / Ministry of Petroleum and Natural Gas,8d3b6596-b09e-4077-aebf-425193185a5b.csv,1404,2026-08-21T15:32:18.198485+00:00,1.0
2023-11-01,2023,2023-24,November,"HPCL-MUMBAI,MAHARASHTRA",individual,858.19,Thousand Metric Tonnes (TMT),PPAC / Ministry of Petroleum and Natural Gas,8d3b6596-b09e-4077-aebf-425193185a5b.csv,1405,2026-08-21T15:32:18.198485+00:00,1.0
2023-12-01,2023,2023-24,December,"IOCL-MATHURA, UTTAR PRADESH",individual,815.41,Thousand Metric Tonnes (TMT),PPAC / Ministry of Petroleum and Natural Gas,8d3b6596-b09e-4077-aebf-425193185a5b.csv,1406,2026-08-21T15:32:18.198485+00:00,1.0
2023-12-01,2023,2023-24,December,IOCL TOTAL,subtotal,6526.5,Thousand Metric Tonnes (TMT),PPAC / Ministry of Petroleum and Natural Gas,8d3b6596-b09e-4077-aebf-425193185a5b.csv,1407,2026-08-21T15:32:18.198485+00:00,1.0
2023-12-01,2023,2023-24,December,BPCL-TOTAL,subtotal,3619.88,Thousand Metric Tonnes (TMT),PPAC / Ministry of Petroleum and Natural Gas,8d3b6596-b09e-4077-aebf-425193185a5b.csv,1408,2026-08-21T15:32:18.198485+00:00,1.0
2023-12-01,2023,2023-24,December,ONGC TOTAL,subtotal,1563.95,Thousand Metric Tonnes (TMT),PPAC / Ministry of Petroleum and Natural Gas,8d3b6596-b09e-4077-aebf-425193185a5b.csv,1409,2026-08-21T15:32:18.198485+00:00,1.0
2023-12-01,2023,2023-24,December,"HPCL-VISAKH,ANDHRA PRADESH",individual,907.85,Thousand Metric Tonnes (TMT),PPAC / Ministry of Petroleum and Natural Gas,8d3b6596-b09e-4077-aebf-425193185a5b.csv,1410,2026-08-21T15:32:18.198485+00:00,1.0
2024-01-01,2024,2023-24,January,"IOCL-KOYALI, GUJARAT",individual,1191.57,Thousand Metric Tonnes (TMT),PPAC / Ministry of Petroleum and Natural Gas,8d3b6596-b09e-4077-aebf-425193185a5b.csv,1411,2026-08-21T15:32:18.198485+00:00,1.0
2024-01-01,2024,2023-24,January,"IOCL-HALDIA, WEST BENGAL",individual,742.02,Thousand Metric Tonnes (TMT),PPAC / Ministry of Petroleum and Natural Gas,8d3b6596-b09e-4077-aebf-425193185a5b.csv,1412,2026-08-21T15:32:18.198485+00:00,1.0
2024-01-01,2024,2023-24,January,"IOCL-PANIPAT, HARYANA",individual,1213.87,Thousand Metric Tonnes (TMT),PPAC / Ministry of Petroleum and Natural Gas,8d3b6596-b09e-4077-aebf-425193185a5b.csv,1413,2026-08-21T15:32:18.198485+00:00,1.0
2024-01-01,2024,2023-24,January,CPCL-TOTAL,subtotal,1001.24,Thousand Metric Tonnes (TMT),PPAC / Ministry of Petroleum and Natural Gas,8d3b6596-b09e-4077-aebf-425193185a5b.csv,1414,2026-08-21T15:32:18.198485+00:00,1.0
2024-01-01,2024,2023-24,January,"RIL-(SEZ), JAMNAGAR,GUJARAT",individual,2615.91,Thousand Metric Tonnes (TMT),PPAC / Ministry of Petroleum and Natural Gas,8d3b6596-b09e-4077-aebf-425193185a5b.csv,1415,2026-08-21T15:32:18.198485+00:00,1.0
2024-01-01,2024,2023-24,January,GRAND TOTAL,grand_total,22566.05,Thousand Metric Tonnes (TMT),PPAC / Ministry of Petroleum and Natural Gas,8d3b6596-b09e-4077-aebf-425193185a5b.csv,1416,2026-08-21T15:32:18.198485+00:00,1.0
2024-02-01,2024,2023-24,February,"IOCL-HALDIA, WEST BENGAL",individual,678.34,Thousand Metric Tonnes (TMT),PPAC / Ministry of Petroleum and Natural Gas,8d3b6596-b09e-4077-aebf-425193185a5b.csv,1417,2026-08-21T15:32:18.198485+00:00,1.0
2024-02-01,2024,2023-24,February,"BPCL-MUMBAI, MAHARASHTRA",individual,1307.15,Thousand Metric Tonnes (TMT),PPAC / Ministry of Petroleum and Natural Gas,8d3b6596-b09e-4077-aebf-425193185a5b.csv,1418,2026-08-21T15:32:18.198485+00:00,1.0
2024-02-01,2024,2023-24,February,"NRL-NUMALIGARH, ASSAM",individual,261.6,Thousand Metric Tonnes (TMT),PPAC / Ministry of Petroleum and Natural Gas,8d3b6596-b09e-4077-aebf-425193185a5b.csv,1419,2026-08-21T15:32:18.198485+00:00,1.0
2024-02-01,2024,2023-24,February,"ONGC-TATIPAKA,ANDHRA PRADESH",individual,5.64,Thousand Metric Tonnes (TMT),PPAC / Ministry of Petroleum and Natural Gas,8d3b6596-b09e-4077-aebf-425193185a5b.csv,1420,2026-08-21T15:32:18.198485+00:00,1.0
2024-02-01,2024,2023-24,February,"HPCL-VISAKH,ANDHRA PRADESH",individual,1254.0,Thousand Metric Tonnes (TMT),PPAC / Ministry of Petroleum and Natural Gas,8d3b6596-b09e-4077-aebf-425193185a5b.csv,1421,2026-08-21T15:32:18.198485+00:00,1.0
2024-02-01,2024,2023-24,February,RIL TOTAL,subtotal,4887.22,Thousand Metric Tonnes (TMT),PPAC / Ministry of Petroleum and Natural Gas,8d3b6596-b09e-4077-aebf-425193185a5b.csv,1422,2026-08-21T15:32:18.198485+00:00,1.0
2024-02-01,2024,2023-24,February,GRAND TOTAL,grand_total,20876.75,Thousand Metric Tonnes (TMT),PPAC / Ministry of Petroleum and Natural Gas,8d3b6596-b09e-4077-aebf-425193185a5b.csv,1423,2026-08-21T15:32:18.198485+00:00,1.0
2024-03-01,2024,2023-24,March,"IOCL-GUWAHATI,ASSAM",individual,113.51,Thousand Metric Tonnes (TMT),PPAC / Ministry of Petroleum and Natural Gas,8d3b6596-b09e-4077-aebf-425193185a5b.csv,1424,2026-08-21T15:32:18.198485+00:00,1.0
2024-03-01,2024,2023-24,March,"IOCL-DIGBOI,ASSAM",individual,68.77,Thousand Metric Tonnes (TMT),PPAC / Ministry of Petroleum and Natural Gas,8d3b6596-b09e-4077-aebf-425193185a5b.csv,1425,2026-08-21T15:32:18.198485+00:00,1.0
2024-03-01,2024,2023-24,March,IOCL TOTAL,subtotal,6558.95,Thousand Metric Tonnes (TMT),PPAC / Ministry of Petroleum and Natural Gas,8d3b6596-b09e-4077-aebf-425193185a5b.csv,1426,2026-08-21T15:32:18.198485+00:00,1.0
2024-03-01,2024,2023-24,March,"ONGC-TATIPAKA,ANDHRA PRADESH",individual,5.45,Thousand Metric Tonnes (TMT),PPAC / Ministry of Petroleum and Natural Gas,8d3b6596-b09e-4077-aebf-425193185a5b.csv,1427,2026-08-21T15:32:18.198485+00:00,1.0
2024-03-01,2024,2023-24,March,"RIL,JAMNAGAR,GUJARAT",individual,3016.31,Thousand Metric Tonnes (TMT),PPAC / Ministry of Petroleum and Natural Gas,8d3b6596-b09e-4077-aebf-425193185a5b.csv,1428,2026-08-21T15:32:18.198485+00:00,1.0
2024-03-01,2024,2023-24,March,"RIL-(SEZ), JAMNAGAR,GUJARAT",individual,2562.42,Thousand Metric Tonnes (TMT),PPAC / Ministry of Petroleum and Natural Gas,8d3b6596-b09e-4077-aebf-425193185a5b.csv,1429,2026-08-21T15:32:18.198485+00:00,1.0
2022-04-01,2022,2022-23,April,"IOCL-BARAUNI,BIHAR",individual,550.61,Thousand Metric Tonnes (TMT),PPAC / Ministry of Petroleum and Natural Gas,8d3b6596-b09e-4077-aebf-425193185a5b.csv,1430,2026-08-21T15:32:18.198485+00:00,1.0
2022-04-01,2022,2022-23,April,"IOCL-MATHURA, UTTAR PRADESH",individual,805.13,Thousand Metric Tonnes (TMT),PPAC / Ministry of Petroleum and Natural Gas,8d3b6596-b09e-4077-aebf-425193185a5b.csv,1431,2026-08-21T15:32:18.198485+00:00,1.0
2022-04-01,2022,2022-23,April,"IOCL-GUWAHATI,ASSAM",individual,89.86,Thousand Metric Tonnes (TMT),PPAC / Ministry of Petroleum and Natural Gas,8d3b6596-b09e-4077-aebf-425193185a5b.csv,1432,2026-08-21T15:32:18.198485+00:00,1.0
2022-04-01,2022,2022-23,April,IOCL TOTAL,subtotal,6237.26,Thousand Metric Tonnes (TMT),PPAC / Ministry of Petroleum and Natural Gas,8d3b6596-b09e-4077-aebf-425193185a5b.csv,1433,2026-08-21T15:32:18.198485+00:00,1.0
2022-04-01,2022,2022-23,April,"CPCL-MANALI, TAMILNADU",individual,904.2,Thousand Metric Tonnes (TMT),PPAC / Ministry of Petroleum and Natural Gas,8d3b6596-b09e-4077-aebf-425193185a5b.csv,1434,2026-08-21T15:32:18.198485+00:00,1.0
2022-04-01,2022,2022-23,April,BPCL-TOTAL,subtotal,3300.36,Thousand Metric Tonnes (TMT),PPAC / Ministry of Petroleum and Natural Gas,8d3b6596-b09e-4077-aebf-425193185a5b.csv,1435,2026-08-21T15:32:18.198485+00:00,1.0
2022-04-01,2022,2022-23,April,"RIL,JAMNAGAR,GUJARAT",individual,3034.27,Thousand Metric Tonnes (TMT),PPAC / Ministry of Petroleum and Natural Gas,8d3b6596-b09e-4077-aebf-425193185a5b.csv,1436,2026-08-21T15:32:18.198485+00:00,1.0
2022-04-01,2022,2022-23,April,"NEL-VADINAR,GUJARAT",individual,1659.98,Thousand Metric Tonnes (TMT),PPAC / Ministry of Petroleum and Natural Gas,8d3b6596-b09e-4077-aebf-425193185a5b.csv,1437,2026-08-21T15:32:18.198485+00:00,1.0
2022-05-01,2022,2022-23,May,"IOCL-KOYALI, GUJARAT",individual,1358.94,Thousand Metric Tonnes (TMT),PPAC / Ministry of Petroleum and Natural Gas,8d3b6596-b09e-4077-aebf-425193185a5b.csv,1438,2026-08-21T15:32:18.198485+00:00,1.0
2022-05-01,2022,2022-23,May,"IOCL-HALDIA, WEST BENGAL",individual,712.4,Thousand Metric Tonnes (TMT),PPAC / Ministry of Petroleum and Natural Gas,8d3b6596-b09e-4077-aebf-425193185a5b.csv,1439,2026-08-21T15:32:18.198485+00:00,1.0
2022-05-01,2022,2022-23,May,"CPCL-MANALI, TAMILNADU",individual,1005.44,Thousand Metric Tonnes (TMT),PPAC / Ministry of Petroleum and Natural Gas,8d3b6596-b09e-4077-aebf-425193185a5b.csv,1440,2026-08-21T15:32:18.198485+00:00,1.0
2022-05-01,2022,2022-23,May,BPCL-TOTAL,subtotal,3364.13,Thousand Metric Tonnes (TMT),PPAC / Ministry of Petroleum and Natural Gas,8d3b6596-b09e-4077-aebf-425193185a5b.csv,1441,2026-08-21T15:32:18.198485+00:00,1.0
2022-05-01,2022,2022-23,May,"RIL,JAMNAGAR,GUJARAT",individual,3123.94,Thousand Metric Tonnes (TMT),PPAC / Ministry of Petroleum and Natural Gas,8d3b6596-b09e-4077-aebf-425193185a5b.csv,1442,2026-08-21T15:32:18.198485+00:00,1.0
2022-05-01,2022,2022-23,May,"RIL-(SEZ), JAMNAGAR,GUJARAT",individual,2547.25,Thousand Metric Tonnes (TMT),PPAC / Ministry of Petroleum and Natural Gas,8d3b6596-b09e-4077-aebf-425193185a5b.csv,1443,2026-08-21T15:32:18.198485+00:00,1.0
2022-06-01,2022,2022-23,June,"IOCL-MATHURA, UTTAR PRADESH",individual,867.72,Thousand Metric Tonnes (TMT),PPAC / Ministry of Petroleum and Natural Gas,8d3b6596-b09e-4077-aebf-425193185a5b.csv,1444,2026-08-21T15:32:18.198485+00:00,1.0
2022-06-01,2022,2022-23,June,"IOCL-PANIPAT, HARYANA",individual,1253.85,Thousand Metric Tonnes (TMT),PPAC / Ministry of Petroleum and Natural Gas,8d3b6596-b09e-4077-aebf-425193185a5b.csv,1445,2026-08-21T15:32:18.198485+00:00,1.0
2022-06-01,2022,2022-23,June,"IOCL-BONGAIGAON,ASSAM",individual,185.65,Thousand Metric Tonnes (TMT),PPAC / Ministry of Petroleum and Natural Gas,8d3b6596-b09e-4077-aebf-425193185a5b.csv,1446,2026-08-21T15:32:18.198485+00:00,1.0
2022-06-01,2022,2022-23,June,IOCL TOTAL,subtotal,6276.8,Thousand Metric Tonnes (TMT),PPAC / Ministry of Petroleum and Natural Gas,8d3b6596-b09e-4077-aebf-425193185a5b.csv,1447,2026-08-21T15:32:18.198485+00:00,1.0
2022-06-01,2022,2022-23,June,BPCL-TOTAL,subtotal,2895.38,Thousand Metric Tonnes (TMT),PPAC / Ministry of Petroleum and Natural Gas,8d3b6596-b09e-4077-aebf-425193185a5b.csv,1448,2026-08-21T15:32:18.198485+00:00,1.0
2022-06-01,2022,2022-23,June,"HMEL-GGSR, BATHINDA, PUNJAB",individual,1078.48,Thousand Metric Tonnes (TMT),PPAC / Ministry of Petroleum and Natural Gas,8d3b6596-b09e-4077-aebf-425193185a5b.csv,1449,2026-08-21T15:32:18.198485+00:00,1.0
2022-06-01,2022,2022-23,June,"RIL-(SEZ), JAMNAGAR,GUJARAT",individual,2408.11,Thousand Metric Tonnes (TMT),PPAC / Ministry of Petroleum and Natural Gas,8d3b6596-b09e-4077-aebf-425193185a5b.csv,1450,2026-08-21T15:32:18.198485+00:00,1.0
2022-06-01,2022,2022-23,June,RIL TOTAL,subtotal,5361.9,Thousand Metric Tonnes (TMT),PPAC / Ministry of Petroleum and Natural Gas,8d3b6596-b09e-4077-aebf-425193185a5b.csv,1451,2026-08-21T15:32:18.198485+00:00,1.0
2022-07-01,2022,2022-23,July,"IOCL-KOYALI, GUJARAT",individual,1303.93,Thousand Metric Tonnes (TMT),PPAC / Ministry of Petroleum and Natural Gas,8d3b6596-b09e-4077-aebf-425193185a5b.csv,1452,2026-08-21T15:32:18.198485+00:00,1.0
2022-07-01,2022,2022-23,July,BPCL-TOTAL,subtotal,2699.54,Thousand Metric Tonnes (TMT),PPAC / Ministry of Petroleum and Natural Gas,8d3b6596-b09e-4077-aebf-425193185a5b.csv,1453,2026-08-21T15:32:18.198485+00:00,1.0
2022-07-01,2022,2022-23,July,"MRPL-MANGALORE,KARNATAKA",individual,1428.36,Thousand Metric Tonnes (TMT),PPAC / Ministry of Petroleum and Natural Gas,8d3b6596-b09e-4077-aebf-425193185a5b.csv,1454,2026-08-21T15:32:18.198485+00:00,1.0
2022-07-01,2022,2022-23,July,"HPCL-MUMBAI,MAHARASHTRA",individual,876.49,Thousand Metric Tonnes (TMT),PPAC / Ministry of Petroleum and Natural Gas,8d3b6596-b09e-4077-aebf-425193185a5b.csv,1455,2026-08-21T15:32:18.198485+00:00,1.0
2022-07-01,2022,2022-23,July,"HPCL-VISAKH,ANDHRA PRADESH",individual,683.83,Thousand Metric Tonnes (TMT),PPAC / Ministry of Petroleum and Natural Gas,8d3b6596-b09e-4077-aebf-425193185a5b.csv,1456,2026-08-21T15:32:18.198485+00:00,1.0
2022-07-01,2022,2022-23,July,"HMEL-GGSR, BATHINDA, PUNJAB",individual,1109.49,Thousand Metric Tonnes (TMT),PPAC / Ministry of Petroleum and Natural Gas,8d3b6596-b09e-4077-aebf-425193185a5b.csv,1457,2026-08-21T15:32:18.198485+00:00,1.0
2022-08-01,2022,2022-23,August,"IOCL-BARAUNI,BIHAR",individual,590.38,Thousand Metric Tonnes (TMT),PPAC / Ministry of Petroleum and Natural Gas,8d3b6596-b09e-4077-aebf-425193185a5b.csv,1458,2026-08-21T15:32:18.198485+00:00,1.0
2022-08-01,2022,2022-23,August,"IOCL-HALDIA, WEST BENGAL",individual,708.57,Thousand Metric Tonnes (TMT),PPAC / Ministry of Petroleum and Natural Gas,8d3b6596-b09e-4077-aebf-425193185a5b.csv,1459,2026-08-21T15:32:18.198485+00:00,1.0
2022-08-01,2022,2022-23,August,"IOCL-DIGBOI,ASSAM",individual,61.16,Thousand Metric Tonnes (TMT),PPAC / Ministry of Petroleum and Natural Gas,8d3b6596-b09e-4077-aebf-425193185a5b.csv,1460,2026-08-21T15:32:18.198485+00:00,1.0
2022-08-01,2022,2022-23,August,"IOCL-PARADIP,ODISHA",individual,2.1,Thousand Metric Tonnes (TMT),PPAC / Ministry of Petroleum and Natural Gas,8d3b6596-b09e-4077-aebf-425193185a5b.csv,1461,2026-08-21T15:32:18.198485+00:00,1.0
2022-08-01,2022,2022-23,August,"CPCL-MANALI, TAMILNADU",individual,940.43,Thousand Metric Tonnes (TMT),PPAC / Ministry of Petroleum and Natural Gas,8d3b6596-b09e-4077-aebf-425193185a5b.csv,1462,2026-08-21T15:32:18.198485+00:00,1.0
2022-08-01,2022,2022-23,August,"HMEL-GGSR, BATHINDA, PUNJAB",individual,1019.7,Thousand Metric Tonnes (TMT),PPAC / Ministry of Petroleum and Natural Gas,8d3b6596-b09e-4077-aebf-425193185a5b.csv,1463,2026-08-21T15:32:18.198485+00:00,1.0
2022-08-01,2022,2022-23,August,HPCL-TOTAL,subtotal,2342.38,Thousand Metric Tonnes (TMT),PPAC / Ministry of Petroleum and Natural Gas,8d3b6596-b09e-4077-aebf-425193185a5b.csv,1464,2026-08-21T15:32:18.198485+00:00,1.0
2022-08-01,2022,2022-23,August,"NEL-VADINAR,GUJARAT",individual,1750.8,Thousand Metric Tonnes (TMT),PPAC / Ministry of Petroleum and Natural Gas,8d3b6596-b09e-4077-aebf-425193185a5b.csv,1465,2026-08-21T15:32:18.198485+00:00,1.0
2022-08-01,2022,2022-23,August,GRAND TOTAL,grand_total,19533.7,Thousand Metric Tonnes (TMT),PPAC / Ministry of Petroleum and Natural Gas,8d3b6596-b09e-4077-aebf-425193185a5b.csv,1466,2026-08-21T15:32:18.198485+00:00,1.0
2022-09-01,2022,2022-23,September,"IOCL-KOYALI, GUJARAT",individual,1270.87,Thousand Metric Tonnes (TMT),PPAC / Ministry of Petroleum and Natural Gas,8d3b6596-b09e-4077-aebf-425193185a5b.csv,1467,2026-08-21T15:32:18.198485+00:00,1.0
2022-09-01,2022,2022-23,September,"IOCL-BONGAIGAON,ASSAM",individual,244.44,Thousand Metric Tonnes (TMT),PPAC / Ministry of Petroleum and Natural Gas,8d3b6596-b09e-4077-aebf-425193185a5b.csv,1468,2026-08-21T15:32:18.198485+00:00,1.0
2022-09-01,2022,2022-23,September,"MRPL-MANGALORE,KARNATAKA",individual,1329.62,Thousand Metric Tonnes (TMT),PPAC / Ministry of Petroleum and Natural Gas,8d3b6596-b09e-4077-aebf-425193185a5b.csv,1469,2026-08-21T15:32:18.198485+00:00,1.0
2022-09-01,2022,2022-23,September,HPCL-TOTAL,subtotal,2533.1,Thousand Metric Tonnes (TMT),PPAC / Ministry of Petroleum and Natural Gas,8d3b6596-b09e-4077-aebf-425193185a5b.csv,1470,2026-08-21T15:32:18.198485+00:00,1.0
2022-10-01,2022,2022-23,October,"IOCL-BARAUNI,BIHAR",individual,568.94,Thousand Metric Tonnes (TMT),PPAC / Ministry of Petroleum and Natural Gas,8d3b6596-b09e-4077-aebf-425193185a5b.csv,1471,2026-08-21T15:32:18.198485+00:00,1.0
2022-10-01,2022,2022-23,October,"IOCL-MATHURA, UTTAR PRADESH",individual,794.59,Thousand Metric Tonnes (TMT),PPAC / Ministry of Petroleum and Natural Gas,8d3b6596-b09e-4077-aebf-425193185a5b.csv,1472,2026-08-21T15:32:18.198485+00:00,1.0
2022-10-01,2022,2022-23,October,"CPCL-MANALI, TAMILNADU",individual,723.13,Thousand Metric Tonnes (TMT),PPAC / Ministry of Petroleum and Natural Gas,8d3b6596-b09e-4077-aebf-425193185a5b.csv,1473,2026-08-21T15:32:18.198485+00:00,1.0
2022-10-01,2022,2022-23,October,CPCL-TOTAL,subtotal,723.13,Thousand Metric Tonnes (TMT),PPAC / Ministry of Petroleum and Natural Gas,8d3b6596-b09e-4077-aebf-425193185a5b.csv,1474,2026-08-21T15:32:18.198485+00:00,1.0
2022-10-01,2022,2022-23,October,BPCL-TOTAL,subtotal,2593.06,Thousand Metric Tonnes (TMT),PPAC / Ministry of Petroleum and Natural Gas,8d3b6596-b09e-4077-aebf-425193185a5b.csv,1475,2026-08-21T15:32:18.198485+00:00,1.0
2022-10-01,2022,2022-23,October,"NRL-NUMALIGARH, ASSAM",individual,279.61,Thousand Metric Tonnes (TMT),PPAC / Ministry of Petroleum and Natural Gas,8d3b6596-b09e-4077-aebf-425193185a5b.csv,1476,2026-08-21T15:32:18.198485+00:00,1.0
2022-10-01,2022,2022-23,October,"RIL,JAMNAGAR,GUJARAT",individual,2931.62,Thousand Metric Tonnes (TMT),PPAC / Ministry of Petroleum and Natural Gas,8d3b6596-b09e-4077-aebf-425193185a5b.csv,1477,2026-08-21T15:32:18.198485+00:00,1.0
2022-10-01,2022,2022-23,October,"RIL-(SEZ), JAMNAGAR,GUJARAT",individual,1759.64,Thousand Metric Tonnes (TMT),PPAC / Ministry of Petroleum and Natural Gas,8d3b6596-b09e-4077-aebf-425193185a5b.csv,1478,2026-08-21T15:32:18.198485+00:00,1.0
2022-11-01,2022,2022-23,November,"IOCL-HALDIA, WEST BENGAL",individual,708.1,Thousand Metric Tonnes (TMT),PPAC / Ministry of Petroleum and Natural Gas,8d3b6596-b09e-4077-aebf-425193185a5b.csv,1479,2026-08-21T15:32:18.198485+00:00,1.0
2022-11-01,2022,2022-23,November,"IOCL-GUWAHATI,ASSAM",individual,89.34,Thousand Metric Tonnes (TMT),PPAC / Ministry of Petroleum and Natural Gas,8d3b6596-b09e-4077-aebf-425193185a5b.csv,1480,2026-08-21T15:32:18.198485+00:00,1.0
2022-11-01,2022,2022-23,November,"IOCL-DIGBOI,ASSAM",individual,59.69,Thousand Metric Tonnes (TMT),PPAC / Ministry of Petroleum and Natural Gas,8d3b6596-b09e-4077-aebf-425193185a5b.csv,1481,2026-08-21T15:32:18.198485+00:00,1.0
2022-11-01,2022,2022-23,November,"IOCL-PARADIP,ODISHA",individual,1330.62,Thousand Metric Tonnes (TMT),PPAC / Ministry of Petroleum and Natural Gas,8d3b6596-b09e-4077-aebf-425193185a5b.csv,1482,2026-08-21T15:32:18.198485+00:00,1.0
2022-11-01,2022,2022-23,November,CPCL-TOTAL,subtotal,921.0,Thousand Metric Tonnes (TMT),PPAC / Ministry of Petroleum and Natural Gas,8d3b6596-b09e-4077-aebf-425193185a5b.csv,1483,2026-08-21T15:32:18.198485+00:00,1.0
2022-11-01,2022,2022-23,November,"ONGC-TATIPAKA,ANDHRA PRADESH",individual,6.3,Thousand Metric Tonnes (TMT),PPAC / Ministry of Petroleum and Natural Gas,8d3b6596-b09e-4077-aebf-425193185a5b.csv,1484,2026-08-21T15:32:18.198485+00:00,1.0
2022-11-01,2022,2022-23,November,"RIL-(SEZ), JAMNAGAR,GUJARAT",individual,2677.79,Thousand Metric Tonnes (TMT),PPAC / Ministry of Petroleum and Natural Gas,8d3b6596-b09e-4077-aebf-425193185a5b.csv,1485,2026-08-21T15:32:18.198485+00:00,1.0
2022-11-01,2022,2022-23,November,RIL TOTAL,subtotal,5233.71,Thousand Metric Tonnes (TMT),PPAC / Ministry of Petroleum and Natural Gas,8d3b6596-b09e-4077-aebf-425193185a5b.csv,1486,2026-08-21T15:32:18.198485+00:00,1.0
2022-12-01,2022,2022-23,December,"IOCL-BARAUNI,BIHAR",individual,529.96,Thousand Metric Tonnes (TMT),PPAC / Ministry of Petroleum and Natural Gas,8d3b6596-b09e-4077-aebf-425193185a5b.csv,1487,2026-08-21T15:32:18.198485+00:00,1.0
2022-12-01,2022,2022-23,December,"IOCL-MATHURA, UTTAR PRADESH",individual,879.89,Thousand Metric Tonnes (TMT),PPAC / Ministry of Petroleum and Natural Gas,8d3b6596-b09e-4077-aebf-425193185a5b.csv,1488,2026-08-21T15:32:18.198485+00:00,1.0
2022-12-01,2022,2022-23,December,"IOCL-PANIPAT, HARYANA",individual,890.41,Thousand Metric Tonnes (TMT),PPAC / Ministry of Petroleum and Natural Gas,8d3b6596-b09e-4077-aebf-425193185a5b.csv,1489,2026-08-21T15:32:18.198485+00:00,1.0
2022-12-01,2022,2022-23,December,IOCL TOTAL,subtotal,6161.15,Thousand Metric Tonnes (TMT),PPAC / Ministry of Petroleum and Natural Gas,8d3b6596-b09e-4077-aebf-425193185a5b.csv,1490,2026-08-21T15:32:18.198485+00:00,1.0
2022-12-01,2022,2022-23,December,"RIL,JAMNAGAR,GUJARAT",individual,2840.86,Thousand Metric Tonnes (TMT),PPAC / Ministry of Petroleum and Natural Gas,8d3b6596-b09e-4077-aebf-425193185a5b.csv,1491,2026-08-21T15:32:18.198485+00:00,1.0
2022-12-01,2022,2022-23,December,RIL TOTAL,subtotal,5307.9,Thousand Metric Tonnes (TMT),PPAC / Ministry of Petroleum and Natural Gas,8d3b6596-b09e-4077-aebf-425193185a5b.csv,1492,2026-08-21T15:32:18.198485+00:00,1.0
2023-01-01,2023,2022-23,January,"IOCL-HALDIA, WEST BENGAL",individual,704.67,Thousand Metric Tonnes (TMT),PPAC / Ministry of Petroleum and Natural Gas,8d3b6596-b09e-4077-aebf-425193185a5b.csv,1493,2026-08-21T15:32:18.198485+00:00,1.0
2023-01-01,2023,2022-23,January,"IOCL-MATHURA, UTTAR PRADESH",individual,805.76,Thousand Metric Tonnes (TMT),PPAC / Ministry of Petroleum and Natural Gas,8d3b6596-b09e-4077-aebf-425193185a5b.csv,1494,2026-08-21T15:32:18.198485+00:00,1.0
2023-01-01,2023,2022-23,January,"IOCL-PANIPAT, HARYANA",individual,1334.66,Thousand Metric Tonnes (TMT),PPAC / Ministry of Petroleum and Natural Gas,8d3b6596-b09e-4077-aebf-425193185a5b.csv,1495,2026-08-21T15:32:18.198485+00:00,1.0
2023-01-01,2023,2022-23,January,"BPCL-KOCHI, KERALA",individual,1533.08,Thousand Metric Tonnes (TMT),PPAC / Ministry of Petroleum and Natural Gas,8d3b6596-b09e-4077-aebf-425193185a5b.csv,1496,2026-08-21T15:32:18.198485+00:00,1.0
2023-01-01,2023,2022-23,January,BORL-BINA,individual,678.71,Thousand Metric Tonnes (TMT),PPAC / Ministry of Petroleum and Natural Gas,8d3b6596-b09e-4077-aebf-425193185a5b.csv,1497,2026-08-21T15:32:18.198485+00:00,1.0
2023-01-01,2023,2022-23,January,"HPCL-VISAKH,ANDHRA PRADESH",individual,823.65,Thousand Metric Tonnes (TMT),PPAC / Ministry of Petroleum and Natural Gas,8d3b6596-b09e-4077-aebf-425193185a5b.csv,1498,2026-08-21T15:32:18.198485+00:00,1.0
2023-01-01,2023,2022-23,January,"HMEL-GGSR, BATHINDA, PUNJAB",individual,1116.62,Thousand Metric Tonnes (TMT),PPAC / Ministry of Petroleum and Natural Gas,8d3b6596-b09e-4077-aebf-425193185a5b.csv,1499,2026-08-21T15:32:18.198485+00:00,1.0
2023-01-01,2023,2022-23,January,RIL TOTAL,subtotal,5390.8,Thousand Metric Tonnes (TMT),PPAC / Ministry of Petroleum and Natural Gas,8d3b6596-b09e-4077-aebf-425193185a5b.csv,1500,2026-08-21T15:32:18.198485+00:00,1.0
2023-02-01,2023,2022-23,February,CPCL-TOTAL,subtotal,927.88,Thousand Metric Tonnes (TMT),PPAC / Ministry of Petroleum and Natural Gas,8d3b6596-b09e-4077-aebf-425193185a5b.csv,1501,2026-08-21T15:32:18.198485+00:00,1.0
2023-02-01,2023,2022-23,February,"HPCL-VISAKH,ANDHRA PRADESH",individual,745.84,Thousand Metric Tonnes (TMT),PPAC / Ministry of Petroleum and Natural Gas,8d3b6596-b09e-4077-aebf-425193185a5b.csv,1502,2026-08-21T15:32:18.198485+00:00,1.0
2023-02-01,2023,2022-23,February,"RIL-(SEZ), JAMNAGAR,GUJARAT",individual,2280.04,Thousand Metric Tonnes (TMT),PPAC / Ministry of Petroleum and Natural Gas,8d3b6596-b09e-4077-aebf-425193185a5b.csv,1503,2026-08-21T15:32:18.198485+00:00,1.0
2023-02-01,2023,2022-23,February,"NEL-VADINAR,GUJARAT",individual,1568.22,Thousand Metric Tonnes (TMT),PPAC / Ministry of Petroleum and Natural Gas,8d3b6596-b09e-4077-aebf-425193185a5b.csv,1504,2026-08-21T15:32:18.198485+00:00,1.0
2023-03-01,2023,2022-23,March,"IOCL-PANIPAT, HARYANA",individual,1297.96,Thousand Metric Tonnes (TMT),PPAC / Ministry of Petroleum and Natural Gas,8d3b6596-b09e-4077-aebf-425193185a5b.csv,1505,2026-08-21T15:32:18.198485+00:00,1.0
2023-03-01,2023,2022-23,March,CPCL-TOTAL,subtotal,1033.64,Thousand Metric Tonnes (TMT),PPAC / Ministry of Petroleum and Natural Gas,8d3b6596-b09e-4077-aebf-425193185a5b.csv,1506,2026-08-21T15:32:18.198485+00:00,1.0
2023-03-01,2023,2022-23,March,"BPCL-KOCHI, KERALA",individual,1542.02,Thousand Metric Tonnes (TMT),PPAC / Ministry of Petroleum and Natural Gas,8d3b6596-b09e-4077-aebf-425193185a5b.csv,1507,2026-08-21T15:32:18.198485+00:00,1.0
2021-04-01,2021,2021-22,April,"IOCL-BARAUNI,BIHAR",individual,471.0,Thousand Metric Tonnes (TMT),PPAC / Ministry of Petroleum and Natural Gas,8d3b6596-b09e-4077-aebf-425193185a5b.csv,1508,2026-08-21T15:32:18.198485+00:00,1.0
2021-04-01,2021,2021-22,April,"IOCL-MATHURA, UTTAR PRADESH",individual,819.0,Thousand Metric Tonnes (TMT),PPAC / Ministry of Petroleum and Natural Gas,8d3b6596-b09e-4077-aebf-425193185a5b.csv,1509,2026-08-21T15:32:18.198485+00:00,1.0
2021-04-01,2021,2021-22,April,GRAND TOTAL,grand_total,19885.0,Thousand Metric Tonnes (TMT),PPAC / Ministry of Petroleum and Natural Gas,8d3b6596-b09e-4077-aebf-425193185a5b.csv,1510,2026-08-21T15:32:18.198485+00:00,1.0
2021-05-01,2021,2021-22,May,"IOCL-HALDIA, WEST BENGAL",individual,624.0,Thousand Metric Tonnes (TMT),PPAC / Ministry of Petroleum and Natural Gas,8d3b6596-b09e-4077-aebf-425193185a5b.csv,1511,2026-08-21T15:32:18.198485+00:00,1.0
2021-05-01,2021,2021-22,May,"IOCL-PANIPAT, HARYANA",individual,1156.0,Thousand Metric Tonnes (TMT),PPAC / Ministry of Petroleum and Natural Gas,8d3b6596-b09e-4077-aebf-425193185a5b.csv,1512,2026-08-21T15:32:18.198485+00:00,1.0
2021-05-01,2021,2021-22,May,"MRPL-MANGALORE,KARNATAKA",individual,961.0,Thousand Metric Tonnes (TMT),PPAC / Ministry of Petroleum and Natural Gas,8d3b6596-b09e-4077-aebf-425193185a5b.csv,1513,2026-08-21T15:32:18.198485+00:00,1.0
2021-05-01,2021,2021-22,May,"HMEL-GGSR, BATHINDA, PUNJAB",individual,1102.0,Thousand Metric Tonnes (TMT),PPAC / Ministry of Petroleum and Natural Gas,8d3b6596-b09e-4077-aebf-425193185a5b.csv,1514,2026-08-21T15:32:18.198485+00:00,1.0
2021-05-01,2021,2021-22,May,HPCL-TOTAL,subtotal,1958.0,Thousand Metric Tonnes (TMT),PPAC / Ministry of Petroleum and Natural Gas,8d3b6596-b09e-4077-aebf-425193185a5b.csv,1515,2026-08-21T15:32:18.198485+00:00,1.0
2021-05-01,2021,2021-22,May,"RIL,JAMNAGAR,GUJARAT",individual,2837.0,Thousand Metric Tonnes (TMT),PPAC / Ministry of Petroleum and Natural Gas,8d3b6596-b09e-4077-aebf-425193185a5b.csv,1516,2026-08-21T15:32:18.198485+00:00,1.0
2021-05-01,2021,2021-22,May,GRAND TOTAL,grand_total,18970.0,Thousand Metric Tonnes (TMT),PPAC / Ministry of Petroleum and Natural Gas,8d3b6596-b09e-4077-aebf-425193185a5b.csv,1517,2026-08-21T15:32:18.198485+00:00,1.0
2021-06-01,2021,2021-22,June,"IOCL-PARADIP,ODISHA",individual,1034.0,Thousand Metric Tonnes (TMT),PPAC / Ministry of Petroleum and Natural Gas,8d3b6596-b09e-4077-aebf-425193185a5b.csv,1518,2026-08-21T15:32:18.198485+00:00,1.0
2021-06-01,2021,2021-22,June,IOCL TOTAL,subtotal,5358.0,Thousand Metric Tonnes (TMT),PPAC / Ministry of Petroleum and Natural Gas,8d3b6596-b09e-4077-aebf-425193185a5b.csv,1519,2026-08-21T15:32:18.198485+00:00,1.0
2021-06-01,2021,2021-22,June,BPCL-TOTAL,subtotal,2471.0,Thousand Metric Tonnes (TMT),PPAC / Ministry of Petroleum and Natural Gas,8d3b6596-b09e-4077-aebf-425193185a5b.csv,1520,2026-08-21T15:32:18.198485+00:00,1.0
2021-06-01,2021,2021-22,June,"MRPL-MANGALORE,KARNATAKA",individual,1010.0,Thousand Metric Tonnes (TMT),PPAC / Ministry of Petroleum and Natural Gas,8d3b6596-b09e-4077-aebf-425193185a5b.csv,1521,2026-08-21T15:32:18.198485+00:00,1.0
2021-06-01,2021,2021-22,June,"HPCL-MUMBAI,MAHARASHTRA",individual,304.0,Thousand Metric Tonnes (TMT),PPAC / Ministry of Petroleum and Natural Gas,8d3b6596-b09e-4077-aebf-425193185a5b.csv,1522,2026-08-21T15:32:18.198485+00:00,1.0
2021-07-01,2021,2021-22,July,"IOCL-KOYALI, GUJARAT",individual,1102.0,Thousand Metric Tonnes (TMT),PPAC / Ministry of Petroleum and Natural Gas,8d3b6596-b09e-4077-aebf-425193185a5b.csv,1523,2026-08-21T15:32:18.198485+00:00,1.0
2021-07-01,2021,2021-22,July,"IOCL-DIGBOI,ASSAM",individual,60.0,Thousand Metric Tonnes (TMT),PPAC / Ministry of Petroleum and Natural Gas,8d3b6596-b09e-4077-aebf-425193185a5b.csv,1524,2026-08-21T15:32:18.198485+00:00,1.0
2021-07-01,2021,2021-22,July,"IOCL-PARADIP,ODISHA",individual,1059.0,Thousand Metric Tonnes (TMT),PPAC / Ministry of Petroleum and Natural Gas,8d3b6596-b09e-4077-aebf-425193185a5b.csv,1525,2026-08-21T15:32:18.198485+00:00,1.0
2021-07-01,2021,2021-22,July,BORL-BINA,individual,623.0,Thousand Metric Tonnes (TMT),PPAC / Ministry of Petroleum and Natural Gas,8d3b6596-b09e-4077-aebf-425193185a5b.csv,1526,2026-08-21T15:32:18.198485+00:00,1.0
2021-07-01,2021,2021-22,July,"ONGC-TATIPAKA,ANDHRA PRADESH",individual,3.0,Thousand Metric Tonnes (TMT),PPAC / Ministry of Petroleum and Natural Gas,8d3b6596-b09e-4077-aebf-425193185a5b.csv,1527,2026-08-21T15:32:18.198485+00:00,1.0
2021-07-01,2021,2021-22,July,"HPCL-MUMBAI,MAHARASHTRA",individual,319.0,Thousand Metric Tonnes (TMT),PPAC / Ministry of Petroleum and Natural Gas,8d3b6596-b09e-4077-aebf-425193185a5b.csv,1528,2026-08-21T15:32:18.198485+00:00,1.0
2021-08-01,2021,2021-22,August,"IOCL-BARAUNI,BIHAR",individual,296.0,Thousand Metric Tonnes (TMT),PPAC / Ministry of Petroleum and Natural Gas,8d3b6596-b09e-4077-aebf-425193185a5b.csv,1529,2026-08-21T15:32:18.198485+00:00,1.0
2021-08-01,2021,2021-22,August,"IOCL-MATHURA, UTTAR PRADESH",individual,643.0,Thousand Metric Tonnes (TMT),PPAC / Ministry of Petroleum and Natural Gas,8d3b6596-b09e-4077-aebf-425193185a5b.csv,1530,2026-08-21T15:32:18.198485+00:00,1.0
2021-08-01,2021,2021-22,August,"IOCL-DIGBOI,ASSAM",individual,56.0,Thousand Metric Tonnes (TMT),PPAC / Ministry of Petroleum and Natural Gas,8d3b6596-b09e-4077-aebf-425193185a5b.csv,1531,2026-08-21T15:32:18.198485+00:00,1.0
2021-08-01,2021,2021-22,August,CPCL-TOTAL,subtotal,629.0,Thousand Metric Tonnes (TMT),PPAC / Ministry of Petroleum and Natural Gas,8d3b6596-b09e-4077-aebf-425193185a5b.csv,1532,2026-08-21T15:32:18.198485+00:00,1.0
2021-08-01,2021,2021-22,August,"MRPL-MANGALORE,KARNATAKA",individual,1007.0,Thousand Metric Tonnes (TMT),PPAC / Ministry of Petroleum and Natural Gas,8d3b6596-b09e-4077-aebf-425193185a5b.csv,1533,2026-08-21T15:32:18.198485+00:00,1.0
2021-08-01,2021,2021-22,August,HPCL-TOTAL,subtotal,1890.0,Thousand Metric Tonnes (TMT),PPAC / Ministry of Petroleum and Natural Gas,8d3b6596-b09e-4077-aebf-425193185a5b.csv,1534,2026-08-21T15:32:18.198485+00:00,1.0
2021-08-01,2021,2021-22,August,GRAND TOTAL,grand_total,18439.0,Thousand Metric Tonnes (TMT),PPAC / Ministry of Petroleum and Natural Gas,8d3b6596-b09e-4077-aebf-425193185a5b.csv,1535,2026-08-21T15:32:18.198485+00:00,1.0
2021-09-01,2021,2021-22,September,"IOCL-HALDIA, WEST BENGAL",individual,642.0,Thousand Metric Tonnes (TMT),PPAC / Ministry of Petroleum and Natural Gas,8d3b6596-b09e-4077-aebf-425193185a5b.csv,1536,2026-08-21T15:32:18.198485+00:00,1.0
2021-09-01,2021,2021-22,September,"BPCL-MUMBAI, MAHARASHTRA",individual,957.0,Thousand Metric Tonnes (TMT),PPAC / Ministry of Petroleum and Natural Gas,8d3b6596-b09e-4077-aebf-425193185a5b.csv,1537,2026-08-21T15:32:18.198485+00:00,1.0
2021-09-01,2021,2021-22,September,"ONGC-TATIPAKA,ANDHRA PRADESH",individual,7.0,Thousand Metric Tonnes (TMT),PPAC / Ministry of Petroleum and Natural Gas,8d3b6596-b09e-4077-aebf-425193185a5b.csv,1538,2026-08-21T15:32:18.198485+00:00,1.0
2021-09-01,2021,2021-22,September,"HPCL-MUMBAI,MAHARASHTRA",individual,411.0,Thousand Metric Tonnes (TMT),PPAC / Ministry of Petroleum and Natural Gas,8d3b6596-b09e-4077-aebf-425193185a5b.csv,1539,2026-08-21T15:32:18.198485+00:00,1.0
2021-09-01,2021,2021-22,September,"NEL-VADINAR,GUJARAT",individual,1668.0,Thousand Metric Tonnes (TMT),PPAC / Ministry of Petroleum and Natural Gas,8d3b6596-b09e-4077-aebf-425193185a5b.csv,1540,2026-08-21T15:32:18.198485+00:00,1.0
2021-10-01,2021,2021-22,October,"IOCL-HALDIA, WEST BENGAL",individual,736.0,Thousand Metric Tonnes (TMT),PPAC / Ministry of Petroleum and Natural Gas,8d3b6596-b09e-4077-aebf-425193185a5b.csv,1541,2026-08-21T15:32:18.198485+00:00,1.0
2021-10-01,2021,2021-22,October,"IOCL-BONGAIGAON,ASSAM",individual,215.0,Thousand Metric Tonnes (TMT),PPAC / Ministry of Petroleum and Natural Gas,8d3b6596-b09e-4077-aebf-425193185a5b.csv,1542,2026-08-21T15:32:18.198485+00:00,1.0
2021-10-01,2021,2021-22,October,"BPCL-MUMBAI, MAHARASHTRA",individual,1110.0,Thousand Metric Tonnes (TMT),PPAC / Ministry of Petroleum and Natural Gas,8d3b6596-b09e-4077-aebf-425193185a5b.csv,1543,2026-08-21T15:32:18.198485+00:00,1.0
2021-10-01,2021,2021-22,October,"HPCL-VISAKH,ANDHRA PRADESH",individual,853.0,Thousand Metric Tonnes (TMT),PPAC / Ministry of Petroleum and Natural Gas,8d3b6596-b09e-4077-aebf-425193185a5b.csv,1544,2026-08-21T15:32:18.198485+00:00,1.0
2021-10-01,2021,2021-22,October,HPCL-TOTAL,subtotal,2501.0,Thousand Metric Tonnes (TMT),PPAC / Ministry of Petroleum and Natural Gas,8d3b6596-b09e-4077-aebf-425193185a5b.csv,1545,2026-08-21T15:32:18.198485+00:00,1.0
2021-10-01,2021,2021-22,October,GRAND TOTAL,grand_total,20958.0,Thousand Metric Tonnes (TMT),PPAC / Ministry of Petroleum and Natural Gas,8d3b6596-b09e-4077-aebf-425193185a5b.csv,1546,2026-08-21T15:32:18.198485+00:00,1.0
2021-11-01,2021,2021-22,November,"IOCL-HALDIA, WEST BENGAL",individual,708.0,Thousand Metric Tonnes (TMT),PPAC / Ministry of Petroleum and Natural Gas,8d3b6596-b09e-4077-aebf-425193185a5b.csv,1547,2026-08-21T15:32:18.198485+00:00,1.0
2021-11-01,2021,2021-22,November,"IOCL-PARADIP,ODISHA",individual,1120.0,Thousand Metric Tonnes (TMT),PPAC / Ministry of Petroleum and Natural Gas,8d3b6596-b09e-4077-aebf-425193185a5b.csv,1548,2026-08-21T15:32:18.198485+00:00,1.0
2021-11-01,2021,2021-22,November,ONGC TOTAL,subtotal,1475.0,Thousand Metric Tonnes (TMT),PPAC / Ministry of Petroleum and Natural Gas,8d3b6596-b09e-4077-aebf-425193185a5b.csv,1549,2026-08-21T15:32:18.198485+00:00,1.0
2021-11-01,2021,2021-22,November,"HPCL-VISAKH,ANDHRA PRADESH",individual,819.0,Thousand Metric Tonnes (TMT),PPAC / Ministry of Petroleum and Natural Gas,8d3b6596-b09e-4077-aebf-425193185a5b.csv,1550,2026-08-21T15:32:18.198485+00:00,1.0
2021-11-01,2021,2021-22,November,"RIL-(SEZ), JAMNAGAR,GUJARAT",individual,2451.0,Thousand Metric Tonnes (TMT),PPAC / Ministry of Petroleum and Natural Gas,8d3b6596-b09e-4077-aebf-425193185a5b.csv,1551,2026-08-21T15:32:18.198485+00:00,1.0
2021-11-01,2021,2021-22,November,"NEL-VADINAR,GUJARAT",individual,1688.0,Thousand Metric Tonnes (TMT),PPAC / Ministry of Petroleum and Natural Gas,8d3b6596-b09e-4077-aebf-425193185a5b.csv,1552,2026-08-21T15:32:18.198485+00:00,1.0
2021-11-01,2021,2021-22,November,GRAND TOTAL,grand_total,21483.0,Thousand Metric Tonnes (TMT),PPAC / Ministry of Petroleum and Natural Gas,8d3b6596-b09e-4077-aebf-425193185a5b.csv,1553,2026-08-21T15:32:18.198485+00:00,1.0
2021-12-01,2021,2021-22,December,IOCL TOTAL,subtotal,5905.0,Thousand Metric Tonnes (TMT),PPAC / Ministry of Petroleum and Natural Gas,8d3b6596-b09e-4077-aebf-425193185a5b.csv,1554,2026-08-21T15:32:18.198485+00:00,1.0
2021-12-01,2021,2021-22,December,BORL-BINA,individual,657.0,Thousand Metric Tonnes (TMT),PPAC / Ministry of Petroleum and Natural Gas,8d3b6596-b09e-4077-aebf-425193185a5b.csv,1555,2026-08-21T15:32:18.198485+00:00,1.0
2021-12-01,2021,2021-22,December,"NRL-NUMALIGARH, ASSAM",individual,137.0,Thousand Metric Tonnes (TMT),PPAC / Ministry of Petroleum and Natural Gas,8d3b6596-b09e-4077-aebf-425193185a5b.csv,1556,2026-08-21T15:32:18.198485+00:00,1.0
2022-01-01,2022,2021-22,January,"IOCL-BARAUNI,BIHAR",individual,619.0,Thousand Metric Tonnes (TMT),PPAC / Ministry of Petroleum and Natural Gas,8d3b6596-b09e-4077-aebf-425193185a5b.csv,1557,2026-08-21T15:32:18.198485+00:00,1.0
2022-01-01,2022,2021-22,January,"CPCL-MANALI, TAMILNADU",individual,915.0,Thousand Metric Tonnes (TMT),PPAC / Ministry of Petroleum and Natural Gas,8d3b6596-b09e-4077-aebf-425193185a5b.csv,1558,2026-08-21T15:32:18.198485+00:00,1.0
2022-01-01,2022,2021-22,January,"BPCL-MUMBAI, MAHARASHTRA",individual,1303.0,Thousand Metric Tonnes (TMT),PPAC / Ministry of Petroleum and Natural Gas,8d3b6596-b09e-4077-aebf-425193185a5b.csv,1559,2026-08-21T15:32:18.198485+00:00,1.0
2022-01-01,2022,2021-22,January,"MRPL-MANGALORE,KARNATAKA",individual,1440.0,Thousand Metric Tonnes (TMT),PPAC / Ministry of Petroleum and Natural Gas,8d3b6596-b09e-4077-aebf-425193185a5b.csv,1560,2026-08-21T15:32:18.198485+00:00,1.0
2022-01-01,2022,2021-22,January,ONGC TOTAL,subtotal,1448.0,Thousand Metric Tonnes (TMT),PPAC / Ministry of Petroleum and Natural Gas,8d3b6596-b09e-4077-aebf-425193185a5b.csv,1561,2026-08-21T15:32:18.198485+00:00,1.0
2022-01-01,2022,2021-22,January,"HPCL-VISAKH,ANDHRA PRADESH",individual,793.0,Thousand Metric Tonnes (TMT),PPAC / Ministry of Petroleum and Natural Gas,8d3b6596-b09e-4077-aebf-425193185a5b.csv,1562,2026-08-21T15:32:18.198485+00:00,1.0
2022-01-01,2022,2021-22,January,"NEL-VADINAR,GUJARAT",individual,1733.0,Thousand Metric Tonnes (TMT),PPAC / Ministry of Petroleum and Natural Gas,8d3b6596-b09e-4077-aebf-425193185a5b.csv,1563,2026-08-21T15:32:18.198485+00:00,1.0
2022-01-01,2022,2021-22,January,GRAND TOTAL,grand_total,21709.0,Thousand Metric Tonnes (TMT),PPAC / Ministry of Petroleum and Natural Gas,8d3b6596-b09e-4077-aebf-425193185a5b.csv,1564,2026-08-21T15:32:18.198485+00:00,1.0
2022-02-01,2022,2021-22,February,"BPCL-KOCHI, KERALA",individual,1394.0,Thousand Metric Tonnes (TMT),PPAC / Ministry of Petroleum and Natural Gas,8d3b6596-b09e-4077-aebf-425193185a5b.csv,1565,2026-08-21T15:32:18.198485+00:00,1.0
2022-02-01,2022,2021-22,February,"NRL-NUMALIGARH, ASSAM",individual,234.0,Thousand Metric Tonnes (TMT),PPAC / Ministry of Petroleum and Natural Gas,8d3b6596-b09e-4077-aebf-425193185a5b.csv,1566,2026-08-21T15:32:18.198485+00:00,1.0
2022-02-01,2022,2021-22,February,"ONGC-TATIPAKA,ANDHRA PRADESH",individual,6.0,Thousand Metric Tonnes (TMT),PPAC / Ministry of Petroleum and Natural Gas,8d3b6596-b09e-4077-aebf-425193185a5b.csv,1567,2026-08-21T15:32:18.198485+00:00,1.0
2022-02-01,2022,2021-22,February,"HPCL-VISAKH,ANDHRA PRADESH",individual,761.0,Thousand Metric Tonnes (TMT),PPAC / Ministry of Petroleum and Natural Gas,8d3b6596-b09e-4077-aebf-425193185a5b.csv,1568,2026-08-21T15:32:18.198485+00:00,1.0
2022-02-01,2022,2021-22,February,"HMEL-GGSR, BATHINDA, PUNJAB",individual,1010.0,Thousand Metric Tonnes (TMT),PPAC / Ministry of Petroleum and Natural Gas,8d3b6596-b09e-4077-aebf-425193185a5b.csv,1569,2026-08-21T15:32:18.198485+00:00,1.0
2022-03-01,2022,2021-22,March,"IOCL-DIGBOI,ASSAM",individual,61.0,Thousand Metric Tonnes (TMT),PPAC / Ministry of Petroleum and Natural Gas,8d3b6596-b09e-4077-aebf-425193185a5b.csv,1570,2026-08-21T15:32:18.198485+00:00,1.0
2022-03-01,2022,2021-22,March,"BPCL-MUMBAI, MAHARASHTRA",individual,1268.0,Thousand Metric Tonnes (TMT),PPAC / Ministry of Petroleum and Natural Gas,8d3b6596-b09e-4077-aebf-425193185a5b.csv,1571,2026-08-21T15:32:18.198485+00:00,1.0
2022-03-01,2022,2021-22,March,"NRL-NUMALIGARH, ASSAM",individual,188.0,Thousand Metric Tonnes (TMT),PPAC / Ministry of Petroleum and Natural Gas,8d3b6596-b09e-4077-aebf-425193185a5b.csv,1572,2026-08-21T15:32:18.198485+00:00,1.0
2022-03-01,2022,2021-22,March,"ONGC-TATIPAKA,ANDHRA PRADESH",individual,6.0,Thousand Metric Tonnes (TMT),PPAC / Ministry of Petroleum and Natural Gas,8d3b6596-b09e-4077-aebf-425193185a5b.csv,1573,2026-08-21T15:32:18.198485+00:00,1.0
2020-04-01,2020,2020-21,April,"IOCL-PANIPAT, HARYANA",individual,457.0,Thousand Metric Tonnes (TMT),PPAC / Ministry of Petroleum and Natural Gas,8d3b6596-b09e-4077-aebf-425193185a5b.csv,1574,2026-08-21T15:32:18.198485+00:00,1.0
2020-04-01,2020,2020-21,April,BORL-BINA,individual,332.0,Thousand Metric Tonnes (TMT),PPAC / Ministry of Petroleum and Natural Gas,8d3b6596-b09e-4077-aebf-425193185a5b.csv,1575,2026-08-21T15:32:18.198485+00:00,1.0
2020-04-01,2020,2020-21,April,"NRL-NUMALIGARH, ASSAM",individual,170.0,Thousand Metric Tonnes (TMT),PPAC / Ministry of Petroleum and Natural Gas,8d3b6596-b09e-4077-aebf-425193185a5b.csv,1576,2026-08-21T15:32:18.198485+00:00,1.0
2020-04-01,2020,2020-21,April,"MRPL-MANGALORE,KARNATAKA",individual,671.0,Thousand Metric Tonnes (TMT),PPAC / Ministry of Petroleum and Natural Gas,8d3b6596-b09e-4077-aebf-425193185a5b.csv,1577,2026-08-21T15:32:18.198485+00:00,1.0
2020-04-01,2020,2020-21,April,"RIL,JAMNAGAR,GUJARAT",individual,2792.0,Thousand Metric Tonnes (TMT),PPAC / Ministry of Petroleum and Natural Gas,8d3b6596-b09e-4077-aebf-425193185a5b.csv,1578,2026-08-21T15:32:18.198485+00:00,1.0
2020-04-01,2020,2020-21,April,"NEL-VADINAR,GUJARAT",individual,1402.0,Thousand Metric Tonnes (TMT),PPAC / Ministry of Petroleum and Natural Gas,8d3b6596-b09e-4077-aebf-425193185a5b.csv,1579,2026-08-21T15:32:18.198485+00:00,1.0
2020-05-01,2020,2020-21,May,"IOCL-DIGBOI,ASSAM",individual,56.0,Thousand Metric Tonnes (TMT),PPAC / Ministry of Petroleum and Natural Gas,8d3b6596-b09e-4077-aebf-425193185a5b.csv,1580,2026-08-21T15:32:18.198485+00:00,1.0
2020-05-01,2020,2020-21,May,"IOCL-BONGAIGAON,ASSAM",individual,196.0,Thousand Metric Tonnes (TMT),PPAC / Ministry of Petroleum and Natural Gas,8d3b6596-b09e-4077-aebf-425193185a5b.csv,1581,2026-08-21T15:32:18.198485+00:00,1.0
2020-05-01,2020,2020-21,May,"BPCL-KOCHI, KERALA",individual,676.0,Thousand Metric Tonnes (TMT),PPAC / Ministry of Petroleum and Natural Gas,8d3b6596-b09e-4077-aebf-425193185a5b.csv,1582,2026-08-21T15:32:18.198485+00:00,1.0
2020-05-01,2020,2020-21,May,BPCL-TOTAL,subtotal,2229.0,Thousand Metric Tonnes (TMT),PPAC / Ministry of Petroleum and Natural Gas,8d3b6596-b09e-4077-aebf-425193185a5b.csv,1583,2026-08-21T15:32:18.198485+00:00,1.0
2020-05-01,2020,2020-21,May,ONGC TOTAL,subtotal,572.0,Thousand Metric Tonnes (TMT),PPAC / Ministry of Petroleum and Natural Gas,8d3b6596-b09e-4077-aebf-425193185a5b.csv,1584,2026-08-21T15:32:18.198485+00:00,1.0
2020-05-01,2020,2020-21,May,HPCL-TOTAL,subtotal,1920.0,Thousand Metric Tonnes (TMT),PPAC / Ministry of Petroleum and Natural Gas,8d3b6596-b09e-4077-aebf-425193185a5b.csv,1585,2026-08-21T15:32:18.198485+00:00,1.0
2020-06-01,2020,2020-21,June,"IOCL-KOYALI, GUJARAT",individual,1041.0,Thousand Metric Tonnes (TMT),PPAC / Ministry of Petroleum and Natural Gas,8d3b6596-b09e-4077-aebf-425193185a5b.csv,1586,2026-08-21T15:32:18.198485+00:00,1.0
2020-06-01,2020,2020-21,June,"IOCL-DIGBOI,ASSAM",individual,61.0,Thousand Metric Tonnes (TMT),PPAC / Ministry of Petroleum and Natural Gas,8d3b6596-b09e-4077-aebf-425193185a5b.csv,1587,2026-08-21T15:32:18.198485+00:00,1.0
2020-06-01,2020,2020-21,June,"CPCL-MANALI, TAMILNADU",individual,579.0,Thousand Metric Tonnes (TMT),PPAC / Ministry of Petroleum and Natural Gas,8d3b6596-b09e-4077-aebf-425193185a5b.csv,1588,2026-08-21T15:32:18.198485+00:00,1.0
2020-06-01,2020,2020-21,June,"NRL-NUMALIGARH, ASSAM",individual,250.0,Thousand Metric Tonnes (TMT),PPAC / Ministry of Petroleum and Natural Gas,8d3b6596-b09e-4077-aebf-425193185a5b.csv,1589,2026-08-21T15:32:18.198485+00:00,1.0
2020-06-01,2020,2020-21,June,HPCL-TOTAL,subtotal,2164.0,Thousand Metric Tonnes (TMT),PPAC / Ministry of Petroleum and Natural Gas,8d3b6596-b09e-4077-aebf-425193185a5b.csv,1590,2026-08-21T15:32:18.198485+00:00,1.0
2020-07-01,2020,2020-21,July,"IOCL-HALDIA, WEST BENGAL",individual,580.0,Thousand Metric Tonnes (TMT),PPAC / Ministry of Petroleum and Natural Gas,8d3b6596-b09e-4077-aebf-425193185a5b.csv,1591,2026-08-21T15:32:18.198485+00:00,1.0
2020-07-01,2020,2020-21,July,"IOCL-DIGBOI,ASSAM",individual,51.0,Thousand Metric Tonnes (TMT),PPAC / Ministry of Petroleum and Natural Gas,8d3b6596-b09e-4077-aebf-425193185a5b.csv,1592,2026-08-21T15:32:18.198485+00:00,1.0
2020-07-01,2020,2020-21,July,"IOCL-BONGAIGAON,ASSAM",individual,222.0,Thousand Metric Tonnes (TMT),PPAC / Ministry of Petroleum and Natural Gas,8d3b6596-b09e-4077-aebf-425193185a5b.csv,1593,2026-08-21T15:32:18.198485+00:00,1.0
2020-07-01,2020,2020-21,July,"BPCL-KOCHI, KERALA",individual,844.0,Thousand Metric Tonnes (TMT),PPAC / Ministry of Petroleum and Natural Gas,8d3b6596-b09e-4077-aebf-425193185a5b.csv,1594,2026-08-21T15:32:18.198485+00:00,1.0
2020-07-01,2020,2020-21,July,"MRPL-MANGALORE,KARNATAKA",individual,766.0,Thousand Metric Tonnes (TMT),PPAC / Ministry of Petroleum and Natural Gas,8d3b6596-b09e-4077-aebf-425193185a5b.csv,1595,2026-08-21T15:32:18.198485+00:00,1.0
2020-07-01,2020,2020-21,July,ONGC TOTAL,subtotal,773.0,Thousand Metric Tonnes (TMT),PPAC / Ministry of Petroleum and Natural Gas,8d3b6596-b09e-4077-aebf-425193185a5b.csv,1596,2026-08-21T15:32:18.198485+00:00,1.0
2020-07-01,2020,2020-21,July,"HPCL-MUMBAI,MAHARASHTRA",individual,637.0,Thousand Metric Tonnes (TMT),PPAC / Ministry of Petroleum and Natural Gas,8d3b6596-b09e-4077-aebf-425193185a5b.csv,1597,2026-08-21T15:32:18.198485+00:00,1.0
2020-07-01,2020,2020-21,July,HPCL-TOTAL,subtotal,2390.0,Thousand Metric Tonnes (TMT),PPAC / Ministry of Petroleum and Natural Gas,8d3b6596-b09e-4077-aebf-425193185a5b.csv,1598,2026-08-21T15:32:18.198485+00:00,1.0
2020-08-01,2020,2020-21,August,"IOCL-HALDIA, WEST BENGAL",individual,562.0,Thousand Metric Tonnes (TMT),PPAC / Ministry of Petroleum and Natural Gas,8d3b6596-b09e-4077-aebf-425193185a5b.csv,1599,2026-08-21T15:32:18.198485+00:00,1.0
2020-08-01,2020,2020-21,August,IOCL TOTAL,subtotal,3950.0,Thousand Metric Tonnes (TMT),PPAC / Ministry of Petroleum and Natural Gas,8d3b6596-b09e-4077-aebf-425193185a5b.csv,1600,2026-08-21T15:32:18.198485+00:00,1.0
2020-08-01,2020,2020-21,August,"BPCL-KOCHI, KERALA",individual,936.0,Thousand Metric Tonnes (TMT),PPAC / Ministry of Petroleum and Natural Gas,8d3b6596-b09e-4077-aebf-425193185a5b.csv,1601,2026-08-21T15:32:18.198485+00:00,1.0
2020-08-01,2020,2020-21,August,BORL-BINA,individual,451.0,Thousand Metric Tonnes (TMT),PPAC / Ministry of Petroleum and Natural Gas,8d3b6596-b09e-4077-aebf-425193185a5b.csv,1602,2026-08-21T15:32:18.198485+00:00,1.0
2020-08-01,2020,2020-21,August,BPCL-TOTAL,subtotal,2440.0,Thousand Metric Tonnes (TMT),PPAC / Ministry of Petroleum and Natural Gas,8d3b6596-b09e-4077-aebf-425193185a5b.csv,1603,2026-08-21T15:32:18.198485+00:00,1.0
2020-08-01,2020,2020-21,August,"ONGC-TATIPAKA,ANDHRA PRADESH",individual,7.0,Thousand Metric Tonnes (TMT),PPAC / Ministry of Petroleum and Natural Gas,8d3b6596-b09e-4077-aebf-425193185a5b.csv,1604,2026-08-21T15:32:18.198485+00:00,1.0
2020-09-01,2020,2020-21,September,"IOCL-BARAUNI,BIHAR",individual,376.0,Thousand Metric Tonnes (TMT),PPAC / Ministry of Petroleum and Natural Gas,8d3b6596-b09e-4077-aebf-425193185a5b.csv,1605,2026-08-21T15:32:18.198485+00:00,1.0
2020-09-01,2020,2020-21,September,"IOCL-HALDIA, WEST BENGAL",individual,440.0,Thousand Metric Tonnes (TMT),PPAC / Ministry of Petroleum and Natural Gas,8d3b6596-b09e-4077-aebf-425193185a5b.csv,1606,2026-08-21T15:32:18.198485+00:00,1.0
2020-09-01,2020,2020-21,September,"IOCL-DIGBOI,ASSAM",individual,46.0,Thousand Metric Tonnes (TMT),PPAC / Ministry of Petroleum and Natural Gas,8d3b6596-b09e-4077-aebf-425193185a5b.csv,1607,2026-08-21T15:32:18.198485+00:00,1.0
2020-09-01,2020,2020-21,September,"IOCL-PARADIP,ODISHA",individual,992.0,Thousand Metric Tonnes (TMT),PPAC / Ministry of Petroleum and Natural Gas,8d3b6596-b09e-4077-aebf-425193185a5b.csv,1608,2026-08-21T15:32:18.198485+00:00,1.0
2020-09-01,2020,2020-21,September,"BPCL-KOCHI, KERALA",individual,980.0,Thousand Metric Tonnes (TMT),PPAC / Ministry of Petroleum and Natural Gas,8d3b6596-b09e-4077-aebf-425193185a5b.csv,1609,2026-08-21T15:32:18.198485+00:00,1.0
2020-09-01,2020,2020-21,September,"NRL-NUMALIGARH, ASSAM",individual,198.0,Thousand Metric Tonnes (TMT),PPAC / Ministry of Petroleum and Natural Gas,8d3b6596-b09e-4077-aebf-425193185a5b.csv,1610,2026-08-21T15:32:18.198485+00:00,1.0
2020-09-01,2020,2020-21,September,"ONGC-TATIPAKA,ANDHRA PRADESH",individual,7.0,Thousand Metric Tonnes (TMT),PPAC / Ministry of Petroleum and Natural Gas,8d3b6596-b09e-4077-aebf-425193185a5b.csv,1611,2026-08-21T15:32:18.198485+00:00,1.0
2020-09-01,2020,2020-21,September,ONGC TOTAL,subtotal,820.0,Thousand Metric Tonnes (TMT),PPAC / Ministry of Petroleum and Natural Gas,8d3b6596-b09e-4077-aebf-425193185a5b.csv,1612,2026-08-21T15:32:18.198485+00:00,1.0
2020-09-01,2020,2020-21,September,"HPCL-MUMBAI,MAHARASHTRA",individual,670.0,Thousand Metric Tonnes (TMT),PPAC / Ministry of Petroleum and Natural Gas,8d3b6596-b09e-4077-aebf-425193185a5b.csv,1613,2026-08-21T15:32:18.198485+00:00,1.0
2020-09-01,2020,2020-21,September,"RIL-(SEZ), JAMNAGAR,GUJARAT",individual,2230.0,Thousand Metric Tonnes (TMT),PPAC / Ministry of Petroleum and Natural Gas,8d3b6596-b09e-4077-aebf-425193185a5b.csv,1614,2026-08-21T15:32:18.198485+00:00,1.0
2020-10-01,2020,2020-21,October,"IOCL-PANIPAT, HARYANA",individual,1237.0,Thousand Metric Tonnes (TMT),PPAC / Ministry of Petroleum and Natural Gas,8d3b6596-b09e-4077-aebf-425193185a5b.csv,1615,2026-08-21T15:32:18.198485+00:00,1.0
2020-10-01,2020,2020-21,October,"IOCL-PARADIP,ODISHA",individual,1279.0,Thousand Metric Tonnes (TMT),PPAC / Ministry of Petroleum and Natural Gas,8d3b6596-b09e-4077-aebf-425193185a5b.csv,1616,2026-08-21T15:32:18.198485+00:00,1.0
2020-10-01,2020,2020-21,October,"BPCL-KOCHI, KERALA",individual,1066.0,Thousand Metric Tonnes (TMT),PPAC / Ministry of Petroleum and Natural Gas,8d3b6596-b09e-4077-aebf-425193185a5b.csv,1617,2026-08-21T15:32:18.198485+00:00,1.0
2020-10-01,2020,2020-21,October,BPCL-TOTAL,subtotal,2910.0,Thousand Metric Tonnes (TMT),PPAC / Ministry of Petroleum and Natural Gas,8d3b6596-b09e-4077-aebf-425193185a5b.csv,1618,2026-08-21T15:32:18.198485+00:00,1.0
2020-10-01,2020,2020-21,October,"MRPL-MANGALORE,KARNATAKA",individual,731.0,Thousand Metric Tonnes (TMT),PPAC / Ministry of Petroleum and Natural Gas,8d3b6596-b09e-4077-aebf-425193185a5b.csv,1619,2026-08-21T15:32:18.198485+00:00,1.0
2020-10-01,2020,2020-21,October,"RIL,JAMNAGAR,GUJARAT",individual,3023.0,Thousand Metric Tonnes (TMT),PPAC / Ministry of Petroleum and Natural Gas,8d3b6596-b09e-4077-aebf-425193185a5b.csv,1620,2026-08-21T15:32:18.198485+00:00,1.0
2020-10-01,2020,2020-21,October,RIL TOTAL,subtotal,5464.0,Thousand Metric Tonnes (TMT),PPAC / Ministry of Petroleum and Natural Gas,8d3b6596-b09e-4077-aebf-425193185a5b.csv,1621,2026-08-21T15:32:18.198485+00:00,1.0
2020-11-01,2020,2020-21,November,"IOCL-HALDIA, WEST BENGAL",individual,680.0,Thousand Metric Tonnes (TMT),PPAC / Ministry of Petroleum and Natural Gas,8d3b6596-b09e-4077-aebf-425193185a5b.csv,1622,2026-08-21T15:32:18.198485+00:00,1.0
2020-11-01,2020,2020-21,November,"IOCL-PARADIP,ODISHA",individual,1325.0,Thousand Metric Tonnes (TMT),PPAC / Ministry of Petroleum and Natural Gas,8d3b6596-b09e-4077-aebf-425193185a5b.csv,1623,2026-08-21T15:32:18.198485+00:00,1.0
2020-11-01,2020,2020-21,November,"NRL-NUMALIGARH, ASSAM",individual,230.0,Thousand Metric Tonnes (TMT),PPAC / Ministry of Petroleum and Natural Gas,8d3b6596-b09e-4077-aebf-425193185a5b.csv,1624,2026-08-21T15:32:18.198485+00:00,1.0
2020-11-01,2020,2020-21,November,ONGC TOTAL,subtotal,1018.0,Thousand Metric Tonnes (TMT),PPAC / Ministry of Petroleum and Natural Gas,8d3b6596-b09e-4077-aebf-425193185a5b.csv,1625,2026-08-21T15:32:18.198485+00:00,1.0
2020-11-01,2020,2020-21,November,"HMEL-GGSR, BATHINDA, PUNJAB",individual,1038.0,Thousand Metric Tonnes (TMT),PPAC / Ministry of Petroleum and Natural Gas,8d3b6596-b09e-4077-aebf-425193185a5b.csv,1626,2026-08-21T15:32:18.198485+00:00,1.0
2020-11-01,2020,2020-21,November,"RIL-(SEZ), JAMNAGAR,GUJARAT",individual,2611.0,Thousand Metric Tonnes (TMT),PPAC / Ministry of Petroleum and Natural Gas,8d3b6596-b09e-4077-aebf-425193185a5b.csv,1627,2026-08-21T15:32:18.198485+00:00,1.0
2020-12-01,2020,2020-21,December,"IOCL-PARADIP,ODISHA",individual,977.0,Thousand Metric Tonnes (TMT),PPAC / Ministry of Petroleum and Natural Gas,8d3b6596-b09e-4077-aebf-425193185a5b.csv,1628,2026-08-21T15:32:18.198485+00:00,1.0
2020-12-01,2020,2020-21,December,IOCL TOTAL,subtotal,5988.0,Thousand Metric Tonnes (TMT),PPAC / Ministry of Petroleum and Natural Gas,8d3b6596-b09e-4077-aebf-425193185a5b.csv,1629,2026-08-21T15:32:18.198485+00:00,1.0
2020-12-01,2020,2020-21,December,"HPCL-VISAKH,ANDHRA PRADESH",individual,707.0,Thousand Metric Tonnes (TMT),PPAC / Ministry of Petroleum and Natural Gas,8d3b6596-b09e-4077-aebf-425193185a5b.csv,1630,2026-08-21T15:32:18.198485+00:00,1.0
2020-12-01,2020,2020-21,December,"RIL,JAMNAGAR,GUJARAT",individual,2996.0,Thousand Metric Tonnes (TMT),PPAC / Ministry of Petroleum and Natural Gas,8d3b6596-b09e-4077-aebf-425193185a5b.csv,1631,2026-08-21T15:32:18.198485+00:00,1.0
2020-12-01,2020,2020-21,December,"RIL-(SEZ), JAMNAGAR,GUJARAT",individual,2691.0,Thousand Metric Tonnes (TMT),PPAC / Ministry of Petroleum and Natural Gas,8d3b6596-b09e-4077-aebf-425193185a5b.csv,1632,2026-08-21T15:32:18.198485+00:00,1.0
2020-12-01,2020,2020-21,December,RIL TOTAL,subtotal,5688.0,Thousand Metric Tonnes (TMT),PPAC / Ministry of Petroleum and Natural Gas,8d3b6596-b09e-4077-aebf-425193185a5b.csv,1633,2026-08-21T15:32:18.198485+00:00,1.0
2020-12-01,2020,2020-21,December,"NEL-VADINAR,GUJARAT",individual,1544.0,Thousand Metric Tonnes (TMT),PPAC / Ministry of Petroleum and Natural Gas,8d3b6596-b09e-4077-aebf-425193185a5b.csv,1634,2026-08-21T15:32:18.198485+00:00,1.0
2020-12-01,2020,2020-21,December,GRAND TOTAL,grand_total,21024.0,Thousand Metric Tonnes (TMT),PPAC / Ministry of Petroleum and Natural Gas,8d3b6596-b09e-4077-aebf-425193185a5b.csv,1635,2026-08-21T15:32:18.198485+00:00,1.0
2021-01-01,2021,2020-21,January,"IOCL-HALDIA, WEST BENGAL",individual,723.0,Thousand Metric Tonnes (TMT),PPAC / Ministry of Petroleum and Natural Gas,8d3b6596-b09e-4077-aebf-425193185a5b.csv,1636,2026-08-21T15:32:18.198485+00:00,1.0
2021-01-01,2021,2020-21,January,"IOCL-GUWAHATI,ASSAM",individual,90.0,Thousand Metric Tonnes (TMT),PPAC / Ministry of Petroleum and Natural Gas,8d3b6596-b09e-4077-aebf-425193185a5b.csv,1637,2026-08-21T15:32:18.198485+00:00,1.0
2021-01-01,2021,2020-21,January,"BPCL-MUMBAI, MAHARASHTRA",individual,1320.0,Thousand Metric Tonnes (TMT),PPAC / Ministry of Petroleum and Natural Gas,8d3b6596-b09e-4077-aebf-425193185a5b.csv,1638,2026-08-21T15:32:18.198485+00:00,1.0
2021-01-01,2021,2020-21,January,BPCL-TOTAL,subtotal,3837.0,Thousand Metric Tonnes (TMT),PPAC / Ministry of Petroleum and Natural Gas,8d3b6596-b09e-4077-aebf-425193185a5b.csv,1639,2026-08-21T15:32:18.198485+00:00,1.0
2021-01-01,2021,2020-21,January,"ONGC-TATIPAKA,ANDHRA PRADESH",individual,8.0,Thousand Metric Tonnes (TMT),PPAC / Ministry of Petroleum and Natural Gas,8d3b6596-b09e-4077-aebf-425193185a5b.csv,1640,2026-08-21T15:32:18.198485+00:00,1.0
2021-01-01,2021,2020-21,January,"RIL,JAMNAGAR,GUJARAT",individual,2916.0,Thousand Metric Tonnes (TMT),PPAC / Ministry of Petroleum and Natural Gas,8d3b6596-b09e-4077-aebf-425193185a5b.csv,1641,2026-08-21T15:32:18.198485+00:00,1.0
2021-01-01,2021,2020-21,January,"NEL-VADINAR,GUJARAT",individual,1545.0,Thousand Metric Tonnes (TMT),PPAC / Ministry of Petroleum and Natural Gas,8d3b6596-b09e-4077-aebf-425193185a5b.csv,1642,2026-08-21T15:32:18.198485+00:00,1.0
2021-02-01,2021,2020-21,February,BPCL-TOTAL,subtotal,3503.0,Thousand Metric Tonnes (TMT),PPAC / Ministry of Petroleum and Natural Gas,8d3b6596-b09e-4077-aebf-425193185a5b.csv,1643,2026-08-21T15:32:18.198485+00:00,1.0
2021-02-01,2021,2020-21,February,"MRPL-MANGALORE,KARNATAKA",individual,1297.0,Thousand Metric Tonnes (TMT),PPAC / Ministry of Petroleum and Natural Gas,8d3b6596-b09e-4077-aebf-425193185a5b.csv,1644,2026-08-21T15:32:18.198485+00:00,1.0
2021-02-01,2021,2020-21,February,ONGC TOTAL,subtotal,1305.0,Thousand Metric Tonnes (TMT),PPAC / Ministry of Petroleum and Natural Gas,8d3b6596-b09e-4077-aebf-425193185a5b.csv,1645,2026-08-21T15:32:18.198485+00:00,1.0
2021-02-01,2021,2020-21,February,HPCL-TOTAL,subtotal,1392.0,Thousand Metric Tonnes (TMT),PPAC / Ministry of Petroleum and Natural Gas,8d3b6596-b09e-4077-aebf-425193185a5b.csv,1646,2026-08-21T15:32:18.198485+00:00,1.0
2021-03-01,2021,2020-21,March,"IOCL-HALDIA, WEST BENGAL",individual,665.0,Thousand Metric Tonnes (TMT),PPAC / Ministry of Petroleum and Natural Gas,8d3b6596-b09e-4077-aebf-425193185a5b.csv,1647,2026-08-21T15:32:18.198485+00:00,1.0
2021-03-01,2021,2020-21,March,CPCL-TOTAL,subtotal,964.0,Thousand Metric Tonnes (TMT),PPAC / Ministry of Petroleum and Natural Gas,8d3b6596-b09e-4077-aebf-425193185a5b.csv,1648,2026-08-21T15:32:18.198485+00:00,1.0
2021-03-01,2021,2020-21,March,"BPCL-MUMBAI, MAHARASHTRA",individual,1376.0,Thousand Metric Tonnes (TMT),PPAC / Ministry of Petroleum and Natural Gas,8d3b6596-b09e-4077-aebf-425193185a5b.csv,1649,2026-08-21T15:32:18.198485+00:00,1.0
2021-03-01,2021,2020-21,March,"NRL-NUMALIGARH, ASSAM",individual,241.0,Thousand Metric Tonnes (TMT),PPAC / Ministry of Petroleum and Natural Gas,8d3b6596-b09e-4077-aebf-425193185a5b.csv,1650,2026-08-21T15:32:18.198485+00:00,1.0
2021-03-01,2021,2020-21,March,BPCL-TOTAL,subtotal,3603.0,Thousand Metric Tonnes (TMT),PPAC / Ministry of Petroleum and Natural Gas,8d3b6596-b09e-4077-aebf-425193185a5b.csv,1651,2026-08-21T15:32:18.198485+00:00,1.0
2021-03-01,2021,2020-21,March,"ONGC-TATIPAKA,ANDHRA PRADESH",individual,8.0,Thousand Metric Tonnes (TMT),PPAC / Ministry of Petroleum and Natural Gas,8d3b6596-b09e-4077-aebf-425193185a5b.csv,1652,2026-08-21T15:32:18.198485+00:00,1.0
2021-03-01,2021,2020-21,March,GRAND TOTAL,grand_total,20985.0,Thousand Metric Tonnes (TMT),PPAC / Ministry of Petroleum and Natural Gas,8d3b6596-b09e-4077-aebf-425193185a5b.csv,1653,2026-08-21T15:32:18.198485+00:00,1.0
2025-04-01,2025,2025-26,April,"IOCL-BARAUNI,BIHAR",individual,475.65,Thousand Metric Tonnes (TMT),PPAC / Ministry of Petroleum and Natural Gas,8d3b6596-b09e-4077-aebf-425193185a5b.csv,1654,2026-08-21T15:32:18.198485+00:00,1.0
2025-04-01,2025,2025-26,April,"IOCL-KOYALI, GUJARAT",individual,1068.4,Thousand Metric Tonnes (TMT),PPAC / Ministry of Petroleum and Natural Gas,8d3b6596-b09e-4077-aebf-425193185a5b.csv,1655,2026-08-21T15:32:18.198485+00:00,1.0
2025-04-01,2025,2025-26,April,"IOCL-PANIPAT, HARYANA",individual,1321.73,Thousand Metric Tonnes (TMT),PPAC / Ministry of Petroleum and Natural Gas,8d3b6596-b09e-4077-aebf-425193185a5b.csv,1656,2026-08-21T15:32:18.198485+00:00,1.0
2025-04-01,2025,2025-26,April,"IOCL-DIGBOI,ASSAM",individual,36.96,Thousand Metric Tonnes (TMT),PPAC / Ministry of Petroleum and Natural Gas,8d3b6596-b09e-4077-aebf-425193185a5b.csv,1657,2026-08-21T15:32:18.198485+00:00,1.0
2025-04-01,2025,2025-26,April,"BPCL-KOCHI, KERALA",individual,1512.2,Thousand Metric Tonnes (TMT),PPAC / Ministry of Petroleum and Natural Gas,8d3b6596-b09e-4077-aebf-425193185a5b.csv,1658,2026-08-21T15:32:18.198485+00:00,1.0
2025-04-01,2025,2025-26,April,BPCL-BINA,individual,652.77,Thousand Metric Tonnes (TMT),PPAC / Ministry of Petroleum and Natural Gas,8d3b6596-b09e-4077-aebf-425193185a5b.csv,1659,2026-08-21T15:32:18.198485+00:00,1.0
2025-05-01,2025,2025-26,May,"IOCL-GUWAHATI,ASSAM",individual,111.39,Thousand Metric Tonnes (TMT),PPAC / Ministry of Petroleum and Natural Gas,8d3b6596-b09e-4077-aebf-425193185a5b.csv,1660,2026-08-21T15:32:18.198485+00:00,1.0
2025-05-01,2025,2025-26,May,"BPCL-MUMBAI, MAHARASHTRA",individual,1369.46,Thousand Metric Tonnes (TMT),PPAC / Ministry of Petroleum and Natural Gas,8d3b6596-b09e-4077-aebf-425193185a5b.csv,1661,2026-08-21T15:32:18.198485+00:00,1.0
2025-05-01,2025,2025-26,May,ONGC TOTAL,subtotal,1174.14,Thousand Metric Tonnes (TMT),PPAC / Ministry of Petroleum and Natural Gas,8d3b6596-b09e-4077-aebf-425193185a5b.csv,1662,2026-08-21T15:32:18.198485+00:00,1.0
2025-05-01,2025,2025-26,May,"NEL-VADINAR,GUJARAT",individual,1762.48,Thousand Metric Tonnes (TMT),PPAC / Ministry of Petroleum and Natural Gas,8d3b6596-b09e-4077-aebf-425193185a5b.csv,1663,2026-08-21T15:32:18.198485+00:00,1.0
2025-06-01,2025,2025-26,June,"IOCL-HALDIA, WEST BENGAL",individual,739.57,Thousand Metric Tonnes (TMT),PPAC / Ministry of Petroleum and Natural Gas,8d3b6596-b09e-4077-aebf-425193185a5b.csv,1664,2026-08-21T15:32:18.198485+00:00,1.0
2025-06-01,2025,2025-26,June,"IOCL-GUWAHATI,ASSAM",individual,106.29,Thousand Metric Tonnes (TMT),PPAC / Ministry of Petroleum and Natural Gas,8d3b6596-b09e-4077-aebf-425193185a5b.csv,1665,2026-08-21T15:32:18.198485+00:00,1.0
2025-06-01,2025,2025-26,June,"BPCL-MUMBAI, MAHARASHTRA",individual,1357.46,Thousand Metric Tonnes (TMT),PPAC / Ministry of Petroleum and Natural Gas,8d3b6596-b09e-4077-aebf-425193185a5b.csv,1666,2026-08-21T15:32:18.198485+00:00,1.0
2025-06-01,2025,2025-26,June,BPCL-TOTAL,subtotal,3522.61,Thousand Metric Tonnes (TMT),PPAC / Ministry of Petroleum and Natural Gas,8d3b6596-b09e-4077-aebf-425193185a5b.csv,1667,2026-08-21T15:32:18.198485+00:00,1.0
2025-06-01,2025,2025-26,June,"HPCL-VISAKH,ANDHRA PRADESH",individual,1299.7,Thousand Metric Tonnes (TMT),PPAC / Ministry of Petroleum and Natural Gas,8d3b6596-b09e-4077-aebf-425193185a5b.csv,1668,2026-08-21T15:32:18.198485+00:00,1.0
2025-06-01,2025,2025-26,June,"RIL,JAMNAGAR,GUJARAT",individual,2873.41,Thousand Metric Tonnes (TMT),PPAC / Ministry of Petroleum and Natural Gas,8d3b6596-b09e-4077-aebf-425193185a5b.csv,1669,2026-08-21T15:32:18.198485+00:00,1.0
2025-07-01,2025,2025-26,July,IOCL TOTAL,subtotal,6184.81,Thousand Metric Tonnes (TMT),PPAC / Ministry of Petroleum and Natural Gas,8d3b6596-b09e-4077-aebf-425193185a5b.csv,1670,2026-08-21T15:32:18.198485+00:00,1.0
2025-07-01,2025,2025-26,July,"BPCL-KOCHI, KERALA",individual,1575.09,Thousand Metric Tonnes (TMT),PPAC / Ministry of Petroleum and Natural Gas,8d3b6596-b09e-4077-aebf-425193185a5b.csv,1671,2026-08-21T15:32:18.198485+00:00,1.0
2025-07-01,2025,2025-26,July,BPCL-BINA,individual,681.15,Thousand Metric Tonnes (TMT),PPAC / Ministry of Petroleum and Natural Gas,8d3b6596-b09e-4077-aebf-425193185a5b.csv,1672,2026-08-21T15:32:18.198485+00:00,1.0
2025-07-01,2025,2025-26,July,HPCL-TOTAL,subtotal,3130.8,Thousand Metric Tonnes (TMT),PPAC / Ministry of Petroleum and Natural Gas,8d3b6596-b09e-4077-aebf-425193185a5b.csv,1673,2026-08-21T15:32:18.198485+00:00,1.0
2025-07-01,2025,2025-26,July,"RIL-(SEZ), JAMNAGAR,GUJARAT",individual,2830.0,Thousand Metric Tonnes (TMT),PPAC / Ministry of Petroleum and Natural Gas,8d3b6596-b09e-4077-aebf-425193185a5b.csv,1674,2026-08-21T15:32:18.198485+00:00,1.0
2025-08-01,2025,2025-26,August,"IOCL-PARADIP,ODISHA",individual,1417.39,Thousand Metric Tonnes (TMT),PPAC / Ministry of Petroleum and Natural Gas,8d3b6596-b09e-4077-aebf-425193185a5b.csv,1675,2026-08-21T15:32:18.198485+00:00,1.0
2025-08-01,2025,2025-26,August,"MRPL-MANGALORE,KARNATAKA",individual,1484.09,Thousand Metric Tonnes (TMT),PPAC / Ministry of Petroleum and Natural Gas,8d3b6596-b09e-4077-aebf-425193185a5b.csv,1676,2026-08-21T15:32:18.198485+00:00,1.0
2025-08-01,2025,2025-26,August,"HPCL-MUMBAI,MAHARASHTRA",individual,881.75,Thousand Metric Tonnes (TMT),PPAC / Ministry of Petroleum and Natural Gas,8d3b6596-b09e-4077-aebf-425193185a5b.csv,1677,2026-08-21T15:32:18.198485+00:00,1.0
2025-08-01,2025,2025-26,August,"HPCL-VISAKH,ANDHRA PRADESH",individual,1339.47,Thousand Metric Tonnes (TMT),PPAC / Ministry of Petroleum and Natural Gas,8d3b6596-b09e-4077-aebf-425193185a5b.csv,1678,2026-08-21T15:32:18.198485+00:00,1.0
2025-08-01,2025,2025-26,August,HPCL-TOTAL,subtotal,3278.22,Thousand Metric Tonnes (TMT),PPAC / Ministry of Petroleum and Natural Gas,8d3b6596-b09e-4077-aebf-425193185a5b.csv,1679,2026-08-21T15:32:18.198485+00:00,1.0
2025-09-01,2025,2025-26,September,"IOCL-MATHURA, UTTAR PRADESH",individual,785.54,Thousand Metric Tonnes (TMT),PPAC / Ministry of Petroleum and Natural Gas,8d3b6596-b09e-4077-aebf-425193185a5b.csv,1680,2026-08-21T15:32:18.198485+00:00,1.0
2025-09-01,2025,2025-26,September,"BPCL-MUMBAI, MAHARASHTRA",individual,1359.4,Thousand Metric Tonnes (TMT),PPAC / Ministry of Petroleum and Natural Gas,8d3b6596-b09e-4077-aebf-425193185a5b.csv,1681,2026-08-21T15:32:18.198485+00:00,1.0
2025-09-01,2025,2025-26,September,"ONGC-TATIPAKA,ANDHRA PRADESH",individual,5.96,Thousand Metric Tonnes (TMT),PPAC / Ministry of Petroleum and Natural Gas,8d3b6596-b09e-4077-aebf-425193185a5b.csv,1682,2026-08-21T15:32:18.198485+00:00,1.0
2025-09-01,2025,2025-26,September,ONGC TOTAL,subtotal,1393.18,Thousand Metric Tonnes (TMT),PPAC / Ministry of Petroleum and Natural Gas,8d3b6596-b09e-4077-aebf-425193185a5b.csv,1683,2026-08-21T15:32:18.198485+00:00,1.0
2025-09-01,2025,2025-26,September,"HPCL-MUMBAI,MAHARASHTRA",individual,846.6,Thousand Metric Tonnes (TMT),PPAC / Ministry of Petroleum and Natural Gas,8d3b6596-b09e-4077-aebf-425193185a5b.csv,1684,2026-08-21T15:32:18.198485+00:00,1.0
2025-09-01,2025,2025-26,September,"HMEL-GGSR, BATHINDA, PUNJAB",individual,965.87,Thousand Metric Tonnes (TMT),PPAC / Ministry of Petroleum and Natural Gas,8d3b6596-b09e-4077-aebf-425193185a5b.csv,1685,2026-08-21T15:32:18.198485+00:00,1.0
2025-09-01,2025,2025-26,September,RIL TOTAL,subtotal,5548.13,Thousand Metric Tonnes (TMT),PPAC / Ministry of Petroleum and Natural Gas,8d3b6596-b09e-4077-aebf-425193185a5b.csv,1686,2026-08-21T15:32:18.198485+00:00,1.0
2025-10-01,2025,2025-26,October,"IOCL-BARAUNI,BIHAR",individual,557.31,Thousand Metric Tonnes (TMT),PPAC / Ministry of Petroleum and Natural Gas,8d3b6596-b09e-4077-aebf-425193185a5b.csv,1687,2026-08-21T15:32:18.198485+00:00,1.0
2025-10-01,2025,2025-26,October,"IOCL-GUWAHATI,ASSAM",individual,109.0,Thousand Metric Tonnes (TMT),PPAC / Ministry of Petroleum and Natural Gas,8d3b6596-b09e-4077-aebf-425193185a5b.csv,1688,2026-08-21T15:32:18.198485+00:00,1.0
2025-10-01,2025,2025-26,October,IOCL TOTAL,subtotal,6331.55,Thousand Metric Tonnes (TMT),PPAC / Ministry of Petroleum and Natural Gas,8d3b6596-b09e-4077-aebf-425193185a5b.csv,1689,2026-08-21T15:32:18.198485+00:00,1.0
2025-10-01,2025,2025-26,October,CPCL-TOTAL,subtotal,760.22,Thousand Metric Tonnes (TMT),PPAC / Ministry of Petroleum and Natural Gas,8d3b6596-b09e-4077-aebf-425193185a5b.csv,1690,2026-08-21T15:32:18.198485+00:00,1.0
2025-10-01,2025,2025-26,October,HPCL-TOTAL,subtotal,3149.75,Thousand Metric Tonnes (TMT),PPAC / Ministry of Petroleum and Natural Gas,8d3b6596-b09e-4077-aebf-425193185a5b.csv,1691,2026-08-21T15:32:18.198485+00:00,1.0
2025-11-01,2025,2025-26,November,"IOCL-KOYALI, GUJARAT",individual,1148.16,Thousand Metric Tonnes (TMT),PPAC / Ministry of Petroleum and Natural Gas,8d3b6596-b09e-4077-aebf-425193185a5b.csv,1692,2026-08-21T15:32:18.198485+00:00,1.0
2025-11-01,2025,2025-26,November,"IOCL-HALDIA, WEST BENGAL",individual,581.76,Thousand Metric Tonnes (TMT),PPAC / Ministry of Petroleum and Natural Gas,8d3b6596-b09e-4077-aebf-425193185a5b.csv,1693,2026-08-21T15:32:18.198485+00:00,1.0
2025-11-01,2025,2025-26,November,"IOCL-DIGBOI,ASSAM",individual,65.09,Thousand Metric Tonnes (TMT),PPAC / Ministry of Petroleum and Natural Gas,8d3b6596-b09e-4077-aebf-425193185a5b.csv,1694,2026-08-21T15:32:18.198485+00:00,1.0
2025-11-01,2025,2025-26,November,"IOCL-BONGAIGAON,ASSAM",individual,242.29,Thousand Metric Tonnes (TMT),PPAC / Ministry of Petroleum and Natural Gas,8d3b6596-b09e-4077-aebf-425193185a5b.csv,1695,2026-08-21T15:32:18.198485+00:00,1.0
2025-11-01,2025,2025-26,November,IOCL TOTAL,subtotal,6236.53,Thousand Metric Tonnes (TMT),PPAC / Ministry of Petroleum and Natural Gas,8d3b6596-b09e-4077-aebf-425193185a5b.csv,1696,2026-08-21T15:32:18.198485+00:00,1.0
2025-11-01,2025,2025-26,November,"BPCL-MUMBAI, MAHARASHTRA",individual,1294.06,Thousand Metric Tonnes (TMT),PPAC / Ministry of Petroleum and Natural Gas,8d3b6596-b09e-4077-aebf-425193185a5b.csv,1697,2026-08-21T15:32:18.198485+00:00,1.0
2025-11-01,2025,2025-26,November,"ONGC-TATIPAKA,ANDHRA PRADESH",individual,6.67,Thousand Metric Tonnes (TMT),PPAC / Ministry of Petroleum and Natural Gas,8d3b6596-b09e-4077-aebf-425193185a5b.csv,1698,2026-08-21T15:32:18.198485+00:00,1.0
2025-12-01,2025,2025-26,December,"IOCL-MATHURA, UTTAR PRADESH",individual,874.82,Thousand Metric Tonnes (TMT),PPAC / Ministry of Petroleum and Natural Gas,8d3b6596-b09e-4077-aebf-425193185a5b.csv,1699,2026-08-21T15:32:18.198485+00:00,1.0
2025-12-01,2025,2025-26,December,"IOCL-PARADIP,ODISHA",individual,1371.2,Thousand Metric Tonnes (TMT),PPAC / Ministry of Petroleum and Natural Gas,8d3b6596-b09e-4077-aebf-425193185a5b.csv,1700,2026-08-21T15:32:18.198485+00:00,1.0
2025-12-01,2025,2025-26,December,CPCL-TOTAL,subtotal,1073.54,Thousand Metric Tonnes (TMT),PPAC / Ministry of Petroleum and Natural Gas,8d3b6596-b09e-4077-aebf-425193185a5b.csv,1701,2026-08-21T15:32:18.198485+00:00,1.0
2025-12-01,2025,2025-26,December,"NRL-NUMALIGARH, ASSAM",individual,284.42,Thousand Metric Tonnes (TMT),PPAC / Ministry of Petroleum and Natural Gas,8d3b6596-b09e-4077-aebf-425193185a5b.csv,1702,2026-08-21T15:32:18.198485+00:00,1.0
2025-12-01,2025,2025-26,December,ONGC TOTAL,subtotal,1550.1,Thousand Metric Tonnes (TMT),PPAC / Ministry of Petroleum and Natural Gas,8d3b6596-b09e-4077-aebf-425193185a5b.csv,1703,2026-08-21T15:32:18.198485+00:00,1.0
2025-12-01,2025,2025-26,December,"RIL-(SEZ), JAMNAGAR,GUJARAT",individual,3185.53,Thousand Metric Tonnes (TMT),PPAC / Ministry of Petroleum and Natural Gas,8d3b6596-b09e-4077-aebf-425193185a5b.csv,1704,2026-08-21T15:32:18.198485+00:00,1.0
2026-01-01,2026,2025-26,January,"IOCL-GUWAHATI,ASSAM",individual,113.72,Thousand Metric Tonnes (TMT),PPAC / Ministry of Petroleum and Natural Gas,8d3b6596-b09e-4077-aebf-425193185a5b.csv,1705,2026-08-21T15:32:18.198485+00:00,1.0
2026-01-01,2026,2025-26,January,"NRL-NUMALIGARH, ASSAM",individual,261.34,Thousand Metric Tonnes (TMT),PPAC / Ministry of Petroleum and Natural Gas,8d3b6596-b09e-4077-aebf-425193185a5b.csv,1706,2026-08-21T15:32:18.198485+00:00,1.0
2026-01-01,2026,2025-26,January,ONGC TOTAL,subtotal,1538.71,Thousand Metric Tonnes (TMT),PPAC / Ministry of Petroleum and Natural Gas,8d3b6596-b09e-4077-aebf-425193185a5b.csv,1707,2026-08-21T15:32:18.198485+00:00,1.0
2026-01-01,2026,2025-26,January,"HMEL-GGSR, BATHINDA, PUNJAB",individual,1154.64,Thousand Metric Tonnes (TMT),PPAC / Ministry of Petroleum and Natural Gas,8d3b6596-b09e-4077-aebf-425193185a5b.csv,1708,2026-08-21T15:32:18.198485+00:00,1.0
2026-02-01,2026,2025-26,February,"IOCL-HALDIA, WEST BENGAL",individual,693.22,Thousand Metric Tonnes (TMT),PPAC / Ministry of Petroleum and Natural Gas,8d3b6596-b09e-4077-aebf-425193185a5b.csv,1709,2026-08-21T15:32:18.198485+00:00,1.0
2026-02-01,2026,2025-26,February,"IOCL-PANIPAT, HARYANA",individual,1188.37,Thousand Metric Tonnes (TMT),PPAC / Ministry of Petroleum and Natural Gas,8d3b6596-b09e-4077-aebf-425193185a5b.csv,1710,2026-08-21T15:32:18.198485+00:00,1.0
2026-02-01,2026,2025-26,February,"IOCL-DIGBOI,ASSAM",individual,59.38,Thousand Metric Tonnes (TMT),PPAC / Ministry of Petroleum and Natural Gas,8d3b6596-b09e-4077-aebf-425193185a5b.csv,1711,2026-08-21T15:32:18.198485+00:00,1.0
2026-02-01,2026,2025-26,February,"IOCL-BONGAIGAON,ASSAM",individual,239.72,Thousand Metric Tonnes (TMT),PPAC / Ministry of Petroleum and Natural Gas,8d3b6596-b09e-4077-aebf-425193185a5b.csv,1712,2026-08-21T15:32:18.198485+00:00,1.0
2026-02-01,2026,2025-26,February,IOCL TOTAL,subtotal,6128.0,Thousand Metric Tonnes (TMT),PPAC / Ministry of Petroleum and Natural Gas,8d3b6596-b09e-4077-aebf-425193185a5b.csv,1713,2026-08-21T15:32:18.198485+00:00,1.0
2026-02-01,2026,2025-26,February,"MRPL-MANGALORE,KARNATAKA",individual,1396.92,Thousand Metric Tonnes (TMT),PPAC / Ministry of Petroleum and Natural Gas,8d3b6596-b09e-4077-aebf-425193185a5b.csv,1714,2026-08-21T15:32:18.198485+00:00,1.0
2026-02-01,2026,2025-26,February,ONGC TOTAL,subtotal,1401.0,Thousand Metric Tonnes (TMT),PPAC / Ministry of Petroleum and Natural Gas,8d3b6596-b09e-4077-aebf-425193185a5b.csv,1715,2026-08-21T15:32:18.198485+00:00,1.0
2026-02-01,2026,2025-26,February,"HPCL-MUMBAI,MAHARASHTRA",individual,822.93,Thousand Metric Tonnes (TMT),PPAC / Ministry of Petroleum and Natural Gas,8d3b6596-b09e-4077-aebf-425193185a5b.csv,1716,2026-08-21T15:32:18.198485+00:00,1.0
2026-02-01,2026,2025-26,February,"NEL-VADINAR,GUJARAT",individual,1438.46,Thousand Metric Tonnes (TMT),PPAC / Ministry of Petroleum and Natural Gas,8d3b6596-b09e-4077-aebf-425193185a5b.csv,1717,2026-08-21T15:32:18.198485+00:00,1.0
2026-03-01,2026,2025-26,March,"IOCL-BARAUNI,BIHAR",individual,578.07,Thousand Metric Tonnes (TMT),PPAC / Ministry of Petroleum and Natural Gas,8d3b6596-b09e-4077-aebf-425193185a5b.csv,1718,2026-08-21T15:32:18.198485+00:00,1.0
2026-03-01,2026,2025-26,March,"CPCL-MANALI, TAMILNADU",individual,989.35,Thousand Metric Tonnes (TMT),PPAC / Ministry of Petroleum and Natural Gas,8d3b6596-b09e-4077-aebf-425193185a5b.csv,1719,2026-08-21T15:32:18.198485+00:00,1.0
2026-03-01,2026,2025-26,March,CPCL-TOTAL,subtotal,989.35,Thousand Metric Tonnes (TMT),PPAC / Ministry of Petroleum and Natural Gas,8d3b6596-b09e-4077-aebf-425193185a5b.csv,1720,2026-08-21T15:32:18.198485+00:00,1.0
2026-03-01,2026,2025-26,March,"MRPL-MANGALORE,KARNATAKA",individual,1474.57,Thousand Metric Tonnes (TMT),PPAC / Ministry of Petroleum and Natural Gas,8d3b6596-b09e-4077-aebf-425193185a5b.csv,1721,2026-08-21T15:32:18.198485+00:00,1.0
2026-03-01,2026,2025-26,March,"HMEL-GGSR, BATHINDA, PUNJAB",individual,1170.55,Thousand Metric Tonnes (TMT),PPAC / Ministry of Petroleum and Natural Gas,8d3b6596-b09e-4077-aebf-425193185a5b.csv,1722,2026-08-21T15:32:18.198485+00:00,1.0
2026-03-01,2026,2025-26,March,"RIL,JAMNAGAR,GUJARAT",individual,2873.92,Thousand Metric Tonnes (TMT),PPAC / Ministry of Petroleum and Natural Gas,8d3b6596-b09e-4077-aebf-425193185a5b.csv,1723,2026-08-21T15:32:18.198485+00:00,1.0
2024-04-01,2024,2024-25,April,IOCL TOTAL,subtotal,6146.81,Thousand Metric Tonnes (TMT),PPAC / Ministry of Petroleum and Natural Gas,8d3b6596-b09e-4077-aebf-425193185a5b.csv,1724,2026-08-21T15:32:18.198485+00:00,1.0
2024-04-01,2024,2024-25,April,"BPCL-MUMBAI, MAHARASHTRA",individual,1357.77,Thousand Metric Tonnes (TMT),PPAC / Ministry of Petroleum and Natural Gas,8d3b6596-b09e-4077-aebf-425193185a5b.csv,1725,2026-08-21T15:32:18.198485+00:00,1.0
2024-04-01,2024,2024-25,April,"BPCL-KOCHI, KERALA",individual,1424.94,Thousand Metric Tonnes (TMT),PPAC / Ministry of Petroleum and Natural Gas,8d3b6596-b09e-4077-aebf-425193185a5b.csv,1726,2026-08-21T15:32:18.198485+00:00,1.0
2024-04-01,2024,2024-25,April,HPCL & JV-TOTAL,subtotal,2502.16,Thousand Metric Tonnes (TMT),PPAC / Ministry of Petroleum and Natural Gas,8d3b6596-b09e-4077-aebf-425193185a5b.csv,1727,2026-08-21T15:32:18.198485+00:00,1.0
2024-04-01,2024,2024-25,April,"RIL,JAMNAGAR,GUJARAT",individual,2884.81,Thousand Metric Tonnes (TMT),PPAC / Ministry of Petroleum and Natural Gas,8d3b6596-b09e-4077-aebf-425193185a5b.csv,1728,2026-08-21T15:32:18.198485+00:00,1.0
2024-05-01,2024,2024-25,May,"IOCL-BONGAIGAON,ASSAM",individual,60.2,Thousand Metric Tonnes (TMT),PPAC / Ministry of Petroleum and Natural Gas,8d3b6596-b09e-4077-aebf-425193185a5b.csv,1729,2026-08-21T15:32:18.198485+00:00,1.0
2024-05-01,2024,2024-25,May,"IOCL-PARADIP,ODISHA",individual,1155.4,Thousand Metric Tonnes (TMT),PPAC / Ministry of Petroleum and Natural Gas,8d3b6596-b09e-4077-aebf-425193185a5b.csv,1730,2026-08-21T15:32:18.198485+00:00,1.0
2024-05-01,2024,2024-25,May,"CPCL-MANALI, TAMILNADU",individual,1032.68,Thousand Metric Tonnes (TMT),PPAC / Ministry of Petroleum and Natural Gas,8d3b6596-b09e-4077-aebf-425193185a5b.csv,1731,2026-08-21T15:32:18.198485+00:00,1.0
2024-05-01,2024,2024-25,May,CPCL-TOTAL,subtotal,1032.68,Thousand Metric Tonnes (TMT),PPAC / Ministry of Petroleum and Natural Gas,8d3b6596-b09e-4077-aebf-425193185a5b.csv,1732,2026-08-21T15:32:18.198485+00:00,1.0
2024-05-01,2024,2024-25,May,"BPCL-MUMBAI, MAHARASHTRA",individual,1284.3,Thousand Metric Tonnes (TMT),PPAC / Ministry of Petroleum and Natural Gas,8d3b6596-b09e-4077-aebf-425193185a5b.csv,1733,2026-08-21T15:32:18.198485+00:00,1.0
2024-05-01,2024,2024-25,May,"HPCL-MUMBAI,MAHARASHTRA",individual,816.26,Thousand Metric Tonnes (TMT),PPAC / Ministry of Petroleum and Natural Gas,8d3b6596-b09e-4077-aebf-425193185a5b.csv,1734,2026-08-21T15:32:18.198485+00:00,1.0
2024-05-01,2024,2024-25,May,"RIL-(SEZ), JAMNAGAR,GUJARAT",individual,2657.4,Thousand Metric Tonnes (TMT),PPAC / Ministry of Petroleum and Natural Gas,8d3b6596-b09e-4077-aebf-425193185a5b.csv,1735,2026-08-21T15:32:18.198485+00:00,1.0
2024-05-01,2024,2024-25,May,RIL TOTAL,subtotal,5590.09,Thousand Metric Tonnes (TMT),PPAC / Ministry of Petroleum and Natural Gas,8d3b6596-b09e-4077-aebf-425193185a5b.csv,1736,2026-08-21T15:32:18.198485+00:00,1.0
2024-05-01,2024,2024-25,May,"NEL-VADINAR,GUJARAT",individual,1727.48,Thousand Metric Tonnes (TMT),PPAC / Ministry of Petroleum and Natural Gas,8d3b6596-b09e-4077-aebf-425193185a5b.csv,1737,2026-08-21T15:32:18.198485+00:00,1.0
2024-06-01,2024,2024-25,June,"IOCL-BARAUNI,BIHAR",individual,566.25,Thousand Metric Tonnes (TMT),PPAC / Ministry of Petroleum and Natural Gas,8d3b6596-b09e-4077-aebf-425193185a5b.csv,1738,2026-08-21T15:32:18.198485+00:00,1.0
2024-06-01,2024,2024-25,June,"IOCL-BONGAIGAON,ASSAM",individual,217.61,Thousand Metric Tonnes (TMT),PPAC / Ministry of Petroleum and Natural Gas,8d3b6596-b09e-4077-aebf-425193185a5b.csv,1739,2026-08-21T15:32:18.198485+00:00,1.0
2024-06-01,2024,2024-25,June,CPCL-TOTAL,subtotal,930.19,Thousand Metric Tonnes (TMT),PPAC / Ministry of Petroleum and Natural Gas,8d3b6596-b09e-4077-aebf-425193185a5b.csv,1740,2026-08-21T15:32:18.198485+00:00,1.0
2024-06-01,2024,2024-25,June,"BPCL-MUMBAI, MAHARASHTRA",individual,1120.86,Thousand Metric Tonnes (TMT),PPAC / Ministry of Petroleum and Natural Gas,8d3b6596-b09e-4077-aebf-425193185a5b.csv,1741,2026-08-21T15:32:18.198485+00:00,1.0
2024-06-01,2024,2024-25,June,BPCL-BINA,individual,678.21,Thousand Metric Tonnes (TMT),PPAC / Ministry of Petroleum and Natural Gas,8d3b6596-b09e-4077-aebf-425193185a5b.csv,1742,2026-08-21T15:32:18.198485+00:00,1.0
2024-06-01,2024,2024-25,June,ONGC TOTAL,subtotal,1480.33,Thousand Metric Tonnes (TMT),PPAC / Ministry of Petroleum and Natural Gas,8d3b6596-b09e-4077-aebf-425193185a5b.csv,1743,2026-08-21T15:32:18.198485+00:00,1.0
2024-06-01,2024,2024-25,June,HPCL & JV-TOTAL,subtotal,3251.56,Thousand Metric Tonnes (TMT),PPAC / Ministry of Petroleum and Natural Gas,8d3b6596-b09e-4077-aebf-425193185a5b.csv,1744,2026-08-21T15:32:18.198485+00:00,1.0
2024-06-01,2024,2024-25,June,"RIL-(SEZ), JAMNAGAR,GUJARAT",individual,2627.24,Thousand Metric Tonnes (TMT),PPAC / Ministry of Petroleum and Natural Gas,8d3b6596-b09e-4077-aebf-425193185a5b.csv,1745,2026-08-21T15:32:18.198485+00:00,1.0
2024-07-01,2024,2024-25,July,"IOCL-BARAUNI,BIHAR",individual,585.92,Thousand Metric Tonnes (TMT),PPAC / Ministry of Petroleum and Natural Gas,8d3b6596-b09e-4077-aebf-425193185a5b.csv,1746,2026-08-21T15:32:18.198485+00:00,1.0
2024-07-01,2024,2024-25,July,"IOCL-KOYALI, GUJARAT",individual,1351.86,Thousand Metric Tonnes (TMT),PPAC / Ministry of Petroleum and Natural Gas,8d3b6596-b09e-4077-aebf-425193185a5b.csv,1747,2026-08-21T15:32:18.198485+00:00,1.0
2024-07-01,2024,2024-25,July,IOCL TOTAL,subtotal,5856.6,Thousand Metric Tonnes (TMT),PPAC / Ministry of Petroleum and Natural Gas,8d3b6596-b09e-4077-aebf-425193185a5b.csv,1748,2026-08-21T15:32:18.198485+00:00,1.0
2024-07-01,2024,2024-25,July,CPCL-TOTAL,subtotal,879.99,Thousand Metric Tonnes (TMT),PPAC / Ministry of Petroleum and Natural Gas,8d3b6596-b09e-4077-aebf-425193185a5b.csv,1749,2026-08-21T15:32:18.198485+00:00,1.0
2024-07-01,2024,2024-25,July,BPCL-BINA,individual,685.06,Thousand Metric Tonnes (TMT),PPAC / Ministry of Petroleum and Natural Gas,8d3b6596-b09e-4077-aebf-425193185a5b.csv,1750,2026-08-21T15:32:18.198485+00:00,1.0
2024-07-01,2024,2024-25,July,"HPCL-MUMBAI,MAHARASHTRA",individual,865.33,Thousand Metric Tonnes (TMT),PPAC / Ministry of Petroleum and Natural Gas,8d3b6596-b09e-4077-aebf-425193185a5b.csv,1751,2026-08-21T15:32:18.198485+00:00,1.0
2024-07-01,2024,2024-25,July,"RIL-(SEZ), JAMNAGAR,GUJARAT",individual,2512.47,Thousand Metric Tonnes (TMT),PPAC / Ministry of Petroleum and Natural Gas,8d3b6596-b09e-4077-aebf-425193185a5b.csv,1752,2026-08-21T15:32:18.198485+00:00,1.0
2024-08-01,2024,2024-25,August,"IOCL-BARAUNI,BIHAR",individual,586.96,Thousand Metric Tonnes (TMT),PPAC / Ministry of Petroleum and Natural Gas,8d3b6596-b09e-4077-aebf-425193185a5b.csv,1753,2026-08-21T15:32:18.198485+00:00,1.0
2024-08-01,2024,2024-25,August,"IOCL-HALDIA, WEST BENGAL",individual,283.86,Thousand Metric Tonnes (TMT),PPAC / Ministry of Petroleum and Natural Gas,8d3b6596-b09e-4077-aebf-425193185a5b.csv,1754,2026-08-21T15:32:18.198485+00:00,1.0
2024-08-01,2024,2024-25,August,"IOCL-GUWAHATI,ASSAM",individual,101.2,Thousand Metric Tonnes (TMT),PPAC / Ministry of Petroleum and Natural Gas,8d3b6596-b09e-4077-aebf-425193185a5b.csv,1755,2026-08-21T15:32:18.198485+00:00,1.0
2024-09-01,2024,2024-25,September,"IOCL-PANIPAT, HARYANA",individual,1248.09,Thousand Metric Tonnes (TMT),PPAC / Ministry of Petroleum and Natural Gas,8d3b6596-b09e-4077-aebf-425193185a5b.csv,1756,2026-08-21T15:32:18.198485+00:00,1.0
2024-09-01,2024,2024-25,September,"BPCL-MUMBAI, MAHARASHTRA",individual,1354.52,Thousand Metric Tonnes (TMT),PPAC / Ministry of Petroleum and Natural Gas,8d3b6596-b09e-4077-aebf-425193185a5b.csv,1757,2026-08-21T15:32:18.198485+00:00,1.0
2024-09-01,2024,2024-25,September,"HPCL-MUMBAI,MAHARASHTRA",individual,868.5,Thousand Metric Tonnes (TMT),PPAC / Ministry of Petroleum and Natural Gas,8d3b6596-b09e-4077-aebf-425193185a5b.csv,1758,2026-08-21T15:32:18.198485+00:00,1.0
2024-10-01,2024,2024-25,October,"IOCL-PANIPAT, HARYANA",individual,1353.4,Thousand Metric Tonnes (TMT),PPAC / Ministry of Petroleum and Natural Gas,8d3b6596-b09e-4077-aebf-425193185a5b.csv,1759,2026-08-21T15:32:18.198485+00:00,1.0
2024-10-01,2024,2024-25,October,"MRPL-MANGALORE,KARNATAKA",individual,1486.11,Thousand Metric Tonnes (TMT),PPAC / Ministry of Petroleum and Natural Gas,8d3b6596-b09e-4077-aebf-425193185a5b.csv,1760,2026-08-21T15:32:18.198485+00:00,1.0
2024-10-01,2024,2024-25,October,ONGC TOTAL,subtotal,1492.23,Thousand Metric Tonnes (TMT),PPAC / Ministry of Petroleum and Natural Gas,8d3b6596-b09e-4077-aebf-425193185a5b.csv,1761,2026-08-21T15:32:18.198485+00:00,1.0
2024-10-01,2024,2024-25,October,"HPCL-MUMBAI,MAHARASHTRA",individual,878.54,Thousand Metric Tonnes (TMT),PPAC / Ministry of Petroleum and Natural Gas,8d3b6596-b09e-4077-aebf-425193185a5b.csv,1762,2026-08-21T15:32:18.198485+00:00,1.0
2024-10-01,2024,2024-25,October,"HMEL-GGSR, BATHINDA, PUNJAB",individual,1101.85,Thousand Metric Tonnes (TMT),PPAC / Ministry of Petroleum and Natural Gas,8d3b6596-b09e-4077-aebf-425193185a5b.csv,1763,2026-08-21T15:32:18.198485+00:00,1.0
2024-11-01,2024,2024-25,November,"IOCL-HALDIA, WEST BENGAL",individual,702.64,Thousand Metric Tonnes (TMT),PPAC / Ministry of Petroleum and Natural Gas,8d3b6596-b09e-4077-aebf-425193185a5b.csv,1764,2026-08-21T15:32:18.198485+00:00,1.0
2024-11-01,2024,2024-25,November,"IOCL-PANIPAT, HARYANA",individual,1354.48,Thousand Metric Tonnes (TMT),PPAC / Ministry of Petroleum and Natural Gas,8d3b6596-b09e-4077-aebf-425193185a5b.csv,1765,2026-08-21T15:32:18.198485+00:00,1.0
2024-11-01,2024,2024-25,November,"CPCL-MANALI, TAMILNADU",individual,901.68,Thousand Metric Tonnes (TMT),PPAC / Ministry of Petroleum and Natural Gas,8d3b6596-b09e-4077-aebf-425193185a5b.csv,1766,2026-08-21T15:32:18.198485+00:00,1.0
2024-11-01,2024,2024-25,November,"BPCL-MUMBAI, MAHARASHTRA",individual,954.99,Thousand Metric Tonnes (TMT),PPAC / Ministry of Petroleum and Natural Gas,8d3b6596-b09e-4077-aebf-425193185a5b.csv,1767,2026-08-21T15:32:18.198485+00:00,1.0
2024-11-01,2024,2024-25,November,"BPCL-KOCHI, KERALA",individual,1355.68,Thousand Metric Tonnes (TMT),PPAC / Ministry of Petroleum and Natural Gas,8d3b6596-b09e-4077-aebf-425193185a5b.csv,1768,2026-08-21T15:32:18.198485+00:00,1.0
2024-11-01,2024,2024-25,November,"NRL-NUMALIGARH, ASSAM",individual,261.05,Thousand Metric Tonnes (TMT),PPAC / Ministry of Petroleum and Natural Gas,8d3b6596-b09e-4077-aebf-425193185a5b.csv,1769,2026-08-21T15:32:18.198485+00:00,1.0
2024-11-01,2024,2024-25,November,ONGC TOTAL,subtotal,1514.26,Thousand Metric Tonnes (TMT),PPAC / Ministry of Petroleum and Natural Gas,8d3b6596-b09e-4077-aebf-425193185a5b.csv,1770,2026-08-21T15:32:18.198485+00:00,1.0
2024-11-01,2024,2024-25,November,"HPCL-VISAKH,ANDHRA PRADESH",individual,1269.11,Thousand Metric Tonnes (TMT),PPAC / Ministry of Petroleum and Natural Gas,8d3b6596-b09e-4077-aebf-425193185a5b.csv,1771,2026-08-21T15:32:18.198485+00:00,1.0
2024-11-01,2024,2024-25,November,HPCL & JV-TOTAL,subtotal,3218.31,Thousand Metric Tonnes (TMT),PPAC / Ministry of Petroleum and Natural Gas,8d3b6596-b09e-4077-aebf-425193185a5b.csv,1772,2026-08-21T15:32:18.198485+00:00,1.0
2024-11-01,2024,2024-25,November,RIL TOTAL,subtotal,5236.96,Thousand Metric Tonnes (TMT),PPAC / Ministry of Petroleum and Natural Gas,8d3b6596-b09e-4077-aebf-425193185a5b.csv,1773,2026-08-21T15:32:18.198485+00:00,1.0
2024-11-01,2024,2024-25,November,"NEL-VADINAR,GUJARAT",individual,1695.0,Thousand Metric Tonnes (TMT),PPAC / Ministry of Petroleum and Natural Gas,8d3b6596-b09e-4077-aebf-425193185a5b.csv,1774,2026-08-21T15:32:18.198485+00:00,1.0
2024-12-01,2024,2024-25,December,"IOCL-GUWAHATI,ASSAM",individual,41.83,Thousand Metric Tonnes (TMT),PPAC / Ministry of Petroleum and Natural Gas,8d3b6596-b09e-4077-aebf-425193185a5b.csv,1775,2026-08-21T15:32:18.198485+00:00,1.0
2024-12-01,2024,2024-25,December,CPCL-TOTAL,subtotal,945.46,Thousand Metric Tonnes (TMT),PPAC / Ministry of Petroleum and Natural Gas,8d3b6596-b09e-4077-aebf-425193185a5b.csv,1776,2026-08-21T15:32:18.198485+00:00,1.0
2024-12-01,2024,2024-25,December,"BPCL-MUMBAI, MAHARASHTRA",individual,1243.65,Thousand Metric Tonnes (TMT),PPAC / Ministry of Petroleum and Natural Gas,8d3b6596-b09e-4077-aebf-425193185a5b.csv,1777,2026-08-21T15:32:18.198485+00:00,1.0
2024-12-01,2024,2024-25,December,"BPCL-KOCHI, KERALA",individual,1567.14,Thousand Metric Tonnes (TMT),PPAC / Ministry of Petroleum and Natural Gas,8d3b6596-b09e-4077-aebf-425193185a5b.csv,1778,2026-08-21T15:32:18.198485+00:00,1.0
2024-12-01,2024,2024-25,December,"MRPL-MANGALORE,KARNATAKA",individual,1548.44,Thousand Metric Tonnes (TMT),PPAC / Ministry of Petroleum and Natural Gas,8d3b6596-b09e-4077-aebf-425193185a5b.csv,1779,2026-08-21T15:32:18.198485+00:00,1.0
2024-12-01,2024,2024-25,December,"HPCL-VISAKH,ANDHRA PRADESH",individual,1357.32,Thousand Metric Tonnes (TMT),PPAC / Ministry of Petroleum and Natural Gas,8d3b6596-b09e-4077-aebf-425193185a5b.csv,1780,2026-08-21T15:32:18.198485+00:00,1.0
2024-12-01,2024,2024-25,December,RIL TOTAL,subtotal,5782.58,Thousand Metric Tonnes (TMT),PPAC / Ministry of Petroleum and Natural Gas,8d3b6596-b09e-4077-aebf-425193185a5b.csv,1781,2026-08-21T15:32:18.198485+00:00,1.0
2025-01-01,2025,2024-25,January,"HPCL-VISAKH,ANDHRA PRADESH",individual,1422.95,Thousand Metric Tonnes (TMT),PPAC / Ministry of Petroleum and Natural Gas,8d3b6596-b09e-4077-aebf-425193185a5b.csv,1782,2026-08-21T15:32:18.198485+00:00,1.0
2025-02-01,2025,2024-25,February,"IOCL-BARAUNI,BIHAR",individual,455.99,Thousand Metric Tonnes (TMT),PPAC / Ministry of Petroleum and Natural Gas,8d3b6596-b09e-4077-aebf-425193185a5b.csv,1783,2026-08-21T15:32:18.198485+00:00,1.0
2025-02-01,2025,2024-25,February,"IOCL-KOYALI, GUJARAT",individual,930.32,Thousand Metric Tonnes (TMT),PPAC / Ministry of Petroleum and Natural Gas,8d3b6596-b09e-4077-aebf-425193185a5b.csv,1784,2026-08-21T15:32:18.198485+00:00,1.0
2025-02-01,2025,2024-25,February,"IOCL-DIGBOI,ASSAM",individual,60.17,Thousand Metric Tonnes (TMT),PPAC / Ministry of Petroleum and Natural Gas,8d3b6596-b09e-4077-aebf-425193185a5b.csv,1785,2026-08-21T15:32:18.198485+00:00,1.0
2025-02-01,2025,2024-25,February,BPCL-TOTAL,subtotal,3317.26,Thousand Metric Tonnes (TMT),PPAC / Ministry of Petroleum and Natural Gas,8d3b6596-b09e-4077-aebf-425193185a5b.csv,1786,2026-08-21T15:32:18.198485+00:00,1.0
2025-03-01,2025,2024-25,March,"BPCL-MUMBAI, MAHARASHTRA",individual,1399.59,Thousand Metric Tonnes (TMT),PPAC / Ministry of Petroleum and Natural Gas,8d3b6596-b09e-4077-aebf-425193185a5b.csv,1787,2026-08-21T15:32:18.198485+00:00,1.0
2025-03-01,2025,2024-25,March,"HPCL-MUMBAI,MAHARASHTRA",individual,913.37,Thousand Metric Tonnes (TMT),PPAC / Ministry of Petroleum and Natural Gas,8d3b6596-b09e-4077-aebf-425193185a5b.csv,1788,2026-08-21T15:32:18.198485+00:00,1.0
2025-03-01,2025,2024-25,March,"HPCL-VISAKH,ANDHRA PRADESH",individual,1398.16,Thousand Metric Tonnes (TMT),PPAC / Ministry of Petroleum and Natural Gas,8d3b6596-b09e-4077-aebf-425193185a5b.csv,1789,2026-08-21T15:32:18.198485+00:00,1.0
2025-03-01,2025,2024-25,March,"RIL,JAMNAGAR,GUJARAT",individual,2954.35,Thousand Metric Tonnes (TMT),PPAC / Ministry of Petroleum and Natural Gas,8d3b6596-b09e-4077-aebf-425193185a5b.csv,1790,2026-08-21T15:32:18.198485+00:00,1.0
2025-03-01,2025,2024-25,March,"NEL-VADINAR,GUJARAT",individual,1751.07,Thousand Metric Tonnes (TMT),PPAC / Ministry of Petroleum and Natural Gas,8d3b6596-b09e-4077-aebf-425193185a5b.csv,1791,2026-08-21T15:32:18.198485+00:00,1.0
2023-04-01,2023,2023-24,April,"IOCL-BARAUNI,BIHAR",individual,546.51,Thousand Metric Tonnes (TMT),PPAC / Ministry of Petroleum and Natural Gas,8d3b6596-b09e-4077-aebf-425193185a5b.csv,1792,2026-08-21T15:32:18.198485+00:00,1.0
2023-04-01,2023,2023-24,April,"IOCL-GUWAHATI,ASSAM",individual,94.0,Thousand Metric Tonnes (TMT),PPAC / Ministry of Petroleum and Natural Gas,8d3b6596-b09e-4077-aebf-425193185a5b.csv,1793,2026-08-21T15:32:18.198485+00:00,1.0
2023-04-01,2023,2023-24,April,"IOCL-BONGAIGAON,ASSAM",individual,249.6,Thousand Metric Tonnes (TMT),PPAC / Ministry of Petroleum and Natural Gas,8d3b6596-b09e-4077-aebf-425193185a5b.csv,1794,2026-08-21T15:32:18.198485+00:00,1.0
2023-04-01,2023,2023-24,April,"IOCL-PARADIP,ODISHA",individual,1187.32,Thousand Metric Tonnes (TMT),PPAC / Ministry of Petroleum and Natural Gas,8d3b6596-b09e-4077-aebf-425193185a5b.csv,1795,2026-08-21T15:32:18.198485+00:00,1.0
2023-04-01,2023,2023-24,April,IOCL TOTAL,subtotal,6037.64,Thousand Metric Tonnes (TMT),PPAC / Ministry of Petroleum and Natural Gas,8d3b6596-b09e-4077-aebf-425193185a5b.csv,1796,2026-08-21T15:32:18.198485+00:00,1.0
2023-04-01,2023,2023-24,April,"CPCL-MANALI, TAMILNADU",individual,919.52,Thousand Metric Tonnes (TMT),PPAC / Ministry of Petroleum and Natural Gas,8d3b6596-b09e-4077-aebf-425193185a5b.csv,1797,2026-08-21T15:32:18.198485+00:00,1.0
2023-04-01,2023,2023-24,April,CPCL-TOTAL,subtotal,919.52,Thousand Metric Tonnes (TMT),PPAC / Ministry of Petroleum and Natural Gas,8d3b6596-b09e-4077-aebf-425193185a5b.csv,1798,2026-08-21T15:32:18.198485+00:00,1.0
2023-04-01,2023,2023-24,April,"BPCL-KOCHI, KERALA",individual,1384.56,Thousand Metric Tonnes (TMT),PPAC / Ministry of Petroleum and Natural Gas,8d3b6596-b09e-4077-aebf-425193185a5b.csv,1799,2026-08-21T15:32:18.198485+00:00,1.0
2023-04-01,2023,2023-24,April,"HMEL-GGSR, BATHINDA, PUNJAB",individual,1073.1,Thousand Metric Tonnes (TMT),PPAC / Ministry of Petroleum and Natural Gas,8d3b6596-b09e-4077-aebf-425193185a5b.csv,1800,2026-08-21T15:32:18.198485+00:00,1.0
2023-04-01,2023,2023-24,April,HPCL-TOTAL,subtotal,2754.96,Thousand Metric Tonnes (TMT),PPAC / Ministry of Petroleum and Natural Gas,8d3b6596-b09e-4077-aebf-425193185a5b.csv,1801,2026-08-21T15:32:18.198485+00:00,1.0
2023-05-01,2023,2023-24,May,"IOCL-KOYALI, GUJARAT",individual,1330.39,Thousand Metric Tonnes (TMT),PPAC / Ministry of Petroleum and Natural Gas,8d3b6596-b09e-4077-aebf-425193185a5b.csv,1802,2026-08-21T15:32:18.198485+00:00,1.0
2023-05-01,2023,2023-24,May,"IOCL-HALDIA, WEST BENGAL",individual,720.08,Thousand Metric Tonnes (TMT),PPAC / Ministry of Petroleum and Natural Gas,8d3b6596-b09e-4077-aebf-425193185a5b.csv,1803,2026-08-21T15:32:18.198485+00:00,1.0
2023-05-01,2023,2023-24,May,"IOCL-BONGAIGAON,ASSAM",individual,257.9,Thousand Metric Tonnes (TMT),PPAC / Ministry of Petroleum and Natural Gas,8d3b6596-b09e-4077-aebf-425193185a5b.csv,1804,2026-08-21T15:32:18.198485+00:00,1.0
2023-05-01,2023,2023-24,May,IOCL TOTAL,subtotal,6417.4,Thousand Metric Tonnes (TMT),PPAC / Ministry of Petroleum and Natural Gas,8d3b6596-b09e-4077-aebf-425193185a5b.csv,1805,2026-08-21T15:32:18.198485+00:00,1.0
2023-05-01,2023,2023-24,May,"CPCL-MANALI, TAMILNADU",individual,941.28,Thousand Metric Tonnes (TMT),PPAC / Ministry of Petroleum and Natural Gas,8d3b6596-b09e-4077-aebf-425193185a5b.csv,1806,2026-08-21T15:32:18.198485+00:00,1.0
2023-05-01,2023,2023-24,May,CPCL-TOTAL,subtotal,941.28,Thousand Metric Tonnes (TMT),PPAC / Ministry of Petroleum and Natural Gas,8d3b6596-b09e-4077-aebf-425193185a5b.csv,1807,2026-08-21T15:32:18.198485+00:00,1.0
2023-05-01,2023,2023-24,May,"BPCL-KOCHI, KERALA",individual,1464.34,Thousand Metric Tonnes (TMT),PPAC / Ministry of Petroleum and Natural Gas,8d3b6596-b09e-4077-aebf-425193185a5b.csv,1808,2026-08-21T15:32:18.198485+00:00,1.0
2023-05-01,2023,2023-24,May,BORL-BINA,individual,660.48,Thousand Metric Tonnes (TMT),PPAC / Ministry of Petroleum and Natural Gas,8d3b6596-b09e-4077-aebf-425193185a5b.csv,1809,2026-08-21T15:32:18.198485+00:00,1.0
2023-05-01,2023,2023-24,May,HPCL-TOTAL,subtotal,2957.93,Thousand Metric Tonnes (TMT),PPAC / Ministry of Petroleum and Natural Gas,8d3b6596-b09e-4077-aebf-425193185a5b.csv,1810,2026-08-21T15:32:18.198485+00:00,1.0
2023-05-01,2023,2023-24,May,"RIL,JAMNAGAR,GUJARAT",individual,2882.35,Thousand Metric Tonnes (TMT),PPAC / Ministry of Petroleum and Natural Gas,8d3b6596-b09e-4077-aebf-425193185a5b.csv,1811,2026-08-21T15:32:18.198485+00:00,1.0
2023-06-01,2023,2023-24,June,"IOCL-BARAUNI,BIHAR",individual,491.92,Thousand Metric Tonnes (TMT),PPAC / Ministry of Petroleum and Natural Gas,8d3b6596-b09e-4077-aebf-425193185a5b.csv,1812,2026-08-21T15:32:18.198485+00:00,1.0
2023-06-01,2023,2023-24,June,"IOCL-MATHURA, UTTAR PRADESH",individual,808.16,Thousand Metric Tonnes (TMT),PPAC / Ministry of Petroleum and Natural Gas,8d3b6596-b09e-4077-aebf-425193185a5b.csv,1813,2026-08-21T15:32:18.198485+00:00,1.0
2023-06-01,2023,2023-24,June,"MRPL-MANGALORE,KARNATAKA",individual,1452.47,Thousand Metric Tonnes (TMT),PPAC / Ministry of Petroleum and Natural Gas,8d3b6596-b09e-4077-aebf-425193185a5b.csv,1814,2026-08-21T15:32:18.198485+00:00,1.0
2023-06-01,2023,2023-24,June,"RIL,JAMNAGAR,GUJARAT",individual,2783.26,Thousand Metric Tonnes (TMT),PPAC / Ministry of Petroleum and Natural Gas,8d3b6596-b09e-4077-aebf-425193185a5b.csv,1815,2026-08-21T15:32:18.198485+00:00,1.0
2023-06-01,2023,2023-24,June,"RIL-(SEZ), JAMNAGAR,GUJARAT",individual,2254.06,Thousand Metric Tonnes (TMT),PPAC / Ministry of Petroleum and Natural Gas,8d3b6596-b09e-4077-aebf-425193185a5b.csv,1816,2026-08-21T15:32:18.198485+00:00,1.0
2023-06-01,2023,2023-24,June,RIL TOTAL,subtotal,5037.32,Thousand Metric Tonnes (TMT),PPAC / Ministry of Petroleum and Natural Gas,8d3b6596-b09e-4077-aebf-425193185a5b.csv,1817,2026-08-21T15:32:18.198485+00:00,1.0
2023-07-01,2023,2023-24,July,"IOCL-MATHURA, UTTAR PRADESH",individual,436.21,Thousand Metric Tonnes (TMT),PPAC / Ministry of Petroleum and Natural Gas,8d3b6596-b09e-4077-aebf-425193185a5b.csv,1818,2026-08-21T15:32:18.198485+00:00,1.0
2023-07-01,2023,2023-24,July,"IOCL-PANIPAT, HARYANA",individual,1220.09,Thousand Metric Tonnes (TMT),PPAC / Ministry of Petroleum and Natural Gas,8d3b6596-b09e-4077-aebf-425193185a5b.csv,1819,2026-08-21T15:32:18.198485+00:00,1.0
2023-07-01,2023,2023-24,July,IOCL TOTAL,subtotal,6013.25,Thousand Metric Tonnes (TMT),PPAC / Ministry of Petroleum and Natural Gas,8d3b6596-b09e-4077-aebf-425193185a5b.csv,1820,2026-08-21T15:32:18.198485+00:00,1.0
2023-07-01,2023,2023-24,July,"CPCL-MANALI, TAMILNADU",individual,1040.15,Thousand Metric Tonnes (TMT),PPAC / Ministry of Petroleum and Natural Gas,8d3b6596-b09e-4077-aebf-425193185a5b.csv,1821,2026-08-21T15:32:18.198485+00:00,1.0
2023-07-01,2023,2023-24,July,"BPCL-KOCHI, KERALA",individual,1389.29,Thousand Metric Tonnes (TMT),PPAC / Ministry of Petroleum and Natural Gas,8d3b6596-b09e-4077-aebf-425193185a5b.csv,1822,2026-08-21T15:32:18.198485+00:00,1.0
2023-07-01,2023,2023-24,July,BORL-BINA,individual,48.04,Thousand Metric Tonnes (TMT),PPAC / Ministry of Petroleum and Natural Gas,8d3b6596-b09e-4077-aebf-425193185a5b.csv,1823,2026-08-21T15:32:18.198485+00:00,1.0
2023-07-01,2023,2023-24,July,"MRPL-MANGALORE,KARNATAKA",individual,1438.5,Thousand Metric Tonnes (TMT),PPAC / Ministry of Petroleum and Natural Gas,8d3b6596-b09e-4077-aebf-425193185a5b.csv,1824,2026-08-21T15:32:18.198485+00:00,1.0
2023-07-01,2023,2023-24,July,"RIL,JAMNAGAR,GUJARAT",individual,2951.38,Thousand Metric Tonnes (TMT),PPAC / Ministry of Petroleum and Natural Gas,8d3b6596-b09e-4077-aebf-425193185a5b.csv,1825,2026-08-21T15:32:18.198485+00:00,1.0
2023-07-01,2023,2023-24,July,RIL TOTAL,subtotal,5516.03,Thousand Metric Tonnes (TMT),PPAC / Ministry of Petroleum and Natural Gas,8d3b6596-b09e-4077-aebf-425193185a5b.csv,1826,2026-08-21T15:32:18.198485+00:00,1.0
2023-07-01,2023,2023-24,July,"NEL-VADINAR,GUJARAT",individual,1717.65,Thousand Metric Tonnes (TMT),PPAC / Ministry of Petroleum and Natural Gas,8d3b6596-b09e-4077-aebf-425193185a5b.csv,1827,2026-08-21T15:32:18.198485+00:00,1.0
2023-07-01,2023,2023-24,July,GRAND TOTAL,grand_total,21885.12,Thousand Metric Tonnes (TMT),PPAC / Ministry of Petroleum and Natural Gas,8d3b6596-b09e-4077-aebf-425193185a5b.csv,1828,2026-08-21T15:32:18.198485+00:00,1.0
2023-08-01,2023,2023-24,August,"IOCL-BARAUNI,BIHAR",individual,590.77,Thousand Metric Tonnes (TMT),PPAC / Ministry of Petroleum and Natural Gas,8d3b6596-b09e-4077-aebf-425193185a5b.csv,1829,2026-08-21T15:32:18.198485+00:00,1.0
2023-08-01,2023,2023-24,August,IOCL TOTAL,subtotal,6252.46,Thousand Metric Tonnes (TMT),PPAC / Ministry of Petroleum and Natural Gas,8d3b6596-b09e-4077-aebf-425193185a5b.csv,1830,2026-08-21T15:32:18.198485+00:00,1.0
2023-08-01,2023,2023-24,August,"CPCL-MANALI, TAMILNADU",individual,1000.38,Thousand Metric Tonnes (TMT),PPAC / Ministry of Petroleum and Natural Gas,8d3b6596-b09e-4077-aebf-425193185a5b.csv,1831,2026-08-21T15:32:18.198485+00:00,1.0
2023-08-01,2023,2023-24,August,BORL-BINA,individual,485.24,Thousand Metric Tonnes (TMT),PPAC / Ministry of Petroleum and Natural Gas,8d3b6596-b09e-4077-aebf-425193185a5b.csv,1832,2026-08-21T15:32:18.198485+00:00,1.0
2023-08-01,2023,2023-24,August,"MRPL-MANGALORE,KARNATAKA",individual,990.47,Thousand Metric Tonnes (TMT),PPAC / Ministry of Petroleum and Natural Gas,8d3b6596-b09e-4077-aebf-425193185a5b.csv,1833,2026-08-21T15:32:18.198485+00:00,1.0
2023-08-01,2023,2023-24,August,ONGC TOTAL,subtotal,995.5,Thousand Metric Tonnes (TMT),PPAC / Ministry of Petroleum and Natural Gas,8d3b6596-b09e-4077-aebf-425193185a5b.csv,1834,2026-08-21T15:32:18.198485+00:00,1.0
2023-08-01,2023,2023-24,August,"HPCL-MUMBAI,MAHARASHTRA",individual,785.24,Thousand Metric Tonnes (TMT),PPAC / Ministry of Petroleum and Natural Gas,8d3b6596-b09e-4077-aebf-425193185a5b.csv,1835,2026-08-21T15:32:18.198485+00:00,1.0
2023-08-01,2023,2023-24,August,HPCL-TOTAL,subtotal,2996.38,Thousand Metric Tonnes (TMT),PPAC / Ministry of Petroleum and Natural Gas,8d3b6596-b09e-4077-aebf-425193185a5b.csv,1836,2026-08-21T15:32:18.198485+00:00,1.0
2023-08-01,2023,2023-24,August,"RIL,JAMNAGAR,GUJARAT",individual,2939.45,Thousand Metric Tonnes (TMT),PPAC / Ministry of Petroleum and Natural Gas,8d3b6596-b09e-4077-aebf-425193185a5b.csv,1837,2026-08-21T15:32:18.198485+00:00,1.0
2023-08-01,2023,2023-24,August,"RIL-(SEZ), JAMNAGAR,GUJARAT",individual,2538.72,Thousand Metric Tonnes (TMT),PPAC / Ministry of Petroleum and Natural Gas,8d3b6596-b09e-4077-aebf-425193185a5b.csv,1838,2026-08-21T15:32:18.198485+00:00,1.0
2023-08-01,2023,2023-24,August,"NEL-VADINAR,GUJARAT",individual,1727.11,Thousand Metric Tonnes (TMT),PPAC / Ministry of Petroleum and Natural Gas,8d3b6596-b09e-4077-aebf-425193185a5b.csv,1839,2026-08-21T15:32:18.198485+00:00,1.0
2023-09-01,2023,2023-24,September,"IOCL-DIGBOI,ASSAM",individual,51.97,Thousand Metric Tonnes (TMT),PPAC / Ministry of Petroleum and Natural Gas,8d3b6596-b09e-4077-aebf-425193185a5b.csv,1840,2026-08-21T15:32:18.198485+00:00,1.0
2023-09-01,2023,2023-24,September,"BPCL-KOCHI, KERALA",individual,1299.36,Thousand Metric Tonnes (TMT),PPAC / Ministry of Petroleum and Natural Gas,8d3b6596-b09e-4077-aebf-425193185a5b.csv,1841,2026-08-21T15:32:18.198485+00:00,1.0
2023-09-01,2023,2023-24,September,BPCL-TOTAL,subtotal,3334.08,Thousand Metric Tonnes (TMT),PPAC / Ministry of Petroleum and Natural Gas,8d3b6596-b09e-4077-aebf-425193185a5b.csv,1842,2026-08-21T15:32:18.198485+00:00,1.0
2023-09-01,2023,2023-24,September,"ONGC-TATIPAKA,ANDHRA PRADESH",individual,4.18,Thousand Metric Tonnes (TMT),PPAC / Ministry of Petroleum and Natural Gas,8d3b6596-b09e-4077-aebf-425193185a5b.csv,1843,2026-08-21T15:32:18.198485+00:00,1.0
2023-09-01,2023,2023-24,September,HPCL-TOTAL,subtotal,2934.57,Thousand Metric Tonnes (TMT),PPAC / Ministry of Petroleum and Natural Gas,8d3b6596-b09e-4077-aebf-425193185a5b.csv,1844,2026-08-21T15:32:18.198485+00:00,1.0
2023-09-01,2023,2023-24,September,RIL TOTAL,subtotal,4793.84,Thousand Metric Tonnes (TMT),PPAC / Ministry of Petroleum and Natural Gas,8d3b6596-b09e-4077-aebf-425193185a5b.csv,1845,2026-08-21T15:32:18.198485+00:00,1.0
2023-10-01,2023,2023-24,October,"IOCL-KOYALI, GUJARAT",individual,1279.38,Thousand Metric Tonnes (TMT),PPAC / Ministry of Petroleum and Natural Gas,8d3b6596-b09e-4077-aebf-425193185a5b.csv,1846,2026-08-21T15:32:18.198485+00:00,1.0
2023-10-01,2023,2023-24,October,"IOCL-DIGBOI,ASSAM",individual,66.2,Thousand Metric Tonnes (TMT),PPAC / Ministry of Petroleum and Natural Gas,8d3b6596-b09e-4077-aebf-425193185a5b.csv,1847,2026-08-21T15:32:18.198485+00:00,1.0
2023-10-01,2023,2023-24,October,"BPCL-KOCHI, KERALA",individual,1543.83,Thousand Metric Tonnes (TMT),PPAC / Ministry of Petroleum and Natural Gas,8d3b6596-b09e-4077-aebf-425193185a5b.csv,1848,2026-08-21T15:32:18.198485+00:00,1.0
2023-10-01,2023,2023-24,October,"MRPL-MANGALORE,KARNATAKA",individual,1354.58,Thousand Metric Tonnes (TMT),PPAC / Ministry of Petroleum and Natural Gas,8d3b6596-b09e-4077-aebf-425193185a5b.csv,1849,2026-08-21T15:32:18.198485+00:00,1.0
2023-10-01,2023,2023-24,October,HPCL-TOTAL,subtotal,3012.34,Thousand Metric Tonnes (TMT),PPAC / Ministry of Petroleum and Natural Gas,8d3b6596-b09e-4077-aebf-425193185a5b.csv,1850,2026-08-21T15:32:18.198485+00:00,1.0
2023-10-01,2023,2023-24,October,"RIL-(SEZ), JAMNAGAR,GUJARAT",individual,1595.32,Thousand Metric Tonnes (TMT),PPAC / Ministry of Petroleum and Natural Gas,8d3b6596-b09e-4077-aebf-425193185a5b.csv,1851,2026-08-21T15:32:18.198485+00:00,1.0
2023-11-01,2023,2023-24,November,"IOCL-HALDIA, WEST BENGAL",individual,692.39,Thousand Metric Tonnes (TMT),PPAC / Ministry of Petroleum and Natural Gas,8d3b6596-b09e-4077-aebf-425193185a5b.csv,1852,2026-08-21T15:32:18.198485+00:00,1.0
2023-11-01,2023,2023-24,November,"IOCL-PANIPAT, HARYANA",individual,1308.49,Thousand Metric Tonnes (TMT),PPAC / Ministry of Petroleum and Natural Gas,8d3b6596-b09e-4077-aebf-425193185a5b.csv,1853,2026-08-21T15:32:18.198485+00:00,1.0
2023-11-01,2023,2023-24,November,"IOCL-BONGAIGAON,ASSAM",individual,249.59,Thousand Metric Tonnes (TMT),PPAC / Ministry of Petroleum and Natural Gas,8d3b6596-b09e-4077-aebf-425193185a5b.csv,1854,2026-08-21T15:32:18.198485+00:00,1.0
2023-11-01,2023,2023-24,November,"RIL,JAMNAGAR,GUJARAT",individual,2796.68,Thousand Metric Tonnes (TMT),PPAC / Ministry of Petroleum and Natural Gas,8d3b6596-b09e-4077-aebf-425193185a5b.csv,1855,2026-08-21T15:32:18.198485+00:00,1.0
2023-11-01,2023,2023-24,November,RIL TOTAL,subtotal,5013.47,Thousand Metric Tonnes (TMT),PPAC / Ministry of Petroleum and Natural Gas,8d3b6596-b09e-4077-aebf-425193185a5b.csv,1856,2026-08-21T15:32:18.198485+00:00,1.0
2023-12-01,2023,2023-24,December,"IOCL-BONGAIGAON,ASSAM",individual,255.87,Thousand Metric Tonnes (TMT),PPAC / Ministry of Petroleum and Natural Gas,8d3b6596-b09e-4077-aebf-425193185a5b.csv,1857,2026-08-21T15:32:18.198485+00:00,1.0
2023-12-01,2023,2023-24,December,"CPCL-MANALI, TAMILNADU",individual,820.5,Thousand Metric Tonnes (TMT),PPAC / Ministry of Petroleum and Natural Gas,8d3b6596-b09e-4077-aebf-425193185a5b.csv,1858,2026-08-21T15:32:18.198485+00:00,1.0
2023-12-01,2023,2023-24,December,"BPCL-MUMBAI, MAHARASHTRA",individual,1390.34,Thousand Metric Tonnes (TMT),PPAC / Ministry of Petroleum and Natural Gas,8d3b6596-b09e-4077-aebf-425193185a5b.csv,1859,2026-08-21T15:32:18.198485+00:00,1.0
2023-12-01,2023,2023-24,December,"MRPL-MANGALORE,KARNATAKA",individual,1558.25,Thousand Metric Tonnes (TMT),PPAC / Ministry of Petroleum and Natural Gas,8d3b6596-b09e-4077-aebf-425193185a5b.csv,1860,2026-08-21T15:32:18.198485+00:00,1.0
2023-12-01,2023,2023-24,December,"HMEL-GGSR, BATHINDA, PUNJAB",individual,1109.95,Thousand Metric Tonnes (TMT),PPAC / Ministry of Petroleum and Natural Gas,8d3b6596-b09e-4077-aebf-425193185a5b.csv,1861,2026-08-21T15:32:18.198485+00:00,1.0
2023-12-01,2023,2023-24,December,HPCL-TOTAL,subtotal,2860.57,Thousand Metric Tonnes (TMT),PPAC / Ministry of Petroleum and Natural Gas,8d3b6596-b09e-4077-aebf-425193185a5b.csv,1862,2026-08-21T15:32:18.198485+00:00,1.0
2023-12-01,2023,2023-24,December,"RIL-(SEZ), JAMNAGAR,GUJARAT",individual,2493.78,Thousand Metric Tonnes (TMT),PPAC / Ministry of Petroleum and Natural Gas,8d3b6596-b09e-4077-aebf-425193185a5b.csv,1863,2026-08-21T15:32:18.198485+00:00,1.0
2024-01-01,2024,2023-24,January,"IOCL-DIGBOI,ASSAM",individual,68.88,Thousand Metric Tonnes (TMT),PPAC / Ministry of Petroleum and Natural Gas,8d3b6596-b09e-4077-aebf-425193185a5b.csv,1864,2026-08-21T15:32:18.198485+00:00,1.0
2024-01-01,2024,2023-24,January,"NRL-NUMALIGARH, ASSAM",individual,261.67,Thousand Metric Tonnes (TMT),PPAC / Ministry of Petroleum and Natural Gas,8d3b6596-b09e-4077-aebf-425193185a5b.csv,1865,2026-08-21T15:32:18.198485+00:00,1.0
2024-01-01,2024,2023-24,January,"RIL,JAMNAGAR,GUJARAT",individual,2966.81,Thousand Metric Tonnes (TMT),PPAC / Ministry of Petroleum and Natural Gas,8d3b6596-b09e-4077-aebf-425193185a5b.csv,1866,2026-08-21T15:32:18.198485+00:00,1.0
2024-02-01,2024,2023-24,February,"IOCL-GUWAHATI,ASSAM",individual,99.02,Thousand Metric Tonnes (TMT),PPAC / Ministry of Petroleum and Natural Gas,8d3b6596-b09e-4077-aebf-425193185a5b.csv,1867,2026-08-21T15:32:18.198485+00:00,1.0
2024-02-01,2024,2023-24,February,"IOCL-BONGAIGAON,ASSAM",individual,238.9,Thousand Metric Tonnes (TMT),PPAC / Ministry of Petroleum and Natural Gas,8d3b6596-b09e-4077-aebf-425193185a5b.csv,1868,2026-08-21T15:32:18.198485+00:00,1.0
2024-02-01,2024,2023-24,February,"BPCL-KOCHI, KERALA",individual,1203.8,Thousand Metric Tonnes (TMT),PPAC / Ministry of Petroleum and Natural Gas,8d3b6596-b09e-4077-aebf-425193185a5b.csv,1869,2026-08-21T15:32:18.198485+00:00,1.0
2024-02-01,2024,2023-24,February,BORL-BINA,individual,663.63,Thousand Metric Tonnes (TMT),PPAC / Ministry of Petroleum and Natural Gas,8d3b6596-b09e-4077-aebf-425193185a5b.csv,1870,2026-08-21T15:32:18.198485+00:00,1.0
2024-02-01,2024,2023-24,February,"HPCL-MUMBAI,MAHARASHTRA",individual,679.65,Thousand Metric Tonnes (TMT),PPAC / Ministry of Petroleum and Natural Gas,8d3b6596-b09e-4077-aebf-425193185a5b.csv,1871,2026-08-21T15:32:18.198485+00:00,1.0
2024-03-01,2024,2023-24,March,"IOCL-HALDIA, WEST BENGAL",individual,735.72,Thousand Metric Tonnes (TMT),PPAC / Ministry of Petroleum and Natural Gas,8d3b6596-b09e-4077-aebf-425193185a5b.csv,1872,2026-08-21T15:32:18.198485+00:00,1.0
2024-03-01,2024,2023-24,March,"IOCL-PANIPAT, HARYANA",individual,1105.09,Thousand Metric Tonnes (TMT),PPAC / Ministry of Petroleum and Natural Gas,8d3b6596-b09e-4077-aebf-425193185a5b.csv,1873,2026-08-21T15:32:18.198485+00:00,1.0
2024-03-01,2024,2023-24,March,"IOCL-BONGAIGAON,ASSAM",individual,252.98,Thousand Metric Tonnes (TMT),PPAC / Ministry of Petroleum and Natural Gas,8d3b6596-b09e-4077-aebf-425193185a5b.csv,1874,2026-08-21T15:32:18.198485+00:00,1.0
2024-03-01,2024,2023-24,March,"CPCL-MANALI, TAMILNADU",individual,1072.31,Thousand Metric Tonnes (TMT),PPAC / Ministry of Petroleum and Natural Gas,8d3b6596-b09e-4077-aebf-425193185a5b.csv,1875,2026-08-21T15:32:18.198485+00:00,1.0
2024-03-01,2024,2023-24,March,CPCL-TOTAL,subtotal,1072.31,Thousand Metric Tonnes (TMT),PPAC / Ministry of Petroleum and Natural Gas,8d3b6596-b09e-4077-aebf-425193185a5b.csv,1876,2026-08-21T15:32:18.198485+00:00,1.0
2024-03-01,2024,2023-24,March,"BPCL-MUMBAI, MAHARASHTRA",individual,1461.54,Thousand Metric Tonnes (TMT),PPAC / Ministry of Petroleum and Natural Gas,8d3b6596-b09e-4077-aebf-425193185a5b.csv,1877,2026-08-21T15:32:18.198485+00:00,1.0
2024-03-01,2024,2023-24,March,"MRPL-MANGALORE,KARNATAKA",individual,1522.17,Thousand Metric Tonnes (TMT),PPAC / Ministry of Petroleum and Natural Gas,8d3b6596-b09e-4077-aebf-425193185a5b.csv,1878,2026-08-21T15:32:18.198485+00:00,1.0
2024-03-01,2024,2023-24,March,RIL TOTAL,subtotal,5578.73,Thousand Metric Tonnes (TMT),PPAC / Ministry of Petroleum and Natural Gas,8d3b6596-b09e-4077-aebf-425193185a5b.csv,1879,2026-08-21T15:32:18.198485+00:00,1.0
2022-04-01,2022,2022-23,April,"IOCL-KOYALI, GUJARAT",individual,1317.97,Thousand Metric Tonnes (TMT),PPAC / Ministry of Petroleum and Natural Gas,8d3b6596-b09e-4077-aebf-425193185a5b.csv,1880,2026-08-21T15:32:18.198485+00:00,1.0
2022-04-01,2022,2022-23,April,"BPCL-MUMBAI, MAHARASHTRA",individual,1301.76,Thousand Metric Tonnes (TMT),PPAC / Ministry of Petroleum and Natural Gas,8d3b6596-b09e-4077-aebf-425193185a5b.csv,1881,2026-08-21T15:32:18.198485+00:00,1.0
2022-04-01,2022,2022-23,April,"BPCL-KOCHI, KERALA",individual,1314.11,Thousand Metric Tonnes (TMT),PPAC / Ministry of Petroleum and Natural Gas,8d3b6596-b09e-4077-aebf-425193185a5b.csv,1882,2026-08-21T15:32:18.198485+00:00,1.0
2022-04-01,2022,2022-23,April,"NRL-NUMALIGARH, ASSAM",individual,270.72,Thousand Metric Tonnes (TMT),PPAC / Ministry of Petroleum and Natural Gas,8d3b6596-b09e-4077-aebf-425193185a5b.csv,1883,2026-08-21T15:32:18.198485+00:00,1.0
2022-04-01,2022,2022-23,April,"ONGC-TATIPAKA,ANDHRA PRADESH",individual,6.05,Thousand Metric Tonnes (TMT),PPAC / Ministry of Petroleum and Natural Gas,8d3b6596-b09e-4077-aebf-425193185a5b.csv,1884,2026-08-21T15:32:18.198485+00:00,1.0
2022-04-01,2022,2022-23,April,"MRPL-MANGALORE,KARNATAKA",individual,1480.97,Thousand Metric Tonnes (TMT),PPAC / Ministry of Petroleum and Natural Gas,8d3b6596-b09e-4077-aebf-425193185a5b.csv,1885,2026-08-21T15:32:18.198485+00:00,1.0
2022-04-01,2022,2022-23,April,GRAND TOTAL,grand_total,21579.61,Thousand Metric Tonnes (TMT),PPAC / Ministry of Petroleum and Natural Gas,8d3b6596-b09e-4077-aebf-425193185a5b.csv,1886,2026-08-21T15:32:18.198485+00:00,1.0
2022-05-01,2022,2022-23,May,"IOCL-DIGBOI,ASSAM",individual,62.26,Thousand Metric Tonnes (TMT),PPAC / Ministry of Petroleum and Natural Gas,8d3b6596-b09e-4077-aebf-425193185a5b.csv,1887,2026-08-21T15:32:18.198485+00:00,1.0
2022-05-01,2022,2022-23,May,BORL-BINA,individual,675.73,Thousand Metric Tonnes (TMT),PPAC / Ministry of Petroleum and Natural Gas,8d3b6596-b09e-4077-aebf-425193185a5b.csv,1888,2026-08-21T15:32:18.198485+00:00,1.0
2022-05-01,2022,2022-23,May,"NRL-NUMALIGARH, ASSAM",individual,275.34,Thousand Metric Tonnes (TMT),PPAC / Ministry of Petroleum and Natural Gas,8d3b6596-b09e-4077-aebf-425193185a5b.csv,1889,2026-08-21T15:32:18.198485+00:00,1.0
2022-05-01,2022,2022-23,May,"ONGC-TATIPAKA,ANDHRA PRADESH",individual,6.78,Thousand Metric Tonnes (TMT),PPAC / Ministry of Petroleum and Natural Gas,8d3b6596-b09e-4077-aebf-425193185a5b.csv,1890,2026-08-21T15:32:18.198485+00:00,1.0
2022-05-01,2022,2022-23,May,RIL TOTAL,subtotal,5671.18,Thousand Metric Tonnes (TMT),PPAC / Ministry of Petroleum and Natural Gas,8d3b6596-b09e-4077-aebf-425193185a5b.csv,1891,2026-08-21T15:32:18.198485+00:00,1.0
2022-05-01,2022,2022-23,May,"NEL-VADINAR,GUJARAT",individual,1725.51,Thousand Metric Tonnes (TMT),PPAC / Ministry of Petroleum and Natural Gas,8d3b6596-b09e-4077-aebf-425193185a5b.csv,1892,2026-08-21T15:32:18.198485+00:00,1.0
2022-06-01,2022,2022-23,June,"IOCL-GUWAHATI,ASSAM",individual,92.08,Thousand Metric Tonnes (TMT),PPAC / Ministry of Petroleum and Natural Gas,8d3b6596-b09e-4077-aebf-425193185a5b.csv,1893,2026-08-21T15:32:18.198485+00:00,1.0
2022-06-01,2022,2022-23,June,"IOCL-PARADIP,ODISHA",individual,1263.58,Thousand Metric Tonnes (TMT),PPAC / Ministry of Petroleum and Natural Gas,8d3b6596-b09e-4077-aebf-425193185a5b.csv,1894,2026-08-21T15:32:18.198485+00:00,1.0
2022-06-01,2022,2022-23,June,"CPCL-MANALI, TAMILNADU",individual,972.61,Thousand Metric Tonnes (TMT),PPAC / Ministry of Petroleum and Natural Gas,8d3b6596-b09e-4077-aebf-425193185a5b.csv,1895,2026-08-21T15:32:18.198485+00:00,1.0
2022-06-01,2022,2022-23,June,CPCL-TOTAL,subtotal,972.61,Thousand Metric Tonnes (TMT),PPAC / Ministry of Petroleum and Natural Gas,8d3b6596-b09e-4077-aebf-425193185a5b.csv,1896,2026-08-21T15:32:18.198485+00:00,1.0
2022-06-01,2022,2022-23,June,"BPCL-MUMBAI, MAHARASHTRA",individual,881.71,Thousand Metric Tonnes (TMT),PPAC / Ministry of Petroleum and Natural Gas,8d3b6596-b09e-4077-aebf-425193185a5b.csv,1897,2026-08-21T15:32:18.198485+00:00,1.0
2022-06-01,2022,2022-23,June,"MRPL-MANGALORE,KARNATAKA",individual,1428.97,Thousand Metric Tonnes (TMT),PPAC / Ministry of Petroleum and Natural Gas,8d3b6596-b09e-4077-aebf-425193185a5b.csv,1898,2026-08-21T15:32:18.198485+00:00,1.0
2022-06-01,2022,2022-23,June,"HPCL-MUMBAI,MAHARASHTRA",individual,851.69,Thousand Metric Tonnes (TMT),PPAC / Ministry of Petroleum and Natural Gas,8d3b6596-b09e-4077-aebf-425193185a5b.csv,1899,2026-08-21T15:32:18.198485+00:00,1.0
2022-07-01,2022,2022-23,July,"CPCL-MANALI, TAMILNADU",individual,975.07,Thousand Metric Tonnes (TMT),PPAC / Ministry of Petroleum and Natural Gas,8d3b6596-b09e-4077-aebf-425193185a5b.csv,1900,2026-08-21T15:32:18.198485+00:00,1.0
2022-07-01,2022,2022-23,July,BORL-BINA,individual,586.53,Thousand Metric Tonnes (TMT),PPAC / Ministry of Petroleum and Natural Gas,8d3b6596-b09e-4077-aebf-425193185a5b.csv,1901,2026-08-21T15:32:18.198485+00:00,1.0
2022-07-01,2022,2022-23,July,"NRL-NUMALIGARH, ASSAM",individual,261.07,Thousand Metric Tonnes (TMT),PPAC / Ministry of Petroleum and Natural Gas,8d3b6596-b09e-4077-aebf-425193185a5b.csv,1902,2026-08-21T15:32:18.198485+00:00,1.0
2022-07-01,2022,2022-23,July,"ONGC-TATIPAKA,ANDHRA PRADESH",individual,4.98,Thousand Metric Tonnes (TMT),PPAC / Ministry of Petroleum and Natural Gas,8d3b6596-b09e-4077-aebf-425193185a5b.csv,1903,2026-08-21T15:32:18.198485+00:00,1.0
2022-07-01,2022,2022-23,July,"NEL-VADINAR,GUJARAT",individual,1734.8,Thousand Metric Tonnes (TMT),PPAC / Ministry of Petroleum and Natural Gas,8d3b6596-b09e-4077-aebf-425193185a5b.csv,1904,2026-08-21T15:32:18.198485+00:00,1.0
2022-08-01,2022,2022-23,August,CPCL-TOTAL,subtotal,940.43,Thousand Metric Tonnes (TMT),PPAC / Ministry of Petroleum and Natural Gas,8d3b6596-b09e-4077-aebf-425193185a5b.csv,1905,2026-08-21T15:32:18.198485+00:00,1.0
2022-08-01,2022,2022-23,August,"NRL-NUMALIGARH, ASSAM",individual,264.33,Thousand Metric Tonnes (TMT),PPAC / Ministry of Petroleum and Natural Gas,8d3b6596-b09e-4077-aebf-425193185a5b.csv,1906,2026-08-21T15:32:18.198485+00:00,1.0
2022-09-01,2022,2022-23,September,"IOCL-MATHURA, UTTAR PRADESH",individual,767.41,Thousand Metric Tonnes (TMT),PPAC / Ministry of Petroleum and Natural Gas,8d3b6596-b09e-4077-aebf-425193185a5b.csv,1907,2026-08-21T15:32:18.198485+00:00,1.0
2022-09-01,2022,2022-23,September,"IOCL-PANIPAT, HARYANA",individual,1153.66,Thousand Metric Tonnes (TMT),PPAC / Ministry of Petroleum and Natural Gas,8d3b6596-b09e-4077-aebf-425193185a5b.csv,1908,2026-08-21T15:32:18.198485+00:00,1.0
2022-09-01,2022,2022-23,September,"IOCL-GUWAHATI,ASSAM",individual,86.65,Thousand Metric Tonnes (TMT),PPAC / Ministry of Petroleum and Natural Gas,8d3b6596-b09e-4077-aebf-425193185a5b.csv,1909,2026-08-21T15:32:18.198485+00:00,1.0
2022-09-01,2022,2022-23,September,"BPCL-MUMBAI, MAHARASHTRA",individual,1261.03,Thousand Metric Tonnes (TMT),PPAC / Ministry of Petroleum and Natural Gas,8d3b6596-b09e-4077-aebf-425193185a5b.csv,1910,2026-08-21T15:32:18.198485+00:00,1.0
2022-09-01,2022,2022-23,September,ONGC TOTAL,subtotal,1336.44,Thousand Metric Tonnes (TMT),PPAC / Ministry of Petroleum and Natural Gas,8d3b6596-b09e-4077-aebf-425193185a5b.csv,1911,2026-08-21T15:32:18.198485+00:00,1.0
2022-09-01,2022,2022-23,September,"HPCL-MUMBAI,MAHARASHTRA",individual,786.46,Thousand Metric Tonnes (TMT),PPAC / Ministry of Petroleum and Natural Gas,8d3b6596-b09e-4077-aebf-425193185a5b.csv,1912,2026-08-21T15:32:18.198485+00:00,1.0
2022-09-01,2022,2022-23,September,GRAND TOTAL,grand_total,19549.92,Thousand Metric Tonnes (TMT),PPAC / Ministry of Petroleum and Natural Gas,8d3b6596-b09e-4077-aebf-425193185a5b.csv,1913,2026-08-21T15:32:18.198485+00:00,1.0
2022-10-01,2022,2022-23,October,"IOCL-KOYALI, GUJARAT",individual,1323.4,Thousand Metric Tonnes (TMT),PPAC / Ministry of Petroleum and Natural Gas,8d3b6596-b09e-4077-aebf-425193185a5b.csv,1914,2026-08-21T15:32:18.198485+00:00,1.0
2022-10-01,2022,2022-23,October,ONGC TOTAL,subtotal,1501.02,Thousand Metric Tonnes (TMT),PPAC / Ministry of Petroleum and Natural Gas,8d3b6596-b09e-4077-aebf-425193185a5b.csv,1915,2026-08-21T15:32:18.198485+00:00,1.0
2022-10-01,2022,2022-23,October,"HMEL-GGSR, BATHINDA, PUNJAB",individual,1114.49,Thousand Metric Tonnes (TMT),PPAC / Ministry of Petroleum and Natural Gas,8d3b6596-b09e-4077-aebf-425193185a5b.csv,1916,2026-08-21T15:32:18.198485+00:00,1.0
2022-11-01,2022,2022-23,November,"IOCL-BARAUNI,BIHAR",individual,573.35,Thousand Metric Tonnes (TMT),PPAC / Ministry of Petroleum and Natural Gas,8d3b6596-b09e-4077-aebf-425193185a5b.csv,1917,2026-08-21T15:32:18.198485+00:00,1.0
2022-11-01,2022,2022-23,November,"BPCL-MUMBAI, MAHARASHTRA",individual,1216.45,Thousand Metric Tonnes (TMT),PPAC / Ministry of Petroleum and Natural Gas,8d3b6596-b09e-4077-aebf-425193185a5b.csv,1918,2026-08-21T15:32:18.198485+00:00,1.0
2022-11-01,2022,2022-23,November,ONGC TOTAL,subtotal,1467.89,Thousand Metric Tonnes (TMT),PPAC / Ministry of Petroleum and Natural Gas,8d3b6596-b09e-4077-aebf-425193185a5b.csv,1919,2026-08-21T15:32:18.198485+00:00,1.0
2022-11-01,2022,2022-23,November,"NEL-VADINAR,GUJARAT",individual,25.55,Thousand Metric Tonnes (TMT),PPAC / Ministry of Petroleum and Natural Gas,8d3b6596-b09e-4077-aebf-425193185a5b.csv,1920,2026-08-21T15:32:18.198485+00:00,1.0
2022-11-01,2022,2022-23,November,GRAND TOTAL,grand_total,19580.02,Thousand Metric Tonnes (TMT),PPAC / Ministry of Petroleum and Natural Gas,8d3b6596-b09e-4077-aebf-425193185a5b.csv,1921,2026-08-21T15:32:18.198485+00:00,1.0
2022-12-01,2022,2022-23,December,"IOCL-GUWAHATI,ASSAM",individual,73.44,Thousand Metric Tonnes (TMT),PPAC / Ministry of Petroleum and Natural Gas,8d3b6596-b09e-4077-aebf-425193185a5b.csv,1922,2026-08-21T15:32:18.198485+00:00,1.0
2022-12-01,2022,2022-23,December,"IOCL-DIGBOI,ASSAM",individual,61.96,Thousand Metric Tonnes (TMT),PPAC / Ministry of Petroleum and Natural Gas,8d3b6596-b09e-4077-aebf-425193185a5b.csv,1923,2026-08-21T15:32:18.198485+00:00,1.0
2022-12-01,2022,2022-23,December,"IOCL-BONGAIGAON,ASSAM",individual,251.22,Thousand Metric Tonnes (TMT),PPAC / Ministry of Petroleum and Natural Gas,8d3b6596-b09e-4077-aebf-425193185a5b.csv,1924,2026-08-21T15:32:18.198485+00:00,1.0
2022-12-01,2022,2022-23,December,"CPCL-MANALI, TAMILNADU",individual,960.42,Thousand Metric Tonnes (TMT),PPAC / Ministry of Petroleum and Natural Gas,8d3b6596-b09e-4077-aebf-425193185a5b.csv,1925,2026-08-21T15:32:18.198485+00:00,1.0
2022-12-01,2022,2022-23,December,"BPCL-KOCHI, KERALA",individual,1506.63,Thousand Metric Tonnes (TMT),PPAC / Ministry of Petroleum and Natural Gas,8d3b6596-b09e-4077-aebf-425193185a5b.csv,1926,2026-08-21T15:32:18.198485+00:00,1.0
2022-12-01,2022,2022-23,December,BPCL-TOTAL,subtotal,3563.35,Thousand Metric Tonnes (TMT),PPAC / Ministry of Petroleum and Natural Gas,8d3b6596-b09e-4077-aebf-425193185a5b.csv,1927,2026-08-21T15:32:18.198485+00:00,1.0
2022-12-01,2022,2022-23,December,"NRL-NUMALIGARH, ASSAM",individual,271.76,Thousand Metric Tonnes (TMT),PPAC / Ministry of Petroleum and Natural Gas,8d3b6596-b09e-4077-aebf-425193185a5b.csv,1928,2026-08-21T15:32:18.198485+00:00,1.0
2022-12-01,2022,2022-23,December,"HPCL-MUMBAI,MAHARASHTRA",individual,850.56,Thousand Metric Tonnes (TMT),PPAC / Ministry of Petroleum and Natural Gas,8d3b6596-b09e-4077-aebf-425193185a5b.csv,1929,2026-08-21T15:32:18.198485+00:00,1.0
2022-12-01,2022,2022-23,December,"HMEL-GGSR, BATHINDA, PUNJAB",individual,1116.44,Thousand Metric Tonnes (TMT),PPAC / Ministry of Petroleum and Natural Gas,8d3b6596-b09e-4077-aebf-425193185a5b.csv,1930,2026-08-21T15:32:18.198485+00:00,1.0
2023-01-01,2023,2022-23,January,"IOCL-KOYALI, GUJARAT",individual,1259.75,Thousand Metric Tonnes (TMT),PPAC / Ministry of Petroleum and Natural Gas,8d3b6596-b09e-4077-aebf-425193185a5b.csv,1931,2026-08-21T15:32:18.198485+00:00,1.0
2023-01-01,2023,2022-23,January,"IOCL-GUWAHATI,ASSAM",individual,94.01,Thousand Metric Tonnes (TMT),PPAC / Ministry of Petroleum and Natural Gas,8d3b6596-b09e-4077-aebf-425193185a5b.csv,1932,2026-08-21T15:32:18.198485+00:00,1.0
2023-01-01,2023,2022-23,January,"IOCL-PARADIP,ODISHA",individual,1425.16,Thousand Metric Tonnes (TMT),PPAC / Ministry of Petroleum and Natural Gas,8d3b6596-b09e-4077-aebf-425193185a5b.csv,1933,2026-08-21T15:32:18.198485+00:00,1.0
2023-01-01,2023,2022-23,January,IOCL TOTAL,subtotal,6541.94,Thousand Metric Tonnes (TMT),PPAC / Ministry of Petroleum and Natural Gas,8d3b6596-b09e-4077-aebf-425193185a5b.csv,1934,2026-08-21T15:32:18.198485+00:00,1.0
2023-01-01,2023,2022-23,January,CPCL-TOTAL,subtotal,990.3,Thousand Metric Tonnes (TMT),PPAC / Ministry of Petroleum and Natural Gas,8d3b6596-b09e-4077-aebf-425193185a5b.csv,1935,2026-08-21T15:32:18.198485+00:00,1.0
2023-01-01,2023,2022-23,January,BPCL-TOTAL,subtotal,3601.99,Thousand Metric Tonnes (TMT),PPAC / Ministry of Petroleum and Natural Gas,8d3b6596-b09e-4077-aebf-425193185a5b.csv,1936,2026-08-21T15:32:18.198485+00:00,1.0
2023-01-01,2023,2022-23,January,"NRL-NUMALIGARH, ASSAM",individual,284.05,Thousand Metric Tonnes (TMT),PPAC / Ministry of Petroleum and Natural Gas,8d3b6596-b09e-4077-aebf-425193185a5b.csv,1937,2026-08-21T15:32:18.198485+00:00,1.0
2023-01-01,2023,2022-23,January,"ONGC-TATIPAKA,ANDHRA PRADESH",individual,6.57,Thousand Metric Tonnes (TMT),PPAC / Ministry of Petroleum and Natural Gas,8d3b6596-b09e-4077-aebf-425193185a5b.csv,1938,2026-08-21T15:32:18.198485+00:00,1.0
2023-01-01,2023,2022-23,January,"NEL-VADINAR,GUJARAT",individual,1719.37,Thousand Metric Tonnes (TMT),PPAC / Ministry of Petroleum and Natural Gas,8d3b6596-b09e-4077-aebf-425193185a5b.csv,1939,2026-08-21T15:32:18.198485+00:00,1.0
2023-02-01,2023,2022-23,February,"BPCL-MUMBAI, MAHARASHTRA",individual,1293.12,Thousand Metric Tonnes (TMT),PPAC / Ministry of Petroleum and Natural Gas,8d3b6596-b09e-4077-aebf-425193185a5b.csv,1940,2026-08-21T15:32:18.198485+00:00,1.0
2023-02-01,2023,2022-23,February,"ONGC-TATIPAKA,ANDHRA PRADESH",individual,6.12,Thousand Metric Tonnes (TMT),PPAC / Ministry of Petroleum and Natural Gas,8d3b6596-b09e-4077-aebf-425193185a5b.csv,1941,2026-08-21T15:32:18.198485+00:00,1.0
2023-03-01,2023,2022-23,March,"BPCL-MUMBAI, MAHARASHTRA",individual,1358.27,Thousand Metric Tonnes (TMT),PPAC / Ministry of Petroleum and Natural Gas,8d3b6596-b09e-4077-aebf-425193185a5b.csv,1942,2026-08-21T15:32:18.198485+00:00,1.0
2023-03-01,2023,2022-23,March,RIL TOTAL,subtotal,5359.75,Thousand Metric Tonnes (TMT),PPAC / Ministry of Petroleum and Natural Gas,8d3b6596-b09e-4077-aebf-425193185a5b.csv,1943,2026-08-21T15:32:18.198485+00:00,1.0
2023-03-01,2023,2022-23,March,"NEL-VADINAR,GUJARAT",individual,1707.4,Thousand Metric Tonnes (TMT),PPAC / Ministry of Petroleum and Natural Gas,8d3b6596-b09e-4077-aebf-425193185a5b.csv,1944,2026-08-21T15:32:18.198485+00:00,1.0
2021-04-01,2021,2021-22,April,"IOCL-PARADIP,ODISHA",individual,1332.0,Thousand Metric Tonnes (TMT),PPAC / Ministry of Petroleum and Natural Gas,8d3b6596-b09e-4077-aebf-425193185a5b.csv,1945,2026-08-21T15:32:18.198485+00:00,1.0
2021-04-01,2021,2021-22,April,IOCL TOTAL,subtotal,5980.0,Thousand Metric Tonnes (TMT),PPAC / Ministry of Petroleum and Natural Gas,8d3b6596-b09e-4077-aebf-425193185a5b.csv,1946,2026-08-21T15:32:18.198485+00:00,1.0
2021-04-01,2021,2021-22,April,"CPCL-MANALI, TAMILNADU",individual,760.0,Thousand Metric Tonnes (TMT),PPAC / Ministry of Petroleum and Natural Gas,8d3b6596-b09e-4077-aebf-425193185a5b.csv,1947,2026-08-21T15:32:18.198485+00:00,1.0
2021-04-01,2021,2021-22,April,BORL-BINA,individual,648.0,Thousand Metric Tonnes (TMT),PPAC / Ministry of Petroleum and Natural Gas,8d3b6596-b09e-4077-aebf-425193185a5b.csv,1948,2026-08-21T15:32:18.198485+00:00,1.0
2021-04-01,2021,2021-22,April,"NRL-NUMALIGARH, ASSAM",individual,221.0,Thousand Metric Tonnes (TMT),PPAC / Ministry of Petroleum and Natural Gas,8d3b6596-b09e-4077-aebf-425193185a5b.csv,1949,2026-08-21T15:32:18.198485+00:00,1.0
2021-04-01,2021,2021-22,April,HPCL-TOTAL,subtotal,1926.0,Thousand Metric Tonnes (TMT),PPAC / Ministry of Petroleum and Natural Gas,8d3b6596-b09e-4077-aebf-425193185a5b.csv,1950,2026-08-21T15:32:18.198485+00:00,1.0
2021-04-01,2021,2021-22,April,"RIL,JAMNAGAR,GUJARAT",individual,2773.0,Thousand Metric Tonnes (TMT),PPAC / Ministry of Petroleum and Natural Gas,8d3b6596-b09e-4077-aebf-425193185a5b.csv,1951,2026-08-21T15:32:18.198485+00:00,1.0
2021-04-01,2021,2021-22,April,"RIL-(SEZ), JAMNAGAR,GUJARAT",individual,2248.0,Thousand Metric Tonnes (TMT),PPAC / Ministry of Petroleum and Natural Gas,8d3b6596-b09e-4077-aebf-425193185a5b.csv,1952,2026-08-21T15:32:18.198485+00:00,1.0
2021-04-01,2021,2021-22,April,"NEL-VADINAR,GUJARAT",individual,1633.0,Thousand Metric Tonnes (TMT),PPAC / Ministry of Petroleum and Natural Gas,8d3b6596-b09e-4077-aebf-425193185a5b.csv,1953,2026-08-21T15:32:18.198485+00:00,1.0
2021-05-01,2021,2021-22,May,"IOCL-MATHURA, UTTAR PRADESH",individual,692.0,Thousand Metric Tonnes (TMT),PPAC / Ministry of Petroleum and Natural Gas,8d3b6596-b09e-4077-aebf-425193185a5b.csv,1954,2026-08-21T15:32:18.198485+00:00,1.0
2021-05-01,2021,2021-22,May,"IOCL-BONGAIGAON,ASSAM",individual,227.0,Thousand Metric Tonnes (TMT),PPAC / Ministry of Petroleum and Natural Gas,8d3b6596-b09e-4077-aebf-425193185a5b.csv,1955,2026-08-21T15:32:18.198485+00:00,1.0
2021-05-01,2021,2021-22,May,CPCL-TOTAL,subtotal,629.0,Thousand Metric Tonnes (TMT),PPAC / Ministry of Petroleum and Natural Gas,8d3b6596-b09e-4077-aebf-425193185a5b.csv,1956,2026-08-21T15:32:18.198485+00:00,1.0
2021-05-01,2021,2021-22,May,"NRL-NUMALIGARH, ASSAM",individual,226.0,Thousand Metric Tonnes (TMT),PPAC / Ministry of Petroleum and Natural Gas,8d3b6596-b09e-4077-aebf-425193185a5b.csv,1957,2026-08-21T15:32:18.198485+00:00,1.0
2021-05-01,2021,2021-22,May,"HPCL-MUMBAI,MAHARASHTRA",individual,119.0,Thousand Metric Tonnes (TMT),PPAC / Ministry of Petroleum and Natural Gas,8d3b6596-b09e-4077-aebf-425193185a5b.csv,1958,2026-08-21T15:32:18.198485+00:00,1.0
2021-06-01,2021,2021-22,June,"IOCL-BARAUNI,BIHAR",individual,442.0,Thousand Metric Tonnes (TMT),PPAC / Ministry of Petroleum and Natural Gas,8d3b6596-b09e-4077-aebf-425193185a5b.csv,1959,2026-08-21T15:32:18.198485+00:00,1.0
2021-06-01,2021,2021-22,June,"IOCL-KOYALI, GUJARAT",individual,1072.0,Thousand Metric Tonnes (TMT),PPAC / Ministry of Petroleum and Natural Gas,8d3b6596-b09e-4077-aebf-425193185a5b.csv,1960,2026-08-21T15:32:18.198485+00:00,1.0
2021-06-01,2021,2021-22,June,"BPCL-KOCHI, KERALA",individual,1016.0,Thousand Metric Tonnes (TMT),PPAC / Ministry of Petroleum and Natural Gas,8d3b6596-b09e-4077-aebf-425193185a5b.csv,1961,2026-08-21T15:32:18.198485+00:00,1.0
2021-06-01,2021,2021-22,June,"HMEL-GGSR, BATHINDA, PUNJAB",individual,1063.0,Thousand Metric Tonnes (TMT),PPAC / Ministry of Petroleum and Natural Gas,8d3b6596-b09e-4077-aebf-425193185a5b.csv,1962,2026-08-21T15:32:18.198485+00:00,1.0
2021-06-01,2021,2021-22,June,"RIL,JAMNAGAR,GUJARAT",individual,2690.0,Thousand Metric Tonnes (TMT),PPAC / Ministry of Petroleum and Natural Gas,8d3b6596-b09e-4077-aebf-425193185a5b.csv,1963,2026-08-21T15:32:18.198485+00:00,1.0
2021-06-01,2021,2021-22,June,"RIL-(SEZ), JAMNAGAR,GUJARAT",individual,2530.0,Thousand Metric Tonnes (TMT),PPAC / Ministry of Petroleum and Natural Gas,8d3b6596-b09e-4077-aebf-425193185a5b.csv,1964,2026-08-21T15:32:18.198485+00:00,1.0
2021-06-01,2021,2021-22,June,"NEL-VADINAR,GUJARAT",individual,1650.0,Thousand Metric Tonnes (TMT),PPAC / Ministry of Petroleum and Natural Gas,8d3b6596-b09e-4077-aebf-425193185a5b.csv,1965,2026-08-21T15:32:18.198485+00:00,1.0
2021-07-01,2021,2021-22,July,"IOCL-GUWAHATI,ASSAM",individual,,Thousand Metric Tonnes (TMT),PPAC / Ministry of Petroleum and Natural Gas,8d3b6596-b09e-4077-aebf-425193185a5b.csv,1966,2026-08-21T15:32:18.198485+00:00,1.0
2021-07-01,2021,2021-22,July,"CPCL-MANALI, TAMILNADU",individual,819.0,Thousand Metric Tonnes (TMT),PPAC / Ministry of Petroleum and Natural Gas,8d3b6596-b09e-4077-aebf-425193185a5b.csv,1967,2026-08-21T15:32:18.198485+00:00,1.0
2021-07-01,2021,2021-22,July,CPCL-TOTAL,subtotal,819.0,Thousand Metric Tonnes (TMT),PPAC / Ministry of Petroleum and Natural Gas,8d3b6596-b09e-4077-aebf-425193185a5b.csv,1968,2026-08-21T15:32:18.198485+00:00,1.0
2021-07-01,2021,2021-22,July,"BPCL-MUMBAI, MAHARASHTRA",individual,1253.0,Thousand Metric Tonnes (TMT),PPAC / Ministry of Petroleum and Natural Gas,8d3b6596-b09e-4077-aebf-425193185a5b.csv,1969,2026-08-21T15:32:18.198485+00:00,1.0
2021-07-01,2021,2021-22,July,"BPCL-KOCHI, KERALA",individual,1087.0,Thousand Metric Tonnes (TMT),PPAC / Ministry of Petroleum and Natural Gas,8d3b6596-b09e-4077-aebf-425193185a5b.csv,1970,2026-08-21T15:32:18.198485+00:00,1.0
2021-07-01,2021,2021-22,July,BPCL-TOTAL,subtotal,2962.0,Thousand Metric Tonnes (TMT),PPAC / Ministry of Petroleum and Natural Gas,8d3b6596-b09e-4077-aebf-425193185a5b.csv,1971,2026-08-21T15:32:18.198485+00:00,1.0
2021-07-01,2021,2021-22,July,"HMEL-GGSR, BATHINDA, PUNJAB",individual,1098.0,Thousand Metric Tonnes (TMT),PPAC / Ministry of Petroleum and Natural Gas,8d3b6596-b09e-4077-aebf-425193185a5b.csv,1972,2026-08-21T15:32:18.198485+00:00,1.0
2021-07-01,2021,2021-22,July,HPCL-TOTAL,subtotal,1898.0,Thousand Metric Tonnes (TMT),PPAC / Ministry of Petroleum and Natural Gas,8d3b6596-b09e-4077-aebf-425193185a5b.csv,1973,2026-08-21T15:32:18.198485+00:00,1.0
2021-07-01,2021,2021-22,July,"RIL-(SEZ), JAMNAGAR,GUJARAT",individual,2284.0,Thousand Metric Tonnes (TMT),PPAC / Ministry of Petroleum and Natural Gas,8d3b6596-b09e-4077-aebf-425193185a5b.csv,1974,2026-08-21T15:32:18.198485+00:00,1.0
2021-08-01,2021,2021-22,August,"IOCL-HALDIA, WEST BENGAL",individual,709.0,Thousand Metric Tonnes (TMT),PPAC / Ministry of Petroleum and Natural Gas,8d3b6596-b09e-4077-aebf-425193185a5b.csv,1975,2026-08-21T15:32:18.198485+00:00,1.0
2021-08-01,2021,2021-22,August,"IOCL-PARADIP,ODISHA",individual,663.0,Thousand Metric Tonnes (TMT),PPAC / Ministry of Petroleum and Natural Gas,8d3b6596-b09e-4077-aebf-425193185a5b.csv,1976,2026-08-21T15:32:18.198485+00:00,1.0
2021-08-01,2021,2021-22,August,BORL-BINA,individual,598.0,Thousand Metric Tonnes (TMT),PPAC / Ministry of Petroleum and Natural Gas,8d3b6596-b09e-4077-aebf-425193185a5b.csv,1977,2026-08-21T15:32:18.198485+00:00,1.0
2021-08-01,2021,2021-22,August,"HPCL-VISAKH,ANDHRA PRADESH",individual,479.0,Thousand Metric Tonnes (TMT),PPAC / Ministry of Petroleum and Natural Gas,8d3b6596-b09e-4077-aebf-425193185a5b.csv,1978,2026-08-21T15:32:18.198485+00:00,1.0
2021-08-01,2021,2021-22,August,"RIL-(SEZ), JAMNAGAR,GUJARAT",individual,2237.0,Thousand Metric Tonnes (TMT),PPAC / Ministry of Petroleum and Natural Gas,8d3b6596-b09e-4077-aebf-425193185a5b.csv,1979,2026-08-21T15:32:18.198485+00:00,1.0
2021-08-01,2021,2021-22,August,RIL TOTAL,subtotal,5110.0,Thousand Metric Tonnes (TMT),PPAC / Ministry of Petroleum and Natural Gas,8d3b6596-b09e-4077-aebf-425193185a5b.csv,1980,2026-08-21T15:32:18.198485+00:00,1.0
2021-09-01,2021,2021-22,September,"IOCL-MATHURA, UTTAR PRADESH",individual,723.0,Thousand Metric Tonnes (TMT),PPAC / Ministry of Petroleum and Natural Gas,8d3b6596-b09e-4077-aebf-425193185a5b.csv,1981,2026-08-21T15:32:18.198485+00:00,1.0
2021-09-01,2021,2021-22,September,"IOCL-PANIPAT, HARYANA",individual,1086.0,Thousand Metric Tonnes (TMT),PPAC / Ministry of Petroleum and Natural Gas,8d3b6596-b09e-4077-aebf-425193185a5b.csv,1982,2026-08-21T15:32:18.198485+00:00,1.0
2021-09-01,2021,2021-22,September,"IOCL-DIGBOI,ASSAM",individual,60.0,Thousand Metric Tonnes (TMT),PPAC / Ministry of Petroleum and Natural Gas,8d3b6596-b09e-4077-aebf-425193185a5b.csv,1983,2026-08-21T15:32:18.198485+00:00,1.0
2021-09-01,2021,2021-22,September,"IOCL-BONGAIGAON,ASSAM",individual,219.0,Thousand Metric Tonnes (TMT),PPAC / Ministry of Petroleum and Natural Gas,8d3b6596-b09e-4077-aebf-425193185a5b.csv,1984,2026-08-21T15:32:18.198485+00:00,1.0
2021-09-01,2021,2021-22,September,CPCL-TOTAL,subtotal,497.0,Thousand Metric Tonnes (TMT),PPAC / Ministry of Petroleum and Natural Gas,8d3b6596-b09e-4077-aebf-425193185a5b.csv,1985,2026-08-21T15:32:18.198485+00:00,1.0
2021-09-01,2021,2021-22,September,BORL-BINA,individual,579.0,Thousand Metric Tonnes (TMT),PPAC / Ministry of Petroleum and Natural Gas,8d3b6596-b09e-4077-aebf-425193185a5b.csv,1986,2026-08-21T15:32:18.198485+00:00,1.0
2021-09-01,2021,2021-22,September,ONGC TOTAL,subtotal,994.0,Thousand Metric Tonnes (TMT),PPAC / Ministry of Petroleum and Natural Gas,8d3b6596-b09e-4077-aebf-425193185a5b.csv,1987,2026-08-21T15:32:18.198485+00:00,1.0
2021-09-01,2021,2021-22,September,"HMEL-GGSR, BATHINDA, PUNJAB",individual,1079.0,Thousand Metric Tonnes (TMT),PPAC / Ministry of Petroleum and Natural Gas,8d3b6596-b09e-4077-aebf-425193185a5b.csv,1988,2026-08-21T15:32:18.198485+00:00,1.0
2021-10-01,2021,2021-22,October,"IOCL-GUWAHATI,ASSAM",individual,93.0,Thousand Metric Tonnes (TMT),PPAC / Ministry of Petroleum and Natural Gas,8d3b6596-b09e-4077-aebf-425193185a5b.csv,1989,2026-08-21T15:32:18.198485+00:00,1.0
2021-10-01,2021,2021-22,October,"IOCL-PARADIP,ODISHA",individual,877.0,Thousand Metric Tonnes (TMT),PPAC / Ministry of Petroleum and Natural Gas,8d3b6596-b09e-4077-aebf-425193185a5b.csv,1990,2026-08-21T15:32:18.198485+00:00,1.0
2021-10-01,2021,2021-22,October,"ONGC-TATIPAKA,ANDHRA PRADESH",individual,6.0,Thousand Metric Tonnes (TMT),PPAC / Ministry of Petroleum and Natural Gas,8d3b6596-b09e-4077-aebf-425193185a5b.csv,1991,2026-08-21T15:32:18.198485+00:00,1.0
2021-11-01,2021,2021-22,November,"IOCL-MATHURA, UTTAR PRADESH",individual,852.0,Thousand Metric Tonnes (TMT),PPAC / Ministry of Petroleum and Natural Gas,8d3b6596-b09e-4077-aebf-425193185a5b.csv,1992,2026-08-21T15:32:18.198485+00:00,1.0
2021-11-01,2021,2021-22,November,"IOCL-GUWAHATI,ASSAM",individual,83.0,Thousand Metric Tonnes (TMT),PPAC / Ministry of Petroleum and Natural Gas,8d3b6596-b09e-4077-aebf-425193185a5b.csv,1993,2026-08-21T15:32:18.198485+00:00,1.0
2021-11-01,2021,2021-22,November,BORL-BINA,individual,684.0,Thousand Metric Tonnes (TMT),PPAC / Ministry of Petroleum and Natural Gas,8d3b6596-b09e-4077-aebf-425193185a5b.csv,1994,2026-08-21T15:32:18.198485+00:00,1.0
2021-11-01,2021,2021-22,November,BPCL-TOTAL,subtotal,3407.0,Thousand Metric Tonnes (TMT),PPAC / Ministry of Petroleum and Natural Gas,8d3b6596-b09e-4077-aebf-425193185a5b.csv,1995,2026-08-21T15:32:18.198485+00:00,1.0
2021-11-01,2021,2021-22,November,"ONGC-TATIPAKA,ANDHRA PRADESH",individual,7.0,Thousand Metric Tonnes (TMT),PPAC / Ministry of Petroleum and Natural Gas,8d3b6596-b09e-4077-aebf-425193185a5b.csv,1996,2026-08-21T15:32:18.198485+00:00,1.0
2021-12-01,2021,2021-22,December,"IOCL-KOYALI, GUJARAT",individual,1293.0,Thousand Metric Tonnes (TMT),PPAC / Ministry of Petroleum and Natural Gas,8d3b6596-b09e-4077-aebf-425193185a5b.csv,1997,2026-08-21T15:32:18.198485+00:00,1.0
2021-12-01,2021,2021-22,December,"IOCL-DIGBOI,ASSAM",individual,62.0,Thousand Metric Tonnes (TMT),PPAC / Ministry of Petroleum and Natural Gas,8d3b6596-b09e-4077-aebf-425193185a5b.csv,1998,2026-08-21T15:32:18.198485+00:00,1.0
2021-12-01,2021,2021-22,December,"IOCL-PARADIP,ODISHA",individual,1330.0,Thousand Metric Tonnes (TMT),PPAC / Ministry of Petroleum and Natural Gas,8d3b6596-b09e-4077-aebf-425193185a5b.csv,1999,2026-08-21T15:32:18.198485+00:00,1.0
2021-12-01,2021,2021-22,December,"CPCL-MANALI, TAMILNADU",individual,840.0,Thousand Metric Tonnes (TMT),PPAC / Ministry of Petroleum and Natural Gas,8d3b6596-b09e-4077-aebf-425193185a5b.csv,2000,2026-08-21T15:32:18.198485+00:00,1.0
2021-12-01,2021,2021-22,December,BPCL-TOTAL,subtotal,3321.0,Thousand Metric Tonnes (TMT),PPAC / Ministry of Petroleum and Natural Gas,8d3b6596-b09e-4077-aebf-425193185a5b.csv,2001,2026-08-21T15:32:18.198485+00:00,1.0
2022-01-01,2022,2021-22,January,"IOCL-KOYALI, GUJARAT",individual,1273.0,Thousand Metric Tonnes (TMT),PPAC / Ministry of Petroleum and Natural Gas,8d3b6596-b09e-4077-aebf-425193185a5b.csv,2002,2026-08-21T15:32:18.198485+00:00,1.0
2022-01-01,2022,2021-22,January,"IOCL-DIGBOI,ASSAM",individual,59.0,Thousand Metric Tonnes (TMT),PPAC / Ministry of Petroleum and Natural Gas,8d3b6596-b09e-4077-aebf-425193185a5b.csv,2003,2026-08-21T15:32:18.198485+00:00,1.0
2022-01-01,2022,2021-22,January,"IOCL-PARADIP,ODISHA",individual,1325.0,Thousand Metric Tonnes (TMT),PPAC / Ministry of Petroleum and Natural Gas,8d3b6596-b09e-4077-aebf-425193185a5b.csv,2004,2026-08-21T15:32:18.198485+00:00,1.0
2022-01-01,2022,2021-22,January,"BPCL-KOCHI, KERALA",individual,1450.0,Thousand Metric Tonnes (TMT),PPAC / Ministry of Petroleum and Natural Gas,8d3b6596-b09e-4077-aebf-425193185a5b.csv,2005,2026-08-21T15:32:18.198485+00:00,1.0
2022-01-01,2022,2021-22,January,BORL-BINA,individual,722.0,Thousand Metric Tonnes (TMT),PPAC / Ministry of Petroleum and Natural Gas,8d3b6596-b09e-4077-aebf-425193185a5b.csv,2006,2026-08-21T15:32:18.198485+00:00,1.0
2022-01-01,2022,2021-22,January,BPCL-TOTAL,subtotal,3475.0,Thousand Metric Tonnes (TMT),PPAC / Ministry of Petroleum and Natural Gas,8d3b6596-b09e-4077-aebf-425193185a5b.csv,2007,2026-08-21T15:32:18.198485+00:00,1.0
2022-01-01,2022,2021-22,January,"NRL-NUMALIGARH, ASSAM",individual,272.0,Thousand Metric Tonnes (TMT),PPAC / Ministry of Petroleum and Natural Gas,8d3b6596-b09e-4077-aebf-425193185a5b.csv,2008,2026-08-21T15:32:18.198485+00:00,1.0
2022-01-01,2022,2021-22,January,"ONGC-TATIPAKA,ANDHRA PRADESH",individual,7.0,Thousand Metric Tonnes (TMT),PPAC / Ministry of Petroleum and Natural Gas,8d3b6596-b09e-4077-aebf-425193185a5b.csv,2009,2026-08-21T15:32:18.198485+00:00,1.0
2022-02-01,2022,2021-22,February,"IOCL-HALDIA, WEST BENGAL",individual,630.0,Thousand Metric Tonnes (TMT),PPAC / Ministry of Petroleum and Natural Gas,8d3b6596-b09e-4077-aebf-425193185a5b.csv,2010,2026-08-21T15:32:18.198485+00:00,1.0
2022-02-01,2022,2021-22,February,"IOCL-MATHURA, UTTAR PRADESH",individual,781.0,Thousand Metric Tonnes (TMT),PPAC / Ministry of Petroleum and Natural Gas,8d3b6596-b09e-4077-aebf-425193185a5b.csv,2011,2026-08-21T15:32:18.198485+00:00,1.0
2022-02-01,2022,2021-22,February,"IOCL-GUWAHATI,ASSAM",individual,82.0,Thousand Metric Tonnes (TMT),PPAC / Ministry of Petroleum and Natural Gas,8d3b6596-b09e-4077-aebf-425193185a5b.csv,2012,2026-08-21T15:32:18.198485+00:00,1.0
2022-02-01,2022,2021-22,February,"IOCL-BONGAIGAON,ASSAM",individual,181.0,Thousand Metric Tonnes (TMT),PPAC / Ministry of Petroleum and Natural Gas,8d3b6596-b09e-4077-aebf-425193185a5b.csv,2013,2026-08-21T15:32:18.198485+00:00,1.0
2022-02-01,2022,2021-22,February,"CPCL-MANALI, TAMILNADU",individual,928.0,Thousand Metric Tonnes (TMT),PPAC / Ministry of Petroleum and Natural Gas,8d3b6596-b09e-4077-aebf-425193185a5b.csv,2014,2026-08-21T15:32:18.198485+00:00,1.0
2022-02-01,2022,2021-22,February,CPCL-TOTAL,subtotal,928.0,Thousand Metric Tonnes (TMT),PPAC / Ministry of Petroleum and Natural Gas,8d3b6596-b09e-4077-aebf-425193185a5b.csv,2015,2026-08-21T15:32:18.198485+00:00,1.0
2022-02-01,2022,2021-22,February,BORL-BINA,individual,594.0,Thousand Metric Tonnes (TMT),PPAC / Ministry of Petroleum and Natural Gas,8d3b6596-b09e-4077-aebf-425193185a5b.csv,2016,2026-08-21T15:32:18.198485+00:00,1.0
2022-02-01,2022,2021-22,February,GRAND TOTAL,grand_total,20443.0,Thousand Metric Tonnes (TMT),PPAC / Ministry of Petroleum and Natural Gas,8d3b6596-b09e-4077-aebf-425193185a5b.csv,2017,2026-08-21T15:32:18.198485+00:00,1.0
2022-03-01,2022,2021-22,March,"IOCL-KOYALI, GUJARAT",individual,1338.0,Thousand Metric Tonnes (TMT),PPAC / Ministry of Petroleum and Natural Gas,8d3b6596-b09e-4077-aebf-425193185a5b.csv,2018,2026-08-21T15:32:18.198485+00:00,1.0
2022-03-01,2022,2021-22,March,"IOCL-PANIPAT, HARYANA",individual,1285.0,Thousand Metric Tonnes (TMT),PPAC / Ministry of Petroleum and Natural Gas,8d3b6596-b09e-4077-aebf-425193185a5b.csv,2019,2026-08-21T15:32:18.198485+00:00,1.0
2022-03-01,2022,2021-22,March,"IOCL-GUWAHATI,ASSAM",individual,93.0,Thousand Metric Tonnes (TMT),PPAC / Ministry of Petroleum and Natural Gas,8d3b6596-b09e-4077-aebf-425193185a5b.csv,2020,2026-08-21T15:32:18.198485+00:00,1.0
2022-03-01,2022,2021-22,March,IOCL TOTAL,subtotal,6636.0,Thousand Metric Tonnes (TMT),PPAC / Ministry of Petroleum and Natural Gas,8d3b6596-b09e-4077-aebf-425193185a5b.csv,2021,2026-08-21T15:32:18.198485+00:00,1.0
2022-03-01,2022,2021-22,March,"CPCL-MANALI, TAMILNADU",individual,1062.0,Thousand Metric Tonnes (TMT),PPAC / Ministry of Petroleum and Natural Gas,8d3b6596-b09e-4077-aebf-425193185a5b.csv,2022,2026-08-21T15:32:18.198485+00:00,1.0
2022-03-01,2022,2021-22,March,"MRPL-MANGALORE,KARNATAKA",individual,1504.0,Thousand Metric Tonnes (TMT),PPAC / Ministry of Petroleum and Natural Gas,8d3b6596-b09e-4077-aebf-425193185a5b.csv,2023,2026-08-21T15:32:18.198485+00:00,1.0
2022-03-01,2022,2021-22,March,"HMEL-GGSR, BATHINDA, PUNJAB",individual,1092.0,Thousand Metric Tonnes (TMT),PPAC / Ministry of Petroleum and Natural Gas,8d3b6596-b09e-4077-aebf-425193185a5b.csv,2024,2026-08-21T15:32:18.198485+00:00,1.0
2022-03-01,2022,2021-22,March,HPCL-TOTAL,subtotal,2628.0,Thousand Metric Tonnes (TMT),PPAC / Ministry of Petroleum and Natural Gas,8d3b6596-b09e-4077-aebf-425193185a5b.csv,2025,2026-08-21T15:32:18.198485+00:00,1.0
2022-03-01,2022,2021-22,March,"RIL-(SEZ), JAMNAGAR,GUJARAT",individual,2074.0,Thousand Metric Tonnes (TMT),PPAC / Ministry of Petroleum and Natural Gas,8d3b6596-b09e-4077-aebf-425193185a5b.csv,2026,2026-08-21T15:32:18.198485+00:00,1.0
2020-04-01,2020,2020-21,April,"IOCL-KOYALI, GUJARAT",individual,578.0,Thousand Metric Tonnes (TMT),PPAC / Ministry of Petroleum and Natural Gas,8d3b6596-b09e-4077-aebf-425193185a5b.csv,2027,2026-08-21T15:32:18.198485+00:00,1.0
2020-04-01,2020,2020-21,April,IOCL TOTAL,subtotal,3046.0,Thousand Metric Tonnes (TMT),PPAC / Ministry of Petroleum and Natural Gas,8d3b6596-b09e-4077-aebf-425193185a5b.csv,2028,2026-08-21T15:32:18.198485+00:00,1.0
2020-04-01,2020,2020-21,April,"HPCL-VISAKH,ANDHRA PRADESH",individual,774.0,Thousand Metric Tonnes (TMT),PPAC / Ministry of Petroleum and Natural Gas,8d3b6596-b09e-4077-aebf-425193185a5b.csv,2029,2026-08-21T15:32:18.198485+00:00,1.0
2020-04-01,2020,2020-21,April,HPCL-TOTAL,subtotal,1917.0,Thousand Metric Tonnes (TMT),PPAC / Ministry of Petroleum and Natural Gas,8d3b6596-b09e-4077-aebf-425193185a5b.csv,2030,2026-08-21T15:32:18.198485+00:00,1.0
2020-05-01,2020,2020-21,May,"IOCL-KOYALI, GUJARAT",individual,769.0,Thousand Metric Tonnes (TMT),PPAC / Ministry of Petroleum and Natural Gas,8d3b6596-b09e-4077-aebf-425193185a5b.csv,2031,2026-08-21T15:32:18.198485+00:00,1.0
2020-05-01,2020,2020-21,May,"IOCL-PANIPAT, HARYANA",individual,919.0,Thousand Metric Tonnes (TMT),PPAC / Ministry of Petroleum and Natural Gas,8d3b6596-b09e-4077-aebf-425193185a5b.csv,2032,2026-08-21T15:32:18.198485+00:00,1.0
2020-05-01,2020,2020-21,May,IOCL TOTAL,subtotal,4311.0,Thousand Metric Tonnes (TMT),PPAC / Ministry of Petroleum and Natural Gas,8d3b6596-b09e-4077-aebf-425193185a5b.csv,2033,2026-08-21T15:32:18.198485+00:00,1.0
2020-05-01,2020,2020-21,May,"CPCL-MANALI, TAMILNADU",individual,441.0,Thousand Metric Tonnes (TMT),PPAC / Ministry of Petroleum and Natural Gas,8d3b6596-b09e-4077-aebf-425193185a5b.csv,2034,2026-08-21T15:32:18.198485+00:00,1.0
2020-05-01,2020,2020-21,May,CPCL-TOTAL,subtotal,441.0,Thousand Metric Tonnes (TMT),PPAC / Ministry of Petroleum and Natural Gas,8d3b6596-b09e-4077-aebf-425193185a5b.csv,2035,2026-08-21T15:32:18.198485+00:00,1.0
2020-05-01,2020,2020-21,May,"NRL-NUMALIGARH, ASSAM",individual,206.0,Thousand Metric Tonnes (TMT),PPAC / Ministry of Petroleum and Natural Gas,8d3b6596-b09e-4077-aebf-425193185a5b.csv,2036,2026-08-21T15:32:18.198485+00:00,1.0
2020-05-01,2020,2020-21,May,"MRPL-MANGALORE,KARNATAKA",individual,566.0,Thousand Metric Tonnes (TMT),PPAC / Ministry of Petroleum and Natural Gas,8d3b6596-b09e-4077-aebf-425193185a5b.csv,2037,2026-08-21T15:32:18.198485+00:00,1.0
2020-06-01,2020,2020-21,June,"IOCL-MATHURA, UTTAR PRADESH",individual,769.0,Thousand Metric Tonnes (TMT),PPAC / Ministry of Petroleum and Natural Gas,8d3b6596-b09e-4077-aebf-425193185a5b.csv,2038,2026-08-21T15:32:18.198485+00:00,1.0
2020-06-01,2020,2020-21,June,"BPCL-KOCHI, KERALA",individual,931.0,Thousand Metric Tonnes (TMT),PPAC / Ministry of Petroleum and Natural Gas,8d3b6596-b09e-4077-aebf-425193185a5b.csv,2039,2026-08-21T15:32:18.198485+00:00,1.0
2020-06-01,2020,2020-21,June,BPCL-TOTAL,subtotal,2540.0,Thousand Metric Tonnes (TMT),PPAC / Ministry of Petroleum and Natural Gas,8d3b6596-b09e-4077-aebf-425193185a5b.csv,2040,2026-08-21T15:32:18.198485+00:00,1.0
2020-07-01,2020,2020-21,July,"IOCL-MATHURA, UTTAR PRADESH",individual,754.0,Thousand Metric Tonnes (TMT),PPAC / Ministry of Petroleum and Natural Gas,8d3b6596-b09e-4077-aebf-425193185a5b.csv,2041,2026-08-21T15:32:18.198485+00:00,1.0
2020-07-01,2020,2020-21,July,"IOCL-PARADIP,ODISHA",individual,1025.0,Thousand Metric Tonnes (TMT),PPAC / Ministry of Petroleum and Natural Gas,8d3b6596-b09e-4077-aebf-425193185a5b.csv,2042,2026-08-21T15:32:18.198485+00:00,1.0
2020-07-01,2020,2020-21,July,"CPCL-MANALI, TAMILNADU",individual,724.0,Thousand Metric Tonnes (TMT),PPAC / Ministry of Petroleum and Natural Gas,8d3b6596-b09e-4077-aebf-425193185a5b.csv,2043,2026-08-21T15:32:18.198485+00:00,1.0
2020-08-01,2020,2020-21,August,"IOCL-DIGBOI,ASSAM",individual,56.0,Thousand Metric Tonnes (TMT),PPAC / Ministry of Petroleum and Natural Gas,8d3b6596-b09e-4077-aebf-425193185a5b.csv,2044,2026-08-21T15:32:18.198485+00:00,1.0
2020-08-01,2020,2020-21,August,"IOCL-PARADIP,ODISHA",individual,266.0,Thousand Metric Tonnes (TMT),PPAC / Ministry of Petroleum and Natural Gas,8d3b6596-b09e-4077-aebf-425193185a5b.csv,2045,2026-08-21T15:32:18.198485+00:00,1.0
2020-08-01,2020,2020-21,August,CPCL-TOTAL,subtotal,562.0,Thousand Metric Tonnes (TMT),PPAC / Ministry of Petroleum and Natural Gas,8d3b6596-b09e-4077-aebf-425193185a5b.csv,2046,2026-08-21T15:32:18.198485+00:00,1.0
2020-08-01,2020,2020-21,August,"NRL-NUMALIGARH, ASSAM",individual,226.0,Thousand Metric Tonnes (TMT),PPAC / Ministry of Petroleum and Natural Gas,8d3b6596-b09e-4077-aebf-425193185a5b.csv,2047,2026-08-21T15:32:18.198485+00:00,1.0
2020-08-01,2020,2020-21,August,ONGC TOTAL,subtotal,913.0,Thousand Metric Tonnes (TMT),PPAC / Ministry of Petroleum and Natural Gas,8d3b6596-b09e-4077-aebf-425193185a5b.csv,2048,2026-08-21T15:32:18.198485+00:00,1.0
2020-08-01,2020,2020-21,August,"HPCL-MUMBAI,MAHARASHTRA",individual,658.0,Thousand Metric Tonnes (TMT),PPAC / Ministry of Petroleum and Natural Gas,8d3b6596-b09e-4077-aebf-425193185a5b.csv,2049,2026-08-21T15:32:18.198485+00:00,1.0
2020-08-01,2020,2020-21,August,"HPCL-VISAKH,ANDHRA PRADESH",individual,651.0,Thousand Metric Tonnes (TMT),PPAC / Ministry of Petroleum and Natural Gas,8d3b6596-b09e-4077-aebf-425193185a5b.csv,2050,2026-08-21T15:32:18.198485+00:00,1.0
2020-08-01,2020,2020-21,August,HPCL-TOTAL,subtotal,2357.0,Thousand Metric Tonnes (TMT),PPAC / Ministry of Petroleum and Natural Gas,8d3b6596-b09e-4077-aebf-425193185a5b.csv,2051,2026-08-21T15:32:18.198485+00:00,1.0
2020-08-01,2020,2020-21,August,"NEL-VADINAR,GUJARAT",individual,1539.0,Thousand Metric Tonnes (TMT),PPAC / Ministry of Petroleum and Natural Gas,8d3b6596-b09e-4077-aebf-425193185a5b.csv,2052,2026-08-21T15:32:18.198485+00:00,1.0
2020-09-01,2020,2020-21,September,"IOCL-KOYALI, GUJARAT",individual,899.0,Thousand Metric Tonnes (TMT),PPAC / Ministry of Petroleum and Natural Gas,8d3b6596-b09e-4077-aebf-425193185a5b.csv,2053,2026-08-21T15:32:18.198485+00:00,1.0
2020-09-01,2020,2020-21,September,"IOCL-BONGAIGAON,ASSAM",individual,189.0,Thousand Metric Tonnes (TMT),PPAC / Ministry of Petroleum and Natural Gas,8d3b6596-b09e-4077-aebf-425193185a5b.csv,2054,2026-08-21T15:32:18.198485+00:00,1.0
2020-09-01,2020,2020-21,September,"BPCL-MUMBAI, MAHARASHTRA",individual,909.0,Thousand Metric Tonnes (TMT),PPAC / Ministry of Petroleum and Natural Gas,8d3b6596-b09e-4077-aebf-425193185a5b.csv,2055,2026-08-21T15:32:18.198485+00:00,1.0
2020-09-01,2020,2020-21,September,BORL-BINA,individual,489.0,Thousand Metric Tonnes (TMT),PPAC / Ministry of Petroleum and Natural Gas,8d3b6596-b09e-4077-aebf-425193185a5b.csv,2056,2026-08-21T15:32:18.198485+00:00,1.0
2020-09-01,2020,2020-21,September,GRAND TOTAL,grand_total,17707.0,Thousand Metric Tonnes (TMT),PPAC / Ministry of Petroleum and Natural Gas,8d3b6596-b09e-4077-aebf-425193185a5b.csv,2057,2026-08-21T15:32:18.198485+00:00,1.0
2020-10-01,2020,2020-21,October,"IOCL-HALDIA, WEST BENGAL",individual,585.0,Thousand Metric Tonnes (TMT),PPAC / Ministry of Petroleum and Natural Gas,8d3b6596-b09e-4077-aebf-425193185a5b.csv,2058,2026-08-21T15:32:18.198485+00:00,1.0
2020-10-01,2020,2020-21,October,"IOCL-GUWAHATI,ASSAM",individual,84.0,Thousand Metric Tonnes (TMT),PPAC / Ministry of Petroleum and Natural Gas,8d3b6596-b09e-4077-aebf-425193185a5b.csv,2059,2026-08-21T15:32:18.198485+00:00,1.0
2020-10-01,2020,2020-21,October,"IOCL-BONGAIGAON,ASSAM",individual,222.0,Thousand Metric Tonnes (TMT),PPAC / Ministry of Petroleum and Natural Gas,8d3b6596-b09e-4077-aebf-425193185a5b.csv,2060,2026-08-21T15:32:18.198485+00:00,1.0
2020-10-01,2020,2020-21,October,"CPCL-MANALI, TAMILNADU",individual,725.0,Thousand Metric Tonnes (TMT),PPAC / Ministry of Petroleum and Natural Gas,8d3b6596-b09e-4077-aebf-425193185a5b.csv,2061,2026-08-21T15:32:18.198485+00:00,1.0
2020-10-01,2020,2020-21,October,"BPCL-MUMBAI, MAHARASHTRA",individual,1051.0,Thousand Metric Tonnes (TMT),PPAC / Ministry of Petroleum and Natural Gas,8d3b6596-b09e-4077-aebf-425193185a5b.csv,2062,2026-08-21T15:32:18.198485+00:00,1.0
2020-10-01,2020,2020-21,October,ONGC TOTAL,subtotal,738.0,Thousand Metric Tonnes (TMT),PPAC / Ministry of Petroleum and Natural Gas,8d3b6596-b09e-4077-aebf-425193185a5b.csv,2063,2026-08-21T15:32:18.198485+00:00,1.0
2020-10-01,2020,2020-21,October,HPCL-TOTAL,subtotal,2327.0,Thousand Metric Tonnes (TMT),PPAC / Ministry of Petroleum and Natural Gas,8d3b6596-b09e-4077-aebf-425193185a5b.csv,2064,2026-08-21T15:32:18.198485+00:00,1.0
2020-11-01,2020,2020-21,November,"IOCL-KOYALI, GUJARAT",individual,1124.0,Thousand Metric Tonnes (TMT),PPAC / Ministry of Petroleum and Natural Gas,8d3b6596-b09e-4077-aebf-425193185a5b.csv,2065,2026-08-21T15:32:18.198485+00:00,1.0
2020-11-01,2020,2020-21,November,"IOCL-MATHURA, UTTAR PRADESH",individual,796.0,Thousand Metric Tonnes (TMT),PPAC / Ministry of Petroleum and Natural Gas,8d3b6596-b09e-4077-aebf-425193185a5b.csv,2066,2026-08-21T15:32:18.198485+00:00,1.0
2020-11-01,2020,2020-21,November,IOCL TOTAL,subtotal,6210.0,Thousand Metric Tonnes (TMT),PPAC / Ministry of Petroleum and Natural Gas,8d3b6596-b09e-4077-aebf-425193185a5b.csv,2067,2026-08-21T15:32:18.198485+00:00,1.0
2020-11-01,2020,2020-21,November,"HPCL-VISAKH,ANDHRA PRADESH",individual,808.0,Thousand Metric Tonnes (TMT),PPAC / Ministry of Petroleum and Natural Gas,8d3b6596-b09e-4077-aebf-425193185a5b.csv,2068,2026-08-21T15:32:18.198485+00:00,1.0
2020-11-01,2020,2020-21,November,"RIL,JAMNAGAR,GUJARAT",individual,2871.0,Thousand Metric Tonnes (TMT),PPAC / Ministry of Petroleum and Natural Gas,8d3b6596-b09e-4077-aebf-425193185a5b.csv,2069,2026-08-21T15:32:18.198485+00:00,1.0
2020-11-01,2020,2020-21,November,"NEL-VADINAR,GUJARAT",individual,1476.0,Thousand Metric Tonnes (TMT),PPAC / Ministry of Petroleum and Natural Gas,8d3b6596-b09e-4077-aebf-425193185a5b.csv,2070,2026-08-21T15:32:18.198485+00:00,1.0
2020-12-01,2020,2020-21,December,"IOCL-BARAUNI,BIHAR",individual,553.0,Thousand Metric Tonnes (TMT),PPAC / Ministry of Petroleum and Natural Gas,8d3b6596-b09e-4077-aebf-425193185a5b.csv,2071,2026-08-21T15:32:18.198485+00:00,1.0
2020-12-01,2020,2020-21,December,"IOCL-KOYALI, GUJARAT",individual,1173.0,Thousand Metric Tonnes (TMT),PPAC / Ministry of Petroleum and Natural Gas,8d3b6596-b09e-4077-aebf-425193185a5b.csv,2072,2026-08-21T15:32:18.198485+00:00,1.0
2020-12-01,2020,2020-21,December,"IOCL-MATHURA, UTTAR PRADESH",individual,871.0,Thousand Metric Tonnes (TMT),PPAC / Ministry of Petroleum and Natural Gas,8d3b6596-b09e-4077-aebf-425193185a5b.csv,2073,2026-08-21T15:32:18.198485+00:00,1.0
2020-12-01,2020,2020-21,December,"IOCL-BONGAIGAON,ASSAM",individual,204.0,Thousand Metric Tonnes (TMT),PPAC / Ministry of Petroleum and Natural Gas,8d3b6596-b09e-4077-aebf-425193185a5b.csv,2074,2026-08-21T15:32:18.198485+00:00,1.0
2020-12-01,2020,2020-21,December,"CPCL-MANALI, TAMILNADU",individual,766.0,Thousand Metric Tonnes (TMT),PPAC / Ministry of Petroleum and Natural Gas,8d3b6596-b09e-4077-aebf-425193185a5b.csv,2075,2026-08-21T15:32:18.198485+00:00,1.0
2020-12-01,2020,2020-21,December,"NRL-NUMALIGARH, ASSAM",individual,260.0,Thousand Metric Tonnes (TMT),PPAC / Ministry of Petroleum and Natural Gas,8d3b6596-b09e-4077-aebf-425193185a5b.csv,2076,2026-08-21T15:32:18.198485+00:00,1.0
2020-12-01,2020,2020-21,December,"MRPL-MANGALORE,KARNATAKA",individual,1307.0,Thousand Metric Tonnes (TMT),PPAC / Ministry of Petroleum and Natural Gas,8d3b6596-b09e-4077-aebf-425193185a5b.csv,2077,2026-08-21T15:32:18.198485+00:00,1.0
2020-12-01,2020,2020-21,December,ONGC TOTAL,subtotal,1314.0,Thousand Metric Tonnes (TMT),PPAC / Ministry of Petroleum and Natural Gas,8d3b6596-b09e-4077-aebf-425193185a5b.csv,2078,2026-08-21T15:32:18.198485+00:00,1.0
2020-12-01,2020,2020-21,December,"HPCL-MUMBAI,MAHARASHTRA",individual,578.0,Thousand Metric Tonnes (TMT),PPAC / Ministry of Petroleum and Natural Gas,8d3b6596-b09e-4077-aebf-425193185a5b.csv,2079,2026-08-21T15:32:18.198485+00:00,1.0
2021-01-01,2021,2020-21,January,"IOCL-DIGBOI,ASSAM",individual,58.0,Thousand Metric Tonnes (TMT),PPAC / Ministry of Petroleum and Natural Gas,8d3b6596-b09e-4077-aebf-425193185a5b.csv,2080,2026-08-21T15:32:18.198485+00:00,1.0
2021-01-01,2021,2020-21,January,RIL TOTAL,subtotal,5564.0,Thousand Metric Tonnes (TMT),PPAC / Ministry of Petroleum and Natural Gas,8d3b6596-b09e-4077-aebf-425193185a5b.csv,2081,2026-08-21T15:32:18.198485+00:00,1.0
2021-02-01,2021,2020-21,February,"IOCL-MATHURA, UTTAR PRADESH",individual,790.0,Thousand Metric Tonnes (TMT),PPAC / Ministry of Petroleum and Natural Gas,8d3b6596-b09e-4077-aebf-425193185a5b.csv,2082,2026-08-21T15:32:18.198485+00:00,1.0
2021-02-01,2021,2020-21,February,"IOCL-GUWAHATI,ASSAM",individual,80.0,Thousand Metric Tonnes (TMT),PPAC / Ministry of Petroleum and Natural Gas,8d3b6596-b09e-4077-aebf-425193185a5b.csv,2083,2026-08-21T15:32:18.198485+00:00,1.0
2021-02-01,2021,2020-21,February,BORL-BINA,individual,601.0,Thousand Metric Tonnes (TMT),PPAC / Ministry of Petroleum and Natural Gas,8d3b6596-b09e-4077-aebf-425193185a5b.csv,2084,2026-08-21T15:32:18.198485+00:00,1.0
2021-02-01,2021,2020-21,February,"ONGC-TATIPAKA,ANDHRA PRADESH",individual,7.0,Thousand Metric Tonnes (TMT),PPAC / Ministry of Petroleum and Natural Gas,8d3b6596-b09e-4077-aebf-425193185a5b.csv,2085,2026-08-21T15:32:18.198485+00:00,1.0
2021-03-01,2021,2020-21,March,"IOCL-BONGAIGAON,ASSAM",individual,230.0,Thousand Metric Tonnes (TMT),PPAC / Ministry of Petroleum and Natural Gas,8d3b6596-b09e-4077-aebf-425193185a5b.csv,2086,2026-08-21T15:32:18.198485+00:00,1.0
2021-03-01,2021,2020-21,March,"IOCL-PARADIP,ODISHA",individual,1362.0,Thousand Metric Tonnes (TMT),PPAC / Ministry of Petroleum and Natural Gas,8d3b6596-b09e-4077-aebf-425193185a5b.csv,2087,2026-08-21T15:32:18.198485+00:00,1.0
2021-03-01,2021,2020-21,March,IOCL TOTAL,subtotal,5927.0,Thousand Metric Tonnes (TMT),PPAC / Ministry of Petroleum and Natural Gas,8d3b6596-b09e-4077-aebf-425193185a5b.csv,2088,2026-08-21T15:32:18.198485+00:00,1.0
2021-03-01,2021,2020-21,March,"HPCL-VISAKH,ANDHRA PRADESH",individual,867.0,Thousand Metric Tonnes (TMT),PPAC / Ministry of Petroleum and Natural Gas,8d3b6596-b09e-4077-aebf-425193185a5b.csv,2089,2026-08-21T15:32:18.198485+00:00,1.0
